version 1
nodes
  0 "nw4f_root"  -1
  1 "AllRoot"   0
  2 "JointRoot"   1
  3 "Hip"   2
  4 "LegL1"   3
  5 "LegL2"   4
  6 "FootL"   5
  7 "ToeL"   6
  8 "LegR1"   3
  9 "LegR2"   8
 10 "FootR"   9
 11 "ToeR"  10
 12 "Spine1"   2
 13 "Spine2"  12
 14 "Bag"  13
 15 "Head"  13
 16 "JoeUnder"  15
 17 "ShoulderL"  13
 18 "ArmL1"  17
 19 "ArmL1Sub"  18
 20 "ArmL2"  18
 21 "ArmL2Sub"  20
 22 "HandL"  20
 23 "ShoulderR"  13
 24 "ArmR1"  23
 25 "ArmR1Sub"  24
 26 "ArmR2"  24
 27 "ArmR2Sub"  26
 28 "HandR"  26
 29 "LuigiUnused_RHand3"  -1
end
skeleton
time 0
  0 0.000000 0.000000 0.000000 1.570796 -0.000000 0.000000
  1 0.000000 0.000000 0.000000 0.000000 -0.000000 0.000000
  2 0.000000 68.028503 -3.990591 0.000000 -0.000000 0.000000
  3 0.000000 -2.000000 0.000001 -1.570796 -3.141592 1.570796
  4 4.029991 2.576941 -10.147688 0.000000 -0.000000 0.000000
  5 26.211063 0.000204 -0.000088 0.000000 -0.000000 0.000000
  6 22.942825 0.000005 0.000004 0.000000 0.000000 1.134464
  7 12.169998 0.000008 0.000000 -0.000000 0.000000 0.436332
  8 4.029991 2.576937 10.147690 0.000000 -0.000000 0.000000
  9 26.211067 0.000200 0.000096 0.000000 -0.000000 0.000000
 10 22.942818 0.000005 0.000004 0.000000 0.000000 1.134464
 11 12.170002 0.000010 0.000000 -0.000000 0.000000 0.436332
 12 0.000000 4.277161 -0.000000 1.570796 -0.000000 1.570796
 13 13.929802 0.000000 0.000000 0.000000 -0.000000 0.000000
 14 22.639145 -16.116180 0.000000 -1.570796 -1.570451 0.000000
 15 20.107773 0.000587 -0.000000 0.000000 0.000000 1.570796
 16 0.073432 -15.880157 -0.000000 -3.141592 0.000000 0.575263
 17 10.084557 0.778702 3.123569 -1.570796 -1.570451 0.000000
 18 12.086020 0.000000 0.000000 0.000000 0.000000 0.000000
 19 5.370699 0.000000 0.000001 -0.000000 0.000000 0.000000
 20 12.261209 0.000000 0.000001 -0.000000 0.000000 0.000000
 21 8.518942 0.000023 -0.000006 -0.000000 0.000001 -0.000000
 22 19.602606 0.000038 0.000000 -0.000000 0.000001 -0.000000
 23 10.084557 0.778702 -3.123570 1.570796 1.570451 0.000000
 24 12.086014 0.000000 0.000000 -0.000000 0.000000 0.000000
 25 5.370700 0.000000 0.000000 0.000000 0.000000 -0.000000
 26 12.261210 0.000000 -0.000001 0.000000 0.000001 -0.000000
 27 8.518951 0.000000 0.000006 0.000000 -0.000000 0.000000
 28 19.602608 0.000000 0.000000 0.000000 -0.000000 0.000000
 29 0.000000 0.000000 0.000000 0.000000 -0.000000 0.000000
end
triangles
MarioHand_alb.png
 29 -60.227821 8.297356 105.613174 -0.428403 -0.640029 -0.637836 0.120699 0.833371 1 28 1.000000
 29 -60.578266 8.872711 105.413605 -0.496904 -0.299267 -0.814571 0.129351 0.836851 1 28 1.000000
 29 -58.166859 8.409190 104.197296 -0.064490 -0.342770 -0.937203 0.126024 0.804623 1 28 1.000000
MarioHand_alb.png
 29 -55.672295 8.833572 105.234238 0.386132 -0.311061 -0.868414 0.123690 0.774762 1 28 1.000000
 29 -56.016647 8.263660 105.457184 0.333428 -0.645970 -0.686694 0.116213 0.779187 1 28 1.000000
 29 -58.166859 8.409190 104.197296 -0.064490 -0.342770 -0.937203 0.126024 0.804623 1 28 1.000000
MarioHand_alb.png
 29 -57.061802 9.871286 104.907364 0.152612 0.320867 -0.934748 0.140795 0.788968 1 28 1.000000
 29 -56.022770 9.408928 105.034676 0.314995 0.058728 -0.947274 0.131807 0.777768 1 28 1.000000
 29 -58.166859 8.409190 104.197296 -0.064490 -0.342770 -0.937203 0.126024 0.804623 1 28 1.000000
MarioHand_alb.png
 29 -60.233948 9.442625 105.190659 -0.425970 0.076270 -0.901517 0.137346 0.832349 1 28 1.000000
 29 -59.193569 9.887636 105.002899 -0.260574 0.336400 -0.904951 0.145052 0.819120 1 28 1.000000
 29 -58.166859 8.409190 104.197296 -0.064490 -0.342770 -0.937203 0.126024 0.804623 1 28 1.000000
MarioHand_alb.png
 29 -56.016647 8.263660 105.457184 0.419204 -0.170123 0.891810 0.014343 0.904021 1 28 1.000000
 29 -56.621315 9.061602 105.869102 0.402337 0.310810 0.861116 0.023239 0.912490 1 28 1.000000
 29 -57.057007 7.818655 105.644966 0.305177 -0.317003 0.897984 0.026749 0.897826 1 28 1.000000
MarioHand_alb.png
 29 -57.061802 9.871286 104.907364 0.291460 0.819825 0.492887 0.026749 0.927169 1 28 1.000000
 29 -56.621315 9.061602 105.869102 0.402337 0.310810 0.861116 0.023239 0.912490 1 28 1.000000
 29 -56.022770 9.408928 105.034676 0.418065 0.704340 0.573695 0.014343 0.920958 1 28 1.000000
MarioHand_alb.png
 29 -60.233948 9.442625 105.190659 -0.328064 0.710488 0.622559 0.073045 0.920958 1 28 1.000000
 29 -59.581905 9.085222 105.977341 -0.284232 0.320953 0.903439 0.064149 0.912490 1 28 1.000000
 29 -59.193569 9.887636 105.002899 -0.205608 0.822052 0.530996 0.060639 0.927169 1 28 1.000000
MarioHand_alb.png
 29 -59.188782 7.835011 105.740501 -0.196431 -0.299319 0.933715 0.060639 0.897826 1 28 1.000000
 29 -59.581905 9.085222 105.977341 -0.284232 0.320953 0.903439 0.064149 0.912490 1 28 1.000000
 29 -60.227821 8.297356 105.613174 -0.314703 -0.152488 0.936862 0.073045 0.904021 1 28 1.000000
MarioHand_alb.png
 29 -57.061802 9.871286 104.907364 0.291460 0.819825 0.492887 0.026749 0.927169 1 28 1.000000
 29 -58.131588 10.004712 104.900871 0.033951 0.954815 0.295256 0.043687 0.929427 1 28 1.000000
 29 -58.105389 9.768345 105.667915 0.046921 0.825606 0.562293 0.043687 0.922713 1 28 1.000000
MarioHand_alb.png
 29 -58.131588 10.004712 104.900871 0.033951 0.954815 0.295256 0.043687 0.929427 1 28 1.000000
 29 -59.193569 9.887636 105.002899 -0.205608 0.822052 0.530996 0.060639 0.927169 1 28 1.000000
 29 -58.105389 9.768345 105.667915 0.046921 0.825606 0.562293 0.043687 0.922713 1 28 1.000000
MarioHand_alb.png
 29 -59.188782 7.835011 105.740501 -0.196431 -0.299319 0.933715 0.060639 0.897826 1 28 1.000000
 29 -58.119022 7.701586 105.746979 0.053020 -0.540113 0.839921 0.043687 0.895552 1 28 1.000000
 29 -58.097828 8.378485 106.178513 0.061429 -0.275953 0.959206 0.043687 0.902281 1 28 1.000000
MarioHand_alb.png
 29 -58.119022 7.701586 105.746979 0.053020 -0.540113 0.839921 0.043687 0.895552 1 28 1.000000
 29 -57.057007 7.818655 105.644966 0.305177 -0.317003 0.897984 0.026749 0.897826 1 28 1.000000
 29 -58.097828 8.378485 106.178513 0.061429 -0.275953 0.959206 0.043687 0.902281 1 28 1.000000
MarioHand_alb.png
 29 -60.129501 4.117122 106.252617 -0.430657 0.354367 -0.830035 0.087785 0.768002 1 28 1.000000
 29 -58.069664 3.492923 104.919426 -0.056821 -0.003909 -0.998377 0.079652 0.742016 1 28 1.000000
 29 -60.459358 3.504579 106.273270 -0.493012 -0.001908 -0.870021 0.080049 0.771603 1 28 1.000000
MarioHand_alb.png
 29 -60.132538 2.890306 106.256462 -0.432488 -0.356045 -0.828364 0.072221 0.768200 1 28 1.000000
 29 -60.459358 3.504579 106.273270 -0.493012 -0.001908 -0.870021 0.080049 0.771603 1 28 1.000000
 29 -58.069664 3.492923 104.919426 -0.056821 -0.003909 -0.998377 0.079652 0.742016 1 28 1.000000
MarioHand_alb.png
 29 -59.236588 2.438886 106.206688 -0.258270 -0.620021 -0.740858 0.064927 0.758129 1 28 1.000000
 29 -60.132538 2.890306 106.256462 -0.432488 -0.356045 -0.828364 0.072221 0.768200 1 28 1.000000
 29 -58.069664 3.492923 104.919426 -0.056821 -0.003909 -0.998377 0.079652 0.742016 1 28 1.000000
MarioHand_alb.png
 29 -55.887779 2.879088 106.014236 0.334457 -0.359770 -0.871037 0.070726 0.712642 1 28 1.000000
 29 -56.785885 2.432410 106.066841 0.168204 -0.622469 -0.764356 0.063508 0.724529 1 28 1.000000
 29 -58.069664 3.492923 104.919426 -0.056821 -0.003909 -0.998377 0.079652 0.742016 1 28 1.000000
MarioHand_alb.png
 29 -56.780659 4.557323 106.060143 0.172064 0.616436 -0.768375 0.095338 0.724102 1 28 1.000000
 29 -55.884754 4.105906 106.010361 0.336922 0.354474 -0.872257 0.087816 0.712413 1 28 1.000000
 29 -58.069664 3.492923 104.919426 -0.056821 -0.003909 -0.998377 0.079652 0.742016 1 28 1.000000
MarioHand_alb.png
 29 -60.129501 4.117122 106.252617 -0.430657 0.354367 -0.830035 0.087785 0.768002 1 28 1.000000
 29 -59.231377 4.563796 106.200012 -0.254439 0.616165 -0.745387 0.094804 0.757733 1 28 1.000000
 29 -58.069664 3.492923 104.919426 -0.056821 -0.003909 -0.998377 0.079652 0.742016 1 28 1.000000
MarioHand_alb.png
 29 -56.780659 4.557323 106.060143 0.291425 0.579131 0.761367 0.128420 0.914458 1 28 1.000000
 29 -58.005638 4.724921 106.129555 0.037004 0.792429 0.608841 0.145403 0.916732 1 28 1.000000
 29 -57.971096 4.240335 106.757042 0.046924 0.587308 0.808002 0.145403 0.910002 1 28 1.000000
MarioHand_alb.png
 29 -58.005638 4.724921 106.129555 0.037004 0.792429 0.608841 0.145403 0.916732 1 28 1.000000
 29 -59.231377 4.563796 106.200012 -0.199886 0.581156 0.788862 0.162371 0.914458 1 28 1.000000
 29 -57.971096 4.240335 106.757042 0.046924 0.587308 0.808002 0.145403 0.910002 1 28 1.000000
MarioHand_alb.png
 29 -59.236588 2.438886 106.206688 -0.201789 -0.575302 0.792659 0.162371 0.885069 1 28 1.000000
 29 -58.011665 2.271287 106.137276 0.033188 -0.788477 0.614168 0.145403 0.882795 1 28 1.000000
 29 -57.974754 2.759641 106.761719 0.045021 -0.583107 0.811147 0.145403 0.889525 1 28 1.000000
MarioHand_alb.png
 29 -58.011665 2.271287 106.137276 0.033188 -0.788477 0.614168 0.145403 0.882795 1 28 1.000000
 29 -56.785885 2.432410 106.066841 0.288023 -0.575687 0.765263 0.128420 0.885069 1 28 1.000000
 29 -57.974754 2.759641 106.761719 0.045021 -0.583107 0.811147 0.145403 0.889525 1 28 1.000000
MarioHand_alb.png
 29 -59.992104 -2.539984 105.570511 -0.504794 -0.121286 -0.854677 0.023590 0.822782 1 28 1.000000
 29 -60.302750 -1.952513 105.777428 -0.557571 0.234522 -0.796313 0.031662 0.825483 1 28 1.000000
 29 -58.024063 -1.630620 104.278259 -0.133170 0.260557 -0.956230 0.028763 0.796063 1 28 1.000000
MarioHand_alb.png
 29 -59.113140 -2.962170 105.329498 -0.330646 -0.402749 -0.853502 0.015473 0.813352 1 28 1.000000
 29 -59.992104 -2.539984 105.570511 -0.504794 -0.121286 -0.854677 0.023590 0.822782 1 28 1.000000
 29 -58.024063 -1.630620 104.278259 -0.133170 0.260557 -0.956230 0.028763 0.796063 1 28 1.000000
MarioHand_alb.png
 29 -55.750038 -1.306322 105.316025 0.272399 0.573029 -0.772940 0.034363 0.765911 1 28 1.000000
 29 -55.439407 -1.893791 105.109100 0.318954 0.244628 -0.915656 0.025452 0.762387 1 28 1.000000
 29 -58.024063 -1.630620 104.278259 -0.133170 0.260557 -0.956230 0.028763 0.796063 1 28 1.000000
MarioHand_alb.png
 29 -56.629028 -0.884136 105.557053 0.121306 0.794452 -0.595088 0.042863 0.776913 1 28 1.000000
 29 -55.750038 -1.306322 105.316025 0.272399 0.573029 -0.772940 0.034363 0.765911 1 28 1.000000
 29 -58.024063 -1.630620 104.278259 -0.133170 0.260557 -0.956230 0.028763 0.796063 1 28 1.000000
MarioHand_alb.png
 29 -59.961815 -1.357189 105.894814 -0.481769 0.561372 -0.672874 0.039063 0.821256 1 28 1.000000
 29 -59.060692 -0.913498 105.891205 -0.294876 0.788210 -0.540160 0.045182 0.810422 1 28 1.000000
 29 -58.024063 -1.630620 104.278259 -0.133170 0.260557 -0.956230 0.028763 0.796063 1 28 1.000000
MarioHand_alb.png
 29 -56.629028 -0.884136 105.557053 0.361181 0.353935 0.862716 0.048280 0.875303 1 28 1.000000
 29 -57.840782 -0.740352 105.767586 0.101860 0.598949 0.794283 0.065263 0.877577 1 28 1.000000
 29 -57.768551 -1.375658 106.237610 0.123214 0.348281 0.929257 0.065263 0.870832 1 28 1.000000
MarioHand_alb.png
 29 -57.840782 -0.740352 105.767586 0.101860 0.598949 0.794283 0.065263 0.877577 1 28 1.000000
 29 -59.060692 -0.913498 105.891205 -0.124728 0.347979 0.929168 0.082246 0.875303 1 28 1.000000
 29 -57.768551 -1.375658 106.237610 0.123214 0.348281 0.929257 0.065263 0.870832 1 28 1.000000
MarioHand_alb.png
 29 -59.113140 -2.962170 105.329498 -0.152595 -0.766909 0.623350 0.082246 0.845899 1 28 1.000000
 29 -57.901367 -3.105953 105.118973 0.062562 -0.924452 0.376132 0.065263 0.843626 1 28 1.000000
 29 -57.805096 -2.803219 105.846191 0.094610 -0.779242 0.619541 0.065263 0.850355 1 28 1.000000
MarioHand_alb.png
 29 -57.901367 -3.105953 105.118973 0.062562 -0.924452 0.376132 0.065263 0.843626 1 28 1.000000
 29 -56.681477 -2.932805 104.995331 0.334558 -0.761291 0.555435 0.048280 0.845899 1 28 1.000000
 29 -57.805096 -2.803219 105.846191 0.094610 -0.779242 0.619541 0.065263 0.850355 1 28 1.000000
MarioHand_alb.png
 29 -60.233948 9.442625 105.190659 -0.425970 0.076270 -0.901517 0.137346 0.832349 1 28 1.000000
 29 -58.166859 8.409190 104.197296 -0.064490 -0.342770 -0.937203 0.126024 0.804623 1 28 1.000000
 29 -60.578266 8.872711 105.413605 -0.496904 -0.299267 -0.814571 0.129351 0.836851 1 28 1.000000
MarioHand_alb.png
 29 -58.166859 8.409190 104.197296 -0.064490 -0.342770 -0.937203 0.126024 0.804623 1 28 1.000000
 29 -56.016647 8.263660 105.457184 0.333428 -0.645970 -0.686694 0.116213 0.779187 1 28 1.000000
 29 -57.057007 7.818655 105.644966 0.172422 -0.848854 -0.499718 0.109575 0.791959 1 28 1.000000
MarioHand_alb.png
 29 -59.188782 7.835011 105.740501 -0.254444 -0.845634 -0.469214 0.111543 0.821118 1 28 1.000000
 29 -60.227821 8.297356 105.613174 -0.428403 -0.640029 -0.637836 0.120699 0.833371 1 28 1.000000
 29 -58.166859 8.409190 104.197296 -0.064490 -0.342770 -0.937203 0.126024 0.804623 1 28 1.000000
MarioHand_alb.png
 29 -58.166859 8.409190 104.197296 -0.064490 -0.342770 -0.937203 0.126024 0.804623 1 28 1.000000
 29 -56.022770 9.408928 105.034676 0.314995 0.058728 -0.947274 0.131807 0.777768 1 28 1.000000
 29 -55.672295 8.833572 105.234238 0.386132 -0.311061 -0.868414 0.123690 0.774762 1 28 1.000000
MarioHand_alb.png
 29 -59.961815 -1.357189 105.894814 -0.481769 0.561372 -0.672874 0.039063 0.821256 1 28 1.000000
 29 -58.024063 -1.630620 104.278259 -0.133170 0.260557 -0.956230 0.028763 0.796063 1 28 1.000000
 29 -60.302750 -1.952513 105.777428 -0.557571 0.234522 -0.796313 0.031662 0.825483 1 28 1.000000
MarioHand_alb.png
 29 -58.024063 -1.630620 104.278259 -0.133170 0.260557 -0.956230 0.028763 0.796063 1 28 1.000000
 29 -55.780312 -2.489126 104.991730 0.260257 -0.115532 -0.958602 0.017380 0.767575 1 28 1.000000
 29 -56.681477 -2.932805 104.995331 0.098016 -0.401168 -0.910745 0.011200 0.780026 1 28 1.000000
MarioHand_alb.png
 29 -58.024063 -1.630620 104.278259 -0.133170 0.260557 -0.956230 0.028763 0.796063 1 28 1.000000
 29 -57.901367 -3.105953 105.118973 -0.111781 -0.499366 -0.859150 0.009796 0.797604 1 28 1.000000
 29 -59.113140 -2.962170 105.329498 -0.330646 -0.402749 -0.853502 0.015473 0.813352 1 28 1.000000
MarioHand_alb.png
 29 -57.901367 -3.105953 105.118973 -0.111781 -0.499366 -0.859150 0.009796 0.797604 1 28 1.000000
 29 -58.024063 -1.630620 104.278259 -0.133170 0.260557 -0.956230 0.028763 0.796063 1 28 1.000000
 29 -56.681477 -2.932805 104.995331 0.098016 -0.401168 -0.910745 0.011200 0.780026 1 28 1.000000
MarioHand_alb.png
 29 -58.024063 -1.630620 104.278259 -0.133170 0.260557 -0.956230 0.028763 0.796063 1 28 1.000000
 29 -55.439407 -1.893791 105.109100 0.318954 0.244628 -0.915656 0.025452 0.762387 1 28 1.000000
 29 -55.780312 -2.489126 104.991730 0.260257 -0.115532 -0.958602 0.017380 0.767575 1 28 1.000000
MarioHand_alb.png
 29 -58.069664 3.492923 104.919426 -0.056821 -0.003909 -0.998377 0.079652 0.742016 1 28 1.000000
 29 -55.557922 3.491625 105.993538 0.392995 -0.003911 -0.919532 0.079210 0.708141 1 28 1.000000
 29 -55.887779 2.879088 106.014236 0.334457 -0.359770 -0.871037 0.070726 0.712642 1 28 1.000000
MarioHand_alb.png
 29 -59.236588 2.438886 106.206688 -0.258270 -0.620021 -0.740858 0.064927 0.758129 1 28 1.000000
 29 -58.069664 3.492923 104.919426 -0.056821 -0.003909 -0.998377 0.079652 0.742016 1 28 1.000000
 29 -58.011665 2.271287 106.137276 -0.043106 -0.706426 -0.706473 0.060624 0.741924 1 28 1.000000
MarioHand_alb.png
 29 -58.069664 3.492923 104.919426 -0.056821 -0.003909 -0.998377 0.079652 0.742016 1 28 1.000000
 29 -56.785885 2.432410 106.066841 0.168204 -0.622469 -0.764356 0.063508 0.724529 1 28 1.000000
 29 -58.011665 2.271287 106.137276 -0.043106 -0.706426 -0.706473 0.060624 0.741924 1 28 1.000000
MarioHand_alb.png
 29 -55.884754 4.105906 106.010361 0.336922 0.354474 -0.872257 0.087816 0.712413 1 28 1.000000
 29 -55.557922 3.491625 105.993538 0.392995 -0.003911 -0.919532 0.079210 0.708141 1 28 1.000000
 29 -58.069664 3.492923 104.919426 -0.056821 -0.003909 -0.998377 0.079652 0.742016 1 28 1.000000
MarioHand_alb.png
 29 -58.069664 3.492923 104.919426 -0.056821 -0.003909 -0.998377 0.079652 0.742016 1 28 1.000000
 29 -58.005638 4.724921 106.129555 -0.039292 0.700479 -0.712591 0.098680 0.741421 1 28 1.000000
 29 -56.780659 4.557323 106.060143 0.172064 0.616436 -0.768375 0.095338 0.724102 1 28 1.000000
MarioHand_alb.png
 29 -58.069664 3.492923 104.919426 -0.056821 -0.003909 -0.998377 0.079652 0.742016 1 28 1.000000
 29 -59.231377 4.563796 106.200012 -0.254439 0.616165 -0.745387 0.094804 0.757733 1 28 1.000000
 29 -58.005638 4.724921 106.129555 -0.039292 0.700479 -0.712591 0.098680 0.741421 1 28 1.000000
MarioHand_alb.png
 29 -59.188782 7.835011 105.740501 -0.254444 -0.845634 -0.469214 0.111543 0.821118 1 28 1.000000
 29 -58.166859 8.409190 104.197296 -0.064490 -0.342770 -0.937203 0.126024 0.804623 1 28 1.000000
 29 -58.119022 7.701586 105.746979 -0.041579 -0.908160 -0.416554 0.107530 0.806531 1 28 1.000000
MarioHand_alb.png
 29 -58.166859 8.409190 104.197296 -0.064490 -0.342770 -0.937203 0.126024 0.804623 1 28 1.000000
 29 -57.057007 7.818655 105.644966 0.172422 -0.848854 -0.499718 0.109575 0.791959 1 28 1.000000
 29 -58.119022 7.701586 105.746979 -0.041579 -0.908160 -0.416554 0.107530 0.806531 1 28 1.000000
MarioHand_alb.png
 29 -57.061802 9.871286 104.907364 0.152612 0.320867 -0.934748 0.140795 0.788968 1 28 1.000000
 29 -58.166859 8.409190 104.197296 -0.064490 -0.342770 -0.937203 0.126024 0.804623 1 28 1.000000
 29 -58.131588 10.004712 104.900871 -0.059886 0.406613 -0.911636 0.145708 0.803189 1 28 1.000000
MarioHand_alb.png
 29 -58.166859 8.409190 104.197296 -0.064490 -0.342770 -0.937203 0.126024 0.804623 1 28 1.000000
 29 -59.193569 9.887636 105.002899 -0.260574 0.336400 -0.904951 0.145052 0.819120 1 28 1.000000
 29 -58.131588 10.004712 104.900871 -0.059886 0.406613 -0.911636 0.145708 0.803189 1 28 1.000000
MarioHand_alb.png
 29 -56.629028 -0.884136 105.557053 0.121306 0.794452 -0.595088 0.042863 0.776913 1 28 1.000000
 29 -58.024063 -1.630620 104.278259 -0.133170 0.260557 -0.956230 0.028763 0.796063 1 28 1.000000
 29 -57.840782 -0.740352 105.767586 -0.080109 0.859355 -0.505066 0.047654 0.793866 1 28 1.000000
MarioHand_alb.png
 29 -58.024063 -1.630620 104.278259 -0.133170 0.260557 -0.956230 0.028763 0.796063 1 28 1.000000
 29 -59.060692 -0.913498 105.891205 -0.294876 0.788210 -0.540160 0.045182 0.810422 1 28 1.000000
 29 -57.840782 -0.740352 105.767586 -0.080109 0.859355 -0.505066 0.047654 0.793866 1 28 1.000000
MarioHand_alb.png
 29 -45.047016 -4.799055 96.311356 0.993320 0.115391 0.000000 0.295109 0.956008 1 28 1.000000
 29 -45.044750 -4.150399 93.362755 0.992556 0.111577 0.048827 0.295109 0.956008 1 28 1.000000
 29 -48.421810 3.410856 96.311340 0.999992 -0.003911 0.000000 0.295109 0.995850 1 28 1.000000
MarioHand_alb.png
 29 -45.044750 -4.150399 93.362755 0.992556 0.111577 0.048827 0.295109 0.956008 1 28 1.000000
 29 -45.038620 -2.394424 90.845978 0.992515 0.084156 0.088495 0.295109 0.956008 1 28 1.000000
 29 -48.421810 3.410856 96.311340 0.999992 -0.003911 0.000000 0.295109 0.995850 1 28 1.000000
MarioHand_alb.png
 29 -48.421810 3.410856 96.311340 0.999992 -0.003911 0.000000 0.295109 0.995850 1 28 1.000000
 29 -45.038620 -2.394424 90.845978 0.992515 0.084156 0.088495 0.295109 0.956008 1 28 1.000000
 29 -45.029293 0.278883 89.192810 0.991780 0.045009 0.119777 0.295109 0.956008 1 28 1.000000
MarioHand_alb.png
 29 -48.421810 3.410856 96.311340 0.999992 -0.003911 0.000000 0.295109 0.995850 1 28 1.000000
 29 -45.029293 0.278883 89.192810 0.991780 0.045009 0.119777 0.295109 0.956008 1 28 1.000000
 29 -45.018364 3.410862 88.582138 0.992422 -0.003909 0.122813 0.295109 0.956008 1 28 1.000000
MarioHand_alb.png
 29 -45.044746 -4.150396 99.259933 0.992545 0.111671 -0.048826 0.295109 0.956008 1 28 1.000000
 29 -45.047016 -4.799055 96.311356 0.993320 0.115391 0.000000 0.295109 0.956008 1 28 1.000000
 29 -48.421810 3.410856 96.311340 0.999992 -0.003911 0.000000 0.295109 0.995850 1 28 1.000000
MarioHand_alb.png
 29 -45.038624 -2.394425 101.776711 0.992519 0.084109 -0.088495 0.295109 0.956008 1 28 1.000000
 29 -45.044746 -4.150396 99.259933 0.992545 0.111671 -0.048826 0.295109 0.956008 1 28 1.000000
 29 -48.421810 3.410856 96.311340 0.999992 -0.003911 0.000000 0.295109 0.995850 1 28 1.000000
MarioHand_alb.png
 29 -45.038624 -2.394425 101.776711 0.992519 0.084109 -0.088495 0.295109 0.956008 1 28 1.000000
 29 -48.421810 3.410856 96.311340 0.999992 -0.003911 0.000000 0.295109 0.995850 1 28 1.000000
 29 -45.029293 0.278883 103.429855 0.991782 0.044958 -0.119777 0.295109 0.956008 1 28 1.000000
MarioHand_alb.png
 29 -48.421810 3.410856 96.311340 0.999992 -0.003911 0.000000 0.295109 0.995850 1 28 1.000000
 29 -45.018364 3.410864 104.040550 0.992323 -0.003911 -0.123611 0.295109 0.956008 1 28 1.000000
 29 -45.029293 0.278883 103.429855 0.991782 0.044958 -0.119777 0.295109 0.956008 1 28 1.000000
MarioHand_alb.png
 29 -45.018364 3.410864 104.040550 0.992323 -0.003911 -0.123611 0.295109 0.956008 1 28 1.000000
 29 -48.421810 3.410856 96.311340 0.999992 -0.003911 0.000000 0.295109 0.995850 1 28 1.000000
 29 -45.007427 6.542839 103.429855 0.992211 -0.050927 -0.113679 0.295109 0.956008 1 28 1.000000
MarioHand_alb.png
 29 -48.421810 3.410856 96.311340 0.999992 -0.003911 0.000000 0.295109 0.995850 1 28 1.000000
 29 -44.998104 9.216146 101.776711 0.993510 -0.082220 -0.078596 0.295109 0.956008 1 28 1.000000
 29 -45.007427 6.542839 103.429855 0.992211 -0.050927 -0.113679 0.295109 0.956008 1 28 1.000000
MarioHand_alb.png
 29 -48.421810 3.410856 96.311340 0.999992 -0.003911 0.000000 0.295109 0.995850 1 28 1.000000
 29 -44.991974 10.972118 99.259933 0.993768 -0.103573 -0.041200 0.295109 0.956008 1 28 1.000000
 29 -44.998104 9.216146 101.776711 0.993510 -0.082220 -0.078596 0.295109 0.956008 1 28 1.000000
MarioHand_alb.png
 29 -48.421810 3.410856 96.311340 0.999992 -0.003911 0.000000 0.295109 0.995850 1 28 1.000000
 29 -44.989704 11.620771 96.311340 0.994601 -0.103771 0.000000 0.295109 0.956008 1 28 1.000000
 29 -44.991974 10.972118 99.259933 0.993768 -0.103573 -0.041200 0.295109 0.956008 1 28 1.000000
MarioHand_alb.png
 29 -44.989704 11.620771 96.311340 0.994601 -0.103771 0.000000 0.295109 0.956008 1 28 1.000000
 29 -48.421810 3.410856 96.311340 0.999992 -0.003911 0.000000 0.295109 0.995850 1 28 1.000000
 29 -44.991974 10.972118 93.362747 0.993780 -0.103765 0.040438 0.295109 0.956008 1 28 1.000000
MarioHand_alb.png
 29 -48.421810 3.410856 96.311340 0.999992 -0.003911 0.000000 0.295109 0.995850 1 28 1.000000
 29 -44.998104 9.216146 90.845978 0.993518 -0.082125 0.078596 0.295109 0.956008 1 28 1.000000
 29 -44.991974 10.972118 93.362747 0.993780 -0.103765 0.040438 0.295109 0.956008 1 28 1.000000
MarioHand_alb.png
 29 -48.421810 3.410856 96.311340 0.999992 -0.003911 0.000000 0.295109 0.995850 1 28 1.000000
 29 -45.007427 6.542840 89.192810 0.992216 -0.050832 0.113680 0.295109 0.956008 1 28 1.000000
 29 -44.998104 9.216146 90.845978 0.993518 -0.082125 0.078596 0.295109 0.956008 1 28 1.000000
MarioHand_alb.png
 29 -48.421810 3.410856 96.311340 0.999992 -0.003911 0.000000 0.295109 0.995850 1 28 1.000000
 29 -45.018364 3.410862 88.582138 0.992422 -0.003909 0.122813 0.295109 0.956008 1 28 1.000000
 29 -45.007427 6.542840 89.192810 0.992216 -0.050832 0.113680 0.295109 0.956008 1 28 1.000000
MarioHand_alb.png
 29 -68.103355 -6.008030 97.899651 -0.307405 0.187647 -0.932894 0.897078 0.508721 1 28 1.000000
 29 -65.838005 -4.903759 96.884705 -0.704137 0.152671 -0.693457 0.905791 0.474098 1 28 1.000000
 29 -65.222748 -8.211580 97.717621 -0.302109 -0.767002 -0.566073 0.861540 0.470741 1 28 1.000000
MarioHand_alb.png
 29 -68.103355 -6.008030 97.899651 -0.307405 0.187647 -0.932894 0.897078 0.508721 1 28 1.000000
 29 -65.222748 -8.211580 97.717621 -0.302109 -0.767002 -0.566073 0.861540 0.470741 1 28 1.000000
 29 -67.237381 -8.329855 98.282349 0.009155 -0.604603 -0.796474 0.860609 0.504814 1 28 1.000000
MarioHand_alb.png
 29 -70.275635 -6.776714 97.917877 -0.241798 0.191837 -0.951174 0.895842 0.540932 1 28 1.000000
 29 -68.103355 -6.008030 97.899651 -0.307405 0.187647 -0.932894 0.897078 0.508721 1 28 1.000000
 29 -67.237381 -8.329855 98.282349 0.009155 -0.604603 -0.796474 0.860609 0.504814 1 28 1.000000
MarioHand_alb.png
 29 -67.237381 -8.329855 98.282349 0.009155 -0.604603 -0.796474 0.860609 0.504814 1 28 1.000000
 29 -65.222748 -8.211580 97.717621 -0.302109 -0.767002 -0.566073 0.861540 0.470741 1 28 1.000000
 29 -64.644730 -8.490259 100.145569 0.216668 -0.976245 0.000000 0.829679 0.469001 1 28 1.000000
MarioHand_alb.png
 29 -70.275635 -6.776714 97.917877 -0.241798 0.191837 -0.951174 0.895842 0.540932 1 28 1.000000
 29 -67.237381 -8.329855 98.282349 0.009155 -0.604603 -0.796474 0.860609 0.504814 1 28 1.000000
 29 -69.247498 -9.271646 98.686142 0.117512 -0.625333 -0.771460 0.858152 0.537148 1 28 1.000000
MarioHand_alb.png
 29 -72.345230 -7.608838 98.427086 -0.338866 0.145010 -0.929592 0.891951 0.572778 1 28 1.000000
 29 -70.275635 -6.776714 97.917877 -0.241798 0.191837 -0.951174 0.895842 0.540932 1 28 1.000000
 29 -69.247498 -9.271646 98.686142 0.117512 -0.625333 -0.771460 0.858152 0.537148 1 28 1.000000
MarioHand_alb.png
 29 -67.237381 -8.329855 98.282349 0.009155 -0.604603 -0.796474 0.860609 0.504814 1 28 1.000000
 29 -64.644730 -8.490259 100.145569 0.216668 -0.976245 0.000000 0.829679 0.469001 1 28 1.000000
 29 -66.552803 -9.230600 100.571648 0.286108 -0.927371 -0.241094 0.826246 0.502129 1 28 1.000000
MarioHand_alb.png
 29 -69.247498 -9.271646 98.686142 0.117512 -0.625333 -0.771460 0.858152 0.537148 1 28 1.000000
 29 -67.237381 -8.329855 98.282349 0.009155 -0.604603 -0.796474 0.860609 0.504814 1 28 1.000000
 29 -66.552803 -9.230600 100.571648 0.286108 -0.927371 -0.241094 0.826246 0.502129 1 28 1.000000
MarioHand_alb.png
 29 -72.345230 -7.608838 98.427086 -0.338866 0.145010 -0.929592 0.891951 0.572778 1 28 1.000000
 29 -69.247498 -9.271646 98.686142 0.117512 -0.625333 -0.771460 0.858152 0.537148 1 28 1.000000
 29 -71.299927 -9.968388 99.123184 0.011444 -0.631700 -0.775129 0.856214 0.568063 1 28 1.000000
MarioHand_alb.png
 29 -74.294006 -8.383877 99.251999 -0.414982 0.109658 -0.903197 0.887480 0.603784 1 28 1.000000
 29 -72.345230 -7.608838 98.427086 -0.338866 0.145010 -0.929592 0.891951 0.572778 1 28 1.000000
 29 -71.299927 -9.968388 99.123184 0.011444 -0.631700 -0.775129 0.856214 0.568063 1 28 1.000000
MarioHand_alb.png
 29 -69.247498 -9.271646 98.686142 0.117512 -0.625333 -0.771460 0.858152 0.537148 1 28 1.000000
 29 -66.552803 -9.230600 100.571648 0.286108 -0.927371 -0.241094 0.826246 0.502129 1 28 1.000000
 29 -68.549576 -10.091949 100.917419 0.320445 -0.909740 -0.263986 0.824231 0.534081 1 28 1.000000
MarioHand_alb.png
 29 -71.299927 -9.968388 99.123184 0.011444 -0.631700 -0.775129 0.856214 0.568063 1 28 1.000000
 29 -69.247498 -9.271646 98.686142 0.117512 -0.625333 -0.771460 0.858152 0.537148 1 28 1.000000
 29 -68.549576 -10.091949 100.917419 0.320445 -0.909740 -0.263986 0.824231 0.534081 1 28 1.000000
MarioHand_alb.png
 29 -66.552803 -9.230600 100.571648 0.286108 -0.927371 -0.241094 0.826246 0.502129 1 28 1.000000
 29 -64.644730 -8.490259 100.145569 0.216668 -0.976245 0.000000 0.829679 0.469001 1 28 1.000000
 29 -66.382790 -9.128868 102.131454 0.440223 -0.859370 0.260167 0.804120 0.501015 1 28 1.000000
MarioHand_alb.png
 29 -64.644730 -8.490259 100.145569 0.216668 -0.976245 0.000000 0.829679 0.469001 1 28 1.000000
 29 -64.471725 -7.835629 102.473221 0.305172 -0.858202 0.412746 0.797391 0.467536 1 28 1.000000
 29 -66.382790 -9.128868 102.131454 0.440223 -0.859370 0.260167 0.804120 0.501015 1 28 1.000000
MarioHand_alb.png
 29 -74.294006 -8.383877 99.251999 -0.414982 0.109658 -0.903197 0.887480 0.603784 1 28 1.000000
 29 -71.299927 -9.968388 99.123184 0.011444 -0.631700 -0.775129 0.856214 0.568063 1 28 1.000000
 29 -73.198563 -10.647703 99.782143 -0.053412 -0.630353 -0.774469 0.853712 0.597482 1 28 1.000000
MarioHand_alb.png
 29 -76.045250 -9.110029 100.086769 -0.438750 0.088036 -0.894287 0.880919 0.635096 1 28 1.000000
 29 -74.294006 -8.383877 99.251999 -0.414982 0.109658 -0.903197 0.887480 0.603784 1 28 1.000000
 29 -73.198563 -10.647703 99.782143 -0.053412 -0.630353 -0.774469 0.853712 0.597482 1 28 1.000000
MarioHand_alb.png
 29 -73.198563 -10.647703 99.782143 -0.053412 -0.630353 -0.774469 0.853712 0.597482 1 28 1.000000
 29 -71.299927 -9.968388 99.123184 0.011444 -0.631700 -0.775129 0.856214 0.568063 1 28 1.000000
 29 -70.459030 -10.845968 101.304810 0.283809 -0.917324 -0.279231 0.823102 0.564050 1 28 1.000000
MarioHand_alb.png
 29 -71.299927 -9.968388 99.123184 0.011444 -0.631700 -0.775129 0.856214 0.568063 1 28 1.000000
 29 -68.549576 -10.091949 100.917419 0.320445 -0.909740 -0.263986 0.824231 0.534081 1 28 1.000000
 29 -70.459030 -10.845968 101.304810 0.283809 -0.917324 -0.279231 0.823102 0.564050 1 28 1.000000
MarioHand_alb.png
 29 -76.045250 -9.110029 100.086769 -0.438750 0.088036 -0.894287 0.880919 0.635096 1 28 1.000000
 29 -73.198563 -10.647703 99.782143 -0.053412 -0.630353 -0.774469 0.853712 0.597482 1 28 1.000000
 29 -74.974579 -11.343386 100.513710 -0.111374 -0.580901 -0.806319 0.849088 0.626520 1 28 1.000000
MarioHand_alb.png
 29 -77.771912 -9.834723 100.920387 -0.579705 0.017544 -0.814638 0.869551 0.666270 1 28 1.000000
 29 -76.045250 -9.110029 100.086769 -0.438750 0.088036 -0.894287 0.880919 0.635096 1 28 1.000000
 29 -74.974579 -11.343386 100.513710 -0.111374 -0.580901 -0.806319 0.849088 0.626520 1 28 1.000000
MarioHand_alb.png
 29 -73.198563 -10.647703 99.782143 -0.053412 -0.630353 -0.774469 0.853712 0.597482 1 28 1.000000
 29 -70.459030 -10.845968 101.304810 0.283809 -0.917324 -0.279231 0.823102 0.564050 1 28 1.000000
 29 -72.131042 -11.562775 101.777878 0.276189 -0.908773 -0.312811 0.821576 0.592447 1 28 1.000000
MarioHand_alb.png
 29 -74.974579 -11.343386 100.513710 -0.111374 -0.580901 -0.806319 0.849088 0.626520 1 28 1.000000
 29 -73.198563 -10.647703 99.782143 -0.053412 -0.630353 -0.774469 0.853712 0.597482 1 28 1.000000
 29 -72.131042 -11.562775 101.777878 0.276189 -0.908773 -0.312811 0.821576 0.592447 1 28 1.000000
MarioHand_alb.png
 29 -77.771912 -9.834723 100.920387 -0.579705 0.017544 -0.814638 0.869551 0.666270 1 28 1.000000
 29 -74.974579 -11.343386 100.513710 -0.111374 -0.580901 -0.806319 0.849088 0.626520 1 28 1.000000
 29 -76.750786 -12.007620 101.279869 -0.324992 -0.557864 -0.763654 0.840482 0.655085 1 28 1.000000
MarioHand_alb.png
 29 -78.906754 -10.515795 102.283455 -0.848993 -0.142643 -0.508786 0.851331 0.690013 1 28 1.000000
 29 -77.771912 -9.834723 100.920387 -0.579705 0.017544 -0.814638 0.869551 0.666270 1 28 1.000000
 29 -76.750786 -12.007620 101.279869 -0.324992 -0.557864 -0.763654 0.840482 0.655085 1 28 1.000000
MarioHand_alb.png
 29 -74.974579 -11.343386 100.513710 -0.111374 -0.580901 -0.806319 0.849088 0.626520 1 28 1.000000
 29 -72.131042 -11.562775 101.777878 0.276189 -0.908773 -0.312811 0.821576 0.592447 1 28 1.000000
 29 -73.805687 -12.370811 102.447830 0.287630 -0.914960 -0.283052 0.818418 0.620798 1 28 1.000000
MarioHand_alb.png
 29 -78.162903 -12.096121 102.547966 -0.673715 -0.602948 -0.427271 0.829709 0.678981 1 28 1.000000
 29 -78.906754 -10.515795 102.283455 -0.848993 -0.142643 -0.508786 0.851331 0.690013 1 28 1.000000
 29 -76.750786 -12.007620 101.279869 -0.324992 -0.557864 -0.763654 0.840482 0.655085 1 28 1.000000
MarioHand_alb.png
 29 -78.798874 -11.071618 104.743385 -0.872224 -0.352743 0.338817 0.820615 0.710201 1 28 1.000000
 29 -78.906754 -10.515795 102.283455 -0.848993 -0.142643 -0.508786 0.851331 0.690013 1 28 1.000000
 29 -78.162903 -12.096121 102.547966 -0.673715 -0.602948 -0.427271 0.829709 0.678981 1 28 1.000000
MarioHand_alb.png
 29 -77.309746 -12.893877 103.909775 -0.442527 -0.894878 0.057986 0.802594 0.678203 1 28 1.000000
 29 -78.798874 -11.071618 104.743385 -0.872224 -0.352743 0.338817 0.820615 0.710201 1 28 1.000000
 29 -78.162903 -12.096121 102.547966 -0.673715 -0.602948 -0.427271 0.829709 0.678981 1 28 1.000000
MarioHand_alb.png
 29 -77.309746 -12.893877 103.909775 -0.442527 -0.894878 0.057986 0.802594 0.678203 1 28 1.000000
 29 -78.162903 -12.096121 102.547966 -0.673715 -0.602948 -0.427271 0.829709 0.678981 1 28 1.000000
 29 -76.750786 -12.007620 101.279869 -0.324992 -0.557864 -0.763654 0.840482 0.655085 1 28 1.000000
MarioHand_alb.png
 29 -75.583298 -13.099279 103.143387 0.111384 -0.972034 -0.206747 0.812039 0.650004 1 28 1.000000
 29 -76.750786 -12.007620 101.279869 -0.324992 -0.557864 -0.763654 0.840482 0.655085 1 28 1.000000
 29 -74.974579 -11.343386 100.513710 -0.111374 -0.580901 -0.806319 0.849088 0.626520 1 28 1.000000
MarioHand_alb.png
 29 -77.309746 -12.893877 103.909775 -0.442527 -0.894878 0.057986 0.802594 0.678203 1 28 1.000000
 29 -76.750786 -12.007620 101.279869 -0.324992 -0.557864 -0.763654 0.840482 0.655085 1 28 1.000000
 29 -75.583298 -13.099279 103.143387 0.111384 -0.972034 -0.206747 0.812039 0.650004 1 28 1.000000
MarioHand_alb.png
 29 -75.583298 -13.099279 103.143387 0.111384 -0.972034 -0.206747 0.812039 0.650004 1 28 1.000000
 29 -74.974579 -11.343386 100.513710 -0.111374 -0.580901 -0.806319 0.849088 0.626520 1 28 1.000000
 29 -73.805687 -12.370811 102.447830 0.287630 -0.914960 -0.283052 0.818418 0.620798 1 28 1.000000
MarioHand_alb.png
 29 -77.309746 -12.893877 103.909775 -0.442527 -0.894878 0.057986 0.802594 0.678203 1 28 1.000000
 29 -75.583298 -13.099279 103.143387 0.111384 -0.972034 -0.206747 0.812039 0.650004 1 28 1.000000
 29 -75.084671 -12.874551 104.660072 0.314325 -0.902732 0.293726 0.794705 0.645380 1 28 1.000000
MarioHand_alb.png
 29 -75.583298 -13.099279 103.143387 0.111384 -0.972034 -0.206747 0.812039 0.650004 1 28 1.000000
 29 -73.805687 -12.370811 102.447830 0.287630 -0.914960 -0.283052 0.818418 0.620798 1 28 1.000000
 29 -75.084671 -12.874551 104.660072 0.314325 -0.902732 0.293726 0.794705 0.645380 1 28 1.000000
MarioHand_alb.png
 29 -77.309746 -12.893877 103.909775 -0.442527 -0.894878 0.057986 0.802594 0.678203 1 28 1.000000
 29 -75.084671 -12.874551 104.660072 0.314325 -0.902732 0.293726 0.794705 0.645380 1 28 1.000000
 29 -76.880547 -12.387788 105.541351 -0.334916 -0.747458 0.573706 0.780209 0.667903 1 28 1.000000
MarioHand_alb.png
 29 -78.798874 -11.071618 104.743385 -0.872224 -0.352743 0.338817 0.758190 0.694240 1 28 1.000000
 29 -77.309746 -12.893877 103.909775 -0.442527 -0.894878 0.057986 0.802594 0.678203 1 28 1.000000
 29 -76.880547 -12.387788 105.541351 -0.334916 -0.747458 0.573706 0.780209 0.667903 1 28 1.000000
MarioHand_alb.png
 29 -75.084671 -12.874551 104.660072 0.314325 -0.902732 0.293726 0.794705 0.645380 1 28 1.000000
 29 -73.805687 -12.370811 102.447830 0.287630 -0.914960 -0.283052 0.818418 0.620798 1 28 1.000000
 29 -73.305847 -12.125538 103.989517 0.476072 -0.845714 0.241088 0.798596 0.617121 1 28 1.000000
MarioHand_alb.png
 29 -76.880547 -12.387788 105.541351 -0.334916 -0.747458 0.573706 0.780209 0.667903 1 28 1.000000
 29 -75.084671 -12.874551 104.660072 0.314325 -0.902732 0.293726 0.794705 0.645380 1 28 1.000000
 29 -74.934135 -11.936984 106.025078 0.348655 -0.610622 0.711042 0.776684 0.641154 1 28 1.000000
MarioHand_alb.png
 29 -75.084671 -12.874551 104.660072 0.314325 -0.902732 0.293726 0.794705 0.645380 1 28 1.000000
 29 -73.305847 -12.125538 103.989517 0.476072 -0.845714 0.241088 0.798596 0.617121 1 28 1.000000
 29 -74.934135 -11.936984 106.025078 0.348655 -0.610622 0.711042 0.776684 0.641154 1 28 1.000000
MarioHand_alb.png
 29 -78.798874 -11.071618 104.743385 -0.872224 -0.352743 0.338817 0.758190 0.694240 1 28 1.000000
 29 -76.880547 -12.387788 105.541351 -0.334916 -0.747458 0.573706 0.780209 0.667903 1 28 1.000000
 29 -77.058128 -10.965304 106.568329 -0.385311 -0.322841 0.864470 0.758022 0.663630 1 28 1.000000
MarioHand_alb.png
 29 -76.880547 -12.387788 105.541351 -0.334916 -0.747458 0.573706 0.780209 0.667903 1 28 1.000000
 29 -74.934135 -11.936984 106.025078 0.348655 -0.610622 0.711042 0.776684 0.641154 1 28 1.000000
 29 -77.058128 -10.965304 106.568329 -0.385311 -0.322841 0.864470 0.758022 0.663630 1 28 1.000000
MarioHand_alb.png
 29 -78.798874 -11.071618 104.743385 -0.872224 -0.352743 0.338817 0.758190 0.694240 1 28 1.000000
 29 -77.058128 -10.965304 106.568329 -0.385311 -0.322841 0.864470 0.758022 0.663630 1 28 1.000000
 29 -77.794701 -9.469821 106.233856 -0.606520 0.135037 0.783517 0.736843 0.668162 1 28 1.000000
MarioHand_alb.png
 29 -78.798874 -11.071618 104.743385 -0.872224 -0.352743 0.338817 0.758190 0.694240 1 28 1.000000
 29 -77.794701 -9.469821 106.233856 -0.606520 0.135037 0.783517 0.736843 0.668162 1 28 1.000000
 29 -78.636063 -8.647952 104.927399 -0.830229 0.476065 0.289970 0.714885 0.678691 1 28 1.000000
MarioHand_alb.png
 29 -77.058128 -10.965304 106.568329 -0.385311 -0.322841 0.864470 0.758022 0.663630 1 28 1.000000
 29 -74.934135 -11.936984 106.025078 0.348655 -0.610622 0.711042 0.776684 0.641154 1 28 1.000000
 29 -75.242233 -10.449830 106.783890 0.247279 -0.141289 0.958588 0.757809 0.639490 1 28 1.000000
MarioHand_alb.png
 29 -77.058128 -10.965304 106.568329 -0.385311 -0.322841 0.864470 0.758022 0.663630 1 28 1.000000
 29 -75.891098 -8.904376 106.714302 0.038900 0.329030 0.943518 0.739178 0.641215 1 28 1.000000
 29 -77.794701 -9.469821 106.233856 -0.606520 0.135037 0.783517 0.736843 0.668162 1 28 1.000000
MarioHand_alb.png
 29 -77.058128 -10.965304 106.568329 -0.385311 -0.322841 0.864470 0.758022 0.663630 1 28 1.000000
 29 -75.242233 -10.449830 106.783890 0.247279 -0.141289 0.958588 0.757809 0.639490 1 28 1.000000
 29 -75.891098 -8.904376 106.714302 0.038900 0.329030 0.943518 0.739178 0.641215 1 28 1.000000
MarioHand_alb.png
 29 -77.794701 -9.469821 106.233856 -0.606520 0.135037 0.783517 0.736843 0.668162 1 28 1.000000
 29 -76.694679 -7.727914 105.887566 -0.218964 0.704384 0.675202 0.721431 0.645609 1 28 1.000000
 29 -78.636063 -8.647952 104.927399 -0.830229 0.476065 0.289970 0.714885 0.678691 1 28 1.000000
MarioHand_alb.png
 29 -77.794701 -9.469821 106.233856 -0.606520 0.135037 0.783517 0.736843 0.668162 1 28 1.000000
 29 -75.891098 -8.904376 106.714302 0.038900 0.329030 0.943518 0.739178 0.641215 1 28 1.000000
 29 -76.694679 -7.727914 105.887566 -0.218964 0.704384 0.675202 0.721431 0.645609 1 28 1.000000
MarioHand_alb.png
 29 -74.934135 -11.936984 106.025078 0.348655 -0.610622 0.711042 0.776684 0.641154 1 28 1.000000
 29 -73.157036 -11.133075 105.408546 0.508792 -0.551128 0.661354 0.777417 0.614038 1 28 1.000000
 29 -75.242233 -10.449830 106.783890 0.247279 -0.141289 0.958588 0.757809 0.639490 1 28 1.000000
MarioHand_alb.png
 29 -74.934135 -11.936984 106.025078 0.348655 -0.610622 0.711042 0.776684 0.641154 1 28 1.000000
 29 -73.305847 -12.125538 103.989517 0.476072 -0.845714 0.241088 0.798596 0.617121 1 28 1.000000
 29 -73.157036 -11.133075 105.408546 0.508792 -0.551128 0.661354 0.777417 0.614038 1 28 1.000000
MarioHand_alb.png
 29 -75.891098 -8.904376 106.714302 0.038900 0.329030 0.943518 0.739178 0.641215 1 28 1.000000
 29 -75.242233 -10.449830 106.783890 0.247279 -0.141289 0.958588 0.757809 0.639490 1 28 1.000000
 29 -74.076630 -8.184176 106.097885 0.187676 0.382219 0.904813 0.737087 0.613901 1 28 1.000000
MarioHand_alb.png
 29 -73.446457 -9.731915 106.124672 0.399165 -0.093972 0.912051 0.757641 0.612909 1 28 1.000000
 29 -75.242233 -10.449830 106.783890 0.247279 -0.141289 0.958588 0.757809 0.639490 1 28 1.000000
 29 -73.157036 -11.133075 105.408546 0.508792 -0.551128 0.661354 0.777417 0.614038 1 28 1.000000
MarioHand_alb.png
 29 -74.076630 -8.184176 106.097885 0.187676 0.382219 0.904813 0.737087 0.613901 1 28 1.000000
 29 -75.242233 -10.449830 106.783890 0.247279 -0.141289 0.958588 0.757809 0.639490 1 28 1.000000
 29 -73.446457 -9.731915 106.124672 0.399165 -0.093972 0.912051 0.757641 0.612909 1 28 1.000000
MarioHand_alb.png
 29 -73.446457 -9.731915 106.124672 0.399165 -0.093972 0.912051 0.757641 0.612909 1 28 1.000000
 29 -73.157036 -11.133075 105.408546 0.508792 -0.551128 0.661354 0.777417 0.614038 1 28 1.000000
 29 -71.905182 -9.084447 105.433830 0.383626 -0.123363 0.915212 0.757671 0.586267 1 28 1.000000
MarioHand_alb.png
 29 -74.076630 -8.184176 106.097885 0.187676 0.382219 0.904813 0.737087 0.613901 1 28 1.000000
 29 -73.446457 -9.731915 106.124672 0.399165 -0.093972 0.912051 0.757641 0.612909 1 28 1.000000
 29 -71.905182 -9.084447 105.433830 0.383626 -0.123363 0.915212 0.757671 0.586267 1 28 1.000000
MarioHand_alb.png
 29 -73.305847 -12.125538 103.989517 0.476072 -0.845714 0.241088 0.798596 0.617121 1 28 1.000000
 29 -71.615364 -10.430532 104.720634 0.493639 -0.571653 0.655388 0.778195 0.587213 1 28 1.000000
 29 -73.157036 -11.133075 105.408546 0.508792 -0.551128 0.661354 0.777417 0.614038 1 28 1.000000
MarioHand_alb.png
 29 -73.157036 -11.133075 105.408546 0.508792 -0.551128 0.661354 0.777417 0.614038 1 28 1.000000
 29 -71.615364 -10.430532 104.720634 0.493639 -0.571653 0.655388 0.778195 0.587213 1 28 1.000000
 29 -71.905182 -9.084447 105.433830 0.383626 -0.123363 0.915212 0.757671 0.586267 1 28 1.000000
MarioHand_alb.png
 29 -75.891098 -8.904376 106.714302 0.038900 0.329030 0.943518 0.739178 0.641215 1 28 1.000000
 29 -74.076630 -8.184176 106.097885 0.187676 0.382219 0.904813 0.737087 0.613901 1 28 1.000000
 29 -74.892632 -6.979117 105.256668 -0.078588 0.766135 0.637857 0.716701 0.617273 1 28 1.000000
MarioHand_alb.png
 29 -75.891098 -8.904376 106.714302 0.038900 0.329030 0.943518 0.739178 0.641215 1 28 1.000000
 29 -74.892632 -6.979117 105.256668 -0.078588 0.766135 0.637857 0.716701 0.617273 1 28 1.000000
 29 -76.694679 -7.727914 105.887566 -0.218964 0.704384 0.675202 0.721431 0.645609 1 28 1.000000
MarioHand_alb.png
 29 -74.892632 -6.979117 105.256668 -0.078588 0.766135 0.637857 0.716701 0.617273 1 28 1.000000
 29 -74.076630 -8.184176 106.097885 0.187676 0.382219 0.904813 0.737087 0.613901 1 28 1.000000
 29 -72.481842 -7.585610 105.464508 0.173222 0.360656 0.916472 0.736538 0.586816 1 28 1.000000
MarioHand_alb.png
 29 -72.481842 -7.585610 105.464508 0.173222 0.360656 0.916472 0.736538 0.586816 1 28 1.000000
 29 -74.076630 -8.184176 106.097885 0.187676 0.382219 0.904813 0.737087 0.613901 1 28 1.000000
 29 -71.905182 -9.084447 105.433830 0.383626 -0.123363 0.915212 0.757671 0.586267 1 28 1.000000
MarioHand_alb.png
 29 -76.694679 -7.727914 105.887566 -0.218964 0.704384 0.675202 0.721431 0.645609 1 28 1.000000
 29 -74.892632 -6.979117 105.256668 -0.078588 0.766135 0.637857 0.716701 0.617273 1 28 1.000000
 29 -75.586143 -6.550469 103.933792 -0.355513 0.928549 0.106806 0.697932 0.621729 1 28 1.000000
MarioHand_alb.png
 29 -74.892632 -6.979117 105.256668 -0.078588 0.766135 0.637857 0.716701 0.617273 1 28 1.000000
 29 -72.481842 -7.585610 105.464508 0.173222 0.360656 0.916472 0.736538 0.586816 1 28 1.000000
 29 -73.259109 -6.317414 104.639420 -0.081636 0.766477 0.637062 0.714412 0.589548 1 28 1.000000
MarioHand_alb.png
 29 -74.892632 -6.979117 105.256668 -0.078588 0.766135 0.637857 0.716701 0.617273 1 28 1.000000
 29 -73.259109 -6.317414 104.639420 -0.081636 0.766477 0.637062 0.714412 0.589548 1 28 1.000000
 29 -75.586143 -6.550469 103.933792 -0.355513 0.928549 0.106806 0.697932 0.621729 1 28 1.000000
MarioHand_alb.png
 29 -76.694679 -7.727914 105.887566 -0.218964 0.704384 0.675202 0.721431 0.645609 1 28 1.000000
 29 -75.586143 -6.550469 103.933792 -0.355513 0.928549 0.106806 0.697932 0.621729 1 28 1.000000
 29 -77.401505 -7.278729 104.538422 -0.502751 0.855878 0.121301 0.704662 0.651240 1 28 1.000000
MarioHand_alb.png
 29 -78.636063 -8.647952 104.927399 -0.830229 0.476065 0.289970 0.714885 0.678691 1 28 1.000000
 29 -76.694679 -7.727914 105.887566 -0.218964 0.704384 0.675202 0.721431 0.645609 1 28 1.000000
 29 -77.401505 -7.278729 104.538422 -0.502751 0.855878 0.121301 0.704662 0.651240 1 28 1.000000
MarioHand_alb.png
 29 -75.586143 -6.550469 103.933792 -0.355513 0.928549 0.106806 0.697932 0.621729 1 28 1.000000
 29 -73.259109 -6.317414 104.639420 -0.081636 0.766477 0.637062 0.714412 0.589548 1 28 1.000000
 29 -73.901901 -5.841459 103.296715 -0.341803 0.933855 0.105288 0.694194 0.593301 1 28 1.000000
MarioHand_alb.png
 29 -78.636063 -8.647952 104.927399 -0.830229 0.476065 0.289970 0.714885 0.678691 1 28 1.000000
 29 -77.401505 -7.278729 104.538422 -0.502751 0.855878 0.121301 0.704662 0.651240 1 28 1.000000
 29 -79.098213 -9.101934 103.265587 -0.914663 0.368077 -0.167065 0.688640 0.681010 1 28 1.000000
MarioHand_alb.png
 29 -78.636063 -8.647952 104.927399 -0.830229 0.476065 0.289970 0.714885 0.678691 1 28 1.000000
 29 -79.098213 -9.101934 103.265587 -0.914663 0.368077 -0.167065 0.688640 0.681010 1 28 1.000000
 29 -78.798874 -11.071618 104.743385 -0.872224 -0.352743 0.338817 0.699931 0.711192 1 28 1.000000
MarioHand_alb.png
 29 -78.798874 -11.071618 104.743385 -0.872224 -0.352743 0.338817 0.699931 0.711192 1 28 1.000000
 29 -79.098213 -9.101934 103.265587 -0.914663 0.368077 -0.167065 0.688640 0.681010 1 28 1.000000
 29 -78.906754 -10.515795 102.283455 -0.848993 -0.142643 -0.508786 0.668009 0.692836 1 28 1.000000
MarioHand_alb.png
 29 -79.098213 -9.101934 103.265587 -0.914663 0.368077 -0.167065 0.688640 0.681010 1 28 1.000000
 29 -78.033890 -7.899968 102.264366 -0.653748 0.650410 -0.386756 0.676280 0.657664 1 28 1.000000
 29 -78.906754 -10.515795 102.283455 -0.848993 -0.142643 -0.508786 0.668009 0.692836 1 28 1.000000
MarioHand_alb.png
 29 -79.098213 -9.101934 103.265587 -0.914663 0.368077 -0.167065 0.688640 0.681010 1 28 1.000000
 29 -77.401505 -7.278729 104.538422 -0.502751 0.855878 0.121301 0.704662 0.651240 1 28 1.000000
 29 -78.033890 -7.899968 102.264366 -0.653748 0.650410 -0.386756 0.676280 0.657664 1 28 1.000000
MarioHand_alb.png
 29 -78.906754 -10.515795 102.283455 -0.848993 -0.142643 -0.508786 0.668009 0.692836 1 28 1.000000
 29 -78.033890 -7.899968 102.264366 -0.653748 0.650410 -0.386756 0.676280 0.657664 1 28 1.000000
 29 -77.771912 -9.834723 100.920387 -0.579705 0.017544 -0.814638 0.648524 0.670115 1 28 1.000000
MarioHand_alb.png
 29 -77.401505 -7.278729 104.538422 -0.502751 0.855878 0.121301 0.704662 0.651240 1 28 1.000000
 29 -75.586143 -6.550469 103.933792 -0.355513 0.928549 0.106806 0.697932 0.621729 1 28 1.000000
 29 -76.286621 -7.095380 101.566902 -0.508080 0.739424 -0.441709 0.667018 0.629404 1 28 1.000000
MarioHand_alb.png
 29 -77.401505 -7.278729 104.538422 -0.502751 0.855878 0.121301 0.704662 0.651240 1 28 1.000000
 29 -76.286621 -7.095380 101.566902 -0.508080 0.739424 -0.441709 0.667018 0.629404 1 28 1.000000
 29 -78.033890 -7.899968 102.264366 -0.653748 0.650410 -0.386756 0.676280 0.657664 1 28 1.000000
MarioHand_alb.png
 29 -78.033890 -7.899968 102.264366 -0.653748 0.650410 -0.386756 0.676280 0.657664 1 28 1.000000
 29 -76.286621 -7.095380 101.566902 -0.508080 0.739424 -0.441709 0.667018 0.629404 1 28 1.000000
 29 -77.771912 -9.834723 100.920387 -0.579705 0.017544 -0.814638 0.648524 0.670115 1 28 1.000000
MarioHand_alb.png
 29 -75.586143 -6.550469 103.933792 -0.355513 0.928549 0.106806 0.697932 0.621729 1 28 1.000000
 29 -73.901901 -5.841459 103.296715 -0.341803 0.933855 0.105288 0.694194 0.593301 1 28 1.000000
 29 -76.286621 -7.095380 101.566902 -0.508080 0.739424 -0.441709 0.667018 0.629404 1 28 1.000000
MarioHand_alb.png
 29 -76.286621 -7.095380 101.566902 -0.508080 0.739424 -0.441709 0.667018 0.629404 1 28 1.000000
 29 -76.045250 -9.110029 100.086769 -0.438750 0.088036 -0.894287 0.635569 0.639704 1 28 1.000000
 29 -77.771912 -9.834723 100.920387 -0.579705 0.017544 -0.814638 0.648524 0.670115 1 28 1.000000
MarioHand_alb.png
 29 -76.286621 -7.095380 101.566902 -0.508080 0.739424 -0.441709 0.667018 0.629404 1 28 1.000000
 29 -74.521896 -6.321225 100.913765 -0.485260 0.755453 -0.440244 0.661585 0.600534 1 28 1.000000
 29 -76.045250 -9.110029 100.086769 -0.438750 0.088036 -0.894287 0.635569 0.639704 1 28 1.000000
MarioHand_alb.png
 29 -76.286621 -7.095380 101.566902 -0.508080 0.739424 -0.441709 0.667018 0.629404 1 28 1.000000
 29 -73.901901 -5.841459 103.296715 -0.341803 0.933855 0.105288 0.694194 0.593301 1 28 1.000000
 29 -74.521896 -6.321225 100.913765 -0.485260 0.755453 -0.440244 0.661585 0.600534 1 28 1.000000
MarioHand_alb.png
 29 -74.521896 -6.321225 100.913765 -0.485260 0.755453 -0.440244 0.661585 0.600534 1 28 1.000000
 29 -74.294006 -8.383877 99.251999 -0.414982 0.109658 -0.903197 0.627024 0.609140 1 28 1.000000
 29 -76.045250 -9.110029 100.086769 -0.438750 0.088036 -0.894287 0.635569 0.639704 1 28 1.000000
MarioHand_alb.png
 29 -74.521896 -6.321225 100.913765 -0.485260 0.755453 -0.440244 0.661585 0.600534 1 28 1.000000
 29 -72.651337 -5.524045 100.339775 -0.432578 0.788101 -0.437919 0.657938 0.571283 1 28 1.000000
 29 -74.294006 -8.383877 99.251999 -0.414982 0.109658 -0.903197 0.627024 0.609140 1 28 1.000000
MarioHand_alb.png
 29 -73.901901 -5.841459 103.296715 -0.341803 0.933855 0.105288 0.694194 0.593301 1 28 1.000000
 29 -72.651337 -5.524045 100.339775 -0.432578 0.788101 -0.437919 0.657938 0.571283 1 28 1.000000
 29 -74.521896 -6.321225 100.913765 -0.485260 0.755453 -0.440244 0.661585 0.600534 1 28 1.000000
MarioHand_alb.png
 29 -74.294006 -8.383877 99.251999 -0.414982 0.109658 -0.903197 0.627024 0.609140 1 28 1.000000
 29 -72.651337 -5.524045 100.339775 -0.432578 0.788101 -0.437919 0.657938 0.571283 1 28 1.000000
 29 -72.345230 -7.608838 98.427086 -0.338866 0.145010 -0.929592 0.620249 0.578958 1 28 1.000000
MarioHand_alb.png
 29 -72.651337 -5.524045 100.339775 -0.432578 0.788101 -0.437919 0.657938 0.571283 1 28 1.000000
 29 -70.275635 -6.776714 97.917877 -0.241798 0.191837 -0.951174 0.615396 0.547707 1 28 1.000000
 29 -72.345230 -7.608838 98.427086 -0.338866 0.145010 -0.929592 0.620249 0.578958 1 28 1.000000
MarioHand_alb.png
 29 -73.901901 -5.841459 103.296715 -0.341803 0.933855 0.105288 0.694194 0.593301 1 28 1.000000
 29 -72.149002 -5.205163 102.816925 -0.327310 0.939777 0.098422 0.691905 0.564828 1 28 1.000000
 29 -72.651337 -5.524045 100.339775 -0.432578 0.788101 -0.437919 0.657938 0.571283 1 28 1.000000
MarioHand_alb.png
 29 -73.259109 -6.317414 104.639420 -0.081636 0.766477 0.637062 0.714412 0.589548 1 28 1.000000
 29 -72.149002 -5.205163 102.816925 -0.327310 0.939777 0.098422 0.691905 0.564828 1 28 1.000000
 29 -73.901901 -5.841459 103.296715 -0.341803 0.933855 0.105288 0.694194 0.593301 1 28 1.000000
MarioHand_alb.png
 29 -72.651337 -5.524045 100.339775 -0.432578 0.788101 -0.437919 0.657938 0.571283 1 28 1.000000
 29 -70.632065 -4.719825 99.981339 -0.408956 0.806753 -0.426504 0.654704 0.540658 1 28 1.000000
 29 -70.275635 -6.776714 97.917877 -0.241798 0.191837 -0.951174 0.615396 0.547707 1 28 1.000000
MarioHand_alb.png
 29 -72.651337 -5.524045 100.339775 -0.432578 0.788101 -0.437919 0.657938 0.571283 1 28 1.000000
 29 -72.149002 -5.205163 102.816925 -0.327310 0.939777 0.098422 0.691905 0.564828 1 28 1.000000
 29 -70.632065 -4.719825 99.981339 -0.408956 0.806753 -0.426504 0.654704 0.540658 1 28 1.000000
MarioHand_alb.png
 29 -70.275635 -6.776714 97.917877 -0.241798 0.191837 -0.951174 0.615396 0.547707 1 28 1.000000
 29 -70.632065 -4.719825 99.981339 -0.408956 0.806753 -0.426504 0.654704 0.540658 1 28 1.000000
 29 -68.103355 -6.008030 97.899651 -0.307405 0.187647 -0.932894 0.613565 0.515877 1 28 1.000000
MarioHand_alb.png
 29 -73.259109 -6.317414 104.639420 -0.081636 0.766477 0.637062 0.714412 0.589548 1 28 1.000000
 29 -71.557861 -5.747272 104.167404 -0.119774 0.722173 0.681263 0.713176 0.561318 1 28 1.000000
 29 -72.149002 -5.205163 102.816925 -0.327310 0.939777 0.098422 0.691905 0.564828 1 28 1.000000
MarioHand_alb.png
 29 -73.259109 -6.317414 104.639420 -0.081636 0.766477 0.637062 0.714412 0.589548 1 28 1.000000
 29 -72.481842 -7.585610 105.464508 0.173222 0.360656 0.916472 0.736538 0.586816 1 28 1.000000
 29 -71.557861 -5.747272 104.167404 -0.119774 0.722173 0.681263 0.713176 0.561318 1 28 1.000000
MarioHand_alb.png
 29 -68.103355 -6.008030 97.899651 -0.307405 0.187647 -0.932894 0.613565 0.515877 1 28 1.000000
 29 -70.632065 -4.719825 99.981339 -0.408956 0.806753 -0.426504 0.654704 0.540658 1 28 1.000000
 29 -68.516769 -3.696345 99.464554 -0.408939 0.815805 -0.408939 0.650813 0.510475 1 28 1.000000
MarioHand_alb.png
 29 -68.103355 -6.008030 97.899651 -0.307405 0.187647 -0.932894 0.613565 0.515877 1 28 1.000000
 29 -68.516769 -3.696345 99.464554 -0.408939 0.815805 -0.408939 0.650813 0.510475 1 28 1.000000
 29 -65.838005 -4.903759 96.884705 -0.704137 0.152671 -0.693457 0.605982 0.481102 1 28 1.000000
MarioHand_alb.png
 29 -65.838005 -4.903759 96.884705 -0.704137 0.152671 -0.693457 0.605982 0.481102 1 28 1.000000
 29 -68.516769 -3.696345 99.464554 -0.408939 0.815805 -0.408939 0.650813 0.510475 1 28 1.000000
 29 -65.945427 -2.786101 98.972473 -0.700376 0.101781 -0.706480 0.647517 0.480171 1 28 1.000000
MarioHand_alb.png
 29 -65.945427 -2.786101 98.972473 -0.700376 0.101781 -0.706480 0.647517 0.480171 1 28 1.000000
 29 -68.516769 -3.696345 99.464554 -0.408939 0.815805 -0.408939 0.650813 0.510475 1 28 1.000000
 29 -65.701294 -3.075380 101.661255 -0.985741 0.160316 0.051118 0.683604 0.474388 1 28 1.000000
MarioHand_alb.png
 29 -70.632065 -4.719825 99.981339 -0.408956 0.806753 -0.426504 0.654704 0.540658 1 28 1.000000
 29 -68.246902 -3.608710 101.938507 -0.328829 0.935012 0.132752 0.685939 0.506310 1 28 1.000000
 29 -68.516769 -3.696345 99.464554 -0.408939 0.815805 -0.408939 0.650813 0.510475 1 28 1.000000
MarioHand_alb.png
 29 -68.246902 -3.608710 101.938507 -0.328829 0.935012 0.132752 0.685939 0.506310 1 28 1.000000
 29 -65.701294 -3.075380 101.661255 -0.985741 0.160316 0.051118 0.683604 0.474388 1 28 1.000000
 29 -68.516769 -3.696345 99.464554 -0.408939 0.815805 -0.408939 0.650813 0.510475 1 28 1.000000
MarioHand_alb.png
 29 -70.632065 -4.719825 99.981339 -0.408956 0.806753 -0.426504 0.654704 0.540658 1 28 1.000000
 29 -70.219765 -4.562250 102.460747 -0.376151 0.917966 0.125892 0.689326 0.534783 1 28 1.000000
 29 -68.246902 -3.608710 101.938507 -0.328829 0.935012 0.132752 0.685939 0.506310 1 28 1.000000
MarioHand_alb.png
 29 -72.149002 -5.205163 102.816925 -0.327310 0.939777 0.098422 0.691905 0.564828 1 28 1.000000
 29 -70.219765 -4.562250 102.460747 -0.376151 0.917966 0.125892 0.689326 0.534783 1 28 1.000000
 29 -70.632065 -4.719825 99.981339 -0.408956 0.806753 -0.426504 0.654704 0.540658 1 28 1.000000
MarioHand_alb.png
 29 -68.246902 -3.608710 101.938507 -0.328829 0.935012 0.132752 0.685939 0.506310 1 28 1.000000
 29 -67.909348 -4.113348 103.743469 -0.381484 0.792342 0.476092 0.710613 0.501701 1 28 1.000000
 29 -65.701294 -3.075380 101.661255 -0.985741 0.160316 0.051118 0.683604 0.474388 1 28 1.000000
MarioHand_alb.png
 29 -70.219765 -4.562250 102.460747 -0.376151 0.917966 0.125892 0.689326 0.534783 1 28 1.000000
 29 -67.909348 -4.113348 103.743469 -0.381484 0.792342 0.476092 0.710613 0.501701 1 28 1.000000
 29 -68.246902 -3.608710 101.938507 -0.328829 0.935012 0.132752 0.685939 0.506310 1 28 1.000000
MarioHand_alb.png
 29 -67.909348 -4.113348 103.743469 -0.381484 0.792342 0.476092 0.710613 0.501701 1 28 1.000000
 29 -65.729469 -3.127839 104.961456 -0.213556 -0.261892 0.941173 0.728038 0.467384 1 28 1.000000
 29 -65.701294 -3.075380 101.661255 -0.985741 0.160316 0.051118 0.683604 0.474388 1 28 1.000000
MarioHand_alb.png
 29 -72.149002 -5.205163 102.816925 -0.327310 0.939777 0.098422 0.691905 0.564828 1 28 1.000000
 29 -69.666077 -5.073564 103.923332 -0.244155 0.714726 0.655404 0.712093 0.530465 1 28 1.000000
 29 -70.219765 -4.562250 102.460747 -0.376151 0.917966 0.125892 0.689326 0.534783 1 28 1.000000
MarioHand_alb.png
 29 -69.666077 -5.073564 103.923332 -0.244155 0.714726 0.655404 0.712093 0.530465 1 28 1.000000
 29 -67.909348 -4.113348 103.743469 -0.381484 0.792342 0.476092 0.710613 0.501701 1 28 1.000000
 29 -70.219765 -4.562250 102.460747 -0.376151 0.917966 0.125892 0.689326 0.534783 1 28 1.000000
MarioHand_alb.png
 29 -71.557861 -5.747272 104.167404 -0.119774 0.722173 0.681263 0.713176 0.561318 1 28 1.000000
 29 -69.666077 -5.073564 103.923332 -0.244155 0.714726 0.655404 0.712093 0.530465 1 28 1.000000
 29 -72.149002 -5.205163 102.816925 -0.327310 0.939777 0.098422 0.691905 0.564828 1 28 1.000000
MarioHand_alb.png
 29 -67.377625 -5.404963 104.714119 -0.047308 0.117507 0.991945 0.735119 0.499413 1 28 1.000000
 29 -65.729469 -3.127839 104.961456 -0.213556 -0.261892 0.941173 0.728038 0.467384 1 28 1.000000
 29 -67.909348 -4.113348 103.743469 -0.381484 0.792342 0.476092 0.710613 0.501701 1 28 1.000000
MarioHand_alb.png
 29 -69.666077 -5.073564 103.923332 -0.244155 0.714726 0.655404 0.712093 0.530465 1 28 1.000000
 29 -67.377625 -5.404963 104.714119 -0.047308 0.117507 0.991945 0.735119 0.499413 1 28 1.000000
 29 -67.909348 -4.113348 103.743469 -0.381484 0.792342 0.476092 0.710613 0.501701 1 28 1.000000
MarioHand_alb.png
 29 -67.377625 -5.404963 104.714119 -0.047308 0.117507 0.991945 0.735119 0.499413 1 28 1.000000
 29 -64.935730 -6.110055 104.126762 0.142659 -0.424544 0.894098 0.764584 0.467765 1 28 1.000000
 29 -65.729469 -3.127839 104.961456 -0.213556 -0.261892 0.941173 0.728038 0.467384 1 28 1.000000
MarioHand_alb.png
 29 -71.557861 -5.747272 104.167404 -0.119774 0.722173 0.681263 0.713176 0.561318 1 28 1.000000
 29 -70.822540 -6.946379 105.039932 0.076278 0.310927 0.947368 0.735759 0.558495 1 28 1.000000
 29 -69.666077 -5.073564 103.923332 -0.244155 0.714726 0.655404 0.712093 0.530465 1 28 1.000000
MarioHand_alb.png
 29 -72.481842 -7.585610 105.464508 0.173222 0.360656 0.916472 0.736538 0.586816 1 28 1.000000
 29 -70.822540 -6.946379 105.039932 0.076278 0.310927 0.947368 0.735759 0.558495 1 28 1.000000
 29 -71.557861 -5.747272 104.167404 -0.119774 0.722173 0.681263 0.713176 0.561318 1 28 1.000000
MarioHand_alb.png
 29 -69.021065 -6.295438 104.843788 0.009921 0.236953 0.971470 0.735439 0.528206 1 28 1.000000
 29 -67.377625 -5.404963 104.714119 -0.047308 0.117507 0.991945 0.735119 0.499413 1 28 1.000000
 29 -69.666077 -5.073564 103.923332 -0.244155 0.714726 0.655404 0.712093 0.530465 1 28 1.000000
MarioHand_alb.png
 29 -70.822540 -6.946379 105.039932 0.076278 0.310927 0.947368 0.735759 0.558495 1 28 1.000000
 29 -69.021065 -6.295438 104.843788 0.009921 0.236953 0.971470 0.735439 0.528206 1 28 1.000000
 29 -69.666077 -5.073564 103.923332 -0.244155 0.714726 0.655404 0.712093 0.530465 1 28 1.000000
MarioHand_alb.png
 29 -72.481842 -7.585610 105.464508 0.173222 0.360656 0.916472 0.736538 0.586816 1 28 1.000000
 29 -71.905182 -9.084447 105.433830 0.383626 -0.123363 0.915212 0.757671 0.586267 1 28 1.000000
 29 -70.822540 -6.946379 105.039932 0.076278 0.310927 0.947368 0.735759 0.558495 1 28 1.000000
MarioHand_alb.png
 29 -69.021065 -6.295438 104.843788 0.009921 0.236953 0.971470 0.735439 0.528206 1 28 1.000000
 29 -66.856461 -6.973069 104.358589 0.257181 -0.289806 0.921884 0.759289 0.499962 1 28 1.000000
 29 -67.377625 -5.404963 104.714119 -0.047308 0.117507 0.991945 0.735119 0.499413 1 28 1.000000
MarioHand_alb.png
 29 -66.856461 -6.973069 104.358589 0.257181 -0.289806 0.921884 0.759289 0.499962 1 28 1.000000
 29 -64.935730 -6.110055 104.126762 0.142659 -0.424544 0.894098 0.764584 0.467765 1 28 1.000000
 29 -67.377625 -5.404963 104.714119 -0.047308 0.117507 0.991945 0.735119 0.499413 1 28 1.000000
MarioHand_alb.png
 29 -70.822540 -6.946379 105.039932 0.076278 0.310927 0.947368 0.735759 0.558495 1 28 1.000000
 29 -68.552444 -7.845738 104.630318 0.265532 -0.269919 0.925547 0.758495 0.529381 1 28 1.000000
 29 -69.021065 -6.295438 104.843788 0.009921 0.236953 0.971470 0.735439 0.528206 1 28 1.000000
MarioHand_alb.png
 29 -68.552444 -7.845738 104.630318 0.265532 -0.269919 0.925547 0.758495 0.529381 1 28 1.000000
 29 -66.856461 -6.973069 104.358589 0.257181 -0.289806 0.921884 0.759289 0.499962 1 28 1.000000
 29 -69.021065 -6.295438 104.843788 0.009921 0.236953 0.971470 0.735439 0.528206 1 28 1.000000
MarioHand_alb.png
 29 -66.504639 -8.272764 103.529129 0.407339 -0.614251 0.675848 0.781476 0.500496 1 28 1.000000
 29 -64.935730 -6.110055 104.126762 0.142659 -0.424544 0.894098 0.764584 0.467765 1 28 1.000000
 29 -66.856461 -6.973069 104.358589 0.257181 -0.289806 0.921884 0.759289 0.499962 1 28 1.000000
MarioHand_alb.png
 29 -68.552444 -7.845738 104.630318 0.265532 -0.269919 0.925547 0.758495 0.529381 1 28 1.000000
 29 -66.504639 -8.272764 103.529129 0.407339 -0.614251 0.675848 0.781476 0.500496 1 28 1.000000
 29 -66.856461 -6.973069 104.358589 0.257181 -0.289806 0.921884 0.759289 0.499962 1 28 1.000000
MarioHand_alb.png
 29 -66.504639 -8.272764 103.529129 0.407339 -0.614251 0.675848 0.781476 0.500496 1 28 1.000000
 29 -64.471725 -7.835629 102.473221 0.305172 -0.858202 0.412746 0.797391 0.467536 1 28 1.000000
 29 -64.935730 -6.110055 104.126762 0.142659 -0.424544 0.894098 0.764584 0.467765 1 28 1.000000
MarioHand_alb.png
 29 -66.382790 -9.128868 102.131454 0.440223 -0.859370 0.260167 0.804120 0.501015 1 28 1.000000
 29 -64.471725 -7.835629 102.473221 0.305172 -0.858202 0.412746 0.797391 0.467536 1 28 1.000000
 29 -66.504639 -8.272764 103.529129 0.407339 -0.614251 0.675848 0.781476 0.500496 1 28 1.000000
MarioHand_alb.png
 29 -70.255127 -8.457149 104.931633 0.291377 -0.201466 0.935153 0.758007 0.558129 1 28 1.000000
 29 -68.552444 -7.845738 104.630318 0.265532 -0.269919 0.925547 0.758495 0.529381 1 28 1.000000
 29 -70.822540 -6.946379 105.039932 0.076278 0.310927 0.947368 0.735759 0.558495 1 28 1.000000
MarioHand_alb.png
 29 -71.905182 -9.084447 105.433830 0.383626 -0.123363 0.915212 0.757671 0.586267 1 28 1.000000
 29 -70.255127 -8.457149 104.931633 0.291377 -0.201466 0.935153 0.758007 0.558129 1 28 1.000000
 29 -70.822540 -6.946379 105.039932 0.076278 0.310927 0.947368 0.735759 0.558495 1 28 1.000000
MarioHand_alb.png
 29 -68.285904 -9.079336 103.814804 0.395180 -0.628626 0.669822 0.779660 0.530648 1 28 1.000000
 29 -66.504639 -8.272764 103.529129 0.407339 -0.614251 0.675848 0.781476 0.500496 1 28 1.000000
 29 -68.552444 -7.845738 104.630318 0.265532 -0.269919 0.925547 0.758495 0.529381 1 28 1.000000
MarioHand_alb.png
 29 -70.255127 -8.457149 104.931633 0.291377 -0.201466 0.935153 0.758007 0.558129 1 28 1.000000
 29 -68.285904 -9.079336 103.814804 0.395180 -0.628626 0.669822 0.779660 0.530648 1 28 1.000000
 29 -68.552444 -7.845738 104.630318 0.265532 -0.269919 0.925547 0.758495 0.529381 1 28 1.000000
MarioHand_alb.png
 29 -68.285904 -9.079336 103.814804 0.395180 -0.628626 0.669822 0.779660 0.530648 1 28 1.000000
 29 -66.382790 -9.128868 102.131454 0.440223 -0.859370 0.260167 0.804120 0.501015 1 28 1.000000
 29 -66.504639 -8.272764 103.529129 0.407339 -0.614251 0.675848 0.781476 0.500496 1 28 1.000000
MarioHand_alb.png
 29 -71.905182 -9.084447 105.433830 0.383626 -0.123363 0.915212 0.757671 0.586267 1 28 1.000000
 29 -70.028534 -9.795761 104.223785 0.419510 -0.610292 0.671979 0.779156 0.559640 1 28 1.000000
 29 -70.255127 -8.457149 104.931633 0.291377 -0.201466 0.935153 0.758007 0.558129 1 28 1.000000
MarioHand_alb.png
 29 -70.255127 -8.457149 104.931633 0.291377 -0.201466 0.935153 0.758007 0.558129 1 28 1.000000
 29 -70.028534 -9.795761 104.223785 0.419510 -0.610292 0.671979 0.779156 0.559640 1 28 1.000000
 29 -68.285904 -9.079336 103.814804 0.395180 -0.628626 0.669822 0.779660 0.530648 1 28 1.000000
MarioHand_alb.png
 29 -71.905182 -9.084447 105.433830 0.383626 -0.123363 0.915212 0.757671 0.586267 1 28 1.000000
 29 -71.615364 -10.430532 104.720634 0.493639 -0.571653 0.655388 0.778195 0.587213 1 28 1.000000
 29 -70.028534 -9.795761 104.223785 0.419510 -0.610292 0.671979 0.779156 0.559640 1 28 1.000000
MarioHand_alb.png
 29 -68.256821 -9.952011 102.476524 0.416559 -0.872219 0.256344 0.802090 0.532219 1 28 1.000000
 29 -66.382790 -9.128868 102.131454 0.440223 -0.859370 0.260167 0.804120 0.501015 1 28 1.000000
 29 -68.285904 -9.079336 103.814804 0.395180 -0.628626 0.669822 0.779660 0.530648 1 28 1.000000
MarioHand_alb.png
 29 -70.028534 -9.795761 104.223785 0.419510 -0.610292 0.671979 0.779156 0.559640 1 28 1.000000
 29 -68.256821 -9.952011 102.476524 0.416559 -0.872219 0.256344 0.802090 0.532219 1 28 1.000000
 29 -68.285904 -9.079336 103.814804 0.395180 -0.628626 0.669822 0.779660 0.530648 1 28 1.000000
MarioHand_alb.png
 29 -66.552803 -9.230600 100.571648 0.286108 -0.927371 -0.241094 0.826246 0.502129 1 28 1.000000
 29 -66.382790 -9.128868 102.131454 0.440223 -0.859370 0.260167 0.804120 0.501015 1 28 1.000000
 29 -68.256821 -9.952011 102.476524 0.416559 -0.872219 0.256344 0.802090 0.532219 1 28 1.000000
MarioHand_alb.png
 29 -68.549576 -10.091949 100.917419 0.320445 -0.909740 -0.263986 0.824231 0.534081 1 28 1.000000
 29 -66.552803 -9.230600 100.571648 0.286108 -0.927371 -0.241094 0.826246 0.502129 1 28 1.000000
 29 -68.256821 -9.952011 102.476524 0.416559 -0.872219 0.256344 0.802090 0.532219 1 28 1.000000
MarioHand_alb.png
 29 -70.083878 -10.668245 102.866158 0.419605 -0.872969 0.248711 0.801282 0.561624 1 28 1.000000
 29 -68.256821 -9.952011 102.476524 0.416559 -0.872219 0.256344 0.802090 0.532219 1 28 1.000000
 29 -70.028534 -9.795761 104.223785 0.419510 -0.610292 0.671979 0.779156 0.559640 1 28 1.000000
MarioHand_alb.png
 29 -68.549576 -10.091949 100.917419 0.320445 -0.909740 -0.263986 0.824231 0.534081 1 28 1.000000
 29 -68.256821 -9.952011 102.476524 0.416559 -0.872219 0.256344 0.802090 0.532219 1 28 1.000000
 29 -70.083878 -10.668245 102.866158 0.419605 -0.872969 0.248711 0.801282 0.561624 1 28 1.000000
MarioHand_alb.png
 29 -70.083878 -10.668245 102.866158 0.419605 -0.872969 0.248711 0.801282 0.561624 1 28 1.000000
 29 -70.028534 -9.795761 104.223785 0.419510 -0.610292 0.671979 0.779156 0.559640 1 28 1.000000
 29 -71.615364 -10.430532 104.720634 0.493639 -0.571653 0.655388 0.778195 0.587213 1 28 1.000000
MarioHand_alb.png
 29 -70.459030 -10.845968 101.304810 0.283809 -0.917324 -0.279231 0.823102 0.564050 1 28 1.000000
 29 -68.549576 -10.091949 100.917419 0.320445 -0.909740 -0.263986 0.824231 0.534081 1 28 1.000000
 29 -70.083878 -10.668245 102.866158 0.419605 -0.872969 0.248711 0.801282 0.561624 1 28 1.000000
MarioHand_alb.png
 29 -71.720306 -11.351192 103.340645 0.467674 -0.852094 0.234982 0.800107 0.589487 1 28 1.000000
 29 -70.083878 -10.668245 102.866158 0.419605 -0.872969 0.248711 0.801282 0.561624 1 28 1.000000
 29 -71.615364 -10.430532 104.720634 0.493639 -0.571653 0.655388 0.778195 0.587213 1 28 1.000000
MarioHand_alb.png
 29 -70.459030 -10.845968 101.304810 0.283809 -0.917324 -0.279231 0.823102 0.564050 1 28 1.000000
 29 -70.083878 -10.668245 102.866158 0.419605 -0.872969 0.248711 0.801282 0.561624 1 28 1.000000
 29 -71.720306 -11.351192 103.340645 0.467674 -0.852094 0.234982 0.800107 0.589487 1 28 1.000000
MarioHand_alb.png
 29 -73.305847 -12.125538 103.989517 0.476072 -0.845714 0.241088 0.798596 0.617121 1 28 1.000000
 29 -71.720306 -11.351192 103.340645 0.467674 -0.852094 0.234982 0.800107 0.589487 1 28 1.000000
 29 -71.615364 -10.430532 104.720634 0.493639 -0.571653 0.655388 0.778195 0.587213 1 28 1.000000
MarioHand_alb.png
 29 -72.131042 -11.562775 101.777878 0.276189 -0.908773 -0.312811 0.821576 0.592447 1 28 1.000000
 29 -70.459030 -10.845968 101.304810 0.283809 -0.917324 -0.279231 0.823102 0.564050 1 28 1.000000
 29 -71.720306 -11.351192 103.340645 0.467674 -0.852094 0.234982 0.800107 0.589487 1 28 1.000000
MarioHand_alb.png
 29 -73.305847 -12.125538 103.989517 0.476072 -0.845714 0.241088 0.798596 0.617121 1 28 1.000000
 29 -73.805687 -12.370811 102.447830 0.287630 -0.914960 -0.283052 0.818418 0.620798 1 28 1.000000
 29 -71.720306 -11.351192 103.340645 0.467674 -0.852094 0.234982 0.800107 0.589487 1 28 1.000000
MarioHand_alb.png
 29 -72.131042 -11.562775 101.777878 0.276189 -0.908773 -0.312811 0.821576 0.592447 1 28 1.000000
 29 -71.720306 -11.351192 103.340645 0.467674 -0.852094 0.234982 0.800107 0.589487 1 28 1.000000
 29 -73.805687 -12.370811 102.447830 0.287630 -0.914960 -0.283052 0.818418 0.620798 1 28 1.000000
MarioHand_alb.png
 29 -50.563141 -6.706990 92.293106 0.746959 -0.637376 -0.189219 0.196765 0.591791 1 28 1.000000
 29 -49.153858 -2.599454 90.411789 0.308965 -0.635096 -0.707951 0.255116 0.583200 1 28 1.000000
 29 -49.153854 -4.494934 93.128525 0.252534 -0.892451 -0.373841 0.218082 0.565331 1 28 1.000000
MarioHand_alb.png
 29 -50.563141 -6.706990 92.293106 0.746959 -0.637376 -0.189219 0.196765 0.591791 1 28 1.000000
 29 -50.679031 -5.082778 89.322639 0.727838 -0.477596 -0.492092 0.231800 0.612299 1 28 1.000000
 29 -49.153858 -2.599454 90.411789 0.308965 -0.635096 -0.707951 0.255116 0.583200 1 28 1.000000
MarioHand_alb.png
 29 -52.517227 -8.467005 91.279289 0.645428 -0.725534 -0.238793 0.180346 0.625772 1 28 1.000000
 29 -50.679031 -5.082778 89.322639 0.727838 -0.477596 -0.492092 0.231800 0.612299 1 28 1.000000
 29 -50.563141 -6.706990 92.293106 0.746959 -0.637376 -0.189219 0.196765 0.591791 1 28 1.000000
MarioHand_alb.png
 29 -49.153858 -2.599454 90.411789 0.308965 -0.635096 -0.707951 0.255116 0.583200 1 28 1.000000
 29 -50.679031 -5.082778 89.322639 0.727838 -0.477596 -0.492092 0.231800 0.612299 1 28 1.000000
 29 -49.153858 0.286234 88.627304 0.031275 -0.266162 -0.963421 0.296605 0.591165 1 28 1.000000
MarioHand_alb.png
 29 -52.517227 -8.467005 91.279289 0.645428 -0.725534 -0.238793 0.180346 0.625772 1 28 1.000000
 29 -52.818394 -6.876330 88.606056 0.524517 -0.528427 -0.667567 0.213489 0.643076 1 28 1.000000
 29 -50.679031 -5.082778 89.322639 0.727838 -0.477596 -0.492092 0.231800 0.612299 1 28 1.000000
MarioHand_alb.png
 29 -50.948048 -2.743577 87.949966 0.532020 -0.205228 -0.821484 0.263813 0.619120 1 28 1.000000
 29 -49.153858 0.286234 88.627304 0.031275 -0.266162 -0.963421 0.296605 0.591165 1 28 1.000000
 29 -50.679031 -5.082778 89.322639 0.727838 -0.477596 -0.492092 0.231800 0.612299 1 28 1.000000
MarioHand_alb.png
 29 -55.050716 -8.544270 88.376633 0.387677 -0.505582 -0.770774 0.194919 0.672801 1 28 1.000000
 29 -52.818394 -6.876330 88.606056 0.524517 -0.528427 -0.667567 0.213489 0.643076 1 28 1.000000
 29 -52.517227 -8.467005 91.279289 0.645428 -0.725534 -0.238793 0.180346 0.625772 1 28 1.000000
MarioHand_alb.png
 29 -54.732300 -10.162794 90.781532 0.618324 -0.749255 -0.237259 0.162478 0.659998 1 28 1.000000
 29 -55.050716 -8.544270 88.376633 0.387677 -0.505582 -0.770774 0.194919 0.672801 1 28 1.000000
 29 -52.517227 -8.467005 91.279289 0.645428 -0.725534 -0.238793 0.180346 0.625772 1 28 1.000000
MarioHand_alb.png
 29 -52.818394 -6.876330 88.606056 0.524517 -0.528427 -0.667567 0.213489 0.643076 1 28 1.000000
 29 -53.661118 -4.254545 86.951317 0.276085 -0.209256 -0.938078 0.249622 0.654063 1 28 1.000000
 29 -50.679031 -5.082778 89.322639 0.727838 -0.477596 -0.492092 0.231800 0.612299 1 28 1.000000
MarioHand_alb.png
 29 -53.661118 -4.254545 86.951317 0.276085 -0.209256 -0.938078 0.249622 0.654063 1 28 1.000000
 29 -50.948048 -2.743577 87.949966 0.532020 -0.205228 -0.821484 0.263813 0.619120 1 28 1.000000
 29 -50.679031 -5.082778 89.322639 0.727838 -0.477596 -0.492092 0.231800 0.612299 1 28 1.000000
MarioHand_alb.png
 29 -51.694752 0.282263 87.503159 0.235055 0.048968 -0.970748 0.300679 0.625284 1 28 1.000000
 29 -49.153858 0.286234 88.627304 0.031275 -0.266162 -0.963421 0.296605 0.591165 1 28 1.000000
 29 -50.948048 -2.743577 87.949966 0.532020 -0.205228 -0.821484 0.263813 0.619120 1 28 1.000000
MarioHand_alb.png
 29 -53.661118 -4.254545 86.951317 0.276085 -0.209256 -0.938078 0.249622 0.654063 1 28 1.000000
 29 -51.694752 0.282263 87.503159 0.235055 0.048968 -0.970748 0.300679 0.625284 1 28 1.000000
 29 -50.948048 -2.743577 87.949966 0.532020 -0.205228 -0.821484 0.263813 0.619120 1 28 1.000000
MarioHand_alb.png
 29 -51.694752 0.282263 87.503159 0.235055 0.048968 -0.970748 0.300679 0.625284 1 28 1.000000
 29 -49.160366 3.667030 87.968124 -0.133154 0.052723 -0.989692 0.339940 0.590387 1 28 1.000000
 29 -49.153858 0.286234 88.627304 0.031275 -0.266162 -0.963421 0.296605 0.591165 1 28 1.000000
MarioHand_alb.png
 29 -52.818394 -6.876330 88.606056 0.524517 -0.528427 -0.667567 0.213489 0.643076 1 28 1.000000
 29 -56.513248 -5.290640 86.697357 0.029377 -0.150701 -0.988143 0.238514 0.687938 1 28 1.000000
 29 -53.661118 -4.254545 86.951317 0.276085 -0.209256 -0.938078 0.249622 0.654063 1 28 1.000000
MarioHand_alb.png
 29 -55.050716 -8.544270 88.376633 0.387677 -0.505582 -0.770774 0.194919 0.672801 1 28 1.000000
 29 -56.513248 -5.290640 86.697357 0.029377 -0.150701 -0.988143 0.238514 0.687938 1 28 1.000000
 29 -52.818394 -6.876330 88.606056 0.524517 -0.528427 -0.667567 0.213489 0.643076 1 28 1.000000
MarioHand_alb.png
 29 -53.661118 -4.254545 86.951317 0.276085 -0.209256 -0.938078 0.249622 0.654063 1 28 1.000000
 29 -54.695713 -0.282013 87.010796 -0.170135 0.232978 -0.957484 0.296239 0.662318 1 28 1.000000
 29 -51.694752 0.282263 87.503159 0.235055 0.048968 -0.970748 0.300679 0.625284 1 28 1.000000
MarioHand_alb.png
 29 -56.513248 -5.290640 86.697357 0.029377 -0.150701 -0.988143 0.238514 0.687938 1 28 1.000000
 29 -54.695713 -0.282013 87.010796 -0.170135 0.232978 -0.957484 0.296239 0.662318 1 28 1.000000
 29 -53.661118 -4.254545 86.951317 0.276085 -0.209256 -0.938078 0.249622 0.654063 1 28 1.000000
MarioHand_alb.png
 29 -51.694752 0.282263 87.503159 0.235055 0.048968 -0.970748 0.300679 0.625284 1 28 1.000000
 29 -51.814213 3.031271 88.125641 -0.017927 0.121339 -0.992449 0.335088 0.623926 1 28 1.000000
 29 -49.160366 3.667030 87.968124 -0.133154 0.052723 -0.989692 0.339940 0.590387 1 28 1.000000
MarioHand_alb.png
 29 -54.695713 -0.282013 87.010796 -0.170135 0.232978 -0.957484 0.296239 0.662318 1 28 1.000000
 29 -51.814213 3.031271 88.125641 -0.017927 0.121339 -0.992449 0.335088 0.623926 1 28 1.000000
 29 -51.694752 0.282263 87.503159 0.235055 0.048968 -0.970748 0.300679 0.625284 1 28 1.000000
MarioHand_alb.png
 29 -51.814213 3.031271 88.125641 -0.017927 0.121339 -0.992449 0.335088 0.623926 1 28 1.000000
 29 -51.900433 6.159245 88.088760 0.011826 0.107671 -0.994116 0.372946 0.621180 1 28 1.000000
 29 -49.160366 3.667030 87.968124 -0.133154 0.052723 -0.989692 0.339940 0.590387 1 28 1.000000
MarioHand_alb.png
 29 -49.160366 3.667030 87.968124 -0.133154 0.052723 -0.989692 0.339940 0.590387 1 28 1.000000
 29 -51.900433 6.159245 88.088760 0.011826 0.107671 -0.994116 0.372946 0.621180 1 28 1.000000
 29 -49.153862 7.047825 88.627304 -0.090388 0.279937 -0.955754 0.384298 0.586343 1 28 1.000000
MarioHand_alb.png
 29 -54.695713 -0.282013 87.010796 -0.170135 0.232978 -0.957484 0.296239 0.662318 1 28 1.000000
 29 -54.854000 2.981239 88.249245 -0.218923 0.144789 -0.964940 0.337591 0.661814 1 28 1.000000
 29 -51.814213 3.031271 88.125641 -0.017927 0.121339 -0.992449 0.335088 0.623926 1 28 1.000000
MarioHand_alb.png
 29 -51.900433 6.159245 88.088760 0.011826 0.107671 -0.994116 0.372946 0.621180 1 28 1.000000
 29 -51.852085 9.446751 88.975372 0.158673 0.408984 -0.898640 0.414084 0.619074 1 28 1.000000
 29 -49.153862 7.047825 88.627304 -0.090388 0.279937 -0.955754 0.384298 0.586343 1 28 1.000000
MarioHand_alb.png
 29 -49.153862 7.047825 88.627304 -0.090388 0.279937 -0.955754 0.384298 0.586343 1 28 1.000000
 29 -51.852085 9.446751 88.975372 0.158673 0.408984 -0.898640 0.414084 0.619074 1 28 1.000000
 29 -49.153866 9.933514 90.411789 0.053027 0.667887 -0.742372 0.430045 0.584100 1 28 1.000000
MarioHand_alb.png
 29 -51.814213 3.031271 88.125641 -0.017927 0.121339 -0.992449 0.335088 0.623926 1 28 1.000000
 29 -54.983719 5.590392 88.253197 -0.178082 0.043090 -0.983072 0.368551 0.658930 1 28 1.000000
 29 -51.900433 6.159245 88.088760 0.011826 0.107671 -0.994116 0.372946 0.621180 1 28 1.000000
MarioHand_alb.png
 29 -54.854000 2.981239 88.249245 -0.218923 0.144789 -0.964940 0.337591 0.661814 1 28 1.000000
 29 -54.983719 5.590392 88.253197 -0.178082 0.043090 -0.983072 0.368551 0.658930 1 28 1.000000
 29 -51.814213 3.031271 88.125641 -0.017927 0.121339 -0.992449 0.335088 0.623926 1 28 1.000000
MarioHand_alb.png
 29 -51.900433 6.159245 88.088760 0.011826 0.107671 -0.994116 0.372946 0.621180 1 28 1.000000
 29 -54.713379 8.560640 88.652077 -0.138844 0.218947 -0.965808 0.403021 0.652689 1 28 1.000000
 29 -51.852085 9.446751 88.975372 0.158673 0.408984 -0.898640 0.414084 0.619074 1 28 1.000000
MarioHand_alb.png
 29 -54.983719 5.590392 88.253197 -0.178082 0.043090 -0.983072 0.368551 0.658930 1 28 1.000000
 29 -54.713379 8.560640 88.652077 -0.138844 0.218947 -0.965808 0.403021 0.652689 1 28 1.000000
 29 -51.900433 6.159245 88.088760 0.011826 0.107671 -0.994116 0.372946 0.621180 1 28 1.000000
MarioHand_alb.png
 29 -51.852085 9.446751 88.975372 0.158673 0.408984 -0.898640 0.414084 0.619074 1 28 1.000000
 29 -51.630997 11.700504 90.535156 0.320841 0.718363 -0.617265 0.446860 0.617304 1 28 1.000000
 29 -49.153866 9.933514 90.411789 0.053027 0.667887 -0.742372 0.430045 0.584100 1 28 1.000000
MarioHand_alb.png
 29 -49.153866 9.933514 90.411789 0.053027 0.667887 -0.742372 0.430045 0.584100 1 28 1.000000
 29 -51.630997 11.700504 90.535156 0.320841 0.718363 -0.617265 0.446860 0.617304 1 28 1.000000
 29 -49.153866 11.828993 93.128502 0.125506 0.922027 -0.366217 0.474983 0.584146 1 28 1.000000
MarioHand_alb.png
 29 -54.713379 8.560640 88.652077 -0.138844 0.218947 -0.965808 0.403021 0.652689 1 28 1.000000
 29 -54.501694 11.326429 89.745956 -0.021361 0.561858 -0.826958 0.436606 0.650004 1 28 1.000000
 29 -51.852085 9.446751 88.975372 0.158673 0.408984 -0.898640 0.414084 0.619074 1 28 1.000000
MarioHand_alb.png
 29 -51.852085 9.446751 88.975372 0.158673 0.408984 -0.898640 0.414084 0.619074 1 28 1.000000
 29 -54.501694 11.326429 89.745956 -0.021361 0.561858 -0.826958 0.436606 0.650004 1 28 1.000000
 29 -51.630997 11.700504 90.535156 0.320841 0.718363 -0.617265 0.446860 0.617304 1 28 1.000000
MarioHand_alb.png
 29 -51.630997 11.700504 90.535156 0.320841 0.718363 -0.617265 0.446860 0.617304 1 28 1.000000
 29 -51.088844 13.077469 94.004433 0.383388 0.902200 -0.197607 0.491844 0.609995 1 28 1.000000
 29 -49.153866 11.828993 93.128502 0.125506 0.922027 -0.366217 0.474983 0.584146 1 28 1.000000
MarioHand_alb.png
 29 -49.153866 11.828993 93.128502 0.125506 0.922027 -0.366217 0.474983 0.584146 1 28 1.000000
 29 -51.088844 13.077469 94.004433 0.383388 0.902200 -0.197607 0.491844 0.609995 1 28 1.000000
 29 -49.153866 12.531143 96.311340 0.188058 0.982155 0.002289 0.516793 0.582803 1 28 1.000000
MarioHand_alb.png
 29 -51.088844 13.077469 94.004433 0.383388 0.902200 -0.197607 0.491844 0.609995 1 28 1.000000
 29 -50.977898 13.337017 97.218819 0.395585 0.912286 0.106049 0.531395 0.606363 1 28 1.000000
 29 -49.153866 12.531143 96.311340 0.188058 0.982155 0.002289 0.516793 0.582803 1 28 1.000000
MarioHand_alb.png
 29 -51.630997 11.700504 90.535156 0.320841 0.718363 -0.617265 0.446860 0.617304 1 28 1.000000
 29 -54.173820 13.334322 91.657852 0.105665 0.823291 -0.557698 0.467948 0.647822 1 28 1.000000
 29 -51.088844 13.077469 94.004433 0.383388 0.902200 -0.197607 0.491844 0.609995 1 28 1.000000
MarioHand_alb.png
 29 -54.501694 11.326429 89.745956 -0.021361 0.561858 -0.826958 0.436606 0.650004 1 28 1.000000
 29 -54.173820 13.334322 91.657852 0.105665 0.823291 -0.557698 0.467948 0.647822 1 28 1.000000
 29 -51.630997 11.700504 90.535156 0.320841 0.718363 -0.617265 0.446860 0.617304 1 28 1.000000
MarioHand_alb.png
 29 -51.088844 13.077469 94.004433 0.383388 0.902200 -0.197607 0.491844 0.609995 1 28 1.000000
 29 -53.753822 14.228873 94.445190 0.236897 0.953977 -0.183872 0.501747 0.644175 1 28 1.000000
 29 -50.977898 13.337017 97.218819 0.395585 0.912286 0.106049 0.531395 0.606363 1 28 1.000000
MarioHand_alb.png
 29 -54.173820 13.334322 91.657852 0.105665 0.823291 -0.557698 0.467948 0.647822 1 28 1.000000
 29 -53.753822 14.228873 94.445190 0.236897 0.953977 -0.183872 0.501747 0.644175 1 28 1.000000
 29 -51.088844 13.077469 94.004433 0.383388 0.902200 -0.197607 0.491844 0.609995 1 28 1.000000
MarioHand_alb.png
 29 -53.753822 14.228873 94.445190 0.236897 0.953977 -0.183872 0.501747 0.644175 1 28 1.000000
 29 -53.507767 14.288551 97.757820 0.293358 0.944355 0.148777 0.541833 0.640787 1 28 1.000000
 29 -50.977898 13.337017 97.218819 0.395585 0.912286 0.106049 0.531395 0.606363 1 28 1.000000
MarioHand_alb.png
 29 -54.501694 11.326429 89.745956 -0.021361 0.561858 -0.826958 0.436606 0.650004 1 28 1.000000
 29 -57.686180 13.700947 92.047295 -0.164789 0.794002 -0.585154 0.471641 0.686824 1 28 1.000000
 29 -54.173820 13.334322 91.657852 0.105665 0.823291 -0.557698 0.467948 0.647822 1 28 1.000000
MarioHand_alb.png
 29 -57.686180 13.700947 92.047295 -0.164789 0.794002 -0.585154 0.471641 0.686824 1 28 1.000000
 29 -53.753822 14.228873 94.445190 0.236897 0.953977 -0.183872 0.501747 0.644175 1 28 1.000000
 29 -54.173820 13.334322 91.657852 0.105665 0.823291 -0.557698 0.467948 0.647822 1 28 1.000000
MarioHand_alb.png
 29 -57.151623 14.967725 94.850113 0.004578 0.974858 -0.222781 0.506401 0.685313 1 28 1.000000
 29 -53.507767 14.288551 97.757820 0.293358 0.944355 0.148777 0.541833 0.640787 1 28 1.000000
 29 -53.753822 14.228873 94.445190 0.236897 0.953977 -0.183872 0.501747 0.644175 1 28 1.000000
MarioHand_alb.png
 29 -57.686180 13.700947 92.047295 -0.164789 0.794002 -0.585154 0.471641 0.686824 1 28 1.000000
 29 -57.151623 14.967725 94.850113 0.004578 0.974858 -0.222781 0.506401 0.685313 1 28 1.000000
 29 -53.753822 14.228873 94.445190 0.236897 0.953977 -0.183872 0.501747 0.644175 1 28 1.000000
MarioHand_alb.png
 29 -57.151623 14.967725 94.850113 0.004578 0.974858 -0.222781 0.506401 0.685313 1 28 1.000000
 29 -56.770214 15.020344 98.208984 0.131224 0.981033 0.142668 0.546899 0.685481 1 28 1.000000
 29 -53.507767 14.288551 97.757820 0.293358 0.944355 0.148777 0.541833 0.640787 1 28 1.000000
MarioHand_alb.png
 29 -58.180019 11.365088 90.208374 -0.305129 0.500603 -0.810119 0.439185 0.690486 1 28 1.000000
 29 -57.686180 13.700947 92.047295 -0.164789 0.794002 -0.585154 0.471641 0.686824 1 28 1.000000
 29 -54.501694 11.326429 89.745956 -0.021361 0.561858 -0.826958 0.436606 0.650004 1 28 1.000000
MarioHand_alb.png
 29 -54.713379 8.560640 88.652077 -0.138844 0.218947 -0.965808 0.403021 0.652689 1 28 1.000000
 29 -58.180019 11.365088 90.208374 -0.305129 0.500603 -0.810119 0.439185 0.690486 1 28 1.000000
 29 -54.501694 11.326429 89.745956 -0.021361 0.561858 -0.826958 0.436606 0.650004 1 28 1.000000
MarioHand_alb.png
 29 -60.532707 13.124093 93.283180 -0.492112 0.676559 -0.547808 0.473533 0.724361 1 28 1.000000
 29 -57.151623 14.967725 94.850113 0.004578 0.974858 -0.222781 0.506401 0.685313 1 28 1.000000
 29 -57.686180 13.700947 92.047295 -0.164789 0.794002 -0.585154 0.471641 0.686824 1 28 1.000000
MarioHand_alb.png
 29 -58.180019 11.365088 90.208374 -0.305129 0.500603 -0.810119 0.439185 0.690486 1 28 1.000000
 29 -60.532707 13.124093 93.283180 -0.492112 0.676559 -0.547808 0.473533 0.724361 1 28 1.000000
 29 -57.686180 13.700947 92.047295 -0.164789 0.794002 -0.585154 0.471641 0.686824 1 28 1.000000
MarioHand_alb.png
 29 -57.151623 14.967725 94.850113 0.004578 0.974858 -0.222781 0.506401 0.685313 1 28 1.000000
 29 -60.114788 14.677225 95.764374 -0.258244 0.938948 -0.227346 0.506844 0.724590 1 28 1.000000
 29 -56.770214 15.020344 98.208984 0.131224 0.981033 0.142668 0.546899 0.685481 1 28 1.000000
MarioHand_alb.png
 29 -60.532707 13.124093 93.283180 -0.492112 0.676559 -0.547808 0.473533 0.724361 1 28 1.000000
 29 -60.114788 14.677225 95.764374 -0.258244 0.938948 -0.227346 0.506844 0.724590 1 28 1.000000
 29 -57.151623 14.967725 94.850113 0.004578 0.974858 -0.222781 0.506401 0.685313 1 28 1.000000
MarioHand_alb.png
 29 -60.114788 14.677225 95.764374 -0.258244 0.938948 -0.227346 0.506844 0.724590 1 28 1.000000
 29 -59.495304 15.024824 99.366585 0.006485 0.981915 0.189211 0.548486 0.726848 1 28 1.000000
 29 -56.770214 15.020344 98.208984 0.131224 0.981033 0.142668 0.546899 0.685481 1 28 1.000000
MarioHand_alb.png
 29 -60.114788 14.677225 95.764374 -0.258244 0.938948 -0.227346 0.506844 0.724590 1 28 1.000000
 29 -61.547649 14.630848 100.124168 -0.114819 0.980630 0.158686 0.545815 0.766827 1 28 1.000000
 29 -59.495304 15.024824 99.366585 0.006485 0.981915 0.189211 0.548486 0.726848 1 28 1.000000
MarioHand_alb.png
 29 -60.532707 13.124093 93.283180 -0.492112 0.676559 -0.547808 0.473533 0.724361 1 28 1.000000
 29 -61.728199 13.817776 96.931374 -0.623757 0.740211 -0.251029 0.506813 0.758251 1 28 1.000000
 29 -60.114788 14.677225 95.764374 -0.258244 0.938948 -0.227346 0.506844 0.724590 1 28 1.000000
MarioHand_alb.png
 29 -61.728199 13.817776 96.931374 -0.623757 0.740211 -0.251029 0.506813 0.758251 1 28 1.000000
 29 -61.547649 14.630848 100.124168 -0.114819 0.980630 0.158686 0.545815 0.766827 1 28 1.000000
 29 -60.114788 14.677225 95.764374 -0.258244 0.938948 -0.227346 0.506844 0.724590 1 28 1.000000
MarioHand_alb.png
 29 -62.400597 13.063837 97.550995 -0.232693 0.856862 -0.460045 0.507713 0.783444 1 28 1.000000
 29 -63.127121 14.584089 99.810410 0.091556 0.995765 0.008393 0.543160 0.788983 1 28 1.000000
 29 -61.547649 14.630848 100.124168 -0.114819 0.980630 0.158686 0.545815 0.766827 1 28 1.000000
MarioHand_alb.png
 29 -61.728199 13.817776 96.931374 -0.623757 0.740211 -0.251029 0.506813 0.758251 1 28 1.000000
 29 -62.400597 13.063837 97.550995 -0.232693 0.856862 -0.460045 0.507713 0.783444 1 28 1.000000
 29 -61.547649 14.630848 100.124168 -0.114819 0.980630 0.158686 0.545815 0.766827 1 28 1.000000
MarioHand_alb.png
 29 -62.506947 12.342543 95.049133 -0.787848 0.502849 -0.355581 0.478218 0.758221 1 28 1.000000
 29 -62.400597 13.063837 97.550995 -0.232693 0.856862 -0.460045 0.507713 0.783444 1 28 1.000000
 29 -61.728199 13.817776 96.931374 -0.623757 0.740211 -0.251029 0.506813 0.758251 1 28 1.000000
MarioHand_alb.png
 29 -60.532707 13.124093 93.283180 -0.492112 0.676559 -0.547808 0.473533 0.724361 1 28 1.000000
 29 -62.506947 12.342543 95.049133 -0.787848 0.502849 -0.355581 0.478218 0.758221 1 28 1.000000
 29 -61.728199 13.817776 96.931374 -0.623757 0.740211 -0.251029 0.506813 0.758251 1 28 1.000000
MarioHand_alb.png
 29 -62.506947 12.342543 95.049133 -0.787848 0.502849 -0.355581 0.478218 0.758221 1 28 1.000000
 29 -63.290932 11.086720 96.826698 -0.865827 0.332600 -0.373793 0.479530 0.793866 1 28 1.000000
 29 -62.400597 13.063837 97.550995 -0.232693 0.856862 -0.460045 0.507713 0.783444 1 28 1.000000
MarioHand_alb.png
 29 -60.920517 10.735004 91.745125 -0.602669 0.402796 -0.688873 0.442512 0.727443 1 28 1.000000
 29 -62.506947 12.342543 95.049133 -0.787848 0.502849 -0.355581 0.478218 0.758221 1 28 1.000000
 29 -60.532707 13.124093 93.283180 -0.492112 0.676559 -0.547808 0.473533 0.724361 1 28 1.000000
MarioHand_alb.png
 29 -60.920517 10.735004 91.745125 -0.602669 0.402796 -0.688873 0.442512 0.727443 1 28 1.000000
 29 -60.532707 13.124093 93.283180 -0.492112 0.676559 -0.547808 0.473533 0.724361 1 28 1.000000
 29 -58.180019 11.365088 90.208374 -0.305129 0.500603 -0.810119 0.439185 0.690486 1 28 1.000000
MarioHand_alb.png
 29 -62.506947 12.342543 95.049133 -0.787848 0.502849 -0.355581 0.478218 0.758221 1 28 1.000000
 29 -63.298256 9.990701 94.024345 -0.842567 0.322971 -0.431010 0.447501 0.765850 1 28 1.000000
 29 -63.290932 11.086720 96.826698 -0.865827 0.332600 -0.373793 0.479530 0.793866 1 28 1.000000
MarioHand_alb.png
 29 -60.920517 10.735004 91.745125 -0.602669 0.402796 -0.688873 0.442512 0.727443 1 28 1.000000
 29 -63.298256 9.990701 94.024345 -0.842567 0.322971 -0.431010 0.447501 0.765850 1 28 1.000000
 29 -62.506947 12.342543 95.049133 -0.787848 0.502849 -0.355581 0.478218 0.758221 1 28 1.000000
MarioHand_alb.png
 29 -63.298256 9.990701 94.024345 -0.842567 0.322971 -0.431010 0.447501 0.765850 1 28 1.000000
 29 -64.148041 9.032112 98.299477 -0.639969 0.262014 -0.722349 0.461097 0.826154 1 28 1.000000
 29 -63.290932 11.086720 96.826698 -0.865827 0.332600 -0.373793 0.479530 0.793866 1 28 1.000000
MarioHand_alb.png
 29 -64.936676 5.842520 97.084724 -0.641680 -0.050835 -0.765286 0.417395 0.826032 1 28 1.000000
 29 -64.148041 9.032112 98.299477 -0.639969 0.262014 -0.722349 0.461097 0.826154 1 28 1.000000
 29 -63.298256 9.990701 94.024345 -0.842567 0.322971 -0.431010 0.447501 0.765850 1 28 1.000000
MarioHand_alb.png
 29 -58.369591 8.406944 89.416443 -0.361929 0.164375 -0.917599 0.405966 0.694896 1 28 1.000000
 29 -60.920517 10.735004 91.745125 -0.602669 0.402796 -0.688873 0.442512 0.727443 1 28 1.000000
 29 -58.180019 11.365088 90.208374 -0.305129 0.500603 -0.810119 0.439185 0.690486 1 28 1.000000
MarioHand_alb.png
 29 -58.369591 8.406944 89.416443 -0.361929 0.164375 -0.917599 0.405966 0.694896 1 28 1.000000
 29 -58.180019 11.365088 90.208374 -0.305129 0.500603 -0.810119 0.439185 0.690486 1 28 1.000000
 29 -54.713379 8.560640 88.652077 -0.138844 0.218947 -0.965808 0.403021 0.652689 1 28 1.000000
MarioHand_alb.png
 29 -54.983719 5.590392 88.253197 -0.178082 0.043090 -0.983072 0.368551 0.658930 1 28 1.000000
 29 -58.369591 8.406944 89.416443 -0.361929 0.164375 -0.917599 0.405966 0.694896 1 28 1.000000
 29 -54.713379 8.560640 88.652077 -0.138844 0.218947 -0.965808 0.403021 0.652689 1 28 1.000000
MarioHand_alb.png
 29 -61.484577 7.946098 90.776535 -0.643273 0.129055 -0.754682 0.409125 0.733120 1 28 1.000000
 29 -63.298256 9.990701 94.024345 -0.842567 0.322971 -0.431010 0.447501 0.765850 1 28 1.000000
 29 -60.920517 10.735004 91.745125 -0.602669 0.402796 -0.688873 0.442512 0.727443 1 28 1.000000
MarioHand_alb.png
 29 -61.484577 7.946098 90.776535 -0.643273 0.129055 -0.754682 0.409125 0.733120 1 28 1.000000
 29 -60.920517 10.735004 91.745125 -0.602669 0.402796 -0.688873 0.442512 0.727443 1 28 1.000000
 29 -58.369591 8.406944 89.416443 -0.361929 0.164375 -0.917599 0.405966 0.694896 1 28 1.000000
MarioHand_alb.png
 29 -58.236954 5.217325 89.111153 -0.385564 -0.031272 -0.922151 0.369833 0.699092 1 28 1.000000
 29 -58.369591 8.406944 89.416443 -0.361929 0.164375 -0.917599 0.405966 0.694896 1 28 1.000000
 29 -54.983719 5.590392 88.253197 -0.178082 0.043090 -0.983072 0.368551 0.658930 1 28 1.000000
MarioHand_alb.png
 29 -58.236954 5.217325 89.111153 -0.385564 -0.031272 -0.922151 0.369833 0.699092 1 28 1.000000
 29 -61.484577 7.946098 90.776535 -0.643273 0.129055 -0.754682 0.409125 0.733120 1 28 1.000000
 29 -58.369591 8.406944 89.416443 -0.361929 0.164375 -0.917599 0.405966 0.694896 1 28 1.000000
MarioHand_alb.png
 29 -54.854000 2.981239 88.249245 -0.218923 0.144789 -0.964940 0.337591 0.661814 1 28 1.000000
 29 -58.236954 5.217325 89.111153 -0.385564 -0.031272 -0.922151 0.369833 0.699092 1 28 1.000000
 29 -54.983719 5.590392 88.253197 -0.178082 0.043090 -0.983072 0.368551 0.658930 1 28 1.000000
MarioHand_alb.png
 29 -61.484577 7.946098 90.776535 -0.643273 0.129055 -0.754682 0.409125 0.733120 1 28 1.000000
 29 -63.590694 7.115784 93.734848 -0.845674 0.078293 -0.527926 0.414359 0.776150 1 28 1.000000
 29 -63.298256 9.990701 94.024345 -0.842567 0.322971 -0.431010 0.447501 0.765850 1 28 1.000000
MarioHand_alb.png
 29 -63.590694 7.115784 93.734848 -0.845674 0.078293 -0.527926 0.414359 0.776150 1 28 1.000000
 29 -64.936676 5.842520 97.084724 -0.641680 -0.050835 -0.765286 0.417395 0.826032 1 28 1.000000
 29 -63.298256 9.990701 94.024345 -0.842567 0.322971 -0.431010 0.447501 0.765850 1 28 1.000000
MarioHand_alb.png
 29 -58.236954 5.217325 89.111153 -0.385564 -0.031272 -0.922151 0.369833 0.699092 1 28 1.000000
 29 -61.267216 4.680323 90.833275 -0.647456 -0.138972 -0.749325 0.373129 0.740444 1 28 1.000000
 29 -61.484577 7.946098 90.776535 -0.643273 0.129055 -0.754682 0.409125 0.733120 1 28 1.000000
MarioHand_alb.png
 29 -61.484577 7.946098 90.776535 -0.643273 0.129055 -0.754682 0.409125 0.733120 1 28 1.000000
 29 -61.267216 4.680323 90.833275 -0.647456 -0.138972 -0.749325 0.373129 0.740444 1 28 1.000000
 29 -63.590694 7.115784 93.734848 -0.845674 0.078293 -0.527926 0.414359 0.776150 1 28 1.000000
MarioHand_alb.png
 29 -57.924133 2.149680 89.250587 -0.508710 0.113354 -0.853443 0.333333 0.703883 1 28 1.000000
 29 -58.236954 5.217325 89.111153 -0.385564 -0.031272 -0.922151 0.369833 0.699092 1 28 1.000000
 29 -54.854000 2.981239 88.249245 -0.218923 0.144789 -0.964940 0.337591 0.661814 1 28 1.000000
MarioHand_alb.png
 29 -57.924133 2.149680 89.250587 -0.508710 0.113354 -0.853443 0.333333 0.703883 1 28 1.000000
 29 -61.267216 4.680323 90.833275 -0.647456 -0.138972 -0.749325 0.373129 0.740444 1 28 1.000000
 29 -58.236954 5.217325 89.111153 -0.385564 -0.031272 -0.922151 0.369833 0.699092 1 28 1.000000
MarioHand_alb.png
 29 -54.695713 -0.282013 87.010796 -0.170135 0.232978 -0.957484 0.296239 0.662318 1 28 1.000000
 29 -57.924133 2.149680 89.250587 -0.508710 0.113354 -0.853443 0.333333 0.703883 1 28 1.000000
 29 -54.854000 2.981239 88.249245 -0.218923 0.144789 -0.964940 0.337591 0.661814 1 28 1.000000
MarioHand_alb.png
 29 -63.590694 7.115784 93.734848 -0.845674 0.078293 -0.527926 0.414359 0.776150 1 28 1.000000
 29 -63.719513 4.148190 93.940346 -0.812130 -0.125119 -0.569903 0.378836 0.787900 1 28 1.000000
 29 -64.936676 5.842520 97.084724 -0.641680 -0.050835 -0.765286 0.417395 0.826032 1 28 1.000000
MarioHand_alb.png
 29 -63.590694 7.115784 93.734848 -0.845674 0.078293 -0.527926 0.414359 0.776150 1 28 1.000000
 29 -61.267216 4.680323 90.833275 -0.647456 -0.138972 -0.749325 0.373129 0.740444 1 28 1.000000
 29 -63.719513 4.148190 93.940346 -0.812130 -0.125119 -0.569903 0.378836 0.787900 1 28 1.000000
MarioHand_alb.png
 29 -65.467339 3.087295 99.427704 -0.653765 0.215125 -0.725474 0.386069 0.858091 1 28 1.000000
 29 -64.936676 5.842520 97.084724 -0.641680 -0.050835 -0.765286 0.417395 0.826032 1 28 1.000000
 29 -63.719513 4.148190 93.940346 -0.812130 -0.125119 -0.569903 0.378836 0.787900 1 28 1.000000
MarioHand_alb.png
 29 -66.209564 0.429522 97.788795 -0.655195 0.109465 -0.747487 0.347478 0.848371 1 28 1.000000
 29 -65.467339 3.087295 99.427704 -0.653765 0.215125 -0.725474 0.386069 0.858091 1 28 1.000000
 29 -63.719513 4.148190 93.940346 -0.812130 -0.125119 -0.569903 0.378836 0.787900 1 28 1.000000
MarioHand_alb.png
 29 -60.510262 1.664890 91.595299 -0.709913 -0.011730 -0.704191 0.336233 0.748180 1 28 1.000000
 29 -63.719513 4.148190 93.940346 -0.812130 -0.125119 -0.569903 0.378836 0.787900 1 28 1.000000
 29 -61.267216 4.680323 90.833275 -0.647456 -0.138972 -0.749325 0.373129 0.740444 1 28 1.000000
MarioHand_alb.png
 29 -57.924133 2.149680 89.250587 -0.508710 0.113354 -0.853443 0.333333 0.703883 1 28 1.000000
 29 -60.510262 1.664890 91.595299 -0.709913 -0.011730 -0.704191 0.336233 0.748180 1 28 1.000000
 29 -61.267216 4.680323 90.833275 -0.647456 -0.138972 -0.749325 0.373129 0.740444 1 28 1.000000
MarioHand_alb.png
 29 -63.039143 1.145862 94.459740 -0.747331 -0.062599 -0.661497 0.341253 0.795438 1 28 1.000000
 29 -66.209564 0.429522 97.788795 -0.655195 0.109465 -0.747487 0.347478 0.848371 1 28 1.000000
 29 -63.719513 4.148190 93.940346 -0.812130 -0.125119 -0.569903 0.378836 0.787900 1 28 1.000000
MarioHand_alb.png
 29 -60.510262 1.664890 91.595299 -0.709913 -0.011730 -0.704191 0.336233 0.748180 1 28 1.000000
 29 -63.039143 1.145862 94.459740 -0.747331 -0.062599 -0.661497 0.341253 0.795438 1 28 1.000000
 29 -63.719513 4.148190 93.940346 -0.812130 -0.125119 -0.569903 0.378836 0.787900 1 28 1.000000
MarioHand_alb.png
 29 -57.977600 -1.360753 87.893921 -0.498044 0.280102 -0.820667 0.287846 0.704051 1 28 1.000000
 29 -57.924133 2.149680 89.250587 -0.508710 0.113354 -0.853443 0.333333 0.703883 1 28 1.000000
 29 -54.695713 -0.282013 87.010796 -0.170135 0.232978 -0.957484 0.296239 0.662318 1 28 1.000000
MarioHand_alb.png
 29 -56.513248 -5.290640 86.697357 0.029377 -0.150701 -0.988143 0.238514 0.687938 1 28 1.000000
 29 -57.977600 -1.360753 87.893921 -0.498044 0.280102 -0.820667 0.287846 0.704051 1 28 1.000000
 29 -54.695713 -0.282013 87.010796 -0.170135 0.232978 -0.957484 0.296239 0.662318 1 28 1.000000
MarioHand_alb.png
 29 -57.924133 2.149680 89.250587 -0.508710 0.113354 -0.853443 0.333333 0.703883 1 28 1.000000
 29 -60.994728 -1.314394 91.073021 -0.747697 0.230985 -0.622572 0.299733 0.756054 1 28 1.000000
 29 -60.510262 1.664890 91.595299 -0.709913 -0.011730 -0.704191 0.336233 0.748180 1 28 1.000000
MarioHand_alb.png
 29 -57.977600 -1.360753 87.893921 -0.498044 0.280102 -0.820667 0.287846 0.704051 1 28 1.000000
 29 -60.994728 -1.314394 91.073021 -0.747697 0.230985 -0.622572 0.299733 0.756054 1 28 1.000000
 29 -57.924133 2.149680 89.250587 -0.508710 0.113354 -0.853443 0.333333 0.703883 1 28 1.000000
MarioHand_alb.png
 29 -60.510262 1.664890 91.595299 -0.709913 -0.011730 -0.704191 0.336233 0.748180 1 28 1.000000
 29 -60.994728 -1.314394 91.073021 -0.747697 0.230985 -0.622572 0.299733 0.756054 1 28 1.000000
 29 -63.039143 1.145862 94.459740 -0.747331 -0.062599 -0.661497 0.341253 0.795438 1 28 1.000000
MarioHand_alb.png
 29 -56.513248 -5.290640 86.697357 0.029377 -0.150701 -0.988143 0.238514 0.687938 1 28 1.000000
 29 -60.108009 -4.856907 87.954773 -0.583596 0.234774 -0.777365 0.247639 0.731731 1 28 1.000000
 29 -57.977600 -1.360753 87.893921 -0.498044 0.280102 -0.820667 0.287846 0.704051 1 28 1.000000
MarioHand_alb.png
 29 -60.108009 -4.856907 87.954773 -0.583596 0.234774 -0.777365 0.247639 0.731731 1 28 1.000000
 29 -60.994728 -1.314394 91.073021 -0.747697 0.230985 -0.622572 0.299733 0.756054 1 28 1.000000
 29 -57.977600 -1.360753 87.893921 -0.498044 0.280102 -0.820667 0.287846 0.704051 1 28 1.000000
MarioHand_alb.png
 29 -63.587456 -1.624199 94.517319 -0.798445 0.150686 -0.582906 0.306157 0.804303 1 28 1.000000
 29 -66.209564 0.429522 97.788795 -0.655195 0.109465 -0.747487 0.347478 0.848371 1 28 1.000000
 29 -63.039143 1.145862 94.459740 -0.747331 -0.062599 -0.661497 0.341253 0.795438 1 28 1.000000
MarioHand_alb.png
 29 -60.994728 -1.314394 91.073021 -0.747697 0.230985 -0.622572 0.299733 0.756054 1 28 1.000000
 29 -63.587456 -1.624199 94.517319 -0.798445 0.150686 -0.582906 0.306157 0.804303 1 28 1.000000
 29 -63.039143 1.145862 94.459740 -0.747331 -0.062599 -0.661497 0.341253 0.795438 1 28 1.000000
MarioHand_alb.png
 29 -65.945427 -2.786101 98.972473 -0.700376 0.101781 -0.706480 0.313024 0.864622 1 28 1.000000
 29 -66.209564 0.429522 97.788795 -0.655195 0.109465 -0.747487 0.347478 0.848371 1 28 1.000000
 29 -63.587456 -1.624199 94.517319 -0.798445 0.150686 -0.582906 0.306157 0.804303 1 28 1.000000
MarioHand_alb.png
 29 -65.838005 -4.903759 96.884705 -0.704137 0.152671 -0.693457 0.279179 0.850584 1 28 1.000000
 29 -65.945427 -2.786101 98.972473 -0.700376 0.101781 -0.706480 0.313024 0.864622 1 28 1.000000
 29 -63.587456 -1.624199 94.517319 -0.798445 0.150686 -0.582906 0.306157 0.804303 1 28 1.000000
MarioHand_alb.png
 29 -61.696510 -4.239460 91.222267 -0.802803 0.235137 -0.547921 0.267933 0.771298 1 28 1.000000
 29 -63.587456 -1.624199 94.517319 -0.798445 0.150686 -0.582906 0.306157 0.804303 1 28 1.000000
 29 -60.994728 -1.314394 91.073021 -0.747697 0.230985 -0.622572 0.299733 0.756054 1 28 1.000000
MarioHand_alb.png
 29 -60.108009 -4.856907 87.954773 -0.583596 0.234774 -0.777365 0.247639 0.731731 1 28 1.000000
 29 -61.696510 -4.239460 91.222267 -0.802803 0.235137 -0.547921 0.267933 0.771298 1 28 1.000000
 29 -60.994728 -1.314394 91.073021 -0.747697 0.230985 -0.622572 0.299733 0.756054 1 28 1.000000
MarioHand_alb.png
 29 -63.996452 -5.094398 93.842560 -0.850715 0.084309 -0.518822 0.269032 0.813626 1 28 1.000000
 29 -65.838005 -4.903759 96.884705 -0.704137 0.152671 -0.693457 0.279179 0.850584 1 28 1.000000
 29 -63.587456 -1.624199 94.517319 -0.798445 0.150686 -0.582906 0.306157 0.804303 1 28 1.000000
MarioHand_alb.png
 29 -61.696510 -4.239460 91.222267 -0.802803 0.235137 -0.547921 0.267933 0.771298 1 28 1.000000
 29 -63.996452 -5.094398 93.842560 -0.850715 0.084309 -0.518822 0.269032 0.813626 1 28 1.000000
 29 -63.587456 -1.624199 94.517319 -0.798445 0.150686 -0.582906 0.306157 0.804303 1 28 1.000000
MarioHand_alb.png
 29 -63.890366 -8.189606 95.544434 -0.795807 -0.583121 -0.163282 0.241749 0.843839 1 28 1.000000
 29 -65.222748 -8.211580 97.717621 -0.302109 -0.767002 -0.566073 0.249042 0.875486 1 28 1.000000
 29 -65.838005 -4.903759 96.884705 -0.704137 0.152671 -0.693457 0.279179 0.850584 1 28 1.000000
MarioHand_alb.png
 29 -63.996452 -5.094398 93.842560 -0.850715 0.084309 -0.518822 0.269032 0.813626 1 28 1.000000
 29 -63.890366 -8.189606 95.544434 -0.795807 -0.583121 -0.163282 0.241749 0.843839 1 28 1.000000
 29 -65.838005 -4.903759 96.884705 -0.704137 0.152671 -0.693457 0.279179 0.850584 1 28 1.000000
MarioHand_alb.png
 29 -63.996452 -5.094398 93.842560 -0.850715 0.084309 -0.518822 0.269032 0.813626 1 28 1.000000
 29 -63.414894 -8.919008 93.551392 -0.962935 -0.160616 0.216699 0.233616 0.825773 1 28 1.000000
 29 -63.890366 -8.189606 95.544434 -0.795807 -0.583121 -0.163282 0.241749 0.843839 1 28 1.000000
MarioHand_alb.png
 29 -62.827412 -7.271080 90.827385 -0.859517 0.356511 -0.366239 0.241413 0.788861 1 28 1.000000
 29 -63.414894 -8.919008 93.551392 -0.962935 -0.160616 0.216699 0.233616 0.825773 1 28 1.000000
 29 -63.996452 -5.094398 93.842560 -0.850715 0.084309 -0.518822 0.269032 0.813626 1 28 1.000000
MarioHand_alb.png
 29 -61.696510 -4.239460 91.222267 -0.802803 0.235137 -0.547921 0.267933 0.771298 1 28 1.000000
 29 -62.827412 -7.271080 90.827385 -0.859517 0.356511 -0.366239 0.241413 0.788861 1 28 1.000000
 29 -63.996452 -5.094398 93.842560 -0.850715 0.084309 -0.518822 0.269032 0.813626 1 28 1.000000
MarioHand_alb.png
 29 -61.377464 -8.061022 88.064384 -0.485693 0.293591 -0.823351 0.217624 0.761868 1 28 1.000000
 29 -62.827412 -7.271080 90.827385 -0.859517 0.356511 -0.366239 0.241413 0.788861 1 28 1.000000
 29 -61.696510 -4.239460 91.222267 -0.802803 0.235137 -0.547921 0.267933 0.771298 1 28 1.000000
MarioHand_alb.png
 29 -61.377464 -8.061022 88.064384 -0.485693 0.293591 -0.823351 0.217624 0.761868 1 28 1.000000
 29 -61.696510 -4.239460 91.222267 -0.802803 0.235137 -0.547921 0.267933 0.771298 1 28 1.000000
 29 -60.108009 -4.856907 87.954773 -0.583596 0.234774 -0.777365 0.247639 0.731731 1 28 1.000000
MarioHand_alb.png
 29 -58.304436 -7.367571 87.152023 -0.058748 -0.119500 -0.991095 0.214008 0.715053 1 28 1.000000
 29 -61.377464 -8.061022 88.064384 -0.485693 0.293591 -0.823351 0.217624 0.761868 1 28 1.000000
 29 -60.108009 -4.856907 87.954773 -0.583596 0.234774 -0.777365 0.247639 0.731731 1 28 1.000000
MarioHand_alb.png
 29 -58.304436 -7.367571 87.152023 -0.058748 -0.119500 -0.991095 0.214008 0.715053 1 28 1.000000
 29 -60.108009 -4.856907 87.954773 -0.583596 0.234774 -0.777365 0.247639 0.731731 1 28 1.000000
 29 -56.513248 -5.290640 86.697357 0.029377 -0.150701 -0.988143 0.238514 0.687938 1 28 1.000000
MarioHand_alb.png
 29 -59.187981 -9.942356 87.296204 0.045007 0.029369 -0.998555 0.186007 0.742763 1 28 1.000000
 29 -61.377464 -8.061022 88.064384 -0.485693 0.293591 -0.823351 0.217624 0.761868 1 28 1.000000
 29 -58.304436 -7.367571 87.152023 -0.058748 -0.119500 -0.991095 0.214008 0.715053 1 28 1.000000
MarioHand_alb.png
 29 -55.050716 -8.544270 88.376633 0.387677 -0.505582 -0.770774 0.194919 0.672801 1 28 1.000000
 29 -58.304436 -7.367571 87.152023 -0.058748 -0.119500 -0.991095 0.214008 0.715053 1 28 1.000000
 29 -56.513248 -5.290640 86.697357 0.029377 -0.150701 -0.988143 0.238514 0.687938 1 28 1.000000
MarioHand_alb.png
 29 -56.302521 -10.013058 88.715393 0.471782 -0.443559 -0.762022 0.173526 0.702617 1 28 1.000000
 29 -59.187981 -9.942356 87.296204 0.045007 0.029369 -0.998555 0.186007 0.742763 1 28 1.000000
 29 -58.304436 -7.367571 87.152023 -0.058748 -0.119500 -0.991095 0.214008 0.715053 1 28 1.000000
MarioHand_alb.png
 29 -56.302521 -10.013058 88.715393 0.471782 -0.443559 -0.762022 0.173526 0.702617 1 28 1.000000
 29 -58.304436 -7.367571 87.152023 -0.058748 -0.119500 -0.991095 0.214008 0.715053 1 28 1.000000
 29 -55.050716 -8.544270 88.376633 0.387677 -0.505582 -0.770774 0.194919 0.672801 1 28 1.000000
MarioHand_alb.png
 29 -57.716423 -11.398554 88.013443 0.536224 -0.242369 -0.808531 0.163043 0.732021 1 28 1.000000
 29 -59.187981 -9.942356 87.296204 0.045007 0.029369 -0.998555 0.186007 0.742763 1 28 1.000000
 29 -56.302521 -10.013058 88.715393 0.471782 -0.443559 -0.762022 0.173526 0.702617 1 28 1.000000
MarioHand_alb.png
 29 -56.302521 -10.013058 88.715393 0.471782 -0.443559 -0.762022 0.173526 0.702617 1 28 1.000000
 29 -55.050716 -8.544270 88.376633 0.387677 -0.505582 -0.770774 0.194919 0.672801 1 28 1.000000
 29 -54.732300 -10.162794 90.781532 0.618324 -0.749255 -0.237259 0.162478 0.659998 1 28 1.000000
MarioHand_alb.png
 29 -57.716423 -11.398554 88.013443 0.536224 -0.242369 -0.808531 0.163043 0.732021 1 28 1.000000
 29 -56.302521 -10.013058 88.715393 0.471782 -0.443559 -0.762022 0.173526 0.702617 1 28 1.000000
 29 -57.138439 -12.610159 89.558807 0.761448 -0.551726 -0.340287 0.140261 0.721492 1 28 1.000000
MarioHand_alb.png
 29 -56.302521 -10.013058 88.715393 0.471782 -0.443559 -0.762022 0.173526 0.702617 1 28 1.000000
 29 -54.732300 -10.162794 90.781532 0.618324 -0.749255 -0.237259 0.162478 0.659998 1 28 1.000000
 29 -55.946724 -11.289751 90.794594 0.720169 -0.678973 -0.142661 0.146059 0.691539 1 28 1.000000
MarioHand_alb.png
 29 -56.302521 -10.013058 88.715393 0.471782 -0.443559 -0.762022 0.173526 0.702617 1 28 1.000000
 29 -55.946724 -11.289751 90.794594 0.720169 -0.678973 -0.142661 0.146059 0.691539 1 28 1.000000
 29 -57.138439 -12.610159 89.558807 0.761448 -0.551726 -0.340287 0.140261 0.721492 1 28 1.000000
MarioHand_alb.png
 29 -50.977898 13.337017 97.218819 0.395585 0.912286 0.106049 0.552071 0.536172 1 28 1.000000
 29 -49.153866 11.830957 99.494164 0.203702 0.898063 0.389857 0.509422 0.551141 1 28 1.000000
 29 -49.153866 12.531143 96.311340 0.188058 0.982155 0.002289 0.551141 0.566003 1 28 1.000000
MarioHand_alb.png
 29 -51.074524 12.312138 100.614456 0.391760 0.812035 0.432577 0.506844 0.520638 1 28 1.000000
 29 -49.153866 11.830957 99.494164 0.203702 0.898063 0.389857 0.509422 0.551141 1 28 1.000000
 29 -50.977898 13.337017 97.218819 0.395585 0.912286 0.106049 0.552071 0.536172 1 28 1.000000
MarioHand_alb.png
 29 -53.507767 14.288551 97.757820 0.293358 0.944355 0.148777 0.561028 0.498756 1 28 1.000000
 29 -51.074524 12.312138 100.614456 0.391760 0.812035 0.432577 0.506844 0.520638 1 28 1.000000
 29 -50.977898 13.337017 97.218819 0.395585 0.912286 0.106049 0.552071 0.536172 1 28 1.000000
MarioHand_alb.png
 29 -51.074524 12.312138 100.614456 0.391760 0.812035 0.432577 0.506844 0.520638 1 28 1.000000
 29 -49.153866 9.935482 102.210884 0.205602 0.660960 0.721706 0.463920 0.542000 1 28 1.000000
 29 -49.153866 11.830957 99.494164 0.203702 0.898063 0.389857 0.509422 0.551141 1 28 1.000000
MarioHand_alb.png
 29 -53.633217 13.012157 101.324112 0.279993 0.831015 0.480642 0.512337 0.483894 1 28 1.000000
 29 -51.074524 12.312138 100.614456 0.391760 0.812035 0.432577 0.506844 0.520638 1 28 1.000000
 29 -53.507767 14.288551 97.757820 0.293358 0.944355 0.148777 0.561028 0.498756 1 28 1.000000
MarioHand_alb.png
 29 -56.770214 15.020344 98.208984 0.131224 0.981033 0.142668 0.570321 0.451881 1 28 1.000000
 29 -53.633217 13.012157 101.324112 0.279993 0.831015 0.480642 0.512337 0.483894 1 28 1.000000
 29 -53.507767 14.288551 97.757820 0.293358 0.944355 0.148777 0.561028 0.498756 1 28 1.000000
MarioHand_alb.png
 29 -51.206528 10.250944 103.457199 0.369275 0.561065 0.740839 0.460960 0.509667 1 28 1.000000
 29 -49.153866 9.935482 102.210884 0.205602 0.660960 0.721706 0.463920 0.542000 1 28 1.000000
 29 -51.074524 12.312138 100.614456 0.391760 0.812035 0.432577 0.506844 0.520638 1 28 1.000000
MarioHand_alb.png
 29 -53.633217 13.012157 101.324112 0.279993 0.831015 0.480642 0.512337 0.483894 1 28 1.000000
 29 -51.206528 10.250944 103.457199 0.369275 0.561065 0.740839 0.460960 0.509667 1 28 1.000000
 29 -51.074524 12.312138 100.614456 0.391760 0.812035 0.432577 0.506844 0.520638 1 28 1.000000
MarioHand_alb.png
 29 -51.206528 10.250944 103.457199 0.369275 0.561065 0.740839 0.460960 0.509667 1 28 1.000000
 29 -49.153862 7.049801 103.995384 0.123233 0.326779 0.937032 0.415885 0.536736 1 28 1.000000
 29 -49.153866 9.935482 102.210884 0.205602 0.660960 0.721706 0.463920 0.542000 1 28 1.000000
MarioHand_alb.png
 29 -56.659882 13.640995 101.699394 0.175482 0.833347 0.524156 0.520577 0.442542 1 28 1.000000
 29 -53.633217 13.012157 101.324112 0.279993 0.831015 0.480642 0.512337 0.483894 1 28 1.000000
 29 -56.770214 15.020344 98.208984 0.131224 0.981033 0.142668 0.570321 0.451881 1 28 1.000000
MarioHand_alb.png
 29 -59.495304 15.024824 99.366585 0.006485 0.981915 0.189211 0.570550 0.408133 1 28 1.000000
 29 -56.659882 13.640995 101.699394 0.175482 0.833347 0.524156 0.520577 0.442542 1 28 1.000000
 29 -56.770214 15.020344 98.208984 0.131224 0.981033 0.142668 0.570321 0.451881 1 28 1.000000
MarioHand_alb.png
 29 -53.869507 10.703906 104.202820 0.228865 0.552042 0.801792 0.464836 0.472633 1 28 1.000000
 29 -51.206528 10.250944 103.457199 0.369275 0.561065 0.740839 0.460960 0.509667 1 28 1.000000
 29 -53.633217 13.012157 101.324112 0.279993 0.831015 0.480642 0.512337 0.483894 1 28 1.000000
MarioHand_alb.png
 29 -56.659882 13.640995 101.699394 0.175482 0.833347 0.524156 0.520577 0.442542 1 28 1.000000
 29 -53.869507 10.703906 104.202820 0.228865 0.552042 0.801792 0.464836 0.472633 1 28 1.000000
 29 -53.633217 13.012157 101.324112 0.279993 0.831015 0.480642 0.512337 0.483894 1 28 1.000000
MarioHand_alb.png
 29 -51.428905 7.090028 104.809418 0.291348 0.240439 0.925908 0.414908 0.503975 1 28 1.000000
 29 -49.153862 7.049801 103.995384 0.123233 0.326779 0.937032 0.415885 0.536736 1 28 1.000000
 29 -51.206528 10.250944 103.457199 0.369275 0.561065 0.740839 0.460960 0.509667 1 28 1.000000
MarioHand_alb.png
 29 -53.869507 10.703906 104.202820 0.228865 0.552042 0.801792 0.464836 0.472633 1 28 1.000000
 29 -51.428905 7.090028 104.809418 0.291348 0.240439 0.925908 0.414908 0.503975 1 28 1.000000
 29 -51.206528 10.250944 103.457199 0.369275 0.561065 0.740839 0.460960 0.509667 1 28 1.000000
MarioHand_alb.png
 29 -51.428905 7.090028 104.809418 0.291348 0.240439 0.925908 0.414908 0.503975 1 28 1.000000
 29 -49.160114 3.669015 104.654564 0.038902 0.003909 0.999235 0.367300 0.533974 1 28 1.000000
 29 -49.153862 7.049801 103.995384 0.123233 0.326779 0.937032 0.415885 0.536736 1 28 1.000000
MarioHand_alb.png
 29 -59.649704 13.875656 102.075684 0.082011 0.809527 0.581326 0.524025 0.401785 1 28 1.000000
 29 -56.659882 13.640995 101.699394 0.175482 0.833347 0.524156 0.520577 0.442542 1 28 1.000000
 29 -59.495304 15.024824 99.366585 0.006485 0.981915 0.189211 0.570550 0.408133 1 28 1.000000
MarioHand_alb.png
 29 -61.547649 14.630848 100.124168 -0.114819 0.980630 0.158686 0.563638 0.365408 1 28 1.000000
 29 -59.649704 13.875656 102.075684 0.082011 0.809527 0.581326 0.524025 0.401785 1 28 1.000000
 29 -59.495304 15.024824 99.366585 0.006485 0.981915 0.189211 0.570550 0.408133 1 28 1.000000
MarioHand_alb.png
 29 -56.790436 11.092915 104.456429 0.111778 0.536858 0.836235 0.471458 0.433967 1 28 1.000000
 29 -53.869507 10.703906 104.202820 0.228865 0.552042 0.801792 0.464836 0.472633 1 28 1.000000
 29 -56.659882 13.640995 101.699394 0.175482 0.833347 0.524156 0.520577 0.442542 1 28 1.000000
MarioHand_alb.png
 29 -59.649704 13.875656 102.075684 0.082011 0.809527 0.581326 0.524025 0.401785 1 28 1.000000
 29 -56.790436 11.092915 104.456429 0.111778 0.536858 0.836235 0.471458 0.433967 1 28 1.000000
 29 -56.659882 13.640995 101.699394 0.175482 0.833347 0.524156 0.520577 0.442542 1 28 1.000000
MarioHand_alb.png
 29 -62.512901 13.828043 102.508453 -0.001907 0.790925 0.611910 0.523690 0.364019 1 28 1.000000
 29 -59.649704 13.875656 102.075684 0.082011 0.809527 0.581326 0.524025 0.401785 1 28 1.000000
 29 -61.547649 14.630848 100.124168 -0.114819 0.980630 0.158686 0.563638 0.365408 1 28 1.000000
MarioHand_alb.png
 29 -62.512901 13.828043 102.508453 -0.001907 0.790925 0.611910 0.523690 0.364019 1 28 1.000000
 29 -61.547649 14.630848 100.124168 -0.114819 0.980630 0.158686 0.563638 0.365408 1 28 1.000000
 29 -63.127121 14.584089 99.810410 0.091556 0.995765 0.008393 0.558145 0.341192 1 28 1.000000
MarioHand_alb.png
 29 -64.375809 14.100267 101.810486 -0.036621 0.858697 0.511174 0.522744 0.337209 1 28 1.000000
 29 -62.512901 13.828043 102.508453 -0.001907 0.790925 0.611910 0.523690 0.364019 1 28 1.000000
 29 -63.127121 14.584089 99.810410 0.091556 0.995765 0.008393 0.558145 0.341192 1 28 1.000000
MarioHand_alb.png
 29 -62.512901 13.828043 102.508453 -0.001907 0.790925 0.611910 0.523690 0.364019 1 28 1.000000
 29 -60.008331 11.418449 104.441986 0.024793 0.498347 0.866623 0.479072 0.391501 1 28 1.000000
 29 -59.649704 13.875656 102.075684 0.082011 0.809527 0.581326 0.524025 0.401785 1 28 1.000000
MarioHand_alb.png
 29 -60.008331 11.418449 104.441986 0.024793 0.498347 0.866623 0.479072 0.391501 1 28 1.000000
 29 -56.790436 11.092915 104.456429 0.111778 0.536858 0.836235 0.471458 0.433967 1 28 1.000000
 29 -59.649704 13.875656 102.075684 0.082011 0.809527 0.581326 0.524025 0.401785 1 28 1.000000
MarioHand_alb.png
 29 -63.325432 11.673250 104.204216 -0.111378 0.453714 0.884160 0.483955 0.355123 1 28 1.000000
 29 -62.512901 13.828043 102.508453 -0.001907 0.790925 0.611910 0.523690 0.364019 1 28 1.000000
 29 -64.375809 14.100267 101.810486 -0.036621 0.858697 0.511174 0.522744 0.337209 1 28 1.000000
MarioHand_alb.png
 29 -63.325432 11.673250 104.204216 -0.111378 0.453714 0.884160 0.483955 0.355123 1 28 1.000000
 29 -60.008331 11.418449 104.441986 0.024793 0.498347 0.866623 0.479072 0.391501 1 28 1.000000
 29 -62.512901 13.828043 102.508453 -0.001907 0.790925 0.611910 0.523690 0.364019 1 28 1.000000
MarioHand_alb.png
 29 -65.899719 12.453087 102.977028 -0.311251 0.420722 0.852124 0.487724 0.329793 1 28 1.000000
 29 -63.325432 11.673250 104.204216 -0.111378 0.453714 0.884160 0.483955 0.355123 1 28 1.000000
 29 -64.375809 14.100267 101.810486 -0.036621 0.858697 0.511174 0.522744 0.337209 1 28 1.000000
MarioHand_alb.png
 29 -65.899719 12.453087 102.977028 -0.311251 0.420722 0.852124 0.487724 0.329793 1 28 1.000000
 29 -66.136864 10.145159 103.293793 -0.347184 0.294153 0.890470 0.457099 0.318410 1 28 1.000000
 29 -63.325432 11.673250 104.204216 -0.111378 0.453714 0.884160 0.483955 0.355123 1 28 1.000000
MarioHand_alb.png
 29 -66.136864 10.145159 103.293793 -0.347184 0.294153 0.890470 0.457099 0.318410 1 28 1.000000
 29 -63.632442 8.127256 105.353615 -0.162499 0.269974 0.949057 0.432380 0.345754 1 28 1.000000
 29 -63.325432 11.673250 104.204216 -0.111378 0.453714 0.884160 0.483955 0.355123 1 28 1.000000
MarioHand_alb.png
 29 -63.325432 11.673250 104.204216 -0.111378 0.453714 0.884160 0.483955 0.355123 1 28 1.000000
 29 -63.632442 8.127256 105.353615 -0.162499 0.269974 0.949057 0.432380 0.345754 1 28 1.000000
 29 -60.008331 11.418449 104.441986 0.024793 0.498347 0.866623 0.479072 0.391501 1 28 1.000000
MarioHand_alb.png
 29 -66.136864 10.145159 103.293793 -0.347184 0.294153 0.890470 0.457099 0.318410 1 28 1.000000
 29 -66.032402 7.030745 104.750397 -0.277706 0.252243 0.926959 0.414572 0.310140 1 28 1.000000
 29 -63.632442 8.127256 105.353615 -0.162499 0.269974 0.949057 0.432380 0.345754 1 28 1.000000
MarioHand_alb.png
 29 -60.008331 11.418449 104.441986 0.024793 0.498347 0.866623 0.479072 0.391501 1 28 1.000000
 29 -57.260311 7.564305 105.729691 0.072867 0.223084 0.972072 0.422675 0.424262 1 28 1.000000
 29 -56.790436 11.092915 104.456429 0.111778 0.536858 0.836235 0.471458 0.433967 1 28 1.000000
MarioHand_alb.png
 29 -66.032402 7.030745 104.750397 -0.277706 0.252243 0.926959 0.414572 0.310140 1 28 1.000000
 29 -63.546303 4.194347 106.106552 -0.138897 0.092058 0.986019 0.380224 0.340810 1 28 1.000000
 29 -63.632442 8.127256 105.353615 -0.162499 0.269974 0.949057 0.432380 0.345754 1 28 1.000000
MarioHand_alb.png
 29 -66.032402 7.030745 104.750397 -0.277706 0.252243 0.926959 0.414572 0.310140 1 28 1.000000
 29 -66.265625 3.571248 105.367424 -0.340238 0.117386 0.932984 0.370718 0.305089 1 28 1.000000
 29 -63.546303 4.194347 106.106552 -0.138897 0.092058 0.986019 0.380224 0.340810 1 28 1.000000
MarioHand_alb.png
 29 -63.632442 8.127256 105.353615 -0.162499 0.269974 0.949057 0.432380 0.345754 1 28 1.000000
 29 -60.365417 7.708312 105.732109 -0.019460 0.242580 0.969936 0.427146 0.382696 1 28 1.000000
 29 -60.008331 11.418449 104.441986 0.024793 0.498347 0.866623 0.479072 0.391501 1 28 1.000000
MarioHand_alb.png
 29 -60.008331 11.418449 104.441986 0.024793 0.498347 0.866623 0.479072 0.391501 1 28 1.000000
 29 -60.365417 7.708312 105.732109 -0.019460 0.242580 0.969936 0.427146 0.382696 1 28 1.000000
 29 -57.260311 7.564305 105.729691 0.072867 0.223084 0.972072 0.422675 0.424262 1 28 1.000000
MarioHand_alb.png
 29 -63.632442 8.127256 105.353615 -0.162499 0.269974 0.949057 0.432380 0.345754 1 28 1.000000
 29 -63.546303 4.194347 106.106552 -0.138897 0.092058 0.986019 0.380224 0.340810 1 28 1.000000
 29 -60.365417 7.708312 105.732109 -0.019460 0.242580 0.969936 0.427146 0.382696 1 28 1.000000
MarioHand_alb.png
 29 -66.265625 3.571248 105.367424 -0.340238 0.117386 0.932984 0.370718 0.305089 1 28 1.000000
 29 -65.638702 0.073377 105.567131 -0.097625 -0.085939 0.991506 0.328939 0.303883 1 28 1.000000
 29 -63.546303 4.194347 106.106552 -0.138897 0.092058 0.986019 0.380224 0.340810 1 28 1.000000
MarioHand_alb.png
 29 -56.790436 11.092915 104.456429 0.111778 0.536858 0.836235 0.471458 0.433967 1 28 1.000000
 29 -57.260311 7.564305 105.729691 0.072867 0.223084 0.972072 0.422675 0.424262 1 28 1.000000
 29 -54.061314 7.393640 105.414909 0.173517 0.215275 0.961015 0.418769 0.467338 1 28 1.000000
MarioHand_alb.png
 29 -56.790436 11.092915 104.456429 0.111778 0.536858 0.836235 0.471458 0.433967 1 28 1.000000
 29 -54.061314 7.393640 105.414909 0.173517 0.215275 0.961015 0.418769 0.467338 1 28 1.000000
 29 -53.869507 10.703906 104.202820 0.228865 0.552042 0.801792 0.464836 0.472633 1 28 1.000000
MarioHand_alb.png
 29 -53.869507 10.703906 104.202820 0.228865 0.552042 0.801792 0.464836 0.472633 1 28 1.000000
 29 -54.061314 7.393640 105.414909 0.173517 0.215275 0.961015 0.418769 0.467338 1 28 1.000000
 29 -51.428905 7.090028 104.809418 0.291348 0.240439 0.925908 0.414908 0.503975 1 28 1.000000
MarioHand_alb.png
 29 -57.260311 7.564305 105.729691 0.072867 0.223084 0.972072 0.422675 0.424262 1 28 1.000000
 29 -57.411514 3.917519 106.140862 0.088128 0.027421 0.995732 0.374609 0.419944 1 28 1.000000
 29 -54.061314 7.393640 105.414909 0.173517 0.215275 0.961015 0.418769 0.467338 1 28 1.000000
MarioHand_alb.png
 29 -60.365417 7.708312 105.732109 -0.019460 0.242580 0.969936 0.427146 0.382696 1 28 1.000000
 29 -57.411514 3.917519 106.140862 0.088128 0.027421 0.995732 0.374609 0.419944 1 28 1.000000
 29 -57.260311 7.564305 105.729691 0.072867 0.223084 0.972072 0.422675 0.424262 1 28 1.000000
MarioHand_alb.png
 29 -54.061314 7.393640 105.414909 0.173517 0.215275 0.961015 0.418769 0.467338 1 28 1.000000
 29 -54.173656 3.696595 105.728447 0.160563 0.001955 0.987024 0.369955 0.464149 1 28 1.000000
 29 -51.428905 7.090028 104.809418 0.291348 0.240439 0.925908 0.414908 0.503975 1 28 1.000000
MarioHand_alb.png
 29 -57.411514 3.917519 106.140862 0.088128 0.027421 0.995732 0.374609 0.419944 1 28 1.000000
 29 -54.173656 3.696595 105.728447 0.160563 0.001955 0.987024 0.369955 0.464149 1 28 1.000000
 29 -54.061314 7.393640 105.414909 0.173517 0.215275 0.961015 0.418769 0.467338 1 28 1.000000
MarioHand_alb.png
 29 -63.546303 4.194347 106.106552 -0.138897 0.092058 0.986019 0.380224 0.340810 1 28 1.000000
 29 -60.805847 4.087891 106.334488 -0.011445 0.062659 0.997969 0.378058 0.376608 1 28 1.000000
 29 -60.365417 7.708312 105.732109 -0.019460 0.242580 0.969936 0.427146 0.382696 1 28 1.000000
MarioHand_alb.png
 29 -60.365417 7.708312 105.732109 -0.019460 0.242580 0.969936 0.427146 0.382696 1 28 1.000000
 29 -60.805847 4.087891 106.334488 -0.011445 0.062659 0.997969 0.378058 0.376608 1 28 1.000000
 29 -57.411514 3.917519 106.140862 0.088128 0.027421 0.995732 0.374609 0.419944 1 28 1.000000
MarioHand_alb.png
 29 -63.546303 4.194347 106.106552 -0.138897 0.092058 0.986019 0.380224 0.340810 1 28 1.000000
 29 -63.194489 0.384250 106.056213 -0.088515 -0.105640 0.990457 0.330449 0.340002 1 28 1.000000
 29 -60.805847 4.087891 106.334488 -0.011445 0.062659 0.997969 0.378058 0.376608 1 28 1.000000
MarioHand_alb.png
 29 -63.546303 4.194347 106.106552 -0.138897 0.092058 0.986019 0.380224 0.340810 1 28 1.000000
 29 -65.638702 0.073377 105.567131 -0.097625 -0.085939 0.991506 0.328939 0.303883 1 28 1.000000
 29 -63.194489 0.384250 106.056213 -0.088515 -0.105640 0.990457 0.330449 0.340002 1 28 1.000000
MarioHand_alb.png
 29 -60.805847 4.087891 106.334488 -0.011445 0.062659 0.997969 0.378058 0.376608 1 28 1.000000
 29 -60.598312 0.546898 106.165260 0.019451 -0.115228 0.993149 0.331640 0.375402 1 28 1.000000
 29 -57.411514 3.917519 106.140862 0.088128 0.027421 0.995732 0.374609 0.419944 1 28 1.000000
MarioHand_alb.png
 29 -60.805847 4.087891 106.334488 -0.011445 0.062659 0.997969 0.378058 0.376608 1 28 1.000000
 29 -63.194489 0.384250 106.056213 -0.088515 -0.105640 0.990457 0.330449 0.340002 1 28 1.000000
 29 -60.598312 0.546898 106.165260 0.019451 -0.115228 0.993149 0.331640 0.375402 1 28 1.000000
MarioHand_alb.png
 29 -57.411514 3.917519 106.140862 0.088128 0.027421 0.995732 0.374609 0.419944 1 28 1.000000
 29 -60.598312 0.546898 106.165260 0.019451 -0.115228 0.993149 0.331640 0.375402 1 28 1.000000
 29 -57.442066 0.657048 105.916054 0.111752 -0.133063 0.984787 0.331746 0.418189 1 28 1.000000
MarioHand_alb.png
 29 -57.411514 3.917519 106.140862 0.088128 0.027421 0.995732 0.374609 0.419944 1 28 1.000000
 29 -57.442066 0.657048 105.916054 0.111752 -0.133063 0.984787 0.331746 0.418189 1 28 1.000000
 29 -54.173656 3.696595 105.728447 0.160563 0.001955 0.987024 0.369955 0.464149 1 28 1.000000
MarioHand_alb.png
 29 -63.194489 0.384250 106.056213 -0.088515 -0.105640 0.990457 0.330449 0.340002 1 28 1.000000
 29 -60.412903 -2.383394 105.545776 0.045026 -0.284036 0.957756 0.291997 0.377310 1 28 1.000000
 29 -60.598312 0.546898 106.165260 0.019451 -0.115228 0.993149 0.331640 0.375402 1 28 1.000000
MarioHand_alb.png
 29 -60.598312 0.546898 106.165260 0.019451 -0.115228 0.993149 0.331640 0.375402 1 28 1.000000
 29 -60.412903 -2.383394 105.545776 0.045026 -0.284036 0.957756 0.291997 0.377310 1 28 1.000000
 29 -57.442066 0.657048 105.916054 0.111752 -0.133063 0.984787 0.331746 0.418189 1 28 1.000000
MarioHand_alb.png
 29 -65.638702 0.073377 105.567131 -0.097625 -0.085939 0.991506 0.328939 0.303883 1 28 1.000000
 29 -63.002998 -2.660607 105.466866 -0.045028 -0.276014 0.960098 0.290410 0.340825 1 28 1.000000
 29 -63.194489 0.384250 106.056213 -0.088515 -0.105640 0.990457 0.330449 0.340002 1 28 1.000000
MarioHand_alb.png
 29 -63.194489 0.384250 106.056213 -0.088515 -0.105640 0.990457 0.330449 0.340002 1 28 1.000000
 29 -63.002998 -2.660607 105.466866 -0.045028 -0.276014 0.960098 0.290410 0.340825 1 28 1.000000
 29 -60.412903 -2.383394 105.545776 0.045026 -0.284036 0.957756 0.291997 0.377310 1 28 1.000000
MarioHand_alb.png
 29 -65.638702 0.073377 105.567131 -0.097625 -0.085939 0.991506 0.328939 0.303883 1 28 1.000000
 29 -65.729469 -3.127839 104.961456 -0.213556 -0.261892 0.941173 0.286763 0.302037 1 28 1.000000
 29 -63.002998 -2.660607 105.466866 -0.045028 -0.276014 0.960098 0.290410 0.340825 1 28 1.000000
MarioHand_alb.png
 29 -65.729469 -3.127839 104.961456 -0.213556 -0.261892 0.941173 0.286763 0.302037 1 28 1.000000
 29 -64.935730 -6.110055 104.126762 0.142659 -0.424544 0.894098 0.247776 0.308751 1 28 1.000000
 29 -63.002998 -2.660607 105.466866 -0.045028 -0.276014 0.960098 0.290410 0.340825 1 28 1.000000
MarioHand_alb.png
 29 -60.412903 -2.383394 105.545776 0.045026 -0.284036 0.957756 0.291997 0.377310 1 28 1.000000
 29 -57.304001 -2.193831 105.318283 0.140382 -0.289538 0.946816 0.293553 0.419318 1 28 1.000000
 29 -57.442066 0.657048 105.916054 0.111752 -0.133063 0.984787 0.331746 0.418189 1 28 1.000000
MarioHand_alb.png
 29 -63.002998 -2.660607 105.466866 -0.045028 -0.276014 0.960098 0.290410 0.340825 1 28 1.000000
 29 -64.935730 -6.110055 104.126762 0.142659 -0.424544 0.894098 0.247776 0.308751 1 28 1.000000
 29 -62.924515 -5.375816 104.354645 0.035858 -0.505443 0.862114 0.250080 0.342580 1 28 1.000000
MarioHand_alb.png
 29 -63.002998 -2.660607 105.466866 -0.045028 -0.276014 0.960098 0.290410 0.340825 1 28 1.000000
 29 -60.286213 -5.224834 104.416489 0.062560 -0.518220 0.852956 0.251514 0.379675 1 28 1.000000
 29 -60.412903 -2.383394 105.545776 0.045026 -0.284036 0.957756 0.291997 0.377310 1 28 1.000000
MarioHand_alb.png
 29 -63.002998 -2.660607 105.466866 -0.045028 -0.276014 0.960098 0.290410 0.340825 1 28 1.000000
 29 -62.924515 -5.375816 104.354645 0.035858 -0.505443 0.862114 0.250080 0.342580 1 28 1.000000
 29 -60.286213 -5.224834 104.416489 0.062560 -0.518220 0.852956 0.251514 0.379675 1 28 1.000000
MarioHand_alb.png
 29 -60.412903 -2.383394 105.545776 0.045026 -0.284036 0.957756 0.291997 0.377310 1 28 1.000000
 29 -60.286213 -5.224834 104.416489 0.062560 -0.518220 0.852956 0.251514 0.379675 1 28 1.000000
 29 -57.304001 -2.193831 105.318283 0.140382 -0.289538 0.946816 0.293553 0.419318 1 28 1.000000
MarioHand_alb.png
 29 -64.935730 -6.110055 104.126762 0.142659 -0.424544 0.894098 0.247776 0.308751 1 28 1.000000
 29 -62.639145 -7.396348 102.657242 0.083919 -0.832416 0.547760 0.214893 0.346059 1 28 1.000000
 29 -62.924515 -5.375816 104.354645 0.035858 -0.505443 0.862114 0.250080 0.342580 1 28 1.000000
MarioHand_alb.png
 29 -62.924515 -5.375816 104.354645 0.035858 -0.505443 0.862114 0.250080 0.342580 1 28 1.000000
 29 -62.639145 -7.396348 102.657242 0.083919 -0.832416 0.547760 0.214893 0.346059 1 28 1.000000
 29 -60.286213 -5.224834 104.416489 0.062560 -0.518220 0.852956 0.251514 0.379675 1 28 1.000000
MarioHand_alb.png
 29 -64.935730 -6.110055 104.126762 0.142659 -0.424544 0.894098 0.247776 0.308751 1 28 1.000000
 29 -64.471725 -7.835629 102.473221 0.305172 -0.858202 0.412746 0.214389 0.313329 1 28 1.000000
 29 -62.639145 -7.396348 102.657242 0.083919 -0.832416 0.547760 0.214893 0.346059 1 28 1.000000
MarioHand_alb.png
 29 -62.639145 -7.396348 102.657242 0.083919 -0.832416 0.547760 0.214893 0.346059 1 28 1.000000
 29 -64.471725 -7.835629 102.473221 0.305172 -0.858202 0.412746 0.214389 0.313329 1 28 1.000000
 29 -64.644730 -8.490259 100.145569 0.216668 -0.976245 0.000000 0.182452 0.315709 1 28 1.000000
MarioHand_alb.png
 29 -62.639145 -7.396348 102.657242 0.083919 -0.832416 0.547760 0.214893 0.346059 1 28 1.000000
 29 -64.644730 -8.490259 100.145569 0.216668 -0.976245 0.000000 0.182452 0.315709 1 28 1.000000
 29 -62.176075 -8.067030 99.530289 -0.070573 -0.959600 0.272373 0.176455 0.352682 1 28 1.000000
MarioHand_alb.png
 29 -64.644730 -8.490259 100.145569 0.216668 -0.976245 0.000000 0.182452 0.315709 1 28 1.000000
 29 -65.222748 -8.211580 97.717621 -0.302109 -0.767002 -0.566073 0.151095 0.315785 1 28 1.000000
 29 -62.176075 -8.067030 99.530289 -0.070573 -0.959600 0.272373 0.176455 0.352682 1 28 1.000000
MarioHand_alb.png
 29 -62.639145 -7.396348 102.657242 0.083919 -0.832416 0.547760 0.214893 0.346059 1 28 1.000000
 29 -60.003075 -7.613336 102.336250 0.027847 -0.780864 0.624081 0.209598 0.385321 1 28 1.000000
 29 -60.286213 -5.224834 104.416489 0.062560 -0.518220 0.852956 0.251514 0.379675 1 28 1.000000
MarioHand_alb.png
 29 -62.639145 -7.396348 102.657242 0.083919 -0.832416 0.547760 0.214893 0.346059 1 28 1.000000
 29 -62.176075 -8.067030 99.530289 -0.070573 -0.959600 0.272373 0.176455 0.352682 1 28 1.000000
 29 -60.003075 -7.613336 102.336250 0.027847 -0.780864 0.624081 0.209598 0.385321 1 28 1.000000
MarioHand_alb.png
 29 -62.176075 -8.067030 99.530289 -0.070573 -0.959600 0.272373 0.176455 0.352682 1 28 1.000000
 29 -65.222748 -8.211580 97.717621 -0.302109 -0.767002 -0.566073 0.151095 0.315785 1 28 1.000000
 29 -62.308273 -9.033047 96.943459 -0.397109 -0.872038 0.286102 0.141619 0.364279 1 28 1.000000
MarioHand_alb.png
 29 -65.222748 -8.211580 97.717621 -0.302109 -0.767002 -0.566073 0.151095 0.315785 1 28 1.000000
 29 -63.890366 -8.189606 95.544434 -0.795807 -0.583121 -0.163282 0.121752 0.337270 1 28 1.000000
 29 -62.308273 -9.033047 96.943459 -0.397109 -0.872038 0.286102 0.141619 0.364279 1 28 1.000000
MarioHand_alb.png
 29 -62.176075 -8.067030 99.530289 -0.070573 -0.959600 0.272373 0.176455 0.352682 1 28 1.000000
 29 -62.308273 -9.033047 96.943459 -0.397109 -0.872038 0.286102 0.141619 0.364279 1 28 1.000000
 29 -59.122795 -9.211777 98.747284 -0.090028 -0.898183 0.430304 0.159213 0.405127 1 28 1.000000
MarioHand_alb.png
 29 -62.176075 -8.067030 99.530289 -0.070573 -0.959600 0.272373 0.176455 0.352682 1 28 1.000000
 29 -59.122795 -9.211777 98.747284 -0.090028 -0.898183 0.430304 0.159213 0.405127 1 28 1.000000
 29 -60.003075 -7.613336 102.336250 0.027847 -0.780864 0.624081 0.209598 0.385321 1 28 1.000000
MarioHand_alb.png
 29 -62.308273 -9.033047 96.943459 -0.397109 -0.872038 0.286102 0.141619 0.364279 1 28 1.000000
 29 -63.890366 -8.189606 95.544434 -0.795807 -0.583121 -0.163282 0.121752 0.337270 1 28 1.000000
 29 -61.198845 -10.580050 94.920860 -0.448199 -0.670486 0.591241 0.112230 0.383856 1 28 1.000000
MarioHand_alb.png
 29 -63.890366 -8.189606 95.544434 -0.795807 -0.583121 -0.163282 0.121752 0.337270 1 28 1.000000
 29 -63.414894 -8.919008 93.551392 -0.962935 -0.160616 0.216699 0.100038 0.344030 1 28 1.000000
 29 -61.198845 -10.580050 94.920860 -0.448199 -0.670486 0.591241 0.112230 0.383856 1 28 1.000000
MarioHand_alb.png
 29 -62.308273 -9.033047 96.943459 -0.397109 -0.872038 0.286102 0.141619 0.364279 1 28 1.000000
 29 -61.198845 -10.580050 94.920860 -0.448199 -0.670486 0.591241 0.112230 0.383856 1 28 1.000000
 29 -59.122795 -9.211777 98.747284 -0.090028 -0.898183 0.430304 0.159213 0.405127 1 28 1.000000
MarioHand_alb.png
 29 -60.286213 -5.224834 104.416489 0.062560 -0.518220 0.852956 0.251514 0.379675 1 28 1.000000
 29 -60.003075 -7.613336 102.336250 0.027847 -0.780864 0.624081 0.209598 0.385321 1 28 1.000000
 29 -56.996002 -5.040452 104.183258 0.181979 -0.530581 0.827870 0.253574 0.423453 1 28 1.000000
MarioHand_alb.png
 29 -57.304001 -2.193831 105.318283 0.140382 -0.289538 0.946816 0.293553 0.419318 1 28 1.000000
 29 -60.286213 -5.224834 104.416489 0.062560 -0.518220 0.852956 0.251514 0.379675 1 28 1.000000
 29 -56.996002 -5.040452 104.183258 0.181979 -0.530581 0.827870 0.253574 0.423453 1 28 1.000000
MarioHand_alb.png
 29 -59.122795 -9.211777 98.747284 -0.090028 -0.898183 0.430304 0.159213 0.405127 1 28 1.000000
 29 -61.198845 -10.580050 94.920860 -0.448199 -0.670486 0.591241 0.112230 0.383856 1 28 1.000000
 29 -58.023113 -11.530634 95.094467 0.165558 -0.848865 0.502014 0.103441 0.430396 1 28 1.000000
MarioHand_alb.png
 29 -61.198845 -10.580050 94.920860 -0.448199 -0.670486 0.591241 0.112230 0.383856 1 28 1.000000
 29 -59.908386 -12.100521 94.374496 -0.045017 -0.546499 0.836249 0.092897 0.401892 1 28 1.000000
 29 -58.023113 -11.530634 95.094467 0.165558 -0.848865 0.502014 0.103441 0.430396 1 28 1.000000
MarioHand_alb.png
 29 -59.908386 -12.100521 94.374496 -0.045017 -0.546499 0.836249 0.092897 0.401892 1 28 1.000000
 29 -58.333504 -13.124754 93.175613 0.416949 -0.715928 0.560001 0.070771 0.417075 1 28 1.000000
 29 -58.023113 -11.530634 95.094467 0.165558 -0.848865 0.502014 0.103441 0.430396 1 28 1.000000
MarioHand_alb.png
 29 -60.003075 -7.613336 102.336250 0.027847 -0.780864 0.624081 0.209598 0.385321 1 28 1.000000
 29 -59.122795 -9.211777 98.747284 -0.090028 -0.898183 0.430304 0.159213 0.405127 1 28 1.000000
 29 -56.052860 -8.766308 99.372940 0.212483 -0.878065 0.428780 0.174701 0.444327 1 28 1.000000
MarioHand_alb.png
 29 -58.333504 -13.124754 93.175613 0.416949 -0.715928 0.560001 0.070771 0.417075 1 28 1.000000
 29 -56.793194 -11.784887 93.195114 0.595099 -0.765427 0.244906 0.076204 0.446952 1 28 1.000000
 29 -58.023113 -11.530634 95.094467 0.165558 -0.848865 0.502014 0.103441 0.430396 1 28 1.000000
MarioHand_alb.png
 29 -58.333504 -13.124754 93.175613 0.416949 -0.715928 0.560001 0.070771 0.417075 1 28 1.000000
 29 -57.533737 -13.197390 91.497948 0.714088 -0.686909 0.135036 0.047776 0.428840 1 28 1.000000
 29 -56.793194 -11.784887 93.195114 0.595099 -0.765427 0.244906 0.076204 0.446952 1 28 1.000000
MarioHand_alb.png
 29 -59.122795 -9.211777 98.747284 -0.090028 -0.898183 0.430304 0.159213 0.405127 1 28 1.000000
 29 -58.023113 -11.530634 95.094467 0.165558 -0.848865 0.502014 0.103441 0.430396 1 28 1.000000
 29 -55.953659 -9.871344 96.607155 0.344084 -0.866504 0.361631 0.134386 0.459648 1 28 1.000000
MarioHand_alb.png
 29 -59.122795 -9.211777 98.747284 -0.090028 -0.898183 0.430304 0.159213 0.405127 1 28 1.000000
 29 -55.953659 -9.871344 96.607155 0.344084 -0.866504 0.361631 0.134386 0.459648 1 28 1.000000
 29 -56.052860 -8.766308 99.372940 0.212483 -0.878065 0.428780 0.174701 0.444327 1 28 1.000000
MarioHand_alb.png
 29 -56.793194 -11.784887 93.195114 0.595099 -0.765427 0.244906 0.076204 0.446952 1 28 1.000000
 29 -57.533737 -13.197390 91.497948 0.714088 -0.686909 0.135036 0.047776 0.428840 1 28 1.000000
 29 -55.946724 -11.289751 90.794594 0.720169 -0.678973 -0.142661 0.046311 0.466056 1 28 1.000000
MarioHand_alb.png
 29 -55.946724 -11.289751 90.794594 0.720169 -0.678973 -0.142661 0.046311 0.466056 1 28 1.000000
 29 -57.533737 -13.197390 91.497948 0.714088 -0.686909 0.135036 0.047776 0.428840 1 28 1.000000
 29 -57.138439 -12.610159 89.558807 0.761448 -0.551726 -0.340287 0.023697 0.441871 1 28 1.000000
MarioHand_alb.png
 29 -55.212730 -10.426954 93.935219 0.532525 -0.832547 0.152586 0.100938 0.476234 1 28 1.000000
 29 -58.023113 -11.530634 95.094467 0.165558 -0.848865 0.502014 0.103441 0.430396 1 28 1.000000
 29 -56.793194 -11.784887 93.195114 0.595099 -0.765427 0.244906 0.076204 0.446952 1 28 1.000000
MarioHand_alb.png
 29 -55.212730 -10.426954 93.935219 0.532525 -0.832547 0.152586 0.100938 0.476234 1 28 1.000000
 29 -56.793194 -11.784887 93.195114 0.595099 -0.765427 0.244906 0.076204 0.446952 1 28 1.000000
 29 -55.946724 -11.289751 90.794594 0.720169 -0.678973 -0.142661 0.046311 0.466056 1 28 1.000000
MarioHand_alb.png
 29 -55.953659 -9.871344 96.607155 0.344084 -0.866504 0.361631 0.134386 0.459648 1 28 1.000000
 29 -58.023113 -11.530634 95.094467 0.165558 -0.848865 0.502014 0.103441 0.430396 1 28 1.000000
 29 -55.212730 -10.426954 93.935219 0.532525 -0.832547 0.152586 0.100938 0.476234 1 28 1.000000
MarioHand_alb.png
 29 -55.212730 -10.426954 93.935219 0.532525 -0.832547 0.152586 0.100938 0.476234 1 28 1.000000
 29 -55.946724 -11.289751 90.794594 0.720169 -0.678973 -0.142661 0.046311 0.466056 1 28 1.000000
 29 -54.732300 -10.162794 90.781532 0.618324 -0.749255 -0.237259 0.063996 0.499779 1 28 1.000000
MarioHand_alb.png
 29 -55.212730 -10.426954 93.935219 0.532525 -0.832547 0.152586 0.100938 0.476234 1 28 1.000000
 29 -54.732300 -10.162794 90.781532 0.618324 -0.749255 -0.237259 0.063996 0.499779 1 28 1.000000
 29 -52.517227 -8.467005 91.279289 0.645428 -0.725534 -0.238793 0.087922 0.533257 1 28 1.000000
MarioHand_alb.png
 29 -55.212730 -10.426954 93.935219 0.532525 -0.832547 0.152586 0.100938 0.476234 1 28 1.000000
 29 -52.517227 -8.467005 91.279289 0.645428 -0.725534 -0.238793 0.087922 0.533257 1 28 1.000000
 29 -52.834755 -8.856253 94.724419 0.569903 -0.818234 0.075529 0.127489 0.507881 1 28 1.000000
MarioHand_alb.png
 29 -55.953659 -9.871344 96.607155 0.344084 -0.866504 0.361631 0.134386 0.459648 1 28 1.000000
 29 -55.212730 -10.426954 93.935219 0.532525 -0.832547 0.152586 0.100938 0.476234 1 28 1.000000
 29 -52.834755 -8.856253 94.724419 0.569903 -0.818234 0.075529 0.127489 0.507881 1 28 1.000000
MarioHand_alb.png
 29 -52.834755 -8.856253 94.724419 0.569903 -0.818234 0.075529 0.127489 0.507881 1 28 1.000000
 29 -52.517227 -8.467005 91.279289 0.645428 -0.725534 -0.238793 0.087922 0.533257 1 28 1.000000
 29 -50.563141 -6.706990 92.293106 0.746959 -0.637376 -0.189219 0.119387 0.559411 1 28 1.000000
MarioHand_alb.png
 29 -55.953659 -9.871344 96.607155 0.344084 -0.866504 0.361631 0.134386 0.459648 1 28 1.000000
 29 -52.834755 -8.856253 94.724419 0.569903 -0.818234 0.075529 0.127489 0.507881 1 28 1.000000
 29 -53.200745 -8.457895 97.533775 0.467703 -0.827541 0.310531 0.162081 0.491920 1 28 1.000000
MarioHand_alb.png
 29 -56.052860 -8.766308 99.372940 0.212483 -0.878065 0.428780 0.174701 0.444327 1 28 1.000000
 29 -55.953659 -9.871344 96.607155 0.344084 -0.866504 0.361631 0.134386 0.459648 1 28 1.000000
 29 -53.200745 -8.457895 97.533775 0.467703 -0.827541 0.310531 0.162081 0.491920 1 28 1.000000
MarioHand_alb.png
 29 -50.661945 -7.043683 95.723633 0.688551 -0.721930 0.068664 0.158923 0.534676 1 28 1.000000
 29 -52.834755 -8.856253 94.724419 0.569903 -0.818234 0.075529 0.127489 0.507881 1 28 1.000000
 29 -50.563141 -6.706990 92.293106 0.746959 -0.637376 -0.189219 0.119387 0.559411 1 28 1.000000
MarioHand_alb.png
 29 -53.200745 -8.457895 97.533775 0.467703 -0.827541 0.310531 0.162081 0.491920 1 28 1.000000
 29 -52.834755 -8.856253 94.724419 0.569903 -0.818234 0.075529 0.127489 0.507881 1 28 1.000000
 29 -50.661945 -7.043683 95.723633 0.688551 -0.721930 0.068664 0.158923 0.534676 1 28 1.000000
MarioHand_alb.png
 29 -50.661945 -7.043683 95.723633 0.688551 -0.721930 0.068664 0.158923 0.534676 1 28 1.000000
 29 -50.563141 -6.706990 92.293106 0.746959 -0.637376 -0.189219 0.119387 0.559411 1 28 1.000000
 29 -49.153854 -4.494934 93.128525 0.252534 -0.892451 -0.373841 0.146151 0.585962 1 28 1.000000
MarioHand_alb.png
 29 -50.661945 -7.043683 95.723633 0.688551 -0.721930 0.068664 0.158923 0.534676 1 28 1.000000
 29 -49.153854 -4.494934 93.128525 0.252534 -0.892451 -0.373841 0.146151 0.585962 1 28 1.000000
 29 -49.153854 -5.193115 96.311340 0.091929 -0.995671 0.013732 0.181735 0.558999 1 28 1.000000
MarioHand_alb.png
 29 -49.153854 -4.492932 99.494164 0.033569 -0.895387 0.444022 0.224308 0.543908 1 28 1.000000
 29 -50.661945 -7.043683 95.723633 0.688551 -0.721930 0.068664 0.158923 0.534676 1 28 1.000000
 29 -49.153854 -5.193115 96.311340 0.091929 -0.995671 0.013732 0.181735 0.558999 1 28 1.000000
MarioHand_alb.png
 29 -53.200745 -8.457895 97.533775 0.467703 -0.827541 0.310531 0.162081 0.491920 1 28 1.000000
 29 -50.661945 -7.043683 95.723633 0.688551 -0.721930 0.068664 0.158923 0.534676 1 28 1.000000
 29 -51.084854 -5.996004 99.788765 0.548151 -0.733824 0.401290 0.211322 0.512932 1 28 1.000000
MarioHand_alb.png
 29 -49.153854 -4.492932 99.494164 0.033569 -0.895387 0.444022 0.224308 0.543908 1 28 1.000000
 29 -51.084854 -5.996004 99.788765 0.548151 -0.733824 0.401290 0.211322 0.512932 1 28 1.000000
 29 -50.661945 -7.043683 95.723633 0.688551 -0.721930 0.068664 0.158923 0.534676 1 28 1.000000
MarioHand_alb.png
 29 -56.052860 -8.766308 99.372940 0.212483 -0.878065 0.428780 0.174701 0.444327 1 28 1.000000
 29 -53.200745 -8.457895 97.533775 0.467703 -0.827541 0.310531 0.162081 0.491920 1 28 1.000000
 29 -53.649502 -6.697954 101.024261 0.377669 -0.726154 0.574514 0.213260 0.473793 1 28 1.000000
MarioHand_alb.png
 29 -53.649502 -6.697954 101.024261 0.377669 -0.726154 0.574514 0.213260 0.473793 1 28 1.000000
 29 -53.200745 -8.457895 97.533775 0.467703 -0.827541 0.310531 0.162081 0.491920 1 28 1.000000
 29 -51.084854 -5.996004 99.788765 0.548151 -0.733824 0.401290 0.211322 0.512932 1 28 1.000000
MarioHand_alb.png
 29 -51.576790 -4.334664 102.283005 0.450191 -0.624831 0.637898 0.250446 0.500832 1 28 1.000000
 29 -51.084854 -5.996004 99.788765 0.548151 -0.733824 0.401290 0.211322 0.512932 1 28 1.000000
 29 -49.153854 -4.492932 99.494164 0.033569 -0.895387 0.444022 0.224308 0.543908 1 28 1.000000
MarioHand_alb.png
 29 -51.576790 -4.334664 102.283005 0.450191 -0.624831 0.637898 0.250446 0.500832 1 28 1.000000
 29 -53.649502 -6.697954 101.024261 0.377669 -0.726154 0.574514 0.213260 0.473793 1 28 1.000000
 29 -51.084854 -5.996004 99.788765 0.548151 -0.733824 0.401290 0.211322 0.512932 1 28 1.000000
MarioHand_alb.png
 29 -49.153854 -2.597457 102.210884 -0.050729 -0.666508 0.743770 0.270665 0.536034 1 28 1.000000
 29 -51.576790 -4.334664 102.283005 0.450191 -0.624831 0.637898 0.250446 0.500832 1 28 1.000000
 29 -49.153854 -4.492932 99.494164 0.033569 -0.895387 0.444022 0.224308 0.543908 1 28 1.000000
MarioHand_alb.png
 29 -56.542076 -7.441599 101.930923 0.215133 -0.727504 0.651502 0.211231 0.432349 1 28 1.000000
 29 -56.052860 -8.766308 99.372940 0.212483 -0.878065 0.428780 0.174701 0.444327 1 28 1.000000
 29 -53.649502 -6.697954 101.024261 0.377669 -0.726154 0.574514 0.213260 0.473793 1 28 1.000000
MarioHand_alb.png
 29 -60.003075 -7.613336 102.336250 0.027847 -0.780864 0.624081 0.209598 0.385321 1 28 1.000000
 29 -56.052860 -8.766308 99.372940 0.212483 -0.878065 0.428780 0.174701 0.444327 1 28 1.000000
 29 -56.542076 -7.441599 101.930923 0.215133 -0.727504 0.651502 0.211231 0.432349 1 28 1.000000
MarioHand_alb.png
 29 -60.003075 -7.613336 102.336250 0.027847 -0.780864 0.624081 0.209598 0.385321 1 28 1.000000
 29 -56.542076 -7.441599 101.930923 0.215133 -0.727504 0.651502 0.211231 0.432349 1 28 1.000000
 29 -56.996002 -5.040452 104.183258 0.181979 -0.530581 0.827870 0.253574 0.423453 1 28 1.000000
MarioHand_alb.png
 29 -56.542076 -7.441599 101.930923 0.215133 -0.727504 0.651502 0.211231 0.432349 1 28 1.000000
 29 -53.649502 -6.697954 101.024261 0.377669 -0.726154 0.574514 0.213260 0.473793 1 28 1.000000
 29 -54.218422 -4.587862 103.566345 0.307512 -0.538624 0.784424 0.255756 0.461769 1 28 1.000000
MarioHand_alb.png
 29 -56.996002 -5.040452 104.183258 0.181979 -0.530581 0.827870 0.253574 0.423453 1 28 1.000000
 29 -56.542076 -7.441599 101.930923 0.215133 -0.727504 0.651502 0.211231 0.432349 1 28 1.000000
 29 -54.218422 -4.587862 103.566345 0.307512 -0.538624 0.784424 0.255756 0.461769 1 28 1.000000
MarioHand_alb.png
 29 -51.576790 -4.334664 102.283005 0.450191 -0.624831 0.637898 0.250446 0.500832 1 28 1.000000
 29 -54.218422 -4.587862 103.566345 0.307512 -0.538624 0.784424 0.255756 0.461769 1 28 1.000000
 29 -53.649502 -6.697954 101.024261 0.377669 -0.726154 0.574514 0.213260 0.473793 1 28 1.000000
MarioHand_alb.png
 29 -51.531200 -1.940189 103.899513 0.346758 -0.424912 0.836187 0.289647 0.499779 1 28 1.000000
 29 -51.576790 -4.334664 102.283005 0.450191 -0.624831 0.637898 0.250446 0.500832 1 28 1.000000
 29 -49.153854 -2.597457 102.210884 -0.050729 -0.666508 0.743770 0.270665 0.536034 1 28 1.000000
MarioHand_alb.png
 29 -51.531200 -1.940189 103.899513 0.346758 -0.424912 0.836187 0.289647 0.499779 1 28 1.000000
 29 -54.218422 -4.587862 103.566345 0.307512 -0.538624 0.784424 0.255756 0.461769 1 28 1.000000
 29 -51.576790 -4.334664 102.283005 0.450191 -0.624831 0.637898 0.250446 0.500832 1 28 1.000000
MarioHand_alb.png
 29 -49.153858 0.288227 103.995384 -0.048843 -0.305579 0.950913 0.318761 0.533455 1 28 1.000000
 29 -51.531200 -1.940189 103.899513 0.346758 -0.424912 0.836187 0.289647 0.499779 1 28 1.000000
 29 -49.153854 -2.597457 102.210884 -0.050729 -0.666508 0.743770 0.270665 0.536034 1 28 1.000000
MarioHand_alb.png
 29 -54.258957 -1.967411 104.733223 0.219297 -0.307289 0.926003 0.293660 0.461326 1 28 1.000000
 29 -56.996002 -5.040452 104.183258 0.181979 -0.530581 0.827870 0.253574 0.423453 1 28 1.000000
 29 -54.218422 -4.587862 103.566345 0.307512 -0.538624 0.784424 0.255756 0.461769 1 28 1.000000
MarioHand_alb.png
 29 -54.258957 -1.967411 104.733223 0.219297 -0.307289 0.926003 0.293660 0.461326 1 28 1.000000
 29 -54.218422 -4.587862 103.566345 0.307512 -0.538624 0.784424 0.255756 0.461769 1 28 1.000000
 29 -51.531200 -1.940189 103.899513 0.346758 -0.424912 0.836187 0.289647 0.499779 1 28 1.000000
MarioHand_alb.png
 29 -57.304001 -2.193831 105.318283 0.140382 -0.289538 0.946816 0.293553 0.419318 1 28 1.000000
 29 -56.996002 -5.040452 104.183258 0.181979 -0.530581 0.827870 0.253574 0.423453 1 28 1.000000
 29 -54.258957 -1.967411 104.733223 0.219297 -0.307289 0.926003 0.293660 0.461326 1 28 1.000000
MarioHand_alb.png
 29 -51.566517 0.607702 104.789063 0.240633 -0.193703 0.951091 0.326329 0.499443 1 28 1.000000
 29 -51.531200 -1.940189 103.899513 0.346758 -0.424912 0.836187 0.289647 0.499779 1 28 1.000000
 29 -49.153858 0.288227 103.995384 -0.048843 -0.305579 0.950913 0.318761 0.533455 1 28 1.000000
MarioHand_alb.png
 29 -54.258957 -1.967411 104.733223 0.219297 -0.307289 0.926003 0.293660 0.461326 1 28 1.000000
 29 -51.531200 -1.940189 103.899513 0.346758 -0.424912 0.836187 0.289647 0.499779 1 28 1.000000
 29 -51.566517 0.607702 104.789063 0.240633 -0.193703 0.951091 0.326329 0.499443 1 28 1.000000
MarioHand_alb.png
 29 -49.160114 3.669015 104.654564 0.038902 0.003909 0.999235 0.367300 0.533974 1 28 1.000000
 29 -51.566517 0.607702 104.789063 0.240633 -0.193703 0.951091 0.326329 0.499443 1 28 1.000000
 29 -49.153858 0.288227 103.995384 -0.048843 -0.305579 0.950913 0.318761 0.533455 1 28 1.000000
MarioHand_alb.png
 29 -57.304001 -2.193831 105.318283 0.140382 -0.289538 0.946816 0.293553 0.419318 1 28 1.000000
 29 -54.258957 -1.967411 104.733223 0.219297 -0.307289 0.926003 0.293660 0.461326 1 28 1.000000
 29 -54.250469 0.664014 105.425781 0.172062 -0.154739 0.972857 0.329656 0.462028 1 28 1.000000
MarioHand_alb.png
 29 -54.250469 0.664014 105.425781 0.172062 -0.154739 0.972857 0.329656 0.462028 1 28 1.000000
 29 -54.258957 -1.967411 104.733223 0.219297 -0.307289 0.926003 0.293660 0.461326 1 28 1.000000
 29 -51.566517 0.607702 104.789063 0.240633 -0.193703 0.951091 0.326329 0.499443 1 28 1.000000
MarioHand_alb.png
 29 -57.442066 0.657048 105.916054 0.111752 -0.133063 0.984787 0.331746 0.418189 1 28 1.000000
 29 -57.304001 -2.193831 105.318283 0.140382 -0.289538 0.946816 0.293553 0.419318 1 28 1.000000
 29 -54.250469 0.664014 105.425781 0.172062 -0.154739 0.972857 0.329656 0.462028 1 28 1.000000
MarioHand_alb.png
 29 -54.173656 3.696595 105.728447 0.160563 0.001955 0.987024 0.369955 0.464149 1 28 1.000000
 29 -57.442066 0.657048 105.916054 0.111752 -0.133063 0.984787 0.331746 0.418189 1 28 1.000000
 29 -54.250469 0.664014 105.425781 0.172062 -0.154739 0.972857 0.329656 0.462028 1 28 1.000000
MarioHand_alb.png
 29 -51.494301 3.598827 105.257210 0.240728 -0.009824 0.970543 0.367361 0.501091 1 28 1.000000
 29 -51.566517 0.607702 104.789063 0.240633 -0.193703 0.951091 0.326329 0.499443 1 28 1.000000
 29 -49.160114 3.669015 104.654564 0.038902 0.003909 0.999235 0.367300 0.533974 1 28 1.000000
MarioHand_alb.png
 29 -51.494301 3.598827 105.257210 0.240728 -0.009824 0.970543 0.367361 0.501091 1 28 1.000000
 29 -54.250469 0.664014 105.425781 0.172062 -0.154739 0.972857 0.329656 0.462028 1 28 1.000000
 29 -51.566517 0.607702 104.789063 0.240633 -0.193703 0.951091 0.326329 0.499443 1 28 1.000000
MarioHand_alb.png
 29 -54.173656 3.696595 105.728447 0.160563 0.001955 0.987024 0.369955 0.464149 1 28 1.000000
 29 -54.250469 0.664014 105.425781 0.172062 -0.154739 0.972857 0.329656 0.462028 1 28 1.000000
 29 -51.494301 3.598827 105.257210 0.240728 -0.009824 0.970543 0.367361 0.501091 1 28 1.000000
MarioHand_alb.png
 29 -51.428905 7.090028 104.809418 0.291348 0.240439 0.925908 0.414908 0.503975 1 28 1.000000
 29 -51.494301 3.598827 105.257210 0.240728 -0.009824 0.970543 0.367361 0.501091 1 28 1.000000
 29 -49.160114 3.669015 104.654564 0.038902 0.003909 0.999235 0.367300 0.533974 1 28 1.000000
MarioHand_alb.png
 29 -54.173656 3.696595 105.728447 0.160563 0.001955 0.987024 0.369955 0.464149 1 28 1.000000
 29 -51.494301 3.598827 105.257210 0.240728 -0.009824 0.970543 0.367361 0.501091 1 28 1.000000
 29 -51.428905 7.090028 104.809418 0.291348 0.240439 0.925908 0.414908 0.503975 1 28 1.000000
MarioHand_alb.png
 29 -49.153858 0.286234 88.627304 0.031275 -0.266162 -0.963421 0.252018 0.893233 1 28 1.000000
 29 -49.160366 3.667030 87.968124 -0.133154 0.052723 -0.989692 0.206943 0.893233 1 28 1.000000
 29 -48.257683 3.474375 87.442879 -0.324907 -0.003909 -0.945738 0.206943 0.908217 1 28 1.000000
MarioHand_alb.png
 29 -48.257683 -0.119251 88.143555 -0.366183 -0.342781 -0.865108 0.252018 0.908217 1 28 1.000000
 29 -49.153858 0.286234 88.627304 0.031275 -0.266162 -0.963421 0.252018 0.893233 1 28 1.000000
 29 -48.257683 3.474375 87.442879 -0.324907 -0.003909 -0.945738 0.206943 0.908217 1 28 1.000000
MarioHand_alb.png
 29 -49.153858 -2.599454 90.411789 0.308965 -0.635096 -0.707951 0.293767 0.893233 1 28 1.000000
 29 -49.153858 0.286234 88.627304 0.031275 -0.266162 -0.963421 0.252018 0.893233 1 28 1.000000
 29 -48.257683 -0.119251 88.143555 -0.366183 -0.342781 -0.865108 0.252018 0.908217 1 28 1.000000
MarioHand_alb.png
 29 -47.136055 3.405868 87.253006 0.068264 -0.005911 -0.997650 0.206943 0.924254 1 28 1.000000
 29 -48.257683 -0.119251 88.143555 -0.366183 -0.342781 -0.865108 0.252018 0.908217 1 28 1.000000
 29 -48.257683 3.474375 87.442879 -0.324907 -0.003909 -0.945738 0.206943 0.908217 1 28 1.000000
MarioHand_alb.png
 29 -48.257679 -3.186599 90.040390 -0.403191 -0.630010 -0.663720 0.293767 0.908217 1 28 1.000000
 29 -49.153858 -2.599454 90.411789 0.308965 -0.635096 -0.707951 0.293767 0.893233 1 28 1.000000
 29 -48.257683 -0.119251 88.143555 -0.366183 -0.342781 -0.865108 0.252018 0.908217 1 28 1.000000
MarioHand_alb.png
 29 -49.153854 -4.494934 93.128525 0.252534 -0.892451 -0.373841 0.337987 0.893233 1 28 1.000000
 29 -49.153858 -2.599454 90.411789 0.308965 -0.635096 -0.707951 0.293767 0.893233 1 28 1.000000
 29 -48.257679 -3.186599 90.040390 -0.403191 -0.630010 -0.663720 0.293767 0.908217 1 28 1.000000
MarioHand_alb.png
 29 -47.148872 -0.264698 87.968689 0.068266 -0.367519 -0.927507 0.252018 0.924254 1 28 1.000000
 29 -48.257683 -0.119251 88.143555 -0.366183 -0.342781 -0.865108 0.252018 0.908217 1 28 1.000000
 29 -47.136055 3.405868 87.253006 0.068264 -0.005911 -0.997650 0.206943 0.924254 1 28 1.000000
MarioHand_alb.png
 29 -48.257679 -3.186599 90.040390 -0.403191 -0.630010 -0.663720 0.293767 0.908217 1 28 1.000000
 29 -48.257683 -0.119251 88.143555 -0.366183 -0.342781 -0.865108 0.252018 0.908217 1 28 1.000000
 29 -47.148872 -0.264698 87.968689 0.068266 -0.367519 -0.927507 0.252018 0.924254 1 28 1.000000
MarioHand_alb.png
 29 -49.153854 -4.494934 93.128525 0.252534 -0.892451 -0.373841 0.337987 0.893233 1 28 1.000000
 29 -48.257679 -3.186599 90.040390 -0.403191 -0.630010 -0.663720 0.293767 0.908217 1 28 1.000000
 29 -48.257675 -5.201403 92.928146 -0.430318 -0.827065 -0.361650 0.337987 0.908217 1 28 1.000000
MarioHand_alb.png
 29 -49.153854 -5.193115 96.311340 0.091929 -0.995671 0.013732 0.389715 0.893233 1 28 1.000000
 29 -49.153854 -4.494934 93.128525 0.252534 -0.892451 -0.373841 0.337987 0.893233 1 28 1.000000
 29 -48.257675 -5.201403 92.928146 -0.430318 -0.827065 -0.361650 0.337987 0.908217 1 28 1.000000
MarioHand_alb.png
 29 -48.257679 -3.186599 90.040390 -0.403191 -0.630010 -0.663720 0.293767 0.908217 1 28 1.000000
 29 -47.148872 -0.264698 87.968689 0.068266 -0.367519 -0.927507 0.252018 0.924254 1 28 1.000000
 29 -47.159790 -3.397720 89.906143 0.068285 -0.688764 -0.721762 0.293767 0.924254 1 28 1.000000
MarioHand_alb.png
 29 -48.257675 -5.201403 92.928146 -0.430318 -0.827065 -0.361650 0.337987 0.908217 1 28 1.000000
 29 -48.257679 -3.186599 90.040390 -0.403191 -0.630010 -0.663720 0.293767 0.908217 1 28 1.000000
 29 -47.159790 -3.397720 89.906143 0.068285 -0.688764 -0.721762 0.293767 0.924254 1 28 1.000000
MarioHand_alb.png
 29 -45.830849 -0.058113 88.302689 0.508391 -0.310487 -0.803204 0.252018 0.940383 1 28 1.000000
 29 -47.148872 -0.264698 87.968689 0.068266 -0.367519 -0.927507 0.252018 0.924254 1 28 1.000000
 29 -47.136055 3.405868 87.253006 0.068264 -0.005911 -0.997650 0.206943 0.924254 1 28 1.000000
MarioHand_alb.png
 29 -45.830849 -0.058113 88.302689 0.508391 -0.310487 -0.803204 0.252018 0.940383 1 28 1.000000
 29 -47.136055 3.405868 87.253006 0.068264 -0.005911 -0.997650 0.206943 0.924254 1 28 1.000000
 29 -45.830849 3.465497 87.615662 0.505148 0.003911 -0.863024 0.206943 0.940383 1 28 1.000000
MarioHand_alb.png
 29 -45.018364 3.410862 88.582138 0.992422 -0.003909 0.122813 0.206943 0.956008 1 28 1.000000
 29 -45.830849 -0.058113 88.302689 0.508391 -0.310487 -0.803204 0.252018 0.940383 1 28 1.000000
 29 -45.830849 3.465497 87.615662 0.505148 0.003911 -0.863024 0.206943 0.940383 1 28 1.000000
MarioHand_alb.png
 29 -45.029293 0.278883 89.192810 0.991780 0.045009 0.119777 0.252018 0.956008 1 28 1.000000
 29 -45.830849 -0.058113 88.302689 0.508391 -0.310487 -0.803204 0.252018 0.940383 1 28 1.000000
 29 -45.018364 3.410862 88.582138 0.992422 -0.003909 0.122813 0.206943 0.956008 1 28 1.000000
MarioHand_alb.png
 29 -45.038620 -2.394424 90.845978 0.992515 0.084156 0.088495 0.293767 0.956008 1 28 1.000000
 29 -45.830849 -0.058113 88.302689 0.508391 -0.310487 -0.803204 0.252018 0.940383 1 28 1.000000
 29 -45.029293 0.278883 89.192810 0.991780 0.045009 0.119777 0.252018 0.956008 1 28 1.000000
MarioHand_alb.png
 29 -45.830849 -0.058113 88.302689 0.508391 -0.310487 -0.803204 0.252018 0.940383 1 28 1.000000
 29 -45.830845 -3.065699 90.162575 0.515423 -0.586360 -0.624917 0.293767 0.940383 1 28 1.000000
 29 -47.148872 -0.264698 87.968689 0.068266 -0.367519 -0.927507 0.252018 0.924254 1 28 1.000000
MarioHand_alb.png
 29 -45.038620 -2.394424 90.845978 0.992515 0.084156 0.088495 0.293767 0.956008 1 28 1.000000
 29 -45.830845 -3.065699 90.162575 0.515423 -0.586360 -0.624917 0.293767 0.940383 1 28 1.000000
 29 -45.830849 -0.058113 88.302689 0.508391 -0.310487 -0.803204 0.252018 0.940383 1 28 1.000000
MarioHand_alb.png
 29 -47.159790 -3.397720 89.906143 0.068285 -0.688764 -0.721762 0.293767 0.924254 1 28 1.000000
 29 -47.148872 -0.264698 87.968689 0.068266 -0.367519 -0.927507 0.252018 0.924254 1 28 1.000000
 29 -45.830845 -3.065699 90.162575 0.515423 -0.586360 -0.624917 0.293767 0.940383 1 28 1.000000
MarioHand_alb.png
 29 -45.044750 -4.150399 93.362755 0.992556 0.111577 0.048827 0.337987 0.956008 1 28 1.000000
 29 -45.830845 -3.065699 90.162575 0.515423 -0.586360 -0.624917 0.293767 0.940383 1 28 1.000000
 29 -45.038620 -2.394424 90.845978 0.992515 0.084156 0.088495 0.293767 0.956008 1 28 1.000000
MarioHand_alb.png
 29 -45.044750 -4.150399 93.362755 0.992556 0.111577 0.048827 0.337987 0.956008 1 28 1.000000
 29 -45.830853 -5.041245 92.994057 0.524500 -0.778453 -0.344835 0.337987 0.940383 1 28 1.000000
 29 -45.830845 -3.065699 90.162575 0.515423 -0.586360 -0.624917 0.293767 0.940383 1 28 1.000000
MarioHand_alb.png
 29 -47.159790 -3.397720 89.906143 0.068285 -0.688764 -0.721762 0.293767 0.924254 1 28 1.000000
 29 -45.830845 -3.065699 90.162575 0.515423 -0.586360 -0.624917 0.293767 0.940383 1 28 1.000000
 29 -45.830853 -5.041245 92.994057 0.524500 -0.778453 -0.344835 0.337987 0.940383 1 28 1.000000
MarioHand_alb.png
 29 -45.047016 -4.799055 96.311356 0.993320 0.115391 0.000000 0.389715 0.956008 1 28 1.000000
 29 -45.830853 -5.041245 92.994057 0.524500 -0.778453 -0.344835 0.337987 0.940383 1 28 1.000000
 29 -45.044750 -4.150399 93.362755 0.992556 0.111577 0.048827 0.337987 0.956008 1 28 1.000000
MarioHand_alb.png
 29 -47.159790 -3.397720 89.906143 0.068285 -0.688764 -0.721762 0.293767 0.924254 1 28 1.000000
 29 -45.830853 -5.041245 92.994057 0.524500 -0.778453 -0.344835 0.337987 0.940383 1 28 1.000000
 29 -47.166988 -5.455658 92.855705 0.068663 -0.915036 -0.397485 0.337987 0.924254 1 28 1.000000
MarioHand_alb.png
 29 -48.257675 -5.201403 92.928146 -0.430318 -0.827065 -0.361650 0.337987 0.908217 1 28 1.000000
 29 -47.159790 -3.397720 89.906143 0.068285 -0.688764 -0.721762 0.293767 0.924254 1 28 1.000000
 29 -47.166988 -5.455658 92.855705 0.068663 -0.915036 -0.397485 0.337987 0.924254 1 28 1.000000
MarioHand_alb.png
 29 -45.047016 -4.799055 96.311356 0.993320 0.115391 0.000000 0.389715 0.956008 1 28 1.000000
 29 -45.830853 -5.771011 96.311356 0.526798 -0.849991 0.000000 0.389914 0.940383 1 28 1.000000
 29 -45.830853 -5.041245 92.994057 0.524500 -0.778453 -0.344835 0.337987 0.940383 1 28 1.000000
MarioHand_alb.png
 29 -47.166988 -5.455658 92.855705 0.068663 -0.915036 -0.397485 0.337987 0.924254 1 28 1.000000
 29 -45.830853 -5.041245 92.994057 0.524500 -0.778453 -0.344835 0.337987 0.940383 1 28 1.000000
 29 -45.830853 -5.771011 96.311356 0.526798 -0.849991 0.000000 0.389914 0.940383 1 28 1.000000
MarioHand_alb.png
 29 -48.257675 -5.201403 92.928146 -0.430318 -0.827065 -0.361650 0.337987 0.908217 1 28 1.000000
 29 -47.166988 -5.455658 92.855705 0.068663 -0.915036 -0.397485 0.337987 0.924254 1 28 1.000000
 29 -48.257675 -5.945667 96.311340 -0.440219 -0.897890 0.000000 0.389914 0.908217 1 28 1.000000
MarioHand_alb.png
 29 -49.153854 -5.193115 96.311340 0.091929 -0.995671 0.013732 0.389715 0.893233 1 28 1.000000
 29 -48.257675 -5.201403 92.928146 -0.430318 -0.827065 -0.361650 0.337987 0.908217 1 28 1.000000
 29 -48.257675 -5.945667 96.311340 -0.440219 -0.897890 0.000000 0.389914 0.908217 1 28 1.000000
MarioHand_alb.png
 29 -47.166988 -5.455658 92.855705 0.068663 -0.915036 -0.397485 0.337987 0.924254 1 28 1.000000
 29 -45.830853 -5.771011 96.311356 0.526798 -0.849991 0.000000 0.389914 0.940383 1 28 1.000000
 29 -47.169640 -6.215858 96.311340 0.068665 -0.997640 0.000000 0.389960 0.924254 1 28 1.000000
MarioHand_alb.png
 29 -48.257675 -5.945667 96.311340 -0.440219 -0.897890 0.000000 0.389914 0.908217 1 28 1.000000
 29 -47.166988 -5.455658 92.855705 0.068663 -0.915036 -0.397485 0.337987 0.924254 1 28 1.000000
 29 -47.169640 -6.215858 96.311340 0.068665 -0.997640 0.000000 0.389960 0.924254 1 28 1.000000
MarioHand_alb.png
 29 -45.830853 -5.041250 99.628639 0.524124 -0.778366 0.345601 0.441459 0.940383 1 28 1.000000
 29 -45.830853 -5.771011 96.311356 0.526798 -0.849991 0.000000 0.389914 0.940383 1 28 1.000000
 29 -45.047016 -4.799055 96.311356 0.993320 0.115391 0.000000 0.389715 0.956008 1 28 1.000000
MarioHand_alb.png
 29 -45.830853 -5.041250 99.628639 0.524124 -0.778366 0.345601 0.441459 0.940383 1 28 1.000000
 29 -45.047016 -4.799055 96.311356 0.993320 0.115391 0.000000 0.389715 0.956008 1 28 1.000000
 29 -45.044746 -4.150396 99.259933 0.992545 0.111671 -0.048826 0.441459 0.956008 1 28 1.000000
MarioHand_alb.png
 29 -47.166988 -5.455660 99.766983 0.068661 -0.914712 0.398231 0.441459 0.924254 1 28 1.000000
 29 -47.169640 -6.215858 96.311340 0.068665 -0.997640 0.000000 0.389960 0.924254 1 28 1.000000
 29 -45.830853 -5.771011 96.311356 0.526798 -0.849991 0.000000 0.389914 0.940383 1 28 1.000000
MarioHand_alb.png
 29 -48.257675 -5.945667 96.311340 -0.440219 -0.897890 0.000000 0.389914 0.908217 1 28 1.000000
 29 -47.169640 -6.215858 96.311340 0.068665 -0.997640 0.000000 0.389960 0.924254 1 28 1.000000
 29 -47.166988 -5.455660 99.766983 0.068661 -0.914712 0.398231 0.441459 0.924254 1 28 1.000000
MarioHand_alb.png
 29 -45.830853 -5.041250 99.628639 0.524124 -0.778366 0.345601 0.441459 0.940383 1 28 1.000000
 29 -47.166988 -5.455660 99.766983 0.068661 -0.914712 0.398231 0.441459 0.924254 1 28 1.000000
 29 -45.830853 -5.771011 96.311356 0.526798 -0.849991 0.000000 0.389914 0.940383 1 28 1.000000
MarioHand_alb.png
 29 -49.153854 -5.193115 96.311340 0.091929 -0.995671 0.013732 0.389715 0.893233 1 28 1.000000
 29 -48.257675 -5.945667 96.311340 -0.440219 -0.897890 0.000000 0.389914 0.908217 1 28 1.000000
 29 -48.257675 -5.201403 99.694550 -0.431058 -0.826353 0.362394 0.441459 0.908217 1 28 1.000000
MarioHand_alb.png
 29 -48.257675 -5.201403 99.694550 -0.431058 -0.826353 0.362394 0.441459 0.908217 1 28 1.000000
 29 -48.257675 -5.945667 96.311340 -0.440219 -0.897890 0.000000 0.389914 0.908217 1 28 1.000000
 29 -47.166988 -5.455660 99.766983 0.068661 -0.914712 0.398231 0.441459 0.924254 1 28 1.000000
MarioHand_alb.png
 29 -49.153854 -4.492932 99.494164 0.033569 -0.895387 0.444022 0.441459 0.893233 1 28 1.000000
 29 -49.153854 -5.193115 96.311340 0.091929 -0.995671 0.013732 0.389715 0.893233 1 28 1.000000
 29 -48.257675 -5.201403 99.694550 -0.431058 -0.826353 0.362394 0.441459 0.908217 1 28 1.000000
MarioHand_alb.png
 29 -47.159798 -3.397718 102.716560 0.068656 -0.688041 0.722417 0.488807 0.924254 1 28 1.000000
 29 -47.166988 -5.455660 99.766983 0.068661 -0.914712 0.398231 0.441459 0.924254 1 28 1.000000
 29 -45.830853 -5.041250 99.628639 0.524124 -0.778366 0.345601 0.441459 0.940383 1 28 1.000000
MarioHand_alb.png
 29 -47.159798 -3.397718 102.716560 0.068656 -0.688041 0.722417 0.488807 0.924254 1 28 1.000000
 29 -48.257675 -5.201403 99.694550 -0.431058 -0.826353 0.362394 0.441459 0.908217 1 28 1.000000
 29 -47.166988 -5.455660 99.766983 0.068661 -0.914712 0.398231 0.441459 0.924254 1 28 1.000000
MarioHand_alb.png
 29 -49.153854 -4.492932 99.494164 0.033569 -0.895387 0.444022 0.441459 0.893233 1 28 1.000000
 29 -48.257675 -5.201403 99.694550 -0.431058 -0.826353 0.362394 0.441459 0.908217 1 28 1.000000
 29 -48.257675 -3.186600 102.582306 -0.403191 -0.630010 0.663720 0.488807 0.908217 1 28 1.000000
MarioHand_alb.png
 29 -47.159798 -3.397718 102.716560 0.068656 -0.688041 0.722417 0.488807 0.924254 1 28 1.000000
 29 -48.257675 -3.186600 102.582306 -0.403191 -0.630010 0.663720 0.488807 0.908217 1 28 1.000000
 29 -48.257675 -5.201403 99.694550 -0.431058 -0.826353 0.362394 0.441459 0.908217 1 28 1.000000
MarioHand_alb.png
 29 -49.153854 -2.597457 102.210884 -0.050729 -0.666508 0.743770 0.488807 0.893233 1 28 1.000000
 29 -49.153854 -4.492932 99.494164 0.033569 -0.895387 0.444022 0.441459 0.893233 1 28 1.000000
 29 -48.257675 -3.186600 102.582306 -0.403191 -0.630010 0.663720 0.488807 0.908217 1 28 1.000000
MarioHand_alb.png
 29 -45.830853 -3.065699 102.460114 0.516969 -0.585786 0.624178 0.488807 0.940383 1 28 1.000000
 29 -47.159798 -3.397718 102.716560 0.068656 -0.688041 0.722417 0.488807 0.924254 1 28 1.000000
 29 -45.830853 -5.041250 99.628639 0.524124 -0.778366 0.345601 0.441459 0.940383 1 28 1.000000
MarioHand_alb.png
 29 -45.830853 -3.065699 102.460114 0.516969 -0.585786 0.624178 0.488807 0.940383 1 28 1.000000
 29 -45.830853 -5.041250 99.628639 0.524124 -0.778366 0.345601 0.441459 0.940383 1 28 1.000000
 29 -45.044746 -4.150396 99.259933 0.992545 0.111671 -0.048826 0.441459 0.956008 1 28 1.000000
MarioHand_alb.png
 29 -45.830853 -3.065699 102.460114 0.516969 -0.585786 0.624178 0.488807 0.940383 1 28 1.000000
 29 -45.044746 -4.150396 99.259933 0.992545 0.111671 -0.048826 0.441459 0.956008 1 28 1.000000
 29 -45.038624 -2.394425 101.776711 0.992519 0.084109 -0.088495 0.488807 0.956008 1 28 1.000000
MarioHand_alb.png
 29 -47.148872 -0.264696 104.653992 0.068685 -0.368112 0.927241 0.530831 0.924254 1 28 1.000000
 29 -48.257675 -3.186600 102.582306 -0.403191 -0.630010 0.663720 0.488807 0.908217 1 28 1.000000
 29 -47.159798 -3.397718 102.716560 0.068656 -0.688041 0.722417 0.488807 0.924254 1 28 1.000000
MarioHand_alb.png
 29 -47.148872 -0.264696 104.653992 0.068685 -0.368112 0.927241 0.530831 0.924254 1 28 1.000000
 29 -47.159798 -3.397718 102.716560 0.068656 -0.688041 0.722417 0.488807 0.924254 1 28 1.000000
 29 -45.830853 -3.065699 102.460114 0.516969 -0.585786 0.624178 0.488807 0.940383 1 28 1.000000
MarioHand_alb.png
 29 -49.153854 -2.597457 102.210884 -0.050729 -0.666508 0.743770 0.488807 0.893233 1 28 1.000000
 29 -48.257675 -3.186600 102.582306 -0.403191 -0.630010 0.663720 0.488807 0.908217 1 28 1.000000
 29 -48.257679 -0.119248 104.479126 -0.366213 -0.342567 0.865179 0.530831 0.908217 1 28 1.000000
MarioHand_alb.png
 29 -47.148872 -0.264696 104.653992 0.068685 -0.368112 0.927241 0.530831 0.924254 1 28 1.000000
 29 -48.257679 -0.119248 104.479126 -0.366213 -0.342567 0.865179 0.530831 0.908217 1 28 1.000000
 29 -48.257675 -3.186600 102.582306 -0.403191 -0.630010 0.663720 0.488807 0.908217 1 28 1.000000
MarioHand_alb.png
 29 -49.153858 0.288227 103.995384 -0.048843 -0.305579 0.950913 0.530831 0.893233 1 28 1.000000
 29 -49.153854 -2.597457 102.210884 -0.050729 -0.666508 0.743770 0.488807 0.893233 1 28 1.000000
 29 -48.257679 -0.119248 104.479126 -0.366213 -0.342567 0.865179 0.530831 0.908217 1 28 1.000000
MarioHand_alb.png
 29 -45.830845 -0.058111 104.319984 0.508084 -0.310685 0.803322 0.530831 0.940383 1 28 1.000000
 29 -45.830853 -3.065699 102.460114 0.516969 -0.585786 0.624178 0.488807 0.940383 1 28 1.000000
 29 -45.038624 -2.394425 101.776711 0.992519 0.084109 -0.088495 0.488807 0.956008 1 28 1.000000
MarioHand_alb.png
 29 -45.830845 -0.058111 104.319984 0.508084 -0.310685 0.803322 0.530831 0.940383 1 28 1.000000
 29 -47.148872 -0.264696 104.653992 0.068685 -0.368112 0.927241 0.530831 0.924254 1 28 1.000000
 29 -45.830853 -3.065699 102.460114 0.516969 -0.585786 0.624178 0.488807 0.940383 1 28 1.000000
MarioHand_alb.png
 29 -45.830845 -0.058111 104.319984 0.508084 -0.310685 0.803322 0.530831 0.940383 1 28 1.000000
 29 -45.038624 -2.394425 101.776711 0.992519 0.084109 -0.088495 0.488807 0.956008 1 28 1.000000
 29 -45.029293 0.278883 103.429855 0.991782 0.044958 -0.119777 0.530831 0.956008 1 28 1.000000
MarioHand_alb.png
 29 -45.018364 3.410864 104.040550 0.992323 -0.003911 -0.123611 0.573602 0.956008 1 28 1.000000
 29 -45.830845 -0.058111 104.319984 0.508084 -0.310685 0.803322 0.530831 0.940383 1 28 1.000000
 29 -45.029293 0.278883 103.429855 0.991782 0.044958 -0.119777 0.530831 0.956008 1 28 1.000000
MarioHand_alb.png
 29 -47.136059 3.405868 105.369682 0.068264 -0.005816 0.997650 0.573602 0.924254 1 28 1.000000
 29 -48.257679 -0.119248 104.479126 -0.366213 -0.342567 0.865179 0.530831 0.908217 1 28 1.000000
 29 -47.148872 -0.264696 104.653992 0.068685 -0.368112 0.927241 0.530831 0.924254 1 28 1.000000
MarioHand_alb.png
 29 -45.830845 -0.058111 104.319984 0.508084 -0.310685 0.803322 0.530831 0.940383 1 28 1.000000
 29 -47.136059 3.405868 105.369682 0.068264 -0.005816 0.997650 0.573602 0.924254 1 28 1.000000
 29 -47.148872 -0.264696 104.653992 0.068685 -0.368112 0.927241 0.530831 0.924254 1 28 1.000000
MarioHand_alb.png
 29 -49.153858 0.288227 103.995384 -0.048843 -0.305579 0.950913 0.530831 0.893233 1 28 1.000000
 29 -48.257679 -0.119248 104.479126 -0.366213 -0.342567 0.865179 0.530831 0.908217 1 28 1.000000
 29 -48.257683 3.474377 105.179810 -0.325141 -0.003912 0.945657 0.573602 0.908217 1 28 1.000000
MarioHand_alb.png
 29 -47.136059 3.405868 105.369682 0.068264 -0.005816 0.997650 0.573602 0.924254 1 28 1.000000
 29 -48.257683 3.474377 105.179810 -0.325141 -0.003912 0.945657 0.573602 0.908217 1 28 1.000000
 29 -48.257679 -0.119248 104.479126 -0.366213 -0.342567 0.865179 0.530831 0.908217 1 28 1.000000
MarioHand_alb.png
 29 -49.160114 3.669015 104.654564 0.038902 0.003909 0.999235 0.573602 0.893233 1 28 1.000000
 29 -49.153858 0.288227 103.995384 -0.048843 -0.305579 0.950913 0.530831 0.893233 1 28 1.000000
 29 -48.257683 3.474377 105.179810 -0.325141 -0.003912 0.945657 0.573602 0.908217 1 28 1.000000
MarioHand_alb.png
 29 -45.018364 3.410864 104.040550 0.992323 -0.003911 -0.123611 0.573602 0.956008 1 28 1.000000
 29 -45.830849 3.465497 105.007034 0.505148 0.003911 0.863024 0.573602 0.940383 1 28 1.000000
 29 -45.830845 -0.058111 104.319984 0.508084 -0.310685 0.803322 0.530831 0.940383 1 28 1.000000
MarioHand_alb.png
 29 -45.830849 3.465497 105.007034 0.505148 0.003911 0.863024 0.573602 0.940383 1 28 1.000000
 29 -47.136059 3.405868 105.369682 0.068264 -0.005816 0.997650 0.573602 0.924254 1 28 1.000000
 29 -45.830845 -0.058111 104.319984 0.508084 -0.310685 0.803322 0.530831 0.940383 1 28 1.000000
MarioHand_alb.png
 29 -45.018364 3.410864 104.040550 0.992323 -0.003911 -0.123611 0.573602 0.956008 1 28 1.000000
 29 -45.007427 6.542839 103.429855 0.992211 -0.050927 -0.113679 0.622583 0.956008 1 28 1.000000
 29 -45.830849 3.465497 105.007034 0.505148 0.003911 0.863024 0.573602 0.940383 1 28 1.000000
MarioHand_alb.png
 29 -47.123249 7.076433 104.653992 0.070587 0.358180 0.930981 0.622583 0.924254 1 28 1.000000
 29 -48.257683 3.474377 105.179810 -0.325141 -0.003912 0.945657 0.573602 0.908217 1 28 1.000000
 29 -47.136059 3.405868 105.369682 0.068264 -0.005816 0.997650 0.573602 0.924254 1 28 1.000000
MarioHand_alb.png
 29 -45.830849 3.465497 105.007034 0.505148 0.003911 0.863024 0.573602 0.940383 1 28 1.000000
 29 -47.123249 7.076433 104.653992 0.070587 0.358180 0.930981 0.622583 0.924254 1 28 1.000000
 29 -47.136059 3.405868 105.369682 0.068264 -0.005816 0.997650 0.573602 0.924254 1 28 1.000000
MarioHand_alb.png
 29 -48.257687 7.068000 104.479126 -0.285736 0.344581 0.894214 0.622583 0.908217 1 28 1.000000
 29 -49.160114 3.669015 104.654564 0.038902 0.003909 0.999235 0.573602 0.893233 1 28 1.000000
 29 -48.257683 3.474377 105.179810 -0.325141 -0.003912 0.945657 0.573602 0.908217 1 28 1.000000
MarioHand_alb.png
 29 -47.123249 7.076433 104.653992 0.070587 0.358180 0.930981 0.622583 0.924254 1 28 1.000000
 29 -48.257687 7.068000 104.479126 -0.285736 0.344581 0.894214 0.622583 0.908217 1 28 1.000000
 29 -48.257683 3.474377 105.179810 -0.325141 -0.003912 0.945657 0.573602 0.908217 1 28 1.000000
MarioHand_alb.png
 29 -48.257687 7.068000 104.479126 -0.285736 0.344581 0.894214 0.622583 0.908217 1 28 1.000000
 29 -49.153862 7.049801 103.995384 0.123233 0.326779 0.937032 0.622583 0.893233 1 28 1.000000
 29 -49.160114 3.669015 104.654564 0.038902 0.003909 0.999235 0.573602 0.893233 1 28 1.000000
MarioHand_alb.png
 29 -45.007427 6.542839 103.429855 0.992211 -0.050927 -0.113679 0.622583 0.956008 1 28 1.000000
 29 -45.830853 6.989103 104.319984 0.506600 0.316816 0.801863 0.622583 0.940383 1 28 1.000000
 29 -45.830849 3.465497 105.007034 0.505148 0.003911 0.863024 0.573602 0.940383 1 28 1.000000
MarioHand_alb.png
 29 -45.830849 3.465497 105.007034 0.505148 0.003911 0.863024 0.573602 0.940383 1 28 1.000000
 29 -45.830853 6.989103 104.319984 0.506600 0.316816 0.801863 0.622583 0.940383 1 28 1.000000
 29 -47.123249 7.076433 104.653992 0.070587 0.358180 0.930981 0.622583 0.924254 1 28 1.000000
MarioHand_alb.png
 29 -45.007427 6.542839 103.429855 0.992211 -0.050927 -0.113679 0.622583 0.956008 1 28 1.000000
 29 -44.998104 9.216146 101.776711 0.993510 -0.082220 -0.078596 0.669917 0.956008 1 28 1.000000
 29 -45.830853 6.989103 104.319984 0.506600 0.316816 0.801863 0.622583 0.940383 1 28 1.000000
MarioHand_alb.png
 29 -47.123249 7.076433 104.653992 0.070587 0.358180 0.930981 0.622583 0.924254 1 28 1.000000
 29 -47.112320 10.209455 102.716560 0.072478 0.681101 0.728593 0.669917 0.924254 1 28 1.000000
 29 -48.257687 7.068000 104.479126 -0.285736 0.344581 0.894214 0.622583 0.908217 1 28 1.000000
MarioHand_alb.png
 29 -45.830853 6.989103 104.319984 0.506600 0.316816 0.801863 0.622583 0.940383 1 28 1.000000
 29 -47.112320 10.209455 102.716560 0.072478 0.681101 0.728593 0.669917 0.924254 1 28 1.000000
 29 -47.123249 7.076433 104.653992 0.070587 0.358180 0.930981 0.622583 0.924254 1 28 1.000000
MarioHand_alb.png
 29 -48.257687 7.068000 104.479126 -0.285736 0.344581 0.894214 0.622583 0.908217 1 28 1.000000
 29 -48.257687 10.135351 102.582298 -0.256351 0.659664 0.706490 0.669917 0.908217 1 28 1.000000
 29 -49.153862 7.049801 103.995384 0.123233 0.326779 0.937032 0.622583 0.893233 1 28 1.000000
MarioHand_alb.png
 29 -47.112320 10.209455 102.716560 0.072478 0.681101 0.728593 0.669917 0.924254 1 28 1.000000
 29 -48.257687 10.135351 102.582298 -0.256351 0.659664 0.706490 0.669917 0.908217 1 28 1.000000
 29 -48.257687 7.068000 104.479126 -0.285736 0.344581 0.894214 0.622583 0.908217 1 28 1.000000
MarioHand_alb.png
 29 -48.257687 10.135351 102.582298 -0.256351 0.659664 0.706490 0.669917 0.908217 1 28 1.000000
 29 -49.153866 9.935482 102.210884 0.205602 0.660960 0.721706 0.669917 0.893233 1 28 1.000000
 29 -49.153862 7.049801 103.995384 0.123233 0.326779 0.937032 0.622583 0.893233 1 28 1.000000
MarioHand_alb.png
 29 -45.830853 6.989103 104.319984 0.506600 0.316816 0.801863 0.622583 0.940383 1 28 1.000000
 29 -44.998104 9.216146 101.776711 0.993510 -0.082220 -0.078596 0.669917 0.956008 1 28 1.000000
 29 -45.830853 9.996696 102.460114 0.513122 0.591616 0.621850 0.669917 0.940383 1 28 1.000000
MarioHand_alb.png
 29 -45.830853 6.989103 104.319984 0.506600 0.316816 0.801863 0.622583 0.940383 1 28 1.000000
 29 -45.830853 9.996696 102.460114 0.513122 0.591616 0.621850 0.669917 0.940383 1 28 1.000000
 29 -47.112320 10.209455 102.716560 0.072478 0.681101 0.728593 0.669917 0.924254 1 28 1.000000
MarioHand_alb.png
 29 -44.998104 9.216146 101.776711 0.993510 -0.082220 -0.078596 0.669917 0.956008 1 28 1.000000
 29 -44.991974 10.972118 99.259933 0.993768 -0.103573 -0.041200 0.710567 0.956008 1 28 1.000000
 29 -45.830853 9.996696 102.460114 0.513122 0.591616 0.621850 0.669917 0.940383 1 28 1.000000
MarioHand_alb.png
 29 -47.112320 10.209455 102.716560 0.072478 0.681101 0.728593 0.669917 0.924254 1 28 1.000000
 29 -47.105129 12.267395 99.766983 0.076294 0.912090 0.402830 0.710567 0.924254 1 28 1.000000
 29 -48.257687 10.135351 102.582298 -0.256351 0.659664 0.706490 0.669917 0.908217 1 28 1.000000
MarioHand_alb.png
 29 -47.112320 10.209455 102.716560 0.072478 0.681101 0.728593 0.669917 0.924254 1 28 1.000000
 29 -45.830853 9.996696 102.460114 0.513122 0.591616 0.621850 0.669917 0.940383 1 28 1.000000
 29 -47.105129 12.267395 99.766983 0.076294 0.912090 0.402830 0.710567 0.924254 1 28 1.000000
MarioHand_alb.png
 29 -48.257687 10.135351 102.582298 -0.256351 0.659664 0.706490 0.669917 0.908217 1 28 1.000000
 29 -48.257687 12.150152 99.694550 -0.234981 0.888712 0.393669 0.710567 0.908217 1 28 1.000000
 29 -49.153866 9.935482 102.210884 0.205602 0.660960 0.721706 0.669917 0.893233 1 28 1.000000
MarioHand_alb.png
 29 -47.105129 12.267395 99.766983 0.076294 0.912090 0.402830 0.710567 0.924254 1 28 1.000000
 29 -48.257687 12.150152 99.694550 -0.234981 0.888712 0.393669 0.710567 0.908217 1 28 1.000000
 29 -48.257687 10.135351 102.582298 -0.256351 0.659664 0.706490 0.669917 0.908217 1 28 1.000000
MarioHand_alb.png
 29 -48.257687 12.150152 99.694550 -0.234981 0.888712 0.393669 0.710567 0.908217 1 28 1.000000
 29 -49.153866 11.830957 99.494164 0.203702 0.898063 0.389857 0.710567 0.893233 1 28 1.000000
 29 -49.153866 9.935482 102.210884 0.205602 0.660960 0.721706 0.669917 0.893233 1 28 1.000000
MarioHand_alb.png
 29 -45.830853 9.996696 102.460114 0.513122 0.591616 0.621850 0.669917 0.940383 1 28 1.000000
 29 -44.991974 10.972118 99.259933 0.993768 -0.103573 -0.041200 0.710567 0.956008 1 28 1.000000
 29 -45.830853 11.972242 99.628632 0.518803 0.783259 0.342563 0.710567 0.940383 1 28 1.000000
MarioHand_alb.png
 29 -45.830853 9.996696 102.460114 0.513122 0.591616 0.621850 0.669917 0.940383 1 28 1.000000
 29 -45.830853 11.972242 99.628632 0.518803 0.783259 0.342563 0.710567 0.940383 1 28 1.000000
 29 -47.105129 12.267395 99.766983 0.076294 0.912090 0.402830 0.710567 0.924254 1 28 1.000000
MarioHand_alb.png
 29 -44.991974 10.972118 99.259933 0.993768 -0.103573 -0.041200 0.710567 0.956008 1 28 1.000000
 29 -44.989704 11.620771 96.311340 0.994601 -0.103771 0.000000 0.755230 0.956008 1 28 1.000000
 29 -45.830853 11.972242 99.628632 0.518803 0.783259 0.342563 0.710567 0.940383 1 28 1.000000
MarioHand_alb.png
 29 -48.257687 12.150152 99.694550 -0.234981 0.888712 0.393669 0.710567 0.908217 1 28 1.000000
 29 -48.257690 12.894417 96.311340 -0.229273 0.973362 0.000000 0.755230 0.908217 1 28 1.000000
 29 -49.153866 11.830957 99.494164 0.203702 0.898063 0.389857 0.710567 0.893233 1 28 1.000000
MarioHand_alb.png
 29 -49.153866 11.830957 99.494164 0.203702 0.898063 0.389857 0.710567 0.893233 1 28 1.000000
 29 -48.257690 12.894417 96.311340 -0.229273 0.973362 0.000000 0.755230 0.908217 1 28 1.000000
 29 -49.153866 12.531143 96.311340 0.188058 0.982155 0.002289 0.755230 0.893233 1 28 1.000000
MarioHand_alb.png
 29 -49.153866 12.531143 96.311340 0.188058 0.982155 0.002289 0.755230 0.893233 1 28 1.000000
 29 -48.257690 12.894417 96.311340 -0.229273 0.973362 0.000000 0.755230 0.908217 1 28 1.000000
 29 -49.153866 11.828993 93.128502 0.125506 0.922027 -0.366217 0.799878 0.893233 1 28 1.000000
MarioHand_alb.png
 29 -47.105129 12.267395 99.766983 0.076294 0.912090 0.402830 0.710567 0.924254 1 28 1.000000
 29 -47.102478 13.027594 96.311340 0.076295 0.997085 0.000000 0.755230 0.924254 1 28 1.000000
 29 -48.257687 12.150152 99.694550 -0.234981 0.888712 0.393669 0.710567 0.908217 1 28 1.000000
MarioHand_alb.png
 29 -48.257687 12.150152 99.694550 -0.234981 0.888712 0.393669 0.710567 0.908217 1 28 1.000000
 29 -47.102478 13.027594 96.311340 0.076295 0.997085 0.000000 0.755230 0.924254 1 28 1.000000
 29 -48.257690 12.894417 96.311340 -0.229273 0.973362 0.000000 0.755230 0.908217 1 28 1.000000
MarioHand_alb.png
 29 -47.105129 12.267395 99.766983 0.076294 0.912090 0.402830 0.710567 0.924254 1 28 1.000000
 29 -45.830853 11.972242 99.628632 0.518803 0.783259 0.342563 0.710567 0.940383 1 28 1.000000
 29 -47.102478 13.027594 96.311340 0.076295 0.997085 0.000000 0.755230 0.924254 1 28 1.000000
MarioHand_alb.png
 29 -48.257690 12.894417 96.311340 -0.229273 0.973362 0.000000 0.755230 0.908217 1 28 1.000000
 29 -48.257687 12.150152 92.928139 -0.234981 0.888712 -0.393669 0.799878 0.908217 1 28 1.000000
 29 -49.153866 11.828993 93.128502 0.125506 0.922027 -0.366217 0.799878 0.893233 1 28 1.000000
MarioHand_alb.png
 29 -47.102478 13.027594 96.311340 0.076295 0.997085 0.000000 0.755230 0.924254 1 28 1.000000
 29 -48.257687 12.150152 92.928139 -0.234981 0.888712 -0.393669 0.799878 0.908217 1 28 1.000000
 29 -48.257690 12.894417 96.311340 -0.229273 0.973362 0.000000 0.755230 0.908217 1 28 1.000000
MarioHand_alb.png
 29 -48.257687 12.150152 92.928139 -0.234981 0.888712 -0.393669 0.799878 0.908217 1 28 1.000000
 29 -49.153866 9.933514 90.411789 0.053027 0.667887 -0.742372 0.844251 0.893233 1 28 1.000000
 29 -49.153866 11.828993 93.128502 0.125506 0.922027 -0.366217 0.799878 0.893233 1 28 1.000000
MarioHand_alb.png
 29 -45.830853 11.972242 99.628632 0.518803 0.783259 0.342563 0.710567 0.940383 1 28 1.000000
 29 -45.830853 12.702000 96.311340 0.522245 0.852796 0.000000 0.755230 0.940383 1 28 1.000000
 29 -47.102478 13.027594 96.311340 0.076295 0.997085 0.000000 0.755230 0.924254 1 28 1.000000
MarioHand_alb.png
 29 -45.830853 11.972242 99.628632 0.518803 0.783259 0.342563 0.710567 0.940383 1 28 1.000000
 29 -44.989704 11.620771 96.311340 0.994601 -0.103771 0.000000 0.755230 0.956008 1 28 1.000000
 29 -45.830853 12.702000 96.311340 0.522245 0.852796 0.000000 0.755230 0.940383 1 28 1.000000
MarioHand_alb.png
 29 -48.257687 12.150152 92.928139 -0.234981 0.888712 -0.393669 0.799878 0.908217 1 28 1.000000
 29 -48.257687 10.135349 90.040390 -0.256351 0.659664 -0.706490 0.844251 0.908217 1 28 1.000000
 29 -49.153866 9.933514 90.411789 0.053027 0.667887 -0.742372 0.844251 0.893233 1 28 1.000000
MarioHand_alb.png
 29 -48.257687 10.135349 90.040390 -0.256351 0.659664 -0.706490 0.844251 0.908217 1 28 1.000000
 29 -49.153862 7.047825 88.627304 -0.090388 0.279937 -0.955754 0.886946 0.893233 1 28 1.000000
 29 -49.153866 9.933514 90.411789 0.053027 0.667887 -0.742372 0.844251 0.893233 1 28 1.000000
MarioHand_alb.png
 29 -44.989704 11.620771 96.311340 0.994601 -0.103771 0.000000 0.755230 0.956008 1 28 1.000000
 29 -45.830853 11.972240 92.994057 0.518784 0.782943 -0.343313 0.799878 0.940383 1 28 1.000000
 29 -45.830853 12.702000 96.311340 0.522245 0.852796 0.000000 0.755230 0.940383 1 28 1.000000
MarioHand_alb.png
 29 -45.830853 12.702000 96.311340 0.522245 0.852796 0.000000 0.755230 0.940383 1 28 1.000000
 29 -45.830853 11.972240 92.994057 0.518784 0.782943 -0.343313 0.799878 0.940383 1 28 1.000000
 29 -47.102478 13.027594 96.311340 0.076295 0.997085 0.000000 0.755230 0.924254 1 28 1.000000
MarioHand_alb.png
 29 -44.989704 11.620771 96.311340 0.994601 -0.103771 0.000000 0.755230 0.956008 1 28 1.000000
 29 -44.991974 10.972118 93.362747 0.993779 -0.103765 0.040438 0.799878 0.956008 1 28 1.000000
 29 -45.830853 11.972240 92.994057 0.518784 0.782943 -0.343313 0.799878 0.940383 1 28 1.000000
MarioHand_alb.png
 29 -47.105129 12.267393 92.855705 0.076290 0.911761 -0.403574 0.799878 0.924254 1 28 1.000000
 29 -48.257687 12.150152 92.928139 -0.234981 0.888712 -0.393669 0.799878 0.908217 1 28 1.000000
 29 -47.102478 13.027594 96.311340 0.076295 0.997085 0.000000 0.755230 0.924254 1 28 1.000000
MarioHand_alb.png
 29 -45.830853 11.972240 92.994057 0.518784 0.782943 -0.343313 0.799878 0.940383 1 28 1.000000
 29 -47.105129 12.267393 92.855705 0.076290 0.911761 -0.403574 0.799878 0.924254 1 28 1.000000
 29 -47.102478 13.027594 96.311340 0.076295 0.997085 0.000000 0.755230 0.924254 1 28 1.000000
MarioHand_alb.png
 29 -47.105129 12.267393 92.855705 0.076290 0.911761 -0.403574 0.799878 0.924254 1 28 1.000000
 29 -48.257687 10.135349 90.040390 -0.256351 0.659664 -0.706490 0.844251 0.908217 1 28 1.000000
 29 -48.257687 12.150152 92.928139 -0.234981 0.888712 -0.393669 0.799878 0.908217 1 28 1.000000
MarioHand_alb.png
 29 -44.991974 10.972118 93.362747 0.993779 -0.103765 0.040438 0.799878 0.956008 1 28 1.000000
 29 -45.830853 9.996693 90.162582 0.512274 0.590851 -0.623274 0.844251 0.940383 1 28 1.000000
 29 -45.830853 11.972240 92.994057 0.518784 0.782943 -0.343313 0.799878 0.940383 1 28 1.000000
MarioHand_alb.png
 29 -45.830853 11.972240 92.994057 0.518784 0.782943 -0.343313 0.799878 0.940383 1 28 1.000000
 29 -45.830853 9.996693 90.162582 0.512274 0.590851 -0.623274 0.844251 0.940383 1 28 1.000000
 29 -47.105129 12.267393 92.855705 0.076290 0.911761 -0.403574 0.799878 0.924254 1 28 1.000000
MarioHand_alb.png
 29 -44.991974 10.972118 93.362747 0.993779 -0.103765 0.040438 0.799878 0.956008 1 28 1.000000
 29 -44.998104 9.216146 90.845978 0.993518 -0.082125 0.078596 0.844251 0.956008 1 28 1.000000
 29 -45.830853 9.996693 90.162582 0.512274 0.590851 -0.623274 0.844251 0.940383 1 28 1.000000
MarioHand_alb.png
 29 -47.105129 12.267393 92.855705 0.076290 0.911761 -0.403574 0.799878 0.924254 1 28 1.000000
 29 -47.112320 10.209454 89.906136 0.072473 0.681152 -0.728546 0.844251 0.924254 1 28 1.000000
 29 -48.257687 10.135349 90.040390 -0.256351 0.659664 -0.706490 0.844251 0.908217 1 28 1.000000
MarioHand_alb.png
 29 -45.830853 9.996693 90.162582 0.512274 0.590851 -0.623274 0.844251 0.940383 1 28 1.000000
 29 -47.112320 10.209454 89.906136 0.072473 0.681152 -0.728546 0.844251 0.924254 1 28 1.000000
 29 -47.105129 12.267393 92.855705 0.076290 0.911761 -0.403574 0.799878 0.924254 1 28 1.000000
MarioHand_alb.png
 29 -44.998104 9.216146 90.845978 0.993518 -0.082125 0.078596 0.844251 0.956008 1 28 1.000000
 29 -45.830853 6.989103 88.302704 0.506332 0.316791 -0.802042 0.886946 0.940383 1 28 1.000000
 29 -45.830853 9.996693 90.162582 0.512274 0.590851 -0.623274 0.844251 0.940383 1 28 1.000000
MarioHand_alb.png
 29 -45.830853 9.996693 90.162582 0.512274 0.590851 -0.623274 0.844251 0.940383 1 28 1.000000
 29 -45.830853 6.989103 88.302704 0.506332 0.316791 -0.802042 0.886946 0.940383 1 28 1.000000
 29 -47.112320 10.209454 89.906136 0.072473 0.681152 -0.728546 0.844251 0.924254 1 28 1.000000
MarioHand_alb.png
 29 -44.998104 9.216146 90.845978 0.993518 -0.082125 0.078596 0.844251 0.956008 1 28 1.000000
 29 -45.007427 6.542840 89.192810 0.992216 -0.050832 0.113680 0.886946 0.956008 1 28 1.000000
 29 -45.830853 6.989103 88.302704 0.506332 0.316791 -0.802042 0.886946 0.940383 1 28 1.000000
MarioHand_alb.png
 29 -47.112320 10.209454 89.906136 0.072473 0.681152 -0.728546 0.844251 0.924254 1 28 1.000000
 29 -48.257687 7.067998 88.143562 -0.285736 0.344581 -0.894214 0.886946 0.908217 1 28 1.000000
 29 -48.257687 10.135349 90.040390 -0.256351 0.659664 -0.706490 0.844251 0.908217 1 28 1.000000
MarioHand_alb.png
 29 -48.257687 10.135349 90.040390 -0.256351 0.659664 -0.706490 0.844251 0.908217 1 28 1.000000
 29 -48.257687 7.067998 88.143562 -0.285736 0.344581 -0.894214 0.886946 0.908217 1 28 1.000000
 29 -49.153862 7.047825 88.627304 -0.090388 0.279937 -0.955754 0.886946 0.893233 1 28 1.000000
MarioHand_alb.png
 29 -48.257687 7.067998 88.143562 -0.285736 0.344581 -0.894214 0.886946 0.908217 1 28 1.000000
 29 -49.160366 3.667030 87.968124 -0.133154 0.052723 -0.989692 0.930816 0.893233 1 28 1.000000
 29 -49.153862 7.047825 88.627304 -0.090388 0.279937 -0.955754 0.886946 0.893233 1 28 1.000000
MarioHand_alb.png
 29 -48.257687 7.067998 88.143562 -0.285736 0.344581 -0.894214 0.886946 0.908217 1 28 1.000000
 29 -48.257683 3.474375 87.442879 -0.324907 -0.003909 -0.945738 0.930816 0.908217 1 28 1.000000
 29 -49.160366 3.667030 87.968124 -0.133154 0.052723 -0.989692 0.930816 0.893233 1 28 1.000000
MarioHand_alb.png
 29 -47.112320 10.209454 89.906136 0.072473 0.681152 -0.728546 0.844251 0.924254 1 28 1.000000
 29 -47.123245 7.076428 87.968697 0.070591 0.358013 -0.931044 0.886946 0.924254 1 28 1.000000
 29 -48.257687 7.067998 88.143562 -0.285736 0.344581 -0.894214 0.886946 0.908217 1 28 1.000000
MarioHand_alb.png
 29 -47.123245 7.076428 87.968697 0.070591 0.358013 -0.931044 0.886946 0.924254 1 28 1.000000
 29 -48.257683 3.474375 87.442879 -0.324907 -0.003909 -0.945738 0.930816 0.908217 1 28 1.000000
 29 -48.257687 7.067998 88.143562 -0.285736 0.344581 -0.894214 0.886946 0.908217 1 28 1.000000
MarioHand_alb.png
 29 -45.830853 6.989103 88.302704 0.506332 0.316791 -0.802042 0.886946 0.940383 1 28 1.000000
 29 -47.123245 7.076428 87.968697 0.070591 0.358013 -0.931044 0.886946 0.924254 1 28 1.000000
 29 -47.112320 10.209454 89.906136 0.072473 0.681152 -0.728546 0.844251 0.924254 1 28 1.000000
MarioHand_alb.png
 29 -47.123245 7.076428 87.968697 0.070591 0.358013 -0.931044 0.886946 0.924254 1 28 1.000000
 29 -47.136055 3.405868 87.253006 0.068264 -0.005911 -0.997650 0.930816 0.924254 1 28 1.000000
 29 -48.257683 3.474375 87.442879 -0.324907 -0.003909 -0.945738 0.930816 0.908217 1 28 1.000000
MarioHand_alb.png
 29 -45.830849 3.465497 87.615662 0.505148 0.003911 -0.863024 0.930816 0.940383 1 28 1.000000
 29 -47.136055 3.405868 87.253006 0.068264 -0.005911 -0.997650 0.930816 0.924254 1 28 1.000000
 29 -47.123245 7.076428 87.968697 0.070591 0.358013 -0.931044 0.886946 0.924254 1 28 1.000000
MarioHand_alb.png
 29 -45.830853 6.989103 88.302704 0.506332 0.316791 -0.802042 0.886946 0.940383 1 28 1.000000
 29 -45.830849 3.465497 87.615662 0.505148 0.003911 -0.863024 0.930816 0.940383 1 28 1.000000
 29 -47.123245 7.076428 87.968697 0.070591 0.358013 -0.931044 0.886946 0.924254 1 28 1.000000
MarioHand_alb.png
 29 -45.007427 6.542840 89.192810 0.992216 -0.050832 0.113680 0.886946 0.956008 1 28 1.000000
 29 -45.830849 3.465497 87.615662 0.505148 0.003911 -0.863024 0.930816 0.940383 1 28 1.000000
 29 -45.830853 6.989103 88.302704 0.506332 0.316791 -0.802042 0.886946 0.940383 1 28 1.000000
MarioHand_alb.png
 29 -45.007427 6.542840 89.192810 0.992216 -0.050832 0.113680 0.886946 0.956008 1 28 1.000000
 29 -45.018364 3.410862 88.582138 0.992422 -0.003909 0.122813 0.930816 0.956008 1 28 1.000000
 29 -45.830849 3.465497 87.615662 0.505148 0.003911 -0.863024 0.930816 0.940383 1 28 1.000000
MarioHand_alb.png
 29 -60.233948 9.442625 105.190659 -0.328064 0.710488 0.622559 0.073045 0.920958 1 28 1.000000
 29 -60.578266 8.872711 105.413605 -0.495415 0.293187 0.817683 0.077577 0.912490 1 28 1.000000
 29 -59.581905 9.085222 105.977341 -0.284232 0.320953 0.903439 0.064149 0.912490 1 28 1.000000
MarioHand_alb.png
 29 -60.578266 8.872711 105.413605 -0.495415 0.293187 0.817683 0.077577 0.912490 1 28 1.000000
 29 -60.227821 8.297356 105.613174 -0.314703 -0.152488 0.936862 0.073045 0.904021 1 28 1.000000
 29 -59.581905 9.085222 105.977341 -0.284232 0.320953 0.903439 0.064149 0.912490 1 28 1.000000
MarioHand_alb.png
 29 -59.581905 9.085222 105.977341 -0.284232 0.320953 0.903439 0.064149 0.912490 1 28 1.000000
 29 -59.188782 7.835011 105.740501 -0.196431 -0.299319 0.933715 0.060639 0.897826 1 28 1.000000
 29 -58.097828 8.378485 106.178513 0.061429 -0.275953 0.959206 0.043687 0.902281 1 28 1.000000
MarioHand_alb.png
 29 -59.581905 9.085222 105.977341 -0.284232 0.320953 0.903439 0.064149 0.912490 1 28 1.000000
 29 -58.105389 9.768345 105.667915 0.046921 0.825606 0.562293 0.043687 0.922713 1 28 1.000000
 29 -59.193569 9.887636 105.002899 -0.205608 0.822052 0.530996 0.060639 0.927169 1 28 1.000000
MarioHand_alb.png
 29 -59.581905 9.085222 105.977341 -0.284232 0.320953 0.903439 0.064149 0.912490 1 28 1.000000
 29 -58.097828 8.378485 106.178513 0.061429 -0.275953 0.959206 0.043687 0.902281 1 28 1.000000
 29 -58.088371 9.196758 106.258759 0.062579 0.341135 0.937929 0.043687 0.912490 1 28 1.000000
MarioHand_alb.png
 29 -59.581905 9.085222 105.977341 -0.284232 0.320953 0.903439 0.064149 0.912490 1 28 1.000000
 29 -58.088371 9.196758 106.258759 0.062579 0.341135 0.937929 0.043687 0.912490 1 28 1.000000
 29 -58.105389 9.768345 105.667915 0.046921 0.825606 0.562293 0.043687 0.922713 1 28 1.000000
MarioHand_alb.png
 29 -58.097828 8.378485 106.178513 0.061429 -0.275953 0.959206 0.043687 0.902281 1 28 1.000000
 29 -56.621315 9.061602 105.869102 0.402337 0.310810 0.861116 0.023239 0.912490 1 28 1.000000
 29 -58.088371 9.196758 106.258759 0.062579 0.341135 0.937929 0.043687 0.912490 1 28 1.000000
MarioHand_alb.png
 29 -58.105389 9.768345 105.667915 0.046921 0.825606 0.562293 0.043687 0.922713 1 28 1.000000
 29 -58.088371 9.196758 106.258759 0.062579 0.341135 0.937929 0.043687 0.912490 1 28 1.000000
 29 -56.621315 9.061602 105.869102 0.402337 0.310810 0.861116 0.023239 0.912490 1 28 1.000000
MarioHand_alb.png
 29 -58.097828 8.378485 106.178513 0.061429 -0.275953 0.959206 0.043687 0.902281 1 28 1.000000
 29 -57.057007 7.818655 105.644966 0.305177 -0.317003 0.897984 0.026749 0.897826 1 28 1.000000
 29 -56.621315 9.061602 105.869102 0.402337 0.310810 0.861116 0.023239 0.912490 1 28 1.000000
MarioHand_alb.png
 29 -58.105389 9.768345 105.667915 0.046921 0.825606 0.562293 0.043687 0.922713 1 28 1.000000
 29 -56.621315 9.061602 105.869102 0.402337 0.310810 0.861116 0.023239 0.912490 1 28 1.000000
 29 -57.061802 9.871286 104.907364 0.291460 0.819825 0.492887 0.026749 0.927169 1 28 1.000000
MarioHand_alb.png
 29 -56.621315 9.061602 105.869102 0.402337 0.310810 0.861116 0.023239 0.912490 1 28 1.000000
 29 -56.016647 8.263660 105.457184 0.419204 -0.170123 0.891810 0.014343 0.904021 1 28 1.000000
 29 -55.672295 8.833572 105.234238 0.600412 0.279703 0.749180 0.009812 0.912490 1 28 1.000000
MarioHand_alb.png
 29 -56.621315 9.061602 105.869102 0.402337 0.310810 0.861116 0.023239 0.912490 1 28 1.000000
 29 -55.672295 8.833572 105.234238 0.600412 0.279703 0.749180 0.009812 0.912490 1 28 1.000000
 29 -56.022770 9.408928 105.034676 0.418065 0.704340 0.573695 0.014343 0.920958 1 28 1.000000
MarioHand_alb.png
 29 -62.400597 13.063837 97.550995 -0.232693 0.856862 -0.460045 0.929747 0.237446 1 28 1.000000
 29 -64.308212 15.016678 98.812286 0.431802 0.897839 -0.086208 0.962692 0.270115 1 28 1.000000
 29 -63.127121 14.584089 99.810410 0.091556 0.995765 0.008393 0.966781 0.245304 1 28 1.000000
MarioHand_alb.png
 29 -63.370659 13.394102 96.818542 0.652032 0.513537 -0.557794 0.926528 0.261326 1 28 1.000000
 29 -64.308212 15.016678 98.812286 0.431802 0.897839 -0.086208 0.962692 0.270115 1 28 1.000000
 29 -62.400597 13.063837 97.550995 -0.232693 0.856862 -0.460045 0.929747 0.237446 1 28 1.000000
MarioHand_alb.png
 29 -63.290932 11.086720 96.826698 -0.865827 0.332600 -0.373793 0.899718 0.235935 1 28 1.000000
 29 -63.370659 13.394102 96.818542 0.652032 0.513537 -0.557794 0.926528 0.261326 1 28 1.000000
 29 -62.400597 13.063837 97.550995 -0.232693 0.856862 -0.460045 0.929747 0.237446 1 28 1.000000
MarioHand_alb.png
 29 -63.370659 13.394102 96.818542 0.652032 0.513537 -0.557794 0.926528 0.261326 1 28 1.000000
 29 -64.813866 14.066477 95.776711 0.601235 0.528942 -0.598946 0.924163 0.288533 1 28 1.000000
 29 -64.308212 15.016678 98.812286 0.431802 0.897839 -0.086208 0.962692 0.270115 1 28 1.000000
MarioHand_alb.png
 29 -65.779236 15.585096 97.760452 0.436394 0.892052 -0.117491 0.958877 0.297200 1 28 1.000000
 29 -64.308212 15.016678 98.812286 0.431802 0.897839 -0.086208 0.962692 0.270115 1 28 1.000000
 29 -64.813866 14.066477 95.776711 0.601235 0.528942 -0.598946 0.924163 0.288533 1 28 1.000000
MarioHand_alb.png
 29 -63.779736 11.289118 96.198906 0.541594 -0.296923 -0.786456 0.895689 0.256504 1 28 1.000000
 29 -63.370659 13.394102 96.818542 0.652032 0.513537 -0.557794 0.926528 0.261326 1 28 1.000000
 29 -63.290932 11.086720 96.826698 -0.865827 0.332600 -0.373793 0.899718 0.235935 1 28 1.000000
MarioHand_alb.png
 29 -66.279083 14.700389 95.017776 0.592780 0.558163 -0.580574 0.921157 0.317021 1 28 1.000000
 29 -65.779236 15.585096 97.760452 0.436394 0.892052 -0.117491 0.958877 0.297200 1 28 1.000000
 29 -64.813866 14.066477 95.776711 0.601235 0.528942 -0.598946 0.924163 0.288533 1 28 1.000000
MarioHand_alb.png
 29 -67.385696 16.224466 96.853271 0.415051 0.906398 -0.078585 0.954803 0.327001 1 28 1.000000
 29 -65.779236 15.585096 97.760452 0.436394 0.892052 -0.117491 0.958877 0.297200 1 28 1.000000
 29 -66.279083 14.700389 95.017776 0.592780 0.558163 -0.580574 0.921157 0.317021 1 28 1.000000
MarioHand_alb.png
 29 -65.066528 11.885830 95.132660 0.445599 -0.285557 -0.848469 0.894499 0.281544 1 28 1.000000
 29 -64.813866 14.066477 95.776711 0.601235 0.528942 -0.598946 0.924163 0.288533 1 28 1.000000
 29 -63.370659 13.394102 96.818542 0.652032 0.513537 -0.557794 0.926528 0.261326 1 28 1.000000
MarioHand_alb.png
 29 -65.066528 11.885830 95.132660 0.445599 -0.285557 -0.848469 0.894499 0.281544 1 28 1.000000
 29 -63.370659 13.394102 96.818542 0.652032 0.513537 -0.557794 0.926528 0.261326 1 28 1.000000
 29 -63.779736 11.289118 96.198906 0.541594 -0.296923 -0.786456 0.895689 0.256504 1 28 1.000000
MarioHand_alb.png
 29 -65.066528 11.885830 95.132660 0.445599 -0.285557 -0.848469 0.894499 0.281544 1 28 1.000000
 29 -66.497444 12.425085 94.406265 0.447788 -0.278056 -0.849806 0.891188 0.309285 1 28 1.000000
 29 -64.813866 14.066477 95.776711 0.601235 0.528942 -0.598946 0.924163 0.288533 1 28 1.000000
MarioHand_alb.png
 29 -66.279083 14.700389 95.017776 0.592780 0.558163 -0.580574 0.921157 0.317021 1 28 1.000000
 29 -64.813866 14.066477 95.776711 0.601235 0.528942 -0.598946 0.924163 0.288533 1 28 1.000000
 29 -66.497444 12.425085 94.406265 0.447788 -0.278056 -0.849806 0.891188 0.309285 1 28 1.000000
MarioHand_alb.png
 29 -66.625977 9.950963 96.340897 0.070189 -0.816040 -0.573717 0.857832 0.276448 1 28 1.000000
 29 -65.066528 11.885830 95.132660 0.445599 -0.285557 -0.848469 0.894499 0.281544 1 28 1.000000
 29 -63.779736 11.289118 96.198906 0.541594 -0.296923 -0.786456 0.895689 0.256504 1 28 1.000000
MarioHand_alb.png
 29 -66.625977 9.950963 96.340897 0.070189 -0.816040 -0.573717 0.857832 0.276448 1 28 1.000000
 29 -66.497444 12.425085 94.406265 0.447788 -0.278056 -0.849806 0.891188 0.309285 1 28 1.000000
 29 -65.066528 11.885830 95.132660 0.445599 -0.285557 -0.848469 0.894499 0.281544 1 28 1.000000
MarioHand_alb.png
 29 -63.779736 11.289118 96.198906 0.541594 -0.296923 -0.786456 0.895689 0.256504 1 28 1.000000
 29 -63.290932 11.086720 96.826698 -0.865827 0.332600 -0.373793 0.899718 0.235935 1 28 1.000000
 29 -65.432404 9.494232 97.246147 0.111384 -0.836142 -0.537084 0.858351 0.254963 1 28 1.000000
MarioHand_alb.png
 29 -66.625977 9.950963 96.340897 0.070189 -0.816040 -0.573717 0.857832 0.276448 1 28 1.000000
 29 -63.779736 11.289118 96.198906 0.541594 -0.296923 -0.786456 0.895689 0.256504 1 28 1.000000
 29 -65.432404 9.494232 97.246147 0.111384 -0.836142 -0.537084 0.858351 0.254963 1 28 1.000000
MarioHand_alb.png
 29 -64.148041 9.032112 98.299477 -0.639969 0.262014 -0.722349 0.856977 0.232593 1 28 1.000000
 29 -65.432404 9.494232 97.246147 0.111384 -0.836142 -0.537084 0.858351 0.254963 1 28 1.000000
 29 -63.290932 11.086720 96.826698 -0.865827 0.332600 -0.373793 0.899718 0.235935 1 28 1.000000
MarioHand_alb.png
 29 -64.148041 9.032112 98.299477 -0.639969 0.262014 -0.722349 0.856977 0.232593 1 28 1.000000
 29 -67.124344 9.016506 99.174706 -0.152592 -0.988223 0.011444 0.822416 0.255192 1 28 1.000000
 29 -65.432404 9.494232 97.246147 0.111384 -0.836142 -0.537084 0.858351 0.254963 1 28 1.000000
MarioHand_alb.png
 29 -66.625977 9.950963 96.340897 0.070189 -0.816040 -0.573717 0.857832 0.276448 1 28 1.000000
 29 -65.432404 9.494232 97.246147 0.111384 -0.836142 -0.537084 0.858351 0.254963 1 28 1.000000
 29 -67.124344 9.016506 99.174706 -0.152592 -0.988223 0.011444 0.822416 0.255192 1 28 1.000000
MarioHand_alb.png
 29 -65.199860 9.730674 100.730156 0.727844 -0.559330 0.396728 0.813535 0.228641 1 28 1.000000
 29 -67.124344 9.016506 99.174706 -0.152592 -0.988223 0.011444 0.822416 0.255192 1 28 1.000000
 29 -64.148041 9.032112 98.299477 -0.639969 0.262014 -0.722349 0.856977 0.232593 1 28 1.000000
MarioHand_alb.png
 29 -66.136864 10.145159 103.293793 -0.347184 0.294153 0.890470 0.771618 0.235294 1 28 1.000000
 29 -67.124344 9.016506 99.174706 -0.152592 -0.988223 0.011444 0.822416 0.255192 1 28 1.000000
 29 -65.199860 9.730674 100.730156 0.727844 -0.559330 0.396728 0.813535 0.228641 1 28 1.000000
MarioHand_alb.png
 29 -68.045319 10.517599 95.442795 0.076294 -0.833130 -0.547790 0.857145 0.303471 1 28 1.000000
 29 -66.497444 12.425085 94.406265 0.447788 -0.278056 -0.849806 0.891188 0.309285 1 28 1.000000
 29 -66.625977 9.950963 96.340897 0.070189 -0.816040 -0.573717 0.857832 0.276448 1 28 1.000000
MarioHand_alb.png
 29 -66.625977 9.950963 96.340897 0.070189 -0.816040 -0.573717 0.857832 0.276448 1 28 1.000000
 29 -67.124344 9.016506 99.174706 -0.152592 -0.988223 0.011444 0.822416 0.255192 1 28 1.000000
 29 -68.345825 9.437156 98.285049 -0.282281 -0.950315 -0.131223 0.822080 0.276143 1 28 1.000000
MarioHand_alb.png
 29 -68.045319 10.517599 95.442795 0.076294 -0.833130 -0.547790 0.857145 0.303471 1 28 1.000000
 29 -66.625977 9.950963 96.340897 0.070189 -0.816040 -0.573717 0.857832 0.276448 1 28 1.000000
 29 -68.345825 9.437156 98.285049 -0.282281 -0.950315 -0.131223 0.822080 0.276143 1 28 1.000000
MarioHand_alb.png
 29 -67.872337 9.649210 100.985718 -0.505849 -0.762778 0.402848 0.794736 0.255497 1 28 1.000000
 29 -67.124344 9.016506 99.174706 -0.152592 -0.988223 0.011444 0.822416 0.255192 1 28 1.000000
 29 -66.136864 10.145159 103.293793 -0.347184 0.294153 0.890470 0.771618 0.235294 1 28 1.000000
MarioHand_alb.png
 29 -69.149857 10.229153 99.741081 -0.599624 -0.692409 0.401275 0.796918 0.276814 1 28 1.000000
 29 -68.345825 9.437156 98.285049 -0.282281 -0.950315 -0.131223 0.822080 0.276143 1 28 1.000000
 29 -67.124344 9.016506 99.174706 -0.152592 -0.988223 0.011444 0.822416 0.255192 1 28 1.000000
MarioHand_alb.png
 29 -69.149857 10.229153 99.741081 -0.599624 -0.692409 0.401275 0.796918 0.276814 1 28 1.000000
 29 -67.124344 9.016506 99.174706 -0.152592 -0.988223 0.011444 0.822416 0.255192 1 28 1.000000
 29 -67.872337 9.649210 100.985718 -0.505849 -0.762778 0.402848 0.794736 0.255497 1 28 1.000000
MarioHand_alb.png
 29 -67.872337 9.649210 100.985718 -0.505849 -0.762778 0.402848 0.794736 0.255497 1 28 1.000000
 29 -66.136864 10.145159 103.293793 -0.347184 0.294153 0.890470 0.771618 0.235294 1 28 1.000000
 29 -67.998230 11.134785 102.042366 -0.675077 -0.121285 0.727710 0.769512 0.255802 1 28 1.000000
MarioHand_alb.png
 29 -66.136864 10.145159 103.293793 -0.347184 0.294153 0.890470 0.771618 0.235294 1 28 1.000000
 29 -65.899719 12.453087 102.977028 -0.311251 0.420722 0.852124 0.738369 0.236393 1 28 1.000000
 29 -67.998230 11.134785 102.042366 -0.675077 -0.121285 0.727710 0.769512 0.255802 1 28 1.000000
MarioHand_alb.png
 29 -69.149857 10.229153 99.741081 -0.599624 -0.692409 0.401275 0.796918 0.276814 1 28 1.000000
 29 -67.872337 9.649210 100.985718 -0.505849 -0.762778 0.402848 0.794736 0.255497 1 28 1.000000
 29 -69.316452 11.741306 100.705795 -0.661495 -0.146490 0.735503 0.772381 0.279042 1 28 1.000000
MarioHand_alb.png
 29 -67.872337 9.649210 100.985718 -0.505849 -0.762778 0.402848 0.794736 0.255497 1 28 1.000000
 29 -67.998230 11.134785 102.042366 -0.675077 -0.121285 0.727710 0.769512 0.255802 1 28 1.000000
 29 -69.316452 11.741306 100.705795 -0.661495 -0.146490 0.735503 0.772381 0.279042 1 28 1.000000
MarioHand_alb.png
 29 -69.873421 10.023498 97.323708 -0.295253 -0.950799 -0.093840 0.822248 0.301381 1 28 1.000000
 29 -68.345825 9.437156 98.285049 -0.282281 -0.950315 -0.131223 0.822080 0.276143 1 28 1.000000
 29 -69.149857 10.229153 99.741081 -0.599624 -0.692409 0.401275 0.796918 0.276814 1 28 1.000000
MarioHand_alb.png
 29 -69.873421 10.023498 97.323708 -0.295253 -0.950799 -0.093840 0.822248 0.301381 1 28 1.000000
 29 -68.045319 10.517599 95.442795 0.076294 -0.833130 -0.547790 0.857145 0.303471 1 28 1.000000
 29 -68.345825 9.437156 98.285049 -0.282281 -0.950315 -0.131223 0.822080 0.276143 1 28 1.000000
MarioHand_alb.png
 29 -67.998230 11.134785 102.042366 -0.675077 -0.121285 0.727710 0.769512 0.255802 1 28 1.000000
 29 -65.899719 12.453087 102.977028 -0.311251 0.420722 0.852124 0.738369 0.236393 1 28 1.000000
 29 -67.283005 12.851460 102.077026 -0.501094 0.369528 0.782530 0.743694 0.259678 1 28 1.000000
MarioHand_alb.png
 29 -69.316452 11.741306 100.705795 -0.661495 -0.146490 0.735503 0.772381 0.279042 1 28 1.000000
 29 -67.998230 11.134785 102.042366 -0.675077 -0.121285 0.727710 0.769512 0.255802 1 28 1.000000
 29 -67.283005 12.851460 102.077026 -0.501094 0.369528 0.782530 0.743694 0.259678 1 28 1.000000
MarioHand_alb.png
 29 -65.899719 12.453087 102.977028 -0.311251 0.420722 0.852124 0.738369 0.236393 1 28 1.000000
 29 -66.468475 14.078789 101.554016 -0.202949 0.716330 0.667595 0.722560 0.264103 1 28 1.000000
 29 -67.283005 12.851460 102.077026 -0.501094 0.369528 0.782530 0.743694 0.259678 1 28 1.000000
MarioHand_alb.png
 29 -65.899719 12.453087 102.977028 -0.311251 0.420722 0.852124 0.738369 0.236393 1 28 1.000000
 29 -64.375809 14.100267 101.810486 -0.036621 0.858697 0.511174 0.703426 0.242115 1 28 1.000000
 29 -66.468475 14.078789 101.554016 -0.202949 0.716330 0.667595 0.722560 0.264103 1 28 1.000000
MarioHand_alb.png
 29 -69.316452 11.741306 100.705795 -0.661495 -0.146490 0.735503 0.772381 0.279042 1 28 1.000000
 29 -67.283005 12.851460 102.077026 -0.501094 0.369528 0.782530 0.743694 0.259678 1 28 1.000000
 29 -68.757538 13.433083 100.797096 -0.489741 0.346137 0.800215 0.748653 0.283925 1 28 1.000000
MarioHand_alb.png
 29 -68.757538 13.433083 100.797096 -0.489741 0.346137 0.800215 0.748653 0.283925 1 28 1.000000
 29 -67.283005 12.851460 102.077026 -0.501094 0.369528 0.782530 0.743694 0.259678 1 28 1.000000
 29 -66.468475 14.078789 101.554016 -0.202949 0.716330 0.667595 0.722560 0.264103 1 28 1.000000
MarioHand_alb.png
 29 -66.468475 14.078789 101.554016 -0.202949 0.716330 0.667595 0.722560 0.264103 1 28 1.000000
 29 -64.375809 14.100267 101.810486 -0.036621 0.858697 0.511174 0.703426 0.242115 1 28 1.000000
 29 -65.413742 14.855675 100.337616 0.099186 0.924620 0.367750 0.698543 0.269673 1 28 1.000000
MarioHand_alb.png
 29 -65.413742 14.855675 100.337616 0.099186 0.924620 0.367750 0.698543 0.269673 1 28 1.000000
 29 -64.375809 14.100267 101.810486 -0.036621 0.858697 0.511174 0.703426 0.242115 1 28 1.000000
 29 -63.127121 14.584089 99.810410 0.091556 0.995765 0.008393 0.669795 0.249866 1 28 1.000000
MarioHand_alb.png
 29 -65.413742 14.855675 100.337616 0.099186 0.924620 0.367750 0.698543 0.269673 1 28 1.000000
 29 -63.127121 14.584089 99.810410 0.091556 0.995765 0.008393 0.669795 0.249866 1 28 1.000000
 29 -64.308212 15.016678 98.812286 0.431802 0.897839 -0.086208 0.676936 0.274189 1 28 1.000000
MarioHand_alb.png
 29 -67.915222 14.792450 100.270706 -0.197608 0.722052 0.663017 0.726696 0.290105 1 28 1.000000
 29 -66.468475 14.078789 101.554016 -0.202949 0.716330 0.667595 0.722560 0.264103 1 28 1.000000
 29 -65.413742 14.855675 100.337616 0.099186 0.924620 0.367750 0.698543 0.269673 1 28 1.000000
MarioHand_alb.png
 29 -68.757538 13.433083 100.797096 -0.489741 0.346137 0.800215 0.748653 0.283925 1 28 1.000000
 29 -66.468475 14.078789 101.554016 -0.202949 0.716330 0.667595 0.722560 0.264103 1 28 1.000000
 29 -67.915222 14.792450 100.270706 -0.197608 0.722052 0.663017 0.726696 0.290105 1 28 1.000000
MarioHand_alb.png
 29 -66.821068 15.505442 99.129135 0.101469 0.916562 0.386804 0.704234 0.296056 1 28 1.000000
 29 -65.413742 14.855675 100.337616 0.099186 0.924620 0.367750 0.698543 0.269673 1 28 1.000000
 29 -64.308212 15.016678 98.812286 0.431802 0.897839 -0.086208 0.676936 0.274189 1 28 1.000000
MarioHand_alb.png
 29 -67.915222 14.792450 100.270706 -0.197608 0.722052 0.663017 0.726696 0.290105 1 28 1.000000
 29 -65.413742 14.855675 100.337616 0.099186 0.924620 0.367750 0.698543 0.269673 1 28 1.000000
 29 -66.821068 15.505442 99.129135 0.101469 0.916562 0.386804 0.704234 0.296056 1 28 1.000000
MarioHand_alb.png
 29 -66.821068 15.505442 99.129135 0.101469 0.916562 0.386804 0.704234 0.296056 1 28 1.000000
 29 -64.308212 15.016678 98.812286 0.431802 0.897839 -0.086208 0.676936 0.274189 1 28 1.000000
 29 -65.779236 15.585096 97.760452 0.436394 0.892052 -0.117491 0.682094 0.301030 1 28 1.000000
MarioHand_alb.png
 29 -67.385696 16.224466 96.853271 0.415051 0.906398 -0.078585 0.688640 0.329915 1 28 1.000000
 29 -66.821068 15.505442 99.129135 0.101469 0.916562 0.386804 0.704234 0.296056 1 28 1.000000
 29 -65.779236 15.585096 97.760452 0.436394 0.892052 -0.117491 0.682094 0.301030 1 28 1.000000
MarioHand_alb.png
 29 -68.536789 16.160244 98.139748 0.059512 0.910612 0.408955 0.710582 0.324132 1 28 1.000000
 29 -66.821068 15.505442 99.129135 0.101469 0.916562 0.386804 0.704234 0.296056 1 28 1.000000
 29 -67.385696 16.224466 96.853271 0.415051 0.906398 -0.078585 0.688640 0.329915 1 28 1.000000
MarioHand_alb.png
 29 -68.536789 16.160244 98.139748 0.059512 0.910612 0.408955 0.710582 0.324132 1 28 1.000000
 29 -67.915222 14.792450 100.270706 -0.197608 0.722052 0.663017 0.726696 0.290105 1 28 1.000000
 29 -66.821068 15.505442 99.129135 0.101469 0.916562 0.386804 0.704234 0.296056 1 28 1.000000
MarioHand_alb.png
 29 -68.747833 16.770681 95.780556 0.407405 0.910367 -0.072478 0.697047 0.358618 1 28 1.000000
 29 -68.536789 16.160244 98.139748 0.059512 0.910612 0.408955 0.710582 0.324132 1 28 1.000000
 29 -67.385696 16.224466 96.853271 0.415051 0.906398 -0.078585 0.688640 0.329915 1 28 1.000000
MarioHand_alb.png
 29 -69.690430 15.384930 99.162857 -0.252524 0.684810 0.683570 0.732525 0.317418 1 28 1.000000
 29 -68.757538 13.433083 100.797096 -0.489741 0.346137 0.800215 0.748653 0.283925 1 28 1.000000
 29 -67.915222 14.792450 100.270706 -0.197608 0.722052 0.663017 0.726696 0.290105 1 28 1.000000
MarioHand_alb.png
 29 -69.690430 15.384930 99.162857 -0.252524 0.684810 0.683570 0.732525 0.317418 1 28 1.000000
 29 -67.915222 14.792450 100.270706 -0.197608 0.722052 0.663017 0.726696 0.290105 1 28 1.000000
 29 -68.536789 16.160244 98.139748 0.059512 0.910612 0.408955 0.710582 0.324132 1 28 1.000000
MarioHand_alb.png
 29 -70.046936 16.753185 96.956131 -0.012207 0.926181 0.376881 0.718334 0.351095 1 28 1.000000
 29 -68.536789 16.160244 98.139748 0.059512 0.910612 0.408955 0.710582 0.324132 1 28 1.000000
 29 -68.747833 16.770681 95.780556 0.407405 0.910367 -0.072478 0.697047 0.358618 1 28 1.000000
MarioHand_alb.png
 29 -70.046936 16.753185 96.956131 -0.012207 0.926181 0.376881 0.718334 0.351095 1 28 1.000000
 29 -69.690430 15.384930 99.162857 -0.252524 0.684810 0.683570 0.732525 0.317418 1 28 1.000000
 29 -68.536789 16.160244 98.139748 0.059512 0.910612 0.408955 0.710582 0.324132 1 28 1.000000
MarioHand_alb.png
 29 -70.046936 16.753185 96.956131 -0.012207 0.926181 0.376881 0.718334 0.351095 1 28 1.000000
 29 -68.747833 16.770681 95.780556 0.407405 0.910367 -0.072478 0.697047 0.358618 1 28 1.000000
 29 -69.648735 17.062881 94.794601 0.360872 0.920300 -0.151063 0.705592 0.379049 1 28 1.000000
MarioHand_alb.png
 29 -70.528656 14.019678 99.595665 -0.517257 0.303259 0.800299 0.753567 0.311208 1 28 1.000000
 29 -68.757538 13.433083 100.797096 -0.489741 0.346137 0.800215 0.748653 0.283925 1 28 1.000000
 29 -69.690430 15.384930 99.162857 -0.252524 0.684810 0.683570 0.732525 0.317418 1 28 1.000000
MarioHand_alb.png
 29 -70.528656 14.019678 99.595665 -0.517257 0.303259 0.800299 0.753567 0.311208 1 28 1.000000
 29 -69.316452 11.741306 100.705795 -0.661495 -0.146490 0.735503 0.772381 0.279042 1 28 1.000000
 29 -68.757538 13.433083 100.797096 -0.489741 0.346137 0.800215 0.748653 0.283925 1 28 1.000000
MarioHand_alb.png
 29 -71.314285 15.940914 97.866692 -0.360122 0.689249 0.628688 0.739742 0.343679 1 28 1.000000
 29 -69.690430 15.384930 99.162857 -0.252524 0.684810 0.683570 0.732525 0.317418 1 28 1.000000
 29 -70.046936 16.753185 96.956131 -0.012207 0.926181 0.376881 0.718334 0.351095 1 28 1.000000
MarioHand_alb.png
 29 -71.314285 15.940914 97.866692 -0.360122 0.689249 0.628688 0.739742 0.343679 1 28 1.000000
 29 -70.528656 14.019678 99.595665 -0.517257 0.303259 0.800299 0.753567 0.311208 1 28 1.000000
 29 -69.690430 15.384930 99.162857 -0.252524 0.684810 0.683570 0.732525 0.317418 1 28 1.000000
MarioHand_alb.png
 29 -70.982254 17.076319 95.893707 -0.108328 0.959887 0.258615 0.725582 0.370108 1 28 1.000000
 29 -70.046936 16.753185 96.956131 -0.012207 0.926181 0.376881 0.718334 0.351095 1 28 1.000000
 29 -69.648735 17.062881 94.794601 0.360872 0.920300 -0.151063 0.705592 0.379049 1 28 1.000000
MarioHand_alb.png
 29 -72.283302 16.266726 96.748940 -0.493652 0.714918 0.495178 0.746166 0.362524 1 28 1.000000
 29 -71.314285 15.940914 97.866692 -0.360122 0.689249 0.628688 0.739742 0.343679 1 28 1.000000
 29 -70.046936 16.753185 96.956131 -0.012207 0.926181 0.376881 0.718334 0.351095 1 28 1.000000
MarioHand_alb.png
 29 -70.982254 17.076319 95.893707 -0.108328 0.959887 0.258615 0.725582 0.370108 1 28 1.000000
 29 -72.283302 16.266726 96.748940 -0.493652 0.714918 0.495178 0.746166 0.362524 1 28 1.000000
 29 -70.046936 16.753185 96.956131 -0.012207 0.926181 0.376881 0.718334 0.351095 1 28 1.000000
MarioHand_alb.png
 29 -71.847198 17.155390 94.727242 -0.259413 0.964787 0.043490 0.735424 0.387945 1 28 1.000000
 29 -70.982254 17.076319 95.893707 -0.108328 0.959887 0.258615 0.725582 0.370108 1 28 1.000000
 29 -69.648735 17.062881 94.794601 0.360872 0.920300 -0.151063 0.705592 0.379049 1 28 1.000000
MarioHand_alb.png
 29 -70.560631 17.134109 93.719894 0.209819 0.919961 -0.331132 0.717464 0.398520 1 28 1.000000
 29 -71.847198 17.155390 94.727242 -0.259413 0.964787 0.043490 0.735424 0.387945 1 28 1.000000
 29 -69.648735 17.062881 94.794601 0.360872 0.920300 -0.151063 0.705592 0.379049 1 28 1.000000
MarioHand_alb.png
 29 -73.053230 16.391394 95.487305 -0.638535 0.722071 0.266247 0.754299 0.380926 1 28 1.000000
 29 -72.283302 16.266726 96.748940 -0.493652 0.714918 0.495178 0.746166 0.362524 1 28 1.000000
 29 -70.982254 17.076319 95.893707 -0.108328 0.959887 0.258615 0.725582 0.370108 1 28 1.000000
MarioHand_alb.png
 29 -71.847198 17.155390 94.727242 -0.259413 0.964787 0.043490 0.735424 0.387945 1 28 1.000000
 29 -73.053230 16.391394 95.487305 -0.638535 0.722071 0.266247 0.754299 0.380926 1 28 1.000000
 29 -70.982254 17.076319 95.893707 -0.108328 0.959887 0.258615 0.725582 0.370108 1 28 1.000000
MarioHand_alb.png
 29 -73.082207 14.857887 97.027245 -0.769282 0.291438 0.568567 0.764981 0.356756 1 28 1.000000
 29 -71.314285 15.940914 97.866692 -0.360122 0.689249 0.628688 0.739742 0.343679 1 28 1.000000
 29 -72.283302 16.266726 96.748940 -0.493652 0.714918 0.495178 0.746166 0.362524 1 28 1.000000
MarioHand_alb.png
 29 -73.082207 14.857887 97.027245 -0.769282 0.291438 0.568567 0.764981 0.356756 1 28 1.000000
 29 -72.283302 16.266726 96.748940 -0.493652 0.714918 0.495178 0.746166 0.362524 1 28 1.000000
 29 -73.053230 16.391394 95.487305 -0.638535 0.722071 0.266247 0.754299 0.380926 1 28 1.000000
MarioHand_alb.png
 29 -72.549500 16.701672 93.521729 -0.479180 0.809379 -0.339546 0.746731 0.404288 1 28 1.000000
 29 -71.847198 17.155390 94.727242 -0.259413 0.964787 0.043490 0.735424 0.387945 1 28 1.000000
 29 -70.560631 17.134109 93.719894 0.209819 0.919961 -0.331132 0.717464 0.398520 1 28 1.000000
MarioHand_alb.png
 29 -72.549500 16.701672 93.521729 -0.479180 0.809379 -0.339546 0.746731 0.404288 1 28 1.000000
 29 -70.560631 17.134109 93.719894 0.209819 0.919961 -0.331132 0.717464 0.398520 1 28 1.000000
 29 -71.571701 16.670094 92.752419 -0.118265 0.779023 -0.615741 0.733684 0.414237 1 28 1.000000
MarioHand_alb.png
 29 -72.751297 14.629788 92.273727 -0.573778 0.183884 -0.798101 0.764721 0.429969 1 28 1.000000
 29 -72.549500 16.701672 93.521729 -0.479180 0.809379 -0.339546 0.746731 0.404288 1 28 1.000000
 29 -71.571701 16.670094 92.752419 -0.118265 0.779023 -0.615741 0.733684 0.414237 1 28 1.000000
MarioHand_alb.png
 29 -73.368576 16.147221 94.020142 -0.756811 0.627687 -0.182336 0.761532 0.399847 1 28 1.000000
 29 -71.847198 17.155390 94.727242 -0.259413 0.964787 0.043490 0.735424 0.387945 1 28 1.000000
 29 -72.549500 16.701672 93.521729 -0.479180 0.809379 -0.339546 0.746731 0.404288 1 28 1.000000
MarioHand_alb.png
 29 -73.368576 16.147221 94.020142 -0.756811 0.627687 -0.182336 0.761532 0.399847 1 28 1.000000
 29 -72.549500 16.701672 93.521729 -0.479180 0.809379 -0.339546 0.746731 0.404288 1 28 1.000000
 29 -72.751297 14.629788 92.273727 -0.573778 0.183884 -0.798101 0.764721 0.429969 1 28 1.000000
MarioHand_alb.png
 29 -73.368576 16.147221 94.020142 -0.756811 0.627687 -0.182336 0.761532 0.399847 1 28 1.000000
 29 -73.053230 16.391394 95.487305 -0.638535 0.722071 0.266247 0.754299 0.380926 1 28 1.000000
 29 -71.847198 17.155390 94.727242 -0.259413 0.964787 0.043490 0.735424 0.387945 1 28 1.000000
MarioHand_alb.png
 29 -74.011169 15.120976 94.262573 -0.940100 0.319439 -0.119039 0.780499 0.398138 1 28 1.000000
 29 -73.368576 16.147221 94.020142 -0.756811 0.627687 -0.182336 0.761532 0.399847 1 28 1.000000
 29 -72.751297 14.629788 92.273727 -0.573778 0.183884 -0.798101 0.764721 0.429969 1 28 1.000000
MarioHand_alb.png
 29 -74.011169 15.120976 94.262573 -0.940100 0.319439 -0.119039 0.780499 0.398138 1 28 1.000000
 29 -73.053230 16.391394 95.487305 -0.638535 0.722071 0.266247 0.754299 0.380926 1 28 1.000000
 29 -73.368576 16.147221 94.020142 -0.756811 0.627687 -0.182336 0.761532 0.399847 1 28 1.000000
MarioHand_alb.png
 29 -73.792480 15.077795 95.719528 -0.889351 0.307192 0.338655 0.771618 0.376806 1 28 1.000000
 29 -73.082207 14.857887 97.027245 -0.769282 0.291438 0.568567 0.764981 0.356756 1 28 1.000000
 29 -73.053230 16.391394 95.487305 -0.638535 0.722071 0.266247 0.754299 0.380926 1 28 1.000000
MarioHand_alb.png
 29 -73.792480 15.077795 95.719528 -0.889351 0.307192 0.338655 0.771618 0.376806 1 28 1.000000
 29 -73.053230 16.391394 95.487305 -0.638535 0.722071 0.266247 0.754299 0.380926 1 28 1.000000
 29 -74.011169 15.120976 94.262573 -0.940100 0.319439 -0.119039 0.780499 0.398138 1 28 1.000000
MarioHand_alb.png
 29 -73.082207 14.857887 97.027245 -0.769282 0.291438 0.568567 0.764981 0.356756 1 28 1.000000
 29 -72.135727 14.548878 98.201706 -0.631607 0.294826 0.717042 0.759518 0.337530 1 28 1.000000
 29 -71.314285 15.940914 97.866692 -0.360122 0.689249 0.628688 0.739742 0.343679 1 28 1.000000
MarioHand_alb.png
 29 -71.314285 15.940914 97.866692 -0.360122 0.689249 0.628688 0.739742 0.343679 1 28 1.000000
 29 -72.135727 14.548878 98.201706 -0.631607 0.294826 0.717042 0.759518 0.337530 1 28 1.000000
 29 -70.528656 14.019678 99.595665 -0.517257 0.303259 0.800299 0.753567 0.311208 1 28 1.000000
MarioHand_alb.png
 29 -73.792480 15.077795 95.719528 -0.889351 0.307192 0.338655 0.771618 0.376806 1 28 1.000000
 29 -73.388138 13.177416 96.820549 -0.863350 -0.169886 0.475148 0.784070 0.350683 1 28 1.000000
 29 -73.082207 14.857887 97.027245 -0.769282 0.291438 0.568567 0.764981 0.356756 1 28 1.000000
MarioHand_alb.png
 29 -73.388138 13.177416 96.820549 -0.863350 -0.169886 0.475148 0.784070 0.350683 1 28 1.000000
 29 -72.135727 14.548878 98.201706 -0.631607 0.294826 0.717042 0.759518 0.337530 1 28 1.000000
 29 -73.082207 14.857887 97.027245 -0.769282 0.291438 0.568567 0.764981 0.356756 1 28 1.000000
MarioHand_alb.png
 29 -73.792480 15.077795 95.719528 -0.889351 0.307192 0.338655 0.771618 0.376806 1 28 1.000000
 29 -74.011169 15.120976 94.262573 -0.940100 0.319439 -0.119039 0.780499 0.398138 1 28 1.000000
 29 -74.020050 13.468349 95.471550 -0.953385 -0.153018 0.260083 0.789242 0.370443 1 28 1.000000
MarioHand_alb.png
 29 -73.792480 15.077795 95.719528 -0.889351 0.307192 0.338655 0.771618 0.376806 1 28 1.000000
 29 -74.020050 13.468349 95.471550 -0.953385 -0.153018 0.260083 0.789242 0.370443 1 28 1.000000
 29 -73.388138 13.177416 96.820549 -0.863350 -0.169886 0.475148 0.784070 0.350683 1 28 1.000000
MarioHand_alb.png
 29 -72.521141 12.852242 98.041061 -0.757016 -0.166360 0.631864 0.780301 0.331640 1 28 1.000000
 29 -70.528656 14.019678 99.595665 -0.517257 0.303259 0.800299 0.753567 0.311208 1 28 1.000000
 29 -72.135727 14.548878 98.201706 -0.631607 0.294826 0.717042 0.759518 0.337530 1 28 1.000000
MarioHand_alb.png
 29 -73.388138 13.177416 96.820549 -0.863350 -0.169886 0.475148 0.784070 0.350683 1 28 1.000000
 29 -72.521141 12.852242 98.041061 -0.757016 -0.166360 0.631864 0.780301 0.331640 1 28 1.000000
 29 -72.135727 14.548878 98.201706 -0.631607 0.294826 0.717042 0.759518 0.337530 1 28 1.000000
MarioHand_alb.png
 29 -71.002487 12.319510 99.513664 -0.657588 -0.170309 0.733875 0.776028 0.305470 1 28 1.000000
 29 -70.528656 14.019678 99.595665 -0.517257 0.303259 0.800299 0.753567 0.311208 1 28 1.000000
 29 -72.521141 12.852242 98.041061 -0.757016 -0.166360 0.631864 0.780301 0.331640 1 28 1.000000
MarioHand_alb.png
 29 -71.002487 12.319510 99.513664 -0.657588 -0.170309 0.733875 0.776028 0.305470 1 28 1.000000
 29 -69.316452 11.741306 100.705795 -0.661495 -0.146490 0.735503 0.772381 0.279042 1 28 1.000000
 29 -70.528656 14.019678 99.595665 -0.517257 0.303259 0.800299 0.753567 0.311208 1 28 1.000000
MarioHand_alb.png
 29 -73.388138 13.177416 96.820549 -0.863350 -0.169886 0.475148 0.784070 0.350683 1 28 1.000000
 29 -72.165588 11.409456 97.280029 -0.668292 -0.655514 0.351693 0.800641 0.327733 1 28 1.000000
 29 -72.521141 12.852242 98.041061 -0.757016 -0.166360 0.631864 0.780301 0.331640 1 28 1.000000
MarioHand_alb.png
 29 -71.002487 12.319510 99.513664 -0.657588 -0.170309 0.733875 0.776028 0.305470 1 28 1.000000
 29 -72.521141 12.852242 98.041061 -0.757016 -0.166360 0.631864 0.780301 0.331640 1 28 1.000000
 29 -72.165588 11.409456 97.280029 -0.668292 -0.655514 0.351693 0.800641 0.327733 1 28 1.000000
MarioHand_alb.png
 29 -70.734192 10.839336 98.637566 -0.602717 -0.675386 0.424954 0.798795 0.302281 1 28 1.000000
 29 -69.316452 11.741306 100.705795 -0.661495 -0.146490 0.735503 0.772381 0.279042 1 28 1.000000
 29 -71.002487 12.319510 99.513664 -0.657588 -0.170309 0.733875 0.776028 0.305470 1 28 1.000000
MarioHand_alb.png
 29 -70.734192 10.839336 98.637566 -0.602717 -0.675386 0.424954 0.798795 0.302281 1 28 1.000000
 29 -71.002487 12.319510 99.513664 -0.657588 -0.170309 0.733875 0.776028 0.305470 1 28 1.000000
 29 -72.165588 11.409456 97.280029 -0.668292 -0.655514 0.351693 0.800641 0.327733 1 28 1.000000
MarioHand_alb.png
 29 -70.734192 10.839336 98.637566 -0.602717 -0.675386 0.424954 0.798795 0.302281 1 28 1.000000
 29 -69.149857 10.229153 99.741081 -0.599624 -0.692409 0.401275 0.796918 0.276814 1 28 1.000000
 29 -69.316452 11.741306 100.705795 -0.661495 -0.146490 0.735503 0.772381 0.279042 1 28 1.000000
MarioHand_alb.png
 29 -69.873421 10.023498 97.323708 -0.295253 -0.950799 -0.093840 0.822248 0.301381 1 28 1.000000
 29 -69.149857 10.229153 99.741081 -0.599624 -0.692409 0.401275 0.796918 0.276814 1 28 1.000000
 29 -70.734192 10.839336 98.637566 -0.602717 -0.675386 0.424954 0.798795 0.302281 1 28 1.000000
MarioHand_alb.png
 29 -72.939987 11.770960 96.088707 -0.731003 -0.642012 0.231204 0.803143 0.346334 1 28 1.000000
 29 -72.165588 11.409456 97.280029 -0.668292 -0.655514 0.351693 0.800641 0.327733 1 28 1.000000
 29 -73.388138 13.177416 96.820549 -0.863350 -0.169886 0.475148 0.784070 0.350683 1 28 1.000000
MarioHand_alb.png
 29 -72.939987 11.770960 96.088707 -0.731003 -0.642012 0.231204 0.803143 0.346334 1 28 1.000000
 29 -73.388138 13.177416 96.820549 -0.863350 -0.169886 0.475148 0.784070 0.350683 1 28 1.000000
 29 -74.020050 13.468349 95.471550 -0.953385 -0.153018 0.260083 0.789242 0.370443 1 28 1.000000
MarioHand_alb.png
 29 -71.141037 10.536657 96.084198 -0.292978 -0.952085 -0.087741 0.823240 0.326421 1 28 1.000000
 29 -70.734192 10.839336 98.637566 -0.602717 -0.675386 0.424954 0.798795 0.302281 1 28 1.000000
 29 -72.165588 11.409456 97.280029 -0.668292 -0.655514 0.351693 0.800641 0.327733 1 28 1.000000
MarioHand_alb.png
 29 -71.141037 10.536657 96.084198 -0.292978 -0.952085 -0.087741 0.823240 0.326421 1 28 1.000000
 29 -69.873421 10.023498 97.323708 -0.295253 -0.950799 -0.093840 0.822248 0.301381 1 28 1.000000
 29 -70.734192 10.839336 98.637566 -0.602717 -0.675386 0.424954 0.798795 0.302281 1 28 1.000000
MarioHand_alb.png
 29 -72.939987 11.770960 96.088707 -0.731003 -0.642012 0.231204 0.803143 0.346334 1 28 1.000000
 29 -71.141037 10.536657 96.084198 -0.292978 -0.952085 -0.087741 0.823240 0.326421 1 28 1.000000
 29 -72.165588 11.409456 97.280029 -0.668292 -0.655514 0.351693 0.800641 0.327733 1 28 1.000000
MarioHand_alb.png
 29 -69.158691 10.889476 94.433510 0.162511 -0.861288 -0.481429 0.855268 0.329213 1 28 1.000000
 29 -69.873421 10.023498 97.323708 -0.295253 -0.950799 -0.093840 0.822248 0.301381 1 28 1.000000
 29 -71.141037 10.536657 96.084198 -0.292978 -0.952085 -0.087741 0.823240 0.326421 1 28 1.000000
MarioHand_alb.png
 29 -69.158691 10.889476 94.433510 0.162511 -0.861288 -0.481429 0.855268 0.329213 1 28 1.000000
 29 -68.045319 10.517599 95.442795 0.076294 -0.833130 -0.547790 0.857145 0.303471 1 28 1.000000
 29 -69.873421 10.023498 97.323708 -0.295253 -0.950799 -0.093840 0.822248 0.301381 1 28 1.000000
MarioHand_alb.png
 29 -71.912048 10.886083 95.001518 -0.315095 -0.939183 -0.136567 0.824018 0.344640 1 28 1.000000
 29 -71.141037 10.536657 96.084198 -0.292978 -0.952085 -0.087741 0.823240 0.326421 1 28 1.000000
 29 -72.939987 11.770960 96.088707 -0.731003 -0.642012 0.231204 0.803143 0.346334 1 28 1.000000
MarioHand_alb.png
 29 -71.912048 10.886083 95.001518 -0.315095 -0.939183 -0.136567 0.824018 0.344640 1 28 1.000000
 29 -69.158691 10.889476 94.433510 0.162511 -0.861288 -0.481429 0.855268 0.329213 1 28 1.000000
 29 -71.141037 10.536657 96.084198 -0.292978 -0.952085 -0.087741 0.823240 0.326421 1 28 1.000000
MarioHand_alb.png
 29 -73.561317 12.167038 94.809853 -0.807958 -0.587085 0.050354 0.806439 0.365194 1 28 1.000000
 29 -72.939987 11.770960 96.088707 -0.731003 -0.642012 0.231204 0.803143 0.346334 1 28 1.000000
 29 -74.020050 13.468349 95.471550 -0.953385 -0.153018 0.260083 0.789242 0.370443 1 28 1.000000
MarioHand_alb.png
 29 -73.561317 12.167038 94.809853 -0.807958 -0.587085 0.050354 0.806439 0.365194 1 28 1.000000
 29 -71.912048 10.886083 95.001518 -0.315095 -0.939183 -0.136567 0.824018 0.344640 1 28 1.000000
 29 -72.939987 11.770960 96.088707 -0.731003 -0.642012 0.231204 0.803143 0.346334 1 28 1.000000
MarioHand_alb.png
 29 -69.158691 10.889476 94.433510 0.162511 -0.861288 -0.481429 0.855268 0.329213 1 28 1.000000
 29 -67.586044 12.797728 93.588013 0.587290 -0.289450 -0.755850 0.886854 0.335775 1 28 1.000000
 29 -68.045319 10.517599 95.442795 0.076294 -0.833130 -0.547790 0.857145 0.303471 1 28 1.000000
MarioHand_alb.png
 29 -67.586044 12.797728 93.588013 0.587290 -0.289450 -0.755850 0.886854 0.335775 1 28 1.000000
 29 -66.497444 12.425085 94.406265 0.447788 -0.278056 -0.849806 0.891188 0.309285 1 28 1.000000
 29 -68.045319 10.517599 95.442795 0.076294 -0.833130 -0.547790 0.857145 0.303471 1 28 1.000000
MarioHand_alb.png
 29 -66.279083 14.700389 95.017776 0.592780 0.558163 -0.580574 0.921157 0.317021 1 28 1.000000
 29 -66.497444 12.425085 94.406265 0.447788 -0.278056 -0.849806 0.891188 0.309285 1 28 1.000000
 29 -67.586044 12.797728 93.588013 0.587290 -0.289450 -0.755850 0.886854 0.335775 1 28 1.000000
MarioHand_alb.png
 29 -71.912048 10.886083 95.001518 -0.315095 -0.939183 -0.136567 0.824018 0.344640 1 28 1.000000
 29 -69.915634 11.186378 93.447411 0.196087 -0.845480 -0.496702 0.853803 0.347829 1 28 1.000000
 29 -69.158691 10.889476 94.433510 0.162511 -0.861288 -0.481429 0.855268 0.329213 1 28 1.000000
MarioHand_alb.png
 29 -69.915634 11.186378 93.447411 0.196087 -0.845480 -0.496702 0.853803 0.347829 1 28 1.000000
 29 -67.586044 12.797728 93.588013 0.587290 -0.289450 -0.755850 0.886854 0.335775 1 28 1.000000
 29 -69.158691 10.889476 94.433510 0.162511 -0.861288 -0.481429 0.855268 0.329213 1 28 1.000000
MarioHand_alb.png
 29 -67.441772 15.204429 94.160286 0.662962 0.533841 -0.524877 0.916793 0.344335 1 28 1.000000
 29 -66.279083 14.700389 95.017776 0.592780 0.558163 -0.580574 0.921157 0.317021 1 28 1.000000
 29 -67.586044 12.797728 93.588013 0.587290 -0.289450 -0.755850 0.886854 0.335775 1 28 1.000000
MarioHand_alb.png
 29 -67.441772 15.204429 94.160286 0.662962 0.533841 -0.524877 0.916793 0.344335 1 28 1.000000
 29 -67.385696 16.224466 96.853271 0.415051 0.906398 -0.078585 0.954803 0.327001 1 28 1.000000
 29 -66.279083 14.700389 95.017776 0.592780 0.558163 -0.580574 0.921157 0.317021 1 28 1.000000
MarioHand_alb.png
 29 -68.747833 16.770681 95.780556 0.407405 0.910367 -0.072478 0.948531 0.356588 1 28 1.000000
 29 -67.385696 16.224466 96.853271 0.415051 0.906398 -0.078585 0.954803 0.327001 1 28 1.000000
 29 -67.441772 15.204429 94.160286 0.662962 0.533841 -0.524877 0.916793 0.344335 1 28 1.000000
MarioHand_alb.png
 29 -68.415085 13.095922 92.725174 0.637797 -0.264827 -0.723244 0.882628 0.355383 1 28 1.000000
 29 -67.441772 15.204429 94.160286 0.662962 0.533841 -0.524877 0.916793 0.344335 1 28 1.000000
 29 -67.586044 12.797728 93.588013 0.587290 -0.289450 -0.755850 0.886854 0.335775 1 28 1.000000
MarioHand_alb.png
 29 -68.415085 13.095922 92.725174 0.637797 -0.264827 -0.723244 0.882628 0.355383 1 28 1.000000
 29 -67.586044 12.797728 93.588013 0.587290 -0.289450 -0.755850 0.886854 0.335775 1 28 1.000000
 29 -69.915634 11.186378 93.447411 0.196087 -0.845480 -0.496702 0.853803 0.347829 1 28 1.000000
MarioHand_alb.png
 29 -68.747833 16.770681 95.780556 0.407405 0.910367 -0.072478 0.948531 0.356588 1 28 1.000000
 29 -67.441772 15.204429 94.160286 0.662962 0.533841 -0.524877 0.916793 0.344335 1 28 1.000000
 29 -68.317711 15.521165 93.291916 0.668226 0.511658 -0.540073 0.911772 0.363714 1 28 1.000000
MarioHand_alb.png
 29 -68.415085 13.095922 92.725174 0.637797 -0.264827 -0.723244 0.882628 0.355383 1 28 1.000000
 29 -68.317711 15.521165 93.291916 0.668226 0.511658 -0.540073 0.911772 0.363714 1 28 1.000000
 29 -67.441772 15.204429 94.160286 0.662962 0.533841 -0.524877 0.916793 0.344335 1 28 1.000000
MarioHand_alb.png
 29 -69.648735 17.062881 94.794601 0.360872 0.920300 -0.151063 0.941192 0.377310 1 28 1.000000
 29 -68.747833 16.770681 95.780556 0.407405 0.910367 -0.072478 0.948531 0.356588 1 28 1.000000
 29 -68.317711 15.521165 93.291916 0.668226 0.511658 -0.540073 0.911772 0.363714 1 28 1.000000
MarioHand_alb.png
 29 -70.724113 11.626577 92.462944 0.076294 -0.756073 -0.650025 0.851270 0.366690 1 28 1.000000
 29 -68.415085 13.095922 92.725174 0.637797 -0.264827 -0.723244 0.882628 0.355383 1 28 1.000000
 29 -69.915634 11.186378 93.447411 0.196087 -0.845480 -0.496702 0.853803 0.347829 1 28 1.000000
MarioHand_alb.png
 29 -69.291595 15.706811 92.373688 0.515871 0.519114 -0.681468 0.904067 0.382452 1 28 1.000000
 29 -69.648735 17.062881 94.794601 0.360872 0.920300 -0.151063 0.941192 0.377310 1 28 1.000000
 29 -68.317711 15.521165 93.291916 0.668226 0.511658 -0.540073 0.911772 0.363714 1 28 1.000000
MarioHand_alb.png
 29 -69.291595 15.706811 92.373688 0.515871 0.519114 -0.681468 0.904067 0.382452 1 28 1.000000
 29 -70.560631 17.134109 93.719894 0.209819 0.919961 -0.331132 0.929763 0.396536 1 28 1.000000
 29 -69.648735 17.062881 94.794601 0.360872 0.920300 -0.151063 0.941192 0.377310 1 28 1.000000
MarioHand_alb.png
 29 -71.571701 16.670094 92.752419 -0.118265 0.779023 -0.615741 0.913741 0.412390 1 28 1.000000
 29 -70.560631 17.134109 93.719894 0.209819 0.919961 -0.331132 0.929763 0.396536 1 28 1.000000
 29 -69.291595 15.706811 92.373688 0.515871 0.519114 -0.681468 0.904067 0.382452 1 28 1.000000
MarioHand_alb.png
 29 -69.360733 13.424438 91.854080 0.497506 -0.197438 -0.844693 0.876387 0.375738 1 28 1.000000
 29 -68.317711 15.521165 93.291916 0.668226 0.511658 -0.540073 0.911772 0.363714 1 28 1.000000
 29 -68.415085 13.095922 92.725174 0.637797 -0.264827 -0.723244 0.882628 0.355383 1 28 1.000000
MarioHand_alb.png
 29 -69.360733 13.424438 91.854080 0.497506 -0.197438 -0.844693 0.876387 0.375738 1 28 1.000000
 29 -69.291595 15.706811 92.373688 0.515871 0.519114 -0.681468 0.904067 0.382452 1 28 1.000000
 29 -68.317711 15.521165 93.291916 0.668226 0.511658 -0.540073 0.911772 0.363714 1 28 1.000000
MarioHand_alb.png
 29 -69.360733 13.424438 91.854080 0.497506 -0.197438 -0.844693 0.876387 0.375738 1 28 1.000000
 29 -68.415085 13.095922 92.725174 0.637797 -0.264827 -0.723244 0.882628 0.355383 1 28 1.000000
 29 -70.724113 11.626577 92.462944 0.076294 -0.756073 -0.650025 0.851270 0.366690 1 28 1.000000
MarioHand_alb.png
 29 -70.613876 15.591887 91.735634 0.119039 0.475868 -0.871424 0.893721 0.399542 1 28 1.000000
 29 -71.571701 16.670094 92.752419 -0.118265 0.779023 -0.615741 0.913741 0.412390 1 28 1.000000
 29 -69.291595 15.706811 92.373688 0.515871 0.519114 -0.681468 0.904067 0.382452 1 28 1.000000
MarioHand_alb.png
 29 -70.613876 15.591887 91.735634 0.119039 0.475868 -0.871424 0.893721 0.399542 1 28 1.000000
 29 -69.291595 15.706811 92.373688 0.515871 0.519114 -0.681468 0.904067 0.382452 1 28 1.000000
 29 -69.360733 13.424438 91.854080 0.497506 -0.197438 -0.844693 0.876387 0.375738 1 28 1.000000
MarioHand_alb.png
 29 -72.751297 14.629788 92.273727 -0.573778 0.183884 -0.798101 0.882872 0.427802 1 28 1.000000
 29 -71.571701 16.670094 92.752419 -0.118265 0.779023 -0.615741 0.913741 0.412390 1 28 1.000000
 29 -70.613876 15.591887 91.735634 0.119039 0.475868 -0.871424 0.893721 0.399542 1 28 1.000000
MarioHand_alb.png
 29 -70.666481 13.872001 91.344376 0.103789 -0.058763 -0.992862 0.867964 0.396200 1 28 1.000000
 29 -72.751297 14.629788 92.273727 -0.573778 0.183884 -0.798101 0.882872 0.427802 1 28 1.000000
 29 -70.613876 15.591887 91.735634 0.119039 0.475868 -0.871424 0.893721 0.399542 1 28 1.000000
MarioHand_alb.png
 29 -70.666481 13.872001 91.344376 0.103789 -0.058763 -0.992862 0.867964 0.396200 1 28 1.000000
 29 -70.613876 15.591887 91.735634 0.119039 0.475868 -0.871424 0.893721 0.399542 1 28 1.000000
 29 -69.360733 13.424438 91.854080 0.497506 -0.197438 -0.844693 0.876387 0.375738 1 28 1.000000
MarioHand_alb.png
 29 -70.666481 13.872001 91.344376 0.103789 -0.058763 -0.992862 0.867964 0.396200 1 28 1.000000
 29 -69.360733 13.424438 91.854080 0.497506 -0.197438 -0.844693 0.876387 0.375738 1 28 1.000000
 29 -71.698769 12.517945 91.807816 -0.218920 -0.480938 -0.848983 0.846891 0.385855 1 28 1.000000
MarioHand_alb.png
 29 -71.698769 12.517945 91.807816 -0.218920 -0.480938 -0.848983 0.846891 0.385855 1 28 1.000000
 29 -69.360733 13.424438 91.854080 0.497506 -0.197438 -0.844693 0.876387 0.375738 1 28 1.000000
 29 -70.724113 11.626577 92.462944 0.076294 -0.756073 -0.650025 0.851270 0.366690 1 28 1.000000
MarioHand_alb.png
 29 -72.751297 14.629788 92.273727 -0.573778 0.183884 -0.798101 0.824582 0.410803 1 28 1.000000
 29 -70.666481 13.872001 91.344376 0.103789 -0.058763 -0.992862 0.867964 0.396200 1 28 1.000000
 29 -71.698769 12.517945 91.807816 -0.218920 -0.480938 -0.848983 0.846891 0.385855 1 28 1.000000
MarioHand_alb.png
 29 -70.724113 11.626577 92.462944 0.076294 -0.756073 -0.650025 0.851270 0.366690 1 28 1.000000
 29 -69.915634 11.186378 93.447411 0.196087 -0.845480 -0.496702 0.853803 0.347829 1 28 1.000000
 29 -72.586533 11.366924 93.848343 -0.408951 -0.860820 -0.302899 0.824948 0.363149 1 28 1.000000
MarioHand_alb.png
 29 -71.698769 12.517945 91.807816 -0.218920 -0.480938 -0.848983 0.846891 0.385855 1 28 1.000000
 29 -70.724113 11.626577 92.462944 0.076294 -0.756073 -0.650025 0.851270 0.366690 1 28 1.000000
 29 -72.586533 11.366924 93.848343 -0.408951 -0.860820 -0.302899 0.824948 0.363149 1 28 1.000000
MarioHand_alb.png
 29 -72.586533 11.366924 93.848343 -0.408951 -0.860820 -0.302899 0.824948 0.363149 1 28 1.000000
 29 -69.915634 11.186378 93.447411 0.196087 -0.845480 -0.496702 0.853803 0.347829 1 28 1.000000
 29 -71.912048 10.886083 95.001518 -0.315095 -0.939183 -0.136567 0.824018 0.344640 1 28 1.000000
MarioHand_alb.png
 29 -73.561317 12.167038 94.809853 -0.807958 -0.587085 0.050354 0.806439 0.365194 1 28 1.000000
 29 -72.586533 11.366924 93.848343 -0.408951 -0.860820 -0.302899 0.824948 0.363149 1 28 1.000000
 29 -71.912048 10.886083 95.001518 -0.315095 -0.939183 -0.136567 0.824018 0.344640 1 28 1.000000
MarioHand_alb.png
 29 -71.698769 12.517945 91.807816 -0.218920 -0.480938 -0.848983 0.846891 0.385855 1 28 1.000000
 29 -72.586533 11.366924 93.848343 -0.408951 -0.860820 -0.302899 0.824948 0.363149 1 28 1.000000
 29 -73.105957 12.322882 92.854523 -0.581334 -0.561403 -0.588963 0.824964 0.381796 1 28 1.000000
MarioHand_alb.png
 29 -72.751297 14.629788 92.273727 -0.573778 0.183884 -0.798101 0.824582 0.410803 1 28 1.000000
 29 -71.698769 12.517945 91.807816 -0.218920 -0.480938 -0.848983 0.846891 0.385855 1 28 1.000000
 29 -73.105957 12.322882 92.854523 -0.581334 -0.561403 -0.588963 0.824964 0.381796 1 28 1.000000
MarioHand_alb.png
 29 -73.105957 12.322882 92.854523 -0.581334 -0.561403 -0.588963 0.824964 0.381796 1 28 1.000000
 29 -72.586533 11.366924 93.848343 -0.408951 -0.860820 -0.302899 0.824948 0.363149 1 28 1.000000
 29 -73.794250 12.864016 93.526451 -0.874280 -0.357799 -0.328046 0.810773 0.383841 1 28 1.000000
MarioHand_alb.png
 29 -72.751297 14.629788 92.273727 -0.573778 0.183884 -0.798101 0.824582 0.410803 1 28 1.000000
 29 -73.105957 12.322882 92.854523 -0.581334 -0.561403 -0.588963 0.824964 0.381796 1 28 1.000000
 29 -73.794250 12.864016 93.526451 -0.874280 -0.357799 -0.328046 0.810773 0.383841 1 28 1.000000
MarioHand_alb.png
 29 -73.794250 12.864016 93.526451 -0.874280 -0.357799 -0.328046 0.810773 0.383841 1 28 1.000000
 29 -72.586533 11.366924 93.848343 -0.408951 -0.860820 -0.302899 0.824948 0.363149 1 28 1.000000
 29 -73.561317 12.167038 94.809853 -0.807958 -0.587085 0.050354 0.806439 0.365194 1 28 1.000000
MarioHand_alb.png
 29 -72.751297 14.629788 92.273727 -0.573778 0.183884 -0.798101 0.824582 0.410803 1 28 1.000000
 29 -73.794250 12.864016 93.526451 -0.874280 -0.357799 -0.328046 0.810773 0.383841 1 28 1.000000
 29 -74.179008 13.838704 94.070999 -0.984767 -0.039475 -0.169340 0.796201 0.389044 1 28 1.000000
MarioHand_alb.png
 29 -74.179008 13.838704 94.070999 -0.984767 -0.039475 -0.169340 0.796201 0.389044 1 28 1.000000
 29 -73.794250 12.864016 93.526451 -0.874280 -0.357799 -0.328046 0.810773 0.383841 1 28 1.000000
 29 -73.561317 12.167038 94.809853 -0.807958 -0.587085 0.050354 0.806439 0.365194 1 28 1.000000
MarioHand_alb.png
 29 -74.011169 15.120976 94.262573 -0.940100 0.319439 -0.119039 0.780499 0.398138 1 28 1.000000
 29 -72.751297 14.629788 92.273727 -0.573778 0.183884 -0.798101 0.824582 0.410803 1 28 1.000000
 29 -74.179008 13.838704 94.070999 -0.984767 -0.039475 -0.169340 0.796201 0.389044 1 28 1.000000
MarioHand_alb.png
 29 -74.179008 13.838704 94.070999 -0.984767 -0.039475 -0.169340 0.796201 0.389044 1 28 1.000000
 29 -73.561317 12.167038 94.809853 -0.807958 -0.587085 0.050354 0.806439 0.365194 1 28 1.000000
 29 -74.020050 13.468349 95.471550 -0.953385 -0.153018 0.260083 0.789242 0.370443 1 28 1.000000
MarioHand_alb.png
 29 -74.011169 15.120976 94.262573 -0.940100 0.319439 -0.119039 0.780499 0.398138 1 28 1.000000
 29 -74.179008 13.838704 94.070999 -0.984767 -0.039475 -0.169340 0.796201 0.389044 1 28 1.000000
 29 -74.020050 13.468349 95.471550 -0.953385 -0.153018 0.260083 0.789242 0.370443 1 28 1.000000
MarioHand_alb.png
 29 -60.129501 4.117122 106.252617 -0.332735 0.437001 0.835654 0.174807 0.908247 1 28 1.000000
 29 -60.459358 3.504579 106.273270 -0.492682 0.003909 0.870201 0.179355 0.899763 1 28 1.000000
 29 -59.451843 3.503901 106.843781 -0.281813 0.003909 0.959461 0.165896 0.899763 1 28 1.000000
MarioHand_alb.png
 29 -60.459358 3.504579 106.273270 -0.492682 0.003909 0.870201 0.179355 0.899763 1 28 1.000000
 29 -60.132538 2.890306 106.256462 -0.334983 -0.431057 0.837840 0.174807 0.891279 1 28 1.000000
 29 -59.451843 3.503901 106.843781 -0.281813 0.003909 0.959461 0.165896 0.899763 1 28 1.000000
MarioHand_alb.png
 29 -59.451843 3.503901 106.843781 -0.281813 0.003909 0.959461 0.165896 0.899763 1 28 1.000000
 29 -60.132538 2.890306 106.256462 -0.334983 -0.431057 0.837840 0.174807 0.891279 1 28 1.000000
 29 -59.236588 2.438886 106.206688 -0.201789 -0.575302 0.792659 0.162371 0.885069 1 28 1.000000
MarioHand_alb.png
 29 -59.451843 3.503901 106.843781 -0.281813 0.003909 0.959461 0.165896 0.899763 1 28 1.000000
 29 -59.236588 2.438886 106.206688 -0.201789 -0.575302 0.792659 0.162371 0.885069 1 28 1.000000
 29 -57.974754 2.759641 106.761719 0.045021 -0.583107 0.811147 0.145403 0.889525 1 28 1.000000
MarioHand_alb.png
 29 -59.451843 3.503901 106.843781 -0.281813 0.003909 0.959461 0.165896 0.899763 1 28 1.000000
 29 -59.231377 4.563796 106.200012 -0.199886 0.581156 0.788862 0.162371 0.914458 1 28 1.000000
 29 -60.129501 4.117122 106.252617 -0.332735 0.437001 0.835654 0.174807 0.908247 1 28 1.000000
MarioHand_alb.png
 29 -59.451843 3.503901 106.843781 -0.281813 0.003909 0.959461 0.165896 0.899763 1 28 1.000000
 29 -57.971096 4.240335 106.757042 0.046924 0.587308 0.808002 0.145403 0.910002 1 28 1.000000
 29 -59.231377 4.563796 106.200012 -0.199886 0.581156 0.788862 0.162371 0.914458 1 28 1.000000
MarioHand_alb.png
 29 -59.451843 3.503901 106.843781 -0.281813 0.003909 0.959461 0.165896 0.899763 1 28 1.000000
 29 -57.974754 2.759641 106.761719 0.045021 -0.583107 0.811147 0.145403 0.889525 1 28 1.000000
 29 -57.952511 3.501062 107.116562 0.056821 0.003909 0.998377 0.145403 0.899763 1 28 1.000000
MarioHand_alb.png
 29 -59.451843 3.503901 106.843781 -0.281813 0.003909 0.959461 0.165896 0.899763 1 28 1.000000
 29 -57.952511 3.501062 107.116562 0.056821 0.003909 0.998377 0.145403 0.899763 1 28 1.000000
 29 -57.971096 4.240335 106.757042 0.046924 0.587308 0.808002 0.145403 0.910002 1 28 1.000000
MarioHand_alb.png
 29 -57.974754 2.759641 106.761719 0.045021 -0.583107 0.811147 0.145403 0.889525 1 28 1.000000
 29 -56.494003 3.496082 106.674980 0.387647 0.001955 0.921806 0.124910 0.899763 1 28 1.000000
 29 -57.952511 3.501062 107.116562 0.056821 0.003909 0.998377 0.145403 0.899763 1 28 1.000000
MarioHand_alb.png
 29 -57.952511 3.501062 107.116562 0.056821 0.003909 0.998377 0.145403 0.899763 1 28 1.000000
 29 -56.494003 3.496082 106.674980 0.387647 0.001955 0.921806 0.124910 0.899763 1 28 1.000000
 29 -57.971096 4.240335 106.757042 0.046924 0.587308 0.808002 0.145403 0.910002 1 28 1.000000
MarioHand_alb.png
 29 -57.974754 2.759641 106.761719 0.045021 -0.583107 0.811147 0.145403 0.889525 1 28 1.000000
 29 -56.785885 2.432410 106.066841 0.288023 -0.575687 0.765263 0.128420 0.885069 1 28 1.000000
 29 -56.494003 3.496082 106.674980 0.387647 0.001955 0.921806 0.124910 0.899763 1 28 1.000000
MarioHand_alb.png
 29 -56.494003 3.496082 106.674980 0.387647 0.001955 0.921806 0.124910 0.899763 1 28 1.000000
 29 -56.785885 2.432410 106.066841 0.288023 -0.575687 0.765263 0.128420 0.885069 1 28 1.000000
 29 -55.887779 2.879088 106.014236 0.426534 -0.432590 0.794314 0.115984 0.891279 1 28 1.000000
MarioHand_alb.png
 29 -57.971096 4.240335 106.757042 0.046924 0.587308 0.808002 0.145403 0.910002 1 28 1.000000
 29 -56.494003 3.496082 106.674980 0.387647 0.001955 0.921806 0.124910 0.899763 1 28 1.000000
 29 -56.780659 4.557323 106.060143 0.291425 0.579131 0.761367 0.128420 0.914458 1 28 1.000000
MarioHand_alb.png
 29 -56.494003 3.496082 106.674980 0.387647 0.001955 0.921806 0.124910 0.899763 1 28 1.000000
 29 -55.884754 4.105906 106.010361 0.428319 0.434040 0.792561 0.115984 0.908247 1 28 1.000000
 29 -56.780659 4.557323 106.060143 0.291425 0.579131 0.761367 0.128420 0.914458 1 28 1.000000
MarioHand_alb.png
 29 -56.494003 3.496082 106.674980 0.387647 0.001955 0.921806 0.124910 0.899763 1 28 1.000000
 29 -55.887779 2.879088 106.014236 0.426534 -0.432590 0.794314 0.115984 0.891279 1 28 1.000000
 29 -55.557922 3.491625 105.993538 0.589078 0.002003 0.808074 0.111437 0.899763 1 28 1.000000
MarioHand_alb.png
 29 -56.494003 3.496082 106.674980 0.387647 0.001955 0.921806 0.124910 0.899763 1 28 1.000000
 29 -55.557922 3.491625 105.993538 0.589078 0.002003 0.808074 0.111437 0.899763 1 28 1.000000
 29 -55.884754 4.105906 106.010361 0.428319 0.434040 0.792561 0.115984 0.908247 1 28 1.000000
MarioHand_alb.png
 29 -55.780312 -2.489126 104.991730 0.477572 -0.629794 0.612605 0.035859 0.852110 1 28 1.000000
 29 -56.319386 -2.071728 105.840248 0.458222 -0.246852 0.853872 0.044770 0.860594 1 28 1.000000
 29 -56.681477 -2.932805 104.995331 0.334558 -0.761291 0.555435 0.048280 0.845899 1 28 1.000000
MarioHand_alb.png
 29 -56.319386 -2.071728 105.840248 0.458222 -0.246852 0.853872 0.044770 0.860594 1 28 1.000000
 29 -57.805096 -2.803219 105.846191 0.094610 -0.779242 0.619541 0.065263 0.850355 1 28 1.000000
 29 -56.681477 -2.932805 104.995331 0.334558 -0.761291 0.555435 0.048280 0.845899 1 28 1.000000
MarioHand_alb.png
 29 -56.319386 -2.071728 105.840248 0.458222 -0.246852 0.853872 0.044770 0.860594 1 28 1.000000
 29 -55.750038 -1.306322 105.316025 0.499394 0.205680 0.841606 0.035859 0.869078 1 28 1.000000
 29 -56.629028 -0.884136 105.557053 0.361181 0.353935 0.862716 0.048280 0.875303 1 28 1.000000
MarioHand_alb.png
 29 -56.319386 -2.071728 105.840248 0.458222 -0.246852 0.853872 0.044770 0.860594 1 28 1.000000
 29 -56.629028 -0.884136 105.557053 0.361181 0.353935 0.862716 0.048280 0.875303 1 28 1.000000
 29 -57.768551 -1.375658 106.237610 0.123214 0.348281 0.929257 0.065263 0.870832 1 28 1.000000
MarioHand_alb.png
 29 -56.319386 -2.071728 105.840248 0.458222 -0.246852 0.853872 0.044770 0.860594 1 28 1.000000
 29 -55.439407 -1.893791 105.109100 0.649620 -0.217168 0.728582 0.031296 0.860594 1 28 1.000000
 29 -55.750038 -1.306322 105.316025 0.499394 0.205680 0.841606 0.035859 0.869078 1 28 1.000000
MarioHand_alb.png
 29 -56.319386 -2.071728 105.840248 0.458222 -0.246852 0.853872 0.044770 0.860594 1 28 1.000000
 29 -55.780312 -2.489126 104.991730 0.477572 -0.629794 0.612605 0.035859 0.852110 1 28 1.000000
 29 -55.439407 -1.893791 105.109100 0.649620 -0.217168 0.728582 0.031296 0.860594 1 28 1.000000
MarioHand_alb.png
 29 -56.319386 -2.071728 105.840248 0.458222 -0.246852 0.853872 0.044770 0.860594 1 28 1.000000
 29 -57.768551 -1.375658 106.237610 0.123214 0.348281 0.929257 0.065263 0.870832 1 28 1.000000
 29 -57.738739 -2.184325 106.383476 0.135045 -0.265989 0.954470 0.065263 0.860594 1 28 1.000000
MarioHand_alb.png
 29 -56.319386 -2.071728 105.840248 0.458222 -0.246852 0.853872 0.044770 0.860594 1 28 1.000000
 29 -57.738739 -2.184325 106.383476 0.135045 -0.265989 0.954470 0.065263 0.860594 1 28 1.000000
 29 -57.805096 -2.803219 105.846191 0.094610 -0.779242 0.619541 0.065263 0.850355 1 28 1.000000
MarioHand_alb.png
 29 -57.768551 -1.375658 106.237610 0.123214 0.348281 0.929257 0.065263 0.870832 1 28 1.000000
 29 -59.254246 -2.107162 106.243553 -0.205566 -0.254144 0.945068 0.085756 0.860594 1 28 1.000000
 29 -57.738739 -2.184325 106.383476 0.135045 -0.265989 0.954470 0.065263 0.860594 1 28 1.000000
MarioHand_alb.png
 29 -57.738739 -2.184325 106.383476 0.135045 -0.265989 0.954470 0.065263 0.860594 1 28 1.000000
 29 -59.254246 -2.107162 106.243553 -0.205566 -0.254144 0.945068 0.085756 0.860594 1 28 1.000000
 29 -57.805096 -2.803219 105.846191 0.094610 -0.779242 0.619541 0.065263 0.850355 1 28 1.000000
MarioHand_alb.png
 29 -57.768551 -1.375658 106.237610 0.123214 0.348281 0.929257 0.065263 0.870832 1 28 1.000000
 29 -59.060692 -0.913498 105.891205 -0.124728 0.347979 0.929168 0.082246 0.875303 1 28 1.000000
 29 -59.254246 -2.107162 106.243553 -0.205566 -0.254144 0.945068 0.085756 0.860594 1 28 1.000000
MarioHand_alb.png
 29 -59.060692 -0.913498 105.891205 -0.124728 0.347979 0.929168 0.082246 0.875303 1 28 1.000000
 29 -59.961815 -1.357189 105.894814 -0.257084 0.197724 0.945946 0.094667 0.869078 1 28 1.000000
 29 -59.254246 -2.107162 106.243553 -0.205566 -0.254144 0.945068 0.085756 0.860594 1 28 1.000000
MarioHand_alb.png
 29 -57.805096 -2.803219 105.846191 0.094610 -0.779242 0.619541 0.065263 0.850355 1 28 1.000000
 29 -59.254246 -2.107162 106.243553 -0.205566 -0.254144 0.945068 0.085756 0.860594 1 28 1.000000
 29 -59.113140 -2.962170 105.329498 -0.152595 -0.766909 0.623350 0.082246 0.845899 1 28 1.000000
MarioHand_alb.png
 29 -59.254246 -2.107162 106.243553 -0.205566 -0.254144 0.945068 0.085756 0.860594 1 28 1.000000
 29 -59.992104 -2.539984 105.570511 -0.278126 -0.639757 0.716489 0.094667 0.852110 1 28 1.000000
 29 -59.113140 -2.962170 105.329498 -0.152595 -0.766909 0.623350 0.082246 0.845899 1 28 1.000000
MarioHand_alb.png
 29 -59.254246 -2.107162 106.243553 -0.205566 -0.254144 0.945068 0.085756 0.860594 1 28 1.000000
 29 -60.302750 -1.952513 105.777428 -0.422748 -0.229211 0.876782 0.099229 0.860594 1 28 1.000000
 29 -59.992104 -2.539984 105.570511 -0.278126 -0.639757 0.716489 0.094667 0.852110 1 28 1.000000
MarioHand_alb.png
 29 -59.254246 -2.107162 106.243553 -0.205566 -0.254144 0.945068 0.085756 0.860594 1 28 1.000000
 29 -59.961815 -1.357189 105.894814 -0.257084 0.197724 0.945946 0.094667 0.869078 1 28 1.000000
 29 -60.302750 -1.952513 105.777428 -0.422748 -0.229211 0.876782 0.099229 0.860594 1 28 1.000000
MarioHand_alb.png
 29 -61.377464 -8.061022 88.064384 -0.485693 0.293591 -0.823351 0.949355 0.156390 1 28 1.000000
 29 -59.187981 -9.942356 87.296204 0.045007 0.029369 -0.998555 0.978897 0.133257 1 28 1.000000
 29 -60.187229 -10.894798 87.123306 0.167499 0.230931 -0.958444 0.968811 0.119097 1 28 1.000000
MarioHand_alb.png
 29 -62.254257 -9.062622 87.785934 -0.407385 0.541463 -0.735429 0.939925 0.141283 1 28 1.000000
 29 -61.377464 -8.061022 88.064384 -0.485693 0.293591 -0.823351 0.949355 0.156390 1 28 1.000000
 29 -60.187229 -10.894798 87.123306 0.167499 0.230931 -0.958444 0.968811 0.119097 1 28 1.000000
MarioHand_alb.png
 29 -63.574905 -8.657930 90.176468 -0.798486 0.569965 -0.193804 0.907774 0.162814 1 28 1.000000
 29 -61.377464 -8.061022 88.064384 -0.485693 0.293591 -0.823351 0.949355 0.156390 1 28 1.000000
 29 -62.254257 -9.062622 87.785934 -0.407385 0.541463 -0.735429 0.939925 0.141283 1 28 1.000000
MarioHand_alb.png
 29 -63.574905 -8.657930 90.176468 -0.798486 0.569965 -0.193804 0.907774 0.162814 1 28 1.000000
 29 -62.827412 -7.271080 90.827385 -0.859517 0.356511 -0.366239 0.916075 0.178088 1 28 1.000000
 29 -61.377464 -8.061022 88.064384 -0.485693 0.293591 -0.823351 0.949355 0.156390 1 28 1.000000
MarioHand_alb.png
 29 -63.414894 -8.919008 93.551392 -0.962935 -0.160616 0.216699 0.869474 0.183352 1 28 1.000000
 29 -62.827412 -7.271080 90.827385 -0.859517 0.356511 -0.366239 0.916075 0.178088 1 28 1.000000
 29 -63.574905 -8.657930 90.176468 -0.798486 0.569965 -0.193804 0.907774 0.162814 1 28 1.000000
MarioHand_alb.png
 29 -62.807659 -10.374537 87.099602 -0.272694 0.547677 -0.791004 0.930632 0.124849 1 28 1.000000
 29 -62.254257 -9.062622 87.785934 -0.407385 0.541463 -0.735429 0.939925 0.141283 1 28 1.000000
 29 -60.187229 -10.894798 87.123306 0.167499 0.230931 -0.958444 0.968811 0.119097 1 28 1.000000
MarioHand_alb.png
 29 -62.807659 -10.374537 87.099602 -0.272694 0.547677 -0.791004 0.930632 0.124849 1 28 1.000000
 29 -60.187229 -10.894798 87.123306 0.167499 0.230931 -0.958444 0.968811 0.119097 1 28 1.000000
 29 -60.553299 -12.056017 86.549683 0.277660 0.213204 -0.936722 0.958816 0.102769 1 28 1.000000
MarioHand_alb.png
 29 -64.373352 -9.992414 89.414856 -0.752340 0.619955 -0.222802 0.900816 0.144747 1 28 1.000000
 29 -63.574905 -8.657930 90.176468 -0.798486 0.569965 -0.193804 0.907774 0.162814 1 28 1.000000
 29 -62.254257 -9.062622 87.785934 -0.407385 0.541463 -0.735429 0.939925 0.141283 1 28 1.000000
MarioHand_alb.png
 29 -64.373352 -9.992414 89.414856 -0.752340 0.619955 -0.222802 0.900816 0.144747 1 28 1.000000
 29 -62.254257 -9.062622 87.785934 -0.407385 0.541463 -0.735429 0.939925 0.141283 1 28 1.000000
 29 -62.807659 -10.374537 87.099602 -0.272694 0.547677 -0.791004 0.930632 0.124849 1 28 1.000000
MarioHand_alb.png
 29 -64.218933 -10.125723 92.854980 -0.841644 0.244557 0.481484 0.866117 0.169467 1 28 1.000000
 29 -63.414894 -8.919008 93.551392 -0.962935 -0.160616 0.216699 0.869474 0.183352 1 28 1.000000
 29 -63.574905 -8.657930 90.176468 -0.798486 0.569965 -0.193804 0.907774 0.162814 1 28 1.000000
MarioHand_alb.png
 29 -64.218933 -10.125723 92.854980 -0.841644 0.244557 0.481484 0.866117 0.169467 1 28 1.000000
 29 -63.574905 -8.657930 90.176468 -0.798486 0.569965 -0.193804 0.907774 0.162814 1 28 1.000000
 29 -64.373352 -9.992414 89.414856 -0.752340 0.619955 -0.222802 0.900816 0.144747 1 28 1.000000
MarioHand_alb.png
 29 -63.706612 -11.489822 86.701271 -0.307445 0.526491 -0.792644 0.921279 0.108019 1 28 1.000000
 29 -62.807659 -10.374537 87.099602 -0.272694 0.547677 -0.791004 0.930632 0.124849 1 28 1.000000
 29 -60.553299 -12.056017 86.549683 0.277660 0.213204 -0.936722 0.958816 0.102769 1 28 1.000000
MarioHand_alb.png
 29 -63.706612 -11.489822 86.701271 -0.307445 0.526491 -0.792644 0.921279 0.108019 1 28 1.000000
 29 -60.553299 -12.056017 86.549683 0.277660 0.213204 -0.936722 0.958816 0.102769 1 28 1.000000
 29 -61.483894 -13.163958 86.118919 0.211330 0.168321 -0.962812 0.947860 0.085130 1 28 1.000000
MarioHand_alb.png
 29 -65.299263 -11.077486 88.923294 -0.733902 0.641688 -0.222765 0.893858 0.126696 1 28 1.000000
 29 -64.373352 -9.992414 89.414856 -0.752340 0.619955 -0.222802 0.900816 0.144747 1 28 1.000000
 29 -62.807659 -10.374537 87.099602 -0.272694 0.547677 -0.791004 0.930632 0.124849 1 28 1.000000
MarioHand_alb.png
 29 -65.299263 -11.077486 88.923294 -0.733902 0.641688 -0.222765 0.893858 0.126696 1 28 1.000000
 29 -62.807659 -10.374537 87.099602 -0.272694 0.547677 -0.791004 0.930632 0.124849 1 28 1.000000
 29 -63.706612 -11.489822 86.701271 -0.307445 0.526491 -0.792644 0.921279 0.108019 1 28 1.000000
MarioHand_alb.png
 29 -64.937363 -11.228113 92.067924 -0.820137 0.305644 0.483690 0.864363 0.154147 1 28 1.000000
 29 -64.218933 -10.125723 92.854980 -0.841644 0.244557 0.481484 0.866117 0.169467 1 28 1.000000
 29 -64.373352 -9.992414 89.414856 -0.752340 0.619955 -0.222802 0.900816 0.144747 1 28 1.000000
MarioHand_alb.png
 29 -64.937363 -11.228113 92.067924 -0.820137 0.305644 0.483690 0.864363 0.154147 1 28 1.000000
 29 -64.373352 -9.992414 89.414856 -0.752340 0.619955 -0.222802 0.900816 0.144747 1 28 1.000000
 29 -65.299263 -11.077486 88.923294 -0.733902 0.641688 -0.222765 0.893858 0.126696 1 28 1.000000
MarioHand_alb.png
 29 -64.218933 -10.125723 92.854980 -0.841644 0.244557 0.481484 0.866117 0.169467 1 28 1.000000
 29 -62.263340 -11.659990 94.230537 -0.442415 -0.213198 0.871100 0.828428 0.179232 1 28 1.000000
 29 -63.414894 -8.919008 93.551392 -0.962935 -0.160616 0.216699 0.869474 0.183352 1 28 1.000000
MarioHand_alb.png
 29 -62.263340 -11.659990 94.230537 -0.442415 -0.213198 0.871100 0.828428 0.179232 1 28 1.000000
 29 -61.198845 -10.580050 94.920860 -0.448199 -0.670486 0.591241 0.825513 0.197269 1 28 1.000000
 29 -63.414894 -8.919008 93.551392 -0.962935 -0.160616 0.216699 0.869474 0.183352 1 28 1.000000
MarioHand_alb.png
 29 -62.263340 -11.659990 94.230537 -0.442415 -0.213198 0.871100 0.828428 0.179232 1 28 1.000000
 29 -59.908386 -12.100521 94.374496 -0.045017 -0.546499 0.836249 0.798184 0.193179 1 28 1.000000
 29 -61.198845 -10.580050 94.920860 -0.448199 -0.670486 0.591241 0.825513 0.197269 1 28 1.000000
MarioHand_alb.png
 29 -63.139572 -12.978817 93.374382 -0.438218 -0.199563 0.876436 0.829404 0.160021 1 28 1.000000
 29 -62.263340 -11.659990 94.230537 -0.442415 -0.213198 0.871100 0.828428 0.179232 1 28 1.000000
 29 -64.218933 -10.125723 92.854980 -0.841644 0.244557 0.481484 0.866117 0.169467 1 28 1.000000
MarioHand_alb.png
 29 -63.139572 -12.978817 93.374382 -0.438218 -0.199563 0.876436 0.829404 0.160021 1 28 1.000000
 29 -64.218933 -10.125723 92.854980 -0.841644 0.244557 0.481484 0.866117 0.169467 1 28 1.000000
 29 -64.937363 -11.228113 92.067924 -0.820137 0.305644 0.483690 0.864363 0.154147 1 28 1.000000
MarioHand_alb.png
 29 -60.740105 -13.165924 93.752190 0.008009 -0.525931 0.850490 0.801846 0.176150 1 28 1.000000
 29 -59.908386 -12.100521 94.374496 -0.045017 -0.546499 0.836249 0.798184 0.193179 1 28 1.000000
 29 -62.263340 -11.659990 94.230537 -0.442415 -0.213198 0.871100 0.828428 0.179232 1 28 1.000000
MarioHand_alb.png
 29 -63.139572 -12.978817 93.374382 -0.438218 -0.199563 0.876436 0.829404 0.160021 1 28 1.000000
 29 -60.740105 -13.165924 93.752190 0.008009 -0.525931 0.850490 0.801846 0.176150 1 28 1.000000
 29 -62.263340 -11.659990 94.230537 -0.442415 -0.213198 0.871100 0.828428 0.179232 1 28 1.000000
MarioHand_alb.png
 29 -60.740105 -13.165924 93.752190 0.008009 -0.525931 0.850490 0.801846 0.176150 1 28 1.000000
 29 -58.333504 -13.124754 93.175613 0.416949 -0.715928 0.560001 0.770260 0.186221 1 28 1.000000
 29 -59.908386 -12.100521 94.374496 -0.045017 -0.546499 0.836249 0.798184 0.193179 1 28 1.000000
MarioHand_alb.png
 29 -64.039413 -14.008940 92.832642 -0.442488 -0.119395 0.888791 0.830106 0.140688 1 28 1.000000
 29 -63.139572 -12.978817 93.374382 -0.438218 -0.199563 0.876436 0.829404 0.160021 1 28 1.000000
 29 -64.937363 -11.228113 92.067924 -0.820137 0.305644 0.483690 0.864363 0.154147 1 28 1.000000
MarioHand_alb.png
 29 -59.279991 -14.070480 92.720703 0.379582 -0.702513 0.601991 0.775662 0.169375 1 28 1.000000
 29 -58.333504 -13.124754 93.175613 0.416949 -0.715928 0.560001 0.770260 0.186221 1 28 1.000000
 29 -60.740105 -13.165924 93.752190 0.008009 -0.525931 0.850490 0.801846 0.176150 1 28 1.000000
MarioHand_alb.png
 29 -59.279991 -14.070480 92.720703 0.379582 -0.702513 0.601991 0.775662 0.169375 1 28 1.000000
 29 -57.533737 -13.197390 91.497948 0.714088 -0.686909 0.135036 0.745403 0.176287 1 28 1.000000
 29 -58.333504 -13.124754 93.175613 0.416949 -0.715928 0.560001 0.770260 0.186221 1 28 1.000000
MarioHand_alb.png
 29 -61.657120 -14.182051 93.149857 0.011827 -0.525359 0.850799 0.805219 0.157504 1 28 1.000000
 29 -60.740105 -13.165924 93.752190 0.008009 -0.525931 0.850490 0.801846 0.176150 1 28 1.000000
 29 -63.139572 -12.978817 93.374382 -0.438218 -0.199563 0.876436 0.829404 0.160021 1 28 1.000000
MarioHand_alb.png
 29 -61.657120 -14.182051 93.149857 0.011827 -0.525359 0.850799 0.805219 0.157504 1 28 1.000000
 29 -59.279991 -14.070480 92.720703 0.379582 -0.702513 0.601991 0.775662 0.169375 1 28 1.000000
 29 -60.740105 -13.165924 93.752190 0.008009 -0.525931 0.850490 0.801846 0.176150 1 28 1.000000
MarioHand_alb.png
 29 -58.339706 -14.164396 90.989822 0.685159 -0.718349 0.120551 0.751705 0.159503 1 28 1.000000
 29 -57.533737 -13.197390 91.497948 0.714088 -0.686909 0.135036 0.745403 0.176287 1 28 1.000000
 29 -59.279991 -14.070480 92.720703 0.379582 -0.702513 0.601991 0.775662 0.169375 1 28 1.000000
MarioHand_alb.png
 29 -57.138439 -12.610159 89.558807 0.761448 -0.551726 -0.340287 0.721340 0.163119 1 28 1.000000
 29 -57.533737 -13.197390 91.497948 0.714088 -0.686909 0.135036 0.745403 0.176287 1 28 1.000000
 29 -58.339706 -14.164396 90.989822 0.685159 -0.718349 0.120551 0.751705 0.159503 1 28 1.000000
MarioHand_alb.png
 29 -60.164978 -14.998262 92.099472 0.382219 -0.728009 0.569132 0.780621 0.151446 1 28 1.000000
 29 -59.279991 -14.070480 92.720703 0.379582 -0.702513 0.601991 0.775662 0.169375 1 28 1.000000
 29 -61.657120 -14.182051 93.149857 0.011827 -0.525359 0.850799 0.805219 0.157504 1 28 1.000000
MarioHand_alb.png
 29 -60.164978 -14.998262 92.099472 0.382219 -0.728009 0.569132 0.780621 0.151446 1 28 1.000000
 29 -58.339706 -14.164396 90.989822 0.685159 -0.718349 0.120551 0.751705 0.159503 1 28 1.000000
 29 -59.279991 -14.070480 92.720703 0.379582 -0.702513 0.601991 0.775662 0.169375 1 28 1.000000
MarioHand_alb.png
 29 -62.629013 -15.172886 92.628098 0.040433 -0.510368 0.859005 0.808530 0.138399 1 28 1.000000
 29 -61.657120 -14.182051 93.149857 0.011827 -0.525359 0.850799 0.805219 0.157504 1 28 1.000000
 29 -63.139572 -12.978817 93.374382 -0.438218 -0.199563 0.876436 0.829404 0.160021 1 28 1.000000
MarioHand_alb.png
 29 -62.629013 -15.172886 92.628098 0.040433 -0.510368 0.859005 0.808530 0.138399 1 28 1.000000
 29 -63.139572 -12.978817 93.374382 -0.438218 -0.199563 0.876436 0.829404 0.160021 1 28 1.000000
 29 -64.039413 -14.008940 92.832642 -0.442488 -0.119395 0.888791 0.830106 0.140688 1 28 1.000000
MarioHand_alb.png
 29 -61.191727 -15.932817 91.545425 0.392525 -0.718867 0.573720 0.785992 0.132738 1 28 1.000000
 29 -60.164978 -14.998262 92.099472 0.382219 -0.728009 0.569132 0.780621 0.151446 1 28 1.000000
 29 -61.657120 -14.182051 93.149857 0.011827 -0.525359 0.850799 0.805219 0.157504 1 28 1.000000
MarioHand_alb.png
 29 -61.191727 -15.932817 91.545425 0.392525 -0.718867 0.573720 0.785992 0.132738 1 28 1.000000
 29 -61.657120 -14.182051 93.149857 0.011827 -0.525359 0.850799 0.805219 0.157504 1 28 1.000000
 29 -62.629013 -15.172886 92.628098 0.040433 -0.510368 0.859005 0.808530 0.138399 1 28 1.000000
MarioHand_alb.png
 29 -59.203262 -15.068914 90.419373 0.663762 -0.740056 0.108338 0.758114 0.142000 1 28 1.000000
 29 -58.339706 -14.164396 90.989822 0.685159 -0.718349 0.120551 0.751705 0.159503 1 28 1.000000
 29 -60.164978 -14.998262 92.099472 0.382219 -0.728009 0.569132 0.780621 0.151446 1 28 1.000000
MarioHand_alb.png
 29 -60.252342 -16.025726 89.913086 0.653399 -0.747232 0.121297 0.765164 0.123995 1 28 1.000000
 29 -60.164978 -14.998262 92.099472 0.382219 -0.728009 0.569132 0.780621 0.151446 1 28 1.000000
 29 -61.191727 -15.932817 91.545425 0.392525 -0.718867 0.573720 0.785992 0.132738 1 28 1.000000
MarioHand_alb.png
 29 -60.252342 -16.025726 89.913086 0.653399 -0.747232 0.121297 0.765164 0.123995 1 28 1.000000
 29 -59.203262 -15.068914 90.419373 0.663762 -0.740056 0.108338 0.758114 0.142000 1 28 1.000000
 29 -60.164978 -14.998262 92.099472 0.382219 -0.728009 0.569132 0.780621 0.151446 1 28 1.000000
MarioHand_alb.png
 29 -58.157593 -13.544622 89.134079 0.745053 -0.555451 -0.369284 0.729671 0.146929 1 28 1.000000
 29 -58.339706 -14.164396 90.989822 0.685159 -0.718349 0.120551 0.751705 0.159503 1 28 1.000000
 29 -59.203262 -15.068914 90.419373 0.663762 -0.740056 0.108338 0.758114 0.142000 1 28 1.000000
MarioHand_alb.png
 29 -58.157593 -13.544622 89.134079 0.745053 -0.555451 -0.369284 0.729671 0.146929 1 28 1.000000
 29 -57.138439 -12.610159 89.558807 0.761448 -0.551726 -0.340287 0.721340 0.163119 1 28 1.000000
 29 -58.339706 -14.164396 90.989822 0.685159 -0.718349 0.120551 0.751705 0.159503 1 28 1.000000
MarioHand_alb.png
 29 -59.013367 -14.493719 88.676895 0.742313 -0.550345 -0.382219 0.737987 0.130220 1 28 1.000000
 29 -59.203262 -15.068914 90.419373 0.663762 -0.740056 0.108338 0.758114 0.142000 1 28 1.000000
 29 -60.252342 -16.025726 89.913086 0.653399 -0.747232 0.121297 0.765164 0.123995 1 28 1.000000
MarioHand_alb.png
 29 -59.013367 -14.493719 88.676895 0.742313 -0.550345 -0.382219 0.737987 0.130220 1 28 1.000000
 29 -58.157593 -13.544622 89.134079 0.745053 -0.555451 -0.369284 0.729671 0.146929 1 28 1.000000
 29 -59.203262 -15.068914 90.419373 0.663762 -0.740056 0.108338 0.758114 0.142000 1 28 1.000000
MarioHand_alb.png
 29 -58.157593 -13.544622 89.134079 0.745053 -0.555451 -0.369284 0.729671 0.146929 1 28 1.000000
 29 -58.659512 -12.399622 87.759964 0.573974 -0.230924 -0.785639 0.709712 0.134325 1 28 1.000000
 29 -57.138439 -12.610159 89.558807 0.761448 -0.551726 -0.340287 0.721340 0.163119 1 28 1.000000
MarioHand_alb.png
 29 -58.659512 -12.399622 87.759964 0.573974 -0.230924 -0.785639 0.709712 0.134325 1 28 1.000000
 29 -57.716423 -11.398554 88.013443 0.536224 -0.242369 -0.808531 0.699260 0.148775 1 28 1.000000
 29 -57.138439 -12.610159 89.558807 0.761448 -0.551726 -0.340287 0.721340 0.163119 1 28 1.000000
MarioHand_alb.png
 29 -58.659512 -12.399622 87.759964 0.573974 -0.230924 -0.785639 0.709712 0.134325 1 28 1.000000
 29 -59.187981 -9.942356 87.296204 0.045007 0.029369 -0.998555 0.678325 0.134173 1 28 1.000000
 29 -57.716423 -11.398554 88.013443 0.536224 -0.242369 -0.808531 0.699260 0.148775 1 28 1.000000
MarioHand_alb.png
 29 -60.187229 -10.894798 87.123306 0.167499 0.230931 -0.958444 0.689021 0.120623 1 28 1.000000
 29 -59.187981 -9.942356 87.296204 0.045007 0.029369 -0.998555 0.678325 0.134173 1 28 1.000000
 29 -58.659512 -12.399622 87.759964 0.573974 -0.230924 -0.785639 0.709712 0.134325 1 28 1.000000
MarioHand_alb.png
 29 -60.553299 -12.056017 86.549683 0.277660 0.213204 -0.936722 0.699947 0.105364 1 28 1.000000
 29 -60.187229 -10.894798 87.123306 0.167499 0.230931 -0.958444 0.689021 0.120623 1 28 1.000000
 29 -58.659512 -12.399622 87.759964 0.573974 -0.230924 -0.785639 0.709712 0.134325 1 28 1.000000
MarioHand_alb.png
 29 -59.568291 -13.358543 87.324745 0.631842 -0.217291 -0.744017 0.718654 0.117357 1 28 1.000000
 29 -58.659512 -12.399622 87.759964 0.573974 -0.230924 -0.785639 0.709712 0.134325 1 28 1.000000
 29 -58.157593 -13.544622 89.134079 0.745053 -0.555451 -0.369284 0.729671 0.146929 1 28 1.000000
MarioHand_alb.png
 29 -59.568291 -13.358543 87.324745 0.631842 -0.217291 -0.744017 0.718654 0.117357 1 28 1.000000
 29 -60.553299 -12.056017 86.549683 0.277660 0.213204 -0.936722 0.699947 0.105364 1 28 1.000000
 29 -58.659512 -12.399622 87.759964 0.573974 -0.230924 -0.785639 0.709712 0.134325 1 28 1.000000
MarioHand_alb.png
 29 -59.568291 -13.358543 87.324745 0.631842 -0.217291 -0.744017 0.718654 0.117357 1 28 1.000000
 29 -58.157593 -13.544622 89.134079 0.745053 -0.555451 -0.369284 0.729671 0.146929 1 28 1.000000
 29 -59.013367 -14.493719 88.676895 0.742313 -0.550345 -0.382219 0.737987 0.130220 1 28 1.000000
MarioHand_alb.png
 29 -61.483894 -13.163958 86.118919 0.211330 0.168321 -0.962812 0.710704 0.088212 1 28 1.000000
 29 -60.553299 -12.056017 86.549683 0.277660 0.213204 -0.936722 0.699947 0.105364 1 28 1.000000
 29 -59.568291 -13.358543 87.324745 0.631842 -0.217291 -0.744017 0.718654 0.117357 1 28 1.000000
MarioHand_alb.png
 29 -60.530754 -14.405525 86.895615 0.619919 -0.279440 -0.733221 0.728145 0.100252 1 28 1.000000
 29 -61.483894 -13.163958 86.118919 0.211330 0.168321 -0.962812 0.710704 0.088212 1 28 1.000000
 29 -59.568291 -13.358543 87.324745 0.631842 -0.217291 -0.744017 0.718654 0.117357 1 28 1.000000
MarioHand_alb.png
 29 -60.530754 -14.405525 86.895615 0.619919 -0.279440 -0.733221 0.728145 0.100252 1 28 1.000000
 29 -59.568291 -13.358543 87.324745 0.631842 -0.217291 -0.744017 0.718654 0.117357 1 28 1.000000
 29 -59.013367 -14.493719 88.676895 0.742313 -0.550345 -0.382219 0.737987 0.130220 1 28 1.000000
MarioHand_alb.png
 29 -62.522007 -14.344130 85.698257 0.145344 0.121215 -0.981928 0.723568 0.069093 1 28 1.000000
 29 -61.483894 -13.163958 86.118919 0.211330 0.168321 -0.962812 0.710704 0.088212 1 28 1.000000
 29 -60.530754 -14.405525 86.895615 0.619919 -0.279440 -0.733221 0.728145 0.100252 1 28 1.000000
MarioHand_alb.png
 29 -60.530754 -14.405525 86.895615 0.619919 -0.279440 -0.733221 0.728145 0.100252 1 28 1.000000
 29 -59.013367 -14.493719 88.676895 0.742313 -0.550345 -0.382219 0.737987 0.130220 1 28 1.000000
 29 -60.047970 -15.476944 88.251335 0.732380 -0.567594 -0.376107 0.746456 0.112993 1 28 1.000000
MarioHand_alb.png
 29 -60.047970 -15.476944 88.251335 0.732380 -0.567594 -0.376107 0.746456 0.112993 1 28 1.000000
 29 -59.013367 -14.493719 88.676895 0.742313 -0.550345 -0.382219 0.737987 0.130220 1 28 1.000000
 29 -60.252342 -16.025726 89.913086 0.653399 -0.747232 0.121297 0.765164 0.123995 1 28 1.000000
MarioHand_alb.png
 29 -62.522007 -14.344130 85.698257 0.145344 0.121215 -0.981928 0.723568 0.069093 1 28 1.000000
 29 -60.530754 -14.405525 86.895615 0.619919 -0.279440 -0.733221 0.728145 0.100252 1 28 1.000000
 29 -61.600143 -15.499895 86.393227 0.567931 -0.330785 -0.753682 0.738872 0.081651 1 28 1.000000
MarioHand_alb.png
 29 -60.047970 -15.476944 88.251335 0.732380 -0.567594 -0.376107 0.746456 0.112993 1 28 1.000000
 29 -60.252342 -16.025726 89.913086 0.653399 -0.747232 0.121297 0.765164 0.123995 1 28 1.000000
 29 -61.333443 -17.115191 89.400589 0.614599 -0.780934 0.111399 0.773022 0.105165 1 28 1.000000
MarioHand_alb.png
 29 -61.333443 -17.115191 89.400589 0.614599 -0.780934 0.111399 0.773022 0.105165 1 28 1.000000
 29 -60.252342 -16.025726 89.913086 0.653399 -0.747232 0.121297 0.765164 0.123995 1 28 1.000000
 29 -61.191727 -15.932817 91.545425 0.392525 -0.718867 0.573720 0.785992 0.132738 1 28 1.000000
MarioHand_alb.png
 29 -60.530754 -14.405525 86.895615 0.619919 -0.279440 -0.733221 0.728145 0.100252 1 28 1.000000
 29 -60.047970 -15.476944 88.251335 0.732380 -0.567594 -0.376107 0.746456 0.112993 1 28 1.000000
 29 -61.112495 -16.559799 87.734482 0.686964 -0.611822 -0.392115 0.755428 0.094514 1 28 1.000000
MarioHand_alb.png
 29 -61.112495 -16.559799 87.734482 0.686964 -0.611822 -0.392115 0.755428 0.094514 1 28 1.000000
 29 -60.047970 -15.476944 88.251335 0.732380 -0.567594 -0.376107 0.746456 0.112993 1 28 1.000000
 29 -61.333443 -17.115191 89.400589 0.614599 -0.780934 0.111399 0.773022 0.105165 1 28 1.000000
MarioHand_alb.png
 29 -60.530754 -14.405525 86.895615 0.619919 -0.279440 -0.733221 0.728145 0.100252 1 28 1.000000
 29 -61.112495 -16.559799 87.734482 0.686964 -0.611822 -0.392115 0.755428 0.094514 1 28 1.000000
 29 -61.600143 -15.499895 86.393227 0.567931 -0.330785 -0.753682 0.738872 0.081651 1 28 1.000000
MarioHand_alb.png
 29 -61.333443 -17.115191 89.400589 0.614599 -0.780934 0.111399 0.773022 0.105165 1 28 1.000000
 29 -61.191727 -15.932817 91.545425 0.392525 -0.718867 0.573720 0.785992 0.132738 1 28 1.000000
 29 -62.267262 -16.991600 90.970001 0.362011 -0.749771 0.553888 0.791897 0.112734 1 28 1.000000
MarioHand_alb.png
 29 -62.267262 -16.991600 90.970001 0.362011 -0.749771 0.553888 0.791897 0.112734 1 28 1.000000
 29 -61.191727 -15.932817 91.545425 0.392525 -0.718867 0.573720 0.785992 0.132738 1 28 1.000000
 29 -62.629013 -15.172886 92.628098 0.040433 -0.510368 0.859005 0.808530 0.138399 1 28 1.000000
MarioHand_alb.png
 29 -61.112495 -16.559799 87.734482 0.686964 -0.611822 -0.392115 0.755428 0.094514 1 28 1.000000
 29 -61.333443 -17.115191 89.400589 0.614599 -0.780934 0.111399 0.773022 0.105165 1 28 1.000000
 29 -62.769089 -18.185242 88.774391 0.477641 -0.876883 0.054173 0.782650 0.083970 1 28 1.000000
MarioHand_alb.png
 29 -62.769089 -18.185242 88.774391 0.477641 -0.876883 0.054173 0.782650 0.083970 1 28 1.000000
 29 -61.333443 -17.115191 89.400589 0.614599 -0.780934 0.111399 0.773022 0.105165 1 28 1.000000
 29 -62.267262 -16.991600 90.970001 0.362011 -0.749771 0.553888 0.791897 0.112734 1 28 1.000000
MarioHand_alb.png
 29 -61.600143 -15.499895 86.393227 0.567931 -0.330785 -0.753682 0.738872 0.081651 1 28 1.000000
 29 -61.112495 -16.559799 87.734482 0.686964 -0.611822 -0.392115 0.755428 0.094514 1 28 1.000000
 29 -62.582283 -17.645658 87.211990 0.539440 -0.715883 -0.443302 0.767269 0.073930 1 28 1.000000
MarioHand_alb.png
 29 -62.582283 -17.645658 87.211990 0.539440 -0.715883 -0.443302 0.767269 0.073930 1 28 1.000000
 29 -61.112495 -16.559799 87.734482 0.686964 -0.611822 -0.392115 0.755428 0.094514 1 28 1.000000
 29 -62.769089 -18.185242 88.774391 0.477641 -0.876883 0.054173 0.782650 0.083970 1 28 1.000000
MarioHand_alb.png
 29 -62.522007 -14.344130 85.698257 0.145344 0.121215 -0.981928 0.723568 0.069093 1 28 1.000000
 29 -61.600143 -15.499895 86.393227 0.567931 -0.330785 -0.753682 0.738872 0.081651 1 28 1.000000
 29 -63.042236 -16.680363 86.010887 0.408865 -0.445670 -0.796371 0.754055 0.061204 1 28 1.000000
MarioHand_alb.png
 29 -63.042236 -16.680363 86.010887 0.408865 -0.445670 -0.796371 0.754055 0.061204 1 28 1.000000
 29 -61.600143 -15.499895 86.393227 0.567931 -0.330785 -0.753682 0.738872 0.081651 1 28 1.000000
 29 -62.582283 -17.645658 87.211990 0.539440 -0.715883 -0.443302 0.767269 0.073930 1 28 1.000000
MarioHand_alb.png
 29 -63.857132 -15.699959 85.434937 -0.041213 -0.015646 -0.999028 0.744121 0.048646 1 28 1.000000
 29 -62.522007 -14.344130 85.698257 0.145344 0.121215 -0.981928 0.723568 0.069093 1 28 1.000000
 29 -63.042236 -16.680363 86.010887 0.408865 -0.445670 -0.796371 0.754055 0.061204 1 28 1.000000
MarioHand_alb.png
 29 -63.857132 -15.699959 85.434937 -0.041213 -0.015646 -0.999028 0.744121 0.048646 1 28 1.000000
 29 -63.042236 -16.680363 86.010887 0.408865 -0.445670 -0.796371 0.754055 0.061204 1 28 1.000000
 29 -65.052399 -16.968849 86.122086 -0.360772 -0.379459 -0.851971 0.771634 0.040482 1 28 1.000000
MarioHand_alb.png
 29 -63.042236 -16.680363 86.010887 0.408865 -0.445670 -0.796371 0.754055 0.061204 1 28 1.000000
 29 -64.345627 -17.890820 86.816277 -0.055694 -0.806225 -0.588981 0.778744 0.054658 1 28 1.000000
 29 -65.052399 -16.968849 86.122086 -0.360772 -0.379459 -0.851971 0.771634 0.040482 1 28 1.000000
MarioHand_alb.png
 29 -63.042236 -16.680363 86.010887 0.408865 -0.445670 -0.796371 0.754055 0.061204 1 28 1.000000
 29 -62.582283 -17.645658 87.211990 0.539440 -0.715883 -0.443302 0.767269 0.073930 1 28 1.000000
 29 -64.345627 -17.890820 86.816277 -0.055694 -0.806225 -0.588981 0.778744 0.054658 1 28 1.000000
MarioHand_alb.png
 29 -65.052399 -16.968849 86.122086 -0.360772 -0.379459 -0.851971 0.771634 0.040482 1 28 1.000000
 29 -64.345627 -17.890820 86.816277 -0.055694 -0.806225 -0.588981 0.778744 0.054658 1 28 1.000000
 29 -65.988342 -17.663338 87.752869 -0.636323 -0.701367 -0.321213 0.802533 0.046403 1 28 1.000000
MarioHand_alb.png
 29 -64.345627 -17.890820 86.816277 -0.055694 -0.806225 -0.588981 0.778744 0.054658 1 28 1.000000
 29 -62.582283 -17.645658 87.211990 0.539440 -0.715883 -0.443302 0.767269 0.073930 1 28 1.000000
 29 -64.332825 -18.515408 88.187477 -0.045776 -0.987230 -0.152586 0.792569 0.065644 1 28 1.000000
MarioHand_alb.png
 29 -64.345627 -17.890820 86.816277 -0.055694 -0.806225 -0.588981 0.778744 0.054658 1 28 1.000000
 29 -64.332825 -18.515408 88.187477 -0.045776 -0.987230 -0.152586 0.792569 0.065644 1 28 1.000000
 29 -65.988342 -17.663338 87.752869 -0.636323 -0.701367 -0.321213 0.802533 0.046403 1 28 1.000000
MarioHand_alb.png
 29 -62.582283 -17.645658 87.211990 0.539440 -0.715883 -0.443302 0.767269 0.073930 1 28 1.000000
 29 -62.769089 -18.185242 88.774391 0.477641 -0.876883 0.054173 0.782650 0.083970 1 28 1.000000
 29 -64.332825 -18.515408 88.187477 -0.045776 -0.987230 -0.152586 0.792569 0.065644 1 28 1.000000
MarioHand_alb.png
 29 -65.988342 -17.663338 87.752869 -0.636323 -0.701367 -0.321213 0.802533 0.046403 1 28 1.000000
 29 -64.332825 -18.515408 88.187477 -0.045776 -0.987230 -0.152586 0.792569 0.065644 1 28 1.000000
 29 -65.245346 -18.259821 89.408981 -0.311290 -0.929866 0.196082 0.811292 0.068940 1 28 1.000000
MarioHand_alb.png
 29 -64.332825 -18.515408 88.187477 -0.045776 -0.987230 -0.152586 0.792569 0.065644 1 28 1.000000
 29 -62.769089 -18.185242 88.774391 0.477641 -0.876883 0.054173 0.782650 0.083970 1 28 1.000000
 29 -63.658943 -18.048010 90.245499 0.231541 -0.841865 0.487496 0.799893 0.089937 1 28 1.000000
MarioHand_alb.png
 29 -64.332825 -18.515408 88.187477 -0.045776 -0.987230 -0.152586 0.792569 0.065644 1 28 1.000000
 29 -63.658943 -18.048010 90.245499 0.231541 -0.841865 0.487496 0.799893 0.089937 1 28 1.000000
 29 -65.245346 -18.259821 89.408981 -0.311290 -0.929866 0.196082 0.811292 0.068940 1 28 1.000000
MarioHand_alb.png
 29 -62.769089 -18.185242 88.774391 0.477641 -0.876883 0.054173 0.782650 0.083970 1 28 1.000000
 29 -62.267262 -16.991600 90.970001 0.362011 -0.749771 0.553888 0.791897 0.112734 1 28 1.000000
 29 -63.658943 -18.048010 90.245499 0.231541 -0.841865 0.487496 0.799893 0.089937 1 28 1.000000
MarioHand_alb.png
 29 -65.988342 -17.663338 87.752869 -0.636323 -0.701367 -0.321213 0.802533 0.046403 1 28 1.000000
 29 -65.245346 -18.259821 89.408981 -0.311290 -0.929866 0.196082 0.811292 0.068940 1 28 1.000000
 29 -66.229156 -17.553255 89.727150 -0.724113 -0.626827 0.287661 0.828031 0.066392 1 28 1.000000
MarioHand_alb.png
 29 -63.658943 -18.048010 90.245499 0.231541 -0.841865 0.487496 0.799893 0.089937 1 28 1.000000
 29 -62.267262 -16.991600 90.970001 0.362011 -0.749771 0.553888 0.791897 0.112734 1 28 1.000000
 29 -63.643028 -16.234304 92.069290 0.006103 -0.553237 0.833002 0.811978 0.117830 1 28 1.000000
MarioHand_alb.png
 29 -62.267262 -16.991600 90.970001 0.362011 -0.749771 0.553888 0.791897 0.112734 1 28 1.000000
 29 -62.629013 -15.172886 92.628098 0.040433 -0.510368 0.859005 0.808530 0.138399 1 28 1.000000
 29 -63.643028 -16.234304 92.069290 0.006103 -0.553237 0.833002 0.811978 0.117830 1 28 1.000000
MarioHand_alb.png
 29 -65.245346 -18.259821 89.408981 -0.311290 -0.929866 0.196082 0.811292 0.068940 1 28 1.000000
 29 -63.658943 -18.048010 90.245499 0.231541 -0.841865 0.487496 0.799893 0.089937 1 28 1.000000
 29 -64.847961 -17.427389 91.136490 -0.112924 -0.660375 0.742397 0.816175 0.092271 1 28 1.000000
MarioHand_alb.png
 29 -63.658943 -18.048010 90.245499 0.231541 -0.841865 0.487496 0.799893 0.089937 1 28 1.000000
 29 -63.643028 -16.234304 92.069290 0.006103 -0.553237 0.833002 0.811978 0.117830 1 28 1.000000
 29 -64.847961 -17.427389 91.136490 -0.112924 -0.660375 0.742397 0.816175 0.092271 1 28 1.000000
MarioHand_alb.png
 29 -65.245346 -18.259821 89.408981 -0.311290 -0.929866 0.196082 0.811292 0.068940 1 28 1.000000
 29 -64.847961 -17.427389 91.136490 -0.112924 -0.660375 0.742397 0.816175 0.092271 1 28 1.000000
 29 -66.229156 -17.553255 89.727150 -0.724113 -0.626827 0.287661 0.828031 0.066392 1 28 1.000000
MarioHand_alb.png
 29 -64.847961 -17.427389 91.136490 -0.112924 -0.660375 0.742397 0.816175 0.092271 1 28 1.000000
 29 -63.643028 -16.234304 92.069290 0.006103 -0.553237 0.833002 0.811978 0.117830 1 28 1.000000
 29 -65.885544 -16.596004 91.226036 -0.615895 -0.293447 0.731137 0.829511 0.093034 1 28 1.000000
MarioHand_alb.png
 29 -64.847961 -17.427389 91.136490 -0.112924 -0.660375 0.742397 0.816175 0.092271 1 28 1.000000
 29 -65.885544 -16.596004 91.226036 -0.615895 -0.293447 0.731137 0.829511 0.093034 1 28 1.000000
 29 -66.229156 -17.553255 89.727150 -0.724113 -0.626827 0.287661 0.828031 0.066392 1 28 1.000000
MarioHand_alb.png
 29 -63.643028 -16.234304 92.069290 0.006103 -0.553237 0.833002 0.811978 0.117830 1 28 1.000000
 29 -62.629013 -15.172886 92.628098 0.040433 -0.510368 0.859005 0.808530 0.138399 1 28 1.000000
 29 -64.961975 -15.156843 92.232956 -0.514854 -0.160749 0.842072 0.830228 0.119783 1 28 1.000000
MarioHand_alb.png
 29 -63.643028 -16.234304 92.069290 0.006103 -0.553237 0.833002 0.811978 0.117830 1 28 1.000000
 29 -64.961975 -15.156843 92.232956 -0.514854 -0.160749 0.842072 0.830228 0.119783 1 28 1.000000
 29 -65.885544 -16.596004 91.226036 -0.615895 -0.293447 0.731137 0.829511 0.093034 1 28 1.000000
MarioHand_alb.png
 29 -62.629013 -15.172886 92.628098 0.040433 -0.510368 0.859005 0.808530 0.138399 1 28 1.000000
 29 -64.039413 -14.008940 92.832642 -0.442488 -0.119395 0.888791 0.830106 0.140688 1 28 1.000000
 29 -64.961975 -15.156843 92.232956 -0.514854 -0.160749 0.842072 0.830228 0.119783 1 28 1.000000
MarioHand_alb.png
 29 -65.885544 -16.596004 91.226036 -0.615895 -0.293447 0.731137 0.829511 0.093034 1 28 1.000000
 29 -67.141022 -14.971869 90.065956 -0.940472 0.062450 0.334085 0.852766 0.093965 1 28 1.000000
 29 -66.229156 -17.553255 89.727150 -0.724113 -0.626827 0.287661 0.828031 0.066392 1 28 1.000000
MarioHand_alb.png
 29 -65.885544 -16.596004 91.226036 -0.615895 -0.293447 0.731137 0.829511 0.093034 1 28 1.000000
 29 -64.961975 -15.156843 92.232956 -0.514854 -0.160749 0.842072 0.830228 0.119783 1 28 1.000000
 29 -67.141022 -14.971869 90.065956 -0.940472 0.062450 0.334085 0.852766 0.093965 1 28 1.000000
MarioHand_alb.png
 29 -66.229156 -17.553255 89.727150 -0.724113 -0.626827 0.287661 0.828031 0.066392 1 28 1.000000
 29 -67.141022 -14.971869 90.065956 -0.940472 0.062450 0.334085 0.852766 0.093965 1 28 1.000000
 29 -66.947365 -16.541090 89.076500 -0.964998 -0.262228 0.003814 0.846128 0.070695 1 28 1.000000
MarioHand_alb.png
 29 -66.229156 -17.553255 89.727150 -0.724113 -0.626827 0.287661 0.828031 0.066392 1 28 1.000000
 29 -66.947365 -16.541090 89.076500 -0.964998 -0.262228 0.003814 0.846128 0.070695 1 28 1.000000
 29 -65.988342 -17.663338 87.752869 -0.636323 -0.701367 -0.321213 0.853178 0.046799 1 28 1.000000
MarioHand_alb.png
 29 -64.961975 -15.156843 92.232956 -0.514854 -0.160749 0.842072 0.830228 0.119783 1 28 1.000000
 29 -64.039413 -14.008940 92.832642 -0.442488 -0.119395 0.888791 0.830106 0.140688 1 28 1.000000
 29 -65.731201 -12.145834 91.493698 -0.796452 0.348257 0.494349 0.862409 0.136461 1 28 1.000000
MarioHand_alb.png
 29 -64.039413 -14.008940 92.832642 -0.442488 -0.119395 0.888791 0.830106 0.140688 1 28 1.000000
 29 -64.937363 -11.228113 92.067924 -0.820137 0.305644 0.483690 0.864363 0.154147 1 28 1.000000
 29 -65.731201 -12.145834 91.493698 -0.796452 0.348257 0.494349 0.862409 0.136461 1 28 1.000000
MarioHand_alb.png
 29 -65.731201 -12.145834 91.493698 -0.796452 0.348257 0.494349 0.862409 0.136461 1 28 1.000000
 29 -64.937363 -11.228113 92.067924 -0.820137 0.305644 0.483690 0.864363 0.154147 1 28 1.000000
 29 -65.299263 -11.077486 88.923294 -0.733902 0.641688 -0.222765 0.893858 0.126696 1 28 1.000000
MarioHand_alb.png
 29 -64.961975 -15.156843 92.232956 -0.514854 -0.160749 0.842072 0.830228 0.119783 1 28 1.000000
 29 -65.731201 -12.145834 91.493698 -0.796452 0.348257 0.494349 0.862409 0.136461 1 28 1.000000
 29 -66.543488 -13.386858 90.845009 -0.859935 0.244742 0.447899 0.858610 0.116259 1 28 1.000000
MarioHand_alb.png
 29 -64.961975 -15.156843 92.232956 -0.514854 -0.160749 0.842072 0.830228 0.119783 1 28 1.000000
 29 -66.543488 -13.386858 90.845009 -0.859935 0.244742 0.447899 0.858610 0.116259 1 28 1.000000
 29 -67.141022 -14.971869 90.065956 -0.940472 0.062450 0.334085 0.852766 0.093965 1 28 1.000000
MarioHand_alb.png
 29 -65.731201 -12.145834 91.493698 -0.796452 0.348257 0.494349 0.862409 0.136461 1 28 1.000000
 29 -65.299263 -11.077486 88.923294 -0.733902 0.641688 -0.222765 0.893858 0.126696 1 28 1.000000
 29 -66.197861 -12.355619 88.450127 -0.807030 0.530137 -0.260111 0.885847 0.108125 1 28 1.000000
MarioHand_alb.png
 29 -65.731201 -12.145834 91.493698 -0.796452 0.348257 0.494349 0.862409 0.136461 1 28 1.000000
 29 -66.197861 -12.355619 88.450127 -0.807030 0.530137 -0.260111 0.885847 0.108125 1 28 1.000000
 29 -66.543488 -13.386858 90.845009 -0.859935 0.244742 0.447899 0.858610 0.116259 1 28 1.000000
MarioHand_alb.png
 29 -66.197861 -12.355619 88.450127 -0.807030 0.530137 -0.260111 0.885847 0.108125 1 28 1.000000
 29 -65.299263 -11.077486 88.923294 -0.733902 0.641688 -0.222765 0.893858 0.126696 1 28 1.000000
 29 -63.706612 -11.489822 86.701271 -0.307445 0.526491 -0.792644 0.921279 0.108019 1 28 1.000000
MarioHand_alb.png
 29 -67.141022 -14.971869 90.065956 -0.940472 0.062450 0.334085 0.852766 0.093965 1 28 1.000000
 29 -66.543488 -13.386858 90.845009 -0.859935 0.244742 0.447899 0.858610 0.116259 1 28 1.000000
 29 -67.002518 -14.130404 87.932220 -0.903849 0.291177 -0.313487 0.875486 0.086549 1 28 1.000000
MarioHand_alb.png
 29 -66.543488 -13.386858 90.845009 -0.859935 0.244742 0.447899 0.858610 0.116259 1 28 1.000000
 29 -66.197861 -12.355619 88.450127 -0.807030 0.530137 -0.260111 0.885847 0.108125 1 28 1.000000
 29 -67.002518 -14.130404 87.932220 -0.903849 0.291177 -0.313487 0.875486 0.086549 1 28 1.000000
MarioHand_alb.png
 29 -66.197861 -12.355619 88.450127 -0.807030 0.530137 -0.260111 0.885847 0.108125 1 28 1.000000
 29 -63.706612 -11.489822 86.701271 -0.307445 0.526491 -0.792644 0.921279 0.108019 1 28 1.000000
 29 -64.645676 -12.748024 86.286079 -0.380014 0.448692 -0.808866 0.910567 0.090059 1 28 1.000000
MarioHand_alb.png
 29 -67.002518 -14.130404 87.932220 -0.903849 0.291177 -0.313487 0.875486 0.086549 1 28 1.000000
 29 -66.197861 -12.355619 88.450127 -0.807030 0.530137 -0.260111 0.885847 0.108125 1 28 1.000000
 29 -64.645676 -12.748024 86.286079 -0.380014 0.448692 -0.808866 0.910567 0.090059 1 28 1.000000
MarioHand_alb.png
 29 -64.645676 -12.748024 86.286079 -0.380014 0.448692 -0.808866 0.910567 0.090059 1 28 1.000000
 29 -63.706612 -11.489822 86.701271 -0.307445 0.526491 -0.792644 0.921279 0.108019 1 28 1.000000
 29 -61.483894 -13.163958 86.118919 0.211330 0.168321 -0.962812 0.947860 0.085130 1 28 1.000000
MarioHand_alb.png
 29 -64.645676 -12.748024 86.286079 -0.380014 0.448692 -0.808866 0.910567 0.090059 1 28 1.000000
 29 -61.483894 -13.163958 86.118919 0.211330 0.168321 -0.962812 0.947860 0.085130 1 28 1.000000
 29 -62.522007 -14.344130 85.698257 0.145344 0.121215 -0.981928 0.933593 0.066575 1 28 1.000000
MarioHand_alb.png
 29 -65.631088 -14.497362 86.029007 -0.515655 0.240664 -0.822302 0.895399 0.069520 1 28 1.000000
 29 -64.645676 -12.748024 86.286079 -0.380014 0.448692 -0.808866 0.910567 0.090059 1 28 1.000000
 29 -62.522007 -14.344130 85.698257 0.145344 0.121215 -0.981928 0.933593 0.066575 1 28 1.000000
MarioHand_alb.png
 29 -67.002518 -14.130404 87.932220 -0.903849 0.291177 -0.313487 0.875486 0.086549 1 28 1.000000
 29 -64.645676 -12.748024 86.286079 -0.380014 0.448692 -0.808866 0.910567 0.090059 1 28 1.000000
 29 -65.631088 -14.497362 86.029007 -0.515655 0.240664 -0.822302 0.895399 0.069520 1 28 1.000000
MarioHand_alb.png
 29 -65.631088 -14.497362 86.029007 -0.515655 0.240664 -0.822302 0.895399 0.069520 1 28 1.000000
 29 -62.522007 -14.344130 85.698257 0.145344 0.121215 -0.981928 0.933593 0.066575 1 28 1.000000
 29 -63.857132 -15.699959 85.434937 -0.041213 -0.015646 -0.999028 0.910689 0.048432 1 28 1.000000
MarioHand_alb.png
 29 -67.141022 -14.971869 90.065956 -0.940472 0.062450 0.334085 0.852766 0.093965 1 28 1.000000
 29 -67.002518 -14.130404 87.932220 -0.903849 0.291177 -0.313487 0.875486 0.086549 1 28 1.000000
 29 -66.909698 -15.948551 87.693344 -0.931504 -0.103659 -0.348647 0.864485 0.066621 1 28 1.000000
MarioHand_alb.png
 29 -66.909698 -15.948551 87.693344 -0.931504 -0.103659 -0.348647 0.864485 0.066621 1 28 1.000000
 29 -67.002518 -14.130404 87.932220 -0.903849 0.291177 -0.313487 0.875486 0.086549 1 28 1.000000
 29 -65.631088 -14.497362 86.029007 -0.515655 0.240664 -0.822302 0.895399 0.069520 1 28 1.000000
MarioHand_alb.png
 29 -67.141022 -14.971869 90.065956 -0.940472 0.062450 0.334085 0.852766 0.093965 1 28 1.000000
 29 -66.909698 -15.948551 87.693344 -0.931504 -0.103659 -0.348647 0.864485 0.066621 1 28 1.000000
 29 -66.947365 -16.541090 89.076500 -0.964998 -0.262228 0.003814 0.846128 0.070695 1 28 1.000000
MarioHand_alb.png
 29 -66.947365 -16.541090 89.076500 -0.964998 -0.262228 0.003814 0.846128 0.070695 1 28 1.000000
 29 -66.909698 -15.948551 87.693344 -0.931504 -0.103659 -0.348647 0.864485 0.066621 1 28 1.000000
 29 -65.988342 -17.663338 87.752869 -0.636323 -0.701367 -0.321213 0.853178 0.046799 1 28 1.000000
MarioHand_alb.png
 29 -66.060745 -16.154127 86.467514 -0.661043 -0.138926 -0.737375 0.878462 0.054826 1 28 1.000000
 29 -65.631088 -14.497362 86.029007 -0.515655 0.240664 -0.822302 0.895399 0.069520 1 28 1.000000
 29 -63.857132 -15.699959 85.434937 -0.041213 -0.015646 -0.999028 0.910689 0.048432 1 28 1.000000
MarioHand_alb.png
 29 -66.909698 -15.948551 87.693344 -0.931504 -0.103659 -0.348647 0.864485 0.066621 1 28 1.000000
 29 -65.631088 -14.497362 86.029007 -0.515655 0.240664 -0.822302 0.895399 0.069520 1 28 1.000000
 29 -66.060745 -16.154127 86.467514 -0.661043 -0.138926 -0.737375 0.878462 0.054826 1 28 1.000000
MarioHand_alb.png
 29 -65.988342 -17.663338 87.752869 -0.636323 -0.701367 -0.321213 0.853178 0.046799 1 28 1.000000
 29 -66.909698 -15.948551 87.693344 -0.931504 -0.103659 -0.348647 0.864485 0.066621 1 28 1.000000
 29 -66.060745 -16.154127 86.467514 -0.661043 -0.138926 -0.737375 0.878462 0.054826 1 28 1.000000
MarioHand_alb.png
 29 -66.060745 -16.154127 86.467514 -0.661043 -0.138926 -0.737375 0.878462 0.054826 1 28 1.000000
 29 -63.857132 -15.699959 85.434937 -0.041213 -0.015646 -0.999028 0.910689 0.048432 1 28 1.000000
 29 -65.052399 -16.968849 86.122086 -0.360772 -0.379459 -0.851971 0.883482 0.040330 1 28 1.000000
MarioHand_alb.png
 29 -65.988342 -17.663338 87.752869 -0.636323 -0.701367 -0.321213 0.853178 0.046799 1 28 1.000000
 29 -66.060745 -16.154127 86.467514 -0.661043 -0.138926 -0.737375 0.878462 0.054826 1 28 1.000000
 29 -65.052399 -16.968849 86.122086 -0.360772 -0.379459 -0.851971 0.883482 0.040330 1 28 1.000000
MarioHand_alb.png
 29 -68.177460 0.252348 98.286201 -0.096120 0.154395 -0.983323 0.040955 0.237339 1 28 1.000000
 29 -66.209564 0.429522 97.788795 -0.655195 0.109465 -0.747487 0.031403 0.268055 1 28 1.000000
 29 -67.999207 -2.536516 99.016762 -0.048831 -0.755685 -0.653112 0.079576 0.244602 1 28 1.000000
MarioHand_alb.png
 29 -70.663696 -0.037299 98.172829 -0.036617 0.129201 -0.990942 0.047181 0.199695 1 28 1.000000
 29 -68.177460 0.252348 98.286201 -0.096120 0.154395 -0.983323 0.040955 0.237339 1 28 1.000000
 29 -67.999207 -2.536516 99.016762 -0.048831 -0.755685 -0.653112 0.079576 0.244602 1 28 1.000000
MarioHand_alb.png
 29 -67.999207 -2.536516 99.016762 -0.048831 -0.755685 -0.653112 0.079576 0.244602 1 28 1.000000
 29 -66.209564 0.429522 97.788795 -0.655195 0.109465 -0.747487 0.031403 0.268055 1 28 1.000000
 29 -65.945427 -2.786101 98.972473 -0.700376 0.101781 -0.706480 0.072404 0.280751 1 28 1.000000
MarioHand_alb.png
 29 -70.663696 -0.037299 98.172829 -0.036617 0.129201 -0.990942 0.047181 0.199695 1 28 1.000000
 29 -67.999207 -2.536516 99.016762 -0.048831 -0.755685 -0.653112 0.079576 0.244602 1 28 1.000000
 29 -70.532776 -2.612512 99.109802 0.041200 -0.763965 -0.643941 0.083787 0.206149 1 28 1.000000
MarioHand_alb.png
 29 -72.684753 -0.221806 98.306465 -0.038913 0.107590 -0.993433 0.053422 0.164736 1 28 1.000000
 29 -70.663696 -0.037299 98.172829 -0.036617 0.129201 -0.990942 0.047181 0.199695 1 28 1.000000
 29 -70.532776 -2.612512 99.109802 0.041200 -0.763965 -0.643941 0.083787 0.206149 1 28 1.000000
MarioHand_alb.png
 29 -67.999207 -2.536516 99.016762 -0.048831 -0.755685 -0.653112 0.079576 0.244602 1 28 1.000000
 29 -65.945427 -2.786101 98.972473 -0.700376 0.101781 -0.706480 0.072404 0.280751 1 28 1.000000
 29 -68.125961 -2.737000 101.756393 0.000000 -0.997895 -0.064849 0.117159 0.246723 1 28 1.000000
MarioHand_alb.png
 29 -70.532776 -2.612512 99.109802 0.041200 -0.763965 -0.643941 0.083787 0.206149 1 28 1.000000
 29 -67.999207 -2.536516 99.016762 -0.048831 -0.755685 -0.653112 0.079576 0.244602 1 28 1.000000
 29 -68.125961 -2.737000 101.756393 0.000000 -0.997895 -0.064849 0.117159 0.246723 1 28 1.000000
MarioHand_alb.png
 29 -68.125961 -2.737000 101.756393 0.000000 -0.997895 -0.064849 0.117159 0.246723 1 28 1.000000
 29 -65.945427 -2.786101 98.972473 -0.700376 0.101781 -0.706480 0.072404 0.280751 1 28 1.000000
 29 -65.701294 -3.075380 101.661255 -0.985741 0.160316 0.051118 0.108888 0.283192 1 28 1.000000
MarioHand_alb.png
 29 -72.684753 -0.221806 98.306465 -0.038913 0.107590 -0.993433 0.053422 0.164736 1 28 1.000000
 29 -70.532776 -2.612512 99.109802 0.041200 -0.763965 -0.643941 0.083787 0.206149 1 28 1.000000
 29 -72.593849 -2.684406 99.229469 0.029756 -0.765136 -0.643181 0.088670 0.171633 1 28 1.000000
MarioHand_alb.png
 29 -74.944389 -0.363611 98.350853 0.047318 0.093987 -0.994448 0.062165 0.125048 1 28 1.000000
 29 -72.684753 -0.221806 98.306465 -0.038913 0.107590 -0.993433 0.053422 0.164736 1 28 1.000000
 29 -72.593849 -2.684406 99.229469 0.029756 -0.765136 -0.643181 0.088670 0.171633 1 28 1.000000
MarioHand_alb.png
 29 -70.532776 -2.612512 99.109802 0.041200 -0.763965 -0.643941 0.083787 0.206149 1 28 1.000000
 29 -68.125961 -2.737000 101.756393 0.000000 -0.997895 -0.064849 0.117159 0.246723 1 28 1.000000
 29 -70.508987 -3.081775 101.831306 0.087738 -0.993039 -0.078583 0.121355 0.209827 1 28 1.000000
MarioHand_alb.png
 29 -72.593849 -2.684406 99.229469 0.029756 -0.765136 -0.643181 0.088670 0.171633 1 28 1.000000
 29 -70.532776 -2.612512 99.109802 0.041200 -0.763965 -0.643941 0.083787 0.206149 1 28 1.000000
 29 -70.508987 -3.081775 101.831306 0.087738 -0.993039 -0.078583 0.121355 0.209827 1 28 1.000000
MarioHand_alb.png
 29 -68.125961 -2.737000 101.756393 0.000000 -0.997895 -0.064849 0.117159 0.246723 1 28 1.000000
 29 -65.701294 -3.075380 101.661255 -0.985741 0.160316 0.051118 0.108888 0.283192 1 28 1.000000
 29 -68.189484 -2.751213 103.743156 -0.021362 -0.977180 0.211334 0.144915 0.248829 1 28 1.000000
MarioHand_alb.png
 29 -70.508987 -3.081775 101.831306 0.087738 -0.993039 -0.078583 0.121355 0.209827 1 28 1.000000
 29 -68.125961 -2.737000 101.756393 0.000000 -0.997895 -0.064849 0.117159 0.246723 1 28 1.000000
 29 -68.189484 -2.751213 103.743156 -0.021362 -0.977180 0.211334 0.144915 0.248829 1 28 1.000000
MarioHand_alb.png
 29 -68.189484 -2.751213 103.743156 -0.021362 -0.977180 0.211334 0.144915 0.248829 1 28 1.000000
 29 -65.701294 -3.075380 101.661255 -0.985741 0.160316 0.051118 0.108888 0.283192 1 28 1.000000
 29 -65.729469 -3.127839 104.961456 -0.213556 -0.261892 0.941173 0.155764 0.284443 1 28 1.000000
MarioHand_alb.png
 29 -74.944389 -0.363611 98.350853 0.047318 0.093987 -0.994448 0.062165 0.125048 1 28 1.000000
 29 -72.593849 -2.684406 99.229469 0.029756 -0.765136 -0.643181 0.088670 0.171633 1 28 1.000000
 29 -74.950752 -2.751698 99.221382 0.086216 -0.738129 -0.669128 0.095506 0.133227 1 28 1.000000
MarioHand_alb.png
 29 -76.999084 -0.485970 98.133339 0.161718 0.074303 -0.984036 0.071824 0.090394 1 28 1.000000
 29 -74.944389 -0.363611 98.350853 0.047318 0.093987 -0.994448 0.062165 0.125048 1 28 1.000000
 29 -74.950752 -2.751698 99.221382 0.086216 -0.738129 -0.669128 0.095506 0.133227 1 28 1.000000
MarioHand_alb.png
 29 -72.593849 -2.684406 99.229469 0.029756 -0.765136 -0.643181 0.088670 0.171633 1 28 1.000000
 29 -70.508987 -3.081775 101.831306 0.087738 -0.993039 -0.078583 0.121355 0.209827 1 28 1.000000
 29 -72.832260 -3.292699 101.837303 0.070190 -0.991550 -0.109099 0.124804 0.175952 1 28 1.000000
MarioHand_alb.png
 29 -74.950752 -2.751698 99.221382 0.086216 -0.738129 -0.669128 0.095506 0.133227 1 28 1.000000
 29 -72.593849 -2.684406 99.229469 0.029756 -0.765136 -0.643181 0.088670 0.171633 1 28 1.000000
 29 -72.832260 -3.292699 101.837303 0.070190 -0.991550 -0.109099 0.124804 0.175952 1 28 1.000000
MarioHand_alb.png
 29 -70.508987 -3.081775 101.831306 0.087738 -0.993039 -0.078583 0.121355 0.209827 1 28 1.000000
 29 -68.189484 -2.751213 103.743156 -0.021362 -0.977180 0.211334 0.144915 0.248829 1 28 1.000000
 29 -70.650497 -3.012718 103.711830 0.082397 -0.956010 0.281524 0.147143 0.212131 1 28 1.000000
MarioHand_alb.png
 29 -72.832260 -3.292699 101.837303 0.070190 -0.991550 -0.109099 0.124804 0.175952 1 28 1.000000
 29 -70.508987 -3.081775 101.831306 0.087738 -0.993039 -0.078583 0.121355 0.209827 1 28 1.000000
 29 -70.650497 -3.012718 103.711830 0.082397 -0.956010 0.281524 0.147143 0.212131 1 28 1.000000
MarioHand_alb.png
 29 -68.189484 -2.751213 103.743156 -0.021362 -0.977180 0.211334 0.144915 0.248829 1 28 1.000000
 29 -65.729469 -3.127839 104.961456 -0.213556 -0.261892 0.941173 0.155764 0.284443 1 28 1.000000
 29 -68.131645 -1.940362 105.301300 -0.009919 -0.501282 0.865227 0.170428 0.249943 1 28 1.000000
MarioHand_alb.png
 29 -68.131645 -1.940362 105.301300 -0.009919 -0.501282 0.865227 0.170428 0.249943 1 28 1.000000
 29 -65.729469 -3.127839 104.961456 -0.213556 -0.261892 0.941173 0.155764 0.284443 1 28 1.000000
 29 -65.638702 0.073377 105.567131 -0.097625 -0.085939 0.991506 0.195315 0.286320 1 28 1.000000
MarioHand_alb.png
 29 -70.650497 -3.012718 103.711830 0.082397 -0.956010 0.281524 0.147143 0.212131 1 28 1.000000
 29 -68.189484 -2.751213 103.743156 -0.021362 -0.977180 0.211334 0.144915 0.248829 1 28 1.000000
 29 -70.825333 -2.095972 105.261337 0.013731 -0.563315 0.826128 0.172030 0.214084 1 28 1.000000
MarioHand_alb.png
 29 -70.825333 -2.095972 105.261337 0.013731 -0.563315 0.826128 0.172030 0.214084 1 28 1.000000
 29 -68.189484 -2.751213 103.743156 -0.021362 -0.977180 0.211334 0.144915 0.248829 1 28 1.000000
 29 -68.131645 -1.940362 105.301300 -0.009919 -0.501282 0.865227 0.170428 0.249943 1 28 1.000000
MarioHand_alb.png
 29 -72.832260 -3.292699 101.837303 0.070190 -0.991550 -0.109099 0.124804 0.175952 1 28 1.000000
 29 -70.650497 -3.012718 103.711830 0.082397 -0.956010 0.281524 0.147143 0.212131 1 28 1.000000
 29 -73.041458 -3.250177 103.611580 0.041199 -0.945073 0.324251 0.149004 0.178759 1 28 1.000000
MarioHand_alb.png
 29 -73.041458 -3.250177 103.611580 0.041199 -0.945073 0.324251 0.149004 0.178759 1 28 1.000000
 29 -70.650497 -3.012718 103.711830 0.082397 -0.956010 0.281524 0.147143 0.212131 1 28 1.000000
 29 -70.825333 -2.095972 105.261337 0.013731 -0.563315 0.826128 0.172030 0.214084 1 28 1.000000
MarioHand_alb.png
 29 -74.950752 -2.751698 99.221382 0.086216 -0.738129 -0.669128 0.095506 0.133227 1 28 1.000000
 29 -72.832260 -3.292699 101.837303 0.070190 -0.991550 -0.109099 0.124804 0.175952 1 28 1.000000
 29 -75.196899 -3.498197 101.633087 0.082397 -0.988124 -0.129699 0.129335 0.138506 1 28 1.000000
MarioHand_alb.png
 29 -75.196899 -3.498197 101.633087 0.082397 -0.988124 -0.129699 0.129335 0.138506 1 28 1.000000
 29 -72.832260 -3.292699 101.837303 0.070190 -0.991550 -0.109099 0.124804 0.175952 1 28 1.000000
 29 -73.041458 -3.250177 103.611580 0.041199 -0.945073 0.324251 0.149004 0.178759 1 28 1.000000
MarioHand_alb.png
 29 -77.043198 -2.832483 98.993431 0.157158 -0.673308 -0.722467 0.103441 0.100328 1 28 1.000000
 29 -74.950752 -2.751698 99.221382 0.086216 -0.738129 -0.669128 0.095506 0.133227 1 28 1.000000
 29 -75.196899 -3.498197 101.633087 0.082397 -0.988124 -0.129699 0.129335 0.138506 1 28 1.000000
MarioHand_alb.png
 29 -76.999084 -0.485970 98.133339 0.161718 0.074303 -0.984036 0.071824 0.090394 1 28 1.000000
 29 -74.950752 -2.751698 99.221382 0.086216 -0.738129 -0.669128 0.095506 0.133227 1 28 1.000000
 29 -77.043198 -2.832483 98.993431 0.157158 -0.673308 -0.722467 0.103441 0.100328 1 28 1.000000
MarioHand_alb.png
 29 -75.196899 -3.498197 101.633087 0.082397 -0.988124 -0.129699 0.129335 0.138506 1 28 1.000000
 29 -73.041458 -3.250177 103.611580 0.041199 -0.945073 0.324251 0.149004 0.178759 1 28 1.000000
 29 -75.658600 -3.403377 103.327126 -0.002289 -0.932022 0.362395 0.151995 0.142123 1 28 1.000000
MarioHand_alb.png
 29 -79.033112 -2.818911 98.531380 0.060283 -0.569846 -0.819537 0.114229 0.069535 1 28 1.000000
 29 -76.999084 -0.485970 98.133339 0.161718 0.074303 -0.984036 0.071824 0.090394 1 28 1.000000
 29 -77.043198 -2.832483 98.993431 0.157158 -0.673308 -0.722467 0.103441 0.100328 1 28 1.000000
MarioHand_alb.png
 29 -79.033112 -2.818911 98.531380 0.060283 -0.569846 -0.819537 0.114229 0.069535 1 28 1.000000
 29 -78.942490 -0.598308 97.707428 0.080855 0.050820 -0.995429 0.085740 0.057664 1 28 1.000000
 29 -76.999084 -0.485970 98.133339 0.161718 0.074303 -0.984036 0.071824 0.090394 1 28 1.000000
MarioHand_alb.png
 29 -79.033112 -2.818911 98.531380 0.060283 -0.569846 -0.819537 0.114229 0.069535 1 28 1.000000
 29 -80.799149 -0.736840 97.910599 -0.356200 0.009785 -0.934358 0.103166 0.034180 1 28 1.000000
 29 -78.942490 -0.598308 97.707428 0.080855 0.050820 -0.995429 0.085740 0.057664 1 28 1.000000
MarioHand_alb.png
 29 -77.043198 -2.832483 98.993431 0.157158 -0.673308 -0.722467 0.103441 0.100328 1 28 1.000000
 29 -75.196899 -3.498197 101.633087 0.082397 -0.988124 -0.129699 0.129335 0.138506 1 28 1.000000
 29 -77.444839 -3.762903 101.206917 0.076293 -0.991430 -0.106048 0.135424 0.106584 1 28 1.000000
MarioHand_alb.png
 29 -77.444839 -3.762903 101.206917 0.076293 -0.991430 -0.106048 0.135424 0.106584 1 28 1.000000
 29 -75.196899 -3.498197 101.633087 0.082397 -0.988124 -0.129699 0.129335 0.138506 1 28 1.000000
 29 -75.658600 -3.403377 103.327126 -0.002289 -0.932022 0.362395 0.151995 0.142123 1 28 1.000000
MarioHand_alb.png
 29 -80.870438 -2.483365 98.558632 -0.420423 -0.483777 -0.767596 0.125582 0.045960 1 28 1.000000
 29 -80.799149 -0.736840 97.910599 -0.356200 0.009785 -0.934358 0.103166 0.034180 1 28 1.000000
 29 -79.033112 -2.818911 98.531380 0.060283 -0.569846 -0.819537 0.114229 0.069535 1 28 1.000000
MarioHand_alb.png
 29 -82.250626 -0.922916 100.126213 -0.963566 -0.058834 -0.260918 0.136248 0.014069 1 28 1.000000
 29 -80.799149 -0.736840 97.910599 -0.356200 0.009785 -0.934358 0.103166 0.034180 1 28 1.000000
 29 -80.870438 -2.483365 98.558632 -0.420423 -0.483777 -0.767596 0.125582 0.045960 1 28 1.000000
MarioHand_alb.png
 29 -81.283112 -3.287688 100.252106 -0.627938 -0.738213 -0.246445 0.153567 0.047578 1 28 1.000000
 29 -82.250626 -0.922916 100.126213 -0.963566 -0.058834 -0.260918 0.136248 0.014069 1 28 1.000000
 29 -80.870438 -2.483365 98.558632 -0.420423 -0.483777 -0.767596 0.125582 0.045960 1 28 1.000000
MarioHand_alb.png
 29 -81.283112 -3.287688 100.252106 -0.627938 -0.738213 -0.246445 0.153567 0.047578 1 28 1.000000
 29 -80.870438 -2.483365 98.558632 -0.420423 -0.483777 -0.767596 0.125582 0.045960 1 28 1.000000
 29 -79.033112 -2.818911 98.531380 0.060283 -0.569846 -0.819537 0.114229 0.069535 1 28 1.000000
MarioHand_alb.png
 29 -79.033112 -2.818911 98.531380 0.060283 -0.569846 -0.819537 0.114229 0.069535 1 28 1.000000
 29 -77.043198 -2.832483 98.993431 0.157158 -0.673308 -0.722467 0.103441 0.100328 1 28 1.000000
 29 -79.557808 -3.841562 100.684547 -0.067901 -0.989815 -0.125122 0.143786 0.075166 1 28 1.000000
MarioHand_alb.png
 29 -81.283112 -3.287688 100.252106 -0.627938 -0.738213 -0.246445 0.153567 0.047578 1 28 1.000000
 29 -79.033112 -2.818911 98.531380 0.060283 -0.569846 -0.819537 0.114229 0.069535 1 28 1.000000
 29 -79.557808 -3.841562 100.684547 -0.067901 -0.989815 -0.125122 0.143786 0.075166 1 28 1.000000
MarioHand_alb.png
 29 -79.557808 -3.841562 100.684547 -0.067901 -0.989815 -0.125122 0.143786 0.075166 1 28 1.000000
 29 -77.043198 -2.832483 98.993431 0.157158 -0.673308 -0.722467 0.103441 0.100328 1 28 1.000000
 29 -77.444839 -3.762903 101.206917 0.076293 -0.991430 -0.106048 0.135424 0.106584 1 28 1.000000
MarioHand_alb.png
 29 -79.557808 -3.841562 100.684547 -0.067901 -0.989815 -0.125122 0.143786 0.075166 1 28 1.000000
 29 -77.444839 -3.762903 101.206917 0.076293 -0.991430 -0.106048 0.135424 0.106584 1 28 1.000000
 29 -77.870789 -3.531992 102.802391 -0.057220 -0.924799 0.376128 0.156237 0.110994 1 28 1.000000
MarioHand_alb.png
 29 -77.444839 -3.762903 101.206917 0.076293 -0.991430 -0.106048 0.135424 0.106584 1 28 1.000000
 29 -75.658600 -3.403377 103.327126 -0.002289 -0.932022 0.362395 0.151995 0.142123 1 28 1.000000
 29 -77.870789 -3.531992 102.802391 -0.057220 -0.924799 0.376128 0.156237 0.110994 1 28 1.000000
MarioHand_alb.png
 29 -81.283112 -3.287688 100.252106 -0.627938 -0.738213 -0.246445 0.153567 0.047578 1 28 1.000000
 29 -79.557808 -3.841562 100.684547 -0.067901 -0.989815 -0.125122 0.143786 0.075166 1 28 1.000000
 29 -80.007072 -3.521451 102.263474 -0.196075 -0.909947 0.365447 0.162249 0.080827 1 28 1.000000
MarioHand_alb.png
 29 -79.557808 -3.841562 100.684547 -0.067901 -0.989815 -0.125122 0.143786 0.075166 1 28 1.000000
 29 -77.870789 -3.531992 102.802391 -0.057220 -0.924799 0.376128 0.156237 0.110994 1 28 1.000000
 29 -80.007072 -3.521451 102.263474 -0.196075 -0.909947 0.365447 0.162249 0.080827 1 28 1.000000
MarioHand_alb.png
 29 -81.283112 -3.287688 100.252106 -0.627938 -0.738213 -0.246445 0.153567 0.047578 1 28 1.000000
 29 -80.007072 -3.521451 102.263474 -0.196075 -0.909947 0.365447 0.162249 0.080827 1 28 1.000000
 29 -81.779762 -2.674636 101.940628 -0.804790 -0.547668 0.228850 0.176287 0.058839 1 28 1.000000
MarioHand_alb.png
 29 -82.250626 -0.922916 100.126213 -0.963566 -0.058834 -0.260918 0.199527 0.031968 1 28 1.000000
 29 -81.283112 -3.287688 100.252106 -0.627938 -0.738213 -0.246445 0.153567 0.047578 1 28 1.000000
 29 -81.779762 -2.674636 101.940628 -0.804790 -0.547668 0.228850 0.176287 0.058839 1 28 1.000000
MarioHand_alb.png
 29 -80.007072 -3.521451 102.263474 -0.196075 -0.909947 0.365447 0.162249 0.080827 1 28 1.000000
 29 -77.870789 -3.531992 102.802391 -0.057220 -0.924799 0.376128 0.156237 0.110994 1 28 1.000000
 29 -78.270622 -2.528710 104.050232 -0.199921 -0.561825 0.802736 0.176440 0.114183 1 28 1.000000
MarioHand_alb.png
 29 -77.870789 -3.531992 102.802391 -0.057220 -0.924799 0.376128 0.156237 0.110994 1 28 1.000000
 29 -75.658600 -3.403377 103.327126 -0.002289 -0.932022 0.362395 0.151995 0.142123 1 28 1.000000
 29 -78.270622 -2.528710 104.050232 -0.199921 -0.561825 0.802736 0.176440 0.114183 1 28 1.000000
MarioHand_alb.png
 29 -81.779762 -2.674636 101.940628 -0.804790 -0.547668 0.228850 0.176287 0.058839 1 28 1.000000
 29 -80.007072 -3.521451 102.263474 -0.196075 -0.909947 0.365447 0.162249 0.080827 1 28 1.000000
 29 -80.364761 -2.536626 103.416710 -0.328074 -0.555961 0.763725 0.179797 0.085298 1 28 1.000000
MarioHand_alb.png
 29 -80.007072 -3.521451 102.263474 -0.196075 -0.909947 0.365447 0.162249 0.080827 1 28 1.000000
 29 -78.270622 -2.528710 104.050232 -0.199921 -0.561825 0.802736 0.176440 0.114183 1 28 1.000000
 29 -80.364761 -2.536626 103.416710 -0.328074 -0.555961 0.763725 0.179797 0.085298 1 28 1.000000
MarioHand_alb.png
 29 -82.250626 -0.922916 100.126213 -0.963566 -0.058834 -0.260918 0.199527 0.031968 1 28 1.000000
 29 -81.779762 -2.674636 101.940628 -0.804790 -0.547668 0.228850 0.176287 0.058839 1 28 1.000000
 29 -82.107292 -1.013016 102.776070 -0.892430 -0.076288 0.444689 0.199374 0.063401 1 28 1.000000
MarioHand_alb.png
 29 -81.779762 -2.674636 101.940628 -0.804790 -0.547668 0.228850 0.176287 0.058839 1 28 1.000000
 29 -80.364761 -2.536626 103.416710 -0.328074 -0.555961 0.763725 0.179797 0.085298 1 28 1.000000
 29 -82.107292 -1.013016 102.776070 -0.892430 -0.076288 0.444689 0.199374 0.063401 1 28 1.000000
MarioHand_alb.png
 29 -82.250626 -0.922916 100.126213 -0.963566 -0.058834 -0.260918 0.199527 0.031968 1 28 1.000000
 29 -82.107292 -1.013016 102.776070 -0.892430 -0.076288 0.444689 0.199374 0.063401 1 28 1.000000
 29 -82.007782 0.728399 102.025452 -0.870602 0.414670 0.264767 0.222538 0.058854 1 28 1.000000
MarioHand_alb.png
 29 -82.250626 -0.922916 100.126213 -0.963566 -0.058834 -0.260918 0.199527 0.031968 1 28 1.000000
 29 -82.007782 0.728399 102.025452 -0.870602 0.414670 0.264767 0.222538 0.058854 1 28 1.000000
 29 -81.623352 1.537830 100.434547 -0.727814 0.657149 -0.196067 0.245212 0.048173 1 28 1.000000
MarioHand_alb.png
 29 -82.107292 -1.013016 102.776070 -0.892430 -0.076288 0.444689 0.199374 0.063401 1 28 1.000000
 29 -80.364761 -2.536626 103.416710 -0.328074 -0.555961 0.763725 0.179797 0.085298 1 28 1.000000
 29 -80.605713 -0.949449 103.893600 -0.387483 -0.080394 0.918365 0.199115 0.086870 1 28 1.000000
MarioHand_alb.png
 29 -82.107292 -1.013016 102.776070 -0.892430 -0.076288 0.444689 0.199374 0.063401 1 28 1.000000
 29 -80.612488 0.652203 103.564316 -0.416571 0.459696 0.784314 0.218097 0.085801 1 28 1.000000
 29 -82.007782 0.728399 102.025452 -0.870602 0.414670 0.264767 0.222538 0.058854 1 28 1.000000
MarioHand_alb.png
 29 -82.107292 -1.013016 102.776070 -0.892430 -0.076288 0.444689 0.199374 0.063401 1 28 1.000000
 29 -80.605713 -0.949449 103.893600 -0.387483 -0.080394 0.918365 0.199115 0.086870 1 28 1.000000
 29 -80.612488 0.652203 103.564316 -0.416571 0.459696 0.784314 0.218097 0.085801 1 28 1.000000
MarioHand_alb.png
 29 -80.364761 -2.536626 103.416710 -0.328074 -0.555961 0.763725 0.179797 0.085298 1 28 1.000000
 29 -78.509575 -0.826793 104.543663 -0.274000 -0.086221 0.957857 0.198535 0.115465 1 28 1.000000
 29 -80.605713 -0.949449 103.893600 -0.387483 -0.080394 0.918365 0.199115 0.086870 1 28 1.000000
MarioHand_alb.png
 29 -80.605713 -0.949449 103.893600 -0.387483 -0.080394 0.918365 0.199115 0.086870 1 28 1.000000
 29 -78.509575 -0.826793 104.543663 -0.274000 -0.086221 0.957857 0.198535 0.115465 1 28 1.000000
 29 -80.612488 0.652203 103.564316 -0.416571 0.459696 0.784314 0.218097 0.085801 1 28 1.000000
MarioHand_alb.png
 29 -80.364761 -2.536626 103.416710 -0.328074 -0.555961 0.763725 0.179797 0.085298 1 28 1.000000
 29 -78.270622 -2.528710 104.050232 -0.199921 -0.561825 0.802736 0.176440 0.114183 1 28 1.000000
 29 -78.509575 -0.826793 104.543663 -0.274000 -0.086221 0.957857 0.198535 0.115465 1 28 1.000000
MarioHand_alb.png
 29 -82.007782 0.728399 102.025452 -0.870602 0.414670 0.264767 0.222538 0.058854 1 28 1.000000
 29 -80.612488 0.652203 103.564316 -0.416571 0.459696 0.784314 0.218097 0.085801 1 28 1.000000
 29 -80.345871 1.877115 102.314171 -0.334175 0.839718 0.428019 0.237812 0.080934 1 28 1.000000
MarioHand_alb.png
 29 -82.007782 0.728399 102.025452 -0.870602 0.414670 0.264767 0.222538 0.058854 1 28 1.000000
 29 -80.345871 1.877115 102.314171 -0.334175 0.839718 0.428019 0.237812 0.080934 1 28 1.000000
 29 -81.623352 1.537830 100.434547 -0.727814 0.657149 -0.196067 0.245212 0.048173 1 28 1.000000
MarioHand_alb.png
 29 -80.612488 0.652203 103.564316 -0.416571 0.459696 0.784314 0.218097 0.085801 1 28 1.000000
 29 -78.509575 -0.826793 104.543663 -0.274000 -0.086221 0.957857 0.198535 0.115465 1 28 1.000000
 29 -78.540199 0.890718 104.281181 -0.299127 0.458032 0.837096 0.220188 0.114855 1 28 1.000000
MarioHand_alb.png
 29 -78.270622 -2.528710 104.050232 -0.199921 -0.561825 0.802736 0.176440 0.114183 1 28 1.000000
 29 -76.213081 -0.685203 105.096550 -0.185337 -0.089940 0.978550 0.197986 0.145922 1 28 1.000000
 29 -78.509575 -0.826793 104.543663 -0.274000 -0.086221 0.957857 0.198535 0.115465 1 28 1.000000
MarioHand_alb.png
 29 -78.509575 -0.826793 104.543663 -0.274000 -0.086221 0.957857 0.198535 0.115465 1 28 1.000000
 29 -76.213081 -0.685203 105.096550 -0.185337 -0.089940 0.978550 0.197986 0.145922 1 28 1.000000
 29 -78.540199 0.890718 104.281181 -0.299127 0.458032 0.837096 0.220188 0.114855 1 28 1.000000
MarioHand_alb.png
 29 -78.270622 -2.528710 104.050232 -0.199921 -0.561825 0.802736 0.176440 0.114183 1 28 1.000000
 29 -76.009453 -2.404920 104.651932 -0.125132 -0.553676 0.823277 0.174228 0.144747 1 28 1.000000
 29 -76.213081 -0.685203 105.096550 -0.185337 -0.089940 0.978550 0.197986 0.145922 1 28 1.000000
MarioHand_alb.png
 29 -78.270622 -2.528710 104.050232 -0.199921 -0.561825 0.802736 0.176440 0.114183 1 28 1.000000
 29 -75.658600 -3.403377 103.327126 -0.002289 -0.932022 0.362395 0.151995 0.142123 1 28 1.000000
 29 -76.009453 -2.404920 104.651932 -0.125132 -0.553676 0.823277 0.174228 0.144747 1 28 1.000000
MarioHand_alb.png
 29 -80.612488 0.652203 103.564316 -0.416571 0.459696 0.784314 0.218097 0.085801 1 28 1.000000
 29 -78.540199 0.890718 104.281181 -0.299127 0.458032 0.837096 0.220188 0.114855 1 28 1.000000
 29 -78.263527 2.110784 102.998405 -0.207522 0.871646 0.444036 0.242206 0.111681 1 28 1.000000
MarioHand_alb.png
 29 -80.612488 0.652203 103.564316 -0.416571 0.459696 0.784314 0.218097 0.085801 1 28 1.000000
 29 -78.263527 2.110784 102.998405 -0.207522 0.871646 0.444036 0.242206 0.111681 1 28 1.000000
 29 -80.345871 1.877115 102.314171 -0.334175 0.839718 0.428019 0.237812 0.080934 1 28 1.000000
MarioHand_alb.png
 29 -75.658600 -3.403377 103.327126 -0.002289 -0.932022 0.362395 0.151995 0.142123 1 28 1.000000
 29 -73.291618 -2.254387 105.036430 -0.048821 -0.563569 0.824625 0.172808 0.181033 1 28 1.000000
 29 -76.009453 -2.404920 104.651932 -0.125132 -0.553676 0.823277 0.174228 0.144747 1 28 1.000000
MarioHand_alb.png
 29 -75.658600 -3.403377 103.327126 -0.002289 -0.932022 0.362395 0.151995 0.142123 1 28 1.000000
 29 -73.041458 -3.250177 103.611580 0.041199 -0.945073 0.324251 0.149004 0.178759 1 28 1.000000
 29 -73.291618 -2.254387 105.036430 -0.048821 -0.563569 0.824625 0.172808 0.181033 1 28 1.000000
MarioHand_alb.png
 29 -73.041458 -3.250177 103.611580 0.041199 -0.945073 0.324251 0.149004 0.178759 1 28 1.000000
 29 -70.825333 -2.095972 105.261337 0.013731 -0.563315 0.826128 0.172030 0.214084 1 28 1.000000
 29 -73.291618 -2.254387 105.036430 -0.048821 -0.563569 0.824625 0.172808 0.181033 1 28 1.000000
MarioHand_alb.png
 29 -76.009453 -2.404920 104.651932 -0.125132 -0.553676 0.823277 0.174228 0.144747 1 28 1.000000
 29 -73.291618 -2.254387 105.036430 -0.048821 -0.563569 0.824625 0.172808 0.181033 1 28 1.000000
 29 -73.469208 -0.504125 105.498314 -0.103740 -0.086160 0.990866 0.197894 0.181872 1 28 1.000000
MarioHand_alb.png
 29 -76.009453 -2.404920 104.651932 -0.125132 -0.553676 0.823277 0.174228 0.144747 1 28 1.000000
 29 -73.469208 -0.504125 105.498314 -0.103740 -0.086160 0.990866 0.197894 0.181872 1 28 1.000000
 29 -76.213081 -0.685203 105.096550 -0.185337 -0.089940 0.978550 0.197986 0.145922 1 28 1.000000
MarioHand_alb.png
 29 -73.291618 -2.254387 105.036430 -0.048821 -0.563569 0.824625 0.172808 0.181033 1 28 1.000000
 29 -70.825333 -2.095972 105.261337 0.013731 -0.563315 0.826128 0.172030 0.214084 1 28 1.000000
 29 -70.972214 -0.316161 105.636887 -0.032815 -0.084339 0.995897 0.197452 0.214984 1 28 1.000000
MarioHand_alb.png
 29 -73.291618 -2.254387 105.036430 -0.048821 -0.563569 0.824625 0.172808 0.181033 1 28 1.000000
 29 -70.972214 -0.316161 105.636887 -0.032815 -0.084339 0.995897 0.197452 0.214984 1 28 1.000000
 29 -73.469208 -0.504125 105.498314 -0.103740 -0.086160 0.990866 0.197894 0.181872 1 28 1.000000
MarioHand_alb.png
 29 -76.213081 -0.685203 105.096550 -0.185337 -0.089940 0.978550 0.197986 0.145922 1 28 1.000000
 29 -73.469208 -0.504125 105.498314 -0.103740 -0.086160 0.990866 0.197894 0.181872 1 28 1.000000
 29 -76.292824 1.103622 104.951111 -0.206745 0.434612 0.876567 0.221851 0.145327 1 28 1.000000
MarioHand_alb.png
 29 -78.540199 0.890718 104.281181 -0.299127 0.458032 0.837096 0.220188 0.114855 1 28 1.000000
 29 -76.213081 -0.685203 105.096550 -0.185337 -0.089940 0.978550 0.197986 0.145922 1 28 1.000000
 29 -76.292824 1.103622 104.951111 -0.206745 0.434612 0.876567 0.221851 0.145327 1 28 1.000000
MarioHand_alb.png
 29 -76.292824 1.103622 104.951111 -0.206745 0.434612 0.876567 0.221851 0.145327 1 28 1.000000
 29 -73.469208 -0.504125 105.498314 -0.103740 -0.086160 0.990866 0.197894 0.181872 1 28 1.000000
 29 -73.569283 1.312009 105.300217 -0.132755 0.430727 0.892665 0.223148 0.181552 1 28 1.000000
MarioHand_alb.png
 29 -73.469208 -0.504125 105.498314 -0.103740 -0.086160 0.990866 0.197894 0.181872 1 28 1.000000
 29 -70.972214 -0.316161 105.636887 -0.032815 -0.084339 0.995897 0.197452 0.214984 1 28 1.000000
 29 -73.569283 1.312009 105.300217 -0.132755 0.430727 0.892665 0.223148 0.181552 1 28 1.000000
MarioHand_alb.png
 29 -78.540199 0.890718 104.281181 -0.299127 0.458032 0.837096 0.220188 0.114855 1 28 1.000000
 29 -76.292824 1.103622 104.951111 -0.206745 0.434612 0.876567 0.221851 0.145327 1 28 1.000000
 29 -76.087219 2.235102 103.682961 -0.138854 0.891944 0.430296 0.244282 0.143114 1 28 1.000000
MarioHand_alb.png
 29 -76.292824 1.103622 104.951111 -0.206745 0.434612 0.876567 0.221851 0.145327 1 28 1.000000
 29 -73.569283 1.312009 105.300217 -0.132755 0.430727 0.892665 0.223148 0.181552 1 28 1.000000
 29 -76.087219 2.235102 103.682961 -0.138854 0.891944 0.430296 0.244282 0.143114 1 28 1.000000
MarioHand_alb.png
 29 -78.540199 0.890718 104.281181 -0.299127 0.458032 0.837096 0.220188 0.114855 1 28 1.000000
 29 -76.087219 2.235102 103.682961 -0.138854 0.891944 0.430296 0.244282 0.143114 1 28 1.000000
 29 -78.263527 2.110784 102.998405 -0.207522 0.871646 0.444036 0.242206 0.111681 1 28 1.000000
MarioHand_alb.png
 29 -70.825333 -2.095972 105.261337 0.013731 -0.563315 0.826128 0.172030 0.214084 1 28 1.000000
 29 -68.271278 -0.110381 105.589775 0.003815 -0.091967 0.995755 0.196521 0.250904 1 28 1.000000
 29 -70.972214 -0.316161 105.636887 -0.032815 -0.084339 0.995897 0.197452 0.214984 1 28 1.000000
MarioHand_alb.png
 29 -70.825333 -2.095972 105.261337 0.013731 -0.563315 0.826128 0.172030 0.214084 1 28 1.000000
 29 -68.131645 -1.940362 105.301300 -0.009919 -0.501282 0.865227 0.170428 0.249943 1 28 1.000000
 29 -68.271278 -0.110381 105.589775 0.003815 -0.091967 0.995755 0.196521 0.250904 1 28 1.000000
MarioHand_alb.png
 29 -68.271278 -0.110381 105.589775 0.003815 -0.091967 0.995755 0.196521 0.250904 1 28 1.000000
 29 -68.131645 -1.940362 105.301300 -0.009919 -0.501282 0.865227 0.170428 0.249943 1 28 1.000000
 29 -65.638702 0.073377 105.567131 -0.097625 -0.085939 0.991506 0.195315 0.286320 1 28 1.000000
MarioHand_alb.png
 29 -70.972214 -0.316161 105.636887 -0.032815 -0.084339 0.995897 0.197452 0.214984 1 28 1.000000
 29 -68.271278 -0.110381 105.589775 0.003815 -0.091967 0.995755 0.196521 0.250904 1 28 1.000000
 29 -71.090988 1.538289 105.548378 -0.082408 0.417430 0.904965 0.223377 0.215000 1 28 1.000000
MarioHand_alb.png
 29 -73.569283 1.312009 105.300217 -0.132755 0.430727 0.892665 0.223148 0.181552 1 28 1.000000
 29 -70.972214 -0.316161 105.636887 -0.032815 -0.084339 0.995897 0.197452 0.214984 1 28 1.000000
 29 -71.090988 1.538289 105.548378 -0.082408 0.417430 0.904965 0.223377 0.215000 1 28 1.000000
MarioHand_alb.png
 29 -68.271278 -0.110381 105.589775 0.003815 -0.091967 0.995755 0.196521 0.250904 1 28 1.000000
 29 -65.638702 0.073377 105.567131 -0.097625 -0.085939 0.991506 0.195315 0.286320 1 28 1.000000
 29 -68.388916 1.768349 105.672218 -0.064849 0.330827 0.941461 0.223255 0.251057 1 28 1.000000
MarioHand_alb.png
 29 -71.090988 1.538289 105.548378 -0.082408 0.417430 0.904965 0.223377 0.215000 1 28 1.000000
 29 -68.271278 -0.110381 105.589775 0.003815 -0.091967 0.995755 0.196521 0.250904 1 28 1.000000
 29 -68.388916 1.768349 105.672218 -0.064849 0.330827 0.941461 0.223255 0.251057 1 28 1.000000
MarioHand_alb.png
 29 -68.388916 1.768349 105.672218 -0.064849 0.330827 0.941461 0.223255 0.251057 1 28 1.000000
 29 -65.638702 0.073377 105.567131 -0.097625 -0.085939 0.991506 0.195315 0.286320 1 28 1.000000
 29 -66.265625 3.571248 105.367424 -0.340238 0.117386 0.932984 0.234424 0.288930 1 28 1.000000
MarioHand_alb.png
 29 -73.569283 1.312009 105.300217 -0.132755 0.430727 0.892665 0.223148 0.181552 1 28 1.000000
 29 -71.090988 1.538289 105.548378 -0.082408 0.417430 0.904965 0.223377 0.215000 1 28 1.000000
 29 -73.464340 2.360032 104.049049 -0.108338 0.912841 0.393680 0.245426 0.179919 1 28 1.000000
MarioHand_alb.png
 29 -76.087219 2.235102 103.682961 -0.138854 0.891944 0.430296 0.244282 0.143114 1 28 1.000000
 29 -73.569283 1.312009 105.300217 -0.132755 0.430727 0.892665 0.223148 0.181552 1 28 1.000000
 29 -73.464340 2.360032 104.049049 -0.108338 0.912841 0.393680 0.245426 0.179919 1 28 1.000000
MarioHand_alb.png
 29 -71.090988 1.538289 105.548378 -0.082408 0.417430 0.904965 0.223377 0.215000 1 28 1.000000
 29 -68.388916 1.768349 105.672218 -0.064849 0.330827 0.941461 0.223255 0.251057 1 28 1.000000
 29 -71.069687 2.585317 104.278595 -0.103761 0.924121 0.367741 0.245777 0.213520 1 28 1.000000
MarioHand_alb.png
 29 -73.464340 2.360032 104.049049 -0.108338 0.912841 0.393680 0.245426 0.179919 1 28 1.000000
 29 -71.090988 1.538289 105.548378 -0.082408 0.417430 0.904965 0.223377 0.215000 1 28 1.000000
 29 -71.069687 2.585317 104.278595 -0.103761 0.924121 0.367741 0.245777 0.213520 1 28 1.000000
MarioHand_alb.png
 29 -68.388916 1.768349 105.672218 -0.064849 0.330827 0.941461 0.223255 0.251057 1 28 1.000000
 29 -66.265625 3.571248 105.367424 -0.340238 0.117386 0.932984 0.234424 0.288930 1 28 1.000000
 29 -68.435516 2.860134 104.266273 -0.187683 0.945451 0.266266 0.247395 0.250568 1 28 1.000000
MarioHand_alb.png
 29 -71.069687 2.585317 104.278595 -0.103761 0.924121 0.367741 0.245777 0.213520 1 28 1.000000
 29 -68.388916 1.768349 105.672218 -0.064849 0.330827 0.941461 0.223255 0.251057 1 28 1.000000
 29 -68.435516 2.860134 104.266273 -0.187683 0.945451 0.266266 0.247395 0.250568 1 28 1.000000
MarioHand_alb.png
 29 -68.435516 2.860134 104.266273 -0.187683 0.945451 0.266266 0.247395 0.250568 1 28 1.000000
 29 -66.265625 3.571248 105.367424 -0.340238 0.117386 0.932984 0.234424 0.288930 1 28 1.000000
 29 -66.004433 3.206442 102.335678 -0.598913 0.800569 -0.019837 0.274846 0.283162 1 28 1.000000
MarioHand_alb.png
 29 -76.087219 2.235102 103.682961 -0.138854 0.891944 0.430296 0.244282 0.143114 1 28 1.000000
 29 -73.464340 2.360032 104.049049 -0.108338 0.912841 0.393680 0.245426 0.179919 1 28 1.000000
 29 -75.678619 2.457852 102.085075 -0.042725 0.997029 -0.064088 0.265705 0.140002 1 28 1.000000
MarioHand_alb.png
 29 -78.263527 2.110784 102.998405 -0.207522 0.871646 0.444036 0.242206 0.111681 1 28 1.000000
 29 -76.087219 2.235102 103.682961 -0.138854 0.891944 0.430296 0.244282 0.143114 1 28 1.000000
 29 -75.678619 2.457852 102.085075 -0.042725 0.997029 -0.064088 0.265705 0.140002 1 28 1.000000
MarioHand_alb.png
 29 -73.464340 2.360032 104.049049 -0.108338 0.912841 0.393680 0.245426 0.179919 1 28 1.000000
 29 -71.069687 2.585317 104.278595 -0.103761 0.924121 0.367741 0.245777 0.213520 1 28 1.000000
 29 -73.283051 2.554428 102.436256 -0.073242 0.996463 -0.041198 0.267750 0.177462 1 28 1.000000
MarioHand_alb.png
 29 -73.464340 2.360032 104.049049 -0.108338 0.912841 0.393680 0.245426 0.179919 1 28 1.000000
 29 -73.283051 2.554428 102.436256 -0.073242 0.996463 -0.041198 0.267750 0.177462 1 28 1.000000
 29 -75.678619 2.457852 102.085075 -0.042725 0.997029 -0.064088 0.265705 0.140002 1 28 1.000000
MarioHand_alb.png
 29 -71.069687 2.585317 104.278595 -0.103761 0.924121 0.367741 0.245777 0.213520 1 28 1.000000
 29 -68.435516 2.860134 104.266273 -0.187683 0.945451 0.266266 0.247395 0.250568 1 28 1.000000
 29 -70.943115 2.673056 102.549011 -0.096131 0.995139 -0.021362 0.269459 0.211353 1 28 1.000000
MarioHand_alb.png
 29 -71.069687 2.585317 104.278595 -0.103761 0.924121 0.367741 0.245777 0.213520 1 28 1.000000
 29 -70.943115 2.673056 102.549011 -0.096131 0.995139 -0.021362 0.269459 0.211353 1 28 1.000000
 29 -73.283051 2.554428 102.436256 -0.073242 0.996463 -0.041198 0.267750 0.177462 1 28 1.000000
MarioHand_alb.png
 29 -68.435516 2.860134 104.266273 -0.187683 0.945451 0.266266 0.247395 0.250568 1 28 1.000000
 29 -66.004433 3.206442 102.335678 -0.598913 0.800569 -0.019837 0.274846 0.283162 1 28 1.000000
 29 -68.315002 2.915410 102.567657 -0.106048 0.994080 -0.023651 0.271336 0.249348 1 28 1.000000
MarioHand_alb.png
 29 -68.435516 2.860134 104.266273 -0.187683 0.945451 0.266266 0.247395 0.250568 1 28 1.000000
 29 -68.315002 2.915410 102.567657 -0.106048 0.994080 -0.023651 0.271336 0.249348 1 28 1.000000
 29 -70.943115 2.673056 102.549011 -0.096131 0.995139 -0.021362 0.269459 0.211353 1 28 1.000000
MarioHand_alb.png
 29 -68.315002 2.915410 102.567657 -0.106048 0.994080 -0.023651 0.271336 0.249348 1 28 1.000000
 29 -66.004433 3.206442 102.335678 -0.598913 0.800569 -0.019837 0.274846 0.283162 1 28 1.000000
 29 -68.102173 2.820672 99.765579 -0.129698 0.856867 -0.498957 0.309957 0.248524 1 28 1.000000
MarioHand_alb.png
 29 -66.004433 3.206442 102.335678 -0.598913 0.800569 -0.019837 0.274846 0.283162 1 28 1.000000
 29 -65.467339 3.087295 99.427704 -0.653765 0.215125 -0.725474 0.314824 0.284916 1 28 1.000000
 29 -68.102173 2.820672 99.765579 -0.129698 0.856867 -0.498957 0.309957 0.248524 1 28 1.000000
MarioHand_alb.png
 29 -68.102173 2.820672 99.765579 -0.129698 0.856867 -0.498957 0.309957 0.248524 1 28 1.000000
 29 -65.467339 3.087295 99.427704 -0.653765 0.215125 -0.725474 0.314824 0.284916 1 28 1.000000
 29 -66.209564 0.429522 97.788795 -0.655195 0.109465 -0.747487 0.356176 0.271916 1 28 1.000000
MarioHand_alb.png
 29 -68.102173 2.820672 99.765579 -0.129698 0.856867 -0.498957 0.309957 0.248524 1 28 1.000000
 29 -66.209564 0.429522 97.788795 -0.655195 0.109465 -0.747487 0.356176 0.271916 1 28 1.000000
 29 -68.177460 0.252348 98.286201 -0.096120 0.154395 -0.983323 0.349599 0.240528 1 28 1.000000
MarioHand_alb.png
 29 -68.315002 2.915410 102.567657 -0.106048 0.994080 -0.023651 0.271336 0.249348 1 28 1.000000
 29 -68.102173 2.820672 99.765579 -0.129698 0.856867 -0.498957 0.309957 0.248524 1 28 1.000000
 29 -70.869781 2.532410 99.797516 -0.091554 0.849043 -0.520331 0.306676 0.207782 1 28 1.000000
MarioHand_alb.png
 29 -68.102173 2.820672 99.765579 -0.129698 0.856867 -0.498957 0.309957 0.248524 1 28 1.000000
 29 -68.177460 0.252348 98.286201 -0.096120 0.154395 -0.983323 0.349599 0.240528 1 28 1.000000
 29 -70.869781 2.532410 99.797516 -0.091554 0.849043 -0.520331 0.306676 0.207782 1 28 1.000000
MarioHand_alb.png
 29 -68.315002 2.915410 102.567657 -0.106048 0.994080 -0.023651 0.271336 0.249348 1 28 1.000000
 29 -70.869781 2.532410 99.797516 -0.091554 0.849043 -0.520331 0.306676 0.207782 1 28 1.000000
 29 -70.943115 2.673056 102.549011 -0.096131 0.995139 -0.021362 0.269459 0.211353 1 28 1.000000
MarioHand_alb.png
 29 -68.177460 0.252348 98.286201 -0.096120 0.154395 -0.983323 0.349599 0.240528 1 28 1.000000
 29 -70.663696 -0.037299 98.172829 -0.036617 0.129201 -0.990942 0.347814 0.202472 1 28 1.000000
 29 -70.869781 2.532410 99.797516 -0.091554 0.849043 -0.520331 0.306676 0.207782 1 28 1.000000
MarioHand_alb.png
 29 -70.943115 2.673056 102.549011 -0.096131 0.995139 -0.021362 0.269459 0.211353 1 28 1.000000
 29 -70.869781 2.532410 99.797516 -0.091554 0.849043 -0.520331 0.306676 0.207782 1 28 1.000000
 29 -72.972664 2.190182 99.781219 -0.072478 0.830448 -0.552361 0.304097 0.173358 1 28 1.000000
MarioHand_alb.png
 29 -72.972664 2.190182 99.781219 -0.072478 0.830448 -0.552361 0.304097 0.173358 1 28 1.000000
 29 -70.869781 2.532410 99.797516 -0.091554 0.849043 -0.520331 0.306676 0.207782 1 28 1.000000
 29 -70.663696 -0.037299 98.172829 -0.036617 0.129201 -0.990942 0.347814 0.202472 1 28 1.000000
MarioHand_alb.png
 29 -70.943115 2.673056 102.549011 -0.096131 0.995139 -0.021362 0.269459 0.211353 1 28 1.000000
 29 -72.972664 2.190182 99.781219 -0.072478 0.830448 -0.552361 0.304097 0.173358 1 28 1.000000
 29 -73.283051 2.554428 102.436256 -0.073242 0.996463 -0.041198 0.267750 0.177462 1 28 1.000000
MarioHand_alb.png
 29 -72.972664 2.190182 99.781219 -0.072478 0.830448 -0.552361 0.304097 0.173358 1 28 1.000000
 29 -70.663696 -0.037299 98.172829 -0.036617 0.129201 -0.990942 0.347814 0.202472 1 28 1.000000
 29 -72.684753 -0.221806 98.306465 -0.038913 0.107590 -0.993433 0.342641 0.167529 1 28 1.000000
MarioHand_alb.png
 29 -74.944389 -0.363611 98.350853 0.047318 0.093987 -0.994448 0.334783 0.127611 1 28 1.000000
 29 -72.972664 2.190182 99.781219 -0.072478 0.830448 -0.552361 0.304097 0.173358 1 28 1.000000
 29 -72.684753 -0.221806 98.306465 -0.038913 0.107590 -0.993433 0.342641 0.167529 1 28 1.000000
MarioHand_alb.png
 29 -75.325195 1.955506 99.633324 0.001526 0.814177 -0.580615 0.299168 0.134844 1 28 1.000000
 29 -73.283051 2.554428 102.436256 -0.073242 0.996463 -0.041198 0.267750 0.177462 1 28 1.000000
 29 -72.972664 2.190182 99.781219 -0.072478 0.830448 -0.552361 0.304097 0.173358 1 28 1.000000
MarioHand_alb.png
 29 -75.325195 1.955506 99.633324 0.001526 0.814177 -0.580615 0.299168 0.134844 1 28 1.000000
 29 -72.972664 2.190182 99.781219 -0.072478 0.830448 -0.552361 0.304097 0.173358 1 28 1.000000
 29 -74.944389 -0.363611 98.350853 0.047318 0.093987 -0.994448 0.334783 0.127611 1 28 1.000000
MarioHand_alb.png
 29 -75.678619 2.457852 102.085075 -0.042725 0.997029 -0.064088 0.265705 0.140002 1 28 1.000000
 29 -73.283051 2.554428 102.436256 -0.073242 0.996463 -0.041198 0.267750 0.177462 1 28 1.000000
 29 -75.325195 1.955506 99.633324 0.001526 0.814177 -0.580615 0.299168 0.134844 1 28 1.000000
MarioHand_alb.png
 29 -76.999084 -0.485970 98.133339 0.161718 0.074303 -0.984036 0.326070 0.092760 1 28 1.000000
 29 -75.325195 1.955506 99.633324 0.001526 0.814177 -0.580615 0.299168 0.134844 1 28 1.000000
 29 -74.944389 -0.363611 98.350853 0.047318 0.093987 -0.994448 0.334783 0.127611 1 28 1.000000
MarioHand_alb.png
 29 -75.678619 2.457852 102.085075 -0.042725 0.997029 -0.064088 0.265705 0.140002 1 28 1.000000
 29 -75.325195 1.955506 99.633324 0.001526 0.814177 -0.580615 0.299168 0.134844 1 28 1.000000
 29 -77.955811 2.450339 101.629669 -0.048828 0.995403 -0.082398 0.261616 0.107607 1 28 1.000000
MarioHand_alb.png
 29 -78.263527 2.110784 102.998405 -0.207522 0.871646 0.444036 0.242206 0.111681 1 28 1.000000
 29 -75.678619 2.457852 102.085075 -0.042725 0.997029 -0.064088 0.265705 0.140002 1 28 1.000000
 29 -77.955811 2.450339 101.629669 -0.048828 0.995403 -0.082398 0.261616 0.107607 1 28 1.000000
MarioHand_alb.png
 29 -78.263527 2.110784 102.998405 -0.207522 0.871646 0.444036 0.242206 0.111681 1 28 1.000000
 29 -77.955811 2.450339 101.629669 -0.048828 0.995403 -0.082398 0.261616 0.107607 1 28 1.000000
 29 -80.345871 1.877115 102.314171 -0.334175 0.839718 0.428019 0.237812 0.080934 1 28 1.000000
MarioHand_alb.png
 29 -77.390381 1.771697 99.261963 0.068664 0.791501 -0.607299 0.293416 0.101747 1 28 1.000000
 29 -75.325195 1.955506 99.633324 0.001526 0.814177 -0.580615 0.299168 0.134844 1 28 1.000000
 29 -76.999084 -0.485970 98.133339 0.161718 0.074303 -0.984036 0.326070 0.092760 1 28 1.000000
MarioHand_alb.png
 29 -77.955811 2.450339 101.629669 -0.048828 0.995403 -0.082398 0.261616 0.107607 1 28 1.000000
 29 -75.325195 1.955506 99.633324 0.001526 0.814177 -0.580615 0.299168 0.134844 1 28 1.000000
 29 -77.390381 1.771697 99.261963 0.068664 0.791501 -0.607299 0.293416 0.101747 1 28 1.000000
MarioHand_alb.png
 29 -80.345871 1.877115 102.314171 -0.334175 0.839718 0.428019 0.237812 0.080934 1 28 1.000000
 29 -77.955811 2.450339 101.629669 -0.048828 0.995403 -0.082398 0.261616 0.107607 1 28 1.000000
 29 -79.990395 2.293801 100.916496 -0.150299 0.978732 -0.139618 0.254444 0.075853 1 28 1.000000
MarioHand_alb.png
 29 -77.955811 2.450339 101.629669 -0.048828 0.995403 -0.082398 0.261616 0.107607 1 28 1.000000
 29 -77.390381 1.771697 99.261963 0.068664 0.791501 -0.607299 0.293416 0.101747 1 28 1.000000
 29 -79.990395 2.293801 100.916496 -0.150299 0.978732 -0.139618 0.254444 0.075853 1 28 1.000000
MarioHand_alb.png
 29 -80.345871 1.877115 102.314171 -0.334175 0.839718 0.428019 0.237812 0.080934 1 28 1.000000
 29 -79.990395 2.293801 100.916496 -0.150299 0.978732 -0.139618 0.254444 0.075853 1 28 1.000000
 29 -81.623352 1.537830 100.434547 -0.727814 0.657149 -0.196067 0.245212 0.048173 1 28 1.000000
MarioHand_alb.png
 29 -77.390381 1.771697 99.261963 0.068664 0.791501 -0.607299 0.293416 0.101747 1 28 1.000000
 29 -76.999084 -0.485970 98.133339 0.161718 0.074303 -0.984036 0.326070 0.092760 1 28 1.000000
 29 -79.338997 1.519446 98.695396 -0.003815 0.713781 -0.700359 0.284077 0.070710 1 28 1.000000
MarioHand_alb.png
 29 -77.390381 1.771697 99.261963 0.068664 0.791501 -0.607299 0.293416 0.101747 1 28 1.000000
 29 -79.338997 1.519446 98.695396 -0.003815 0.713781 -0.700359 0.284077 0.070710 1 28 1.000000
 29 -79.990395 2.293801 100.916496 -0.150299 0.978732 -0.139618 0.254444 0.075853 1 28 1.000000
MarioHand_alb.png
 29 -79.990395 2.293801 100.916496 -0.150299 0.978732 -0.139618 0.254444 0.075853 1 28 1.000000
 29 -79.338997 1.519446 98.695396 -0.003815 0.713781 -0.700359 0.284077 0.070710 1 28 1.000000
 29 -81.623352 1.537830 100.434547 -0.727814 0.657149 -0.196067 0.245212 0.048173 1 28 1.000000
MarioHand_alb.png
 29 -79.338997 1.519446 98.695396 -0.003815 0.713781 -0.700359 0.284077 0.070710 1 28 1.000000
 29 -76.999084 -0.485970 98.133339 0.161718 0.074303 -0.984036 0.326070 0.092760 1 28 1.000000
 29 -78.942490 -0.598308 97.707428 0.080855 0.050820 -0.995429 0.312840 0.059632 1 28 1.000000
MarioHand_alb.png
 29 -79.338997 1.519446 98.695396 -0.003815 0.713781 -0.700359 0.284077 0.070710 1 28 1.000000
 29 -78.942490 -0.598308 97.707428 0.080855 0.050820 -0.995429 0.312840 0.059632 1 28 1.000000
 29 -80.799149 -0.736840 97.910599 -0.356200 0.009785 -0.934358 0.295811 0.035798 1 28 1.000000
MarioHand_alb.png
 29 -79.338997 1.519446 98.695396 -0.003815 0.713781 -0.700359 0.284077 0.070710 1 28 1.000000
 29 -81.111023 0.928792 98.687630 -0.489879 0.476203 -0.730239 0.273259 0.046983 1 28 1.000000
 29 -81.623352 1.537830 100.434547 -0.727814 0.657149 -0.196067 0.245212 0.048173 1 28 1.000000
MarioHand_alb.png
 29 -79.338997 1.519446 98.695396 -0.003815 0.713781 -0.700359 0.284077 0.070710 1 28 1.000000
 29 -80.799149 -0.736840 97.910599 -0.356200 0.009785 -0.934358 0.295811 0.035798 1 28 1.000000
 29 -81.111023 0.928792 98.687630 -0.489879 0.476203 -0.730239 0.273259 0.046983 1 28 1.000000
MarioHand_alb.png
 29 -81.623352 1.537830 100.434547 -0.727814 0.657149 -0.196067 0.245212 0.048173 1 28 1.000000
 29 -81.111023 0.928792 98.687630 -0.489879 0.476203 -0.730239 0.273259 0.046983 1 28 1.000000
 29 -82.250626 -0.922916 100.126213 -0.963566 -0.058834 -0.260918 0.263172 0.015045 1 28 1.000000
MarioHand_alb.png
 29 -80.799149 -0.736840 97.910599 -0.356200 0.009785 -0.934358 0.295811 0.035798 1 28 1.000000
 29 -82.250626 -0.922916 100.126213 -0.963566 -0.058834 -0.260918 0.263172 0.015045 1 28 1.000000
 29 -81.111023 0.928792 98.687630 -0.489879 0.476203 -0.730239 0.273259 0.046983 1 28 1.000000
MarioHand_alb.png
 29 -64.936676 5.842520 97.084724 -0.641680 -0.050835 -0.765286 0.343725 0.044251 1 28 1.000000
 29 -66.929893 6.095716 96.965012 0.111401 -0.216984 -0.969798 0.351675 0.076249 1 28 1.000000
 29 -66.742538 8.984709 97.914101 0.187648 0.590501 -0.784919 0.390997 0.066712 1 28 1.000000
MarioHand_alb.png
 29 -64.148041 9.032112 98.299477 -0.639969 0.262014 -0.722349 0.386694 0.028458 1 28 1.000000
 29 -64.936676 5.842520 97.084724 -0.641680 -0.050835 -0.765286 0.343725 0.044251 1 28 1.000000
 29 -66.742538 8.984709 97.914101 0.187648 0.590501 -0.784919 0.390997 0.066712 1 28 1.000000
MarioHand_alb.png
 29 -68.832550 6.447423 96.538345 0.152578 -0.223146 -0.962770 0.358267 0.107881 1 28 1.000000
 29 -66.742538 8.984709 97.914101 0.187648 0.590501 -0.784919 0.390997 0.066712 1 28 1.000000
 29 -66.929893 6.095716 96.965012 0.111401 -0.216984 -0.969798 0.351675 0.076249 1 28 1.000000
MarioHand_alb.png
 29 -67.052841 10.353889 100.450539 0.191506 0.955336 -0.225077 0.430381 0.060716 1 28 1.000000
 29 -64.148041 9.032112 98.299477 -0.639969 0.262014 -0.722349 0.386694 0.028458 1 28 1.000000
 29 -66.742538 8.984709 97.914101 0.187648 0.590501 -0.784919 0.390997 0.066712 1 28 1.000000
MarioHand_alb.png
 29 -67.052841 10.353889 100.450539 0.191506 0.955336 -0.225077 0.430381 0.060716 1 28 1.000000
 29 -65.199860 9.730674 100.730156 0.727844 -0.559330 0.396728 0.424949 0.025208 1 28 1.000000
 29 -64.148041 9.032112 98.299477 -0.639969 0.262014 -0.722349 0.386694 0.028458 1 28 1.000000
MarioHand_alb.png
 29 -68.710869 9.247719 97.388374 0.243346 0.585193 -0.773519 0.396826 0.100038 1 28 1.000000
 29 -66.742538 8.984709 97.914101 0.187648 0.590501 -0.784919 0.390997 0.066712 1 28 1.000000
 29 -68.832550 6.447423 96.538345 0.152578 -0.223146 -0.962770 0.358267 0.107881 1 28 1.000000
MarioHand_alb.png
 29 -67.052841 10.353889 100.450539 0.191506 0.955336 -0.225077 0.430381 0.060716 1 28 1.000000
 29 -66.742538 8.984709 97.914101 0.187648 0.590501 -0.784919 0.390997 0.066712 1 28 1.000000
 29 -68.710869 9.247719 97.388374 0.243346 0.585193 -0.773519 0.396826 0.100038 1 28 1.000000
MarioHand_alb.png
 29 -68.710869 9.247719 97.388374 0.243346 0.585193 -0.773519 0.396826 0.100038 1 28 1.000000
 29 -68.832550 6.447423 96.538345 0.152578 -0.223146 -0.962770 0.358267 0.107881 1 28 1.000000
 29 -70.828346 6.785795 96.204453 0.174720 -0.209340 -0.962107 0.365957 0.141146 1 28 1.000000
MarioHand_alb.png
 29 -67.471611 10.331393 102.165222 0.038910 0.965800 0.256351 0.455360 0.057572 1 28 1.000000
 29 -65.199860 9.730674 100.730156 0.727844 -0.559330 0.396728 0.424949 0.025208 1 28 1.000000
 29 -67.052841 10.353889 100.450539 0.191506 0.955336 -0.225077 0.430381 0.060716 1 28 1.000000
MarioHand_alb.png
 29 -67.471611 10.331393 102.165222 0.038910 0.965800 0.256351 0.455360 0.057572 1 28 1.000000
 29 -66.136864 10.145159 103.293793 -0.347184 0.294153 0.890470 0.463905 0.019776 1 28 1.000000
 29 -65.199860 9.730674 100.730156 0.727844 -0.559330 0.396728 0.424949 0.025208 1 28 1.000000
MarioHand_alb.png
 29 -70.793030 9.518490 97.040924 0.250221 0.565667 -0.785755 0.402975 0.132525 1 28 1.000000
 29 -68.710869 9.247719 97.388374 0.243346 0.585193 -0.773519 0.396826 0.100038 1 28 1.000000
 29 -70.828346 6.785795 96.204453 0.174720 -0.209340 -0.962107 0.365957 0.141146 1 28 1.000000
MarioHand_alb.png
 29 -70.793030 9.518490 97.040924 0.250221 0.565667 -0.785755 0.402975 0.132525 1 28 1.000000
 29 -70.828346 6.785795 96.204453 0.174720 -0.209340 -0.962107 0.365957 0.141146 1 28 1.000000
 29 -72.665489 7.092483 95.780663 0.283852 -0.203542 -0.937016 0.375494 0.174319 1 28 1.000000
MarioHand_alb.png
 29 -69.349289 10.628155 99.890579 0.171659 0.954231 -0.244900 0.434684 0.093614 1 28 1.000000
 29 -67.052841 10.353889 100.450539 0.191506 0.955336 -0.225077 0.430381 0.060716 1 28 1.000000
 29 -68.710869 9.247719 97.388374 0.243346 0.585193 -0.773519 0.396826 0.100038 1 28 1.000000
MarioHand_alb.png
 29 -69.349289 10.628155 99.890579 0.171659 0.954231 -0.244900 0.434684 0.093614 1 28 1.000000
 29 -68.710869 9.247719 97.388374 0.243346 0.585193 -0.773519 0.396826 0.100038 1 28 1.000000
 29 -70.793030 9.518490 97.040924 0.250221 0.565667 -0.785755 0.402975 0.132525 1 28 1.000000
MarioHand_alb.png
 29 -69.730446 10.530098 101.663872 0.000000 0.928411 0.371555 0.458793 0.089326 1 28 1.000000
 29 -67.471611 10.331393 102.165222 0.038910 0.965800 0.256351 0.455360 0.057572 1 28 1.000000
 29 -67.052841 10.353889 100.450539 0.191506 0.955336 -0.225077 0.430381 0.060716 1 28 1.000000
MarioHand_alb.png
 29 -69.730446 10.530098 101.663872 0.000000 0.928411 0.371555 0.458793 0.089326 1 28 1.000000
 29 -67.052841 10.353889 100.450539 0.191506 0.955336 -0.225077 0.430381 0.060716 1 28 1.000000
 29 -69.349289 10.628155 99.890579 0.171659 0.954231 -0.244900 0.434684 0.093614 1 28 1.000000
MarioHand_alb.png
 29 -67.994255 9.313169 103.646042 -0.131236 0.565670 0.814122 0.481025 0.055833 1 28 1.000000
 29 -66.136864 10.145159 103.293793 -0.347184 0.294153 0.890470 0.463905 0.019776 1 28 1.000000
 29 -67.471611 10.331393 102.165222 0.038910 0.965800 0.256351 0.455360 0.057572 1 28 1.000000
MarioHand_alb.png
 29 -67.994255 9.313169 103.646042 -0.131236 0.565670 0.814122 0.481025 0.055833 1 28 1.000000
 29 -67.471611 10.331393 102.165222 0.038910 0.965800 0.256351 0.455360 0.057572 1 28 1.000000
 29 -69.730446 10.530098 101.663872 0.000000 0.928411 0.371555 0.458793 0.089326 1 28 1.000000
MarioHand_alb.png
 29 -67.994255 9.313169 103.646042 -0.131236 0.565670 0.814122 0.481025 0.055833 1 28 1.000000
 29 -66.032402 7.030745 104.750397 -0.277706 0.252243 0.926959 0.506096 0.022171 1 28 1.000000
 29 -66.136864 10.145159 103.293793 -0.347184 0.294153 0.890470 0.463905 0.019776 1 28 1.000000
MarioHand_alb.png
 29 -71.444038 10.857629 99.198944 0.183862 0.948109 -0.259390 0.438270 0.125307 1 28 1.000000
 29 -69.349289 10.628155 99.890579 0.171659 0.954231 -0.244900 0.434684 0.093614 1 28 1.000000
 29 -70.793030 9.518490 97.040924 0.250221 0.565667 -0.785755 0.402975 0.132525 1 28 1.000000
MarioHand_alb.png
 29 -69.730446 10.530098 101.663872 0.000000 0.928411 0.371555 0.458793 0.089326 1 28 1.000000
 29 -69.349289 10.628155 99.890579 0.171659 0.954231 -0.244900 0.434684 0.093614 1 28 1.000000
 29 -71.444038 10.857629 99.198944 0.183862 0.948109 -0.259390 0.438270 0.125307 1 28 1.000000
MarioHand_alb.png
 29 -70.793030 9.518490 97.040924 0.250221 0.565667 -0.785755 0.402975 0.132525 1 28 1.000000
 29 -72.665489 7.092483 95.780663 0.283852 -0.203542 -0.937016 0.375494 0.174319 1 28 1.000000
 29 -72.705994 9.773545 96.489281 0.321144 0.607867 -0.726198 0.410300 0.164309 1 28 1.000000
MarioHand_alb.png
 29 -71.444038 10.857629 99.198944 0.183862 0.948109 -0.259390 0.438270 0.125307 1 28 1.000000
 29 -70.793030 9.518490 97.040924 0.250221 0.565667 -0.785755 0.402975 0.132525 1 28 1.000000
 29 -72.705994 9.773545 96.489281 0.321144 0.607867 -0.726198 0.410300 0.164309 1 28 1.000000
MarioHand_alb.png
 29 -72.665489 7.092483 95.780663 0.283852 -0.203542 -0.937016 0.375494 0.174319 1 28 1.000000
 29 -74.334717 7.346581 95.139038 0.371580 -0.193706 -0.907968 0.386343 0.204105 1 28 1.000000
 29 -72.705994 9.773545 96.489281 0.321144 0.607867 -0.726198 0.410300 0.164309 1 28 1.000000
MarioHand_alb.png
 29 -71.971458 10.867715 100.938141 -0.013732 0.928927 0.370007 0.462074 0.121004 1 28 1.000000
 29 -69.730446 10.530098 101.663872 0.000000 0.928411 0.371555 0.458793 0.089326 1 28 1.000000
 29 -71.444038 10.857629 99.198944 0.183862 0.948109 -0.259390 0.438270 0.125307 1 28 1.000000
MarioHand_alb.png
 29 -72.705994 9.773545 96.489281 0.321144 0.607867 -0.726198 0.410300 0.164309 1 28 1.000000
 29 -74.334717 7.346581 95.139038 0.371580 -0.193706 -0.907968 0.386343 0.204105 1 28 1.000000
 29 -74.389366 9.938429 95.750832 0.370001 0.592478 -0.715590 0.418448 0.192035 1 28 1.000000
MarioHand_alb.png
 29 -71.971458 10.867715 100.938141 -0.013732 0.928927 0.370007 0.462074 0.121004 1 28 1.000000
 29 -71.444038 10.857629 99.198944 0.183862 0.948109 -0.259390 0.438270 0.125307 1 28 1.000000
 29 -73.447029 11.052851 98.609406 0.185395 0.952630 -0.241090 0.443198 0.156115 1 28 1.000000
MarioHand_alb.png
 29 -73.447029 11.052851 98.609406 0.185395 0.952630 -0.241090 0.443198 0.156115 1 28 1.000000
 29 -71.444038 10.857629 99.198944 0.183862 0.948109 -0.259390 0.438270 0.125307 1 28 1.000000
 29 -72.705994 9.773545 96.489281 0.321144 0.607867 -0.726198 0.410300 0.164309 1 28 1.000000
MarioHand_alb.png
 29 -74.334717 7.346581 95.139038 0.371580 -0.193706 -0.907968 0.386343 0.204105 1 28 1.000000
 29 -76.031555 9.957365 94.949402 0.253287 0.529748 -0.809452 0.429206 0.218128 1 28 1.000000
 29 -74.389366 9.938429 95.750832 0.370001 0.592478 -0.715590 0.418448 0.192035 1 28 1.000000
MarioHand_alb.png
 29 -74.334717 7.346581 95.139038 0.371580 -0.193706 -0.907968 0.386343 0.204105 1 28 1.000000
 29 -75.955658 7.559958 94.425797 0.238878 -0.164371 -0.957037 0.401404 0.231785 1 28 1.000000
 29 -76.031555 9.957365 94.949402 0.253287 0.529748 -0.809452 0.429206 0.218128 1 28 1.000000
MarioHand_alb.png
 29 -76.031555 9.957365 94.949402 0.253287 0.529748 -0.809452 0.429206 0.218128 1 28 1.000000
 29 -75.955658 7.559958 94.425797 0.238878 -0.164371 -0.957037 0.401404 0.231785 1 28 1.000000
 29 -77.861916 7.848365 94.322311 -0.176276 -0.101874 -0.979055 0.421439 0.254170 1 28 1.000000
MarioHand_alb.png
 29 -72.705994 9.773545 96.489281 0.321144 0.607867 -0.726198 0.410300 0.164309 1 28 1.000000
 29 -74.389366 9.938429 95.750832 0.370001 0.592478 -0.715590 0.418448 0.192035 1 28 1.000000
 29 -75.226761 11.245029 97.758575 0.180057 0.951691 -0.248723 0.449439 0.183719 1 28 1.000000
MarioHand_alb.png
 29 -73.447029 11.052851 98.609406 0.185395 0.952630 -0.241090 0.443198 0.156115 1 28 1.000000
 29 -72.705994 9.773545 96.489281 0.321144 0.607867 -0.726198 0.410300 0.164309 1 28 1.000000
 29 -75.226761 11.245029 97.758575 0.180057 0.951691 -0.248723 0.449439 0.183719 1 28 1.000000
MarioHand_alb.png
 29 -76.916809 11.302345 96.802734 0.057981 0.944197 -0.324237 0.457633 0.211017 1 28 1.000000
 29 -74.389366 9.938429 95.750832 0.370001 0.592478 -0.715590 0.418448 0.192035 1 28 1.000000
 29 -76.031555 9.957365 94.949402 0.253287 0.529748 -0.809452 0.429206 0.218128 1 28 1.000000
MarioHand_alb.png
 29 -75.226761 11.245029 97.758575 0.180057 0.951691 -0.248723 0.449439 0.183719 1 28 1.000000
 29 -74.389366 9.938429 95.750832 0.370001 0.592478 -0.715590 0.418448 0.192035 1 28 1.000000
 29 -76.916809 11.302345 96.802734 0.057981 0.944197 -0.324237 0.457633 0.211017 1 28 1.000000
MarioHand_alb.png
 29 -76.031555 9.957365 94.949402 0.253287 0.529748 -0.809452 0.429206 0.218128 1 28 1.000000
 29 -77.861916 7.848365 94.322311 -0.176276 -0.101874 -0.979055 0.421439 0.254170 1 28 1.000000
 29 -77.918182 9.625376 94.710419 -0.227364 0.383867 -0.894959 0.442176 0.241367 1 28 1.000000
MarioHand_alb.png
 29 -77.918182 9.625376 94.710419 -0.227364 0.383867 -0.894959 0.442176 0.241367 1 28 1.000000
 29 -77.861916 7.848365 94.322311 -0.176276 -0.101874 -0.979055 0.421439 0.254170 1 28 1.000000
 29 -79.668587 8.355978 96.000633 -0.876530 0.076286 -0.475264 0.453056 0.271351 1 28 1.000000
MarioHand_alb.png
 29 -78.574341 10.622297 96.084152 -0.518755 0.721584 -0.458487 0.468421 0.238315 1 28 1.000000
 29 -77.918182 9.625376 94.710419 -0.227364 0.383867 -0.894959 0.442176 0.241367 1 28 1.000000
 29 -79.668587 8.355978 96.000633 -0.876530 0.076286 -0.475264 0.453056 0.271351 1 28 1.000000
MarioHand_alb.png
 29 -78.574341 10.622297 96.084152 -0.518755 0.721584 -0.458487 0.468421 0.238315 1 28 1.000000
 29 -76.031555 9.957365 94.949402 0.253287 0.529748 -0.809452 0.429206 0.218128 1 28 1.000000
 29 -77.918182 9.625376 94.710419 -0.227364 0.383867 -0.894959 0.442176 0.241367 1 28 1.000000
MarioHand_alb.png
 29 -76.916809 11.302345 96.802734 0.057981 0.944197 -0.324237 0.457633 0.211017 1 28 1.000000
 29 -76.031555 9.957365 94.949402 0.253287 0.529748 -0.809452 0.429206 0.218128 1 28 1.000000
 29 -78.574341 10.622297 96.084152 -0.518755 0.721584 -0.458487 0.468421 0.238315 1 28 1.000000
MarioHand_alb.png
 29 -77.684448 11.207352 98.207153 -0.269320 0.938710 0.215151 0.474830 0.205295 1 28 1.000000
 29 -75.226761 11.245029 97.758575 0.180057 0.951691 -0.248723 0.449439 0.183719 1 28 1.000000
 29 -76.916809 11.302345 96.802734 0.057981 0.944197 -0.324237 0.457633 0.211017 1 28 1.000000
MarioHand_alb.png
 29 -77.684448 11.207352 98.207153 -0.269320 0.938710 0.215151 0.474830 0.205295 1 28 1.000000
 29 -76.916809 11.302345 96.802734 0.057981 0.944197 -0.324237 0.457633 0.211017 1 28 1.000000
 29 -78.574341 10.622297 96.084152 -0.518755 0.721584 -0.458487 0.468421 0.238315 1 28 1.000000
MarioHand_alb.png
 29 -73.447029 11.052851 98.609406 0.185395 0.952630 -0.241090 0.443198 0.156115 1 28 1.000000
 29 -75.226761 11.245029 97.758575 0.180057 0.951691 -0.248723 0.449439 0.183719 1 28 1.000000
 29 -75.982826 11.213137 99.271965 -0.125124 0.944531 0.303654 0.469306 0.178531 1 28 1.000000
MarioHand_alb.png
 29 -75.982826 11.213137 99.271965 -0.125124 0.944531 0.303654 0.469306 0.178531 1 28 1.000000
 29 -75.226761 11.245029 97.758575 0.180057 0.951691 -0.248723 0.449439 0.183719 1 28 1.000000
 29 -77.684448 11.207352 98.207153 -0.269320 0.938710 0.215151 0.474830 0.205295 1 28 1.000000
MarioHand_alb.png
 29 -79.438126 10.170115 97.610527 -0.799457 0.600642 -0.009917 0.490959 0.227451 1 28 1.000000
 29 -77.684448 11.207352 98.207153 -0.269320 0.938710 0.215151 0.474830 0.205295 1 28 1.000000
 29 -78.574341 10.622297 96.084152 -0.518755 0.721584 -0.458487 0.468421 0.238315 1 28 1.000000
MarioHand_alb.png
 29 -79.668587 8.355978 96.000633 -0.876530 0.076286 -0.475264 0.513207 0.252415 1 28 1.000000
 29 -79.438126 10.170115 97.610527 -0.799457 0.600642 -0.009917 0.490959 0.227451 1 28 1.000000
 29 -78.574341 10.622297 96.084152 -0.518755 0.721584 -0.458487 0.468421 0.238315 1 28 1.000000
MarioHand_alb.png
 29 -78.480659 10.176319 99.522476 -0.498956 0.651542 0.571434 0.494850 0.200015 1 28 1.000000
 29 -75.982826 11.213137 99.271965 -0.125124 0.944531 0.303654 0.469306 0.178531 1 28 1.000000
 29 -77.684448 11.207352 98.207153 -0.269320 0.938710 0.215151 0.474830 0.205295 1 28 1.000000
MarioHand_alb.png
 29 -79.438126 10.170115 97.610527 -0.799457 0.600642 -0.009917 0.490959 0.227451 1 28 1.000000
 29 -78.480659 10.176319 99.522476 -0.498956 0.651542 0.571434 0.494850 0.200015 1 28 1.000000
 29 -77.684448 11.207352 98.207153 -0.269320 0.938710 0.215151 0.474830 0.205295 1 28 1.000000
MarioHand_alb.png
 29 -74.136429 11.070034 100.212189 -0.051119 0.941122 0.334180 0.465248 0.151324 1 28 1.000000
 29 -73.447029 11.052851 98.609406 0.185395 0.952630 -0.241090 0.443198 0.156115 1 28 1.000000
 29 -75.982826 11.213137 99.271965 -0.125124 0.944531 0.303654 0.469306 0.178531 1 28 1.000000
MarioHand_alb.png
 29 -74.136429 11.070034 100.212189 -0.051119 0.941122 0.334180 0.465248 0.151324 1 28 1.000000
 29 -71.971458 10.867715 100.938141 -0.013732 0.928927 0.370007 0.462074 0.121004 1 28 1.000000
 29 -73.447029 11.052851 98.609406 0.185395 0.952630 -0.241090 0.443198 0.156115 1 28 1.000000
MarioHand_alb.png
 29 -79.668587 8.355978 96.000633 -0.876530 0.076286 -0.475264 0.513207 0.252415 1 28 1.000000
 29 -80.022675 8.739021 98.463646 -0.958753 0.185820 0.215090 0.512703 0.222461 1 28 1.000000
 29 -79.438126 10.170115 97.610527 -0.799457 0.600642 -0.009917 0.490959 0.227451 1 28 1.000000
MarioHand_alb.png
 29 -80.022675 8.739021 98.463646 -0.958753 0.185820 0.215090 0.512703 0.222461 1 28 1.000000
 29 -78.480659 10.176319 99.522476 -0.498956 0.651542 0.571434 0.494850 0.200015 1 28 1.000000
 29 -79.438126 10.170115 97.610527 -0.799457 0.600642 -0.009917 0.490959 0.227451 1 28 1.000000
MarioHand_alb.png
 29 -74.136429 11.070034 100.212189 -0.051119 0.941122 0.334180 0.465248 0.151324 1 28 1.000000
 29 -72.540085 9.762592 102.369148 -0.176236 0.606718 0.775135 0.487282 0.117800 1 28 1.000000
 29 -71.971458 10.867715 100.938141 -0.013732 0.928927 0.370007 0.462074 0.121004 1 28 1.000000
MarioHand_alb.png
 29 -72.540085 9.762592 102.369148 -0.176236 0.606718 0.775135 0.487282 0.117800 1 28 1.000000
 29 -69.730446 10.530098 101.663872 0.000000 0.928411 0.371555 0.458793 0.089326 1 28 1.000000
 29 -71.971458 10.867715 100.938141 -0.013732 0.928927 0.370007 0.462074 0.121004 1 28 1.000000
MarioHand_alb.png
 29 -76.763084 10.163120 100.643791 -0.350130 0.642954 0.681190 0.491722 0.174395 1 28 1.000000
 29 -74.136429 11.070034 100.212189 -0.051119 0.941122 0.334180 0.465248 0.151324 1 28 1.000000
 29 -75.982826 11.213137 99.271965 -0.125124 0.944531 0.303654 0.469306 0.178531 1 28 1.000000
MarioHand_alb.png
 29 -76.763084 10.163120 100.643791 -0.350130 0.642954 0.681190 0.491722 0.174395 1 28 1.000000
 29 -75.982826 11.213137 99.271965 -0.125124 0.944531 0.303654 0.469306 0.178531 1 28 1.000000
 29 -78.480659 10.176319 99.522476 -0.498956 0.651542 0.571434 0.494850 0.200015 1 28 1.000000
MarioHand_alb.png
 29 -74.791351 10.010145 101.603836 -0.245679 0.622400 0.743142 0.489128 0.147799 1 28 1.000000
 29 -72.540085 9.762592 102.369148 -0.176236 0.606718 0.775135 0.487282 0.117800 1 28 1.000000
 29 -74.136429 11.070034 100.212189 -0.051119 0.941122 0.334180 0.465248 0.151324 1 28 1.000000
MarioHand_alb.png
 29 -76.763084 10.163120 100.643791 -0.350130 0.642954 0.681190 0.491722 0.174395 1 28 1.000000
 29 -74.791351 10.010145 101.603836 -0.245679 0.622400 0.743142 0.489128 0.147799 1 28 1.000000
 29 -74.136429 11.070034 100.212189 -0.051119 0.941122 0.334180 0.465248 0.151324 1 28 1.000000
MarioHand_alb.png
 29 -72.540085 9.762592 102.369148 -0.176236 0.606718 0.775135 0.487282 0.117800 1 28 1.000000
 29 -70.171860 9.563059 103.006134 -0.150291 0.610796 0.777394 0.483330 0.086351 1 28 1.000000
 29 -69.730446 10.530098 101.663872 0.000000 0.928411 0.371555 0.458793 0.089326 1 28 1.000000
MarioHand_alb.png
 29 -70.171860 9.563059 103.006134 -0.150291 0.610796 0.777394 0.483330 0.086351 1 28 1.000000
 29 -67.994255 9.313169 103.646042 -0.131236 0.565670 0.814122 0.481025 0.055833 1 28 1.000000
 29 -69.730446 10.530098 101.663872 0.000000 0.928411 0.371555 0.458793 0.089326 1 28 1.000000
MarioHand_alb.png
 29 -74.791351 10.010145 101.603836 -0.245679 0.622400 0.743142 0.489128 0.147799 1 28 1.000000
 29 -72.865234 8.194952 102.867981 -0.273910 0.217068 0.936939 0.509789 0.116060 1 28 1.000000
 29 -72.540085 9.762592 102.369148 -0.176236 0.606718 0.775135 0.487282 0.117800 1 28 1.000000
MarioHand_alb.png
 29 -72.865234 8.194952 102.867981 -0.273910 0.217068 0.936939 0.509789 0.116060 1 28 1.000000
 29 -70.171860 9.563059 103.006134 -0.150291 0.610796 0.777394 0.483330 0.086351 1 28 1.000000
 29 -72.540085 9.762592 102.369148 -0.176236 0.606718 0.775135 0.487282 0.117800 1 28 1.000000
MarioHand_alb.png
 29 -75.156700 8.450377 102.094368 -0.353981 0.215326 0.910128 0.510689 0.146273 1 28 1.000000
 29 -74.791351 10.010145 101.603836 -0.245679 0.622400 0.743142 0.489128 0.147799 1 28 1.000000
 29 -76.763084 10.163120 100.643791 -0.350130 0.642954 0.681190 0.491722 0.174395 1 28 1.000000
MarioHand_alb.png
 29 -75.156700 8.450377 102.094368 -0.353981 0.215326 0.910128 0.510689 0.146273 1 28 1.000000
 29 -72.865234 8.194952 102.867981 -0.273910 0.217068 0.936939 0.509789 0.116060 1 28 1.000000
 29 -74.791351 10.010145 101.603836 -0.245679 0.622400 0.743142 0.489128 0.147799 1 28 1.000000
MarioHand_alb.png
 29 -70.526321 7.848075 103.595085 -0.248648 0.219092 0.943490 0.508614 0.084611 1 28 1.000000
 29 -67.994255 9.313169 103.646042 -0.131236 0.565670 0.814122 0.481025 0.055833 1 28 1.000000
 29 -70.171860 9.563059 103.006134 -0.150291 0.610796 0.777394 0.483330 0.086351 1 28 1.000000
MarioHand_alb.png
 29 -72.865234 8.194952 102.867981 -0.273910 0.217068 0.936939 0.509789 0.116060 1 28 1.000000
 29 -70.526321 7.848075 103.595085 -0.248648 0.219092 0.943490 0.508614 0.084611 1 28 1.000000
 29 -70.171860 9.563059 103.006134 -0.150291 0.610796 0.777394 0.483330 0.086351 1 28 1.000000
MarioHand_alb.png
 29 -70.526321 7.848075 103.595085 -0.248648 0.219092 0.943490 0.508614 0.084611 1 28 1.000000
 29 -68.335648 7.543440 104.193672 -0.222759 0.223045 0.949015 0.507057 0.054124 1 28 1.000000
 29 -67.994255 9.313169 103.646042 -0.131236 0.565670 0.814122 0.481025 0.055833 1 28 1.000000
MarioHand_alb.png
 29 -68.335648 7.543440 104.193672 -0.222759 0.223045 0.949015 0.507057 0.054124 1 28 1.000000
 29 -66.032402 7.030745 104.750397 -0.277706 0.252243 0.926959 0.506096 0.022171 1 28 1.000000
 29 -67.994255 9.313169 103.646042 -0.131236 0.565670 0.814122 0.481025 0.055833 1 28 1.000000
MarioHand_alb.png
 29 -73.127663 6.399222 102.979218 -0.342560 -0.207520 0.916291 0.533974 0.116075 1 28 1.000000
 29 -70.526321 7.848075 103.595085 -0.248648 0.219092 0.943490 0.508614 0.084611 1 28 1.000000
 29 -72.865234 8.194952 102.867981 -0.273910 0.217068 0.936939 0.509789 0.116060 1 28 1.000000
MarioHand_alb.png
 29 -68.594269 5.635217 104.383217 -0.338811 -0.119328 0.933257 0.534234 0.052644 1 28 1.000000
 29 -66.032402 7.030745 104.750397 -0.277706 0.252243 0.926959 0.506096 0.022171 1 28 1.000000
 29 -68.335648 7.543440 104.193672 -0.222759 0.223045 0.949015 0.507057 0.054124 1 28 1.000000
MarioHand_alb.png
 29 -68.594269 5.635217 104.383217 -0.338811 -0.119328 0.933257 0.534234 0.052644 1 28 1.000000
 29 -66.265625 3.571248 105.367424 -0.340238 0.117386 0.932984 0.547555 0.020462 1 28 1.000000
 29 -66.032402 7.030745 104.750397 -0.277706 0.252243 0.926959 0.506096 0.022171 1 28 1.000000
MarioHand_alb.png
 29 -70.796410 6.016429 103.668961 -0.315013 -0.197741 0.928259 0.534157 0.084382 1 28 1.000000
 29 -68.335648 7.543440 104.193672 -0.222759 0.223045 0.949015 0.507057 0.054124 1 28 1.000000
 29 -70.526321 7.848075 103.595085 -0.248648 0.219092 0.943490 0.508614 0.084611 1 28 1.000000
MarioHand_alb.png
 29 -70.796410 6.016429 103.668961 -0.315013 -0.197741 0.928259 0.534157 0.084382 1 28 1.000000
 29 -68.594269 5.635217 104.383217 -0.338811 -0.119328 0.933257 0.534234 0.052644 1 28 1.000000
 29 -68.335648 7.543440 104.193672 -0.222759 0.223045 0.949015 0.507057 0.054124 1 28 1.000000
MarioHand_alb.png
 29 -73.127663 6.399222 102.979218 -0.342560 -0.207520 0.916291 0.533974 0.116075 1 28 1.000000
 29 -70.796410 6.016429 103.668961 -0.315013 -0.197741 0.928259 0.534157 0.084382 1 28 1.000000
 29 -70.526321 7.848075 103.595085 -0.248648 0.219092 0.943490 0.508614 0.084611 1 28 1.000000
MarioHand_alb.png
 29 -68.594269 5.635217 104.383217 -0.338811 -0.119328 0.933257 0.534234 0.052644 1 28 1.000000
 29 -68.562332 4.152952 103.345398 -0.350944 -0.800876 0.485218 0.559823 0.054444 1 28 1.000000
 29 -66.265625 3.571248 105.367424 -0.340238 0.117386 0.932984 0.547555 0.020462 1 28 1.000000
MarioHand_alb.png
 29 -66.265625 3.571248 105.367424 -0.340238 0.117386 0.932984 0.547555 0.020462 1 28 1.000000
 29 -68.562332 4.152952 103.345398 -0.350944 -0.800876 0.485218 0.559823 0.054444 1 28 1.000000
 29 -66.004433 3.206442 102.335678 -0.598913 0.800569 -0.019837 0.587182 0.028794 1 28 1.000000
MarioHand_alb.png
 29 -70.752983 4.409348 102.849915 -0.307472 -0.734442 0.605025 0.558129 0.085878 1 28 1.000000
 29 -68.594269 5.635217 104.383217 -0.338811 -0.119328 0.933257 0.534234 0.052644 1 28 1.000000
 29 -70.796410 6.016429 103.668961 -0.315013 -0.197741 0.928259 0.534157 0.084382 1 28 1.000000
MarioHand_alb.png
 29 -70.752983 4.409348 102.849915 -0.307472 -0.734442 0.605025 0.558129 0.085878 1 28 1.000000
 29 -68.562332 4.152952 103.345398 -0.350944 -0.800876 0.485218 0.559823 0.054444 1 28 1.000000
 29 -68.594269 5.635217 104.383217 -0.338811 -0.119328 0.933257 0.534234 0.052644 1 28 1.000000
MarioHand_alb.png
 29 -68.562332 4.152952 103.345398 -0.350944 -0.800876 0.485218 0.559823 0.054444 1 28 1.000000
 29 -68.191879 3.506793 101.604172 -0.184633 -0.972949 0.138856 0.586419 0.057710 1 28 1.000000
 29 -66.004433 3.206442 102.335678 -0.598913 0.800569 -0.019837 0.587182 0.028794 1 28 1.000000
MarioHand_alb.png
 29 -66.004433 3.206442 102.335678 -0.598913 0.800569 -0.019837 0.587182 0.028794 1 28 1.000000
 29 -68.191879 3.506793 101.604172 -0.184633 -0.972949 0.138856 0.586419 0.057710 1 28 1.000000
 29 -65.467339 3.087295 99.427704 -0.653765 0.215125 -0.725474 0.627543 0.030091 1 28 1.000000
MarioHand_alb.png
 29 -70.752983 4.409348 102.849915 -0.307472 -0.734442 0.605025 0.558129 0.085878 1 28 1.000000
 29 -70.372032 3.863190 101.020073 -0.217438 -0.971914 0.090027 0.584222 0.089067 1 28 1.000000
 29 -68.562332 4.152952 103.345398 -0.350944 -0.800876 0.485218 0.559823 0.054444 1 28 1.000000
MarioHand_alb.png
 29 -68.562332 4.152952 103.345398 -0.350944 -0.800876 0.485218 0.559823 0.054444 1 28 1.000000
 29 -70.372032 3.863190 101.020073 -0.217438 -0.971914 0.090027 0.584222 0.089067 1 28 1.000000
 29 -68.191879 3.506793 101.604172 -0.184633 -0.972949 0.138856 0.586419 0.057710 1 28 1.000000
MarioHand_alb.png
 29 -68.191879 3.506793 101.604172 -0.184633 -0.972949 0.138856 0.586419 0.057710 1 28 1.000000
 29 -67.594742 3.454439 99.037689 -0.047302 -0.798274 -0.600434 0.622583 0.062257 1 28 1.000000
 29 -65.467339 3.087295 99.427704 -0.653765 0.215125 -0.725474 0.627543 0.030091 1 28 1.000000
MarioHand_alb.png
 29 -70.372032 3.863190 101.020073 -0.217438 -0.971914 0.090027 0.584222 0.089067 1 28 1.000000
 29 -67.594742 3.454439 99.037689 -0.047302 -0.798274 -0.600434 0.622583 0.062257 1 28 1.000000
 29 -68.191879 3.506793 101.604172 -0.184633 -0.972949 0.138856 0.586419 0.057710 1 28 1.000000
MarioHand_alb.png
 29 -64.936676 5.842520 97.084724 -0.641680 -0.050835 -0.765286 0.674754 0.041138 1 28 1.000000
 29 -65.467339 3.087295 99.427704 -0.653765 0.215125 -0.725474 0.627543 0.030091 1 28 1.000000
 29 -67.594742 3.454439 99.037689 -0.047302 -0.798274 -0.600434 0.622583 0.062257 1 28 1.000000
MarioHand_alb.png
 29 -66.929893 6.095716 96.965012 0.111401 -0.216984 -0.969798 0.666743 0.072892 1 28 1.000000
 29 -64.936676 5.842520 97.084724 -0.641680 -0.050835 -0.765286 0.674754 0.041138 1 28 1.000000
 29 -67.594742 3.454439 99.037689 -0.047302 -0.798274 -0.600434 0.622583 0.062257 1 28 1.000000
MarioHand_alb.png
 29 -69.667213 4.053722 98.483276 -0.038910 -0.780389 -0.624082 0.619257 0.095415 1 28 1.000000
 29 -66.929893 6.095716 96.965012 0.111401 -0.216984 -0.969798 0.666743 0.072892 1 28 1.000000
 29 -67.594742 3.454439 99.037689 -0.047302 -0.798274 -0.600434 0.622583 0.062257 1 28 1.000000
MarioHand_alb.png
 29 -69.667213 4.053722 98.483276 -0.038910 -0.780389 -0.624082 0.619257 0.095415 1 28 1.000000
 29 -67.594742 3.454439 99.037689 -0.047302 -0.798274 -0.600434 0.622583 0.062257 1 28 1.000000
 29 -70.372032 3.863190 101.020073 -0.217438 -0.971914 0.090027 0.584222 0.089067 1 28 1.000000
MarioHand_alb.png
 29 -68.832550 6.447423 96.538345 0.152578 -0.223146 -0.962770 0.661418 0.104524 1 28 1.000000
 29 -66.929893 6.095716 96.965012 0.111401 -0.216984 -0.969798 0.666743 0.072892 1 28 1.000000
 29 -69.667213 4.053722 98.483276 -0.038910 -0.780389 -0.624082 0.619257 0.095415 1 28 1.000000
MarioHand_alb.png
 29 -71.675034 4.524912 97.946991 -0.013732 -0.832997 -0.553107 0.616129 0.128161 1 28 1.000000
 29 -68.832550 6.447423 96.538345 0.152578 -0.223146 -0.962770 0.661418 0.104524 1 28 1.000000
 29 -69.667213 4.053722 98.483276 -0.038910 -0.780389 -0.624082 0.619257 0.095415 1 28 1.000000
MarioHand_alb.png
 29 -71.675034 4.524912 97.946991 -0.013732 -0.832997 -0.553107 0.616129 0.128161 1 28 1.000000
 29 -69.667213 4.053722 98.483276 -0.038910 -0.780389 -0.624082 0.619257 0.095415 1 28 1.000000
 29 -70.372032 3.863190 101.020073 -0.217438 -0.971914 0.090027 0.584222 0.089067 1 28 1.000000
MarioHand_alb.png
 29 -70.828346 6.785795 96.204453 0.174720 -0.209340 -0.962107 0.654856 0.137652 1 28 1.000000
 29 -68.832550 6.447423 96.538345 0.152578 -0.223146 -0.962770 0.661418 0.104524 1 28 1.000000
 29 -71.675034 4.524912 97.946991 -0.013732 -0.832997 -0.553107 0.616129 0.128161 1 28 1.000000
MarioHand_alb.png
 29 -72.665489 7.092483 95.780663 0.283852 -0.203542 -0.937016 0.646815 0.170977 1 28 1.000000
 29 -70.828346 6.785795 96.204453 0.174720 -0.209340 -0.962107 0.654856 0.137652 1 28 1.000000
 29 -71.675034 4.524912 97.946991 -0.013732 -0.832997 -0.553107 0.616129 0.128161 1 28 1.000000
MarioHand_alb.png
 29 -71.675034 4.524912 97.946991 -0.013732 -0.832997 -0.553107 0.616129 0.128161 1 28 1.000000
 29 -70.372032 3.863190 101.020073 -0.217438 -0.971914 0.090027 0.584222 0.089067 1 28 1.000000
 29 -72.554367 4.382983 100.352150 -0.198361 -0.979024 0.046538 0.581292 0.121340 1 28 1.000000
MarioHand_alb.png
 29 -72.554367 4.382983 100.352150 -0.198361 -0.979024 0.046538 0.581292 0.121340 1 28 1.000000
 29 -70.372032 3.863190 101.020073 -0.217438 -0.971914 0.090027 0.584222 0.089067 1 28 1.000000
 29 -70.752983 4.409348 102.849915 -0.307472 -0.734442 0.605025 0.558129 0.085878 1 28 1.000000
MarioHand_alb.png
 29 -72.665489 7.092483 95.780663 0.283852 -0.203542 -0.937016 0.646815 0.170977 1 28 1.000000
 29 -71.675034 4.524912 97.946991 -0.013732 -0.832997 -0.553107 0.616129 0.128161 1 28 1.000000
 29 -73.548439 4.858877 97.293243 0.048828 -0.870892 -0.489042 0.611154 0.160403 1 28 1.000000
MarioHand_alb.png
 29 -73.548439 4.858877 97.293243 0.048828 -0.870892 -0.489042 0.611154 0.160403 1 28 1.000000
 29 -71.675034 4.524912 97.946991 -0.013732 -0.832997 -0.553107 0.616129 0.128161 1 28 1.000000
 29 -72.554367 4.382983 100.352150 -0.198361 -0.979024 0.046538 0.581292 0.121340 1 28 1.000000
MarioHand_alb.png
 29 -72.554367 4.382983 100.352150 -0.198361 -0.979024 0.046538 0.581292 0.121340 1 28 1.000000
 29 -70.752983 4.409348 102.849915 -0.307472 -0.734442 0.605025 0.558129 0.085878 1 28 1.000000
 29 -72.997765 4.983471 102.042595 -0.336466 -0.730440 0.594347 0.556832 0.117525 1 28 1.000000
MarioHand_alb.png
 29 -72.997765 4.983471 102.042595 -0.336466 -0.730440 0.594347 0.556832 0.117525 1 28 1.000000
 29 -70.752983 4.409348 102.849915 -0.307472 -0.734442 0.605025 0.558129 0.085878 1 28 1.000000
 29 -70.796410 6.016429 103.668961 -0.315013 -0.197741 0.928259 0.534157 0.084382 1 28 1.000000
MarioHand_alb.png
 29 -72.997765 4.983471 102.042595 -0.336466 -0.730440 0.594347 0.556832 0.117525 1 28 1.000000
 29 -70.796410 6.016429 103.668961 -0.315013 -0.197741 0.928259 0.534157 0.084382 1 28 1.000000
 29 -73.127663 6.399222 102.979218 -0.342560 -0.207520 0.916291 0.533974 0.116075 1 28 1.000000
MarioHand_alb.png
 29 -74.554474 4.661310 99.666801 -0.158685 -0.985580 0.058744 0.578073 0.152712 1 28 1.000000
 29 -72.554367 4.382983 100.352150 -0.198361 -0.979024 0.046538 0.581292 0.121340 1 28 1.000000
 29 -72.997765 4.983471 102.042595 -0.336466 -0.730440 0.594347 0.556832 0.117525 1 28 1.000000
MarioHand_alb.png
 29 -73.548439 4.858877 97.293243 0.048828 -0.870892 -0.489042 0.611154 0.160403 1 28 1.000000
 29 -72.554367 4.382983 100.352150 -0.198361 -0.979024 0.046538 0.581292 0.121340 1 28 1.000000
 29 -74.554474 4.661310 99.666801 -0.158685 -0.985580 0.058744 0.578073 0.152712 1 28 1.000000
MarioHand_alb.png
 29 -75.144592 5.288658 101.234070 -0.332637 -0.773037 0.540153 0.555459 0.148333 1 28 1.000000
 29 -72.997765 4.983471 102.042595 -0.336466 -0.730440 0.594347 0.556832 0.117525 1 28 1.000000
 29 -73.127663 6.399222 102.979218 -0.342560 -0.207520 0.916291 0.533974 0.116075 1 28 1.000000
MarioHand_alb.png
 29 -74.554474 4.661310 99.666801 -0.158685 -0.985580 0.058744 0.578073 0.152712 1 28 1.000000
 29 -72.997765 4.983471 102.042595 -0.336466 -0.730440 0.594347 0.556832 0.117525 1 28 1.000000
 29 -75.144592 5.288658 101.234070 -0.332637 -0.773037 0.540153 0.555459 0.148333 1 28 1.000000
MarioHand_alb.png
 29 -75.144592 5.288658 101.234070 -0.332637 -0.773037 0.540153 0.555459 0.148333 1 28 1.000000
 29 -73.127663 6.399222 102.979218 -0.342560 -0.207520 0.916291 0.533974 0.116075 1 28 1.000000
 29 -75.367416 6.658821 102.181152 -0.407502 -0.233226 0.882920 0.533791 0.146242 1 28 1.000000
MarioHand_alb.png
 29 -75.367416 6.658821 102.181152 -0.407502 -0.233226 0.882920 0.533791 0.146242 1 28 1.000000
 29 -73.127663 6.399222 102.979218 -0.342560 -0.207520 0.916291 0.533974 0.116075 1 28 1.000000
 29 -72.865234 8.194952 102.867981 -0.273910 0.217068 0.936939 0.509789 0.116060 1 28 1.000000
MarioHand_alb.png
 29 -75.156700 8.450377 102.094368 -0.353981 0.215326 0.910128 0.510689 0.146273 1 28 1.000000
 29 -75.367416 6.658821 102.181152 -0.407502 -0.233226 0.882920 0.533791 0.146242 1 28 1.000000
 29 -72.865234 8.194952 102.867981 -0.273910 0.217068 0.936939 0.509789 0.116060 1 28 1.000000
MarioHand_alb.png
 29 -77.308243 6.851614 101.140617 -0.530187 -0.262137 0.806341 0.533028 0.172992 1 28 1.000000
 29 -75.144592 5.288658 101.234070 -0.332637 -0.773037 0.540153 0.555459 0.148333 1 28 1.000000
 29 -75.367416 6.658821 102.181152 -0.407502 -0.233226 0.882920 0.533791 0.146242 1 28 1.000000
MarioHand_alb.png
 29 -77.308243 6.851614 101.140617 -0.530187 -0.262137 0.806341 0.533028 0.172992 1 28 1.000000
 29 -75.367416 6.658821 102.181152 -0.407502 -0.233226 0.882920 0.533791 0.146242 1 28 1.000000
 29 -75.156700 8.450377 102.094368 -0.353981 0.215326 0.910128 0.510689 0.146273 1 28 1.000000
MarioHand_alb.png
 29 -76.984108 5.494018 100.224594 -0.416603 -0.761388 0.496719 0.552834 0.175814 1 28 1.000000
 29 -74.554474 4.661310 99.666801 -0.158685 -0.985580 0.058744 0.578073 0.152712 1 28 1.000000
 29 -75.144592 5.288658 101.234070 -0.332637 -0.773037 0.540153 0.555459 0.148333 1 28 1.000000
MarioHand_alb.png
 29 -76.984108 5.494018 100.224594 -0.416603 -0.761388 0.496719 0.552834 0.175814 1 28 1.000000
 29 -75.144592 5.288658 101.234070 -0.332637 -0.773037 0.540153 0.555459 0.148333 1 28 1.000000
 29 -77.308243 6.851614 101.140617 -0.530187 -0.262137 0.806341 0.533028 0.172992 1 28 1.000000
MarioHand_alb.png
 29 -76.321266 4.804244 98.766083 -0.170133 -0.985038 0.027465 0.573419 0.180728 1 28 1.000000
 29 -73.548439 4.858877 97.293243 0.048828 -0.870892 -0.489042 0.611154 0.160403 1 28 1.000000
 29 -74.554474 4.661310 99.666801 -0.158685 -0.985580 0.058744 0.578073 0.152712 1 28 1.000000
MarioHand_alb.png
 29 -76.321266 4.804244 98.766083 -0.170133 -0.985038 0.027465 0.573419 0.180728 1 28 1.000000
 29 -74.554474 4.661310 99.666801 -0.158685 -0.985580 0.058744 0.578073 0.152712 1 28 1.000000
 29 -76.984108 5.494018 100.224594 -0.416603 -0.761388 0.496719 0.552834 0.175814 1 28 1.000000
MarioHand_alb.png
 29 -75.173050 5.160686 96.444870 0.111390 -0.852686 -0.510410 0.605158 0.188998 1 28 1.000000
 29 -72.665489 7.092483 95.780663 0.283852 -0.203542 -0.937016 0.646815 0.170977 1 28 1.000000
 29 -73.548439 4.858877 97.293243 0.048828 -0.870892 -0.489042 0.611154 0.160403 1 28 1.000000
MarioHand_alb.png
 29 -75.173050 5.160686 96.444870 0.111390 -0.852686 -0.510410 0.605158 0.188998 1 28 1.000000
 29 -73.548439 4.858877 97.293243 0.048828 -0.870892 -0.489042 0.611154 0.160403 1 28 1.000000
 29 -76.321266 4.804244 98.766083 -0.170133 -0.985038 0.027465 0.573419 0.180728 1 28 1.000000
MarioHand_alb.png
 29 -74.334717 7.346581 95.139038 0.371580 -0.193706 -0.907968 0.637446 0.201129 1 28 1.000000
 29 -72.665489 7.092483 95.780663 0.283852 -0.203542 -0.937016 0.646815 0.170977 1 28 1.000000
 29 -75.173050 5.160686 96.444870 0.111390 -0.852686 -0.510410 0.605158 0.188998 1 28 1.000000
MarioHand_alb.png
 29 -78.587273 5.795246 99.013855 -0.547045 -0.735878 0.399030 0.549142 0.203143 1 28 1.000000
 29 -76.321266 4.804244 98.766083 -0.170133 -0.985038 0.027465 0.573419 0.180728 1 28 1.000000
 29 -76.984108 5.494018 100.224594 -0.416603 -0.761388 0.496719 0.552834 0.175814 1 28 1.000000
MarioHand_alb.png
 29 -76.732040 5.524429 95.537300 -0.003815 -0.792122 -0.610351 0.595956 0.215961 1 28 1.000000
 29 -74.334717 7.346581 95.139038 0.371580 -0.193706 -0.907968 0.637446 0.201129 1 28 1.000000
 29 -75.173050 5.160686 96.444870 0.111390 -0.852686 -0.510410 0.605158 0.188998 1 28 1.000000
MarioHand_alb.png
 29 -76.732040 5.524429 95.537300 -0.003815 -0.792122 -0.610351 0.595956 0.215961 1 28 1.000000
 29 -75.955658 7.559958 94.425797 0.238878 -0.164371 -0.957037 0.623575 0.229175 1 28 1.000000
 29 -74.334717 7.346581 95.139038 0.371580 -0.193706 -0.907968 0.637446 0.201129 1 28 1.000000
MarioHand_alb.png
 29 -77.922028 5.071276 97.667175 -0.277719 -0.955042 -0.103763 0.567193 0.208698 1 28 1.000000
 29 -75.173050 5.160686 96.444870 0.111390 -0.852686 -0.510410 0.605158 0.188998 1 28 1.000000
 29 -76.321266 4.804244 98.766083 -0.170133 -0.985038 0.027465 0.573419 0.180728 1 28 1.000000
MarioHand_alb.png
 29 -76.732040 5.524429 95.537300 -0.003815 -0.792122 -0.610351 0.595956 0.215961 1 28 1.000000
 29 -75.173050 5.160686 96.444870 0.111390 -0.852686 -0.510410 0.605158 0.188998 1 28 1.000000
 29 -77.922028 5.071276 97.667175 -0.277719 -0.955042 -0.103763 0.567193 0.208698 1 28 1.000000
MarioHand_alb.png
 29 -77.922028 5.071276 97.667175 -0.277719 -0.955042 -0.103763 0.567193 0.208698 1 28 1.000000
 29 -76.321266 4.804244 98.766083 -0.170133 -0.985038 0.027465 0.573419 0.180728 1 28 1.000000
 29 -78.587273 5.795246 99.013855 -0.547045 -0.735878 0.399030 0.549142 0.203143 1 28 1.000000
MarioHand_alb.png
 29 -76.732040 5.524429 95.537300 -0.003815 -0.792122 -0.610351 0.595956 0.215961 1 28 1.000000
 29 -77.861916 7.848365 94.322311 -0.176276 -0.101874 -0.979055 0.604318 0.251789 1 28 1.000000
 29 -75.955658 7.559958 94.425797 0.238878 -0.164371 -0.957037 0.623575 0.229175 1 28 1.000000
MarioHand_alb.png
 29 -79.307304 5.983871 96.699295 -0.638595 -0.704781 -0.308998 0.557076 0.236805 1 28 1.000000
 29 -76.732040 5.524429 95.537300 -0.003815 -0.792122 -0.610351 0.595956 0.215961 1 28 1.000000
 29 -77.922028 5.071276 97.667175 -0.277719 -0.955042 -0.103763 0.567193 0.208698 1 28 1.000000
MarioHand_alb.png
 29 -79.307304 5.983871 96.699295 -0.638595 -0.704781 -0.308998 0.557076 0.236805 1 28 1.000000
 29 -77.922028 5.071276 97.667175 -0.277719 -0.955042 -0.103763 0.567193 0.208698 1 28 1.000000
 29 -78.587273 5.795246 99.013855 -0.547045 -0.735878 0.399030 0.549142 0.203143 1 28 1.000000
MarioHand_alb.png
 29 -78.438545 6.332226 95.147163 -0.366179 -0.614494 -0.698792 0.583658 0.239170 1 28 1.000000
 29 -77.861916 7.848365 94.322311 -0.176276 -0.101874 -0.979055 0.604318 0.251789 1 28 1.000000
 29 -76.732040 5.524429 95.537300 -0.003815 -0.792122 -0.610351 0.595956 0.215961 1 28 1.000000
MarioHand_alb.png
 29 -79.307304 5.983871 96.699295 -0.638595 -0.704781 -0.308998 0.557076 0.236805 1 28 1.000000
 29 -78.438545 6.332226 95.147163 -0.366179 -0.614494 -0.698792 0.583658 0.239170 1 28 1.000000
 29 -76.732040 5.524429 95.537300 -0.003815 -0.792122 -0.610351 0.595956 0.215961 1 28 1.000000
MarioHand_alb.png
 29 -79.668587 8.355978 96.000633 -0.876530 0.076286 -0.475264 0.572961 0.269306 1 28 1.000000
 29 -77.861916 7.848365 94.322311 -0.176276 -0.101874 -0.979055 0.604318 0.251789 1 28 1.000000
 29 -78.438545 6.332226 95.147163 -0.366179 -0.614494 -0.698792 0.583658 0.239170 1 28 1.000000
MarioHand_alb.png
 29 -79.307304 5.983871 96.699295 -0.638595 -0.704781 -0.308998 0.557076 0.236805 1 28 1.000000
 29 -79.668587 8.355978 96.000633 -0.876530 0.076286 -0.475264 0.572961 0.269306 1 28 1.000000
 29 -78.438545 6.332226 95.147163 -0.366179 -0.614494 -0.698792 0.583658 0.239170 1 28 1.000000
MarioHand_alb.png
 29 -79.307304 5.983871 96.699295 -0.638595 -0.704781 -0.308998 0.557076 0.236805 1 28 1.000000
 29 -78.587273 5.795246 99.013855 -0.547045 -0.735878 0.399030 0.549142 0.203143 1 28 1.000000
 29 -79.958466 6.996264 98.066277 -0.943579 -0.315225 0.101452 0.534966 0.226062 1 28 1.000000
MarioHand_alb.png
 29 -79.668587 8.355978 96.000633 -0.876530 0.076286 -0.475264 0.513207 0.252415 1 28 1.000000
 29 -79.307304 5.983871 96.699295 -0.638595 -0.704781 -0.308998 0.557076 0.236805 1 28 1.000000
 29 -79.958466 6.996264 98.066277 -0.943579 -0.315225 0.101452 0.534966 0.226062 1 28 1.000000
MarioHand_alb.png
 29 -79.668587 8.355978 96.000633 -0.876530 0.076286 -0.475264 0.513207 0.252415 1 28 1.000000
 29 -79.958466 6.996264 98.066277 -0.943579 -0.315225 0.101452 0.534966 0.226062 1 28 1.000000
 29 -80.022675 8.739021 98.463646 -0.958753 0.185820 0.215090 0.512703 0.222461 1 28 1.000000
MarioHand_alb.png
 29 -79.958466 6.996264 98.066277 -0.943579 -0.315225 0.101452 0.534966 0.226062 1 28 1.000000
 29 -78.587273 5.795246 99.013855 -0.547045 -0.735878 0.399030 0.549142 0.203143 1 28 1.000000
 29 -78.964157 7.081914 99.872375 -0.673091 -0.274254 0.686828 0.531472 0.199420 1 28 1.000000
MarioHand_alb.png
 29 -79.958466 6.996264 98.066277 -0.943579 -0.315225 0.101452 0.534966 0.226062 1 28 1.000000
 29 -78.964157 7.081914 99.872375 -0.673091 -0.274254 0.686828 0.531472 0.199420 1 28 1.000000
 29 -80.022675 8.739021 98.463646 -0.958753 0.185820 0.215090 0.512703 0.222461 1 28 1.000000
MarioHand_alb.png
 29 -78.587273 5.795246 99.013855 -0.547045 -0.735878 0.399030 0.549142 0.203143 1 28 1.000000
 29 -76.984108 5.494018 100.224594 -0.416603 -0.761388 0.496719 0.552834 0.175814 1 28 1.000000
 29 -78.964157 7.081914 99.872375 -0.673091 -0.274254 0.686828 0.531472 0.199420 1 28 1.000000
MarioHand_alb.png
 29 -78.964157 7.081914 99.872375 -0.673091 -0.274254 0.686828 0.531472 0.199420 1 28 1.000000
 29 -76.984108 5.494018 100.224594 -0.416603 -0.761388 0.496719 0.552834 0.175814 1 28 1.000000
 29 -77.308243 6.851614 101.140617 -0.530187 -0.262137 0.806341 0.533028 0.172992 1 28 1.000000
MarioHand_alb.png
 29 -80.022675 8.739021 98.463646 -0.958753 0.185820 0.215090 0.512703 0.222461 1 28 1.000000
 29 -78.964157 7.081914 99.872375 -0.673091 -0.274254 0.686828 0.531472 0.199420 1 28 1.000000
 29 -78.870789 8.761567 100.012962 -0.628038 0.195642 0.753188 0.512383 0.198337 1 28 1.000000
MarioHand_alb.png
 29 -80.022675 8.739021 98.463646 -0.958753 0.185820 0.215090 0.512703 0.222461 1 28 1.000000
 29 -78.870789 8.761567 100.012962 -0.628038 0.195642 0.753188 0.512383 0.198337 1 28 1.000000
 29 -78.480659 10.176319 99.522476 -0.498956 0.651542 0.571434 0.494850 0.200015 1 28 1.000000
MarioHand_alb.png
 29 -78.964157 7.081914 99.872375 -0.673091 -0.274254 0.686828 0.531472 0.199420 1 28 1.000000
 29 -77.308243 6.851614 101.140617 -0.530187 -0.262137 0.806341 0.533028 0.172992 1 28 1.000000
 29 -77.157516 8.637145 101.154892 -0.480662 0.203423 0.852985 0.511620 0.172824 1 28 1.000000
MarioHand_alb.png
 29 -78.964157 7.081914 99.872375 -0.673091 -0.274254 0.686828 0.531472 0.199420 1 28 1.000000
 29 -77.157516 8.637145 101.154892 -0.480662 0.203423 0.852985 0.511620 0.172824 1 28 1.000000
 29 -78.870789 8.761567 100.012962 -0.628038 0.195642 0.753188 0.512383 0.198337 1 28 1.000000
MarioHand_alb.png
 29 -78.870789 8.761567 100.012962 -0.628038 0.195642 0.753188 0.512383 0.198337 1 28 1.000000
 29 -77.157516 8.637145 101.154892 -0.480662 0.203423 0.852985 0.511620 0.172824 1 28 1.000000
 29 -78.480659 10.176319 99.522476 -0.498956 0.651542 0.571434 0.494850 0.200015 1 28 1.000000
MarioHand_alb.png
 29 -77.308243 6.851614 101.140617 -0.530187 -0.262137 0.806341 0.533028 0.172992 1 28 1.000000
 29 -75.156700 8.450377 102.094368 -0.353981 0.215326 0.910128 0.510689 0.146273 1 28 1.000000
 29 -77.157516 8.637145 101.154892 -0.480662 0.203423 0.852985 0.511620 0.172824 1 28 1.000000
MarioHand_alb.png
 29 -77.157516 8.637145 101.154892 -0.480662 0.203423 0.852985 0.511620 0.172824 1 28 1.000000
 29 -76.763084 10.163120 100.643791 -0.350130 0.642954 0.681190 0.491722 0.174395 1 28 1.000000
 29 -78.480659 10.176319 99.522476 -0.498956 0.651542 0.571434 0.494850 0.200015 1 28 1.000000
MarioHand_alb.png
 29 -77.157516 8.637145 101.154892 -0.480662 0.203423 0.852985 0.511620 0.172824 1 28 1.000000
 29 -75.156700 8.450377 102.094368 -0.353981 0.215326 0.910128 0.510689 0.146273 1 28 1.000000
 29 -76.763084 10.163120 100.643791 -0.350130 0.642954 0.681190 0.491722 0.174395 1 28 1.000000
end
