version 1
nodes
  0 "nw4f_root"  -1
  1 "AllRoot"   0
  2 "JointRoot"   1
  3 "Hip"   2
  4 "LegL1"   3
  5 "LegL2"   4
  6 "FootL"   5
  7 "ToeL"   6
  8 "LegR1"   3
  9 "LegR2"   8
 10 "FootR"   9
 11 "ToeR"  10
 12 "Spine1"   2
 13 "Spine2"  12
 14 "Bag"  13
 15 "Head"  13
 16 "JoeUnder"  15
 17 "ShoulderL"  13
 18 "ArmL1"  17
 19 "ArmL1Sub"  18
 20 "ArmL2"  18
 21 "ArmL2Sub"  20
 22 "HandL"  20
 23 "ShoulderR"  13
 24 "ArmR1"  23
 25 "ArmR1Sub"  24
 26 "ArmR2"  24
 27 "ArmR2Sub"  26
 28 "HandR"  26
 29 "LuigiUnused_RHand1"  -1
end
skeleton
time 0
  0 0.000000 0.000000 0.000000 1.570796 -0.000000 0.000000
  1 0.000000 0.000000 0.000000 0.000000 -0.000000 0.000000
  2 0.000000 68.028503 -3.990591 0.000000 -0.000000 0.000000
  3 0.000000 -2.000000 0.000001 -1.570796 -3.141592 1.570796
  4 4.029991 2.576941 -10.147688 0.000000 -0.000000 0.000000
  5 26.211063 0.000204 -0.000088 0.000000 -0.000000 0.000000
  6 22.942825 0.000005 0.000004 0.000000 0.000000 1.134464
  7 12.169998 0.000008 0.000000 -0.000000 0.000000 0.436332
  8 4.029991 2.576937 10.147690 0.000000 -0.000000 0.000000
  9 26.211067 0.000200 0.000096 0.000000 -0.000000 0.000000
 10 22.942818 0.000005 0.000004 0.000000 0.000000 1.134464
 11 12.170002 0.000010 0.000000 -0.000000 0.000000 0.436332
 12 0.000000 4.277161 -0.000000 1.570796 -0.000000 1.570796
 13 13.929802 0.000000 0.000000 0.000000 -0.000000 0.000000
 14 22.639145 -16.116180 0.000000 -1.570796 -1.570451 0.000000
 15 20.107773 0.000587 -0.000000 0.000000 0.000000 1.570796
 16 0.073432 -15.880157 -0.000000 -3.141592 0.000000 0.575263
 17 10.084557 0.778702 3.123569 -1.570796 -1.570451 0.000000
 18 12.086020 0.000000 0.000000 0.000000 0.000000 0.000000
 19 5.370699 0.000000 0.000001 -0.000000 0.000000 0.000000
 20 12.261209 0.000000 0.000001 -0.000000 0.000000 0.000000
 21 8.518942 0.000023 -0.000006 -0.000000 0.000001 -0.000000
 22 19.602606 0.000038 0.000000 -0.000000 0.000001 -0.000000
 23 10.084557 0.778702 -3.123570 1.570796 1.570451 0.000000
 24 12.086014 0.000000 0.000000 -0.000000 0.000000 0.000000
 25 5.370700 0.000000 0.000000 0.000000 0.000000 -0.000000
 26 12.261210 0.000000 -0.000001 0.000000 0.000001 -0.000000
 27 8.518951 0.000000 0.000006 0.000000 -0.000000 0.000000
 28 19.602608 0.000000 0.000000 0.000000 -0.000000 0.000000
 29 0.000000 0.000000 0.000000 0.000000 -0.000000 0.000000
end
triangles
MarioHand_alb.png
 29 -67.810028 2.786523 99.232994 -0.062561 -0.991370 0.115204 0.586419 0.057710 1 28 1.000000
 29 -63.279907 3.128185 98.876938 -0.655403 0.252381 -0.711864 0.627543 0.030091 1 28 1.000000
 29 -65.300903 3.077583 100.851631 0.054932 0.994423 0.090027 0.587182 0.028794 1 28 1.000000
MarioHand_alb.png
 29 -60.227821 8.297356 105.613174 -0.428403 -0.640029 -0.637836 0.120699 0.833371 1 28 1.000000
 29 -60.578266 8.872711 105.413605 -0.496904 -0.299267 -0.814571 0.129351 0.836851 1 28 1.000000
 29 -58.166859 8.409190 104.197296 -0.064490 -0.342770 -0.937203 0.126024 0.804623 1 28 1.000000
MarioHand_alb.png
 29 -55.672295 8.833572 105.234238 0.386132 -0.311061 -0.868414 0.123690 0.774762 1 28 1.000000
 29 -56.016647 8.263660 105.457184 0.333428 -0.645970 -0.686694 0.116213 0.779187 1 28 1.000000
 29 -58.166859 8.409190 104.197296 -0.064490 -0.342770 -0.937203 0.126024 0.804623 1 28 1.000000
MarioHand_alb.png
 29 -57.061802 9.871286 104.907364 0.152612 0.320867 -0.934748 0.140795 0.788968 1 28 1.000000
 29 -56.022770 9.408928 105.034676 0.314995 0.058728 -0.947274 0.131807 0.777768 1 28 1.000000
 29 -58.166859 8.409190 104.197296 -0.064490 -0.342770 -0.937203 0.126024 0.804623 1 28 1.000000
MarioHand_alb.png
 29 -60.233948 9.442625 105.190659 -0.425970 0.076270 -0.901517 0.137346 0.832349 1 28 1.000000
 29 -59.193569 9.887636 105.002899 -0.260574 0.336400 -0.904951 0.145052 0.819120 1 28 1.000000
 29 -58.166859 8.409190 104.197296 -0.064490 -0.342770 -0.937203 0.126024 0.804623 1 28 1.000000
MarioHand_alb.png
 29 -56.016647 8.263660 105.457184 0.419204 -0.170123 0.891810 0.014343 0.904021 1 28 1.000000
 29 -56.621315 9.061602 105.869102 0.402337 0.310810 0.861116 0.023239 0.912490 1 28 1.000000
 29 -57.057007 7.818655 105.644966 0.305177 -0.317003 0.897984 0.026749 0.897826 1 28 1.000000
MarioHand_alb.png
 29 -57.061802 9.871286 104.907364 0.291460 0.819825 0.492887 0.026749 0.927169 1 28 1.000000
 29 -56.621315 9.061602 105.869102 0.402337 0.310810 0.861116 0.023239 0.912490 1 28 1.000000
 29 -56.022770 9.408928 105.034676 0.418065 0.704340 0.573695 0.014343 0.920958 1 28 1.000000
MarioHand_alb.png
 29 -60.233948 9.442625 105.190659 -0.328064 0.710488 0.622559 0.073045 0.920958 1 28 1.000000
 29 -59.581905 9.085222 105.977341 -0.284232 0.320953 0.903439 0.064149 0.912490 1 28 1.000000
 29 -59.193569 9.887636 105.002899 -0.205608 0.822052 0.530996 0.060639 0.927169 1 28 1.000000
MarioHand_alb.png
 29 -59.188782 7.835011 105.740501 -0.196431 -0.299319 0.933715 0.060639 0.897826 1 28 1.000000
 29 -59.581905 9.085222 105.977341 -0.284232 0.320953 0.903439 0.064149 0.912490 1 28 1.000000
 29 -60.227821 8.297356 105.613174 -0.314703 -0.152488 0.936862 0.073045 0.904021 1 28 1.000000
MarioHand_alb.png
 29 -57.061802 9.871286 104.907364 0.291460 0.819825 0.492887 0.026749 0.927169 1 28 1.000000
 29 -58.131588 10.004712 104.900871 0.033951 0.954815 0.295256 0.043687 0.929427 1 28 1.000000
 29 -58.105389 9.768345 105.667915 0.046921 0.825606 0.562293 0.043687 0.922713 1 28 1.000000
MarioHand_alb.png
 29 -58.131588 10.004712 104.900871 0.033951 0.954815 0.295256 0.043687 0.929427 1 28 1.000000
 29 -59.193569 9.887636 105.002899 -0.205608 0.822052 0.530996 0.060639 0.927169 1 28 1.000000
 29 -58.105389 9.768345 105.667915 0.046921 0.825606 0.562293 0.043687 0.922713 1 28 1.000000
MarioHand_alb.png
 29 -59.188782 7.835011 105.740501 -0.196431 -0.299319 0.933715 0.060639 0.897826 1 28 1.000000
 29 -58.119022 7.701586 105.746979 0.053020 -0.540113 0.839921 0.043687 0.895552 1 28 1.000000
 29 -58.097828 8.378485 106.178513 0.061429 -0.275953 0.959206 0.043687 0.902281 1 28 1.000000
MarioHand_alb.png
 29 -58.119022 7.701586 105.746979 0.053020 -0.540113 0.839921 0.043687 0.895552 1 28 1.000000
 29 -57.057007 7.818655 105.644966 0.305177 -0.317003 0.897984 0.026749 0.897826 1 28 1.000000
 29 -58.097828 8.378485 106.178513 0.061429 -0.275953 0.959206 0.043687 0.902281 1 28 1.000000
MarioHand_alb.png
 29 -60.129501 4.117122 106.252617 -0.430657 0.354367 -0.830035 0.087785 0.768002 1 28 1.000000
 29 -58.069664 3.492923 104.919426 -0.056821 -0.003909 -0.998377 0.079652 0.742016 1 28 1.000000
 29 -60.459358 3.504579 106.273270 -0.493012 -0.001908 -0.870021 0.080049 0.771603 1 28 1.000000
MarioHand_alb.png
 29 -60.132538 2.890306 106.256462 -0.432488 -0.356045 -0.828364 0.072221 0.768200 1 28 1.000000
 29 -60.459358 3.504579 106.273270 -0.493012 -0.001908 -0.870021 0.080049 0.771603 1 28 1.000000
 29 -58.069664 3.492923 104.919426 -0.056821 -0.003909 -0.998377 0.079652 0.742016 1 28 1.000000
MarioHand_alb.png
 29 -59.236588 2.438886 106.206688 -0.258270 -0.620021 -0.740858 0.064927 0.758129 1 28 1.000000
 29 -60.132538 2.890306 106.256462 -0.432488 -0.356045 -0.828364 0.072221 0.768200 1 28 1.000000
 29 -58.069664 3.492923 104.919426 -0.056821 -0.003909 -0.998377 0.079652 0.742016 1 28 1.000000
MarioHand_alb.png
 29 -55.887779 2.879088 106.014236 0.334457 -0.359770 -0.871037 0.070726 0.712642 1 28 1.000000
 29 -56.785885 2.432410 106.066841 0.168204 -0.622469 -0.764356 0.063508 0.724529 1 28 1.000000
 29 -58.069664 3.492923 104.919426 -0.056821 -0.003909 -0.998377 0.079652 0.742016 1 28 1.000000
MarioHand_alb.png
 29 -56.780659 4.557323 106.060143 0.172064 0.616436 -0.768375 0.095338 0.724102 1 28 1.000000
 29 -55.884754 4.105906 106.010361 0.336922 0.354474 -0.872257 0.087816 0.712413 1 28 1.000000
 29 -58.069664 3.492923 104.919426 -0.056821 -0.003909 -0.998377 0.079652 0.742016 1 28 1.000000
MarioHand_alb.png
 29 -60.129501 4.117122 106.252617 -0.430657 0.354367 -0.830035 0.087785 0.768002 1 28 1.000000
 29 -59.231377 4.563796 106.200012 -0.254439 0.616165 -0.745387 0.094804 0.757733 1 28 1.000000
 29 -58.069664 3.492923 104.919426 -0.056821 -0.003909 -0.998377 0.079652 0.742016 1 28 1.000000
MarioHand_alb.png
 29 -56.780659 4.557323 106.060143 0.291425 0.579131 0.761367 0.128420 0.914458 1 28 1.000000
 29 -58.005638 4.724921 106.129555 0.037004 0.792429 0.608841 0.145403 0.916732 1 28 1.000000
 29 -57.971096 4.240335 106.757042 0.046924 0.587308 0.808002 0.145403 0.910002 1 28 1.000000
MarioHand_alb.png
 29 -58.005638 4.724921 106.129555 0.037004 0.792429 0.608841 0.145403 0.916732 1 28 1.000000
 29 -59.231377 4.563796 106.200012 -0.199886 0.581156 0.788862 0.162371 0.914458 1 28 1.000000
 29 -57.971096 4.240335 106.757042 0.046924 0.587308 0.808002 0.145403 0.910002 1 28 1.000000
MarioHand_alb.png
 29 -59.236588 2.438886 106.206688 -0.201789 -0.575302 0.792659 0.162371 0.885069 1 28 1.000000
 29 -58.011665 2.271287 106.137276 0.033188 -0.788477 0.614168 0.145403 0.882795 1 28 1.000000
 29 -57.974754 2.759641 106.761719 0.045021 -0.583107 0.811147 0.145403 0.889525 1 28 1.000000
MarioHand_alb.png
 29 -58.011665 2.271287 106.137276 0.033188 -0.788477 0.614168 0.145403 0.882795 1 28 1.000000
 29 -56.785885 2.432410 106.066841 0.288023 -0.575687 0.765263 0.128420 0.885069 1 28 1.000000
 29 -57.974754 2.759641 106.761719 0.045021 -0.583107 0.811147 0.145403 0.889525 1 28 1.000000
MarioHand_alb.png
 29 -59.992104 -2.539984 105.570511 -0.504794 -0.121286 -0.854677 0.023590 0.822782 1 28 1.000000
 29 -60.302750 -1.952513 105.777428 -0.557571 0.234522 -0.796313 0.031662 0.825483 1 28 1.000000
 29 -58.024063 -1.630620 104.278259 -0.133170 0.260557 -0.956230 0.028763 0.796063 1 28 1.000000
MarioHand_alb.png
 29 -59.113140 -2.962170 105.329498 -0.330646 -0.402749 -0.853502 0.015473 0.813352 1 28 1.000000
 29 -59.992104 -2.539984 105.570511 -0.504794 -0.121286 -0.854677 0.023590 0.822782 1 28 1.000000
 29 -58.024063 -1.630620 104.278259 -0.133170 0.260557 -0.956230 0.028763 0.796063 1 28 1.000000
MarioHand_alb.png
 29 -55.750038 -1.306322 105.316025 0.272399 0.573029 -0.772940 0.034363 0.765911 1 28 1.000000
 29 -55.439407 -1.893791 105.109100 0.318954 0.244628 -0.915656 0.025452 0.762387 1 28 1.000000
 29 -58.024063 -1.630620 104.278259 -0.133170 0.260557 -0.956230 0.028763 0.796063 1 28 1.000000
MarioHand_alb.png
 29 -56.629028 -0.884136 105.557053 0.121306 0.794452 -0.595088 0.042863 0.776913 1 28 1.000000
 29 -55.750038 -1.306322 105.316025 0.272399 0.573029 -0.772940 0.034363 0.765911 1 28 1.000000
 29 -58.024063 -1.630620 104.278259 -0.133170 0.260557 -0.956230 0.028763 0.796063 1 28 1.000000
MarioHand_alb.png
 29 -59.961815 -1.357189 105.894814 -0.481769 0.561372 -0.672874 0.039063 0.821256 1 28 1.000000
 29 -59.060692 -0.913498 105.891205 -0.294876 0.788210 -0.540160 0.045182 0.810422 1 28 1.000000
 29 -58.024063 -1.630620 104.278259 -0.133170 0.260557 -0.956230 0.028763 0.796063 1 28 1.000000
MarioHand_alb.png
 29 -56.629028 -0.884136 105.557053 0.361181 0.353935 0.862716 0.048280 0.875303 1 28 1.000000
 29 -57.840782 -0.740352 105.767586 0.101860 0.598949 0.794283 0.065263 0.877577 1 28 1.000000
 29 -57.768551 -1.375658 106.237610 0.123214 0.348281 0.929257 0.065263 0.870832 1 28 1.000000
MarioHand_alb.png
 29 -57.840782 -0.740352 105.767586 0.101860 0.598949 0.794283 0.065263 0.877577 1 28 1.000000
 29 -59.060692 -0.913498 105.891205 -0.124728 0.347979 0.929168 0.082246 0.875303 1 28 1.000000
 29 -57.768551 -1.375658 106.237610 0.123214 0.348281 0.929257 0.065263 0.870832 1 28 1.000000
MarioHand_alb.png
 29 -59.113140 -2.962170 105.329498 -0.152595 -0.766909 0.623350 0.082246 0.845899 1 28 1.000000
 29 -57.901367 -3.105953 105.118973 0.062562 -0.924452 0.376132 0.065263 0.843626 1 28 1.000000
 29 -57.805096 -2.803219 105.846191 0.094610 -0.779242 0.619541 0.065263 0.850355 1 28 1.000000
MarioHand_alb.png
 29 -57.901367 -3.105953 105.118973 0.062562 -0.924452 0.376132 0.065263 0.843626 1 28 1.000000
 29 -56.681477 -2.932805 104.995331 0.334558 -0.761291 0.555435 0.048280 0.845899 1 28 1.000000
 29 -57.805096 -2.803219 105.846191 0.094610 -0.779242 0.619541 0.065263 0.850355 1 28 1.000000
MarioHand_alb.png
 29 -60.233948 9.442625 105.190659 -0.425970 0.076270 -0.901517 0.137346 0.832349 1 28 1.000000
 29 -58.166859 8.409190 104.197296 -0.064490 -0.342770 -0.937203 0.126024 0.804623 1 28 1.000000
 29 -60.578266 8.872711 105.413605 -0.496904 -0.299267 -0.814571 0.129351 0.836851 1 28 1.000000
MarioHand_alb.png
 29 -58.166859 8.409190 104.197296 -0.064490 -0.342770 -0.937203 0.126024 0.804623 1 28 1.000000
 29 -56.016647 8.263660 105.457184 0.333428 -0.645970 -0.686694 0.116213 0.779187 1 28 1.000000
 29 -57.057007 7.818655 105.644966 0.172422 -0.848854 -0.499718 0.109575 0.791959 1 28 1.000000
MarioHand_alb.png
 29 -59.188782 7.835011 105.740501 -0.254444 -0.845634 -0.469214 0.111543 0.821118 1 28 1.000000
 29 -60.227821 8.297356 105.613174 -0.428403 -0.640029 -0.637836 0.120699 0.833371 1 28 1.000000
 29 -58.166859 8.409190 104.197296 -0.064490 -0.342770 -0.937203 0.126024 0.804623 1 28 1.000000
MarioHand_alb.png
 29 -58.166859 8.409190 104.197296 -0.064490 -0.342770 -0.937203 0.126024 0.804623 1 28 1.000000
 29 -56.022770 9.408928 105.034676 0.314995 0.058728 -0.947274 0.131807 0.777768 1 28 1.000000
 29 -55.672295 8.833572 105.234238 0.386132 -0.311061 -0.868414 0.123690 0.774762 1 28 1.000000
MarioHand_alb.png
 29 -59.961815 -1.357189 105.894814 -0.481769 0.561372 -0.672874 0.039063 0.821256 1 28 1.000000
 29 -58.024063 -1.630620 104.278259 -0.133170 0.260557 -0.956230 0.028763 0.796063 1 28 1.000000
 29 -60.302750 -1.952513 105.777428 -0.557571 0.234522 -0.796313 0.031662 0.825483 1 28 1.000000
MarioHand_alb.png
 29 -58.024063 -1.630620 104.278259 -0.133170 0.260557 -0.956230 0.028763 0.796063 1 28 1.000000
 29 -55.780312 -2.489126 104.991730 0.260257 -0.115532 -0.958602 0.017380 0.767575 1 28 1.000000
 29 -56.681477 -2.932805 104.995331 0.098016 -0.401168 -0.910745 0.011200 0.780026 1 28 1.000000
MarioHand_alb.png
 29 -58.024063 -1.630620 104.278259 -0.133170 0.260557 -0.956230 0.028763 0.796063 1 28 1.000000
 29 -57.901367 -3.105953 105.118973 -0.111781 -0.499366 -0.859150 0.009796 0.797604 1 28 1.000000
 29 -59.113140 -2.962170 105.329498 -0.330646 -0.402749 -0.853502 0.015473 0.813352 1 28 1.000000
MarioHand_alb.png
 29 -57.901367 -3.105953 105.118973 -0.111781 -0.499366 -0.859150 0.009796 0.797604 1 28 1.000000
 29 -58.024063 -1.630620 104.278259 -0.133170 0.260557 -0.956230 0.028763 0.796063 1 28 1.000000
 29 -56.681477 -2.932805 104.995331 0.098016 -0.401168 -0.910745 0.011200 0.780026 1 28 1.000000
MarioHand_alb.png
 29 -58.024063 -1.630620 104.278259 -0.133170 0.260557 -0.956230 0.028763 0.796063 1 28 1.000000
 29 -55.439407 -1.893791 105.109100 0.318954 0.244628 -0.915656 0.025452 0.762387 1 28 1.000000
 29 -55.780312 -2.489126 104.991730 0.260257 -0.115532 -0.958602 0.017380 0.767575 1 28 1.000000
MarioHand_alb.png
 29 -58.069664 3.492923 104.919426 -0.056821 -0.003909 -0.998377 0.079652 0.742016 1 28 1.000000
 29 -55.557922 3.491625 105.993538 0.392995 -0.003911 -0.919532 0.079210 0.708141 1 28 1.000000
 29 -55.887779 2.879088 106.014236 0.334457 -0.359770 -0.871037 0.070726 0.712642 1 28 1.000000
MarioHand_alb.png
 29 -59.236588 2.438886 106.206688 -0.258270 -0.620021 -0.740858 0.064927 0.758129 1 28 1.000000
 29 -58.069664 3.492923 104.919426 -0.056821 -0.003909 -0.998377 0.079652 0.742016 1 28 1.000000
 29 -58.011665 2.271287 106.137276 -0.043106 -0.706426 -0.706473 0.060624 0.741924 1 28 1.000000
MarioHand_alb.png
 29 -58.069664 3.492923 104.919426 -0.056821 -0.003909 -0.998377 0.079652 0.742016 1 28 1.000000
 29 -56.785885 2.432410 106.066841 0.168204 -0.622469 -0.764356 0.063508 0.724529 1 28 1.000000
 29 -58.011665 2.271287 106.137276 -0.043106 -0.706426 -0.706473 0.060624 0.741924 1 28 1.000000
MarioHand_alb.png
 29 -55.884754 4.105906 106.010361 0.336922 0.354474 -0.872257 0.087816 0.712413 1 28 1.000000
 29 -55.557922 3.491625 105.993538 0.392995 -0.003911 -0.919532 0.079210 0.708141 1 28 1.000000
 29 -58.069664 3.492923 104.919426 -0.056821 -0.003909 -0.998377 0.079652 0.742016 1 28 1.000000
MarioHand_alb.png
 29 -58.069664 3.492923 104.919426 -0.056821 -0.003909 -0.998377 0.079652 0.742016 1 28 1.000000
 29 -58.005638 4.724921 106.129555 -0.039292 0.700479 -0.712591 0.098680 0.741421 1 28 1.000000
 29 -56.780659 4.557323 106.060143 0.172064 0.616436 -0.768375 0.095338 0.724102 1 28 1.000000
MarioHand_alb.png
 29 -58.069664 3.492923 104.919426 -0.056821 -0.003909 -0.998377 0.079652 0.742016 1 28 1.000000
 29 -59.231377 4.563796 106.200012 -0.254439 0.616165 -0.745387 0.094804 0.757733 1 28 1.000000
 29 -58.005638 4.724921 106.129555 -0.039292 0.700479 -0.712591 0.098680 0.741421 1 28 1.000000
MarioHand_alb.png
 29 -63.236069 13.173477 97.315475 0.700420 0.614870 -0.362418 0.926528 0.261326 1 28 1.000000
 29 -62.556278 13.297714 98.308807 -0.434841 0.782141 -0.446284 0.929747 0.237446 1 28 1.000000
 29 -63.049019 11.249262 98.126183 -0.970559 0.195714 -0.140395 0.899718 0.235935 1 28 1.000000
MarioHand_alb.png
 29 -62.816940 11.029358 97.103874 0.917931 -0.234919 -0.319712 0.895689 0.256504 1 28 1.000000
 29 -63.236069 13.173477 97.315475 0.700420 0.614870 -0.362418 0.926528 0.261326 1 28 1.000000
 29 -63.049019 11.249262 98.126183 -0.970559 0.195714 -0.140395 0.899718 0.235935 1 28 1.000000
MarioHand_alb.png
 29 -64.245361 8.872521 97.924713 0.520353 -0.770706 -0.367757 0.858351 0.254963 1 28 1.000000
 29 -62.816940 11.029358 97.103874 0.917931 -0.234919 -0.319712 0.895689 0.256504 1 28 1.000000
 29 -63.049019 11.249262 98.126183 -0.970559 0.195714 -0.140395 0.899718 0.235935 1 28 1.000000
MarioHand_alb.png
 29 -62.833683 8.969271 98.408127 -0.847239 0.207423 -0.489041 0.856977 0.232593 1 28 1.000000
 29 -64.245361 8.872521 97.924713 0.520353 -0.770706 -0.367757 0.858351 0.254963 1 28 1.000000
 29 -63.049019 11.249262 98.126183 -0.970559 0.195714 -0.140395 0.899718 0.235935 1 28 1.000000
MarioHand_alb.png
 29 -64.245361 8.872521 97.924713 0.520353 -0.770706 -0.367757 0.858351 0.254963 1 28 1.000000
 29 -64.737473 8.880831 96.625557 0.560027 -0.696982 -0.447869 0.857832 0.276448 1 28 1.000000
 29 -62.816940 11.029358 97.103874 0.917931 -0.234919 -0.319712 0.895689 0.256504 1 28 1.000000
MarioHand_alb.png
 29 -62.833683 8.969271 98.408127 -0.847239 0.207423 -0.489041 0.856977 0.232593 1 28 1.000000
 29 -66.406448 7.960999 98.707603 0.111387 -0.981025 0.158688 0.822416 0.255192 1 28 1.000000
 29 -64.245361 8.872521 97.924713 0.520353 -0.770706 -0.367757 0.858351 0.254963 1 28 1.000000
MarioHand_alb.png
 29 -64.245361 8.872521 97.924713 0.520353 -0.770706 -0.367757 0.858351 0.254963 1 28 1.000000
 29 -66.406448 7.960999 98.707603 0.111387 -0.981025 0.158688 0.822416 0.255192 1 28 1.000000
 29 -64.737473 8.880831 96.625557 0.560027 -0.696982 -0.447869 0.857832 0.276448 1 28 1.000000
MarioHand_alb.png
 29 -64.839363 9.316025 100.200691 0.673628 0.332809 0.659896 0.813535 0.228641 1 28 1.000000
 29 -66.406448 7.960999 98.707603 0.111387 -0.981025 0.158688 0.822416 0.255192 1 28 1.000000
 29 -62.833683 8.969271 98.408127 -0.847239 0.207423 -0.489041 0.856977 0.232593 1 28 1.000000
MarioHand_alb.png
 29 -66.725601 9.406266 102.185555 -0.608832 0.242522 0.755319 0.771618 0.235294 1 28 1.000000
 29 -66.406448 7.960999 98.707603 0.111387 -0.981025 0.158688 0.822416 0.255192 1 28 1.000000
 29 -64.839363 9.316025 100.200691 0.673628 0.332809 0.659896 0.813535 0.228641 1 28 1.000000
MarioHand_alb.png
 29 -62.816940 11.029358 97.103874 0.917931 -0.234919 -0.319712 0.895689 0.256504 1 28 1.000000
 29 -64.737473 8.880831 96.625557 0.560027 -0.696982 -0.447869 0.857832 0.276448 1 28 1.000000
 29 -63.434669 11.153547 95.888504 0.710394 -0.170159 -0.682925 0.894499 0.281544 1 28 1.000000
MarioHand_alb.png
 29 -62.816940 11.029358 97.103874 0.917931 -0.234919 -0.319712 0.895689 0.256504 1 28 1.000000
 29 -63.434669 11.153547 95.888504 0.710394 -0.170159 -0.682925 0.894499 0.281544 1 28 1.000000
 29 -63.236069 13.173477 97.315475 0.700420 0.614870 -0.362418 0.926528 0.261326 1 28 1.000000
MarioHand_alb.png
 29 -67.697449 8.466949 99.866661 -0.491336 -0.805574 0.331118 0.794736 0.255497 1 28 1.000000
 29 -66.406448 7.960999 98.707603 0.111387 -0.981025 0.158688 0.822416 0.255192 1 28 1.000000
 29 -66.725601 9.406266 102.185555 -0.608832 0.242522 0.755319 0.771618 0.235294 1 28 1.000000
MarioHand_alb.png
 29 -63.236069 13.173477 97.315475 0.700420 0.614870 -0.362418 0.926528 0.261326 1 28 1.000000
 29 -63.434669 11.153547 95.888504 0.710394 -0.170159 -0.682925 0.894499 0.281544 1 28 1.000000
 29 -64.069870 13.324755 96.057205 0.612689 0.544305 -0.573013 0.924163 0.288533 1 28 1.000000
MarioHand_alb.png
 29 -67.697449 8.466949 99.866661 -0.491336 -0.805574 0.331118 0.794736 0.255497 1 28 1.000000
 29 -66.725601 9.406266 102.185555 -0.608832 0.242522 0.755319 0.771618 0.235294 1 28 1.000000
 29 -68.520004 9.880183 100.490646 -0.837506 -0.242461 0.489689 0.769512 0.255802 1 28 1.000000
MarioHand_alb.png
 29 -66.725601 9.406266 102.185555 -0.608832 0.242522 0.755319 0.771618 0.235294 1 28 1.000000
 29 -66.615631 11.758198 102.204659 -0.534076 0.321209 0.782040 0.738369 0.236393 1 28 1.000000
 29 -68.520004 9.880183 100.490646 -0.837506 -0.242461 0.489689 0.769512 0.255802 1 28 1.000000
MarioHand_alb.png
 29 -63.236069 13.173477 97.315475 0.700420 0.614870 -0.362418 0.926528 0.261326 1 28 1.000000
 29 -64.069870 13.324755 96.057205 0.612689 0.544305 -0.573013 0.924163 0.288533 1 28 1.000000
 29 -64.998199 14.487150 98.262688 0.160219 0.983442 -0.084687 0.962692 0.270115 1 28 1.000000
MarioHand_alb.png
 29 -63.236069 13.173477 97.315475 0.700420 0.614870 -0.362418 0.926528 0.261326 1 28 1.000000
 29 -64.998199 14.487150 98.262688 0.160219 0.983442 -0.084687 0.962692 0.270115 1 28 1.000000
 29 -62.556278 13.297714 98.308807 -0.434841 0.782141 -0.446284 0.929747 0.237446 1 28 1.000000
MarioHand_alb.png
 29 -64.998199 14.487150 98.262688 0.160219 0.983442 -0.084687 0.962692 0.270115 1 28 1.000000
 29 -64.139610 14.594780 99.891548 -0.174707 0.982631 0.062559 0.966781 0.245304 1 28 1.000000
 29 -62.556278 13.297714 98.308807 -0.434841 0.782141 -0.446284 0.929747 0.237446 1 28 1.000000
MarioHand_alb.png
 29 -64.069870 13.324755 96.057205 0.612689 0.544305 -0.573013 0.924163 0.288533 1 28 1.000000
 29 -66.188583 14.534464 96.751328 0.134277 0.984664 -0.111389 0.958877 0.297200 1 28 1.000000
 29 -64.998199 14.487150 98.262688 0.160219 0.983442 -0.084687 0.962692 0.270115 1 28 1.000000
MarioHand_alb.png
 29 -64.069870 13.324755 96.057205 0.612689 0.544305 -0.573013 0.924163 0.288533 1 28 1.000000
 29 -65.819412 13.467091 94.742310 0.452409 0.534232 -0.714089 0.921157 0.317021 1 28 1.000000
 29 -66.188583 14.534464 96.751328 0.134277 0.984664 -0.111389 0.958877 0.297200 1 28 1.000000
MarioHand_alb.png
 29 -67.286324 14.547795 94.368851 -0.037384 0.994885 -0.093843 0.954803 0.327001 1 28 1.000000
 29 -66.188583 14.534464 96.751328 0.134277 0.984664 -0.111389 0.958877 0.297200 1 28 1.000000
 29 -65.819412 13.467091 94.742310 0.452409 0.534232 -0.714089 0.921157 0.317021 1 28 1.000000
MarioHand_alb.png
 29 -66.744888 14.534778 93.005142 -0.099186 0.993100 -0.062563 0.948531 0.356588 1 28 1.000000
 29 -67.286324 14.547795 94.368851 -0.037384 0.994885 -0.093843 0.954803 0.327001 1 28 1.000000
 29 -65.819412 13.467091 94.742310 0.452409 0.534232 -0.714089 0.921157 0.317021 1 28 1.000000
MarioHand_alb.png
 29 -66.337830 13.600359 94.706673 -0.041198 0.856672 0.514213 0.916793 0.344335 1 28 1.000000
 29 -66.744888 14.534778 93.005142 -0.099186 0.993100 -0.062563 0.948531 0.356588 1 28 1.000000
 29 -65.819412 13.467091 94.742310 0.452409 0.534232 -0.714089 0.921157 0.317021 1 28 1.000000
MarioHand_alb.png
 29 -66.337830 13.600359 94.706673 -0.041198 0.856672 0.514213 0.916793 0.344335 1 28 1.000000
 29 -65.170868 14.445481 92.777443 0.072477 0.997033 0.025939 0.941192 0.377310 1 28 1.000000
 29 -66.744888 14.534778 93.005142 -0.099186 0.993100 -0.062563 0.948531 0.356588 1 28 1.000000
MarioHand_alb.png
 29 -65.087082 13.580521 94.931580 -0.067137 0.726781 0.683580 0.911772 0.363714 1 28 1.000000
 29 -65.170868 14.445481 92.777443 0.072477 0.997033 0.025939 0.941192 0.377310 1 28 1.000000
 29 -66.337830 13.600359 94.706673 -0.041198 0.856672 0.514213 0.916793 0.344335 1 28 1.000000
MarioHand_alb.png
 29 -65.087082 13.580521 94.931580 -0.067137 0.726781 0.683580 0.911772 0.363714 1 28 1.000000
 29 -63.551884 14.167371 92.982407 0.305562 0.949111 0.076295 0.929763 0.396536 1 28 1.000000
 29 -65.170868 14.445481 92.777443 0.072477 0.997033 0.025939 0.941192 0.377310 1 28 1.000000
MarioHand_alb.png
 29 -66.274162 11.328342 95.457634 -0.631842 0.029379 0.774540 0.886854 0.335775 1 28 1.000000
 29 -65.087082 13.580521 94.931580 -0.067137 0.726781 0.683580 0.911772 0.363714 1 28 1.000000
 29 -66.337830 13.600359 94.706673 -0.041198 0.856672 0.514213 0.916793 0.344335 1 28 1.000000
MarioHand_alb.png
 29 -66.274162 11.328342 95.457634 -0.631842 0.029379 0.774540 0.886854 0.335775 1 28 1.000000
 29 -66.337830 13.600359 94.706673 -0.041198 0.856672 0.514213 0.916793 0.344335 1 28 1.000000
 29 -65.819412 13.467091 94.742310 0.452409 0.534232 -0.714089 0.921157 0.317021 1 28 1.000000
MarioHand_alb.png
 29 -63.699783 13.400230 95.184578 0.204864 0.704912 0.679065 0.904067 0.382452 1 28 1.000000
 29 -63.551884 14.167371 92.982407 0.305562 0.949111 0.076295 0.929763 0.396536 1 28 1.000000
 29 -65.087082 13.580521 94.931580 -0.067137 0.726781 0.683580 0.911772 0.363714 1 28 1.000000
MarioHand_alb.png
 29 -62.255806 13.358327 93.097214 0.710315 0.698394 0.087740 0.913741 0.412390 1 28 1.000000
 29 -63.551884 14.167371 92.982407 0.305562 0.949111 0.076295 0.929763 0.396536 1 28 1.000000
 29 -63.699783 13.400230 95.184578 0.204864 0.704912 0.679065 0.904067 0.382452 1 28 1.000000
MarioHand_alb.png
 29 -65.141968 11.324701 95.908806 -0.231102 0.049004 0.971695 0.882628 0.355383 1 28 1.000000
 29 -65.087082 13.580521 94.931580 -0.067137 0.726781 0.683580 0.911772 0.363714 1 28 1.000000
 29 -66.274162 11.328342 95.457634 -0.631842 0.029379 0.774540 0.886854 0.335775 1 28 1.000000
MarioHand_alb.png
 29 -65.141968 11.324701 95.908806 -0.231102 0.049004 0.971695 0.882628 0.355383 1 28 1.000000
 29 -63.699783 13.400230 95.184578 0.204864 0.704912 0.679065 0.904067 0.382452 1 28 1.000000
 29 -65.087082 13.580521 94.931580 -0.067137 0.726781 0.683580 0.911772 0.363714 1 28 1.000000
MarioHand_alb.png
 29 -66.274162 11.328342 95.457634 -0.631842 0.029379 0.774540 0.886854 0.335775 1 28 1.000000
 29 -65.819412 13.467091 94.742310 0.452409 0.534232 -0.714089 0.921157 0.317021 1 28 1.000000
 29 -65.386475 11.248997 94.974571 0.412780 -0.142775 -0.899571 0.891188 0.309285 1 28 1.000000
MarioHand_alb.png
 29 -64.069870 13.324755 96.057205 0.612689 0.544305 -0.573013 0.924163 0.288533 1 28 1.000000
 29 -65.386475 11.248997 94.974571 0.412780 -0.142775 -0.899571 0.891188 0.309285 1 28 1.000000
 29 -65.819412 13.467091 94.742310 0.452409 0.534232 -0.714089 0.921157 0.317021 1 28 1.000000
MarioHand_alb.png
 29 -64.069870 13.324755 96.057205 0.612689 0.544305 -0.573013 0.924163 0.288533 1 28 1.000000
 29 -63.434669 11.153547 95.888504 0.710394 -0.170159 -0.682925 0.894499 0.281544 1 28 1.000000
 29 -65.386475 11.248997 94.974571 0.412780 -0.142775 -0.899571 0.891188 0.309285 1 28 1.000000
MarioHand_alb.png
 29 -64.737473 8.880831 96.625557 0.560027 -0.696982 -0.447869 0.857832 0.276448 1 28 1.000000
 29 -65.386475 11.248997 94.974571 0.412780 -0.142775 -0.899571 0.891188 0.309285 1 28 1.000000
 29 -63.434669 11.153547 95.888504 0.710394 -0.170159 -0.682925 0.894499 0.281544 1 28 1.000000
MarioHand_alb.png
 29 -65.386475 11.248997 94.974571 0.412780 -0.142775 -0.899571 0.891188 0.309285 1 28 1.000000
 29 -66.303253 8.948151 94.930649 0.462348 -0.671492 -0.579079 0.857145 0.303471 1 28 1.000000
 29 -66.274162 11.328342 95.457634 -0.631842 0.029379 0.774540 0.886854 0.335775 1 28 1.000000
MarioHand_alb.png
 29 -66.303253 8.948151 94.930649 0.462348 -0.671492 -0.579079 0.857145 0.303471 1 28 1.000000
 29 -66.604172 8.960033 94.789909 -0.007630 -0.817916 0.575288 0.855268 0.329213 1 28 1.000000
 29 -66.274162 11.328342 95.457634 -0.631842 0.029379 0.774540 0.886854 0.335775 1 28 1.000000
MarioHand_alb.png
 29 -64.737473 8.880831 96.625557 0.560027 -0.696982 -0.447869 0.857832 0.276448 1 28 1.000000
 29 -66.303253 8.948151 94.930649 0.462348 -0.671492 -0.579079 0.857145 0.303471 1 28 1.000000
 29 -65.386475 11.248997 94.974571 0.412780 -0.142775 -0.899571 0.891188 0.309285 1 28 1.000000
MarioHand_alb.png
 29 -66.973907 7.920825 97.256798 0.067901 -0.995729 -0.062561 0.822080 0.276143 1 28 1.000000
 29 -66.303253 8.948151 94.930649 0.462348 -0.671492 -0.579079 0.857145 0.303471 1 28 1.000000
 29 -64.737473 8.880831 96.625557 0.560027 -0.696982 -0.447869 0.857832 0.276448 1 28 1.000000
MarioHand_alb.png
 29 -66.973907 7.920825 97.256798 0.067901 -0.995729 -0.062561 0.822080 0.276143 1 28 1.000000
 29 -64.737473 8.880831 96.625557 0.560027 -0.696982 -0.447869 0.857832 0.276448 1 28 1.000000
 29 -66.406448 7.960999 98.707603 0.111387 -0.981025 0.158688 0.822416 0.255192 1 28 1.000000
MarioHand_alb.png
 29 -66.973907 7.920825 97.256798 0.067901 -0.995729 -0.062561 0.822080 0.276143 1 28 1.000000
 29 -67.874634 7.890510 94.667313 -0.059510 -0.996406 -0.060273 0.822248 0.301381 1 28 1.000000
 29 -66.303253 8.948151 94.930649 0.462348 -0.671492 -0.579079 0.857145 0.303471 1 28 1.000000
MarioHand_alb.png
 29 -68.597778 8.465726 97.594505 -0.659175 -0.737280 0.148009 0.796918 0.276814 1 28 1.000000
 29 -66.973907 7.920825 97.256798 0.067901 -0.995729 -0.062561 0.822080 0.276143 1 28 1.000000
 29 -66.406448 7.960999 98.707603 0.111387 -0.981025 0.158688 0.822416 0.255192 1 28 1.000000
MarioHand_alb.png
 29 -68.597778 8.465726 97.594505 -0.659175 -0.737280 0.148009 0.796918 0.276814 1 28 1.000000
 29 -67.874634 7.890510 94.667313 -0.059510 -0.996406 -0.060273 0.822248 0.301381 1 28 1.000000
 29 -66.973907 7.920825 97.256798 0.067901 -0.995729 -0.062561 0.822080 0.276143 1 28 1.000000
MarioHand_alb.png
 29 -67.697449 8.466949 99.866661 -0.491336 -0.805574 0.331118 0.794736 0.255497 1 28 1.000000
 29 -68.597778 8.465726 97.594505 -0.659175 -0.737280 0.148009 0.796918 0.276814 1 28 1.000000
 29 -66.406448 7.960999 98.707603 0.111387 -0.981025 0.158688 0.822416 0.255192 1 28 1.000000
MarioHand_alb.png
 29 -67.098152 7.864732 93.205330 -0.109099 -0.994002 0.007629 0.823240 0.326421 1 28 1.000000
 29 -66.303253 8.948151 94.930649 0.462348 -0.671492 -0.579079 0.857145 0.303471 1 28 1.000000
 29 -67.874634 7.890510 94.667313 -0.059510 -0.996406 -0.060273 0.822248 0.301381 1 28 1.000000
MarioHand_alb.png
 29 -66.604172 8.960033 94.789909 -0.007630 -0.817916 0.575288 0.855268 0.329213 1 28 1.000000
 29 -66.303253 8.948151 94.930649 0.462348 -0.671492 -0.579079 0.857145 0.303471 1 28 1.000000
 29 -67.098152 7.864732 93.205330 -0.109099 -0.994002 0.007629 0.823240 0.326421 1 28 1.000000
MarioHand_alb.png
 29 -68.926720 8.382812 94.429085 -0.725620 -0.679267 -0.109873 0.798795 0.302281 1 28 1.000000
 29 -67.874634 7.890510 94.667313 -0.059510 -0.996406 -0.060273 0.822248 0.301381 1 28 1.000000
 29 -68.597778 8.465726 97.594505 -0.659175 -0.737280 0.148009 0.796918 0.276814 1 28 1.000000
MarioHand_alb.png
 29 -67.098152 7.864732 93.205330 -0.109099 -0.994002 0.007629 0.823240 0.326421 1 28 1.000000
 29 -67.874634 7.890510 94.667313 -0.059510 -0.996406 -0.060273 0.822248 0.301381 1 28 1.000000
 29 -68.926720 8.382812 94.429085 -0.725620 -0.679267 -0.109873 0.798795 0.302281 1 28 1.000000
MarioHand_alb.png
 29 -69.513794 9.890423 98.106651 -0.950634 -0.240519 0.196078 0.772381 0.279042 1 28 1.000000
 29 -68.597778 8.465726 97.594505 -0.659175 -0.737280 0.148009 0.796918 0.276814 1 28 1.000000
 29 -67.697449 8.466949 99.866661 -0.491336 -0.805574 0.331118 0.794736 0.255497 1 28 1.000000
MarioHand_alb.png
 29 -69.513794 9.890423 98.106651 -0.950634 -0.240519 0.196078 0.772381 0.279042 1 28 1.000000
 29 -67.697449 8.466949 99.866661 -0.491336 -0.805574 0.331118 0.794736 0.255497 1 28 1.000000
 29 -68.520004 9.880183 100.490646 -0.837506 -0.242461 0.489689 0.769512 0.255802 1 28 1.000000
MarioHand_alb.png
 29 -69.600258 9.693350 94.210266 -0.951149 -0.228634 -0.207468 0.776028 0.305470 1 28 1.000000
 29 -68.926720 8.382812 94.429085 -0.725620 -0.679267 -0.109873 0.798795 0.302281 1 28 1.000000
 29 -68.597778 8.465726 97.594505 -0.659175 -0.737280 0.148009 0.796918 0.276814 1 28 1.000000
MarioHand_alb.png
 29 -69.513794 9.890423 98.106651 -0.950634 -0.240519 0.196078 0.772381 0.279042 1 28 1.000000
 29 -69.600258 9.693350 94.210266 -0.951149 -0.228634 -0.207468 0.776028 0.305470 1 28 1.000000
 29 -68.597778 8.465726 97.594505 -0.659175 -0.737280 0.148009 0.796918 0.276814 1 28 1.000000
MarioHand_alb.png
 29 -67.620071 8.290714 92.193962 -0.505044 -0.702637 -0.501230 0.800641 0.327733 1 28 1.000000
 29 -67.098152 7.864732 93.205330 -0.109099 -0.994002 0.007629 0.823240 0.326421 1 28 1.000000
 29 -68.926720 8.382812 94.429085 -0.725620 -0.679267 -0.109873 0.798795 0.302281 1 28 1.000000
MarioHand_alb.png
 29 -69.600258 9.693350 94.210266 -0.951149 -0.228634 -0.207468 0.776028 0.305470 1 28 1.000000
 29 -67.620071 8.290714 92.193962 -0.505044 -0.702637 -0.501230 0.800641 0.327733 1 28 1.000000
 29 -68.926720 8.382812 94.429085 -0.725620 -0.679267 -0.109873 0.798795 0.302281 1 28 1.000000
MarioHand_alb.png
 29 -69.525635 11.673801 98.092834 -0.964674 0.178396 0.193851 0.748653 0.283925 1 28 1.000000
 29 -69.513794 9.890423 98.106651 -0.950634 -0.240519 0.196078 0.772381 0.279042 1 28 1.000000
 29 -68.520004 9.880183 100.490646 -0.837506 -0.242461 0.489689 0.769512 0.255802 1 28 1.000000
MarioHand_alb.png
 29 -67.823509 9.487391 91.444138 -0.665163 -0.293679 -0.686521 0.780301 0.331640 1 28 1.000000
 29 -67.620071 8.290714 92.193962 -0.505044 -0.702637 -0.501230 0.800641 0.327733 1 28 1.000000
 29 -69.600258 9.693350 94.210266 -0.951149 -0.228634 -0.207468 0.776028 0.305470 1 28 1.000000
MarioHand_alb.png
 29 -69.619766 11.450737 94.083824 -0.965867 0.105666 -0.236508 0.753567 0.311208 1 28 1.000000
 29 -69.600258 9.693350 94.210266 -0.951149 -0.228634 -0.207468 0.776028 0.305470 1 28 1.000000
 29 -69.513794 9.890423 98.106651 -0.950634 -0.240519 0.196078 0.772381 0.279042 1 28 1.000000
MarioHand_alb.png
 29 -69.619766 11.450737 94.083824 -0.965867 0.105666 -0.236508 0.753567 0.311208 1 28 1.000000
 29 -69.513794 9.890423 98.106651 -0.950634 -0.240519 0.196078 0.772381 0.279042 1 28 1.000000
 29 -69.525635 11.673801 98.092834 -0.964674 0.178396 0.193851 0.748653 0.283925 1 28 1.000000
MarioHand_alb.png
 29 -67.823509 9.487391 91.444138 -0.665163 -0.293679 -0.686521 0.780301 0.331640 1 28 1.000000
 29 -69.600258 9.693350 94.210266 -0.951149 -0.228634 -0.207468 0.776028 0.305470 1 28 1.000000
 29 -69.619766 11.450737 94.083824 -0.965867 0.105666 -0.236508 0.753567 0.311208 1 28 1.000000
MarioHand_alb.png
 29 -69.525635 11.673801 98.092834 -0.964674 0.178396 0.193851 0.748653 0.283925 1 28 1.000000
 29 -68.520004 9.880183 100.490646 -0.837506 -0.242461 0.489689 0.769512 0.255802 1 28 1.000000
 29 -68.322914 11.737936 100.530663 -0.829148 0.226547 0.511067 0.743694 0.259678 1 28 1.000000
MarioHand_alb.png
 29 -68.520004 9.880183 100.490646 -0.837506 -0.242461 0.489689 0.769512 0.255802 1 28 1.000000
 29 -66.615631 11.758198 102.204659 -0.534076 0.321209 0.782040 0.738369 0.236393 1 28 1.000000
 29 -68.322914 11.737936 100.530663 -0.829148 0.226547 0.511067 0.743694 0.259678 1 28 1.000000
MarioHand_alb.png
 29 -69.525635 11.673801 98.092834 -0.964674 0.178396 0.193851 0.748653 0.283925 1 28 1.000000
 29 -68.322914 11.737936 100.530663 -0.829148 0.226547 0.511067 0.743694 0.259678 1 28 1.000000
 29 -68.920029 13.207544 97.824509 -0.809551 0.557758 0.183122 0.726696 0.290105 1 28 1.000000
MarioHand_alb.png
 29 -69.619766 11.450737 94.083824 -0.965867 0.105666 -0.236508 0.753567 0.311208 1 28 1.000000
 29 -69.525635 11.673801 98.092834 -0.964674 0.178396 0.193851 0.748653 0.283925 1 28 1.000000
 29 -68.920029 13.207544 97.824509 -0.809551 0.557758 0.183122 0.726696 0.290105 1 28 1.000000
MarioHand_alb.png
 29 -66.615631 11.758198 102.204659 -0.534076 0.321209 0.782040 0.738369 0.236393 1 28 1.000000
 29 -67.730080 13.142342 100.208466 -0.634018 0.624386 0.456249 0.722560 0.264103 1 28 1.000000
 29 -68.322914 11.737936 100.530663 -0.829148 0.226547 0.511067 0.743694 0.259678 1 28 1.000000
MarioHand_alb.png
 29 -68.920029 13.207544 97.824509 -0.809551 0.557758 0.183122 0.726696 0.290105 1 28 1.000000
 29 -68.322914 11.737936 100.530663 -0.829148 0.226547 0.511067 0.743694 0.259678 1 28 1.000000
 29 -67.730080 13.142342 100.208466 -0.634018 0.624386 0.456249 0.722560 0.264103 1 28 1.000000
MarioHand_alb.png
 29 -66.615631 11.758198 102.204659 -0.534076 0.321209 0.782040 0.738369 0.236393 1 28 1.000000
 29 -65.195671 13.740108 101.297256 -0.327299 0.793739 0.512693 0.703426 0.242115 1 28 1.000000
 29 -67.730080 13.142342 100.208466 -0.634018 0.624386 0.456249 0.722560 0.264103 1 28 1.000000
MarioHand_alb.png
 29 -65.195671 13.740108 101.297256 -0.327299 0.793739 0.512693 0.703426 0.242115 1 28 1.000000
 29 -66.583778 14.168840 99.456467 -0.328822 0.909791 0.253292 0.698543 0.269673 1 28 1.000000
 29 -67.730080 13.142342 100.208466 -0.634018 0.624386 0.456249 0.722560 0.264103 1 28 1.000000
MarioHand_alb.png
 29 -68.920029 13.207544 97.824509 -0.809551 0.557758 0.183122 0.726696 0.290105 1 28 1.000000
 29 -67.730080 13.142342 100.208466 -0.634018 0.624386 0.456249 0.722560 0.264103 1 28 1.000000
 29 -66.583778 14.168840 99.456467 -0.328822 0.909791 0.253292 0.698543 0.269673 1 28 1.000000
MarioHand_alb.png
 29 -65.195671 13.740108 101.297256 -0.327299 0.793739 0.512693 0.703426 0.242115 1 28 1.000000
 29 -64.139610 14.594780 99.891548 -0.174707 0.982631 0.062559 0.669795 0.249866 1 28 1.000000
 29 -66.583778 14.168840 99.456467 -0.328822 0.909791 0.253292 0.698543 0.269673 1 28 1.000000
MarioHand_alb.png
 29 -64.998199 14.487150 98.262688 0.160219 0.983442 -0.084687 0.676936 0.274189 1 28 1.000000
 29 -66.583778 14.168840 99.456467 -0.328822 0.909791 0.253292 0.698543 0.269673 1 28 1.000000
 29 -64.139610 14.594780 99.891548 -0.174707 0.982631 0.062559 0.669795 0.249866 1 28 1.000000
MarioHand_alb.png
 29 -66.188583 14.534464 96.751328 0.134277 0.984664 -0.111389 0.682094 0.301030 1 28 1.000000
 29 -66.583778 14.168840 99.456467 -0.328822 0.909791 0.253292 0.698543 0.269673 1 28 1.000000
 29 -64.998199 14.487150 98.262688 0.160219 0.983442 -0.084687 0.676936 0.274189 1 28 1.000000
MarioHand_alb.png
 29 -66.188583 14.534464 96.751328 0.134277 0.984664 -0.111389 0.682094 0.301030 1 28 1.000000
 29 -67.651917 14.185141 97.358727 -0.466907 0.872971 0.141140 0.704234 0.296056 1 28 1.000000
 29 -66.583778 14.168840 99.456467 -0.328822 0.909791 0.253292 0.698543 0.269673 1 28 1.000000
MarioHand_alb.png
 29 -67.651917 14.185141 97.358727 -0.466907 0.872971 0.141140 0.704234 0.296056 1 28 1.000000
 29 -68.920029 13.207544 97.824509 -0.809551 0.557758 0.183122 0.726696 0.290105 1 28 1.000000
 29 -66.583778 14.168840 99.456467 -0.328822 0.909791 0.253292 0.698543 0.269673 1 28 1.000000
MarioHand_alb.png
 29 -67.286324 14.547795 94.368851 -0.037384 0.994885 -0.093843 0.688640 0.329915 1 28 1.000000
 29 -67.651917 14.185141 97.358727 -0.466907 0.872971 0.141140 0.704234 0.296056 1 28 1.000000
 29 -66.188583 14.534464 96.751328 0.134277 0.984664 -0.111389 0.682094 0.301030 1 28 1.000000
MarioHand_alb.png
 29 -67.286324 14.547795 94.368851 -0.037384 0.994885 -0.093843 0.688640 0.329915 1 28 1.000000
 29 -68.350037 14.115058 94.176552 -0.620246 0.777310 -0.105282 0.710582 0.324132 1 28 1.000000
 29 -67.651917 14.185141 97.358727 -0.466907 0.872971 0.141140 0.704234 0.296056 1 28 1.000000
MarioHand_alb.png
 29 -68.350037 14.115058 94.176552 -0.620246 0.777310 -0.105282 0.710582 0.324132 1 28 1.000000
 29 -68.920029 13.207544 97.824509 -0.809551 0.557758 0.183122 0.726696 0.290105 1 28 1.000000
 29 -67.651917 14.185141 97.358727 -0.466907 0.872971 0.141140 0.704234 0.296056 1 28 1.000000
MarioHand_alb.png
 29 -66.744888 14.534778 93.005142 -0.099186 0.993100 -0.062564 0.697047 0.358618 1 28 1.000000
 29 -68.350037 14.115058 94.176552 -0.620246 0.777310 -0.105282 0.710582 0.324132 1 28 1.000000
 29 -67.286324 14.547795 94.368851 -0.037384 0.994885 -0.093843 0.688640 0.329915 1 28 1.000000
MarioHand_alb.png
 29 -69.218132 13.010403 94.069061 -0.878331 0.434587 -0.199170 0.732525 0.317418 1 28 1.000000
 29 -68.920029 13.207544 97.824509 -0.809551 0.557758 0.183122 0.726696 0.290105 1 28 1.000000
 29 -68.350037 14.115058 94.176552 -0.620246 0.777310 -0.105282 0.710582 0.324132 1 28 1.000000
MarioHand_alb.png
 29 -69.619766 11.450737 94.083824 -0.965867 0.105666 -0.236508 0.753567 0.311208 1 28 1.000000
 29 -68.920029 13.207544 97.824509 -0.809551 0.557758 0.183122 0.726696 0.290105 1 28 1.000000
 29 -69.218132 13.010403 94.069061 -0.878331 0.434587 -0.199170 0.732525 0.317418 1 28 1.000000
MarioHand_alb.png
 29 -67.286636 14.032578 92.058922 -0.457764 0.714780 -0.528718 0.718334 0.351095 1 28 1.000000
 29 -68.350037 14.115058 94.176552 -0.620246 0.777310 -0.105282 0.710582 0.324132 1 28 1.000000
 29 -66.744888 14.534778 93.005142 -0.099186 0.993100 -0.062564 0.697047 0.358618 1 28 1.000000
MarioHand_alb.png
 29 -67.286636 14.032578 92.058922 -0.457764 0.714780 -0.528718 0.718334 0.351095 1 28 1.000000
 29 -69.218132 13.010403 94.069061 -0.878331 0.434587 -0.199170 0.732525 0.317418 1 28 1.000000
 29 -68.350037 14.115058 94.176552 -0.620246 0.777310 -0.105282 0.710582 0.324132 1 28 1.000000
MarioHand_alb.png
 29 -65.285629 13.912944 91.302902 -0.036619 0.779302 -0.625578 0.725582 0.370108 1 28 1.000000
 29 -67.286636 14.032578 92.058922 -0.457764 0.714780 -0.528718 0.718334 0.351095 1 28 1.000000
 29 -66.744888 14.534778 93.005142 -0.099186 0.993100 -0.062564 0.697047 0.358618 1 28 1.000000
MarioHand_alb.png
 29 -65.285629 13.912944 91.302902 -0.036619 0.779302 -0.625578 0.725582 0.370108 1 28 1.000000
 29 -66.744888 14.534778 93.005142 -0.099186 0.993100 -0.062564 0.697047 0.358618 1 28 1.000000
 29 -65.170868 14.445481 92.777443 0.072477 0.997033 0.025939 0.705592 0.379049 1 28 1.000000
MarioHand_alb.png
 29 -67.634323 12.799453 91.353287 -0.634689 0.348716 -0.689614 0.739742 0.343679 1 28 1.000000
 29 -69.218132 13.010403 94.069061 -0.878331 0.434587 -0.199170 0.732525 0.317418 1 28 1.000000
 29 -67.286636 14.032578 92.058922 -0.457764 0.714780 -0.528718 0.718334 0.351095 1 28 1.000000
MarioHand_alb.png
 29 -67.634323 12.799453 91.353287 -0.634689 0.348716 -0.689614 0.739742 0.343679 1 28 1.000000
 29 -67.286636 14.032578 92.058922 -0.457764 0.714780 -0.528718 0.718334 0.351095 1 28 1.000000
 29 -65.285629 13.912944 91.302902 -0.036619 0.779302 -0.625578 0.725582 0.370108 1 28 1.000000
MarioHand_alb.png
 29 -67.634323 12.799453 91.353287 -0.634689 0.348716 -0.689614 0.739742 0.343679 1 28 1.000000
 29 -69.619766 11.450737 94.083824 -0.965867 0.105666 -0.236508 0.753567 0.311208 1 28 1.000000
 29 -69.218132 13.010403 94.069061 -0.878331 0.434587 -0.199170 0.732525 0.317418 1 28 1.000000
MarioHand_alb.png
 29 -65.285629 13.912944 91.302902 -0.036619 0.779302 -0.625578 0.725582 0.370108 1 28 1.000000
 29 -65.170868 14.445481 92.777443 0.072477 0.997033 0.025939 0.705592 0.379049 1 28 1.000000
 29 -63.495049 13.647602 91.434166 0.320418 0.780829 -0.536319 0.735424 0.387945 1 28 1.000000
MarioHand_alb.png
 29 -65.170868 14.445481 92.777443 0.072477 0.997033 0.025939 0.705592 0.379049 1 28 1.000000
 29 -63.551884 14.167371 92.982407 0.305562 0.949111 0.076295 0.717464 0.398520 1 28 1.000000
 29 -63.495049 13.647602 91.434166 0.320418 0.780829 -0.536319 0.735424 0.387945 1 28 1.000000
MarioHand_alb.png
 29 -65.415039 12.641591 90.230919 -0.176265 0.385436 -0.905742 0.746166 0.362524 1 28 1.000000
 29 -67.634323 12.799453 91.353287 -0.634689 0.348716 -0.689614 0.739742 0.343679 1 28 1.000000
 29 -65.285629 13.912944 91.302902 -0.036619 0.779302 -0.625578 0.725582 0.370108 1 28 1.000000
MarioHand_alb.png
 29 -65.415039 12.641591 90.230919 -0.176265 0.385436 -0.905742 0.746166 0.362524 1 28 1.000000
 29 -65.285629 13.912944 91.302902 -0.036619 0.779302 -0.625578 0.725582 0.370108 1 28 1.000000
 29 -63.495049 13.647602 91.434166 0.320418 0.780829 -0.536319 0.735424 0.387945 1 28 1.000000
MarioHand_alb.png
 29 -67.808975 11.200925 91.180176 -0.695368 0.023567 -0.718267 0.759518 0.337530 1 28 1.000000
 29 -69.619766 11.450737 94.083824 -0.965867 0.105666 -0.236508 0.753567 0.311208 1 28 1.000000
 29 -67.634323 12.799453 91.353287 -0.634689 0.348716 -0.689614 0.739742 0.343679 1 28 1.000000
MarioHand_alb.png
 29 -67.808975 11.200925 91.180176 -0.695368 0.023567 -0.718267 0.759518 0.337530 1 28 1.000000
 29 -67.634323 12.799453 91.353287 -0.634689 0.348716 -0.689614 0.739742 0.343679 1 28 1.000000
 29 -65.415039 12.641591 90.230919 -0.176265 0.385436 -0.905742 0.746166 0.362524 1 28 1.000000
MarioHand_alb.png
 29 -67.808975 11.200925 91.180176 -0.695368 0.023567 -0.718267 0.759518 0.337530 1 28 1.000000
 29 -67.823509 9.487391 91.444138 -0.665163 -0.293679 -0.686521 0.780301 0.331640 1 28 1.000000
 29 -69.619766 11.450737 94.083824 -0.965867 0.105666 -0.236508 0.753567 0.311208 1 28 1.000000
MarioHand_alb.png
 29 -63.495049 13.647602 91.434166 0.320418 0.780829 -0.536319 0.735424 0.387945 1 28 1.000000
 29 -63.551884 14.167371 92.982407 0.305562 0.949111 0.076295 0.717464 0.398520 1 28 1.000000
 29 -62.211483 12.977318 91.913239 0.736568 0.573501 -0.358557 0.746731 0.404288 1 28 1.000000
MarioHand_alb.png
 29 -63.551884 14.167371 92.982407 0.305562 0.949111 0.076295 0.717464 0.398520 1 28 1.000000
 29 -62.255806 13.358327 93.097214 0.710315 0.698394 0.087740 0.733684 0.414237 1 28 1.000000
 29 -62.211483 12.977318 91.913239 0.736568 0.573501 -0.358557 0.746731 0.404288 1 28 1.000000
MarioHand_alb.png
 29 -61.644699 11.027184 93.261482 0.994877 -0.041199 0.092316 0.764721 0.429969 1 28 1.000000
 29 -62.211483 12.977318 91.913239 0.736568 0.573501 -0.358557 0.746731 0.404288 1 28 1.000000
 29 -62.255806 13.358327 93.097214 0.710315 0.698394 0.087740 0.733684 0.414237 1 28 1.000000
MarioHand_alb.png
 29 -62.212021 12.129517 91.200539 0.746942 0.285540 -0.600453 0.761532 0.399847 1 28 1.000000
 29 -62.211483 12.977318 91.913239 0.736568 0.573501 -0.358557 0.746731 0.404288 1 28 1.000000
 29 -61.644699 11.027184 93.261482 0.994877 -0.041199 0.092316 0.764721 0.429969 1 28 1.000000
MarioHand_alb.png
 29 -62.212021 12.129517 91.200539 0.746942 0.285540 -0.600453 0.761532 0.399847 1 28 1.000000
 29 -63.495049 13.647602 91.434166 0.320418 0.780829 -0.536319 0.735424 0.387945 1 28 1.000000
 29 -62.211483 12.977318 91.913239 0.736568 0.573501 -0.358557 0.746731 0.404288 1 28 1.000000
MarioHand_alb.png
 29 -62.212021 12.129517 91.200539 0.746942 0.285540 -0.600453 0.761532 0.399847 1 28 1.000000
 29 -61.644699 11.027184 93.261482 0.994877 -0.041199 0.092316 0.764721 0.429969 1 28 1.000000
 29 -62.250790 10.926317 90.925430 0.735418 -0.080103 -0.672862 0.780499 0.398138 1 28 1.000000
MarioHand_alb.png
 29 -63.502625 12.446659 90.350838 0.287708 0.395408 -0.872282 0.754299 0.380926 1 28 1.000000
 29 -63.495049 13.647602 91.434166 0.320418 0.780829 -0.536319 0.735424 0.387945 1 28 1.000000
 29 -62.212021 12.129517 91.200539 0.746942 0.285540 -0.600453 0.761532 0.399847 1 28 1.000000
MarioHand_alb.png
 29 -63.502625 12.446659 90.350838 0.287708 0.395408 -0.872282 0.754299 0.380926 1 28 1.000000
 29 -62.212021 12.129517 91.200539 0.746942 0.285540 -0.600453 0.761532 0.399847 1 28 1.000000
 29 -62.250790 10.926317 90.925430 0.735418 -0.080103 -0.672862 0.780499 0.398138 1 28 1.000000
MarioHand_alb.png
 29 -65.415039 12.641591 90.230919 -0.176265 0.385436 -0.905742 0.746166 0.362524 1 28 1.000000
 29 -63.495049 13.647602 91.434166 0.320418 0.780829 -0.536319 0.735424 0.387945 1 28 1.000000
 29 -63.502625 12.446659 90.350838 0.287708 0.395408 -0.872282 0.754299 0.380926 1 28 1.000000
MarioHand_alb.png
 29 -65.509201 11.027920 89.982361 -0.228845 -0.041192 -0.972591 0.764981 0.356756 1 28 1.000000
 29 -65.415039 12.641591 90.230919 -0.176265 0.385436 -0.905742 0.746166 0.362524 1 28 1.000000
 29 -63.502625 12.446659 90.350838 0.287708 0.395408 -0.872282 0.754299 0.380926 1 28 1.000000
MarioHand_alb.png
 29 -65.509201 11.027920 89.982361 -0.228845 -0.041192 -0.972591 0.764981 0.356756 1 28 1.000000
 29 -67.808975 11.200925 91.180176 -0.695368 0.023567 -0.718267 0.759518 0.337530 1 28 1.000000
 29 -65.415039 12.641591 90.230919 -0.176265 0.385436 -0.905742 0.746166 0.362524 1 28 1.000000
MarioHand_alb.png
 29 -63.545479 10.941751 90.107140 0.266268 -0.080300 -0.960548 0.771618 0.376806 1 28 1.000000
 29 -65.509201 11.027920 89.982361 -0.228845 -0.041192 -0.972591 0.764981 0.356756 1 28 1.000000
 29 -63.502625 12.446659 90.350838 0.287708 0.395408 -0.872282 0.754299 0.380926 1 28 1.000000
MarioHand_alb.png
 29 -63.545479 10.941751 90.107140 0.266268 -0.080300 -0.960548 0.771618 0.376806 1 28 1.000000
 29 -63.502625 12.446659 90.350838 0.287708 0.395408 -0.872282 0.754299 0.380926 1 28 1.000000
 29 -62.250790 10.926317 90.925430 0.735418 -0.080103 -0.672862 0.780499 0.398138 1 28 1.000000
MarioHand_alb.png
 29 -65.509201 11.027920 89.982361 -0.228845 -0.041192 -0.972591 0.764981 0.356756 1 28 1.000000
 29 -65.560318 9.367580 90.402252 -0.186148 -0.436190 -0.880390 0.784070 0.350683 1 28 1.000000
 29 -67.808975 11.200925 91.180176 -0.695368 0.023567 -0.718267 0.759518 0.337530 1 28 1.000000
MarioHand_alb.png
 29 -63.545479 10.941751 90.107140 0.266268 -0.080300 -0.960548 0.771618 0.376806 1 28 1.000000
 29 -65.560318 9.367580 90.402252 -0.186148 -0.436190 -0.880390 0.784070 0.350683 1 28 1.000000
 29 -65.509201 11.027920 89.982361 -0.228845 -0.041192 -0.972591 0.764981 0.356756 1 28 1.000000
MarioHand_alb.png
 29 -65.560318 9.367580 90.402252 -0.186148 -0.436190 -0.880390 0.784070 0.350683 1 28 1.000000
 29 -67.823509 9.487391 91.444138 -0.665163 -0.293679 -0.686521 0.780301 0.331640 1 28 1.000000
 29 -67.808975 11.200925 91.180176 -0.695368 0.023567 -0.718267 0.759518 0.337530 1 28 1.000000
MarioHand_alb.png
 29 -63.545479 10.941751 90.107140 0.266268 -0.080300 -0.960548 0.771618 0.376806 1 28 1.000000
 29 -62.250790 10.926317 90.925430 0.735418 -0.080103 -0.672862 0.780499 0.398138 1 28 1.000000
 29 -63.623802 9.382196 90.622200 0.266245 -0.518663 -0.812467 0.789242 0.370443 1 28 1.000000
MarioHand_alb.png
 29 -63.545479 10.941751 90.107140 0.266268 -0.080300 -0.960548 0.771618 0.376806 1 28 1.000000
 29 -63.623802 9.382196 90.622200 0.266245 -0.518663 -0.812467 0.789242 0.370443 1 28 1.000000
 29 -65.560318 9.367580 90.402252 -0.186148 -0.436190 -0.880390 0.784070 0.350683 1 28 1.000000
MarioHand_alb.png
 29 -65.560318 9.367580 90.402252 -0.186148 -0.436190 -0.880390 0.784070 0.350683 1 28 1.000000
 29 -65.557220 8.265352 91.518501 -0.064089 -0.831629 -0.551622 0.803143 0.346334 1 28 1.000000
 29 -67.823509 9.487391 91.444138 -0.665163 -0.293679 -0.686521 0.780301 0.331640 1 28 1.000000
MarioHand_alb.png
 29 -65.560318 9.367580 90.402252 -0.186148 -0.436190 -0.880390 0.784070 0.350683 1 28 1.000000
 29 -63.623802 9.382196 90.622200 0.266245 -0.518663 -0.812467 0.789242 0.370443 1 28 1.000000
 29 -65.557220 8.265352 91.518501 -0.064089 -0.831629 -0.551622 0.803143 0.346334 1 28 1.000000
MarioHand_alb.png
 29 -67.823509 9.487391 91.444138 -0.665163 -0.293679 -0.686521 0.780301 0.331640 1 28 1.000000
 29 -65.557220 8.265352 91.518501 -0.064089 -0.831629 -0.551622 0.803143 0.346334 1 28 1.000000
 29 -67.620071 8.290714 92.193962 -0.505044 -0.702637 -0.501230 0.800641 0.327733 1 28 1.000000
MarioHand_alb.png
 29 -67.620071 8.290714 92.193962 -0.505044 -0.702637 -0.501230 0.800641 0.327733 1 28 1.000000
 29 -65.557220 8.265352 91.518501 -0.064089 -0.831629 -0.551622 0.803143 0.346334 1 28 1.000000
 29 -67.098152 7.864732 93.205330 -0.109099 -0.994002 0.007629 0.823240 0.326421 1 28 1.000000
MarioHand_alb.png
 29 -62.250790 10.926317 90.925430 0.735418 -0.080103 -0.672862 0.780499 0.398138 1 28 1.000000
 29 -62.326668 9.689060 91.340790 0.710318 -0.434316 -0.553911 0.796201 0.389044 1 28 1.000000
 29 -63.623802 9.382196 90.622200 0.266245 -0.518663 -0.812467 0.789242 0.370443 1 28 1.000000
MarioHand_alb.png
 29 -62.250790 10.926317 90.925430 0.735418 -0.080103 -0.672862 0.780499 0.398138 1 28 1.000000
 29 -61.644699 11.027184 93.261482 0.994877 -0.041199 0.092316 0.824582 0.410803 1 28 1.000000
 29 -62.326668 9.689060 91.340790 0.710318 -0.434316 -0.553911 0.796201 0.389044 1 28 1.000000
MarioHand_alb.png
 29 -63.623802 9.382196 90.622200 0.266245 -0.518663 -0.812467 0.789242 0.370443 1 28 1.000000
 29 -63.745636 8.389660 91.780533 0.263988 -0.864351 -0.428027 0.806439 0.365194 1 28 1.000000
 29 -65.557220 8.265352 91.518501 -0.064089 -0.831629 -0.551622 0.803143 0.346334 1 28 1.000000
MarioHand_alb.png
 29 -62.326668 9.689060 91.340790 0.710318 -0.434316 -0.553911 0.796201 0.389044 1 28 1.000000
 29 -63.745636 8.389660 91.780533 0.263988 -0.864351 -0.428027 0.806439 0.365194 1 28 1.000000
 29 -63.623802 9.382196 90.622200 0.266245 -0.518663 -0.812467 0.789242 0.370443 1 28 1.000000
MarioHand_alb.png
 29 -65.557220 8.265352 91.518501 -0.064089 -0.831629 -0.551622 0.803143 0.346334 1 28 1.000000
 29 -65.480469 7.876896 93.049843 0.012207 -0.990972 0.133516 0.824018 0.344640 1 28 1.000000
 29 -67.098152 7.864732 93.205330 -0.109099 -0.994002 0.007629 0.823240 0.326421 1 28 1.000000
MarioHand_alb.png
 29 -63.745636 8.389660 91.780533 0.263988 -0.864351 -0.428027 0.806439 0.365194 1 28 1.000000
 29 -65.480469 7.876896 93.049843 0.012207 -0.990972 0.133516 0.824018 0.344640 1 28 1.000000
 29 -65.557220 8.265352 91.518501 -0.064089 -0.831629 -0.551622 0.803143 0.346334 1 28 1.000000
MarioHand_alb.png
 29 -65.480469 7.876896 93.049843 0.012207 -0.990972 0.133516 0.824018 0.344640 1 28 1.000000
 29 -66.604172 8.960033 94.789909 -0.007630 -0.817916 0.575288 0.855268 0.329213 1 28 1.000000
 29 -67.098152 7.864732 93.205330 -0.109099 -0.994002 0.007629 0.823240 0.326421 1 28 1.000000
MarioHand_alb.png
 29 -62.326668 9.689060 91.340790 0.710318 -0.434316 -0.553911 0.796201 0.389044 1 28 1.000000
 29 -62.406509 8.963284 92.268944 0.678623 -0.684822 -0.265498 0.810773 0.383841 1 28 1.000000
 29 -63.745636 8.389660 91.780533 0.263988 -0.864351 -0.428027 0.806439 0.365194 1 28 1.000000
MarioHand_alb.png
 29 -62.326668 9.689060 91.340790 0.710318 -0.434316 -0.553911 0.796201 0.389044 1 28 1.000000
 29 -61.644699 11.027184 93.261482 0.994877 -0.041199 0.092316 0.824582 0.410803 1 28 1.000000
 29 -62.406509 8.963284 92.268944 0.678623 -0.684822 -0.265498 0.810773 0.383841 1 28 1.000000
MarioHand_alb.png
 29 -63.745636 8.389660 91.780533 0.263988 -0.864351 -0.428027 0.806439 0.365194 1 28 1.000000
 29 -63.838577 8.070036 93.331047 0.216676 -0.956350 0.196077 0.824948 0.363149 1 28 1.000000
 29 -65.480469 7.876896 93.049843 0.012207 -0.990972 0.133516 0.824018 0.344640 1 28 1.000000
MarioHand_alb.png
 29 -62.406509 8.963284 92.268944 0.678623 -0.684822 -0.265498 0.810773 0.383841 1 28 1.000000
 29 -63.838577 8.070036 93.331047 0.216676 -0.956350 0.196077 0.824948 0.363149 1 28 1.000000
 29 -63.745636 8.389660 91.780533 0.263988 -0.864351 -0.428027 0.806439 0.365194 1 28 1.000000
MarioHand_alb.png
 29 -65.480469 7.876896 93.049843 0.012207 -0.990972 0.133516 0.824018 0.344640 1 28 1.000000
 29 -65.306999 8.966837 95.110886 -0.135032 -0.642259 0.754500 0.853803 0.347829 1 28 1.000000
 29 -66.604172 8.960033 94.789909 -0.007630 -0.817916 0.575288 0.855268 0.329213 1 28 1.000000
MarioHand_alb.png
 29 -63.838577 8.070036 93.331047 0.216676 -0.956350 0.196077 0.824948 0.363149 1 28 1.000000
 29 -65.306999 8.966837 95.110886 -0.135032 -0.642259 0.754500 0.853803 0.347829 1 28 1.000000
 29 -65.480469 7.876896 93.049843 0.012207 -0.990972 0.133516 0.824018 0.344640 1 28 1.000000
MarioHand_alb.png
 29 -65.306999 8.966837 95.110886 -0.135032 -0.642259 0.754500 0.853803 0.347829 1 28 1.000000
 29 -66.274162 11.328342 95.457634 -0.631842 0.029379 0.774540 0.886854 0.335775 1 28 1.000000
 29 -66.604172 8.960033 94.789909 -0.007630 -0.817916 0.575288 0.855268 0.329213 1 28 1.000000
MarioHand_alb.png
 29 -65.306999 8.966837 95.110886 -0.135032 -0.642259 0.754500 0.853803 0.347829 1 28 1.000000
 29 -65.141968 11.324701 95.908806 -0.231102 0.049004 0.971695 0.882628 0.355383 1 28 1.000000
 29 -66.274162 11.328342 95.457634 -0.631842 0.029379 0.774540 0.886854 0.335775 1 28 1.000000
MarioHand_alb.png
 29 -62.406509 8.963284 92.268944 0.678623 -0.684822 -0.265498 0.810773 0.383841 1 28 1.000000
 29 -62.471359 8.759254 93.351646 0.638186 -0.748715 0.179287 0.824964 0.381796 1 28 1.000000
 29 -63.838577 8.070036 93.331047 0.216676 -0.956350 0.196077 0.824948 0.363149 1 28 1.000000
MarioHand_alb.png
 29 -62.406509 8.963284 92.268944 0.678623 -0.684822 -0.265498 0.810773 0.383841 1 28 1.000000
 29 -61.644699 11.027184 93.261482 0.994877 -0.041199 0.092316 0.824582 0.410803 1 28 1.000000
 29 -62.471359 8.759254 93.351646 0.638186 -0.748715 0.179287 0.824964 0.381796 1 28 1.000000
MarioHand_alb.png
 29 -63.838577 8.070036 93.331047 0.216676 -0.956350 0.196077 0.824948 0.363149 1 28 1.000000
 29 -63.901863 9.086773 95.432838 0.134671 -0.637686 0.758433 0.851270 0.366690 1 28 1.000000
 29 -65.306999 8.966837 95.110886 -0.135032 -0.642259 0.754500 0.853803 0.347829 1 28 1.000000
MarioHand_alb.png
 29 -63.901863 9.086773 95.432838 0.134671 -0.637686 0.758433 0.851270 0.366690 1 28 1.000000
 29 -65.141968 11.324701 95.908806 -0.231102 0.049004 0.971695 0.882628 0.355383 1 28 1.000000
 29 -65.306999 8.966837 95.110886 -0.135032 -0.642259 0.754500 0.853803 0.347829 1 28 1.000000
MarioHand_alb.png
 29 -62.471359 8.759254 93.351646 0.638186 -0.748715 0.179287 0.824964 0.381796 1 28 1.000000
 29 -62.519505 9.526445 94.940018 0.626414 -0.519214 0.581397 0.846891 0.385855 1 28 1.000000
 29 -63.838577 8.070036 93.331047 0.216676 -0.956350 0.196077 0.824948 0.363149 1 28 1.000000
MarioHand_alb.png
 29 -61.644699 11.027184 93.261482 0.994877 -0.041199 0.092316 0.824582 0.410803 1 28 1.000000
 29 -62.519505 9.526445 94.940018 0.626414 -0.519214 0.581397 0.846891 0.385855 1 28 1.000000
 29 -62.471359 8.759254 93.351646 0.638186 -0.748715 0.179287 0.824964 0.381796 1 28 1.000000
MarioHand_alb.png
 29 -63.838577 8.070036 93.331047 0.216676 -0.956350 0.196077 0.824948 0.363149 1 28 1.000000
 29 -62.519505 9.526445 94.940018 0.626414 -0.519214 0.581397 0.846891 0.385855 1 28 1.000000
 29 -63.901863 9.086773 95.432838 0.134671 -0.637686 0.758433 0.851270 0.366690 1 28 1.000000
MarioHand_alb.png
 29 -61.644699 11.027184 93.261482 0.994877 -0.041199 0.092316 0.824582 0.410803 1 28 1.000000
 29 -62.476376 11.191263 95.523407 0.638998 0.013734 0.769086 0.867964 0.396200 1 28 1.000000
 29 -62.519505 9.526445 94.940018 0.626414 -0.519214 0.581397 0.846891 0.385855 1 28 1.000000
MarioHand_alb.png
 29 -63.901863 9.086773 95.432838 0.134671 -0.637686 0.758433 0.851270 0.366690 1 28 1.000000
 29 -63.844925 11.294201 96.198265 0.111397 0.047115 0.992658 0.876387 0.375738 1 28 1.000000
 29 -65.141968 11.324701 95.908806 -0.231102 0.049004 0.971695 0.882628 0.355383 1 28 1.000000
MarioHand_alb.png
 29 -62.519505 9.526445 94.940018 0.626414 -0.519214 0.581397 0.846891 0.385855 1 28 1.000000
 29 -63.844925 11.294201 96.198265 0.111397 0.047115 0.992658 0.876387 0.375738 1 28 1.000000
 29 -63.901863 9.086773 95.432838 0.134671 -0.637686 0.758433 0.851270 0.366690 1 28 1.000000
MarioHand_alb.png
 29 -62.476376 11.191263 95.523407 0.638998 0.013734 0.769086 0.867964 0.396200 1 28 1.000000
 29 -63.844925 11.294201 96.198265 0.111397 0.047115 0.992658 0.876387 0.375738 1 28 1.000000
 29 -62.519505 9.526445 94.940018 0.626414 -0.519214 0.581397 0.846891 0.385855 1 28 1.000000
MarioHand_alb.png
 29 -63.844925 11.294201 96.198265 0.111397 0.047115 0.992658 0.876387 0.375738 1 28 1.000000
 29 -63.699783 13.400230 95.184578 0.204864 0.704912 0.679065 0.904067 0.382452 1 28 1.000000
 29 -65.141968 11.324701 95.908806 -0.231102 0.049004 0.971695 0.882628 0.355383 1 28 1.000000
MarioHand_alb.png
 29 -62.476376 11.191263 95.523407 0.638998 0.013734 0.769086 0.867964 0.396200 1 28 1.000000
 29 -62.367104 12.778477 94.760094 0.674352 0.517874 0.526361 0.893721 0.399542 1 28 1.000000
 29 -63.844925 11.294201 96.198265 0.111397 0.047115 0.992658 0.876387 0.375738 1 28 1.000000
MarioHand_alb.png
 29 -62.367104 12.778477 94.760094 0.674352 0.517874 0.526361 0.893721 0.399542 1 28 1.000000
 29 -63.699783 13.400230 95.184578 0.204864 0.704912 0.679065 0.904067 0.382452 1 28 1.000000
 29 -63.844925 11.294201 96.198265 0.111397 0.047115 0.992658 0.876387 0.375738 1 28 1.000000
MarioHand_alb.png
 29 -62.476376 11.191263 95.523407 0.638998 0.013734 0.769086 0.867964 0.396200 1 28 1.000000
 29 -61.644699 11.027184 93.261482 0.994877 -0.041199 0.092316 0.882872 0.427802 1 28 1.000000
 29 -62.367104 12.778477 94.760094 0.674352 0.517874 0.526361 0.893721 0.399542 1 28 1.000000
MarioHand_alb.png
 29 -62.367104 12.778477 94.760094 0.674352 0.517874 0.526361 0.893721 0.399542 1 28 1.000000
 29 -62.255806 13.358327 93.097214 0.710315 0.698394 0.087740 0.913741 0.412390 1 28 1.000000
 29 -63.699783 13.400230 95.184578 0.204864 0.704912 0.679065 0.904067 0.382452 1 28 1.000000
MarioHand_alb.png
 29 -61.644699 11.027184 93.261482 0.994877 -0.041199 0.092316 0.882872 0.427802 1 28 1.000000
 29 -62.255806 13.358327 93.097214 0.710315 0.698394 0.087740 0.913741 0.412390 1 28 1.000000
 29 -62.367104 12.778477 94.760094 0.674352 0.517874 0.526361 0.893721 0.399542 1 28 1.000000
MarioHand_alb.png
 29 -65.725273 -2.281156 97.768669 0.313566 -0.872226 -0.375364 0.079576 0.244602 1 28 1.000000
 29 -62.848091 -2.209622 97.792381 -0.403455 0.236381 -0.883939 0.072404 0.280751 1 28 1.000000
 29 -64.686554 -2.411323 99.685631 0.389097 0.913376 0.119781 0.108888 0.283192 1 28 1.000000
MarioHand_alb.png
 29 -67.762665 -2.529421 99.764709 0.013733 -0.999485 -0.028992 0.117159 0.246723 1 28 1.000000
 29 -65.725273 -2.281156 97.768669 0.313566 -0.872226 -0.375364 0.079576 0.244602 1 28 1.000000
 29 -64.686554 -2.411323 99.685631 0.389097 0.913376 0.119781 0.108888 0.283192 1 28 1.000000
MarioHand_alb.png
 29 -67.762665 -2.529421 99.764709 0.013733 -0.999485 -0.028992 0.117159 0.246723 1 28 1.000000
 29 -64.686554 -2.411323 99.685631 0.389097 0.913376 0.119781 0.108888 0.283192 1 28 1.000000
 29 -68.685974 -2.532530 100.807716 -0.352475 -0.922004 0.160216 0.144915 0.248829 1 28 1.000000
MarioHand_alb.png
 29 -68.685974 -2.532530 100.807716 -0.352475 -0.922004 0.160216 0.144915 0.248829 1 28 1.000000
 29 -64.686554 -2.411323 99.685631 0.389097 0.913376 0.119781 0.108888 0.283192 1 28 1.000000
 29 -66.761520 -2.576788 102.853500 -0.686154 -0.148665 0.712104 0.155764 0.284443 1 28 1.000000
MarioHand_alb.png
 29 -69.423271 -1.605901 100.298645 -0.812398 -0.418714 0.405818 0.170428 0.249943 1 28 1.000000
 29 -68.685974 -2.532530 100.807716 -0.352475 -0.922004 0.160216 0.144915 0.248829 1 28 1.000000
 29 -66.761520 -2.576788 102.853500 -0.686154 -0.148665 0.712104 0.155764 0.284443 1 28 1.000000
MarioHand_alb.png
 29 -69.423271 -1.605901 100.298645 -0.812398 -0.418714 0.405818 0.170428 0.249943 1 28 1.000000
 29 -66.761520 -2.576788 102.853500 -0.686154 -0.148665 0.712104 0.155764 0.284443 1 28 1.000000
 29 -67.189728 0.218868 102.806870 -0.681297 -0.070561 0.728599 0.195315 0.286320 1 28 1.000000
MarioHand_alb.png
 29 -69.677818 -2.393528 96.263069 -0.437172 -0.899378 -0.000763 0.147143 0.212131 1 28 1.000000
 29 -67.762665 -2.529421 99.764709 0.013733 -0.999485 -0.028992 0.117159 0.246723 1 28 1.000000
 29 -68.685974 -2.532530 100.807716 -0.352475 -0.922004 0.160216 0.144915 0.248829 1 28 1.000000
MarioHand_alb.png
 29 -69.677818 -2.393528 96.263069 -0.437172 -0.899378 -0.000763 0.147143 0.212131 1 28 1.000000
 29 -68.685974 -2.532530 100.807716 -0.352475 -0.922004 0.160216 0.144915 0.248829 1 28 1.000000
 29 -69.423271 -1.605901 100.298645 -0.812398 -0.418714 0.405818 0.170428 0.249943 1 28 1.000000
MarioHand_alb.png
 29 -67.974380 -2.496969 96.426788 0.056458 -0.997616 -0.039673 0.121355 0.209827 1 28 1.000000
 29 -67.762665 -2.529421 99.764709 0.013733 -0.999485 -0.028992 0.117159 0.246723 1 28 1.000000
 29 -69.677818 -2.393528 96.263069 -0.437172 -0.899378 -0.000763 0.147143 0.212131 1 28 1.000000
MarioHand_alb.png
 29 -65.725273 -2.281156 97.768669 0.313566 -0.872226 -0.375364 0.079576 0.244602 1 28 1.000000
 29 -67.762665 -2.529421 99.764709 0.013733 -0.999485 -0.028992 0.117159 0.246723 1 28 1.000000
 29 -67.974380 -2.496969 96.426788 0.056458 -0.997616 -0.039673 0.121355 0.209827 1 28 1.000000
MarioHand_alb.png
 29 -65.725273 -2.281156 97.768669 0.313566 -0.872226 -0.375364 0.079576 0.244602 1 28 1.000000
 29 -64.311882 0.637883 97.824913 -0.512605 0.099701 -0.852816 0.031403 0.268055 1 28 1.000000
 29 -62.848091 -2.209622 97.792381 -0.403455 0.236381 -0.883939 0.072404 0.280751 1 28 1.000000
MarioHand_alb.png
 29 -65.435944 0.508018 97.394485 0.683369 0.176014 -0.708538 0.040955 0.237339 1 28 1.000000
 29 -64.311882 0.637883 97.824913 -0.512605 0.099701 -0.852816 0.031403 0.268055 1 28 1.000000
 29 -65.725273 -2.281156 97.768669 0.313566 -0.872226 -0.375364 0.079576 0.244602 1 28 1.000000
MarioHand_alb.png
 29 -66.255806 -2.086545 95.903152 0.632449 -0.770606 -0.078579 0.083787 0.206149 1 28 1.000000
 29 -65.435944 0.508018 97.394485 0.683369 0.176014 -0.708538 0.040955 0.237339 1 28 1.000000
 29 -65.725273 -2.281156 97.768669 0.313566 -0.872226 -0.375364 0.079576 0.244602 1 28 1.000000
MarioHand_alb.png
 29 -66.255806 -2.086545 95.903152 0.632449 -0.770606 -0.078579 0.083787 0.206149 1 28 1.000000
 29 -65.725273 -2.281156 97.768669 0.313566 -0.872226 -0.375364 0.079576 0.244602 1 28 1.000000
 29 -67.974380 -2.496969 96.426788 0.056458 -0.997616 -0.039673 0.121355 0.209827 1 28 1.000000
MarioHand_alb.png
 29 -65.554138 0.488667 95.665245 0.993189 0.107474 -0.045006 0.047181 0.199695 1 28 1.000000
 29 -65.435944 0.508018 97.394485 0.683369 0.176014 -0.708538 0.040955 0.237339 1 28 1.000000
 29 -66.255806 -2.086545 95.903152 0.632449 -0.770606 -0.078579 0.083787 0.206149 1 28 1.000000
MarioHand_alb.png
 29 -66.255806 -2.086545 95.903152 0.632449 -0.770606 -0.078579 0.083787 0.206149 1 28 1.000000
 29 -67.974380 -2.496969 96.426788 0.056458 -0.997616 -0.039673 0.121355 0.209827 1 28 1.000000
 29 -68.025078 -2.424902 93.509285 0.070190 -0.996916 -0.035095 0.124804 0.175952 1 28 1.000000
MarioHand_alb.png
 29 -67.974380 -2.496969 96.426788 0.056458 -0.997616 -0.039673 0.121355 0.209827 1 28 1.000000
 29 -69.677818 -2.393528 96.263069 -0.437172 -0.899378 -0.000763 0.147143 0.212131 1 28 1.000000
 29 -68.025078 -2.424902 93.509285 0.070190 -0.996916 -0.035095 0.124804 0.175952 1 28 1.000000
MarioHand_alb.png
 29 -65.998322 -1.897870 94.235756 0.705638 -0.708439 -0.013731 0.088670 0.171633 1 28 1.000000
 29 -65.554138 0.488667 95.665245 0.993189 0.107474 -0.045006 0.047181 0.199695 1 28 1.000000
 29 -66.255806 -2.086545 95.903152 0.632449 -0.770606 -0.078579 0.083787 0.206149 1 28 1.000000
MarioHand_alb.png
 29 -65.998322 -1.897870 94.235756 0.705638 -0.708439 -0.013731 0.088670 0.171633 1 28 1.000000
 29 -66.255806 -2.086545 95.903152 0.632449 -0.770606 -0.078579 0.083787 0.206149 1 28 1.000000
 29 -68.025078 -2.424902 93.509285 0.070190 -0.996916 -0.035095 0.124804 0.175952 1 28 1.000000
MarioHand_alb.png
 29 -65.485451 0.540297 94.421577 0.995283 0.091836 0.031269 0.053422 0.164736 1 28 1.000000
 29 -65.554138 0.488667 95.665245 0.993189 0.107474 -0.045006 0.047181 0.199695 1 28 1.000000
 29 -65.998322 -1.897870 94.235756 0.705638 -0.708439 -0.013731 0.088670 0.171633 1 28 1.000000
MarioHand_alb.png
 29 -65.776810 0.585017 93.608459 0.911824 0.090014 0.400592 0.062165 0.125048 1 28 1.000000
 29 -65.485451 0.540297 94.421577 0.995283 0.091836 0.031269 0.053422 0.164736 1 28 1.000000
 29 -65.998322 -1.897870 94.235756 0.705638 -0.708439 -0.013731 0.088670 0.171633 1 28 1.000000
MarioHand_alb.png
 29 -65.776810 0.585017 93.608459 0.911824 0.090014 0.400592 0.062165 0.125048 1 28 1.000000
 29 -65.998322 -1.897870 94.235756 0.705638 -0.708439 -0.013731 0.088670 0.171633 1 28 1.000000
 29 -66.018013 -1.746298 92.915024 0.342559 -0.909635 0.234985 0.095506 0.133227 1 28 1.000000
MarioHand_alb.png
 29 -65.998322 -1.897870 94.235756 0.705638 -0.708439 -0.013731 0.088670 0.171633 1 28 1.000000
 29 -68.025078 -2.424902 93.509285 0.070190 -0.996916 -0.035095 0.124804 0.175952 1 28 1.000000
 29 -66.018013 -1.746298 92.915024 0.342559 -0.909635 0.234985 0.095506 0.133227 1 28 1.000000
MarioHand_alb.png
 29 -65.403999 -1.674990 93.154411 -0.422613 -0.639402 0.642311 0.103441 0.100328 1 28 1.000000
 29 -65.776810 0.585017 93.608459 0.911824 0.090014 0.400592 0.062165 0.125048 1 28 1.000000
 29 -66.018013 -1.746298 92.915024 0.342559 -0.909635 0.234985 0.095506 0.133227 1 28 1.000000
MarioHand_alb.png
 29 -65.483253 0.598605 93.957268 -0.632460 -0.039195 0.773601 0.071824 0.090394 1 28 1.000000
 29 -65.776810 0.585017 93.608459 0.911824 0.090014 0.400592 0.062165 0.125048 1 28 1.000000
 29 -65.403999 -1.674990 93.154411 -0.422613 -0.639402 0.642311 0.103441 0.100328 1 28 1.000000
MarioHand_alb.png
 29 -66.018013 -1.746298 92.915024 0.342559 -0.909635 0.234985 0.095506 0.133227 1 28 1.000000
 29 -68.025078 -2.424902 93.509285 0.070190 -0.996916 -0.035095 0.124804 0.175952 1 28 1.000000
 29 -66.945648 -2.356226 91.440292 0.025177 -0.997426 -0.067139 0.129335 0.138506 1 28 1.000000
MarioHand_alb.png
 29 -63.146332 -1.531639 94.881264 -0.305237 -0.600994 0.738672 0.114229 0.069535 1 28 1.000000
 29 -65.483253 0.598605 93.957268 -0.632460 -0.039195 0.773601 0.071824 0.090394 1 28 1.000000
 29 -65.403999 -1.674990 93.154411 -0.422613 -0.639402 0.642311 0.103441 0.100328 1 28 1.000000
MarioHand_alb.png
 29 -63.146332 -1.531639 94.881264 -0.305237 -0.600994 0.738672 0.114229 0.069535 1 28 1.000000
 29 -63.511284 0.599215 95.853081 -0.410429 -0.043001 0.910878 0.085740 0.057664 1 28 1.000000
 29 -65.483253 0.598605 93.957268 -0.632460 -0.039195 0.773601 0.071824 0.090394 1 28 1.000000
MarioHand_alb.png
 29 -63.146332 -1.531639 94.881264 -0.305237 -0.600994 0.738672 0.114229 0.069535 1 28 1.000000
 29 -61.555115 0.664664 95.781517 0.281565 -0.027416 0.959151 0.103166 0.034180 1 28 1.000000
 29 -63.511284 0.599215 95.853081 -0.410429 -0.043001 0.910878 0.085740 0.057664 1 28 1.000000
MarioHand_alb.png
 29 -65.403999 -1.674990 93.154411 -0.422613 -0.639402 0.642311 0.103441 0.100328 1 28 1.000000
 29 -66.018013 -1.746298 92.915024 0.342559 -0.909635 0.234985 0.095506 0.133227 1 28 1.000000
 29 -64.777359 -2.419652 91.743958 0.019836 -0.999754 -0.009918 0.135424 0.106584 1 28 1.000000
MarioHand_alb.png
 29 -64.777359 -2.419652 91.743958 0.019836 -0.999754 -0.009918 0.135424 0.106584 1 28 1.000000
 29 -66.018013 -1.746298 92.915024 0.342559 -0.909635 0.234985 0.095506 0.133227 1 28 1.000000
 29 -66.945648 -2.356226 91.440292 0.025177 -0.997426 -0.067139 0.129335 0.138506 1 28 1.000000
MarioHand_alb.png
 29 -61.268082 -1.011274 95.017166 0.407003 -0.506942 0.759841 0.125582 0.045960 1 28 1.000000
 29 -61.555115 0.664664 95.781517 0.281565 -0.027416 0.959151 0.103166 0.034180 1 28 1.000000
 29 -63.146332 -1.531639 94.881264 -0.305237 -0.600994 0.738672 0.114229 0.069535 1 28 1.000000
MarioHand_alb.png
 29 -59.936363 0.795452 93.663269 0.949637 0.017622 0.312857 0.136248 0.014069 1 28 1.000000
 29 -61.555115 0.664664 95.781517 0.281565 -0.027416 0.959151 0.103166 0.034180 1 28 1.000000
 29 -61.268082 -1.011274 95.017166 0.407003 -0.506942 0.759841 0.125582 0.045960 1 28 1.000000
MarioHand_alb.png
 29 -60.685329 -1.638418 93.298965 0.671046 -0.706668 0.224318 0.153567 0.047578 1 28 1.000000
 29 -59.936363 0.795452 93.663269 0.949637 0.017622 0.312857 0.136248 0.014069 1 28 1.000000
 29 -61.268082 -1.011274 95.017166 0.407003 -0.506942 0.759841 0.125582 0.045960 1 28 1.000000
MarioHand_alb.png
 29 -60.685329 -1.638418 93.298965 0.671046 -0.706668 0.224318 0.153567 0.047578 1 28 1.000000
 29 -61.268082 -1.011274 95.017166 0.407003 -0.506942 0.759841 0.125582 0.045960 1 28 1.000000
 29 -63.146332 -1.531639 94.881264 -0.305237 -0.600994 0.738672 0.114229 0.069535 1 28 1.000000
MarioHand_alb.png
 29 -63.146332 -1.531639 94.881264 -0.305237 -0.600994 0.738672 0.114229 0.069535 1 28 1.000000
 29 -65.403999 -1.674990 93.154411 -0.422613 -0.639402 0.642311 0.103441 0.100328 1 28 1.000000
 29 -62.405411 -2.329018 92.696671 0.121309 -0.989852 0.074006 0.143786 0.075166 1 28 1.000000
MarioHand_alb.png
 29 -60.685329 -1.638418 93.298965 0.671046 -0.706668 0.224318 0.153567 0.047578 1 28 1.000000
 29 -63.146332 -1.531639 94.881264 -0.305237 -0.600994 0.738672 0.114229 0.069535 1 28 1.000000
 29 -62.405411 -2.329018 92.696671 0.121309 -0.989852 0.074006 0.143786 0.075166 1 28 1.000000
MarioHand_alb.png
 29 -62.405411 -2.329018 92.696671 0.121309 -0.989852 0.074006 0.143786 0.075166 1 28 1.000000
 29 -65.403999 -1.674990 93.154411 -0.422613 -0.639402 0.642311 0.103441 0.100328 1 28 1.000000
 29 -64.777359 -2.419652 91.743958 0.019836 -0.999754 -0.009918 0.135424 0.106584 1 28 1.000000
MarioHand_alb.png
 29 -60.685329 -1.638418 93.298965 0.671046 -0.706668 0.224318 0.153567 0.047578 1 28 1.000000
 29 -62.405411 -2.329018 92.696671 0.121309 -0.989852 0.074006 0.143786 0.075166 1 28 1.000000
 29 -61.909592 -1.845777 91.174187 0.305559 -0.853973 -0.421145 0.162249 0.080827 1 28 1.000000
MarioHand_alb.png
 29 -62.405411 -2.329018 92.696671 0.121309 -0.989852 0.074006 0.143786 0.075166 1 28 1.000000
 29 -64.777359 -2.419652 91.743958 0.019836 -0.999754 -0.009918 0.135424 0.106584 1 28 1.000000
 29 -64.111649 -2.030759 90.471992 0.141143 -0.850101 -0.507352 0.156237 0.110994 1 28 1.000000
MarioHand_alb.png
 29 -62.405411 -2.329018 92.696671 0.121309 -0.989852 0.074006 0.143786 0.075166 1 28 1.000000
 29 -64.111649 -2.030759 90.471992 0.141143 -0.850101 -0.507352 0.156237 0.110994 1 28 1.000000
 29 -61.909592 -1.845777 91.174187 0.305559 -0.853973 -0.421145 0.162249 0.080827 1 28 1.000000
MarioHand_alb.png
 29 -60.685329 -1.638418 93.298965 0.671046 -0.706668 0.224318 0.153567 0.047578 1 28 1.000000
 29 -61.909592 -1.845777 91.174187 0.305559 -0.853973 -0.421145 0.162249 0.080827 1 28 1.000000
 29 -60.167290 -0.851448 91.690903 0.857481 -0.457730 -0.234968 0.176287 0.058839 1 28 1.000000
MarioHand_alb.png
 29 -59.936363 0.795452 93.663269 0.949637 0.017622 0.312857 0.199527 0.031968 1 28 1.000000
 29 -60.685329 -1.638418 93.298965 0.671046 -0.706668 0.224318 0.153567 0.047578 1 28 1.000000
 29 -60.167290 -0.851448 91.690903 0.857481 -0.457730 -0.234968 0.176287 0.058839 1 28 1.000000
MarioHand_alb.png
 29 -64.777359 -2.419652 91.743958 0.019836 -0.999754 -0.009918 0.135424 0.106584 1 28 1.000000
 29 -66.981071 -2.115656 90.098953 -0.206763 -0.813726 -0.543231 0.151995 0.142123 1 28 1.000000
 29 -64.111649 -2.030759 90.471992 0.141143 -0.850101 -0.507352 0.156237 0.110994 1 28 1.000000
MarioHand_alb.png
 29 -64.777359 -2.419652 91.743958 0.019836 -0.999754 -0.009918 0.135424 0.106584 1 28 1.000000
 29 -66.945648 -2.356226 91.440292 0.025177 -0.997426 -0.067139 0.129335 0.138506 1 28 1.000000
 29 -66.981071 -2.115656 90.098953 -0.206763 -0.813726 -0.543231 0.151995 0.142123 1 28 1.000000
MarioHand_alb.png
 29 -61.909592 -1.845777 91.174187 0.305559 -0.853973 -0.421145 0.162249 0.080827 1 28 1.000000
 29 -64.111649 -2.030759 90.471992 0.141143 -0.850101 -0.507352 0.156237 0.110994 1 28 1.000000
 29 -63.753635 -0.900047 89.324432 0.172001 -0.429948 -0.886318 0.176440 0.114183 1 28 1.000000
MarioHand_alb.png
 29 -66.981071 -2.115656 90.098953 -0.206763 -0.813726 -0.543231 0.151995 0.142123 1 28 1.000000
 29 -66.945648 -2.356226 91.440292 0.025177 -0.997426 -0.067139 0.129335 0.138506 1 28 1.000000
 29 -69.039665 -2.296958 92.575256 -0.440214 -0.860066 -0.257872 0.149004 0.178759 1 28 1.000000
MarioHand_alb.png
 29 -69.039665 -2.296958 92.575256 -0.440214 -0.860066 -0.257872 0.149004 0.178759 1 28 1.000000
 29 -66.945648 -2.356226 91.440292 0.025177 -0.997426 -0.067139 0.129335 0.138506 1 28 1.000000
 29 -68.025078 -2.424902 93.509285 0.070190 -0.996916 -0.035095 0.124804 0.175952 1 28 1.000000
MarioHand_alb.png
 29 -69.039665 -2.296958 92.575256 -0.440214 -0.860066 -0.257872 0.149004 0.178759 1 28 1.000000
 29 -68.025078 -2.424902 93.509285 0.070190 -0.996916 -0.035095 0.124804 0.175952 1 28 1.000000
 29 -69.677818 -2.393528 96.263069 -0.437172 -0.899378 -0.000763 0.147143 0.212131 1 28 1.000000
MarioHand_alb.png
 29 -64.111649 -2.030759 90.471992 0.141143 -0.850101 -0.507352 0.156237 0.110994 1 28 1.000000
 29 -66.981071 -2.115656 90.098953 -0.206763 -0.813726 -0.543231 0.151995 0.142123 1 28 1.000000
 29 -67.104385 -1.012615 89.150452 -0.340283 -0.385715 -0.857573 0.174228 0.144747 1 28 1.000000
MarioHand_alb.png
 29 -64.111649 -2.030759 90.471992 0.141143 -0.850101 -0.507352 0.156237 0.110994 1 28 1.000000
 29 -67.104385 -1.012615 89.150452 -0.340283 -0.385715 -0.857573 0.174228 0.144747 1 28 1.000000
 29 -63.753635 -0.900047 89.324432 0.172001 -0.429948 -0.886318 0.176440 0.114183 1 28 1.000000
MarioHand_alb.png
 29 -70.058472 -1.242665 92.030678 -0.787252 -0.414890 -0.456179 0.172808 0.181033 1 28 1.000000
 29 -66.981071 -2.115656 90.098953 -0.206763 -0.813726 -0.543231 0.151995 0.142123 1 28 1.000000
 29 -69.039665 -2.296958 92.575256 -0.440214 -0.860066 -0.257872 0.149004 0.178759 1 28 1.000000
MarioHand_alb.png
 29 -67.104385 -1.012615 89.150452 -0.340283 -0.385715 -0.857573 0.174228 0.144747 1 28 1.000000
 29 -66.981071 -2.115656 90.098953 -0.206763 -0.813726 -0.543231 0.151995 0.142123 1 28 1.000000
 29 -70.058472 -1.242665 92.030678 -0.787252 -0.414890 -0.456179 0.172808 0.181033 1 28 1.000000
MarioHand_alb.png
 29 -69.039665 -2.296958 92.575256 -0.440214 -0.860066 -0.257872 0.149004 0.178759 1 28 1.000000
 29 -69.677818 -2.393528 96.263069 -0.437172 -0.899378 -0.000763 0.147143 0.212131 1 28 1.000000
 29 -71.078644 -1.447275 96.163177 -0.892498 -0.449801 0.033564 0.172030 0.214084 1 28 1.000000
MarioHand_alb.png
 29 -70.058472 -1.242665 92.030678 -0.787252 -0.414890 -0.456179 0.172808 0.181033 1 28 1.000000
 29 -69.039665 -2.296958 92.575256 -0.440214 -0.860066 -0.257872 0.149004 0.178759 1 28 1.000000
 29 -71.078644 -1.447275 96.163177 -0.892498 -0.449801 0.033564 0.172030 0.214084 1 28 1.000000
MarioHand_alb.png
 29 -71.078644 -1.447275 96.163177 -0.892498 -0.449801 0.033564 0.172030 0.214084 1 28 1.000000
 29 -69.677818 -2.393528 96.263069 -0.437172 -0.899378 -0.000763 0.147143 0.212131 1 28 1.000000
 29 -69.423271 -1.605901 100.298645 -0.812398 -0.418714 0.405818 0.170428 0.249943 1 28 1.000000
MarioHand_alb.png
 29 -67.104385 -1.012615 89.150452 -0.340283 -0.385715 -0.857573 0.174228 0.144747 1 28 1.000000
 29 -70.058472 -1.242665 92.030678 -0.787252 -0.414890 -0.456179 0.172808 0.181033 1 28 1.000000
 29 -70.394272 0.527452 91.930275 -0.866967 -0.039137 -0.496827 0.197894 0.181872 1 28 1.000000
MarioHand_alb.png
 29 -70.058472 -1.242665 92.030678 -0.787252 -0.414890 -0.456179 0.172808 0.181033 1 28 1.000000
 29 -71.078644 -1.447275 96.163177 -0.892498 -0.449801 0.033564 0.172030 0.214084 1 28 1.000000
 29 -70.394272 0.527452 91.930275 -0.866967 -0.039137 -0.496827 0.197894 0.181872 1 28 1.000000
MarioHand_alb.png
 29 -71.078644 -1.447275 96.163177 -0.892498 -0.449801 0.033564 0.172030 0.214084 1 28 1.000000
 29 -69.423271 -1.605901 100.298645 -0.812398 -0.418714 0.405818 0.170428 0.249943 1 28 1.000000
 29 -69.927818 0.228478 100.235672 -0.884292 -0.091972 0.457787 0.196521 0.250904 1 28 1.000000
MarioHand_alb.png
 29 -69.927818 0.228478 100.235672 -0.884292 -0.091972 0.457787 0.196521 0.250904 1 28 1.000000
 29 -69.423271 -1.605901 100.298645 -0.812398 -0.418714 0.405818 0.170428 0.249943 1 28 1.000000
 29 -67.189728 0.218868 102.806870 -0.681297 -0.070561 0.728599 0.195315 0.286320 1 28 1.000000
MarioHand_alb.png
 29 -70.394272 0.527452 91.930275 -0.866967 -0.039137 -0.496827 0.197894 0.181872 1 28 1.000000
 29 -71.078644 -1.447275 96.163177 -0.892498 -0.449801 0.033564 0.172030 0.214084 1 28 1.000000
 29 -71.417023 0.335806 96.273994 -0.995271 -0.072337 0.064826 0.197452 0.214984 1 28 1.000000
MarioHand_alb.png
 29 -71.417023 0.335806 96.273994 -0.995271 -0.072337 0.064826 0.197452 0.214984 1 28 1.000000
 29 -71.078644 -1.447275 96.163177 -0.892498 -0.449801 0.033564 0.172030 0.214084 1 28 1.000000
 29 -69.927818 0.228478 100.235672 -0.884292 -0.091972 0.457787 0.196521 0.250904 1 28 1.000000
MarioHand_alb.png
 29 -69.927818 0.228478 100.235672 -0.884292 -0.091972 0.457787 0.196521 0.250904 1 28 1.000000
 29 -67.189728 0.218868 102.806870 -0.681297 -0.070561 0.728599 0.195315 0.286320 1 28 1.000000
 29 -69.709778 2.110262 100.538773 -0.867317 0.195661 0.457687 0.223255 0.251057 1 28 1.000000
MarioHand_alb.png
 29 -67.189728 0.218868 102.806870 -0.681297 -0.070561 0.728599 0.195315 0.286320 1 28 1.000000
 29 -67.304146 3.243571 102.826454 -0.715794 0.009777 0.698243 0.234424 0.288930 1 28 1.000000
 29 -69.709778 2.110262 100.538773 -0.867317 0.195661 0.457687 0.223255 0.251057 1 28 1.000000
MarioHand_alb.png
 29 -71.417023 0.335806 96.273994 -0.995271 -0.072337 0.064826 0.197452 0.214984 1 28 1.000000
 29 -69.927818 0.228478 100.235672 -0.884292 -0.091972 0.457787 0.196521 0.250904 1 28 1.000000
 29 -71.330208 2.193404 96.329742 -0.950913 0.305579 0.048843 0.223377 0.215000 1 28 1.000000
MarioHand_alb.png
 29 -69.927818 0.228478 100.235672 -0.884292 -0.091972 0.457787 0.196521 0.250904 1 28 1.000000
 29 -69.709778 2.110262 100.538773 -0.867317 0.195661 0.457687 0.223255 0.251057 1 28 1.000000
 29 -71.330208 2.193404 96.329742 -0.950913 0.305579 0.048843 0.223377 0.215000 1 28 1.000000
MarioHand_alb.png
 29 -67.304146 3.243571 102.826454 -0.715794 0.009777 0.698243 0.234424 0.288930 1 28 1.000000
 29 -69.309319 3.082355 101.022484 -0.461579 0.853278 0.242615 0.247395 0.250568 1 28 1.000000
 29 -69.709778 2.110262 100.538773 -0.867317 0.195661 0.457687 0.223255 0.251057 1 28 1.000000
MarioHand_alb.png
 29 -67.304146 3.243571 102.826454 -0.715794 0.009777 0.698243 0.234424 0.288930 1 28 1.000000
 29 -65.300903 3.077583 100.851631 0.054932 0.994423 0.090027 0.274846 0.283162 1 28 1.000000
 29 -69.309319 3.082355 101.022484 -0.461579 0.853278 0.242615 0.247395 0.250568 1 28 1.000000
MarioHand_alb.png
 29 -70.212189 3.206416 96.612434 -0.511944 0.857111 0.057222 0.245777 0.213520 1 28 1.000000
 29 -69.709778 2.110262 100.538773 -0.867317 0.195661 0.457687 0.223255 0.251057 1 28 1.000000
 29 -69.309319 3.082355 101.022484 -0.461579 0.853278 0.242615 0.247395 0.250568 1 28 1.000000
MarioHand_alb.png
 29 -71.330208 2.193404 96.329742 -0.950913 0.305579 0.048843 0.223377 0.215000 1 28 1.000000
 29 -69.709778 2.110262 100.538773 -0.867317 0.195661 0.457687 0.223255 0.251057 1 28 1.000000
 29 -70.212189 3.206416 96.612434 -0.511944 0.857111 0.057222 0.245777 0.213520 1 28 1.000000
MarioHand_alb.png
 29 -69.309319 3.082355 101.022484 -0.461579 0.853278 0.242615 0.247395 0.250568 1 28 1.000000
 29 -65.300903 3.077583 100.851631 0.054932 0.994423 0.090027 0.274846 0.283162 1 28 1.000000
 29 -68.376656 3.121585 100.314087 0.001526 0.999622 0.027466 0.271336 0.249348 1 28 1.000000
MarioHand_alb.png
 29 -70.212189 3.206416 96.612434 -0.511944 0.857111 0.057222 0.245777 0.213520 1 28 1.000000
 29 -69.309319 3.082355 101.022484 -0.461579 0.853278 0.242615 0.247395 0.250568 1 28 1.000000
 29 -68.376656 3.121585 100.314087 0.001526 0.999622 0.027466 0.271336 0.249348 1 28 1.000000
MarioHand_alb.png
 29 -70.259285 2.336978 92.108093 -0.826066 0.346220 -0.444687 0.223148 0.181552 1 28 1.000000
 29 -71.417023 0.335806 96.273994 -0.995271 -0.072337 0.064826 0.197452 0.214984 1 28 1.000000
 29 -71.330208 2.193404 96.329742 -0.950913 0.305579 0.048843 0.223377 0.215000 1 28 1.000000
MarioHand_alb.png
 29 -70.394272 0.527452 91.930275 -0.866967 -0.039137 -0.496827 0.197894 0.181872 1 28 1.000000
 29 -71.417023 0.335806 96.273994 -0.995271 -0.072337 0.064826 0.197452 0.214984 1 28 1.000000
 29 -70.259285 2.336978 92.108093 -0.826066 0.346220 -0.444687 0.223148 0.181552 1 28 1.000000
MarioHand_alb.png
 29 -71.330208 2.193404 96.329742 -0.950913 0.305579 0.048843 0.223377 0.215000 1 28 1.000000
 29 -70.212189 3.206416 96.612434 -0.511944 0.857111 0.057222 0.245777 0.213520 1 28 1.000000
 29 -69.377426 3.333121 92.700745 -0.489794 0.845647 -0.212091 0.245426 0.179919 1 28 1.000000
MarioHand_alb.png
 29 -70.259285 2.336978 92.108093 -0.826066 0.346220 -0.444687 0.223148 0.181552 1 28 1.000000
 29 -71.330208 2.193404 96.329742 -0.950913 0.305579 0.048843 0.223377 0.215000 1 28 1.000000
 29 -69.377426 3.333121 92.700745 -0.489794 0.845647 -0.212091 0.245426 0.179919 1 28 1.000000
MarioHand_alb.png
 29 -70.212189 3.206416 96.612434 -0.511944 0.857111 0.057222 0.245777 0.213520 1 28 1.000000
 29 -68.376656 3.121585 100.314087 0.001526 0.999622 0.027466 0.271336 0.249348 1 28 1.000000
 29 -68.606400 3.277959 96.605110 0.029755 0.999114 0.029755 0.269459 0.211353 1 28 1.000000
MarioHand_alb.png
 29 -68.376656 3.121585 100.314087 0.001526 0.999622 0.027466 0.271336 0.249348 1 28 1.000000
 29 -65.300903 3.077583 100.851631 0.054932 0.994423 0.090027 0.274846 0.283162 1 28 1.000000
 29 -66.139046 3.066020 98.404182 0.244903 0.942514 -0.227355 0.309957 0.248524 1 28 1.000000
MarioHand_alb.png
 29 -68.376656 3.121585 100.314087 0.001526 0.999622 0.027466 0.271336 0.249348 1 28 1.000000
 29 -66.139046 3.066020 98.404182 0.244903 0.942514 -0.227355 0.309957 0.248524 1 28 1.000000
 29 -68.606400 3.277959 96.605110 0.029755 0.999114 0.029755 0.269459 0.211353 1 28 1.000000
MarioHand_alb.png
 29 -65.300903 3.077583 100.851631 0.054932 0.994423 0.090027 0.274846 0.283162 1 28 1.000000
 29 -63.279907 3.128185 98.876938 -0.655403 0.252381 -0.711864 0.314824 0.284916 1 28 1.000000
 29 -66.139046 3.066020 98.404182 0.244903 0.942514 -0.227355 0.309957 0.248524 1 28 1.000000
MarioHand_alb.png
 29 -66.139046 3.066020 98.404182 0.244903 0.942514 -0.227355 0.309957 0.248524 1 28 1.000000
 29 -63.279907 3.128185 98.876938 -0.655403 0.252381 -0.711864 0.314824 0.284916 1 28 1.000000
 29 -64.311882 0.637883 97.824913 -0.512605 0.099701 -0.852816 0.356176 0.271916 1 28 1.000000
MarioHand_alb.png
 29 -66.139046 3.066020 98.404182 0.244903 0.942514 -0.227355 0.309957 0.248524 1 28 1.000000
 29 -64.311882 0.637883 97.824913 -0.512605 0.099701 -0.852816 0.356176 0.271916 1 28 1.000000
 29 -65.435944 0.508018 97.394485 0.683369 0.176014 -0.708538 0.349599 0.240528 1 28 1.000000
MarioHand_alb.png
 29 -66.781693 3.069573 96.249161 0.517262 0.855691 -0.015258 0.306676 0.207782 1 28 1.000000
 29 -66.139046 3.066020 98.404182 0.244903 0.942514 -0.227355 0.309957 0.248524 1 28 1.000000
 29 -65.435944 0.508018 97.394485 0.683369 0.176014 -0.708538 0.349599 0.240528 1 28 1.000000
MarioHand_alb.png
 29 -68.606400 3.277959 96.605110 0.029755 0.999114 0.029755 0.269459 0.211353 1 28 1.000000
 29 -66.139046 3.066020 98.404182 0.244903 0.942514 -0.227355 0.309957 0.248524 1 28 1.000000
 29 -66.781693 3.069573 96.249161 0.517262 0.855691 -0.015258 0.306676 0.207782 1 28 1.000000
MarioHand_alb.png
 29 -66.781693 3.069573 96.249161 0.517262 0.855691 -0.015258 0.306676 0.207782 1 28 1.000000
 29 -65.435944 0.508018 97.394485 0.683369 0.176014 -0.708538 0.349599 0.240528 1 28 1.000000
 29 -65.554138 0.488667 95.665245 0.993189 0.107474 -0.045006 0.347814 0.202472 1 28 1.000000
MarioHand_alb.png
 29 -70.212189 3.206416 96.612434 -0.511944 0.857111 0.057222 0.245777 0.213520 1 28 1.000000
 29 -68.606400 3.277959 96.605110 0.029755 0.999114 0.029755 0.269459 0.211353 1 28 1.000000
 29 -68.488022 3.445307 93.647995 0.027466 0.998503 0.047303 0.267750 0.177462 1 28 1.000000
MarioHand_alb.png
 29 -68.488022 3.445307 93.647995 0.027466 0.998503 0.047303 0.267750 0.177462 1 28 1.000000
 29 -68.606400 3.277959 96.605110 0.029755 0.999114 0.029755 0.269459 0.211353 1 28 1.000000
 29 -66.781693 3.069573 96.249161 0.517262 0.855691 -0.015258 0.306676 0.207782 1 28 1.000000
MarioHand_alb.png
 29 -69.377426 3.333121 92.700745 -0.489794 0.845647 -0.212091 0.245426 0.179919 1 28 1.000000
 29 -70.212189 3.206416 96.612434 -0.511944 0.857111 0.057222 0.245777 0.213520 1 28 1.000000
 29 -68.488022 3.445307 93.647995 0.027466 0.998503 0.047303 0.267750 0.177462 1 28 1.000000
MarioHand_alb.png
 29 -66.426781 2.997626 94.330353 0.617183 0.782494 0.082393 0.304097 0.173358 1 28 1.000000
 29 -66.781693 3.069573 96.249161 0.517262 0.855691 -0.015258 0.306676 0.207782 1 28 1.000000
 29 -65.554138 0.488667 95.665245 0.993189 0.107474 -0.045006 0.347814 0.202472 1 28 1.000000
MarioHand_alb.png
 29 -66.426781 2.997626 94.330353 0.617183 0.782494 0.082393 0.304097 0.173358 1 28 1.000000
 29 -68.488022 3.445307 93.647995 0.027466 0.998503 0.047303 0.267750 0.177462 1 28 1.000000
 29 -66.781693 3.069573 96.249161 0.517262 0.855691 -0.015258 0.306676 0.207782 1 28 1.000000
MarioHand_alb.png
 29 -66.426781 2.997626 94.330353 0.617183 0.782494 0.082393 0.304097 0.173358 1 28 1.000000
 29 -65.554138 0.488667 95.665245 0.993189 0.107474 -0.045006 0.347814 0.202472 1 28 1.000000
 29 -65.485451 0.540297 94.421577 0.995283 0.091836 0.031269 0.342641 0.167529 1 28 1.000000
MarioHand_alb.png
 29 -65.776810 0.585017 93.608459 0.911824 0.090014 0.400592 0.334783 0.127611 1 28 1.000000
 29 -66.426781 2.997626 94.330353 0.617183 0.782494 0.082393 0.304097 0.173358 1 28 1.000000
 29 -65.485451 0.540297 94.421577 0.995283 0.091836 0.031269 0.342641 0.167529 1 28 1.000000
MarioHand_alb.png
 29 -66.244598 2.985096 92.948799 0.270079 0.910348 0.313566 0.299168 0.134844 1 28 1.000000
 29 -68.488022 3.445307 93.647995 0.027466 0.998503 0.047303 0.267750 0.177462 1 28 1.000000
 29 -66.426781 2.997626 94.330353 0.617183 0.782494 0.082393 0.304097 0.173358 1 28 1.000000
MarioHand_alb.png
 29 -65.776810 0.585017 93.608459 0.911824 0.090014 0.400592 0.334783 0.127611 1 28 1.000000
 29 -66.244598 2.985096 92.948799 0.270079 0.910348 0.313566 0.299168 0.134844 1 28 1.000000
 29 -66.426781 2.997626 94.330353 0.617183 0.782494 0.082393 0.304097 0.173358 1 28 1.000000
MarioHand_alb.png
 29 -69.377426 3.333121 92.700745 -0.489794 0.845647 -0.212091 0.245426 0.179919 1 28 1.000000
 29 -68.488022 3.445307 93.647995 0.027466 0.998503 0.047303 0.267750 0.177462 1 28 1.000000
 29 -67.064758 3.635159 91.439987 -0.035096 0.998626 0.038910 0.265705 0.140002 1 28 1.000000
MarioHand_alb.png
 29 -66.244598 2.985096 92.948799 0.270079 0.910348 0.313566 0.299168 0.134844 1 28 1.000000
 29 -67.064758 3.635159 91.439987 -0.035096 0.998626 0.038910 0.265705 0.140002 1 28 1.000000
 29 -68.488022 3.445307 93.647995 0.027466 0.998503 0.047303 0.267750 0.177462 1 28 1.000000
MarioHand_alb.png
 29 -67.171326 3.545306 90.203194 -0.254055 0.829470 -0.497429 0.244282 0.143114 1 28 1.000000
 29 -69.377426 3.333121 92.700745 -0.489794 0.845647 -0.212091 0.245426 0.179919 1 28 1.000000
 29 -67.064758 3.635159 91.439987 -0.035096 0.998626 0.038910 0.265705 0.140002 1 28 1.000000
MarioHand_alb.png
 29 -67.171326 3.545306 90.203194 -0.254055 0.829470 -0.497429 0.244282 0.143114 1 28 1.000000
 29 -70.259285 2.336978 92.108093 -0.826066 0.346220 -0.444687 0.223148 0.181552 1 28 1.000000
 29 -69.377426 3.333121 92.700745 -0.489794 0.845647 -0.212091 0.245426 0.179919 1 28 1.000000
MarioHand_alb.png
 29 -65.559845 3.817635 91.519241 -0.099183 0.985008 0.141145 0.261616 0.107607 1 28 1.000000
 29 -67.064758 3.635159 91.439987 -0.035096 0.998626 0.038910 0.265705 0.140002 1 28 1.000000
 29 -66.244598 2.985096 92.948799 0.270079 0.910348 0.313566 0.299168 0.134844 1 28 1.000000
MarioHand_alb.png
 29 -67.171326 3.545306 90.203194 -0.254055 0.829470 -0.497429 0.244282 0.143114 1 28 1.000000
 29 -67.064758 3.635159 91.439987 -0.035096 0.998626 0.038910 0.265705 0.140002 1 28 1.000000
 29 -65.559845 3.817635 91.519241 -0.099183 0.985008 0.141145 0.261616 0.107607 1 28 1.000000
MarioHand_alb.png
 29 -65.549210 2.946182 93.256836 -0.411176 0.683919 0.602652 0.293416 0.101747 1 28 1.000000
 29 -66.244598 2.985096 92.948799 0.270079 0.910348 0.313566 0.299168 0.134844 1 28 1.000000
 29 -65.776810 0.585017 93.608459 0.911824 0.090014 0.400592 0.334783 0.127611 1 28 1.000000
MarioHand_alb.png
 29 -65.549210 2.946182 93.256836 -0.411176 0.683919 0.602652 0.293416 0.101747 1 28 1.000000
 29 -65.559845 3.817635 91.519241 -0.099183 0.985008 0.141145 0.261616 0.107607 1 28 1.000000
 29 -66.244598 2.985096 92.948799 0.270079 0.910348 0.313566 0.299168 0.134844 1 28 1.000000
MarioHand_alb.png
 29 -65.483253 0.598605 93.957268 -0.632460 -0.039195 0.773601 0.326070 0.092760 1 28 1.000000
 29 -65.549210 2.946182 93.256836 -0.411176 0.683919 0.602652 0.293416 0.101747 1 28 1.000000
 29 -65.776810 0.585017 93.608459 0.911824 0.090014 0.400592 0.334783 0.127611 1 28 1.000000
MarioHand_alb.png
 29 -67.228500 2.516088 89.155769 -0.362315 0.399500 -0.842097 0.221851 0.145327 1 28 1.000000
 29 -70.259285 2.336978 92.108093 -0.826066 0.346220 -0.444687 0.223148 0.181552 1 28 1.000000
 29 -67.171326 3.545306 90.203194 -0.254055 0.829470 -0.497429 0.244282 0.143114 1 28 1.000000
MarioHand_alb.png
 29 -67.228500 2.516088 89.155769 -0.362315 0.399500 -0.842097 0.221851 0.145327 1 28 1.000000
 29 -70.394272 0.527452 91.930275 -0.866967 -0.039137 -0.496827 0.197894 0.181872 1 28 1.000000
 29 -70.259285 2.336978 92.108093 -0.826066 0.346220 -0.444687 0.223148 0.181552 1 28 1.000000
MarioHand_alb.png
 29 -63.286449 2.815322 95.042854 -0.334542 0.582493 0.740799 0.284077 0.070710 1 28 1.000000
 29 -65.549210 2.946182 93.256836 -0.411176 0.683919 0.602652 0.293416 0.101747 1 28 1.000000
 29 -65.483253 0.598605 93.957268 -0.632460 -0.039195 0.773601 0.326070 0.092760 1 28 1.000000
MarioHand_alb.png
 29 -63.286449 2.815322 95.042854 -0.334542 0.582493 0.740799 0.284077 0.070710 1 28 1.000000
 29 -65.483253 0.598605 93.957268 -0.632460 -0.039195 0.773601 0.326070 0.092760 1 28 1.000000
 29 -63.511284 0.599215 95.853081 -0.410429 -0.043001 0.910878 0.312840 0.059632 1 28 1.000000
MarioHand_alb.png
 29 -61.555115 0.664664 95.781517 0.281565 -0.027416 0.959151 0.295811 0.035798 1 28 1.000000
 29 -63.286449 2.815322 95.042854 -0.334542 0.582493 0.740799 0.284077 0.070710 1 28 1.000000
 29 -63.511284 0.599215 95.853081 -0.410429 -0.043001 0.910878 0.312840 0.059632 1 28 1.000000
MarioHand_alb.png
 29 -62.603558 3.818514 92.925186 -0.027084 0.972172 0.232696 0.254444 0.075853 1 28 1.000000
 29 -65.559845 3.817635 91.519241 -0.099183 0.985008 0.141145 0.261616 0.107607 1 28 1.000000
 29 -65.549210 2.946182 93.256836 -0.411176 0.683919 0.602652 0.293416 0.101747 1 28 1.000000
MarioHand_alb.png
 29 -63.286449 2.815322 95.042854 -0.334542 0.582493 0.740799 0.284077 0.070710 1 28 1.000000
 29 -62.603558 3.818514 92.925186 -0.027084 0.972172 0.232696 0.254444 0.075853 1 28 1.000000
 29 -65.549210 2.946182 93.256836 -0.411176 0.683919 0.602652 0.293416 0.101747 1 28 1.000000
MarioHand_alb.png
 29 -61.378284 2.407651 95.144249 0.375757 0.473654 0.796529 0.273259 0.046983 1 28 1.000000
 29 -63.286449 2.815322 95.042854 -0.334542 0.582493 0.740799 0.284077 0.070710 1 28 1.000000
 29 -61.555115 0.664664 95.781517 0.281565 -0.027416 0.959151 0.295811 0.035798 1 28 1.000000
MarioHand_alb.png
 29 -61.378284 2.407651 95.144249 0.375757 0.473654 0.796529 0.273259 0.046983 1 28 1.000000
 29 -61.555115 0.664664 95.781517 0.281565 -0.027416 0.959151 0.295811 0.035798 1 28 1.000000
 29 -59.936363 0.795452 93.663269 0.949637 0.017622 0.312857 0.263172 0.015045 1 28 1.000000
MarioHand_alb.png
 29 -60.841190 3.196671 93.478691 0.627906 0.725587 0.281528 0.245212 0.048173 1 28 1.000000
 29 -61.378284 2.407651 95.144249 0.375757 0.473654 0.796529 0.273259 0.046983 1 28 1.000000
 29 -59.936363 0.795452 93.663269 0.949637 0.017622 0.312857 0.263172 0.015045 1 28 1.000000
MarioHand_alb.png
 29 -60.841190 3.196671 93.478691 0.627906 0.725587 0.281528 0.245212 0.048173 1 28 1.000000
 29 -63.286449 2.815322 95.042854 -0.334542 0.582493 0.740799 0.284077 0.070710 1 28 1.000000
 29 -61.378284 2.407651 95.144249 0.375757 0.473654 0.796529 0.273259 0.046983 1 28 1.000000
MarioHand_alb.png
 29 -60.841190 3.196671 93.478691 0.627906 0.725587 0.281528 0.245212 0.048173 1 28 1.000000
 29 -62.603558 3.818514 92.925186 -0.027084 0.972172 0.232696 0.254444 0.075853 1 28 1.000000
 29 -63.286449 2.815322 95.042854 -0.334542 0.582493 0.740799 0.284077 0.070710 1 28 1.000000
MarioHand_alb.png
 29 -64.299919 3.621372 90.699081 0.111390 0.890954 -0.440220 0.242206 0.111681 1 28 1.000000
 29 -67.171326 3.545306 90.203194 -0.254055 0.829470 -0.497429 0.244282 0.143114 1 28 1.000000
 29 -65.559845 3.817635 91.519241 -0.099183 0.985008 0.141145 0.261616 0.107607 1 28 1.000000
MarioHand_alb.png
 29 -64.299919 3.621372 90.699081 0.111390 0.890954 -0.440220 0.242206 0.111681 1 28 1.000000
 29 -65.559845 3.817635 91.519241 -0.099183 0.985008 0.141145 0.261616 0.107607 1 28 1.000000
 29 -62.603558 3.818514 92.925186 -0.027084 0.972172 0.232696 0.254444 0.075853 1 28 1.000000
MarioHand_alb.png
 29 -64.299919 3.621372 90.699081 0.111390 0.890954 -0.440220 0.242206 0.111681 1 28 1.000000
 29 -67.228500 2.516088 89.155769 -0.362315 0.399500 -0.842097 0.221851 0.145327 1 28 1.000000
 29 -67.171326 3.545306 90.203194 -0.254055 0.829470 -0.497429 0.244282 0.143114 1 28 1.000000
MarioHand_alb.png
 29 -62.133595 3.547580 91.525459 0.254439 0.904387 -0.342557 0.237812 0.080934 1 28 1.000000
 29 -62.603558 3.818514 92.925186 -0.027084 0.972172 0.232696 0.254444 0.075853 1 28 1.000000
 29 -60.841190 3.196671 93.478691 0.627906 0.725587 0.281528 0.245212 0.048173 1 28 1.000000
MarioHand_alb.png
 29 -62.133595 3.547580 91.525459 0.254439 0.904387 -0.342557 0.237812 0.080934 1 28 1.000000
 29 -64.299919 3.621372 90.699081 0.111390 0.890954 -0.440220 0.242206 0.111681 1 28 1.000000
 29 -62.603558 3.818514 92.925186 -0.027084 0.972172 0.232696 0.254444 0.075853 1 28 1.000000
MarioHand_alb.png
 29 -60.291336 2.553792 91.860565 0.822762 0.532655 -0.198348 0.222538 0.058854 1 28 1.000000
 29 -62.133595 3.547580 91.525459 0.254439 0.904387 -0.342557 0.237812 0.080934 1 28 1.000000
 29 -60.841190 3.196671 93.478691 0.627906 0.725587 0.281528 0.245212 0.048173 1 28 1.000000
MarioHand_alb.png
 29 -59.936363 0.795452 93.663269 0.949637 0.017622 0.312857 0.199527 0.031968 1 28 1.000000
 29 -60.291336 2.553792 91.860565 0.822762 0.532655 -0.198348 0.222538 0.058854 1 28 1.000000
 29 -60.841190 3.196671 93.478691 0.627906 0.725587 0.281528 0.245212 0.048173 1 28 1.000000
MarioHand_alb.png
 29 -61.675312 2.454686 90.210205 0.399026 0.557673 -0.727860 0.218097 0.085801 1 28 1.000000
 29 -64.299919 3.621372 90.699081 0.111390 0.890954 -0.440220 0.242206 0.111681 1 28 1.000000
 29 -62.133595 3.547580 91.525459 0.254439 0.904387 -0.342557 0.237812 0.080934 1 28 1.000000
MarioHand_alb.png
 29 -60.291336 2.553792 91.860565 0.822762 0.532655 -0.198348 0.222538 0.058854 1 28 1.000000
 29 -61.675312 2.454686 90.210205 0.399026 0.557673 -0.727860 0.218097 0.085801 1 28 1.000000
 29 -62.133595 3.547580 91.525459 0.254439 0.904387 -0.342557 0.237812 0.080934 1 28 1.000000
MarioHand_alb.png
 29 -59.936363 0.795452 93.663269 0.949637 0.017622 0.312857 0.199527 0.031968 1 28 1.000000
 29 -59.971401 0.893592 90.996132 0.907810 0.048877 -0.416524 0.199374 0.063401 1 28 1.000000
 29 -60.291336 2.553792 91.860565 0.822762 0.532655 -0.198348 0.222538 0.058854 1 28 1.000000
MarioHand_alb.png
 29 -59.971401 0.893592 90.996132 0.907810 0.048877 -0.416524 0.199374 0.063401 1 28 1.000000
 29 -61.675312 2.454686 90.210205 0.399026 0.557673 -0.727860 0.218097 0.085801 1 28 1.000000
 29 -60.291336 2.553792 91.860565 0.822762 0.532655 -0.198348 0.222538 0.058854 1 28 1.000000
MarioHand_alb.png
 29 -59.936363 0.795452 93.663269 0.949637 0.017622 0.312857 0.199527 0.031968 1 28 1.000000
 29 -60.167290 -0.851448 91.690903 0.857481 -0.457730 -0.234968 0.176287 0.058839 1 28 1.000000
 29 -59.971401 0.893592 90.996132 0.907810 0.048877 -0.416524 0.199374 0.063401 1 28 1.000000
MarioHand_alb.png
 29 -61.675312 2.454686 90.210205 0.399026 0.557673 -0.727860 0.218097 0.085801 1 28 1.000000
 29 -63.830406 2.536787 89.352295 0.160213 0.496805 -0.852946 0.220188 0.114855 1 28 1.000000
 29 -64.299919 3.621372 90.699081 0.111390 0.890954 -0.440220 0.242206 0.111681 1 28 1.000000
MarioHand_alb.png
 29 -63.830406 2.536787 89.352295 0.160213 0.496805 -0.852946 0.220188 0.114855 1 28 1.000000
 29 -67.228500 2.516088 89.155769 -0.362315 0.399500 -0.842097 0.221851 0.145327 1 28 1.000000
 29 -64.299919 3.621372 90.699081 0.111390 0.890954 -0.440220 0.242206 0.111681 1 28 1.000000
MarioHand_alb.png
 29 -59.971401 0.893592 90.996132 0.907810 0.048877 -0.416524 0.199374 0.063401 1 28 1.000000
 29 -61.497684 0.890284 89.768768 0.436002 0.029324 -0.899468 0.199115 0.086870 1 28 1.000000
 29 -61.675312 2.454686 90.210205 0.399026 0.557673 -0.727860 0.218097 0.085801 1 28 1.000000
MarioHand_alb.png
 29 -63.830406 2.536787 89.352295 0.160213 0.496805 -0.852946 0.220188 0.114855 1 28 1.000000
 29 -67.186531 0.740721 88.924744 -0.392979 -0.009777 -0.919495 0.197986 0.145922 1 28 1.000000
 29 -67.228500 2.516088 89.155769 -0.362315 0.399500 -0.842097 0.221851 0.145327 1 28 1.000000
MarioHand_alb.png
 29 -67.186531 0.740721 88.924744 -0.392979 -0.009777 -0.919495 0.197986 0.145922 1 28 1.000000
 29 -70.394272 0.527452 91.930275 -0.866967 -0.039137 -0.496827 0.197894 0.181872 1 28 1.000000
 29 -67.228500 2.516088 89.155769 -0.362315 0.399500 -0.842097 0.221851 0.145327 1 28 1.000000
MarioHand_alb.png
 29 -67.104385 -1.012615 89.150452 -0.340283 -0.385715 -0.857573 0.174228 0.144747 1 28 1.000000
 29 -70.394272 0.527452 91.930275 -0.866967 -0.039137 -0.496827 0.197894 0.181872 1 28 1.000000
 29 -67.186531 0.740721 88.924744 -0.392979 -0.009777 -0.919495 0.197986 0.145922 1 28 1.000000
MarioHand_alb.png
 29 -63.753635 -0.900047 89.324432 0.172001 -0.429948 -0.886318 0.176440 0.114183 1 28 1.000000
 29 -67.104385 -1.012615 89.150452 -0.340283 -0.385715 -0.857573 0.174228 0.144747 1 28 1.000000
 29 -67.186531 0.740721 88.924744 -0.392979 -0.009777 -0.919495 0.197986 0.145922 1 28 1.000000
MarioHand_alb.png
 29 -61.675312 2.454686 90.210205 0.399026 0.557673 -0.727860 0.218097 0.085801 1 28 1.000000
 29 -63.667809 0.849958 88.967773 0.164379 0.015625 -0.986274 0.198535 0.115465 1 28 1.000000
 29 -63.830406 2.536787 89.352295 0.160213 0.496805 -0.852946 0.220188 0.114855 1 28 1.000000
MarioHand_alb.png
 29 -63.667809 0.849958 88.967773 0.164379 0.015625 -0.986274 0.198535 0.115465 1 28 1.000000
 29 -67.186531 0.740721 88.924744 -0.392979 -0.009777 -0.919495 0.197986 0.145922 1 28 1.000000
 29 -63.830406 2.536787 89.352295 0.160213 0.496805 -0.852946 0.220188 0.114855 1 28 1.000000
MarioHand_alb.png
 29 -61.497684 0.890284 89.768768 0.436002 0.029324 -0.899468 0.199115 0.086870 1 28 1.000000
 29 -63.667809 0.849958 88.967773 0.164379 0.015625 -0.986274 0.198535 0.115465 1 28 1.000000
 29 -61.675312 2.454686 90.210205 0.399026 0.557673 -0.727860 0.218097 0.085801 1 28 1.000000
MarioHand_alb.png
 29 -63.753635 -0.900047 89.324432 0.172001 -0.429948 -0.886318 0.176440 0.114183 1 28 1.000000
 29 -67.186531 0.740721 88.924744 -0.392979 -0.009777 -0.919495 0.197986 0.145922 1 28 1.000000
 29 -63.667809 0.849958 88.967773 0.164379 0.015625 -0.986274 0.198535 0.115465 1 28 1.000000
MarioHand_alb.png
 29 -61.597233 -0.744841 90.116730 0.416272 -0.462297 -0.782943 0.179797 0.085298 1 28 1.000000
 29 -63.667809 0.849958 88.967773 0.164379 0.015625 -0.986274 0.198535 0.115465 1 28 1.000000
 29 -61.497684 0.890284 89.768768 0.436002 0.029324 -0.899468 0.199115 0.086870 1 28 1.000000
MarioHand_alb.png
 29 -61.597233 -0.744841 90.116730 0.416272 -0.462297 -0.782943 0.179797 0.085298 1 28 1.000000
 29 -63.753635 -0.900047 89.324432 0.172001 -0.429948 -0.886318 0.176440 0.114183 1 28 1.000000
 29 -63.667809 0.849958 88.967773 0.164379 0.015625 -0.986274 0.198535 0.115465 1 28 1.000000
MarioHand_alb.png
 29 -59.971401 0.893592 90.996132 0.907810 0.048877 -0.416524 0.199374 0.063401 1 28 1.000000
 29 -61.597233 -0.744841 90.116730 0.416272 -0.462297 -0.782943 0.179797 0.085298 1 28 1.000000
 29 -61.497684 0.890284 89.768768 0.436002 0.029324 -0.899468 0.199115 0.086870 1 28 1.000000
MarioHand_alb.png
 29 -60.167290 -0.851448 91.690903 0.857481 -0.457730 -0.234968 0.176287 0.058839 1 28 1.000000
 29 -61.597233 -0.744841 90.116730 0.416272 -0.462297 -0.782943 0.179797 0.085298 1 28 1.000000
 29 -59.971401 0.893592 90.996132 0.907810 0.048877 -0.416524 0.199374 0.063401 1 28 1.000000
MarioHand_alb.png
 29 -61.909592 -1.845777 91.174187 0.305559 -0.853973 -0.421145 0.162249 0.080827 1 28 1.000000
 29 -63.753635 -0.900047 89.324432 0.172001 -0.429948 -0.886318 0.176440 0.114183 1 28 1.000000
 29 -61.597233 -0.744841 90.116730 0.416272 -0.462297 -0.782943 0.179797 0.085298 1 28 1.000000
MarioHand_alb.png
 29 -60.167290 -0.851448 91.690903 0.857481 -0.457730 -0.234968 0.176287 0.058839 1 28 1.000000
 29 -61.909592 -1.845777 91.174187 0.305559 -0.853973 -0.421145 0.162249 0.080827 1 28 1.000000
 29 -61.597233 -0.744841 90.116730 0.416272 -0.462297 -0.782943 0.179797 0.085298 1 28 1.000000
MarioHand_alb.png
 29 -59.188782 7.835011 105.740501 -0.254444 -0.845634 -0.469214 0.111543 0.821118 1 28 1.000000
 29 -58.166859 8.409190 104.197296 -0.064490 -0.342770 -0.937203 0.126024 0.804623 1 28 1.000000
 29 -58.119022 7.701586 105.746979 -0.041579 -0.908160 -0.416554 0.107530 0.806531 1 28 1.000000
MarioHand_alb.png
 29 -58.166859 8.409190 104.197296 -0.064490 -0.342770 -0.937203 0.126024 0.804623 1 28 1.000000
 29 -57.057007 7.818655 105.644966 0.172422 -0.848854 -0.499718 0.109575 0.791959 1 28 1.000000
 29 -58.119022 7.701586 105.746979 -0.041579 -0.908160 -0.416554 0.107530 0.806531 1 28 1.000000
MarioHand_alb.png
 29 -57.061802 9.871286 104.907364 0.152612 0.320867 -0.934748 0.140795 0.788968 1 28 1.000000
 29 -58.166859 8.409190 104.197296 -0.064490 -0.342770 -0.937203 0.126024 0.804623 1 28 1.000000
 29 -58.131588 10.004712 104.900871 -0.059886 0.406613 -0.911636 0.145708 0.803189 1 28 1.000000
MarioHand_alb.png
 29 -58.166859 8.409190 104.197296 -0.064490 -0.342770 -0.937203 0.126024 0.804623 1 28 1.000000
 29 -59.193569 9.887636 105.002899 -0.260574 0.336400 -0.904951 0.145052 0.819120 1 28 1.000000
 29 -58.131588 10.004712 104.900871 -0.059886 0.406613 -0.911636 0.145708 0.803189 1 28 1.000000
MarioHand_alb.png
 29 -56.629028 -0.884136 105.557053 0.121306 0.794452 -0.595088 0.042863 0.776913 1 28 1.000000
 29 -58.024063 -1.630620 104.278259 -0.133170 0.260557 -0.956230 0.028763 0.796063 1 28 1.000000
 29 -57.840782 -0.740352 105.767586 -0.080109 0.859355 -0.505066 0.047654 0.793866 1 28 1.000000
MarioHand_alb.png
 29 -58.024063 -1.630620 104.278259 -0.133170 0.260557 -0.956230 0.028763 0.796063 1 28 1.000000
 29 -59.060692 -0.913498 105.891205 -0.294876 0.788210 -0.540160 0.045182 0.810422 1 28 1.000000
 29 -57.840782 -0.740352 105.767586 -0.080109 0.859355 -0.505066 0.047654 0.793866 1 28 1.000000
MarioHand_alb.png
 29 -45.047016 -4.799055 96.311356 0.993320 0.115391 0.000000 0.295109 0.956008 1 28 1.000000
 29 -45.044750 -4.150399 93.362755 0.992556 0.111577 0.048827 0.295109 0.956008 1 28 1.000000
 29 -48.421810 3.410856 96.311340 0.999992 -0.003911 0.000000 0.295109 0.995850 1 28 1.000000
MarioHand_alb.png
 29 -45.044750 -4.150399 93.362755 0.992556 0.111577 0.048827 0.295109 0.956008 1 28 1.000000
 29 -45.038620 -2.394424 90.845978 0.992515 0.084156 0.088495 0.295109 0.956008 1 28 1.000000
 29 -48.421810 3.410856 96.311340 0.999992 -0.003911 0.000000 0.295109 0.995850 1 28 1.000000
MarioHand_alb.png
 29 -48.421810 3.410856 96.311340 0.999992 -0.003911 0.000000 0.295109 0.995850 1 28 1.000000
 29 -45.038620 -2.394424 90.845978 0.992515 0.084156 0.088495 0.295109 0.956008 1 28 1.000000
 29 -45.029293 0.278883 89.192810 0.991780 0.045009 0.119777 0.295109 0.956008 1 28 1.000000
MarioHand_alb.png
 29 -48.421810 3.410856 96.311340 0.999992 -0.003911 0.000000 0.295109 0.995850 1 28 1.000000
 29 -45.029293 0.278883 89.192810 0.991780 0.045009 0.119777 0.295109 0.956008 1 28 1.000000
 29 -45.018364 3.410862 88.582138 0.992422 -0.003909 0.122813 0.295109 0.956008 1 28 1.000000
MarioHand_alb.png
 29 -45.044746 -4.150396 99.259933 0.992545 0.111671 -0.048826 0.295109 0.956008 1 28 1.000000
 29 -45.047016 -4.799055 96.311356 0.993320 0.115391 0.000000 0.295109 0.956008 1 28 1.000000
 29 -48.421810 3.410856 96.311340 0.999992 -0.003911 0.000000 0.295109 0.995850 1 28 1.000000
MarioHand_alb.png
 29 -45.038624 -2.394425 101.776711 0.992519 0.084109 -0.088495 0.295109 0.956008 1 28 1.000000
 29 -45.044746 -4.150396 99.259933 0.992545 0.111671 -0.048826 0.295109 0.956008 1 28 1.000000
 29 -48.421810 3.410856 96.311340 0.999992 -0.003911 0.000000 0.295109 0.995850 1 28 1.000000
MarioHand_alb.png
 29 -45.038624 -2.394425 101.776711 0.992519 0.084109 -0.088495 0.295109 0.956008 1 28 1.000000
 29 -48.421810 3.410856 96.311340 0.999992 -0.003911 0.000000 0.295109 0.995850 1 28 1.000000
 29 -45.029293 0.278883 103.429855 0.991782 0.044958 -0.119777 0.295109 0.956008 1 28 1.000000
MarioHand_alb.png
 29 -48.421810 3.410856 96.311340 0.999992 -0.003911 0.000000 0.295109 0.995850 1 28 1.000000
 29 -45.018364 3.410864 104.040550 0.992323 -0.003911 -0.123611 0.295109 0.956008 1 28 1.000000
 29 -45.029293 0.278883 103.429855 0.991782 0.044958 -0.119777 0.295109 0.956008 1 28 1.000000
MarioHand_alb.png
 29 -45.018364 3.410864 104.040550 0.992323 -0.003911 -0.123611 0.295109 0.956008 1 28 1.000000
 29 -48.421810 3.410856 96.311340 0.999992 -0.003911 0.000000 0.295109 0.995850 1 28 1.000000
 29 -45.007427 6.542839 103.429855 0.992211 -0.050927 -0.113679 0.295109 0.956008 1 28 1.000000
MarioHand_alb.png
 29 -48.421810 3.410856 96.311340 0.999992 -0.003911 0.000000 0.295109 0.995850 1 28 1.000000
 29 -44.998104 9.216146 101.776711 0.993510 -0.082220 -0.078596 0.295109 0.956008 1 28 1.000000
 29 -45.007427 6.542839 103.429855 0.992211 -0.050927 -0.113679 0.295109 0.956008 1 28 1.000000
MarioHand_alb.png
 29 -48.421810 3.410856 96.311340 0.999992 -0.003911 0.000000 0.295109 0.995850 1 28 1.000000
 29 -44.991974 10.972118 99.259933 0.993768 -0.103573 -0.041200 0.295109 0.956008 1 28 1.000000
 29 -44.998104 9.216146 101.776711 0.993510 -0.082220 -0.078596 0.295109 0.956008 1 28 1.000000
MarioHand_alb.png
 29 -48.421810 3.410856 96.311340 0.999992 -0.003911 0.000000 0.295109 0.995850 1 28 1.000000
 29 -44.989704 11.620771 96.311340 0.994601 -0.103771 0.000000 0.295109 0.956008 1 28 1.000000
 29 -44.991974 10.972118 99.259933 0.993768 -0.103573 -0.041200 0.295109 0.956008 1 28 1.000000
MarioHand_alb.png
 29 -44.989704 11.620771 96.311340 0.994601 -0.103771 0.000000 0.295109 0.956008 1 28 1.000000
 29 -48.421810 3.410856 96.311340 0.999992 -0.003911 0.000000 0.295109 0.995850 1 28 1.000000
 29 -44.991974 10.972118 93.362747 0.993780 -0.103765 0.040438 0.295109 0.956008 1 28 1.000000
MarioHand_alb.png
 29 -48.421810 3.410856 96.311340 0.999992 -0.003911 0.000000 0.295109 0.995850 1 28 1.000000
 29 -44.998104 9.216146 90.845978 0.993518 -0.082125 0.078596 0.295109 0.956008 1 28 1.000000
 29 -44.991974 10.972118 93.362747 0.993780 -0.103765 0.040438 0.295109 0.956008 1 28 1.000000
MarioHand_alb.png
 29 -48.421810 3.410856 96.311340 0.999992 -0.003911 0.000000 0.295109 0.995850 1 28 1.000000
 29 -45.007427 6.542840 89.192810 0.992216 -0.050832 0.113680 0.295109 0.956008 1 28 1.000000
 29 -44.998104 9.216146 90.845978 0.993518 -0.082125 0.078596 0.295109 0.956008 1 28 1.000000
MarioHand_alb.png
 29 -48.421810 3.410856 96.311340 0.999992 -0.003911 0.000000 0.295109 0.995850 1 28 1.000000
 29 -45.018364 3.410862 88.582138 0.992422 -0.003909 0.122813 0.295109 0.956008 1 28 1.000000
 29 -45.007427 6.542840 89.192810 0.992216 -0.050832 0.113680 0.295109 0.956008 1 28 1.000000
MarioHand_alb.png
 29 -60.978447 -8.742828 86.222633 0.495105 0.275779 -0.823904 0.689021 0.120623 1 28 1.000000
 29 -59.664421 -8.570662 86.624863 0.141520 0.291622 -0.946007 0.678325 0.134173 1 28 1.000000
 29 -59.906521 -10.019732 86.384468 0.391039 -0.305201 -0.868298 0.699260 0.148775 1 28 1.000000
MarioHand_alb.png
 29 -61.901417 -9.828011 85.448212 0.258255 -0.360107 -0.896453 0.709712 0.134325 1 28 1.000000
 29 -60.978447 -8.742828 86.222633 0.495105 0.275779 -0.823904 0.689021 0.120623 1 28 1.000000
 29 -59.906521 -10.019732 86.384468 0.391039 -0.305201 -0.868298 0.699260 0.148775 1 28 1.000000
MarioHand_alb.png
 29 -61.799698 -7.669405 85.353462 0.646662 0.168437 -0.743947 0.699947 0.105364 1 28 1.000000
 29 -60.978447 -8.742828 86.222633 0.495105 0.275779 -0.823904 0.689021 0.120623 1 28 1.000000
 29 -61.901417 -9.828011 85.448212 0.258255 -0.360107 -0.896453 0.709712 0.134325 1 28 1.000000
MarioHand_alb.png
 29 -61.901417 -9.828011 85.448212 0.258255 -0.360107 -0.896453 0.709712 0.134325 1 28 1.000000
 29 -59.906521 -10.019732 86.384468 0.391039 -0.305201 -0.868298 0.699260 0.148775 1 28 1.000000
 29 -60.775150 -11.537031 87.138794 0.187695 -0.780822 -0.595893 0.721340 0.163119 1 28 1.000000
MarioHand_alb.png
 29 -63.241379 -8.511049 84.926598 0.106401 -0.176192 -0.978588 0.718654 0.117357 1 28 1.000000
 29 -61.799698 -7.669405 85.353462 0.646662 0.168437 -0.743947 0.699947 0.105364 1 28 1.000000
 29 -61.901417 -9.828011 85.448212 0.258255 -0.360107 -0.896453 0.709712 0.134325 1 28 1.000000
MarioHand_alb.png
 29 -62.631912 -6.420474 85.241539 0.534020 0.283698 -0.796453 0.710704 0.088212 1 28 1.000000
 29 -61.799698 -7.669405 85.353462 0.646662 0.168437 -0.743947 0.699947 0.105364 1 28 1.000000
 29 -63.241379 -8.511049 84.926598 0.106401 -0.176192 -0.978588 0.718654 0.117357 1 28 1.000000
MarioHand_alb.png
 29 -61.901417 -9.828011 85.448212 0.258255 -0.360107 -0.896453 0.709712 0.134325 1 28 1.000000
 29 -60.775150 -11.537031 87.138794 0.187695 -0.780822 -0.595893 0.721340 0.163119 1 28 1.000000
 29 -62.875443 -10.983950 86.080154 -0.023652 -0.711851 -0.701932 0.729671 0.146929 1 28 1.000000
MarioHand_alb.png
 29 -63.241379 -8.511049 84.926598 0.106401 -0.176192 -0.978588 0.718654 0.117357 1 28 1.000000
 29 -61.901417 -9.828011 85.448212 0.258255 -0.360107 -0.896453 0.709712 0.134325 1 28 1.000000
 29 -62.875443 -10.983950 86.080154 -0.023652 -0.711851 -0.701932 0.729671 0.146929 1 28 1.000000
MarioHand_alb.png
 29 -64.114487 -7.024280 84.860596 0.021368 -0.009826 -0.999723 0.728145 0.100252 1 28 1.000000
 29 -62.631912 -6.420474 85.241539 0.534020 0.283698 -0.796453 0.710704 0.088212 1 28 1.000000
 29 -63.241379 -8.511049 84.926598 0.106401 -0.176192 -0.978588 0.718654 0.117357 1 28 1.000000
MarioHand_alb.png
 29 -63.430546 -4.795682 85.323364 0.550136 0.383798 -0.741653 0.723568 0.069093 1 28 1.000000
 29 -62.631912 -6.420474 85.241539 0.534020 0.283698 -0.796453 0.710704 0.088212 1 28 1.000000
 29 -64.114487 -7.024280 84.860596 0.021368 -0.009826 -0.999723 0.728145 0.100252 1 28 1.000000
MarioHand_alb.png
 29 -63.241379 -8.511049 84.926598 0.106401 -0.176192 -0.978588 0.718654 0.117357 1 28 1.000000
 29 -62.875443 -10.983950 86.080154 -0.023652 -0.711851 -0.701932 0.729671 0.146929 1 28 1.000000
 29 -64.652252 -9.473516 85.281128 -0.265528 -0.466200 -0.843891 0.737987 0.130220 1 28 1.000000
MarioHand_alb.png
 29 -64.114487 -7.024280 84.860596 0.021368 -0.009826 -0.999723 0.728145 0.100252 1 28 1.000000
 29 -63.241379 -8.511049 84.926598 0.106401 -0.176192 -0.978588 0.718654 0.117357 1 28 1.000000
 29 -64.652252 -9.473516 85.281128 -0.265528 -0.466200 -0.843891 0.737987 0.130220 1 28 1.000000
MarioHand_alb.png
 29 -62.875443 -10.983950 86.080154 -0.023652 -0.711851 -0.701932 0.729671 0.146929 1 28 1.000000
 29 -60.775150 -11.537031 87.138794 0.187695 -0.780822 -0.595893 0.721340 0.163119 1 28 1.000000
 29 -63.974968 -11.759748 87.441681 -0.265895 -0.876842 -0.400559 0.751705 0.159503 1 28 1.000000
MarioHand_alb.png
 29 -63.974968 -11.759748 87.441681 -0.265895 -0.876842 -0.400559 0.751705 0.159503 1 28 1.000000
 29 -60.775150 -11.537031 87.138794 0.187695 -0.780822 -0.595893 0.721340 0.163119 1 28 1.000000
 29 -61.706596 -12.426147 88.796516 -0.017548 -0.964576 -0.263222 0.745403 0.176287 1 28 1.000000
MarioHand_alb.png
 29 -64.652252 -9.473516 85.281128 -0.265528 -0.466200 -0.843891 0.737987 0.130220 1 28 1.000000
 29 -62.875443 -10.983950 86.080154 -0.023652 -0.711851 -0.701932 0.729671 0.146929 1 28 1.000000
 29 -65.862900 -10.148905 86.482841 -0.552346 -0.645135 -0.527933 0.758114 0.142000 1 28 1.000000
MarioHand_alb.png
 29 -65.862900 -10.148905 86.482841 -0.552346 -0.645135 -0.527933 0.758114 0.142000 1 28 1.000000
 29 -62.875443 -10.983950 86.080154 -0.023652 -0.711851 -0.701932 0.729671 0.146929 1 28 1.000000
 29 -63.974968 -11.759748 87.441681 -0.265895 -0.876842 -0.400559 0.751705 0.159503 1 28 1.000000
MarioHand_alb.png
 29 -64.114487 -7.024280 84.860596 0.021368 -0.009826 -0.999723 0.728145 0.100252 1 28 1.000000
 29 -64.652252 -9.473516 85.281128 -0.265528 -0.466200 -0.843891 0.737987 0.130220 1 28 1.000000
 29 -65.708679 -7.784029 85.178566 -0.378467 -0.233013 -0.895806 0.746456 0.112993 1 28 1.000000
MarioHand_alb.png
 29 -65.708679 -7.784029 85.178566 -0.378467 -0.233013 -0.895806 0.746456 0.112993 1 28 1.000000
 29 -64.652252 -9.473516 85.281128 -0.265528 -0.466200 -0.843891 0.737987 0.130220 1 28 1.000000
 29 -65.862900 -10.148905 86.482841 -0.552346 -0.645135 -0.527933 0.758114 0.142000 1 28 1.000000
MarioHand_alb.png
 29 -63.974968 -11.759748 87.441681 -0.265895 -0.876842 -0.400559 0.751705 0.159503 1 28 1.000000
 29 -61.706596 -12.426147 88.796516 -0.017548 -0.964576 -0.263222 0.745403 0.176287 1 28 1.000000
 29 -64.752876 -11.848520 89.233589 -0.464638 -0.885121 0.025940 0.775662 0.169375 1 28 1.000000
MarioHand_alb.png
 29 -61.706596 -12.426147 88.796516 -0.017548 -0.964576 -0.263222 0.745403 0.176287 1 28 1.000000
 29 -62.678623 -12.404467 90.348534 -0.263988 -0.954478 0.138861 0.770260 0.186221 1 28 1.000000
 29 -64.752876 -11.848520 89.233589 -0.464638 -0.885121 0.025940 0.775662 0.169375 1 28 1.000000
MarioHand_alb.png
 29 -65.862900 -10.148905 86.482841 -0.552346 -0.645135 -0.527933 0.758114 0.142000 1 28 1.000000
 29 -63.974968 -11.759748 87.441681 -0.265895 -0.876842 -0.400559 0.751705 0.159503 1 28 1.000000
 29 -66.541725 -10.338827 88.277122 -0.740877 -0.663336 -0.105295 0.780621 0.151446 1 28 1.000000
MarioHand_alb.png
 29 -63.974968 -11.759748 87.441681 -0.265895 -0.876842 -0.400559 0.751705 0.159503 1 28 1.000000
 29 -64.752876 -11.848520 89.233589 -0.464638 -0.885121 0.025940 0.775662 0.169375 1 28 1.000000
 29 -66.541725 -10.338827 88.277122 -0.740877 -0.663336 -0.105295 0.780621 0.151446 1 28 1.000000
MarioHand_alb.png
 29 -64.752876 -11.848520 89.233589 -0.464638 -0.885121 0.025940 0.775662 0.169375 1 28 1.000000
 29 -62.678623 -12.404467 90.348534 -0.263988 -0.954478 0.138861 0.770260 0.186221 1 28 1.000000
 29 -65.038734 -11.152849 90.822128 -0.576776 -0.683205 0.447841 0.801846 0.176150 1 28 1.000000
MarioHand_alb.png
 29 -65.038734 -11.152849 90.822128 -0.576776 -0.683205 0.447841 0.801846 0.176150 1 28 1.000000
 29 -62.678623 -12.404467 90.348534 -0.263988 -0.954478 0.138861 0.770260 0.186221 1 28 1.000000
 29 -62.554184 -11.462475 92.560463 -0.484905 -0.679859 0.550144 0.798184 0.193179 1 28 1.000000
MarioHand_alb.png
 29 -66.541725 -10.338827 88.277122 -0.740877 -0.663336 -0.105295 0.780621 0.151446 1 28 1.000000
 29 -64.752876 -11.848520 89.233589 -0.464638 -0.885121 0.025940 0.775662 0.169375 1 28 1.000000
 29 -66.430725 -9.894213 90.111870 -0.775250 -0.507422 0.376179 0.805219 0.157504 1 28 1.000000
MarioHand_alb.png
 29 -66.430725 -9.894213 90.111870 -0.775250 -0.507422 0.376179 0.805219 0.157504 1 28 1.000000
 29 -64.752876 -11.848520 89.233589 -0.464638 -0.885121 0.025940 0.775662 0.169375 1 28 1.000000
 29 -65.038734 -11.152849 90.822128 -0.576776 -0.683205 0.447841 0.801846 0.176150 1 28 1.000000
MarioHand_alb.png
 29 -65.862900 -10.148905 86.482841 -0.552346 -0.645135 -0.527933 0.758114 0.142000 1 28 1.000000
 29 -66.541725 -10.338827 88.277122 -0.740877 -0.663336 -0.105295 0.780621 0.151446 1 28 1.000000
 29 -67.499481 -8.600740 88.092842 -0.889571 -0.447837 -0.090025 0.785992 0.132738 1 28 1.000000
MarioHand_alb.png
 29 -67.499481 -8.600740 88.092842 -0.889571 -0.447837 -0.090025 0.785992 0.132738 1 28 1.000000
 29 -66.541725 -10.338827 88.277122 -0.740877 -0.663336 -0.105295 0.780621 0.151446 1 28 1.000000
 29 -66.430725 -9.894213 90.111870 -0.775250 -0.507422 0.376179 0.805219 0.157504 1 28 1.000000
MarioHand_alb.png
 29 -65.038734 -11.152849 90.822128 -0.576776 -0.683205 0.447841 0.801846 0.176150 1 28 1.000000
 29 -62.554184 -11.462475 92.560463 -0.484905 -0.679859 0.550144 0.798184 0.193179 1 28 1.000000
 29 -64.010651 -9.726536 92.861580 -0.636095 -0.283344 0.717704 0.828428 0.179232 1 28 1.000000
MarioHand_alb.png
 29 -62.554184 -11.462475 92.560463 -0.484905 -0.679859 0.550144 0.798184 0.193179 1 28 1.000000
 29 -62.328297 -9.746502 94.077866 -0.704538 -0.546141 0.453162 0.825513 0.197269 1 28 1.000000
 29 -64.010651 -9.726536 92.861580 -0.636095 -0.283344 0.717704 0.828428 0.179232 1 28 1.000000
MarioHand_alb.png
 29 -64.010651 -9.726536 92.861580 -0.636095 -0.283344 0.717704 0.828428 0.179232 1 28 1.000000
 29 -62.328297 -9.746502 94.077866 -0.704538 -0.546141 0.453162 0.825513 0.197269 1 28 1.000000
 29 -63.421730 -7.009658 93.355827 -0.966727 0.156702 0.202196 0.869474 0.183352 1 28 1.000000
MarioHand_alb.png
 29 -65.038734 -11.152849 90.822128 -0.576776 -0.683205 0.447841 0.801846 0.176150 1 28 1.000000
 29 -64.010651 -9.726536 92.861580 -0.636095 -0.283344 0.717704 0.828428 0.179232 1 28 1.000000
 29 -65.500511 -9.199886 91.523552 -0.680119 -0.215447 0.700729 0.829404 0.160021 1 28 1.000000
MarioHand_alb.png
 29 -66.430725 -9.894213 90.111870 -0.775250 -0.507422 0.376179 0.805219 0.157504 1 28 1.000000
 29 -65.038734 -11.152849 90.822128 -0.576776 -0.683205 0.447841 0.801846 0.176150 1 28 1.000000
 29 -65.500511 -9.199886 91.523552 -0.680119 -0.215447 0.700729 0.829404 0.160021 1 28 1.000000
MarioHand_alb.png
 29 -64.010651 -9.726536 92.861580 -0.636095 -0.283344 0.717704 0.828428 0.179232 1 28 1.000000
 29 -63.421730 -7.009658 93.355827 -0.966727 0.156702 0.202196 0.869474 0.183352 1 28 1.000000
 29 -64.163300 -7.157564 92.436516 -0.724590 0.391088 0.567468 0.866117 0.169467 1 28 1.000000
MarioHand_alb.png
 29 -65.500511 -9.199886 91.523552 -0.680119 -0.215447 0.700729 0.829404 0.160021 1 28 1.000000
 29 -64.010651 -9.726536 92.861580 -0.636095 -0.283344 0.717704 0.828428 0.179232 1 28 1.000000
 29 -64.163300 -7.157564 92.436516 -0.724590 0.391088 0.567468 0.866117 0.169467 1 28 1.000000
MarioHand_alb.png
 29 -64.163300 -7.157564 92.436516 -0.724590 0.391088 0.567468 0.866117 0.169467 1 28 1.000000
 29 -63.421730 -7.009658 93.355827 -0.966727 0.156702 0.202196 0.869474 0.183352 1 28 1.000000
 29 -61.924892 -5.446892 91.196236 -0.759532 0.610849 -0.223549 0.916075 0.178088 1 28 1.000000
MarioHand_alb.png
 29 -66.430725 -9.894213 90.111870 -0.775250 -0.507422 0.376179 0.805219 0.157504 1 28 1.000000
 29 -65.500511 -9.199886 91.523552 -0.680119 -0.215447 0.700729 0.829404 0.160021 1 28 1.000000
 29 -66.186783 -7.867969 91.375717 -0.497564 -0.164646 0.851658 0.830106 0.140688 1 28 1.000000
MarioHand_alb.png
 29 -64.163300 -7.157564 92.436516 -0.724590 0.391088 0.567468 0.866117 0.169467 1 28 1.000000
 29 -61.924892 -5.446892 91.196236 -0.759532 0.610849 -0.223549 0.916075 0.178088 1 28 1.000000
 29 -62.290184 -5.907969 90.454323 -0.524111 0.829843 -0.191488 0.907774 0.162814 1 28 1.000000
MarioHand_alb.png
 29 -62.290184 -5.907969 90.454323 -0.524111 0.829843 -0.191488 0.907774 0.162814 1 28 1.000000
 29 -61.924892 -5.446892 91.196236 -0.759532 0.610849 -0.223549 0.916075 0.178088 1 28 1.000000
 29 -60.318928 -5.664364 88.474022 -0.417439 0.487361 -0.766958 0.949355 0.156390 1 28 1.000000
MarioHand_alb.png
 29 -65.500511 -9.199886 91.523552 -0.680119 -0.215447 0.700729 0.829404 0.160021 1 28 1.000000
 29 -64.163300 -7.157564 92.436516 -0.724590 0.391088 0.567468 0.866117 0.169467 1 28 1.000000
 29 -64.414619 -6.987908 91.749985 -0.389908 0.297772 0.871380 0.864363 0.154147 1 28 1.000000
MarioHand_alb.png
 29 -64.414619 -6.987908 91.749985 -0.389908 0.297772 0.871380 0.864363 0.154147 1 28 1.000000
 29 -64.163300 -7.157564 92.436516 -0.724590 0.391088 0.567468 0.866117 0.169467 1 28 1.000000
 29 -62.290184 -5.907969 90.454323 -0.524111 0.829843 -0.191488 0.907774 0.162814 1 28 1.000000
MarioHand_alb.png
 29 -66.186783 -7.867969 91.375717 -0.497564 -0.164646 0.851658 0.830106 0.140688 1 28 1.000000
 29 -65.500511 -9.199886 91.523552 -0.680119 -0.215447 0.700729 0.829404 0.160021 1 28 1.000000
 29 -64.414619 -6.987908 91.749985 -0.389908 0.297772 0.871380 0.864363 0.154147 1 28 1.000000
MarioHand_alb.png
 29 -62.290184 -5.907969 90.454323 -0.524111 0.829843 -0.191488 0.907774 0.162814 1 28 1.000000
 29 -60.318928 -5.664364 88.474022 -0.417439 0.487361 -0.766958 0.949355 0.156390 1 28 1.000000
 29 -60.986687 -6.989448 87.942719 0.285324 0.704346 -0.649990 0.939925 0.141283 1 28 1.000000
MarioHand_alb.png
 29 -60.986687 -6.989448 87.942719 0.285324 0.704346 -0.649990 0.939925 0.141283 1 28 1.000000
 29 -60.318928 -5.664364 88.474022 -0.417439 0.487361 -0.766958 0.949355 0.156390 1 28 1.000000
 29 -59.664421 -8.570662 86.624863 0.141520 0.291622 -0.946007 0.978897 0.133257 1 28 1.000000
MarioHand_alb.png
 29 -60.986687 -6.989448 87.942719 0.285324 0.704346 -0.649990 0.939925 0.141283 1 28 1.000000
 29 -59.664421 -8.570662 86.624863 0.141520 0.291622 -0.946007 0.978897 0.133257 1 28 1.000000
 29 -60.978447 -8.742828 86.222633 0.495105 0.275779 -0.823904 0.968811 0.119097 1 28 1.000000
MarioHand_alb.png
 29 -60.986687 -6.989448 87.942719 0.285324 0.704346 -0.649990 0.939925 0.141283 1 28 1.000000
 29 -60.978447 -8.742828 86.222633 0.495105 0.275779 -0.823904 0.968811 0.119097 1 28 1.000000
 29 -61.799698 -7.669405 85.353462 0.646662 0.168437 -0.743947 0.958816 0.102769 1 28 1.000000
MarioHand_alb.png
 29 -64.414619 -6.987908 91.749985 -0.389908 0.297772 0.871380 0.864363 0.154147 1 28 1.000000
 29 -62.290184 -5.907969 90.454323 -0.524111 0.829843 -0.191488 0.907774 0.162814 1 28 1.000000
 29 -62.272537 -6.068758 89.910217 0.748365 0.520461 0.411181 0.900816 0.144747 1 28 1.000000
MarioHand_alb.png
 29 -62.272537 -6.068758 89.910217 0.748365 0.520461 0.411181 0.900816 0.144747 1 28 1.000000
 29 -62.290184 -5.907969 90.454323 -0.524111 0.829843 -0.191488 0.907774 0.162814 1 28 1.000000
 29 -60.986687 -6.989448 87.942719 0.285324 0.704346 -0.649990 0.939925 0.141283 1 28 1.000000
MarioHand_alb.png
 29 -60.986687 -6.989448 87.942719 0.285324 0.704346 -0.649990 0.939925 0.141283 1 28 1.000000
 29 -61.799698 -7.669405 85.353462 0.646662 0.168437 -0.743947 0.958816 0.102769 1 28 1.000000
 29 -61.313221 -6.121839 87.317886 0.876887 0.395057 -0.273860 0.930632 0.124849 1 28 1.000000
MarioHand_alb.png
 29 -62.272537 -6.068758 89.910217 0.748365 0.520461 0.411181 0.900816 0.144747 1 28 1.000000
 29 -60.986687 -6.989448 87.942719 0.285324 0.704346 -0.649990 0.939925 0.141283 1 28 1.000000
 29 -61.313221 -6.121839 87.317886 0.876887 0.395057 -0.273860 0.930632 0.124849 1 28 1.000000
MarioHand_alb.png
 29 -61.313221 -6.121839 87.317886 0.876887 0.395057 -0.273860 0.930632 0.124849 1 28 1.000000
 29 -61.799698 -7.669405 85.353462 0.646662 0.168437 -0.743947 0.958816 0.102769 1 28 1.000000
 29 -62.631912 -6.420474 85.241539 0.534020 0.283698 -0.796453 0.947860 0.085130 1 28 1.000000
MarioHand_alb.png
 29 -61.586311 -5.461073 87.416840 0.892387 0.406801 -0.195341 0.921279 0.108019 1 28 1.000000
 29 -61.313221 -6.121839 87.317886 0.876887 0.395057 -0.273860 0.930632 0.124849 1 28 1.000000
 29 -62.631912 -6.420474 85.241539 0.534020 0.283698 -0.796453 0.947860 0.085130 1 28 1.000000
MarioHand_alb.png
 29 -62.272537 -6.068758 89.910217 0.748365 0.520461 0.411181 0.900816 0.144747 1 28 1.000000
 29 -61.313221 -6.121839 87.317886 0.876887 0.395057 -0.273860 0.930632 0.124849 1 28 1.000000
 29 -61.586311 -5.461073 87.416840 0.892387 0.406801 -0.195341 0.921279 0.108019 1 28 1.000000
MarioHand_alb.png
 29 -61.586311 -5.461073 87.416840 0.892387 0.406801 -0.195341 0.921279 0.108019 1 28 1.000000
 29 -62.631912 -6.420474 85.241539 0.534020 0.283698 -0.796453 0.947860 0.085130 1 28 1.000000
 29 -63.430546 -4.795682 85.323364 0.550136 0.383798 -0.741653 0.933593 0.066575 1 28 1.000000
MarioHand_alb.png
 29 -64.364014 -6.358503 91.769440 0.222013 0.054836 0.973501 0.862409 0.136461 1 28 1.000000
 29 -64.414619 -6.987908 91.749985 -0.389908 0.297772 0.871380 0.864363 0.154147 1 28 1.000000
 29 -62.272537 -6.068758 89.910217 0.748365 0.520461 0.411181 0.900816 0.144747 1 28 1.000000
MarioHand_alb.png
 29 -66.186783 -7.867969 91.375717 -0.497564 -0.164646 0.851658 0.830106 0.140688 1 28 1.000000
 29 -64.414619 -6.987908 91.749985 -0.389908 0.297772 0.871380 0.864363 0.154147 1 28 1.000000
 29 -64.364014 -6.358503 91.769440 0.222013 0.054836 0.973501 0.862409 0.136461 1 28 1.000000
MarioHand_alb.png
 29 -62.403271 -5.492532 89.973869 0.807872 0.244402 0.536293 0.893858 0.126696 1 28 1.000000
 29 -62.272537 -6.068758 89.910217 0.748365 0.520461 0.411181 0.900816 0.144747 1 28 1.000000
 29 -61.586311 -5.461073 87.416840 0.892387 0.406801 -0.195341 0.921279 0.108019 1 28 1.000000
MarioHand_alb.png
 29 -64.364014 -6.358503 91.769440 0.222013 0.054836 0.973501 0.862409 0.136461 1 28 1.000000
 29 -62.272537 -6.068758 89.910217 0.748365 0.520461 0.411181 0.900816 0.144747 1 28 1.000000
 29 -62.403271 -5.492532 89.973869 0.807872 0.244402 0.536293 0.893858 0.126696 1 28 1.000000
MarioHand_alb.png
 29 -62.273399 -4.117963 87.469749 0.838058 0.518875 -0.168603 0.910567 0.090059 1 28 1.000000
 29 -61.586311 -5.461073 87.416840 0.892387 0.406801 -0.195341 0.921279 0.108019 1 28 1.000000
 29 -63.430546 -4.795682 85.323364 0.550136 0.383798 -0.741653 0.933593 0.066575 1 28 1.000000
MarioHand_alb.png
 29 -62.403271 -5.492532 89.973869 0.807872 0.244402 0.536293 0.893858 0.126696 1 28 1.000000
 29 -61.586311 -5.461073 87.416840 0.892387 0.406801 -0.195341 0.921279 0.108019 1 28 1.000000
 29 -62.273399 -4.117963 87.469749 0.838058 0.518875 -0.168603 0.910567 0.090059 1 28 1.000000
MarioHand_alb.png
 29 -64.481773 -3.094220 85.591980 0.446227 0.580429 -0.681164 0.910689 0.048432 1 28 1.000000
 29 -62.273399 -4.117963 87.469749 0.838058 0.518875 -0.168603 0.910567 0.090059 1 28 1.000000
 29 -63.430546 -4.795682 85.323364 0.550136 0.383798 -0.741653 0.933593 0.066575 1 28 1.000000
MarioHand_alb.png
 29 -64.364014 -6.358503 91.769440 0.222013 0.054836 0.973501 0.862409 0.136461 1 28 1.000000
 29 -62.403271 -5.492532 89.973869 0.807872 0.244402 0.536293 0.893858 0.126696 1 28 1.000000
 29 -64.757401 -4.998417 91.694122 0.157195 0.235029 0.959193 0.858610 0.116259 1 28 1.000000
MarioHand_alb.png
 29 -62.403271 -5.492532 89.973869 0.807872 0.244402 0.536293 0.893858 0.126696 1 28 1.000000
 29 -62.273399 -4.117963 87.469749 0.838058 0.518875 -0.168603 0.910567 0.090059 1 28 1.000000
 29 -62.819908 -4.249308 90.090462 0.724084 0.448261 0.524179 0.885847 0.108125 1 28 1.000000
MarioHand_alb.png
 29 -64.757401 -4.998417 91.694122 0.157195 0.235029 0.959193 0.858610 0.116259 1 28 1.000000
 29 -62.403271 -5.492532 89.973869 0.807872 0.244402 0.536293 0.893858 0.126696 1 28 1.000000
 29 -62.819908 -4.249308 90.090462 0.724084 0.448261 0.524179 0.885847 0.108125 1 28 1.000000
MarioHand_alb.png
 29 -63.548962 -2.482879 87.516113 0.655353 0.739275 -0.154874 0.895399 0.069520 1 28 1.000000
 29 -62.273399 -4.117963 87.469749 0.838058 0.518875 -0.168603 0.910567 0.090059 1 28 1.000000
 29 -64.481773 -3.094220 85.591980 0.446227 0.580429 -0.681164 0.910689 0.048432 1 28 1.000000
MarioHand_alb.png
 29 -62.819908 -4.249308 90.090462 0.724084 0.448261 0.524179 0.885847 0.108125 1 28 1.000000
 29 -62.273399 -4.117963 87.469749 0.838058 0.518875 -0.168603 0.910567 0.090059 1 28 1.000000
 29 -63.548962 -2.482879 87.516113 0.655353 0.739275 -0.154874 0.895399 0.069520 1 28 1.000000
MarioHand_alb.png
 29 -65.228897 -1.784042 87.602608 0.272368 0.952991 -0.132751 0.878462 0.054826 1 28 1.000000
 29 -63.548962 -2.482879 87.516113 0.655353 0.739275 -0.154874 0.895399 0.069520 1 28 1.000000
 29 -64.481773 -3.094220 85.591980 0.446227 0.580429 -0.681164 0.910689 0.048432 1 28 1.000000
MarioHand_alb.png
 29 -65.228897 -1.784042 87.602608 0.272368 0.952991 -0.132751 0.878462 0.054826 1 28 1.000000
 29 -64.481773 -3.094220 85.591980 0.446227 0.580429 -0.681164 0.910689 0.048432 1 28 1.000000
 29 -65.875397 -2.078663 86.463989 0.082396 0.867069 -0.491327 0.883482 0.040330 1 28 1.000000
MarioHand_alb.png
 29 -67.170021 -2.019081 88.004227 -0.438690 0.898385 -0.021362 0.853178 0.046799 1 28 1.000000
 29 -65.228897 -1.784042 87.602608 0.272368 0.952991 -0.132751 0.878462 0.054826 1 28 1.000000
 29 -65.875397 -2.078663 86.463989 0.082396 0.867069 -0.491327 0.883482 0.040330 1 28 1.000000
MarioHand_alb.png
 29 -63.970627 -2.628586 89.848267 0.516517 0.712238 0.475318 0.875486 0.086549 1 28 1.000000
 29 -62.819908 -4.249308 90.090462 0.724084 0.448261 0.524179 0.885847 0.108125 1 28 1.000000
 29 -63.548962 -2.482879 87.516113 0.655353 0.739275 -0.154874 0.895399 0.069520 1 28 1.000000
MarioHand_alb.png
 29 -64.757401 -4.998417 91.694122 0.157195 0.235029 0.959193 0.858610 0.116259 1 28 1.000000
 29 -62.819908 -4.249308 90.090462 0.724084 0.448261 0.524179 0.885847 0.108125 1 28 1.000000
 29 -63.970627 -2.628586 89.848267 0.516517 0.712238 0.475318 0.875486 0.086549 1 28 1.000000
MarioHand_alb.png
 29 -65.530396 -1.893543 89.073280 0.147248 0.929562 0.337983 0.864485 0.066621 1 28 1.000000
 29 -63.548962 -2.482879 87.516113 0.655353 0.739275 -0.154874 0.895399 0.069520 1 28 1.000000
 29 -65.228897 -1.784042 87.602608 0.272368 0.952991 -0.132751 0.878462 0.054826 1 28 1.000000
MarioHand_alb.png
 29 -63.970627 -2.628586 89.848267 0.516517 0.712238 0.475318 0.875486 0.086549 1 28 1.000000
 29 -63.548962 -2.482879 87.516113 0.655353 0.739275 -0.154874 0.895399 0.069520 1 28 1.000000
 29 -65.530396 -1.893543 89.073280 0.147248 0.929562 0.337983 0.864485 0.066621 1 28 1.000000
MarioHand_alb.png
 29 -67.170021 -2.019081 88.004227 -0.438690 0.898385 -0.021362 0.853178 0.046799 1 28 1.000000
 29 -65.530396 -1.893543 89.073280 0.147248 0.929562 0.337983 0.864485 0.066621 1 28 1.000000
 29 -65.228897 -1.784042 87.602608 0.272368 0.952991 -0.132751 0.878462 0.054826 1 28 1.000000
MarioHand_alb.png
 29 -65.661041 -3.429709 91.182808 0.021363 0.473616 0.880472 0.852766 0.093965 1 28 1.000000
 29 -64.757401 -4.998417 91.694122 0.157195 0.235029 0.959193 0.858610 0.116259 1 28 1.000000
 29 -63.970627 -2.628586 89.848267 0.516517 0.712238 0.475318 0.875486 0.086549 1 28 1.000000
MarioHand_alb.png
 29 -65.661041 -3.429709 91.182808 0.021363 0.473616 0.880472 0.852766 0.093965 1 28 1.000000
 29 -63.970627 -2.628586 89.848267 0.516517 0.712238 0.475318 0.875486 0.086549 1 28 1.000000
 29 -65.530396 -1.893543 89.073280 0.147248 0.929562 0.337983 0.864485 0.066621 1 28 1.000000
MarioHand_alb.png
 29 -66.671890 -2.436466 89.890556 -0.157163 0.808153 0.567617 0.846128 0.070695 1 28 1.000000
 29 -65.530396 -1.893543 89.073280 0.147248 0.929562 0.337983 0.864485 0.066621 1 28 1.000000
 29 -67.170021 -2.019081 88.004227 -0.438690 0.898385 -0.021362 0.853178 0.046799 1 28 1.000000
MarioHand_alb.png
 29 -65.661041 -3.429709 91.182808 0.021363 0.473616 0.880472 0.852766 0.093965 1 28 1.000000
 29 -65.530396 -1.893543 89.073280 0.147248 0.929562 0.337983 0.864485 0.066621 1 28 1.000000
 29 -66.671890 -2.436466 89.890556 -0.157163 0.808153 0.567617 0.846128 0.070695 1 28 1.000000
MarioHand_alb.png
 29 -67.917259 -2.999875 89.579262 -0.639457 0.583538 0.500577 0.828031 0.066392 1 28 1.000000
 29 -66.671890 -2.436466 89.890556 -0.157163 0.808153 0.567617 0.846128 0.070695 1 28 1.000000
 29 -67.170021 -2.019081 88.004227 -0.438690 0.898385 -0.021362 0.853178 0.046799 1 28 1.000000
MarioHand_alb.png
 29 -67.917259 -2.999875 89.579262 -0.639457 0.583538 0.500577 0.828031 0.066392 1 28 1.000000
 29 -65.661041 -3.429709 91.182808 0.021363 0.473616 0.880472 0.852766 0.093965 1 28 1.000000
 29 -66.671890 -2.436466 89.890556 -0.157163 0.808153 0.567617 0.846128 0.070695 1 28 1.000000
MarioHand_alb.png
 29 -66.890350 -6.315159 91.242584 -0.469795 -0.044997 0.881628 0.830228 0.119783 1 28 1.000000
 29 -64.757401 -4.998417 91.694122 0.157195 0.235029 0.959193 0.858610 0.116259 1 28 1.000000
 29 -65.661041 -3.429709 91.182808 0.021363 0.473616 0.880472 0.852766 0.093965 1 28 1.000000
MarioHand_alb.png
 29 -66.890350 -6.315159 91.242584 -0.469795 -0.044997 0.881628 0.830228 0.119783 1 28 1.000000
 29 -64.364014 -6.358503 91.769440 0.222013 0.054836 0.973501 0.862409 0.136461 1 28 1.000000
 29 -64.757401 -4.998417 91.694122 0.157195 0.235029 0.959193 0.858610 0.116259 1 28 1.000000
MarioHand_alb.png
 29 -66.890350 -6.315159 91.242584 -0.469795 -0.044997 0.881628 0.830228 0.119783 1 28 1.000000
 29 -66.186783 -7.867969 91.375717 -0.497564 -0.164646 0.851658 0.830106 0.140688 1 28 1.000000
 29 -64.364014 -6.358503 91.769440 0.222013 0.054836 0.973501 0.862409 0.136461 1 28 1.000000
MarioHand_alb.png
 29 -67.715439 -4.481191 90.698296 -0.535711 0.140891 0.832565 0.829511 0.093034 1 28 1.000000
 29 -65.661041 -3.429709 91.182808 0.021363 0.473616 0.880472 0.852766 0.093965 1 28 1.000000
 29 -67.917259 -2.999875 89.579262 -0.639457 0.583538 0.500577 0.828031 0.066392 1 28 1.000000
MarioHand_alb.png
 29 -67.715439 -4.481191 90.698296 -0.535711 0.140891 0.832565 0.829511 0.093034 1 28 1.000000
 29 -66.890350 -6.315159 91.242584 -0.469795 -0.044997 0.881628 0.830228 0.119783 1 28 1.000000
 29 -65.661041 -3.429709 91.182808 0.021363 0.473616 0.880472 0.852766 0.093965 1 28 1.000000
MarioHand_alb.png
 29 -67.201447 -8.370304 90.009567 -0.836270 -0.373594 0.401349 0.808530 0.138399 1 28 1.000000
 29 -66.186783 -7.867969 91.375717 -0.497564 -0.164646 0.851658 0.830106 0.140688 1 28 1.000000
 29 -66.890350 -6.315159 91.242584 -0.469795 -0.044997 0.881628 0.830228 0.119783 1 28 1.000000
MarioHand_alb.png
 29 -67.201447 -8.370304 90.009567 -0.836270 -0.373594 0.401349 0.808530 0.138399 1 28 1.000000
 29 -66.430725 -9.894213 90.111870 -0.775250 -0.507422 0.376179 0.805219 0.157504 1 28 1.000000
 29 -66.186783 -7.867969 91.375717 -0.497564 -0.164646 0.851658 0.830106 0.140688 1 28 1.000000
MarioHand_alb.png
 29 -67.499481 -8.600740 88.092842 -0.889571 -0.447837 -0.090025 0.785992 0.132738 1 28 1.000000
 29 -66.430725 -9.894213 90.111870 -0.775250 -0.507422 0.376179 0.805219 0.157504 1 28 1.000000
 29 -67.201447 -8.370304 90.009567 -0.836270 -0.373594 0.401349 0.808530 0.138399 1 28 1.000000
MarioHand_alb.png
 29 -67.872375 -6.861073 89.952049 -0.862358 -0.289806 0.415153 0.811978 0.117830 1 28 1.000000
 29 -66.890350 -6.315159 91.242584 -0.469795 -0.044997 0.881628 0.830228 0.119783 1 28 1.000000
 29 -67.715439 -4.481191 90.698296 -0.535711 0.140891 0.832565 0.829511 0.093034 1 28 1.000000
MarioHand_alb.png
 29 -67.872375 -6.861073 89.952049 -0.862358 -0.289806 0.415153 0.811978 0.117830 1 28 1.000000
 29 -67.201447 -8.370304 90.009567 -0.836270 -0.373594 0.401349 0.808530 0.138399 1 28 1.000000
 29 -66.890350 -6.315159 91.242584 -0.469795 -0.044997 0.881628 0.830228 0.119783 1 28 1.000000
MarioHand_alb.png
 29 -68.490219 -4.939065 89.715462 -0.908568 -0.121295 0.399739 0.816175 0.092271 1 28 1.000000
 29 -67.715439 -4.481191 90.698296 -0.535711 0.140891 0.832565 0.829511 0.093034 1 28 1.000000
 29 -67.917259 -2.999875 89.579262 -0.639457 0.583538 0.500577 0.828031 0.066392 1 28 1.000000
MarioHand_alb.png
 29 -68.490219 -4.939065 89.715462 -0.908568 -0.121295 0.399739 0.816175 0.092271 1 28 1.000000
 29 -67.872375 -6.861073 89.952049 -0.862358 -0.289806 0.415153 0.811978 0.117830 1 28 1.000000
 29 -67.715439 -4.481191 90.698296 -0.535711 0.140891 0.832565 0.829511 0.093034 1 28 1.000000
MarioHand_alb.png
 29 -68.475662 -3.330737 88.508179 -0.905731 0.418862 0.064859 0.811292 0.068940 1 28 1.000000
 29 -68.490219 -4.939065 89.715462 -0.908568 -0.121295 0.399739 0.816175 0.092271 1 28 1.000000
 29 -67.917259 -2.999875 89.579262 -0.639457 0.583538 0.500577 0.828031 0.066392 1 28 1.000000
MarioHand_alb.png
 29 -67.170021 -2.019081 88.004227 -0.438690 0.898385 -0.021362 0.802533 0.046403 1 28 1.000000
 29 -68.475662 -3.330737 88.508179 -0.905731 0.418862 0.064859 0.811292 0.068940 1 28 1.000000
 29 -67.917259 -2.999875 89.579262 -0.639457 0.583538 0.500577 0.828031 0.066392 1 28 1.000000
MarioHand_alb.png
 29 -68.731476 -5.135352 88.135529 -0.981829 -0.179945 -0.060268 0.799893 0.089937 1 28 1.000000
 29 -67.872375 -6.861073 89.952049 -0.862358 -0.289806 0.415153 0.811978 0.117830 1 28 1.000000
 29 -68.490219 -4.939065 89.715462 -0.908568 -0.121295 0.399739 0.816175 0.092271 1 28 1.000000
MarioHand_alb.png
 29 -68.475662 -3.330737 88.508179 -0.905731 0.418862 0.064859 0.811292 0.068940 1 28 1.000000
 29 -68.731476 -5.135352 88.135529 -0.981829 -0.179945 -0.060268 0.799893 0.089937 1 28 1.000000
 29 -68.490219 -4.939065 89.715462 -0.908568 -0.121295 0.399739 0.816175 0.092271 1 28 1.000000
MarioHand_alb.png
 29 -68.157471 -7.034590 88.064163 -0.937495 -0.340691 -0.070941 0.791897 0.112734 1 28 1.000000
 29 -67.201447 -8.370304 90.009567 -0.836270 -0.373594 0.401349 0.808530 0.138399 1 28 1.000000
 29 -67.872375 -6.861073 89.952049 -0.862358 -0.289806 0.415153 0.811978 0.117830 1 28 1.000000
MarioHand_alb.png
 29 -68.731476 -5.135352 88.135529 -0.981829 -0.179945 -0.060268 0.799893 0.089937 1 28 1.000000
 29 -68.157471 -7.034590 88.064163 -0.937495 -0.340691 -0.070941 0.791897 0.112734 1 28 1.000000
 29 -67.872375 -6.861073 89.952049 -0.862358 -0.289806 0.415153 0.811978 0.117830 1 28 1.000000
MarioHand_alb.png
 29 -68.157471 -7.034590 88.064163 -0.937495 -0.340691 -0.070941 0.791897 0.112734 1 28 1.000000
 29 -67.499481 -8.600740 88.092842 -0.889571 -0.447837 -0.090025 0.785992 0.132738 1 28 1.000000
 29 -67.201447 -8.370304 90.009567 -0.836270 -0.373594 0.401349 0.808530 0.138399 1 28 1.000000
MarioHand_alb.png
 29 -68.225052 -3.255244 86.984459 -0.816394 0.432875 -0.382256 0.792569 0.065644 1 28 1.000000
 29 -68.731476 -5.135352 88.135529 -0.981829 -0.179945 -0.060268 0.799893 0.089937 1 28 1.000000
 29 -68.475662 -3.330737 88.508179 -0.905731 0.418862 0.064859 0.811292 0.068940 1 28 1.000000
MarioHand_alb.png
 29 -67.170021 -2.019081 88.004227 -0.438690 0.898385 -0.021362 0.802533 0.046403 1 28 1.000000
 29 -68.225052 -3.255244 86.984459 -0.816394 0.432875 -0.382256 0.792569 0.065644 1 28 1.000000
 29 -68.475662 -3.330737 88.508179 -0.905731 0.418862 0.064859 0.811292 0.068940 1 28 1.000000
MarioHand_alb.png
 29 -68.262886 -4.942912 86.486801 -0.837770 -0.113496 -0.534097 0.782650 0.083970 1 28 1.000000
 29 -68.157471 -7.034590 88.064163 -0.937495 -0.340691 -0.070941 0.791897 0.112734 1 28 1.000000
 29 -68.731476 -5.135352 88.135529 -0.981829 -0.179945 -0.060268 0.799893 0.089937 1 28 1.000000
MarioHand_alb.png
 29 -68.225052 -3.255244 86.984459 -0.816394 0.432875 -0.382256 0.792569 0.065644 1 28 1.000000
 29 -68.262886 -4.942912 86.486801 -0.837770 -0.113496 -0.534097 0.782650 0.083970 1 28 1.000000
 29 -68.731476 -5.135352 88.135529 -0.981829 -0.179945 -0.060268 0.799893 0.089937 1 28 1.000000
MarioHand_alb.png
 29 -67.635925 -6.825527 86.322121 -0.786588 -0.275992 -0.552366 0.773022 0.105165 1 28 1.000000
 29 -67.499481 -8.600740 88.092842 -0.889571 -0.447837 -0.090025 0.785992 0.132738 1 28 1.000000
 29 -68.157471 -7.034590 88.064163 -0.937495 -0.340691 -0.070941 0.791897 0.112734 1 28 1.000000
MarioHand_alb.png
 29 -68.262886 -4.942912 86.486801 -0.837770 -0.113496 -0.534097 0.782650 0.083970 1 28 1.000000
 29 -67.635925 -6.825527 86.322121 -0.786588 -0.275992 -0.552366 0.773022 0.105165 1 28 1.000000
 29 -68.157471 -7.034590 88.064163 -0.937495 -0.340691 -0.070941 0.791897 0.112734 1 28 1.000000
MarioHand_alb.png
 29 -67.056831 -2.691283 86.217804 -0.451688 0.626125 -0.635567 0.778744 0.054658 1 28 1.000000
 29 -68.225052 -3.255244 86.984459 -0.816394 0.432875 -0.382256 0.792569 0.065644 1 28 1.000000
 29 -67.170021 -2.019081 88.004227 -0.438690 0.898385 -0.021362 0.802533 0.046403 1 28 1.000000
MarioHand_alb.png
 29 -65.875397 -2.078663 86.463989 0.082396 0.867069 -0.491327 0.771634 0.040482 1 28 1.000000
 29 -67.056831 -2.691283 86.217804 -0.451688 0.626125 -0.635567 0.778744 0.054658 1 28 1.000000
 29 -67.170021 -2.019081 88.004227 -0.438690 0.898385 -0.021362 0.802533 0.046403 1 28 1.000000
MarioHand_alb.png
 29 -67.099518 -4.395193 85.431442 -0.473899 0.062576 -0.878353 0.767269 0.073930 1 28 1.000000
 29 -68.262886 -4.942912 86.486801 -0.837770 -0.113496 -0.534097 0.782650 0.083970 1 28 1.000000
 29 -68.225052 -3.255244 86.984459 -0.816394 0.432875 -0.382256 0.792569 0.065644 1 28 1.000000
MarioHand_alb.png
 29 -67.056831 -2.691283 86.217804 -0.451688 0.626125 -0.635567 0.778744 0.054658 1 28 1.000000
 29 -67.099518 -4.395193 85.431442 -0.473899 0.062576 -0.878353 0.767269 0.073930 1 28 1.000000
 29 -68.225052 -3.255244 86.984459 -0.816394 0.432875 -0.382256 0.792569 0.065644 1 28 1.000000
MarioHand_alb.png
 29 -65.670753 -3.702670 85.175377 -0.066378 0.269994 -0.960571 0.754055 0.061204 1 28 1.000000
 29 -67.056831 -2.691283 86.217804 -0.451688 0.626125 -0.635567 0.778744 0.054658 1 28 1.000000
 29 -65.875397 -2.078663 86.463989 0.082396 0.867069 -0.491327 0.771634 0.040482 1 28 1.000000
MarioHand_alb.png
 29 -65.670753 -3.702670 85.175377 -0.066378 0.269994 -0.960571 0.754055 0.061204 1 28 1.000000
 29 -67.099518 -4.395193 85.431442 -0.473899 0.062576 -0.878353 0.767269 0.073930 1 28 1.000000
 29 -67.056831 -2.691283 86.217804 -0.451688 0.626125 -0.635567 0.778744 0.054658 1 28 1.000000
MarioHand_alb.png
 29 -64.481773 -3.094220 85.591980 0.446227 0.580429 -0.681164 0.744121 0.048646 1 28 1.000000
 29 -65.670753 -3.702670 85.175377 -0.066378 0.269994 -0.960571 0.754055 0.061204 1 28 1.000000
 29 -65.875397 -2.078663 86.463989 0.082396 0.867069 -0.491327 0.771634 0.040482 1 28 1.000000
MarioHand_alb.png
 29 -64.481773 -3.094220 85.591980 0.446227 0.580429 -0.681164 0.744121 0.048646 1 28 1.000000
 29 -63.430546 -4.795682 85.323364 0.550136 0.383798 -0.741653 0.723568 0.069093 1 28 1.000000
 29 -65.670753 -3.702670 85.175377 -0.066378 0.269994 -0.960571 0.754055 0.061204 1 28 1.000000
MarioHand_alb.png
 29 -63.430546 -4.795682 85.323364 0.550136 0.383798 -0.741653 0.723568 0.069093 1 28 1.000000
 29 -64.837097 -5.491607 84.868515 0.000000 0.095916 -0.995389 0.738872 0.081651 1 28 1.000000
 29 -65.670753 -3.702670 85.175377 -0.066378 0.269994 -0.960571 0.754055 0.061204 1 28 1.000000
MarioHand_alb.png
 29 -65.670753 -3.702670 85.175377 -0.066378 0.269994 -0.960571 0.754055 0.061204 1 28 1.000000
 29 -64.837097 -5.491607 84.868515 0.000000 0.095916 -0.995389 0.738872 0.081651 1 28 1.000000
 29 -67.099518 -4.395193 85.431442 -0.473899 0.062576 -0.878353 0.767269 0.073930 1 28 1.000000
MarioHand_alb.png
 29 -63.430546 -4.795682 85.323364 0.550136 0.383798 -0.741653 0.723568 0.069093 1 28 1.000000
 29 -64.114487 -7.024280 84.860596 0.021368 -0.009826 -0.999723 0.728145 0.100252 1 28 1.000000
 29 -64.837097 -5.491607 84.868515 0.000000 0.095916 -0.995389 0.738872 0.081651 1 28 1.000000
MarioHand_alb.png
 29 -64.837097 -5.491607 84.868515 0.000000 0.095916 -0.995389 0.738872 0.081651 1 28 1.000000
 29 -66.414742 -6.251157 85.176651 -0.417337 -0.105765 -0.902576 0.755428 0.094514 1 28 1.000000
 29 -67.099518 -4.395193 85.431442 -0.473899 0.062576 -0.878353 0.767269 0.073930 1 28 1.000000
MarioHand_alb.png
 29 -64.114487 -7.024280 84.860596 0.021368 -0.009826 -0.999723 0.728145 0.100252 1 28 1.000000
 29 -66.414742 -6.251157 85.176651 -0.417337 -0.105765 -0.902576 0.755428 0.094514 1 28 1.000000
 29 -64.837097 -5.491607 84.868515 0.000000 0.095916 -0.995389 0.738872 0.081651 1 28 1.000000
MarioHand_alb.png
 29 -67.099518 -4.395193 85.431442 -0.473899 0.062576 -0.878353 0.767269 0.073930 1 28 1.000000
 29 -66.414742 -6.251157 85.176651 -0.417337 -0.105765 -0.902576 0.755428 0.094514 1 28 1.000000
 29 -68.262886 -4.942912 86.486801 -0.837770 -0.113496 -0.534097 0.782650 0.083970 1 28 1.000000
MarioHand_alb.png
 29 -66.414742 -6.251157 85.176651 -0.417337 -0.105765 -0.902576 0.755428 0.094514 1 28 1.000000
 29 -67.635925 -6.825527 86.322121 -0.786588 -0.275992 -0.552366 0.773022 0.105165 1 28 1.000000
 29 -68.262886 -4.942912 86.486801 -0.837770 -0.113496 -0.534097 0.782650 0.083970 1 28 1.000000
MarioHand_alb.png
 29 -64.114487 -7.024280 84.860596 0.021368 -0.009826 -0.999723 0.728145 0.100252 1 28 1.000000
 29 -65.708679 -7.784029 85.178566 -0.378467 -0.233013 -0.895806 0.746456 0.112993 1 28 1.000000
 29 -66.414742 -6.251157 85.176651 -0.417337 -0.105765 -0.902576 0.755428 0.094514 1 28 1.000000
MarioHand_alb.png
 29 -66.414742 -6.251157 85.176651 -0.417337 -0.105765 -0.902576 0.755428 0.094514 1 28 1.000000
 29 -65.708679 -7.784029 85.178566 -0.378467 -0.233013 -0.895806 0.746456 0.112993 1 28 1.000000
 29 -67.635925 -6.825527 86.322121 -0.786588 -0.275992 -0.552366 0.773022 0.105165 1 28 1.000000
MarioHand_alb.png
 29 -65.708679 -7.784029 85.178566 -0.378467 -0.233013 -0.895806 0.746456 0.112993 1 28 1.000000
 29 -66.922813 -8.371387 86.312256 -0.722545 -0.405335 -0.560029 0.765164 0.123995 1 28 1.000000
 29 -67.635925 -6.825527 86.322121 -0.786588 -0.275992 -0.552366 0.773022 0.105165 1 28 1.000000
MarioHand_alb.png
 29 -67.635925 -6.825527 86.322121 -0.786588 -0.275992 -0.552366 0.773022 0.105165 1 28 1.000000
 29 -66.922813 -8.371387 86.312256 -0.722545 -0.405335 -0.560029 0.765164 0.123995 1 28 1.000000
 29 -67.499481 -8.600740 88.092842 -0.889571 -0.447837 -0.090025 0.785992 0.132738 1 28 1.000000
MarioHand_alb.png
 29 -65.708679 -7.784029 85.178566 -0.378467 -0.233013 -0.895806 0.746456 0.112993 1 28 1.000000
 29 -65.862900 -10.148905 86.482841 -0.552346 -0.645135 -0.527933 0.758114 0.142000 1 28 1.000000
 29 -66.922813 -8.371387 86.312256 -0.722545 -0.405335 -0.560029 0.765164 0.123995 1 28 1.000000
MarioHand_alb.png
 29 -66.922813 -8.371387 86.312256 -0.722545 -0.405335 -0.560029 0.765164 0.123995 1 28 1.000000
 29 -65.862900 -10.148905 86.482841 -0.552346 -0.645135 -0.527933 0.758114 0.142000 1 28 1.000000
 29 -67.499481 -8.600740 88.092842 -0.889571 -0.447837 -0.090025 0.785992 0.132738 1 28 1.000000
MarioHand_alb.png
 29 -50.977898 13.337017 97.218819 0.395585 0.912286 0.106049 0.552071 0.536172 1 28 1.000000
 29 -49.153866 11.830957 99.494164 0.203702 0.898063 0.389857 0.509422 0.551141 1 28 1.000000
 29 -49.153866 12.531143 96.311340 0.188058 0.982155 0.002289 0.551141 0.566003 1 28 1.000000
MarioHand_alb.png
 29 -51.074524 12.312138 100.614456 0.391760 0.812035 0.432577 0.506844 0.520638 1 28 1.000000
 29 -49.153866 11.830957 99.494164 0.203702 0.898063 0.389857 0.509422 0.551141 1 28 1.000000
 29 -50.977898 13.337017 97.218819 0.395585 0.912286 0.106049 0.552071 0.536172 1 28 1.000000
MarioHand_alb.png
 29 -53.507767 14.288551 97.757820 0.293358 0.944355 0.148777 0.561028 0.498756 1 28 1.000000
 29 -51.074524 12.312138 100.614456 0.391760 0.812035 0.432577 0.506844 0.520638 1 28 1.000000
 29 -50.977898 13.337017 97.218819 0.395585 0.912286 0.106049 0.552071 0.536172 1 28 1.000000
MarioHand_alb.png
 29 -51.074524 12.312138 100.614456 0.391760 0.812035 0.432577 0.506844 0.520638 1 28 1.000000
 29 -49.153866 9.935482 102.210884 0.205602 0.660960 0.721706 0.463920 0.542000 1 28 1.000000
 29 -49.153866 11.830957 99.494164 0.203702 0.898063 0.389857 0.509422 0.551141 1 28 1.000000
MarioHand_alb.png
 29 -53.633217 13.012157 101.324112 0.279993 0.831015 0.480642 0.512337 0.483894 1 28 1.000000
 29 -51.074524 12.312138 100.614456 0.391760 0.812035 0.432577 0.506844 0.520638 1 28 1.000000
 29 -53.507767 14.288551 97.757820 0.293358 0.944355 0.148777 0.561028 0.498756 1 28 1.000000
MarioHand_alb.png
 29 -56.770214 15.020344 98.208984 0.158685 0.977189 0.141138 0.570321 0.451881 1 28 1.000000
 29 -53.633217 13.012157 101.324112 0.279993 0.831015 0.480642 0.512337 0.483894 1 28 1.000000
 29 -53.507767 14.288551 97.757820 0.293358 0.944355 0.148777 0.561028 0.498756 1 28 1.000000
MarioHand_alb.png
 29 -51.206528 10.250944 103.457199 0.369275 0.561065 0.740839 0.460960 0.509667 1 28 1.000000
 29 -49.153866 9.935482 102.210884 0.205602 0.660960 0.721706 0.463920 0.542000 1 28 1.000000
 29 -51.074524 12.312138 100.614456 0.391760 0.812035 0.432577 0.506844 0.520638 1 28 1.000000
MarioHand_alb.png
 29 -53.633217 13.012157 101.324112 0.279993 0.831015 0.480642 0.512337 0.483894 1 28 1.000000
 29 -51.206528 10.250944 103.457199 0.369275 0.561065 0.740839 0.460960 0.509667 1 28 1.000000
 29 -51.074524 12.312138 100.614456 0.391760 0.812035 0.432577 0.506844 0.520638 1 28 1.000000
MarioHand_alb.png
 29 -51.206528 10.250944 103.457199 0.369275 0.561065 0.740839 0.460960 0.509667 1 28 1.000000
 29 -49.153862 7.049801 103.995384 0.123233 0.326779 0.937032 0.415885 0.536736 1 28 1.000000
 29 -49.153866 9.935482 102.210884 0.205602 0.660960 0.721706 0.463920 0.542000 1 28 1.000000
MarioHand_alb.png
 29 -56.659882 13.640995 101.699394 0.189976 0.826281 0.530254 0.520577 0.442542 1 28 1.000000
 29 -53.633217 13.012157 101.324112 0.279993 0.831015 0.480642 0.512337 0.483894 1 28 1.000000
 29 -56.770214 15.020344 98.208984 0.158685 0.977189 0.141138 0.570321 0.451881 1 28 1.000000
MarioHand_alb.png
 29 -59.683887 15.299545 99.548035 0.060651 0.973848 0.218954 0.570550 0.408133 1 28 1.000000
 29 -56.659882 13.640995 101.699394 0.189976 0.826281 0.530254 0.520577 0.442542 1 28 1.000000
 29 -56.770214 15.020344 98.208984 0.158685 0.977189 0.141138 0.570321 0.451881 1 28 1.000000
MarioHand_alb.png
 29 -53.869507 10.703906 104.202820 0.228865 0.552042 0.801792 0.464836 0.472633 1 28 1.000000
 29 -51.206528 10.250944 103.457199 0.369275 0.561065 0.740839 0.460960 0.509667 1 28 1.000000
 29 -53.633217 13.012157 101.324112 0.279993 0.831015 0.480642 0.512337 0.483894 1 28 1.000000
MarioHand_alb.png
 29 -56.659882 13.640995 101.699394 0.189976 0.826281 0.530254 0.520577 0.442542 1 28 1.000000
 29 -53.869507 10.703906 104.202820 0.228865 0.552042 0.801792 0.464836 0.472633 1 28 1.000000
 29 -53.633217 13.012157 101.324112 0.279993 0.831015 0.480642 0.512337 0.483894 1 28 1.000000
MarioHand_alb.png
 29 -51.428905 7.090028 104.809418 0.291348 0.240439 0.925908 0.414908 0.503975 1 28 1.000000
 29 -49.153862 7.049801 103.995384 0.123233 0.326779 0.937032 0.415885 0.536736 1 28 1.000000
 29 -51.206528 10.250944 103.457199 0.369275 0.561065 0.740839 0.460960 0.509667 1 28 1.000000
MarioHand_alb.png
 29 -53.869507 10.703906 104.202820 0.228865 0.552042 0.801792 0.464836 0.472633 1 28 1.000000
 29 -51.428905 7.090028 104.809418 0.291348 0.240439 0.925908 0.414908 0.503975 1 28 1.000000
 29 -51.206528 10.250944 103.457199 0.369275 0.561065 0.740839 0.460960 0.509667 1 28 1.000000
MarioHand_alb.png
 29 -51.428905 7.090028 104.809418 0.291348 0.240439 0.925908 0.414908 0.503975 1 28 1.000000
 29 -49.160114 3.669015 104.654564 0.038902 0.003909 0.999235 0.367300 0.533974 1 28 1.000000
 29 -49.153862 7.049801 103.995384 0.123233 0.326779 0.937032 0.415885 0.536736 1 28 1.000000
MarioHand_alb.png
 29 -59.649704 13.875656 102.075684 0.095750 0.786316 0.610360 0.524025 0.401785 1 28 1.000000
 29 -56.659882 13.640995 101.699394 0.189976 0.826281 0.530254 0.520577 0.442542 1 28 1.000000
 29 -59.683887 15.299545 99.548035 0.060651 0.973848 0.218954 0.570550 0.408133 1 28 1.000000
MarioHand_alb.png
 29 -62.169308 14.995403 100.255157 -0.162512 0.964963 0.206001 0.563638 0.365408 1 28 1.000000
 29 -59.649704 13.875656 102.075684 0.095750 0.786316 0.610360 0.524025 0.401785 1 28 1.000000
 29 -59.683887 15.299545 99.548035 0.060651 0.973848 0.218954 0.570550 0.408133 1 28 1.000000
MarioHand_alb.png
 29 -56.790436 11.092915 104.456429 0.111778 0.536858 0.836235 0.471458 0.433967 1 28 1.000000
 29 -53.869507 10.703906 104.202820 0.228865 0.552042 0.801792 0.464836 0.472633 1 28 1.000000
 29 -56.659882 13.640995 101.699394 0.189976 0.826281 0.530254 0.520577 0.442542 1 28 1.000000
MarioHand_alb.png
 29 -59.649704 13.875656 102.075684 0.095750 0.786316 0.610360 0.524025 0.401785 1 28 1.000000
 29 -56.790436 11.092915 104.456429 0.111778 0.536858 0.836235 0.471458 0.433967 1 28 1.000000
 29 -56.659882 13.640995 101.699394 0.189976 0.826281 0.530254 0.520577 0.442542 1 28 1.000000
MarioHand_alb.png
 29 -62.834747 13.869514 102.464973 -0.079729 0.755707 0.650038 0.523690 0.364019 1 28 1.000000
 29 -59.649704 13.875656 102.075684 0.095750 0.786316 0.610360 0.524025 0.401785 1 28 1.000000
 29 -62.169308 14.995403 100.255157 -0.162512 0.964963 0.206001 0.563638 0.365408 1 28 1.000000
MarioHand_alb.png
 29 -62.834747 13.869514 102.464973 -0.079729 0.755707 0.650038 0.523690 0.364019 1 28 1.000000
 29 -62.169308 14.995403 100.255157 -0.162512 0.964963 0.206001 0.563638 0.365408 1 28 1.000000
 29 -64.139610 14.594780 99.891548 -0.174707 0.982631 0.062559 0.558145 0.341192 1 28 1.000000
MarioHand_alb.png
 29 -65.195671 13.740108 101.297256 -0.327299 0.793739 0.512693 0.522744 0.337209 1 28 1.000000
 29 -62.834747 13.869514 102.464973 -0.079729 0.755707 0.650038 0.523690 0.364019 1 28 1.000000
 29 -64.139610 14.594780 99.891548 -0.174707 0.982631 0.062559 0.558145 0.341192 1 28 1.000000
MarioHand_alb.png
 29 -62.834747 13.869514 102.464973 -0.079729 0.755707 0.650038 0.523690 0.364019 1 28 1.000000
 29 -60.008331 11.418449 104.441986 0.000000 0.490913 0.871209 0.479072 0.391501 1 28 1.000000
 29 -59.649704 13.875656 102.075684 0.095750 0.786316 0.610360 0.524025 0.401785 1 28 1.000000
MarioHand_alb.png
 29 -60.008331 11.418449 104.441986 0.000000 0.490913 0.871209 0.479072 0.391501 1 28 1.000000
 29 -56.790436 11.092915 104.456429 0.111778 0.536858 0.836235 0.471458 0.433967 1 28 1.000000
 29 -59.649704 13.875656 102.075684 0.095750 0.786316 0.610360 0.524025 0.401785 1 28 1.000000
MarioHand_alb.png
 29 -63.558716 11.578514 104.076912 -0.209782 0.436347 0.874982 0.483955 0.355123 1 28 1.000000
 29 -62.834747 13.869514 102.464973 -0.079729 0.755707 0.650038 0.523690 0.364019 1 28 1.000000
 29 -65.195671 13.740108 101.297256 -0.327299 0.793739 0.512693 0.522744 0.337209 1 28 1.000000
MarioHand_alb.png
 29 -63.558716 11.578514 104.076912 -0.209782 0.436347 0.874982 0.483955 0.355123 1 28 1.000000
 29 -60.008331 11.418449 104.441986 0.000000 0.490913 0.871209 0.479072 0.391501 1 28 1.000000
 29 -62.834747 13.869514 102.464973 -0.079729 0.755707 0.650038 0.523690 0.364019 1 28 1.000000
MarioHand_alb.png
 29 -66.615631 11.758198 102.204659 -0.534076 0.321209 0.782040 0.487724 0.329793 1 28 1.000000
 29 -63.558716 11.578514 104.076912 -0.209782 0.436347 0.874982 0.483955 0.355123 1 28 1.000000
 29 -65.195671 13.740108 101.297256 -0.327299 0.793739 0.512693 0.522744 0.337209 1 28 1.000000
MarioHand_alb.png
 29 -66.615631 11.758198 102.204659 -0.534076 0.321209 0.782040 0.487724 0.329793 1 28 1.000000
 29 -66.725601 9.406266 102.185555 -0.608832 0.242522 0.755319 0.457099 0.318410 1 28 1.000000
 29 -63.558716 11.578514 104.076912 -0.209782 0.436347 0.874982 0.483955 0.355123 1 28 1.000000
MarioHand_alb.png
 29 -60.008331 11.418449 104.441986 0.000000 0.490913 0.871209 0.479072 0.391501 1 28 1.000000
 29 -57.260311 7.564305 105.729691 0.072844 0.221107 0.972525 0.422675 0.424262 1 28 1.000000
 29 -56.790436 11.092915 104.456429 0.111778 0.536858 0.836235 0.471458 0.433967 1 28 1.000000
MarioHand_alb.png
 29 -66.725601 9.406266 102.185555 -0.608832 0.242522 0.755319 0.457099 0.318410 1 28 1.000000
 29 -64.182861 7.951478 105.064674 -0.329537 0.248679 0.910804 0.432380 0.345754 1 28 1.000000
 29 -63.558716 11.578514 104.076912 -0.209782 0.436347 0.874982 0.483955 0.355123 1 28 1.000000
MarioHand_alb.png
 29 -66.725601 9.406266 102.185555 -0.608832 0.242522 0.755319 0.457099 0.318410 1 28 1.000000
 29 -67.005142 6.402844 102.936775 -0.688317 0.138980 0.711973 0.414572 0.310140 1 28 1.000000
 29 -64.182861 7.951478 105.064674 -0.329537 0.248679 0.910804 0.432380 0.345754 1 28 1.000000
MarioHand_alb.png
 29 -63.558716 11.578514 104.076912 -0.209782 0.436347 0.874982 0.483955 0.355123 1 28 1.000000
 29 -60.365417 7.708312 105.732109 -0.061047 0.238940 0.969114 0.427146 0.382696 1 28 1.000000
 29 -60.008331 11.418449 104.441986 0.000000 0.490913 0.871209 0.479072 0.391501 1 28 1.000000
MarioHand_alb.png
 29 -63.558716 11.578514 104.076912 -0.209782 0.436347 0.874982 0.483955 0.355123 1 28 1.000000
 29 -64.182861 7.951478 105.064674 -0.329537 0.248679 0.910804 0.432380 0.345754 1 28 1.000000
 29 -60.365417 7.708312 105.732109 -0.061047 0.238940 0.969114 0.427146 0.382696 1 28 1.000000
MarioHand_alb.png
 29 -60.365417 7.708312 105.732109 -0.061047 0.238940 0.969114 0.427146 0.382696 1 28 1.000000
 29 -57.260311 7.564305 105.729691 0.072844 0.221107 0.972525 0.422675 0.424262 1 28 1.000000
 29 -60.008331 11.418449 104.441986 0.000000 0.490913 0.871209 0.479072 0.391501 1 28 1.000000
MarioHand_alb.png
 29 -67.005142 6.402844 102.936775 -0.688317 0.138980 0.711973 0.414572 0.310140 1 28 1.000000
 29 -64.463814 4.076598 105.563309 -0.396622 0.070362 0.915281 0.380224 0.340810 1 28 1.000000
 29 -64.182861 7.951478 105.064674 -0.329537 0.248679 0.910804 0.432380 0.345754 1 28 1.000000
MarioHand_alb.png
 29 -67.005142 6.402844 102.936775 -0.688317 0.138980 0.711973 0.414572 0.310140 1 28 1.000000
 29 -67.304146 3.243571 102.826454 -0.715794 0.009777 0.698243 0.370718 0.305089 1 28 1.000000
 29 -64.463814 4.076598 105.563309 -0.396622 0.070362 0.915281 0.380224 0.340810 1 28 1.000000
MarioHand_alb.png
 29 -67.304146 3.243571 102.826454 -0.715794 0.009777 0.698243 0.370718 0.305089 1 28 1.000000
 29 -67.189728 0.218868 102.806870 -0.681297 -0.070561 0.728599 0.328939 0.303883 1 28 1.000000
 29 -64.463814 4.076598 105.563309 -0.396622 0.070362 0.915281 0.380224 0.340810 1 28 1.000000
MarioHand_alb.png
 29 -64.182861 7.951478 105.064674 -0.329537 0.248679 0.910804 0.432380 0.345754 1 28 1.000000
 29 -61.433422 4.047698 106.390175 -0.089670 0.068397 0.993620 0.378058 0.376608 1 28 1.000000
 29 -60.365417 7.708312 105.732109 -0.061047 0.238940 0.969114 0.427146 0.382696 1 28 1.000000
MarioHand_alb.png
 29 -64.182861 7.951478 105.064674 -0.329537 0.248679 0.910804 0.432380 0.345754 1 28 1.000000
 29 -64.463814 4.076598 105.563309 -0.396622 0.070362 0.915281 0.380224 0.340810 1 28 1.000000
 29 -61.433422 4.047698 106.390175 -0.089670 0.068397 0.993620 0.378058 0.376608 1 28 1.000000
MarioHand_alb.png
 29 -60.365417 7.708312 105.732109 -0.061047 0.238940 0.969114 0.427146 0.382696 1 28 1.000000
 29 -57.411514 3.917519 106.140862 0.088118 0.031328 0.995617 0.374609 0.419944 1 28 1.000000
 29 -57.260311 7.564305 105.729691 0.072844 0.221107 0.972525 0.422675 0.424262 1 28 1.000000
MarioHand_alb.png
 29 -60.365417 7.708312 105.732109 -0.061047 0.238940 0.969114 0.427146 0.382696 1 28 1.000000
 29 -61.433422 4.047698 106.390175 -0.089670 0.068397 0.993620 0.378058 0.376608 1 28 1.000000
 29 -57.411514 3.917519 106.140862 0.088118 0.031328 0.995617 0.374609 0.419944 1 28 1.000000
MarioHand_alb.png
 29 -57.260311 7.564305 105.729691 0.072844 0.221107 0.972525 0.422675 0.424262 1 28 1.000000
 29 -54.061314 7.393640 105.414909 0.173517 0.215275 0.961015 0.418769 0.467338 1 28 1.000000
 29 -56.790436 11.092915 104.456429 0.111778 0.536858 0.836235 0.471458 0.433967 1 28 1.000000
MarioHand_alb.png
 29 -57.260311 7.564305 105.729691 0.072844 0.221107 0.972525 0.422675 0.424262 1 28 1.000000
 29 -57.411514 3.917519 106.140862 0.088118 0.031328 0.995617 0.374609 0.419944 1 28 1.000000
 29 -54.061314 7.393640 105.414909 0.173517 0.215275 0.961015 0.418769 0.467338 1 28 1.000000
MarioHand_alb.png
 29 -56.790436 11.092915 104.456429 0.111778 0.536858 0.836235 0.471458 0.433967 1 28 1.000000
 29 -54.061314 7.393640 105.414909 0.173517 0.215275 0.961015 0.418769 0.467338 1 28 1.000000
 29 -53.869507 10.703906 104.202820 0.228865 0.552042 0.801792 0.464836 0.472633 1 28 1.000000
MarioHand_alb.png
 29 -54.061314 7.393640 105.414909 0.173517 0.215275 0.961015 0.418769 0.467338 1 28 1.000000
 29 -51.428905 7.090028 104.809418 0.291348 0.240439 0.925908 0.414908 0.503975 1 28 1.000000
 29 -53.869507 10.703906 104.202820 0.228865 0.552042 0.801792 0.464836 0.472633 1 28 1.000000
MarioHand_alb.png
 29 -64.463814 4.076598 105.563309 -0.396622 0.070362 0.915281 0.380224 0.340810 1 28 1.000000
 29 -64.053802 0.370788 105.680290 -0.364757 -0.131210 0.921812 0.330449 0.340002 1 28 1.000000
 29 -61.433422 4.047698 106.390175 -0.089670 0.068397 0.993620 0.378058 0.376608 1 28 1.000000
MarioHand_alb.png
 29 -64.463814 4.076598 105.563309 -0.396622 0.070362 0.915281 0.380224 0.340810 1 28 1.000000
 29 -67.189728 0.218868 102.806870 -0.681297 -0.070561 0.728599 0.328939 0.303883 1 28 1.000000
 29 -64.053802 0.370788 105.680290 -0.364757 -0.131210 0.921812 0.330449 0.340002 1 28 1.000000
MarioHand_alb.png
 29 -54.061314 7.393640 105.414909 0.173517 0.215275 0.961015 0.418769 0.467338 1 28 1.000000
 29 -54.173656 3.696595 105.728447 0.160563 0.001955 0.987024 0.369955 0.464149 1 28 1.000000
 29 -51.428905 7.090028 104.809418 0.291348 0.240439 0.925908 0.414908 0.503975 1 28 1.000000
MarioHand_alb.png
 29 -57.411514 3.917519 106.140862 0.088118 0.031328 0.995617 0.374609 0.419944 1 28 1.000000
 29 -54.173656 3.696595 105.728447 0.160563 0.001955 0.987024 0.369955 0.464149 1 28 1.000000
 29 -54.061314 7.393640 105.414909 0.173517 0.215275 0.961015 0.418769 0.467338 1 28 1.000000
MarioHand_alb.png
 29 -54.173656 3.696595 105.728447 0.160563 0.001955 0.987024 0.369955 0.464149 1 28 1.000000
 29 -51.494301 3.598827 105.257210 0.240728 -0.009824 0.970543 0.367361 0.501091 1 28 1.000000
 29 -51.428905 7.090028 104.809418 0.291348 0.240439 0.925908 0.414908 0.503975 1 28 1.000000
MarioHand_alb.png
 29 -51.428905 7.090028 104.809418 0.291348 0.240439 0.925908 0.414908 0.503975 1 28 1.000000
 29 -51.494301 3.598827 105.257210 0.240728 -0.009824 0.970543 0.367361 0.501091 1 28 1.000000
 29 -49.160114 3.669015 104.654564 0.038902 0.003909 0.999235 0.367300 0.533974 1 28 1.000000
MarioHand_alb.png
 29 -61.433422 4.047698 106.390175 -0.089670 0.068397 0.993620 0.378058 0.376608 1 28 1.000000
 29 -60.967911 0.522083 106.236832 -0.054555 -0.132977 0.989616 0.331640 0.375402 1 28 1.000000
 29 -57.411514 3.917519 106.140862 0.088118 0.031328 0.995617 0.374609 0.419944 1 28 1.000000
MarioHand_alb.png
 29 -61.433422 4.047698 106.390175 -0.089670 0.068397 0.993620 0.378058 0.376608 1 28 1.000000
 29 -64.053802 0.370788 105.680290 -0.364757 -0.131210 0.921812 0.330449 0.340002 1 28 1.000000
 29 -60.967911 0.522083 106.236832 -0.054555 -0.132977 0.989616 0.331640 0.375402 1 28 1.000000
MarioHand_alb.png
 29 -57.411514 3.917519 106.140862 0.088118 0.031328 0.995617 0.374609 0.419944 1 28 1.000000
 29 -57.442066 0.657048 105.916054 0.113663 -0.131172 0.984822 0.331746 0.418189 1 28 1.000000
 29 -54.173656 3.696595 105.728447 0.160563 0.001955 0.987024 0.369955 0.464149 1 28 1.000000
MarioHand_alb.png
 29 -57.411514 3.917519 106.140862 0.088118 0.031328 0.995617 0.374609 0.419944 1 28 1.000000
 29 -60.967911 0.522083 106.236832 -0.054555 -0.132977 0.989616 0.331640 0.375402 1 28 1.000000
 29 -57.442066 0.657048 105.916054 0.113663 -0.131172 0.984822 0.331746 0.418189 1 28 1.000000
MarioHand_alb.png
 29 -54.173656 3.696595 105.728447 0.160563 0.001955 0.987024 0.369955 0.464149 1 28 1.000000
 29 -54.250469 0.664014 105.425781 0.172062 -0.154739 0.972857 0.329656 0.462028 1 28 1.000000
 29 -51.494301 3.598827 105.257210 0.240728 -0.009824 0.970543 0.367361 0.501091 1 28 1.000000
MarioHand_alb.png
 29 -54.173656 3.696595 105.728447 0.160563 0.001955 0.987024 0.369955 0.464149 1 28 1.000000
 29 -57.442066 0.657048 105.916054 0.113663 -0.131172 0.984822 0.331746 0.418189 1 28 1.000000
 29 -54.250469 0.664014 105.425781 0.172062 -0.154739 0.972857 0.329656 0.462028 1 28 1.000000
MarioHand_alb.png
 29 -51.494301 3.598827 105.257210 0.240728 -0.009824 0.970543 0.367361 0.501091 1 28 1.000000
 29 -51.566517 0.607702 104.789063 0.240633 -0.193703 0.951091 0.326329 0.499443 1 28 1.000000
 29 -49.160114 3.669015 104.654564 0.038902 0.003909 0.999235 0.367300 0.533974 1 28 1.000000
MarioHand_alb.png
 29 -51.494301 3.598827 105.257210 0.240728 -0.009824 0.970543 0.367361 0.501091 1 28 1.000000
 29 -54.250469 0.664014 105.425781 0.172062 -0.154739 0.972857 0.329656 0.462028 1 28 1.000000
 29 -51.566517 0.607702 104.789063 0.240633 -0.193703 0.951091 0.326329 0.499443 1 28 1.000000
MarioHand_alb.png
 29 -49.160114 3.669015 104.654564 0.038902 0.003909 0.999235 0.367300 0.533974 1 28 1.000000
 29 -51.566517 0.607702 104.789063 0.240633 -0.193703 0.951091 0.326329 0.499443 1 28 1.000000
 29 -49.153858 0.288227 103.995384 -0.048843 -0.305579 0.950913 0.318761 0.533455 1 28 1.000000
MarioHand_alb.png
 29 -60.967911 0.522083 106.236832 -0.054555 -0.132977 0.989616 0.331640 0.375402 1 28 1.000000
 29 -60.412903 -2.383394 105.545776 -0.029380 -0.291317 0.956175 0.291997 0.377310 1 28 1.000000
 29 -57.442066 0.657048 105.916054 0.113663 -0.131172 0.984822 0.331746 0.418189 1 28 1.000000
MarioHand_alb.png
 29 -64.053802 0.370788 105.680290 -0.364757 -0.131210 0.921812 0.330449 0.340002 1 28 1.000000
 29 -60.412903 -2.383394 105.545776 -0.029380 -0.291317 0.956175 0.291997 0.377310 1 28 1.000000
 29 -60.967911 0.522083 106.236832 -0.054555 -0.132977 0.989616 0.331640 0.375402 1 28 1.000000
MarioHand_alb.png
 29 -57.442066 0.657048 105.916054 0.113663 -0.131172 0.984822 0.331746 0.418189 1 28 1.000000
 29 -57.304001 -2.193831 105.318283 0.140382 -0.289538 0.946816 0.293553 0.419318 1 28 1.000000
 29 -54.250469 0.664014 105.425781 0.172062 -0.154739 0.972857 0.329656 0.462028 1 28 1.000000
MarioHand_alb.png
 29 -57.442066 0.657048 105.916054 0.113663 -0.131172 0.984822 0.331746 0.418189 1 28 1.000000
 29 -60.412903 -2.383394 105.545776 -0.029380 -0.291317 0.956175 0.291997 0.377310 1 28 1.000000
 29 -57.304001 -2.193831 105.318283 0.140382 -0.289538 0.946816 0.293553 0.419318 1 28 1.000000
MarioHand_alb.png
 29 -54.250469 0.664014 105.425781 0.172062 -0.154739 0.972857 0.329656 0.462028 1 28 1.000000
 29 -54.258957 -1.967411 104.733223 0.219297 -0.307289 0.926003 0.293660 0.461326 1 28 1.000000
 29 -51.566517 0.607702 104.789063 0.240633 -0.193703 0.951091 0.326329 0.499443 1 28 1.000000
MarioHand_alb.png
 29 -54.250469 0.664014 105.425781 0.172062 -0.154739 0.972857 0.329656 0.462028 1 28 1.000000
 29 -57.304001 -2.193831 105.318283 0.140382 -0.289538 0.946816 0.293553 0.419318 1 28 1.000000
 29 -54.258957 -1.967411 104.733223 0.219297 -0.307289 0.926003 0.293660 0.461326 1 28 1.000000
MarioHand_alb.png
 29 -51.566517 0.607702 104.789063 0.240633 -0.193703 0.951091 0.326329 0.499443 1 28 1.000000
 29 -51.531200 -1.940189 103.899513 0.346758 -0.424912 0.836187 0.289647 0.499779 1 28 1.000000
 29 -49.153858 0.288227 103.995384 -0.048843 -0.305579 0.950913 0.318761 0.533455 1 28 1.000000
MarioHand_alb.png
 29 -51.566517 0.607702 104.789063 0.240633 -0.193703 0.951091 0.326329 0.499443 1 28 1.000000
 29 -54.258957 -1.967411 104.733223 0.219297 -0.307289 0.926003 0.293660 0.461326 1 28 1.000000
 29 -51.531200 -1.940189 103.899513 0.346758 -0.424912 0.836187 0.289647 0.499779 1 28 1.000000
MarioHand_alb.png
 29 -49.153858 0.288227 103.995384 -0.048843 -0.305579 0.950913 0.318761 0.533455 1 28 1.000000
 29 -51.531200 -1.940189 103.899513 0.346758 -0.424912 0.836187 0.289647 0.499779 1 28 1.000000
 29 -49.153854 -2.597457 102.210884 -0.050729 -0.666508 0.743770 0.270665 0.536034 1 28 1.000000
MarioHand_alb.png
 29 -57.304001 -2.193831 105.318283 0.140382 -0.289538 0.946816 0.293553 0.419318 1 28 1.000000
 29 -56.996002 -5.040452 104.183258 0.186184 -0.525456 0.830200 0.253574 0.423453 1 28 1.000000
 29 -54.258957 -1.967411 104.733223 0.219297 -0.307289 0.926003 0.293660 0.461326 1 28 1.000000
MarioHand_alb.png
 29 -51.531200 -1.940189 103.899513 0.346758 -0.424912 0.836187 0.289647 0.499779 1 28 1.000000
 29 -51.576790 -4.334664 102.283005 0.450191 -0.624831 0.637898 0.250446 0.500832 1 28 1.000000
 29 -49.153854 -2.597457 102.210884 -0.050729 -0.666508 0.743770 0.270665 0.536034 1 28 1.000000
MarioHand_alb.png
 29 -49.153854 -2.597457 102.210884 -0.050729 -0.666508 0.743770 0.270665 0.536034 1 28 1.000000
 29 -51.576790 -4.334664 102.283005 0.450191 -0.624831 0.637898 0.250446 0.500832 1 28 1.000000
 29 -49.153854 -4.492932 99.494164 0.033569 -0.895387 0.444022 0.224308 0.543908 1 28 1.000000
MarioHand_alb.png
 29 -54.258957 -1.967411 104.733223 0.219297 -0.307289 0.926003 0.293660 0.461326 1 28 1.000000
 29 -54.218422 -4.587862 103.566345 0.307512 -0.538624 0.784424 0.255756 0.461769 1 28 1.000000
 29 -51.531200 -1.940189 103.899513 0.346758 -0.424912 0.836187 0.289647 0.499779 1 28 1.000000
MarioHand_alb.png
 29 -51.531200 -1.940189 103.899513 0.346758 -0.424912 0.836187 0.289647 0.499779 1 28 1.000000
 29 -54.218422 -4.587862 103.566345 0.307512 -0.538624 0.784424 0.255756 0.461769 1 28 1.000000
 29 -51.576790 -4.334664 102.283005 0.450191 -0.624831 0.637898 0.250446 0.500832 1 28 1.000000
MarioHand_alb.png
 29 -54.258957 -1.967411 104.733223 0.219297 -0.307289 0.926003 0.293660 0.461326 1 28 1.000000
 29 -56.996002 -5.040452 104.183258 0.186184 -0.525456 0.830200 0.253574 0.423453 1 28 1.000000
 29 -54.218422 -4.587862 103.566345 0.307512 -0.538624 0.784424 0.255756 0.461769 1 28 1.000000
MarioHand_alb.png
 29 -51.576790 -4.334664 102.283005 0.450191 -0.624831 0.637898 0.250446 0.500832 1 28 1.000000
 29 -51.084854 -5.996004 99.788765 0.564158 -0.718167 0.407384 0.211322 0.512932 1 28 1.000000
 29 -49.153854 -4.492932 99.494164 0.033569 -0.895387 0.444022 0.224308 0.543908 1 28 1.000000
MarioHand_alb.png
 29 -54.218422 -4.587862 103.566345 0.307512 -0.538624 0.784424 0.255756 0.461769 1 28 1.000000
 29 -53.649502 -6.697954 101.024261 0.373491 -0.715986 0.589804 0.213260 0.473793 1 28 1.000000
 29 -51.576790 -4.334664 102.283005 0.450191 -0.624831 0.637898 0.250446 0.500832 1 28 1.000000
MarioHand_alb.png
 29 -51.576790 -4.334664 102.283005 0.450191 -0.624831 0.637898 0.250446 0.500832 1 28 1.000000
 29 -53.649502 -6.697954 101.024261 0.373491 -0.715986 0.589804 0.213260 0.473793 1 28 1.000000
 29 -51.084854 -5.996004 99.788765 0.564158 -0.718167 0.407384 0.211322 0.512932 1 28 1.000000
MarioHand_alb.png
 29 -56.996002 -5.040452 104.183258 0.186184 -0.525456 0.830200 0.253574 0.423453 1 28 1.000000
 29 -56.542076 -7.441599 101.930923 0.222785 -0.723764 0.653095 0.211231 0.432349 1 28 1.000000
 29 -54.218422 -4.587862 103.566345 0.307512 -0.538624 0.784424 0.255756 0.461769 1 28 1.000000
MarioHand_alb.png
 29 -54.218422 -4.587862 103.566345 0.307512 -0.538624 0.784424 0.255756 0.461769 1 28 1.000000
 29 -56.542076 -7.441599 101.930923 0.222785 -0.723764 0.653095 0.211231 0.432349 1 28 1.000000
 29 -53.649502 -6.697954 101.024261 0.373491 -0.715986 0.589804 0.213260 0.473793 1 28 1.000000
MarioHand_alb.png
 29 -49.153854 -4.492932 99.494164 0.033569 -0.895387 0.444022 0.224308 0.543908 1 28 1.000000
 29 -51.084854 -5.996004 99.788765 0.564158 -0.718167 0.407384 0.211322 0.512932 1 28 1.000000
 29 -50.661945 -7.043683 95.723633 0.723258 -0.686351 0.076293 0.158923 0.534676 1 28 1.000000
MarioHand_alb.png
 29 -49.153854 -4.492932 99.494164 0.033569 -0.895387 0.444022 0.224308 0.543908 1 28 1.000000
 29 -50.661945 -7.043683 95.723633 0.723258 -0.686351 0.076293 0.158923 0.534676 1 28 1.000000
 29 -49.153854 -5.193115 96.311340 0.091929 -0.995671 0.013732 0.181735 0.558999 1 28 1.000000
MarioHand_alb.png
 29 -50.661945 -7.043683 95.723633 0.723258 -0.686351 0.076293 0.158923 0.534676 1 28 1.000000
 29 -49.153854 -4.494934 93.128525 0.252534 -0.892451 -0.373841 0.146151 0.585962 1 28 1.000000
 29 -49.153854 -5.193115 96.311340 0.091929 -0.995671 0.013732 0.181735 0.558999 1 28 1.000000
MarioHand_alb.png
 29 -50.661945 -7.043683 95.723633 0.723258 -0.686351 0.076293 0.158923 0.534676 1 28 1.000000
 29 -50.563141 -6.706990 92.293106 0.783524 -0.597180 -0.171658 0.119387 0.559411 1 28 1.000000
 29 -49.153854 -4.494934 93.128525 0.252534 -0.892451 -0.373841 0.146151 0.585962 1 28 1.000000
MarioHand_alb.png
 29 -53.649502 -6.697954 101.024261 0.373491 -0.715986 0.589804 0.213260 0.473793 1 28 1.000000
 29 -53.370781 -8.935118 97.471657 0.468042 -0.818406 0.333389 0.162081 0.491920 1 28 1.000000
 29 -51.084854 -5.996004 99.788765 0.564158 -0.718167 0.407384 0.211322 0.512932 1 28 1.000000
MarioHand_alb.png
 29 -53.370781 -8.935118 97.471657 0.468042 -0.818406 0.333389 0.162081 0.491920 1 28 1.000000
 29 -50.661945 -7.043683 95.723633 0.723258 -0.686351 0.076293 0.158923 0.534676 1 28 1.000000
 29 -51.084854 -5.996004 99.788765 0.564158 -0.718167 0.407384 0.211322 0.512932 1 28 1.000000
MarioHand_alb.png
 29 -52.979820 -9.323032 94.676849 0.585173 -0.806711 0.082397 0.127489 0.507881 1 28 1.000000
 29 -50.563141 -6.706990 92.293106 0.783524 -0.597180 -0.171658 0.119387 0.559411 1 28 1.000000
 29 -50.661945 -7.043683 95.723633 0.723258 -0.686351 0.076293 0.158923 0.534676 1 28 1.000000
MarioHand_alb.png
 29 -53.370781 -8.935118 97.471657 0.468042 -0.818406 0.333389 0.162081 0.491920 1 28 1.000000
 29 -52.979820 -9.323032 94.676849 0.585173 -0.806711 0.082397 0.127489 0.507881 1 28 1.000000
 29 -50.661945 -7.043683 95.723633 0.723258 -0.686351 0.076293 0.158923 0.534676 1 28 1.000000
MarioHand_alb.png
 29 -52.979820 -9.323032 94.676849 0.585173 -0.806711 0.082397 0.127489 0.507881 1 28 1.000000
 29 -52.571674 -8.920263 91.286713 0.669088 -0.713624 -0.207516 0.087922 0.533257 1 28 1.000000
 29 -50.563141 -6.706990 92.293106 0.783524 -0.597180 -0.171658 0.119387 0.559411 1 28 1.000000
MarioHand_alb.png
 29 -56.052860 -8.766308 99.372940 0.208659 -0.846940 0.489034 0.174701 0.444327 1 28 1.000000
 29 -53.370781 -8.935118 97.471657 0.468042 -0.818406 0.333389 0.162081 0.491920 1 28 1.000000
 29 -53.649502 -6.697954 101.024261 0.373491 -0.715986 0.589804 0.213260 0.473793 1 28 1.000000
MarioHand_alb.png
 29 -56.542076 -7.441599 101.930923 0.222785 -0.723764 0.653095 0.211231 0.432349 1 28 1.000000
 29 -56.052860 -8.766308 99.372940 0.208659 -0.846940 0.489034 0.174701 0.444327 1 28 1.000000
 29 -53.649502 -6.697954 101.024261 0.373491 -0.715986 0.589804 0.213260 0.473793 1 28 1.000000
MarioHand_alb.png
 29 -56.801201 -10.798140 96.105370 0.206764 -0.918994 0.335706 0.134386 0.459648 1 28 1.000000
 29 -52.979820 -9.323032 94.676849 0.585173 -0.806711 0.082397 0.127489 0.507881 1 28 1.000000
 29 -53.370781 -8.935118 97.471657 0.468042 -0.818406 0.333389 0.162081 0.491920 1 28 1.000000
MarioHand_alb.png
 29 -56.052860 -8.766308 99.372940 0.208659 -0.846940 0.489034 0.174701 0.444327 1 28 1.000000
 29 -56.801201 -10.798140 96.105370 0.206764 -0.918994 0.335706 0.134386 0.459648 1 28 1.000000
 29 -53.370781 -8.935118 97.471657 0.468042 -0.818406 0.333389 0.162081 0.491920 1 28 1.000000
MarioHand_alb.png
 29 -55.654316 -10.942554 93.708115 0.389477 -0.914089 0.112914 0.100938 0.476234 1 28 1.000000
 29 -52.571674 -8.920263 91.286713 0.669088 -0.713624 -0.207516 0.087922 0.533257 1 28 1.000000
 29 -52.979820 -9.323032 94.676849 0.585173 -0.806711 0.082397 0.127489 0.507881 1 28 1.000000
MarioHand_alb.png
 29 -56.801201 -10.798140 96.105370 0.206764 -0.918994 0.335706 0.134386 0.459648 1 28 1.000000
 29 -55.654316 -10.942554 93.708115 0.389477 -0.914089 0.112914 0.100938 0.476234 1 28 1.000000
 29 -52.979820 -9.323032 94.676849 0.585173 -0.806711 0.082397 0.127489 0.507881 1 28 1.000000
MarioHand_alb.png
 29 -55.654316 -10.942554 93.708115 0.389477 -0.914089 0.112914 0.100938 0.476234 1 28 1.000000
 29 -55.138783 -10.757280 90.547409 0.498989 -0.842139 -0.204479 0.063996 0.499779 1 28 1.000000
 29 -52.571674 -8.920263 91.286713 0.669088 -0.713624 -0.207516 0.087922 0.533257 1 28 1.000000
MarioHand_alb.png
 29 -60.142269 -7.667165 102.443909 0.019454 -0.753090 0.657630 0.209598 0.385321 1 28 1.000000
 29 -56.052860 -8.766308 99.372940 0.208659 -0.846940 0.489034 0.174701 0.444327 1 28 1.000000
 29 -56.542076 -7.441599 101.930923 0.222785 -0.723764 0.653095 0.211231 0.432349 1 28 1.000000
MarioHand_alb.png
 29 -56.996002 -5.040452 104.183258 0.186184 -0.525456 0.830200 0.253574 0.423453 1 28 1.000000
 29 -60.142269 -7.667165 102.443909 0.019454 -0.753090 0.657630 0.209598 0.385321 1 28 1.000000
 29 -56.542076 -7.441599 101.930923 0.222785 -0.723764 0.653095 0.211231 0.432349 1 28 1.000000
MarioHand_alb.png
 29 -59.713303 -12.530926 91.359207 0.226971 -0.970538 0.080870 0.076204 0.446952 1 28 1.000000
 29 -55.138783 -10.757280 90.547409 0.498989 -0.842139 -0.204479 0.063996 0.499779 1 28 1.000000
 29 -55.654316 -10.942554 93.708115 0.389477 -0.914089 0.112914 0.100938 0.476234 1 28 1.000000
MarioHand_alb.png
 29 -59.713303 -12.530926 91.359207 0.226971 -0.970538 0.080870 0.076204 0.446952 1 28 1.000000
 29 -58.426056 -12.001368 89.220337 0.376902 -0.897527 -0.228888 0.046311 0.466056 1 28 1.000000
 29 -55.138783 -10.757280 90.547409 0.498989 -0.842139 -0.204479 0.063996 0.499779 1 28 1.000000
MarioHand_alb.png
 29 -61.706596 -12.426147 88.796516 -0.017548 -0.964576 -0.263222 0.047776 0.428840 1 28 1.000000
 29 -60.775150 -11.537031 87.138794 0.187695 -0.780822 -0.595893 0.023697 0.441871 1 28 1.000000
 29 -58.426056 -12.001368 89.220337 0.376902 -0.897527 -0.228888 0.046311 0.466056 1 28 1.000000
MarioHand_alb.png
 29 -59.713303 -12.530926 91.359207 0.226971 -0.970538 0.080870 0.076204 0.446952 1 28 1.000000
 29 -61.706596 -12.426147 88.796516 -0.017548 -0.964576 -0.263222 0.047776 0.428840 1 28 1.000000
 29 -58.426056 -12.001368 89.220337 0.376902 -0.897527 -0.228888 0.046311 0.466056 1 28 1.000000
MarioHand_alb.png
 29 -62.678623 -12.404467 90.348534 -0.263988 -0.954478 0.138861 0.070771 0.417075 1 28 1.000000
 29 -61.706596 -12.426147 88.796516 -0.017548 -0.964576 -0.263222 0.047776 0.428840 1 28 1.000000
 29 -59.713303 -12.530926 91.359207 0.226971 -0.970538 0.080870 0.076204 0.446952 1 28 1.000000
MarioHand_alb.png
 29 -60.696159 -12.161711 93.389053 -0.097658 -0.926891 0.362402 0.103441 0.430396 1 28 1.000000
 29 -59.713303 -12.530926 91.359207 0.226971 -0.970538 0.080870 0.076204 0.446952 1 28 1.000000
 29 -55.654316 -10.942554 93.708115 0.389477 -0.914089 0.112914 0.100938 0.476234 1 28 1.000000
MarioHand_alb.png
 29 -60.696159 -12.161711 93.389053 -0.097658 -0.926891 0.362402 0.103441 0.430396 1 28 1.000000
 29 -62.678623 -12.404467 90.348534 -0.263988 -0.954478 0.138861 0.070771 0.417075 1 28 1.000000
 29 -59.713303 -12.530926 91.359207 0.226971 -0.970538 0.080870 0.076204 0.446952 1 28 1.000000
MarioHand_alb.png
 29 -60.696159 -12.161711 93.389053 -0.097658 -0.926891 0.362402 0.103441 0.430396 1 28 1.000000
 29 -55.654316 -10.942554 93.708115 0.389477 -0.914089 0.112914 0.100938 0.476234 1 28 1.000000
 29 -56.801201 -10.798140 96.105370 0.206764 -0.918994 0.335706 0.134386 0.459648 1 28 1.000000
MarioHand_alb.png
 29 -60.696159 -12.161711 93.389053 -0.097658 -0.926891 0.362402 0.103441 0.430396 1 28 1.000000
 29 -62.554184 -11.462475 92.560463 -0.484905 -0.679859 0.550144 0.092897 0.401892 1 28 1.000000
 29 -62.678623 -12.404467 90.348534 -0.263988 -0.954478 0.138861 0.070771 0.417075 1 28 1.000000
MarioHand_alb.png
 29 -62.328297 -9.746502 94.077866 -0.704538 -0.546141 0.453162 0.112230 0.383856 1 28 1.000000
 29 -62.554184 -11.462475 92.560463 -0.484905 -0.679859 0.550144 0.092897 0.401892 1 28 1.000000
 29 -60.696159 -12.161711 93.389053 -0.097658 -0.926891 0.362402 0.103441 0.430396 1 28 1.000000
MarioHand_alb.png
 29 -59.235130 -9.313515 98.896713 -0.125124 -0.895797 0.426488 0.159213 0.405127 1 28 1.000000
 29 -60.696159 -12.161711 93.389053 -0.097658 -0.926891 0.362402 0.103441 0.430396 1 28 1.000000
 29 -56.801201 -10.798140 96.105370 0.206764 -0.918994 0.335706 0.134386 0.459648 1 28 1.000000
MarioHand_alb.png
 29 -59.235130 -9.313515 98.896713 -0.125124 -0.895797 0.426488 0.159213 0.405127 1 28 1.000000
 29 -62.328297 -9.746502 94.077866 -0.704538 -0.546141 0.453162 0.112230 0.383856 1 28 1.000000
 29 -60.696159 -12.161711 93.389053 -0.097658 -0.926891 0.362402 0.103441 0.430396 1 28 1.000000
MarioHand_alb.png
 29 -59.235130 -9.313515 98.896713 -0.125124 -0.895797 0.426488 0.159213 0.405127 1 28 1.000000
 29 -56.801201 -10.798140 96.105370 0.206764 -0.918994 0.335706 0.134386 0.459648 1 28 1.000000
 29 -56.052860 -8.766308 99.372940 0.208659 -0.846940 0.489034 0.174701 0.444327 1 28 1.000000
MarioHand_alb.png
 29 -60.142269 -7.667165 102.443909 0.019454 -0.753090 0.657630 0.209598 0.385321 1 28 1.000000
 29 -59.235130 -9.313515 98.896713 -0.125124 -0.895797 0.426488 0.159213 0.405127 1 28 1.000000
 29 -56.052860 -8.766308 99.372940 0.208659 -0.846940 0.489034 0.174701 0.444327 1 28 1.000000
MarioHand_alb.png
 29 -62.328297 -9.746502 94.077866 -0.704538 -0.546141 0.453162 0.112230 0.383856 1 28 1.000000
 29 -63.917267 -7.066138 95.425629 -0.979829 -0.179928 -0.086960 0.121752 0.337270 1 28 1.000000
 29 -63.421730 -7.009658 93.355827 -0.966727 0.156702 0.202196 0.100038 0.344030 1 28 1.000000
MarioHand_alb.png
 29 -62.379150 -8.478233 97.035248 -0.581345 -0.797728 0.160213 0.141619 0.364279 1 28 1.000000
 29 -63.917267 -7.066138 95.425629 -0.979829 -0.179928 -0.086960 0.121752 0.337270 1 28 1.000000
 29 -62.328297 -9.746502 94.077866 -0.704538 -0.546141 0.453162 0.112230 0.383856 1 28 1.000000
MarioHand_alb.png
 29 -59.235130 -9.313515 98.896713 -0.125124 -0.895797 0.426488 0.159213 0.405127 1 28 1.000000
 29 -62.379150 -8.478233 97.035248 -0.581345 -0.797728 0.160213 0.141619 0.364279 1 28 1.000000
 29 -62.328297 -9.746502 94.077866 -0.704538 -0.546141 0.453162 0.112230 0.383856 1 28 1.000000
MarioHand_alb.png
 29 -64.076080 -7.215114 97.019478 -0.030518 -0.888938 -0.457010 0.151095 0.315785 1 28 1.000000
 29 -63.917267 -7.066138 95.425629 -0.979829 -0.179928 -0.086960 0.121752 0.337270 1 28 1.000000
 29 -62.379150 -8.478233 97.035248 -0.581345 -0.797728 0.160213 0.141619 0.364279 1 28 1.000000
MarioHand_alb.png
 29 -62.460342 -8.186443 99.989716 -0.238810 -0.951996 0.191505 0.176455 0.352682 1 28 1.000000
 29 -62.379150 -8.478233 97.035248 -0.581345 -0.797728 0.160213 0.141619 0.364279 1 28 1.000000
 29 -59.235130 -9.313515 98.896713 -0.125124 -0.895797 0.426488 0.159213 0.405127 1 28 1.000000
MarioHand_alb.png
 29 -62.460342 -8.186443 99.989716 -0.238810 -0.951996 0.191505 0.176455 0.352682 1 28 1.000000
 29 -64.076080 -7.215114 97.019478 -0.030518 -0.888938 -0.457010 0.151095 0.315785 1 28 1.000000
 29 -62.379150 -8.478233 97.035248 -0.581345 -0.797728 0.160213 0.141619 0.364279 1 28 1.000000
MarioHand_alb.png
 29 -60.142269 -7.667165 102.443909 0.019454 -0.753090 0.657630 0.209598 0.385321 1 28 1.000000
 29 -62.460342 -8.186443 99.989716 -0.238810 -0.951996 0.191505 0.176455 0.352682 1 28 1.000000
 29 -59.235130 -9.313515 98.896713 -0.125124 -0.895797 0.426488 0.159213 0.405127 1 28 1.000000
MarioHand_alb.png
 29 -64.676392 -7.714336 98.778938 -0.132758 -0.990055 0.046541 0.182452 0.315709 1 28 1.000000
 29 -64.076080 -7.215114 97.019478 -0.030518 -0.888938 -0.457010 0.151095 0.315785 1 28 1.000000
 29 -62.460342 -8.186443 99.989716 -0.238810 -0.951996 0.191505 0.176455 0.352682 1 28 1.000000
MarioHand_alb.png
 29 -63.370949 -7.374090 102.511246 -0.212460 -0.792149 0.572155 0.214893 0.346059 1 28 1.000000
 29 -64.676392 -7.714336 98.778938 -0.132758 -0.990055 0.046541 0.182452 0.315709 1 28 1.000000
 29 -62.460342 -8.186443 99.989716 -0.238810 -0.951996 0.191505 0.176455 0.352682 1 28 1.000000
MarioHand_alb.png
 29 -63.370949 -7.374090 102.511246 -0.212460 -0.792149 0.572155 0.214893 0.346059 1 28 1.000000
 29 -62.460342 -8.186443 99.989716 -0.238810 -0.951996 0.191505 0.176455 0.352682 1 28 1.000000
 29 -60.142269 -7.667165 102.443909 0.019454 -0.753090 0.657630 0.209598 0.385321 1 28 1.000000
MarioHand_alb.png
 29 -63.370949 -7.374090 102.511246 -0.212460 -0.792149 0.572155 0.214893 0.346059 1 28 1.000000
 29 -66.278282 -7.108445 100.535072 -0.386827 -0.821530 0.418872 0.214389 0.313329 1 28 1.000000
 29 -64.676392 -7.714336 98.778938 -0.132758 -0.990055 0.046541 0.182452 0.315709 1 28 1.000000
MarioHand_alb.png
 29 -66.577148 -5.208709 101.821533 -0.639467 -0.395470 0.659307 0.247776 0.308751 1 28 1.000000
 29 -66.278282 -7.108445 100.535072 -0.386827 -0.821530 0.418872 0.214389 0.313329 1 28 1.000000
 29 -63.370949 -7.374090 102.511246 -0.212460 -0.792149 0.572155 0.214893 0.346059 1 28 1.000000
MarioHand_alb.png
 29 -60.286213 -5.224834 104.416489 0.008009 -0.495055 0.868825 0.251514 0.379675 1 28 1.000000
 29 -63.370949 -7.374090 102.511246 -0.212460 -0.792149 0.572155 0.214893 0.346059 1 28 1.000000
 29 -60.142269 -7.667165 102.443909 0.019454 -0.753090 0.657630 0.209598 0.385321 1 28 1.000000
MarioHand_alb.png
 29 -60.286213 -5.224834 104.416489 0.008009 -0.495055 0.868825 0.251514 0.379675 1 28 1.000000
 29 -60.142269 -7.667165 102.443909 0.019454 -0.753090 0.657630 0.209598 0.385321 1 28 1.000000
 29 -56.996002 -5.040452 104.183258 0.186184 -0.525456 0.830200 0.253574 0.423453 1 28 1.000000
MarioHand_alb.png
 29 -57.304001 -2.193831 105.318283 0.140382 -0.289538 0.946816 0.293553 0.419318 1 28 1.000000
 29 -60.286213 -5.224834 104.416489 0.008009 -0.495055 0.868825 0.251514 0.379675 1 28 1.000000
 29 -56.996002 -5.040452 104.183258 0.186184 -0.525456 0.830200 0.253574 0.423453 1 28 1.000000
MarioHand_alb.png
 29 -60.412903 -2.383394 105.545776 -0.029380 -0.291317 0.956175 0.291997 0.377310 1 28 1.000000
 29 -60.286213 -5.224834 104.416489 0.008009 -0.495055 0.868825 0.251514 0.379675 1 28 1.000000
 29 -57.304001 -2.193831 105.318283 0.140382 -0.289538 0.946816 0.293553 0.419318 1 28 1.000000
MarioHand_alb.png
 29 -63.582027 -5.299506 104.095261 -0.228861 -0.469260 0.852888 0.250080 0.342580 1 28 1.000000
 29 -63.370949 -7.374090 102.511246 -0.212460 -0.792149 0.572155 0.214893 0.346059 1 28 1.000000
 29 -60.286213 -5.224834 104.416489 0.008009 -0.495055 0.868825 0.251514 0.379675 1 28 1.000000
MarioHand_alb.png
 29 -60.412903 -2.383394 105.545776 -0.029380 -0.291317 0.956175 0.291997 0.377310 1 28 1.000000
 29 -63.582027 -5.299506 104.095261 -0.228861 -0.469260 0.852888 0.250080 0.342580 1 28 1.000000
 29 -60.286213 -5.224834 104.416489 0.008009 -0.495055 0.868825 0.251514 0.379675 1 28 1.000000
MarioHand_alb.png
 29 -66.577148 -5.208709 101.821533 -0.639467 -0.395470 0.659307 0.247776 0.308751 1 28 1.000000
 29 -63.370949 -7.374090 102.511246 -0.212460 -0.792149 0.572155 0.214893 0.346059 1 28 1.000000
 29 -63.582027 -5.299506 104.095261 -0.228861 -0.469260 0.852888 0.250080 0.342580 1 28 1.000000
MarioHand_alb.png
 29 -64.544174 -2.581233 104.783096 -0.344024 -0.277374 0.897057 0.290410 0.340825 1 28 1.000000
 29 -63.582027 -5.299506 104.095261 -0.228861 -0.469260 0.852888 0.250080 0.342580 1 28 1.000000
 29 -60.412903 -2.383394 105.545776 -0.029380 -0.291317 0.956175 0.291997 0.377310 1 28 1.000000
MarioHand_alb.png
 29 -64.544174 -2.581233 104.783096 -0.344024 -0.277374 0.897057 0.290410 0.340825 1 28 1.000000
 29 -66.577148 -5.208709 101.821533 -0.639467 -0.395470 0.659307 0.247776 0.308751 1 28 1.000000
 29 -63.582027 -5.299506 104.095261 -0.228861 -0.469260 0.852888 0.250080 0.342580 1 28 1.000000
MarioHand_alb.png
 29 -64.053802 0.370788 105.680290 -0.364757 -0.131210 0.921812 0.330449 0.340002 1 28 1.000000
 29 -64.544174 -2.581233 104.783096 -0.344024 -0.277374 0.897057 0.290410 0.340825 1 28 1.000000
 29 -60.412903 -2.383394 105.545776 -0.029380 -0.291317 0.956175 0.291997 0.377310 1 28 1.000000
MarioHand_alb.png
 29 -66.761520 -2.576788 102.853500 -0.686154 -0.148665 0.712104 0.286763 0.302037 1 28 1.000000
 29 -66.577148 -5.208709 101.821533 -0.639467 -0.395470 0.659307 0.247776 0.308751 1 28 1.000000
 29 -64.544174 -2.581233 104.783096 -0.344024 -0.277374 0.897057 0.290410 0.340825 1 28 1.000000
MarioHand_alb.png
 29 -67.189728 0.218868 102.806870 -0.681297 -0.070561 0.728599 0.328939 0.303883 1 28 1.000000
 29 -64.544174 -2.581233 104.783096 -0.344024 -0.277374 0.897057 0.290410 0.340825 1 28 1.000000
 29 -64.053802 0.370788 105.680290 -0.364757 -0.131210 0.921812 0.330449 0.340002 1 28 1.000000
MarioHand_alb.png
 29 -67.189728 0.218868 102.806870 -0.681297 -0.070561 0.728599 0.328939 0.303883 1 28 1.000000
 29 -66.761520 -2.576788 102.853500 -0.686154 -0.148665 0.712104 0.286763 0.302037 1 28 1.000000
 29 -64.544174 -2.581233 104.783096 -0.344024 -0.277374 0.897057 0.290410 0.340825 1 28 1.000000
MarioHand_alb.png
 29 -49.153858 0.286234 88.627304 0.031275 -0.266162 -0.963421 0.252018 0.893233 1 28 1.000000
 29 -49.160366 3.667030 87.968124 -0.133154 0.052723 -0.989692 0.206943 0.893233 1 28 1.000000
 29 -48.257683 3.474375 87.442879 -0.324907 -0.003909 -0.945738 0.206943 0.908217 1 28 1.000000
MarioHand_alb.png
 29 -48.257683 -0.119251 88.143555 -0.366183 -0.342781 -0.865108 0.252018 0.908217 1 28 1.000000
 29 -49.153858 0.286234 88.627304 0.031275 -0.266162 -0.963421 0.252018 0.893233 1 28 1.000000
 29 -48.257683 3.474375 87.442879 -0.324907 -0.003909 -0.945738 0.206943 0.908217 1 28 1.000000
MarioHand_alb.png
 29 -49.153858 -2.599454 90.411789 0.308965 -0.635096 -0.707951 0.293767 0.893233 1 28 1.000000
 29 -49.153858 0.286234 88.627304 0.031275 -0.266162 -0.963421 0.252018 0.893233 1 28 1.000000
 29 -48.257683 -0.119251 88.143555 -0.366183 -0.342781 -0.865108 0.252018 0.908217 1 28 1.000000
MarioHand_alb.png
 29 -47.136055 3.405868 87.253006 0.068264 -0.005911 -0.997650 0.206943 0.924254 1 28 1.000000
 29 -48.257683 -0.119251 88.143555 -0.366183 -0.342781 -0.865108 0.252018 0.908217 1 28 1.000000
 29 -48.257683 3.474375 87.442879 -0.324907 -0.003909 -0.945738 0.206943 0.908217 1 28 1.000000
MarioHand_alb.png
 29 -48.257679 -3.186599 90.040390 -0.403191 -0.630010 -0.663720 0.293767 0.908217 1 28 1.000000
 29 -49.153858 -2.599454 90.411789 0.308965 -0.635096 -0.707951 0.293767 0.893233 1 28 1.000000
 29 -48.257683 -0.119251 88.143555 -0.366183 -0.342781 -0.865108 0.252018 0.908217 1 28 1.000000
MarioHand_alb.png
 29 -49.153854 -4.494934 93.128525 0.252534 -0.892451 -0.373841 0.337987 0.893233 1 28 1.000000
 29 -49.153858 -2.599454 90.411789 0.308965 -0.635096 -0.707951 0.293767 0.893233 1 28 1.000000
 29 -48.257679 -3.186599 90.040390 -0.403191 -0.630010 -0.663720 0.293767 0.908217 1 28 1.000000
MarioHand_alb.png
 29 -47.148872 -0.264698 87.968689 0.068266 -0.367519 -0.927507 0.252018 0.924254 1 28 1.000000
 29 -48.257683 -0.119251 88.143555 -0.366183 -0.342781 -0.865108 0.252018 0.908217 1 28 1.000000
 29 -47.136055 3.405868 87.253006 0.068264 -0.005911 -0.997650 0.206943 0.924254 1 28 1.000000
MarioHand_alb.png
 29 -48.257679 -3.186599 90.040390 -0.403191 -0.630010 -0.663720 0.293767 0.908217 1 28 1.000000
 29 -48.257683 -0.119251 88.143555 -0.366183 -0.342781 -0.865108 0.252018 0.908217 1 28 1.000000
 29 -47.148872 -0.264698 87.968689 0.068266 -0.367519 -0.927507 0.252018 0.924254 1 28 1.000000
MarioHand_alb.png
 29 -49.153854 -4.494934 93.128525 0.252534 -0.892451 -0.373841 0.337987 0.893233 1 28 1.000000
 29 -48.257679 -3.186599 90.040390 -0.403191 -0.630010 -0.663720 0.293767 0.908217 1 28 1.000000
 29 -48.257675 -5.201403 92.928146 -0.430318 -0.827065 -0.361650 0.337987 0.908217 1 28 1.000000
MarioHand_alb.png
 29 -49.153854 -5.193115 96.311340 0.091929 -0.995671 0.013732 0.389715 0.893233 1 28 1.000000
 29 -49.153854 -4.494934 93.128525 0.252534 -0.892451 -0.373841 0.337987 0.893233 1 28 1.000000
 29 -48.257675 -5.201403 92.928146 -0.430318 -0.827065 -0.361650 0.337987 0.908217 1 28 1.000000
MarioHand_alb.png
 29 -48.257679 -3.186599 90.040390 -0.403191 -0.630010 -0.663720 0.293767 0.908217 1 28 1.000000
 29 -47.148872 -0.264698 87.968689 0.068266 -0.367519 -0.927507 0.252018 0.924254 1 28 1.000000
 29 -47.159790 -3.397720 89.906143 0.068285 -0.688764 -0.721762 0.293767 0.924254 1 28 1.000000
MarioHand_alb.png
 29 -48.257675 -5.201403 92.928146 -0.430318 -0.827065 -0.361650 0.337987 0.908217 1 28 1.000000
 29 -48.257679 -3.186599 90.040390 -0.403191 -0.630010 -0.663720 0.293767 0.908217 1 28 1.000000
 29 -47.159790 -3.397720 89.906143 0.068285 -0.688764 -0.721762 0.293767 0.924254 1 28 1.000000
MarioHand_alb.png
 29 -45.830849 -0.058113 88.302689 0.508391 -0.310487 -0.803204 0.252018 0.940383 1 28 1.000000
 29 -47.148872 -0.264698 87.968689 0.068266 -0.367519 -0.927507 0.252018 0.924254 1 28 1.000000
 29 -47.136055 3.405868 87.253006 0.068264 -0.005911 -0.997650 0.206943 0.924254 1 28 1.000000
MarioHand_alb.png
 29 -45.830849 -0.058113 88.302689 0.508391 -0.310487 -0.803204 0.252018 0.940383 1 28 1.000000
 29 -47.136055 3.405868 87.253006 0.068264 -0.005911 -0.997650 0.206943 0.924254 1 28 1.000000
 29 -45.830849 3.465497 87.615662 0.505148 0.003911 -0.863024 0.206943 0.940383 1 28 1.000000
MarioHand_alb.png
 29 -45.018364 3.410862 88.582138 0.992422 -0.003909 0.122813 0.206943 0.956008 1 28 1.000000
 29 -45.830849 -0.058113 88.302689 0.508391 -0.310487 -0.803204 0.252018 0.940383 1 28 1.000000
 29 -45.830849 3.465497 87.615662 0.505148 0.003911 -0.863024 0.206943 0.940383 1 28 1.000000
MarioHand_alb.png
 29 -45.029293 0.278883 89.192810 0.991780 0.045009 0.119777 0.252018 0.956008 1 28 1.000000
 29 -45.830849 -0.058113 88.302689 0.508391 -0.310487 -0.803204 0.252018 0.940383 1 28 1.000000
 29 -45.018364 3.410862 88.582138 0.992422 -0.003909 0.122813 0.206943 0.956008 1 28 1.000000
MarioHand_alb.png
 29 -45.038620 -2.394424 90.845978 0.992515 0.084156 0.088495 0.293767 0.956008 1 28 1.000000
 29 -45.830849 -0.058113 88.302689 0.508391 -0.310487 -0.803204 0.252018 0.940383 1 28 1.000000
 29 -45.029293 0.278883 89.192810 0.991780 0.045009 0.119777 0.252018 0.956008 1 28 1.000000
MarioHand_alb.png
 29 -45.830849 -0.058113 88.302689 0.508391 -0.310487 -0.803204 0.252018 0.940383 1 28 1.000000
 29 -45.830845 -3.065699 90.162575 0.515423 -0.586360 -0.624917 0.293767 0.940383 1 28 1.000000
 29 -47.148872 -0.264698 87.968689 0.068266 -0.367519 -0.927507 0.252018 0.924254 1 28 1.000000
MarioHand_alb.png
 29 -45.038620 -2.394424 90.845978 0.992515 0.084156 0.088495 0.293767 0.956008 1 28 1.000000
 29 -45.830845 -3.065699 90.162575 0.515423 -0.586360 -0.624917 0.293767 0.940383 1 28 1.000000
 29 -45.830849 -0.058113 88.302689 0.508391 -0.310487 -0.803204 0.252018 0.940383 1 28 1.000000
MarioHand_alb.png
 29 -47.159790 -3.397720 89.906143 0.068285 -0.688764 -0.721762 0.293767 0.924254 1 28 1.000000
 29 -47.148872 -0.264698 87.968689 0.068266 -0.367519 -0.927507 0.252018 0.924254 1 28 1.000000
 29 -45.830845 -3.065699 90.162575 0.515423 -0.586360 -0.624917 0.293767 0.940383 1 28 1.000000
MarioHand_alb.png
 29 -45.044750 -4.150399 93.362755 0.992556 0.111577 0.048827 0.337987 0.956008 1 28 1.000000
 29 -45.830845 -3.065699 90.162575 0.515423 -0.586360 -0.624917 0.293767 0.940383 1 28 1.000000
 29 -45.038620 -2.394424 90.845978 0.992515 0.084156 0.088495 0.293767 0.956008 1 28 1.000000
MarioHand_alb.png
 29 -45.044750 -4.150399 93.362755 0.992556 0.111577 0.048827 0.337987 0.956008 1 28 1.000000
 29 -45.830853 -5.041245 92.994057 0.524500 -0.778453 -0.344835 0.337987 0.940383 1 28 1.000000
 29 -45.830845 -3.065699 90.162575 0.515423 -0.586360 -0.624917 0.293767 0.940383 1 28 1.000000
MarioHand_alb.png
 29 -47.159790 -3.397720 89.906143 0.068285 -0.688764 -0.721762 0.293767 0.924254 1 28 1.000000
 29 -45.830845 -3.065699 90.162575 0.515423 -0.586360 -0.624917 0.293767 0.940383 1 28 1.000000
 29 -45.830853 -5.041245 92.994057 0.524500 -0.778453 -0.344835 0.337987 0.940383 1 28 1.000000
MarioHand_alb.png
 29 -45.047016 -4.799055 96.311356 0.993320 0.115391 0.000000 0.389715 0.956008 1 28 1.000000
 29 -45.830853 -5.041245 92.994057 0.524500 -0.778453 -0.344835 0.337987 0.940383 1 28 1.000000
 29 -45.044750 -4.150399 93.362755 0.992556 0.111577 0.048827 0.337987 0.956008 1 28 1.000000
MarioHand_alb.png
 29 -47.159790 -3.397720 89.906143 0.068285 -0.688764 -0.721762 0.293767 0.924254 1 28 1.000000
 29 -45.830853 -5.041245 92.994057 0.524500 -0.778453 -0.344835 0.337987 0.940383 1 28 1.000000
 29 -47.166988 -5.455658 92.855705 0.068663 -0.915036 -0.397485 0.337987 0.924254 1 28 1.000000
MarioHand_alb.png
 29 -48.257675 -5.201403 92.928146 -0.430318 -0.827065 -0.361650 0.337987 0.908217 1 28 1.000000
 29 -47.159790 -3.397720 89.906143 0.068285 -0.688764 -0.721762 0.293767 0.924254 1 28 1.000000
 29 -47.166988 -5.455658 92.855705 0.068663 -0.915036 -0.397485 0.337987 0.924254 1 28 1.000000
MarioHand_alb.png
 29 -45.047016 -4.799055 96.311356 0.993320 0.115391 0.000000 0.389715 0.956008 1 28 1.000000
 29 -45.830853 -5.771011 96.311356 0.526798 -0.849991 0.000000 0.389914 0.940383 1 28 1.000000
 29 -45.830853 -5.041245 92.994057 0.524500 -0.778453 -0.344835 0.337987 0.940383 1 28 1.000000
MarioHand_alb.png
 29 -47.166988 -5.455658 92.855705 0.068663 -0.915036 -0.397485 0.337987 0.924254 1 28 1.000000
 29 -45.830853 -5.041245 92.994057 0.524500 -0.778453 -0.344835 0.337987 0.940383 1 28 1.000000
 29 -45.830853 -5.771011 96.311356 0.526798 -0.849991 0.000000 0.389914 0.940383 1 28 1.000000
MarioHand_alb.png
 29 -48.257675 -5.201403 92.928146 -0.430318 -0.827065 -0.361650 0.337987 0.908217 1 28 1.000000
 29 -47.166988 -5.455658 92.855705 0.068663 -0.915036 -0.397485 0.337987 0.924254 1 28 1.000000
 29 -48.257675 -5.945667 96.311340 -0.440219 -0.897890 0.000000 0.389914 0.908217 1 28 1.000000
MarioHand_alb.png
 29 -49.153854 -5.193115 96.311340 0.091929 -0.995671 0.013732 0.389715 0.893233 1 28 1.000000
 29 -48.257675 -5.201403 92.928146 -0.430318 -0.827065 -0.361650 0.337987 0.908217 1 28 1.000000
 29 -48.257675 -5.945667 96.311340 -0.440219 -0.897890 0.000000 0.389914 0.908217 1 28 1.000000
MarioHand_alb.png
 29 -47.166988 -5.455658 92.855705 0.068663 -0.915036 -0.397485 0.337987 0.924254 1 28 1.000000
 29 -45.830853 -5.771011 96.311356 0.526798 -0.849991 0.000000 0.389914 0.940383 1 28 1.000000
 29 -47.169640 -6.215858 96.311340 0.068665 -0.997640 0.000000 0.389960 0.924254 1 28 1.000000
MarioHand_alb.png
 29 -48.257675 -5.945667 96.311340 -0.440219 -0.897890 0.000000 0.389914 0.908217 1 28 1.000000
 29 -47.166988 -5.455658 92.855705 0.068663 -0.915036 -0.397485 0.337987 0.924254 1 28 1.000000
 29 -47.169640 -6.215858 96.311340 0.068665 -0.997640 0.000000 0.389960 0.924254 1 28 1.000000
MarioHand_alb.png
 29 -45.830853 -5.041250 99.628639 0.524124 -0.778366 0.345601 0.441459 0.940383 1 28 1.000000
 29 -45.830853 -5.771011 96.311356 0.526798 -0.849991 0.000000 0.389914 0.940383 1 28 1.000000
 29 -45.047016 -4.799055 96.311356 0.993320 0.115391 0.000000 0.389715 0.956008 1 28 1.000000
MarioHand_alb.png
 29 -45.830853 -5.041250 99.628639 0.524124 -0.778366 0.345601 0.441459 0.940383 1 28 1.000000
 29 -45.047016 -4.799055 96.311356 0.993320 0.115391 0.000000 0.389715 0.956008 1 28 1.000000
 29 -45.044746 -4.150396 99.259933 0.992545 0.111671 -0.048826 0.441459 0.956008 1 28 1.000000
MarioHand_alb.png
 29 -47.166988 -5.455660 99.766983 0.068661 -0.914712 0.398231 0.441459 0.924254 1 28 1.000000
 29 -47.169640 -6.215858 96.311340 0.068665 -0.997640 0.000000 0.389960 0.924254 1 28 1.000000
 29 -45.830853 -5.771011 96.311356 0.526798 -0.849991 0.000000 0.389914 0.940383 1 28 1.000000
MarioHand_alb.png
 29 -48.257675 -5.945667 96.311340 -0.440219 -0.897890 0.000000 0.389914 0.908217 1 28 1.000000
 29 -47.169640 -6.215858 96.311340 0.068665 -0.997640 0.000000 0.389960 0.924254 1 28 1.000000
 29 -47.166988 -5.455660 99.766983 0.068661 -0.914712 0.398231 0.441459 0.924254 1 28 1.000000
MarioHand_alb.png
 29 -45.830853 -5.041250 99.628639 0.524124 -0.778366 0.345601 0.441459 0.940383 1 28 1.000000
 29 -47.166988 -5.455660 99.766983 0.068661 -0.914712 0.398231 0.441459 0.924254 1 28 1.000000
 29 -45.830853 -5.771011 96.311356 0.526798 -0.849991 0.000000 0.389914 0.940383 1 28 1.000000
MarioHand_alb.png
 29 -49.153854 -5.193115 96.311340 0.091929 -0.995671 0.013732 0.389715 0.893233 1 28 1.000000
 29 -48.257675 -5.945667 96.311340 -0.440219 -0.897890 0.000000 0.389914 0.908217 1 28 1.000000
 29 -48.257675 -5.201403 99.694550 -0.431058 -0.826353 0.362394 0.441459 0.908217 1 28 1.000000
MarioHand_alb.png
 29 -48.257675 -5.201403 99.694550 -0.431058 -0.826353 0.362394 0.441459 0.908217 1 28 1.000000
 29 -48.257675 -5.945667 96.311340 -0.440219 -0.897890 0.000000 0.389914 0.908217 1 28 1.000000
 29 -47.166988 -5.455660 99.766983 0.068661 -0.914712 0.398231 0.441459 0.924254 1 28 1.000000
MarioHand_alb.png
 29 -49.153854 -4.492932 99.494164 0.033569 -0.895387 0.444022 0.441459 0.893233 1 28 1.000000
 29 -49.153854 -5.193115 96.311340 0.091929 -0.995671 0.013732 0.389715 0.893233 1 28 1.000000
 29 -48.257675 -5.201403 99.694550 -0.431058 -0.826353 0.362394 0.441459 0.908217 1 28 1.000000
MarioHand_alb.png
 29 -47.159798 -3.397718 102.716560 0.068656 -0.688041 0.722417 0.488807 0.924254 1 28 1.000000
 29 -47.166988 -5.455660 99.766983 0.068661 -0.914712 0.398231 0.441459 0.924254 1 28 1.000000
 29 -45.830853 -5.041250 99.628639 0.524124 -0.778366 0.345601 0.441459 0.940383 1 28 1.000000
MarioHand_alb.png
 29 -47.159798 -3.397718 102.716560 0.068656 -0.688041 0.722417 0.488807 0.924254 1 28 1.000000
 29 -48.257675 -5.201403 99.694550 -0.431058 -0.826353 0.362394 0.441459 0.908217 1 28 1.000000
 29 -47.166988 -5.455660 99.766983 0.068661 -0.914712 0.398231 0.441459 0.924254 1 28 1.000000
MarioHand_alb.png
 29 -49.153854 -4.492932 99.494164 0.033569 -0.895387 0.444022 0.441459 0.893233 1 28 1.000000
 29 -48.257675 -5.201403 99.694550 -0.431058 -0.826353 0.362394 0.441459 0.908217 1 28 1.000000
 29 -48.257675 -3.186600 102.582306 -0.403191 -0.630010 0.663720 0.488807 0.908217 1 28 1.000000
MarioHand_alb.png
 29 -47.159798 -3.397718 102.716560 0.068656 -0.688041 0.722417 0.488807 0.924254 1 28 1.000000
 29 -48.257675 -3.186600 102.582306 -0.403191 -0.630010 0.663720 0.488807 0.908217 1 28 1.000000
 29 -48.257675 -5.201403 99.694550 -0.431058 -0.826353 0.362394 0.441459 0.908217 1 28 1.000000
MarioHand_alb.png
 29 -49.153854 -2.597457 102.210884 -0.050729 -0.666508 0.743770 0.488807 0.893233 1 28 1.000000
 29 -49.153854 -4.492932 99.494164 0.033569 -0.895387 0.444022 0.441459 0.893233 1 28 1.000000
 29 -48.257675 -3.186600 102.582306 -0.403191 -0.630010 0.663720 0.488807 0.908217 1 28 1.000000
MarioHand_alb.png
 29 -45.830853 -3.065699 102.460114 0.516969 -0.585786 0.624178 0.488807 0.940383 1 28 1.000000
 29 -47.159798 -3.397718 102.716560 0.068656 -0.688041 0.722417 0.488807 0.924254 1 28 1.000000
 29 -45.830853 -5.041250 99.628639 0.524124 -0.778366 0.345601 0.441459 0.940383 1 28 1.000000
MarioHand_alb.png
 29 -45.830853 -3.065699 102.460114 0.516969 -0.585786 0.624178 0.488807 0.940383 1 28 1.000000
 29 -45.830853 -5.041250 99.628639 0.524124 -0.778366 0.345601 0.441459 0.940383 1 28 1.000000
 29 -45.044746 -4.150396 99.259933 0.992545 0.111671 -0.048826 0.441459 0.956008 1 28 1.000000
MarioHand_alb.png
 29 -45.830853 -3.065699 102.460114 0.516969 -0.585786 0.624178 0.488807 0.940383 1 28 1.000000
 29 -45.044746 -4.150396 99.259933 0.992545 0.111671 -0.048826 0.441459 0.956008 1 28 1.000000
 29 -45.038624 -2.394425 101.776711 0.992519 0.084109 -0.088495 0.488807 0.956008 1 28 1.000000
MarioHand_alb.png
 29 -47.148872 -0.264696 104.653992 0.068685 -0.368112 0.927241 0.530831 0.924254 1 28 1.000000
 29 -48.257675 -3.186600 102.582306 -0.403191 -0.630010 0.663720 0.488807 0.908217 1 28 1.000000
 29 -47.159798 -3.397718 102.716560 0.068656 -0.688041 0.722417 0.488807 0.924254 1 28 1.000000
MarioHand_alb.png
 29 -47.148872 -0.264696 104.653992 0.068685 -0.368112 0.927241 0.530831 0.924254 1 28 1.000000
 29 -47.159798 -3.397718 102.716560 0.068656 -0.688041 0.722417 0.488807 0.924254 1 28 1.000000
 29 -45.830853 -3.065699 102.460114 0.516969 -0.585786 0.624178 0.488807 0.940383 1 28 1.000000
MarioHand_alb.png
 29 -49.153854 -2.597457 102.210884 -0.050729 -0.666508 0.743770 0.488807 0.893233 1 28 1.000000
 29 -48.257675 -3.186600 102.582306 -0.403191 -0.630010 0.663720 0.488807 0.908217 1 28 1.000000
 29 -48.257679 -0.119248 104.479126 -0.366213 -0.342567 0.865179 0.530831 0.908217 1 28 1.000000
MarioHand_alb.png
 29 -47.148872 -0.264696 104.653992 0.068685 -0.368112 0.927241 0.530831 0.924254 1 28 1.000000
 29 -48.257679 -0.119248 104.479126 -0.366213 -0.342567 0.865179 0.530831 0.908217 1 28 1.000000
 29 -48.257675 -3.186600 102.582306 -0.403191 -0.630010 0.663720 0.488807 0.908217 1 28 1.000000
MarioHand_alb.png
 29 -49.153858 0.288227 103.995384 -0.048843 -0.305579 0.950913 0.530831 0.893233 1 28 1.000000
 29 -49.153854 -2.597457 102.210884 -0.050729 -0.666508 0.743770 0.488807 0.893233 1 28 1.000000
 29 -48.257679 -0.119248 104.479126 -0.366213 -0.342567 0.865179 0.530831 0.908217 1 28 1.000000
MarioHand_alb.png
 29 -45.830845 -0.058111 104.319984 0.508084 -0.310685 0.803322 0.530831 0.940383 1 28 1.000000
 29 -45.830853 -3.065699 102.460114 0.516969 -0.585786 0.624178 0.488807 0.940383 1 28 1.000000
 29 -45.038624 -2.394425 101.776711 0.992519 0.084109 -0.088495 0.488807 0.956008 1 28 1.000000
MarioHand_alb.png
 29 -45.830845 -0.058111 104.319984 0.508084 -0.310685 0.803322 0.530831 0.940383 1 28 1.000000
 29 -47.148872 -0.264696 104.653992 0.068685 -0.368112 0.927241 0.530831 0.924254 1 28 1.000000
 29 -45.830853 -3.065699 102.460114 0.516969 -0.585786 0.624178 0.488807 0.940383 1 28 1.000000
MarioHand_alb.png
 29 -45.830845 -0.058111 104.319984 0.508084 -0.310685 0.803322 0.530831 0.940383 1 28 1.000000
 29 -45.038624 -2.394425 101.776711 0.992519 0.084109 -0.088495 0.488807 0.956008 1 28 1.000000
 29 -45.029293 0.278883 103.429855 0.991782 0.044958 -0.119777 0.530831 0.956008 1 28 1.000000
MarioHand_alb.png
 29 -45.018364 3.410864 104.040550 0.992323 -0.003911 -0.123611 0.573602 0.956008 1 28 1.000000
 29 -45.830845 -0.058111 104.319984 0.508084 -0.310685 0.803322 0.530831 0.940383 1 28 1.000000
 29 -45.029293 0.278883 103.429855 0.991782 0.044958 -0.119777 0.530831 0.956008 1 28 1.000000
MarioHand_alb.png
 29 -47.136059 3.405868 105.369682 0.068264 -0.005816 0.997650 0.573602 0.924254 1 28 1.000000
 29 -48.257679 -0.119248 104.479126 -0.366213 -0.342567 0.865179 0.530831 0.908217 1 28 1.000000
 29 -47.148872 -0.264696 104.653992 0.068685 -0.368112 0.927241 0.530831 0.924254 1 28 1.000000
MarioHand_alb.png
 29 -45.830845 -0.058111 104.319984 0.508084 -0.310685 0.803322 0.530831 0.940383 1 28 1.000000
 29 -47.136059 3.405868 105.369682 0.068264 -0.005816 0.997650 0.573602 0.924254 1 28 1.000000
 29 -47.148872 -0.264696 104.653992 0.068685 -0.368112 0.927241 0.530831 0.924254 1 28 1.000000
MarioHand_alb.png
 29 -49.153858 0.288227 103.995384 -0.048843 -0.305579 0.950913 0.530831 0.893233 1 28 1.000000
 29 -48.257679 -0.119248 104.479126 -0.366213 -0.342567 0.865179 0.530831 0.908217 1 28 1.000000
 29 -48.257683 3.474377 105.179810 -0.325141 -0.003912 0.945657 0.573602 0.908217 1 28 1.000000
MarioHand_alb.png
 29 -47.136059 3.405868 105.369682 0.068264 -0.005816 0.997650 0.573602 0.924254 1 28 1.000000
 29 -48.257683 3.474377 105.179810 -0.325141 -0.003912 0.945657 0.573602 0.908217 1 28 1.000000
 29 -48.257679 -0.119248 104.479126 -0.366213 -0.342567 0.865179 0.530831 0.908217 1 28 1.000000
MarioHand_alb.png
 29 -49.160114 3.669015 104.654564 0.038902 0.003909 0.999235 0.573602 0.893233 1 28 1.000000
 29 -49.153858 0.288227 103.995384 -0.048843 -0.305579 0.950913 0.530831 0.893233 1 28 1.000000
 29 -48.257683 3.474377 105.179810 -0.325141 -0.003912 0.945657 0.573602 0.908217 1 28 1.000000
MarioHand_alb.png
 29 -45.018364 3.410864 104.040550 0.992323 -0.003911 -0.123611 0.573602 0.956008 1 28 1.000000
 29 -45.830849 3.465497 105.007034 0.505148 0.003911 0.863024 0.573602 0.940383 1 28 1.000000
 29 -45.830845 -0.058111 104.319984 0.508084 -0.310685 0.803322 0.530831 0.940383 1 28 1.000000
MarioHand_alb.png
 29 -45.830849 3.465497 105.007034 0.505148 0.003911 0.863024 0.573602 0.940383 1 28 1.000000
 29 -47.136059 3.405868 105.369682 0.068264 -0.005816 0.997650 0.573602 0.924254 1 28 1.000000
 29 -45.830845 -0.058111 104.319984 0.508084 -0.310685 0.803322 0.530831 0.940383 1 28 1.000000
MarioHand_alb.png
 29 -45.018364 3.410864 104.040550 0.992323 -0.003911 -0.123611 0.573602 0.956008 1 28 1.000000
 29 -45.007427 6.542839 103.429855 0.992211 -0.050927 -0.113679 0.622583 0.956008 1 28 1.000000
 29 -45.830849 3.465497 105.007034 0.505148 0.003911 0.863024 0.573602 0.940383 1 28 1.000000
MarioHand_alb.png
 29 -47.123249 7.076433 104.653992 0.070587 0.358180 0.930981 0.622583 0.924254 1 28 1.000000
 29 -48.257683 3.474377 105.179810 -0.325141 -0.003912 0.945657 0.573602 0.908217 1 28 1.000000
 29 -47.136059 3.405868 105.369682 0.068264 -0.005816 0.997650 0.573602 0.924254 1 28 1.000000
MarioHand_alb.png
 29 -45.830849 3.465497 105.007034 0.505148 0.003911 0.863024 0.573602 0.940383 1 28 1.000000
 29 -47.123249 7.076433 104.653992 0.070587 0.358180 0.930981 0.622583 0.924254 1 28 1.000000
 29 -47.136059 3.405868 105.369682 0.068264 -0.005816 0.997650 0.573602 0.924254 1 28 1.000000
MarioHand_alb.png
 29 -48.257687 7.068000 104.479126 -0.285736 0.344581 0.894214 0.622583 0.908217 1 28 1.000000
 29 -49.160114 3.669015 104.654564 0.038902 0.003909 0.999235 0.573602 0.893233 1 28 1.000000
 29 -48.257683 3.474377 105.179810 -0.325141 -0.003912 0.945657 0.573602 0.908217 1 28 1.000000
MarioHand_alb.png
 29 -47.123249 7.076433 104.653992 0.070587 0.358180 0.930981 0.622583 0.924254 1 28 1.000000
 29 -48.257687 7.068000 104.479126 -0.285736 0.344581 0.894214 0.622583 0.908217 1 28 1.000000
 29 -48.257683 3.474377 105.179810 -0.325141 -0.003912 0.945657 0.573602 0.908217 1 28 1.000000
MarioHand_alb.png
 29 -48.257687 7.068000 104.479126 -0.285736 0.344581 0.894214 0.622583 0.908217 1 28 1.000000
 29 -49.153862 7.049801 103.995384 0.123233 0.326779 0.937032 0.622583 0.893233 1 28 1.000000
 29 -49.160114 3.669015 104.654564 0.038902 0.003909 0.999235 0.573602 0.893233 1 28 1.000000
MarioHand_alb.png
 29 -45.007427 6.542839 103.429855 0.992211 -0.050927 -0.113679 0.622583 0.956008 1 28 1.000000
 29 -45.830853 6.989103 104.319984 0.506600 0.316816 0.801863 0.622583 0.940383 1 28 1.000000
 29 -45.830849 3.465497 105.007034 0.505148 0.003911 0.863024 0.573602 0.940383 1 28 1.000000
MarioHand_alb.png
 29 -45.830849 3.465497 105.007034 0.505148 0.003911 0.863024 0.573602 0.940383 1 28 1.000000
 29 -45.830853 6.989103 104.319984 0.506600 0.316816 0.801863 0.622583 0.940383 1 28 1.000000
 29 -47.123249 7.076433 104.653992 0.070587 0.358180 0.930981 0.622583 0.924254 1 28 1.000000
MarioHand_alb.png
 29 -45.007427 6.542839 103.429855 0.992211 -0.050927 -0.113679 0.622583 0.956008 1 28 1.000000
 29 -44.998104 9.216146 101.776711 0.993510 -0.082220 -0.078596 0.669917 0.956008 1 28 1.000000
 29 -45.830853 6.989103 104.319984 0.506600 0.316816 0.801863 0.622583 0.940383 1 28 1.000000
MarioHand_alb.png
 29 -47.123249 7.076433 104.653992 0.070587 0.358180 0.930981 0.622583 0.924254 1 28 1.000000
 29 -47.112320 10.209455 102.716560 0.072478 0.681101 0.728593 0.669917 0.924254 1 28 1.000000
 29 -48.257687 7.068000 104.479126 -0.285736 0.344581 0.894214 0.622583 0.908217 1 28 1.000000
MarioHand_alb.png
 29 -45.830853 6.989103 104.319984 0.506600 0.316816 0.801863 0.622583 0.940383 1 28 1.000000
 29 -47.112320 10.209455 102.716560 0.072478 0.681101 0.728593 0.669917 0.924254 1 28 1.000000
 29 -47.123249 7.076433 104.653992 0.070587 0.358180 0.930981 0.622583 0.924254 1 28 1.000000
MarioHand_alb.png
 29 -48.257687 7.068000 104.479126 -0.285736 0.344581 0.894214 0.622583 0.908217 1 28 1.000000
 29 -48.257687 10.135351 102.582298 -0.256351 0.659664 0.706490 0.669917 0.908217 1 28 1.000000
 29 -49.153862 7.049801 103.995384 0.123233 0.326779 0.937032 0.622583 0.893233 1 28 1.000000
MarioHand_alb.png
 29 -47.112320 10.209455 102.716560 0.072478 0.681101 0.728593 0.669917 0.924254 1 28 1.000000
 29 -48.257687 10.135351 102.582298 -0.256351 0.659664 0.706490 0.669917 0.908217 1 28 1.000000
 29 -48.257687 7.068000 104.479126 -0.285736 0.344581 0.894214 0.622583 0.908217 1 28 1.000000
MarioHand_alb.png
 29 -48.257687 10.135351 102.582298 -0.256351 0.659664 0.706490 0.669917 0.908217 1 28 1.000000
 29 -49.153866 9.935482 102.210884 0.205602 0.660960 0.721706 0.669917 0.893233 1 28 1.000000
 29 -49.153862 7.049801 103.995384 0.123233 0.326779 0.937032 0.622583 0.893233 1 28 1.000000
MarioHand_alb.png
 29 -45.830853 6.989103 104.319984 0.506600 0.316816 0.801863 0.622583 0.940383 1 28 1.000000
 29 -44.998104 9.216146 101.776711 0.993510 -0.082220 -0.078596 0.669917 0.956008 1 28 1.000000
 29 -45.830853 9.996696 102.460114 0.513122 0.591616 0.621850 0.669917 0.940383 1 28 1.000000
MarioHand_alb.png
 29 -45.830853 6.989103 104.319984 0.506600 0.316816 0.801863 0.622583 0.940383 1 28 1.000000
 29 -45.830853 9.996696 102.460114 0.513122 0.591616 0.621850 0.669917 0.940383 1 28 1.000000
 29 -47.112320 10.209455 102.716560 0.072478 0.681101 0.728593 0.669917 0.924254 1 28 1.000000
MarioHand_alb.png
 29 -44.998104 9.216146 101.776711 0.993510 -0.082220 -0.078596 0.669917 0.956008 1 28 1.000000
 29 -44.991974 10.972118 99.259933 0.993768 -0.103573 -0.041200 0.710567 0.956008 1 28 1.000000
 29 -45.830853 9.996696 102.460114 0.513122 0.591616 0.621850 0.669917 0.940383 1 28 1.000000
MarioHand_alb.png
 29 -47.112320 10.209455 102.716560 0.072478 0.681101 0.728593 0.669917 0.924254 1 28 1.000000
 29 -47.105129 12.267395 99.766983 0.076294 0.912090 0.402830 0.710567 0.924254 1 28 1.000000
 29 -48.257687 10.135351 102.582298 -0.256351 0.659664 0.706490 0.669917 0.908217 1 28 1.000000
MarioHand_alb.png
 29 -47.112320 10.209455 102.716560 0.072478 0.681101 0.728593 0.669917 0.924254 1 28 1.000000
 29 -45.830853 9.996696 102.460114 0.513122 0.591616 0.621850 0.669917 0.940383 1 28 1.000000
 29 -47.105129 12.267395 99.766983 0.076294 0.912090 0.402830 0.710567 0.924254 1 28 1.000000
MarioHand_alb.png
 29 -48.257687 10.135351 102.582298 -0.256351 0.659664 0.706490 0.669917 0.908217 1 28 1.000000
 29 -48.257687 12.150152 99.694550 -0.234981 0.888712 0.393669 0.710567 0.908217 1 28 1.000000
 29 -49.153866 9.935482 102.210884 0.205602 0.660960 0.721706 0.669917 0.893233 1 28 1.000000
MarioHand_alb.png
 29 -47.105129 12.267395 99.766983 0.076294 0.912090 0.402830 0.710567 0.924254 1 28 1.000000
 29 -48.257687 12.150152 99.694550 -0.234981 0.888712 0.393669 0.710567 0.908217 1 28 1.000000
 29 -48.257687 10.135351 102.582298 -0.256351 0.659664 0.706490 0.669917 0.908217 1 28 1.000000
MarioHand_alb.png
 29 -48.257687 12.150152 99.694550 -0.234981 0.888712 0.393669 0.710567 0.908217 1 28 1.000000
 29 -49.153866 11.830957 99.494164 0.203702 0.898063 0.389857 0.710567 0.893233 1 28 1.000000
 29 -49.153866 9.935482 102.210884 0.205602 0.660960 0.721706 0.669917 0.893233 1 28 1.000000
MarioHand_alb.png
 29 -45.830853 9.996696 102.460114 0.513122 0.591616 0.621850 0.669917 0.940383 1 28 1.000000
 29 -44.991974 10.972118 99.259933 0.993768 -0.103573 -0.041200 0.710567 0.956008 1 28 1.000000
 29 -45.830853 11.972242 99.628632 0.518803 0.783259 0.342563 0.710567 0.940383 1 28 1.000000
MarioHand_alb.png
 29 -45.830853 9.996696 102.460114 0.513122 0.591616 0.621850 0.669917 0.940383 1 28 1.000000
 29 -45.830853 11.972242 99.628632 0.518803 0.783259 0.342563 0.710567 0.940383 1 28 1.000000
 29 -47.105129 12.267395 99.766983 0.076294 0.912090 0.402830 0.710567 0.924254 1 28 1.000000
MarioHand_alb.png
 29 -44.991974 10.972118 99.259933 0.993768 -0.103573 -0.041200 0.710567 0.956008 1 28 1.000000
 29 -44.989704 11.620771 96.311340 0.994601 -0.103771 0.000000 0.755230 0.956008 1 28 1.000000
 29 -45.830853 11.972242 99.628632 0.518803 0.783259 0.342563 0.710567 0.940383 1 28 1.000000
MarioHand_alb.png
 29 -48.257687 12.150152 99.694550 -0.234981 0.888712 0.393669 0.710567 0.908217 1 28 1.000000
 29 -48.257690 12.894417 96.311340 -0.229273 0.973362 0.000000 0.755230 0.908217 1 28 1.000000
 29 -49.153866 11.830957 99.494164 0.203702 0.898063 0.389857 0.710567 0.893233 1 28 1.000000
MarioHand_alb.png
 29 -49.153866 11.830957 99.494164 0.203702 0.898063 0.389857 0.710567 0.893233 1 28 1.000000
 29 -48.257690 12.894417 96.311340 -0.229273 0.973362 0.000000 0.755230 0.908217 1 28 1.000000
 29 -49.153866 12.531143 96.311340 0.188058 0.982155 0.002289 0.755230 0.893233 1 28 1.000000
MarioHand_alb.png
 29 -49.153866 12.531143 96.311340 0.188058 0.982155 0.002289 0.755230 0.893233 1 28 1.000000
 29 -48.257690 12.894417 96.311340 -0.229273 0.973362 0.000000 0.755230 0.908217 1 28 1.000000
 29 -49.153866 11.828993 93.128502 0.125506 0.922027 -0.366217 0.799878 0.893233 1 28 1.000000
MarioHand_alb.png
 29 -47.105129 12.267395 99.766983 0.076294 0.912090 0.402830 0.710567 0.924254 1 28 1.000000
 29 -47.102478 13.027594 96.311340 0.076295 0.997085 0.000000 0.755230 0.924254 1 28 1.000000
 29 -48.257687 12.150152 99.694550 -0.234981 0.888712 0.393669 0.710567 0.908217 1 28 1.000000
MarioHand_alb.png
 29 -48.257687 12.150152 99.694550 -0.234981 0.888712 0.393669 0.710567 0.908217 1 28 1.000000
 29 -47.102478 13.027594 96.311340 0.076295 0.997085 0.000000 0.755230 0.924254 1 28 1.000000
 29 -48.257690 12.894417 96.311340 -0.229273 0.973362 0.000000 0.755230 0.908217 1 28 1.000000
MarioHand_alb.png
 29 -47.105129 12.267395 99.766983 0.076294 0.912090 0.402830 0.710567 0.924254 1 28 1.000000
 29 -45.830853 11.972242 99.628632 0.518803 0.783259 0.342563 0.710567 0.940383 1 28 1.000000
 29 -47.102478 13.027594 96.311340 0.076295 0.997085 0.000000 0.755230 0.924254 1 28 1.000000
MarioHand_alb.png
 29 -48.257690 12.894417 96.311340 -0.229273 0.973362 0.000000 0.755230 0.908217 1 28 1.000000
 29 -48.257687 12.150152 92.928139 -0.234981 0.888712 -0.393669 0.799878 0.908217 1 28 1.000000
 29 -49.153866 11.828993 93.128502 0.125506 0.922027 -0.366217 0.799878 0.893233 1 28 1.000000
MarioHand_alb.png
 29 -47.102478 13.027594 96.311340 0.076295 0.997085 0.000000 0.755230 0.924254 1 28 1.000000
 29 -48.257687 12.150152 92.928139 -0.234981 0.888712 -0.393669 0.799878 0.908217 1 28 1.000000
 29 -48.257690 12.894417 96.311340 -0.229273 0.973362 0.000000 0.755230 0.908217 1 28 1.000000
MarioHand_alb.png
 29 -48.257687 12.150152 92.928139 -0.234981 0.888712 -0.393669 0.799878 0.908217 1 28 1.000000
 29 -49.153866 9.933514 90.411789 0.053027 0.667887 -0.742372 0.844251 0.893233 1 28 1.000000
 29 -49.153866 11.828993 93.128502 0.125506 0.922027 -0.366217 0.799878 0.893233 1 28 1.000000
MarioHand_alb.png
 29 -45.830853 11.972242 99.628632 0.518803 0.783259 0.342563 0.710567 0.940383 1 28 1.000000
 29 -45.830853 12.702000 96.311340 0.522245 0.852796 0.000000 0.755230 0.940383 1 28 1.000000
 29 -47.102478 13.027594 96.311340 0.076295 0.997085 0.000000 0.755230 0.924254 1 28 1.000000
MarioHand_alb.png
 29 -45.830853 11.972242 99.628632 0.518803 0.783259 0.342563 0.710567 0.940383 1 28 1.000000
 29 -44.989704 11.620771 96.311340 0.994601 -0.103771 0.000000 0.755230 0.956008 1 28 1.000000
 29 -45.830853 12.702000 96.311340 0.522245 0.852796 0.000000 0.755230 0.940383 1 28 1.000000
MarioHand_alb.png
 29 -48.257687 12.150152 92.928139 -0.234981 0.888712 -0.393669 0.799878 0.908217 1 28 1.000000
 29 -48.257687 10.135349 90.040390 -0.256351 0.659664 -0.706490 0.844251 0.908217 1 28 1.000000
 29 -49.153866 9.933514 90.411789 0.053027 0.667887 -0.742372 0.844251 0.893233 1 28 1.000000
MarioHand_alb.png
 29 -48.257687 10.135349 90.040390 -0.256351 0.659664 -0.706490 0.844251 0.908217 1 28 1.000000
 29 -49.153862 7.047825 88.627304 -0.090388 0.279937 -0.955754 0.886946 0.893233 1 28 1.000000
 29 -49.153866 9.933514 90.411789 0.053027 0.667887 -0.742372 0.844251 0.893233 1 28 1.000000
MarioHand_alb.png
 29 -44.989704 11.620771 96.311340 0.994601 -0.103771 0.000000 0.755230 0.956008 1 28 1.000000
 29 -45.830853 11.972240 92.994057 0.518784 0.782943 -0.343313 0.799878 0.940383 1 28 1.000000
 29 -45.830853 12.702000 96.311340 0.522245 0.852796 0.000000 0.755230 0.940383 1 28 1.000000
MarioHand_alb.png
 29 -45.830853 12.702000 96.311340 0.522245 0.852796 0.000000 0.755230 0.940383 1 28 1.000000
 29 -45.830853 11.972240 92.994057 0.518784 0.782943 -0.343313 0.799878 0.940383 1 28 1.000000
 29 -47.102478 13.027594 96.311340 0.076295 0.997085 0.000000 0.755230 0.924254 1 28 1.000000
MarioHand_alb.png
 29 -44.989704 11.620771 96.311340 0.994601 -0.103771 0.000000 0.755230 0.956008 1 28 1.000000
 29 -44.991974 10.972118 93.362747 0.993779 -0.103765 0.040438 0.799878 0.956008 1 28 1.000000
 29 -45.830853 11.972240 92.994057 0.518784 0.782943 -0.343313 0.799878 0.940383 1 28 1.000000
MarioHand_alb.png
 29 -47.105129 12.267393 92.855705 0.076290 0.911761 -0.403574 0.799878 0.924254 1 28 1.000000
 29 -48.257687 12.150152 92.928139 -0.234981 0.888712 -0.393669 0.799878 0.908217 1 28 1.000000
 29 -47.102478 13.027594 96.311340 0.076295 0.997085 0.000000 0.755230 0.924254 1 28 1.000000
MarioHand_alb.png
 29 -45.830853 11.972240 92.994057 0.518784 0.782943 -0.343313 0.799878 0.940383 1 28 1.000000
 29 -47.105129 12.267393 92.855705 0.076290 0.911761 -0.403574 0.799878 0.924254 1 28 1.000000
 29 -47.102478 13.027594 96.311340 0.076295 0.997085 0.000000 0.755230 0.924254 1 28 1.000000
MarioHand_alb.png
 29 -47.105129 12.267393 92.855705 0.076290 0.911761 -0.403574 0.799878 0.924254 1 28 1.000000
 29 -48.257687 10.135349 90.040390 -0.256351 0.659664 -0.706490 0.844251 0.908217 1 28 1.000000
 29 -48.257687 12.150152 92.928139 -0.234981 0.888712 -0.393669 0.799878 0.908217 1 28 1.000000
MarioHand_alb.png
 29 -44.991974 10.972118 93.362747 0.993779 -0.103765 0.040438 0.799878 0.956008 1 28 1.000000
 29 -45.830853 9.996693 90.162582 0.512274 0.590851 -0.623274 0.844251 0.940383 1 28 1.000000
 29 -45.830853 11.972240 92.994057 0.518784 0.782943 -0.343313 0.799878 0.940383 1 28 1.000000
MarioHand_alb.png
 29 -45.830853 11.972240 92.994057 0.518784 0.782943 -0.343313 0.799878 0.940383 1 28 1.000000
 29 -45.830853 9.996693 90.162582 0.512274 0.590851 -0.623274 0.844251 0.940383 1 28 1.000000
 29 -47.105129 12.267393 92.855705 0.076290 0.911761 -0.403574 0.799878 0.924254 1 28 1.000000
MarioHand_alb.png
 29 -44.991974 10.972118 93.362747 0.993779 -0.103765 0.040438 0.799878 0.956008 1 28 1.000000
 29 -44.998104 9.216146 90.845978 0.993518 -0.082125 0.078596 0.844251 0.956008 1 28 1.000000
 29 -45.830853 9.996693 90.162582 0.512274 0.590851 -0.623274 0.844251 0.940383 1 28 1.000000
MarioHand_alb.png
 29 -47.105129 12.267393 92.855705 0.076290 0.911761 -0.403574 0.799878 0.924254 1 28 1.000000
 29 -47.112320 10.209454 89.906136 0.072473 0.681152 -0.728546 0.844251 0.924254 1 28 1.000000
 29 -48.257687 10.135349 90.040390 -0.256351 0.659664 -0.706490 0.844251 0.908217 1 28 1.000000
MarioHand_alb.png
 29 -45.830853 9.996693 90.162582 0.512274 0.590851 -0.623274 0.844251 0.940383 1 28 1.000000
 29 -47.112320 10.209454 89.906136 0.072473 0.681152 -0.728546 0.844251 0.924254 1 28 1.000000
 29 -47.105129 12.267393 92.855705 0.076290 0.911761 -0.403574 0.799878 0.924254 1 28 1.000000
MarioHand_alb.png
 29 -44.998104 9.216146 90.845978 0.993518 -0.082125 0.078596 0.844251 0.956008 1 28 1.000000
 29 -45.830853 6.989103 88.302704 0.506332 0.316791 -0.802042 0.886946 0.940383 1 28 1.000000
 29 -45.830853 9.996693 90.162582 0.512274 0.590851 -0.623274 0.844251 0.940383 1 28 1.000000
MarioHand_alb.png
 29 -45.830853 9.996693 90.162582 0.512274 0.590851 -0.623274 0.844251 0.940383 1 28 1.000000
 29 -45.830853 6.989103 88.302704 0.506332 0.316791 -0.802042 0.886946 0.940383 1 28 1.000000
 29 -47.112320 10.209454 89.906136 0.072473 0.681152 -0.728546 0.844251 0.924254 1 28 1.000000
MarioHand_alb.png
 29 -44.998104 9.216146 90.845978 0.993518 -0.082125 0.078596 0.844251 0.956008 1 28 1.000000
 29 -45.007427 6.542840 89.192810 0.992216 -0.050832 0.113680 0.886946 0.956008 1 28 1.000000
 29 -45.830853 6.989103 88.302704 0.506332 0.316791 -0.802042 0.886946 0.940383 1 28 1.000000
MarioHand_alb.png
 29 -47.112320 10.209454 89.906136 0.072473 0.681152 -0.728546 0.844251 0.924254 1 28 1.000000
 29 -48.257687 7.067998 88.143562 -0.285736 0.344581 -0.894214 0.886946 0.908217 1 28 1.000000
 29 -48.257687 10.135349 90.040390 -0.256351 0.659664 -0.706490 0.844251 0.908217 1 28 1.000000
MarioHand_alb.png
 29 -48.257687 10.135349 90.040390 -0.256351 0.659664 -0.706490 0.844251 0.908217 1 28 1.000000
 29 -48.257687 7.067998 88.143562 -0.285736 0.344581 -0.894214 0.886946 0.908217 1 28 1.000000
 29 -49.153862 7.047825 88.627304 -0.090388 0.279937 -0.955754 0.886946 0.893233 1 28 1.000000
MarioHand_alb.png
 29 -48.257687 7.067998 88.143562 -0.285736 0.344581 -0.894214 0.886946 0.908217 1 28 1.000000
 29 -49.160366 3.667030 87.968124 -0.133154 0.052723 -0.989692 0.930816 0.893233 1 28 1.000000
 29 -49.153862 7.047825 88.627304 -0.090388 0.279937 -0.955754 0.886946 0.893233 1 28 1.000000
MarioHand_alb.png
 29 -48.257687 7.067998 88.143562 -0.285736 0.344581 -0.894214 0.886946 0.908217 1 28 1.000000
 29 -48.257683 3.474375 87.442879 -0.324907 -0.003909 -0.945738 0.930816 0.908217 1 28 1.000000
 29 -49.160366 3.667030 87.968124 -0.133154 0.052723 -0.989692 0.930816 0.893233 1 28 1.000000
MarioHand_alb.png
 29 -47.112320 10.209454 89.906136 0.072473 0.681152 -0.728546 0.844251 0.924254 1 28 1.000000
 29 -47.123245 7.076428 87.968697 0.070591 0.358013 -0.931044 0.886946 0.924254 1 28 1.000000
 29 -48.257687 7.067998 88.143562 -0.285736 0.344581 -0.894214 0.886946 0.908217 1 28 1.000000
MarioHand_alb.png
 29 -47.123245 7.076428 87.968697 0.070591 0.358013 -0.931044 0.886946 0.924254 1 28 1.000000
 29 -48.257683 3.474375 87.442879 -0.324907 -0.003909 -0.945738 0.930816 0.908217 1 28 1.000000
 29 -48.257687 7.067998 88.143562 -0.285736 0.344581 -0.894214 0.886946 0.908217 1 28 1.000000
MarioHand_alb.png
 29 -45.830853 6.989103 88.302704 0.506332 0.316791 -0.802042 0.886946 0.940383 1 28 1.000000
 29 -47.123245 7.076428 87.968697 0.070591 0.358013 -0.931044 0.886946 0.924254 1 28 1.000000
 29 -47.112320 10.209454 89.906136 0.072473 0.681152 -0.728546 0.844251 0.924254 1 28 1.000000
MarioHand_alb.png
 29 -47.123245 7.076428 87.968697 0.070591 0.358013 -0.931044 0.886946 0.924254 1 28 1.000000
 29 -47.136055 3.405868 87.253006 0.068264 -0.005911 -0.997650 0.930816 0.924254 1 28 1.000000
 29 -48.257683 3.474375 87.442879 -0.324907 -0.003909 -0.945738 0.930816 0.908217 1 28 1.000000
MarioHand_alb.png
 29 -45.830849 3.465497 87.615662 0.505148 0.003911 -0.863024 0.930816 0.940383 1 28 1.000000
 29 -47.136055 3.405868 87.253006 0.068264 -0.005911 -0.997650 0.930816 0.924254 1 28 1.000000
 29 -47.123245 7.076428 87.968697 0.070591 0.358013 -0.931044 0.886946 0.924254 1 28 1.000000
MarioHand_alb.png
 29 -45.830853 6.989103 88.302704 0.506332 0.316791 -0.802042 0.886946 0.940383 1 28 1.000000
 29 -45.830849 3.465497 87.615662 0.505148 0.003911 -0.863024 0.930816 0.940383 1 28 1.000000
 29 -47.123245 7.076428 87.968697 0.070591 0.358013 -0.931044 0.886946 0.924254 1 28 1.000000
MarioHand_alb.png
 29 -45.007427 6.542840 89.192810 0.992216 -0.050832 0.113680 0.886946 0.956008 1 28 1.000000
 29 -45.830849 3.465497 87.615662 0.505148 0.003911 -0.863024 0.930816 0.940383 1 28 1.000000
 29 -45.830853 6.989103 88.302704 0.506332 0.316791 -0.802042 0.886946 0.940383 1 28 1.000000
MarioHand_alb.png
 29 -45.007427 6.542840 89.192810 0.992216 -0.050832 0.113680 0.886946 0.956008 1 28 1.000000
 29 -45.018364 3.410862 88.582138 0.992422 -0.003909 0.122813 0.930816 0.956008 1 28 1.000000
 29 -45.830849 3.465497 87.615662 0.505148 0.003911 -0.863024 0.930816 0.940383 1 28 1.000000
MarioHand_alb.png
 29 -60.233948 9.442625 105.190659 -0.328064 0.710488 0.622559 0.073045 0.920958 1 28 1.000000
 29 -60.578266 8.872711 105.413605 -0.495415 0.293187 0.817683 0.077577 0.912490 1 28 1.000000
 29 -59.581905 9.085222 105.977341 -0.284232 0.320953 0.903439 0.064149 0.912490 1 28 1.000000
MarioHand_alb.png
 29 -60.578266 8.872711 105.413605 -0.495415 0.293187 0.817683 0.077577 0.912490 1 28 1.000000
 29 -60.227821 8.297356 105.613174 -0.314703 -0.152488 0.936862 0.073045 0.904021 1 28 1.000000
 29 -59.581905 9.085222 105.977341 -0.284232 0.320953 0.903439 0.064149 0.912490 1 28 1.000000
MarioHand_alb.png
 29 -59.581905 9.085222 105.977341 -0.284232 0.320953 0.903439 0.064149 0.912490 1 28 1.000000
 29 -59.188782 7.835011 105.740501 -0.196431 -0.299319 0.933715 0.060639 0.897826 1 28 1.000000
 29 -58.097828 8.378485 106.178513 0.061429 -0.275953 0.959206 0.043687 0.902281 1 28 1.000000
MarioHand_alb.png
 29 -59.581905 9.085222 105.977341 -0.284232 0.320953 0.903439 0.064149 0.912490 1 28 1.000000
 29 -58.105389 9.768345 105.667915 0.046921 0.825606 0.562293 0.043687 0.922713 1 28 1.000000
 29 -59.193569 9.887636 105.002899 -0.205608 0.822052 0.530996 0.060639 0.927169 1 28 1.000000
MarioHand_alb.png
 29 -59.581905 9.085222 105.977341 -0.284232 0.320953 0.903439 0.064149 0.912490 1 28 1.000000
 29 -58.097828 8.378485 106.178513 0.061429 -0.275953 0.959206 0.043687 0.902281 1 28 1.000000
 29 -58.088371 9.196758 106.258759 0.062579 0.341135 0.937929 0.043687 0.912490 1 28 1.000000
MarioHand_alb.png
 29 -59.581905 9.085222 105.977341 -0.284232 0.320953 0.903439 0.064149 0.912490 1 28 1.000000
 29 -58.088371 9.196758 106.258759 0.062579 0.341135 0.937929 0.043687 0.912490 1 28 1.000000
 29 -58.105389 9.768345 105.667915 0.046921 0.825606 0.562293 0.043687 0.922713 1 28 1.000000
MarioHand_alb.png
 29 -58.097828 8.378485 106.178513 0.061429 -0.275953 0.959206 0.043687 0.902281 1 28 1.000000
 29 -56.621315 9.061602 105.869102 0.402337 0.310810 0.861116 0.023239 0.912490 1 28 1.000000
 29 -58.088371 9.196758 106.258759 0.062579 0.341135 0.937929 0.043687 0.912490 1 28 1.000000
MarioHand_alb.png
 29 -58.105389 9.768345 105.667915 0.046921 0.825606 0.562293 0.043687 0.922713 1 28 1.000000
 29 -58.088371 9.196758 106.258759 0.062579 0.341135 0.937929 0.043687 0.912490 1 28 1.000000
 29 -56.621315 9.061602 105.869102 0.402337 0.310810 0.861116 0.023239 0.912490 1 28 1.000000
MarioHand_alb.png
 29 -58.097828 8.378485 106.178513 0.061429 -0.275953 0.959206 0.043687 0.902281 1 28 1.000000
 29 -57.057007 7.818655 105.644966 0.305177 -0.317003 0.897984 0.026749 0.897826 1 28 1.000000
 29 -56.621315 9.061602 105.869102 0.402337 0.310810 0.861116 0.023239 0.912490 1 28 1.000000
MarioHand_alb.png
 29 -58.105389 9.768345 105.667915 0.046921 0.825606 0.562293 0.043687 0.922713 1 28 1.000000
 29 -56.621315 9.061602 105.869102 0.402337 0.310810 0.861116 0.023239 0.912490 1 28 1.000000
 29 -57.061802 9.871286 104.907364 0.291460 0.819825 0.492887 0.026749 0.927169 1 28 1.000000
MarioHand_alb.png
 29 -56.621315 9.061602 105.869102 0.402337 0.310810 0.861116 0.023239 0.912490 1 28 1.000000
 29 -56.016647 8.263660 105.457184 0.419204 -0.170123 0.891810 0.014343 0.904021 1 28 1.000000
 29 -55.672295 8.833572 105.234238 0.600412 0.279703 0.749180 0.009812 0.912490 1 28 1.000000
MarioHand_alb.png
 29 -56.621315 9.061602 105.869102 0.402337 0.310810 0.861116 0.023239 0.912490 1 28 1.000000
 29 -55.672295 8.833572 105.234238 0.600412 0.279703 0.749180 0.009812 0.912490 1 28 1.000000
 29 -56.022770 9.408928 105.034676 0.418065 0.704340 0.573695 0.014343 0.920958 1 28 1.000000
MarioHand_alb.png
 29 -63.953270 -4.487239 95.686417 0.808673 0.090022 -0.581329 0.897078 0.508721 1 28 1.000000
 29 -63.176334 -4.553710 97.065598 -0.141563 0.340552 -0.929507 0.905791 0.474098 1 28 1.000000
 29 -64.076080 -7.215114 97.019478 -0.030518 -0.888938 -0.457010 0.861540 0.470741 1 28 1.000000
MarioHand_alb.png
 29 -63.953270 -4.487239 95.686417 0.808673 0.090022 -0.581329 0.897078 0.508721 1 28 1.000000
 29 -64.076080 -7.215114 97.019478 -0.030518 -0.888938 -0.457010 0.861540 0.470741 1 28 1.000000
 29 -65.189850 -7.134789 96.244843 0.507358 -0.777154 -0.372317 0.860609 0.504814 1 28 1.000000
MarioHand_alb.png
 29 -64.676392 -7.714336 98.778938 -0.132758 -0.990055 0.046541 0.829679 0.469001 1 28 1.000000
 29 -65.189850 -7.134789 96.244843 0.507358 -0.777154 -0.372317 0.860609 0.504814 1 28 1.000000
 29 -64.076080 -7.215114 97.019478 -0.030518 -0.888938 -0.457010 0.861540 0.470741 1 28 1.000000
MarioHand_alb.png
 29 -65.589661 -6.943004 94.607338 0.649246 -0.645146 -0.402823 0.858152 0.537148 1 28 1.000000
 29 -63.953270 -4.487239 95.686417 0.808673 0.090022 -0.581329 0.897078 0.508721 1 28 1.000000
 29 -65.189850 -7.134789 96.244843 0.507358 -0.777154 -0.372317 0.860609 0.504814 1 28 1.000000
MarioHand_alb.png
 29 -65.589661 -6.943004 94.607338 0.649246 -0.645146 -0.402823 0.858152 0.537148 1 28 1.000000
 29 -64.481026 -4.456491 94.650635 0.871908 0.089918 -0.481342 0.895842 0.540932 1 28 1.000000
 29 -63.953270 -4.487239 95.686417 0.808673 0.090022 -0.581329 0.897078 0.508721 1 28 1.000000
MarioHand_alb.png
 29 -65.913696 -4.391075 93.312515 0.850669 0.101851 -0.515742 0.891951 0.572778 1 28 1.000000
 29 -64.481026 -4.456491 94.650635 0.871908 0.089918 -0.481342 0.895842 0.540932 1 28 1.000000
 29 -65.589661 -6.943004 94.607338 0.649246 -0.645146 -0.402823 0.858152 0.537148 1 28 1.000000
MarioHand_alb.png
 29 -66.596428 -6.707668 92.798004 0.560771 -0.798908 -0.217442 0.856214 0.568063 1 28 1.000000
 29 -65.913696 -4.391075 93.312515 0.850669 0.101851 -0.515742 0.891951 0.572778 1 28 1.000000
 29 -65.589661 -6.943004 94.607338 0.649246 -0.645146 -0.402823 0.858152 0.537148 1 28 1.000000
MarioHand_alb.png
 29 -64.676392 -7.714336 98.778938 -0.132758 -0.990055 0.046541 0.829679 0.469001 1 28 1.000000
 29 -66.631012 -7.718512 97.160858 0.019074 -0.995186 -0.096133 0.826246 0.502129 1 28 1.000000
 29 -65.189850 -7.134789 96.244843 0.507358 -0.777154 -0.372317 0.860609 0.504814 1 28 1.000000
MarioHand_alb.png
 29 -65.589661 -6.943004 94.607338 0.649246 -0.645146 -0.402823 0.858152 0.537148 1 28 1.000000
 29 -65.189850 -7.134789 96.244843 0.507358 -0.777154 -0.372317 0.860609 0.504814 1 28 1.000000
 29 -67.645203 -7.505632 94.982986 -0.022889 -0.992257 -0.122077 0.824231 0.534081 1 28 1.000000
MarioHand_alb.png
 29 -67.645203 -7.505632 94.982986 -0.022889 -0.992257 -0.122077 0.824231 0.534081 1 28 1.000000
 29 -65.189850 -7.134789 96.244843 0.507358 -0.777154 -0.372317 0.860609 0.504814 1 28 1.000000
 29 -66.631012 -7.718512 97.160858 0.019074 -0.995186 -0.096133 0.826246 0.502129 1 28 1.000000
MarioHand_alb.png
 29 -66.596428 -6.707668 92.798004 0.560771 -0.798908 -0.217442 0.856214 0.568063 1 28 1.000000
 29 -65.589661 -6.943004 94.607338 0.649246 -0.645146 -0.402823 0.858152 0.537148 1 28 1.000000
 29 -67.645203 -7.505632 94.982986 -0.022889 -0.992257 -0.122077 0.824231 0.534081 1 28 1.000000
MarioHand_alb.png
 29 -68.198517 -7.485158 97.889252 -0.459276 -0.872585 0.166316 0.804120 0.501015 1 28 1.000000
 29 -66.631012 -7.718512 97.160858 0.019074 -0.995186 -0.096133 0.826246 0.502129 1 28 1.000000
 29 -64.676392 -7.714336 98.778938 -0.132758 -0.990055 0.046541 0.829679 0.469001 1 28 1.000000
MarioHand_alb.png
 29 -67.645203 -7.505632 94.982986 -0.022889 -0.992257 -0.122077 0.824231 0.534081 1 28 1.000000
 29 -66.631012 -7.718512 97.160858 0.019074 -0.995186 -0.096133 0.826246 0.502129 1 28 1.000000
 29 -68.198517 -7.485158 97.889252 -0.459276 -0.872585 0.166316 0.804120 0.501015 1 28 1.000000
MarioHand_alb.png
 29 -66.278282 -7.108445 100.535072 -0.386827 -0.821530 0.418872 0.797391 0.467536 1 28 1.000000
 29 -68.198517 -7.485158 97.889252 -0.459276 -0.872585 0.166316 0.804120 0.501015 1 28 1.000000
 29 -64.676392 -7.714336 98.778938 -0.132758 -0.990055 0.046541 0.829679 0.469001 1 28 1.000000
MarioHand_alb.png
 29 -69.143486 -6.419948 98.380310 -0.783447 -0.518547 0.342520 0.781476 0.500496 1 28 1.000000
 29 -68.198517 -7.485158 97.889252 -0.459276 -0.872585 0.166316 0.804120 0.501015 1 28 1.000000
 29 -66.278282 -7.108445 100.535072 -0.386827 -0.821530 0.418872 0.797391 0.467536 1 28 1.000000
MarioHand_alb.png
 29 -69.143486 -6.419948 98.380310 -0.783447 -0.518547 0.342520 0.781476 0.500496 1 28 1.000000
 29 -66.278282 -7.108445 100.535072 -0.386827 -0.821530 0.418872 0.797391 0.467536 1 28 1.000000
 29 -66.577148 -5.208709 101.821533 -0.639467 -0.395470 0.659307 0.764584 0.467765 1 28 1.000000
MarioHand_alb.png
 29 -69.061218 -7.127890 94.853134 -0.579807 -0.811920 -0.067898 0.802090 0.532219 1 28 1.000000
 29 -67.645203 -7.505632 94.982986 -0.022889 -0.992257 -0.122077 0.824231 0.534081 1 28 1.000000
 29 -68.198517 -7.485158 97.889252 -0.459276 -0.872585 0.166316 0.804120 0.501015 1 28 1.000000
MarioHand_alb.png
 29 -69.061218 -7.127890 94.853134 -0.579807 -0.811920 -0.067898 0.802090 0.532219 1 28 1.000000
 29 -68.198517 -7.485158 97.889252 -0.459276 -0.872585 0.166316 0.804120 0.501015 1 28 1.000000
 29 -69.143486 -6.419948 98.380310 -0.783447 -0.518547 0.342520 0.781476 0.500496 1 28 1.000000
MarioHand_alb.png
 29 -67.555153 -7.259158 92.375145 -0.058746 -0.988569 -0.138854 0.823102 0.564050 1 28 1.000000
 29 -67.645203 -7.505632 94.982986 -0.022889 -0.992257 -0.122077 0.824231 0.534081 1 28 1.000000
 29 -69.061218 -7.127890 94.853134 -0.579807 -0.811920 -0.067898 0.802090 0.532219 1 28 1.000000
MarioHand_alb.png
 29 -67.555153 -7.259158 92.375145 -0.058746 -0.988569 -0.138854 0.823102 0.564050 1 28 1.000000
 29 -66.596428 -6.707668 92.798004 0.560771 -0.798908 -0.217442 0.856214 0.568063 1 28 1.000000
 29 -67.645203 -7.505632 94.982986 -0.022889 -0.992257 -0.122077 0.824231 0.534081 1 28 1.000000
MarioHand_alb.png
 29 -69.061218 -7.127890 94.853134 -0.579807 -0.811920 -0.067898 0.802090 0.532219 1 28 1.000000
 29 -69.143486 -6.419948 98.380310 -0.783447 -0.518547 0.342520 0.781476 0.500496 1 28 1.000000
 29 -70.126511 -6.025418 94.848854 -0.882814 -0.465537 -0.062568 0.779660 0.530648 1 28 1.000000
MarioHand_alb.png
 29 -68.366371 -6.781035 91.600204 -0.573729 -0.720308 -0.389861 0.801282 0.561624 1 28 1.000000
 29 -67.555153 -7.259158 92.375145 -0.058746 -0.988569 -0.138854 0.823102 0.564050 1 28 1.000000
 29 -69.061218 -7.127890 94.853134 -0.579807 -0.811920 -0.067898 0.802090 0.532219 1 28 1.000000
MarioHand_alb.png
 29 -68.366371 -6.781035 91.600204 -0.573729 -0.720308 -0.389861 0.801282 0.561624 1 28 1.000000
 29 -69.061218 -7.127890 94.853134 -0.579807 -0.811920 -0.067898 0.802090 0.532219 1 28 1.000000
 29 -70.126511 -6.025418 94.848854 -0.882814 -0.465537 -0.062568 0.779660 0.530648 1 28 1.000000
MarioHand_alb.png
 29 -66.519485 -7.137825 90.905716 -0.080109 -0.969609 -0.231173 0.821576 0.592447 1 28 1.000000
 29 -66.596428 -6.707668 92.798004 0.560771 -0.798908 -0.217442 0.856214 0.568063 1 28 1.000000
 29 -67.555153 -7.259158 92.375145 -0.058746 -0.988569 -0.138854 0.823102 0.564050 1 28 1.000000
MarioHand_alb.png
 29 -66.519485 -7.137825 90.905716 -0.080109 -0.969609 -0.231173 0.821576 0.592447 1 28 1.000000
 29 -67.555153 -7.259158 92.375145 -0.058746 -0.988569 -0.138854 0.823102 0.564050 1 28 1.000000
 29 -68.366371 -6.781035 91.600204 -0.573729 -0.720308 -0.389861 0.801282 0.561624 1 28 1.000000
MarioHand_alb.png
 29 -66.253799 -4.419764 93.779831 -0.884285 -0.070480 0.461598 0.887480 0.603784 1 28 1.000000
 29 -65.913696 -4.391075 93.312515 0.850669 0.101851 -0.515742 0.891951 0.572778 1 28 1.000000
 29 -66.596428 -6.707668 92.798004 0.560771 -0.798908 -0.217442 0.856214 0.568063 1 28 1.000000
MarioHand_alb.png
 29 -66.253799 -4.419764 93.779831 -0.884285 -0.070480 0.461598 0.887480 0.603784 1 28 1.000000
 29 -66.596428 -6.707668 92.798004 0.560771 -0.798908 -0.217442 0.856214 0.568063 1 28 1.000000
 29 -65.634018 -6.566778 92.386955 -0.397483 -0.842362 0.363914 0.853712 0.597482 1 28 1.000000
MarioHand_alb.png
 29 -65.634018 -6.566778 92.386955 -0.397483 -0.842362 0.363914 0.853712 0.597482 1 28 1.000000
 29 -66.596428 -6.707668 92.798004 0.560771 -0.798908 -0.217442 0.856214 0.568063 1 28 1.000000
 29 -66.519485 -7.137825 90.905716 -0.080109 -0.969609 -0.231173 0.821576 0.592447 1 28 1.000000
MarioHand_alb.png
 29 -65.211754 -6.692146 93.866592 -0.497458 -0.669508 0.551629 0.849088 0.626520 1 28 1.000000
 29 -66.253799 -4.419764 93.779831 -0.884285 -0.070480 0.461598 0.887480 0.603784 1 28 1.000000
 29 -65.634018 -6.566778 92.386955 -0.397483 -0.842362 0.363914 0.853712 0.597482 1 28 1.000000
MarioHand_alb.png
 29 -65.642517 -4.532214 95.077225 -0.592727 -0.103746 0.798694 0.880919 0.635096 1 28 1.000000
 29 -66.253799 -4.419764 93.779831 -0.884285 -0.070480 0.461598 0.887480 0.603784 1 28 1.000000
 29 -65.211754 -6.692146 93.866592 -0.497458 -0.669508 0.551629 0.849088 0.626520 1 28 1.000000
MarioHand_alb.png
 29 -63.583870 -4.541340 95.721268 -0.156031 -0.113589 0.981199 0.869551 0.666270 1 28 1.000000
 29 -65.642517 -4.532214 95.077225 -0.592727 -0.103746 0.798694 0.880919 0.635096 1 28 1.000000
 29 -65.211754 -6.692146 93.866592 -0.497458 -0.669508 0.551629 0.849088 0.626520 1 28 1.000000
MarioHand_alb.png
 29 -65.634018 -6.566778 92.386955 -0.397483 -0.842362 0.363914 0.853712 0.597482 1 28 1.000000
 29 -66.519485 -7.137825 90.905716 -0.080109 -0.969609 -0.231173 0.821576 0.592447 1 28 1.000000
 29 -64.345688 -7.282114 91.616119 -0.051881 -0.990975 -0.123598 0.818418 0.620798 1 28 1.000000
MarioHand_alb.png
 29 -65.211754 -6.692146 93.866592 -0.497458 -0.669508 0.551629 0.849088 0.626520 1 28 1.000000
 29 -65.634018 -6.566778 92.386955 -0.397483 -0.842362 0.363914 0.853712 0.597482 1 28 1.000000
 29 -64.345688 -7.282114 91.616119 -0.051881 -0.990975 -0.123598 0.818418 0.620798 1 28 1.000000
MarioHand_alb.png
 29 -63.583870 -4.541340 95.721268 -0.156031 -0.113589 0.981199 0.869551 0.666270 1 28 1.000000
 29 -65.211754 -6.692146 93.866592 -0.497458 -0.669508 0.551629 0.849088 0.626520 1 28 1.000000
 29 -63.187107 -6.656057 94.596985 -0.069054 -0.687015 0.723355 0.840482 0.655085 1 28 1.000000
MarioHand_alb.png
 29 -61.611145 -4.474594 95.569862 0.266280 -0.103670 0.958304 0.851331 0.690013 1 28 1.000000
 29 -63.583870 -4.541340 95.721268 -0.156031 -0.113589 0.981199 0.869551 0.666270 1 28 1.000000
 29 -63.187107 -6.656057 94.596985 -0.069054 -0.687015 0.723355 0.840482 0.655085 1 28 1.000000
MarioHand_alb.png
 29 -62.340561 -7.327419 92.392441 0.160221 -0.987078 -0.002289 0.812039 0.650004 1 28 1.000000
 29 -65.211754 -6.692146 93.866592 -0.497458 -0.669508 0.551629 0.849088 0.626520 1 28 1.000000
 29 -64.345688 -7.282114 91.616119 -0.051881 -0.990975 -0.123598 0.818418 0.620798 1 28 1.000000
MarioHand_alb.png
 29 -62.340561 -7.327419 92.392441 0.160221 -0.987078 -0.002289 0.812039 0.650004 1 28 1.000000
 29 -63.187107 -6.656057 94.596985 -0.069054 -0.687015 0.723355 0.840482 0.655085 1 28 1.000000
 29 -65.211754 -6.692146 93.866592 -0.497458 -0.669508 0.551629 0.849088 0.626520 1 28 1.000000
MarioHand_alb.png
 29 -61.321388 -6.011890 94.749207 0.383094 -0.548409 0.743295 0.829709 0.678981 1 28 1.000000
 29 -61.611145 -4.474594 95.569862 0.266280 -0.103670 0.958304 0.851331 0.690013 1 28 1.000000
 29 -63.187107 -6.656057 94.596985 -0.069054 -0.687015 0.723355 0.840482 0.655085 1 28 1.000000
MarioHand_alb.png
 29 -59.842224 -4.222322 93.760475 0.931251 -0.017549 0.363955 0.820615 0.710201 1 28 1.000000
 29 -61.611145 -4.474594 95.569862 0.266280 -0.103670 0.958304 0.851331 0.690013 1 28 1.000000
 29 -61.321388 -6.011890 94.749207 0.383094 -0.548409 0.743295 0.829709 0.678981 1 28 1.000000
MarioHand_alb.png
 29 -60.702759 -6.502504 93.138184 0.661910 -0.720280 0.207538 0.802594 0.678203 1 28 1.000000
 29 -59.842224 -4.222322 93.760475 0.931251 -0.017549 0.363955 0.820615 0.710201 1 28 1.000000
 29 -61.321388 -6.011890 94.749207 0.383094 -0.548409 0.743295 0.829709 0.678981 1 28 1.000000
MarioHand_alb.png
 29 -60.702759 -6.502504 93.138184 0.661910 -0.720280 0.207538 0.802594 0.678203 1 28 1.000000
 29 -61.321388 -6.011890 94.749207 0.383094 -0.548409 0.743295 0.829709 0.678981 1 28 1.000000
 29 -63.187107 -6.656057 94.596985 -0.069054 -0.687015 0.723355 0.840482 0.655085 1 28 1.000000
MarioHand_alb.png
 29 -60.702759 -6.502504 93.138184 0.661910 -0.720280 0.207538 0.802594 0.678203 1 28 1.000000
 29 -63.187107 -6.656057 94.596985 -0.069054 -0.687015 0.723355 0.840482 0.655085 1 28 1.000000
 29 -62.340561 -7.327419 92.392441 0.160221 -0.987078 -0.002289 0.812039 0.650004 1 28 1.000000
MarioHand_alb.png
 29 -62.340561 -7.327419 92.392441 0.160221 -0.987078 -0.002289 0.812039 0.650004 1 28 1.000000
 29 -64.345688 -7.282114 91.616119 -0.051881 -0.990975 -0.123598 0.818418 0.620798 1 28 1.000000
 29 -61.783947 -6.747608 90.994759 0.322723 -0.808047 -0.492858 0.794705 0.645380 1 28 1.000000
MarioHand_alb.png
 29 -60.702759 -6.502504 93.138184 0.661910 -0.720280 0.207538 0.802594 0.678203 1 28 1.000000
 29 -62.340561 -7.327419 92.392441 0.160221 -0.987078 -0.002289 0.812039 0.650004 1 28 1.000000
 29 -61.783947 -6.747608 90.994759 0.322723 -0.808047 -0.492858 0.794705 0.645380 1 28 1.000000
MarioHand_alb.png
 29 -64.345688 -7.282114 91.616119 -0.051881 -0.990975 -0.123598 0.818418 0.620798 1 28 1.000000
 29 -66.519485 -7.137825 90.905716 -0.080109 -0.969609 -0.231173 0.821576 0.592447 1 28 1.000000
 29 -63.781803 -6.675675 90.201530 0.114829 -0.763460 -0.635565 0.798596 0.617121 1 28 1.000000
MarioHand_alb.png
 29 -61.783947 -6.747608 90.994759 0.322723 -0.808047 -0.492858 0.794705 0.645380 1 28 1.000000
 29 -64.345688 -7.282114 91.616119 -0.051881 -0.990975 -0.123598 0.818418 0.620798 1 28 1.000000
 29 -63.781803 -6.675675 90.201530 0.114829 -0.763460 -0.635565 0.798596 0.617121 1 28 1.000000
MarioHand_alb.png
 29 -60.702759 -6.502504 93.138184 0.661910 -0.720280 0.207538 0.802594 0.678203 1 28 1.000000
 29 -61.783947 -6.747608 90.994759 0.322723 -0.808047 -0.492858 0.794705 0.645380 1 28 1.000000
 29 -60.135468 -5.611359 91.728783 0.868259 -0.439756 -0.229654 0.780209 0.667903 1 28 1.000000
MarioHand_alb.png
 29 -59.842224 -4.222322 93.760475 0.931251 -0.017549 0.363955 0.758190 0.694240 1 28 1.000000
 29 -60.702759 -6.502504 93.138184 0.661910 -0.720280 0.207538 0.802594 0.678203 1 28 1.000000
 29 -60.135468 -5.611359 91.728783 0.868259 -0.439756 -0.229654 0.780209 0.667903 1 28 1.000000
MarioHand_alb.png
 29 -60.135468 -5.611359 91.728783 0.868259 -0.439756 -0.229654 0.780209 0.667903 1 28 1.000000
 29 -61.783947 -6.747608 90.994759 0.322723 -0.808047 -0.492858 0.794705 0.645380 1 28 1.000000
 29 -61.370537 -5.481904 89.998772 0.455945 -0.413212 -0.788270 0.776684 0.641154 1 28 1.000000
MarioHand_alb.png
 29 -61.783947 -6.747608 90.994759 0.322723 -0.808047 -0.492858 0.794705 0.645380 1 28 1.000000
 29 -63.781803 -6.675675 90.201530 0.114829 -0.763460 -0.635565 0.798596 0.617121 1 28 1.000000
 29 -61.370537 -5.481904 89.998772 0.455945 -0.413212 -0.788270 0.776684 0.641154 1 28 1.000000
MarioHand_alb.png
 29 -59.842224 -4.222322 93.760475 0.931251 -0.017549 0.363955 0.758190 0.694240 1 28 1.000000
 29 -60.135468 -5.611359 91.728783 0.868259 -0.439756 -0.229654 0.780209 0.667903 1 28 1.000000
 29 -59.909740 -3.933629 91.234856 0.926322 0.070533 -0.370071 0.758022 0.663630 1 28 1.000000
MarioHand_alb.png
 29 -60.135468 -5.611359 91.728783 0.868259 -0.439756 -0.229654 0.780209 0.667903 1 28 1.000000
 29 -61.370537 -5.481904 89.998772 0.455945 -0.413212 -0.788270 0.776684 0.641154 1 28 1.000000
 29 -59.909740 -3.933629 91.234856 0.926322 0.070533 -0.370071 0.758022 0.663630 1 28 1.000000
MarioHand_alb.png
 29 -59.842224 -4.222322 93.760475 0.931251 -0.017549 0.363955 0.758190 0.694240 1 28 1.000000
 29 -59.909740 -3.933629 91.234856 0.926322 0.070533 -0.370071 0.758022 0.663630 1 28 1.000000
 29 -60.216347 -2.498435 92.093407 0.841571 0.526697 -0.119788 0.736843 0.668162 1 28 1.000000
MarioHand_alb.png
 29 -59.842224 -4.222322 93.760475 0.931251 -0.017549 0.363955 0.758190 0.694240 1 28 1.000000
 29 -60.216347 -2.498435 92.093407 0.841571 0.526697 -0.119788 0.736843 0.668162 1 28 1.000000
 29 -60.816605 -1.970579 93.659042 0.533663 0.734693 0.418844 0.714885 0.678691 1 28 1.000000
MarioHand_alb.png
 29 -59.909740 -3.933629 91.234856 0.926322 0.070533 -0.370071 0.758022 0.663630 1 28 1.000000
 29 -61.370537 -5.481904 89.998772 0.455945 -0.413212 -0.788270 0.776684 0.641154 1 28 1.000000
 29 -61.255638 -3.801068 89.789185 0.498306 0.121190 -0.858490 0.757809 0.639490 1 28 1.000000
MarioHand_alb.png
 29 -59.909740 -3.933629 91.234856 0.926322 0.070533 -0.370071 0.758022 0.663630 1 28 1.000000
 29 -61.469818 -2.254887 90.403809 0.445541 0.596550 -0.667549 0.739178 0.641215 1 28 1.000000
 29 -60.216347 -2.498435 92.093407 0.841571 0.526697 -0.119788 0.736843 0.668162 1 28 1.000000
MarioHand_alb.png
 29 -59.909740 -3.933629 91.234856 0.926322 0.070533 -0.370071 0.758022 0.663630 1 28 1.000000
 29 -61.255638 -3.801068 89.789185 0.498306 0.121190 -0.858490 0.757809 0.639490 1 28 1.000000
 29 -61.469818 -2.254887 90.403809 0.445541 0.596550 -0.667549 0.739178 0.641215 1 28 1.000000
MarioHand_alb.png
 29 -60.216347 -2.498435 92.093407 0.841571 0.526697 -0.119788 0.736843 0.668162 1 28 1.000000
 29 -61.924282 -1.255706 91.631958 0.299071 0.914761 -0.271605 0.721431 0.645609 1 28 1.000000
 29 -60.816605 -1.970579 93.659042 0.533663 0.734693 0.418844 0.714885 0.678691 1 28 1.000000
MarioHand_alb.png
 29 -60.216347 -2.498435 92.093407 0.841571 0.526697 -0.119788 0.736843 0.668162 1 28 1.000000
 29 -61.469818 -2.254887 90.403809 0.445541 0.596550 -0.667549 0.739178 0.641215 1 28 1.000000
 29 -61.924282 -1.255706 91.631958 0.299071 0.914761 -0.271605 0.721431 0.645609 1 28 1.000000
MarioHand_alb.png
 29 -61.370537 -5.481904 89.998772 0.455945 -0.413212 -0.788270 0.776684 0.641154 1 28 1.000000
 29 -63.353821 -5.341772 89.172775 0.155230 -0.352128 -0.922989 0.777417 0.614038 1 28 1.000000
 29 -61.255638 -3.801068 89.789185 0.498306 0.121190 -0.858490 0.757809 0.639490 1 28 1.000000
MarioHand_alb.png
 29 -61.370537 -5.481904 89.998772 0.455945 -0.413212 -0.788270 0.776684 0.641154 1 28 1.000000
 29 -63.781803 -6.675675 90.201530 0.114829 -0.763460 -0.635565 0.798596 0.617121 1 28 1.000000
 29 -63.353821 -5.341772 89.172775 0.155230 -0.352128 -0.922989 0.777417 0.614038 1 28 1.000000
MarioHand_alb.png
 29 -61.469818 -2.254887 90.403809 0.445541 0.596550 -0.667549 0.739178 0.641215 1 28 1.000000
 29 -61.255638 -3.801068 89.789185 0.498306 0.121190 -0.858490 0.757809 0.639490 1 28 1.000000
 29 -63.445473 -2.200180 89.545433 0.148407 0.547870 -0.823295 0.737087 0.613901 1 28 1.000000
MarioHand_alb.png
 29 -63.245369 -3.757939 88.973877 0.157939 0.117405 -0.980444 0.757641 0.612909 1 28 1.000000
 29 -61.255638 -3.801068 89.789185 0.498306 0.121190 -0.858490 0.757809 0.639490 1 28 1.000000
 29 -63.353821 -5.341772 89.172775 0.155230 -0.352128 -0.922989 0.777417 0.614038 1 28 1.000000
MarioHand_alb.png
 29 -63.445473 -2.200180 89.545433 0.148407 0.547870 -0.823295 0.737087 0.613901 1 28 1.000000
 29 -61.255638 -3.801068 89.789185 0.498306 0.121190 -0.858490 0.757809 0.639490 1 28 1.000000
 29 -63.245369 -3.757939 88.973877 0.157939 0.117405 -0.980444 0.757641 0.612909 1 28 1.000000
MarioHand_alb.png
 29 -63.245369 -3.757939 88.973877 0.157939 0.117405 -0.980444 0.757641 0.612909 1 28 1.000000
 29 -63.353821 -5.341772 89.172775 0.155230 -0.352128 -0.922989 0.777417 0.614038 1 28 1.000000
 29 -66.662407 -3.847914 89.036057 -0.301358 0.074290 -0.950613 0.757671 0.586267 1 28 1.000000
MarioHand_alb.png
 29 -63.445473 -2.200180 89.545433 0.148407 0.547870 -0.823295 0.737087 0.613901 1 28 1.000000
 29 -63.245369 -3.757939 88.973877 0.157939 0.117405 -0.980444 0.757641 0.612909 1 28 1.000000
 29 -66.662407 -3.847914 89.036057 -0.301358 0.074290 -0.950613 0.757671 0.586267 1 28 1.000000
MarioHand_alb.png
 29 -63.353821 -5.341772 89.172775 0.155230 -0.352128 -0.922989 0.777417 0.614038 1 28 1.000000
 29 -63.781803 -6.675675 90.201530 0.114829 -0.763460 -0.635565 0.798596 0.617121 1 28 1.000000
 29 -66.617844 -5.365939 89.147522 -0.276221 -0.319333 -0.906493 0.778195 0.587213 1 28 1.000000
MarioHand_alb.png
 29 -63.353821 -5.341772 89.172775 0.155230 -0.352128 -0.922989 0.777417 0.614038 1 28 1.000000
 29 -66.617844 -5.365939 89.147522 -0.276221 -0.319333 -0.906493 0.778195 0.587213 1 28 1.000000
 29 -66.662407 -3.847914 89.036057 -0.301358 0.074290 -0.950613 0.757671 0.586267 1 28 1.000000
MarioHand_alb.png
 29 -61.469818 -2.254887 90.403809 0.445541 0.596550 -0.667549 0.739178 0.641215 1 28 1.000000
 29 -63.445473 -2.200180 89.545433 0.148407 0.547870 -0.823295 0.737087 0.613901 1 28 1.000000
 29 -63.912292 -1.176520 90.794373 0.101471 0.896231 -0.431826 0.716701 0.617273 1 28 1.000000
MarioHand_alb.png
 29 -61.469818 -2.254887 90.403809 0.445541 0.596550 -0.667549 0.739178 0.641215 1 28 1.000000
 29 -63.912292 -1.176520 90.794373 0.101471 0.896231 -0.431826 0.716701 0.617273 1 28 1.000000
 29 -61.924282 -1.255706 91.631958 0.299071 0.914761 -0.271605 0.721431 0.645609 1 28 1.000000
MarioHand_alb.png
 29 -63.445473 -2.200180 89.545433 0.148407 0.547870 -0.823295 0.737087 0.613901 1 28 1.000000
 29 -66.662407 -3.847914 89.036057 -0.301358 0.074290 -0.950613 0.757671 0.586267 1 28 1.000000
 29 -66.695229 -2.317095 89.454292 -0.269339 0.455607 -0.848457 0.736538 0.586816 1 28 1.000000
MarioHand_alb.png
 29 -63.445473 -2.200180 89.545433 0.148407 0.547870 -0.823295 0.737087 0.613901 1 28 1.000000
 29 -66.695229 -2.317095 89.454292 -0.269339 0.455607 -0.848457 0.736538 0.586816 1 28 1.000000
 29 -63.912292 -1.176520 90.794373 0.101471 0.896231 -0.431826 0.716701 0.617273 1 28 1.000000
MarioHand_alb.png
 29 -66.617844 -5.365939 89.147522 -0.276221 -0.319333 -0.906493 0.778195 0.587213 1 28 1.000000
 29 -69.246384 -4.140000 90.942894 -0.823223 -0.009728 -0.567635 0.758007 0.558129 1 28 1.000000
 29 -66.662407 -3.847914 89.036057 -0.301358 0.074290 -0.950613 0.757671 0.586267 1 28 1.000000
MarioHand_alb.png
 29 -66.662407 -3.847914 89.036057 -0.301358 0.074290 -0.950613 0.757671 0.586267 1 28 1.000000
 29 -69.246384 -4.140000 90.942894 -0.823223 -0.009728 -0.567635 0.758007 0.558129 1 28 1.000000
 29 -66.695229 -2.317095 89.454292 -0.269339 0.455607 -0.848457 0.736538 0.586816 1 28 1.000000
MarioHand_alb.png
 29 -63.781803 -6.675675 90.201530 0.114829 -0.763460 -0.635565 0.798596 0.617121 1 28 1.000000
 29 -66.563622 -6.588780 89.859253 -0.201405 -0.694046 -0.691185 0.800107 0.589487 1 28 1.000000
 29 -66.617844 -5.365939 89.147522 -0.276221 -0.319333 -0.906493 0.778195 0.587213 1 28 1.000000
MarioHand_alb.png
 29 -63.781803 -6.675675 90.201530 0.114829 -0.763460 -0.635565 0.798596 0.617121 1 28 1.000000
 29 -66.519485 -7.137825 90.905716 -0.080109 -0.969609 -0.231173 0.821576 0.592447 1 28 1.000000
 29 -66.563622 -6.588780 89.859253 -0.201405 -0.694046 -0.691185 0.800107 0.589487 1 28 1.000000
MarioHand_alb.png
 29 -66.519485 -7.137825 90.905716 -0.080109 -0.969609 -0.231173 0.821576 0.592447 1 28 1.000000
 29 -68.366371 -6.781035 91.600204 -0.573729 -0.720308 -0.389861 0.801282 0.561624 1 28 1.000000
 29 -66.563622 -6.588780 89.859253 -0.201405 -0.694046 -0.691185 0.800107 0.589487 1 28 1.000000
MarioHand_alb.png
 29 -66.617844 -5.365939 89.147522 -0.276221 -0.319333 -0.906493 0.778195 0.587213 1 28 1.000000
 29 -66.563622 -6.588780 89.859253 -0.201405 -0.694046 -0.691185 0.800107 0.589487 1 28 1.000000
 29 -69.124397 -5.651484 91.245323 -0.782586 -0.369364 -0.501129 0.779156 0.559640 1 28 1.000000
MarioHand_alb.png
 29 -66.563622 -6.588780 89.859253 -0.201405 -0.694046 -0.691185 0.800107 0.589487 1 28 1.000000
 29 -68.366371 -6.781035 91.600204 -0.573729 -0.720308 -0.389861 0.801282 0.561624 1 28 1.000000
 29 -69.124397 -5.651484 91.245323 -0.782586 -0.369364 -0.501129 0.779156 0.559640 1 28 1.000000
MarioHand_alb.png
 29 -66.617844 -5.365939 89.147522 -0.276221 -0.319333 -0.906493 0.778195 0.587213 1 28 1.000000
 29 -69.124397 -5.651484 91.245323 -0.782586 -0.369364 -0.501129 0.779156 0.559640 1 28 1.000000
 29 -69.246384 -4.140000 90.942894 -0.823223 -0.009728 -0.567635 0.758007 0.558129 1 28 1.000000
MarioHand_alb.png
 29 -69.124397 -5.651484 91.245323 -0.782586 -0.369364 -0.501129 0.779156 0.559640 1 28 1.000000
 29 -68.366371 -6.781035 91.600204 -0.573729 -0.720308 -0.389861 0.801282 0.561624 1 28 1.000000
 29 -70.126511 -6.025418 94.848854 -0.882814 -0.465537 -0.062568 0.779660 0.530648 1 28 1.000000
MarioHand_alb.png
 29 -69.124397 -5.651484 91.245323 -0.782586 -0.369364 -0.501129 0.779156 0.559640 1 28 1.000000
 29 -70.640053 -4.632838 94.956398 -0.992377 -0.109554 -0.056446 0.758495 0.529381 1 28 1.000000
 29 -69.246384 -4.140000 90.942894 -0.823223 -0.009728 -0.567635 0.758007 0.558129 1 28 1.000000
MarioHand_alb.png
 29 -69.124397 -5.651484 91.245323 -0.782586 -0.369364 -0.501129 0.779156 0.559640 1 28 1.000000
 29 -70.126511 -6.025418 94.848854 -0.882814 -0.465537 -0.062568 0.779660 0.530648 1 28 1.000000
 29 -70.640053 -4.632838 94.956398 -0.992377 -0.109554 -0.056446 0.758495 0.529381 1 28 1.000000
MarioHand_alb.png
 29 -69.246384 -4.140000 90.942894 -0.823223 -0.009728 -0.567635 0.758007 0.558129 1 28 1.000000
 29 -69.147842 -2.565216 91.231651 -0.802450 0.355816 -0.479029 0.735759 0.558495 1 28 1.000000
 29 -66.695229 -2.317095 89.454292 -0.269339 0.455607 -0.848457 0.736538 0.586816 1 28 1.000000
MarioHand_alb.png
 29 -69.246384 -4.140000 90.942894 -0.823223 -0.009728 -0.567635 0.758007 0.558129 1 28 1.000000
 29 -70.640053 -4.632838 94.956398 -0.992377 -0.109554 -0.056446 0.758495 0.529381 1 28 1.000000
 29 -69.147842 -2.565216 91.231651 -0.802450 0.355816 -0.479029 0.735759 0.558495 1 28 1.000000
MarioHand_alb.png
 29 -66.695229 -2.317095 89.454292 -0.269339 0.455607 -0.848457 0.736538 0.586816 1 28 1.000000
 29 -69.147842 -2.565216 91.231651 -0.802450 0.355816 -0.479029 0.735759 0.558495 1 28 1.000000
 29 -66.700241 -1.197877 90.414391 -0.192266 0.820800 -0.537886 0.714412 0.589548 1 28 1.000000
MarioHand_alb.png
 29 -66.695229 -2.317095 89.454292 -0.269339 0.455607 -0.848457 0.736538 0.586816 1 28 1.000000
 29 -66.700241 -1.197877 90.414391 -0.192266 0.820800 -0.537886 0.714412 0.589548 1 28 1.000000
 29 -63.912292 -1.176520 90.794373 0.101471 0.896231 -0.431826 0.716701 0.617273 1 28 1.000000
MarioHand_alb.png
 29 -70.126511 -6.025418 94.848854 -0.882814 -0.465537 -0.062568 0.779660 0.530648 1 28 1.000000
 29 -69.601196 -4.955564 98.671776 -0.891887 -0.189879 0.410467 0.759289 0.499962 1 28 1.000000
 29 -70.640053 -4.632838 94.956398 -0.992377 -0.109554 -0.056446 0.758495 0.529381 1 28 1.000000
MarioHand_alb.png
 29 -69.143486 -6.419948 98.380310 -0.783447 -0.518547 0.342520 0.781476 0.500496 1 28 1.000000
 29 -69.601196 -4.955564 98.671776 -0.891887 -0.189879 0.410467 0.759289 0.499962 1 28 1.000000
 29 -70.126511 -6.025418 94.848854 -0.882814 -0.465537 -0.062568 0.779660 0.530648 1 28 1.000000
MarioHand_alb.png
 29 -69.143486 -6.419948 98.380310 -0.783447 -0.518547 0.342520 0.781476 0.500496 1 28 1.000000
 29 -66.577148 -5.208709 101.821533 -0.639467 -0.395470 0.659307 0.764584 0.467765 1 28 1.000000
 29 -69.601196 -4.955564 98.671776 -0.891887 -0.189879 0.410467 0.759289 0.499962 1 28 1.000000
MarioHand_alb.png
 29 -69.147842 -2.565216 91.231651 -0.802450 0.355816 -0.479029 0.735759 0.558495 1 28 1.000000
 29 -70.640053 -4.632838 94.956398 -0.992377 -0.109554 -0.056446 0.758495 0.529381 1 28 1.000000
 29 -70.549721 -3.022165 95.206711 -0.950357 0.310859 -0.013729 0.735439 0.528206 1 28 1.000000
MarioHand_alb.png
 29 -70.640053 -4.632838 94.956398 -0.992377 -0.109554 -0.056446 0.758495 0.529381 1 28 1.000000
 29 -69.601196 -4.955564 98.671776 -0.891887 -0.189879 0.410467 0.759289 0.499962 1 28 1.000000
 29 -70.549721 -3.022165 95.206711 -0.950357 0.310859 -0.013729 0.735439 0.528206 1 28 1.000000
MarioHand_alb.png
 29 -66.577148 -5.208709 101.821533 -0.639467 -0.395470 0.659307 0.764584 0.467765 1 28 1.000000
 29 -69.668678 -3.260267 98.786369 -0.886589 0.223197 0.405145 0.735119 0.499413 1 28 1.000000
 29 -69.601196 -4.955564 98.671776 -0.891887 -0.189879 0.410467 0.759289 0.499962 1 28 1.000000
MarioHand_alb.png
 29 -69.601196 -4.955564 98.671776 -0.891887 -0.189879 0.410467 0.759289 0.499962 1 28 1.000000
 29 -69.668678 -3.260267 98.786369 -0.886589 0.223197 0.405145 0.735119 0.499413 1 28 1.000000
 29 -70.549721 -3.022165 95.206711 -0.950357 0.310859 -0.013729 0.735439 0.528206 1 28 1.000000
MarioHand_alb.png
 29 -66.577148 -5.208709 101.821533 -0.639467 -0.395470 0.659307 0.764584 0.467765 1 28 1.000000
 29 -66.761520 -2.576788 102.853500 -0.686154 -0.148665 0.712104 0.728038 0.467384 1 28 1.000000
 29 -69.668678 -3.260267 98.786369 -0.886589 0.223197 0.405145 0.735119 0.499413 1 28 1.000000
MarioHand_alb.png
 29 -69.147842 -2.565216 91.231651 -0.802450 0.355816 -0.479029 0.735759 0.558495 1 28 1.000000
 29 -70.549721 -3.022165 95.206711 -0.950357 0.310859 -0.013729 0.735439 0.528206 1 28 1.000000
 29 -68.592003 -1.482543 91.862961 -0.632444 0.714229 -0.299820 0.713176 0.561318 1 28 1.000000
MarioHand_alb.png
 29 -69.147842 -2.565216 91.231651 -0.802450 0.355816 -0.479029 0.735759 0.558495 1 28 1.000000
 29 -68.592003 -1.482543 91.862961 -0.632444 0.714229 -0.299820 0.713176 0.561318 1 28 1.000000
 29 -66.700241 -1.197877 90.414391 -0.192266 0.820800 -0.537886 0.714412 0.589548 1 28 1.000000
MarioHand_alb.png
 29 -69.476517 -1.891568 95.389534 -0.619474 0.782985 0.056455 0.712093 0.530465 1 28 1.000000
 29 -70.549721 -3.022165 95.206711 -0.950357 0.310859 -0.013729 0.735439 0.528206 1 28 1.000000
 29 -69.668678 -3.260267 98.786369 -0.886589 0.223197 0.405145 0.735119 0.499413 1 28 1.000000
MarioHand_alb.png
 29 -68.592003 -1.482543 91.862961 -0.632444 0.714229 -0.299820 0.713176 0.561318 1 28 1.000000
 29 -70.549721 -3.022165 95.206711 -0.950357 0.310859 -0.013729 0.735439 0.528206 1 28 1.000000
 29 -69.476517 -1.891568 95.389534 -0.619474 0.782985 0.056455 0.712093 0.530465 1 28 1.000000
MarioHand_alb.png
 29 -66.761520 -2.576788 102.853500 -0.686154 -0.148665 0.712104 0.728038 0.467384 1 28 1.000000
 29 -68.755974 -2.034815 98.484032 -0.421139 0.879018 0.223539 0.710613 0.501701 1 28 1.000000
 29 -69.668678 -3.260267 98.786369 -0.886589 0.223197 0.405145 0.735119 0.499413 1 28 1.000000
MarioHand_alb.png
 29 -69.476517 -1.891568 95.389534 -0.619474 0.782985 0.056455 0.712093 0.530465 1 28 1.000000
 29 -69.668678 -3.260267 98.786369 -0.886589 0.223197 0.405145 0.735119 0.499413 1 28 1.000000
 29 -68.755974 -2.034815 98.484032 -0.421139 0.879018 0.223539 0.710613 0.501701 1 28 1.000000
MarioHand_alb.png
 29 -64.686554 -2.411323 99.685631 0.389097 0.913376 0.119781 0.683604 0.474388 1 28 1.000000
 29 -68.755974 -2.034815 98.484032 -0.421139 0.879018 0.223539 0.710613 0.501701 1 28 1.000000
 29 -66.761520 -2.576788 102.853500 -0.686154 -0.148665 0.712104 0.728038 0.467384 1 28 1.000000
MarioHand_alb.png
 29 -67.878357 -1.168550 92.556534 -0.006104 0.995921 0.090027 0.691905 0.564828 1 28 1.000000
 29 -68.592003 -1.482543 91.862961 -0.632444 0.714229 -0.299820 0.713176 0.561318 1 28 1.000000
 29 -69.476517 -1.891568 95.389534 -0.619474 0.782985 0.056455 0.712093 0.530465 1 28 1.000000
MarioHand_alb.png
 29 -67.282181 -1.923981 98.223671 0.031281 0.992122 0.121308 0.685939 0.506310 1 28 1.000000
 29 -68.755974 -2.034815 98.484032 -0.421139 0.879018 0.223539 0.710613 0.501701 1 28 1.000000
 29 -64.686554 -2.411323 99.685631 0.389097 0.913376 0.119781 0.683604 0.474388 1 28 1.000000
MarioHand_alb.png
 29 -69.476517 -1.891568 95.389534 -0.619474 0.782985 0.056455 0.712093 0.530465 1 28 1.000000
 29 -68.755974 -2.034815 98.484032 -0.421139 0.879018 0.223539 0.710613 0.501701 1 28 1.000000
 29 -67.990875 -1.574570 95.650558 0.062561 0.994442 0.084686 0.689326 0.534783 1 28 1.000000
MarioHand_alb.png
 29 -67.990875 -1.574570 95.650558 0.062561 0.994442 0.084686 0.689326 0.534783 1 28 1.000000
 29 -68.755974 -2.034815 98.484032 -0.421139 0.879018 0.223539 0.710613 0.501701 1 28 1.000000
 29 -67.282181 -1.923981 98.223671 0.031281 0.992122 0.121308 0.685939 0.506310 1 28 1.000000
MarioHand_alb.png
 29 -67.878357 -1.168550 92.556534 -0.006104 0.995921 0.090027 0.691905 0.564828 1 28 1.000000
 29 -69.476517 -1.891568 95.389534 -0.619474 0.782985 0.056455 0.712093 0.530465 1 28 1.000000
 29 -67.990875 -1.574570 95.650558 0.062561 0.994442 0.084686 0.689326 0.534783 1 28 1.000000
MarioHand_alb.png
 29 -67.282181 -1.923981 98.223671 0.031281 0.992122 0.121308 0.685939 0.506310 1 28 1.000000
 29 -64.686554 -2.411323 99.685631 0.389097 0.913376 0.119781 0.683604 0.474388 1 28 1.000000
 29 -65.434334 -2.152652 96.724701 0.346375 0.925350 -0.154114 0.650813 0.510475 1 28 1.000000
MarioHand_alb.png
 29 -67.990875 -1.574570 95.650558 0.062561 0.994442 0.084686 0.689326 0.534783 1 28 1.000000
 29 -67.282181 -1.923981 98.223671 0.031281 0.992122 0.121308 0.685939 0.506310 1 28 1.000000
 29 -65.434334 -2.152652 96.724701 0.346375 0.925350 -0.154114 0.650813 0.510475 1 28 1.000000
MarioHand_alb.png
 29 -62.848091 -2.209622 97.792381 -0.403455 0.236381 -0.883939 0.647517 0.480171 1 28 1.000000
 29 -65.434334 -2.152652 96.724701 0.346375 0.925350 -0.154114 0.650813 0.510475 1 28 1.000000
 29 -64.686554 -2.411323 99.685631 0.389097 0.913376 0.119781 0.683604 0.474388 1 28 1.000000
MarioHand_alb.png
 29 -63.176334 -4.553710 97.065598 -0.141563 0.340552 -0.929507 0.605982 0.481102 1 28 1.000000
 29 -65.434334 -2.152652 96.724701 0.346375 0.925350 -0.154114 0.650813 0.510475 1 28 1.000000
 29 -62.848091 -2.209622 97.792381 -0.403455 0.236381 -0.883939 0.647517 0.480171 1 28 1.000000
MarioHand_alb.png
 29 -63.953270 -4.487239 95.686417 0.808673 0.090022 -0.581329 0.613565 0.515877 1 28 1.000000
 29 -65.434334 -2.152652 96.724701 0.346375 0.925350 -0.154114 0.650813 0.510475 1 28 1.000000
 29 -63.176334 -4.553710 97.065598 -0.141563 0.340552 -0.929507 0.605982 0.481102 1 28 1.000000
MarioHand_alb.png
 29 -63.953270 -4.487239 95.686417 0.808673 0.090022 -0.581329 0.613565 0.515877 1 28 1.000000
 29 -65.875557 -2.059235 95.216164 0.585180 0.780781 -0.218966 0.654704 0.540658 1 28 1.000000
 29 -65.434334 -2.152652 96.724701 0.346375 0.925350 -0.154114 0.650813 0.510475 1 28 1.000000
MarioHand_alb.png
 29 -65.875557 -2.059235 95.216164 0.585180 0.780781 -0.218966 0.654704 0.540658 1 28 1.000000
 29 -67.990875 -1.574570 95.650558 0.062561 0.994442 0.084686 0.689326 0.534783 1 28 1.000000
 29 -65.434334 -2.152652 96.724701 0.346375 0.925350 -0.154114 0.650813 0.510475 1 28 1.000000
MarioHand_alb.png
 29 -64.481026 -4.456491 94.650635 0.871908 0.089918 -0.481342 0.615396 0.547707 1 28 1.000000
 29 -65.875557 -2.059235 95.216164 0.585180 0.780781 -0.218966 0.654704 0.540658 1 28 1.000000
 29 -63.953270 -4.487239 95.686417 0.808673 0.090022 -0.581329 0.613565 0.515877 1 28 1.000000
MarioHand_alb.png
 29 -65.913696 -4.391075 93.312515 0.850669 0.101851 -0.515742 0.620249 0.578958 1 28 1.000000
 29 -65.875557 -2.059235 95.216164 0.585180 0.780781 -0.218966 0.654704 0.540658 1 28 1.000000
 29 -64.481026 -4.456491 94.650635 0.871908 0.089918 -0.481342 0.615396 0.547707 1 28 1.000000
MarioHand_alb.png
 29 -66.796211 -1.940664 93.326317 0.522622 0.852384 -0.017548 0.657938 0.571283 1 28 1.000000
 29 -67.990875 -1.574570 95.650558 0.062561 0.994442 0.084686 0.689326 0.534783 1 28 1.000000
 29 -65.875557 -2.059235 95.216164 0.585180 0.780781 -0.218966 0.654704 0.540658 1 28 1.000000
MarioHand_alb.png
 29 -65.913696 -4.391075 93.312515 0.850669 0.101851 -0.515742 0.620249 0.578958 1 28 1.000000
 29 -66.796211 -1.940664 93.326317 0.522622 0.852384 -0.017548 0.657938 0.571283 1 28 1.000000
 29 -65.875557 -2.059235 95.216164 0.585180 0.780781 -0.218966 0.654704 0.540658 1 28 1.000000
MarioHand_alb.png
 29 -66.796211 -1.940664 93.326317 0.522622 0.852384 -0.017548 0.657938 0.571283 1 28 1.000000
 29 -67.878357 -1.168550 92.556534 -0.006104 0.995921 0.090027 0.691905 0.564828 1 28 1.000000
 29 -67.990875 -1.574570 95.650558 0.062561 0.994442 0.084686 0.689326 0.534783 1 28 1.000000
MarioHand_alb.png
 29 -66.253799 -4.419764 93.779831 -0.884285 -0.070480 0.461598 0.627024 0.609140 1 28 1.000000
 29 -66.796211 -1.940664 93.326317 0.522622 0.852384 -0.017548 0.657938 0.571283 1 28 1.000000
 29 -65.913696 -4.391075 93.312515 0.850669 0.101851 -0.515742 0.620249 0.578958 1 28 1.000000
MarioHand_alb.png
 29 -65.838188 -1.935170 92.893997 -0.379964 0.739090 0.556213 0.661585 0.600534 1 28 1.000000
 29 -66.796211 -1.940664 93.326317 0.522622 0.852384 -0.017548 0.657938 0.571283 1 28 1.000000
 29 -66.253799 -4.419764 93.779831 -0.884285 -0.070480 0.461598 0.627024 0.609140 1 28 1.000000
MarioHand_alb.png
 29 -66.796211 -1.940664 93.326317 0.522622 0.852384 -0.017548 0.657938 0.571283 1 28 1.000000
 29 -66.674553 -0.991536 91.510567 -0.064850 0.995423 0.070191 0.694194 0.593301 1 28 1.000000
 29 -67.878357 -1.168550 92.556534 -0.006104 0.995921 0.090027 0.691905 0.564828 1 28 1.000000
MarioHand_alb.png
 29 -65.838188 -1.935170 92.893997 -0.379964 0.739090 0.556213 0.661585 0.600534 1 28 1.000000
 29 -66.674553 -0.991536 91.510567 -0.064850 0.995423 0.070191 0.694194 0.593301 1 28 1.000000
 29 -66.796211 -1.940664 93.326317 0.522622 0.852384 -0.017548 0.657938 0.571283 1 28 1.000000
MarioHand_alb.png
 29 -67.878357 -1.168550 92.556534 -0.006104 0.995921 0.090027 0.691905 0.564828 1 28 1.000000
 29 -66.674553 -0.991536 91.510567 -0.064850 0.995423 0.070191 0.694194 0.593301 1 28 1.000000
 29 -68.592003 -1.482543 91.862961 -0.632444 0.714229 -0.299820 0.713176 0.561318 1 28 1.000000
MarioHand_alb.png
 29 -66.700241 -1.197877 90.414391 -0.192266 0.820800 -0.537886 0.714412 0.589548 1 28 1.000000
 29 -68.592003 -1.482543 91.862961 -0.632444 0.714229 -0.299820 0.713176 0.561318 1 28 1.000000
 29 -66.674553 -0.991536 91.510567 -0.064850 0.995423 0.070191 0.694194 0.593301 1 28 1.000000
MarioHand_alb.png
 29 -66.700241 -1.197877 90.414391 -0.192266 0.820800 -0.537886 0.714412 0.589548 1 28 1.000000
 29 -66.674553 -0.991536 91.510567 -0.064850 0.995423 0.070191 0.694194 0.593301 1 28 1.000000
 29 -63.912292 -1.176520 90.794373 0.101471 0.896231 -0.431826 0.716701 0.617273 1 28 1.000000
MarioHand_alb.png
 29 -64.468384 -1.049098 92.239784 -0.083923 0.974298 0.209046 0.697932 0.621729 1 28 1.000000
 29 -63.912292 -1.176520 90.794373 0.101471 0.896231 -0.431826 0.716701 0.617273 1 28 1.000000
 29 -66.674553 -0.991536 91.510567 -0.064850 0.995423 0.070191 0.694194 0.593301 1 28 1.000000
MarioHand_alb.png
 29 -64.468384 -1.049098 92.239784 -0.083923 0.974298 0.209046 0.697932 0.621729 1 28 1.000000
 29 -66.674553 -0.991536 91.510567 -0.064850 0.995423 0.070191 0.694194 0.593301 1 28 1.000000
 29 -65.838188 -1.935170 92.893997 -0.379964 0.739090 0.556213 0.661585 0.600534 1 28 1.000000
MarioHand_alb.png
 29 -61.924282 -1.255706 91.631958 0.299071 0.914761 -0.271605 0.721431 0.645609 1 28 1.000000
 29 -63.912292 -1.176520 90.794373 0.101471 0.896231 -0.431826 0.716701 0.617273 1 28 1.000000
 29 -64.468384 -1.049098 92.239784 -0.083923 0.974298 0.209046 0.697932 0.621729 1 28 1.000000
MarioHand_alb.png
 29 -64.468384 -1.049098 92.239784 -0.083923 0.974298 0.209046 0.697932 0.621729 1 28 1.000000
 29 -65.838188 -1.935170 92.893997 -0.379964 0.739090 0.556213 0.661585 0.600534 1 28 1.000000
 29 -65.313087 -2.150144 94.352600 -0.460029 0.600760 0.653805 0.667018 0.629404 1 28 1.000000
MarioHand_alb.png
 29 -65.313087 -2.150144 94.352600 -0.460029 0.600760 0.653805 0.667018 0.629404 1 28 1.000000
 29 -65.838188 -1.935170 92.893997 -0.379964 0.739090 0.556213 0.661585 0.600534 1 28 1.000000
 29 -66.253799 -4.419764 93.779831 -0.884285 -0.070480 0.461598 0.627024 0.609140 1 28 1.000000
MarioHand_alb.png
 29 -65.313087 -2.150144 94.352600 -0.460029 0.600760 0.653805 0.667018 0.629404 1 28 1.000000
 29 -66.253799 -4.419764 93.779831 -0.884285 -0.070480 0.461598 0.627024 0.609140 1 28 1.000000
 29 -65.642517 -4.532214 95.077225 -0.592727 -0.103746 0.798694 0.635569 0.639704 1 28 1.000000
MarioHand_alb.png
 29 -65.313087 -2.150144 94.352600 -0.460029 0.600760 0.653805 0.667018 0.629404 1 28 1.000000
 29 -65.642517 -4.532214 95.077225 -0.592727 -0.103746 0.798694 0.635569 0.639704 1 28 1.000000
 29 -63.583870 -4.541340 95.721268 -0.156031 -0.113589 0.981199 0.648524 0.670115 1 28 1.000000
MarioHand_alb.png
 29 -61.924282 -1.255706 91.631958 0.299071 0.914761 -0.271605 0.721431 0.645609 1 28 1.000000
 29 -64.468384 -1.049098 92.239784 -0.083923 0.974298 0.209046 0.697932 0.621729 1 28 1.000000
 29 -62.496605 -1.114798 93.106476 0.070190 0.941778 0.328827 0.704662 0.651240 1 28 1.000000
MarioHand_alb.png
 29 -62.496605 -1.114798 93.106476 0.070190 0.941778 0.328827 0.704662 0.651240 1 28 1.000000
 29 -64.468384 -1.049098 92.239784 -0.083923 0.974298 0.209046 0.697932 0.621729 1 28 1.000000
 29 -65.313087 -2.150144 94.352600 -0.460029 0.600760 0.653805 0.667018 0.629404 1 28 1.000000
MarioHand_alb.png
 29 -60.816605 -1.970579 93.659042 0.533663 0.734693 0.418844 0.714885 0.678691 1 28 1.000000
 29 -61.924282 -1.255706 91.631958 0.299071 0.914761 -0.271605 0.721431 0.645609 1 28 1.000000
 29 -62.496605 -1.114798 93.106476 0.070190 0.941778 0.328827 0.704662 0.651240 1 28 1.000000
MarioHand_alb.png
 29 -63.297249 -2.271721 95.100891 -0.078574 0.624138 0.777353 0.676280 0.657664 1 28 1.000000
 29 -65.313087 -2.150144 94.352600 -0.460029 0.600760 0.653805 0.667018 0.629404 1 28 1.000000
 29 -63.583870 -4.541340 95.721268 -0.156031 -0.113589 0.981199 0.648524 0.670115 1 28 1.000000
MarioHand_alb.png
 29 -62.496605 -1.114798 93.106476 0.070190 0.941778 0.328827 0.704662 0.651240 1 28 1.000000
 29 -65.313087 -2.150144 94.352600 -0.460029 0.600760 0.653805 0.667018 0.629404 1 28 1.000000
 29 -63.297249 -2.271721 95.100891 -0.078574 0.624138 0.777353 0.676280 0.657664 1 28 1.000000
MarioHand_alb.png
 29 -61.611145 -4.474594 95.569862 0.266280 -0.103670 0.958304 0.668009 0.692836 1 28 1.000000
 29 -63.297249 -2.271721 95.100891 -0.078574 0.624138 0.777353 0.676280 0.657664 1 28 1.000000
 29 -63.583870 -4.541340 95.721268 -0.156031 -0.113589 0.981199 0.648524 0.670115 1 28 1.000000
MarioHand_alb.png
 29 -60.816605 -1.970579 93.659042 0.533663 0.734693 0.418844 0.714885 0.678691 1 28 1.000000
 29 -62.496605 -1.114798 93.106476 0.070190 0.941778 0.328827 0.704662 0.651240 1 28 1.000000
 29 -61.401688 -2.816024 95.116516 0.334243 0.503558 0.796688 0.688640 0.681010 1 28 1.000000
MarioHand_alb.png
 29 -61.401688 -2.816024 95.116516 0.334243 0.503558 0.796688 0.688640 0.681010 1 28 1.000000
 29 -62.496605 -1.114798 93.106476 0.070190 0.941778 0.328827 0.704662 0.651240 1 28 1.000000
 29 -63.297249 -2.271721 95.100891 -0.078574 0.624138 0.777353 0.676280 0.657664 1 28 1.000000
MarioHand_alb.png
 29 -61.401688 -2.816024 95.116516 0.334243 0.503558 0.796688 0.688640 0.681010 1 28 1.000000
 29 -63.297249 -2.271721 95.100891 -0.078574 0.624138 0.777353 0.676280 0.657664 1 28 1.000000
 29 -61.611145 -4.474594 95.569862 0.266280 -0.103670 0.958304 0.668009 0.692836 1 28 1.000000
MarioHand_alb.png
 29 -60.816605 -1.970579 93.659042 0.533663 0.734693 0.418844 0.714885 0.678691 1 28 1.000000
 29 -61.401688 -2.816024 95.116516 0.334243 0.503558 0.796688 0.688640 0.681010 1 28 1.000000
 29 -59.842224 -4.222322 93.760475 0.931251 -0.017549 0.363955 0.699931 0.711192 1 28 1.000000
MarioHand_alb.png
 29 -59.842224 -4.222322 93.760475 0.931251 -0.017549 0.363955 0.699931 0.711192 1 28 1.000000
 29 -61.401688 -2.816024 95.116516 0.334243 0.503558 0.796688 0.688640 0.681010 1 28 1.000000
 29 -61.611145 -4.474594 95.569862 0.266280 -0.103670 0.958304 0.668009 0.692836 1 28 1.000000
MarioHand_alb.png
 29 -64.446213 5.961977 97.259651 0.486831 -0.107686 -0.866833 0.666743 0.072892 1 28 1.000000
 29 -62.908730 5.953075 97.146950 -0.819821 0.062660 -0.569182 0.674754 0.041138 1 28 1.000000
 29 -63.279907 3.128185 98.876938 -0.655403 0.252381 -0.711864 0.627543 0.030091 1 28 1.000000
MarioHand_alb.png
 29 -64.446213 5.961977 97.259651 0.486831 -0.107686 -0.866833 0.666743 0.072892 1 28 1.000000
 29 -63.279907 3.128185 98.876938 -0.655403 0.252381 -0.711864 0.627543 0.030091 1 28 1.000000
 29 -65.908913 3.109213 98.356262 0.392922 -0.749674 -0.532542 0.622583 0.062257 1 28 1.000000
MarioHand_alb.png
 29 -65.908913 3.109213 98.356262 0.392922 -0.749674 -0.532542 0.622583 0.062257 1 28 1.000000
 29 -63.279907 3.128185 98.876938 -0.655403 0.252381 -0.711864 0.627543 0.030091 1 28 1.000000
 29 -67.810028 2.786523 99.232994 -0.062561 -0.991370 0.115204 0.586419 0.057710 1 28 1.000000
MarioHand_alb.png
 29 -66.494438 3.215529 96.077866 0.725562 -0.641638 -0.248720 0.619257 0.095415 1 28 1.000000
 29 -64.446213 5.961977 97.259651 0.486831 -0.107686 -0.866833 0.666743 0.072892 1 28 1.000000
 29 -65.908913 3.109213 98.356262 0.392922 -0.749674 -0.532542 0.622583 0.062257 1 28 1.000000
MarioHand_alb.png
 29 -65.312141 5.938943 95.949806 0.934255 -0.082176 -0.347009 0.661418 0.104524 1 28 1.000000
 29 -64.446213 5.961977 97.259651 0.486831 -0.107686 -0.866833 0.666743 0.072892 1 28 1.000000
 29 -66.494438 3.215529 96.077866 0.725562 -0.641638 -0.248720 0.619257 0.095415 1 28 1.000000
MarioHand_alb.png
 29 -65.794678 5.949837 94.968506 0.977423 -0.046925 -0.206014 0.654856 0.137652 1 28 1.000000
 29 -65.312141 5.938943 95.949806 0.934255 -0.082176 -0.347009 0.661418 0.104524 1 28 1.000000
 29 -66.494438 3.215529 96.077866 0.725562 -0.641638 -0.248720 0.619257 0.095415 1 28 1.000000
MarioHand_alb.png
 29 -66.494438 3.215529 96.077866 0.725562 -0.641638 -0.248720 0.619257 0.095415 1 28 1.000000
 29 -65.908913 3.109213 98.356262 0.392922 -0.749674 -0.532542 0.622583 0.062257 1 28 1.000000
 29 -68.347702 2.764371 97.282089 -0.041198 -0.999085 0.011444 0.584222 0.089067 1 28 1.000000
MarioHand_alb.png
 29 -68.347702 2.764371 97.282089 -0.041198 -0.999085 0.011444 0.584222 0.089067 1 28 1.000000
 29 -65.908913 3.109213 98.356262 0.392922 -0.749674 -0.532542 0.622583 0.062257 1 28 1.000000
 29 -67.810028 2.786523 99.232994 -0.062561 -0.991370 0.115204 0.586419 0.057710 1 28 1.000000
MarioHand_alb.png
 29 -65.794678 5.949837 94.968506 0.977423 -0.046925 -0.206014 0.654856 0.137652 1 28 1.000000
 29 -66.494438 3.215529 96.077866 0.725562 -0.641638 -0.248720 0.619257 0.095415 1 28 1.000000
 29 -66.450371 3.348688 94.552452 0.782764 -0.622167 -0.013733 0.616129 0.128161 1 28 1.000000
MarioHand_alb.png
 29 -66.450371 3.348688 94.552452 0.782764 -0.622167 -0.013733 0.616129 0.128161 1 28 1.000000
 29 -66.494438 3.215529 96.077866 0.725562 -0.641638 -0.248720 0.619257 0.095415 1 28 1.000000
 29 -68.347702 2.764371 97.282089 -0.041198 -0.999085 0.011444 0.584222 0.089067 1 28 1.000000
MarioHand_alb.png
 29 -66.154526 5.994668 94.472351 -0.103727 0.009820 0.994557 0.646815 0.170977 1 28 1.000000
 29 -65.794678 5.949837 94.968506 0.977423 -0.046925 -0.206014 0.654856 0.137652 1 28 1.000000
 29 -66.450371 3.348688 94.552452 0.782764 -0.622167 -0.013733 0.616129 0.128161 1 28 1.000000
MarioHand_alb.png
 29 -68.347702 2.764371 97.282089 -0.041198 -0.999085 0.011444 0.584222 0.089067 1 28 1.000000
 29 -67.810028 2.786523 99.232994 -0.062561 -0.991370 0.115204 0.586419 0.057710 1 28 1.000000
 29 -69.786209 3.047334 97.781273 -0.703503 -0.702502 0.107586 0.558129 0.085878 1 28 1.000000
MarioHand_alb.png
 29 -66.154526 5.994668 94.472351 -0.103727 0.009820 0.994557 0.646815 0.170977 1 28 1.000000
 29 -66.450371 3.348688 94.552452 0.782764 -0.622167 -0.013733 0.616129 0.128161 1 28 1.000000
 29 -66.223198 3.430443 93.819801 0.107575 -0.844337 0.524903 0.611154 0.160403 1 28 1.000000
MarioHand_alb.png
 29 -66.450371 3.348688 94.552452 0.782764 -0.622167 -0.013733 0.616129 0.128161 1 28 1.000000
 29 -68.347702 2.764371 97.282089 -0.041198 -0.999085 0.011444 0.584222 0.089067 1 28 1.000000
 29 -67.705025 2.728982 94.031052 0.023651 -0.999720 0.000000 0.581292 0.121340 1 28 1.000000
MarioHand_alb.png
 29 -66.223198 3.430443 93.819801 0.107575 -0.844337 0.524903 0.611154 0.160403 1 28 1.000000
 29 -66.450371 3.348688 94.552452 0.782764 -0.622167 -0.013733 0.616129 0.128161 1 28 1.000000
 29 -67.705025 2.728982 94.031052 0.023651 -0.999720 0.000000 0.581292 0.121340 1 28 1.000000
MarioHand_alb.png
 29 -67.705025 2.728982 94.031052 0.023651 -0.999720 0.000000 0.581292 0.121340 1 28 1.000000
 29 -68.347702 2.764371 97.282089 -0.041198 -0.999085 0.011444 0.584222 0.089067 1 28 1.000000
 29 -69.786209 3.047334 97.781273 -0.703503 -0.702502 0.107586 0.558129 0.085878 1 28 1.000000
MarioHand_alb.png
 29 -65.139656 3.631772 94.558884 -0.444024 -0.670542 0.594320 0.605158 0.188998 1 28 1.000000
 29 -66.154526 5.994668 94.472351 -0.103727 0.009820 0.994557 0.646815 0.170977 1 28 1.000000
 29 -66.223198 3.430443 93.819801 0.107575 -0.844337 0.524903 0.611154 0.160403 1 28 1.000000
MarioHand_alb.png
 29 -65.386963 6.116858 95.235733 -0.713924 0.033275 0.699432 0.637446 0.201129 1 28 1.000000
 29 -66.154526 5.994668 94.472351 -0.103727 0.009820 0.994557 0.646815 0.170977 1 28 1.000000
 29 -65.139656 3.631772 94.558884 -0.444024 -0.670542 0.594320 0.605158 0.188998 1 28 1.000000
MarioHand_alb.png
 29 -66.223198 3.430443 93.819801 0.107575 -0.844337 0.524903 0.611154 0.160403 1 28 1.000000
 29 -67.705025 2.728982 94.031052 0.023651 -0.999720 0.000000 0.581292 0.121340 1 28 1.000000
 29 -66.249207 2.680295 92.293419 -0.029755 -0.999329 -0.021362 0.578073 0.152712 1 28 1.000000
MarioHand_alb.png
 29 -63.500645 3.973652 96.340240 -0.322719 -0.623838 0.711813 0.595956 0.215961 1 28 1.000000
 29 -65.386963 6.116858 95.235733 -0.713924 0.033275 0.699432 0.637446 0.201129 1 28 1.000000
 29 -65.139656 3.631772 94.558884 -0.444024 -0.670542 0.594320 0.605158 0.188998 1 28 1.000000
MarioHand_alb.png
 29 -63.500645 3.973652 96.340240 -0.322719 -0.623838 0.711813 0.595956 0.215961 1 28 1.000000
 29 -63.968441 6.276421 97.018486 -0.510460 0.050836 0.858397 0.623575 0.229175 1 28 1.000000
 29 -65.386963 6.116858 95.235733 -0.713924 0.033275 0.699432 0.637446 0.201129 1 28 1.000000
MarioHand_alb.png
 29 -63.500645 3.973652 96.340240 -0.322719 -0.623838 0.711813 0.595956 0.215961 1 28 1.000000
 29 -61.963264 6.290490 97.205750 0.113660 0.060644 0.991667 0.604318 0.251789 1 28 1.000000
 29 -63.968441 6.276421 97.018486 -0.510460 0.050836 0.858397 0.623575 0.229175 1 28 1.000000
MarioHand_alb.png
 29 -65.139656 3.631772 94.558884 -0.444024 -0.670542 0.594320 0.605158 0.188998 1 28 1.000000
 29 -66.223198 3.430443 93.819801 0.107575 -0.844337 0.524903 0.611154 0.160403 1 28 1.000000
 29 -64.280823 2.699259 92.846680 -0.004578 -0.993936 0.109862 0.573419 0.180728 1 28 1.000000
MarioHand_alb.png
 29 -64.280823 2.699259 92.846680 -0.004578 -0.993936 0.109862 0.573419 0.180728 1 28 1.000000
 29 -66.223198 3.430443 93.819801 0.107575 -0.844337 0.524903 0.611154 0.160403 1 28 1.000000
 29 -66.249207 2.680295 92.293419 -0.029755 -0.999329 -0.021362 0.578073 0.152712 1 28 1.000000
MarioHand_alb.png
 29 -61.616524 4.576126 96.703468 0.231205 -0.529082 0.816466 0.583658 0.239170 1 28 1.000000
 29 -61.963264 6.290490 97.205750 0.113660 0.060644 0.991667 0.604318 0.251789 1 28 1.000000
 29 -63.500645 3.973652 96.340240 -0.322719 -0.623838 0.711813 0.595956 0.215961 1 28 1.000000
MarioHand_alb.png
 29 -60.028568 6.193228 95.574783 0.868662 0.031283 0.494416 0.572961 0.269306 1 28 1.000000
 29 -61.963264 6.290490 97.205750 0.113660 0.060644 0.991667 0.604318 0.251789 1 28 1.000000
 29 -61.616524 4.576126 96.703468 0.231205 -0.529082 0.816466 0.583658 0.239170 1 28 1.000000
MarioHand_alb.png
 29 -60.783039 3.812774 95.286499 0.497047 -0.737632 0.456994 0.557076 0.236805 1 28 1.000000
 29 -60.028568 6.193228 95.574783 0.868662 0.031283 0.494416 0.572961 0.269306 1 28 1.000000
 29 -61.616524 4.576126 96.703468 0.231205 -0.529082 0.816466 0.583658 0.239170 1 28 1.000000
MarioHand_alb.png
 29 -60.783039 3.812774 95.286499 0.497047 -0.737632 0.456994 0.557076 0.236805 1 28 1.000000
 29 -61.616524 4.576126 96.703468 0.231205 -0.529082 0.816466 0.583658 0.239170 1 28 1.000000
 29 -63.500645 3.973652 96.340240 -0.322719 -0.623838 0.711813 0.595956 0.215961 1 28 1.000000
MarioHand_alb.png
 29 -63.500645 3.973652 96.340240 -0.322719 -0.623838 0.711813 0.595956 0.215961 1 28 1.000000
 29 -65.139656 3.631772 94.558884 -0.444024 -0.670542 0.594320 0.605158 0.188998 1 28 1.000000
 29 -62.355106 2.950609 94.391174 0.064468 -0.958940 0.276183 0.567193 0.208698 1 28 1.000000
MarioHand_alb.png
 29 -60.783039 3.812774 95.286499 0.497047 -0.737632 0.456994 0.557076 0.236805 1 28 1.000000
 29 -63.500645 3.973652 96.340240 -0.322719 -0.623838 0.711813 0.595956 0.215961 1 28 1.000000
 29 -62.355106 2.950609 94.391174 0.064468 -0.958940 0.276183 0.567193 0.208698 1 28 1.000000
MarioHand_alb.png
 29 -62.355106 2.950609 94.391174 0.064468 -0.958940 0.276183 0.567193 0.208698 1 28 1.000000
 29 -65.139656 3.631772 94.558884 -0.444024 -0.670542 0.594320 0.605158 0.188998 1 28 1.000000
 29 -64.280823 2.699259 92.846680 -0.004578 -0.993936 0.109862 0.573419 0.180728 1 28 1.000000
MarioHand_alb.png
 29 -60.783039 3.812774 95.286499 0.497047 -0.737632 0.456994 0.557076 0.236805 1 28 1.000000
 29 -62.355106 2.950609 94.391174 0.064468 -0.958940 0.276183 0.567193 0.208698 1 28 1.000000
 29 -61.557667 3.297287 92.968437 0.407027 -0.860928 -0.305175 0.549142 0.203143 1 28 1.000000
MarioHand_alb.png
 29 -62.355106 2.950609 94.391174 0.064468 -0.958940 0.276183 0.567193 0.208698 1 28 1.000000
 29 -64.280823 2.699259 92.846680 -0.004578 -0.993936 0.109862 0.573419 0.180728 1 28 1.000000
 29 -61.557667 3.297287 92.968437 0.407027 -0.860928 -0.305175 0.549142 0.203143 1 28 1.000000
MarioHand_alb.png
 29 -60.783039 3.812774 95.286499 0.497047 -0.737632 0.456994 0.557076 0.236805 1 28 1.000000
 29 -61.557667 3.297287 92.968437 0.407027 -0.860928 -0.305175 0.549142 0.203143 1 28 1.000000
 29 -59.953674 4.437557 93.790039 0.876560 -0.481097 -0.013732 0.534966 0.226062 1 28 1.000000
MarioHand_alb.png
 29 -60.028568 6.193228 95.574783 0.868662 0.031283 0.494416 0.513207 0.252415 1 28 1.000000
 29 -60.783039 3.812774 95.286499 0.497047 -0.737632 0.456994 0.557076 0.236805 1 28 1.000000
 29 -59.953674 4.437557 93.790039 0.876560 -0.481097 -0.013732 0.534966 0.226062 1 28 1.000000
MarioHand_alb.png
 29 -61.557667 3.297287 92.968437 0.407027 -0.860928 -0.305175 0.549142 0.203143 1 28 1.000000
 29 -64.280823 2.699259 92.846680 -0.004578 -0.993936 0.109862 0.573419 0.180728 1 28 1.000000
 29 -63.797516 3.000509 91.461708 0.193790 -0.817931 -0.541695 0.552834 0.175814 1 28 1.000000
MarioHand_alb.png
 29 -64.280823 2.699259 92.846680 -0.004578 -0.993936 0.109862 0.573419 0.180728 1 28 1.000000
 29 -66.249207 2.680295 92.293419 -0.029755 -0.999329 -0.021362 0.578073 0.152712 1 28 1.000000
 29 -63.797516 3.000509 91.461708 0.193790 -0.817931 -0.541695 0.552834 0.175814 1 28 1.000000
MarioHand_alb.png
 29 -59.953674 4.437557 93.790039 0.876560 -0.481097 -0.013732 0.534966 0.226062 1 28 1.000000
 29 -61.557667 3.297287 92.968437 0.407027 -0.860928 -0.305175 0.549142 0.203143 1 28 1.000000
 29 -60.964958 4.325993 91.907722 0.538581 -0.463915 -0.703359 0.531472 0.199420 1 28 1.000000
MarioHand_alb.png
 29 -61.557667 3.297287 92.968437 0.407027 -0.860928 -0.305175 0.549142 0.203143 1 28 1.000000
 29 -63.797516 3.000509 91.461708 0.193790 -0.817931 -0.541695 0.552834 0.175814 1 28 1.000000
 29 -60.964958 4.325993 91.907722 0.538581 -0.463915 -0.703359 0.531472 0.199420 1 28 1.000000
MarioHand_alb.png
 29 -60.028568 6.193228 95.574783 0.868662 0.031283 0.494416 0.513207 0.252415 1 28 1.000000
 29 -59.953674 4.437557 93.790039 0.876560 -0.481097 -0.013732 0.534966 0.226062 1 28 1.000000
 29 -59.607895 6.043353 93.082161 0.975190 -0.006009 -0.221287 0.512703 0.222461 1 28 1.000000
MarioHand_alb.png
 29 -59.953674 4.437557 93.790039 0.876560 -0.481097 -0.013732 0.534966 0.226062 1 28 1.000000
 29 -60.964958 4.325993 91.907722 0.538581 -0.463915 -0.703359 0.531472 0.199420 1 28 1.000000
 29 -59.607895 6.043353 93.082161 0.975190 -0.006009 -0.221287 0.512703 0.222461 1 28 1.000000
MarioHand_alb.png
 29 -63.797516 3.000509 91.461708 0.193790 -0.817931 -0.541695 0.552834 0.175814 1 28 1.000000
 29 -66.249207 2.680295 92.293419 -0.029755 -0.999329 -0.021362 0.578073 0.152712 1 28 1.000000
 29 -66.938904 2.946567 91.391373 -0.280002 -0.756891 -0.590521 0.555459 0.148333 1 28 1.000000
MarioHand_alb.png
 29 -66.249207 2.680295 92.293419 -0.029755 -0.999329 -0.021362 0.578073 0.152712 1 28 1.000000
 29 -67.705025 2.728982 94.031052 0.023651 -0.999720 0.000000 0.581292 0.121340 1 28 1.000000
 29 -66.938904 2.946567 91.391373 -0.280002 -0.756891 -0.590521 0.555459 0.148333 1 28 1.000000
MarioHand_alb.png
 29 -60.964958 4.325993 91.907722 0.538581 -0.463915 -0.703359 0.531472 0.199420 1 28 1.000000
 29 -63.797516 3.000509 91.461708 0.193790 -0.817931 -0.541695 0.552834 0.175814 1 28 1.000000
 29 -63.608772 4.107206 90.529022 0.183928 -0.393901 -0.900562 0.533028 0.172992 1 28 1.000000
MarioHand_alb.png
 29 -63.797516 3.000509 91.461708 0.193790 -0.817931 -0.541695 0.552834 0.175814 1 28 1.000000
 29 -66.938904 2.946567 91.391373 -0.280002 -0.756891 -0.590521 0.555459 0.148333 1 28 1.000000
 29 -63.608772 4.107206 90.529022 0.183928 -0.393901 -0.900562 0.533028 0.172992 1 28 1.000000
MarioHand_alb.png
 29 -66.938904 2.946567 91.391373 -0.280002 -0.756891 -0.590521 0.555459 0.148333 1 28 1.000000
 29 -67.705025 2.728982 94.031052 0.023651 -0.999720 0.000000 0.581292 0.121340 1 28 1.000000
 29 -69.191719 3.013839 93.768745 -0.634723 -0.722288 -0.274640 0.556832 0.117525 1 28 1.000000
MarioHand_alb.png
 29 -67.705025 2.728982 94.031052 0.023651 -0.999720 0.000000 0.581292 0.121340 1 28 1.000000
 29 -69.786209 3.047334 97.781273 -0.703503 -0.702502 0.107586 0.558129 0.085878 1 28 1.000000
 29 -69.191719 3.013839 93.768745 -0.634723 -0.722288 -0.274640 0.556832 0.117525 1 28 1.000000
MarioHand_alb.png
 29 -63.608772 4.107206 90.529022 0.183928 -0.393901 -0.900562 0.533028 0.172992 1 28 1.000000
 29 -66.938904 2.946567 91.391373 -0.280002 -0.756891 -0.590521 0.555459 0.148333 1 28 1.000000
 29 -67.259880 4.090935 90.686836 -0.412744 -0.309177 -0.856768 0.533791 0.146242 1 28 1.000000
MarioHand_alb.png
 29 -66.938904 2.946567 91.391373 -0.280002 -0.756891 -0.590521 0.555459 0.148333 1 28 1.000000
 29 -69.191719 3.013839 93.768745 -0.634723 -0.722288 -0.274640 0.556832 0.117525 1 28 1.000000
 29 -67.259880 4.090935 90.686836 -0.412744 -0.309177 -0.856768 0.533791 0.146242 1 28 1.000000
MarioHand_alb.png
 29 -60.964958 4.325993 91.907722 0.538581 -0.463915 -0.703359 0.531472 0.199420 1 28 1.000000
 29 -63.608772 4.107206 90.529022 0.183928 -0.393901 -0.900562 0.533028 0.172992 1 28 1.000000
 29 -63.525360 5.861334 90.207977 0.166287 -0.051011 -0.984757 0.511620 0.172824 1 28 1.000000
MarioHand_alb.png
 29 -67.259880 4.090935 90.686836 -0.412744 -0.309177 -0.856768 0.533791 0.146242 1 28 1.000000
 29 -69.191719 3.013839 93.768745 -0.634723 -0.722288 -0.274640 0.556832 0.117525 1 28 1.000000
 29 -69.954636 4.244146 93.489288 -0.876811 -0.275959 -0.393764 0.533974 0.116075 1 28 1.000000
MarioHand_alb.png
 29 -63.608772 4.107206 90.529022 0.183928 -0.393901 -0.900562 0.533028 0.172992 1 28 1.000000
 29 -67.259880 4.090935 90.686836 -0.412744 -0.309177 -0.856768 0.533791 0.146242 1 28 1.000000
 29 -67.297768 5.880848 90.489502 -0.432595 -0.031186 -0.901049 0.510689 0.146273 1 28 1.000000
MarioHand_alb.png
 29 -67.259880 4.090935 90.686836 -0.412744 -0.309177 -0.856768 0.533791 0.146242 1 28 1.000000
 29 -69.954636 4.244146 93.489288 -0.876811 -0.275959 -0.393764 0.533974 0.116075 1 28 1.000000
 29 -67.297768 5.880848 90.489502 -0.432595 -0.031186 -0.901049 0.510689 0.146273 1 28 1.000000
MarioHand_alb.png
 29 -63.608772 4.107206 90.529022 0.183928 -0.393901 -0.900562 0.533028 0.172992 1 28 1.000000
 29 -67.297768 5.880848 90.489502 -0.432595 -0.031186 -0.901049 0.510689 0.146273 1 28 1.000000
 29 -63.525360 5.861334 90.207977 0.166287 -0.051011 -0.984757 0.511620 0.172824 1 28 1.000000
MarioHand_alb.png
 29 -69.191719 3.013839 93.768745 -0.634723 -0.722288 -0.274640 0.556832 0.117525 1 28 1.000000
 29 -70.603989 4.447014 97.616173 -0.961543 -0.262707 0.080129 0.534157 0.084382 1 28 1.000000
 29 -69.954636 4.244146 93.489288 -0.876811 -0.275959 -0.393764 0.533974 0.116075 1 28 1.000000
MarioHand_alb.png
 29 -69.191719 3.013839 93.768745 -0.634723 -0.722288 -0.274640 0.556832 0.117525 1 28 1.000000
 29 -69.786209 3.047334 97.781273 -0.703503 -0.702502 0.107586 0.558129 0.085878 1 28 1.000000
 29 -70.603989 4.447014 97.616173 -0.961543 -0.262707 0.080129 0.534157 0.084382 1 28 1.000000
MarioHand_alb.png
 29 -67.297768 5.880848 90.489502 -0.432595 -0.031186 -0.901049 0.510689 0.146273 1 28 1.000000
 29 -69.954636 4.244146 93.489288 -0.876811 -0.275959 -0.393764 0.533974 0.116075 1 28 1.000000
 29 -70.040771 6.054153 93.372948 -0.905535 0.009727 -0.424160 0.509789 0.116060 1 28 1.000000
MarioHand_alb.png
 29 -69.954636 4.244146 93.489288 -0.876811 -0.275959 -0.393764 0.533974 0.116075 1 28 1.000000
 29 -70.603989 4.447014 97.616173 -0.961543 -0.262707 0.080129 0.534157 0.084382 1 28 1.000000
 29 -70.040771 6.054153 93.372948 -0.905535 0.009727 -0.424160 0.509789 0.116060 1 28 1.000000
MarioHand_alb.png
 29 -60.964958 4.325993 91.907722 0.538581 -0.463915 -0.703359 0.531472 0.199420 1 28 1.000000
 29 -63.525360 5.861334 90.207977 0.166287 -0.051011 -0.984757 0.511620 0.172824 1 28 1.000000
 29 -60.790749 5.943001 91.455261 0.535771 -0.054855 -0.842580 0.512383 0.198337 1 28 1.000000
MarioHand_alb.png
 29 -59.607895 6.043353 93.082161 0.975190 -0.006009 -0.221287 0.512703 0.222461 1 28 1.000000
 29 -60.964958 4.325993 91.907722 0.538581 -0.463915 -0.703359 0.531472 0.199420 1 28 1.000000
 29 -60.790749 5.943001 91.455261 0.535771 -0.054855 -0.842580 0.512383 0.198337 1 28 1.000000
MarioHand_alb.png
 29 -60.790749 5.943001 91.455261 0.535771 -0.054855 -0.842580 0.512383 0.198337 1 28 1.000000
 29 -63.525360 5.861334 90.207977 0.166287 -0.051011 -0.984757 0.511620 0.172824 1 28 1.000000
 29 -60.962845 7.467457 91.657043 0.509929 0.416105 -0.752880 0.494850 0.200015 1 28 1.000000
MarioHand_alb.png
 29 -59.607895 6.043353 93.082161 0.975190 -0.006009 -0.221287 0.512703 0.222461 1 28 1.000000
 29 -60.790749 5.943001 91.455261 0.535771 -0.054855 -0.842580 0.512383 0.198337 1 28 1.000000
 29 -60.962845 7.467457 91.657043 0.509929 0.416105 -0.752880 0.494850 0.200015 1 28 1.000000
MarioHand_alb.png
 29 -63.525360 5.861334 90.207977 0.166287 -0.051011 -0.984757 0.511620 0.172824 1 28 1.000000
 29 -67.297768 5.880848 90.489502 -0.432595 -0.031186 -0.901049 0.510689 0.146273 1 28 1.000000
 29 -63.624252 7.496112 90.373901 0.178501 0.336691 -0.924541 0.491722 0.174395 1 28 1.000000
MarioHand_alb.png
 29 -60.962845 7.467457 91.657043 0.509929 0.416105 -0.752880 0.494850 0.200015 1 28 1.000000
 29 -63.525360 5.861334 90.207977 0.166287 -0.051011 -0.984757 0.511620 0.172824 1 28 1.000000
 29 -63.624252 7.496112 90.373901 0.178501 0.336691 -0.924541 0.491722 0.174395 1 28 1.000000
MarioHand_alb.png
 29 -59.607895 6.043353 93.082161 0.975190 -0.006009 -0.221287 0.512703 0.222461 1 28 1.000000
 29 -60.962845 7.467457 91.657043 0.509929 0.416105 -0.752880 0.494850 0.200015 1 28 1.000000
 29 -59.976410 7.681758 93.627464 0.875813 0.475956 -0.080105 0.490959 0.227451 1 28 1.000000
MarioHand_alb.png
 29 -60.028568 6.193228 95.574783 0.868662 0.031283 0.494416 0.513207 0.252415 1 28 1.000000
 29 -59.607895 6.043353 93.082161 0.975190 -0.006009 -0.221287 0.512703 0.222461 1 28 1.000000
 29 -59.976410 7.681758 93.627464 0.875813 0.475956 -0.080105 0.490959 0.227451 1 28 1.000000
MarioHand_alb.png
 29 -60.028568 6.193228 95.574783 0.868662 0.031283 0.494416 0.513207 0.252415 1 28 1.000000
 29 -59.976410 7.681758 93.627464 0.875813 0.475956 -0.080105 0.490959 0.227451 1 28 1.000000
 29 -60.788128 8.540215 95.000259 0.602331 0.725639 0.332636 0.468421 0.238315 1 28 1.000000
MarioHand_alb.png
 29 -59.976410 7.681758 93.627464 0.875813 0.475956 -0.080105 0.490959 0.227451 1 28 1.000000
 29 -60.962845 7.467457 91.657043 0.509929 0.416105 -0.752880 0.494850 0.200015 1 28 1.000000
 29 -61.612366 8.837304 92.719460 0.379932 0.812314 -0.442491 0.474830 0.205295 1 28 1.000000
MarioHand_alb.png
 29 -59.976410 7.681758 93.627464 0.875813 0.475956 -0.080105 0.490959 0.227451 1 28 1.000000
 29 -61.612366 8.837304 92.719460 0.379932 0.812314 -0.442491 0.474830 0.205295 1 28 1.000000
 29 -60.788128 8.540215 95.000259 0.602331 0.725639 0.332636 0.468421 0.238315 1 28 1.000000
MarioHand_alb.png
 29 -60.962845 7.467457 91.657043 0.509929 0.416105 -0.752880 0.494850 0.200015 1 28 1.000000
 29 -63.624252 7.496112 90.373901 0.178501 0.336691 -0.924541 0.491722 0.174395 1 28 1.000000
 29 -61.612366 8.837304 92.719460 0.379932 0.812314 -0.442491 0.474830 0.205295 1 28 1.000000
MarioHand_alb.png
 29 -63.624252 7.496112 90.373901 0.178501 0.336691 -0.924541 0.491722 0.174395 1 28 1.000000
 29 -67.297768 5.880848 90.489502 -0.432595 -0.031186 -0.901049 0.510689 0.146273 1 28 1.000000
 29 -67.221771 7.535564 90.555115 -0.407550 0.262541 -0.874629 0.489128 0.147799 1 28 1.000000
MarioHand_alb.png
 29 -63.624252 7.496112 90.373901 0.178501 0.336691 -0.924541 0.491722 0.174395 1 28 1.000000
 29 -64.016434 8.884026 91.345993 0.166319 0.746145 -0.644675 0.469306 0.178531 1 28 1.000000
 29 -61.612366 8.837304 92.719460 0.379932 0.812314 -0.442491 0.474830 0.205295 1 28 1.000000
MarioHand_alb.png
 29 -63.624252 7.496112 90.373901 0.178501 0.336691 -0.924541 0.491722 0.174395 1 28 1.000000
 29 -67.221771 7.535564 90.555115 -0.407550 0.262541 -0.874629 0.489128 0.147799 1 28 1.000000
 29 -64.016434 8.884026 91.345993 0.166319 0.746145 -0.644675 0.469306 0.178531 1 28 1.000000
MarioHand_alb.png
 29 -67.297768 5.880848 90.489502 -0.432595 -0.031186 -0.901049 0.510689 0.146273 1 28 1.000000
 29 -69.843567 7.704378 93.319962 -0.860654 0.301286 -0.410489 0.487282 0.117800 1 28 1.000000
 29 -67.221771 7.535564 90.555115 -0.407550 0.262541 -0.874629 0.489128 0.147799 1 28 1.000000
MarioHand_alb.png
 29 -67.297768 5.880848 90.489502 -0.432595 -0.031186 -0.901049 0.510689 0.146273 1 28 1.000000
 29 -70.040771 6.054153 93.372948 -0.905535 0.009727 -0.424160 0.509789 0.116060 1 28 1.000000
 29 -69.843567 7.704378 93.319962 -0.860654 0.301286 -0.410489 0.487282 0.117800 1 28 1.000000
MarioHand_alb.png
 29 -67.221771 7.535564 90.555115 -0.407550 0.262541 -0.874629 0.489128 0.147799 1 28 1.000000
 29 -66.867645 8.895477 91.180305 -0.287659 0.669932 -0.684429 0.465248 0.151324 1 28 1.000000
 29 -64.016434 8.884026 91.345993 0.166319 0.746145 -0.644675 0.469306 0.178531 1 28 1.000000
MarioHand_alb.png
 29 -69.843567 7.704378 93.319962 -0.860654 0.301286 -0.410489 0.487282 0.117800 1 28 1.000000
 29 -68.972260 9.071966 93.469673 -0.626380 0.700958 -0.341037 0.462074 0.121004 1 28 1.000000
 29 -67.221771 7.535564 90.555115 -0.407550 0.262541 -0.874629 0.489128 0.147799 1 28 1.000000
MarioHand_alb.png
 29 -67.221771 7.535564 90.555115 -0.407550 0.262541 -0.874629 0.489128 0.147799 1 28 1.000000
 29 -68.972260 9.071966 93.469673 -0.626380 0.700958 -0.341037 0.462074 0.121004 1 28 1.000000
 29 -66.867645 8.895477 91.180305 -0.287659 0.669932 -0.684429 0.465248 0.151324 1 28 1.000000
MarioHand_alb.png
 29 -70.040771 6.054153 93.372948 -0.905535 0.009727 -0.424160 0.509789 0.116060 1 28 1.000000
 29 -70.413872 8.098682 97.393265 -0.926889 0.371518 0.053401 0.483330 0.086351 1 28 1.000000
 29 -69.843567 7.704378 93.319962 -0.860654 0.301286 -0.410489 0.487282 0.117800 1 28 1.000000
MarioHand_alb.png
 29 -69.843567 7.704378 93.319962 -0.860654 0.301286 -0.410489 0.487282 0.117800 1 28 1.000000
 29 -70.413872 8.098682 97.393265 -0.926889 0.371518 0.053401 0.483330 0.086351 1 28 1.000000
 29 -68.972260 9.071966 93.469673 -0.626380 0.700958 -0.341037 0.462074 0.121004 1 28 1.000000
MarioHand_alb.png
 29 -70.040771 6.054153 93.372948 -0.905535 0.009727 -0.424160 0.509789 0.116060 1 28 1.000000
 29 -70.714279 6.295070 97.575516 -0.994641 0.054728 0.087718 0.508614 0.084611 1 28 1.000000
 29 -70.413872 8.098682 97.393265 -0.926889 0.371518 0.053401 0.483330 0.086351 1 28 1.000000
MarioHand_alb.png
 29 -70.040771 6.054153 93.372948 -0.905535 0.009727 -0.424160 0.509789 0.116060 1 28 1.000000
 29 -70.603989 4.447014 97.616173 -0.961543 -0.262707 0.080129 0.534157 0.084382 1 28 1.000000
 29 -70.714279 6.295070 97.575516 -0.994641 0.054728 0.087718 0.508614 0.084611 1 28 1.000000
MarioHand_alb.png
 29 -70.714279 6.295070 97.575516 -0.994641 0.054728 0.087718 0.508614 0.084611 1 28 1.000000
 29 -69.475937 6.450296 100.357986 -0.855072 0.091915 0.510297 0.507057 0.054124 1 28 1.000000
 29 -70.413872 8.098682 97.393265 -0.926889 0.371518 0.053401 0.483330 0.086351 1 28 1.000000
MarioHand_alb.png
 29 -70.714279 6.295070 97.575516 -0.994641 0.054728 0.087718 0.508614 0.084611 1 28 1.000000
 29 -70.603989 4.447014 97.616173 -0.961543 -0.262707 0.080129 0.534157 0.084382 1 28 1.000000
 29 -69.475937 6.450296 100.357986 -0.855072 0.091915 0.510297 0.507057 0.054124 1 28 1.000000
MarioHand_alb.png
 29 -70.413872 8.098682 97.393265 -0.926889 0.371518 0.053401 0.483330 0.086351 1 28 1.000000
 29 -69.417389 9.347783 97.359238 -0.668347 0.743021 0.035096 0.458793 0.089326 1 28 1.000000
 29 -68.972260 9.071966 93.469673 -0.626380 0.700958 -0.341037 0.462074 0.121004 1 28 1.000000
MarioHand_alb.png
 29 -70.603989 4.447014 97.616173 -0.961543 -0.262707 0.080129 0.534157 0.084382 1 28 1.000000
 29 -69.448013 4.514480 100.443298 -0.841804 -0.199862 0.501419 0.534234 0.052644 1 28 1.000000
 29 -69.475937 6.450296 100.357986 -0.855072 0.091915 0.510297 0.507057 0.054124 1 28 1.000000
MarioHand_alb.png
 29 -70.603989 4.447014 97.616173 -0.961543 -0.262707 0.080129 0.534157 0.084382 1 28 1.000000
 29 -69.786209 3.047334 97.781273 -0.703503 -0.702502 0.107586 0.558129 0.085878 1 28 1.000000
 29 -69.448013 4.514480 100.443298 -0.841804 -0.199862 0.501419 0.534234 0.052644 1 28 1.000000
MarioHand_alb.png
 29 -69.475937 6.450296 100.357986 -0.855072 0.091915 0.510297 0.507057 0.054124 1 28 1.000000
 29 -69.222237 8.296494 100.105377 -0.790391 0.389283 0.473014 0.481025 0.055833 1 28 1.000000
 29 -70.413872 8.098682 97.393265 -0.926889 0.371518 0.053401 0.483330 0.086351 1 28 1.000000
MarioHand_alb.png
 29 -69.222237 8.296494 100.105377 -0.790391 0.389283 0.473014 0.481025 0.055833 1 28 1.000000
 29 -69.417389 9.347783 97.359238 -0.668347 0.743021 0.035096 0.458793 0.089326 1 28 1.000000
 29 -70.413872 8.098682 97.393265 -0.926889 0.371518 0.053401 0.483330 0.086351 1 28 1.000000
MarioHand_alb.png
 29 -69.475937 6.450296 100.357986 -0.855072 0.091915 0.510297 0.507057 0.054124 1 28 1.000000
 29 -69.448013 4.514480 100.443298 -0.841804 -0.199862 0.501419 0.534234 0.052644 1 28 1.000000
 29 -67.005142 6.402844 102.936775 -0.688317 0.138980 0.711973 0.506096 0.022171 1 28 1.000000
MarioHand_alb.png
 29 -69.475937 6.450296 100.357986 -0.855072 0.091915 0.510297 0.507057 0.054124 1 28 1.000000
 29 -67.005142 6.402844 102.936775 -0.688317 0.138980 0.711973 0.506096 0.022171 1 28 1.000000
 29 -69.222237 8.296494 100.105377 -0.790391 0.389283 0.473014 0.481025 0.055833 1 28 1.000000
MarioHand_alb.png
 29 -67.005142 6.402844 102.936775 -0.688317 0.138980 0.711973 0.506096 0.022171 1 28 1.000000
 29 -69.448013 4.514480 100.443298 -0.841804 -0.199862 0.501419 0.534234 0.052644 1 28 1.000000
 29 -67.304146 3.243571 102.826454 -0.715794 0.009777 0.698243 0.547555 0.020462 1 28 1.000000
MarioHand_alb.png
 29 -67.005142 6.402844 102.936775 -0.688317 0.138980 0.711973 0.506096 0.022171 1 28 1.000000
 29 -66.725601 9.406266 102.185555 -0.608832 0.242522 0.755319 0.463905 0.019776 1 28 1.000000
 29 -69.222237 8.296494 100.105377 -0.790391 0.389283 0.473014 0.481025 0.055833 1 28 1.000000
MarioHand_alb.png
 29 -68.592705 3.157192 99.900795 -0.515758 -0.807279 0.286871 0.559823 0.054444 1 28 1.000000
 29 -67.304146 3.243571 102.826454 -0.715794 0.009777 0.698243 0.547555 0.020462 1 28 1.000000
 29 -69.448013 4.514480 100.443298 -0.841804 -0.199862 0.501419 0.534234 0.052644 1 28 1.000000
MarioHand_alb.png
 29 -68.592705 3.157192 99.900795 -0.515758 -0.807279 0.286871 0.559823 0.054444 1 28 1.000000
 29 -69.448013 4.514480 100.443298 -0.841804 -0.199862 0.501419 0.534234 0.052644 1 28 1.000000
 29 -69.786209 3.047334 97.781273 -0.703503 -0.702502 0.107586 0.558129 0.085878 1 28 1.000000
MarioHand_alb.png
 29 -68.592705 3.157192 99.900795 -0.515758 -0.807279 0.286871 0.559823 0.054444 1 28 1.000000
 29 -65.300903 3.077583 100.851631 0.054932 0.994423 0.090027 0.587182 0.028794 1 28 1.000000
 29 -67.304146 3.243571 102.826454 -0.715794 0.009777 0.698243 0.547555 0.020462 1 28 1.000000
MarioHand_alb.png
 29 -67.810028 2.786523 99.232994 -0.062561 -0.991370 0.115204 0.586419 0.057710 1 28 1.000000
 29 -68.592705 3.157192 99.900795 -0.515758 -0.807279 0.286871 0.559823 0.054444 1 28 1.000000
 29 -69.786209 3.047334 97.781273 -0.703503 -0.702502 0.107586 0.558129 0.085878 1 28 1.000000
MarioHand_alb.png
 29 -67.810028 2.786523 99.232994 -0.062561 -0.991370 0.115204 0.586419 0.057710 1 28 1.000000
 29 -65.300903 3.077583 100.851631 0.054932 0.994423 0.090027 0.587182 0.028794 1 28 1.000000
 29 -68.592705 3.157192 99.900795 -0.515758 -0.807279 0.286871 0.559823 0.054444 1 28 1.000000
MarioHand_alb.png
 29 -69.222237 8.296494 100.105377 -0.790391 0.389283 0.473014 0.481025 0.055833 1 28 1.000000
 29 -66.725601 9.406266 102.185555 -0.608832 0.242522 0.755319 0.463905 0.019776 1 28 1.000000
 29 -68.194672 9.519581 99.421043 -0.444025 0.865067 0.233456 0.455360 0.057572 1 28 1.000000
MarioHand_alb.png
 29 -69.222237 8.296494 100.105377 -0.790391 0.389283 0.473014 0.481025 0.055833 1 28 1.000000
 29 -68.194672 9.519581 99.421043 -0.444025 0.865067 0.233456 0.455360 0.057572 1 28 1.000000
 29 -69.417389 9.347783 97.359238 -0.668347 0.743021 0.035096 0.458793 0.089326 1 28 1.000000
MarioHand_alb.png
 29 -66.725601 9.406266 102.185555 -0.608832 0.242522 0.755319 0.463905 0.019776 1 28 1.000000
 29 -64.839363 9.316025 100.200691 0.673628 0.332809 0.659896 0.424949 0.025208 1 28 1.000000
 29 -68.194672 9.519581 99.421043 -0.444025 0.865067 0.233456 0.455360 0.057572 1 28 1.000000
MarioHand_alb.png
 29 -68.194672 9.519581 99.421043 -0.444025 0.865067 0.233456 0.455360 0.057572 1 28 1.000000
 29 -64.839363 9.316025 100.200691 0.673628 0.332809 0.659896 0.424949 0.025208 1 28 1.000000
 29 -67.471390 9.820830 98.863808 0.106810 0.993426 -0.041198 0.430381 0.060716 1 28 1.000000
MarioHand_alb.png
 29 -68.194672 9.519581 99.421043 -0.444025 0.865067 0.233456 0.455360 0.057572 1 28 1.000000
 29 -67.471390 9.820830 98.863808 0.106810 0.993426 -0.041198 0.430381 0.060716 1 28 1.000000
 29 -69.417389 9.347783 97.359238 -0.668347 0.743021 0.035096 0.458793 0.089326 1 28 1.000000
MarioHand_alb.png
 29 -64.839363 9.316025 100.200691 0.673628 0.332809 0.659896 0.424949 0.025208 1 28 1.000000
 29 -62.833683 8.969271 98.408127 -0.847239 0.207423 -0.489041 0.386694 0.028458 1 28 1.000000
 29 -67.471390 9.820830 98.863808 0.106810 0.993426 -0.041198 0.430381 0.060716 1 28 1.000000
MarioHand_alb.png
 29 -62.833683 8.969271 98.408127 -0.847239 0.207423 -0.489041 0.386694 0.028458 1 28 1.000000
 29 -62.908730 5.953075 97.146950 -0.819821 0.062660 -0.569182 0.343725 0.044251 1 28 1.000000
 29 -64.446213 5.961977 97.259651 0.486831 -0.107686 -0.866833 0.351675 0.076249 1 28 1.000000
MarioHand_alb.png
 29 -62.833683 8.969271 98.408127 -0.847239 0.207423 -0.489041 0.386694 0.028458 1 28 1.000000
 29 -64.446213 5.961977 97.259651 0.486831 -0.107686 -0.866833 0.351675 0.076249 1 28 1.000000
 29 -65.517509 8.798012 97.896873 0.415031 0.662029 -0.624073 0.390997 0.066712 1 28 1.000000
MarioHand_alb.png
 29 -67.471390 9.820830 98.863808 0.106810 0.993426 -0.041198 0.430381 0.060716 1 28 1.000000
 29 -62.833683 8.969271 98.408127 -0.847239 0.207423 -0.489041 0.386694 0.028458 1 28 1.000000
 29 -65.517509 8.798012 97.896873 0.415031 0.662029 -0.624073 0.390997 0.066712 1 28 1.000000
MarioHand_alb.png
 29 -65.517509 8.798012 97.896873 0.415031 0.662029 -0.624073 0.390997 0.066712 1 28 1.000000
 29 -64.446213 5.961977 97.259651 0.486831 -0.107686 -0.866833 0.351675 0.076249 1 28 1.000000
 29 -65.312141 5.938943 95.949806 0.934255 -0.082176 -0.347009 0.358267 0.107881 1 28 1.000000
MarioHand_alb.png
 29 -69.417389 9.347783 97.359238 -0.668347 0.743021 0.035096 0.458793 0.089326 1 28 1.000000
 29 -67.471390 9.820830 98.863808 0.106810 0.993426 -0.041198 0.430381 0.060716 1 28 1.000000
 29 -68.102371 9.691519 96.838303 0.125126 0.984219 -0.125126 0.434684 0.093614 1 28 1.000000
MarioHand_alb.png
 29 -67.471390 9.820830 98.863808 0.106810 0.993426 -0.041198 0.430381 0.060716 1 28 1.000000
 29 -65.517509 8.798012 97.896873 0.415031 0.662029 -0.624073 0.390997 0.066712 1 28 1.000000
 29 -68.102371 9.691519 96.838303 0.125126 0.984219 -0.125126 0.434684 0.093614 1 28 1.000000
MarioHand_alb.png
 29 -65.517509 8.798012 97.896873 0.415031 0.662029 -0.624073 0.390997 0.066712 1 28 1.000000
 29 -65.312141 5.938943 95.949806 0.934255 -0.082176 -0.347009 0.358267 0.107881 1 28 1.000000
 29 -66.195328 8.584831 95.787338 0.744029 0.600088 -0.293796 0.396826 0.100038 1 28 1.000000
MarioHand_alb.png
 29 -68.102371 9.691519 96.838303 0.125126 0.984219 -0.125126 0.434684 0.093614 1 28 1.000000
 29 -65.517509 8.798012 97.896873 0.415031 0.662029 -0.624073 0.390997 0.066712 1 28 1.000000
 29 -66.195328 8.584831 95.787338 0.744029 0.600088 -0.293796 0.396826 0.100038 1 28 1.000000
MarioHand_alb.png
 29 -66.195328 8.584831 95.787338 0.744029 0.600088 -0.293796 0.396826 0.100038 1 28 1.000000
 29 -65.312141 5.938943 95.949806 0.934255 -0.082176 -0.347009 0.358267 0.107881 1 28 1.000000
 29 -65.794678 5.949837 94.968506 0.977423 -0.046925 -0.206014 0.365957 0.141146 1 28 1.000000
MarioHand_alb.png
 29 -69.417389 9.347783 97.359238 -0.668347 0.743021 0.035096 0.458793 0.089326 1 28 1.000000
 29 -68.102371 9.691519 96.838303 0.125126 0.984219 -0.125126 0.434684 0.093614 1 28 1.000000
 29 -67.500626 9.385446 93.727211 0.102230 0.992544 -0.066373 0.438270 0.125307 1 28 1.000000
MarioHand_alb.png
 29 -68.972260 9.071966 93.469673 -0.626380 0.700958 -0.341037 0.462074 0.121004 1 28 1.000000
 29 -69.417389 9.347783 97.359238 -0.668347 0.743021 0.035096 0.458793 0.089326 1 28 1.000000
 29 -67.500626 9.385446 93.727211 0.102230 0.992544 -0.066373 0.438270 0.125307 1 28 1.000000
MarioHand_alb.png
 29 -68.102371 9.691519 96.838303 0.125126 0.984219 -0.125126 0.434684 0.093614 1 28 1.000000
 29 -66.195328 8.584831 95.787338 0.744029 0.600088 -0.293796 0.396826 0.100038 1 28 1.000000
 29 -66.333496 8.491353 94.363724 0.847443 0.524694 -0.080854 0.402975 0.132525 1 28 1.000000
MarioHand_alb.png
 29 -66.333496 8.491353 94.363724 0.847443 0.524694 -0.080854 0.402975 0.132525 1 28 1.000000
 29 -66.195328 8.584831 95.787338 0.744029 0.600088 -0.293796 0.396826 0.100038 1 28 1.000000
 29 -65.794678 5.949837 94.968506 0.977423 -0.046925 -0.206014 0.365957 0.141146 1 28 1.000000
MarioHand_alb.png
 29 -67.500626 9.385446 93.727211 0.102230 0.992544 -0.066373 0.438270 0.125307 1 28 1.000000
 29 -68.102371 9.691519 96.838303 0.125126 0.984219 -0.125126 0.434684 0.093614 1 28 1.000000
 29 -66.333496 8.491353 94.363724 0.847443 0.524694 -0.080854 0.402975 0.132525 1 28 1.000000
MarioHand_alb.png
 29 -66.333496 8.491353 94.363724 0.847443 0.524694 -0.080854 0.402975 0.132525 1 28 1.000000
 29 -65.794678 5.949837 94.968506 0.977423 -0.046925 -0.206014 0.365957 0.141146 1 28 1.000000
 29 -66.154526 5.994668 94.472351 -0.103727 0.009820 0.994557 0.375494 0.174319 1 28 1.000000
MarioHand_alb.png
 29 -68.972260 9.071966 93.469673 -0.626380 0.700958 -0.341037 0.462074 0.121004 1 28 1.000000
 29 -67.500626 9.385446 93.727211 0.102230 0.992544 -0.066373 0.438270 0.125307 1 28 1.000000
 29 -66.867645 8.895477 91.180305 -0.287659 0.669932 -0.684429 0.465248 0.151324 1 28 1.000000
MarioHand_alb.png
 29 -66.217361 8.475592 93.619408 0.084689 0.849749 0.520340 0.410300 0.164309 1 28 1.000000
 29 -66.333496 8.491353 94.363724 0.847443 0.524694 -0.080854 0.402975 0.132525 1 28 1.000000
 29 -66.154526 5.994668 94.472351 -0.103727 0.009820 0.994557 0.375494 0.174319 1 28 1.000000
MarioHand_alb.png
 29 -67.500626 9.385446 93.727211 0.102230 0.992544 -0.066373 0.438270 0.125307 1 28 1.000000
 29 -66.333496 8.491353 94.363724 0.847443 0.524694 -0.080854 0.402975 0.132525 1 28 1.000000
 29 -66.217361 8.475592 93.619408 0.084689 0.849749 0.520340 0.410300 0.164309 1 28 1.000000
MarioHand_alb.png
 29 -66.288193 9.246515 92.059624 -0.039671 0.993406 -0.107570 0.443198 0.156115 1 28 1.000000
 29 -66.867645 8.895477 91.180305 -0.287659 0.669932 -0.684429 0.465248 0.151324 1 28 1.000000
 29 -67.500626 9.385446 93.727211 0.102230 0.992544 -0.066373 0.438270 0.125307 1 28 1.000000
MarioHand_alb.png
 29 -66.288193 9.246515 92.059624 -0.039671 0.993406 -0.107570 0.443198 0.156115 1 28 1.000000
 29 -67.500626 9.385446 93.727211 0.102230 0.992544 -0.066373 0.438270 0.125307 1 28 1.000000
 29 -66.217361 8.475592 93.619408 0.084689 0.849749 0.520340 0.410300 0.164309 1 28 1.000000
MarioHand_alb.png
 29 -64.016434 8.884026 91.345993 0.166319 0.746145 -0.644675 0.469306 0.178531 1 28 1.000000
 29 -66.867645 8.895477 91.180305 -0.287659 0.669932 -0.684429 0.465248 0.151324 1 28 1.000000
 29 -66.288193 9.246515 92.059624 -0.039671 0.993406 -0.107570 0.443198 0.156115 1 28 1.000000
MarioHand_alb.png
 29 -66.217361 8.475592 93.619408 0.084689 0.849749 0.520340 0.410300 0.164309 1 28 1.000000
 29 -66.154526 5.994668 94.472351 -0.103727 0.009820 0.994557 0.375494 0.174319 1 28 1.000000
 29 -65.157875 8.516524 94.314293 -0.482984 0.701395 0.524186 0.418448 0.192035 1 28 1.000000
MarioHand_alb.png
 29 -65.157875 8.516524 94.314293 -0.482984 0.701395 0.524186 0.418448 0.192035 1 28 1.000000
 29 -66.154526 5.994668 94.472351 -0.103727 0.009820 0.994557 0.375494 0.174319 1 28 1.000000
 29 -65.386963 6.116858 95.235733 -0.713924 0.033275 0.699432 0.386343 0.204105 1 28 1.000000
MarioHand_alb.png
 29 -66.288193 9.246515 92.059624 -0.039671 0.993406 -0.107570 0.443198 0.156115 1 28 1.000000
 29 -66.217361 8.475592 93.619408 0.084689 0.849749 0.520340 0.410300 0.164309 1 28 1.000000
 29 -64.558235 9.306091 92.624603 -0.058748 0.997955 0.025178 0.449439 0.183719 1 28 1.000000
MarioHand_alb.png
 29 -64.016434 8.884026 91.345993 0.166319 0.746145 -0.644675 0.469306 0.178531 1 28 1.000000
 29 -66.288193 9.246515 92.059624 -0.039671 0.993406 -0.107570 0.443198 0.156115 1 28 1.000000
 29 -64.558235 9.306091 92.624603 -0.058748 0.997955 0.025178 0.449439 0.183719 1 28 1.000000
MarioHand_alb.png
 29 -64.558235 9.306091 92.624603 -0.058748 0.997955 0.025178 0.449439 0.183719 1 28 1.000000
 29 -66.217361 8.475592 93.619408 0.084689 0.849749 0.520340 0.410300 0.164309 1 28 1.000000
 29 -65.157875 8.516524 94.314293 -0.482984 0.701395 0.524186 0.418448 0.192035 1 28 1.000000
MarioHand_alb.png
 29 -61.612366 8.837304 92.719460 0.379932 0.812314 -0.442491 0.474830 0.205295 1 28 1.000000
 29 -64.016434 8.884026 91.345993 0.166319 0.746145 -0.644675 0.469306 0.178531 1 28 1.000000
 29 -64.558235 9.306091 92.624603 -0.058748 0.997955 0.025178 0.449439 0.183719 1 28 1.000000
MarioHand_alb.png
 29 -61.612366 8.837304 92.719460 0.379932 0.812314 -0.442491 0.474830 0.205295 1 28 1.000000
 29 -64.558235 9.306091 92.624603 -0.058748 0.997955 0.025178 0.449439 0.183719 1 28 1.000000
 29 -62.383026 9.311581 94.043022 0.028991 0.991814 0.124358 0.457633 0.211017 1 28 1.000000
MarioHand_alb.png
 29 -64.558235 9.306091 92.624603 -0.058748 0.997955 0.025178 0.449439 0.183719 1 28 1.000000
 29 -65.157875 8.516524 94.314293 -0.482984 0.701395 0.524186 0.418448 0.192035 1 28 1.000000
 29 -62.383026 9.311581 94.043022 0.028991 0.991814 0.124358 0.457633 0.211017 1 28 1.000000
MarioHand_alb.png
 29 -61.612366 8.837304 92.719460 0.379932 0.812314 -0.442491 0.474830 0.205295 1 28 1.000000
 29 -62.383026 9.311581 94.043022 0.028991 0.991814 0.124358 0.457633 0.211017 1 28 1.000000
 29 -60.788128 8.540215 95.000259 0.602331 0.725639 0.332636 0.468421 0.238315 1 28 1.000000
MarioHand_alb.png
 29 -65.157875 8.516524 94.314293 -0.482984 0.701395 0.524186 0.418448 0.192035 1 28 1.000000
 29 -63.505501 8.491657 96.066689 -0.385709 0.654676 0.650098 0.429206 0.218128 1 28 1.000000
 29 -62.383026 9.311581 94.043022 0.028991 0.991814 0.124358 0.457633 0.211017 1 28 1.000000
MarioHand_alb.png
 29 -60.788128 8.540215 95.000259 0.602331 0.725639 0.332636 0.468421 0.238315 1 28 1.000000
 29 -62.383026 9.311581 94.043022 0.028991 0.991814 0.124358 0.457633 0.211017 1 28 1.000000
 29 -63.505501 8.491657 96.066689 -0.385709 0.654676 0.650098 0.429206 0.218128 1 28 1.000000
MarioHand_alb.png
 29 -65.157875 8.516524 94.314293 -0.482984 0.701395 0.524186 0.418448 0.192035 1 28 1.000000
 29 -65.386963 6.116858 95.235733 -0.713924 0.033275 0.699432 0.386343 0.204105 1 28 1.000000
 29 -63.505501 8.491657 96.066689 -0.385709 0.654676 0.650098 0.429206 0.218128 1 28 1.000000
MarioHand_alb.png
 29 -63.968441 6.276421 97.018486 -0.510460 0.050836 0.858397 0.401404 0.231785 1 28 1.000000
 29 -63.505501 8.491657 96.066689 -0.385709 0.654676 0.650098 0.429206 0.218128 1 28 1.000000
 29 -65.386963 6.116858 95.235733 -0.713924 0.033275 0.699432 0.386343 0.204105 1 28 1.000000
MarioHand_alb.png
 29 -61.963264 6.290490 97.205750 0.113660 0.060644 0.991667 0.421439 0.254170 1 28 1.000000
 29 -63.505501 8.491657 96.066689 -0.385709 0.654676 0.650098 0.429206 0.218128 1 28 1.000000
 29 -63.968441 6.276421 97.018486 -0.510460 0.050836 0.858397 0.401404 0.231785 1 28 1.000000
MarioHand_alb.png
 29 -60.788128 8.540215 95.000259 0.602331 0.725639 0.332636 0.468421 0.238315 1 28 1.000000
 29 -63.505501 8.491657 96.066689 -0.385709 0.654676 0.650098 0.429206 0.218128 1 28 1.000000
 29 -61.620110 7.932472 96.500259 0.244914 0.517009 0.820195 0.442176 0.241367 1 28 1.000000
MarioHand_alb.png
 29 -61.620110 7.932472 96.500259 0.244914 0.517009 0.820195 0.442176 0.241367 1 28 1.000000
 29 -63.505501 8.491657 96.066689 -0.385709 0.654676 0.650098 0.429206 0.218128 1 28 1.000000
 29 -61.963264 6.290490 97.205750 0.113660 0.060644 0.991667 0.421439 0.254170 1 28 1.000000
MarioHand_alb.png
 29 -60.788128 8.540215 95.000259 0.602331 0.725639 0.332636 0.468421 0.238315 1 28 1.000000
 29 -61.620110 7.932472 96.500259 0.244914 0.517009 0.820195 0.442176 0.241367 1 28 1.000000
 29 -60.028568 6.193228 95.574783 0.868662 0.031283 0.494416 0.453056 0.271351 1 28 1.000000
MarioHand_alb.png
 29 -61.620110 7.932472 96.500259 0.244914 0.517009 0.820195 0.442176 0.241367 1 28 1.000000
 29 -61.963264 6.290490 97.205750 0.113660 0.060644 0.991667 0.421439 0.254170 1 28 1.000000
 29 -60.028568 6.193228 95.574783 0.868662 0.031283 0.494416 0.453056 0.271351 1 28 1.000000
MarioHand_alb.png
 29 -50.563141 -6.706990 92.293106 0.783524 -0.597180 -0.171658 0.196765 0.591791 1 28 1.000000
 29 -49.153858 -2.599454 90.411789 0.308965 -0.635096 -0.707951 0.255116 0.583200 1 28 1.000000
 29 -49.153854 -4.494934 93.128525 0.252534 -0.892451 -0.373841 0.218082 0.565331 1 28 1.000000
MarioHand_alb.png
 29 -50.563141 -6.706990 92.293106 0.783524 -0.597180 -0.171658 0.196765 0.591791 1 28 1.000000
 29 -50.679031 -5.082778 89.322639 0.748369 -0.446466 -0.490521 0.231800 0.612299 1 28 1.000000
 29 -49.153858 -2.599454 90.411789 0.308965 -0.635096 -0.707951 0.255116 0.583200 1 28 1.000000
MarioHand_alb.png
 29 -50.679031 -5.082778 89.322639 0.748369 -0.446466 -0.490521 0.231800 0.612299 1 28 1.000000
 29 -49.153858 0.286234 88.627304 0.031275 -0.266162 -0.963421 0.296605 0.591165 1 28 1.000000
 29 -49.153858 -2.599454 90.411789 0.308965 -0.635096 -0.707951 0.255116 0.583200 1 28 1.000000
MarioHand_alb.png
 29 -52.711658 -7.290783 88.709946 0.553586 -0.506849 -0.660793 0.213489 0.643076 1 28 1.000000
 29 -50.679031 -5.082778 89.322639 0.748369 -0.446466 -0.490521 0.231800 0.612299 1 28 1.000000
 29 -50.563141 -6.706990 92.293106 0.783524 -0.597180 -0.171658 0.196765 0.591791 1 28 1.000000
MarioHand_alb.png
 29 -52.571674 -8.920263 91.286713 0.669088 -0.713624 -0.207516 0.180346 0.625772 1 28 1.000000
 29 -52.711658 -7.290783 88.709946 0.553586 -0.506849 -0.660793 0.213489 0.643076 1 28 1.000000
 29 -50.563141 -6.706990 92.293106 0.783524 -0.597180 -0.171658 0.196765 0.591791 1 28 1.000000
MarioHand_alb.png
 29 -50.679031 -5.082778 89.322639 0.748369 -0.446466 -0.490521 0.231800 0.612299 1 28 1.000000
 29 -50.948048 -2.743577 87.949966 0.532020 -0.205228 -0.821484 0.263813 0.619120 1 28 1.000000
 29 -49.153858 0.286234 88.627304 0.031275 -0.266162 -0.963421 0.296605 0.591165 1 28 1.000000
MarioHand_alb.png
 29 -55.030972 -8.968864 88.427483 0.416861 -0.508204 -0.753629 0.194919 0.672801 1 28 1.000000
 29 -52.711658 -7.290783 88.709946 0.553586 -0.506849 -0.660793 0.213489 0.643076 1 28 1.000000
 29 -52.571674 -8.920263 91.286713 0.669088 -0.713624 -0.207516 0.180346 0.625772 1 28 1.000000
MarioHand_alb.png
 29 -55.138783 -10.757280 90.547409 0.498989 -0.842139 -0.204479 0.162478 0.659998 1 28 1.000000
 29 -55.030972 -8.968864 88.427483 0.416861 -0.508204 -0.753629 0.194919 0.672801 1 28 1.000000
 29 -52.571674 -8.920263 91.286713 0.669088 -0.713624 -0.207516 0.180346 0.625772 1 28 1.000000
MarioHand_alb.png
 29 -52.711658 -7.290783 88.709946 0.553586 -0.506849 -0.660793 0.213489 0.643076 1 28 1.000000
 29 -53.661118 -4.254545 86.951317 0.264040 -0.201559 -0.943216 0.249622 0.654063 1 28 1.000000
 29 -50.679031 -5.082778 89.322639 0.748369 -0.446466 -0.490521 0.231800 0.612299 1 28 1.000000
MarioHand_alb.png
 29 -50.679031 -5.082778 89.322639 0.748369 -0.446466 -0.490521 0.231800 0.612299 1 28 1.000000
 29 -53.661118 -4.254545 86.951317 0.264040 -0.201559 -0.943216 0.249622 0.654063 1 28 1.000000
 29 -50.948048 -2.743577 87.949966 0.532020 -0.205228 -0.821484 0.263813 0.619120 1 28 1.000000
MarioHand_alb.png
 29 -49.153858 0.286234 88.627304 0.031275 -0.266162 -0.963421 0.296605 0.591165 1 28 1.000000
 29 -50.948048 -2.743577 87.949966 0.532020 -0.205228 -0.821484 0.263813 0.619120 1 28 1.000000
 29 -51.694752 0.282263 87.503159 0.235055 0.048968 -0.970748 0.300679 0.625284 1 28 1.000000
MarioHand_alb.png
 29 -53.661118 -4.254545 86.951317 0.264040 -0.201559 -0.943216 0.249622 0.654063 1 28 1.000000
 29 -51.694752 0.282263 87.503159 0.235055 0.048968 -0.970748 0.300679 0.625284 1 28 1.000000
 29 -50.948048 -2.743577 87.949966 0.532020 -0.205228 -0.821484 0.263813 0.619120 1 28 1.000000
MarioHand_alb.png
 29 -49.153858 0.286234 88.627304 0.031275 -0.266162 -0.963421 0.296605 0.591165 1 28 1.000000
 29 -51.694752 0.282263 87.503159 0.235055 0.048968 -0.970748 0.300679 0.625284 1 28 1.000000
 29 -49.160366 3.667030 87.968124 -0.133154 0.052723 -0.989692 0.339940 0.590387 1 28 1.000000
MarioHand_alb.png
 29 -52.711658 -7.290783 88.709946 0.553586 -0.506849 -0.660793 0.213489 0.643076 1 28 1.000000
 29 -56.234146 -5.414818 86.881813 0.035094 -0.150674 -0.987961 0.238514 0.687938 1 28 1.000000
 29 -53.661118 -4.254545 86.951317 0.264040 -0.201559 -0.943216 0.249622 0.654063 1 28 1.000000
MarioHand_alb.png
 29 -55.030972 -8.968864 88.427483 0.416861 -0.508204 -0.753629 0.194919 0.672801 1 28 1.000000
 29 -56.234146 -5.414818 86.881813 0.035094 -0.150674 -0.987961 0.238514 0.687938 1 28 1.000000
 29 -52.711658 -7.290783 88.709946 0.553586 -0.506849 -0.660793 0.213489 0.643076 1 28 1.000000
MarioHand_alb.png
 29 -53.661118 -4.254545 86.951317 0.264040 -0.201559 -0.943216 0.249622 0.654063 1 28 1.000000
 29 -54.695713 -0.282013 87.010796 -0.175826 0.222938 -0.958845 0.296239 0.662318 1 28 1.000000
 29 -51.694752 0.282263 87.503159 0.235055 0.048968 -0.970748 0.300679 0.625284 1 28 1.000000
MarioHand_alb.png
 29 -56.234146 -5.414818 86.881813 0.035094 -0.150674 -0.987961 0.238514 0.687938 1 28 1.000000
 29 -54.695713 -0.282013 87.010796 -0.175826 0.222938 -0.958845 0.296239 0.662318 1 28 1.000000
 29 -53.661118 -4.254545 86.951317 0.264040 -0.201559 -0.943216 0.249622 0.654063 1 28 1.000000
MarioHand_alb.png
 29 -51.694752 0.282263 87.503159 0.235055 0.048968 -0.970748 0.300679 0.625284 1 28 1.000000
 29 -51.814213 3.031271 88.125641 -0.017927 0.121339 -0.992449 0.335088 0.623926 1 28 1.000000
 29 -49.160366 3.667030 87.968124 -0.133154 0.052723 -0.989692 0.339940 0.590387 1 28 1.000000
MarioHand_alb.png
 29 -51.694752 0.282263 87.503159 0.235055 0.048968 -0.970748 0.300679 0.625284 1 28 1.000000
 29 -54.695713 -0.282013 87.010796 -0.175826 0.222938 -0.958845 0.296239 0.662318 1 28 1.000000
 29 -51.814213 3.031271 88.125641 -0.017927 0.121339 -0.992449 0.335088 0.623926 1 28 1.000000
MarioHand_alb.png
 29 -49.160366 3.667030 87.968124 -0.133154 0.052723 -0.989692 0.339940 0.590387 1 28 1.000000
 29 -51.814213 3.031271 88.125641 -0.017927 0.121339 -0.992449 0.335088 0.623926 1 28 1.000000
 29 -51.900433 6.159245 88.088760 0.011826 0.107671 -0.994116 0.372946 0.621180 1 28 1.000000
MarioHand_alb.png
 29 -49.160366 3.667030 87.968124 -0.133154 0.052723 -0.989692 0.339940 0.590387 1 28 1.000000
 29 -51.900433 6.159245 88.088760 0.011826 0.107671 -0.994116 0.372946 0.621180 1 28 1.000000
 29 -49.153862 7.047825 88.627304 -0.090388 0.279937 -0.955754 0.384298 0.586343 1 28 1.000000
MarioHand_alb.png
 29 -54.695713 -0.282013 87.010796 -0.175826 0.222938 -0.958845 0.296239 0.662318 1 28 1.000000
 29 -54.854000 2.981239 88.249245 -0.218923 0.144789 -0.964940 0.337591 0.661814 1 28 1.000000
 29 -51.814213 3.031271 88.125641 -0.017927 0.121339 -0.992449 0.335088 0.623926 1 28 1.000000
MarioHand_alb.png
 29 -51.900433 6.159245 88.088760 0.011826 0.107671 -0.994116 0.372946 0.621180 1 28 1.000000
 29 -51.852085 9.446751 88.975372 0.158673 0.408984 -0.898640 0.414084 0.619074 1 28 1.000000
 29 -49.153862 7.047825 88.627304 -0.090388 0.279937 -0.955754 0.384298 0.586343 1 28 1.000000
MarioHand_alb.png
 29 -49.153862 7.047825 88.627304 -0.090388 0.279937 -0.955754 0.384298 0.586343 1 28 1.000000
 29 -51.852085 9.446751 88.975372 0.158673 0.408984 -0.898640 0.414084 0.619074 1 28 1.000000
 29 -49.153866 9.933514 90.411789 0.053027 0.667887 -0.742372 0.430045 0.584100 1 28 1.000000
MarioHand_alb.png
 29 -51.814213 3.031271 88.125641 -0.017927 0.121339 -0.992449 0.335088 0.623926 1 28 1.000000
 29 -54.983719 5.590392 88.253197 -0.178082 0.043090 -0.983072 0.368551 0.658930 1 28 1.000000
 29 -51.900433 6.159245 88.088760 0.011826 0.107671 -0.994116 0.372946 0.621180 1 28 1.000000
MarioHand_alb.png
 29 -51.814213 3.031271 88.125641 -0.017927 0.121339 -0.992449 0.335088 0.623926 1 28 1.000000
 29 -54.854000 2.981239 88.249245 -0.218923 0.144789 -0.964940 0.337591 0.661814 1 28 1.000000
 29 -54.983719 5.590392 88.253197 -0.178082 0.043090 -0.983072 0.368551 0.658930 1 28 1.000000
MarioHand_alb.png
 29 -51.900433 6.159245 88.088760 0.011826 0.107671 -0.994116 0.372946 0.621180 1 28 1.000000
 29 -54.713379 8.560640 88.652077 -0.138844 0.218947 -0.965808 0.403021 0.652689 1 28 1.000000
 29 -51.852085 9.446751 88.975372 0.158673 0.408984 -0.898640 0.414084 0.619074 1 28 1.000000
MarioHand_alb.png
 29 -51.900433 6.159245 88.088760 0.011826 0.107671 -0.994116 0.372946 0.621180 1 28 1.000000
 29 -54.983719 5.590392 88.253197 -0.178082 0.043090 -0.983072 0.368551 0.658930 1 28 1.000000
 29 -54.713379 8.560640 88.652077 -0.138844 0.218947 -0.965808 0.403021 0.652689 1 28 1.000000
MarioHand_alb.png
 29 -51.852085 9.446751 88.975372 0.158673 0.408984 -0.898640 0.414084 0.619074 1 28 1.000000
 29 -51.630997 11.700504 90.535156 0.320841 0.718363 -0.617265 0.446860 0.617304 1 28 1.000000
 29 -49.153866 9.933514 90.411789 0.053027 0.667887 -0.742372 0.430045 0.584100 1 28 1.000000
MarioHand_alb.png
 29 -49.153866 9.933514 90.411789 0.053027 0.667887 -0.742372 0.430045 0.584100 1 28 1.000000
 29 -51.630997 11.700504 90.535156 0.320841 0.718363 -0.617265 0.446860 0.617304 1 28 1.000000
 29 -49.153866 11.828993 93.128502 0.125506 0.922027 -0.366217 0.474983 0.584146 1 28 1.000000
MarioHand_alb.png
 29 -54.713379 8.560640 88.652077 -0.138844 0.218947 -0.965808 0.403021 0.652689 1 28 1.000000
 29 -54.501694 11.326429 89.745956 -0.021361 0.561858 -0.826958 0.436606 0.650004 1 28 1.000000
 29 -51.852085 9.446751 88.975372 0.158673 0.408984 -0.898640 0.414084 0.619074 1 28 1.000000
MarioHand_alb.png
 29 -51.852085 9.446751 88.975372 0.158673 0.408984 -0.898640 0.414084 0.619074 1 28 1.000000
 29 -54.501694 11.326429 89.745956 -0.021361 0.561858 -0.826958 0.436606 0.650004 1 28 1.000000
 29 -51.630997 11.700504 90.535156 0.320841 0.718363 -0.617265 0.446860 0.617304 1 28 1.000000
MarioHand_alb.png
 29 -51.630997 11.700504 90.535156 0.320841 0.718363 -0.617265 0.446860 0.617304 1 28 1.000000
 29 -51.088844 13.077469 94.004433 0.383388 0.902200 -0.197607 0.491844 0.609995 1 28 1.000000
 29 -49.153866 11.828993 93.128502 0.125506 0.922027 -0.366217 0.474983 0.584146 1 28 1.000000
MarioHand_alb.png
 29 -49.153866 11.828993 93.128502 0.125506 0.922027 -0.366217 0.474983 0.584146 1 28 1.000000
 29 -51.088844 13.077469 94.004433 0.383388 0.902200 -0.197607 0.491844 0.609995 1 28 1.000000
 29 -49.153866 12.531143 96.311340 0.188058 0.982155 0.002289 0.516793 0.582803 1 28 1.000000
MarioHand_alb.png
 29 -51.088844 13.077469 94.004433 0.383388 0.902200 -0.197607 0.491844 0.609995 1 28 1.000000
 29 -50.977898 13.337017 97.218819 0.395585 0.912286 0.106049 0.531395 0.606363 1 28 1.000000
 29 -49.153866 12.531143 96.311340 0.188058 0.982155 0.002289 0.516793 0.582803 1 28 1.000000
MarioHand_alb.png
 29 -51.630997 11.700504 90.535156 0.320841 0.718363 -0.617265 0.446860 0.617304 1 28 1.000000
 29 -54.173820 13.334322 91.657852 0.105665 0.823291 -0.557698 0.467948 0.647822 1 28 1.000000
 29 -51.088844 13.077469 94.004433 0.383388 0.902200 -0.197607 0.491844 0.609995 1 28 1.000000
MarioHand_alb.png
 29 -54.501694 11.326429 89.745956 -0.021361 0.561858 -0.826958 0.436606 0.650004 1 28 1.000000
 29 -54.173820 13.334322 91.657852 0.105665 0.823291 -0.557698 0.467948 0.647822 1 28 1.000000
 29 -51.630997 11.700504 90.535156 0.320841 0.718363 -0.617265 0.446860 0.617304 1 28 1.000000
MarioHand_alb.png
 29 -51.088844 13.077469 94.004433 0.383388 0.902200 -0.197607 0.491844 0.609995 1 28 1.000000
 29 -53.753822 14.228873 94.445190 0.236897 0.953977 -0.183872 0.501747 0.644175 1 28 1.000000
 29 -50.977898 13.337017 97.218819 0.395585 0.912286 0.106049 0.531395 0.606363 1 28 1.000000
MarioHand_alb.png
 29 -54.173820 13.334322 91.657852 0.105665 0.823291 -0.557698 0.467948 0.647822 1 28 1.000000
 29 -53.753822 14.228873 94.445190 0.236897 0.953977 -0.183872 0.501747 0.644175 1 28 1.000000
 29 -51.088844 13.077469 94.004433 0.383388 0.902200 -0.197607 0.491844 0.609995 1 28 1.000000
MarioHand_alb.png
 29 -53.753822 14.228873 94.445190 0.236897 0.953977 -0.183872 0.501747 0.644175 1 28 1.000000
 29 -53.507767 14.288551 97.757820 0.293358 0.944355 0.148777 0.541833 0.640787 1 28 1.000000
 29 -50.977898 13.337017 97.218819 0.395585 0.912286 0.106049 0.531395 0.606363 1 28 1.000000
MarioHand_alb.png
 29 -54.501694 11.326429 89.745956 -0.021361 0.561858 -0.826958 0.436606 0.650004 1 28 1.000000
 29 -57.686180 13.700947 92.047295 -0.166328 0.790821 -0.589014 0.471641 0.686824 1 28 1.000000
 29 -54.173820 13.334322 91.657852 0.105665 0.823291 -0.557698 0.467948 0.647822 1 28 1.000000
MarioHand_alb.png
 29 -57.686180 13.700947 92.047295 -0.166328 0.790821 -0.589014 0.471641 0.686824 1 28 1.000000
 29 -53.753822 14.228873 94.445190 0.236897 0.953977 -0.183872 0.501747 0.644175 1 28 1.000000
 29 -54.173820 13.334322 91.657852 0.105665 0.823291 -0.557698 0.467948 0.647822 1 28 1.000000
MarioHand_alb.png
 29 -57.151623 14.967725 94.850113 0.024032 0.972618 -0.231163 0.506401 0.685313 1 28 1.000000
 29 -53.507767 14.288551 97.757820 0.293358 0.944355 0.148777 0.541833 0.640787 1 28 1.000000
 29 -53.753822 14.228873 94.445190 0.236897 0.953977 -0.183872 0.501747 0.644175 1 28 1.000000
MarioHand_alb.png
 29 -57.686180 13.700947 92.047295 -0.166328 0.790821 -0.589014 0.471641 0.686824 1 28 1.000000
 29 -57.151623 14.967725 94.850113 0.024032 0.972618 -0.231163 0.506401 0.685313 1 28 1.000000
 29 -53.753822 14.228873 94.445190 0.236897 0.953977 -0.183872 0.501747 0.644175 1 28 1.000000
MarioHand_alb.png
 29 -57.151623 14.967725 94.850113 0.024032 0.972618 -0.231163 0.506401 0.685313 1 28 1.000000
 29 -56.770214 15.020344 98.208984 0.158685 0.977189 0.141138 0.546899 0.685481 1 28 1.000000
 29 -53.507767 14.288551 97.757820 0.293358 0.944355 0.148777 0.541833 0.640787 1 28 1.000000
MarioHand_alb.png
 29 -58.180019 11.365088 90.208374 -0.319362 0.501078 -0.804319 0.439185 0.690486 1 28 1.000000
 29 -57.686180 13.700947 92.047295 -0.166328 0.790821 -0.589014 0.471641 0.686824 1 28 1.000000
 29 -54.501694 11.326429 89.745956 -0.021361 0.561858 -0.826958 0.436606 0.650004 1 28 1.000000
MarioHand_alb.png
 29 -54.713379 8.560640 88.652077 -0.138844 0.218947 -0.965808 0.403021 0.652689 1 28 1.000000
 29 -58.180019 11.365088 90.208374 -0.319362 0.501078 -0.804319 0.439185 0.690486 1 28 1.000000
 29 -54.501694 11.326429 89.745956 -0.021361 0.561858 -0.826958 0.436606 0.650004 1 28 1.000000
MarioHand_alb.png
 29 -57.151623 14.967725 94.850113 0.024032 0.972618 -0.231163 0.506401 0.685313 1 28 1.000000
 29 -60.118973 14.841291 95.896820 -0.203701 0.948886 -0.241084 0.506844 0.724590 1 28 1.000000
 29 -56.770214 15.020344 98.208984 0.158685 0.977189 0.141138 0.546899 0.685481 1 28 1.000000
MarioHand_alb.png
 29 -60.118973 14.841291 95.896820 -0.203701 0.948886 -0.241084 0.506844 0.724590 1 28 1.000000
 29 -59.683887 15.299545 99.548035 0.060651 0.973848 0.218954 0.548486 0.726848 1 28 1.000000
 29 -56.770214 15.020344 98.208984 0.158685 0.977189 0.141138 0.546899 0.685481 1 28 1.000000
MarioHand_alb.png
 29 -62.169308 14.995403 100.255157 -0.162512 0.964963 0.206001 0.545815 0.766827 1 28 1.000000
 29 -59.683887 15.299545 99.548035 0.060651 0.973848 0.218954 0.548486 0.726848 1 28 1.000000
 29 -60.118973 14.841291 95.896820 -0.203701 0.948886 -0.241084 0.506844 0.724590 1 28 1.000000
MarioHand_alb.png
 29 -58.369591 8.406944 89.416443 -0.371962 0.174059 -0.911783 0.405966 0.694896 1 28 1.000000
 29 -58.180019 11.365088 90.208374 -0.319362 0.501078 -0.804319 0.439185 0.690486 1 28 1.000000
 29 -54.713379 8.560640 88.652077 -0.138844 0.218947 -0.965808 0.403021 0.652689 1 28 1.000000
MarioHand_alb.png
 29 -54.983719 5.590392 88.253197 -0.178082 0.043090 -0.983072 0.368551 0.658930 1 28 1.000000
 29 -58.369591 8.406944 89.416443 -0.371962 0.174059 -0.911783 0.405966 0.694896 1 28 1.000000
 29 -54.713379 8.560640 88.652077 -0.138844 0.218947 -0.965808 0.403021 0.652689 1 28 1.000000
MarioHand_alb.png
 29 -62.556278 13.297714 98.308807 -0.434841 0.782141 -0.446284 0.507713 0.783444 1 28 1.000000
 29 -64.139610 14.594780 99.891548 -0.174707 0.982631 0.062559 0.543160 0.788983 1 28 1.000000
 29 -62.169308 14.995403 100.255157 -0.162512 0.964963 0.206001 0.545815 0.766827 1 28 1.000000
MarioHand_alb.png
 29 -58.236954 5.217325 89.111153 -0.385564 -0.031272 -0.922151 0.369833 0.699092 1 28 1.000000
 29 -58.369591 8.406944 89.416443 -0.371962 0.174059 -0.911783 0.405966 0.694896 1 28 1.000000
 29 -54.983719 5.590392 88.253197 -0.178082 0.043090 -0.983072 0.368551 0.658930 1 28 1.000000
MarioHand_alb.png
 29 -54.854000 2.981239 88.249245 -0.218923 0.144789 -0.964940 0.337591 0.661814 1 28 1.000000
 29 -58.236954 5.217325 89.111153 -0.385564 -0.031272 -0.922151 0.369833 0.699092 1 28 1.000000
 29 -54.983719 5.590392 88.253197 -0.178082 0.043090 -0.983072 0.368551 0.658930 1 28 1.000000
MarioHand_alb.png
 29 -62.556278 13.297714 98.308807 -0.434841 0.782141 -0.446284 0.507713 0.783444 1 28 1.000000
 29 -62.169308 14.995403 100.255157 -0.162512 0.964963 0.206001 0.545815 0.766827 1 28 1.000000
 29 -61.689064 14.145269 97.195656 -0.718356 0.620216 -0.315115 0.506813 0.758251 1 28 1.000000
MarioHand_alb.png
 29 -61.689064 14.145269 97.195656 -0.718356 0.620216 -0.315115 0.506813 0.758251 1 28 1.000000
 29 -62.169308 14.995403 100.255157 -0.162512 0.964963 0.206001 0.545815 0.766827 1 28 1.000000
 29 -60.118973 14.841291 95.896820 -0.203701 0.948886 -0.241084 0.506844 0.724590 1 28 1.000000
MarioHand_alb.png
 29 -62.315372 12.522882 95.236893 -0.868345 0.389725 -0.306744 0.478218 0.758221 1 28 1.000000
 29 -62.556278 13.297714 98.308807 -0.434841 0.782141 -0.446284 0.507713 0.783444 1 28 1.000000
 29 -61.689064 14.145269 97.195656 -0.718356 0.620216 -0.315115 0.506813 0.758251 1 28 1.000000
MarioHand_alb.png
 29 -63.049019 11.249262 98.126183 -0.970559 0.195714 -0.140395 0.479530 0.793866 1 28 1.000000
 29 -62.556278 13.297714 98.308807 -0.434841 0.782141 -0.446284 0.507713 0.783444 1 28 1.000000
 29 -62.315372 12.522882 95.236893 -0.868345 0.389725 -0.306744 0.478218 0.758221 1 28 1.000000
MarioHand_alb.png
 29 -61.689064 14.145269 97.195656 -0.718356 0.620216 -0.315115 0.506813 0.758251 1 28 1.000000
 29 -60.118973 14.841291 95.896820 -0.203701 0.948886 -0.241084 0.506844 0.724590 1 28 1.000000
 29 -60.436714 13.300689 93.449577 -0.498981 0.671507 -0.547811 0.473533 0.724361 1 28 1.000000
MarioHand_alb.png
 29 -62.315372 12.522882 95.236893 -0.868345 0.389725 -0.306744 0.478218 0.758221 1 28 1.000000
 29 -61.689064 14.145269 97.195656 -0.718356 0.620216 -0.315115 0.506813 0.758251 1 28 1.000000
 29 -60.436714 13.300689 93.449577 -0.498981 0.671507 -0.547811 0.473533 0.724361 1 28 1.000000
MarioHand_alb.png
 29 -60.436714 13.300689 93.449577 -0.498981 0.671507 -0.547811 0.473533 0.724361 1 28 1.000000
 29 -60.118973 14.841291 95.896820 -0.203701 0.948886 -0.241084 0.506844 0.724590 1 28 1.000000
 29 -57.151623 14.967725 94.850113 0.024032 0.972618 -0.231163 0.506401 0.685313 1 28 1.000000
MarioHand_alb.png
 29 -57.686180 13.700947 92.047295 -0.166328 0.790821 -0.589014 0.471641 0.686824 1 28 1.000000
 29 -60.436714 13.300689 93.449577 -0.498981 0.671507 -0.547811 0.473533 0.724361 1 28 1.000000
 29 -57.151623 14.967725 94.850113 0.024032 0.972618 -0.231163 0.506401 0.685313 1 28 1.000000
MarioHand_alb.png
 29 -63.109390 10.069162 94.132118 -0.909986 0.236844 -0.340339 0.447501 0.765850 1 28 1.000000
 29 -63.049019 11.249262 98.126183 -0.970559 0.195714 -0.140395 0.479530 0.793866 1 28 1.000000
 29 -62.315372 12.522882 95.236893 -0.868345 0.389725 -0.306744 0.478218 0.758221 1 28 1.000000
MarioHand_alb.png
 29 -63.109390 10.069162 94.132118 -0.909986 0.236844 -0.340339 0.447501 0.765850 1 28 1.000000
 29 -62.833683 8.969271 98.408127 -0.847239 0.207423 -0.489041 0.461097 0.826154 1 28 1.000000
 29 -63.049019 11.249262 98.126183 -0.970559 0.195714 -0.140395 0.479530 0.793866 1 28 1.000000
MarioHand_alb.png
 29 -62.315372 12.522882 95.236893 -0.868345 0.389725 -0.306744 0.478218 0.758221 1 28 1.000000
 29 -60.436714 13.300689 93.449577 -0.498981 0.671507 -0.547811 0.473533 0.724361 1 28 1.000000
 29 -60.721138 10.909435 91.935387 -0.626767 0.403126 -0.666822 0.442512 0.727443 1 28 1.000000
MarioHand_alb.png
 29 -57.686180 13.700947 92.047295 -0.166328 0.790821 -0.589014 0.471641 0.686824 1 28 1.000000
 29 -60.721138 10.909435 91.935387 -0.626767 0.403126 -0.666822 0.442512 0.727443 1 28 1.000000
 29 -60.436714 13.300689 93.449577 -0.498981 0.671507 -0.547811 0.473533 0.724361 1 28 1.000000
MarioHand_alb.png
 29 -63.109390 10.069162 94.132118 -0.909986 0.236844 -0.340339 0.447501 0.765850 1 28 1.000000
 29 -62.315372 12.522882 95.236893 -0.868345 0.389725 -0.306744 0.478218 0.758221 1 28 1.000000
 29 -60.721138 10.909435 91.935387 -0.626767 0.403126 -0.666822 0.442512 0.727443 1 28 1.000000
MarioHand_alb.png
 29 -58.180019 11.365088 90.208374 -0.319362 0.501078 -0.804319 0.439185 0.690486 1 28 1.000000
 29 -60.721138 10.909435 91.935387 -0.626767 0.403126 -0.666822 0.442512 0.727443 1 28 1.000000
 29 -57.686180 13.700947 92.047295 -0.166328 0.790821 -0.589014 0.471641 0.686824 1 28 1.000000
MarioHand_alb.png
 29 -58.369591 8.406944 89.416443 -0.371962 0.174059 -0.911783 0.405966 0.694896 1 28 1.000000
 29 -60.721138 10.909435 91.935387 -0.626767 0.403126 -0.666822 0.442512 0.727443 1 28 1.000000
 29 -58.180019 11.365088 90.208374 -0.319362 0.501078 -0.804319 0.439185 0.690486 1 28 1.000000
MarioHand_alb.png
 29 -63.109390 10.069162 94.132118 -0.909986 0.236844 -0.340339 0.447501 0.765850 1 28 1.000000
 29 -62.908730 5.953075 97.146950 -0.819821 0.062660 -0.569182 0.417395 0.826032 1 28 1.000000
 29 -62.833683 8.969271 98.408127 -0.847239 0.207423 -0.489041 0.461097 0.826154 1 28 1.000000
MarioHand_alb.png
 29 -61.484577 7.946098 90.776535 -0.670808 0.152630 -0.725755 0.409125 0.733120 1 28 1.000000
 29 -60.721138 10.909435 91.935387 -0.626767 0.403126 -0.666822 0.442512 0.727443 1 28 1.000000
 29 -58.369591 8.406944 89.416443 -0.371962 0.174059 -0.911783 0.405966 0.694896 1 28 1.000000
MarioHand_alb.png
 29 -61.484577 7.946098 90.776535 -0.670808 0.152630 -0.725755 0.409125 0.733120 1 28 1.000000
 29 -63.109390 10.069162 94.132118 -0.909986 0.236844 -0.340339 0.447501 0.765850 1 28 1.000000
 29 -60.721138 10.909435 91.935387 -0.626767 0.403126 -0.666822 0.442512 0.727443 1 28 1.000000
MarioHand_alb.png
 29 -58.236954 5.217325 89.111153 -0.385564 -0.031272 -0.922151 0.369833 0.699092 1 28 1.000000
 29 -61.484577 7.946098 90.776535 -0.670808 0.152630 -0.725755 0.409125 0.733120 1 28 1.000000
 29 -58.369591 8.406944 89.416443 -0.371962 0.174059 -0.911783 0.405966 0.694896 1 28 1.000000
MarioHand_alb.png
 29 -63.151432 7.207694 93.958420 -0.921430 0.113414 -0.371624 0.414359 0.776150 1 28 1.000000
 29 -62.908730 5.953075 97.146950 -0.819821 0.062660 -0.569182 0.417395 0.826032 1 28 1.000000
 29 -63.109390 10.069162 94.132118 -0.909986 0.236844 -0.340339 0.447501 0.765850 1 28 1.000000
MarioHand_alb.png
 29 -61.484577 7.946098 90.776535 -0.670808 0.152630 -0.725755 0.409125 0.733120 1 28 1.000000
 29 -63.151432 7.207694 93.958420 -0.921430 0.113414 -0.371624 0.414359 0.776150 1 28 1.000000
 29 -63.109390 10.069162 94.132118 -0.909986 0.236844 -0.340339 0.447501 0.765850 1 28 1.000000
MarioHand_alb.png
 29 -58.236954 5.217325 89.111153 -0.385564 -0.031272 -0.922151 0.369833 0.699092 1 28 1.000000
 29 -61.267216 4.680323 90.833275 -0.664845 -0.117387 -0.737700 0.373129 0.740444 1 28 1.000000
 29 -61.484577 7.946098 90.776535 -0.670808 0.152630 -0.725755 0.409125 0.733120 1 28 1.000000
MarioHand_alb.png
 29 -61.484577 7.946098 90.776535 -0.670808 0.152630 -0.725755 0.409125 0.733120 1 28 1.000000
 29 -61.267216 4.680323 90.833275 -0.664845 -0.117387 -0.737700 0.373129 0.740444 1 28 1.000000
 29 -63.151432 7.207694 93.958420 -0.921430 0.113414 -0.371624 0.414359 0.776150 1 28 1.000000
MarioHand_alb.png
 29 -63.151432 7.207694 93.958420 -0.921430 0.113414 -0.371624 0.414359 0.776150 1 28 1.000000
 29 -63.719513 4.148190 93.940346 -0.898694 -0.072380 -0.432563 0.378836 0.787900 1 28 1.000000
 29 -62.908730 5.953075 97.146950 -0.819821 0.062660 -0.569182 0.417395 0.826032 1 28 1.000000
MarioHand_alb.png
 29 -63.151432 7.207694 93.958420 -0.921430 0.113414 -0.371624 0.414359 0.776150 1 28 1.000000
 29 -61.267216 4.680323 90.833275 -0.664845 -0.117387 -0.737700 0.373129 0.740444 1 28 1.000000
 29 -63.719513 4.148190 93.940346 -0.898694 -0.072380 -0.432563 0.378836 0.787900 1 28 1.000000
MarioHand_alb.png
 29 -63.279907 3.128185 98.876938 -0.655403 0.252381 -0.711864 0.386069 0.858091 1 28 1.000000
 29 -62.908730 5.953075 97.146950 -0.819821 0.062660 -0.569182 0.417395 0.826032 1 28 1.000000
 29 -63.719513 4.148190 93.940346 -0.898694 -0.072380 -0.432563 0.378836 0.787900 1 28 1.000000
MarioHand_alb.png
 29 -64.311882 0.637883 97.824913 -0.512605 0.099701 -0.852816 0.347478 0.848371 1 28 1.000000
 29 -63.279907 3.128185 98.876938 -0.655403 0.252381 -0.711864 0.386069 0.858091 1 28 1.000000
 29 -63.719513 4.148190 93.940346 -0.898694 -0.072380 -0.432563 0.378836 0.787900 1 28 1.000000
MarioHand_alb.png
 29 -57.924133 2.149680 89.250587 -0.508710 0.113354 -0.853443 0.333333 0.703883 1 28 1.000000
 29 -61.267216 4.680323 90.833275 -0.664845 -0.117387 -0.737700 0.373129 0.740444 1 28 1.000000
 29 -58.236954 5.217325 89.111153 -0.385564 -0.031272 -0.922151 0.369833 0.699092 1 28 1.000000
MarioHand_alb.png
 29 -57.924133 2.149680 89.250587 -0.508710 0.113354 -0.853443 0.333333 0.703883 1 28 1.000000
 29 -58.236954 5.217325 89.111153 -0.385564 -0.031272 -0.922151 0.369833 0.699092 1 28 1.000000
 29 -54.854000 2.981239 88.249245 -0.218923 0.144789 -0.964940 0.337591 0.661814 1 28 1.000000
MarioHand_alb.png
 29 -57.924133 2.149680 89.250587 -0.508710 0.113354 -0.853443 0.333333 0.703883 1 28 1.000000
 29 -54.854000 2.981239 88.249245 -0.218923 0.144789 -0.964940 0.337591 0.661814 1 28 1.000000
 29 -54.695713 -0.282013 87.010796 -0.175826 0.222938 -0.958845 0.296239 0.662318 1 28 1.000000
MarioHand_alb.png
 29 -60.510262 1.664890 91.595299 -0.727777 -0.064558 -0.682768 0.336233 0.748180 1 28 1.000000
 29 -63.719513 4.148190 93.940346 -0.898694 -0.072380 -0.432563 0.378836 0.787900 1 28 1.000000
 29 -61.267216 4.680323 90.833275 -0.664845 -0.117387 -0.737700 0.373129 0.740444 1 28 1.000000
MarioHand_alb.png
 29 -57.924133 2.149680 89.250587 -0.508710 0.113354 -0.853443 0.333333 0.703883 1 28 1.000000
 29 -60.510262 1.664890 91.595299 -0.727777 -0.064558 -0.682768 0.336233 0.748180 1 28 1.000000
 29 -61.267216 4.680323 90.833275 -0.664845 -0.117387 -0.737700 0.373129 0.740444 1 28 1.000000
MarioHand_alb.png
 29 -63.039143 1.145862 94.459740 -0.830809 -0.211112 -0.514964 0.341253 0.795438 1 28 1.000000
 29 -64.311882 0.637883 97.824913 -0.512605 0.099701 -0.852816 0.347478 0.848371 1 28 1.000000
 29 -63.719513 4.148190 93.940346 -0.898694 -0.072380 -0.432563 0.378836 0.787900 1 28 1.000000
MarioHand_alb.png
 29 -63.039143 1.145862 94.459740 -0.830809 -0.211112 -0.514964 0.341253 0.795438 1 28 1.000000
 29 -63.719513 4.148190 93.940346 -0.898694 -0.072380 -0.432563 0.378836 0.787900 1 28 1.000000
 29 -60.510262 1.664890 91.595299 -0.727777 -0.064558 -0.682768 0.336233 0.748180 1 28 1.000000
MarioHand_alb.png
 29 -57.977600 -1.360753 87.893921 -0.499577 0.248597 -0.829832 0.287846 0.704051 1 28 1.000000
 29 -57.924133 2.149680 89.250587 -0.508710 0.113354 -0.853443 0.333333 0.703883 1 28 1.000000
 29 -54.695713 -0.282013 87.010796 -0.175826 0.222938 -0.958845 0.296239 0.662318 1 28 1.000000
MarioHand_alb.png
 29 -56.234146 -5.414818 86.881813 0.035094 -0.150674 -0.987961 0.238514 0.687938 1 28 1.000000
 29 -57.977600 -1.360753 87.893921 -0.499577 0.248597 -0.829832 0.287846 0.704051 1 28 1.000000
 29 -54.695713 -0.282013 87.010796 -0.175826 0.222938 -0.958845 0.296239 0.662318 1 28 1.000000
MarioHand_alb.png
 29 -60.994728 -1.314394 91.073021 -0.833160 0.125282 -0.538655 0.299733 0.756054 1 28 1.000000
 29 -60.510262 1.664890 91.595299 -0.727777 -0.064558 -0.682768 0.336233 0.748180 1 28 1.000000
 29 -57.924133 2.149680 89.250587 -0.508710 0.113354 -0.853443 0.333333 0.703883 1 28 1.000000
MarioHand_alb.png
 29 -57.977600 -1.360753 87.893921 -0.499577 0.248597 -0.829832 0.287846 0.704051 1 28 1.000000
 29 -60.994728 -1.314394 91.073021 -0.833160 0.125282 -0.538655 0.299733 0.756054 1 28 1.000000
 29 -57.924133 2.149680 89.250587 -0.508710 0.113354 -0.853443 0.333333 0.703883 1 28 1.000000
MarioHand_alb.png
 29 -60.994728 -1.314394 91.073021 -0.833160 0.125282 -0.538655 0.299733 0.756054 1 28 1.000000
 29 -63.039143 1.145862 94.459740 -0.830809 -0.211112 -0.514964 0.341253 0.795438 1 28 1.000000
 29 -60.510262 1.664890 91.595299 -0.727777 -0.064558 -0.682768 0.336233 0.748180 1 28 1.000000
MarioHand_alb.png
 29 -56.234146 -5.414818 86.881813 0.035094 -0.150674 -0.987961 0.238514 0.687938 1 28 1.000000
 29 -59.796238 -4.724871 88.136200 -0.510571 0.228860 -0.828819 0.247639 0.731731 1 28 1.000000
 29 -57.977600 -1.360753 87.893921 -0.499577 0.248597 -0.829832 0.287846 0.704051 1 28 1.000000
MarioHand_alb.png
 29 -59.796238 -4.724871 88.136200 -0.510571 0.228860 -0.828819 0.247639 0.731731 1 28 1.000000
 29 -60.994728 -1.314394 91.073021 -0.833160 0.125282 -0.538655 0.299733 0.756054 1 28 1.000000
 29 -57.977600 -1.360753 87.893921 -0.499577 0.248597 -0.829832 0.287846 0.704051 1 28 1.000000
MarioHand_alb.png
 29 -63.039143 1.145862 94.459740 -0.830809 -0.211112 -0.514964 0.341253 0.795438 1 28 1.000000
 29 -62.198059 -1.664347 94.786369 -0.926644 -0.074319 -0.368521 0.306157 0.804303 1 28 1.000000
 29 -64.311882 0.637883 97.824913 -0.512605 0.099701 -0.852816 0.347478 0.848371 1 28 1.000000
MarioHand_alb.png
 29 -60.994728 -1.314394 91.073021 -0.833160 0.125282 -0.538655 0.299733 0.756054 1 28 1.000000
 29 -62.198059 -1.664347 94.786369 -0.926644 -0.074319 -0.368521 0.306157 0.804303 1 28 1.000000
 29 -63.039143 1.145862 94.459740 -0.830809 -0.211112 -0.514964 0.341253 0.795438 1 28 1.000000
MarioHand_alb.png
 29 -62.198059 -1.664347 94.786369 -0.926644 -0.074319 -0.368521 0.306157 0.804303 1 28 1.000000
 29 -62.848091 -2.209622 97.792381 -0.403455 0.236381 -0.883939 0.313024 0.864622 1 28 1.000000
 29 -64.311882 0.637883 97.824913 -0.512605 0.099701 -0.852816 0.347478 0.848371 1 28 1.000000
MarioHand_alb.png
 29 -63.176334 -4.553710 97.065598 -0.141563 0.340552 -0.929507 0.279179 0.850584 1 28 1.000000
 29 -62.848091 -2.209622 97.792381 -0.403455 0.236381 -0.883939 0.313024 0.864622 1 28 1.000000
 29 -62.198059 -1.664347 94.786369 -0.926644 -0.074319 -0.368521 0.306157 0.804303 1 28 1.000000
MarioHand_alb.png
 29 -61.394379 -4.031870 91.390854 -0.943721 0.109668 -0.312031 0.267933 0.771298 1 28 1.000000
 29 -62.198059 -1.664347 94.786369 -0.926644 -0.074319 -0.368521 0.306157 0.804303 1 28 1.000000
 29 -60.994728 -1.314394 91.073021 -0.833160 0.125282 -0.538655 0.299733 0.756054 1 28 1.000000
MarioHand_alb.png
 29 -59.796238 -4.724871 88.136200 -0.510571 0.228860 -0.828819 0.247639 0.731731 1 28 1.000000
 29 -61.394379 -4.031870 91.390854 -0.943721 0.109668 -0.312031 0.267933 0.771298 1 28 1.000000
 29 -60.994728 -1.314394 91.073021 -0.833160 0.125282 -0.538655 0.299733 0.756054 1 28 1.000000
MarioHand_alb.png
 29 -61.905148 -4.375028 94.479065 -0.939140 0.187866 -0.287616 0.269032 0.813626 1 28 1.000000
 29 -63.176334 -4.553710 97.065598 -0.141563 0.340552 -0.929507 0.279179 0.850584 1 28 1.000000
 29 -62.198059 -1.664347 94.786369 -0.926644 -0.074319 -0.368521 0.306157 0.804303 1 28 1.000000
MarioHand_alb.png
 29 -61.394379 -4.031870 91.390854 -0.943721 0.109668 -0.312031 0.267933 0.771298 1 28 1.000000
 29 -61.905148 -4.375028 94.479065 -0.939140 0.187866 -0.287616 0.269032 0.813626 1 28 1.000000
 29 -62.198059 -1.664347 94.786369 -0.926644 -0.074319 -0.368521 0.306157 0.804303 1 28 1.000000
MarioHand_alb.png
 29 -63.917267 -7.066138 95.425629 -0.979829 -0.179928 -0.086960 0.241749 0.843839 1 28 1.000000
 29 -64.076080 -7.215114 97.019478 -0.030518 -0.888938 -0.457010 0.249042 0.875486 1 28 1.000000
 29 -63.176334 -4.553710 97.065598 -0.141563 0.340552 -0.929507 0.279179 0.850584 1 28 1.000000
MarioHand_alb.png
 29 -61.905148 -4.375028 94.479065 -0.939140 0.187866 -0.287616 0.269032 0.813626 1 28 1.000000
 29 -63.917267 -7.066138 95.425629 -0.979829 -0.179928 -0.086960 0.241749 0.843839 1 28 1.000000
 29 -63.176334 -4.553710 97.065598 -0.141563 0.340552 -0.929507 0.279179 0.850584 1 28 1.000000
MarioHand_alb.png
 29 -63.421730 -7.009658 93.355827 -0.966727 0.156702 0.202196 0.233616 0.825773 1 28 1.000000
 29 -63.917267 -7.066138 95.425629 -0.979829 -0.179928 -0.086960 0.241749 0.843839 1 28 1.000000
 29 -61.905148 -4.375028 94.479065 -0.939140 0.187866 -0.287616 0.269032 0.813626 1 28 1.000000
MarioHand_alb.png
 29 -61.924892 -5.446892 91.196236 -0.759532 0.610849 -0.223549 0.241413 0.788861 1 28 1.000000
 29 -63.421730 -7.009658 93.355827 -0.966727 0.156702 0.202196 0.233616 0.825773 1 28 1.000000
 29 -61.905148 -4.375028 94.479065 -0.939140 0.187866 -0.287616 0.269032 0.813626 1 28 1.000000
MarioHand_alb.png
 29 -61.394379 -4.031870 91.390854 -0.943721 0.109668 -0.312031 0.267933 0.771298 1 28 1.000000
 29 -61.924892 -5.446892 91.196236 -0.759532 0.610849 -0.223549 0.241413 0.788861 1 28 1.000000
 29 -61.905148 -4.375028 94.479065 -0.939140 0.187866 -0.287616 0.269032 0.813626 1 28 1.000000
MarioHand_alb.png
 29 -60.318928 -5.664364 88.474022 -0.417439 0.487361 -0.766958 0.217624 0.761868 1 28 1.000000
 29 -61.924892 -5.446892 91.196236 -0.759532 0.610849 -0.223549 0.241413 0.788861 1 28 1.000000
 29 -61.394379 -4.031870 91.390854 -0.943721 0.109668 -0.312031 0.267933 0.771298 1 28 1.000000
MarioHand_alb.png
 29 -60.318928 -5.664364 88.474022 -0.417439 0.487361 -0.766958 0.217624 0.761868 1 28 1.000000
 29 -61.394379 -4.031870 91.390854 -0.943721 0.109668 -0.312031 0.267933 0.771298 1 28 1.000000
 29 -59.796238 -4.724871 88.136200 -0.510571 0.228860 -0.828819 0.247639 0.731731 1 28 1.000000
MarioHand_alb.png
 29 -57.832809 -7.412331 87.338089 0.086229 -0.062574 -0.994308 0.214008 0.715053 1 28 1.000000
 29 -60.318928 -5.664364 88.474022 -0.417439 0.487361 -0.766958 0.217624 0.761868 1 28 1.000000
 29 -59.796238 -4.724871 88.136200 -0.510571 0.228860 -0.828819 0.247639 0.731731 1 28 1.000000
MarioHand_alb.png
 29 -57.832809 -7.412331 87.338089 0.086229 -0.062574 -0.994308 0.214008 0.715053 1 28 1.000000
 29 -59.796238 -4.724871 88.136200 -0.510571 0.228860 -0.828819 0.247639 0.731731 1 28 1.000000
 29 -56.234146 -5.414818 86.881813 0.035094 -0.150674 -0.987961 0.238514 0.687938 1 28 1.000000
MarioHand_alb.png
 29 -59.664421 -8.570662 86.624863 0.141520 0.291622 -0.946007 0.186007 0.742763 1 28 1.000000
 29 -60.318928 -5.664364 88.474022 -0.417439 0.487361 -0.766958 0.217624 0.761868 1 28 1.000000
 29 -57.832809 -7.412331 87.338089 0.086229 -0.062574 -0.994308 0.214008 0.715053 1 28 1.000000
MarioHand_alb.png
 29 -55.030972 -8.968864 88.427483 0.416861 -0.508204 -0.753629 0.194919 0.672801 1 28 1.000000
 29 -57.832809 -7.412331 87.338089 0.086229 -0.062574 -0.994308 0.214008 0.715053 1 28 1.000000
 29 -56.234146 -5.414818 86.881813 0.035094 -0.150674 -0.987961 0.238514 0.687938 1 28 1.000000
MarioHand_alb.png
 29 -57.517948 -10.443539 87.864525 0.422710 -0.534683 -0.731731 0.173526 0.702617 1 28 1.000000
 29 -59.664421 -8.570662 86.624863 0.141520 0.291622 -0.946007 0.186007 0.742763 1 28 1.000000
 29 -57.832809 -7.412331 87.338089 0.086229 -0.062574 -0.994308 0.214008 0.715053 1 28 1.000000
MarioHand_alb.png
 29 -57.517948 -10.443539 87.864525 0.422710 -0.534683 -0.731731 0.173526 0.702617 1 28 1.000000
 29 -57.832809 -7.412331 87.338089 0.086229 -0.062574 -0.994308 0.214008 0.715053 1 28 1.000000
 29 -55.030972 -8.968864 88.427483 0.416861 -0.508204 -0.753629 0.194919 0.672801 1 28 1.000000
MarioHand_alb.png
 29 -59.906521 -10.019732 86.384468 0.391039 -0.305201 -0.868298 0.163043 0.732021 1 28 1.000000
 29 -59.664421 -8.570662 86.624863 0.141520 0.291622 -0.946007 0.186007 0.742763 1 28 1.000000
 29 -57.517948 -10.443539 87.864525 0.422710 -0.534683 -0.731731 0.173526 0.702617 1 28 1.000000
MarioHand_alb.png
 29 -57.517948 -10.443539 87.864525 0.422710 -0.534683 -0.731731 0.173526 0.702617 1 28 1.000000
 29 -55.030972 -8.968864 88.427483 0.416861 -0.508204 -0.753629 0.194919 0.672801 1 28 1.000000
 29 -55.138783 -10.757280 90.547409 0.498989 -0.842139 -0.204479 0.162478 0.659998 1 28 1.000000
MarioHand_alb.png
 29 -59.906521 -10.019732 86.384468 0.391039 -0.305201 -0.868298 0.163043 0.732021 1 28 1.000000
 29 -57.517948 -10.443539 87.864525 0.422710 -0.534683 -0.731731 0.173526 0.702617 1 28 1.000000
 29 -60.775150 -11.537031 87.138794 0.187695 -0.780822 -0.595893 0.140261 0.721492 1 28 1.000000
MarioHand_alb.png
 29 -57.517948 -10.443539 87.864525 0.422710 -0.534683 -0.731731 0.173526 0.702617 1 28 1.000000
 29 -55.138783 -10.757280 90.547409 0.498989 -0.842139 -0.204479 0.162478 0.659998 1 28 1.000000
 29 -58.426056 -12.001368 89.220337 0.376902 -0.897527 -0.228888 0.146059 0.691539 1 28 1.000000
MarioHand_alb.png
 29 -57.517948 -10.443539 87.864525 0.422710 -0.534683 -0.731731 0.173526 0.702617 1 28 1.000000
 29 -58.426056 -12.001368 89.220337 0.376902 -0.897527 -0.228888 0.146059 0.691539 1 28 1.000000
 29 -60.775150 -11.537031 87.138794 0.187695 -0.780822 -0.595893 0.140261 0.721492 1 28 1.000000
MarioHand_alb.png
 29 -60.129501 4.117122 106.252617 -0.332735 0.437001 0.835654 0.174807 0.908247 1 28 1.000000
 29 -60.459358 3.504579 106.273270 -0.492682 0.003909 0.870201 0.179355 0.899763 1 28 1.000000
 29 -59.451843 3.503901 106.843781 -0.281813 0.003909 0.959461 0.165896 0.899763 1 28 1.000000
MarioHand_alb.png
 29 -60.459358 3.504579 106.273270 -0.492682 0.003909 0.870201 0.179355 0.899763 1 28 1.000000
 29 -60.132538 2.890306 106.256462 -0.334983 -0.431057 0.837840 0.174807 0.891279 1 28 1.000000
 29 -59.451843 3.503901 106.843781 -0.281813 0.003909 0.959461 0.165896 0.899763 1 28 1.000000
MarioHand_alb.png
 29 -59.451843 3.503901 106.843781 -0.281813 0.003909 0.959461 0.165896 0.899763 1 28 1.000000
 29 -60.132538 2.890306 106.256462 -0.334983 -0.431057 0.837840 0.174807 0.891279 1 28 1.000000
 29 -59.236588 2.438886 106.206688 -0.201789 -0.575302 0.792659 0.162371 0.885069 1 28 1.000000
MarioHand_alb.png
 29 -59.451843 3.503901 106.843781 -0.281813 0.003909 0.959461 0.165896 0.899763 1 28 1.000000
 29 -59.236588 2.438886 106.206688 -0.201789 -0.575302 0.792659 0.162371 0.885069 1 28 1.000000
 29 -57.974754 2.759641 106.761719 0.045021 -0.583107 0.811147 0.145403 0.889525 1 28 1.000000
MarioHand_alb.png
 29 -59.451843 3.503901 106.843781 -0.281813 0.003909 0.959461 0.165896 0.899763 1 28 1.000000
 29 -59.231377 4.563796 106.200012 -0.199886 0.581156 0.788862 0.162371 0.914458 1 28 1.000000
 29 -60.129501 4.117122 106.252617 -0.332735 0.437001 0.835654 0.174807 0.908247 1 28 1.000000
MarioHand_alb.png
 29 -59.451843 3.503901 106.843781 -0.281813 0.003909 0.959461 0.165896 0.899763 1 28 1.000000
 29 -57.971096 4.240335 106.757042 0.046924 0.587308 0.808002 0.145403 0.910002 1 28 1.000000
 29 -59.231377 4.563796 106.200012 -0.199886 0.581156 0.788862 0.162371 0.914458 1 28 1.000000
MarioHand_alb.png
 29 -59.451843 3.503901 106.843781 -0.281813 0.003909 0.959461 0.165896 0.899763 1 28 1.000000
 29 -57.974754 2.759641 106.761719 0.045021 -0.583107 0.811147 0.145403 0.889525 1 28 1.000000
 29 -57.952511 3.501062 107.116562 0.056821 0.003909 0.998377 0.145403 0.899763 1 28 1.000000
MarioHand_alb.png
 29 -59.451843 3.503901 106.843781 -0.281813 0.003909 0.959461 0.165896 0.899763 1 28 1.000000
 29 -57.952511 3.501062 107.116562 0.056821 0.003909 0.998377 0.145403 0.899763 1 28 1.000000
 29 -57.971096 4.240335 106.757042 0.046924 0.587308 0.808002 0.145403 0.910002 1 28 1.000000
MarioHand_alb.png
 29 -57.974754 2.759641 106.761719 0.045021 -0.583107 0.811147 0.145403 0.889525 1 28 1.000000
 29 -56.494003 3.496082 106.674980 0.387647 0.001955 0.921806 0.124910 0.899763 1 28 1.000000
 29 -57.952511 3.501062 107.116562 0.056821 0.003909 0.998377 0.145403 0.899763 1 28 1.000000
MarioHand_alb.png
 29 -57.952511 3.501062 107.116562 0.056821 0.003909 0.998377 0.145403 0.899763 1 28 1.000000
 29 -56.494003 3.496082 106.674980 0.387647 0.001955 0.921806 0.124910 0.899763 1 28 1.000000
 29 -57.971096 4.240335 106.757042 0.046924 0.587308 0.808002 0.145403 0.910002 1 28 1.000000
MarioHand_alb.png
 29 -57.974754 2.759641 106.761719 0.045021 -0.583107 0.811147 0.145403 0.889525 1 28 1.000000
 29 -56.785885 2.432410 106.066841 0.288023 -0.575687 0.765263 0.128420 0.885069 1 28 1.000000
 29 -56.494003 3.496082 106.674980 0.387647 0.001955 0.921806 0.124910 0.899763 1 28 1.000000
MarioHand_alb.png
 29 -56.494003 3.496082 106.674980 0.387647 0.001955 0.921806 0.124910 0.899763 1 28 1.000000
 29 -56.785885 2.432410 106.066841 0.288023 -0.575687 0.765263 0.128420 0.885069 1 28 1.000000
 29 -55.887779 2.879088 106.014236 0.426534 -0.432590 0.794314 0.115984 0.891279 1 28 1.000000
MarioHand_alb.png
 29 -57.971096 4.240335 106.757042 0.046924 0.587308 0.808002 0.145403 0.910002 1 28 1.000000
 29 -56.494003 3.496082 106.674980 0.387647 0.001955 0.921806 0.124910 0.899763 1 28 1.000000
 29 -56.780659 4.557323 106.060143 0.291425 0.579131 0.761367 0.128420 0.914458 1 28 1.000000
MarioHand_alb.png
 29 -56.494003 3.496082 106.674980 0.387647 0.001955 0.921806 0.124910 0.899763 1 28 1.000000
 29 -55.884754 4.105906 106.010361 0.428319 0.434040 0.792561 0.115984 0.908247 1 28 1.000000
 29 -56.780659 4.557323 106.060143 0.291425 0.579131 0.761367 0.128420 0.914458 1 28 1.000000
MarioHand_alb.png
 29 -56.494003 3.496082 106.674980 0.387647 0.001955 0.921806 0.124910 0.899763 1 28 1.000000
 29 -55.887779 2.879088 106.014236 0.426534 -0.432590 0.794314 0.115984 0.891279 1 28 1.000000
 29 -55.557922 3.491625 105.993538 0.589078 0.002003 0.808074 0.111437 0.899763 1 28 1.000000
MarioHand_alb.png
 29 -56.494003 3.496082 106.674980 0.387647 0.001955 0.921806 0.124910 0.899763 1 28 1.000000
 29 -55.557922 3.491625 105.993538 0.589078 0.002003 0.808074 0.111437 0.899763 1 28 1.000000
 29 -55.884754 4.105906 106.010361 0.428319 0.434040 0.792561 0.115984 0.908247 1 28 1.000000
MarioHand_alb.png
 29 -55.780312 -2.489126 104.991730 0.477572 -0.629794 0.612605 0.035859 0.852110 1 28 1.000000
 29 -56.319386 -2.071728 105.840248 0.458222 -0.246852 0.853872 0.044770 0.860594 1 28 1.000000
 29 -56.681477 -2.932805 104.995331 0.334558 -0.761291 0.555435 0.048280 0.845899 1 28 1.000000
MarioHand_alb.png
 29 -56.319386 -2.071728 105.840248 0.458222 -0.246852 0.853872 0.044770 0.860594 1 28 1.000000
 29 -57.805096 -2.803219 105.846191 0.094610 -0.779242 0.619541 0.065263 0.850355 1 28 1.000000
 29 -56.681477 -2.932805 104.995331 0.334558 -0.761291 0.555435 0.048280 0.845899 1 28 1.000000
MarioHand_alb.png
 29 -56.319386 -2.071728 105.840248 0.458222 -0.246852 0.853872 0.044770 0.860594 1 28 1.000000
 29 -55.750038 -1.306322 105.316025 0.499394 0.205680 0.841606 0.035859 0.869078 1 28 1.000000
 29 -56.629028 -0.884136 105.557053 0.361181 0.353935 0.862716 0.048280 0.875303 1 28 1.000000
MarioHand_alb.png
 29 -56.319386 -2.071728 105.840248 0.458222 -0.246852 0.853872 0.044770 0.860594 1 28 1.000000
 29 -56.629028 -0.884136 105.557053 0.361181 0.353935 0.862716 0.048280 0.875303 1 28 1.000000
 29 -57.768551 -1.375658 106.237610 0.123214 0.348281 0.929257 0.065263 0.870832 1 28 1.000000
MarioHand_alb.png
 29 -56.319386 -2.071728 105.840248 0.458222 -0.246852 0.853872 0.044770 0.860594 1 28 1.000000
 29 -55.439407 -1.893791 105.109100 0.649620 -0.217168 0.728582 0.031296 0.860594 1 28 1.000000
 29 -55.750038 -1.306322 105.316025 0.499394 0.205680 0.841606 0.035859 0.869078 1 28 1.000000
MarioHand_alb.png
 29 -56.319386 -2.071728 105.840248 0.458222 -0.246852 0.853872 0.044770 0.860594 1 28 1.000000
 29 -55.780312 -2.489126 104.991730 0.477572 -0.629794 0.612605 0.035859 0.852110 1 28 1.000000
 29 -55.439407 -1.893791 105.109100 0.649620 -0.217168 0.728582 0.031296 0.860594 1 28 1.000000
MarioHand_alb.png
 29 -56.319386 -2.071728 105.840248 0.458222 -0.246852 0.853872 0.044770 0.860594 1 28 1.000000
 29 -57.768551 -1.375658 106.237610 0.123214 0.348281 0.929257 0.065263 0.870832 1 28 1.000000
 29 -57.738739 -2.184325 106.383476 0.135045 -0.265989 0.954470 0.065263 0.860594 1 28 1.000000
MarioHand_alb.png
 29 -56.319386 -2.071728 105.840248 0.458222 -0.246852 0.853872 0.044770 0.860594 1 28 1.000000
 29 -57.738739 -2.184325 106.383476 0.135045 -0.265989 0.954470 0.065263 0.860594 1 28 1.000000
 29 -57.805096 -2.803219 105.846191 0.094610 -0.779242 0.619541 0.065263 0.850355 1 28 1.000000
MarioHand_alb.png
 29 -57.768551 -1.375658 106.237610 0.123214 0.348281 0.929257 0.065263 0.870832 1 28 1.000000
 29 -59.254246 -2.107162 106.243553 -0.205566 -0.254144 0.945068 0.085756 0.860594 1 28 1.000000
 29 -57.738739 -2.184325 106.383476 0.135045 -0.265989 0.954470 0.065263 0.860594 1 28 1.000000
MarioHand_alb.png
 29 -57.738739 -2.184325 106.383476 0.135045 -0.265989 0.954470 0.065263 0.860594 1 28 1.000000
 29 -59.254246 -2.107162 106.243553 -0.205566 -0.254144 0.945068 0.085756 0.860594 1 28 1.000000
 29 -57.805096 -2.803219 105.846191 0.094610 -0.779242 0.619541 0.065263 0.850355 1 28 1.000000
MarioHand_alb.png
 29 -57.768551 -1.375658 106.237610 0.123214 0.348281 0.929257 0.065263 0.870832 1 28 1.000000
 29 -59.060692 -0.913498 105.891205 -0.124728 0.347979 0.929168 0.082246 0.875303 1 28 1.000000
 29 -59.254246 -2.107162 106.243553 -0.205566 -0.254144 0.945068 0.085756 0.860594 1 28 1.000000
MarioHand_alb.png
 29 -59.060692 -0.913498 105.891205 -0.124728 0.347979 0.929168 0.082246 0.875303 1 28 1.000000
 29 -59.961815 -1.357189 105.894814 -0.257084 0.197724 0.945946 0.094667 0.869078 1 28 1.000000
 29 -59.254246 -2.107162 106.243553 -0.205566 -0.254144 0.945068 0.085756 0.860594 1 28 1.000000
MarioHand_alb.png
 29 -57.805096 -2.803219 105.846191 0.094610 -0.779242 0.619541 0.065263 0.850355 1 28 1.000000
 29 -59.254246 -2.107162 106.243553 -0.205566 -0.254144 0.945068 0.085756 0.860594 1 28 1.000000
 29 -59.113140 -2.962170 105.329498 -0.152595 -0.766909 0.623350 0.082246 0.845899 1 28 1.000000
MarioHand_alb.png
 29 -59.254246 -2.107162 106.243553 -0.205566 -0.254144 0.945068 0.085756 0.860594 1 28 1.000000
 29 -59.992104 -2.539984 105.570511 -0.278126 -0.639757 0.716489 0.094667 0.852110 1 28 1.000000
 29 -59.113140 -2.962170 105.329498 -0.152595 -0.766909 0.623350 0.082246 0.845899 1 28 1.000000
MarioHand_alb.png
 29 -59.254246 -2.107162 106.243553 -0.205566 -0.254144 0.945068 0.085756 0.860594 1 28 1.000000
 29 -60.302750 -1.952513 105.777428 -0.422748 -0.229211 0.876782 0.099229 0.860594 1 28 1.000000
 29 -59.992104 -2.539984 105.570511 -0.278126 -0.639757 0.716489 0.094667 0.852110 1 28 1.000000
MarioHand_alb.png
 29 -59.254246 -2.107162 106.243553 -0.205566 -0.254144 0.945068 0.085756 0.860594 1 28 1.000000
 29 -59.961815 -1.357189 105.894814 -0.257084 0.197724 0.945946 0.094667 0.869078 1 28 1.000000
 29 -60.302750 -1.952513 105.777428 -0.422748 -0.229211 0.876782 0.099229 0.860594 1 28 1.000000
end
