version 1
nodes
  0 "nw4f_root"  -1
  1 "AllRoot"   0
  2 "JointRoot"   1
  3 "Hip"   2
  4 "LegL1"   3
  5 "LegL2"   4
  6 "FootL"   5
  7 "ToeL"   6
  8 "LegR1"   3
  9 "LegR2"   8
 10 "FootR"   9
 11 "ToeR"  10
 12 "Spine1"   2
 13 "Spine2"  12
 14 "Bag"  13
 15 "Head"  13
 16 "JoeUnder"  15
 17 "ShoulderL"  13
 18 "ArmL1"  17
 19 "ArmL1Sub"  18
 20 "ArmL2"  18
 21 "ArmL2Sub"  20
 22 "HandL"  20
 23 "ShoulderR"  13
 24 "ArmR1"  23
 25 "ArmR1Sub"  24
 26 "ArmR2"  24
 27 "ArmR2Sub"  26
 28 "HandR"  26
 29 "LuigiUnused_LHand3"  -1
end
skeleton
time 0
  0 0.000000 0.000000 0.000000 1.570796 -0.000000 0.000000
  1 0.000000 0.000000 0.000000 0.000000 -0.000000 0.000000
  2 0.000000 68.028503 -3.990591 0.000000 -0.000000 0.000000
  3 0.000000 -2.000000 0.000001 -1.570796 -3.141592 1.570796
  4 4.029991 2.576941 -10.147688 0.000000 -0.000000 0.000000
  5 26.211063 0.000204 -0.000088 0.000000 -0.000000 0.000000
  6 22.942825 0.000005 0.000004 0.000000 0.000000 1.134464
  7 12.169998 0.000008 0.000000 -0.000000 0.000000 0.436332
  8 4.029991 2.576937 10.147690 0.000000 -0.000000 0.000000
  9 26.211067 0.000200 0.000096 0.000000 -0.000000 0.000000
 10 22.942818 0.000005 0.000004 0.000000 0.000000 1.134464
 11 12.170002 0.000010 0.000000 -0.000000 0.000000 0.436332
 12 0.000000 4.277161 -0.000000 1.570796 -0.000000 1.570796
 13 13.929802 0.000000 0.000000 0.000000 -0.000000 0.000000
 14 22.639145 -16.116180 0.000000 -1.570796 -1.570451 0.000000
 15 20.107773 0.000587 -0.000000 0.000000 0.000000 1.570796
 16 0.073432 -15.880157 -0.000000 -3.141592 0.000000 0.575263
 17 10.084557 0.778702 3.123569 -1.570796 -1.570451 0.000000
 18 12.086020 0.000000 0.000000 0.000000 0.000000 0.000000
 19 5.370699 0.000000 0.000001 -0.000000 0.000000 0.000000
 20 12.261209 0.000000 0.000001 -0.000000 0.000000 0.000000
 21 8.518942 0.000023 -0.000006 -0.000000 0.000001 -0.000000
 22 19.602606 0.000038 0.000000 -0.000000 0.000001 -0.000000
 23 10.084557 0.778702 -3.123570 1.570796 1.570451 0.000000
 24 12.086014 0.000000 0.000000 -0.000000 0.000000 0.000000
 25 5.370700 0.000000 0.000000 0.000000 0.000000 -0.000000
 26 12.261210 0.000000 -0.000001 0.000000 0.000001 -0.000000
 27 8.518951 0.000000 0.000006 0.000000 -0.000000 0.000000
 28 19.602608 0.000000 0.000000 0.000000 -0.000000 0.000000
 29 0.000000 0.000000 0.000000 0.000000 -0.000000 0.000000
end
triangles
MarioHand_alb.png
 29 58.166866 8.409189 104.197327 0.064459 -0.341936 -0.937510 0.126024 0.804623 1 22 1.000000
 29 60.578278 8.872711 105.413612 0.496588 -0.299497 -0.814679 0.129351 0.836851 1 22 1.000000
 29 60.227821 8.297356 105.613190 0.428740 -0.639868 -0.637770 0.120699 0.833371 1 22 1.000000
MarioHand_alb.png
 29 58.166866 8.409189 104.197327 0.064459 -0.341936 -0.937510 0.126024 0.804623 1 22 1.000000
 29 56.016651 8.263659 105.457199 -0.332976 -0.645546 -0.687311 0.116213 0.779187 1 22 1.000000
 29 55.672310 8.833571 105.234245 -0.385772 -0.311365 -0.868465 0.123690 0.774762 1 22 1.000000
MarioHand_alb.png
 29 58.166866 8.409189 104.197327 0.064459 -0.341936 -0.937510 0.126024 0.804623 1 22 1.000000
 29 56.022778 9.408927 105.034691 -0.314995 0.058728 -0.947274 0.131807 0.777768 1 22 1.000000
 29 57.061813 9.871284 104.907379 -0.152621 0.320696 -0.934805 0.140795 0.788968 1 22 1.000000
MarioHand_alb.png
 29 58.166866 8.409189 104.197327 0.064459 -0.341936 -0.937510 0.126024 0.804623 1 22 1.000000
 29 59.193581 9.887636 105.002914 0.259854 0.336551 -0.905102 0.145052 0.819120 1 22 1.000000
 29 60.233948 9.442625 105.190674 0.425970 0.076270 -0.901517 0.137346 0.832349 1 22 1.000000
MarioHand_alb.png
 29 57.057014 7.818653 105.644974 -0.305187 -0.316917 0.898011 0.026749 0.897826 1 22 1.000000
 29 56.621323 9.061601 105.869118 -0.402886 0.311225 0.860710 0.023239 0.912490 1 22 1.000000
 29 56.016651 8.263659 105.457199 -0.418575 -0.170177 0.892096 0.014343 0.904021 1 22 1.000000
MarioHand_alb.png
 29 56.022778 9.408927 105.034691 -0.418478 0.704680 0.572976 0.014343 0.920958 1 22 1.000000
 29 56.621323 9.061601 105.869118 -0.402886 0.311225 0.860710 0.023239 0.912490 1 22 1.000000
 29 57.061813 9.871284 104.907379 -0.291809 0.819734 0.492832 0.026749 0.927169 1 22 1.000000
MarioHand_alb.png
 29 59.193581 9.887636 105.002914 0.205227 0.822147 0.530996 0.060639 0.927169 1 22 1.000000
 29 59.581917 9.085223 105.977348 0.283370 0.320460 0.903885 0.064149 0.912490 1 22 1.000000
 29 60.233948 9.442625 105.190674 0.328812 0.710169 0.622530 0.073045 0.920958 1 22 1.000000
MarioHand_alb.png
 29 60.227821 8.297356 105.613190 0.315042 -0.152563 0.936735 0.073045 0.904021 1 22 1.000000
 29 59.581917 9.085223 105.977348 0.283370 0.320460 0.903885 0.064149 0.912490 1 22 1.000000
 29 59.188789 7.835011 105.740517 0.196064 -0.299341 0.933785 0.060639 0.897826 1 22 1.000000
MarioHand_alb.png
 29 58.105400 9.768345 105.667931 -0.046539 0.826156 0.561516 0.043687 0.922713 1 22 1.000000
 29 58.131592 10.004710 104.900879 -0.033568 0.954595 0.296010 0.043687 0.929427 1 22 1.000000
 29 57.061813 9.871284 104.907379 -0.291809 0.819734 0.492832 0.026749 0.927169 1 22 1.000000
MarioHand_alb.png
 29 58.105400 9.768345 105.667931 -0.046539 0.826156 0.561516 0.043687 0.922713 1 22 1.000000
 29 59.193581 9.887636 105.002914 0.205227 0.822147 0.530996 0.060639 0.927169 1 22 1.000000
 29 58.131592 10.004710 104.900879 -0.033568 0.954595 0.296010 0.043687 0.929427 1 22 1.000000
MarioHand_alb.png
 29 58.097836 8.378485 106.178528 -0.060664 -0.276230 0.959175 0.043687 0.902281 1 22 1.000000
 29 58.119034 7.701585 105.746994 -0.052631 -0.540326 0.839808 0.043687 0.895552 1 22 1.000000
 29 59.188789 7.835011 105.740517 0.196064 -0.299341 0.933785 0.060639 0.897826 1 22 1.000000
MarioHand_alb.png
 29 58.097836 8.378485 106.178528 -0.060664 -0.276230 0.959175 0.043687 0.902281 1 22 1.000000
 29 57.057014 7.818653 105.644974 -0.305187 -0.316917 0.898011 0.026749 0.897826 1 22 1.000000
 29 58.119034 7.701585 105.746994 -0.052631 -0.540326 0.839808 0.043687 0.895552 1 22 1.000000
MarioHand_alb.png
 29 60.459366 3.504579 106.273285 0.493012 -0.002003 -0.870021 0.080049 0.771603 1 22 1.000000
 29 58.069679 3.492923 104.919441 0.056441 -0.003909 -0.998398 0.079652 0.742016 1 22 1.000000
 29 60.129509 4.117122 106.252625 0.430657 0.354367 -0.830035 0.087785 0.768002 1 22 1.000000
MarioHand_alb.png
 29 58.069679 3.492923 104.919441 0.056441 -0.003909 -0.998398 0.079652 0.742016 1 22 1.000000
 29 60.459366 3.504579 106.273285 0.493012 -0.002003 -0.870021 0.080049 0.771603 1 22 1.000000
 29 60.132545 2.890305 106.256470 0.432695 -0.356645 -0.827997 0.072221 0.768200 1 22 1.000000
MarioHand_alb.png
 29 58.069679 3.492923 104.919441 0.056441 -0.003909 -0.998398 0.079652 0.742016 1 22 1.000000
 29 60.132545 2.890305 106.256470 0.432695 -0.356645 -0.827997 0.072221 0.768200 1 22 1.000000
 29 59.236603 2.438885 106.206696 0.257899 -0.620140 -0.740887 0.064927 0.758129 1 22 1.000000
MarioHand_alb.png
 29 58.069679 3.492923 104.919441 0.056441 -0.003909 -0.998398 0.079652 0.742016 1 22 1.000000
 29 56.785889 2.432409 106.066856 -0.168585 -0.622371 -0.764352 0.063508 0.724529 1 22 1.000000
 29 55.887787 2.879087 106.014252 -0.335003 -0.360067 -0.870704 0.070726 0.712642 1 22 1.000000
MarioHand_alb.png
 29 58.069679 3.492923 104.919441 0.056441 -0.003909 -0.998398 0.079652 0.742016 1 22 1.000000
 29 55.884766 4.105906 106.010376 -0.336405 0.353950 -0.872669 0.087816 0.712413 1 22 1.000000
 29 56.780670 4.557322 106.060158 -0.171684 0.616536 -0.768380 0.095338 0.724102 1 22 1.000000
MarioHand_alb.png
 29 58.069679 3.492923 104.919441 0.056441 -0.003909 -0.998398 0.079652 0.742016 1 22 1.000000
 29 59.231392 4.563795 106.200027 0.254097 0.616166 -0.745503 0.094804 0.757733 1 22 1.000000
 29 60.129509 4.117122 106.252625 0.430657 0.354367 -0.830035 0.087785 0.768002 1 22 1.000000
MarioHand_alb.png
 29 57.971111 4.240333 106.757057 -0.046924 0.587308 0.808002 0.145403 0.910002 1 22 1.000000
 29 58.005646 4.724921 106.129570 -0.037388 0.792962 0.608122 0.145403 0.916732 1 22 1.000000
 29 56.780670 4.557322 106.060158 -0.291425 0.579131 0.761367 0.128420 0.914458 1 22 1.000000
MarioHand_alb.png
 29 57.971111 4.240333 106.757057 -0.046924 0.587308 0.808002 0.145403 0.910002 1 22 1.000000
 29 59.231392 4.563795 106.200027 0.199475 0.581453 0.788747 0.162371 0.914458 1 22 1.000000
 29 58.005646 4.724921 106.129570 -0.037388 0.792962 0.608122 0.145403 0.916732 1 22 1.000000
MarioHand_alb.png
 29 57.974762 2.759641 106.761726 -0.045008 -0.582384 0.811667 0.145403 0.889525 1 22 1.000000
 29 58.011684 2.271286 106.137291 -0.033189 -0.788468 0.614180 0.145403 0.882795 1 22 1.000000
 29 59.236603 2.438885 106.206696 0.201414 -0.575395 0.792687 0.162371 0.885069 1 22 1.000000
MarioHand_alb.png
 29 57.974762 2.759641 106.761726 -0.045008 -0.582384 0.811667 0.145403 0.889525 1 22 1.000000
 29 56.785889 2.432409 106.066856 -0.287657 -0.575814 0.765305 0.128420 0.885069 1 22 1.000000
 29 58.011684 2.271286 106.137291 -0.033189 -0.788468 0.614180 0.145403 0.882795 1 22 1.000000
MarioHand_alb.png
 29 58.024071 -1.630620 104.278275 0.132717 0.259891 -0.956474 0.028763 0.796063 1 22 1.000000
 29 60.302753 -1.952513 105.777443 0.557571 0.234522 -0.796313 0.031662 0.825483 1 22 1.000000
 29 59.992123 -2.539985 105.570526 0.504188 -0.121113 -0.855060 0.023590 0.822782 1 22 1.000000
MarioHand_alb.png
 29 58.024071 -1.630620 104.278275 0.132717 0.259891 -0.956474 0.028763 0.796063 1 22 1.000000
 29 59.992123 -2.539985 105.570526 0.504188 -0.121113 -0.855060 0.023590 0.822782 1 22 1.000000
 29 59.113152 -2.962170 105.329514 0.330288 -0.402919 -0.853561 0.015473 0.813352 1 22 1.000000
MarioHand_alb.png
 29 58.024071 -1.630620 104.278275 0.132717 0.259891 -0.956474 0.028763 0.796063 1 22 1.000000
 29 55.439415 -1.893792 105.109116 -0.318946 0.244718 -0.915635 0.025452 0.762387 1 22 1.000000
 29 55.750053 -1.306323 105.316032 -0.272356 0.573213 -0.772819 0.034363 0.765911 1 22 1.000000
MarioHand_alb.png
 29 58.024071 -1.630620 104.278275 0.132717 0.259891 -0.956474 0.028763 0.796063 1 22 1.000000
 29 55.750053 -1.306323 105.316032 -0.272356 0.573213 -0.772819 0.034363 0.765911 1 22 1.000000
 29 56.629044 -0.884137 105.557068 -0.121306 0.794452 -0.595088 0.042863 0.776913 1 22 1.000000
MarioHand_alb.png
 29 58.024071 -1.630620 104.278275 0.132717 0.259891 -0.956474 0.028763 0.796063 1 22 1.000000
 29 59.060703 -0.913498 105.891212 0.295270 0.788568 -0.539422 0.045182 0.810422 1 22 1.000000
 29 59.961830 -1.357189 105.894829 0.481428 0.561598 -0.672930 0.039063 0.821256 1 22 1.000000
MarioHand_alb.png
 29 57.768555 -1.375658 106.237625 -0.123217 0.348218 0.929280 0.065263 0.870832 1 22 1.000000
 29 57.840790 -0.740353 105.767601 -0.101478 0.599022 0.794277 0.065263 0.877577 1 22 1.000000
 29 56.629044 -0.884137 105.557068 -0.361732 0.354244 0.862358 0.048280 0.875303 1 22 1.000000
MarioHand_alb.png
 29 57.768555 -1.375658 106.237625 -0.123217 0.348218 0.929280 0.065263 0.870832 1 22 1.000000
 29 59.060703 -0.913498 105.891212 0.125096 0.348120 0.929066 0.082246 0.875303 1 22 1.000000
 29 57.840790 -0.740353 105.767601 -0.101478 0.599022 0.794277 0.065263 0.877577 1 22 1.000000
MarioHand_alb.png
 29 57.805107 -2.803220 105.846199 -0.094222 -0.778714 0.620263 0.065263 0.850355 1 22 1.000000
 29 57.901375 -3.105954 105.118988 -0.062562 -0.924452 0.376132 0.065263 0.843626 1 22 1.000000
 29 59.113152 -2.962170 105.329514 0.152595 -0.766909 0.623350 0.082246 0.845899 1 22 1.000000
MarioHand_alb.png
 29 57.805107 -2.803220 105.846199 -0.094222 -0.778714 0.620263 0.065263 0.850355 1 22 1.000000
 29 56.681488 -2.932806 104.995346 -0.334183 -0.761448 0.555445 0.048280 0.845899 1 22 1.000000
 29 57.901375 -3.105954 105.118988 -0.062562 -0.924452 0.376132 0.065263 0.843626 1 22 1.000000
MarioHand_alb.png
 29 60.578278 8.872711 105.413612 0.496588 -0.299497 -0.814679 0.129351 0.836851 1 22 1.000000
 29 58.166866 8.409189 104.197327 0.064459 -0.341936 -0.937510 0.126024 0.804623 1 22 1.000000
 29 60.233948 9.442625 105.190674 0.425970 0.076270 -0.901517 0.137346 0.832349 1 22 1.000000
MarioHand_alb.png
 29 58.166866 8.409189 104.197327 0.064459 -0.341936 -0.937510 0.126024 0.804623 1 22 1.000000
 29 57.057014 7.818653 105.644974 -0.172418 -0.849310 -0.498943 0.109575 0.791959 1 22 1.000000
 29 56.016651 8.263659 105.457199 -0.332976 -0.645546 -0.687311 0.116213 0.779187 1 22 1.000000
MarioHand_alb.png
 29 59.188789 7.835011 105.740517 0.254832 -0.845086 -0.469990 0.111543 0.821118 1 22 1.000000
 29 58.166866 8.409189 104.197327 0.064459 -0.341936 -0.937510 0.126024 0.804623 1 22 1.000000
 29 60.227821 8.297356 105.613190 0.428740 -0.639868 -0.637770 0.120699 0.833371 1 22 1.000000
MarioHand_alb.png
 29 58.166866 8.409189 104.197327 0.064459 -0.341936 -0.937510 0.126024 0.804623 1 22 1.000000
 29 55.672310 8.833571 105.234245 -0.385772 -0.311365 -0.868465 0.123690 0.774762 1 22 1.000000
 29 56.022778 9.408927 105.034691 -0.314995 0.058728 -0.947274 0.131807 0.777768 1 22 1.000000
MarioHand_alb.png
 29 60.302753 -1.952513 105.777443 0.557571 0.234522 -0.796313 0.031662 0.825483 1 22 1.000000
 29 58.024071 -1.630620 104.278275 0.132717 0.259891 -0.956474 0.028763 0.796063 1 22 1.000000
 29 59.961830 -1.357189 105.894829 0.481428 0.561598 -0.672930 0.039063 0.821256 1 22 1.000000
MarioHand_alb.png
 29 58.024071 -1.630620 104.278275 0.132717 0.259891 -0.956474 0.028763 0.796063 1 22 1.000000
 29 56.681488 -2.932806 104.995346 -0.097639 -0.401163 -0.910788 0.011200 0.780026 1 22 1.000000
 29 55.780319 -2.489127 104.991745 -0.260257 -0.115532 -0.958602 0.017380 0.767575 1 22 1.000000
MarioHand_alb.png
 29 58.024071 -1.630620 104.278275 0.132717 0.259891 -0.956474 0.028763 0.796063 1 22 1.000000
 29 59.113152 -2.962170 105.329514 0.330288 -0.402919 -0.853561 0.015473 0.813352 1 22 1.000000
 29 57.901375 -3.105954 105.118988 0.111403 -0.499406 -0.859176 0.009796 0.797604 1 22 1.000000
MarioHand_alb.png
 29 57.901375 -3.105954 105.118988 0.111403 -0.499406 -0.859176 0.009796 0.797604 1 22 1.000000
 29 56.681488 -2.932806 104.995346 -0.097639 -0.401163 -0.910788 0.011200 0.780026 1 22 1.000000
 29 58.024071 -1.630620 104.278275 0.132717 0.259891 -0.956474 0.028763 0.796063 1 22 1.000000
MarioHand_alb.png
 29 58.024071 -1.630620 104.278275 0.132717 0.259891 -0.956474 0.028763 0.796063 1 22 1.000000
 29 55.780319 -2.489127 104.991745 -0.260257 -0.115532 -0.958602 0.017380 0.767575 1 22 1.000000
 29 55.439415 -1.893792 105.109116 -0.318946 0.244718 -0.915635 0.025452 0.762387 1 22 1.000000
MarioHand_alb.png
 29 58.069679 3.492923 104.919441 0.056441 -0.003909 -0.998398 0.079652 0.742016 1 22 1.000000
 29 55.887787 2.879087 106.014252 -0.335003 -0.360067 -0.870704 0.070726 0.712642 1 22 1.000000
 29 55.557934 3.491624 105.993553 -0.393318 -0.003910 -0.919394 0.079210 0.708141 1 22 1.000000
MarioHand_alb.png
 29 59.236603 2.438885 106.206696 0.257899 -0.620140 -0.740887 0.064927 0.758129 1 22 1.000000
 29 58.011684 2.271286 106.137291 0.043106 -0.706426 -0.706473 0.060624 0.741924 1 22 1.000000
 29 58.069679 3.492923 104.919441 0.056441 -0.003909 -0.998398 0.079652 0.742016 1 22 1.000000
MarioHand_alb.png
 29 58.011684 2.271286 106.137291 0.043106 -0.706426 -0.706473 0.060624 0.741924 1 22 1.000000
 29 56.785889 2.432409 106.066856 -0.168585 -0.622371 -0.764352 0.063508 0.724529 1 22 1.000000
 29 58.069679 3.492923 104.919441 0.056441 -0.003909 -0.998398 0.079652 0.742016 1 22 1.000000
MarioHand_alb.png
 29 55.884766 4.105906 106.010376 -0.336405 0.353950 -0.872669 0.087816 0.712413 1 22 1.000000
 29 58.069679 3.492923 104.919441 0.056441 -0.003909 -0.998398 0.079652 0.742016 1 22 1.000000
 29 55.557934 3.491624 105.993553 -0.393318 -0.003910 -0.919394 0.079210 0.708141 1 22 1.000000
MarioHand_alb.png
 29 58.069679 3.492923 104.919441 0.056441 -0.003909 -0.998398 0.079652 0.742016 1 22 1.000000
 29 56.780670 4.557322 106.060158 -0.171684 0.616536 -0.768380 0.095338 0.724102 1 22 1.000000
 29 58.005646 4.724921 106.129570 0.038911 0.700489 -0.712601 0.098680 0.741421 1 22 1.000000
MarioHand_alb.png
 29 58.069679 3.492923 104.919441 0.056441 -0.003909 -0.998398 0.079652 0.742016 1 22 1.000000
 29 58.005646 4.724921 106.129570 0.038911 0.700489 -0.712601 0.098680 0.741421 1 22 1.000000
 29 59.231392 4.563795 106.200027 0.254097 0.616166 -0.745503 0.094804 0.757733 1 22 1.000000
MarioHand_alb.png
 29 59.188789 7.835011 105.740517 0.254832 -0.845086 -0.469990 0.111543 0.821118 1 22 1.000000
 29 58.119034 7.701585 105.746994 0.041196 -0.907835 -0.417299 0.107530 0.806531 1 22 1.000000
 29 58.166866 8.409189 104.197327 0.064459 -0.341936 -0.937510 0.126024 0.804623 1 22 1.000000
MarioHand_alb.png
 29 58.119034 7.701585 105.746994 0.041196 -0.907835 -0.417299 0.107530 0.806531 1 22 1.000000
 29 57.057014 7.818653 105.644974 -0.172418 -0.849310 -0.498943 0.109575 0.791959 1 22 1.000000
 29 58.166866 8.409189 104.197327 0.064459 -0.341936 -0.937510 0.126024 0.804623 1 22 1.000000
MarioHand_alb.png
 29 57.061813 9.871284 104.907379 -0.152621 0.320696 -0.934805 0.140795 0.788968 1 22 1.000000
 29 58.131592 10.004710 104.900879 0.060259 0.406842 -0.911509 0.145708 0.803189 1 22 1.000000
 29 58.166866 8.409189 104.197327 0.064459 -0.341936 -0.937510 0.126024 0.804623 1 22 1.000000
MarioHand_alb.png
 29 58.131592 10.004710 104.900879 0.060259 0.406842 -0.911509 0.145708 0.803189 1 22 1.000000
 29 59.193581 9.887636 105.002914 0.259854 0.336551 -0.905102 0.145052 0.819120 1 22 1.000000
 29 58.166866 8.409189 104.197327 0.064459 -0.341936 -0.937510 0.126024 0.804623 1 22 1.000000
MarioHand_alb.png
 29 56.629044 -0.884137 105.557068 -0.121306 0.794452 -0.595088 0.042863 0.776913 1 22 1.000000
 29 57.840790 -0.740353 105.767601 0.080490 0.859320 -0.505066 0.047654 0.793866 1 22 1.000000
 29 58.024071 -1.630620 104.278275 0.132717 0.259891 -0.956474 0.028763 0.796063 1 22 1.000000
MarioHand_alb.png
 29 57.840790 -0.740353 105.767601 0.080490 0.859320 -0.505066 0.047654 0.793866 1 22 1.000000
 29 59.060703 -0.913498 105.891212 0.295270 0.788568 -0.539422 0.045182 0.810422 1 22 1.000000
 29 58.024071 -1.630620 104.278275 0.132717 0.259891 -0.956474 0.028763 0.796063 1 22 1.000000
MarioHand_alb.png
 29 45.047020 -4.799056 96.311371 -0.993320 0.115391 0.000000 0.295109 0.956008 1 22 1.000000
 29 48.421810 3.410853 96.311356 -0.999992 -0.003911 0.000000 0.295109 0.995850 1 22 1.000000
 29 45.044765 -4.150402 93.362770 -0.992556 0.111577 0.048827 0.295109 0.956008 1 22 1.000000
MarioHand_alb.png
 29 48.421810 3.410853 96.311356 -0.999992 -0.003911 0.000000 0.295109 0.995850 1 22 1.000000
 29 45.038631 -2.394428 90.845993 -0.992513 0.084180 0.088495 0.295109 0.956008 1 22 1.000000
 29 45.044765 -4.150402 93.362770 -0.992556 0.111577 0.048827 0.295109 0.956008 1 22 1.000000
MarioHand_alb.png
 29 48.421810 3.410853 96.311356 -0.999992 -0.003911 0.000000 0.295109 0.995850 1 22 1.000000
 29 45.029301 0.278881 89.192825 -0.991780 0.045009 0.119777 0.295109 0.956008 1 22 1.000000
 29 45.038631 -2.394428 90.845993 -0.992513 0.084180 0.088495 0.295109 0.956008 1 22 1.000000
MarioHand_alb.png
 29 48.421810 3.410853 96.311356 -0.999992 -0.003911 0.000000 0.295109 0.995850 1 22 1.000000
 29 45.018372 3.410859 88.582153 -0.992323 -0.003911 0.123611 0.295109 0.956008 1 22 1.000000
 29 45.029301 0.278881 89.192825 -0.991780 0.045009 0.119777 0.295109 0.956008 1 22 1.000000
MarioHand_alb.png
 29 48.421810 3.410853 96.311356 -0.999992 -0.003911 0.000000 0.295109 0.995850 1 22 1.000000
 29 45.029301 0.278881 103.429871 -0.991780 0.045009 -0.119777 0.295109 0.956008 1 22 1.000000
 29 45.018372 3.410861 104.040565 -0.992323 -0.003911 -0.123611 0.295109 0.956008 1 22 1.000000
MarioHand_alb.png
 29 45.038628 -2.394428 101.776726 -0.992519 0.084109 -0.088495 0.295109 0.956008 1 22 1.000000
 29 45.029301 0.278881 103.429871 -0.991780 0.045009 -0.119777 0.295109 0.956008 1 22 1.000000
 29 48.421810 3.410853 96.311356 -0.999992 -0.003911 0.000000 0.295109 0.995850 1 22 1.000000
MarioHand_alb.png
 29 45.038628 -2.394428 101.776726 -0.992519 0.084109 -0.088495 0.295109 0.956008 1 22 1.000000
 29 48.421810 3.410853 96.311356 -0.999992 -0.003911 0.000000 0.295109 0.995850 1 22 1.000000
 29 45.044762 -4.150399 99.259949 -0.992556 0.111577 -0.048827 0.295109 0.956008 1 22 1.000000
MarioHand_alb.png
 29 48.421810 3.410853 96.311356 -0.999992 -0.003911 0.000000 0.295109 0.995850 1 22 1.000000
 29 45.047020 -4.799056 96.311371 -0.993320 0.115391 0.000000 0.295109 0.956008 1 22 1.000000
 29 45.044762 -4.150399 99.259949 -0.992556 0.111577 -0.048827 0.295109 0.956008 1 22 1.000000
MarioHand_alb.png
 29 45.007439 6.542836 103.429871 -0.992211 -0.050927 -0.113679 0.295109 0.956008 1 22 1.000000
 29 48.421810 3.410853 96.311356 -0.999992 -0.003911 0.000000 0.295109 0.995850 1 22 1.000000
 29 45.018372 3.410861 104.040565 -0.992323 -0.003911 -0.123611 0.295109 0.956008 1 22 1.000000
MarioHand_alb.png
 29 45.007439 6.542836 103.429871 -0.992211 -0.050927 -0.113679 0.295109 0.956008 1 22 1.000000
 29 44.998108 9.216144 101.776726 -0.993510 -0.082220 -0.078596 0.295109 0.956008 1 22 1.000000
 29 48.421810 3.410853 96.311356 -0.999992 -0.003911 0.000000 0.295109 0.995850 1 22 1.000000
MarioHand_alb.png
 29 48.421810 3.410853 96.311356 -0.999992 -0.003911 0.000000 0.295109 0.995850 1 22 1.000000
 29 44.998108 9.216144 101.776726 -0.993510 -0.082220 -0.078596 0.295109 0.956008 1 22 1.000000
 29 44.991978 10.972116 99.259949 -0.993758 -0.103667 -0.041200 0.295109 0.956008 1 22 1.000000
MarioHand_alb.png
 29 48.421810 3.410853 96.311356 -0.999992 -0.003911 0.000000 0.295109 0.995850 1 22 1.000000
 29 44.991978 10.972116 99.259949 -0.993758 -0.103667 -0.041200 0.295109 0.956008 1 22 1.000000
 29 44.989716 11.620769 96.311356 -0.994601 -0.103771 0.000000 0.295109 0.956008 1 22 1.000000
MarioHand_alb.png
 29 44.989716 11.620769 96.311356 -0.994601 -0.103771 0.000000 0.295109 0.956008 1 22 1.000000
 29 44.991978 10.972115 93.362762 -0.993789 -0.103671 0.040438 0.295109 0.956008 1 22 1.000000
 29 48.421810 3.410853 96.311356 -0.999992 -0.003911 0.000000 0.295109 0.995850 1 22 1.000000
MarioHand_alb.png
 29 44.991978 10.972115 93.362762 -0.993789 -0.103671 0.040438 0.295109 0.956008 1 22 1.000000
 29 44.998104 9.216145 90.845993 -0.993510 -0.082220 0.078596 0.295109 0.956008 1 22 1.000000
 29 48.421810 3.410853 96.311356 -0.999992 -0.003911 0.000000 0.295109 0.995850 1 22 1.000000
MarioHand_alb.png
 29 48.421810 3.410853 96.311356 -0.999992 -0.003911 0.000000 0.295109 0.995850 1 22 1.000000
 29 44.998104 9.216145 90.845993 -0.993510 -0.082220 0.078596 0.295109 0.956008 1 22 1.000000
 29 45.007439 6.542838 89.192825 -0.992211 -0.050927 0.113679 0.295109 0.956008 1 22 1.000000
MarioHand_alb.png
 29 48.421810 3.410853 96.311356 -0.999992 -0.003911 0.000000 0.295109 0.995850 1 22 1.000000
 29 45.007439 6.542838 89.192825 -0.992211 -0.050927 0.113679 0.295109 0.956008 1 22 1.000000
 29 45.018372 3.410859 88.582153 -0.992323 -0.003911 0.123611 0.295109 0.956008 1 22 1.000000
MarioHand_alb.png
 29 68.103363 -6.008029 97.899658 0.306703 0.187875 -0.933079 0.897078 0.508721 1 22 1.000000
 29 65.222748 -8.211580 97.717636 0.302109 -0.767002 -0.566073 0.861540 0.470741 1 22 1.000000
 29 65.838013 -4.903758 96.884712 0.704894 0.152670 -0.692688 0.905791 0.474098 1 22 1.000000
MarioHand_alb.png
 29 68.103363 -6.008029 97.899658 0.306703 0.187875 -0.933079 0.897078 0.508721 1 22 1.000000
 29 67.237396 -8.329854 98.282364 -0.009918 -0.604599 -0.796468 0.860609 0.504814 1 22 1.000000
 29 65.222748 -8.211580 97.717636 0.302109 -0.767002 -0.566073 0.861540 0.470741 1 22 1.000000
MarioHand_alb.png
 29 70.275650 -6.776712 97.917885 0.241080 0.191872 -0.951349 0.895842 0.540932 1 22 1.000000
 29 67.237396 -8.329854 98.282364 -0.009918 -0.604599 -0.796468 0.860609 0.504814 1 22 1.000000
 29 68.103363 -6.008029 97.899658 0.306703 0.187875 -0.933079 0.897078 0.508721 1 22 1.000000
MarioHand_alb.png
 29 65.222748 -8.211580 97.717636 0.302109 -0.767002 -0.566073 0.861540 0.470741 1 22 1.000000
 29 67.237396 -8.329854 98.282364 -0.009918 -0.604599 -0.796468 0.860609 0.504814 1 22 1.000000
 29 64.644745 -8.490258 100.145584 -0.217435 -0.976075 0.000000 0.829679 0.469001 1 22 1.000000
MarioHand_alb.png
 29 70.275650 -6.776712 97.917885 0.241080 0.191872 -0.951349 0.895842 0.540932 1 22 1.000000
 29 69.247498 -9.271645 98.686157 -0.117485 -0.624616 -0.772044 0.858152 0.537148 1 22 1.000000
 29 67.237396 -8.329854 98.282364 -0.009918 -0.604599 -0.796468 0.860609 0.504814 1 22 1.000000
MarioHand_alb.png
 29 72.345238 -7.608835 98.427101 0.338635 0.144721 -0.929721 0.891951 0.572778 1 22 1.000000
 29 69.247498 -9.271645 98.686157 -0.117485 -0.624616 -0.772044 0.858152 0.537148 1 22 1.000000
 29 70.275650 -6.776712 97.917885 0.241080 0.191872 -0.951349 0.895842 0.540932 1 22 1.000000
MarioHand_alb.png
 29 66.552811 -9.230600 100.571655 -0.285333 -0.927810 -0.240321 0.826246 0.502129 1 22 1.000000
 29 64.644745 -8.490258 100.145584 -0.217435 -0.976075 0.000000 0.829679 0.469001 1 22 1.000000
 29 67.237396 -8.329854 98.282364 -0.009918 -0.604599 -0.796468 0.860609 0.504814 1 22 1.000000
MarioHand_alb.png
 29 69.247498 -9.271645 98.686157 -0.117485 -0.624616 -0.772044 0.858152 0.537148 1 22 1.000000
 29 66.552811 -9.230600 100.571655 -0.285333 -0.927810 -0.240321 0.826246 0.502129 1 22 1.000000
 29 67.237396 -8.329854 98.282364 -0.009918 -0.604599 -0.796468 0.860609 0.504814 1 22 1.000000
MarioHand_alb.png
 29 72.345238 -7.608835 98.427101 0.338635 0.144721 -0.929721 0.891951 0.572778 1 22 1.000000
 29 71.299942 -9.968385 99.123199 -0.012206 -0.631751 -0.775075 0.856214 0.568063 1 22 1.000000
 29 69.247498 -9.271645 98.686157 -0.117485 -0.624616 -0.772044 0.858152 0.537148 1 22 1.000000
MarioHand_alb.png
 29 74.294022 -8.383875 99.252007 0.414978 0.109752 -0.903188 0.887480 0.603784 1 22 1.000000
 29 71.299942 -9.968385 99.123199 -0.012206 -0.631751 -0.775075 0.856214 0.568063 1 22 1.000000
 29 72.345238 -7.608835 98.427101 0.338635 0.144721 -0.929721 0.891951 0.572778 1 22 1.000000
MarioHand_alb.png
 29 68.549583 -10.091948 100.917435 -0.320436 -0.909523 -0.264741 0.824231 0.534081 1 22 1.000000
 29 66.552811 -9.230600 100.571655 -0.285333 -0.927810 -0.240321 0.826246 0.502129 1 22 1.000000
 29 69.247498 -9.271645 98.686157 -0.117485 -0.624616 -0.772044 0.858152 0.537148 1 22 1.000000
MarioHand_alb.png
 29 71.299942 -9.968385 99.123199 -0.012206 -0.631751 -0.775075 0.856214 0.568063 1 22 1.000000
 29 68.549583 -10.091948 100.917435 -0.320436 -0.909523 -0.264741 0.824231 0.534081 1 22 1.000000
 29 69.247498 -9.271645 98.686157 -0.117485 -0.624616 -0.772044 0.858152 0.537148 1 22 1.000000
MarioHand_alb.png
 29 66.552811 -9.230600 100.571655 -0.285333 -0.927810 -0.240321 0.826246 0.502129 1 22 1.000000
 29 66.382797 -9.128866 102.131470 -0.440223 -0.859370 0.260167 0.804120 0.501015 1 22 1.000000
 29 64.644745 -8.490258 100.145584 -0.217435 -0.976075 0.000000 0.829679 0.469001 1 22 1.000000
MarioHand_alb.png
 29 64.644745 -8.490258 100.145584 -0.217435 -0.976075 0.000000 0.829679 0.469001 1 22 1.000000
 29 66.382797 -9.128866 102.131470 -0.440223 -0.859370 0.260167 0.804120 0.501015 1 22 1.000000
 29 64.471733 -7.835629 102.473236 -0.305172 -0.858202 0.412746 0.797391 0.467536 1 22 1.000000
MarioHand_alb.png
 29 74.294022 -8.383875 99.252007 0.414978 0.109752 -0.903188 0.887480 0.603784 1 22 1.000000
 29 73.198578 -10.647700 99.782158 0.052639 -0.629661 -0.775085 0.853712 0.597482 1 22 1.000000
 29 71.299942 -9.968385 99.123199 -0.012206 -0.631751 -0.775075 0.856214 0.568063 1 22 1.000000
MarioHand_alb.png
 29 76.045258 -9.110026 100.086777 0.437831 0.088100 -0.894731 0.880919 0.635096 1 22 1.000000
 29 73.198578 -10.647700 99.782158 0.052639 -0.629661 -0.775085 0.853712 0.597482 1 22 1.000000
 29 74.294022 -8.383875 99.252007 0.414978 0.109752 -0.903188 0.887480 0.603784 1 22 1.000000
MarioHand_alb.png
 29 70.459045 -10.845966 101.304825 -0.283823 -0.917083 -0.280008 0.823102 0.564050 1 22 1.000000
 29 68.549583 -10.091948 100.917435 -0.320436 -0.909523 -0.264741 0.824231 0.534081 1 22 1.000000
 29 71.299942 -9.968385 99.123199 -0.012206 -0.631751 -0.775075 0.856214 0.568063 1 22 1.000000
MarioHand_alb.png
 29 70.459045 -10.845966 101.304825 -0.283823 -0.917083 -0.280008 0.823102 0.564050 1 22 1.000000
 29 71.299942 -9.968385 99.123199 -0.012206 -0.631751 -0.775075 0.856214 0.568063 1 22 1.000000
 29 73.198578 -10.647700 99.782158 0.052639 -0.629661 -0.775085 0.853712 0.597482 1 22 1.000000
MarioHand_alb.png
 29 68.549583 -10.091948 100.917435 -0.320436 -0.909523 -0.264741 0.824231 0.534081 1 22 1.000000
 29 68.256851 -9.952011 102.476532 -0.416559 -0.872219 0.256344 0.802090 0.532219 1 22 1.000000
 29 66.552811 -9.230600 100.571655 -0.285333 -0.927810 -0.240321 0.826246 0.502129 1 22 1.000000
MarioHand_alb.png
 29 66.552811 -9.230600 100.571655 -0.285333 -0.927810 -0.240321 0.826246 0.502129 1 22 1.000000
 29 68.256851 -9.952011 102.476532 -0.416559 -0.872219 0.256344 0.802090 0.532219 1 22 1.000000
 29 66.382797 -9.128866 102.131470 -0.440223 -0.859370 0.260167 0.804120 0.501015 1 22 1.000000
MarioHand_alb.png
 29 70.083870 -10.668243 102.866165 -0.418871 -0.873316 0.248729 0.801282 0.561624 1 22 1.000000
 29 68.549583 -10.091948 100.917435 -0.320436 -0.909523 -0.264741 0.824231 0.534081 1 22 1.000000
 29 70.459045 -10.845966 101.304825 -0.283823 -0.917083 -0.280008 0.823102 0.564050 1 22 1.000000
MarioHand_alb.png
 29 70.083870 -10.668243 102.866165 -0.418871 -0.873316 0.248729 0.801282 0.561624 1 22 1.000000
 29 68.256851 -9.952011 102.476532 -0.416559 -0.872219 0.256344 0.802090 0.532219 1 22 1.000000
 29 68.549583 -10.091948 100.917435 -0.320436 -0.909523 -0.264741 0.824231 0.534081 1 22 1.000000
MarioHand_alb.png
 29 72.131065 -11.562773 101.777893 -0.276171 -0.908523 -0.313553 0.821576 0.592447 1 22 1.000000
 29 70.459045 -10.845966 101.304825 -0.283823 -0.917083 -0.280008 0.823102 0.564050 1 22 1.000000
 29 73.198578 -10.647700 99.782158 0.052639 -0.629661 -0.775085 0.853712 0.597482 1 22 1.000000
MarioHand_alb.png
 29 76.045258 -9.110026 100.086777 0.437831 0.088100 -0.894731 0.880919 0.635096 1 22 1.000000
 29 74.974586 -11.343384 100.513718 0.111368 -0.580964 -0.806274 0.849088 0.626520 1 22 1.000000
 29 73.198578 -10.647700 99.782158 0.052639 -0.629661 -0.775085 0.853712 0.597482 1 22 1.000000
MarioHand_alb.png
 29 74.974586 -11.343384 100.513718 0.111368 -0.580964 -0.806274 0.849088 0.626520 1 22 1.000000
 29 72.131065 -11.562773 101.777893 -0.276171 -0.908523 -0.313553 0.821576 0.592447 1 22 1.000000
 29 73.198578 -10.647700 99.782158 0.052639 -0.629661 -0.775085 0.853712 0.597482 1 22 1.000000
MarioHand_alb.png
 29 77.771927 -9.834721 100.920395 0.579703 0.017734 -0.814635 0.869551 0.666270 1 22 1.000000
 29 74.974586 -11.343384 100.513718 0.111368 -0.580964 -0.806274 0.849088 0.626520 1 22 1.000000
 29 76.045258 -9.110026 100.086777 0.437831 0.088100 -0.894731 0.880919 0.635096 1 22 1.000000
MarioHand_alb.png
 29 71.720322 -11.351191 103.340660 -0.467674 -0.852094 0.234982 0.800107 0.589487 1 22 1.000000
 29 70.459045 -10.845966 101.304825 -0.283823 -0.917083 -0.280008 0.823102 0.564050 1 22 1.000000
 29 72.131065 -11.562773 101.777893 -0.276171 -0.908523 -0.313553 0.821576 0.592447 1 22 1.000000
MarioHand_alb.png
 29 70.083870 -10.668243 102.866165 -0.418871 -0.873316 0.248729 0.801282 0.561624 1 22 1.000000
 29 70.459045 -10.845966 101.304825 -0.283823 -0.917083 -0.280008 0.823102 0.564050 1 22 1.000000
 29 71.720322 -11.351191 103.340660 -0.467674 -0.852094 0.234982 0.800107 0.589487 1 22 1.000000
MarioHand_alb.png
 29 73.805695 -12.370810 102.447845 -0.286879 -0.915191 -0.283065 0.818418 0.620798 1 22 1.000000
 29 72.131065 -11.562773 101.777893 -0.276171 -0.908523 -0.313553 0.821576 0.592447 1 22 1.000000
 29 74.974586 -11.343384 100.513718 0.111368 -0.580964 -0.806274 0.849088 0.626520 1 22 1.000000
MarioHand_alb.png
 29 73.805695 -12.370810 102.447845 -0.286879 -0.915191 -0.283065 0.818418 0.620798 1 22 1.000000
 29 71.720322 -11.351191 103.340660 -0.467674 -0.852094 0.234982 0.800107 0.589487 1 22 1.000000
 29 72.131065 -11.562773 101.777893 -0.276171 -0.908523 -0.313553 0.821576 0.592447 1 22 1.000000
MarioHand_alb.png
 29 76.750793 -12.007616 101.279884 0.324992 -0.557864 -0.763654 0.840482 0.655085 1 22 1.000000
 29 74.974586 -11.343384 100.513718 0.111368 -0.580964 -0.806274 0.849088 0.626520 1 22 1.000000
 29 77.771927 -9.834721 100.920395 0.579703 0.017734 -0.814635 0.869551 0.666270 1 22 1.000000
MarioHand_alb.png
 29 76.750793 -12.007616 101.279884 0.324992 -0.557864 -0.763654 0.840482 0.655085 1 22 1.000000
 29 77.771927 -9.834721 100.920395 0.579703 0.017734 -0.814635 0.869551 0.666270 1 22 1.000000
 29 78.906761 -10.515793 102.283463 0.848982 -0.142737 -0.508779 0.851331 0.690013 1 22 1.000000
MarioHand_alb.png
 29 75.583298 -13.099276 103.143402 -0.111387 -0.971870 -0.207515 0.812039 0.650004 1 22 1.000000
 29 73.805695 -12.370810 102.447845 -0.286879 -0.915191 -0.283065 0.818418 0.620798 1 22 1.000000
 29 74.974586 -11.343384 100.513718 0.111368 -0.580964 -0.806274 0.849088 0.626520 1 22 1.000000
MarioHand_alb.png
 29 75.583298 -13.099276 103.143402 -0.111387 -0.971870 -0.207515 0.812039 0.650004 1 22 1.000000
 29 74.974586 -11.343384 100.513718 0.111368 -0.580964 -0.806274 0.849088 0.626520 1 22 1.000000
 29 76.750793 -12.007616 101.279884 0.324992 -0.557864 -0.763654 0.840482 0.655085 1 22 1.000000
MarioHand_alb.png
 29 78.162926 -12.096119 102.547974 0.673638 -0.603070 -0.427222 0.829709 0.678981 1 22 1.000000
 29 76.750793 -12.007616 101.279884 0.324992 -0.557864 -0.763654 0.840482 0.655085 1 22 1.000000
 29 78.906761 -10.515793 102.283463 0.848982 -0.142737 -0.508779 0.851331 0.690013 1 22 1.000000
MarioHand_alb.png
 29 78.162926 -12.096119 102.547974 0.673638 -0.603070 -0.427222 0.829709 0.678981 1 22 1.000000
 29 78.906761 -10.515793 102.283463 0.848982 -0.142737 -0.508779 0.851331 0.690013 1 22 1.000000
 29 78.798874 -11.071615 104.743401 0.872778 -0.352182 0.337973 0.820615 0.710201 1 22 1.000000
MarioHand_alb.png
 29 77.309753 -12.893875 103.909782 0.442508 -0.894838 0.058747 0.802594 0.678203 1 22 1.000000
 29 78.162926 -12.096119 102.547974 0.673638 -0.603070 -0.427222 0.829709 0.678981 1 22 1.000000
 29 78.798874 -11.071615 104.743401 0.872778 -0.352182 0.337973 0.820615 0.710201 1 22 1.000000
MarioHand_alb.png
 29 77.309753 -12.893875 103.909782 0.442508 -0.894838 0.058747 0.802594 0.678203 1 22 1.000000
 29 76.750793 -12.007616 101.279884 0.324992 -0.557864 -0.763654 0.840482 0.655085 1 22 1.000000
 29 78.162926 -12.096119 102.547974 0.673638 -0.603070 -0.427222 0.829709 0.678981 1 22 1.000000
MarioHand_alb.png
 29 77.309753 -12.893875 103.909782 0.442508 -0.894838 0.058747 0.802594 0.678203 1 22 1.000000
 29 75.583298 -13.099276 103.143402 -0.111387 -0.971870 -0.207515 0.812039 0.650004 1 22 1.000000
 29 76.750793 -12.007616 101.279884 0.324992 -0.557864 -0.763654 0.840482 0.655085 1 22 1.000000
MarioHand_alb.png
 29 75.583298 -13.099276 103.143402 -0.111387 -0.971870 -0.207515 0.812039 0.650004 1 22 1.000000
 29 75.084694 -12.874550 104.660088 -0.315094 -0.902462 0.293732 0.794705 0.645380 1 22 1.000000
 29 73.805695 -12.370810 102.447845 -0.286879 -0.915191 -0.283065 0.818418 0.620798 1 22 1.000000
MarioHand_alb.png
 29 77.309753 -12.893875 103.909782 0.442508 -0.894838 0.058747 0.802594 0.678203 1 22 1.000000
 29 75.084694 -12.874550 104.660088 -0.315094 -0.902462 0.293732 0.794705 0.645380 1 22 1.000000
 29 75.583298 -13.099276 103.143402 -0.111387 -0.971870 -0.207515 0.812039 0.650004 1 22 1.000000
MarioHand_alb.png
 29 73.805695 -12.370810 102.447845 -0.286879 -0.915191 -0.283065 0.818418 0.620798 1 22 1.000000
 29 73.305862 -12.125536 103.989532 -0.476082 -0.845924 0.240330 0.798596 0.617121 1 22 1.000000
 29 71.720322 -11.351191 103.340660 -0.467674 -0.852094 0.234982 0.800107 0.589487 1 22 1.000000
MarioHand_alb.png
 29 73.805695 -12.370810 102.447845 -0.286879 -0.915191 -0.283065 0.818418 0.620798 1 22 1.000000
 29 75.084694 -12.874550 104.660088 -0.315094 -0.902462 0.293732 0.794705 0.645380 1 22 1.000000
 29 73.305862 -12.125536 103.989532 -0.476082 -0.845924 0.240330 0.798596 0.617121 1 22 1.000000
MarioHand_alb.png
 29 76.880554 -12.387785 105.541351 0.334916 -0.747458 0.573706 0.780209 0.667903 1 22 1.000000
 29 75.084694 -12.874550 104.660088 -0.315094 -0.902462 0.293732 0.794705 0.645380 1 22 1.000000
 29 77.309753 -12.893875 103.909782 0.442508 -0.894838 0.058747 0.802594 0.678203 1 22 1.000000
MarioHand_alb.png
 29 78.798874 -11.071615 104.743401 0.872778 -0.352182 0.337973 0.758190 0.694240 1 22 1.000000
 29 76.880554 -12.387785 105.541351 0.334916 -0.747458 0.573706 0.780209 0.667903 1 22 1.000000
 29 77.309753 -12.893875 103.909782 0.442508 -0.894838 0.058747 0.802594 0.678203 1 22 1.000000
MarioHand_alb.png
 29 76.880554 -12.387785 105.541351 0.334916 -0.747458 0.573706 0.780209 0.667903 1 22 1.000000
 29 74.934143 -11.936981 106.025093 -0.347883 -0.611084 0.711024 0.776684 0.641154 1 22 1.000000
 29 75.084694 -12.874550 104.660088 -0.315094 -0.902462 0.293732 0.794705 0.645380 1 22 1.000000
MarioHand_alb.png
 29 75.084694 -12.874550 104.660088 -0.315094 -0.902462 0.293732 0.794705 0.645380 1 22 1.000000
 29 74.934143 -11.936981 106.025093 -0.347883 -0.611084 0.711024 0.776684 0.641154 1 22 1.000000
 29 73.305862 -12.125536 103.989532 -0.476082 -0.845924 0.240330 0.798596 0.617121 1 22 1.000000
MarioHand_alb.png
 29 78.798874 -11.071615 104.743401 0.872778 -0.352182 0.337973 0.758190 0.694240 1 22 1.000000
 29 77.058136 -10.965302 106.568344 0.385311 -0.322841 0.864470 0.758022 0.663630 1 22 1.000000
 29 76.880554 -12.387785 105.541351 0.334916 -0.747458 0.573706 0.780209 0.667903 1 22 1.000000
MarioHand_alb.png
 29 76.880554 -12.387785 105.541351 0.334916 -0.747458 0.573706 0.780209 0.667903 1 22 1.000000
 29 77.058136 -10.965302 106.568344 0.385311 -0.322841 0.864470 0.758022 0.663630 1 22 1.000000
 29 74.934143 -11.936981 106.025093 -0.347883 -0.611084 0.711024 0.776684 0.641154 1 22 1.000000
MarioHand_alb.png
 29 78.798874 -11.071615 104.743401 0.872778 -0.352182 0.337973 0.758190 0.694240 1 22 1.000000
 29 77.794708 -9.469818 106.233871 0.607364 0.135055 0.782859 0.736843 0.668162 1 22 1.000000
 29 77.058136 -10.965302 106.568344 0.385311 -0.322841 0.864470 0.758022 0.663630 1 22 1.000000
MarioHand_alb.png
 29 78.798874 -11.071615 104.743401 0.872778 -0.352182 0.337973 0.758190 0.694240 1 22 1.000000
 29 78.636078 -8.647949 104.927414 0.830687 0.475795 0.289100 0.714885 0.678691 1 22 1.000000
 29 77.794708 -9.469818 106.233871 0.607364 0.135055 0.782859 0.736843 0.668162 1 22 1.000000
MarioHand_alb.png
 29 77.058136 -10.965302 106.568344 0.385311 -0.322841 0.864470 0.758022 0.663630 1 22 1.000000
 29 75.242256 -10.449829 106.783897 -0.248728 -0.140768 0.958290 0.757809 0.639490 1 22 1.000000
 29 74.934143 -11.936981 106.025093 -0.347883 -0.611084 0.711024 0.776684 0.641154 1 22 1.000000
MarioHand_alb.png
 29 77.058136 -10.965302 106.568344 0.385311 -0.322841 0.864470 0.758022 0.663630 1 22 1.000000
 29 77.794708 -9.469818 106.233871 0.607364 0.135055 0.782859 0.736843 0.668162 1 22 1.000000
 29 75.891113 -8.904373 106.714310 -0.038904 0.328775 0.943607 0.739178 0.641215 1 22 1.000000
MarioHand_alb.png
 29 77.058136 -10.965302 106.568344 0.385311 -0.322841 0.864470 0.758022 0.663630 1 22 1.000000
 29 75.891113 -8.904373 106.714310 -0.038904 0.328775 0.943607 0.739178 0.641215 1 22 1.000000
 29 75.242256 -10.449829 106.783897 -0.248728 -0.140768 0.958290 0.757809 0.639490 1 22 1.000000
MarioHand_alb.png
 29 77.794708 -9.469818 106.233871 0.607364 0.135055 0.782859 0.736843 0.668162 1 22 1.000000
 29 78.636078 -8.647949 104.927414 0.830687 0.475795 0.289100 0.714885 0.678691 1 22 1.000000
 29 76.694687 -7.727911 105.887581 0.219719 0.704170 0.675180 0.721431 0.645609 1 22 1.000000
MarioHand_alb.png
 29 77.794708 -9.469818 106.233871 0.607364 0.135055 0.782859 0.736843 0.668162 1 22 1.000000
 29 76.694687 -7.727911 105.887581 0.219719 0.704170 0.675180 0.721431 0.645609 1 22 1.000000
 29 75.891113 -8.904373 106.714310 -0.038904 0.328775 0.943607 0.739178 0.641215 1 22 1.000000
MarioHand_alb.png
 29 74.934143 -11.936981 106.025093 -0.347883 -0.611084 0.711024 0.776684 0.641154 1 22 1.000000
 29 75.242256 -10.449829 106.783897 -0.248728 -0.140768 0.958290 0.757809 0.639490 1 22 1.000000
 29 73.157036 -11.133072 105.408562 -0.508915 -0.551738 0.660750 0.777417 0.614038 1 22 1.000000
MarioHand_alb.png
 29 73.305862 -12.125536 103.989532 -0.476082 -0.845924 0.240330 0.798596 0.617121 1 22 1.000000
 29 74.934143 -11.936981 106.025093 -0.347883 -0.611084 0.711024 0.776684 0.641154 1 22 1.000000
 29 73.157036 -11.133072 105.408562 -0.508915 -0.551738 0.660750 0.777417 0.614038 1 22 1.000000
MarioHand_alb.png
 29 75.891113 -8.904373 106.714310 -0.038904 0.328775 0.943607 0.739178 0.641215 1 22 1.000000
 29 74.076637 -8.184172 106.097893 -0.187690 0.382056 0.904879 0.737087 0.613901 1 22 1.000000
 29 75.242256 -10.449829 106.783897 -0.248728 -0.140768 0.958290 0.757809 0.639490 1 22 1.000000
MarioHand_alb.png
 29 73.305862 -12.125536 103.989532 -0.476082 -0.845924 0.240330 0.798596 0.617121 1 22 1.000000
 29 73.157036 -11.133072 105.408562 -0.508915 -0.551738 0.660750 0.777417 0.614038 1 22 1.000000
 29 71.615379 -10.430529 104.720642 -0.493527 -0.571046 0.656002 0.778195 0.587213 1 22 1.000000
MarioHand_alb.png
 29 73.305862 -12.125536 103.989532 -0.476082 -0.845924 0.240330 0.798596 0.617121 1 22 1.000000
 29 71.615379 -10.430529 104.720642 -0.493527 -0.571046 0.656002 0.778195 0.587213 1 22 1.000000
 29 71.720322 -11.351191 103.340660 -0.467674 -0.852094 0.234982 0.800107 0.589487 1 22 1.000000
MarioHand_alb.png
 29 71.615379 -10.430529 104.720642 -0.493527 -0.571046 0.656002 0.778195 0.587213 1 22 1.000000
 29 70.083870 -10.668243 102.866165 -0.418871 -0.873316 0.248729 0.801282 0.561624 1 22 1.000000
 29 71.720322 -11.351191 103.340660 -0.467674 -0.852094 0.234982 0.800107 0.589487 1 22 1.000000
MarioHand_alb.png
 29 73.157036 -11.133072 105.408562 -0.508915 -0.551738 0.660750 0.777417 0.614038 1 22 1.000000
 29 75.242256 -10.449829 106.783897 -0.248728 -0.140768 0.958290 0.757809 0.639490 1 22 1.000000
 29 73.446472 -9.731913 106.124680 -0.398888 -0.093906 0.912179 0.757641 0.612909 1 22 1.000000
MarioHand_alb.png
 29 75.242256 -10.449829 106.783897 -0.248728 -0.140768 0.958290 0.757809 0.639490 1 22 1.000000
 29 74.076637 -8.184172 106.097893 -0.187690 0.382056 0.904879 0.737087 0.613901 1 22 1.000000
 29 73.446472 -9.731913 106.124680 -0.398888 -0.093906 0.912179 0.757641 0.612909 1 22 1.000000
MarioHand_alb.png
 29 73.157036 -11.133072 105.408562 -0.508915 -0.551738 0.660750 0.777417 0.614038 1 22 1.000000
 29 73.446472 -9.731913 106.124680 -0.398888 -0.093906 0.912179 0.757641 0.612909 1 22 1.000000
 29 71.905190 -9.084444 105.433838 -0.383626 -0.123363 0.915212 0.757671 0.586267 1 22 1.000000
MarioHand_alb.png
 29 73.157036 -11.133072 105.408562 -0.508915 -0.551738 0.660750 0.777417 0.614038 1 22 1.000000
 29 71.905190 -9.084444 105.433838 -0.383626 -0.123363 0.915212 0.757671 0.586267 1 22 1.000000
 29 71.615379 -10.430529 104.720642 -0.493527 -0.571046 0.656002 0.778195 0.587213 1 22 1.000000
MarioHand_alb.png
 29 73.446472 -9.731913 106.124680 -0.398888 -0.093906 0.912179 0.757641 0.612909 1 22 1.000000
 29 74.076637 -8.184172 106.097893 -0.187690 0.382056 0.904879 0.737087 0.613901 1 22 1.000000
 29 71.905190 -9.084444 105.433838 -0.383626 -0.123363 0.915212 0.757671 0.586267 1 22 1.000000
MarioHand_alb.png
 29 71.615379 -10.430529 104.720642 -0.493527 -0.571046 0.656002 0.778195 0.587213 1 22 1.000000
 29 70.028549 -9.795759 104.223801 -0.419603 -0.610904 0.671365 0.779156 0.559640 1 22 1.000000
 29 70.083870 -10.668243 102.866165 -0.418871 -0.873316 0.248729 0.801282 0.561624 1 22 1.000000
MarioHand_alb.png
 29 71.615379 -10.430529 104.720642 -0.493527 -0.571046 0.656002 0.778195 0.587213 1 22 1.000000
 29 71.905190 -9.084444 105.433838 -0.383626 -0.123363 0.915212 0.757671 0.586267 1 22 1.000000
 29 70.028549 -9.795759 104.223801 -0.419603 -0.610904 0.671365 0.779156 0.559640 1 22 1.000000
MarioHand_alb.png
 29 70.083870 -10.668243 102.866165 -0.418871 -0.873316 0.248729 0.801282 0.561624 1 22 1.000000
 29 70.028549 -9.795759 104.223801 -0.419603 -0.610904 0.671365 0.779156 0.559640 1 22 1.000000
 29 68.256851 -9.952011 102.476532 -0.416559 -0.872219 0.256344 0.802090 0.532219 1 22 1.000000
MarioHand_alb.png
 29 70.028549 -9.795759 104.223801 -0.419603 -0.610904 0.671365 0.779156 0.559640 1 22 1.000000
 29 68.285919 -9.079336 103.814819 -0.395180 -0.628626 0.669822 0.779660 0.530648 1 22 1.000000
 29 68.256851 -9.952011 102.476532 -0.416559 -0.872219 0.256344 0.802090 0.532219 1 22 1.000000
MarioHand_alb.png
 29 68.256851 -9.952011 102.476532 -0.416559 -0.872219 0.256344 0.802090 0.532219 1 22 1.000000
 29 68.285919 -9.079336 103.814819 -0.395180 -0.628626 0.669822 0.779660 0.530648 1 22 1.000000
 29 66.382797 -9.128866 102.131470 -0.440223 -0.859370 0.260167 0.804120 0.501015 1 22 1.000000
MarioHand_alb.png
 29 70.028549 -9.795759 104.223801 -0.419603 -0.610904 0.671365 0.779156 0.559640 1 22 1.000000
 29 71.905190 -9.084444 105.433838 -0.383626 -0.123363 0.915212 0.757671 0.586267 1 22 1.000000
 29 70.255150 -8.457148 104.931648 -0.291377 -0.201466 0.935153 0.758007 0.558129 1 22 1.000000
MarioHand_alb.png
 29 70.028549 -9.795759 104.223801 -0.419603 -0.610904 0.671365 0.779156 0.559640 1 22 1.000000
 29 70.255150 -8.457148 104.931648 -0.291377 -0.201466 0.935153 0.758007 0.558129 1 22 1.000000
 29 68.285919 -9.079336 103.814819 -0.395180 -0.628626 0.669822 0.779660 0.530648 1 22 1.000000
MarioHand_alb.png
 29 66.382797 -9.128866 102.131470 -0.440223 -0.859370 0.260167 0.804120 0.501015 1 22 1.000000
 29 68.285919 -9.079336 103.814819 -0.395180 -0.628626 0.669822 0.779660 0.530648 1 22 1.000000
 29 66.504654 -8.272764 103.529144 -0.407430 -0.614865 0.675235 0.781476 0.500496 1 22 1.000000
MarioHand_alb.png
 29 66.382797 -9.128866 102.131470 -0.440223 -0.859370 0.260167 0.804120 0.501015 1 22 1.000000
 29 66.504654 -8.272764 103.529144 -0.407430 -0.614865 0.675235 0.781476 0.500496 1 22 1.000000
 29 64.471733 -7.835629 102.473236 -0.305172 -0.858202 0.412746 0.797391 0.467536 1 22 1.000000
MarioHand_alb.png
 29 64.471733 -7.835629 102.473236 -0.305172 -0.858202 0.412746 0.797391 0.467536 1 22 1.000000
 29 66.504654 -8.272764 103.529144 -0.407430 -0.614865 0.675235 0.781476 0.500496 1 22 1.000000
 29 64.935745 -6.110055 104.126778 -0.143400 -0.424576 0.893964 0.764584 0.467765 1 22 1.000000
MarioHand_alb.png
 29 70.255150 -8.457148 104.931648 -0.291377 -0.201466 0.935153 0.758007 0.558129 1 22 1.000000
 29 68.552460 -7.845737 104.630333 -0.263912 -0.270014 0.925982 0.758495 0.529381 1 22 1.000000
 29 68.285919 -9.079336 103.814819 -0.395180 -0.628626 0.669822 0.779660 0.530648 1 22 1.000000
MarioHand_alb.png
 29 68.552460 -7.845737 104.630333 -0.263912 -0.270014 0.925982 0.758495 0.529381 1 22 1.000000
 29 66.504654 -8.272764 103.529144 -0.407430 -0.614865 0.675235 0.781476 0.500496 1 22 1.000000
 29 68.285919 -9.079336 103.814819 -0.395180 -0.628626 0.669822 0.779660 0.530648 1 22 1.000000
MarioHand_alb.png
 29 66.856483 -6.973067 104.358604 -0.257894 -0.289749 0.921703 0.759289 0.499962 1 22 1.000000
 29 64.935745 -6.110055 104.126778 -0.143400 -0.424576 0.893964 0.764584 0.467765 1 22 1.000000
 29 66.504654 -8.272764 103.529144 -0.407430 -0.614865 0.675235 0.781476 0.500496 1 22 1.000000
MarioHand_alb.png
 29 68.552460 -7.845737 104.630333 -0.263912 -0.270014 0.925982 0.758495 0.529381 1 22 1.000000
 29 66.856483 -6.973067 104.358604 -0.257894 -0.289749 0.921703 0.759289 0.499962 1 22 1.000000
 29 66.504654 -8.272764 103.529144 -0.407430 -0.614865 0.675235 0.781476 0.500496 1 22 1.000000
MarioHand_alb.png
 29 67.377640 -5.404961 104.714134 0.046547 0.117417 0.991991 0.735119 0.499413 1 22 1.000000
 29 64.935745 -6.110055 104.126778 -0.143400 -0.424576 0.893964 0.764584 0.467765 1 22 1.000000
 29 66.856483 -6.973067 104.358604 -0.257894 -0.289749 0.921703 0.759289 0.499962 1 22 1.000000
MarioHand_alb.png
 29 65.729485 -3.127838 104.961472 0.213688 -0.262436 0.940991 0.728038 0.467384 1 22 1.000000
 29 64.935745 -6.110055 104.126778 -0.143400 -0.424576 0.893964 0.764584 0.467765 1 22 1.000000
 29 67.377640 -5.404961 104.714134 0.046547 0.117417 0.991991 0.735119 0.499413 1 22 1.000000
MarioHand_alb.png
 29 69.021080 -6.295436 104.843803 -0.009920 0.237133 0.971426 0.735439 0.528206 1 22 1.000000
 29 66.856483 -6.973067 104.358604 -0.257894 -0.289749 0.921703 0.759289 0.499962 1 22 1.000000
 29 68.552460 -7.845737 104.630333 -0.263912 -0.270014 0.925982 0.758495 0.529381 1 22 1.000000
MarioHand_alb.png
 29 69.021080 -6.295436 104.843803 -0.009920 0.237133 0.971426 0.735439 0.528206 1 22 1.000000
 29 67.377640 -5.404961 104.714134 0.046547 0.117417 0.991991 0.735119 0.499413 1 22 1.000000
 29 66.856483 -6.973067 104.358604 -0.257894 -0.289749 0.921703 0.759289 0.499962 1 22 1.000000
MarioHand_alb.png
 29 70.255150 -8.457148 104.931648 -0.291377 -0.201466 0.935153 0.758007 0.558129 1 22 1.000000
 29 70.822540 -6.946376 105.039948 -0.076273 0.311099 0.947312 0.735759 0.558495 1 22 1.000000
 29 68.552460 -7.845737 104.630333 -0.263912 -0.270014 0.925982 0.758495 0.529381 1 22 1.000000
MarioHand_alb.png
 29 70.822540 -6.946376 105.039948 -0.076273 0.311099 0.947312 0.735759 0.558495 1 22 1.000000
 29 69.021080 -6.295436 104.843803 -0.009920 0.237133 0.971426 0.735439 0.528206 1 22 1.000000
 29 68.552460 -7.845737 104.630333 -0.263912 -0.270014 0.925982 0.758495 0.529381 1 22 1.000000
MarioHand_alb.png
 29 70.255150 -8.457148 104.931648 -0.291377 -0.201466 0.935153 0.758007 0.558129 1 22 1.000000
 29 71.905190 -9.084444 105.433838 -0.383626 -0.123363 0.915212 0.757671 0.586267 1 22 1.000000
 29 70.822540 -6.946376 105.039948 -0.076273 0.311099 0.947312 0.735759 0.558495 1 22 1.000000
MarioHand_alb.png
 29 69.021080 -6.295436 104.843803 -0.009920 0.237133 0.971426 0.735439 0.528206 1 22 1.000000
 29 69.666092 -5.073563 103.923347 0.244906 0.714500 0.655371 0.712093 0.530465 1 22 1.000000
 29 67.377640 -5.404961 104.714134 0.046547 0.117417 0.991991 0.735119 0.499413 1 22 1.000000
MarioHand_alb.png
 29 70.822540 -6.946376 105.039948 -0.076273 0.311099 0.947312 0.735759 0.558495 1 22 1.000000
 29 69.666092 -5.073563 103.923347 0.244906 0.714500 0.655371 0.712093 0.530465 1 22 1.000000
 29 69.021080 -6.295436 104.843803 -0.009920 0.237133 0.971426 0.735439 0.528206 1 22 1.000000
MarioHand_alb.png
 29 65.729485 -3.127838 104.961472 0.213688 -0.262436 0.940991 0.728038 0.467384 1 22 1.000000
 29 67.377640 -5.404961 104.714134 0.046547 0.117417 0.991991 0.735119 0.499413 1 22 1.000000
 29 67.909355 -4.113348 103.743484 0.382240 0.792899 0.474557 0.710613 0.501701 1 22 1.000000
MarioHand_alb.png
 29 67.909355 -4.113348 103.743484 0.382240 0.792899 0.474557 0.710613 0.501701 1 22 1.000000
 29 67.377640 -5.404961 104.714134 0.046547 0.117417 0.991991 0.735119 0.499413 1 22 1.000000
 29 69.666092 -5.073563 103.923347 0.244906 0.714500 0.655371 0.712093 0.530465 1 22 1.000000
MarioHand_alb.png
 29 65.701294 -3.075380 101.661270 0.985764 0.160416 0.050356 0.683604 0.474388 1 22 1.000000
 29 65.729485 -3.127838 104.961472 0.213688 -0.262436 0.940991 0.728038 0.467384 1 22 1.000000
 29 67.909355 -4.113348 103.743484 0.382240 0.792899 0.474557 0.710613 0.501701 1 22 1.000000
MarioHand_alb.png
 29 72.481865 -7.585608 105.464523 -0.174713 0.360394 0.916292 0.736538 0.586816 1 22 1.000000
 29 70.822540 -6.946376 105.039948 -0.076273 0.311099 0.947312 0.735759 0.558495 1 22 1.000000
 29 71.905190 -9.084444 105.433838 -0.383626 -0.123363 0.915212 0.757671 0.586267 1 22 1.000000
MarioHand_alb.png
 29 74.076637 -8.184172 106.097893 -0.187690 0.382056 0.904879 0.737087 0.613901 1 22 1.000000
 29 72.481865 -7.585608 105.464523 -0.174713 0.360394 0.916292 0.736538 0.586816 1 22 1.000000
 29 71.905190 -9.084444 105.433838 -0.383626 -0.123363 0.915212 0.757671 0.586267 1 22 1.000000
MarioHand_alb.png
 29 71.557877 -5.747271 104.167419 0.119774 0.722173 0.681263 0.713176 0.561318 1 22 1.000000
 29 69.666092 -5.073563 103.923347 0.244906 0.714500 0.655371 0.712093 0.530465 1 22 1.000000
 29 70.822540 -6.946376 105.039948 -0.076273 0.311099 0.947312 0.735759 0.558495 1 22 1.000000
MarioHand_alb.png
 29 72.481865 -7.585608 105.464523 -0.174713 0.360394 0.916292 0.736538 0.586816 1 22 1.000000
 29 71.557877 -5.747271 104.167419 0.119774 0.722173 0.681263 0.713176 0.561318 1 22 1.000000
 29 70.822540 -6.946376 105.039948 -0.076273 0.311099 0.947312 0.735759 0.558495 1 22 1.000000
MarioHand_alb.png
 29 74.892639 -6.979115 105.256683 0.078588 0.766135 0.637857 0.716701 0.617273 1 22 1.000000
 29 72.481865 -7.585608 105.464523 -0.174713 0.360394 0.916292 0.736538 0.586816 1 22 1.000000
 29 74.076637 -8.184172 106.097893 -0.187690 0.382056 0.904879 0.737087 0.613901 1 22 1.000000
MarioHand_alb.png
 29 75.891113 -8.904373 106.714310 -0.038904 0.328775 0.943607 0.739178 0.641215 1 22 1.000000
 29 74.892639 -6.979115 105.256683 0.078588 0.766135 0.637857 0.716701 0.617273 1 22 1.000000
 29 74.076637 -8.184172 106.097893 -0.187690 0.382056 0.904879 0.737087 0.613901 1 22 1.000000
MarioHand_alb.png
 29 75.891113 -8.904373 106.714310 -0.038904 0.328775 0.943607 0.739178 0.641215 1 22 1.000000
 29 76.694687 -7.727911 105.887581 0.219719 0.704170 0.675180 0.721431 0.645609 1 22 1.000000
 29 74.892639 -6.979115 105.256683 0.078588 0.766135 0.637857 0.716701 0.617273 1 22 1.000000
MarioHand_alb.png
 29 72.481865 -7.585608 105.464523 -0.174713 0.360394 0.916292 0.736538 0.586816 1 22 1.000000
 29 73.259117 -6.317411 104.639427 0.081626 0.765908 0.637748 0.714412 0.589548 1 22 1.000000
 29 71.557877 -5.747271 104.167419 0.119774 0.722173 0.681263 0.713176 0.561318 1 22 1.000000
MarioHand_alb.png
 29 74.892639 -6.979115 105.256683 0.078588 0.766135 0.637857 0.716701 0.617273 1 22 1.000000
 29 73.259117 -6.317411 104.639427 0.081626 0.765908 0.637748 0.714412 0.589548 1 22 1.000000
 29 72.481865 -7.585608 105.464523 -0.174713 0.360394 0.916292 0.736538 0.586816 1 22 1.000000
MarioHand_alb.png
 29 71.557877 -5.747271 104.167419 0.119774 0.722173 0.681263 0.713176 0.561318 1 22 1.000000
 29 72.149010 -5.205162 102.816940 0.327305 0.939859 0.097658 0.691905 0.564828 1 22 1.000000
 29 69.666092 -5.073563 103.923347 0.244906 0.714500 0.655371 0.712093 0.530465 1 22 1.000000
MarioHand_alb.png
 29 71.557877 -5.747271 104.167419 0.119774 0.722173 0.681263 0.713176 0.561318 1 22 1.000000
 29 73.259117 -6.317411 104.639427 0.081626 0.765908 0.637748 0.714412 0.589548 1 22 1.000000
 29 72.149010 -5.205162 102.816940 0.327305 0.939859 0.097658 0.691905 0.564828 1 22 1.000000
MarioHand_alb.png
 29 76.694687 -7.727911 105.887581 0.219719 0.704170 0.675180 0.721431 0.645609 1 22 1.000000
 29 75.586151 -6.550467 103.933807 0.355508 0.928725 0.105279 0.697932 0.621729 1 22 1.000000
 29 74.892639 -6.979115 105.256683 0.078588 0.766135 0.637857 0.716701 0.617273 1 22 1.000000
MarioHand_alb.png
 29 74.892639 -6.979115 105.256683 0.078588 0.766135 0.637857 0.716701 0.617273 1 22 1.000000
 29 75.586151 -6.550467 103.933807 0.355508 0.928725 0.105279 0.697932 0.621729 1 22 1.000000
 29 73.259117 -6.317411 104.639427 0.081626 0.765908 0.637748 0.714412 0.589548 1 22 1.000000
MarioHand_alb.png
 29 76.694687 -7.727911 105.887581 0.219719 0.704170 0.675180 0.721431 0.645609 1 22 1.000000
 29 77.401527 -7.278728 104.538437 0.502016 0.856308 0.121308 0.704662 0.651240 1 22 1.000000
 29 75.586151 -6.550467 103.933807 0.355508 0.928725 0.105279 0.697932 0.621729 1 22 1.000000
MarioHand_alb.png
 29 78.636078 -8.647949 104.927414 0.830687 0.475795 0.289100 0.714885 0.678691 1 22 1.000000
 29 77.401527 -7.278728 104.538437 0.502016 0.856308 0.121308 0.704662 0.651240 1 22 1.000000
 29 76.694687 -7.727911 105.887581 0.219719 0.704170 0.675180 0.721431 0.645609 1 22 1.000000
MarioHand_alb.png
 29 75.586151 -6.550467 103.933807 0.355508 0.928725 0.105279 0.697932 0.621729 1 22 1.000000
 29 73.901924 -5.841457 103.296722 0.341010 0.934060 0.106041 0.694194 0.593301 1 22 1.000000
 29 73.259117 -6.317411 104.639427 0.081626 0.765908 0.637748 0.714412 0.589548 1 22 1.000000
MarioHand_alb.png
 29 73.901924 -5.841457 103.296722 0.341010 0.934060 0.106041 0.694194 0.593301 1 22 1.000000
 29 72.149010 -5.205162 102.816940 0.327305 0.939859 0.097658 0.691905 0.564828 1 22 1.000000
 29 73.259117 -6.317411 104.639427 0.081626 0.765908 0.637748 0.714412 0.589548 1 22 1.000000
MarioHand_alb.png
 29 78.636078 -8.647949 104.927414 0.830687 0.475795 0.289100 0.714885 0.678691 1 22 1.000000
 29 79.098213 -9.101933 103.265594 0.914779 0.368124 -0.166323 0.688640 0.681010 1 22 1.000000
 29 77.401527 -7.278728 104.538437 0.502016 0.856308 0.121308 0.704662 0.651240 1 22 1.000000
MarioHand_alb.png
 29 78.636078 -8.647949 104.927414 0.830687 0.475795 0.289100 0.714885 0.678691 1 22 1.000000
 29 78.798874 -11.071615 104.743401 0.872778 -0.352182 0.337973 0.699931 0.711192 1 22 1.000000
 29 79.098213 -9.101933 103.265594 0.914779 0.368124 -0.166323 0.688640 0.681010 1 22 1.000000
MarioHand_alb.png
 29 78.798874 -11.071615 104.743401 0.872778 -0.352182 0.337973 0.699931 0.711192 1 22 1.000000
 29 78.906761 -10.515793 102.283463 0.848982 -0.142737 -0.508779 0.668009 0.692836 1 22 1.000000
 29 79.098213 -9.101933 103.265594 0.914779 0.368124 -0.166323 0.688640 0.681010 1 22 1.000000
MarioHand_alb.png
 29 79.098213 -9.101933 103.265594 0.914779 0.368124 -0.166323 0.688640 0.681010 1 22 1.000000
 29 78.906761 -10.515793 102.283463 0.848982 -0.142737 -0.508779 0.668009 0.692836 1 22 1.000000
 29 78.033920 -7.899965 102.264381 0.652355 0.651306 -0.387598 0.676280 0.657664 1 22 1.000000
MarioHand_alb.png
 29 79.098213 -9.101933 103.265594 0.914779 0.368124 -0.166323 0.688640 0.681010 1 22 1.000000
 29 78.033920 -7.899965 102.264381 0.652355 0.651306 -0.387598 0.676280 0.657664 1 22 1.000000
 29 77.401527 -7.278728 104.538437 0.502016 0.856308 0.121308 0.704662 0.651240 1 22 1.000000
MarioHand_alb.png
 29 78.906761 -10.515793 102.283463 0.848982 -0.142737 -0.508779 0.668009 0.692836 1 22 1.000000
 29 77.771927 -9.834721 100.920395 0.579703 0.017734 -0.814635 0.648524 0.670115 1 22 1.000000
 29 78.033920 -7.899965 102.264381 0.652355 0.651306 -0.387598 0.676280 0.657664 1 22 1.000000
MarioHand_alb.png
 29 77.401527 -7.278728 104.538437 0.502016 0.856308 0.121308 0.704662 0.651240 1 22 1.000000
 29 78.033920 -7.899965 102.264381 0.652355 0.651306 -0.387598 0.676280 0.657664 1 22 1.000000
 29 76.286636 -7.095378 101.566910 0.507342 0.739461 -0.442494 0.667018 0.629404 1 22 1.000000
MarioHand_alb.png
 29 78.033920 -7.899965 102.264381 0.652355 0.651306 -0.387598 0.676280 0.657664 1 22 1.000000
 29 77.771927 -9.834721 100.920395 0.579703 0.017734 -0.814635 0.648524 0.670115 1 22 1.000000
 29 76.286636 -7.095378 101.566910 0.507342 0.739461 -0.442494 0.667018 0.629404 1 22 1.000000
MarioHand_alb.png
 29 77.401527 -7.278728 104.538437 0.502016 0.856308 0.121308 0.704662 0.651240 1 22 1.000000
 29 76.286636 -7.095378 101.566910 0.507342 0.739461 -0.442494 0.667018 0.629404 1 22 1.000000
 29 75.586151 -6.550467 103.933807 0.355508 0.928725 0.105279 0.697932 0.621729 1 22 1.000000
MarioHand_alb.png
 29 75.586151 -6.550467 103.933807 0.355508 0.928725 0.105279 0.697932 0.621729 1 22 1.000000
 29 76.286636 -7.095378 101.566910 0.507342 0.739461 -0.442494 0.667018 0.629404 1 22 1.000000
 29 73.901924 -5.841457 103.296722 0.341010 0.934060 0.106041 0.694194 0.593301 1 22 1.000000
MarioHand_alb.png
 29 76.286636 -7.095378 101.566910 0.507342 0.739461 -0.442494 0.667018 0.629404 1 22 1.000000
 29 77.771927 -9.834721 100.920395 0.579703 0.017734 -0.814635 0.648524 0.670115 1 22 1.000000
 29 76.045258 -9.110026 100.086777 0.437831 0.088100 -0.894731 0.635569 0.639704 1 22 1.000000
MarioHand_alb.png
 29 76.286636 -7.095378 101.566910 0.507342 0.739461 -0.442494 0.667018 0.629404 1 22 1.000000
 29 76.045258 -9.110026 100.086777 0.437831 0.088100 -0.894731 0.635569 0.639704 1 22 1.000000
 29 74.521896 -6.321224 100.913780 0.485260 0.755453 -0.440244 0.661585 0.600534 1 22 1.000000
MarioHand_alb.png
 29 76.286636 -7.095378 101.566910 0.507342 0.739461 -0.442494 0.667018 0.629404 1 22 1.000000
 29 74.521896 -6.321224 100.913780 0.485260 0.755453 -0.440244 0.661585 0.600534 1 22 1.000000
 29 73.901924 -5.841457 103.296722 0.341010 0.934060 0.106041 0.694194 0.593301 1 22 1.000000
MarioHand_alb.png
 29 74.521896 -6.321224 100.913780 0.485260 0.755453 -0.440244 0.661585 0.600534 1 22 1.000000
 29 76.045258 -9.110026 100.086777 0.437831 0.088100 -0.894731 0.635569 0.639704 1 22 1.000000
 29 74.294022 -8.383875 99.252007 0.414978 0.109752 -0.903188 0.627024 0.609140 1 22 1.000000
MarioHand_alb.png
 29 73.901924 -5.841457 103.296722 0.341010 0.934060 0.106041 0.694194 0.593301 1 22 1.000000
 29 74.521896 -6.321224 100.913780 0.485260 0.755453 -0.440244 0.661585 0.600534 1 22 1.000000
 29 72.651352 -5.524042 100.339790 0.431860 0.788469 -0.437964 0.657938 0.571283 1 22 1.000000
MarioHand_alb.png
 29 74.521896 -6.321224 100.913780 0.485260 0.755453 -0.440244 0.661585 0.600534 1 22 1.000000
 29 74.294022 -8.383875 99.252007 0.414978 0.109752 -0.903188 0.627024 0.609140 1 22 1.000000
 29 72.651352 -5.524042 100.339790 0.431860 0.788469 -0.437964 0.657938 0.571283 1 22 1.000000
MarioHand_alb.png
 29 73.901924 -5.841457 103.296722 0.341010 0.934060 0.106041 0.694194 0.593301 1 22 1.000000
 29 72.651352 -5.524042 100.339790 0.431860 0.788469 -0.437964 0.657938 0.571283 1 22 1.000000
 29 72.149010 -5.205162 102.816940 0.327305 0.939859 0.097658 0.691905 0.564828 1 22 1.000000
MarioHand_alb.png
 29 74.294022 -8.383875 99.252007 0.414978 0.109752 -0.903188 0.627024 0.609140 1 22 1.000000
 29 72.345238 -7.608835 98.427101 0.338635 0.144721 -0.929721 0.620249 0.578958 1 22 1.000000
 29 72.651352 -5.524042 100.339790 0.431860 0.788469 -0.437964 0.657938 0.571283 1 22 1.000000
MarioHand_alb.png
 29 72.345238 -7.608835 98.427101 0.338635 0.144721 -0.929721 0.620249 0.578958 1 22 1.000000
 29 70.275650 -6.776712 97.917885 0.241080 0.191872 -0.951349 0.615396 0.547707 1 22 1.000000
 29 72.651352 -5.524042 100.339790 0.431860 0.788469 -0.437964 0.657938 0.571283 1 22 1.000000
MarioHand_alb.png
 29 70.275650 -6.776712 97.917885 0.241080 0.191872 -0.951349 0.615396 0.547707 1 22 1.000000
 29 70.632080 -4.719824 99.981354 0.408948 0.806356 -0.427259 0.654704 0.540658 1 22 1.000000
 29 72.651352 -5.524042 100.339790 0.431860 0.788469 -0.437964 0.657938 0.571283 1 22 1.000000
MarioHand_alb.png
 29 72.651352 -5.524042 100.339790 0.431860 0.788469 -0.437964 0.657938 0.571283 1 22 1.000000
 29 70.632080 -4.719824 99.981354 0.408948 0.806356 -0.427259 0.654704 0.540658 1 22 1.000000
 29 72.149010 -5.205162 102.816940 0.327305 0.939859 0.097658 0.691905 0.564828 1 22 1.000000
MarioHand_alb.png
 29 70.275650 -6.776712 97.917885 0.241080 0.191872 -0.951349 0.615396 0.547707 1 22 1.000000
 29 68.103363 -6.008029 97.899658 0.306703 0.187875 -0.933079 0.613565 0.515877 1 22 1.000000
 29 70.632080 -4.719824 99.981354 0.408948 0.806356 -0.427259 0.654704 0.540658 1 22 1.000000
MarioHand_alb.png
 29 72.149010 -5.205162 102.816940 0.327305 0.939859 0.097658 0.691905 0.564828 1 22 1.000000
 29 70.632080 -4.719824 99.981354 0.408948 0.806356 -0.427259 0.654704 0.540658 1 22 1.000000
 29 70.219780 -4.562250 102.460762 0.376122 0.918084 0.125120 0.689326 0.534783 1 22 1.000000
MarioHand_alb.png
 29 72.149010 -5.205162 102.816940 0.327305 0.939859 0.097658 0.691905 0.564828 1 22 1.000000
 29 70.219780 -4.562250 102.460762 0.376122 0.918084 0.125120 0.689326 0.534783 1 22 1.000000
 29 69.666092 -5.073563 103.923347 0.244906 0.714500 0.655371 0.712093 0.530465 1 22 1.000000
MarioHand_alb.png
 29 67.909355 -4.113348 103.743484 0.382240 0.792899 0.474557 0.710613 0.501701 1 22 1.000000
 29 69.666092 -5.073563 103.923347 0.244906 0.714500 0.655371 0.712093 0.530465 1 22 1.000000
 29 70.219780 -4.562250 102.460762 0.376122 0.918084 0.125120 0.689326 0.534783 1 22 1.000000
MarioHand_alb.png
 29 68.246910 -3.608709 101.938522 0.328829 0.935012 0.132752 0.685939 0.506310 1 22 1.000000
 29 67.909355 -4.113348 103.743484 0.382240 0.792899 0.474557 0.710613 0.501701 1 22 1.000000
 29 70.219780 -4.562250 102.460762 0.376122 0.918084 0.125120 0.689326 0.534783 1 22 1.000000
MarioHand_alb.png
 29 68.246910 -3.608709 101.938522 0.328829 0.935012 0.132752 0.685939 0.506310 1 22 1.000000
 29 70.219780 -4.562250 102.460762 0.376122 0.918084 0.125120 0.689326 0.534783 1 22 1.000000
 29 70.632080 -4.719824 99.981354 0.408948 0.806356 -0.427259 0.654704 0.540658 1 22 1.000000
MarioHand_alb.png
 29 65.701294 -3.075380 101.661270 0.985764 0.160416 0.050356 0.683604 0.474388 1 22 1.000000
 29 67.909355 -4.113348 103.743484 0.382240 0.792899 0.474557 0.710613 0.501701 1 22 1.000000
 29 68.246910 -3.608709 101.938522 0.328829 0.935012 0.132752 0.685939 0.506310 1 22 1.000000
MarioHand_alb.png
 29 68.103363 -6.008029 97.899658 0.306703 0.187875 -0.933079 0.613565 0.515877 1 22 1.000000
 29 68.516785 -3.696344 99.464561 0.408931 0.815813 -0.408931 0.650813 0.510475 1 22 1.000000
 29 70.632080 -4.719824 99.981354 0.408948 0.806356 -0.427259 0.654704 0.540658 1 22 1.000000
MarioHand_alb.png
 29 68.516785 -3.696344 99.464561 0.408931 0.815813 -0.408931 0.650813 0.510475 1 22 1.000000
 29 68.246910 -3.608709 101.938522 0.328829 0.935012 0.132752 0.685939 0.506310 1 22 1.000000
 29 70.632080 -4.719824 99.981354 0.408948 0.806356 -0.427259 0.654704 0.540658 1 22 1.000000
MarioHand_alb.png
 29 68.516785 -3.696344 99.464561 0.408931 0.815813 -0.408931 0.650813 0.510475 1 22 1.000000
 29 65.701294 -3.075380 101.661270 0.985764 0.160416 0.050356 0.683604 0.474388 1 22 1.000000
 29 68.246910 -3.608709 101.938522 0.328829 0.935012 0.132752 0.685939 0.506310 1 22 1.000000
MarioHand_alb.png
 29 68.103363 -6.008029 97.899658 0.306703 0.187875 -0.933079 0.613565 0.515877 1 22 1.000000
 29 65.838013 -4.903758 96.884712 0.704894 0.152670 -0.692688 0.605982 0.481102 1 22 1.000000
 29 68.516785 -3.696344 99.464561 0.408931 0.815813 -0.408931 0.650813 0.510475 1 22 1.000000
MarioHand_alb.png
 29 68.516785 -3.696344 99.464561 0.408931 0.815813 -0.408931 0.650813 0.510475 1 22 1.000000
 29 65.945435 -2.786100 98.972488 0.700376 0.101781 -0.706480 0.647517 0.480171 1 22 1.000000
 29 65.701294 -3.075380 101.661270 0.985764 0.160416 0.050356 0.683604 0.474388 1 22 1.000000
MarioHand_alb.png
 29 65.838013 -4.903758 96.884712 0.704894 0.152670 -0.692688 0.605982 0.481102 1 22 1.000000
 29 65.945435 -2.786100 98.972488 0.700376 0.101781 -0.706480 0.647517 0.480171 1 22 1.000000
 29 68.516785 -3.696344 99.464561 0.408931 0.815813 -0.408931 0.650813 0.510475 1 22 1.000000
MarioHand_alb.png
 29 50.563145 -6.706992 92.293129 -0.746897 -0.637227 -0.189967 0.196765 0.591791 1 22 1.000000
 29 49.153862 -4.494936 93.128540 -0.252534 -0.892451 -0.373841 0.218082 0.565331 1 22 1.000000
 29 49.153866 -2.599457 90.411804 -0.308965 -0.635096 -0.707951 0.255116 0.583200 1 22 1.000000
MarioHand_alb.png
 29 50.563145 -6.706992 92.293129 -0.746897 -0.637227 -0.189967 0.196765 0.591791 1 22 1.000000
 29 49.153866 -2.599457 90.411804 -0.308965 -0.635096 -0.707951 0.255116 0.583200 1 22 1.000000
 29 50.679043 -5.082780 89.322647 -0.728257 -0.477716 -0.491354 0.231800 0.612299 1 22 1.000000
MarioHand_alb.png
 29 52.517231 -8.467008 91.279305 -0.645072 -0.725849 -0.238802 0.180346 0.625772 1 22 1.000000
 29 50.563145 -6.706992 92.293129 -0.746897 -0.637227 -0.189967 0.196765 0.591791 1 22 1.000000
 29 50.679043 -5.082780 89.322647 -0.728257 -0.477716 -0.491354 0.231800 0.612299 1 22 1.000000
MarioHand_alb.png
 29 49.153866 -2.599457 90.411804 -0.308965 -0.635096 -0.707951 0.255116 0.583200 1 22 1.000000
 29 49.153866 0.286232 88.627319 -0.031275 -0.266123 -0.963432 0.296605 0.591165 1 22 1.000000
 29 50.679043 -5.082780 89.322647 -0.728257 -0.477716 -0.491354 0.231800 0.612299 1 22 1.000000
MarioHand_alb.png
 29 52.517231 -8.467008 91.279305 -0.645072 -0.725849 -0.238802 0.180346 0.625772 1 22 1.000000
 29 50.679043 -5.082780 89.322647 -0.728257 -0.477716 -0.491354 0.231800 0.612299 1 22 1.000000
 29 52.818401 -6.876331 88.606071 -0.524517 -0.528427 -0.667567 0.213489 0.643076 1 22 1.000000
MarioHand_alb.png
 29 50.948059 -2.743579 87.949982 -0.531736 -0.205361 -0.821635 0.263813 0.619120 1 22 1.000000
 29 50.679043 -5.082780 89.322647 -0.728257 -0.477716 -0.491354 0.231800 0.612299 1 22 1.000000
 29 49.153866 0.286232 88.627319 -0.031275 -0.266123 -0.963432 0.296605 0.591165 1 22 1.000000
MarioHand_alb.png
 29 55.050728 -8.544272 88.376656 -0.387542 -0.504930 -0.771270 0.194919 0.672801 1 22 1.000000
 29 52.517231 -8.467008 91.279305 -0.645072 -0.725849 -0.238802 0.180346 0.625772 1 22 1.000000
 29 52.818401 -6.876331 88.606071 -0.524517 -0.528427 -0.667567 0.213489 0.643076 1 22 1.000000
MarioHand_alb.png
 29 54.732307 -10.162797 90.781540 -0.618391 -0.749433 -0.236522 0.162478 0.659998 1 22 1.000000
 29 52.517231 -8.467008 91.279305 -0.645072 -0.725849 -0.238802 0.180346 0.625772 1 22 1.000000
 29 55.050728 -8.544272 88.376656 -0.387542 -0.504930 -0.771270 0.194919 0.672801 1 22 1.000000
MarioHand_alb.png
 29 52.818401 -6.876331 88.606071 -0.524517 -0.528427 -0.667567 0.213489 0.643076 1 22 1.000000
 29 50.679043 -5.082780 89.322647 -0.728257 -0.477716 -0.491354 0.231800 0.612299 1 22 1.000000
 29 53.661129 -4.254546 86.951332 -0.275727 -0.209369 -0.938157 0.249622 0.654063 1 22 1.000000
MarioHand_alb.png
 29 53.661129 -4.254546 86.951332 -0.275727 -0.209369 -0.938157 0.249622 0.654063 1 22 1.000000
 29 50.679043 -5.082780 89.322647 -0.728257 -0.477716 -0.491354 0.231800 0.612299 1 22 1.000000
 29 50.948059 -2.743579 87.949982 -0.531736 -0.205361 -0.821635 0.263813 0.619120 1 22 1.000000
MarioHand_alb.png
 29 51.694759 0.282261 87.503174 -0.235056 0.048932 -0.970749 0.300679 0.625284 1 22 1.000000
 29 50.948059 -2.743579 87.949982 -0.531736 -0.205361 -0.821635 0.263813 0.619120 1 22 1.000000
 29 49.153866 0.286232 88.627319 -0.031275 -0.266123 -0.963432 0.296605 0.591165 1 22 1.000000
MarioHand_alb.png
 29 53.661129 -4.254546 86.951332 -0.275727 -0.209369 -0.938157 0.249622 0.654063 1 22 1.000000
 29 50.948059 -2.743579 87.949982 -0.531736 -0.205361 -0.821635 0.263813 0.619120 1 22 1.000000
 29 51.694759 0.282261 87.503174 -0.235056 0.048932 -0.970749 0.300679 0.625284 1 22 1.000000
MarioHand_alb.png
 29 51.694759 0.282261 87.503174 -0.235056 0.048932 -0.970749 0.300679 0.625284 1 22 1.000000
 29 49.153866 0.286232 88.627319 -0.031275 -0.266123 -0.963432 0.296605 0.591165 1 22 1.000000
 29 49.160374 3.667027 87.968140 0.133154 0.052818 -0.989687 0.339940 0.590387 1 22 1.000000
MarioHand_alb.png
 29 52.818401 -6.876331 88.606071 -0.524517 -0.528427 -0.667567 0.213489 0.643076 1 22 1.000000
 29 53.661129 -4.254546 86.951332 -0.275727 -0.209369 -0.938157 0.249622 0.654063 1 22 1.000000
 29 56.513260 -5.290642 86.697372 -0.029377 -0.150701 -0.988143 0.238514 0.687938 1 22 1.000000
MarioHand_alb.png
 29 55.050728 -8.544272 88.376656 -0.387542 -0.504930 -0.771270 0.194919 0.672801 1 22 1.000000
 29 52.818401 -6.876331 88.606071 -0.524517 -0.528427 -0.667567 0.213489 0.643076 1 22 1.000000
 29 56.513260 -5.290642 86.697372 -0.029377 -0.150701 -0.988143 0.238514 0.687938 1 22 1.000000
MarioHand_alb.png
 29 53.661129 -4.254546 86.951332 -0.275727 -0.209369 -0.938157 0.249622 0.654063 1 22 1.000000
 29 51.694759 0.282261 87.503174 -0.235056 0.048932 -0.970749 0.300679 0.625284 1 22 1.000000
 29 54.695721 -0.282015 87.010811 0.170131 0.233060 -0.957465 0.296239 0.662318 1 22 1.000000
MarioHand_alb.png
 29 56.513260 -5.290642 86.697372 -0.029377 -0.150701 -0.988143 0.238514 0.687938 1 22 1.000000
 29 53.661129 -4.254546 86.951332 -0.275727 -0.209369 -0.938157 0.249622 0.654063 1 22 1.000000
 29 54.695721 -0.282015 87.010811 0.170131 0.233060 -0.957465 0.296239 0.662318 1 22 1.000000
MarioHand_alb.png
 29 51.694759 0.282261 87.503174 -0.235056 0.048932 -0.970749 0.300679 0.625284 1 22 1.000000
 29 49.160374 3.667027 87.968140 0.133154 0.052818 -0.989687 0.339940 0.590387 1 22 1.000000
 29 51.814220 3.031269 88.125656 0.017927 0.121339 -0.992449 0.335088 0.623926 1 22 1.000000
MarioHand_alb.png
 29 54.695721 -0.282015 87.010811 0.170131 0.233060 -0.957465 0.296239 0.662318 1 22 1.000000
 29 51.694759 0.282261 87.503174 -0.235056 0.048932 -0.970749 0.300679 0.625284 1 22 1.000000
 29 51.814220 3.031269 88.125656 0.017927 0.121339 -0.992449 0.335088 0.623926 1 22 1.000000
MarioHand_alb.png
 29 51.814220 3.031269 88.125656 0.017927 0.121339 -0.992449 0.335088 0.623926 1 22 1.000000
 29 49.160374 3.667027 87.968140 0.133154 0.052818 -0.989687 0.339940 0.590387 1 22 1.000000
 29 51.900436 6.159244 88.088776 -0.011444 0.107671 -0.994121 0.372946 0.621180 1 22 1.000000
MarioHand_alb.png
 29 49.160374 3.667027 87.968140 0.133154 0.052818 -0.989687 0.339940 0.590387 1 22 1.000000
 29 49.153870 7.047823 88.627319 0.090013 0.279859 -0.955812 0.384298 0.586343 1 22 1.000000
 29 51.900436 6.159244 88.088776 -0.011444 0.107671 -0.994121 0.372946 0.621180 1 22 1.000000
MarioHand_alb.png
 29 54.695721 -0.282015 87.010811 0.170131 0.233060 -0.957465 0.296239 0.662318 1 22 1.000000
 29 51.814220 3.031269 88.125656 0.017927 0.121339 -0.992449 0.335088 0.623926 1 22 1.000000
 29 54.854000 2.981237 88.249260 0.219288 0.144730 -0.964866 0.337591 0.661814 1 22 1.000000
MarioHand_alb.png
 29 51.900436 6.159244 88.088776 -0.011444 0.107671 -0.994121 0.372946 0.621180 1 22 1.000000
 29 49.153870 7.047823 88.627319 0.090013 0.279859 -0.955812 0.384298 0.586343 1 22 1.000000
 29 51.852093 9.446747 88.975388 -0.158667 0.409064 -0.898605 0.414084 0.619074 1 22 1.000000
MarioHand_alb.png
 29 49.153870 7.047823 88.627319 0.090013 0.279859 -0.955812 0.384298 0.586343 1 22 1.000000
 29 49.153870 9.933512 90.411804 -0.052646 0.667900 -0.742387 0.430045 0.584100 1 22 1.000000
 29 51.852093 9.446747 88.975388 -0.158667 0.409064 -0.898605 0.414084 0.619074 1 22 1.000000
MarioHand_alb.png
 29 51.814220 3.031269 88.125656 0.017927 0.121339 -0.992449 0.335088 0.623926 1 22 1.000000
 29 51.900436 6.159244 88.088776 -0.011444 0.107671 -0.994121 0.372946 0.621180 1 22 1.000000
 29 54.983723 5.590391 88.253212 0.178082 0.043090 -0.983072 0.368551 0.658930 1 22 1.000000
MarioHand_alb.png
 29 54.854000 2.981237 88.249260 0.219288 0.144730 -0.964866 0.337591 0.661814 1 22 1.000000
 29 51.814220 3.031269 88.125656 0.017927 0.121339 -0.992449 0.335088 0.623926 1 22 1.000000
 29 54.983723 5.590391 88.253212 0.178082 0.043090 -0.983072 0.368551 0.658930 1 22 1.000000
MarioHand_alb.png
 29 51.900436 6.159244 88.088776 -0.011444 0.107671 -0.994121 0.372946 0.621180 1 22 1.000000
 29 51.852093 9.446747 88.975388 -0.158667 0.409064 -0.898605 0.414084 0.619074 1 22 1.000000
 29 54.713394 8.560638 88.652092 0.138839 0.219128 -0.965767 0.403021 0.652689 1 22 1.000000
MarioHand_alb.png
 29 54.983723 5.590391 88.253212 0.178082 0.043090 -0.983072 0.368551 0.658930 1 22 1.000000
 29 51.900436 6.159244 88.088776 -0.011444 0.107671 -0.994121 0.372946 0.621180 1 22 1.000000
 29 54.713394 8.560638 88.652092 0.138839 0.219128 -0.965767 0.403021 0.652689 1 22 1.000000
MarioHand_alb.png
 29 51.852093 9.446747 88.975388 -0.158667 0.409064 -0.898605 0.414084 0.619074 1 22 1.000000
 29 49.153870 9.933512 90.411804 -0.052646 0.667900 -0.742387 0.430045 0.584100 1 22 1.000000
 29 51.631001 11.700502 90.535156 -0.320838 0.719024 -0.616497 0.446860 0.617304 1 22 1.000000
MarioHand_alb.png
 29 49.153870 9.933512 90.411804 -0.052646 0.667900 -0.742387 0.430045 0.584100 1 22 1.000000
 29 49.153870 11.828990 93.128517 -0.125119 0.922085 -0.366202 0.474983 0.584146 1 22 1.000000
 29 51.631001 11.700502 90.535156 -0.320838 0.719024 -0.616497 0.446860 0.617304 1 22 1.000000
MarioHand_alb.png
 29 54.713394 8.560638 88.652092 0.138839 0.219128 -0.965767 0.403021 0.652689 1 22 1.000000
 29 51.852093 9.446747 88.975388 -0.158667 0.409064 -0.898605 0.414084 0.619074 1 22 1.000000
 29 54.501698 11.326427 89.745964 0.021747 0.562665 -0.826399 0.436606 0.650004 1 22 1.000000
MarioHand_alb.png
 29 51.852093 9.446747 88.975388 -0.158667 0.409064 -0.898605 0.414084 0.619074 1 22 1.000000
 29 51.631001 11.700502 90.535156 -0.320838 0.719024 -0.616497 0.446860 0.617304 1 22 1.000000
 29 54.501698 11.326427 89.745964 0.021747 0.562665 -0.826399 0.436606 0.650004 1 22 1.000000
MarioHand_alb.png
 29 51.631001 11.700502 90.535156 -0.320838 0.719024 -0.616497 0.446860 0.617304 1 22 1.000000
 29 49.153870 11.828990 93.128517 -0.125119 0.922085 -0.366202 0.474983 0.584146 1 22 1.000000
 29 51.088848 13.077468 94.004448 -0.383746 0.902051 -0.197595 0.491844 0.609995 1 22 1.000000
MarioHand_alb.png
 29 49.153870 11.828990 93.128517 -0.125119 0.922085 -0.366202 0.474983 0.584146 1 22 1.000000
 29 49.153870 12.531140 96.311356 -0.187690 0.982226 0.002289 0.516793 0.582803 1 22 1.000000
 29 51.088848 13.077468 94.004448 -0.383746 0.902051 -0.197595 0.491844 0.609995 1 22 1.000000
MarioHand_alb.png
 29 51.088848 13.077468 94.004448 -0.383746 0.902051 -0.197595 0.491844 0.609995 1 22 1.000000
 29 49.153870 12.531140 96.311356 -0.187690 0.982226 0.002289 0.516793 0.582803 1 22 1.000000
 29 50.977901 13.337015 97.218842 -0.395582 0.912376 0.105285 0.531395 0.606363 1 22 1.000000
MarioHand_alb.png
 29 51.631001 11.700502 90.535156 -0.320838 0.719024 -0.616497 0.446860 0.617304 1 22 1.000000
 29 51.088848 13.077468 94.004448 -0.383746 0.902051 -0.197595 0.491844 0.609995 1 22 1.000000
 29 54.173820 13.334320 91.657867 -0.105280 0.823355 -0.557676 0.467948 0.647822 1 22 1.000000
MarioHand_alb.png
 29 54.501698 11.326427 89.745964 0.021747 0.562665 -0.826399 0.436606 0.650004 1 22 1.000000
 29 51.631001 11.700502 90.535156 -0.320838 0.719024 -0.616497 0.446860 0.617304 1 22 1.000000
 29 54.173820 13.334320 91.657867 -0.105280 0.823355 -0.557676 0.467948 0.647822 1 22 1.000000
MarioHand_alb.png
 29 51.088848 13.077468 94.004448 -0.383746 0.902051 -0.197595 0.491844 0.609995 1 22 1.000000
 29 50.977901 13.337015 97.218842 -0.395582 0.912376 0.105285 0.531395 0.606363 1 22 1.000000
 29 53.753830 14.228868 94.445206 -0.237278 0.953882 -0.183872 0.501747 0.644175 1 22 1.000000
MarioHand_alb.png
 29 54.173820 13.334320 91.657867 -0.105280 0.823355 -0.557676 0.467948 0.647822 1 22 1.000000
 29 51.088848 13.077468 94.004448 -0.383746 0.902051 -0.197595 0.491844 0.609995 1 22 1.000000
 29 53.753830 14.228868 94.445206 -0.237278 0.953882 -0.183872 0.501747 0.644175 1 22 1.000000
MarioHand_alb.png
 29 53.753830 14.228868 94.445206 -0.237278 0.953882 -0.183872 0.501747 0.644175 1 22 1.000000
 29 50.977901 13.337015 97.218842 -0.395582 0.912376 0.105285 0.531395 0.606363 1 22 1.000000
 29 53.507767 14.288552 97.757835 -0.293339 0.944482 0.148005 0.541833 0.640787 1 22 1.000000
MarioHand_alb.png
 29 54.501698 11.326427 89.745964 0.021747 0.562665 -0.826399 0.436606 0.650004 1 22 1.000000
 29 54.173820 13.334320 91.657867 -0.105280 0.823355 -0.557676 0.467948 0.647822 1 22 1.000000
 29 57.686188 13.700947 92.047310 0.164035 0.794137 -0.585184 0.471641 0.686824 1 22 1.000000
MarioHand_alb.png
 29 57.686188 13.700947 92.047310 0.164035 0.794137 -0.585184 0.471641 0.686824 1 22 1.000000
 29 54.173820 13.334320 91.657867 -0.105280 0.823355 -0.557676 0.467948 0.647822 1 22 1.000000
 29 53.753830 14.228868 94.445206 -0.237278 0.953882 -0.183872 0.501747 0.644175 1 22 1.000000
MarioHand_alb.png
 29 57.151623 14.967724 94.850128 -0.004196 0.974684 -0.223548 0.506401 0.685313 1 22 1.000000
 29 53.753830 14.228868 94.445206 -0.237278 0.953882 -0.183872 0.501747 0.644175 1 22 1.000000
 29 53.507767 14.288552 97.757835 -0.293339 0.944482 0.148005 0.541833 0.640787 1 22 1.000000
MarioHand_alb.png
 29 57.686188 13.700947 92.047310 0.164035 0.794137 -0.585184 0.471641 0.686824 1 22 1.000000
 29 53.753830 14.228868 94.445206 -0.237278 0.953882 -0.183872 0.501747 0.644175 1 22 1.000000
 29 57.151623 14.967724 94.850128 -0.004196 0.974684 -0.223548 0.506401 0.685313 1 22 1.000000
MarioHand_alb.png
 29 57.151623 14.967724 94.850128 -0.004196 0.974684 -0.223548 0.506401 0.685313 1 22 1.000000
 29 53.507767 14.288552 97.757835 -0.293339 0.944482 0.148005 0.541833 0.640787 1 22 1.000000
 29 56.770218 15.020341 98.209000 -0.131224 0.981033 0.142668 0.546899 0.685481 1 22 1.000000
MarioHand_alb.png
 29 58.180031 11.365086 90.208382 0.305245 0.501270 -0.809663 0.439185 0.690486 1 22 1.000000
 29 54.501698 11.326427 89.745964 0.021747 0.562665 -0.826399 0.436606 0.650004 1 22 1.000000
 29 57.686188 13.700947 92.047310 0.164035 0.794137 -0.585184 0.471641 0.686824 1 22 1.000000
MarioHand_alb.png
 29 54.713394 8.560638 88.652092 0.138839 0.219128 -0.965767 0.403021 0.652689 1 22 1.000000
 29 54.501698 11.326427 89.745964 0.021747 0.562665 -0.826399 0.436606 0.650004 1 22 1.000000
 29 58.180031 11.365086 90.208382 0.305245 0.501270 -0.809663 0.439185 0.690486 1 22 1.000000
MarioHand_alb.png
 29 60.532703 13.124092 93.283195 0.492465 0.676328 -0.547776 0.473533 0.724361 1 22 1.000000
 29 57.686188 13.700947 92.047310 0.164035 0.794137 -0.585184 0.471641 0.686824 1 22 1.000000
 29 57.151623 14.967724 94.850128 -0.004196 0.974684 -0.223548 0.506401 0.685313 1 22 1.000000
MarioHand_alb.png
 29 58.180031 11.365086 90.208382 0.305245 0.501270 -0.809663 0.439185 0.690486 1 22 1.000000
 29 57.686188 13.700947 92.047310 0.164035 0.794137 -0.585184 0.471641 0.686824 1 22 1.000000
 29 60.532703 13.124092 93.283195 0.492465 0.676328 -0.547776 0.473533 0.724361 1 22 1.000000
MarioHand_alb.png
 29 57.151623 14.967724 94.850128 -0.004196 0.974684 -0.223548 0.506401 0.685313 1 22 1.000000
 29 56.770218 15.020341 98.209000 -0.131224 0.981033 0.142668 0.546899 0.685481 1 22 1.000000
 29 60.114792 14.677227 95.764389 0.258646 0.938833 -0.227365 0.506844 0.724590 1 22 1.000000
MarioHand_alb.png
 29 60.532703 13.124092 93.283195 0.492465 0.676328 -0.547776 0.473533 0.724361 1 22 1.000000
 29 57.151623 14.967724 94.850128 -0.004196 0.974684 -0.223548 0.506401 0.685313 1 22 1.000000
 29 60.114792 14.677227 95.764389 0.258646 0.938833 -0.227365 0.506844 0.724590 1 22 1.000000
MarioHand_alb.png
 29 60.114792 14.677227 95.764389 0.258646 0.938833 -0.227365 0.506844 0.724590 1 22 1.000000
 29 56.770218 15.020341 98.209000 -0.131224 0.981033 0.142668 0.546899 0.685481 1 22 1.000000
 29 59.495312 15.024823 99.366592 -0.006103 0.981772 0.189965 0.548486 0.726848 1 22 1.000000
MarioHand_alb.png
 29 60.114792 14.677227 95.764389 0.258646 0.938833 -0.227365 0.506844 0.724590 1 22 1.000000
 29 59.495312 15.024823 99.366592 -0.006103 0.981772 0.189965 0.548486 0.726848 1 22 1.000000
 29 61.547646 14.630848 100.124184 0.115582 0.980540 0.158687 0.545815 0.766827 1 22 1.000000
MarioHand_alb.png
 29 60.532703 13.124092 93.283195 0.492465 0.676328 -0.547776 0.473533 0.724361 1 22 1.000000
 29 60.114792 14.677227 95.764389 0.258646 0.938833 -0.227365 0.506844 0.724590 1 22 1.000000
 29 61.728203 13.817777 96.931389 0.624122 0.739905 -0.251022 0.506813 0.758251 1 22 1.000000
MarioHand_alb.png
 29 60.114792 14.677227 95.764389 0.258646 0.938833 -0.227365 0.506844 0.724590 1 22 1.000000
 29 61.547646 14.630848 100.124184 0.115582 0.980540 0.158687 0.545815 0.766827 1 22 1.000000
 29 61.728203 13.817777 96.931389 0.624122 0.739905 -0.251022 0.506813 0.758251 1 22 1.000000
MarioHand_alb.png
 29 62.400604 13.063839 97.551010 0.232693 0.856862 -0.460045 0.507713 0.783444 1 22 1.000000
 29 61.547646 14.630848 100.124184 0.115582 0.980540 0.158687 0.545815 0.766827 1 22 1.000000
 29 63.127129 14.584089 99.810425 -0.092313 0.995701 0.007629 0.543160 0.788983 1 22 1.000000
MarioHand_alb.png
 29 61.728203 13.817777 96.931389 0.624122 0.739905 -0.251022 0.506813 0.758251 1 22 1.000000
 29 61.547646 14.630848 100.124184 0.115582 0.980540 0.158687 0.545815 0.766827 1 22 1.000000
 29 62.400604 13.063839 97.551010 0.232693 0.856862 -0.460045 0.507713 0.783444 1 22 1.000000
MarioHand_alb.png
 29 62.506947 12.342542 95.049149 0.788106 0.502484 -0.355525 0.478218 0.758221 1 22 1.000000
 29 61.728203 13.817777 96.931389 0.624122 0.739905 -0.251022 0.506813 0.758251 1 22 1.000000
 29 62.400604 13.063839 97.551010 0.232693 0.856862 -0.460045 0.507713 0.783444 1 22 1.000000
MarioHand_alb.png
 29 60.532703 13.124092 93.283195 0.492465 0.676328 -0.547776 0.473533 0.724361 1 22 1.000000
 29 61.728203 13.817777 96.931389 0.624122 0.739905 -0.251022 0.506813 0.758251 1 22 1.000000
 29 62.506947 12.342542 95.049149 0.788106 0.502484 -0.355525 0.478218 0.758221 1 22 1.000000
MarioHand_alb.png
 29 62.506947 12.342542 95.049149 0.788106 0.502484 -0.355525 0.478218 0.758221 1 22 1.000000
 29 62.400604 13.063839 97.551010 0.232693 0.856862 -0.460045 0.507713 0.783444 1 22 1.000000
 29 63.290943 11.086721 96.826714 0.865649 0.332964 -0.373881 0.479530 0.793866 1 22 1.000000
MarioHand_alb.png
 29 60.920528 10.735004 91.745132 0.603135 0.403235 -0.688208 0.442512 0.727443 1 22 1.000000
 29 60.532703 13.124092 93.283195 0.492465 0.676328 -0.547776 0.473533 0.724361 1 22 1.000000
 29 62.506947 12.342542 95.049149 0.788106 0.502484 -0.355525 0.478218 0.758221 1 22 1.000000
MarioHand_alb.png
 29 60.920528 10.735004 91.745132 0.603135 0.403235 -0.688208 0.442512 0.727443 1 22 1.000000
 29 58.180031 11.365086 90.208382 0.305245 0.501270 -0.809663 0.439185 0.690486 1 22 1.000000
 29 60.532703 13.124092 93.283195 0.492465 0.676328 -0.547776 0.473533 0.724361 1 22 1.000000
MarioHand_alb.png
 29 63.298256 9.990700 94.024361 0.842541 0.323057 -0.430997 0.447501 0.765850 1 22 1.000000
 29 62.506947 12.342542 95.049149 0.788106 0.502484 -0.355525 0.478218 0.758221 1 22 1.000000
 29 63.290943 11.086721 96.826714 0.865649 0.332964 -0.373881 0.479530 0.793866 1 22 1.000000
MarioHand_alb.png
 29 60.920528 10.735004 91.745132 0.603135 0.403235 -0.688208 0.442512 0.727443 1 22 1.000000
 29 62.506947 12.342542 95.049149 0.788106 0.502484 -0.355525 0.478218 0.758221 1 22 1.000000
 29 63.298256 9.990700 94.024361 0.842541 0.323057 -0.430997 0.447501 0.765850 1 22 1.000000
MarioHand_alb.png
 29 63.298256 9.990700 94.024361 0.842541 0.323057 -0.430997 0.447501 0.765850 1 22 1.000000
 29 63.290943 11.086721 96.826714 0.865649 0.332964 -0.373881 0.479530 0.793866 1 22 1.000000
 29 64.148041 9.032111 98.299492 0.640306 0.262247 -0.721966 0.461097 0.826154 1 22 1.000000
MarioHand_alb.png
 29 64.936684 5.842520 97.084740 0.641680 -0.050835 -0.765286 0.417395 0.826032 1 22 1.000000
 29 63.298256 9.990700 94.024361 0.842541 0.323057 -0.430997 0.447501 0.765850 1 22 1.000000
 29 64.148041 9.032111 98.299492 0.640306 0.262247 -0.721966 0.461097 0.826154 1 22 1.000000
MarioHand_alb.png
 29 58.369591 8.406942 89.416451 0.362497 0.164745 -0.917309 0.405966 0.694896 1 22 1.000000
 29 58.180031 11.365086 90.208382 0.305245 0.501270 -0.809663 0.439185 0.690486 1 22 1.000000
 29 60.920528 10.735004 91.745132 0.603135 0.403235 -0.688208 0.442512 0.727443 1 22 1.000000
MarioHand_alb.png
 29 58.369591 8.406942 89.416451 0.362497 0.164745 -0.917309 0.405966 0.694896 1 22 1.000000
 29 54.713394 8.560638 88.652092 0.138839 0.219128 -0.965767 0.403021 0.652689 1 22 1.000000
 29 58.180031 11.365086 90.208382 0.305245 0.501270 -0.809663 0.439185 0.690486 1 22 1.000000
MarioHand_alb.png
 29 54.983723 5.590391 88.253212 0.178082 0.043090 -0.983072 0.368551 0.658930 1 22 1.000000
 29 54.713394 8.560638 88.652092 0.138839 0.219128 -0.965767 0.403021 0.652689 1 22 1.000000
 29 58.369591 8.406942 89.416451 0.362497 0.164745 -0.917309 0.405966 0.694896 1 22 1.000000
MarioHand_alb.png
 29 60.920528 10.735004 91.745132 0.603135 0.403235 -0.688208 0.442512 0.727443 1 22 1.000000
 29 63.298256 9.990700 94.024361 0.842541 0.323057 -0.430997 0.447501 0.765850 1 22 1.000000
 29 61.484585 7.946098 90.776543 0.643273 0.129055 -0.754682 0.409125 0.733120 1 22 1.000000
MarioHand_alb.png
 29 58.369591 8.406942 89.416451 0.362497 0.164745 -0.917309 0.405966 0.694896 1 22 1.000000
 29 60.920528 10.735004 91.745132 0.603135 0.403235 -0.688208 0.442512 0.727443 1 22 1.000000
 29 61.484585 7.946098 90.776543 0.643273 0.129055 -0.754682 0.409125 0.733120 1 22 1.000000
MarioHand_alb.png
 29 58.236961 5.217323 89.111160 0.385563 -0.031368 -0.922148 0.369833 0.699092 1 22 1.000000
 29 54.983723 5.590391 88.253212 0.178082 0.043090 -0.983072 0.368551 0.658930 1 22 1.000000
 29 58.369591 8.406942 89.416451 0.362497 0.164745 -0.917309 0.405966 0.694896 1 22 1.000000
MarioHand_alb.png
 29 58.236961 5.217323 89.111160 0.385563 -0.031368 -0.922148 0.369833 0.699092 1 22 1.000000
 29 58.369591 8.406942 89.416451 0.362497 0.164745 -0.917309 0.405966 0.694896 1 22 1.000000
 29 61.484585 7.946098 90.776543 0.643273 0.129055 -0.754682 0.409125 0.733120 1 22 1.000000
MarioHand_alb.png
 29 54.854000 2.981237 88.249260 0.219288 0.144730 -0.964866 0.337591 0.661814 1 22 1.000000
 29 54.983723 5.590391 88.253212 0.178082 0.043090 -0.983072 0.368551 0.658930 1 22 1.000000
 29 58.236961 5.217323 89.111160 0.385563 -0.031368 -0.922148 0.369833 0.699092 1 22 1.000000
MarioHand_alb.png
 29 63.590698 7.115784 93.734863 0.845224 0.078286 -0.528647 0.414359 0.776150 1 22 1.000000
 29 61.484585 7.946098 90.776543 0.643273 0.129055 -0.754682 0.409125 0.733120 1 22 1.000000
 29 63.298256 9.990700 94.024361 0.842541 0.323057 -0.430997 0.447501 0.765850 1 22 1.000000
MarioHand_alb.png
 29 64.936684 5.842520 97.084740 0.641680 -0.050835 -0.765286 0.417395 0.826032 1 22 1.000000
 29 63.590698 7.115784 93.734863 0.845224 0.078286 -0.528647 0.414359 0.776150 1 22 1.000000
 29 63.298256 9.990700 94.024361 0.842541 0.323057 -0.430997 0.447501 0.765850 1 22 1.000000
MarioHand_alb.png
 29 58.236961 5.217323 89.111160 0.385563 -0.031368 -0.922148 0.369833 0.699092 1 22 1.000000
 29 61.484585 7.946098 90.776543 0.643273 0.129055 -0.754682 0.409125 0.733120 1 22 1.000000
 29 61.267212 4.680322 90.833290 0.647686 -0.138844 -0.749149 0.373129 0.740444 1 22 1.000000
MarioHand_alb.png
 29 61.267212 4.680322 90.833290 0.647686 -0.138844 -0.749149 0.373129 0.740444 1 22 1.000000
 29 61.484585 7.946098 90.776543 0.643273 0.129055 -0.754682 0.409125 0.733120 1 22 1.000000
 29 63.590698 7.115784 93.734863 0.845224 0.078286 -0.528647 0.414359 0.776150 1 22 1.000000
MarioHand_alb.png
 29 57.924141 2.149680 89.250603 0.508710 0.113354 -0.853443 0.333333 0.703883 1 22 1.000000
 29 54.854000 2.981237 88.249260 0.219288 0.144730 -0.964866 0.337591 0.661814 1 22 1.000000
 29 58.236961 5.217323 89.111160 0.385563 -0.031368 -0.922148 0.369833 0.699092 1 22 1.000000
MarioHand_alb.png
 29 57.924141 2.149680 89.250603 0.508710 0.113354 -0.853443 0.333333 0.703883 1 22 1.000000
 29 58.236961 5.217323 89.111160 0.385563 -0.031368 -0.922148 0.369833 0.699092 1 22 1.000000
 29 61.267212 4.680322 90.833290 0.647686 -0.138844 -0.749149 0.373129 0.740444 1 22 1.000000
MarioHand_alb.png
 29 54.695721 -0.282015 87.010811 0.170131 0.233060 -0.957465 0.296239 0.662318 1 22 1.000000
 29 54.854000 2.981237 88.249260 0.219288 0.144730 -0.964866 0.337591 0.661814 1 22 1.000000
 29 57.924141 2.149680 89.250603 0.508710 0.113354 -0.853443 0.333333 0.703883 1 22 1.000000
MarioHand_alb.png
 29 63.719524 4.148190 93.940361 0.812121 -0.125213 -0.569896 0.378836 0.787900 1 22 1.000000
 29 63.590698 7.115784 93.734863 0.845224 0.078286 -0.528647 0.414359 0.776150 1 22 1.000000
 29 64.936684 5.842520 97.084740 0.641680 -0.050835 -0.765286 0.417395 0.826032 1 22 1.000000
MarioHand_alb.png
 29 63.719524 4.148190 93.940361 0.812121 -0.125213 -0.569896 0.378836 0.787900 1 22 1.000000
 29 61.267212 4.680322 90.833290 0.647686 -0.138844 -0.749149 0.373129 0.740444 1 22 1.000000
 29 63.590698 7.115784 93.734863 0.845224 0.078286 -0.528647 0.414359 0.776150 1 22 1.000000
MarioHand_alb.png
 29 63.719524 4.148190 93.940361 0.812121 -0.125213 -0.569896 0.378836 0.787900 1 22 1.000000
 29 64.936684 5.842520 97.084740 0.641680 -0.050835 -0.765286 0.417395 0.826032 1 22 1.000000
 29 65.467346 3.087295 99.427719 0.653328 0.215232 -0.725836 0.386069 0.858091 1 22 1.000000
MarioHand_alb.png
 29 63.719524 4.148190 93.940361 0.812121 -0.125213 -0.569896 0.378836 0.787900 1 22 1.000000
 29 65.467346 3.087295 99.427719 0.653328 0.215232 -0.725836 0.386069 0.858091 1 22 1.000000
 29 66.209579 0.429522 97.788803 0.655560 0.109651 -0.747140 0.347478 0.848371 1 22 1.000000
MarioHand_alb.png
 29 60.510269 1.664890 91.595314 0.709913 -0.011730 -0.704191 0.336233 0.748180 1 22 1.000000
 29 61.267212 4.680322 90.833290 0.647686 -0.138844 -0.749149 0.373129 0.740444 1 22 1.000000
 29 63.719524 4.148190 93.940361 0.812121 -0.125213 -0.569896 0.378836 0.787900 1 22 1.000000
MarioHand_alb.png
 29 57.924141 2.149680 89.250603 0.508710 0.113354 -0.853443 0.333333 0.703883 1 22 1.000000
 29 61.267212 4.680322 90.833290 0.647686 -0.138844 -0.749149 0.373129 0.740444 1 22 1.000000
 29 60.510269 1.664890 91.595314 0.709913 -0.011730 -0.704191 0.336233 0.748180 1 22 1.000000
MarioHand_alb.png
 29 63.039150 1.145862 94.459747 0.747331 -0.062599 -0.661497 0.341253 0.795438 1 22 1.000000
 29 63.719524 4.148190 93.940361 0.812121 -0.125213 -0.569896 0.378836 0.787900 1 22 1.000000
 29 66.209579 0.429522 97.788803 0.655560 0.109651 -0.747140 0.347478 0.848371 1 22 1.000000
MarioHand_alb.png
 29 60.510269 1.664890 91.595314 0.709913 -0.011730 -0.704191 0.336233 0.748180 1 22 1.000000
 29 63.719524 4.148190 93.940361 0.812121 -0.125213 -0.569896 0.378836 0.787900 1 22 1.000000
 29 63.039150 1.145862 94.459747 0.747331 -0.062599 -0.661497 0.341253 0.795438 1 22 1.000000
MarioHand_alb.png
 29 57.977592 -1.360754 87.893951 0.497495 0.280044 -0.821020 0.287846 0.704051 1 22 1.000000
 29 54.695721 -0.282015 87.010811 0.170131 0.233060 -0.957465 0.296239 0.662318 1 22 1.000000
 29 57.924141 2.149680 89.250603 0.508710 0.113354 -0.853443 0.333333 0.703883 1 22 1.000000
MarioHand_alb.png
 29 56.513260 -5.290642 86.697372 -0.029377 -0.150701 -0.988143 0.238514 0.687938 1 22 1.000000
 29 54.695721 -0.282015 87.010811 0.170131 0.233060 -0.957465 0.296239 0.662318 1 22 1.000000
 29 57.977592 -1.360754 87.893951 0.497495 0.280044 -0.821020 0.287846 0.704051 1 22 1.000000
MarioHand_alb.png
 29 57.924141 2.149680 89.250603 0.508710 0.113354 -0.853443 0.333333 0.703883 1 22 1.000000
 29 60.510269 1.664890 91.595314 0.709913 -0.011730 -0.704191 0.336233 0.748180 1 22 1.000000
 29 60.994736 -1.314394 91.073036 0.747697 0.230985 -0.622572 0.299733 0.756054 1 22 1.000000
MarioHand_alb.png
 29 57.977592 -1.360754 87.893951 0.497495 0.280044 -0.821020 0.287846 0.704051 1 22 1.000000
 29 57.924141 2.149680 89.250603 0.508710 0.113354 -0.853443 0.333333 0.703883 1 22 1.000000
 29 60.994736 -1.314394 91.073036 0.747697 0.230985 -0.622572 0.299733 0.756054 1 22 1.000000
MarioHand_alb.png
 29 60.510269 1.664890 91.595314 0.709913 -0.011730 -0.704191 0.336233 0.748180 1 22 1.000000
 29 63.039150 1.145862 94.459747 0.747331 -0.062599 -0.661497 0.341253 0.795438 1 22 1.000000
 29 60.994736 -1.314394 91.073036 0.747697 0.230985 -0.622572 0.299733 0.756054 1 22 1.000000
MarioHand_alb.png
 29 56.513260 -5.290642 86.697372 -0.029377 -0.150701 -0.988143 0.238514 0.687938 1 22 1.000000
 29 57.977592 -1.360754 87.893951 0.497495 0.280044 -0.821020 0.287846 0.704051 1 22 1.000000
 29 60.108021 -4.856908 87.954788 0.583583 0.234864 -0.777348 0.247639 0.731731 1 22 1.000000
MarioHand_alb.png
 29 60.108021 -4.856908 87.954788 0.583583 0.234864 -0.777348 0.247639 0.731731 1 22 1.000000
 29 57.977592 -1.360754 87.893951 0.497495 0.280044 -0.821020 0.287846 0.704051 1 22 1.000000
 29 60.994736 -1.314394 91.073036 0.747697 0.230985 -0.622572 0.299733 0.756054 1 22 1.000000
MarioHand_alb.png
 29 63.587463 -1.624199 94.517334 0.798445 0.150686 -0.582906 0.306157 0.804303 1 22 1.000000
 29 63.039150 1.145862 94.459747 0.747331 -0.062599 -0.661497 0.341253 0.795438 1 22 1.000000
 29 66.209579 0.429522 97.788803 0.655560 0.109651 -0.747140 0.347478 0.848371 1 22 1.000000
MarioHand_alb.png
 29 60.994736 -1.314394 91.073036 0.747697 0.230985 -0.622572 0.299733 0.756054 1 22 1.000000
 29 63.039150 1.145862 94.459747 0.747331 -0.062599 -0.661497 0.341253 0.795438 1 22 1.000000
 29 63.587463 -1.624199 94.517334 0.798445 0.150686 -0.582906 0.306157 0.804303 1 22 1.000000
MarioHand_alb.png
 29 63.587463 -1.624199 94.517334 0.798445 0.150686 -0.582906 0.306157 0.804303 1 22 1.000000
 29 66.209579 0.429522 97.788803 0.655560 0.109651 -0.747140 0.347478 0.848371 1 22 1.000000
 29 65.945435 -2.786100 98.972488 0.700376 0.101781 -0.706480 0.313024 0.864622 1 22 1.000000
MarioHand_alb.png
 29 65.838013 -4.903758 96.884712 0.704894 0.152670 -0.692688 0.279179 0.850584 1 22 1.000000
 29 63.587463 -1.624199 94.517334 0.798445 0.150686 -0.582906 0.306157 0.804303 1 22 1.000000
 29 65.945435 -2.786100 98.972488 0.700376 0.101781 -0.706480 0.313024 0.864622 1 22 1.000000
MarioHand_alb.png
 29 61.696518 -4.239461 91.222282 0.802957 0.234975 -0.547765 0.267933 0.771298 1 22 1.000000
 29 60.994736 -1.314394 91.073036 0.747697 0.230985 -0.622572 0.299733 0.756054 1 22 1.000000
 29 63.587463 -1.624199 94.517334 0.798445 0.150686 -0.582906 0.306157 0.804303 1 22 1.000000
MarioHand_alb.png
 29 60.108021 -4.856908 87.954788 0.583583 0.234864 -0.777348 0.247639 0.731731 1 22 1.000000
 29 60.994736 -1.314394 91.073036 0.747697 0.230985 -0.622572 0.299733 0.756054 1 22 1.000000
 29 61.696518 -4.239461 91.222282 0.802957 0.234975 -0.547765 0.267933 0.771298 1 22 1.000000
MarioHand_alb.png
 29 63.996460 -5.094398 93.842590 0.849830 0.084296 -0.520273 0.269032 0.813626 1 22 1.000000
 29 63.587463 -1.624199 94.517334 0.798445 0.150686 -0.582906 0.306157 0.804303 1 22 1.000000
 29 65.838013 -4.903758 96.884712 0.704894 0.152670 -0.692688 0.279179 0.850584 1 22 1.000000
MarioHand_alb.png
 29 61.696518 -4.239461 91.222282 0.802957 0.234975 -0.547765 0.267933 0.771298 1 22 1.000000
 29 63.587463 -1.624199 94.517334 0.798445 0.150686 -0.582906 0.306157 0.804303 1 22 1.000000
 29 63.996460 -5.094398 93.842590 0.849830 0.084296 -0.520273 0.269032 0.813626 1 22 1.000000
MarioHand_alb.png
 29 63.890381 -8.189606 95.544449 0.795785 -0.582723 -0.164803 0.241749 0.843839 1 22 1.000000
 29 65.838013 -4.903758 96.884712 0.704894 0.152670 -0.692688 0.279179 0.850584 1 22 1.000000
 29 65.222748 -8.211580 97.717636 0.302109 -0.767002 -0.566073 0.249042 0.875486 1 22 1.000000
MarioHand_alb.png
 29 63.996460 -5.094398 93.842590 0.849830 0.084296 -0.520273 0.269032 0.813626 1 22 1.000000
 29 65.838013 -4.903758 96.884712 0.704894 0.152670 -0.692688 0.279179 0.850584 1 22 1.000000
 29 63.890381 -8.189606 95.544449 0.795785 -0.582723 -0.164803 0.241749 0.843839 1 22 1.000000
MarioHand_alb.png
 29 63.996460 -5.094398 93.842590 0.849830 0.084296 -0.520273 0.269032 0.813626 1 22 1.000000
 29 63.890381 -8.189606 95.544449 0.795785 -0.582723 -0.164803 0.241749 0.843839 1 22 1.000000
 29 63.414902 -8.919010 93.551407 0.962950 -0.160523 0.216702 0.233616 0.825773 1 22 1.000000
MarioHand_alb.png
 29 62.827423 -7.271081 90.827393 0.859704 0.356144 -0.366156 0.241413 0.788861 1 22 1.000000
 29 63.996460 -5.094398 93.842590 0.849830 0.084296 -0.520273 0.269032 0.813626 1 22 1.000000
 29 63.414902 -8.919010 93.551407 0.962950 -0.160523 0.216702 0.233616 0.825773 1 22 1.000000
MarioHand_alb.png
 29 61.696518 -4.239461 91.222282 0.802957 0.234975 -0.547765 0.267933 0.771298 1 22 1.000000
 29 63.996460 -5.094398 93.842590 0.849830 0.084296 -0.520273 0.269032 0.813626 1 22 1.000000
 29 62.827423 -7.271081 90.827393 0.859704 0.356144 -0.366156 0.241413 0.788861 1 22 1.000000
MarioHand_alb.png
 29 61.377472 -8.061023 88.064400 0.484859 0.293166 -0.823993 0.217624 0.761868 1 22 1.000000
 29 61.696518 -4.239461 91.222282 0.802957 0.234975 -0.547765 0.267933 0.771298 1 22 1.000000
 29 62.827423 -7.271081 90.827393 0.859704 0.356144 -0.366156 0.241413 0.788861 1 22 1.000000
MarioHand_alb.png
 29 61.377472 -8.061023 88.064400 0.484859 0.293166 -0.823993 0.217624 0.761868 1 22 1.000000
 29 60.108021 -4.856908 87.954788 0.583583 0.234864 -0.777348 0.247639 0.731731 1 22 1.000000
 29 61.696518 -4.239461 91.222282 0.802957 0.234975 -0.547765 0.267933 0.771298 1 22 1.000000
MarioHand_alb.png
 29 58.304447 -7.367572 87.152039 0.058748 -0.119500 -0.991095 0.214008 0.715053 1 22 1.000000
 29 60.108021 -4.856908 87.954788 0.583583 0.234864 -0.777348 0.247639 0.731731 1 22 1.000000
 29 61.377472 -8.061023 88.064400 0.484859 0.293166 -0.823993 0.217624 0.761868 1 22 1.000000
MarioHand_alb.png
 29 58.304447 -7.367572 87.152039 0.058748 -0.119500 -0.991095 0.214008 0.715053 1 22 1.000000
 29 56.513260 -5.290642 86.697372 -0.029377 -0.150701 -0.988143 0.238514 0.687938 1 22 1.000000
 29 60.108021 -4.856908 87.954788 0.583583 0.234864 -0.777348 0.247639 0.731731 1 22 1.000000
MarioHand_alb.png
 29 59.187996 -9.942357 87.296219 -0.045007 0.029369 -0.998555 0.186007 0.742763 1 22 1.000000
 29 58.304447 -7.367572 87.152039 0.058748 -0.119500 -0.991095 0.214008 0.715053 1 22 1.000000
 29 61.377472 -8.061023 88.064400 0.484859 0.293166 -0.823993 0.217624 0.761868 1 22 1.000000
MarioHand_alb.png
 29 55.050728 -8.544272 88.376656 -0.387542 -0.504930 -0.771270 0.194919 0.672801 1 22 1.000000
 29 56.513260 -5.290642 86.697372 -0.029377 -0.150701 -0.988143 0.238514 0.687938 1 22 1.000000
 29 58.304447 -7.367572 87.152039 0.058748 -0.119500 -0.991095 0.214008 0.715053 1 22 1.000000
MarioHand_alb.png
 29 56.302528 -10.013060 88.715408 -0.471466 -0.443716 -0.762127 0.173526 0.702617 1 22 1.000000
 29 58.304447 -7.367572 87.152039 0.058748 -0.119500 -0.991095 0.214008 0.715053 1 22 1.000000
 29 59.187996 -9.942357 87.296219 -0.045007 0.029369 -0.998555 0.186007 0.742763 1 22 1.000000
MarioHand_alb.png
 29 56.302528 -10.013060 88.715408 -0.471466 -0.443716 -0.762127 0.173526 0.702617 1 22 1.000000
 29 55.050728 -8.544272 88.376656 -0.387542 -0.504930 -0.771270 0.194919 0.672801 1 22 1.000000
 29 58.304447 -7.367572 87.152039 0.058748 -0.119500 -0.991095 0.214008 0.715053 1 22 1.000000
MarioHand_alb.png
 29 57.716431 -11.398554 88.013458 -0.536211 -0.242458 -0.808512 0.163043 0.732021 1 22 1.000000
 29 56.302528 -10.013060 88.715408 -0.471466 -0.443716 -0.762127 0.173526 0.702617 1 22 1.000000
 29 59.187996 -9.942357 87.296219 -0.045007 0.029369 -0.998555 0.186007 0.742763 1 22 1.000000
MarioHand_alb.png
 29 56.302528 -10.013060 88.715408 -0.471466 -0.443716 -0.762127 0.173526 0.702617 1 22 1.000000
 29 54.732307 -10.162797 90.781540 -0.618391 -0.749433 -0.236522 0.162478 0.659998 1 22 1.000000
 29 55.050728 -8.544272 88.376656 -0.387542 -0.504930 -0.771270 0.194919 0.672801 1 22 1.000000
MarioHand_alb.png
 29 57.716431 -11.398554 88.013458 -0.536211 -0.242458 -0.808512 0.163043 0.732021 1 22 1.000000
 29 57.138447 -12.610159 89.558838 -0.760691 -0.551825 -0.341815 0.140261 0.721492 1 22 1.000000
 29 56.302528 -10.013060 88.715408 -0.471466 -0.443716 -0.762127 0.173526 0.702617 1 22 1.000000
MarioHand_alb.png
 29 56.302528 -10.013060 88.715408 -0.471466 -0.443716 -0.762127 0.173526 0.702617 1 22 1.000000
 29 55.946724 -11.289753 90.794609 -0.719846 -0.679314 -0.142672 0.146059 0.691539 1 22 1.000000
 29 54.732307 -10.162797 90.781540 -0.618391 -0.749433 -0.236522 0.162478 0.659998 1 22 1.000000
MarioHand_alb.png
 29 57.138447 -12.610159 89.558838 -0.760691 -0.551825 -0.341815 0.140261 0.721492 1 22 1.000000
 29 55.946724 -11.289753 90.794609 -0.719846 -0.679314 -0.142672 0.146059 0.691539 1 22 1.000000
 29 56.302528 -10.013060 88.715408 -0.471466 -0.443716 -0.762127 0.173526 0.702617 1 22 1.000000
MarioHand_alb.png
 29 50.977901 13.337015 97.218842 -0.395582 0.912376 0.105285 0.552071 0.536172 1 22 1.000000
 29 49.153870 12.531140 96.311356 -0.187690 0.982226 0.002289 0.551141 0.566003 1 22 1.000000
 29 49.153870 11.830955 99.494179 -0.203318 0.898813 0.388325 0.509422 0.551141 1 22 1.000000
MarioHand_alb.png
 29 51.074528 12.312136 100.614471 -0.391377 0.812221 0.432574 0.506844 0.520638 1 22 1.000000
 29 50.977901 13.337015 97.218842 -0.395582 0.912376 0.105285 0.552071 0.536172 1 22 1.000000
 29 49.153870 11.830955 99.494179 -0.203318 0.898813 0.388325 0.509422 0.551141 1 22 1.000000
MarioHand_alb.png
 29 53.507767 14.288552 97.757835 -0.293339 0.944482 0.148005 0.561028 0.498756 1 22 1.000000
 29 50.977901 13.337015 97.218842 -0.395582 0.912376 0.105285 0.552071 0.536172 1 22 1.000000
 29 51.074528 12.312136 100.614471 -0.391377 0.812221 0.432574 0.506844 0.520638 1 22 1.000000
MarioHand_alb.png
 29 51.074528 12.312136 100.614471 -0.391377 0.812221 0.432574 0.506844 0.520638 1 22 1.000000
 29 49.153870 11.830955 99.494179 -0.203318 0.898813 0.388325 0.509422 0.551141 1 22 1.000000
 29 49.153870 9.935480 102.210899 -0.205224 0.661065 0.721717 0.463920 0.542000 1 22 1.000000
MarioHand_alb.png
 29 53.633217 13.012156 101.324135 -0.279985 0.831467 0.479865 0.512337 0.483894 1 22 1.000000
 29 53.507767 14.288552 97.757835 -0.293339 0.944482 0.148005 0.561028 0.498756 1 22 1.000000
 29 51.074528 12.312136 100.614471 -0.391377 0.812221 0.432574 0.506844 0.520638 1 22 1.000000
MarioHand_alb.png
 29 56.770218 15.020341 98.209000 -0.131224 0.981033 0.142668 0.570321 0.451881 1 22 1.000000
 29 53.507767 14.288552 97.757835 -0.293339 0.944482 0.148005 0.561028 0.498756 1 22 1.000000
 29 53.633217 13.012156 101.324135 -0.279985 0.831467 0.479865 0.512337 0.483894 1 22 1.000000
MarioHand_alb.png
 29 51.206535 10.250942 103.457214 -0.369565 0.561117 0.740655 0.460960 0.509667 1 22 1.000000
 29 51.074528 12.312136 100.614471 -0.391377 0.812221 0.432574 0.506844 0.520638 1 22 1.000000
 29 49.153870 9.935480 102.210899 -0.205224 0.661065 0.721717 0.463920 0.542000 1 22 1.000000
MarioHand_alb.png
 29 53.633217 13.012156 101.324135 -0.279985 0.831467 0.479865 0.512337 0.483894 1 22 1.000000
 29 51.074528 12.312136 100.614471 -0.391377 0.812221 0.432574 0.506844 0.520638 1 22 1.000000
 29 51.206535 10.250942 103.457214 -0.369565 0.561117 0.740655 0.460960 0.509667 1 22 1.000000
MarioHand_alb.png
 29 51.206535 10.250942 103.457214 -0.369565 0.561117 0.740655 0.460960 0.509667 1 22 1.000000
 29 49.153870 9.935480 102.210899 -0.205224 0.661065 0.721717 0.463920 0.542000 1 22 1.000000
 29 49.153873 7.049798 103.995399 -0.123233 0.326779 0.937032 0.415885 0.536736 1 22 1.000000
MarioHand_alb.png
 29 56.659893 13.640993 101.699409 -0.175851 0.833291 0.524121 0.520577 0.442542 1 22 1.000000
 29 56.770218 15.020341 98.209000 -0.131224 0.981033 0.142668 0.570321 0.451881 1 22 1.000000
 29 53.633217 13.012156 101.324135 -0.279985 0.831467 0.479865 0.512337 0.483894 1 22 1.000000
MarioHand_alb.png
 29 59.495312 15.024823 99.366592 -0.006103 0.981772 0.189965 0.570550 0.408133 1 22 1.000000
 29 56.770218 15.020341 98.209000 -0.131224 0.981033 0.142668 0.570321 0.451881 1 22 1.000000
 29 56.659893 13.640993 101.699409 -0.175851 0.833291 0.524121 0.520577 0.442542 1 22 1.000000
MarioHand_alb.png
 29 53.869514 10.703904 104.202827 -0.228484 0.551089 0.802556 0.464836 0.472633 1 22 1.000000
 29 53.633217 13.012156 101.324135 -0.279985 0.831467 0.479865 0.512337 0.483894 1 22 1.000000
 29 51.206535 10.250942 103.457214 -0.369565 0.561117 0.740655 0.460960 0.509667 1 22 1.000000
MarioHand_alb.png
 29 56.659893 13.640993 101.699409 -0.175851 0.833291 0.524121 0.520577 0.442542 1 22 1.000000
 29 53.633217 13.012156 101.324135 -0.279985 0.831467 0.479865 0.512337 0.483894 1 22 1.000000
 29 53.869514 10.703904 104.202827 -0.228484 0.551089 0.802556 0.464836 0.472633 1 22 1.000000
MarioHand_alb.png
 29 51.206535 10.250942 103.457214 -0.369565 0.561117 0.740655 0.460960 0.509667 1 22 1.000000
 29 49.153873 7.049798 103.995399 -0.123233 0.326779 0.937032 0.415885 0.536736 1 22 1.000000
 29 51.428913 7.090026 104.809433 -0.291348 0.240439 0.925908 0.414908 0.503975 1 22 1.000000
MarioHand_alb.png
 29 53.869514 10.703904 104.202827 -0.228484 0.551089 0.802556 0.464836 0.472633 1 22 1.000000
 29 51.206535 10.250942 103.457214 -0.369565 0.561117 0.740655 0.460960 0.509667 1 22 1.000000
 29 51.428913 7.090026 104.809433 -0.291348 0.240439 0.925908 0.414908 0.503975 1 22 1.000000
MarioHand_alb.png
 29 49.153873 7.049798 103.995399 -0.123233 0.326779 0.937032 0.415885 0.536736 1 22 1.000000
 29 49.160122 3.669013 104.654579 -0.038902 0.003909 0.999235 0.367300 0.533974 1 22 1.000000
 29 51.428913 7.090026 104.809433 -0.291348 0.240439 0.925908 0.414908 0.503975 1 22 1.000000
MarioHand_alb.png
 29 59.649704 13.875654 102.075699 -0.082011 0.809527 0.581326 0.524025 0.401785 1 22 1.000000
 29 59.495312 15.024823 99.366592 -0.006103 0.981772 0.189965 0.570550 0.408133 1 22 1.000000
 29 56.659893 13.640993 101.699409 -0.175851 0.833291 0.524121 0.520577 0.442542 1 22 1.000000
MarioHand_alb.png
 29 61.547646 14.630848 100.124184 0.115582 0.980540 0.158687 0.563638 0.365408 1 22 1.000000
 29 59.495312 15.024823 99.366592 -0.006103 0.981772 0.189965 0.570550 0.408133 1 22 1.000000
 29 59.649704 13.875654 102.075699 -0.082011 0.809527 0.581326 0.524025 0.401785 1 22 1.000000
MarioHand_alb.png
 29 56.790443 11.092913 104.456444 -0.111778 0.536858 0.836235 0.471458 0.433967 1 22 1.000000
 29 56.659893 13.640993 101.699409 -0.175851 0.833291 0.524121 0.520577 0.442542 1 22 1.000000
 29 53.869514 10.703904 104.202827 -0.228484 0.551089 0.802556 0.464836 0.472633 1 22 1.000000
MarioHand_alb.png
 29 59.649704 13.875654 102.075699 -0.082011 0.809527 0.581326 0.524025 0.401785 1 22 1.000000
 29 56.659893 13.640993 101.699409 -0.175851 0.833291 0.524121 0.520577 0.442542 1 22 1.000000
 29 56.790443 11.092913 104.456444 -0.111778 0.536858 0.836235 0.471458 0.433967 1 22 1.000000
MarioHand_alb.png
 29 62.512901 13.828040 102.508469 0.002289 0.790924 0.611910 0.523690 0.364019 1 22 1.000000
 29 61.547646 14.630848 100.124184 0.115582 0.980540 0.158687 0.563638 0.365408 1 22 1.000000
 29 59.649704 13.875654 102.075699 -0.082011 0.809527 0.581326 0.524025 0.401785 1 22 1.000000
MarioHand_alb.png
 29 62.512901 13.828040 102.508469 0.002289 0.790924 0.611910 0.523690 0.364019 1 22 1.000000
 29 63.127129 14.584089 99.810425 -0.092313 0.995701 0.007629 0.558145 0.341192 1 22 1.000000
 29 61.547646 14.630848 100.124184 0.115582 0.980540 0.158687 0.563638 0.365408 1 22 1.000000
MarioHand_alb.png
 29 64.375809 14.100267 101.810501 0.036623 0.859590 0.509670 0.522744 0.337209 1 22 1.000000
 29 63.127129 14.584089 99.810425 -0.092313 0.995701 0.007629 0.558145 0.341192 1 22 1.000000
 29 62.512901 13.828040 102.508469 0.002289 0.790924 0.611910 0.523690 0.364019 1 22 1.000000
MarioHand_alb.png
 29 62.512901 13.828040 102.508469 0.002289 0.790924 0.611910 0.523690 0.364019 1 22 1.000000
 29 59.649704 13.875654 102.075699 -0.082011 0.809527 0.581326 0.524025 0.401785 1 22 1.000000
 29 60.008335 11.418450 104.442001 -0.025555 0.498409 0.866566 0.479072 0.391501 1 22 1.000000
MarioHand_alb.png
 29 60.008335 11.418450 104.442001 -0.025555 0.498409 0.866566 0.479072 0.391501 1 22 1.000000
 29 59.649704 13.875654 102.075699 -0.082011 0.809527 0.581326 0.524025 0.401785 1 22 1.000000
 29 56.790443 11.092913 104.456444 -0.111778 0.536858 0.836235 0.471458 0.433967 1 22 1.000000
MarioHand_alb.png
 29 63.325439 11.673249 104.204231 0.111378 0.453714 0.884160 0.483955 0.355123 1 22 1.000000
 29 64.375809 14.100267 101.810501 0.036623 0.859590 0.509670 0.522744 0.337209 1 22 1.000000
 29 62.512901 13.828040 102.508469 0.002289 0.790924 0.611910 0.523690 0.364019 1 22 1.000000
MarioHand_alb.png
 29 63.325439 11.673249 104.204231 0.111378 0.453714 0.884160 0.483955 0.355123 1 22 1.000000
 29 62.512901 13.828040 102.508469 0.002289 0.790924 0.611910 0.523690 0.364019 1 22 1.000000
 29 60.008335 11.418450 104.442001 -0.025555 0.498409 0.866566 0.479072 0.391501 1 22 1.000000
MarioHand_alb.png
 29 65.899719 12.453089 102.977043 0.311238 0.420801 0.852090 0.487724 0.329793 1 22 1.000000
 29 64.375809 14.100267 101.810501 0.036623 0.859590 0.509670 0.522744 0.337209 1 22 1.000000
 29 63.325439 11.673249 104.204231 0.111378 0.453714 0.884160 0.483955 0.355123 1 22 1.000000
MarioHand_alb.png
 29 65.899719 12.453089 102.977043 0.311238 0.420801 0.852090 0.487724 0.329793 1 22 1.000000
 29 63.325439 11.673249 104.204231 0.111378 0.453714 0.884160 0.483955 0.355123 1 22 1.000000
 29 66.136871 10.145159 103.293793 0.346326 0.293595 0.890988 0.457099 0.318410 1 22 1.000000
MarioHand_alb.png
 29 63.325439 11.673249 104.204231 0.111378 0.453714 0.884160 0.483955 0.355123 1 22 1.000000
 29 63.632450 8.127256 105.353630 0.162499 0.269974 0.949057 0.432380 0.345754 1 22 1.000000
 29 66.136871 10.145159 103.293793 0.346326 0.293595 0.890988 0.457099 0.318410 1 22 1.000000
MarioHand_alb.png
 29 63.325439 11.673249 104.204231 0.111378 0.453714 0.884160 0.483955 0.355123 1 22 1.000000
 29 60.008335 11.418450 104.442001 -0.025555 0.498409 0.866566 0.479072 0.391501 1 22 1.000000
 29 63.632450 8.127256 105.353630 0.162499 0.269974 0.949057 0.432380 0.345754 1 22 1.000000
MarioHand_alb.png
 29 66.136871 10.145159 103.293793 0.346326 0.293595 0.890988 0.457099 0.318410 1 22 1.000000
 29 63.632450 8.127256 105.353630 0.162499 0.269974 0.949057 0.432380 0.345754 1 22 1.000000
 29 66.032410 7.030745 104.750412 0.277699 0.252333 0.926937 0.414572 0.310140 1 22 1.000000
MarioHand_alb.png
 29 60.008335 11.418450 104.442001 -0.025555 0.498409 0.866566 0.479072 0.391501 1 22 1.000000
 29 56.790443 11.092913 104.456444 -0.111778 0.536858 0.836235 0.471458 0.433967 1 22 1.000000
 29 57.260319 7.564303 105.729698 -0.072491 0.222909 0.972140 0.422675 0.424262 1 22 1.000000
MarioHand_alb.png
 29 63.632450 8.127256 105.353630 0.162499 0.269974 0.949057 0.432380 0.345754 1 22 1.000000
 29 63.546295 4.194347 106.106567 0.138897 0.092058 0.986019 0.380224 0.340810 1 22 1.000000
 29 66.032410 7.030745 104.750412 0.277699 0.252333 0.926937 0.414572 0.310140 1 22 1.000000
MarioHand_alb.png
 29 66.032410 7.030745 104.750412 0.277699 0.252333 0.926937 0.414572 0.310140 1 22 1.000000
 29 63.546295 4.194347 106.106567 0.138897 0.092058 0.986019 0.380224 0.340810 1 22 1.000000
 29 66.265640 3.571249 105.367439 0.340240 0.117339 0.932989 0.370718 0.305089 1 22 1.000000
MarioHand_alb.png
 29 60.008335 11.418450 104.442001 -0.025555 0.498409 0.866566 0.479072 0.391501 1 22 1.000000
 29 60.365425 7.708312 105.732124 0.019460 0.242580 0.969936 0.427146 0.382696 1 22 1.000000
 29 63.632450 8.127256 105.353630 0.162499 0.269974 0.949057 0.432380 0.345754 1 22 1.000000
MarioHand_alb.png
 29 63.632450 8.127256 105.353630 0.162499 0.269974 0.949057 0.432380 0.345754 1 22 1.000000
 29 60.365425 7.708312 105.732124 0.019460 0.242580 0.969936 0.427146 0.382696 1 22 1.000000
 29 63.546295 4.194347 106.106567 0.138897 0.092058 0.986019 0.380224 0.340810 1 22 1.000000
MarioHand_alb.png
 29 60.008335 11.418450 104.442001 -0.025555 0.498409 0.866566 0.479072 0.391501 1 22 1.000000
 29 57.260319 7.564303 105.729698 -0.072491 0.222909 0.972140 0.422675 0.424262 1 22 1.000000
 29 60.365425 7.708312 105.732124 0.019460 0.242580 0.969936 0.427146 0.382696 1 22 1.000000
MarioHand_alb.png
 29 63.546295 4.194347 106.106567 0.138897 0.092058 0.986019 0.380224 0.340810 1 22 1.000000
 29 65.638702 0.073378 105.567146 0.098454 -0.086114 0.991409 0.328939 0.303883 1 22 1.000000
 29 66.265640 3.571249 105.367439 0.340240 0.117339 0.932989 0.370718 0.305089 1 22 1.000000
MarioHand_alb.png
 29 56.790443 11.092913 104.456444 -0.111778 0.536858 0.836235 0.471458 0.433967 1 22 1.000000
 29 54.061317 7.393639 105.414925 -0.174007 0.215600 0.960853 0.418769 0.467338 1 22 1.000000
 29 57.260319 7.564303 105.729698 -0.072491 0.222909 0.972140 0.422675 0.424262 1 22 1.000000
MarioHand_alb.png
 29 56.790443 11.092913 104.456444 -0.111778 0.536858 0.836235 0.471458 0.433967 1 22 1.000000
 29 53.869514 10.703904 104.202827 -0.228484 0.551089 0.802556 0.464836 0.472633 1 22 1.000000
 29 54.061317 7.393639 105.414925 -0.174007 0.215600 0.960853 0.418769 0.467338 1 22 1.000000
MarioHand_alb.png
 29 53.869514 10.703904 104.202827 -0.228484 0.551089 0.802556 0.464836 0.472633 1 22 1.000000
 29 51.428913 7.090026 104.809433 -0.291348 0.240439 0.925908 0.414908 0.503975 1 22 1.000000
 29 54.061317 7.393639 105.414925 -0.174007 0.215600 0.960853 0.418769 0.467338 1 22 1.000000
MarioHand_alb.png
 29 57.260319 7.564303 105.729698 -0.072491 0.222909 0.972140 0.422675 0.424262 1 22 1.000000
 29 54.061317 7.393639 105.414925 -0.174007 0.215600 0.960853 0.418769 0.467338 1 22 1.000000
 29 57.411522 3.917519 106.140877 -0.087750 0.027374 0.995766 0.374609 0.419944 1 22 1.000000
MarioHand_alb.png
 29 57.260319 7.564303 105.729698 -0.072491 0.222909 0.972140 0.422675 0.424262 1 22 1.000000
 29 57.411522 3.917519 106.140877 -0.087750 0.027374 0.995766 0.374609 0.419944 1 22 1.000000
 29 60.365425 7.708312 105.732124 0.019460 0.242580 0.969936 0.427146 0.382696 1 22 1.000000
MarioHand_alb.png
 29 54.061317 7.393639 105.414925 -0.174007 0.215600 0.960853 0.418769 0.467338 1 22 1.000000
 29 51.428913 7.090026 104.809433 -0.291348 0.240439 0.925908 0.414908 0.503975 1 22 1.000000
 29 54.173664 3.696593 105.728462 -0.160563 0.001907 0.987024 0.369955 0.464149 1 22 1.000000
MarioHand_alb.png
 29 54.061317 7.393639 105.414925 -0.174007 0.215600 0.960853 0.418769 0.467338 1 22 1.000000
 29 54.173664 3.696593 105.728462 -0.160563 0.001907 0.987024 0.369955 0.464149 1 22 1.000000
 29 57.411522 3.917519 106.140877 -0.087750 0.027374 0.995766 0.374609 0.419944 1 22 1.000000
MarioHand_alb.png
 29 60.365425 7.708312 105.732124 0.019460 0.242580 0.969936 0.427146 0.382696 1 22 1.000000
 29 60.805855 4.087891 106.334503 0.011826 0.062659 0.997965 0.378058 0.376608 1 22 1.000000
 29 63.546295 4.194347 106.106567 0.138897 0.092058 0.986019 0.380224 0.340810 1 22 1.000000
MarioHand_alb.png
 29 60.365425 7.708312 105.732124 0.019460 0.242580 0.969936 0.427146 0.382696 1 22 1.000000
 29 57.411522 3.917519 106.140877 -0.087750 0.027374 0.995766 0.374609 0.419944 1 22 1.000000
 29 60.805855 4.087891 106.334503 0.011826 0.062659 0.997965 0.378058 0.376608 1 22 1.000000
MarioHand_alb.png
 29 63.546295 4.194347 106.106567 0.138897 0.092058 0.986019 0.380224 0.340810 1 22 1.000000
 29 60.805855 4.087891 106.334503 0.011826 0.062659 0.997965 0.378058 0.376608 1 22 1.000000
 29 63.194496 0.384251 106.056229 0.088514 -0.105808 0.990439 0.330449 0.340002 1 22 1.000000
MarioHand_alb.png
 29 63.546295 4.194347 106.106567 0.138897 0.092058 0.986019 0.380224 0.340810 1 22 1.000000
 29 63.194496 0.384251 106.056229 0.088514 -0.105808 0.990439 0.330449 0.340002 1 22 1.000000
 29 65.638702 0.073378 105.567146 0.098454 -0.086114 0.991409 0.328939 0.303883 1 22 1.000000
MarioHand_alb.png
 29 57.411522 3.917519 106.140877 -0.087750 0.027374 0.995766 0.374609 0.419944 1 22 1.000000
 29 60.598316 0.546898 106.165268 -0.019451 -0.115323 0.993138 0.331640 0.375402 1 22 1.000000
 29 60.805855 4.087891 106.334503 0.011826 0.062659 0.997965 0.378058 0.376608 1 22 1.000000
MarioHand_alb.png
 29 60.805855 4.087891 106.334503 0.011826 0.062659 0.997965 0.378058 0.376608 1 22 1.000000
 29 60.598316 0.546898 106.165268 -0.019451 -0.115323 0.993138 0.331640 0.375402 1 22 1.000000
 29 63.194496 0.384251 106.056229 0.088514 -0.105808 0.990439 0.330449 0.340002 1 22 1.000000
MarioHand_alb.png
 29 57.411522 3.917519 106.140877 -0.087750 0.027374 0.995766 0.374609 0.419944 1 22 1.000000
 29 57.442070 0.657047 105.916069 -0.111375 -0.133080 0.984828 0.331746 0.418189 1 22 1.000000
 29 60.598316 0.546898 106.165268 -0.019451 -0.115323 0.993138 0.331640 0.375402 1 22 1.000000
MarioHand_alb.png
 29 57.411522 3.917519 106.140877 -0.087750 0.027374 0.995766 0.374609 0.419944 1 22 1.000000
 29 54.173664 3.696593 105.728462 -0.160563 0.001907 0.987024 0.369955 0.464149 1 22 1.000000
 29 57.442070 0.657047 105.916069 -0.111375 -0.133080 0.984828 0.331746 0.418189 1 22 1.000000
MarioHand_alb.png
 29 63.194496 0.384251 106.056229 0.088514 -0.105808 0.990439 0.330449 0.340002 1 22 1.000000
 29 60.598316 0.546898 106.165268 -0.019451 -0.115323 0.993138 0.331640 0.375402 1 22 1.000000
 29 60.412910 -2.383395 105.545792 -0.045026 -0.284036 0.957756 0.291997 0.377310 1 22 1.000000
MarioHand_alb.png
 29 60.598316 0.546898 106.165268 -0.019451 -0.115323 0.993138 0.331640 0.375402 1 22 1.000000
 29 57.442070 0.657047 105.916069 -0.111375 -0.133080 0.984828 0.331746 0.418189 1 22 1.000000
 29 60.412910 -2.383395 105.545792 -0.045026 -0.284036 0.957756 0.291997 0.377310 1 22 1.000000
MarioHand_alb.png
 29 65.638702 0.073378 105.567146 0.098454 -0.086114 0.991409 0.328939 0.303883 1 22 1.000000
 29 63.194496 0.384251 106.056229 0.088514 -0.105808 0.990439 0.330449 0.340002 1 22 1.000000
 29 63.003006 -2.660606 105.466873 0.044999 -0.275526 0.960240 0.290410 0.340825 1 22 1.000000
MarioHand_alb.png
 29 63.194496 0.384251 106.056229 0.088514 -0.105808 0.990439 0.330449 0.340002 1 22 1.000000
 29 60.412910 -2.383395 105.545792 -0.045026 -0.284036 0.957756 0.291997 0.377310 1 22 1.000000
 29 63.003006 -2.660606 105.466873 0.044999 -0.275526 0.960240 0.290410 0.340825 1 22 1.000000
MarioHand_alb.png
 29 65.638702 0.073378 105.567146 0.098454 -0.086114 0.991409 0.328939 0.303883 1 22 1.000000
 29 63.003006 -2.660606 105.466873 0.044999 -0.275526 0.960240 0.290410 0.340825 1 22 1.000000
 29 65.729485 -3.127838 104.961472 0.213688 -0.262436 0.940991 0.286763 0.302037 1 22 1.000000
MarioHand_alb.png
 29 65.729485 -3.127838 104.961472 0.213688 -0.262436 0.940991 0.286763 0.302037 1 22 1.000000
 29 63.003006 -2.660606 105.466873 0.044999 -0.275526 0.960240 0.290410 0.340825 1 22 1.000000
 29 64.935745 -6.110055 104.126778 -0.143400 -0.424576 0.893964 0.247776 0.308751 1 22 1.000000
MarioHand_alb.png
 29 57.442070 0.657047 105.916069 -0.111375 -0.133080 0.984828 0.331746 0.418189 1 22 1.000000
 29 57.304020 -2.193831 105.318298 -0.140749 -0.289675 0.946720 0.293553 0.419318 1 22 1.000000
 29 60.412910 -2.383395 105.545792 -0.045026 -0.284036 0.957756 0.291997 0.377310 1 22 1.000000
MarioHand_alb.png
 29 63.003006 -2.660606 105.466873 0.044999 -0.275526 0.960240 0.290410 0.340825 1 22 1.000000
 29 62.924530 -5.375816 104.354652 -0.035475 -0.505521 0.862085 0.250080 0.342580 1 22 1.000000
 29 64.935745 -6.110055 104.126778 -0.143400 -0.424576 0.893964 0.247776 0.308751 1 22 1.000000
MarioHand_alb.png
 29 60.412910 -2.383395 105.545792 -0.045026 -0.284036 0.957756 0.291997 0.377310 1 22 1.000000
 29 60.286224 -5.224834 104.416504 -0.062551 -0.518430 0.852830 0.251514 0.379675 1 22 1.000000
 29 63.003006 -2.660606 105.466873 0.044999 -0.275526 0.960240 0.290410 0.340825 1 22 1.000000
MarioHand_alb.png
 29 63.003006 -2.660606 105.466873 0.044999 -0.275526 0.960240 0.290410 0.340825 1 22 1.000000
 29 60.286224 -5.224834 104.416504 -0.062551 -0.518430 0.852830 0.251514 0.379675 1 22 1.000000
 29 62.924530 -5.375816 104.354652 -0.035475 -0.505521 0.862085 0.250080 0.342580 1 22 1.000000
MarioHand_alb.png
 29 60.412910 -2.383395 105.545792 -0.045026 -0.284036 0.957756 0.291997 0.377310 1 22 1.000000
 29 57.304020 -2.193831 105.318298 -0.140749 -0.289675 0.946720 0.293553 0.419318 1 22 1.000000
 29 60.286224 -5.224834 104.416504 -0.062551 -0.518430 0.852830 0.251514 0.379675 1 22 1.000000
MarioHand_alb.png
 29 64.935745 -6.110055 104.126778 -0.143400 -0.424576 0.893964 0.247776 0.308751 1 22 1.000000
 29 62.924530 -5.375816 104.354652 -0.035475 -0.505521 0.862085 0.250080 0.342580 1 22 1.000000
 29 62.639160 -7.396348 102.657257 -0.083920 -0.832910 0.547008 0.214893 0.346059 1 22 1.000000
MarioHand_alb.png
 29 62.924530 -5.375816 104.354652 -0.035475 -0.505521 0.862085 0.250080 0.342580 1 22 1.000000
 29 60.286224 -5.224834 104.416504 -0.062551 -0.518430 0.852830 0.251514 0.379675 1 22 1.000000
 29 62.639160 -7.396348 102.657257 -0.083920 -0.832910 0.547008 0.214893 0.346059 1 22 1.000000
MarioHand_alb.png
 29 64.935745 -6.110055 104.126778 -0.143400 -0.424576 0.893964 0.247776 0.308751 1 22 1.000000
 29 62.639160 -7.396348 102.657257 -0.083920 -0.832910 0.547008 0.214893 0.346059 1 22 1.000000
 29 64.471733 -7.835629 102.473236 -0.305172 -0.858202 0.412746 0.214389 0.313329 1 22 1.000000
MarioHand_alb.png
 29 62.639160 -7.396348 102.657257 -0.083920 -0.832910 0.547008 0.214893 0.346059 1 22 1.000000
 29 64.644745 -8.490258 100.145584 -0.217435 -0.976075 0.000000 0.182452 0.315709 1 22 1.000000
 29 64.471733 -7.835629 102.473236 -0.305172 -0.858202 0.412746 0.214389 0.313329 1 22 1.000000
MarioHand_alb.png
 29 62.639160 -7.396348 102.657257 -0.083920 -0.832910 0.547008 0.214893 0.346059 1 22 1.000000
 29 62.176086 -8.067030 99.530304 0.070193 -0.959626 0.272380 0.176455 0.352682 1 22 1.000000
 29 64.644745 -8.490258 100.145584 -0.217435 -0.976075 0.000000 0.182452 0.315709 1 22 1.000000
MarioHand_alb.png
 29 62.176086 -8.067030 99.530304 0.070193 -0.959626 0.272380 0.176455 0.352682 1 22 1.000000
 29 65.222748 -8.211580 97.717636 0.302109 -0.767002 -0.566073 0.151095 0.315785 1 22 1.000000
 29 64.644745 -8.490258 100.145584 -0.217435 -0.976075 0.000000 0.182452 0.315709 1 22 1.000000
MarioHand_alb.png
 29 60.286224 -5.224834 104.416504 -0.062551 -0.518430 0.852830 0.251514 0.379675 1 22 1.000000
 29 60.003082 -7.613337 102.336258 -0.027084 -0.780285 0.624838 0.209598 0.385321 1 22 1.000000
 29 62.639160 -7.396348 102.657257 -0.083920 -0.832910 0.547008 0.214893 0.346059 1 22 1.000000
MarioHand_alb.png
 29 62.639160 -7.396348 102.657257 -0.083920 -0.832910 0.547008 0.214893 0.346059 1 22 1.000000
 29 60.003082 -7.613337 102.336258 -0.027084 -0.780285 0.624838 0.209598 0.385321 1 22 1.000000
 29 62.176086 -8.067030 99.530304 0.070193 -0.959626 0.272380 0.176455 0.352682 1 22 1.000000
MarioHand_alb.png
 29 62.176086 -8.067030 99.530304 0.070193 -0.959626 0.272380 0.176455 0.352682 1 22 1.000000
 29 62.308281 -9.033048 96.943474 0.397871 -0.871941 0.285338 0.141619 0.364279 1 22 1.000000
 29 65.222748 -8.211580 97.717636 0.302109 -0.767002 -0.566073 0.151095 0.315785 1 22 1.000000
MarioHand_alb.png
 29 62.308281 -9.033048 96.943474 0.397871 -0.871941 0.285338 0.141619 0.364279 1 22 1.000000
 29 63.890381 -8.189606 95.544449 0.795785 -0.582723 -0.164803 0.121752 0.337270 1 22 1.000000
 29 65.222748 -8.211580 97.717636 0.302109 -0.767002 -0.566073 0.151095 0.315785 1 22 1.000000
MarioHand_alb.png
 29 62.176086 -8.067030 99.530304 0.070193 -0.959626 0.272380 0.176455 0.352682 1 22 1.000000
 29 59.122810 -9.211778 98.747299 0.090028 -0.898183 0.430304 0.159213 0.405127 1 22 1.000000
 29 62.308281 -9.033048 96.943474 0.397871 -0.871941 0.285338 0.141619 0.364279 1 22 1.000000
MarioHand_alb.png
 29 60.003082 -7.613337 102.336258 -0.027084 -0.780285 0.624838 0.209598 0.385321 1 22 1.000000
 29 59.122810 -9.211778 98.747299 0.090028 -0.898183 0.430304 0.159213 0.405127 1 22 1.000000
 29 62.176086 -8.067030 99.530304 0.070193 -0.959626 0.272380 0.176455 0.352682 1 22 1.000000
MarioHand_alb.png
 29 62.308281 -9.033048 96.943474 0.397871 -0.871941 0.285338 0.141619 0.364279 1 22 1.000000
 29 61.198860 -10.580050 94.920868 0.447867 -0.671323 0.590543 0.112230 0.383856 1 22 1.000000
 29 63.890381 -8.189606 95.544449 0.795785 -0.582723 -0.164803 0.121752 0.337270 1 22 1.000000
MarioHand_alb.png
 29 61.198860 -10.580050 94.920868 0.447867 -0.671323 0.590543 0.112230 0.383856 1 22 1.000000
 29 63.414902 -8.919010 93.551407 0.962950 -0.160523 0.216702 0.100038 0.344030 1 22 1.000000
 29 63.890381 -8.189606 95.544449 0.795785 -0.582723 -0.164803 0.121752 0.337270 1 22 1.000000
MarioHand_alb.png
 29 59.122810 -9.211778 98.747299 0.090028 -0.898183 0.430304 0.159213 0.405127 1 22 1.000000
 29 61.198860 -10.580050 94.920868 0.447867 -0.671323 0.590543 0.112230 0.383856 1 22 1.000000
 29 62.308281 -9.033048 96.943474 0.397871 -0.871941 0.285338 0.141619 0.364279 1 22 1.000000
MarioHand_alb.png
 29 60.286224 -5.224834 104.416504 -0.062551 -0.518430 0.852830 0.251514 0.379675 1 22 1.000000
 29 56.996010 -5.040452 104.183273 -0.181979 -0.530581 0.827870 0.253574 0.423453 1 22 1.000000
 29 60.003082 -7.613337 102.336258 -0.027084 -0.780285 0.624838 0.209598 0.385321 1 22 1.000000
MarioHand_alb.png
 29 57.304020 -2.193831 105.318298 -0.140749 -0.289675 0.946720 0.293553 0.419318 1 22 1.000000
 29 56.996010 -5.040452 104.183273 -0.181979 -0.530581 0.827870 0.253574 0.423453 1 22 1.000000
 29 60.286224 -5.224834 104.416504 -0.062551 -0.518430 0.852830 0.251514 0.379675 1 22 1.000000
MarioHand_alb.png
 29 59.122810 -9.211778 98.747299 0.090028 -0.898183 0.430304 0.159213 0.405127 1 22 1.000000
 29 58.023129 -11.530634 95.094475 -0.166317 -0.848273 0.502765 0.103441 0.430396 1 22 1.000000
 29 61.198860 -10.580050 94.920868 0.447867 -0.671323 0.590543 0.112230 0.383856 1 22 1.000000
MarioHand_alb.png
 29 61.198860 -10.580050 94.920868 0.447867 -0.671323 0.590543 0.112230 0.383856 1 22 1.000000
 29 58.023129 -11.530634 95.094475 -0.166317 -0.848273 0.502765 0.103441 0.430396 1 22 1.000000
 29 59.908398 -12.100522 94.374512 0.045017 -0.546499 0.836249 0.092897 0.401892 1 22 1.000000
MarioHand_alb.png
 29 58.023129 -11.530634 95.094475 -0.166317 -0.848273 0.502765 0.103441 0.430396 1 22 1.000000
 29 58.333511 -13.124752 93.175621 -0.416569 -0.715549 0.560766 0.070771 0.417075 1 22 1.000000
 29 59.908398 -12.100522 94.374512 0.045017 -0.546499 0.836249 0.092897 0.401892 1 22 1.000000
MarioHand_alb.png
 29 60.003082 -7.613337 102.336258 -0.027084 -0.780285 0.624838 0.209598 0.385321 1 22 1.000000
 29 56.052872 -8.766309 99.372955 -0.213247 -0.877879 0.428783 0.174701 0.444327 1 22 1.000000
 29 59.122810 -9.211778 98.747299 0.090028 -0.898183 0.430304 0.159213 0.405127 1 22 1.000000
MarioHand_alb.png
 29 58.023129 -11.530634 95.094475 -0.166317 -0.848273 0.502765 0.103441 0.430396 1 22 1.000000
 29 56.793205 -11.784889 93.195129 -0.595099 -0.765427 0.244906 0.076204 0.446952 1 22 1.000000
 29 58.333511 -13.124752 93.175621 -0.416569 -0.715549 0.560766 0.070771 0.417075 1 22 1.000000
MarioHand_alb.png
 29 58.333511 -13.124752 93.175621 -0.416569 -0.715549 0.560766 0.070771 0.417075 1 22 1.000000
 29 56.793205 -11.784889 93.195129 -0.595099 -0.765427 0.244906 0.076204 0.446952 1 22 1.000000
 29 57.533749 -13.197392 91.497963 -0.714135 -0.686859 0.135045 0.047776 0.428840 1 22 1.000000
MarioHand_alb.png
 29 59.122810 -9.211778 98.747299 0.090028 -0.898183 0.430304 0.159213 0.405127 1 22 1.000000
 29 55.953674 -9.871346 96.607170 -0.344084 -0.866504 0.361631 0.134386 0.459648 1 22 1.000000
 29 58.023129 -11.530634 95.094475 -0.166317 -0.848273 0.502765 0.103441 0.430396 1 22 1.000000
MarioHand_alb.png
 29 59.122810 -9.211778 98.747299 0.090028 -0.898183 0.430304 0.159213 0.405127 1 22 1.000000
 29 56.052872 -8.766309 99.372955 -0.213247 -0.877879 0.428783 0.174701 0.444327 1 22 1.000000
 29 55.953674 -9.871346 96.607170 -0.344084 -0.866504 0.361631 0.134386 0.459648 1 22 1.000000
MarioHand_alb.png
 29 56.793205 -11.784889 93.195129 -0.595099 -0.765427 0.244906 0.076204 0.446952 1 22 1.000000
 29 55.946724 -11.289753 90.794609 -0.719846 -0.679314 -0.142672 0.046311 0.466056 1 22 1.000000
 29 57.533749 -13.197392 91.497963 -0.714135 -0.686859 0.135045 0.047776 0.428840 1 22 1.000000
MarioHand_alb.png
 29 57.533749 -13.197392 91.497963 -0.714135 -0.686859 0.135045 0.047776 0.428840 1 22 1.000000
 29 55.946724 -11.289753 90.794609 -0.719846 -0.679314 -0.142672 0.046311 0.466056 1 22 1.000000
 29 57.138447 -12.610159 89.558838 -0.760691 -0.551825 -0.341815 0.023697 0.441871 1 22 1.000000
MarioHand_alb.png
 29 58.023129 -11.530634 95.094475 -0.166317 -0.848273 0.502765 0.103441 0.430396 1 22 1.000000
 29 55.212734 -10.426956 93.935226 -0.532547 -0.832391 0.153355 0.100938 0.476234 1 22 1.000000
 29 56.793205 -11.784889 93.195129 -0.595099 -0.765427 0.244906 0.076204 0.446952 1 22 1.000000
MarioHand_alb.png
 29 55.212734 -10.426956 93.935226 -0.532547 -0.832391 0.153355 0.100938 0.476234 1 22 1.000000
 29 55.946724 -11.289753 90.794609 -0.719846 -0.679314 -0.142672 0.046311 0.466056 1 22 1.000000
 29 56.793205 -11.784889 93.195129 -0.595099 -0.765427 0.244906 0.076204 0.446952 1 22 1.000000
MarioHand_alb.png
 29 58.023129 -11.530634 95.094475 -0.166317 -0.848273 0.502765 0.103441 0.430396 1 22 1.000000
 29 55.953674 -9.871346 96.607170 -0.344084 -0.866504 0.361631 0.134386 0.459648 1 22 1.000000
 29 55.212734 -10.426956 93.935226 -0.532547 -0.832391 0.153355 0.100938 0.476234 1 22 1.000000
MarioHand_alb.png
 29 55.212734 -10.426956 93.935226 -0.532547 -0.832391 0.153355 0.100938 0.476234 1 22 1.000000
 29 54.732307 -10.162797 90.781540 -0.618392 -0.749433 -0.236522 0.063996 0.499779 1 22 1.000000
 29 55.946724 -11.289753 90.794609 -0.719846 -0.679314 -0.142672 0.046311 0.466056 1 22 1.000000
MarioHand_alb.png
 29 55.212734 -10.426956 93.935226 -0.532547 -0.832391 0.153355 0.100938 0.476234 1 22 1.000000
 29 52.517231 -8.467008 91.279305 -0.645072 -0.725849 -0.238802 0.087922 0.533257 1 22 1.000000
 29 54.732307 -10.162797 90.781540 -0.618392 -0.749433 -0.236522 0.063996 0.499779 1 22 1.000000
MarioHand_alb.png
 29 55.212734 -10.426956 93.935226 -0.532547 -0.832391 0.153355 0.100938 0.476234 1 22 1.000000
 29 52.834766 -8.856256 94.724434 -0.569532 -0.818631 0.074005 0.127489 0.507881 1 22 1.000000
 29 52.517231 -8.467008 91.279305 -0.645072 -0.725849 -0.238802 0.087922 0.533257 1 22 1.000000
MarioHand_alb.png
 29 55.953674 -9.871346 96.607170 -0.344084 -0.866504 0.361631 0.134386 0.459648 1 22 1.000000
 29 52.834766 -8.856256 94.724434 -0.569532 -0.818631 0.074005 0.127489 0.507881 1 22 1.000000
 29 55.212734 -10.426956 93.935226 -0.532547 -0.832391 0.153355 0.100938 0.476234 1 22 1.000000
MarioHand_alb.png
 29 52.834766 -8.856256 94.724434 -0.569532 -0.818631 0.074005 0.127489 0.507881 1 22 1.000000
 29 50.563145 -6.706992 92.293129 -0.746897 -0.637227 -0.189967 0.119387 0.559411 1 22 1.000000
 29 52.517231 -8.467008 91.279305 -0.645072 -0.725849 -0.238802 0.087922 0.533257 1 22 1.000000
MarioHand_alb.png
 29 55.953674 -9.871346 96.607170 -0.344084 -0.866504 0.361631 0.134386 0.459648 1 22 1.000000
 29 53.200760 -8.457896 97.533783 -0.467666 -0.827285 0.311269 0.162081 0.491920 1 22 1.000000
 29 52.834766 -8.856256 94.724434 -0.569532 -0.818631 0.074005 0.127489 0.507881 1 22 1.000000
MarioHand_alb.png
 29 56.052872 -8.766309 99.372955 -0.213247 -0.877879 0.428783 0.174701 0.444327 1 22 1.000000
 29 53.200760 -8.457896 97.533783 -0.467666 -0.827285 0.311269 0.162081 0.491920 1 22 1.000000
 29 55.953674 -9.871346 96.607170 -0.344084 -0.866504 0.361631 0.134386 0.459648 1 22 1.000000
MarioHand_alb.png
 29 52.834766 -8.856256 94.724434 -0.569532 -0.818631 0.074005 0.127489 0.507881 1 22 1.000000
 29 50.661953 -7.043684 95.723648 -0.688540 -0.722013 0.067900 0.158923 0.534676 1 22 1.000000
 29 50.563145 -6.706992 92.293129 -0.746897 -0.637227 -0.189967 0.119387 0.559411 1 22 1.000000
MarioHand_alb.png
 29 53.200760 -8.457896 97.533783 -0.467666 -0.827285 0.311269 0.162081 0.491920 1 22 1.000000
 29 50.661953 -7.043684 95.723648 -0.688540 -0.722013 0.067900 0.158923 0.534676 1 22 1.000000
 29 52.834766 -8.856256 94.724434 -0.569532 -0.818631 0.074005 0.127489 0.507881 1 22 1.000000
MarioHand_alb.png
 29 50.661953 -7.043684 95.723648 -0.688540 -0.722013 0.067900 0.158923 0.534676 1 22 1.000000
 29 49.153862 -4.494936 93.128540 -0.252534 -0.892451 -0.373841 0.146151 0.585962 1 22 1.000000
 29 50.563145 -6.706992 92.293129 -0.746897 -0.637227 -0.189967 0.119387 0.559411 1 22 1.000000
MarioHand_alb.png
 29 50.661953 -7.043684 95.723648 -0.688540 -0.722013 0.067900 0.158923 0.534676 1 22 1.000000
 29 49.153862 -5.193117 96.311356 -0.091929 -0.995671 0.013732 0.181735 0.558999 1 22 1.000000
 29 49.153862 -4.494936 93.128540 -0.252534 -0.892451 -0.373841 0.146151 0.585962 1 22 1.000000
MarioHand_alb.png
 29 49.153862 -4.492933 99.494171 -0.033188 -0.895019 0.444792 0.224308 0.543908 1 22 1.000000
 29 49.153862 -5.193117 96.311356 -0.091929 -0.995671 0.013732 0.181735 0.558999 1 22 1.000000
 29 50.661953 -7.043684 95.723648 -0.688540 -0.722013 0.067900 0.158923 0.534676 1 22 1.000000
MarioHand_alb.png
 29 53.200760 -8.457896 97.533783 -0.467666 -0.827285 0.311269 0.162081 0.491920 1 22 1.000000
 29 51.084862 -5.996005 99.788780 -0.548151 -0.733824 0.401290 0.211322 0.512932 1 22 1.000000
 29 50.661953 -7.043684 95.723648 -0.688540 -0.722013 0.067900 0.158923 0.534676 1 22 1.000000
MarioHand_alb.png
 29 49.153862 -4.492933 99.494171 -0.033188 -0.895019 0.444792 0.224308 0.543908 1 22 1.000000
 29 50.661953 -7.043684 95.723648 -0.688540 -0.722013 0.067900 0.158923 0.534676 1 22 1.000000
 29 51.084862 -5.996005 99.788780 -0.548151 -0.733824 0.401290 0.211322 0.512932 1 22 1.000000
MarioHand_alb.png
 29 56.052872 -8.766309 99.372955 -0.213247 -0.877879 0.428783 0.174701 0.444327 1 22 1.000000
 29 53.649517 -6.697956 101.024269 -0.377669 -0.726154 0.574514 0.213260 0.473793 1 22 1.000000
 29 53.200760 -8.457896 97.533783 -0.467666 -0.827285 0.311269 0.162081 0.491920 1 22 1.000000
MarioHand_alb.png
 29 53.649517 -6.697956 101.024269 -0.377669 -0.726154 0.574514 0.213260 0.473793 1 22 1.000000
 29 51.084862 -5.996005 99.788780 -0.548151 -0.733824 0.401290 0.211322 0.512932 1 22 1.000000
 29 53.200760 -8.457896 97.533783 -0.467666 -0.827285 0.311269 0.162081 0.491920 1 22 1.000000
MarioHand_alb.png
 29 51.576797 -4.334665 102.283020 -0.450549 -0.624607 0.637864 0.250446 0.500832 1 22 1.000000
 29 49.153862 -4.492933 99.494171 -0.033188 -0.895019 0.444792 0.224308 0.543908 1 22 1.000000
 29 51.084862 -5.996005 99.788780 -0.548151 -0.733824 0.401290 0.211322 0.512932 1 22 1.000000
MarioHand_alb.png
 29 51.576797 -4.334665 102.283020 -0.450549 -0.624607 0.637864 0.250446 0.500832 1 22 1.000000
 29 51.084862 -5.996005 99.788780 -0.548151 -0.733824 0.401290 0.211322 0.512932 1 22 1.000000
 29 53.649517 -6.697956 101.024269 -0.377669 -0.726154 0.574514 0.213260 0.473793 1 22 1.000000
MarioHand_alb.png
 29 49.153862 -2.597459 102.210899 0.050729 -0.666508 0.743770 0.270665 0.536034 1 22 1.000000
 29 49.153862 -4.492933 99.494171 -0.033188 -0.895019 0.444792 0.224308 0.543908 1 22 1.000000
 29 51.576797 -4.334665 102.283020 -0.450549 -0.624607 0.637864 0.250446 0.500832 1 22 1.000000
MarioHand_alb.png
 29 56.542084 -7.441603 101.930939 -0.215148 -0.727460 0.651547 0.211231 0.432349 1 22 1.000000
 29 53.649517 -6.697956 101.024269 -0.377669 -0.726154 0.574514 0.213260 0.473793 1 22 1.000000
 29 56.052872 -8.766309 99.372955 -0.213247 -0.877879 0.428783 0.174701 0.444327 1 22 1.000000
MarioHand_alb.png
 29 60.003082 -7.613337 102.336258 -0.027084 -0.780285 0.624838 0.209598 0.385321 1 22 1.000000
 29 56.542084 -7.441603 101.930939 -0.215148 -0.727460 0.651547 0.211231 0.432349 1 22 1.000000
 29 56.052872 -8.766309 99.372955 -0.213247 -0.877879 0.428783 0.174701 0.444327 1 22 1.000000
MarioHand_alb.png
 29 56.996010 -5.040452 104.183273 -0.181979 -0.530581 0.827870 0.253574 0.423453 1 22 1.000000
 29 56.542084 -7.441603 101.930939 -0.215148 -0.727460 0.651547 0.211231 0.432349 1 22 1.000000
 29 60.003082 -7.613337 102.336258 -0.027084 -0.780285 0.624838 0.209598 0.385321 1 22 1.000000
MarioHand_alb.png
 29 54.218437 -4.587863 103.566360 -0.307512 -0.538624 0.784424 0.255756 0.461769 1 22 1.000000
 29 53.649517 -6.697956 101.024269 -0.377669 -0.726154 0.574514 0.213260 0.473793 1 22 1.000000
 29 56.542084 -7.441603 101.930939 -0.215148 -0.727460 0.651547 0.211231 0.432349 1 22 1.000000
MarioHand_alb.png
 29 56.996010 -5.040452 104.183273 -0.181979 -0.530581 0.827870 0.253574 0.423453 1 22 1.000000
 29 54.218437 -4.587863 103.566360 -0.307512 -0.538624 0.784424 0.255756 0.461769 1 22 1.000000
 29 56.542084 -7.441603 101.930939 -0.215148 -0.727460 0.651547 0.211231 0.432349 1 22 1.000000
MarioHand_alb.png
 29 54.218437 -4.587863 103.566360 -0.307512 -0.538624 0.784424 0.255756 0.461769 1 22 1.000000
 29 51.576797 -4.334665 102.283020 -0.450549 -0.624607 0.637864 0.250446 0.500832 1 22 1.000000
 29 53.649517 -6.697956 101.024269 -0.377669 -0.726154 0.574514 0.213260 0.473793 1 22 1.000000
MarioHand_alb.png
 29 51.531204 -1.940191 103.899521 -0.346440 -0.424871 0.836340 0.289647 0.499779 1 22 1.000000
 29 49.153862 -2.597459 102.210899 0.050729 -0.666508 0.743770 0.270665 0.536034 1 22 1.000000
 29 51.576797 -4.334665 102.283020 -0.450549 -0.624607 0.637864 0.250446 0.500832 1 22 1.000000
MarioHand_alb.png
 29 51.531204 -1.940191 103.899521 -0.346440 -0.424871 0.836340 0.289647 0.499779 1 22 1.000000
 29 51.576797 -4.334665 102.283020 -0.450549 -0.624607 0.637864 0.250446 0.500832 1 22 1.000000
 29 54.218437 -4.587863 103.566360 -0.307512 -0.538624 0.784424 0.255756 0.461769 1 22 1.000000
MarioHand_alb.png
 29 49.153866 0.288224 103.995399 0.049224 -0.305565 0.950898 0.318761 0.533455 1 22 1.000000
 29 49.153862 -2.597459 102.210899 0.050729 -0.666508 0.743770 0.270665 0.536034 1 22 1.000000
 29 51.531204 -1.940191 103.899521 -0.346440 -0.424871 0.836340 0.289647 0.499779 1 22 1.000000
MarioHand_alb.png
 29 54.258968 -1.967412 104.733238 -0.219292 -0.307354 0.925983 0.293660 0.461326 1 22 1.000000
 29 54.218437 -4.587863 103.566360 -0.307512 -0.538624 0.784424 0.255756 0.461769 1 22 1.000000
 29 56.996010 -5.040452 104.183273 -0.181979 -0.530581 0.827870 0.253574 0.423453 1 22 1.000000
MarioHand_alb.png
 29 54.258968 -1.967412 104.733238 -0.219292 -0.307354 0.925983 0.293660 0.461326 1 22 1.000000
 29 51.531204 -1.940191 103.899521 -0.346440 -0.424871 0.836340 0.289647 0.499779 1 22 1.000000
 29 54.218437 -4.587863 103.566360 -0.307512 -0.538624 0.784424 0.255756 0.461769 1 22 1.000000
MarioHand_alb.png
 29 57.304020 -2.193831 105.318298 -0.140749 -0.289675 0.946720 0.293553 0.419318 1 22 1.000000
 29 54.258968 -1.967412 104.733238 -0.219292 -0.307354 0.925983 0.293660 0.461326 1 22 1.000000
 29 56.996010 -5.040452 104.183273 -0.181979 -0.530581 0.827870 0.253574 0.423453 1 22 1.000000
MarioHand_alb.png
 29 51.566525 0.607700 104.789070 -0.240639 -0.193571 0.951117 0.326329 0.499443 1 22 1.000000
 29 49.153866 0.288224 103.995399 0.049224 -0.305565 0.950898 0.318761 0.533455 1 22 1.000000
 29 51.531204 -1.940191 103.899521 -0.346440 -0.424871 0.836340 0.289647 0.499779 1 22 1.000000
MarioHand_alb.png
 29 51.566525 0.607700 104.789070 -0.240639 -0.193571 0.951117 0.326329 0.499443 1 22 1.000000
 29 51.531204 -1.940191 103.899521 -0.346440 -0.424871 0.836340 0.289647 0.499779 1 22 1.000000
 29 54.258968 -1.967412 104.733238 -0.219292 -0.307354 0.925983 0.293660 0.461326 1 22 1.000000
MarioHand_alb.png
 29 49.160122 3.669013 104.654579 -0.038902 0.003909 0.999235 0.367300 0.533974 1 22 1.000000
 29 49.153866 0.288224 103.995399 0.049224 -0.305565 0.950898 0.318761 0.533455 1 22 1.000000
 29 51.566525 0.607700 104.789070 -0.240639 -0.193571 0.951117 0.326329 0.499443 1 22 1.000000
MarioHand_alb.png
 29 54.250473 0.664012 105.425797 -0.172065 -0.154646 0.972871 0.329656 0.462028 1 22 1.000000
 29 54.258968 -1.967412 104.733238 -0.219292 -0.307354 0.925983 0.293660 0.461326 1 22 1.000000
 29 57.304020 -2.193831 105.318298 -0.140749 -0.289675 0.946720 0.293553 0.419318 1 22 1.000000
MarioHand_alb.png
 29 54.250473 0.664012 105.425797 -0.172065 -0.154646 0.972871 0.329656 0.462028 1 22 1.000000
 29 51.566525 0.607700 104.789070 -0.240639 -0.193571 0.951117 0.326329 0.499443 1 22 1.000000
 29 54.258968 -1.967412 104.733238 -0.219292 -0.307354 0.925983 0.293660 0.461326 1 22 1.000000
MarioHand_alb.png
 29 57.442070 0.657047 105.916069 -0.111375 -0.133080 0.984828 0.331746 0.418189 1 22 1.000000
 29 54.250473 0.664012 105.425797 -0.172065 -0.154646 0.972871 0.329656 0.462028 1 22 1.000000
 29 57.304020 -2.193831 105.318298 -0.140749 -0.289675 0.946720 0.293553 0.419318 1 22 1.000000
MarioHand_alb.png
 29 54.173664 3.696593 105.728462 -0.160563 0.001907 0.987024 0.369955 0.464149 1 22 1.000000
 29 54.250473 0.664012 105.425797 -0.172065 -0.154646 0.972871 0.329656 0.462028 1 22 1.000000
 29 57.442070 0.657047 105.916069 -0.111375 -0.133080 0.984828 0.331746 0.418189 1 22 1.000000
MarioHand_alb.png
 29 51.494305 3.598825 105.257225 -0.240728 -0.009776 0.970543 0.367361 0.501091 1 22 1.000000
 29 49.160122 3.669013 104.654579 -0.038902 0.003909 0.999235 0.367300 0.533974 1 22 1.000000
 29 51.566525 0.607700 104.789070 -0.240639 -0.193571 0.951117 0.326329 0.499443 1 22 1.000000
MarioHand_alb.png
 29 51.494305 3.598825 105.257225 -0.240728 -0.009776 0.970543 0.367361 0.501091 1 22 1.000000
 29 51.566525 0.607700 104.789070 -0.240639 -0.193571 0.951117 0.326329 0.499443 1 22 1.000000
 29 54.250473 0.664012 105.425797 -0.172065 -0.154646 0.972871 0.329656 0.462028 1 22 1.000000
MarioHand_alb.png
 29 54.173664 3.696593 105.728462 -0.160563 0.001907 0.987024 0.369955 0.464149 1 22 1.000000
 29 51.494305 3.598825 105.257225 -0.240728 -0.009776 0.970543 0.367361 0.501091 1 22 1.000000
 29 54.250473 0.664012 105.425797 -0.172065 -0.154646 0.972871 0.329656 0.462028 1 22 1.000000
MarioHand_alb.png
 29 51.494305 3.598825 105.257225 -0.240728 -0.009776 0.970543 0.367361 0.501091 1 22 1.000000
 29 51.428913 7.090026 104.809433 -0.291348 0.240439 0.925908 0.414908 0.503975 1 22 1.000000
 29 49.160122 3.669013 104.654579 -0.038902 0.003909 0.999235 0.367300 0.533974 1 22 1.000000
MarioHand_alb.png
 29 54.173664 3.696593 105.728462 -0.160563 0.001907 0.987024 0.369955 0.464149 1 22 1.000000
 29 51.428913 7.090026 104.809433 -0.291348 0.240439 0.925908 0.414908 0.503975 1 22 1.000000
 29 51.494305 3.598825 105.257225 -0.240728 -0.009776 0.970543 0.367361 0.501091 1 22 1.000000
MarioHand_alb.png
 29 49.153866 0.286232 88.627319 -0.031275 -0.266123 -0.963432 0.252018 0.893233 1 22 1.000000
 29 48.257687 3.474372 87.442894 0.324907 -0.003909 -0.945738 0.206943 0.908217 1 22 1.000000
 29 49.160374 3.667027 87.968140 0.133154 0.052818 -0.989687 0.206943 0.893233 1 22 1.000000
MarioHand_alb.png
 29 48.257687 -0.119253 88.143578 0.366204 -0.342634 -0.865157 0.252018 0.908217 1 22 1.000000
 29 48.257687 3.474372 87.442894 0.324907 -0.003909 -0.945738 0.206943 0.908217 1 22 1.000000
 29 49.153866 0.286232 88.627319 -0.031275 -0.266123 -0.963432 0.252018 0.893233 1 22 1.000000
MarioHand_alb.png
 29 49.153866 -2.599457 90.411804 -0.308965 -0.635096 -0.707951 0.293767 0.893233 1 22 1.000000
 29 48.257687 -0.119253 88.143578 0.366204 -0.342634 -0.865157 0.252018 0.908217 1 22 1.000000
 29 49.153866 0.286232 88.627319 -0.031275 -0.266123 -0.963432 0.252018 0.893233 1 22 1.000000
MarioHand_alb.png
 29 47.136063 3.405865 87.253021 -0.068644 -0.005816 -0.997624 0.206943 0.924254 1 22 1.000000
 29 48.257687 3.474372 87.442894 0.324907 -0.003909 -0.945738 0.206943 0.908217 1 22 1.000000
 29 48.257687 -0.119253 88.143578 0.366204 -0.342634 -0.865157 0.252018 0.908217 1 22 1.000000
MarioHand_alb.png
 29 49.153866 -2.599457 90.411804 -0.308965 -0.635096 -0.707951 0.293767 0.893233 1 22 1.000000
 29 48.257687 -3.186602 90.040405 0.403191 -0.630010 -0.663720 0.293767 0.908217 1 22 1.000000
 29 48.257687 -0.119253 88.143578 0.366204 -0.342634 -0.865157 0.252018 0.908217 1 22 1.000000
MarioHand_alb.png
 29 49.153862 -4.494936 93.128540 -0.252534 -0.892451 -0.373841 0.337987 0.893233 1 22 1.000000
 29 48.257687 -3.186602 90.040405 0.403191 -0.630010 -0.663720 0.293767 0.908217 1 22 1.000000
 29 49.153866 -2.599457 90.411804 -0.308965 -0.635096 -0.707951 0.293767 0.893233 1 22 1.000000
MarioHand_alb.png
 29 47.136063 3.405865 87.253021 -0.068644 -0.005816 -0.997624 0.206943 0.924254 1 22 1.000000
 29 48.257687 -0.119253 88.143578 0.366204 -0.342634 -0.865157 0.252018 0.908217 1 22 1.000000
 29 47.148880 -0.264701 87.968704 -0.068646 -0.367491 -0.927490 0.252018 0.924254 1 22 1.000000
MarioHand_alb.png
 29 48.257687 -3.186602 90.040405 0.403191 -0.630010 -0.663720 0.293767 0.908217 1 22 1.000000
 29 47.148880 -0.264701 87.968704 -0.068646 -0.367491 -0.927490 0.252018 0.924254 1 22 1.000000
 29 48.257687 -0.119253 88.143578 0.366204 -0.342634 -0.865157 0.252018 0.908217 1 22 1.000000
MarioHand_alb.png
 29 49.153862 -4.494936 93.128540 -0.252534 -0.892451 -0.373841 0.337987 0.893233 1 22 1.000000
 29 48.257683 -5.201406 92.928162 0.430318 -0.827065 -0.361650 0.337987 0.908217 1 22 1.000000
 29 48.257687 -3.186602 90.040405 0.403191 -0.630010 -0.663720 0.293767 0.908217 1 22 1.000000
MarioHand_alb.png
 29 49.153862 -5.193117 96.311356 -0.091929 -0.995671 0.013732 0.389715 0.893233 1 22 1.000000
 29 48.257683 -5.201406 92.928162 0.430318 -0.827065 -0.361650 0.337987 0.908217 1 22 1.000000
 29 49.153862 -4.494936 93.128540 -0.252534 -0.892451 -0.373841 0.337987 0.893233 1 22 1.000000
MarioHand_alb.png
 29 47.159805 -3.397723 89.906158 -0.068666 -0.688734 -0.721755 0.293767 0.924254 1 22 1.000000
 29 47.148880 -0.264701 87.968704 -0.068646 -0.367491 -0.927490 0.252018 0.924254 1 22 1.000000
 29 48.257687 -3.186602 90.040405 0.403191 -0.630010 -0.663720 0.293767 0.908217 1 22 1.000000
MarioHand_alb.png
 29 47.159805 -3.397723 89.906158 -0.068666 -0.688734 -0.721755 0.293767 0.924254 1 22 1.000000
 29 48.257687 -3.186602 90.040405 0.403191 -0.630010 -0.663720 0.293767 0.908217 1 22 1.000000
 29 48.257683 -5.201406 92.928162 0.430318 -0.827065 -0.361650 0.337987 0.908217 1 22 1.000000
MarioHand_alb.png
 29 45.830860 -0.058116 88.302704 -0.508090 -0.310650 -0.803331 0.252018 0.940383 1 22 1.000000
 29 47.136063 3.405865 87.253021 -0.068644 -0.005816 -0.997624 0.206943 0.924254 1 22 1.000000
 29 47.148880 -0.264701 87.968704 -0.068646 -0.367491 -0.927490 0.252018 0.924254 1 22 1.000000
MarioHand_alb.png
 29 45.830860 3.465494 87.615677 -0.505148 0.003911 -0.863024 0.206943 0.940383 1 22 1.000000
 29 47.136063 3.405865 87.253021 -0.068644 -0.005816 -0.997624 0.206943 0.924254 1 22 1.000000
 29 45.830860 -0.058116 88.302704 -0.508090 -0.310650 -0.803331 0.252018 0.940383 1 22 1.000000
MarioHand_alb.png
 29 45.018372 3.410859 88.582153 -0.992323 -0.003911 0.123611 0.206943 0.956008 1 22 1.000000
 29 45.830860 3.465494 87.615677 -0.505148 0.003911 -0.863024 0.206943 0.940383 1 22 1.000000
 29 45.830860 -0.058116 88.302704 -0.508090 -0.310650 -0.803331 0.252018 0.940383 1 22 1.000000
MarioHand_alb.png
 29 45.029301 0.278881 89.192825 -0.991780 0.045009 0.119777 0.252018 0.956008 1 22 1.000000
 29 45.018372 3.410859 88.582153 -0.992323 -0.003911 0.123611 0.206943 0.956008 1 22 1.000000
 29 45.830860 -0.058116 88.302704 -0.508090 -0.310650 -0.803331 0.252018 0.940383 1 22 1.000000
MarioHand_alb.png
 29 45.038631 -2.394428 90.845993 -0.992513 0.084180 0.088495 0.293767 0.956008 1 22 1.000000
 29 45.029301 0.278881 89.192825 -0.991780 0.045009 0.119777 0.252018 0.956008 1 22 1.000000
 29 45.830860 -0.058116 88.302704 -0.508090 -0.310650 -0.803331 0.252018 0.940383 1 22 1.000000
MarioHand_alb.png
 29 45.830860 -0.058116 88.302704 -0.508090 -0.310650 -0.803331 0.252018 0.940383 1 22 1.000000
 29 47.148880 -0.264701 87.968704 -0.068646 -0.367491 -0.927490 0.252018 0.924254 1 22 1.000000
 29 45.830860 -3.065701 90.162590 -0.515761 -0.586120 -0.624864 0.293767 0.940383 1 22 1.000000
MarioHand_alb.png
 29 45.038631 -2.394428 90.845993 -0.992513 0.084180 0.088495 0.293767 0.956008 1 22 1.000000
 29 45.830860 -0.058116 88.302704 -0.508090 -0.310650 -0.803331 0.252018 0.940383 1 22 1.000000
 29 45.830860 -3.065701 90.162590 -0.515761 -0.586120 -0.624864 0.293767 0.940383 1 22 1.000000
MarioHand_alb.png
 29 47.159805 -3.397723 89.906158 -0.068666 -0.688734 -0.721755 0.293767 0.924254 1 22 1.000000
 29 45.830860 -3.065701 90.162590 -0.515761 -0.586120 -0.624864 0.293767 0.940383 1 22 1.000000
 29 47.148880 -0.264701 87.968704 -0.068646 -0.367491 -0.927490 0.252018 0.924254 1 22 1.000000
MarioHand_alb.png
 29 45.044765 -4.150402 93.362770 -0.992556 0.111577 0.048827 0.337987 0.956008 1 22 1.000000
 29 45.038631 -2.394428 90.845993 -0.992513 0.084180 0.088495 0.293767 0.956008 1 22 1.000000
 29 45.830860 -3.065701 90.162590 -0.515761 -0.586120 -0.624864 0.293767 0.940383 1 22 1.000000
MarioHand_alb.png
 29 45.044765 -4.150402 93.362770 -0.992556 0.111577 0.048827 0.337987 0.956008 1 22 1.000000
 29 45.830860 -3.065701 90.162590 -0.515761 -0.586120 -0.624864 0.293767 0.940383 1 22 1.000000
 29 45.830856 -5.041247 92.994072 -0.524500 -0.778453 -0.344835 0.337987 0.940383 1 22 1.000000
MarioHand_alb.png
 29 45.830856 -5.041247 92.994072 -0.524500 -0.778453 -0.344835 0.337987 0.940383 1 22 1.000000
 29 45.830860 -3.065701 90.162590 -0.515761 -0.586120 -0.624864 0.293767 0.940383 1 22 1.000000
 29 47.159805 -3.397723 89.906158 -0.068666 -0.688734 -0.721755 0.293767 0.924254 1 22 1.000000
MarioHand_alb.png
 29 45.047020 -4.799056 96.311371 -0.993320 0.115391 0.000000 0.389715 0.956008 1 22 1.000000
 29 45.044765 -4.150402 93.362770 -0.992556 0.111577 0.048827 0.337987 0.956008 1 22 1.000000
 29 45.830856 -5.041247 92.994072 -0.524500 -0.778453 -0.344835 0.337987 0.940383 1 22 1.000000
MarioHand_alb.png
 29 47.166996 -5.455662 92.855721 -0.068663 -0.915036 -0.397485 0.337987 0.924254 1 22 1.000000
 29 45.830856 -5.041247 92.994072 -0.524500 -0.778453 -0.344835 0.337987 0.940383 1 22 1.000000
 29 47.159805 -3.397723 89.906158 -0.068666 -0.688734 -0.721755 0.293767 0.924254 1 22 1.000000
MarioHand_alb.png
 29 47.166996 -5.455662 92.855721 -0.068663 -0.915036 -0.397485 0.337987 0.924254 1 22 1.000000
 29 47.159805 -3.397723 89.906158 -0.068666 -0.688734 -0.721755 0.293767 0.924254 1 22 1.000000
 29 48.257683 -5.201406 92.928162 0.430318 -0.827065 -0.361650 0.337987 0.908217 1 22 1.000000
MarioHand_alb.png
 29 45.047020 -4.799056 96.311371 -0.993320 0.115391 0.000000 0.389715 0.956008 1 22 1.000000
 29 45.830856 -5.041247 92.994072 -0.524500 -0.778453 -0.344835 0.337987 0.940383 1 22 1.000000
 29 45.830856 -5.771013 96.311371 -0.526798 -0.849991 0.000000 0.389914 0.940383 1 22 1.000000
MarioHand_alb.png
 29 45.830856 -5.771013 96.311371 -0.526798 -0.849991 0.000000 0.389914 0.940383 1 22 1.000000
 29 45.830856 -5.041247 92.994072 -0.524500 -0.778453 -0.344835 0.337987 0.940383 1 22 1.000000
 29 47.166996 -5.455662 92.855721 -0.068663 -0.915036 -0.397485 0.337987 0.924254 1 22 1.000000
MarioHand_alb.png
 29 48.257683 -5.945670 96.311356 0.440219 -0.897890 0.000000 0.389914 0.908217 1 22 1.000000
 29 47.166996 -5.455662 92.855721 -0.068663 -0.915036 -0.397485 0.337987 0.924254 1 22 1.000000
 29 48.257683 -5.201406 92.928162 0.430318 -0.827065 -0.361650 0.337987 0.908217 1 22 1.000000
MarioHand_alb.png
 29 49.153862 -5.193117 96.311356 -0.091929 -0.995671 0.013732 0.389715 0.893233 1 22 1.000000
 29 48.257683 -5.945670 96.311356 0.440219 -0.897890 0.000000 0.389914 0.908217 1 22 1.000000
 29 48.257683 -5.201406 92.928162 0.430318 -0.827065 -0.361650 0.337987 0.908217 1 22 1.000000
MarioHand_alb.png
 29 45.830856 -5.771013 96.311371 -0.526798 -0.849991 0.000000 0.389914 0.940383 1 22 1.000000
 29 47.166996 -5.455662 92.855721 -0.068663 -0.915036 -0.397485 0.337987 0.924254 1 22 1.000000
 29 47.169643 -6.215860 96.311356 -0.068665 -0.997640 0.000000 0.389960 0.924254 1 22 1.000000
MarioHand_alb.png
 29 48.257683 -5.945670 96.311356 0.440219 -0.897890 0.000000 0.389914 0.908217 1 22 1.000000
 29 47.169643 -6.215860 96.311356 -0.068665 -0.997640 0.000000 0.389960 0.924254 1 22 1.000000
 29 47.166996 -5.455662 92.855721 -0.068663 -0.915036 -0.397485 0.337987 0.924254 1 22 1.000000
MarioHand_alb.png
 29 45.047020 -4.799056 96.311371 -0.993320 0.115391 0.000000 0.389715 0.956008 1 22 1.000000
 29 45.830856 -5.771013 96.311371 -0.526798 -0.849991 0.000000 0.389914 0.940383 1 22 1.000000
 29 45.830856 -5.041251 99.628654 -0.524500 -0.778453 0.344835 0.441459 0.940383 1 22 1.000000
MarioHand_alb.png
 29 45.044762 -4.150399 99.259949 -0.992556 0.111577 -0.048827 0.441459 0.956008 1 22 1.000000
 29 45.047020 -4.799056 96.311371 -0.993320 0.115391 0.000000 0.389715 0.956008 1 22 1.000000
 29 45.830856 -5.041251 99.628654 -0.524500 -0.778453 0.344835 0.441459 0.940383 1 22 1.000000
MarioHand_alb.png
 29 47.166996 -5.455664 99.766998 -0.068663 -0.915036 0.397485 0.441459 0.924254 1 22 1.000000
 29 45.830856 -5.771013 96.311371 -0.526798 -0.849991 0.000000 0.389914 0.940383 1 22 1.000000
 29 47.169643 -6.215860 96.311356 -0.068665 -0.997640 0.000000 0.389960 0.924254 1 22 1.000000
MarioHand_alb.png
 29 47.166996 -5.455664 99.766998 -0.068663 -0.915036 0.397485 0.441459 0.924254 1 22 1.000000
 29 47.169643 -6.215860 96.311356 -0.068665 -0.997640 0.000000 0.389960 0.924254 1 22 1.000000
 29 48.257683 -5.945670 96.311356 0.440219 -0.897890 0.000000 0.389914 0.908217 1 22 1.000000
MarioHand_alb.png
 29 45.830856 -5.041251 99.628654 -0.524500 -0.778453 0.344835 0.441459 0.940383 1 22 1.000000
 29 45.830856 -5.771013 96.311371 -0.526798 -0.849991 0.000000 0.389914 0.940383 1 22 1.000000
 29 47.166996 -5.455664 99.766998 -0.068663 -0.915036 0.397485 0.441459 0.924254 1 22 1.000000
MarioHand_alb.png
 29 48.257687 -5.201405 99.694565 0.430679 -0.826550 0.362396 0.441459 0.908217 1 22 1.000000
 29 48.257683 -5.945670 96.311356 0.440219 -0.897890 0.000000 0.389914 0.908217 1 22 1.000000
 29 49.153862 -5.193117 96.311356 -0.091929 -0.995671 0.013732 0.389715 0.893233 1 22 1.000000
MarioHand_alb.png
 29 48.257687 -5.201405 99.694565 0.430679 -0.826550 0.362396 0.441459 0.908217 1 22 1.000000
 29 47.166996 -5.455664 99.766998 -0.068663 -0.915036 0.397485 0.441459 0.924254 1 22 1.000000
 29 48.257683 -5.945670 96.311356 0.440219 -0.897890 0.000000 0.389914 0.908217 1 22 1.000000
MarioHand_alb.png
 29 49.153862 -4.492933 99.494171 -0.033188 -0.895019 0.444792 0.441459 0.893233 1 22 1.000000
 29 48.257687 -5.201405 99.694565 0.430679 -0.826550 0.362396 0.441459 0.908217 1 22 1.000000
 29 49.153862 -5.193117 96.311356 -0.091929 -0.995671 0.013732 0.389715 0.893233 1 22 1.000000
MarioHand_alb.png
 29 45.830856 -5.041251 99.628654 -0.524500 -0.778453 0.344835 0.441459 0.940383 1 22 1.000000
 29 47.166996 -5.455664 99.766998 -0.068663 -0.915036 0.397485 0.441459 0.924254 1 22 1.000000
 29 47.159809 -3.397721 102.716576 -0.068276 -0.688071 0.722424 0.488807 0.924254 1 22 1.000000
MarioHand_alb.png
 29 47.159809 -3.397721 102.716576 -0.068276 -0.688071 0.722424 0.488807 0.924254 1 22 1.000000
 29 47.166996 -5.455664 99.766998 -0.068663 -0.915036 0.397485 0.441459 0.924254 1 22 1.000000
 29 48.257687 -5.201405 99.694565 0.430679 -0.826550 0.362396 0.441459 0.908217 1 22 1.000000
MarioHand_alb.png
 29 45.830856 -3.065702 102.460129 -0.516969 -0.585786 0.624178 0.488807 0.940383 1 22 1.000000
 29 45.044762 -4.150399 99.259949 -0.992556 0.111577 -0.048827 0.441459 0.956008 1 22 1.000000
 29 45.830856 -5.041251 99.628654 -0.524500 -0.778453 0.344835 0.441459 0.940383 1 22 1.000000
MarioHand_alb.png
 29 45.830856 -3.065702 102.460129 -0.516969 -0.585786 0.624178 0.488807 0.940383 1 22 1.000000
 29 45.830856 -5.041251 99.628654 -0.524500 -0.778453 0.344835 0.441459 0.940383 1 22 1.000000
 29 47.159809 -3.397721 102.716576 -0.068276 -0.688071 0.722424 0.488807 0.924254 1 22 1.000000
MarioHand_alb.png
 29 45.038628 -2.394428 101.776726 -0.992519 0.084109 -0.088495 0.488807 0.956008 1 22 1.000000
 29 45.044762 -4.150399 99.259949 -0.992556 0.111577 -0.048827 0.441459 0.956008 1 22 1.000000
 29 45.830856 -3.065702 102.460129 -0.516969 -0.585786 0.624178 0.488807 0.940383 1 22 1.000000
MarioHand_alb.png
 29 48.257687 -3.186603 102.582321 0.403191 -0.630010 0.663720 0.488807 0.908217 1 22 1.000000
 29 48.257687 -5.201405 99.694565 0.430679 -0.826550 0.362396 0.441459 0.908217 1 22 1.000000
 29 49.153862 -4.492933 99.494171 -0.033188 -0.895019 0.444792 0.441459 0.893233 1 22 1.000000
MarioHand_alb.png
 29 47.159809 -3.397721 102.716576 -0.068276 -0.688071 0.722424 0.488807 0.924254 1 22 1.000000
 29 48.257687 -5.201405 99.694565 0.430679 -0.826550 0.362396 0.441459 0.908217 1 22 1.000000
 29 48.257687 -3.186603 102.582321 0.403191 -0.630010 0.663720 0.488807 0.908217 1 22 1.000000
MarioHand_alb.png
 29 49.153862 -2.597459 102.210899 0.050729 -0.666508 0.743770 0.488807 0.893233 1 22 1.000000
 29 48.257687 -3.186603 102.582321 0.403191 -0.630010 0.663720 0.488807 0.908217 1 22 1.000000
 29 49.153862 -4.492933 99.494171 -0.033188 -0.895019 0.444792 0.441459 0.893233 1 22 1.000000
MarioHand_alb.png
 29 45.830856 -3.065702 102.460129 -0.516969 -0.585786 0.624178 0.488807 0.940383 1 22 1.000000
 29 47.159809 -3.397721 102.716576 -0.068276 -0.688071 0.722424 0.488807 0.924254 1 22 1.000000
 29 47.148880 -0.264698 104.654007 -0.068302 -0.368199 0.927235 0.530831 0.924254 1 22 1.000000
MarioHand_alb.png
 29 47.148880 -0.264698 104.654007 -0.068302 -0.368199 0.927235 0.530831 0.924254 1 22 1.000000
 29 47.159809 -3.397721 102.716576 -0.068276 -0.688071 0.722424 0.488807 0.924254 1 22 1.000000
 29 48.257687 -3.186603 102.582321 0.403191 -0.630010 0.663720 0.488807 0.908217 1 22 1.000000
MarioHand_alb.png
 29 45.830860 -0.058114 104.320000 -0.508084 -0.310685 0.803322 0.530831 0.940383 1 22 1.000000
 29 45.038628 -2.394428 101.776726 -0.992519 0.084109 -0.088495 0.488807 0.956008 1 22 1.000000
 29 45.830856 -3.065702 102.460129 -0.516969 -0.585786 0.624178 0.488807 0.940383 1 22 1.000000
MarioHand_alb.png
 29 45.830860 -0.058114 104.320000 -0.508084 -0.310685 0.803322 0.530831 0.940383 1 22 1.000000
 29 45.830856 -3.065702 102.460129 -0.516969 -0.585786 0.624178 0.488807 0.940383 1 22 1.000000
 29 47.148880 -0.264698 104.654007 -0.068302 -0.368199 0.927235 0.530831 0.924254 1 22 1.000000
MarioHand_alb.png
 29 45.029301 0.278881 103.429871 -0.991780 0.045009 -0.119777 0.530831 0.956008 1 22 1.000000
 29 45.038628 -2.394428 101.776726 -0.992519 0.084109 -0.088495 0.488807 0.956008 1 22 1.000000
 29 45.830860 -0.058114 104.320000 -0.508084 -0.310685 0.803322 0.530831 0.940383 1 22 1.000000
MarioHand_alb.png
 29 45.018372 3.410861 104.040565 -0.992323 -0.003911 -0.123611 0.573602 0.956008 1 22 1.000000
 29 45.029301 0.278881 103.429871 -0.991780 0.045009 -0.119777 0.530831 0.956008 1 22 1.000000
 29 45.830860 -0.058114 104.320000 -0.508084 -0.310685 0.803322 0.530831 0.940383 1 22 1.000000
MarioHand_alb.png
 29 48.257690 -0.119251 104.479141 0.366213 -0.342567 0.865179 0.530831 0.908217 1 22 1.000000
 29 48.257687 -3.186603 102.582321 0.403191 -0.630010 0.663720 0.488807 0.908217 1 22 1.000000
 29 49.153862 -2.597459 102.210899 0.050729 -0.666508 0.743770 0.488807 0.893233 1 22 1.000000
MarioHand_alb.png
 29 47.148880 -0.264698 104.654007 -0.068302 -0.368199 0.927235 0.530831 0.924254 1 22 1.000000
 29 48.257687 -3.186603 102.582321 0.403191 -0.630010 0.663720 0.488807 0.908217 1 22 1.000000
 29 48.257690 -0.119251 104.479141 0.366213 -0.342567 0.865179 0.530831 0.908217 1 22 1.000000
MarioHand_alb.png
 29 49.153866 0.288224 103.995399 0.049224 -0.305565 0.950898 0.530831 0.893233 1 22 1.000000
 29 48.257690 -0.119251 104.479141 0.366213 -0.342567 0.865179 0.530831 0.908217 1 22 1.000000
 29 49.153862 -2.597459 102.210899 0.050729 -0.666508 0.743770 0.488807 0.893233 1 22 1.000000
MarioHand_alb.png
 29 45.830860 -0.058114 104.320000 -0.508084 -0.310685 0.803322 0.530831 0.940383 1 22 1.000000
 29 47.148880 -0.264698 104.654007 -0.068302 -0.368199 0.927235 0.530831 0.924254 1 22 1.000000
 29 47.136070 3.405865 105.369698 -0.068644 -0.005863 0.997624 0.573602 0.924254 1 22 1.000000
MarioHand_alb.png
 29 47.136070 3.405865 105.369698 -0.068644 -0.005863 0.997624 0.573602 0.924254 1 22 1.000000
 29 47.148880 -0.264698 104.654007 -0.068302 -0.368199 0.927235 0.530831 0.924254 1 22 1.000000
 29 48.257690 -0.119251 104.479141 0.366213 -0.342567 0.865179 0.530831 0.908217 1 22 1.000000
MarioHand_alb.png
 29 45.018372 3.410861 104.040565 -0.992323 -0.003911 -0.123611 0.573602 0.956008 1 22 1.000000
 29 45.830860 -0.058114 104.320000 -0.508084 -0.310685 0.803322 0.530831 0.940383 1 22 1.000000
 29 45.830860 3.465495 105.007050 -0.505148 0.003911 0.863024 0.573602 0.940383 1 22 1.000000
MarioHand_alb.png
 29 45.830860 3.465495 105.007050 -0.505148 0.003911 0.863024 0.573602 0.940383 1 22 1.000000
 29 45.830860 -0.058114 104.320000 -0.508084 -0.310685 0.803322 0.530831 0.940383 1 22 1.000000
 29 47.136070 3.405865 105.369698 -0.068644 -0.005863 0.997624 0.573602 0.924254 1 22 1.000000
MarioHand_alb.png
 29 45.007439 6.542836 103.429871 -0.992211 -0.050927 -0.113679 0.622583 0.956008 1 22 1.000000
 29 45.018372 3.410861 104.040565 -0.992323 -0.003911 -0.123611 0.573602 0.956008 1 22 1.000000
 29 45.830860 3.465495 105.007050 -0.505148 0.003911 0.863024 0.573602 0.940383 1 22 1.000000
MarioHand_alb.png
 29 48.257690 3.474375 105.179825 0.325141 -0.003912 0.945657 0.573602 0.908217 1 22 1.000000
 29 48.257690 -0.119251 104.479141 0.366213 -0.342567 0.865179 0.530831 0.908217 1 22 1.000000
 29 49.153866 0.288224 103.995399 0.049224 -0.305565 0.950898 0.530831 0.893233 1 22 1.000000
MarioHand_alb.png
 29 47.136070 3.405865 105.369698 -0.068644 -0.005863 0.997624 0.573602 0.924254 1 22 1.000000
 29 48.257690 -0.119251 104.479141 0.366213 -0.342567 0.865179 0.530831 0.908217 1 22 1.000000
 29 48.257690 3.474375 105.179825 0.325141 -0.003912 0.945657 0.573602 0.908217 1 22 1.000000
MarioHand_alb.png
 29 49.160122 3.669013 104.654579 -0.038902 0.003909 0.999235 0.573602 0.893233 1 22 1.000000
 29 48.257690 3.474375 105.179825 0.325141 -0.003912 0.945657 0.573602 0.908217 1 22 1.000000
 29 49.153866 0.288224 103.995399 0.049224 -0.305565 0.950898 0.530831 0.893233 1 22 1.000000
MarioHand_alb.png
 29 45.830860 3.465495 105.007050 -0.505148 0.003911 0.863024 0.573602 0.940383 1 22 1.000000
 29 47.136070 3.405865 105.369698 -0.068644 -0.005863 0.997624 0.573602 0.924254 1 22 1.000000
 29 47.123257 7.076429 104.654007 -0.070587 0.358180 0.930981 0.622583 0.924254 1 22 1.000000
MarioHand_alb.png
 29 47.123257 7.076429 104.654007 -0.070587 0.358180 0.930981 0.622583 0.924254 1 22 1.000000
 29 47.136070 3.405865 105.369698 -0.068644 -0.005863 0.997624 0.573602 0.924254 1 22 1.000000
 29 48.257690 3.474375 105.179825 0.325141 -0.003912 0.945657 0.573602 0.908217 1 22 1.000000
MarioHand_alb.png
 29 45.007439 6.542836 103.429871 -0.992211 -0.050927 -0.113679 0.622583 0.956008 1 22 1.000000
 29 45.830860 3.465495 105.007050 -0.505148 0.003911 0.863024 0.573602 0.940383 1 22 1.000000
 29 45.830864 6.989101 104.320000 -0.506600 0.316816 0.801863 0.622583 0.940383 1 22 1.000000
MarioHand_alb.png
 29 45.830860 3.465495 105.007050 -0.505148 0.003911 0.863024 0.573602 0.940383 1 22 1.000000
 29 47.123257 7.076429 104.654007 -0.070587 0.358180 0.930981 0.622583 0.924254 1 22 1.000000
 29 45.830864 6.989101 104.320000 -0.506600 0.316816 0.801863 0.622583 0.940383 1 22 1.000000
MarioHand_alb.png
 29 45.007439 6.542836 103.429871 -0.992211 -0.050927 -0.113679 0.622583 0.956008 1 22 1.000000
 29 45.830864 6.989101 104.320000 -0.506600 0.316816 0.801863 0.622583 0.940383 1 22 1.000000
 29 44.998108 9.216144 101.776726 -0.993510 -0.082220 -0.078596 0.669917 0.956008 1 22 1.000000
MarioHand_alb.png
 29 48.257694 7.067998 104.479141 0.285746 0.344497 0.894243 0.622583 0.908217 1 22 1.000000
 29 48.257690 3.474375 105.179825 0.325141 -0.003912 0.945657 0.573602 0.908217 1 22 1.000000
 29 49.160122 3.669013 104.654579 -0.038902 0.003909 0.999235 0.573602 0.893233 1 22 1.000000
MarioHand_alb.png
 29 47.123257 7.076429 104.654007 -0.070587 0.358180 0.930981 0.622583 0.924254 1 22 1.000000
 29 48.257690 3.474375 105.179825 0.325141 -0.003912 0.945657 0.573602 0.908217 1 22 1.000000
 29 48.257694 7.067998 104.479141 0.285746 0.344497 0.894243 0.622583 0.908217 1 22 1.000000
MarioHand_alb.png
 29 48.257694 7.067998 104.479141 0.285746 0.344497 0.894243 0.622583 0.908217 1 22 1.000000
 29 49.160122 3.669013 104.654579 -0.038902 0.003909 0.999235 0.573602 0.893233 1 22 1.000000
 29 49.153873 7.049798 103.995399 -0.123233 0.326779 0.937032 0.622583 0.893233 1 22 1.000000
MarioHand_alb.png
 29 45.830864 6.989101 104.320000 -0.506600 0.316816 0.801863 0.622583 0.940383 1 22 1.000000
 29 47.123257 7.076429 104.654007 -0.070587 0.358180 0.930981 0.622583 0.924254 1 22 1.000000
 29 47.112324 10.209453 102.716576 -0.072478 0.681101 0.728593 0.669917 0.924254 1 22 1.000000
MarioHand_alb.png
 29 47.123257 7.076429 104.654007 -0.070587 0.358180 0.930981 0.622583 0.924254 1 22 1.000000
 29 48.257694 7.067998 104.479141 0.285746 0.344497 0.894243 0.622583 0.908217 1 22 1.000000
 29 47.112324 10.209453 102.716576 -0.072478 0.681101 0.728593 0.669917 0.924254 1 22 1.000000
MarioHand_alb.png
 29 45.830864 6.989101 104.320000 -0.506600 0.316816 0.801863 0.622583 0.940383 1 22 1.000000
 29 45.830864 9.996692 102.460129 -0.513122 0.591616 0.621850 0.669917 0.940383 1 22 1.000000
 29 44.998108 9.216144 101.776726 -0.993510 -0.082220 -0.078596 0.669917 0.956008 1 22 1.000000
MarioHand_alb.png
 29 45.830864 6.989101 104.320000 -0.506600 0.316816 0.801863 0.622583 0.940383 1 22 1.000000
 29 47.112324 10.209453 102.716576 -0.072478 0.681101 0.728593 0.669917 0.924254 1 22 1.000000
 29 45.830864 9.996692 102.460129 -0.513122 0.591616 0.621850 0.669917 0.940383 1 22 1.000000
MarioHand_alb.png
 29 44.998108 9.216144 101.776726 -0.993510 -0.082220 -0.078596 0.669917 0.956008 1 22 1.000000
 29 45.830864 9.996692 102.460129 -0.513122 0.591616 0.621850 0.669917 0.940383 1 22 1.000000
 29 44.991978 10.972116 99.259949 -0.993758 -0.103667 -0.041200 0.710567 0.956008 1 22 1.000000
MarioHand_alb.png
 29 48.257694 7.067998 104.479141 0.285746 0.344497 0.894243 0.622583 0.908217 1 22 1.000000
 29 49.153873 7.049798 103.995399 -0.123233 0.326779 0.937032 0.622583 0.893233 1 22 1.000000
 29 48.257694 10.135349 102.582314 0.256351 0.659664 0.706490 0.669917 0.908217 1 22 1.000000
MarioHand_alb.png
 29 47.112324 10.209453 102.716576 -0.072478 0.681101 0.728593 0.669917 0.924254 1 22 1.000000
 29 48.257694 7.067998 104.479141 0.285746 0.344497 0.894243 0.622583 0.908217 1 22 1.000000
 29 48.257694 10.135349 102.582314 0.256351 0.659664 0.706490 0.669917 0.908217 1 22 1.000000
MarioHand_alb.png
 29 48.257694 10.135349 102.582314 0.256351 0.659664 0.706490 0.669917 0.908217 1 22 1.000000
 29 49.153873 7.049798 103.995399 -0.123233 0.326779 0.937032 0.622583 0.893233 1 22 1.000000
 29 49.153870 9.935480 102.210899 -0.205224 0.661065 0.721717 0.669917 0.893233 1 22 1.000000
MarioHand_alb.png
 29 47.112324 10.209453 102.716576 -0.072478 0.681101 0.728593 0.669917 0.924254 1 22 1.000000
 29 47.105137 12.267390 99.766998 -0.076294 0.912090 0.402830 0.710567 0.924254 1 22 1.000000
 29 45.830864 9.996692 102.460129 -0.513122 0.591616 0.621850 0.669917 0.940383 1 22 1.000000
MarioHand_alb.png
 29 47.112324 10.209453 102.716576 -0.072478 0.681101 0.728593 0.669917 0.924254 1 22 1.000000
 29 48.257694 10.135349 102.582314 0.256351 0.659664 0.706490 0.669917 0.908217 1 22 1.000000
 29 47.105137 12.267390 99.766998 -0.076294 0.912090 0.402830 0.710567 0.924254 1 22 1.000000
MarioHand_alb.png
 29 45.830864 9.996692 102.460129 -0.513122 0.591616 0.621850 0.669917 0.940383 1 22 1.000000
 29 45.830864 11.972239 99.628647 -0.518803 0.783259 0.342563 0.710567 0.940383 1 22 1.000000
 29 44.991978 10.972116 99.259949 -0.993758 -0.103667 -0.041200 0.710567 0.956008 1 22 1.000000
MarioHand_alb.png
 29 45.830864 9.996692 102.460129 -0.513122 0.591616 0.621850 0.669917 0.940383 1 22 1.000000
 29 47.105137 12.267390 99.766998 -0.076294 0.912090 0.402830 0.710567 0.924254 1 22 1.000000
 29 45.830864 11.972239 99.628647 -0.518803 0.783259 0.342563 0.710567 0.940383 1 22 1.000000
MarioHand_alb.png
 29 44.991978 10.972116 99.259949 -0.993758 -0.103667 -0.041200 0.710567 0.956008 1 22 1.000000
 29 45.830864 11.972239 99.628647 -0.518803 0.783259 0.342563 0.710567 0.940383 1 22 1.000000
 29 44.989716 11.620769 96.311356 -0.994601 -0.103771 0.000000 0.755230 0.956008 1 22 1.000000
MarioHand_alb.png
 29 48.257694 10.135349 102.582314 0.256351 0.659664 0.706490 0.669917 0.908217 1 22 1.000000
 29 49.153870 9.935480 102.210899 -0.205224 0.661065 0.721717 0.669917 0.893233 1 22 1.000000
 29 48.257694 12.150150 99.694565 0.234981 0.888712 0.393669 0.710567 0.908217 1 22 1.000000
MarioHand_alb.png
 29 47.105137 12.267390 99.766998 -0.076294 0.912090 0.402830 0.710567 0.924254 1 22 1.000000
 29 48.257694 10.135349 102.582314 0.256351 0.659664 0.706490 0.669917 0.908217 1 22 1.000000
 29 48.257694 12.150150 99.694565 0.234981 0.888712 0.393669 0.710567 0.908217 1 22 1.000000
MarioHand_alb.png
 29 48.257694 12.150150 99.694565 0.234981 0.888712 0.393669 0.710567 0.908217 1 22 1.000000
 29 49.153870 9.935480 102.210899 -0.205224 0.661065 0.721717 0.669917 0.893233 1 22 1.000000
 29 49.153870 11.830955 99.494179 -0.203318 0.898813 0.388325 0.710567 0.893233 1 22 1.000000
MarioHand_alb.png
 29 47.105137 12.267390 99.766998 -0.076294 0.912090 0.402830 0.710567 0.924254 1 22 1.000000
 29 47.102489 13.027592 96.311356 -0.076295 0.997085 0.000000 0.755230 0.924254 1 22 1.000000
 29 45.830864 11.972239 99.628647 -0.518803 0.783259 0.342563 0.710567 0.940383 1 22 1.000000
MarioHand_alb.png
 29 47.105137 12.267390 99.766998 -0.076294 0.912090 0.402830 0.710567 0.924254 1 22 1.000000
 29 48.257694 12.150150 99.694565 0.234981 0.888712 0.393669 0.710567 0.908217 1 22 1.000000
 29 47.102489 13.027592 96.311356 -0.076295 0.997085 0.000000 0.755230 0.924254 1 22 1.000000
MarioHand_alb.png
 29 45.830864 11.972239 99.628647 -0.518803 0.783259 0.342563 0.710567 0.940383 1 22 1.000000
 29 45.830864 12.701998 96.311356 -0.522245 0.852796 0.000000 0.755230 0.940383 1 22 1.000000
 29 44.989716 11.620769 96.311356 -0.994601 -0.103771 0.000000 0.755230 0.956008 1 22 1.000000
MarioHand_alb.png
 29 45.830864 11.972239 99.628647 -0.518803 0.783259 0.342563 0.710567 0.940383 1 22 1.000000
 29 47.102489 13.027592 96.311356 -0.076295 0.997085 0.000000 0.755230 0.924254 1 22 1.000000
 29 45.830864 12.701998 96.311356 -0.522245 0.852796 0.000000 0.755230 0.940383 1 22 1.000000
MarioHand_alb.png
 29 44.989716 11.620769 96.311356 -0.994601 -0.103771 0.000000 0.755230 0.956008 1 22 1.000000
 29 45.830864 12.701998 96.311356 -0.522245 0.852796 0.000000 0.755230 0.940383 1 22 1.000000
 29 45.830864 11.972238 92.994072 -0.518784 0.782943 -0.343313 0.799878 0.940383 1 22 1.000000
MarioHand_alb.png
 29 45.830864 12.701998 96.311356 -0.522245 0.852796 0.000000 0.755230 0.940383 1 22 1.000000
 29 47.102489 13.027592 96.311356 -0.076295 0.997085 0.000000 0.755230 0.924254 1 22 1.000000
 29 45.830864 11.972238 92.994072 -0.518784 0.782943 -0.343313 0.799878 0.940383 1 22 1.000000
MarioHand_alb.png
 29 44.989716 11.620769 96.311356 -0.994601 -0.103771 0.000000 0.755230 0.956008 1 22 1.000000
 29 45.830864 11.972238 92.994072 -0.518784 0.782943 -0.343313 0.799878 0.940383 1 22 1.000000
 29 44.991978 10.972115 93.362762 -0.993789 -0.103671 0.040438 0.799878 0.956008 1 22 1.000000
MarioHand_alb.png
 29 48.257694 12.150150 99.694565 0.234981 0.888712 0.393669 0.710567 0.908217 1 22 1.000000
 29 49.153870 11.830955 99.494179 -0.203318 0.898813 0.388325 0.710567 0.893233 1 22 1.000000
 29 48.257698 12.894416 96.311356 0.229273 0.973362 0.000000 0.755230 0.908217 1 22 1.000000
MarioHand_alb.png
 29 48.257694 12.150150 99.694565 0.234981 0.888712 0.393669 0.710567 0.908217 1 22 1.000000
 29 48.257698 12.894416 96.311356 0.229273 0.973362 0.000000 0.755230 0.908217 1 22 1.000000
 29 47.102489 13.027592 96.311356 -0.076295 0.997085 0.000000 0.755230 0.924254 1 22 1.000000
MarioHand_alb.png
 29 49.153870 11.830955 99.494179 -0.203318 0.898813 0.388325 0.710567 0.893233 1 22 1.000000
 29 49.153870 12.531140 96.311356 -0.187690 0.982226 0.002289 0.755230 0.893233 1 22 1.000000
 29 48.257698 12.894416 96.311356 0.229273 0.973362 0.000000 0.755230 0.908217 1 22 1.000000
MarioHand_alb.png
 29 49.153870 12.531140 96.311356 -0.187690 0.982226 0.002289 0.755230 0.893233 1 22 1.000000
 29 49.153870 11.828990 93.128517 -0.125119 0.922085 -0.366202 0.799878 0.893233 1 22 1.000000
 29 48.257698 12.894416 96.311356 0.229273 0.973362 0.000000 0.755230 0.908217 1 22 1.000000
MarioHand_alb.png
 29 49.153870 11.828990 93.128517 -0.125119 0.922085 -0.366202 0.799878 0.893233 1 22 1.000000
 29 48.257694 12.150149 92.928146 0.234992 0.889039 -0.392924 0.799878 0.908217 1 22 1.000000
 29 48.257698 12.894416 96.311356 0.229273 0.973362 0.000000 0.755230 0.908217 1 22 1.000000
MarioHand_alb.png
 29 48.257698 12.894416 96.311356 0.229273 0.973362 0.000000 0.755230 0.908217 1 22 1.000000
 29 48.257694 12.150149 92.928146 0.234992 0.889039 -0.392924 0.799878 0.908217 1 22 1.000000
 29 47.102489 13.027592 96.311356 -0.076295 0.997085 0.000000 0.755230 0.924254 1 22 1.000000
MarioHand_alb.png
 29 49.153870 11.828990 93.128517 -0.125119 0.922085 -0.366202 0.799878 0.893233 1 22 1.000000
 29 49.153870 9.933512 90.411804 -0.052646 0.667900 -0.742387 0.844251 0.893233 1 22 1.000000
 29 48.257694 12.150149 92.928146 0.234992 0.889039 -0.392924 0.799878 0.908217 1 22 1.000000
MarioHand_alb.png
 29 48.257694 12.150149 92.928146 0.234992 0.889039 -0.392924 0.799878 0.908217 1 22 1.000000
 29 47.105133 12.267389 92.855728 -0.076293 0.911415 -0.404353 0.799878 0.924254 1 22 1.000000
 29 47.102489 13.027592 96.311356 -0.076295 0.997085 0.000000 0.755230 0.924254 1 22 1.000000
MarioHand_alb.png
 29 45.830864 11.972238 92.994072 -0.518784 0.782943 -0.343313 0.799878 0.940383 1 22 1.000000
 29 47.102489 13.027592 96.311356 -0.076295 0.997085 0.000000 0.755230 0.924254 1 22 1.000000
 29 47.105133 12.267389 92.855728 -0.076293 0.911415 -0.404353 0.799878 0.924254 1 22 1.000000
MarioHand_alb.png
 29 49.153870 9.933512 90.411804 -0.052646 0.667900 -0.742387 0.844251 0.893233 1 22 1.000000
 29 48.257694 10.135345 90.040405 0.256351 0.659664 -0.706490 0.844251 0.908217 1 22 1.000000
 29 48.257694 12.150149 92.928146 0.234992 0.889039 -0.392924 0.799878 0.908217 1 22 1.000000
MarioHand_alb.png
 29 48.257694 12.150149 92.928146 0.234992 0.889039 -0.392924 0.799878 0.908217 1 22 1.000000
 29 48.257694 10.135345 90.040405 0.256351 0.659664 -0.706490 0.844251 0.908217 1 22 1.000000
 29 47.105133 12.267389 92.855728 -0.076293 0.911415 -0.404353 0.799878 0.924254 1 22 1.000000
MarioHand_alb.png
 29 49.153870 9.933512 90.411804 -0.052646 0.667900 -0.742387 0.844251 0.893233 1 22 1.000000
 29 49.153870 7.047823 88.627319 0.090013 0.279859 -0.955812 0.886946 0.893233 1 22 1.000000
 29 48.257694 10.135345 90.040405 0.256351 0.659664 -0.706490 0.844251 0.908217 1 22 1.000000
MarioHand_alb.png
 29 45.830864 11.972238 92.994072 -0.518784 0.782943 -0.343313 0.799878 0.940383 1 22 1.000000
 29 47.105133 12.267389 92.855728 -0.076293 0.911415 -0.404353 0.799878 0.924254 1 22 1.000000
 29 45.830864 9.996689 90.162590 -0.513023 0.591025 -0.622493 0.844251 0.940383 1 22 1.000000
MarioHand_alb.png
 29 45.830864 11.972238 92.994072 -0.518784 0.782943 -0.343313 0.799878 0.940383 1 22 1.000000
 29 45.830864 9.996689 90.162590 -0.513023 0.591025 -0.622493 0.844251 0.940383 1 22 1.000000
 29 44.991978 10.972115 93.362762 -0.993789 -0.103671 0.040438 0.799878 0.956008 1 22 1.000000
MarioHand_alb.png
 29 44.991978 10.972115 93.362762 -0.993789 -0.103671 0.040438 0.799878 0.956008 1 22 1.000000
 29 45.830864 9.996689 90.162590 -0.513023 0.591025 -0.622493 0.844251 0.940383 1 22 1.000000
 29 44.998104 9.216145 90.845993 -0.993510 -0.082220 0.078596 0.844251 0.956008 1 22 1.000000
MarioHand_alb.png
 29 47.105133 12.267389 92.855728 -0.076293 0.911415 -0.404353 0.799878 0.924254 1 22 1.000000
 29 48.257694 10.135345 90.040405 0.256351 0.659664 -0.706490 0.844251 0.908217 1 22 1.000000
 29 47.112320 10.209452 89.906151 -0.072478 0.681101 -0.728593 0.844251 0.924254 1 22 1.000000
MarioHand_alb.png
 29 45.830864 9.996689 90.162590 -0.513023 0.591025 -0.622493 0.844251 0.940383 1 22 1.000000
 29 47.105133 12.267389 92.855728 -0.076293 0.911415 -0.404353 0.799878 0.924254 1 22 1.000000
 29 47.112320 10.209452 89.906151 -0.072478 0.681101 -0.728593 0.844251 0.924254 1 22 1.000000
MarioHand_alb.png
 29 49.153870 7.047823 88.627319 0.090013 0.279859 -0.955812 0.886946 0.893233 1 22 1.000000
 29 48.257694 7.067995 88.143578 0.285736 0.344581 -0.894214 0.886946 0.908217 1 22 1.000000
 29 48.257694 10.135345 90.040405 0.256351 0.659664 -0.706490 0.844251 0.908217 1 22 1.000000
MarioHand_alb.png
 29 48.257694 7.067995 88.143578 0.285736 0.344581 -0.894214 0.886946 0.908217 1 22 1.000000
 29 47.112320 10.209452 89.906151 -0.072478 0.681101 -0.728593 0.844251 0.924254 1 22 1.000000
 29 48.257694 10.135345 90.040405 0.256351 0.659664 -0.706490 0.844251 0.908217 1 22 1.000000
MarioHand_alb.png
 29 49.153870 7.047823 88.627319 0.090013 0.279859 -0.955812 0.886946 0.893233 1 22 1.000000
 29 49.160374 3.667027 87.968140 0.133154 0.052818 -0.989687 0.930816 0.893233 1 22 1.000000
 29 48.257694 7.067995 88.143578 0.285736 0.344581 -0.894214 0.886946 0.908217 1 22 1.000000
MarioHand_alb.png
 29 48.257687 3.474372 87.442894 0.324907 -0.003909 -0.945738 0.930816 0.908217 1 22 1.000000
 29 48.257694 7.067995 88.143578 0.285736 0.344581 -0.894214 0.886946 0.908217 1 22 1.000000
 29 49.160374 3.667027 87.968140 0.133154 0.052818 -0.989687 0.930816 0.893233 1 22 1.000000
MarioHand_alb.png
 29 45.830864 9.996689 90.162590 -0.513023 0.591025 -0.622493 0.844251 0.940383 1 22 1.000000
 29 45.830864 6.989100 88.302719 -0.506332 0.316791 -0.802042 0.886946 0.940383 1 22 1.000000
 29 44.998104 9.216145 90.845993 -0.993510 -0.082220 0.078596 0.844251 0.956008 1 22 1.000000
MarioHand_alb.png
 29 45.830864 9.996689 90.162590 -0.513023 0.591025 -0.622493 0.844251 0.940383 1 22 1.000000
 29 47.112320 10.209452 89.906151 -0.072478 0.681101 -0.728593 0.844251 0.924254 1 22 1.000000
 29 45.830864 6.989100 88.302719 -0.506332 0.316791 -0.802042 0.886946 0.940383 1 22 1.000000
MarioHand_alb.png
 29 44.998104 9.216145 90.845993 -0.993510 -0.082220 0.078596 0.844251 0.956008 1 22 1.000000
 29 45.830864 6.989100 88.302719 -0.506332 0.316791 -0.802042 0.886946 0.940383 1 22 1.000000
 29 45.007439 6.542838 89.192825 -0.992211 -0.050927 0.113679 0.886946 0.956008 1 22 1.000000
MarioHand_alb.png
 29 47.123253 7.076427 87.968712 -0.070209 0.358106 -0.931037 0.886946 0.924254 1 22 1.000000
 29 47.112320 10.209452 89.906151 -0.072478 0.681101 -0.728593 0.844251 0.924254 1 22 1.000000
 29 48.257694 7.067995 88.143578 0.285736 0.344581 -0.894214 0.886946 0.908217 1 22 1.000000
MarioHand_alb.png
 29 47.123253 7.076427 87.968712 -0.070209 0.358106 -0.931037 0.886946 0.924254 1 22 1.000000
 29 48.257694 7.067995 88.143578 0.285736 0.344581 -0.894214 0.886946 0.908217 1 22 1.000000
 29 48.257687 3.474372 87.442894 0.324907 -0.003909 -0.945738 0.930816 0.908217 1 22 1.000000
MarioHand_alb.png
 29 45.830864 6.989100 88.302719 -0.506332 0.316791 -0.802042 0.886946 0.940383 1 22 1.000000
 29 47.112320 10.209452 89.906151 -0.072478 0.681101 -0.728593 0.844251 0.924254 1 22 1.000000
 29 47.123253 7.076427 87.968712 -0.070209 0.358106 -0.931037 0.886946 0.924254 1 22 1.000000
MarioHand_alb.png
 29 47.136063 3.405865 87.253021 -0.068644 -0.005816 -0.997624 0.930816 0.924254 1 22 1.000000
 29 47.123253 7.076427 87.968712 -0.070209 0.358106 -0.931037 0.886946 0.924254 1 22 1.000000
 29 48.257687 3.474372 87.442894 0.324907 -0.003909 -0.945738 0.930816 0.908217 1 22 1.000000
MarioHand_alb.png
 29 45.830860 3.465494 87.615677 -0.505148 0.003911 -0.863024 0.930816 0.940383 1 22 1.000000
 29 47.123253 7.076427 87.968712 -0.070209 0.358106 -0.931037 0.886946 0.924254 1 22 1.000000
 29 47.136063 3.405865 87.253021 -0.068644 -0.005816 -0.997624 0.930816 0.924254 1 22 1.000000
MarioHand_alb.png
 29 45.830864 6.989100 88.302719 -0.506332 0.316791 -0.802042 0.886946 0.940383 1 22 1.000000
 29 47.123253 7.076427 87.968712 -0.070209 0.358106 -0.931037 0.886946 0.924254 1 22 1.000000
 29 45.830860 3.465494 87.615677 -0.505148 0.003911 -0.863024 0.930816 0.940383 1 22 1.000000
MarioHand_alb.png
 29 45.830864 6.989100 88.302719 -0.506332 0.316791 -0.802042 0.886946 0.940383 1 22 1.000000
 29 45.830860 3.465494 87.615677 -0.505148 0.003911 -0.863024 0.930816 0.940383 1 22 1.000000
 29 45.007439 6.542838 89.192825 -0.992211 -0.050927 0.113679 0.886946 0.956008 1 22 1.000000
MarioHand_alb.png
 29 45.007439 6.542838 89.192825 -0.992211 -0.050927 0.113679 0.886946 0.956008 1 22 1.000000
 29 45.830860 3.465494 87.615677 -0.505148 0.003911 -0.863024 0.930816 0.940383 1 22 1.000000
 29 45.018372 3.410859 88.582153 -0.992323 -0.003911 0.123611 0.930816 0.956008 1 22 1.000000
MarioHand_alb.png
 29 60.233948 9.442625 105.190674 0.328812 0.710169 0.622530 0.073045 0.920958 1 22 1.000000
 29 59.581917 9.085223 105.977348 0.283370 0.320460 0.903885 0.064149 0.912490 1 22 1.000000
 29 60.578278 8.872711 105.413612 0.494798 0.293560 0.817923 0.077577 0.912490 1 22 1.000000
MarioHand_alb.png
 29 59.581917 9.085223 105.977348 0.283370 0.320460 0.903885 0.064149 0.912490 1 22 1.000000
 29 60.227821 8.297356 105.613190 0.315042 -0.152563 0.936735 0.073045 0.904021 1 22 1.000000
 29 60.578278 8.872711 105.413612 0.494798 0.293560 0.817923 0.077577 0.912490 1 22 1.000000
MarioHand_alb.png
 29 59.581917 9.085223 105.977348 0.283370 0.320460 0.903885 0.064149 0.912490 1 22 1.000000
 29 58.097836 8.378485 106.178528 -0.060664 -0.276230 0.959175 0.043687 0.902281 1 22 1.000000
 29 59.188789 7.835011 105.740517 0.196064 -0.299341 0.933785 0.060639 0.897826 1 22 1.000000
MarioHand_alb.png
 29 59.581917 9.085223 105.977348 0.283370 0.320460 0.903885 0.064149 0.912490 1 22 1.000000
 29 59.193581 9.887636 105.002914 0.205227 0.822147 0.530996 0.060639 0.927169 1 22 1.000000
 29 58.105400 9.768345 105.667931 -0.046539 0.826156 0.561516 0.043687 0.922713 1 22 1.000000
MarioHand_alb.png
 29 59.581917 9.085223 105.977348 0.283370 0.320460 0.903885 0.064149 0.912490 1 22 1.000000
 29 58.088375 9.196757 106.258774 -0.062962 0.341042 0.937937 0.043687 0.912490 1 22 1.000000
 29 58.097836 8.378485 106.178528 -0.060664 -0.276230 0.959175 0.043687 0.902281 1 22 1.000000
MarioHand_alb.png
 29 59.581917 9.085223 105.977348 0.283370 0.320460 0.903885 0.064149 0.912490 1 22 1.000000
 29 58.105400 9.768345 105.667931 -0.046539 0.826156 0.561516 0.043687 0.922713 1 22 1.000000
 29 58.088375 9.196757 106.258774 -0.062962 0.341042 0.937937 0.043687 0.912490 1 22 1.000000
MarioHand_alb.png
 29 58.097836 8.378485 106.178528 -0.060664 -0.276230 0.959175 0.043687 0.902281 1 22 1.000000
 29 58.088375 9.196757 106.258774 -0.062962 0.341042 0.937937 0.043687 0.912490 1 22 1.000000
 29 56.621323 9.061601 105.869118 -0.402886 0.311225 0.860710 0.023239 0.912490 1 22 1.000000
MarioHand_alb.png
 29 58.105400 9.768345 105.667931 -0.046539 0.826156 0.561516 0.043687 0.922713 1 22 1.000000
 29 56.621323 9.061601 105.869118 -0.402886 0.311225 0.860710 0.023239 0.912490 1 22 1.000000
 29 58.088375 9.196757 106.258774 -0.062962 0.341042 0.937937 0.043687 0.912490 1 22 1.000000
MarioHand_alb.png
 29 58.097836 8.378485 106.178528 -0.060664 -0.276230 0.959175 0.043687 0.902281 1 22 1.000000
 29 56.621323 9.061601 105.869118 -0.402886 0.311225 0.860710 0.023239 0.912490 1 22 1.000000
 29 57.057014 7.818653 105.644974 -0.305187 -0.316917 0.898011 0.026749 0.897826 1 22 1.000000
MarioHand_alb.png
 29 58.105400 9.768345 105.667931 -0.046539 0.826156 0.561516 0.043687 0.922713 1 22 1.000000
 29 57.061813 9.871284 104.907379 -0.291809 0.819734 0.492832 0.026749 0.927169 1 22 1.000000
 29 56.621323 9.061601 105.869118 -0.402886 0.311225 0.860710 0.023239 0.912490 1 22 1.000000
MarioHand_alb.png
 29 56.621323 9.061601 105.869118 -0.402886 0.311225 0.860710 0.023239 0.912490 1 22 1.000000
 29 55.672310 8.833571 105.234245 -0.600412 0.279703 0.749180 0.009812 0.912490 1 22 1.000000
 29 56.016651 8.263659 105.457199 -0.418575 -0.170177 0.892096 0.014343 0.904021 1 22 1.000000
MarioHand_alb.png
 29 56.621323 9.061601 105.869118 -0.402886 0.311225 0.860710 0.023239 0.912490 1 22 1.000000
 29 56.022778 9.408927 105.034691 -0.418478 0.704680 0.572976 0.014343 0.920958 1 22 1.000000
 29 55.672310 8.833571 105.234245 -0.600412 0.279703 0.749180 0.009812 0.912490 1 22 1.000000
MarioHand_alb.png
 29 62.400604 13.063839 97.551010 0.232693 0.856862 -0.460045 0.929747 0.237446 1 22 1.000000
 29 63.127129 14.584089 99.810425 -0.092313 0.995701 0.007629 0.966781 0.245304 1 22 1.000000
 29 64.308212 15.016676 98.812302 -0.430301 0.898559 -0.086213 0.962692 0.270115 1 22 1.000000
MarioHand_alb.png
 29 63.370670 13.394101 96.818558 -0.652315 0.513269 -0.557710 0.926528 0.261326 1 22 1.000000
 29 62.400604 13.063839 97.551010 0.232693 0.856862 -0.460045 0.929747 0.237446 1 22 1.000000
 29 64.308212 15.016676 98.812302 -0.430301 0.898559 -0.086213 0.962692 0.270115 1 22 1.000000
MarioHand_alb.png
 29 63.290943 11.086721 96.826714 0.865649 0.332964 -0.373881 0.899718 0.235935 1 22 1.000000
 29 62.400604 13.063839 97.551010 0.232693 0.856862 -0.460045 0.929747 0.237446 1 22 1.000000
 29 63.370670 13.394101 96.818558 -0.652315 0.513269 -0.557710 0.926528 0.261326 1 22 1.000000
MarioHand_alb.png
 29 63.370670 13.394101 96.818558 -0.652315 0.513269 -0.557710 0.926528 0.261326 1 22 1.000000
 29 64.308212 15.016676 98.812302 -0.430301 0.898559 -0.086213 0.962692 0.270115 1 22 1.000000
 29 64.813873 14.066478 95.776726 -0.601235 0.528942 -0.598946 0.924163 0.288533 1 22 1.000000
MarioHand_alb.png
 29 65.779236 15.585098 97.760468 -0.436394 0.892052 -0.117491 0.958877 0.297200 1 22 1.000000
 29 64.813873 14.066478 95.776726 -0.601235 0.528942 -0.598946 0.924163 0.288533 1 22 1.000000
 29 64.308212 15.016676 98.812302 -0.430301 0.898559 -0.086213 0.962692 0.270115 1 22 1.000000
MarioHand_alb.png
 29 63.779732 11.289118 96.198929 -0.541324 -0.296985 -0.786618 0.895689 0.256504 1 22 1.000000
 29 63.290943 11.086721 96.826714 0.865649 0.332964 -0.373881 0.899718 0.235935 1 22 1.000000
 29 63.370670 13.394101 96.818558 -0.652315 0.513269 -0.557710 0.926528 0.261326 1 22 1.000000
MarioHand_alb.png
 29 66.279083 14.700390 95.017792 -0.592770 0.557390 -0.581326 0.921157 0.317021 1 22 1.000000
 29 64.813873 14.066478 95.776726 -0.601235 0.528942 -0.598946 0.924163 0.288533 1 22 1.000000
 29 65.779236 15.585098 97.760468 -0.436394 0.892052 -0.117491 0.958877 0.297200 1 22 1.000000
MarioHand_alb.png
 29 67.385704 16.224466 96.853279 -0.415028 0.906540 -0.077055 0.954803 0.327001 1 22 1.000000
 29 66.279083 14.700390 95.017792 -0.592770 0.557390 -0.581326 0.921157 0.317021 1 22 1.000000
 29 65.779236 15.585098 97.760468 -0.436394 0.892052 -0.117491 0.958877 0.297200 1 22 1.000000
MarioHand_alb.png
 29 65.066528 11.885829 95.132675 -0.445611 -0.285469 -0.848492 0.894499 0.281544 1 22 1.000000
 29 63.370670 13.394101 96.818558 -0.652315 0.513269 -0.557710 0.926528 0.261326 1 22 1.000000
 29 64.813873 14.066478 95.776726 -0.601235 0.528942 -0.598946 0.924163 0.288533 1 22 1.000000
MarioHand_alb.png
 29 63.779732 11.289118 96.198929 -0.541324 -0.296985 -0.786618 0.895689 0.256504 1 22 1.000000
 29 63.370670 13.394101 96.818558 -0.652315 0.513269 -0.557710 0.926528 0.261326 1 22 1.000000
 29 65.066528 11.885829 95.132675 -0.445611 -0.285469 -0.848492 0.894499 0.281544 1 22 1.000000
MarioHand_alb.png
 29 65.066528 11.885829 95.132675 -0.445611 -0.285469 -0.848492 0.894499 0.281544 1 22 1.000000
 29 64.813873 14.066478 95.776726 -0.601235 0.528942 -0.598946 0.924163 0.288533 1 22 1.000000
 29 66.497444 12.425086 94.406281 -0.447800 -0.277968 -0.849829 0.891188 0.309285 1 22 1.000000
MarioHand_alb.png
 29 66.497444 12.425086 94.406281 -0.447800 -0.277968 -0.849829 0.891188 0.309285 1 22 1.000000
 29 64.813873 14.066478 95.776726 -0.601235 0.528942 -0.598946 0.924163 0.288533 1 22 1.000000
 29 66.279083 14.700390 95.017792 -0.592770 0.557390 -0.581326 0.921157 0.317021 1 22 1.000000
MarioHand_alb.png
 29 66.625984 9.950962 96.340912 -0.070189 -0.816040 -0.573717 0.857832 0.276448 1 22 1.000000
 29 63.779732 11.289118 96.198929 -0.541324 -0.296985 -0.786618 0.895689 0.256504 1 22 1.000000
 29 65.066528 11.885829 95.132675 -0.445611 -0.285469 -0.848492 0.894499 0.281544 1 22 1.000000
MarioHand_alb.png
 29 66.625984 9.950962 96.340912 -0.070189 -0.816040 -0.573717 0.857832 0.276448 1 22 1.000000
 29 65.066528 11.885829 95.132675 -0.445611 -0.285469 -0.848492 0.894499 0.281544 1 22 1.000000
 29 66.497444 12.425086 94.406281 -0.447800 -0.277968 -0.849829 0.891188 0.309285 1 22 1.000000
MarioHand_alb.png
 29 65.432411 9.494233 97.246155 -0.112156 -0.836500 -0.536367 0.858351 0.254963 1 22 1.000000
 29 63.290943 11.086721 96.826714 0.865649 0.332964 -0.373881 0.899718 0.235935 1 22 1.000000
 29 63.779732 11.289118 96.198929 -0.541324 -0.296985 -0.786618 0.895689 0.256504 1 22 1.000000
MarioHand_alb.png
 29 66.625984 9.950962 96.340912 -0.070189 -0.816040 -0.573717 0.857832 0.276448 1 22 1.000000
 29 65.432411 9.494233 97.246155 -0.112156 -0.836500 -0.536367 0.858351 0.254963 1 22 1.000000
 29 63.779732 11.289118 96.198929 -0.541324 -0.296985 -0.786618 0.895689 0.256504 1 22 1.000000
MarioHand_alb.png
 29 65.432411 9.494233 97.246155 -0.112156 -0.836500 -0.536367 0.858351 0.254963 1 22 1.000000
 29 64.148041 9.032111 98.299492 0.640306 0.262247 -0.721966 0.856977 0.232593 1 22 1.000000
 29 63.290943 11.086721 96.826714 0.865649 0.332964 -0.373881 0.899718 0.235935 1 22 1.000000
MarioHand_alb.png
 29 67.124352 9.016507 99.174713 0.152590 -0.988214 0.012207 0.822416 0.255192 1 22 1.000000
 29 64.148041 9.032111 98.299492 0.640306 0.262247 -0.721966 0.856977 0.232593 1 22 1.000000
 29 65.432411 9.494233 97.246155 -0.112156 -0.836500 -0.536367 0.858351 0.254963 1 22 1.000000
MarioHand_alb.png
 29 67.124352 9.016507 99.174713 0.152590 -0.988214 0.012207 0.822416 0.255192 1 22 1.000000
 29 65.432411 9.494233 97.246155 -0.112156 -0.836500 -0.536367 0.858351 0.254963 1 22 1.000000
 29 66.625984 9.950962 96.340912 -0.070189 -0.816040 -0.573717 0.857832 0.276448 1 22 1.000000
MarioHand_alb.png
 29 67.124352 9.016507 99.174713 0.152590 -0.988214 0.012207 0.822416 0.255192 1 22 1.000000
 29 65.199875 9.730675 100.730164 -0.727701 -0.559029 0.397413 0.813535 0.228641 1 22 1.000000
 29 64.148041 9.032111 98.299492 0.640306 0.262247 -0.721966 0.856977 0.232593 1 22 1.000000
MarioHand_alb.png
 29 66.136871 10.145159 103.293793 0.346326 0.293595 0.890988 0.771618 0.235294 1 22 1.000000
 29 65.199875 9.730675 100.730164 -0.727701 -0.559029 0.397413 0.813535 0.228641 1 22 1.000000
 29 67.124352 9.016507 99.174713 0.152590 -0.988214 0.012207 0.822416 0.255192 1 22 1.000000
MarioHand_alb.png
 29 66.625984 9.950962 96.340912 -0.070189 -0.816040 -0.573717 0.857832 0.276448 1 22 1.000000
 29 66.497444 12.425086 94.406281 -0.447800 -0.277968 -0.849829 0.891188 0.309285 1 22 1.000000
 29 68.045319 10.517600 95.442802 -0.076295 -0.833623 -0.547038 0.857145 0.303471 1 22 1.000000
MarioHand_alb.png
 29 67.124352 9.016507 99.174713 0.152590 -0.988214 0.012207 0.822416 0.255192 1 22 1.000000
 29 66.625984 9.950962 96.340912 -0.070189 -0.816040 -0.573717 0.857832 0.276448 1 22 1.000000
 29 68.345840 9.437158 98.285057 0.282284 -0.950419 -0.130461 0.822080 0.276143 1 22 1.000000
MarioHand_alb.png
 29 68.345840 9.437158 98.285057 0.282284 -0.950419 -0.130461 0.822080 0.276143 1 22 1.000000
 29 66.625984 9.950962 96.340912 -0.070189 -0.816040 -0.573717 0.857832 0.276448 1 22 1.000000
 29 68.045319 10.517600 95.442802 -0.076295 -0.833623 -0.547038 0.857145 0.303471 1 22 1.000000
MarioHand_alb.png
 29 67.872345 9.649210 100.985733 0.506563 -0.762324 0.402809 0.794736 0.255497 1 22 1.000000
 29 66.136871 10.145159 103.293793 0.346326 0.293595 0.890988 0.771618 0.235294 1 22 1.000000
 29 67.124352 9.016507 99.174713 0.152590 -0.988214 0.012207 0.822416 0.255192 1 22 1.000000
MarioHand_alb.png
 29 69.149864 10.229153 99.741089 0.598937 -0.692974 0.401326 0.796918 0.276814 1 22 1.000000
 29 67.124352 9.016507 99.174713 0.152590 -0.988214 0.012207 0.822416 0.255192 1 22 1.000000
 29 68.345840 9.437158 98.285057 0.282284 -0.950419 -0.130461 0.822080 0.276143 1 22 1.000000
MarioHand_alb.png
 29 67.872345 9.649210 100.985733 0.506563 -0.762324 0.402809 0.794736 0.255497 1 22 1.000000
 29 67.124352 9.016507 99.174713 0.152590 -0.988214 0.012207 0.822416 0.255192 1 22 1.000000
 29 69.149864 10.229153 99.741089 0.598937 -0.692974 0.401326 0.796918 0.276814 1 22 1.000000
MarioHand_alb.png
 29 67.998230 11.134786 102.042374 0.674661 -0.121347 0.728085 0.769512 0.255802 1 22 1.000000
 29 66.136871 10.145159 103.293793 0.346326 0.293595 0.890988 0.771618 0.235294 1 22 1.000000
 29 67.872345 9.649210 100.985733 0.506563 -0.762324 0.402809 0.794736 0.255497 1 22 1.000000
MarioHand_alb.png
 29 67.998230 11.134786 102.042374 0.674661 -0.121347 0.728085 0.769512 0.255802 1 22 1.000000
 29 65.899719 12.453089 102.977043 0.311238 0.420801 0.852090 0.738369 0.236393 1 22 1.000000
 29 66.136871 10.145159 103.293793 0.346326 0.293595 0.890988 0.771618 0.235294 1 22 1.000000
MarioHand_alb.png
 29 69.316452 11.741306 100.705811 0.661467 -0.146770 0.735472 0.772381 0.279042 1 22 1.000000
 29 67.998230 11.134786 102.042374 0.674661 -0.121347 0.728085 0.769512 0.255802 1 22 1.000000
 29 67.872345 9.649210 100.985733 0.506563 -0.762324 0.402809 0.794736 0.255497 1 22 1.000000
MarioHand_alb.png
 29 69.316452 11.741306 100.705811 0.661467 -0.146770 0.735472 0.772381 0.279042 1 22 1.000000
 29 67.872345 9.649210 100.985733 0.506563 -0.762324 0.402809 0.794736 0.255497 1 22 1.000000
 29 69.149864 10.229153 99.741089 0.598937 -0.692974 0.401326 0.796918 0.276814 1 22 1.000000
MarioHand_alb.png
 29 67.283020 12.851461 102.077042 0.500505 0.369752 0.782802 0.743694 0.259678 1 22 1.000000
 29 65.899719 12.453089 102.977043 0.311238 0.420801 0.852090 0.738369 0.236393 1 22 1.000000
 29 67.998230 11.134786 102.042374 0.674661 -0.121347 0.728085 0.769512 0.255802 1 22 1.000000
MarioHand_alb.png
 29 69.316452 11.741306 100.705811 0.661467 -0.146770 0.735472 0.772381 0.279042 1 22 1.000000
 29 67.283020 12.851461 102.077042 0.500505 0.369752 0.782802 0.743694 0.259678 1 22 1.000000
 29 67.998230 11.134786 102.042374 0.674661 -0.121347 0.728085 0.769512 0.255802 1 22 1.000000
MarioHand_alb.png
 29 66.468475 14.078789 101.554031 0.202955 0.717019 0.666853 0.722560 0.264103 1 22 1.000000
 29 65.899719 12.453089 102.977043 0.311238 0.420801 0.852090 0.738369 0.236393 1 22 1.000000
 29 67.283020 12.851461 102.077042 0.500505 0.369752 0.782802 0.743694 0.259678 1 22 1.000000
MarioHand_alb.png
 29 66.468475 14.078789 101.554031 0.202955 0.717019 0.666853 0.722560 0.264103 1 22 1.000000
 29 64.375809 14.100267 101.810501 0.036623 0.859590 0.509670 0.703426 0.242115 1 22 1.000000
 29 65.899719 12.453089 102.977043 0.311238 0.420801 0.852090 0.738369 0.236393 1 22 1.000000
MarioHand_alb.png
 29 68.757545 13.433083 100.797104 0.489096 0.346602 0.800408 0.748653 0.283925 1 22 1.000000
 29 67.283020 12.851461 102.077042 0.500505 0.369752 0.782802 0.743694 0.259678 1 22 1.000000
 29 69.316452 11.741306 100.705811 0.661467 -0.146770 0.735472 0.772381 0.279042 1 22 1.000000
MarioHand_alb.png
 29 68.757545 13.433083 100.797104 0.489096 0.346602 0.800408 0.748653 0.283925 1 22 1.000000
 29 66.468475 14.078789 101.554031 0.202955 0.717019 0.666853 0.722560 0.264103 1 22 1.000000
 29 67.283020 12.851461 102.077042 0.500505 0.369752 0.782802 0.743694 0.259678 1 22 1.000000
MarioHand_alb.png
 29 65.413742 14.855677 100.337631 -0.099186 0.924620 0.367750 0.698543 0.269673 1 22 1.000000
 29 64.375809 14.100267 101.810501 0.036623 0.859590 0.509670 0.703426 0.242115 1 22 1.000000
 29 66.468475 14.078789 101.554031 0.202955 0.717019 0.666853 0.722560 0.264103 1 22 1.000000
MarioHand_alb.png
 29 65.413742 14.855677 100.337631 -0.099186 0.924620 0.367750 0.698543 0.269673 1 22 1.000000
 29 63.127129 14.584089 99.810425 -0.092313 0.995701 0.007629 0.669795 0.249866 1 22 1.000000
 29 64.375809 14.100267 101.810501 0.036623 0.859590 0.509670 0.703426 0.242115 1 22 1.000000
MarioHand_alb.png
 29 64.308212 15.016676 98.812302 -0.430301 0.898559 -0.086213 0.676936 0.274189 1 22 1.000000
 29 63.127129 14.584089 99.810425 -0.092313 0.995701 0.007629 0.669795 0.249866 1 22 1.000000
 29 65.413742 14.855677 100.337631 -0.099186 0.924620 0.367750 0.698543 0.269673 1 22 1.000000
MarioHand_alb.png
 29 67.915222 14.792453 100.270706 0.197590 0.721413 0.663719 0.726696 0.290105 1 22 1.000000
 29 65.413742 14.855677 100.337631 -0.099186 0.924620 0.367750 0.698543 0.269673 1 22 1.000000
 29 66.468475 14.078789 101.554031 0.202955 0.717019 0.666853 0.722560 0.264103 1 22 1.000000
MarioHand_alb.png
 29 67.915222 14.792453 100.270706 0.197590 0.721413 0.663719 0.726696 0.290105 1 22 1.000000
 29 66.468475 14.078789 101.554031 0.202955 0.717019 0.666853 0.722560 0.264103 1 22 1.000000
 29 68.757545 13.433083 100.797104 0.489096 0.346602 0.800408 0.748653 0.283925 1 22 1.000000
MarioHand_alb.png
 29 66.821075 15.505443 99.129166 -0.101476 0.917194 0.385303 0.704234 0.296056 1 22 1.000000
 29 64.308212 15.016676 98.812302 -0.430301 0.898559 -0.086213 0.676936 0.274189 1 22 1.000000
 29 65.413742 14.855677 100.337631 -0.099186 0.924620 0.367750 0.698543 0.269673 1 22 1.000000
MarioHand_alb.png
 29 66.821075 15.505443 99.129166 -0.101476 0.917194 0.385303 0.704234 0.296056 1 22 1.000000
 29 65.413742 14.855677 100.337631 -0.099186 0.924620 0.367750 0.698543 0.269673 1 22 1.000000
 29 67.915222 14.792453 100.270706 0.197590 0.721413 0.663719 0.726696 0.290105 1 22 1.000000
MarioHand_alb.png
 29 66.821075 15.505443 99.129166 -0.101476 0.917194 0.385303 0.704234 0.296056 1 22 1.000000
 29 65.779236 15.585098 97.760468 -0.436394 0.892052 -0.117491 0.682094 0.301030 1 22 1.000000
 29 64.308212 15.016676 98.812302 -0.430301 0.898559 -0.086213 0.676936 0.274189 1 22 1.000000
MarioHand_alb.png
 29 67.385704 16.224466 96.853279 -0.415028 0.906540 -0.077055 0.688640 0.329915 1 22 1.000000
 29 65.779236 15.585098 97.760468 -0.436394 0.892052 -0.117491 0.682094 0.301030 1 22 1.000000
 29 66.821075 15.505443 99.129166 -0.101476 0.917194 0.385303 0.704234 0.296056 1 22 1.000000
MarioHand_alb.png
 29 67.385704 16.224466 96.853279 -0.415028 0.906540 -0.077055 0.688640 0.329915 1 22 1.000000
 29 66.821075 15.505443 99.129166 -0.101476 0.917194 0.385303 0.704234 0.296056 1 22 1.000000
 29 68.536797 16.160246 98.139755 -0.060274 0.910221 0.409714 0.710582 0.324132 1 22 1.000000
MarioHand_alb.png
 29 68.536797 16.160246 98.139755 -0.060274 0.910221 0.409714 0.710582 0.324132 1 22 1.000000
 29 66.821075 15.505443 99.129166 -0.101476 0.917194 0.385303 0.704234 0.296056 1 22 1.000000
 29 67.915222 14.792453 100.270706 0.197590 0.721413 0.663719 0.726696 0.290105 1 22 1.000000
MarioHand_alb.png
 29 68.747849 16.770683 95.780571 -0.407405 0.910367 -0.072478 0.697047 0.358618 1 22 1.000000
 29 67.385704 16.224466 96.853279 -0.415028 0.906540 -0.077055 0.688640 0.329915 1 22 1.000000
 29 68.536797 16.160246 98.139755 -0.060274 0.910221 0.409714 0.710582 0.324132 1 22 1.000000
MarioHand_alb.png
 29 68.536797 16.160246 98.139755 -0.060274 0.910221 0.409714 0.710582 0.324132 1 22 1.000000
 29 67.915222 14.792453 100.270706 0.197590 0.721413 0.663719 0.726696 0.290105 1 22 1.000000
 29 69.690430 15.384931 99.162872 0.252557 0.685470 0.682895 0.732525 0.317418 1 22 1.000000
MarioHand_alb.png
 29 69.690430 15.384931 99.162872 0.252557 0.685470 0.682895 0.732525 0.317418 1 22 1.000000
 29 67.915222 14.792453 100.270706 0.197590 0.721413 0.663719 0.726696 0.290105 1 22 1.000000
 29 68.757545 13.433083 100.797104 0.489096 0.346602 0.800408 0.748653 0.283925 1 22 1.000000
MarioHand_alb.png
 29 68.747849 16.770683 95.780571 -0.407405 0.910367 -0.072478 0.697047 0.358618 1 22 1.000000
 29 68.536797 16.160246 98.139755 -0.060274 0.910221 0.409714 0.710582 0.324132 1 22 1.000000
 29 70.046944 16.753187 96.956146 0.011443 0.925574 0.378393 0.718334 0.351095 1 22 1.000000
MarioHand_alb.png
 29 68.536797 16.160246 98.139755 -0.060274 0.910221 0.409714 0.710582 0.324132 1 22 1.000000
 29 69.690430 15.384931 99.162872 0.252557 0.685470 0.682895 0.732525 0.317418 1 22 1.000000
 29 70.046944 16.753187 96.956146 0.011443 0.925574 0.378393 0.718334 0.351095 1 22 1.000000
MarioHand_alb.png
 29 69.648743 17.062881 94.794609 -0.361640 0.920123 -0.150302 0.705592 0.379049 1 22 1.000000
 29 68.747849 16.770683 95.780571 -0.407405 0.910367 -0.072478 0.697047 0.358618 1 22 1.000000
 29 70.046944 16.753187 96.956146 0.011443 0.925574 0.378393 0.718334 0.351095 1 22 1.000000
MarioHand_alb.png
 29 69.690430 15.384931 99.162872 0.252557 0.685470 0.682895 0.732525 0.317418 1 22 1.000000
 29 68.757545 13.433083 100.797104 0.489096 0.346602 0.800408 0.748653 0.283925 1 22 1.000000
 29 70.528664 14.019681 99.595673 0.516397 0.303107 0.800912 0.753567 0.311208 1 22 1.000000
MarioHand_alb.png
 29 70.528664 14.019681 99.595673 0.516397 0.303107 0.800912 0.753567 0.311208 1 22 1.000000
 29 68.757545 13.433083 100.797104 0.489096 0.346602 0.800408 0.748653 0.283925 1 22 1.000000
 29 69.316452 11.741306 100.705811 0.661467 -0.146770 0.735472 0.772381 0.279042 1 22 1.000000
MarioHand_alb.png
 29 71.314293 15.940916 97.866699 0.360122 0.689249 0.628688 0.739742 0.343679 1 22 1.000000
 29 70.046944 16.753187 96.956146 0.011443 0.925574 0.378393 0.718334 0.351095 1 22 1.000000
 29 69.690430 15.384931 99.162872 0.252557 0.685470 0.682895 0.732525 0.317418 1 22 1.000000
MarioHand_alb.png
 29 71.314293 15.940916 97.866699 0.360122 0.689249 0.628688 0.739742 0.343679 1 22 1.000000
 29 69.690430 15.384931 99.162872 0.252557 0.685470 0.682895 0.732525 0.317418 1 22 1.000000
 29 70.528664 14.019681 99.595673 0.516397 0.303107 0.800912 0.753567 0.311208 1 22 1.000000
MarioHand_alb.png
 29 70.982254 17.076321 95.893723 0.109857 0.959917 0.257860 0.725582 0.370108 1 22 1.000000
 29 69.648743 17.062881 94.794609 -0.361640 0.920123 -0.150302 0.705592 0.379049 1 22 1.000000
 29 70.046944 16.753187 96.956146 0.011443 0.925574 0.378393 0.718334 0.351095 1 22 1.000000
MarioHand_alb.png
 29 72.283310 16.266727 96.748947 0.492888 0.714916 0.495940 0.746166 0.362524 1 22 1.000000
 29 70.046944 16.753187 96.956146 0.011443 0.925574 0.378393 0.718334 0.351095 1 22 1.000000
 29 71.314293 15.940916 97.866699 0.360122 0.689249 0.628688 0.739742 0.343679 1 22 1.000000
MarioHand_alb.png
 29 70.982254 17.076321 95.893723 0.109857 0.959917 0.257860 0.725582 0.370108 1 22 1.000000
 29 70.046944 16.753187 96.956146 0.011443 0.925574 0.378393 0.718334 0.351095 1 22 1.000000
 29 72.283310 16.266727 96.748947 0.492888 0.714916 0.495940 0.746166 0.362524 1 22 1.000000
MarioHand_alb.png
 29 71.847198 17.155392 94.727257 0.258614 0.965035 0.042721 0.735424 0.387945 1 22 1.000000
 29 69.648743 17.062881 94.794609 -0.361640 0.920123 -0.150302 0.705592 0.379049 1 22 1.000000
 29 70.982254 17.076321 95.893723 0.109857 0.959917 0.257860 0.725582 0.370108 1 22 1.000000
MarioHand_alb.png
 29 71.847198 17.155392 94.727257 0.258614 0.965035 0.042721 0.735424 0.387945 1 22 1.000000
 29 70.560631 17.134111 93.719910 -0.209819 0.919961 -0.331132 0.717464 0.398520 1 22 1.000000
 29 69.648743 17.062881 94.794609 -0.361640 0.920123 -0.150302 0.705592 0.379049 1 22 1.000000
MarioHand_alb.png
 29 73.053238 16.391396 95.487312 0.637819 0.722696 0.266266 0.754299 0.380926 1 22 1.000000
 29 70.982254 17.076321 95.893723 0.109857 0.959917 0.257860 0.725582 0.370108 1 22 1.000000
 29 72.283310 16.266727 96.748947 0.492888 0.714916 0.495940 0.746166 0.362524 1 22 1.000000
MarioHand_alb.png
 29 71.847198 17.155392 94.727257 0.258614 0.965035 0.042721 0.735424 0.387945 1 22 1.000000
 29 70.982254 17.076321 95.893723 0.109857 0.959917 0.257860 0.725582 0.370108 1 22 1.000000
 29 73.053238 16.391396 95.487312 0.637819 0.722696 0.266266 0.754299 0.380926 1 22 1.000000
MarioHand_alb.png
 29 73.082207 14.857888 97.027260 0.768927 0.291399 0.569067 0.764981 0.356756 1 22 1.000000
 29 72.283310 16.266727 96.748947 0.492888 0.714916 0.495940 0.746166 0.362524 1 22 1.000000
 29 71.314293 15.940916 97.866699 0.360122 0.689249 0.628688 0.739742 0.343679 1 22 1.000000
MarioHand_alb.png
 29 73.082207 14.857888 97.027260 0.768927 0.291399 0.569067 0.764981 0.356756 1 22 1.000000
 29 73.053238 16.391396 95.487312 0.637819 0.722696 0.266266 0.754299 0.380926 1 22 1.000000
 29 72.283310 16.266727 96.748947 0.492888 0.714916 0.495940 0.746166 0.362524 1 22 1.000000
MarioHand_alb.png
 29 72.549507 16.701674 93.521744 0.478394 0.809531 -0.340293 0.746731 0.404288 1 22 1.000000
 29 70.560631 17.134111 93.719910 -0.209819 0.919961 -0.331132 0.717464 0.398520 1 22 1.000000
 29 71.847198 17.155392 94.727257 0.258614 0.965035 0.042721 0.735424 0.387945 1 22 1.000000
MarioHand_alb.png
 29 72.549507 16.701674 93.521744 0.478394 0.809531 -0.340293 0.746731 0.404288 1 22 1.000000
 29 71.571701 16.670097 92.752434 0.119017 0.778952 -0.615685 0.733684 0.414237 1 22 1.000000
 29 70.560631 17.134111 93.719910 -0.209819 0.919961 -0.331132 0.717464 0.398520 1 22 1.000000
MarioHand_alb.png
 29 72.751305 14.629789 92.273735 0.573748 0.184160 -0.798059 0.764721 0.429969 1 22 1.000000
 29 71.571701 16.670097 92.752434 0.119017 0.778952 -0.615685 0.733684 0.414237 1 22 1.000000
 29 72.549507 16.701674 93.521744 0.478394 0.809531 -0.340293 0.746731 0.404288 1 22 1.000000
MarioHand_alb.png
 29 73.368576 16.147221 94.020149 0.756825 0.627890 -0.181577 0.761532 0.399847 1 22 1.000000
 29 72.549507 16.701674 93.521744 0.478394 0.809531 -0.340293 0.746731 0.404288 1 22 1.000000
 29 71.847198 17.155392 94.727257 0.258614 0.965035 0.042721 0.735424 0.387945 1 22 1.000000
MarioHand_alb.png
 29 72.751305 14.629789 92.273735 0.573748 0.184160 -0.798059 0.764721 0.429969 1 22 1.000000
 29 72.549507 16.701674 93.521744 0.478394 0.809531 -0.340293 0.746731 0.404288 1 22 1.000000
 29 73.368576 16.147221 94.020149 0.756825 0.627890 -0.181577 0.761532 0.399847 1 22 1.000000
MarioHand_alb.png
 29 73.368576 16.147221 94.020149 0.756825 0.627890 -0.181577 0.761532 0.399847 1 22 1.000000
 29 71.847198 17.155392 94.727257 0.258614 0.965035 0.042721 0.735424 0.387945 1 22 1.000000
 29 73.053238 16.391396 95.487312 0.637819 0.722696 0.266266 0.754299 0.380926 1 22 1.000000
MarioHand_alb.png
 29 74.011169 15.120977 94.262589 0.940071 0.319525 -0.119035 0.780499 0.398138 1 22 1.000000
 29 72.751305 14.629789 92.273735 0.573748 0.184160 -0.798059 0.764721 0.429969 1 22 1.000000
 29 73.368576 16.147221 94.020149 0.756825 0.627890 -0.181577 0.761532 0.399847 1 22 1.000000
MarioHand_alb.png
 29 74.011169 15.120977 94.262589 0.940071 0.319525 -0.119035 0.780499 0.398138 1 22 1.000000
 29 73.368576 16.147221 94.020149 0.756825 0.627890 -0.181577 0.761532 0.399847 1 22 1.000000
 29 73.053238 16.391396 95.487312 0.637819 0.722696 0.266266 0.754299 0.380926 1 22 1.000000
MarioHand_alb.png
 29 73.792488 15.077796 95.719543 0.889087 0.307746 0.338845 0.771618 0.376806 1 22 1.000000
 29 73.053238 16.391396 95.487312 0.637819 0.722696 0.266266 0.754299 0.380926 1 22 1.000000
 29 73.082207 14.857888 97.027260 0.768927 0.291399 0.569067 0.764981 0.356756 1 22 1.000000
MarioHand_alb.png
 29 73.792488 15.077796 95.719543 0.889087 0.307746 0.338845 0.771618 0.376806 1 22 1.000000
 29 74.011169 15.120977 94.262589 0.940071 0.319525 -0.119035 0.780499 0.398138 1 22 1.000000
 29 73.053238 16.391396 95.487312 0.637819 0.722696 0.266266 0.754299 0.380926 1 22 1.000000
MarioHand_alb.png
 29 73.082207 14.857888 97.027260 0.768927 0.291399 0.569067 0.764981 0.356756 1 22 1.000000
 29 71.314293 15.940916 97.866699 0.360122 0.689249 0.628688 0.739742 0.343679 1 22 1.000000
 29 72.135735 14.548879 98.201721 0.631077 0.295317 0.717307 0.759518 0.337530 1 22 1.000000
MarioHand_alb.png
 29 72.135735 14.548879 98.201721 0.631077 0.295317 0.717307 0.759518 0.337530 1 22 1.000000
 29 71.314293 15.940916 97.866699 0.360122 0.689249 0.628688 0.739742 0.343679 1 22 1.000000
 29 70.528664 14.019681 99.595673 0.516397 0.303107 0.800912 0.753567 0.311208 1 22 1.000000
MarioHand_alb.png
 29 73.792488 15.077796 95.719543 0.889087 0.307746 0.338845 0.771618 0.376806 1 22 1.000000
 29 73.082207 14.857888 97.027260 0.768927 0.291399 0.569067 0.764981 0.356756 1 22 1.000000
 29 73.388145 13.177419 96.820557 0.862800 -0.170214 0.476028 0.784070 0.350683 1 22 1.000000
MarioHand_alb.png
 29 73.082207 14.857888 97.027260 0.768927 0.291399 0.569067 0.764981 0.356756 1 22 1.000000
 29 72.135735 14.548879 98.201721 0.631077 0.295317 0.717307 0.759518 0.337530 1 22 1.000000
 29 73.388145 13.177419 96.820557 0.862800 -0.170214 0.476028 0.784070 0.350683 1 22 1.000000
MarioHand_alb.png
 29 73.792488 15.077796 95.719543 0.889087 0.307746 0.338845 0.771618 0.376806 1 22 1.000000
 29 74.020042 13.468351 95.471558 0.953412 -0.152832 0.260091 0.789242 0.370443 1 22 1.000000
 29 74.011169 15.120977 94.262589 0.940071 0.319525 -0.119035 0.780499 0.398138 1 22 1.000000
MarioHand_alb.png
 29 73.792488 15.077796 95.719543 0.889087 0.307746 0.338845 0.771618 0.376806 1 22 1.000000
 29 73.388145 13.177419 96.820557 0.862800 -0.170214 0.476028 0.784070 0.350683 1 22 1.000000
 29 74.020042 13.468351 95.471558 0.953412 -0.152832 0.260091 0.789242 0.370443 1 22 1.000000
MarioHand_alb.png
 29 72.135735 14.548879 98.201721 0.631077 0.295317 0.717307 0.759518 0.337530 1 22 1.000000
 29 70.528664 14.019681 99.595673 0.516397 0.303107 0.800912 0.753567 0.311208 1 22 1.000000
 29 72.521149 12.852245 98.041069 0.756651 -0.166280 0.632322 0.780301 0.331640 1 22 1.000000
MarioHand_alb.png
 29 73.388145 13.177419 96.820557 0.862800 -0.170214 0.476028 0.784070 0.350683 1 22 1.000000
 29 72.135735 14.548879 98.201721 0.631077 0.295317 0.717307 0.759518 0.337530 1 22 1.000000
 29 72.521149 12.852245 98.041069 0.756651 -0.166280 0.632322 0.780301 0.331640 1 22 1.000000
MarioHand_alb.png
 29 72.521149 12.852245 98.041069 0.756651 -0.166280 0.632322 0.780301 0.331640 1 22 1.000000
 29 70.528664 14.019681 99.595673 0.516397 0.303107 0.800912 0.753567 0.311208 1 22 1.000000
 29 71.002495 12.319510 99.513680 0.657599 -0.170217 0.733887 0.776028 0.305470 1 22 1.000000
MarioHand_alb.png
 29 71.002495 12.319510 99.513680 0.657599 -0.170217 0.733887 0.776028 0.305470 1 22 1.000000
 29 70.528664 14.019681 99.595673 0.516397 0.303107 0.800912 0.753567 0.311208 1 22 1.000000
 29 69.316452 11.741306 100.705811 0.661467 -0.146770 0.735472 0.772381 0.279042 1 22 1.000000
MarioHand_alb.png
 29 73.388145 13.177419 96.820557 0.862800 -0.170214 0.476028 0.784070 0.350683 1 22 1.000000
 29 72.521149 12.852245 98.041069 0.756651 -0.166280 0.632322 0.780301 0.331640 1 22 1.000000
 29 72.165588 11.409458 97.280037 0.668363 -0.655011 0.352493 0.800641 0.327733 1 22 1.000000
MarioHand_alb.png
 29 72.521149 12.852245 98.041069 0.756651 -0.166280 0.632322 0.780301 0.331640 1 22 1.000000
 29 71.002495 12.319510 99.513680 0.657599 -0.170217 0.733887 0.776028 0.305470 1 22 1.000000
 29 72.165588 11.409458 97.280037 0.668363 -0.655011 0.352493 0.800641 0.327733 1 22 1.000000
MarioHand_alb.png
 29 71.002495 12.319510 99.513680 0.657599 -0.170217 0.733887 0.776028 0.305470 1 22 1.000000
 29 69.316452 11.741306 100.705811 0.661467 -0.146770 0.735472 0.772381 0.279042 1 22 1.000000
 29 70.734200 10.839338 98.637573 0.602756 -0.675335 0.424981 0.798795 0.302281 1 22 1.000000
MarioHand_alb.png
 29 72.165588 11.409458 97.280037 0.668363 -0.655011 0.352493 0.800641 0.327733 1 22 1.000000
 29 71.002495 12.319510 99.513680 0.657599 -0.170217 0.733887 0.776028 0.305470 1 22 1.000000
 29 70.734200 10.839338 98.637573 0.602756 -0.675335 0.424981 0.798795 0.302281 1 22 1.000000
MarioHand_alb.png
 29 70.734200 10.839338 98.637573 0.602756 -0.675335 0.424981 0.798795 0.302281 1 22 1.000000
 29 69.316452 11.741306 100.705811 0.661467 -0.146770 0.735472 0.772381 0.279042 1 22 1.000000
 29 69.149864 10.229153 99.741089 0.598937 -0.692974 0.401326 0.796918 0.276814 1 22 1.000000
MarioHand_alb.png
 29 73.388145 13.177419 96.820557 0.862800 -0.170214 0.476028 0.784070 0.350683 1 22 1.000000
 29 72.165588 11.409458 97.280037 0.668363 -0.655011 0.352493 0.800641 0.327733 1 22 1.000000
 29 72.939987 11.770961 96.088730 0.731704 -0.641767 0.229659 0.803143 0.346334 1 22 1.000000
MarioHand_alb.png
 29 74.020042 13.468351 95.471558 0.953412 -0.152832 0.260091 0.789242 0.370443 1 22 1.000000
 29 73.388145 13.177419 96.820557 0.862800 -0.170214 0.476028 0.784070 0.350683 1 22 1.000000
 29 72.939987 11.770961 96.088730 0.731704 -0.641767 0.229659 0.803143 0.346334 1 22 1.000000
MarioHand_alb.png
 29 72.165588 11.409458 97.280037 0.668363 -0.655011 0.352493 0.800641 0.327733 1 22 1.000000
 29 70.734200 10.839338 98.637573 0.602756 -0.675335 0.424981 0.798795 0.302281 1 22 1.000000
 29 71.141045 10.536659 96.084206 0.293729 -0.951854 -0.087737 0.823240 0.326421 1 22 1.000000
MarioHand_alb.png
 29 72.939987 11.770961 96.088730 0.731704 -0.641767 0.229659 0.803143 0.346334 1 22 1.000000
 29 72.165588 11.409458 97.280037 0.668363 -0.655011 0.352493 0.800641 0.327733 1 22 1.000000
 29 71.141045 10.536659 96.084206 0.293729 -0.951854 -0.087737 0.823240 0.326421 1 22 1.000000
MarioHand_alb.png
 29 70.734200 10.839338 98.637573 0.602756 -0.675335 0.424981 0.798795 0.302281 1 22 1.000000
 29 69.149864 10.229153 99.741089 0.598937 -0.692974 0.401326 0.796918 0.276814 1 22 1.000000
 29 69.873428 10.023499 97.323715 0.295253 -0.950799 -0.093840 0.822248 0.301381 1 22 1.000000
MarioHand_alb.png
 29 70.734200 10.839338 98.637573 0.602756 -0.675335 0.424981 0.798795 0.302281 1 22 1.000000
 29 69.873428 10.023499 97.323715 0.295253 -0.950799 -0.093840 0.822248 0.301381 1 22 1.000000
 29 71.141045 10.536659 96.084206 0.293729 -0.951854 -0.087737 0.823240 0.326421 1 22 1.000000
MarioHand_alb.png
 29 69.873428 10.023499 97.323715 0.295253 -0.950799 -0.093840 0.822248 0.301381 1 22 1.000000
 29 69.149864 10.229153 99.741089 0.598937 -0.692974 0.401326 0.796918 0.276814 1 22 1.000000
 29 68.345840 9.437158 98.285057 0.282284 -0.950419 -0.130461 0.822080 0.276143 1 22 1.000000
MarioHand_alb.png
 29 69.873428 10.023499 97.323715 0.295253 -0.950799 -0.093840 0.822248 0.301381 1 22 1.000000
 29 68.345840 9.437158 98.285057 0.282284 -0.950419 -0.130461 0.822080 0.276143 1 22 1.000000
 29 68.045319 10.517600 95.442802 -0.076295 -0.833623 -0.547038 0.857145 0.303471 1 22 1.000000
MarioHand_alb.png
 29 69.873428 10.023499 97.323715 0.295253 -0.950799 -0.093840 0.822248 0.301381 1 22 1.000000
 29 69.158699 10.889477 94.433525 -0.162511 -0.861288 -0.481429 0.855268 0.329213 1 22 1.000000
 29 71.141045 10.536659 96.084206 0.293729 -0.951854 -0.087737 0.823240 0.326421 1 22 1.000000
MarioHand_alb.png
 29 69.873428 10.023499 97.323715 0.295253 -0.950799 -0.093840 0.822248 0.301381 1 22 1.000000
 29 68.045319 10.517600 95.442802 -0.076295 -0.833623 -0.547038 0.857145 0.303471 1 22 1.000000
 29 69.158699 10.889477 94.433525 -0.162511 -0.861288 -0.481429 0.855268 0.329213 1 22 1.000000
MarioHand_alb.png
 29 72.939987 11.770961 96.088730 0.731704 -0.641767 0.229659 0.803143 0.346334 1 22 1.000000
 29 71.141045 10.536659 96.084206 0.293729 -0.951854 -0.087737 0.823240 0.326421 1 22 1.000000
 29 71.912056 10.886086 95.001534 0.315091 -0.939073 -0.137328 0.824018 0.344640 1 22 1.000000
MarioHand_alb.png
 29 71.141045 10.536659 96.084206 0.293729 -0.951854 -0.087737 0.823240 0.326421 1 22 1.000000
 29 69.158699 10.889477 94.433525 -0.162511 -0.861288 -0.481429 0.855268 0.329213 1 22 1.000000
 29 71.912056 10.886086 95.001534 0.315091 -0.939073 -0.137328 0.824018 0.344640 1 22 1.000000
MarioHand_alb.png
 29 74.020042 13.468351 95.471558 0.953412 -0.152832 0.260091 0.789242 0.370443 1 22 1.000000
 29 72.939987 11.770961 96.088730 0.731704 -0.641767 0.229659 0.803143 0.346334 1 22 1.000000
 29 73.561325 12.167039 94.809860 0.808062 -0.586875 0.051124 0.806439 0.365194 1 22 1.000000
MarioHand_alb.png
 29 72.939987 11.770961 96.088730 0.731704 -0.641767 0.229659 0.803143 0.346334 1 22 1.000000
 29 71.912056 10.886086 95.001534 0.315091 -0.939073 -0.137328 0.824018 0.344640 1 22 1.000000
 29 73.561325 12.167039 94.809860 0.808062 -0.586875 0.051124 0.806439 0.365194 1 22 1.000000
MarioHand_alb.png
 29 74.020042 13.468351 95.471558 0.953412 -0.152832 0.260091 0.789242 0.370443 1 22 1.000000
 29 73.561325 12.167039 94.809860 0.808062 -0.586875 0.051124 0.806439 0.365194 1 22 1.000000
 29 74.179008 13.838705 94.071014 0.985028 -0.039294 -0.167859 0.796201 0.389044 1 22 1.000000
MarioHand_alb.png
 29 74.020042 13.468351 95.471558 0.953412 -0.152832 0.260091 0.789242 0.370443 1 22 1.000000
 29 74.179008 13.838705 94.071014 0.985028 -0.039294 -0.167859 0.796201 0.389044 1 22 1.000000
 29 74.011169 15.120977 94.262589 0.940071 0.319525 -0.119035 0.780499 0.398138 1 22 1.000000
MarioHand_alb.png
 29 74.011169 15.120977 94.262589 0.940071 0.319525 -0.119035 0.780499 0.398138 1 22 1.000000
 29 74.179008 13.838705 94.071014 0.985028 -0.039294 -0.167859 0.796201 0.389044 1 22 1.000000
 29 72.751305 14.629789 92.273735 0.573748 0.184160 -0.798059 0.824582 0.410803 1 22 1.000000
MarioHand_alb.png
 29 74.179008 13.838705 94.071014 0.985028 -0.039294 -0.167859 0.796201 0.389044 1 22 1.000000
 29 73.561325 12.167039 94.809860 0.808062 -0.586875 0.051124 0.806439 0.365194 1 22 1.000000
 29 73.794258 12.864017 93.526466 0.874121 -0.357543 -0.328749 0.810773 0.383841 1 22 1.000000
MarioHand_alb.png
 29 74.179008 13.838705 94.071014 0.985028 -0.039294 -0.167859 0.796201 0.389044 1 22 1.000000
 29 73.794258 12.864017 93.526466 0.874121 -0.357543 -0.328749 0.810773 0.383841 1 22 1.000000
 29 72.751305 14.629789 92.273735 0.573748 0.184160 -0.798059 0.824582 0.410803 1 22 1.000000
MarioHand_alb.png
 29 73.561325 12.167039 94.809860 0.808062 -0.586875 0.051124 0.806439 0.365194 1 22 1.000000
 29 71.912056 10.886086 95.001534 0.315091 -0.939073 -0.137328 0.824018 0.344640 1 22 1.000000
 29 72.586533 11.366926 93.848358 0.408924 -0.860571 -0.303641 0.824948 0.363149 1 22 1.000000
MarioHand_alb.png
 29 73.794258 12.864017 93.526466 0.874121 -0.357543 -0.328749 0.810773 0.383841 1 22 1.000000
 29 73.561325 12.167039 94.809860 0.808062 -0.586875 0.051124 0.806439 0.365194 1 22 1.000000
 29 72.586533 11.366926 93.848358 0.408924 -0.860571 -0.303641 0.824948 0.363149 1 22 1.000000
MarioHand_alb.png
 29 73.794258 12.864017 93.526466 0.874121 -0.357543 -0.328749 0.810773 0.383841 1 22 1.000000
 29 73.105965 12.322884 92.854530 0.581303 -0.561468 -0.588931 0.824964 0.381796 1 22 1.000000
 29 72.751305 14.629789 92.273735 0.573748 0.184160 -0.798059 0.824582 0.410803 1 22 1.000000
MarioHand_alb.png
 29 73.794258 12.864017 93.526466 0.874121 -0.357543 -0.328749 0.810773 0.383841 1 22 1.000000
 29 72.586533 11.366926 93.848358 0.408924 -0.860571 -0.303641 0.824948 0.363149 1 22 1.000000
 29 73.105965 12.322884 92.854530 0.581303 -0.561468 -0.588931 0.824964 0.381796 1 22 1.000000
MarioHand_alb.png
 29 73.105965 12.322884 92.854530 0.581303 -0.561468 -0.588931 0.824964 0.381796 1 22 1.000000
 29 71.698776 12.517948 91.807831 0.218940 -0.480791 -0.849061 0.846891 0.385855 1 22 1.000000
 29 72.751305 14.629789 92.273735 0.573748 0.184160 -0.798059 0.824582 0.410803 1 22 1.000000
MarioHand_alb.png
 29 73.105965 12.322884 92.854530 0.581303 -0.561468 -0.588931 0.824964 0.381796 1 22 1.000000
 29 72.586533 11.366926 93.848358 0.408924 -0.860571 -0.303641 0.824948 0.363149 1 22 1.000000
 29 71.698776 12.517948 91.807831 0.218940 -0.480791 -0.849061 0.846891 0.385855 1 22 1.000000
MarioHand_alb.png
 29 72.751305 14.629789 92.273735 0.573748 0.184160 -0.798059 0.824582 0.410803 1 22 1.000000
 29 71.698776 12.517948 91.807831 0.218940 -0.480791 -0.849061 0.846891 0.385855 1 22 1.000000
 29 70.666496 13.872005 91.344391 -0.103789 -0.058763 -0.992862 0.867964 0.396200 1 22 1.000000
MarioHand_alb.png
 29 71.912056 10.886086 95.001534 0.315091 -0.939073 -0.137328 0.824018 0.344640 1 22 1.000000
 29 69.915642 11.186378 93.447426 -0.196075 -0.845051 -0.497437 0.853803 0.347829 1 22 1.000000
 29 72.586533 11.366926 93.848358 0.408924 -0.860571 -0.303641 0.824948 0.363149 1 22 1.000000
MarioHand_alb.png
 29 71.912056 10.886086 95.001534 0.315091 -0.939073 -0.137328 0.824018 0.344640 1 22 1.000000
 29 69.158699 10.889477 94.433525 -0.162511 -0.861288 -0.481429 0.855268 0.329213 1 22 1.000000
 29 69.915642 11.186378 93.447426 -0.196075 -0.845051 -0.497437 0.853803 0.347829 1 22 1.000000
MarioHand_alb.png
 29 71.698776 12.517948 91.807831 0.218940 -0.480791 -0.849061 0.846891 0.385855 1 22 1.000000
 29 72.586533 11.366926 93.848358 0.408924 -0.860571 -0.303641 0.824948 0.363149 1 22 1.000000
 29 70.724121 11.626579 92.462952 -0.076294 -0.756073 -0.650025 0.851270 0.366690 1 22 1.000000
MarioHand_alb.png
 29 72.586533 11.366926 93.848358 0.408924 -0.860571 -0.303641 0.824948 0.363149 1 22 1.000000
 29 69.915642 11.186378 93.447426 -0.196075 -0.845051 -0.497437 0.853803 0.347829 1 22 1.000000
 29 70.724121 11.626579 92.462952 -0.076294 -0.756073 -0.650025 0.851270 0.366690 1 22 1.000000
MarioHand_alb.png
 29 71.698776 12.517948 91.807831 0.218940 -0.480791 -0.849061 0.846891 0.385855 1 22 1.000000
 29 69.360733 13.424440 91.854088 -0.496583 -0.197661 -0.845183 0.876387 0.375738 1 22 1.000000
 29 70.666496 13.872005 91.344391 -0.103789 -0.058763 -0.992862 0.867964 0.396200 1 22 1.000000
MarioHand_alb.png
 29 71.698776 12.517948 91.807831 0.218940 -0.480791 -0.849061 0.846891 0.385855 1 22 1.000000
 29 70.724121 11.626579 92.462952 -0.076294 -0.756073 -0.650025 0.851270 0.366690 1 22 1.000000
 29 69.360733 13.424440 91.854088 -0.496583 -0.197661 -0.845183 0.876387 0.375738 1 22 1.000000
MarioHand_alb.png
 29 70.724121 11.626579 92.462952 -0.076294 -0.756073 -0.650025 0.851270 0.366690 1 22 1.000000
 29 69.915642 11.186378 93.447426 -0.196075 -0.845051 -0.497437 0.853803 0.347829 1 22 1.000000
 29 68.415085 13.095919 92.725189 -0.638362 -0.264077 -0.723019 0.882628 0.355383 1 22 1.000000
MarioHand_alb.png
 29 70.724121 11.626579 92.462952 -0.076294 -0.756073 -0.650025 0.851270 0.366690 1 22 1.000000
 29 68.415085 13.095919 92.725189 -0.638362 -0.264077 -0.723019 0.882628 0.355383 1 22 1.000000
 29 69.360733 13.424440 91.854088 -0.496583 -0.197661 -0.845183 0.876387 0.375738 1 22 1.000000
MarioHand_alb.png
 29 69.158699 10.889477 94.433525 -0.162511 -0.861288 -0.481429 0.855268 0.329213 1 22 1.000000
 29 67.586052 12.797729 93.588020 -0.587564 -0.289967 -0.755439 0.886854 0.335775 1 22 1.000000
 29 69.915642 11.186378 93.447426 -0.196075 -0.845051 -0.497437 0.853803 0.347829 1 22 1.000000
MarioHand_alb.png
 29 69.915642 11.186378 93.447426 -0.196075 -0.845051 -0.497437 0.853803 0.347829 1 22 1.000000
 29 67.586052 12.797729 93.588020 -0.587564 -0.289967 -0.755439 0.886854 0.335775 1 22 1.000000
 29 68.415085 13.095919 92.725189 -0.638362 -0.264077 -0.723019 0.882628 0.355383 1 22 1.000000
MarioHand_alb.png
 29 69.158699 10.889477 94.433525 -0.162511 -0.861288 -0.481429 0.855268 0.329213 1 22 1.000000
 29 68.045319 10.517600 95.442802 -0.076295 -0.833623 -0.547038 0.857145 0.303471 1 22 1.000000
 29 67.586052 12.797729 93.588020 -0.587564 -0.289967 -0.755439 0.886854 0.335775 1 22 1.000000
MarioHand_alb.png
 29 68.045319 10.517600 95.442802 -0.076295 -0.833623 -0.547038 0.857145 0.303471 1 22 1.000000
 29 66.497444 12.425086 94.406281 -0.447800 -0.277968 -0.849829 0.891188 0.309285 1 22 1.000000
 29 67.586052 12.797729 93.588020 -0.587564 -0.289967 -0.755439 0.886854 0.335775 1 22 1.000000
MarioHand_alb.png
 29 66.497444 12.425086 94.406281 -0.447800 -0.277968 -0.849829 0.891188 0.309285 1 22 1.000000
 29 66.279083 14.700390 95.017792 -0.592770 0.557390 -0.581326 0.921157 0.317021 1 22 1.000000
 29 67.586052 12.797729 93.588020 -0.587564 -0.289967 -0.755439 0.886854 0.335775 1 22 1.000000
MarioHand_alb.png
 29 67.441780 15.204430 94.160294 -0.663092 0.534327 -0.524217 0.916793 0.344335 1 22 1.000000
 29 67.586052 12.797729 93.588020 -0.587564 -0.289967 -0.755439 0.886854 0.335775 1 22 1.000000
 29 66.279083 14.700390 95.017792 -0.592770 0.557390 -0.581326 0.921157 0.317021 1 22 1.000000
MarioHand_alb.png
 29 68.415085 13.095919 92.725189 -0.638362 -0.264077 -0.723019 0.882628 0.355383 1 22 1.000000
 29 67.586052 12.797729 93.588020 -0.587564 -0.289967 -0.755439 0.886854 0.335775 1 22 1.000000
 29 67.441780 15.204430 94.160294 -0.663092 0.534327 -0.524217 0.916793 0.344335 1 22 1.000000
MarioHand_alb.png
 29 67.441780 15.204430 94.160294 -0.663092 0.534327 -0.524217 0.916793 0.344335 1 22 1.000000
 29 66.279083 14.700390 95.017792 -0.592770 0.557390 -0.581326 0.921157 0.317021 1 22 1.000000
 29 67.385704 16.224466 96.853279 -0.415028 0.906540 -0.077055 0.954803 0.327001 1 22 1.000000
MarioHand_alb.png
 29 68.747849 16.770683 95.780571 -0.407405 0.910367 -0.072478 0.948531 0.356588 1 22 1.000000
 29 67.441780 15.204430 94.160294 -0.663092 0.534327 -0.524217 0.916793 0.344335 1 22 1.000000
 29 67.385704 16.224466 96.853279 -0.415028 0.906540 -0.077055 0.954803 0.327001 1 22 1.000000
MarioHand_alb.png
 29 68.415085 13.095919 92.725189 -0.638362 -0.264077 -0.723019 0.882628 0.355383 1 22 1.000000
 29 67.441780 15.204430 94.160294 -0.663092 0.534327 -0.524217 0.916793 0.344335 1 22 1.000000
 29 68.317719 15.521164 93.291924 -0.668371 0.512151 -0.539427 0.911772 0.363714 1 22 1.000000
MarioHand_alb.png
 29 68.317719 15.521164 93.291924 -0.668371 0.512151 -0.539427 0.911772 0.363714 1 22 1.000000
 29 67.441780 15.204430 94.160294 -0.663092 0.534327 -0.524217 0.916793 0.344335 1 22 1.000000
 29 68.747849 16.770683 95.780571 -0.407405 0.910367 -0.072478 0.948531 0.356588 1 22 1.000000
MarioHand_alb.png
 29 68.415085 13.095919 92.725189 -0.638362 -0.264077 -0.723019 0.882628 0.355383 1 22 1.000000
 29 68.317719 15.521164 93.291924 -0.668371 0.512151 -0.539427 0.911772 0.363714 1 22 1.000000
 29 69.360733 13.424440 91.854088 -0.496583 -0.197661 -0.845183 0.876387 0.375738 1 22 1.000000
MarioHand_alb.png
 29 69.648743 17.062881 94.794609 -0.361640 0.920123 -0.150302 0.941192 0.377310 1 22 1.000000
 29 68.317719 15.521164 93.291924 -0.668371 0.512151 -0.539427 0.911772 0.363714 1 22 1.000000
 29 68.747849 16.770683 95.780571 -0.407405 0.910367 -0.072478 0.948531 0.356588 1 22 1.000000
MarioHand_alb.png
 29 69.291603 15.706810 92.373703 -0.516532 0.518631 -0.681334 0.904067 0.382452 1 22 1.000000
 29 68.317719 15.521164 93.291924 -0.668371 0.512151 -0.539427 0.911772 0.363714 1 22 1.000000
 29 69.648743 17.062881 94.794609 -0.361640 0.920123 -0.150302 0.941192 0.377310 1 22 1.000000
MarioHand_alb.png
 29 69.360733 13.424440 91.854088 -0.496583 -0.197661 -0.845183 0.876387 0.375738 1 22 1.000000
 29 68.317719 15.521164 93.291924 -0.668371 0.512151 -0.539427 0.911772 0.363714 1 22 1.000000
 29 69.291603 15.706810 92.373703 -0.516532 0.518631 -0.681334 0.904067 0.382452 1 22 1.000000
MarioHand_alb.png
 29 70.560631 17.134111 93.719910 -0.209819 0.919961 -0.331132 0.929763 0.396536 1 22 1.000000
 29 69.291603 15.706810 92.373703 -0.516532 0.518631 -0.681334 0.904067 0.382452 1 22 1.000000
 29 69.648743 17.062881 94.794609 -0.361640 0.920123 -0.150302 0.941192 0.377310 1 22 1.000000
MarioHand_alb.png
 29 71.571701 16.670097 92.752434 0.119017 0.778952 -0.615685 0.913741 0.412390 1 22 1.000000
 29 69.291603 15.706810 92.373703 -0.516532 0.518631 -0.681334 0.904067 0.382452 1 22 1.000000
 29 70.560631 17.134111 93.719910 -0.209819 0.919961 -0.331132 0.929763 0.396536 1 22 1.000000
MarioHand_alb.png
 29 70.613884 15.591888 91.735641 -0.119785 0.475899 -0.871305 0.893721 0.399542 1 22 1.000000
 29 69.360733 13.424440 91.854088 -0.496583 -0.197661 -0.845183 0.876387 0.375738 1 22 1.000000
 29 69.291603 15.706810 92.373703 -0.516532 0.518631 -0.681334 0.904067 0.382452 1 22 1.000000
MarioHand_alb.png
 29 70.613884 15.591888 91.735641 -0.119785 0.475899 -0.871305 0.893721 0.399542 1 22 1.000000
 29 69.291603 15.706810 92.373703 -0.516532 0.518631 -0.681334 0.904067 0.382452 1 22 1.000000
 29 71.571701 16.670097 92.752434 0.119017 0.778952 -0.615685 0.913741 0.412390 1 22 1.000000
MarioHand_alb.png
 29 70.666496 13.872005 91.344391 -0.103789 -0.058763 -0.992862 0.867964 0.396200 1 22 1.000000
 29 69.360733 13.424440 91.854088 -0.496583 -0.197661 -0.845183 0.876387 0.375738 1 22 1.000000
 29 70.613884 15.591888 91.735641 -0.119785 0.475899 -0.871305 0.893721 0.399542 1 22 1.000000
MarioHand_alb.png
 29 70.613884 15.591888 91.735641 -0.119785 0.475899 -0.871305 0.893721 0.399542 1 22 1.000000
 29 71.571701 16.670097 92.752434 0.119017 0.778952 -0.615685 0.913741 0.412390 1 22 1.000000
 29 72.751305 14.629789 92.273735 0.573748 0.184160 -0.798059 0.882872 0.427802 1 22 1.000000
MarioHand_alb.png
 29 70.666496 13.872005 91.344391 -0.103789 -0.058763 -0.992862 0.867964 0.396200 1 22 1.000000
 29 70.613884 15.591888 91.735641 -0.119785 0.475899 -0.871305 0.893721 0.399542 1 22 1.000000
 29 72.751305 14.629789 92.273735 0.573748 0.184160 -0.798059 0.882872 0.427802 1 22 1.000000
MarioHand_alb.png
 29 56.319389 -2.071729 105.840263 -0.458222 -0.246852 0.853872 0.044770 0.860594 1 22 1.000000
 29 55.750053 -1.306323 105.316032 -0.499116 0.205640 0.841781 0.035859 0.869078 1 22 1.000000
 29 55.439415 -1.893792 105.109116 -0.649620 -0.217168 0.728582 0.031296 0.860594 1 22 1.000000
MarioHand_alb.png
 29 56.319389 -2.071729 105.840263 -0.458222 -0.246852 0.853872 0.044770 0.860594 1 22 1.000000
 29 55.439415 -1.893792 105.109116 -0.649620 -0.217168 0.728582 0.031296 0.860594 1 22 1.000000
 29 55.780319 -2.489127 104.991745 -0.477228 -0.630009 0.612652 0.035859 0.852110 1 22 1.000000
MarioHand_alb.png
 29 56.319389 -2.071729 105.840263 -0.458222 -0.246852 0.853872 0.044770 0.860594 1 22 1.000000
 29 55.780319 -2.489127 104.991745 -0.477228 -0.630009 0.612652 0.035859 0.852110 1 22 1.000000
 29 56.681488 -2.932806 104.995346 -0.334183 -0.761448 0.555445 0.048280 0.845899 1 22 1.000000
MarioHand_alb.png
 29 56.319389 -2.071729 105.840263 -0.458222 -0.246852 0.853872 0.044770 0.860594 1 22 1.000000
 29 56.681488 -2.932806 104.995346 -0.334183 -0.761448 0.555445 0.048280 0.845899 1 22 1.000000
 29 57.805107 -2.803220 105.846199 -0.094222 -0.778714 0.620263 0.065263 0.850355 1 22 1.000000
MarioHand_alb.png
 29 56.319389 -2.071729 105.840263 -0.458222 -0.246852 0.853872 0.044770 0.860594 1 22 1.000000
 29 56.629044 -0.884137 105.557068 -0.361732 0.354244 0.862358 0.048280 0.875303 1 22 1.000000
 29 55.750053 -1.306323 105.316032 -0.499116 0.205640 0.841781 0.035859 0.869078 1 22 1.000000
MarioHand_alb.png
 29 56.319389 -2.071729 105.840263 -0.458222 -0.246852 0.853872 0.044770 0.860594 1 22 1.000000
 29 57.768555 -1.375658 106.237625 -0.123217 0.348218 0.929280 0.065263 0.870832 1 22 1.000000
 29 56.629044 -0.884137 105.557068 -0.361732 0.354244 0.862358 0.048280 0.875303 1 22 1.000000
MarioHand_alb.png
 29 56.319389 -2.071729 105.840263 -0.458222 -0.246852 0.853872 0.044770 0.860594 1 22 1.000000
 29 57.805107 -2.803220 105.846199 -0.094222 -0.778714 0.620263 0.065263 0.850355 1 22 1.000000
 29 57.738747 -2.184326 106.383492 -0.135045 -0.265989 0.954470 0.065263 0.860594 1 22 1.000000
MarioHand_alb.png
 29 56.319389 -2.071729 105.840263 -0.458222 -0.246852 0.853872 0.044770 0.860594 1 22 1.000000
 29 57.738747 -2.184326 106.383492 -0.135045 -0.265989 0.954470 0.065263 0.860594 1 22 1.000000
 29 57.768555 -1.375658 106.237625 -0.123217 0.348218 0.929280 0.065263 0.870832 1 22 1.000000
MarioHand_alb.png
 29 57.738747 -2.184326 106.383492 -0.135045 -0.265989 0.954470 0.065263 0.860594 1 22 1.000000
 29 57.805107 -2.803220 105.846199 -0.094222 -0.778714 0.620263 0.065263 0.850355 1 22 1.000000
 29 59.254257 -2.107163 106.243568 0.205198 -0.254209 0.945131 0.085756 0.860594 1 22 1.000000
MarioHand_alb.png
 29 57.738747 -2.184326 106.383492 -0.135045 -0.265989 0.954470 0.065263 0.860594 1 22 1.000000
 29 59.254257 -2.107163 106.243568 0.205198 -0.254209 0.945131 0.085756 0.860594 1 22 1.000000
 29 57.768555 -1.375658 106.237625 -0.123217 0.348218 0.929280 0.065263 0.870832 1 22 1.000000
MarioHand_alb.png
 29 57.805107 -2.803220 105.846199 -0.094222 -0.778714 0.620263 0.065263 0.850355 1 22 1.000000
 29 59.113152 -2.962170 105.329514 0.152595 -0.766909 0.623350 0.082246 0.845899 1 22 1.000000
 29 59.254257 -2.107163 106.243568 0.205198 -0.254209 0.945131 0.085756 0.860594 1 22 1.000000
MarioHand_alb.png
 29 59.254257 -2.107163 106.243568 0.205198 -0.254209 0.945131 0.085756 0.860594 1 22 1.000000
 29 59.113152 -2.962170 105.329514 0.152595 -0.766909 0.623350 0.082246 0.845899 1 22 1.000000
 29 59.992123 -2.539985 105.570526 0.278138 -0.640571 0.715757 0.094667 0.852110 1 22 1.000000
MarioHand_alb.png
 29 57.768555 -1.375658 106.237625 -0.123217 0.348218 0.929280 0.065263 0.870832 1 22 1.000000
 29 59.254257 -2.107163 106.243568 0.205198 -0.254209 0.945131 0.085756 0.860594 1 22 1.000000
 29 59.060703 -0.913498 105.891212 0.125096 0.348120 0.929066 0.082246 0.875303 1 22 1.000000
MarioHand_alb.png
 29 59.254257 -2.107163 106.243568 0.205198 -0.254209 0.945131 0.085756 0.860594 1 22 1.000000
 29 59.961830 -1.357189 105.894829 0.256363 0.197923 0.946100 0.094667 0.869078 1 22 1.000000
 29 59.060703 -0.913498 105.891212 0.125096 0.348120 0.929066 0.082246 0.875303 1 22 1.000000
MarioHand_alb.png
 29 59.254257 -2.107163 106.243568 0.205198 -0.254209 0.945131 0.085756 0.860594 1 22 1.000000
 29 60.302753 -1.952513 105.777443 0.423077 -0.229016 0.876674 0.099229 0.860594 1 22 1.000000
 29 59.961830 -1.357189 105.894829 0.256363 0.197923 0.946100 0.094667 0.869078 1 22 1.000000
MarioHand_alb.png
 29 59.254257 -2.107163 106.243568 0.205198 -0.254209 0.945131 0.085756 0.860594 1 22 1.000000
 29 59.992123 -2.539985 105.570526 0.278138 -0.640571 0.715757 0.094667 0.852110 1 22 1.000000
 29 60.302753 -1.952513 105.777443 0.423077 -0.229016 0.876674 0.099229 0.860594 1 22 1.000000
MarioHand_alb.png
 29 60.129509 4.117122 106.252625 0.332592 0.436337 0.836058 0.174807 0.908247 1 22 1.000000
 29 59.451851 3.503901 106.843796 0.282371 0.003911 0.959297 0.165896 0.899763 1 22 1.000000
 29 60.459366 3.504579 106.273285 0.493009 0.003911 0.870016 0.179355 0.899763 1 22 1.000000
MarioHand_alb.png
 29 59.451851 3.503901 106.843796 0.282371 0.003911 0.959297 0.165896 0.899763 1 22 1.000000
 29 60.132545 2.890305 106.256470 0.334845 -0.430355 0.838256 0.174807 0.891279 1 22 1.000000
 29 60.459366 3.504579 106.273285 0.493009 0.003911 0.870016 0.179355 0.899763 1 22 1.000000
MarioHand_alb.png
 29 59.451851 3.503901 106.843796 0.282371 0.003911 0.959297 0.165896 0.899763 1 22 1.000000
 29 59.236603 2.438885 106.206696 0.201414 -0.575395 0.792687 0.162371 0.885069 1 22 1.000000
 29 60.132545 2.890305 106.256470 0.334845 -0.430355 0.838256 0.174807 0.891279 1 22 1.000000
MarioHand_alb.png
 29 59.451851 3.503901 106.843796 0.282371 0.003911 0.959297 0.165896 0.899763 1 22 1.000000
 29 57.974762 2.759641 106.761726 -0.045008 -0.582384 0.811667 0.145403 0.889525 1 22 1.000000
 29 59.236603 2.438885 106.206696 0.201414 -0.575395 0.792687 0.162371 0.885069 1 22 1.000000
MarioHand_alb.png
 29 59.451851 3.503901 106.843796 0.282371 0.003911 0.959297 0.165896 0.899763 1 22 1.000000
 29 60.129509 4.117122 106.252625 0.332592 0.436337 0.836058 0.174807 0.908247 1 22 1.000000
 29 59.231392 4.563795 106.200027 0.199475 0.581453 0.788747 0.162371 0.914458 1 22 1.000000
MarioHand_alb.png
 29 59.451851 3.503901 106.843796 0.282371 0.003911 0.959297 0.165896 0.899763 1 22 1.000000
 29 59.231392 4.563795 106.200027 0.199475 0.581453 0.788747 0.162371 0.914458 1 22 1.000000
 29 57.971111 4.240333 106.757057 -0.046924 0.587308 0.808002 0.145403 0.910002 1 22 1.000000
MarioHand_alb.png
 29 59.451851 3.503901 106.843796 0.282371 0.003911 0.959297 0.165896 0.899763 1 22 1.000000
 29 57.952522 3.501061 107.116570 -0.056441 0.003909 0.998398 0.145403 0.899763 1 22 1.000000
 29 57.974762 2.759641 106.761726 -0.045008 -0.582384 0.811667 0.145403 0.889525 1 22 1.000000
MarioHand_alb.png
 29 59.451851 3.503901 106.843796 0.282371 0.003911 0.959297 0.165896 0.899763 1 22 1.000000
 29 57.971111 4.240333 106.757057 -0.046924 0.587308 0.808002 0.145403 0.910002 1 22 1.000000
 29 57.952522 3.501061 107.116570 -0.056441 0.003909 0.998398 0.145403 0.899763 1 22 1.000000
MarioHand_alb.png
 29 57.952522 3.501061 107.116570 -0.056441 0.003909 0.998398 0.145403 0.899763 1 22 1.000000
 29 56.494011 3.496081 106.674995 -0.387647 0.001955 0.921806 0.124910 0.899763 1 22 1.000000
 29 57.974762 2.759641 106.761726 -0.045008 -0.582384 0.811667 0.145403 0.889525 1 22 1.000000
MarioHand_alb.png
 29 57.952522 3.501061 107.116570 -0.056441 0.003909 0.998398 0.145403 0.899763 1 22 1.000000
 29 57.971111 4.240333 106.757057 -0.046924 0.587308 0.808002 0.145403 0.910002 1 22 1.000000
 29 56.494011 3.496081 106.674995 -0.387647 0.001955 0.921806 0.124910 0.899763 1 22 1.000000
MarioHand_alb.png
 29 57.974762 2.759641 106.761726 -0.045008 -0.582384 0.811667 0.145403 0.889525 1 22 1.000000
 29 56.494011 3.496081 106.674995 -0.387647 0.001955 0.921806 0.124910 0.899763 1 22 1.000000
 29 56.785889 2.432409 106.066856 -0.287657 -0.575814 0.765305 0.128420 0.885069 1 22 1.000000
MarioHand_alb.png
 29 56.494011 3.496081 106.674995 -0.387647 0.001955 0.921806 0.124910 0.899763 1 22 1.000000
 29 55.887787 2.879087 106.014252 -0.426534 -0.432590 0.794314 0.115984 0.891279 1 22 1.000000
 29 56.785889 2.432409 106.066856 -0.287657 -0.575814 0.765305 0.128420 0.885069 1 22 1.000000
MarioHand_alb.png
 29 57.971111 4.240333 106.757057 -0.046924 0.587308 0.808002 0.145403 0.910002 1 22 1.000000
 29 56.780670 4.557322 106.060158 -0.291425 0.579131 0.761367 0.128420 0.914458 1 22 1.000000
 29 56.494011 3.496081 106.674995 -0.387647 0.001955 0.921806 0.124910 0.899763 1 22 1.000000
MarioHand_alb.png
 29 56.494011 3.496081 106.674995 -0.387647 0.001955 0.921806 0.124910 0.899763 1 22 1.000000
 29 56.780670 4.557322 106.060158 -0.291425 0.579131 0.761367 0.128420 0.914458 1 22 1.000000
 29 55.884766 4.105906 106.010376 -0.428319 0.434040 0.792561 0.115984 0.908247 1 22 1.000000
MarioHand_alb.png
 29 56.494011 3.496081 106.674995 -0.387647 0.001955 0.921806 0.124910 0.899763 1 22 1.000000
 29 55.557934 3.491624 105.993553 -0.589078 0.001955 0.808074 0.111437 0.899763 1 22 1.000000
 29 55.887787 2.879087 106.014252 -0.426534 -0.432590 0.794314 0.115984 0.891279 1 22 1.000000
MarioHand_alb.png
 29 56.494011 3.496081 106.674995 -0.387647 0.001955 0.921806 0.124910 0.899763 1 22 1.000000
 29 55.884766 4.105906 106.010376 -0.428319 0.434040 0.792561 0.115984 0.908247 1 22 1.000000
 29 55.557934 3.491624 105.993553 -0.589078 0.001955 0.808074 0.111437 0.899763 1 22 1.000000
MarioHand_alb.png
 29 60.187248 -10.894799 87.123322 -0.168244 0.230811 -0.958342 0.968811 0.119097 1 22 1.000000
 29 59.187996 -9.942357 87.296219 -0.045007 0.029369 -0.998555 0.978897 0.133257 1 22 1.000000
 29 61.377472 -8.061023 88.064400 0.484859 0.293166 -0.823993 0.949355 0.156390 1 22 1.000000
MarioHand_alb.png
 29 62.254272 -9.062624 87.785950 0.406664 0.541901 -0.735505 0.939925 0.141283 1 22 1.000000
 29 60.187248 -10.894799 87.123322 -0.168244 0.230811 -0.958342 0.968811 0.119097 1 22 1.000000
 29 61.377472 -8.061023 88.064400 0.484859 0.293166 -0.823993 0.949355 0.156390 1 22 1.000000
MarioHand_alb.png
 29 62.807678 -10.374536 87.099617 0.271960 0.547924 -0.791086 0.930632 0.124849 1 22 1.000000
 29 60.187248 -10.894799 87.123322 -0.168244 0.230811 -0.958342 0.968811 0.119097 1 22 1.000000
 29 62.254272 -9.062624 87.785950 0.406664 0.541901 -0.735505 0.939925 0.141283 1 22 1.000000
MarioHand_alb.png
 29 62.807678 -10.374536 87.099617 0.271960 0.547924 -0.791086 0.930632 0.124849 1 22 1.000000
 29 60.553307 -12.056017 86.549698 -0.277666 0.213113 -0.936742 0.958816 0.102769 1 22 1.000000
 29 60.187248 -10.894799 87.123322 -0.168244 0.230811 -0.958342 0.968811 0.119097 1 22 1.000000
MarioHand_alb.png
 29 63.574924 -8.657929 90.176483 0.798754 0.569599 -0.193776 0.907774 0.162814 1 22 1.000000
 29 62.254272 -9.062624 87.785950 0.406664 0.541901 -0.735505 0.939925 0.141283 1 22 1.000000
 29 61.377472 -8.061023 88.064400 0.484859 0.293166 -0.823993 0.949355 0.156390 1 22 1.000000
MarioHand_alb.png
 29 63.574924 -8.657929 90.176483 0.798754 0.569599 -0.193776 0.907774 0.162814 1 22 1.000000
 29 61.377472 -8.061023 88.064400 0.484859 0.293166 -0.823993 0.949355 0.156390 1 22 1.000000
 29 62.827423 -7.271081 90.827393 0.859704 0.356144 -0.366156 0.916075 0.178088 1 22 1.000000
MarioHand_alb.png
 29 63.414902 -8.919010 93.551407 0.962950 -0.160523 0.216702 0.869474 0.183352 1 22 1.000000
 29 63.574924 -8.657929 90.176483 0.798754 0.569599 -0.193776 0.907774 0.162814 1 22 1.000000
 29 62.827423 -7.271081 90.827393 0.859704 0.356144 -0.366156 0.916075 0.178088 1 22 1.000000
MarioHand_alb.png
 29 64.373352 -9.992414 89.414871 0.752893 0.619306 -0.222740 0.900816 0.144747 1 22 1.000000
 29 62.254272 -9.062624 87.785950 0.406664 0.541901 -0.735505 0.939925 0.141283 1 22 1.000000
 29 63.574924 -8.657929 90.176483 0.798754 0.569599 -0.193776 0.907774 0.162814 1 22 1.000000
MarioHand_alb.png
 29 64.373352 -9.992414 89.414871 0.752893 0.619306 -0.222740 0.900816 0.144747 1 22 1.000000
 29 62.807678 -10.374536 87.099617 0.271960 0.547924 -0.791086 0.930632 0.124849 1 22 1.000000
 29 62.254272 -9.062624 87.785950 0.406664 0.541901 -0.735505 0.939925 0.141283 1 22 1.000000
MarioHand_alb.png
 29 63.414902 -8.919010 93.551407 0.962950 -0.160523 0.216702 0.869474 0.183352 1 22 1.000000
 29 64.218941 -10.125723 92.854996 0.841624 0.244647 0.481473 0.866117 0.169467 1 22 1.000000
 29 63.574924 -8.657929 90.176483 0.798754 0.569599 -0.193776 0.907774 0.162814 1 22 1.000000
MarioHand_alb.png
 29 64.373352 -9.992414 89.414871 0.752893 0.619306 -0.222740 0.900816 0.144747 1 22 1.000000
 29 63.574924 -8.657929 90.176483 0.798754 0.569599 -0.193776 0.907774 0.162814 1 22 1.000000
 29 64.218941 -10.125723 92.854996 0.841624 0.244647 0.481473 0.866117 0.169467 1 22 1.000000
MarioHand_alb.png
 29 63.706619 -11.489822 86.701286 0.307445 0.526491 -0.792644 0.921279 0.108019 1 22 1.000000
 29 60.553307 -12.056017 86.549698 -0.277666 0.213113 -0.936742 0.958816 0.102769 1 22 1.000000
 29 62.807678 -10.374536 87.099617 0.271960 0.547924 -0.791086 0.930632 0.124849 1 22 1.000000
MarioHand_alb.png
 29 63.706619 -11.489822 86.701286 0.307445 0.526491 -0.792644 0.921279 0.108019 1 22 1.000000
 29 61.483902 -13.163960 86.118935 -0.211334 0.168228 -0.962828 0.947860 0.085130 1 22 1.000000
 29 60.553307 -12.056017 86.549698 -0.277666 0.213113 -0.936742 0.958816 0.102769 1 22 1.000000
MarioHand_alb.png
 29 65.299271 -11.077486 88.923309 0.733867 0.641466 -0.223517 0.893858 0.126696 1 22 1.000000
 29 62.807678 -10.374536 87.099617 0.271960 0.547924 -0.791086 0.930632 0.124849 1 22 1.000000
 29 64.373352 -9.992414 89.414871 0.752893 0.619306 -0.222740 0.900816 0.144747 1 22 1.000000
MarioHand_alb.png
 29 65.299271 -11.077486 88.923309 0.733867 0.641466 -0.223517 0.893858 0.126696 1 22 1.000000
 29 63.706619 -11.489822 86.701286 0.307445 0.526491 -0.792644 0.921279 0.108019 1 22 1.000000
 29 62.807678 -10.374536 87.099617 0.271960 0.547924 -0.791086 0.930632 0.124849 1 22 1.000000
MarioHand_alb.png
 29 64.645691 -12.748023 86.286095 0.379845 0.448110 -0.809268 0.910567 0.090059 1 22 1.000000
 29 61.483902 -13.163960 86.118935 -0.211334 0.168228 -0.962828 0.947860 0.085130 1 22 1.000000
 29 63.706619 -11.489822 86.701286 0.307445 0.526491 -0.792644 0.921279 0.108019 1 22 1.000000
MarioHand_alb.png
 29 64.645691 -12.748023 86.286095 0.379845 0.448110 -0.809268 0.910567 0.090059 1 22 1.000000
 29 62.522015 -14.344128 85.698265 -0.144595 0.121322 -0.982025 0.933593 0.066575 1 22 1.000000
 29 61.483902 -13.163960 86.118935 -0.211334 0.168228 -0.962828 0.947860 0.085130 1 22 1.000000
MarioHand_alb.png
 29 66.197876 -12.355618 88.450134 0.806597 0.531117 -0.259454 0.885847 0.108125 1 22 1.000000
 29 63.706619 -11.489822 86.701286 0.307445 0.526491 -0.792644 0.921279 0.108019 1 22 1.000000
 29 65.299271 -11.077486 88.923309 0.733867 0.641466 -0.223517 0.893858 0.126696 1 22 1.000000
MarioHand_alb.png
 29 66.197876 -12.355618 88.450134 0.806597 0.531117 -0.259454 0.885847 0.108125 1 22 1.000000
 29 64.645691 -12.748023 86.286095 0.379845 0.448110 -0.809268 0.910567 0.090059 1 22 1.000000
 29 63.706619 -11.489822 86.701286 0.307445 0.526491 -0.792644 0.921279 0.108019 1 22 1.000000
MarioHand_alb.png
 29 64.937363 -11.228113 92.067932 0.820257 0.305212 0.483761 0.864363 0.154147 1 22 1.000000
 29 65.299271 -11.077486 88.923309 0.733867 0.641466 -0.223517 0.893858 0.126696 1 22 1.000000
 29 64.373352 -9.992414 89.414871 0.752893 0.619306 -0.222740 0.900816 0.144747 1 22 1.000000
MarioHand_alb.png
 29 64.937363 -11.228113 92.067932 0.820257 0.305212 0.483761 0.864363 0.154147 1 22 1.000000
 29 64.373352 -9.992414 89.414871 0.752893 0.619306 -0.222740 0.900816 0.144747 1 22 1.000000
 29 64.218941 -10.125723 92.854996 0.841624 0.244647 0.481473 0.866117 0.169467 1 22 1.000000
MarioHand_alb.png
 29 65.731216 -12.145830 91.493706 0.796257 0.347790 0.494991 0.862409 0.136461 1 22 1.000000
 29 66.197876 -12.355618 88.450134 0.806597 0.531117 -0.259454 0.885847 0.108125 1 22 1.000000
 29 65.299271 -11.077486 88.923309 0.733867 0.641466 -0.223517 0.893858 0.126696 1 22 1.000000
MarioHand_alb.png
 29 65.731216 -12.145830 91.493706 0.796257 0.347790 0.494991 0.862409 0.136461 1 22 1.000000
 29 65.299271 -11.077486 88.923309 0.733867 0.641466 -0.223517 0.893858 0.126696 1 22 1.000000
 29 64.937363 -11.228113 92.067932 0.820257 0.305212 0.483761 0.864363 0.154147 1 22 1.000000
MarioHand_alb.png
 29 65.631104 -14.497360 86.029022 0.515655 0.240664 -0.822302 0.895399 0.069520 1 22 1.000000
 29 62.522015 -14.344128 85.698265 -0.144595 0.121322 -0.982025 0.933593 0.066575 1 22 1.000000
 29 64.645691 -12.748023 86.286095 0.379845 0.448110 -0.809268 0.910567 0.090059 1 22 1.000000
MarioHand_alb.png
 29 65.631104 -14.497360 86.029022 0.515655 0.240664 -0.822302 0.895399 0.069520 1 22 1.000000
 29 63.857147 -15.699959 85.434952 0.041213 -0.015646 -0.999028 0.910689 0.048432 1 22 1.000000
 29 62.522015 -14.344128 85.698265 -0.144595 0.121322 -0.982025 0.933593 0.066575 1 22 1.000000
MarioHand_alb.png
 29 67.002533 -14.130404 87.932228 0.904014 0.291421 -0.312781 0.875486 0.086549 1 22 1.000000
 29 64.645691 -12.748023 86.286095 0.379845 0.448110 -0.809268 0.910567 0.090059 1 22 1.000000
 29 66.197876 -12.355618 88.450134 0.806597 0.531117 -0.259454 0.885847 0.108125 1 22 1.000000
MarioHand_alb.png
 29 67.002533 -14.130404 87.932228 0.904014 0.291421 -0.312781 0.875486 0.086549 1 22 1.000000
 29 65.631104 -14.497360 86.029022 0.515655 0.240664 -0.822302 0.895399 0.069520 1 22 1.000000
 29 64.645691 -12.748023 86.286095 0.379845 0.448110 -0.809268 0.910567 0.090059 1 22 1.000000
MarioHand_alb.png
 29 66.060745 -16.154129 86.467529 0.661472 -0.138856 -0.737003 0.878462 0.054826 1 22 1.000000
 29 63.857147 -15.699959 85.434952 0.041213 -0.015646 -0.999028 0.910689 0.048432 1 22 1.000000
 29 65.631104 -14.497360 86.029022 0.515655 0.240664 -0.822302 0.895399 0.069520 1 22 1.000000
MarioHand_alb.png
 29 66.060745 -16.154129 86.467529 0.661472 -0.138856 -0.737003 0.878462 0.054826 1 22 1.000000
 29 65.052414 -16.968849 86.122101 0.360056 -0.379890 -0.852082 0.883482 0.040330 1 22 1.000000
 29 63.857147 -15.699959 85.434952 0.041213 -0.015646 -0.999028 0.910689 0.048432 1 22 1.000000
MarioHand_alb.png
 29 65.988358 -17.663338 87.752884 0.636323 -0.701367 -0.321213 0.853178 0.046799 1 22 1.000000
 29 65.052414 -16.968849 86.122101 0.360056 -0.379890 -0.852082 0.883482 0.040330 1 22 1.000000
 29 66.060745 -16.154129 86.467529 0.661472 -0.138856 -0.737003 0.878462 0.054826 1 22 1.000000
MarioHand_alb.png
 29 66.909714 -15.948547 87.693352 0.931752 -0.103687 -0.347976 0.864485 0.066621 1 22 1.000000
 29 66.060745 -16.154129 86.467529 0.661472 -0.138856 -0.737003 0.878462 0.054826 1 22 1.000000
 29 65.631104 -14.497360 86.029022 0.515655 0.240664 -0.822302 0.895399 0.069520 1 22 1.000000
MarioHand_alb.png
 29 65.988358 -17.663338 87.752884 0.636323 -0.701367 -0.321213 0.853178 0.046799 1 22 1.000000
 29 66.060745 -16.154129 86.467529 0.661472 -0.138856 -0.737003 0.878462 0.054826 1 22 1.000000
 29 66.909714 -15.948547 87.693352 0.931752 -0.103687 -0.347976 0.864485 0.066621 1 22 1.000000
MarioHand_alb.png
 29 66.909714 -15.948547 87.693352 0.931752 -0.103687 -0.347976 0.864485 0.066621 1 22 1.000000
 29 65.631104 -14.497360 86.029022 0.515655 0.240664 -0.822302 0.895399 0.069520 1 22 1.000000
 29 67.002533 -14.130404 87.932228 0.904014 0.291421 -0.312781 0.875486 0.086549 1 22 1.000000
MarioHand_alb.png
 29 66.947388 -16.541088 89.076515 0.964950 -0.262405 0.003814 0.846128 0.070695 1 22 1.000000
 29 65.988358 -17.663338 87.752884 0.636323 -0.701367 -0.321213 0.853178 0.046799 1 22 1.000000
 29 66.909714 -15.948547 87.693352 0.931752 -0.103687 -0.347976 0.864485 0.066621 1 22 1.000000
MarioHand_alb.png
 29 66.229172 -17.553255 89.727158 0.724735 -0.626133 0.287605 0.828031 0.066392 1 22 1.000000
 29 65.988358 -17.663338 87.752884 0.636323 -0.701367 -0.321213 0.853178 0.046799 1 22 1.000000
 29 66.947388 -16.541088 89.076515 0.964950 -0.262405 0.003814 0.846128 0.070695 1 22 1.000000
MarioHand_alb.png
 29 67.141045 -14.971865 90.065971 0.940466 0.062545 0.334083 0.852766 0.093965 1 22 1.000000
 29 66.947388 -16.541088 89.076515 0.964950 -0.262405 0.003814 0.846128 0.070695 1 22 1.000000
 29 66.909714 -15.948547 87.693352 0.931752 -0.103687 -0.347976 0.864485 0.066621 1 22 1.000000
MarioHand_alb.png
 29 67.141045 -14.971865 90.065971 0.940466 0.062545 0.334083 0.852766 0.093965 1 22 1.000000
 29 66.909714 -15.948547 87.693352 0.931752 -0.103687 -0.347976 0.864485 0.066621 1 22 1.000000
 29 67.002533 -14.130404 87.932228 0.904014 0.291421 -0.312781 0.875486 0.086549 1 22 1.000000
MarioHand_alb.png
 29 66.229172 -17.553255 89.727158 0.724735 -0.626133 0.287605 0.828031 0.066392 1 22 1.000000
 29 66.947388 -16.541088 89.076515 0.964950 -0.262405 0.003814 0.846128 0.070695 1 22 1.000000
 29 67.141045 -14.971865 90.065971 0.940466 0.062545 0.334083 0.852766 0.093965 1 22 1.000000
MarioHand_alb.png
 29 66.543503 -13.386858 90.845016 0.859681 0.244479 0.448529 0.858610 0.116259 1 22 1.000000
 29 67.002533 -14.130404 87.932228 0.904014 0.291421 -0.312781 0.875486 0.086549 1 22 1.000000
 29 66.197876 -12.355618 88.450134 0.806597 0.531117 -0.259454 0.885847 0.108125 1 22 1.000000
MarioHand_alb.png
 29 67.141045 -14.971865 90.065971 0.940466 0.062545 0.334083 0.852766 0.093965 1 22 1.000000
 29 67.002533 -14.130404 87.932228 0.904014 0.291421 -0.312781 0.875486 0.086549 1 22 1.000000
 29 66.543503 -13.386858 90.845016 0.859681 0.244479 0.448529 0.858610 0.116259 1 22 1.000000
MarioHand_alb.png
 29 66.543503 -13.386858 90.845016 0.859681 0.244479 0.448529 0.858610 0.116259 1 22 1.000000
 29 66.197876 -12.355618 88.450134 0.806597 0.531117 -0.259454 0.885847 0.108125 1 22 1.000000
 29 65.731216 -12.145830 91.493706 0.796257 0.347790 0.494991 0.862409 0.136461 1 22 1.000000
MarioHand_alb.png
 29 64.961983 -15.156843 92.232956 0.514870 -0.160563 0.842098 0.830228 0.119783 1 22 1.000000
 29 67.141045 -14.971865 90.065971 0.940466 0.062545 0.334083 0.852766 0.093965 1 22 1.000000
 29 66.543503 -13.386858 90.845016 0.859681 0.244479 0.448529 0.858610 0.116259 1 22 1.000000
MarioHand_alb.png
 29 64.961983 -15.156843 92.232956 0.514870 -0.160563 0.842098 0.830228 0.119783 1 22 1.000000
 29 66.543503 -13.386858 90.845016 0.859681 0.244479 0.448529 0.858610 0.116259 1 22 1.000000
 29 65.731216 -12.145830 91.493706 0.796257 0.347790 0.494991 0.862409 0.136461 1 22 1.000000
MarioHand_alb.png
 29 65.885567 -16.596004 91.226051 0.615861 -0.293621 0.731096 0.829511 0.093034 1 22 1.000000
 29 66.229172 -17.553255 89.727158 0.724735 -0.626133 0.287605 0.828031 0.066392 1 22 1.000000
 29 67.141045 -14.971865 90.065971 0.940466 0.062545 0.334083 0.852766 0.093965 1 22 1.000000
MarioHand_alb.png
 29 65.885567 -16.596004 91.226051 0.615861 -0.293621 0.731096 0.829511 0.093034 1 22 1.000000
 29 67.141045 -14.971865 90.065971 0.940466 0.062545 0.334083 0.852766 0.093965 1 22 1.000000
 29 64.961983 -15.156843 92.232956 0.514870 -0.160563 0.842098 0.830228 0.119783 1 22 1.000000
MarioHand_alb.png
 29 64.961983 -15.156843 92.232956 0.514870 -0.160563 0.842098 0.830228 0.119783 1 22 1.000000
 29 65.731216 -12.145830 91.493706 0.796257 0.347790 0.494991 0.862409 0.136461 1 22 1.000000
 29 64.039421 -14.008940 92.832657 0.442488 -0.119395 0.888791 0.830106 0.140688 1 22 1.000000
MarioHand_alb.png
 29 64.039421 -14.008940 92.832657 0.442488 -0.119395 0.888791 0.830106 0.140688 1 22 1.000000
 29 65.731216 -12.145830 91.493706 0.796257 0.347790 0.494991 0.862409 0.136461 1 22 1.000000
 29 64.937363 -11.228113 92.067932 0.820257 0.305212 0.483761 0.864363 0.154147 1 22 1.000000
MarioHand_alb.png
 29 63.643036 -16.234304 92.069305 -0.006103 -0.553237 0.833002 0.811978 0.117830 1 22 1.000000
 29 65.885567 -16.596004 91.226051 0.615861 -0.293621 0.731096 0.829511 0.093034 1 22 1.000000
 29 64.961983 -15.156843 92.232956 0.514870 -0.160563 0.842098 0.830228 0.119783 1 22 1.000000
MarioHand_alb.png
 29 64.039421 -14.008940 92.832657 0.442488 -0.119395 0.888791 0.830106 0.140688 1 22 1.000000
 29 64.937363 -11.228113 92.067932 0.820257 0.305212 0.483761 0.864363 0.154147 1 22 1.000000
 29 63.139580 -12.978815 93.374390 0.438243 -0.199288 0.876486 0.829404 0.160021 1 22 1.000000
MarioHand_alb.png
 29 63.139580 -12.978815 93.374390 0.438243 -0.199288 0.876486 0.829404 0.160021 1 22 1.000000
 29 64.937363 -11.228113 92.067932 0.820257 0.305212 0.483761 0.864363 0.154147 1 22 1.000000
 29 64.218941 -10.125723 92.854996 0.841624 0.244647 0.481473 0.866117 0.169467 1 22 1.000000
MarioHand_alb.png
 29 62.629028 -15.172886 92.628113 -0.041194 -0.510352 0.858978 0.808530 0.138399 1 22 1.000000
 29 64.961983 -15.156843 92.232956 0.514870 -0.160563 0.842098 0.830228 0.119783 1 22 1.000000
 29 64.039421 -14.008940 92.832657 0.442488 -0.119395 0.888791 0.830106 0.140688 1 22 1.000000
MarioHand_alb.png
 29 62.629028 -15.172886 92.628113 -0.041194 -0.510352 0.858978 0.808530 0.138399 1 22 1.000000
 29 64.039421 -14.008940 92.832657 0.442488 -0.119395 0.888791 0.830106 0.140688 1 22 1.000000
 29 63.139580 -12.978815 93.374390 0.438243 -0.199288 0.876486 0.829404 0.160021 1 22 1.000000
MarioHand_alb.png
 29 63.643036 -16.234304 92.069305 -0.006103 -0.553237 0.833002 0.811978 0.117830 1 22 1.000000
 29 64.961983 -15.156843 92.232956 0.514870 -0.160563 0.842098 0.830228 0.119783 1 22 1.000000
 29 62.629028 -15.172886 92.628113 -0.041194 -0.510352 0.858978 0.808530 0.138399 1 22 1.000000
MarioHand_alb.png
 29 63.139580 -12.978815 93.374390 0.438243 -0.199288 0.876486 0.829404 0.160021 1 22 1.000000
 29 64.218941 -10.125723 92.854996 0.841624 0.244647 0.481473 0.866117 0.169467 1 22 1.000000
 29 62.263351 -11.659990 94.230553 0.442099 -0.213325 0.871229 0.828428 0.179232 1 22 1.000000
MarioHand_alb.png
 29 62.263351 -11.659990 94.230553 0.442099 -0.213325 0.871229 0.828428 0.179232 1 22 1.000000
 29 64.218941 -10.125723 92.854996 0.841624 0.244647 0.481473 0.866117 0.169467 1 22 1.000000
 29 63.414902 -8.919010 93.551407 0.962950 -0.160523 0.216702 0.869474 0.183352 1 22 1.000000
MarioHand_alb.png
 29 62.263351 -11.659990 94.230553 0.442099 -0.213325 0.871229 0.828428 0.179232 1 22 1.000000
 29 63.414902 -8.919010 93.551407 0.962950 -0.160523 0.216702 0.869474 0.183352 1 22 1.000000
 29 61.198860 -10.580050 94.920868 0.447867 -0.671323 0.590543 0.825513 0.197269 1 22 1.000000
MarioHand_alb.png
 29 62.263351 -11.659990 94.230553 0.442099 -0.213325 0.871229 0.828428 0.179232 1 22 1.000000
 29 61.198860 -10.580050 94.920868 0.447867 -0.671323 0.590543 0.825513 0.197269 1 22 1.000000
 29 59.908398 -12.100522 94.374512 0.045017 -0.546499 0.836249 0.798184 0.193179 1 22 1.000000
MarioHand_alb.png
 29 60.740116 -13.165926 93.752197 -0.007629 -0.525725 0.850620 0.801846 0.176150 1 22 1.000000
 29 62.263351 -11.659990 94.230553 0.442099 -0.213325 0.871229 0.828428 0.179232 1 22 1.000000
 29 59.908398 -12.100522 94.374512 0.045017 -0.546499 0.836249 0.798184 0.193179 1 22 1.000000
MarioHand_alb.png
 29 63.139580 -12.978815 93.374390 0.438243 -0.199288 0.876486 0.829404 0.160021 1 22 1.000000
 29 62.263351 -11.659990 94.230553 0.442099 -0.213325 0.871229 0.828428 0.179232 1 22 1.000000
 29 60.740116 -13.165926 93.752197 -0.007629 -0.525725 0.850620 0.801846 0.176150 1 22 1.000000
MarioHand_alb.png
 29 60.740116 -13.165926 93.752197 -0.007629 -0.525725 0.850620 0.801846 0.176150 1 22 1.000000
 29 59.908398 -12.100522 94.374512 0.045017 -0.546499 0.836249 0.798184 0.193179 1 22 1.000000
 29 58.333511 -13.124752 93.175621 -0.416569 -0.715549 0.560766 0.770260 0.186221 1 22 1.000000
MarioHand_alb.png
 29 61.657135 -14.182051 93.149857 -0.011443 -0.524398 0.851396 0.805219 0.157504 1 22 1.000000
 29 63.139580 -12.978815 93.374390 0.438243 -0.199288 0.876486 0.829404 0.160021 1 22 1.000000
 29 60.740116 -13.165926 93.752197 -0.007629 -0.525725 0.850620 0.801846 0.176150 1 22 1.000000
MarioHand_alb.png
 29 62.629028 -15.172886 92.628113 -0.041194 -0.510352 0.858978 0.808530 0.138399 1 22 1.000000
 29 63.139580 -12.978815 93.374390 0.438243 -0.199288 0.876486 0.829404 0.160021 1 22 1.000000
 29 61.657135 -14.182051 93.149857 -0.011443 -0.524398 0.851396 0.805219 0.157504 1 22 1.000000
MarioHand_alb.png
 29 59.279999 -14.070482 92.720718 -0.379535 -0.701949 0.602678 0.775662 0.169375 1 22 1.000000
 29 60.740116 -13.165926 93.752197 -0.007629 -0.525725 0.850620 0.801846 0.176150 1 22 1.000000
 29 58.333511 -13.124752 93.175621 -0.416569 -0.715549 0.560766 0.770260 0.186221 1 22 1.000000
MarioHand_alb.png
 29 61.657135 -14.182051 93.149857 -0.011443 -0.524398 0.851396 0.805219 0.157504 1 22 1.000000
 29 60.740116 -13.165926 93.752197 -0.007629 -0.525725 0.850620 0.801846 0.176150 1 22 1.000000
 29 59.279999 -14.070482 92.720718 -0.379535 -0.701949 0.602678 0.775662 0.169375 1 22 1.000000
MarioHand_alb.png
 29 59.279999 -14.070482 92.720718 -0.379535 -0.701949 0.602678 0.775662 0.169375 1 22 1.000000
 29 58.333511 -13.124752 93.175621 -0.416569 -0.715549 0.560766 0.770260 0.186221 1 22 1.000000
 29 57.533749 -13.197392 91.497963 -0.714135 -0.686859 0.135045 0.745403 0.176287 1 22 1.000000
MarioHand_alb.png
 29 61.191734 -15.932817 91.545433 -0.391735 -0.718721 0.574443 0.785992 0.132738 1 22 1.000000
 29 62.629028 -15.172886 92.628113 -0.041194 -0.510352 0.858978 0.808530 0.138399 1 22 1.000000
 29 61.657135 -14.182051 93.149857 -0.011443 -0.524398 0.851396 0.805219 0.157504 1 22 1.000000
MarioHand_alb.png
 29 58.339722 -14.164396 90.989822 -0.684752 -0.718608 0.121310 0.751705 0.159503 1 22 1.000000
 29 59.279999 -14.070482 92.720718 -0.379535 -0.701949 0.602678 0.775662 0.169375 1 22 1.000000
 29 57.533749 -13.197392 91.497963 -0.714135 -0.686859 0.135045 0.745403 0.176287 1 22 1.000000
MarioHand_alb.png
 29 58.339722 -14.164396 90.989822 -0.684752 -0.718608 0.121310 0.751705 0.159503 1 22 1.000000
 29 57.533749 -13.197392 91.497963 -0.714135 -0.686859 0.135045 0.745403 0.176287 1 22 1.000000
 29 57.138447 -12.610159 89.558838 -0.760691 -0.551825 -0.341815 0.721340 0.163119 1 22 1.000000
MarioHand_alb.png
 29 60.165001 -14.998262 92.099480 -0.381807 -0.727664 0.569849 0.780621 0.151446 1 22 1.000000
 29 61.657135 -14.182051 93.149857 -0.011443 -0.524398 0.851396 0.805219 0.157504 1 22 1.000000
 29 59.279999 -14.070482 92.720718 -0.379535 -0.701949 0.602678 0.775662 0.169375 1 22 1.000000
MarioHand_alb.png
 29 60.165001 -14.998262 92.099480 -0.381807 -0.727664 0.569849 0.780621 0.151446 1 22 1.000000
 29 59.279999 -14.070482 92.720718 -0.379535 -0.701949 0.602678 0.775662 0.169375 1 22 1.000000
 29 58.339722 -14.164396 90.989822 -0.684752 -0.718608 0.121310 0.751705 0.159503 1 22 1.000000
MarioHand_alb.png
 29 61.191734 -15.932817 91.545433 -0.391735 -0.718721 0.574443 0.785992 0.132738 1 22 1.000000
 29 61.657135 -14.182051 93.149857 -0.011443 -0.524398 0.851396 0.805219 0.157504 1 22 1.000000
 29 60.165001 -14.998262 92.099480 -0.381807 -0.727664 0.569849 0.780621 0.151446 1 22 1.000000
MarioHand_alb.png
 29 58.157600 -13.544622 89.134109 -0.744581 -0.555098 -0.370764 0.729671 0.146929 1 22 1.000000
 29 58.339722 -14.164396 90.989822 -0.684752 -0.718608 0.121310 0.751705 0.159503 1 22 1.000000
 29 57.138447 -12.610159 89.558838 -0.760691 -0.551825 -0.341815 0.721340 0.163119 1 22 1.000000
MarioHand_alb.png
 29 59.203278 -15.068914 90.419403 -0.663777 -0.740264 0.106815 0.758114 0.142000 1 22 1.000000
 29 60.165001 -14.998262 92.099480 -0.381807 -0.727664 0.569849 0.780621 0.151446 1 22 1.000000
 29 58.339722 -14.164396 90.989822 -0.684752 -0.718608 0.121310 0.751705 0.159503 1 22 1.000000
MarioHand_alb.png
 29 58.157600 -13.544622 89.134109 -0.744581 -0.555098 -0.370764 0.729671 0.146929 1 22 1.000000
 29 59.203278 -15.068914 90.419403 -0.663777 -0.740264 0.106815 0.758114 0.142000 1 22 1.000000
 29 58.339722 -14.164396 90.989822 -0.684752 -0.718608 0.121310 0.751705 0.159503 1 22 1.000000
MarioHand_alb.png
 29 60.252357 -16.025726 89.913101 -0.653399 -0.747232 0.121297 0.765164 0.123995 1 22 1.000000
 29 60.165001 -14.998262 92.099480 -0.381807 -0.727664 0.569849 0.780621 0.151446 1 22 1.000000
 29 59.203278 -15.068914 90.419403 -0.663777 -0.740264 0.106815 0.758114 0.142000 1 22 1.000000
MarioHand_alb.png
 29 60.252357 -16.025726 89.913101 -0.653399 -0.747232 0.121297 0.765164 0.123995 1 22 1.000000
 29 61.191734 -15.932817 91.545433 -0.391735 -0.718721 0.574443 0.785992 0.132738 1 22 1.000000
 29 60.165001 -14.998262 92.099480 -0.381807 -0.727664 0.569849 0.780621 0.151446 1 22 1.000000
MarioHand_alb.png
 29 59.013374 -14.493719 88.676910 -0.742313 -0.550345 -0.382219 0.737987 0.130220 1 22 1.000000
 29 59.203278 -15.068914 90.419403 -0.663777 -0.740264 0.106815 0.758114 0.142000 1 22 1.000000
 29 58.157600 -13.544622 89.134109 -0.744581 -0.555098 -0.370764 0.729671 0.146929 1 22 1.000000
MarioHand_alb.png
 29 59.013374 -14.493719 88.676910 -0.742313 -0.550345 -0.382219 0.737987 0.130220 1 22 1.000000
 29 60.252357 -16.025726 89.913101 -0.653399 -0.747232 0.121297 0.765164 0.123995 1 22 1.000000
 29 59.203278 -15.068914 90.419403 -0.663777 -0.740264 0.106815 0.758114 0.142000 1 22 1.000000
MarioHand_alb.png
 29 58.157600 -13.544622 89.134109 -0.744581 -0.555098 -0.370764 0.729671 0.146929 1 22 1.000000
 29 57.138447 -12.610159 89.558838 -0.760691 -0.551825 -0.341815 0.721340 0.163119 1 22 1.000000
 29 58.659523 -12.399622 87.759979 -0.573693 -0.231155 -0.785776 0.709712 0.134325 1 22 1.000000
MarioHand_alb.png
 29 58.659523 -12.399622 87.759979 -0.573693 -0.231155 -0.785776 0.709712 0.134325 1 22 1.000000
 29 57.138447 -12.610159 89.558838 -0.760691 -0.551825 -0.341815 0.721340 0.163119 1 22 1.000000
 29 57.716431 -11.398554 88.013458 -0.536211 -0.242458 -0.808512 0.699260 0.148775 1 22 1.000000
MarioHand_alb.png
 29 58.659523 -12.399622 87.759979 -0.573693 -0.231155 -0.785776 0.709712 0.134325 1 22 1.000000
 29 57.716431 -11.398554 88.013458 -0.536211 -0.242458 -0.808512 0.699260 0.148775 1 22 1.000000
 29 59.187996 -9.942357 87.296219 -0.045007 0.029369 -0.998555 0.678325 0.134173 1 22 1.000000
MarioHand_alb.png
 29 60.187248 -10.894799 87.123322 -0.168244 0.230811 -0.958342 0.689021 0.120623 1 22 1.000000
 29 58.659523 -12.399622 87.759979 -0.573693 -0.231155 -0.785776 0.709712 0.134325 1 22 1.000000
 29 59.187996 -9.942357 87.296219 -0.045007 0.029369 -0.998555 0.678325 0.134173 1 22 1.000000
MarioHand_alb.png
 29 60.553307 -12.056017 86.549698 -0.277666 0.213113 -0.936742 0.699947 0.105364 1 22 1.000000
 29 58.659523 -12.399622 87.759979 -0.573693 -0.231155 -0.785776 0.709712 0.134325 1 22 1.000000
 29 60.187248 -10.894799 87.123322 -0.168244 0.230811 -0.958342 0.689021 0.120623 1 22 1.000000
MarioHand_alb.png
 29 59.568298 -13.358543 87.324760 -0.632071 -0.217239 -0.743837 0.718654 0.117357 1 22 1.000000
 29 58.157600 -13.544622 89.134109 -0.744581 -0.555098 -0.370764 0.729671 0.146929 1 22 1.000000
 29 58.659523 -12.399622 87.759979 -0.573693 -0.231155 -0.785776 0.709712 0.134325 1 22 1.000000
MarioHand_alb.png
 29 59.568298 -13.358543 87.324760 -0.632071 -0.217239 -0.743837 0.718654 0.117357 1 22 1.000000
 29 58.659523 -12.399622 87.759979 -0.573693 -0.231155 -0.785776 0.709712 0.134325 1 22 1.000000
 29 60.553307 -12.056017 86.549698 -0.277666 0.213113 -0.936742 0.699947 0.105364 1 22 1.000000
MarioHand_alb.png
 29 59.568298 -13.358543 87.324760 -0.632071 -0.217239 -0.743837 0.718654 0.117357 1 22 1.000000
 29 59.013374 -14.493719 88.676910 -0.742313 -0.550345 -0.382219 0.737987 0.130220 1 22 1.000000
 29 58.157600 -13.544622 89.134109 -0.744581 -0.555098 -0.370764 0.729671 0.146929 1 22 1.000000
MarioHand_alb.png
 29 61.483902 -13.163960 86.118935 -0.211334 0.168228 -0.962828 0.710704 0.088212 1 22 1.000000
 29 59.568298 -13.358543 87.324760 -0.632071 -0.217239 -0.743837 0.718654 0.117357 1 22 1.000000
 29 60.553307 -12.056017 86.549698 -0.277666 0.213113 -0.936742 0.699947 0.105364 1 22 1.000000
MarioHand_alb.png
 29 60.530762 -14.405525 86.895622 -0.619886 -0.279616 -0.733182 0.728145 0.100252 1 22 1.000000
 29 59.568298 -13.358543 87.324760 -0.632071 -0.217239 -0.743837 0.718654 0.117357 1 22 1.000000
 29 61.483902 -13.163960 86.118935 -0.211334 0.168228 -0.962828 0.710704 0.088212 1 22 1.000000
MarioHand_alb.png
 29 60.530762 -14.405525 86.895622 -0.619886 -0.279616 -0.733182 0.728145 0.100252 1 22 1.000000
 29 59.013374 -14.493719 88.676910 -0.742313 -0.550345 -0.382219 0.737987 0.130220 1 22 1.000000
 29 59.568298 -13.358543 87.324760 -0.632071 -0.217239 -0.743837 0.718654 0.117357 1 22 1.000000
MarioHand_alb.png
 29 62.522015 -14.344128 85.698265 -0.144595 0.121322 -0.982025 0.723568 0.069093 1 22 1.000000
 29 60.530762 -14.405525 86.895622 -0.619886 -0.279616 -0.733182 0.728145 0.100252 1 22 1.000000
 29 61.483902 -13.163960 86.118935 -0.211334 0.168228 -0.962828 0.710704 0.088212 1 22 1.000000
MarioHand_alb.png
 29 60.530762 -14.405525 86.895622 -0.619886 -0.279616 -0.733182 0.728145 0.100252 1 22 1.000000
 29 60.047989 -15.476944 88.251350 -0.732380 -0.567594 -0.376107 0.746456 0.112993 1 22 1.000000
 29 59.013374 -14.493719 88.676910 -0.742313 -0.550345 -0.382219 0.737987 0.130220 1 22 1.000000
MarioHand_alb.png
 29 60.047989 -15.476944 88.251350 -0.732380 -0.567594 -0.376107 0.746456 0.112993 1 22 1.000000
 29 60.252357 -16.025726 89.913101 -0.653399 -0.747232 0.121297 0.765164 0.123995 1 22 1.000000
 29 59.013374 -14.493719 88.676910 -0.742313 -0.550345 -0.382219 0.737987 0.130220 1 22 1.000000
MarioHand_alb.png
 29 62.522015 -14.344128 85.698265 -0.144595 0.121322 -0.982025 0.723568 0.069093 1 22 1.000000
 29 61.600151 -15.499895 86.393234 -0.567931 -0.330785 -0.753682 0.738872 0.081651 1 22 1.000000
 29 60.530762 -14.405525 86.895622 -0.619886 -0.279616 -0.733182 0.728145 0.100252 1 22 1.000000
MarioHand_alb.png
 29 60.047989 -15.476944 88.251350 -0.732380 -0.567594 -0.376107 0.746456 0.112993 1 22 1.000000
 29 61.333450 -17.115191 89.400604 -0.614599 -0.780934 0.111399 0.773022 0.105165 1 22 1.000000
 29 60.252357 -16.025726 89.913101 -0.653399 -0.747232 0.121297 0.765164 0.123995 1 22 1.000000
MarioHand_alb.png
 29 61.333450 -17.115191 89.400604 -0.614599 -0.780934 0.111399 0.773022 0.105165 1 22 1.000000
 29 61.191734 -15.932817 91.545433 -0.391735 -0.718721 0.574443 0.785992 0.132738 1 22 1.000000
 29 60.252357 -16.025726 89.913101 -0.653399 -0.747232 0.121297 0.765164 0.123995 1 22 1.000000
MarioHand_alb.png
 29 60.530762 -14.405525 86.895622 -0.619886 -0.279616 -0.733182 0.728145 0.100252 1 22 1.000000
 29 61.112503 -16.559799 87.734497 -0.687054 -0.612664 -0.390640 0.755428 0.094514 1 22 1.000000
 29 60.047989 -15.476944 88.251350 -0.732380 -0.567594 -0.376107 0.746456 0.112993 1 22 1.000000
MarioHand_alb.png
 29 61.112503 -16.559799 87.734497 -0.687054 -0.612664 -0.390640 0.755428 0.094514 1 22 1.000000
 29 61.333450 -17.115191 89.400604 -0.614599 -0.780934 0.111399 0.773022 0.105165 1 22 1.000000
 29 60.047989 -15.476944 88.251350 -0.732380 -0.567594 -0.376107 0.746456 0.112993 1 22 1.000000
MarioHand_alb.png
 29 61.600151 -15.499895 86.393234 -0.567931 -0.330785 -0.753682 0.738872 0.081651 1 22 1.000000
 29 61.112503 -16.559799 87.734497 -0.687054 -0.612664 -0.390640 0.755428 0.094514 1 22 1.000000
 29 60.530762 -14.405525 86.895622 -0.619886 -0.279616 -0.733182 0.728145 0.100252 1 22 1.000000
MarioHand_alb.png
 29 61.333450 -17.115191 89.400604 -0.614599 -0.780934 0.111399 0.773022 0.105165 1 22 1.000000
 29 62.267265 -16.991598 90.970016 -0.362394 -0.749584 0.553891 0.791897 0.112734 1 22 1.000000
 29 61.191734 -15.932817 91.545433 -0.391735 -0.718721 0.574443 0.785992 0.132738 1 22 1.000000
MarioHand_alb.png
 29 62.267265 -16.991598 90.970016 -0.362394 -0.749584 0.553891 0.791897 0.112734 1 22 1.000000
 29 62.629028 -15.172886 92.628113 -0.041194 -0.510352 0.858978 0.808530 0.138399 1 22 1.000000
 29 61.191734 -15.932817 91.545433 -0.391735 -0.718721 0.574443 0.785992 0.132738 1 22 1.000000
MarioHand_alb.png
 29 62.267265 -16.991598 90.970016 -0.362394 -0.749584 0.553891 0.791897 0.112734 1 22 1.000000
 29 63.643036 -16.234304 92.069305 -0.006103 -0.553237 0.833002 0.811978 0.117830 1 22 1.000000
 29 62.629028 -15.172886 92.628113 -0.041194 -0.510352 0.858978 0.808530 0.138399 1 22 1.000000
MarioHand_alb.png
 29 61.112503 -16.559799 87.734497 -0.687054 -0.612664 -0.390640 0.755428 0.094514 1 22 1.000000
 29 62.769096 -18.185242 88.774399 -0.477621 -0.876847 0.054934 0.782650 0.083970 1 22 1.000000
 29 61.333450 -17.115191 89.400604 -0.614599 -0.780934 0.111399 0.773022 0.105165 1 22 1.000000
MarioHand_alb.png
 29 62.769096 -18.185242 88.774399 -0.477621 -0.876847 0.054934 0.782650 0.083970 1 22 1.000000
 29 62.267265 -16.991598 90.970016 -0.362394 -0.749584 0.553891 0.791897 0.112734 1 22 1.000000
 29 61.333450 -17.115191 89.400604 -0.614599 -0.780934 0.111399 0.773022 0.105165 1 22 1.000000
MarioHand_alb.png
 29 62.582291 -17.645657 87.212006 -0.539404 -0.715455 -0.444036 0.767269 0.073930 1 22 1.000000
 29 61.112503 -16.559799 87.734497 -0.687054 -0.612664 -0.390640 0.755428 0.094514 1 22 1.000000
 29 61.600151 -15.499895 86.393234 -0.567931 -0.330785 -0.753682 0.738872 0.081651 1 22 1.000000
MarioHand_alb.png
 29 62.582291 -17.645657 87.212006 -0.539404 -0.715455 -0.444036 0.767269 0.073930 1 22 1.000000
 29 62.769096 -18.185242 88.774399 -0.477621 -0.876847 0.054934 0.782650 0.083970 1 22 1.000000
 29 61.112503 -16.559799 87.734497 -0.687054 -0.612664 -0.390640 0.755428 0.094514 1 22 1.000000
MarioHand_alb.png
 29 63.042236 -16.680363 86.010902 -0.408513 -0.445893 -0.796428 0.754055 0.061204 1 22 1.000000
 29 61.600151 -15.499895 86.393234 -0.567931 -0.330785 -0.753682 0.738872 0.081651 1 22 1.000000
 29 62.522015 -14.344128 85.698265 -0.144595 0.121322 -0.982025 0.723568 0.069093 1 22 1.000000
MarioHand_alb.png
 29 63.042236 -16.680363 86.010902 -0.408513 -0.445893 -0.796428 0.754055 0.061204 1 22 1.000000
 29 62.582291 -17.645657 87.212006 -0.539404 -0.715455 -0.444036 0.767269 0.073930 1 22 1.000000
 29 61.600151 -15.499895 86.393234 -0.567931 -0.330785 -0.753682 0.738872 0.081651 1 22 1.000000
MarioHand_alb.png
 29 63.857147 -15.699959 85.434952 0.041213 -0.015646 -0.999028 0.744121 0.048646 1 22 1.000000
 29 63.042236 -16.680363 86.010902 -0.408513 -0.445893 -0.796428 0.754055 0.061204 1 22 1.000000
 29 62.522015 -14.344128 85.698265 -0.144595 0.121322 -0.982025 0.723568 0.069093 1 22 1.000000
MarioHand_alb.png
 29 63.857147 -15.699959 85.434952 0.041213 -0.015646 -0.999028 0.744121 0.048646 1 22 1.000000
 29 65.052414 -16.968849 86.122101 0.360056 -0.379890 -0.852082 0.771634 0.040482 1 22 1.000000
 29 63.042236 -16.680363 86.010902 -0.408513 -0.445893 -0.796428 0.754055 0.061204 1 22 1.000000
MarioHand_alb.png
 29 63.042236 -16.680363 86.010902 -0.408513 -0.445893 -0.796428 0.754055 0.061204 1 22 1.000000
 29 65.052414 -16.968849 86.122101 0.360056 -0.379890 -0.852082 0.771634 0.040482 1 22 1.000000
 29 64.345650 -17.890820 86.816284 0.054933 -0.806259 -0.589006 0.778744 0.054658 1 22 1.000000
MarioHand_alb.png
 29 63.042236 -16.680363 86.010902 -0.408513 -0.445893 -0.796428 0.754055 0.061204 1 22 1.000000
 29 64.345650 -17.890820 86.816284 0.054933 -0.806259 -0.589006 0.778744 0.054658 1 22 1.000000
 29 62.582291 -17.645657 87.212006 -0.539404 -0.715455 -0.444036 0.767269 0.073930 1 22 1.000000
MarioHand_alb.png
 29 65.052414 -16.968849 86.122101 0.360056 -0.379890 -0.852082 0.771634 0.040482 1 22 1.000000
 29 65.988358 -17.663338 87.752884 0.636323 -0.701367 -0.321213 0.802533 0.046403 1 22 1.000000
 29 64.345650 -17.890820 86.816284 0.054933 -0.806259 -0.589006 0.778744 0.054658 1 22 1.000000
MarioHand_alb.png
 29 64.345650 -17.890820 86.816284 0.054933 -0.806259 -0.589006 0.778744 0.054658 1 22 1.000000
 29 64.332832 -18.515408 88.187492 0.046540 -0.987075 -0.153354 0.792569 0.065644 1 22 1.000000
 29 62.582291 -17.645657 87.212006 -0.539404 -0.715455 -0.444036 0.767269 0.073930 1 22 1.000000
MarioHand_alb.png
 29 64.345650 -17.890820 86.816284 0.054933 -0.806259 -0.589006 0.778744 0.054658 1 22 1.000000
 29 65.988358 -17.663338 87.752884 0.636323 -0.701367 -0.321213 0.802533 0.046403 1 22 1.000000
 29 64.332832 -18.515408 88.187492 0.046540 -0.987075 -0.153354 0.792569 0.065644 1 22 1.000000
MarioHand_alb.png
 29 62.582291 -17.645657 87.212006 -0.539404 -0.715455 -0.444036 0.767269 0.073930 1 22 1.000000
 29 64.332832 -18.515408 88.187492 0.046540 -0.987075 -0.153354 0.792569 0.065644 1 22 1.000000
 29 62.769096 -18.185242 88.774399 -0.477621 -0.876847 0.054934 0.782650 0.083970 1 22 1.000000
MarioHand_alb.png
 29 65.988358 -17.663338 87.752884 0.636323 -0.701367 -0.321213 0.802533 0.046403 1 22 1.000000
 29 65.245361 -18.259821 89.408997 0.311282 -0.930030 0.195314 0.811292 0.068940 1 22 1.000000
 29 64.332832 -18.515408 88.187492 0.046540 -0.987075 -0.153354 0.792569 0.065644 1 22 1.000000
MarioHand_alb.png
 29 65.988358 -17.663338 87.752884 0.636323 -0.701367 -0.321213 0.802533 0.046403 1 22 1.000000
 29 66.229172 -17.553255 89.727158 0.724735 -0.626133 0.287605 0.828031 0.066392 1 22 1.000000
 29 65.245361 -18.259821 89.408997 0.311282 -0.930030 0.195314 0.811292 0.068940 1 22 1.000000
MarioHand_alb.png
 29 64.332832 -18.515408 88.187492 0.046540 -0.987075 -0.153354 0.792569 0.065644 1 22 1.000000
 29 63.658947 -18.048008 90.245514 -0.230782 -0.842069 0.487503 0.799893 0.089937 1 22 1.000000
 29 62.769096 -18.185242 88.774399 -0.477621 -0.876847 0.054934 0.782650 0.083970 1 22 1.000000
MarioHand_alb.png
 29 64.332832 -18.515408 88.187492 0.046540 -0.987075 -0.153354 0.792569 0.065644 1 22 1.000000
 29 65.245361 -18.259821 89.408997 0.311282 -0.930030 0.195314 0.811292 0.068940 1 22 1.000000
 29 63.658947 -18.048008 90.245514 -0.230782 -0.842069 0.487503 0.799893 0.089937 1 22 1.000000
MarioHand_alb.png
 29 62.769096 -18.185242 88.774399 -0.477621 -0.876847 0.054934 0.782650 0.083970 1 22 1.000000
 29 63.658947 -18.048008 90.245514 -0.230782 -0.842069 0.487503 0.799893 0.089937 1 22 1.000000
 29 62.267265 -16.991598 90.970016 -0.362394 -0.749584 0.553891 0.791897 0.112734 1 22 1.000000
MarioHand_alb.png
 29 63.658947 -18.048008 90.245514 -0.230782 -0.842069 0.487503 0.799893 0.089937 1 22 1.000000
 29 63.643036 -16.234304 92.069305 -0.006103 -0.553237 0.833002 0.811978 0.117830 1 22 1.000000
 29 62.267265 -16.991598 90.970016 -0.362394 -0.749584 0.553891 0.791897 0.112734 1 22 1.000000
MarioHand_alb.png
 29 65.245361 -18.259821 89.408997 0.311282 -0.930030 0.195314 0.811292 0.068940 1 22 1.000000
 29 66.229172 -17.553255 89.727158 0.724735 -0.626133 0.287605 0.828031 0.066392 1 22 1.000000
 29 64.847977 -17.427389 91.136505 0.113663 -0.660425 0.742239 0.816175 0.092271 1 22 1.000000
MarioHand_alb.png
 29 65.245361 -18.259821 89.408997 0.311282 -0.930030 0.195314 0.811292 0.068940 1 22 1.000000
 29 64.847977 -17.427389 91.136505 0.113663 -0.660425 0.742239 0.816175 0.092271 1 22 1.000000
 29 63.658947 -18.048008 90.245514 -0.230782 -0.842069 0.487503 0.799893 0.089937 1 22 1.000000
MarioHand_alb.png
 29 63.658947 -18.048008 90.245514 -0.230782 -0.842069 0.487503 0.799893 0.089937 1 22 1.000000
 29 64.847977 -17.427389 91.136505 0.113663 -0.660425 0.742239 0.816175 0.092271 1 22 1.000000
 29 63.643036 -16.234304 92.069305 -0.006103 -0.553237 0.833002 0.811978 0.117830 1 22 1.000000
MarioHand_alb.png
 29 64.847977 -17.427389 91.136505 0.113663 -0.660425 0.742239 0.816175 0.092271 1 22 1.000000
 29 66.229172 -17.553255 89.727158 0.724735 -0.626133 0.287605 0.828031 0.066392 1 22 1.000000
 29 65.885567 -16.596004 91.226051 0.615861 -0.293621 0.731096 0.829511 0.093034 1 22 1.000000
MarioHand_alb.png
 29 64.847977 -17.427389 91.136505 0.113663 -0.660425 0.742239 0.816175 0.092271 1 22 1.000000
 29 65.885567 -16.596004 91.226051 0.615861 -0.293621 0.731096 0.829511 0.093034 1 22 1.000000
 29 63.643036 -16.234304 92.069305 -0.006103 -0.553237 0.833002 0.811978 0.117830 1 22 1.000000
MarioHand_alb.png
 29 68.177475 0.252349 98.286217 0.095364 0.154430 -0.983391 0.040955 0.237339 1 22 1.000000
 29 67.999207 -2.536515 99.016777 0.048827 -0.755073 -0.653820 0.079576 0.244602 1 22 1.000000
 29 66.209579 0.429522 97.788803 0.655560 0.109651 -0.747140 0.031403 0.268055 1 22 1.000000
MarioHand_alb.png
 29 70.663696 -0.037297 98.172844 0.036617 0.129201 -0.990942 0.047181 0.199695 1 22 1.000000
 29 67.999207 -2.536515 99.016777 0.048827 -0.755073 -0.653820 0.079576 0.244602 1 22 1.000000
 29 68.177475 0.252349 98.286217 0.095364 0.154430 -0.983391 0.040955 0.237339 1 22 1.000000
MarioHand_alb.png
 29 66.209579 0.429522 97.788803 0.655560 0.109651 -0.747140 0.031403 0.268055 1 22 1.000000
 29 67.999207 -2.536515 99.016777 0.048827 -0.755073 -0.653820 0.079576 0.244602 1 22 1.000000
 29 65.945435 -2.786100 98.972488 0.700376 0.101781 -0.706480 0.072404 0.280751 1 22 1.000000
MarioHand_alb.png
 29 70.663696 -0.037297 98.172844 0.036617 0.129201 -0.990942 0.047181 0.199695 1 22 1.000000
 29 70.532791 -2.612510 99.109818 -0.041197 -0.763361 -0.644657 0.083787 0.206149 1 22 1.000000
 29 67.999207 -2.536515 99.016777 0.048827 -0.755073 -0.653820 0.079576 0.244602 1 22 1.000000
MarioHand_alb.png
 29 72.684761 -0.221804 98.306480 0.038913 0.107569 -0.993436 0.053422 0.164736 1 22 1.000000
 29 70.532791 -2.612510 99.109818 -0.041197 -0.763361 -0.644657 0.083787 0.206149 1 22 1.000000
 29 70.663696 -0.037297 98.172844 0.036617 0.129201 -0.990942 0.047181 0.199695 1 22 1.000000
MarioHand_alb.png
 29 67.999207 -2.536515 99.016777 0.048827 -0.755073 -0.653820 0.079576 0.244602 1 22 1.000000
 29 68.125977 -2.736999 101.756409 0.000000 -0.997895 -0.064849 0.117159 0.246723 1 22 1.000000
 29 65.945435 -2.786100 98.972488 0.700376 0.101781 -0.706480 0.072404 0.280751 1 22 1.000000
MarioHand_alb.png
 29 67.999207 -2.536515 99.016777 0.048827 -0.755073 -0.653820 0.079576 0.244602 1 22 1.000000
 29 70.532791 -2.612510 99.109818 -0.041197 -0.763361 -0.644657 0.083787 0.206149 1 22 1.000000
 29 68.125977 -2.736999 101.756409 0.000000 -0.997895 -0.064849 0.117159 0.246723 1 22 1.000000
MarioHand_alb.png
 29 65.945435 -2.786100 98.972488 0.700376 0.101781 -0.706480 0.072404 0.280751 1 22 1.000000
 29 68.125977 -2.736999 101.756409 0.000000 -0.997895 -0.064849 0.117159 0.246723 1 22 1.000000
 29 65.701294 -3.075380 101.661270 0.985764 0.160416 0.050356 0.108888 0.283192 1 22 1.000000
MarioHand_alb.png
 29 72.684761 -0.221804 98.306480 0.038913 0.107569 -0.993436 0.053422 0.164736 1 22 1.000000
 29 72.593872 -2.684404 99.229485 -0.029756 -0.765136 -0.643181 0.088670 0.171633 1 22 1.000000
 29 70.532791 -2.612510 99.109818 -0.041197 -0.763361 -0.644657 0.083787 0.206149 1 22 1.000000
MarioHand_alb.png
 29 74.944397 -0.363609 98.350861 -0.046556 0.094067 -0.994477 0.062165 0.125048 1 22 1.000000
 29 72.593872 -2.684404 99.229485 -0.029756 -0.765136 -0.643181 0.088670 0.171633 1 22 1.000000
 29 72.684761 -0.221804 98.306480 0.038913 0.107569 -0.993436 0.053422 0.164736 1 22 1.000000
MarioHand_alb.png
 29 70.509003 -3.081774 101.831314 -0.088500 -0.993032 -0.077819 0.121355 0.209827 1 22 1.000000
 29 68.125977 -2.736999 101.756409 0.000000 -0.997895 -0.064849 0.117159 0.246723 1 22 1.000000
 29 70.532791 -2.612510 99.109818 -0.041197 -0.763361 -0.644657 0.083787 0.206149 1 22 1.000000
MarioHand_alb.png
 29 70.509003 -3.081774 101.831314 -0.088500 -0.993032 -0.077819 0.121355 0.209827 1 22 1.000000
 29 70.532791 -2.612510 99.109818 -0.041197 -0.763361 -0.644657 0.083787 0.206149 1 22 1.000000
 29 72.593872 -2.684404 99.229485 -0.029756 -0.765136 -0.643181 0.088670 0.171633 1 22 1.000000
MarioHand_alb.png
 29 68.189499 -2.751212 103.743164 0.021362 -0.977015 0.212097 0.144915 0.248829 1 22 1.000000
 29 65.701294 -3.075380 101.661270 0.985764 0.160416 0.050356 0.108888 0.283192 1 22 1.000000
 29 68.125977 -2.736999 101.756409 0.000000 -0.997895 -0.064849 0.117159 0.246723 1 22 1.000000
MarioHand_alb.png
 29 68.189499 -2.751212 103.743164 0.021362 -0.977015 0.212097 0.144915 0.248829 1 22 1.000000
 29 68.125977 -2.736999 101.756409 0.000000 -0.997895 -0.064849 0.117159 0.246723 1 22 1.000000
 29 70.509003 -3.081774 101.831314 -0.088500 -0.993032 -0.077819 0.121355 0.209827 1 22 1.000000
MarioHand_alb.png
 29 68.189499 -2.751212 103.743164 0.021362 -0.977015 0.212097 0.144915 0.248829 1 22 1.000000
 29 65.729485 -3.127838 104.961472 0.213688 -0.262436 0.940991 0.155764 0.284443 1 22 1.000000
 29 65.701294 -3.075380 101.661270 0.985764 0.160416 0.050356 0.108888 0.283192 1 22 1.000000
MarioHand_alb.png
 29 74.944397 -0.363609 98.350861 -0.046556 0.094067 -0.994477 0.062165 0.125048 1 22 1.000000
 29 74.950760 -2.751695 99.221397 -0.086969 -0.737421 -0.669811 0.095506 0.133227 1 22 1.000000
 29 72.593872 -2.684404 99.229485 -0.029756 -0.765136 -0.643181 0.088670 0.171633 1 22 1.000000
MarioHand_alb.png
 29 76.999100 -0.485968 98.133347 -0.161717 0.074383 -0.984030 0.071824 0.090394 1 22 1.000000
 29 74.950760 -2.751695 99.221397 -0.086969 -0.737421 -0.669811 0.095506 0.133227 1 22 1.000000
 29 74.944397 -0.363609 98.350861 -0.046556 0.094067 -0.994477 0.062165 0.125048 1 22 1.000000
MarioHand_alb.png
 29 68.131653 -1.940361 105.301308 0.009919 -0.501282 0.865227 0.170428 0.249943 1 22 1.000000
 29 65.729485 -3.127838 104.961472 0.213688 -0.262436 0.940991 0.155764 0.284443 1 22 1.000000
 29 68.189499 -2.751212 103.743164 0.021362 -0.977015 0.212097 0.144915 0.248829 1 22 1.000000
MarioHand_alb.png
 29 68.131653 -1.940361 105.301308 0.009919 -0.501282 0.865227 0.170428 0.249943 1 22 1.000000
 29 65.638702 0.073378 105.567146 0.098454 -0.086114 0.991409 0.195315 0.286320 1 22 1.000000
 29 65.729485 -3.127838 104.961472 0.213688 -0.262436 0.940991 0.155764 0.284443 1 22 1.000000
MarioHand_alb.png
 29 74.950760 -2.751695 99.221397 -0.086969 -0.737421 -0.669811 0.095506 0.133227 1 22 1.000000
 29 72.832268 -3.292698 101.837318 -0.070191 -0.991465 -0.109863 0.124804 0.175952 1 22 1.000000
 29 72.593872 -2.684404 99.229485 -0.029756 -0.765136 -0.643181 0.088670 0.171633 1 22 1.000000
MarioHand_alb.png
 29 72.832268 -3.292698 101.837318 -0.070191 -0.991465 -0.109863 0.124804 0.175952 1 22 1.000000
 29 70.509003 -3.081774 101.831314 -0.088500 -0.993032 -0.077819 0.121355 0.209827 1 22 1.000000
 29 72.593872 -2.684404 99.229485 -0.029756 -0.765136 -0.643181 0.088670 0.171633 1 22 1.000000
MarioHand_alb.png
 29 70.650497 -3.012716 103.711838 -0.082397 -0.955786 0.282284 0.147143 0.212131 1 22 1.000000
 29 68.189499 -2.751212 103.743164 0.021362 -0.977015 0.212097 0.144915 0.248829 1 22 1.000000
 29 70.509003 -3.081774 101.831314 -0.088500 -0.993032 -0.077819 0.121355 0.209827 1 22 1.000000
MarioHand_alb.png
 29 70.650497 -3.012716 103.711838 -0.082397 -0.955786 0.282284 0.147143 0.212131 1 22 1.000000
 29 70.509003 -3.081774 101.831314 -0.088500 -0.993032 -0.077819 0.121355 0.209827 1 22 1.000000
 29 72.832268 -3.292698 101.837318 -0.070191 -0.991465 -0.109863 0.124804 0.175952 1 22 1.000000
MarioHand_alb.png
 29 70.825348 -2.095971 105.261353 -0.013735 -0.564044 0.825630 0.172030 0.214084 1 22 1.000000
 29 68.131653 -1.940361 105.301308 0.009919 -0.501282 0.865227 0.170428 0.249943 1 22 1.000000
 29 68.189499 -2.751212 103.743164 0.021362 -0.977015 0.212097 0.144915 0.248829 1 22 1.000000
MarioHand_alb.png
 29 70.650497 -3.012716 103.711838 -0.082397 -0.955786 0.282284 0.147143 0.212131 1 22 1.000000
 29 70.825348 -2.095971 105.261353 -0.013735 -0.564044 0.825630 0.172030 0.214084 1 22 1.000000
 29 68.189499 -2.751212 103.743164 0.021362 -0.977015 0.212097 0.144915 0.248829 1 22 1.000000
MarioHand_alb.png
 29 68.271286 -0.110380 105.589783 -0.003815 -0.091899 0.995761 0.196521 0.250904 1 22 1.000000
 29 65.638702 0.073378 105.567146 0.098454 -0.086114 0.991409 0.195315 0.286320 1 22 1.000000
 29 68.131653 -1.940361 105.301308 0.009919 -0.501282 0.865227 0.170428 0.249943 1 22 1.000000
MarioHand_alb.png
 29 68.271286 -0.110380 105.589783 -0.003815 -0.091899 0.995761 0.196521 0.250904 1 22 1.000000
 29 68.131653 -1.940361 105.301308 0.009919 -0.501282 0.865227 0.170428 0.249943 1 22 1.000000
 29 70.825348 -2.095971 105.261353 -0.013735 -0.564044 0.825630 0.172030 0.214084 1 22 1.000000
MarioHand_alb.png
 29 73.041466 -3.250175 103.611588 -0.041199 -0.944811 0.325014 0.149004 0.178759 1 22 1.000000
 29 70.650497 -3.012716 103.711838 -0.082397 -0.955786 0.282284 0.147143 0.212131 1 22 1.000000
 29 72.832268 -3.292698 101.837318 -0.070191 -0.991465 -0.109863 0.124804 0.175952 1 22 1.000000
MarioHand_alb.png
 29 73.041466 -3.250175 103.611588 -0.041199 -0.944811 0.325014 0.149004 0.178759 1 22 1.000000
 29 70.825348 -2.095971 105.261353 -0.013735 -0.564044 0.825630 0.172030 0.214084 1 22 1.000000
 29 70.650497 -3.012716 103.711838 -0.082397 -0.955786 0.282284 0.147143 0.212131 1 22 1.000000
MarioHand_alb.png
 29 75.196907 -3.498194 101.633095 -0.081634 -0.988287 -0.128936 0.129335 0.138506 1 22 1.000000
 29 72.832268 -3.292698 101.837318 -0.070191 -0.991465 -0.109863 0.124804 0.175952 1 22 1.000000
 29 74.950760 -2.751695 99.221397 -0.086969 -0.737421 -0.669811 0.095506 0.133227 1 22 1.000000
MarioHand_alb.png
 29 75.196907 -3.498194 101.633095 -0.081634 -0.988287 -0.128936 0.129335 0.138506 1 22 1.000000
 29 73.041466 -3.250175 103.611588 -0.041199 -0.944811 0.325014 0.149004 0.178759 1 22 1.000000
 29 72.832268 -3.292698 101.837318 -0.070191 -0.991465 -0.109863 0.124804 0.175952 1 22 1.000000
MarioHand_alb.png
 29 77.043198 -2.832481 98.993439 -0.156423 -0.673336 -0.722600 0.103441 0.100328 1 22 1.000000
 29 75.196907 -3.498194 101.633095 -0.081634 -0.988287 -0.128936 0.129335 0.138506 1 22 1.000000
 29 74.950760 -2.751695 99.221397 -0.086969 -0.737421 -0.669811 0.095506 0.133227 1 22 1.000000
MarioHand_alb.png
 29 76.999100 -0.485968 98.133347 -0.161717 0.074383 -0.984030 0.071824 0.090394 1 22 1.000000
 29 77.043198 -2.832481 98.993439 -0.156423 -0.673336 -0.722600 0.103441 0.100328 1 22 1.000000
 29 74.950760 -2.751695 99.221397 -0.086969 -0.737421 -0.669811 0.095506 0.133227 1 22 1.000000
MarioHand_alb.png
 29 75.658615 -3.403374 103.327133 0.001526 -0.932023 0.362395 0.151995 0.142123 1 22 1.000000
 29 73.041466 -3.250175 103.611588 -0.041199 -0.944811 0.325014 0.149004 0.178759 1 22 1.000000
 29 75.196907 -3.498194 101.633095 -0.081634 -0.988287 -0.128936 0.129335 0.138506 1 22 1.000000
MarioHand_alb.png
 29 79.033119 -2.818908 98.531395 -0.061027 -0.569029 -0.820050 0.114229 0.069535 1 22 1.000000
 29 77.043198 -2.832481 98.993439 -0.156423 -0.673336 -0.722600 0.103441 0.100328 1 22 1.000000
 29 76.999100 -0.485968 98.133347 -0.161717 0.074383 -0.984030 0.071824 0.090394 1 22 1.000000
MarioHand_alb.png
 29 79.033119 -2.818908 98.531395 -0.061027 -0.569029 -0.820050 0.114229 0.069535 1 22 1.000000
 29 76.999100 -0.485968 98.133347 -0.161717 0.074383 -0.984030 0.071824 0.090394 1 22 1.000000
 29 78.942490 -0.598305 97.707436 -0.079339 0.050838 -0.995551 0.085740 0.057664 1 22 1.000000
MarioHand_alb.png
 29 80.799164 -0.736837 97.910614 0.356200 0.009785 -0.934358 0.103166 0.034180 1 22 1.000000
 29 79.033119 -2.818908 98.531395 -0.061027 -0.569029 -0.820050 0.114229 0.069535 1 22 1.000000
 29 78.942490 -0.598305 97.707436 -0.079339 0.050838 -0.995551 0.085740 0.057664 1 22 1.000000
MarioHand_alb.png
 29 77.444855 -3.762900 101.206924 -0.076294 -0.991511 -0.105286 0.135424 0.106584 1 22 1.000000
 29 75.196907 -3.498194 101.633095 -0.081634 -0.988287 -0.128936 0.129335 0.138506 1 22 1.000000
 29 77.043198 -2.832481 98.993439 -0.156423 -0.673336 -0.722600 0.103441 0.100328 1 22 1.000000
MarioHand_alb.png
 29 77.444855 -3.762900 101.206924 -0.076294 -0.991511 -0.105286 0.135424 0.106584 1 22 1.000000
 29 75.658615 -3.403374 103.327133 0.001526 -0.932023 0.362395 0.151995 0.142123 1 22 1.000000
 29 75.196907 -3.498194 101.633095 -0.081634 -0.988287 -0.128936 0.129335 0.138506 1 22 1.000000
MarioHand_alb.png
 29 80.870438 -2.483362 98.558640 0.421104 -0.483421 -0.767447 0.125582 0.045960 1 22 1.000000
 29 79.033119 -2.818908 98.531395 -0.061027 -0.569029 -0.820050 0.114229 0.069535 1 22 1.000000
 29 80.799164 -0.736837 97.910614 0.356200 0.009785 -0.934358 0.103166 0.034180 1 22 1.000000
MarioHand_alb.png
 29 80.870438 -2.483362 98.558640 0.421104 -0.483421 -0.767447 0.125582 0.045960 1 22 1.000000
 29 80.799164 -0.736837 97.910614 0.356200 0.009785 -0.934358 0.103166 0.034180 1 22 1.000000
 29 82.250641 -0.922913 100.126221 0.963759 -0.058822 -0.260207 0.136248 0.014069 1 22 1.000000
MarioHand_alb.png
 29 81.283112 -3.287685 100.252121 0.627908 -0.737988 -0.247196 0.153567 0.047578 1 22 1.000000
 29 80.870438 -2.483362 98.558640 0.421104 -0.483421 -0.767447 0.125582 0.045960 1 22 1.000000
 29 82.250641 -0.922913 100.126221 0.963759 -0.058822 -0.260207 0.136248 0.014069 1 22 1.000000
MarioHand_alb.png
 29 81.283112 -3.287685 100.252121 0.627908 -0.737988 -0.247196 0.153567 0.047578 1 22 1.000000
 29 79.033119 -2.818908 98.531395 -0.061027 -0.569029 -0.820050 0.114229 0.069535 1 22 1.000000
 29 80.870438 -2.483362 98.558640 0.421104 -0.483421 -0.767447 0.125582 0.045960 1 22 1.000000
MarioHand_alb.png
 29 79.557808 -3.841559 100.684563 0.067901 -0.989815 -0.125122 0.143786 0.075166 1 22 1.000000
 29 77.043198 -2.832481 98.993439 -0.156423 -0.673336 -0.722600 0.103441 0.100328 1 22 1.000000
 29 79.033119 -2.818908 98.531395 -0.061027 -0.569029 -0.820050 0.114229 0.069535 1 22 1.000000
MarioHand_alb.png
 29 81.283112 -3.287685 100.252121 0.627908 -0.737988 -0.247196 0.153567 0.047578 1 22 1.000000
 29 79.557808 -3.841559 100.684563 0.067901 -0.989815 -0.125122 0.143786 0.075166 1 22 1.000000
 29 79.033119 -2.818908 98.531395 -0.061027 -0.569029 -0.820050 0.114229 0.069535 1 22 1.000000
MarioHand_alb.png
 29 79.557808 -3.841559 100.684563 0.067901 -0.989815 -0.125122 0.143786 0.075166 1 22 1.000000
 29 77.444855 -3.762900 101.206924 -0.076294 -0.991511 -0.105286 0.135424 0.106584 1 22 1.000000
 29 77.043198 -2.832481 98.993439 -0.156423 -0.673336 -0.722600 0.103441 0.100328 1 22 1.000000
MarioHand_alb.png
 29 79.557808 -3.841559 100.684563 0.067901 -0.989815 -0.125122 0.143786 0.075166 1 22 1.000000
 29 77.870804 -3.531990 102.802406 0.056457 -0.924846 0.376128 0.156237 0.110994 1 22 1.000000
 29 77.444855 -3.762900 101.206924 -0.076294 -0.991511 -0.105286 0.135424 0.106584 1 22 1.000000
MarioHand_alb.png
 29 77.870804 -3.531990 102.802406 0.056457 -0.924846 0.376128 0.156237 0.110994 1 22 1.000000
 29 75.658615 -3.403374 103.327133 0.001526 -0.932023 0.362395 0.151995 0.142123 1 22 1.000000
 29 77.444855 -3.762900 101.206924 -0.076294 -0.991511 -0.105286 0.135424 0.106584 1 22 1.000000
MarioHand_alb.png
 29 81.283112 -3.287685 100.252121 0.627908 -0.737988 -0.247196 0.153567 0.047578 1 22 1.000000
 29 80.007095 -3.521448 102.263481 0.195312 -0.909804 0.366210 0.162249 0.080827 1 22 1.000000
 29 79.557808 -3.841559 100.684563 0.067901 -0.989815 -0.125122 0.143786 0.075166 1 22 1.000000
MarioHand_alb.png
 29 80.007095 -3.521448 102.263481 0.195312 -0.909804 0.366210 0.162249 0.080827 1 22 1.000000
 29 77.870804 -3.531990 102.802406 0.056457 -0.924846 0.376128 0.156237 0.110994 1 22 1.000000
 29 79.557808 -3.841559 100.684563 0.067901 -0.989815 -0.125122 0.143786 0.075166 1 22 1.000000
MarioHand_alb.png
 29 81.779770 -2.674632 101.940636 0.804752 -0.548047 0.228077 0.176287 0.058839 1 22 1.000000
 29 80.007095 -3.521448 102.263481 0.195312 -0.909804 0.366210 0.162249 0.080827 1 22 1.000000
 29 81.283112 -3.287685 100.252121 0.627908 -0.737988 -0.247196 0.153567 0.047578 1 22 1.000000
MarioHand_alb.png
 29 82.250641 -0.922913 100.126221 0.963759 -0.058822 -0.260207 0.199527 0.031968 1 22 1.000000
 29 81.779770 -2.674632 101.940636 0.804752 -0.548047 0.228077 0.176287 0.058839 1 22 1.000000
 29 81.283112 -3.287685 100.252121 0.627908 -0.737988 -0.247196 0.153567 0.047578 1 22 1.000000
MarioHand_alb.png
 29 80.007095 -3.521448 102.263481 0.195312 -0.909804 0.366210 0.162249 0.080827 1 22 1.000000
 29 78.270630 -2.528707 104.050247 0.199897 -0.561971 0.802639 0.176440 0.114183 1 22 1.000000
 29 77.870804 -3.531990 102.802406 0.056457 -0.924846 0.376128 0.156237 0.110994 1 22 1.000000
MarioHand_alb.png
 29 77.870804 -3.531990 102.802406 0.056457 -0.924846 0.376128 0.156237 0.110994 1 22 1.000000
 29 78.270630 -2.528707 104.050247 0.199897 -0.561971 0.802639 0.176440 0.114183 1 22 1.000000
 29 75.658615 -3.403374 103.327133 0.001526 -0.932023 0.362395 0.151995 0.142123 1 22 1.000000
MarioHand_alb.png
 29 81.779770 -2.674632 101.940636 0.804752 -0.548047 0.228077 0.176287 0.058839 1 22 1.000000
 29 80.364761 -2.536623 103.416725 0.328021 -0.556158 0.763603 0.179797 0.085298 1 22 1.000000
 29 80.007095 -3.521448 102.263481 0.195312 -0.909804 0.366210 0.162249 0.080827 1 22 1.000000
MarioHand_alb.png
 29 80.364761 -2.536623 103.416725 0.328021 -0.556158 0.763603 0.179797 0.085298 1 22 1.000000
 29 78.270630 -2.528707 104.050247 0.199897 -0.561971 0.802639 0.176440 0.114183 1 22 1.000000
 29 80.007095 -3.521448 102.263481 0.195312 -0.909804 0.366210 0.162249 0.080827 1 22 1.000000
MarioHand_alb.png
 29 82.250641 -0.922913 100.126221 0.963759 -0.058822 -0.260207 0.199527 0.031968 1 22 1.000000
 29 82.107300 -1.013012 102.776085 0.892729 -0.076373 0.444075 0.199374 0.063401 1 22 1.000000
 29 81.779770 -2.674632 101.940636 0.804752 -0.548047 0.228077 0.176287 0.058839 1 22 1.000000
MarioHand_alb.png
 29 81.779770 -2.674632 101.940636 0.804752 -0.548047 0.228077 0.176287 0.058839 1 22 1.000000
 29 82.107300 -1.013012 102.776085 0.892729 -0.076373 0.444075 0.199374 0.063401 1 22 1.000000
 29 80.364761 -2.536623 103.416725 0.328021 -0.556158 0.763603 0.179797 0.085298 1 22 1.000000
MarioHand_alb.png
 29 82.250641 -0.922913 100.126221 0.963759 -0.058822 -0.260207 0.199527 0.031968 1 22 1.000000
 29 82.007797 0.728403 102.025467 0.870640 0.415069 0.264015 0.222538 0.058854 1 22 1.000000
 29 82.107300 -1.013012 102.776085 0.892729 -0.076373 0.444075 0.199374 0.063401 1 22 1.000000
MarioHand_alb.png
 29 82.250641 -0.922913 100.126221 0.963759 -0.058822 -0.260207 0.199527 0.031968 1 22 1.000000
 29 81.623360 1.537834 100.434555 0.727848 0.657335 -0.195314 0.245212 0.048173 1 22 1.000000
 29 82.007797 0.728403 102.025467 0.870640 0.415069 0.264015 0.222538 0.058854 1 22 1.000000
MarioHand_alb.png
 29 82.107300 -1.013012 102.776085 0.892729 -0.076373 0.444075 0.199374 0.063401 1 22 1.000000
 29 80.605713 -0.949446 103.893608 0.387488 -0.080246 0.918376 0.199115 0.086870 1 22 1.000000
 29 80.364761 -2.536623 103.416725 0.328021 -0.556158 0.763603 0.179797 0.085298 1 22 1.000000
MarioHand_alb.png
 29 82.107300 -1.013012 102.776085 0.892729 -0.076373 0.444075 0.199374 0.063401 1 22 1.000000
 29 82.007797 0.728403 102.025467 0.870640 0.415069 0.264015 0.222538 0.058854 1 22 1.000000
 29 80.612503 0.652206 103.564323 0.416571 0.459696 0.784314 0.218097 0.085801 1 22 1.000000
MarioHand_alb.png
 29 82.107300 -1.013012 102.776085 0.892729 -0.076373 0.444075 0.199374 0.063401 1 22 1.000000
 29 80.612503 0.652206 103.564323 0.416571 0.459696 0.784314 0.218097 0.085801 1 22 1.000000
 29 80.605713 -0.949446 103.893608 0.387488 -0.080246 0.918376 0.199115 0.086870 1 22 1.000000
MarioHand_alb.png
 29 80.364761 -2.536623 103.416725 0.328021 -0.556158 0.763603 0.179797 0.085298 1 22 1.000000
 29 80.605713 -0.949446 103.893608 0.387488 -0.080246 0.918376 0.199115 0.086870 1 22 1.000000
 29 78.509583 -0.826789 104.543671 0.274705 -0.086257 0.957652 0.198535 0.115465 1 22 1.000000
MarioHand_alb.png
 29 80.605713 -0.949446 103.893608 0.387488 -0.080246 0.918376 0.199115 0.086870 1 22 1.000000
 29 80.612503 0.652206 103.564323 0.416571 0.459696 0.784314 0.218097 0.085801 1 22 1.000000
 29 78.509583 -0.826789 104.543671 0.274705 -0.086257 0.957652 0.198535 0.115465 1 22 1.000000
MarioHand_alb.png
 29 80.364761 -2.536623 103.416725 0.328021 -0.556158 0.763603 0.179797 0.085298 1 22 1.000000
 29 78.509583 -0.826789 104.543671 0.274705 -0.086257 0.957652 0.198535 0.115465 1 22 1.000000
 29 78.270630 -2.528707 104.050247 0.199897 -0.561971 0.802639 0.176440 0.114183 1 22 1.000000
MarioHand_alb.png
 29 82.007797 0.728403 102.025467 0.870640 0.415069 0.264015 0.222538 0.058854 1 22 1.000000
 29 80.345863 1.877118 102.314178 0.334924 0.839039 0.428764 0.237812 0.080934 1 22 1.000000
 29 80.612503 0.652206 103.564323 0.416571 0.459696 0.784314 0.218097 0.085801 1 22 1.000000
MarioHand_alb.png
 29 82.007797 0.728403 102.025467 0.870640 0.415069 0.264015 0.222538 0.058854 1 22 1.000000
 29 81.623360 1.537834 100.434555 0.727848 0.657335 -0.195314 0.245212 0.048173 1 22 1.000000
 29 80.345863 1.877118 102.314178 0.334924 0.839039 0.428764 0.237812 0.080934 1 22 1.000000
MarioHand_alb.png
 29 80.612503 0.652206 103.564323 0.416571 0.459696 0.784314 0.218097 0.085801 1 22 1.000000
 29 78.540215 0.890721 104.281189 0.299874 0.457625 0.837051 0.220188 0.114855 1 22 1.000000
 29 78.509583 -0.826789 104.543671 0.274705 -0.086257 0.957652 0.198535 0.115465 1 22 1.000000
MarioHand_alb.png
 29 78.509583 -0.826789 104.543671 0.274705 -0.086257 0.957652 0.198535 0.115465 1 22 1.000000
 29 76.213089 -0.685200 105.096565 0.185336 -0.090011 0.978544 0.197986 0.145922 1 22 1.000000
 29 78.270630 -2.528707 104.050247 0.199897 -0.561971 0.802639 0.176440 0.114183 1 22 1.000000
MarioHand_alb.png
 29 78.509583 -0.826789 104.543671 0.274705 -0.086257 0.957652 0.198535 0.115465 1 22 1.000000
 29 78.540215 0.890721 104.281189 0.299874 0.457625 0.837051 0.220188 0.114855 1 22 1.000000
 29 76.213089 -0.685200 105.096565 0.185336 -0.090011 0.978544 0.197986 0.145922 1 22 1.000000
MarioHand_alb.png
 29 76.213089 -0.685200 105.096565 0.185336 -0.090011 0.978544 0.197986 0.145922 1 22 1.000000
 29 76.009453 -2.404917 104.651939 0.125132 -0.553676 0.823277 0.174228 0.144747 1 22 1.000000
 29 78.270630 -2.528707 104.050247 0.199897 -0.561971 0.802639 0.176440 0.114183 1 22 1.000000
MarioHand_alb.png
 29 76.009453 -2.404917 104.651939 0.125132 -0.553676 0.823277 0.174228 0.144747 1 22 1.000000
 29 75.658615 -3.403374 103.327133 0.001526 -0.932023 0.362395 0.151995 0.142123 1 22 1.000000
 29 78.270630 -2.528707 104.050247 0.199897 -0.561971 0.802639 0.176440 0.114183 1 22 1.000000
MarioHand_alb.png
 29 80.612503 0.652206 103.564323 0.416571 0.459696 0.784314 0.218097 0.085801 1 22 1.000000
 29 78.263535 2.110787 102.998413 0.207517 0.871264 0.444787 0.242206 0.111681 1 22 1.000000
 29 78.540215 0.890721 104.281189 0.299874 0.457625 0.837051 0.220188 0.114855 1 22 1.000000
MarioHand_alb.png
 29 80.612503 0.652206 103.564323 0.416571 0.459696 0.784314 0.218097 0.085801 1 22 1.000000
 29 80.345863 1.877118 102.314178 0.334924 0.839039 0.428764 0.237812 0.080934 1 22 1.000000
 29 78.263535 2.110787 102.998413 0.207517 0.871264 0.444787 0.242206 0.111681 1 22 1.000000
MarioHand_alb.png
 29 76.009453 -2.404917 104.651939 0.125132 -0.553676 0.823277 0.174228 0.144747 1 22 1.000000
 29 73.291626 -2.254385 105.036446 0.048834 -0.564362 0.824082 0.172808 0.181033 1 22 1.000000
 29 75.658615 -3.403374 103.327133 0.001526 -0.932023 0.362395 0.151995 0.142123 1 22 1.000000
MarioHand_alb.png
 29 75.658615 -3.403374 103.327133 0.001526 -0.932023 0.362395 0.151995 0.142123 1 22 1.000000
 29 73.291626 -2.254385 105.036446 0.048834 -0.564362 0.824082 0.172808 0.181033 1 22 1.000000
 29 73.041466 -3.250175 103.611588 -0.041199 -0.944811 0.325014 0.149004 0.178759 1 22 1.000000
MarioHand_alb.png
 29 73.291626 -2.254385 105.036446 0.048834 -0.564362 0.824082 0.172808 0.181033 1 22 1.000000
 29 70.825348 -2.095971 105.261353 -0.013735 -0.564044 0.825630 0.172030 0.214084 1 22 1.000000
 29 73.041466 -3.250175 103.611588 -0.041199 -0.944811 0.325014 0.149004 0.178759 1 22 1.000000
MarioHand_alb.png
 29 76.009453 -2.404917 104.651939 0.125132 -0.553676 0.823277 0.174228 0.144747 1 22 1.000000
 29 73.469215 -0.504124 105.498329 0.103740 -0.086065 0.990874 0.197894 0.181872 1 22 1.000000
 29 73.291626 -2.254385 105.036446 0.048834 -0.564362 0.824082 0.172808 0.181033 1 22 1.000000
MarioHand_alb.png
 29 76.213089 -0.685200 105.096565 0.185336 -0.090011 0.978544 0.197986 0.145922 1 22 1.000000
 29 73.469215 -0.504124 105.498329 0.103740 -0.086065 0.990874 0.197894 0.181872 1 22 1.000000
 29 76.009453 -2.404917 104.651939 0.125132 -0.553676 0.823277 0.174228 0.144747 1 22 1.000000
MarioHand_alb.png
 29 73.291626 -2.254385 105.036446 0.048834 -0.564362 0.824082 0.172808 0.181033 1 22 1.000000
 29 70.972214 -0.316160 105.636887 0.033578 -0.084115 0.995890 0.197452 0.214984 1 22 1.000000
 29 70.825348 -2.095971 105.261353 -0.013735 -0.564044 0.825630 0.172030 0.214084 1 22 1.000000
MarioHand_alb.png
 29 73.469215 -0.504124 105.498329 0.103740 -0.086065 0.990874 0.197894 0.181872 1 22 1.000000
 29 70.972214 -0.316160 105.636887 0.033578 -0.084115 0.995890 0.197452 0.214984 1 22 1.000000
 29 73.291626 -2.254385 105.036446 0.048834 -0.564362 0.824082 0.172808 0.181033 1 22 1.000000
MarioHand_alb.png
 29 70.972214 -0.316160 105.636887 0.033578 -0.084115 0.995890 0.197452 0.214984 1 22 1.000000
 29 68.271286 -0.110380 105.589783 -0.003815 -0.091899 0.995761 0.196521 0.250904 1 22 1.000000
 29 70.825348 -2.095971 105.261353 -0.013735 -0.564044 0.825630 0.172030 0.214084 1 22 1.000000
MarioHand_alb.png
 29 76.213089 -0.685200 105.096565 0.185336 -0.090011 0.978544 0.197986 0.145922 1 22 1.000000
 29 76.292831 1.103624 104.951118 0.207504 0.434282 0.876551 0.221851 0.145327 1 22 1.000000
 29 73.469215 -0.504124 105.498329 0.103740 -0.086065 0.990874 0.197894 0.181872 1 22 1.000000
MarioHand_alb.png
 29 78.540215 0.890721 104.281189 0.299874 0.457625 0.837051 0.220188 0.114855 1 22 1.000000
 29 76.292831 1.103624 104.951118 0.207504 0.434282 0.876551 0.221851 0.145327 1 22 1.000000
 29 76.213089 -0.685200 105.096565 0.185336 -0.090011 0.978544 0.197986 0.145922 1 22 1.000000
MarioHand_alb.png
 29 73.569290 1.312011 105.300232 0.133509 0.430616 0.892606 0.223148 0.181552 1 22 1.000000
 29 70.972214 -0.316160 105.636887 0.033578 -0.084115 0.995890 0.197452 0.214984 1 22 1.000000
 29 73.469215 -0.504124 105.498329 0.103740 -0.086065 0.990874 0.197894 0.181872 1 22 1.000000
MarioHand_alb.png
 29 76.292831 1.103624 104.951118 0.207504 0.434282 0.876551 0.221851 0.145327 1 22 1.000000
 29 73.569290 1.312011 105.300232 0.133509 0.430616 0.892606 0.223148 0.181552 1 22 1.000000
 29 73.469215 -0.504124 105.498329 0.103740 -0.086065 0.990874 0.197894 0.181872 1 22 1.000000
MarioHand_alb.png
 29 78.540215 0.890721 104.281189 0.299874 0.457625 0.837051 0.220188 0.114855 1 22 1.000000
 29 76.087234 2.235104 103.682968 0.138854 0.891944 0.430296 0.244282 0.143114 1 22 1.000000
 29 76.292831 1.103624 104.951118 0.207504 0.434282 0.876551 0.221851 0.145327 1 22 1.000000
MarioHand_alb.png
 29 76.087234 2.235104 103.682968 0.138854 0.891944 0.430296 0.244282 0.143114 1 22 1.000000
 29 73.569290 1.312011 105.300232 0.133509 0.430616 0.892606 0.223148 0.181552 1 22 1.000000
 29 76.292831 1.103624 104.951118 0.207504 0.434282 0.876551 0.221851 0.145327 1 22 1.000000
MarioHand_alb.png
 29 78.263535 2.110787 102.998413 0.207517 0.871264 0.444787 0.242206 0.111681 1 22 1.000000
 29 76.087234 2.235104 103.682968 0.138854 0.891944 0.430296 0.244282 0.143114 1 22 1.000000
 29 78.540215 0.890721 104.281189 0.299874 0.457625 0.837051 0.220188 0.114855 1 22 1.000000
MarioHand_alb.png
 29 73.569290 1.312011 105.300232 0.133509 0.430616 0.892606 0.223148 0.181552 1 22 1.000000
 29 71.091003 1.538291 105.548386 0.082407 0.417460 0.904951 0.223377 0.215000 1 22 1.000000
 29 70.972214 -0.316160 105.636887 0.033578 -0.084115 0.995890 0.197452 0.214984 1 22 1.000000
MarioHand_alb.png
 29 70.972214 -0.316160 105.636887 0.033578 -0.084115 0.995890 0.197452 0.214984 1 22 1.000000
 29 71.091003 1.538291 105.548386 0.082407 0.417460 0.904951 0.223377 0.215000 1 22 1.000000
 29 68.271286 -0.110380 105.589783 -0.003815 -0.091899 0.995761 0.196521 0.250904 1 22 1.000000
MarioHand_alb.png
 29 76.087234 2.235104 103.682968 0.138854 0.891944 0.430296 0.244282 0.143114 1 22 1.000000
 29 73.464355 2.360034 104.049057 0.107575 0.912932 0.393678 0.245426 0.179919 1 22 1.000000
 29 73.569290 1.312011 105.300232 0.133509 0.430616 0.892606 0.223148 0.181552 1 22 1.000000
MarioHand_alb.png
 29 73.569290 1.312011 105.300232 0.133509 0.430616 0.892606 0.223148 0.181552 1 22 1.000000
 29 73.464355 2.360034 104.049057 0.107575 0.912932 0.393678 0.245426 0.179919 1 22 1.000000
 29 71.091003 1.538291 105.548386 0.082407 0.417460 0.904951 0.223377 0.215000 1 22 1.000000
MarioHand_alb.png
 29 78.263535 2.110787 102.998413 0.207517 0.871264 0.444787 0.242206 0.111681 1 22 1.000000
 29 75.678627 2.457854 102.085091 0.042725 0.996980 -0.064850 0.265705 0.140002 1 22 1.000000
 29 76.087234 2.235104 103.682968 0.138854 0.891944 0.430296 0.244282 0.143114 1 22 1.000000
MarioHand_alb.png
 29 75.678627 2.457854 102.085091 0.042725 0.996980 -0.064850 0.265705 0.140002 1 22 1.000000
 29 73.464355 2.360034 104.049057 0.107575 0.912932 0.393678 0.245426 0.179919 1 22 1.000000
 29 76.087234 2.235104 103.682968 0.138854 0.891944 0.430296 0.244282 0.143114 1 22 1.000000
MarioHand_alb.png
 29 71.091003 1.538291 105.548386 0.082407 0.417460 0.904951 0.223377 0.215000 1 22 1.000000
 29 68.388924 1.768351 105.672234 0.064850 0.330785 0.941475 0.223255 0.251057 1 22 1.000000
 29 68.271286 -0.110380 105.589783 -0.003815 -0.091899 0.995761 0.196521 0.250904 1 22 1.000000
MarioHand_alb.png
 29 68.271286 -0.110380 105.589783 -0.003815 -0.091899 0.995761 0.196521 0.250904 1 22 1.000000
 29 68.388924 1.768351 105.672234 0.064850 0.330785 0.941475 0.223255 0.251057 1 22 1.000000
 29 65.638702 0.073378 105.567146 0.098454 -0.086114 0.991409 0.195315 0.286320 1 22 1.000000
MarioHand_alb.png
 29 68.388924 1.768351 105.672234 0.064850 0.330785 0.941475 0.223255 0.251057 1 22 1.000000
 29 66.265640 3.571249 105.367439 0.340240 0.117339 0.932989 0.234424 0.288930 1 22 1.000000
 29 65.638702 0.073378 105.567146 0.098454 -0.086114 0.991409 0.195315 0.286320 1 22 1.000000
MarioHand_alb.png
 29 73.464355 2.360034 104.049057 0.107575 0.912932 0.393678 0.245426 0.179919 1 22 1.000000
 29 71.069702 2.585319 104.278610 0.103761 0.924121 0.367741 0.245777 0.213520 1 22 1.000000
 29 71.091003 1.538291 105.548386 0.082407 0.417460 0.904951 0.223377 0.215000 1 22 1.000000
MarioHand_alb.png
 29 71.069702 2.585319 104.278610 0.103761 0.924121 0.367741 0.245777 0.213520 1 22 1.000000
 29 68.388924 1.768351 105.672234 0.064850 0.330785 0.941475 0.223255 0.251057 1 22 1.000000
 29 71.091003 1.538291 105.548386 0.082407 0.417460 0.904951 0.223377 0.215000 1 22 1.000000
MarioHand_alb.png
 29 68.388924 1.768351 105.672234 0.064850 0.330785 0.941475 0.223255 0.251057 1 22 1.000000
 29 68.435524 2.860136 104.266289 0.187683 0.945451 0.266266 0.247395 0.250568 1 22 1.000000
 29 66.265640 3.571249 105.367439 0.340240 0.117339 0.932989 0.234424 0.288930 1 22 1.000000
MarioHand_alb.png
 29 71.069702 2.585319 104.278610 0.103761 0.924121 0.367741 0.245777 0.213520 1 22 1.000000
 29 68.435524 2.860136 104.266289 0.187683 0.945451 0.266266 0.247395 0.250568 1 22 1.000000
 29 68.388924 1.768351 105.672234 0.064850 0.330785 0.941475 0.223255 0.251057 1 22 1.000000
MarioHand_alb.png
 29 66.265640 3.571249 105.367439 0.340240 0.117339 0.932989 0.234424 0.288930 1 22 1.000000
 29 68.435524 2.860136 104.266289 0.187683 0.945451 0.266266 0.247395 0.250568 1 22 1.000000
 29 66.004440 3.206443 102.335686 0.598910 0.800589 -0.019074 0.274846 0.283162 1 22 1.000000
MarioHand_alb.png
 29 73.283066 2.554430 102.436272 0.071717 0.996574 -0.041199 0.267750 0.177462 1 22 1.000000
 29 71.069702 2.585319 104.278610 0.103761 0.924121 0.367741 0.245777 0.213520 1 22 1.000000
 29 73.464355 2.360034 104.049057 0.107575 0.912932 0.393678 0.245426 0.179919 1 22 1.000000
MarioHand_alb.png
 29 75.678627 2.457854 102.085091 0.042725 0.996980 -0.064850 0.265705 0.140002 1 22 1.000000
 29 73.283066 2.554430 102.436272 0.071717 0.996574 -0.041199 0.267750 0.177462 1 22 1.000000
 29 73.464355 2.360034 104.049057 0.107575 0.912932 0.393678 0.245426 0.179919 1 22 1.000000
MarioHand_alb.png
 29 70.943130 2.673058 102.549026 0.095368 0.995213 -0.021362 0.269459 0.211353 1 22 1.000000
 29 68.435524 2.860136 104.266289 0.187683 0.945451 0.266266 0.247395 0.250568 1 22 1.000000
 29 71.069702 2.585319 104.278610 0.103761 0.924121 0.367741 0.245777 0.213520 1 22 1.000000
MarioHand_alb.png
 29 73.283066 2.554430 102.436272 0.071717 0.996574 -0.041199 0.267750 0.177462 1 22 1.000000
 29 70.943130 2.673058 102.549026 0.095368 0.995213 -0.021362 0.269459 0.211353 1 22 1.000000
 29 71.069702 2.585319 104.278610 0.103761 0.924121 0.367741 0.245777 0.213520 1 22 1.000000
MarioHand_alb.png
 29 68.315018 2.915411 102.567673 0.105286 0.994161 -0.023651 0.271336 0.249348 1 22 1.000000
 29 66.004440 3.206443 102.335686 0.598910 0.800589 -0.019074 0.274846 0.283162 1 22 1.000000
 29 68.435524 2.860136 104.266289 0.187683 0.945451 0.266266 0.247395 0.250568 1 22 1.000000
MarioHand_alb.png
 29 70.943130 2.673058 102.549026 0.095368 0.995213 -0.021362 0.269459 0.211353 1 22 1.000000
 29 68.315018 2.915411 102.567673 0.105286 0.994161 -0.023651 0.271336 0.249348 1 22 1.000000
 29 68.435524 2.860136 104.266289 0.187683 0.945451 0.266266 0.247395 0.250568 1 22 1.000000
MarioHand_alb.png
 29 68.102180 2.820672 99.765594 0.128937 0.856977 -0.498965 0.309957 0.248524 1 22 1.000000
 29 66.004440 3.206443 102.335686 0.598910 0.800589 -0.019074 0.274846 0.283162 1 22 1.000000
 29 68.315018 2.915411 102.567673 0.105286 0.994161 -0.023651 0.271336 0.249348 1 22 1.000000
MarioHand_alb.png
 29 68.102180 2.820672 99.765594 0.128937 0.856977 -0.498965 0.309957 0.248524 1 22 1.000000
 29 65.467346 3.087295 99.427719 0.653328 0.215232 -0.725836 0.314824 0.284916 1 22 1.000000
 29 66.004440 3.206443 102.335686 0.598910 0.800589 -0.019074 0.274846 0.283162 1 22 1.000000
MarioHand_alb.png
 29 66.209579 0.429522 97.788803 0.655560 0.109651 -0.747140 0.356176 0.271916 1 22 1.000000
 29 65.467346 3.087295 99.427719 0.653328 0.215232 -0.725836 0.314824 0.284916 1 22 1.000000
 29 68.102180 2.820672 99.765594 0.128937 0.856977 -0.498965 0.309957 0.248524 1 22 1.000000
MarioHand_alb.png
 29 68.177475 0.252349 98.286217 0.095364 0.154430 -0.983391 0.349599 0.240528 1 22 1.000000
 29 66.209579 0.429522 97.788803 0.655560 0.109651 -0.747140 0.356176 0.271916 1 22 1.000000
 29 68.102180 2.820672 99.765594 0.128937 0.856977 -0.498965 0.309957 0.248524 1 22 1.000000
MarioHand_alb.png
 29 70.869789 2.532411 99.797531 0.092316 0.848963 -0.520326 0.306676 0.207782 1 22 1.000000
 29 68.102180 2.820672 99.765594 0.128937 0.856977 -0.498965 0.309957 0.248524 1 22 1.000000
 29 68.315018 2.915411 102.567673 0.105286 0.994161 -0.023651 0.271336 0.249348 1 22 1.000000
MarioHand_alb.png
 29 68.177475 0.252349 98.286217 0.095364 0.154430 -0.983391 0.349599 0.240528 1 22 1.000000
 29 68.102180 2.820672 99.765594 0.128937 0.856977 -0.498965 0.309957 0.248524 1 22 1.000000
 29 70.869789 2.532411 99.797531 0.092316 0.848963 -0.520326 0.306676 0.207782 1 22 1.000000
MarioHand_alb.png
 29 70.943130 2.673058 102.549026 0.095368 0.995213 -0.021362 0.269459 0.211353 1 22 1.000000
 29 70.869789 2.532411 99.797531 0.092316 0.848963 -0.520326 0.306676 0.207782 1 22 1.000000
 29 68.315018 2.915411 102.567673 0.105286 0.994161 -0.023651 0.271336 0.249348 1 22 1.000000
MarioHand_alb.png
 29 70.663696 -0.037297 98.172844 0.036617 0.129201 -0.990942 0.347814 0.202472 1 22 1.000000
 29 68.177475 0.252349 98.286217 0.095364 0.154430 -0.983391 0.349599 0.240528 1 22 1.000000
 29 70.869789 2.532411 99.797531 0.092316 0.848963 -0.520326 0.306676 0.207782 1 22 1.000000
MarioHand_alb.png
 29 72.972664 2.190184 99.781235 0.072478 0.830448 -0.552361 0.304097 0.173358 1 22 1.000000
 29 70.869789 2.532411 99.797531 0.092316 0.848963 -0.520326 0.306676 0.207782 1 22 1.000000
 29 70.943130 2.673058 102.549026 0.095368 0.995213 -0.021362 0.269459 0.211353 1 22 1.000000
MarioHand_alb.png
 29 72.972664 2.190184 99.781235 0.072478 0.830448 -0.552361 0.304097 0.173358 1 22 1.000000
 29 70.663696 -0.037297 98.172844 0.036617 0.129201 -0.990942 0.347814 0.202472 1 22 1.000000
 29 70.869789 2.532411 99.797531 0.092316 0.848963 -0.520326 0.306676 0.207782 1 22 1.000000
MarioHand_alb.png
 29 72.972664 2.190184 99.781235 0.072478 0.830448 -0.552361 0.304097 0.173358 1 22 1.000000
 29 70.943130 2.673058 102.549026 0.095368 0.995213 -0.021362 0.269459 0.211353 1 22 1.000000
 29 73.283066 2.554430 102.436272 0.071717 0.996574 -0.041199 0.267750 0.177462 1 22 1.000000
MarioHand_alb.png
 29 72.972664 2.190184 99.781235 0.072478 0.830448 -0.552361 0.304097 0.173358 1 22 1.000000
 29 72.684761 -0.221804 98.306480 0.038913 0.107569 -0.993436 0.342641 0.167529 1 22 1.000000
 29 70.663696 -0.037297 98.172844 0.036617 0.129201 -0.990942 0.347814 0.202472 1 22 1.000000
MarioHand_alb.png
 29 74.944397 -0.363609 98.350861 -0.046556 0.094067 -0.994477 0.334783 0.127611 1 22 1.000000
 29 72.684761 -0.221804 98.306480 0.038913 0.107569 -0.993436 0.342641 0.167529 1 22 1.000000
 29 72.972664 2.190184 99.781235 0.072478 0.830448 -0.552361 0.304097 0.173358 1 22 1.000000
MarioHand_alb.png
 29 75.325211 1.955508 99.633339 -0.002289 0.813654 -0.581345 0.299168 0.134844 1 22 1.000000
 29 72.972664 2.190184 99.781235 0.072478 0.830448 -0.552361 0.304097 0.173358 1 22 1.000000
 29 73.283066 2.554430 102.436272 0.071717 0.996574 -0.041199 0.267750 0.177462 1 22 1.000000
MarioHand_alb.png
 29 74.944397 -0.363609 98.350861 -0.046556 0.094067 -0.994477 0.334783 0.127611 1 22 1.000000
 29 72.972664 2.190184 99.781235 0.072478 0.830448 -0.552361 0.304097 0.173358 1 22 1.000000
 29 75.325211 1.955508 99.633339 -0.002289 0.813654 -0.581345 0.299168 0.134844 1 22 1.000000
MarioHand_alb.png
 29 75.678627 2.457854 102.085091 0.042725 0.996980 -0.064850 0.265705 0.140002 1 22 1.000000
 29 75.325211 1.955508 99.633339 -0.002289 0.813654 -0.581345 0.299168 0.134844 1 22 1.000000
 29 73.283066 2.554430 102.436272 0.071717 0.996574 -0.041199 0.267750 0.177462 1 22 1.000000
MarioHand_alb.png
 29 76.999100 -0.485968 98.133347 -0.161717 0.074383 -0.984030 0.326070 0.092760 1 22 1.000000
 29 74.944397 -0.363609 98.350861 -0.046556 0.094067 -0.994477 0.334783 0.127611 1 22 1.000000
 29 75.325211 1.955508 99.633339 -0.002289 0.813654 -0.581345 0.299168 0.134844 1 22 1.000000
MarioHand_alb.png
 29 77.955826 2.450341 101.629684 0.048828 0.995403 -0.082398 0.261616 0.107607 1 22 1.000000
 29 75.325211 1.955508 99.633339 -0.002289 0.813654 -0.581345 0.299168 0.134844 1 22 1.000000
 29 75.678627 2.457854 102.085091 0.042725 0.996980 -0.064850 0.265705 0.140002 1 22 1.000000
MarioHand_alb.png
 29 78.263535 2.110787 102.998413 0.207517 0.871264 0.444787 0.242206 0.111681 1 22 1.000000
 29 77.955826 2.450341 101.629684 0.048828 0.995403 -0.082398 0.261616 0.107607 1 22 1.000000
 29 75.678627 2.457854 102.085091 0.042725 0.996980 -0.064850 0.265705 0.140002 1 22 1.000000
MarioHand_alb.png
 29 80.345863 1.877118 102.314178 0.334924 0.839039 0.428764 0.237812 0.080934 1 22 1.000000
 29 77.955826 2.450341 101.629684 0.048828 0.995403 -0.082398 0.261616 0.107607 1 22 1.000000
 29 78.263535 2.110787 102.998413 0.207517 0.871264 0.444787 0.242206 0.111681 1 22 1.000000
MarioHand_alb.png
 29 77.390388 1.771700 99.261978 -0.068664 0.791501 -0.607299 0.293416 0.101747 1 22 1.000000
 29 76.999100 -0.485968 98.133347 -0.161717 0.074383 -0.984030 0.326070 0.092760 1 22 1.000000
 29 75.325211 1.955508 99.633339 -0.002289 0.813654 -0.581345 0.299168 0.134844 1 22 1.000000
MarioHand_alb.png
 29 77.955826 2.450341 101.629684 0.048828 0.995403 -0.082398 0.261616 0.107607 1 22 1.000000
 29 77.390388 1.771700 99.261978 -0.068664 0.791501 -0.607299 0.293416 0.101747 1 22 1.000000
 29 75.325211 1.955508 99.633339 -0.002289 0.813654 -0.581345 0.299168 0.134844 1 22 1.000000
MarioHand_alb.png
 29 80.345863 1.877118 102.314178 0.334924 0.839039 0.428764 0.237812 0.080934 1 22 1.000000
 29 79.990402 2.293804 100.916504 0.151061 0.978724 -0.138854 0.254444 0.075853 1 22 1.000000
 29 77.955826 2.450341 101.629684 0.048828 0.995403 -0.082398 0.261616 0.107607 1 22 1.000000
MarioHand_alb.png
 29 77.955826 2.450341 101.629684 0.048828 0.995403 -0.082398 0.261616 0.107607 1 22 1.000000
 29 79.990402 2.293804 100.916504 0.151061 0.978724 -0.138854 0.254444 0.075853 1 22 1.000000
 29 77.390388 1.771700 99.261978 -0.068664 0.791501 -0.607299 0.293416 0.101747 1 22 1.000000
MarioHand_alb.png
 29 80.345863 1.877118 102.314178 0.334924 0.839039 0.428764 0.237812 0.080934 1 22 1.000000
 29 81.623360 1.537834 100.434555 0.727848 0.657335 -0.195314 0.245212 0.048173 1 22 1.000000
 29 79.990402 2.293804 100.916504 0.151061 0.978724 -0.138854 0.254444 0.075853 1 22 1.000000
MarioHand_alb.png
 29 77.390388 1.771700 99.261978 -0.068664 0.791501 -0.607299 0.293416 0.101747 1 22 1.000000
 29 79.339005 1.519449 98.695404 0.004577 0.713779 -0.700356 0.284077 0.070710 1 22 1.000000
 29 76.999100 -0.485968 98.133347 -0.161717 0.074383 -0.984030 0.326070 0.092760 1 22 1.000000
MarioHand_alb.png
 29 77.390388 1.771700 99.261978 -0.068664 0.791501 -0.607299 0.293416 0.101747 1 22 1.000000
 29 79.990402 2.293804 100.916504 0.151061 0.978724 -0.138854 0.254444 0.075853 1 22 1.000000
 29 79.339005 1.519449 98.695404 0.004577 0.713779 -0.700356 0.284077 0.070710 1 22 1.000000
MarioHand_alb.png
 29 79.990402 2.293804 100.916504 0.151061 0.978724 -0.138854 0.254444 0.075853 1 22 1.000000
 29 81.623360 1.537834 100.434555 0.727848 0.657335 -0.195314 0.245212 0.048173 1 22 1.000000
 29 79.339005 1.519449 98.695404 0.004577 0.713779 -0.700356 0.284077 0.070710 1 22 1.000000
MarioHand_alb.png
 29 76.999100 -0.485968 98.133347 -0.161717 0.074383 -0.984030 0.326070 0.092760 1 22 1.000000
 29 79.339005 1.519449 98.695404 0.004577 0.713779 -0.700356 0.284077 0.070710 1 22 1.000000
 29 78.942490 -0.598305 97.707436 -0.079339 0.050838 -0.995551 0.312840 0.059632 1 22 1.000000
MarioHand_alb.png
 29 78.942490 -0.598305 97.707436 -0.079339 0.050838 -0.995551 0.312840 0.059632 1 22 1.000000
 29 79.339005 1.519449 98.695404 0.004577 0.713779 -0.700356 0.284077 0.070710 1 22 1.000000
 29 80.799164 -0.736837 97.910614 0.356200 0.009785 -0.934358 0.295811 0.035798 1 22 1.000000
MarioHand_alb.png
 29 81.623360 1.537834 100.434555 0.727848 0.657335 -0.195314 0.245212 0.048173 1 22 1.000000
 29 81.111038 0.928795 98.687645 0.489714 0.475578 -0.730757 0.273259 0.046983 1 22 1.000000
 29 79.339005 1.519449 98.695404 0.004577 0.713779 -0.700356 0.284077 0.070710 1 22 1.000000
MarioHand_alb.png
 29 81.111038 0.928795 98.687645 0.489714 0.475578 -0.730757 0.273259 0.046983 1 22 1.000000
 29 80.799164 -0.736837 97.910614 0.356200 0.009785 -0.934358 0.295811 0.035798 1 22 1.000000
 29 79.339005 1.519449 98.695404 0.004577 0.713779 -0.700356 0.284077 0.070710 1 22 1.000000
MarioHand_alb.png
 29 81.623360 1.537834 100.434555 0.727848 0.657335 -0.195314 0.245212 0.048173 1 22 1.000000
 29 82.250641 -0.922913 100.126221 0.963759 -0.058822 -0.260207 0.263172 0.015045 1 22 1.000000
 29 81.111038 0.928795 98.687645 0.489714 0.475578 -0.730757 0.273259 0.046983 1 22 1.000000
MarioHand_alb.png
 29 82.250641 -0.922913 100.126221 0.963759 -0.058822 -0.260207 0.263172 0.015045 1 22 1.000000
 29 80.799164 -0.736837 97.910614 0.356200 0.009785 -0.934358 0.295811 0.035798 1 22 1.000000
 29 81.111038 0.928795 98.687645 0.489714 0.475578 -0.730757 0.273259 0.046983 1 22 1.000000
MarioHand_alb.png
 29 66.742538 8.984709 97.914108 -0.187697 0.591227 -0.784360 0.390997 0.066712 1 22 1.000000
 29 66.929893 6.095717 96.965019 -0.111401 -0.216984 -0.969798 0.351675 0.076249 1 22 1.000000
 29 64.936684 5.842520 97.084740 0.641680 -0.050835 -0.765286 0.343725 0.044251 1 22 1.000000
MarioHand_alb.png
 29 68.832550 6.447423 96.538361 -0.152578 -0.223146 -0.962770 0.358267 0.107881 1 22 1.000000
 29 66.929893 6.095717 96.965019 -0.111401 -0.216984 -0.969798 0.351675 0.076249 1 22 1.000000
 29 66.742538 8.984709 97.914108 -0.187697 0.591227 -0.784360 0.390997 0.066712 1 22 1.000000
MarioHand_alb.png
 29 66.742538 8.984709 97.914108 -0.187697 0.591227 -0.784360 0.390997 0.066712 1 22 1.000000
 29 64.936684 5.842520 97.084740 0.641680 -0.050835 -0.765286 0.343725 0.044251 1 22 1.000000
 29 64.148041 9.032111 98.299492 0.640306 0.262247 -0.721966 0.386694 0.028458 1 22 1.000000
MarioHand_alb.png
 29 68.710876 9.247719 97.388390 -0.242601 0.585427 -0.773576 0.396826 0.100038 1 22 1.000000
 29 68.832550 6.447423 96.538361 -0.152578 -0.223146 -0.962770 0.358267 0.107881 1 22 1.000000
 29 66.742538 8.984709 97.914108 -0.187697 0.591227 -0.784360 0.390997 0.066712 1 22 1.000000
MarioHand_alb.png
 29 70.828346 6.785796 96.204468 -0.173977 -0.209459 -0.962216 0.365957 0.141146 1 22 1.000000
 29 68.832550 6.447423 96.538361 -0.152578 -0.223146 -0.962770 0.358267 0.107881 1 22 1.000000
 29 68.710876 9.247719 97.388390 -0.242601 0.585427 -0.773576 0.396826 0.100038 1 22 1.000000
MarioHand_alb.png
 29 66.742538 8.984709 97.914108 -0.187697 0.591227 -0.784360 0.390997 0.066712 1 22 1.000000
 29 64.148041 9.032111 98.299492 0.640306 0.262247 -0.721966 0.386694 0.028458 1 22 1.000000
 29 67.052849 10.353889 100.450546 -0.191506 0.955336 -0.225077 0.430381 0.060716 1 22 1.000000
MarioHand_alb.png
 29 68.710876 9.247719 97.388390 -0.242601 0.585427 -0.773576 0.396826 0.100038 1 22 1.000000
 29 66.742538 8.984709 97.914108 -0.187697 0.591227 -0.784360 0.390997 0.066712 1 22 1.000000
 29 67.052849 10.353889 100.450546 -0.191506 0.955336 -0.225077 0.430381 0.060716 1 22 1.000000
MarioHand_alb.png
 29 65.199875 9.730675 100.730164 -0.727701 -0.559029 0.397413 0.424949 0.025208 1 22 1.000000
 29 67.052849 10.353889 100.450546 -0.191506 0.955336 -0.225077 0.430381 0.060716 1 22 1.000000
 29 64.148041 9.032111 98.299492 0.640306 0.262247 -0.721966 0.386694 0.028458 1 22 1.000000
MarioHand_alb.png
 29 70.793037 9.518490 97.040932 -0.251018 0.566222 -0.785100 0.402975 0.132525 1 22 1.000000
 29 70.828346 6.785796 96.204468 -0.173977 -0.209459 -0.962216 0.365957 0.141146 1 22 1.000000
 29 68.710876 9.247719 97.388390 -0.242601 0.585427 -0.773576 0.396826 0.100038 1 22 1.000000
MarioHand_alb.png
 29 70.793037 9.518490 97.040932 -0.251018 0.566222 -0.785100 0.402975 0.132525 1 22 1.000000
 29 72.665497 7.092484 95.780670 -0.283846 -0.203633 -0.936998 0.375494 0.174319 1 22 1.000000
 29 70.828346 6.785796 96.204468 -0.173977 -0.209459 -0.962216 0.365957 0.141146 1 22 1.000000
MarioHand_alb.png
 29 69.349304 10.628156 99.890587 -0.172431 0.954284 -0.244150 0.434684 0.093614 1 22 1.000000
 29 68.710876 9.247719 97.388390 -0.242601 0.585427 -0.773576 0.396826 0.100038 1 22 1.000000
 29 67.052849 10.353889 100.450546 -0.191506 0.955336 -0.225077 0.430381 0.060716 1 22 1.000000
MarioHand_alb.png
 29 70.793037 9.518490 97.040932 -0.251018 0.566222 -0.785100 0.402975 0.132525 1 22 1.000000
 29 68.710876 9.247719 97.388390 -0.242601 0.585427 -0.773576 0.396826 0.100038 1 22 1.000000
 29 69.349304 10.628156 99.890587 -0.172431 0.954284 -0.244150 0.434684 0.093614 1 22 1.000000
MarioHand_alb.png
 29 67.471619 10.331392 102.165237 -0.038910 0.965800 0.256351 0.455360 0.057572 1 22 1.000000
 29 67.052849 10.353889 100.450546 -0.191506 0.955336 -0.225077 0.430381 0.060716 1 22 1.000000
 29 65.199875 9.730675 100.730164 -0.727701 -0.559029 0.397413 0.424949 0.025208 1 22 1.000000
MarioHand_alb.png
 29 66.136871 10.145159 103.293793 0.346326 0.293595 0.890988 0.463905 0.019776 1 22 1.000000
 29 67.471619 10.331392 102.165237 -0.038910 0.965800 0.256351 0.455360 0.057572 1 22 1.000000
 29 65.199875 9.730675 100.730164 -0.727701 -0.559029 0.397413 0.424949 0.025208 1 22 1.000000
MarioHand_alb.png
 29 69.349304 10.628156 99.890587 -0.172431 0.954284 -0.244150 0.434684 0.093614 1 22 1.000000
 29 67.052849 10.353889 100.450546 -0.191506 0.955336 -0.225077 0.430381 0.060716 1 22 1.000000
 29 69.730453 10.530099 101.663879 0.000000 0.928108 0.372311 0.458793 0.089326 1 22 1.000000
MarioHand_alb.png
 29 69.730453 10.530099 101.663879 0.000000 0.928108 0.372311 0.458793 0.089326 1 22 1.000000
 29 67.052849 10.353889 100.450546 -0.191506 0.955336 -0.225077 0.430381 0.060716 1 22 1.000000
 29 67.471619 10.331392 102.165237 -0.038910 0.965800 0.256351 0.455360 0.057572 1 22 1.000000
MarioHand_alb.png
 29 66.136871 10.145159 103.293793 0.346326 0.293595 0.890988 0.463905 0.019776 1 22 1.000000
 29 67.994263 9.313170 103.646057 0.131236 0.565670 0.814122 0.481025 0.055833 1 22 1.000000
 29 67.471619 10.331392 102.165237 -0.038910 0.965800 0.256351 0.455360 0.057572 1 22 1.000000
MarioHand_alb.png
 29 69.730453 10.530099 101.663879 0.000000 0.928108 0.372311 0.458793 0.089326 1 22 1.000000
 29 67.471619 10.331392 102.165237 -0.038910 0.965800 0.256351 0.455360 0.057572 1 22 1.000000
 29 67.994263 9.313170 103.646057 0.131236 0.565670 0.814122 0.481025 0.055833 1 22 1.000000
MarioHand_alb.png
 29 66.032410 7.030745 104.750412 0.277699 0.252333 0.926937 0.506096 0.022171 1 22 1.000000
 29 67.994263 9.313170 103.646057 0.131236 0.565670 0.814122 0.481025 0.055833 1 22 1.000000
 29 66.136871 10.145159 103.293793 0.346326 0.293595 0.890988 0.463905 0.019776 1 22 1.000000
MarioHand_alb.png
 29 71.444038 10.857632 99.198967 -0.183875 0.947893 -0.260172 0.438270 0.125307 1 22 1.000000
 29 70.793037 9.518490 97.040932 -0.251018 0.566222 -0.785100 0.402975 0.132525 1 22 1.000000
 29 69.349304 10.628156 99.890587 -0.172431 0.954284 -0.244150 0.434684 0.093614 1 22 1.000000
MarioHand_alb.png
 29 71.444038 10.857632 99.198967 -0.183875 0.947893 -0.260172 0.438270 0.125307 1 22 1.000000
 29 69.349304 10.628156 99.890587 -0.172431 0.954284 -0.244150 0.434684 0.093614 1 22 1.000000
 29 69.730453 10.530099 101.663879 0.000000 0.928108 0.372311 0.458793 0.089326 1 22 1.000000
MarioHand_alb.png
 29 70.793037 9.518490 97.040932 -0.251018 0.566222 -0.785100 0.402975 0.132525 1 22 1.000000
 29 72.705994 9.773546 96.489288 -0.320489 0.608833 -0.725678 0.410300 0.164309 1 22 1.000000
 29 72.665497 7.092484 95.780670 -0.283846 -0.203633 -0.936998 0.375494 0.174319 1 22 1.000000
MarioHand_alb.png
 29 71.444038 10.857632 99.198967 -0.183875 0.947893 -0.260172 0.438270 0.125307 1 22 1.000000
 29 72.705994 9.773546 96.489288 -0.320489 0.608833 -0.725678 0.410300 0.164309 1 22 1.000000
 29 70.793037 9.518490 97.040932 -0.251018 0.566222 -0.785100 0.402975 0.132525 1 22 1.000000
MarioHand_alb.png
 29 72.665497 7.092484 95.780670 -0.283846 -0.203633 -0.936998 0.375494 0.174319 1 22 1.000000
 29 72.705994 9.773546 96.489288 -0.320489 0.608833 -0.725678 0.410300 0.164309 1 22 1.000000
 29 74.334724 7.346584 95.139053 -0.371573 -0.193798 -0.907951 0.386343 0.204105 1 22 1.000000
MarioHand_alb.png
 29 71.971458 10.867715 100.938156 0.013732 0.929229 0.369250 0.462074 0.121004 1 22 1.000000
 29 71.444038 10.857632 99.198967 -0.183875 0.947893 -0.260172 0.438270 0.125307 1 22 1.000000
 29 69.730453 10.530099 101.663879 0.000000 0.928108 0.372311 0.458793 0.089326 1 22 1.000000
MarioHand_alb.png
 29 73.447029 11.052851 98.609421 -0.185395 0.952630 -0.241090 0.443198 0.156115 1 22 1.000000
 29 72.705994 9.773546 96.489288 -0.320489 0.608833 -0.725678 0.410300 0.164309 1 22 1.000000
 29 71.444038 10.857632 99.198967 -0.183875 0.947893 -0.260172 0.438270 0.125307 1 22 1.000000
MarioHand_alb.png
 29 71.971458 10.867715 100.938156 0.013732 0.929229 0.369250 0.462074 0.121004 1 22 1.000000
 29 73.447029 11.052851 98.609421 -0.185395 0.952630 -0.241090 0.443198 0.156115 1 22 1.000000
 29 71.444038 10.857632 99.198967 -0.183875 0.947893 -0.260172 0.438270 0.125307 1 22 1.000000
MarioHand_alb.png
 29 72.705994 9.773546 96.489288 -0.320489 0.608833 -0.725678 0.410300 0.164309 1 22 1.000000
 29 74.389366 9.938431 95.750839 -0.370001 0.592478 -0.715590 0.418448 0.192035 1 22 1.000000
 29 74.334724 7.346584 95.139053 -0.371573 -0.193798 -0.907951 0.386343 0.204105 1 22 1.000000
MarioHand_alb.png
 29 72.540085 9.762594 102.369164 0.176236 0.606718 0.775135 0.487282 0.117800 1 22 1.000000
 29 71.971458 10.867715 100.938156 0.013732 0.929229 0.369250 0.462074 0.121004 1 22 1.000000
 29 69.730453 10.530099 101.663879 0.000000 0.928108 0.372311 0.458793 0.089326 1 22 1.000000
MarioHand_alb.png
 29 72.705994 9.773546 96.489288 -0.320489 0.608833 -0.725678 0.410300 0.164309 1 22 1.000000
 29 75.226776 11.245033 97.758583 -0.180056 0.951492 -0.249484 0.449439 0.183719 1 22 1.000000
 29 74.389366 9.938431 95.750839 -0.370001 0.592478 -0.715590 0.418448 0.192035 1 22 1.000000
MarioHand_alb.png
 29 73.447029 11.052851 98.609421 -0.185395 0.952630 -0.241090 0.443198 0.156115 1 22 1.000000
 29 75.226776 11.245033 97.758583 -0.180056 0.951492 -0.249484 0.449439 0.183719 1 22 1.000000
 29 72.705994 9.773546 96.489288 -0.320489 0.608833 -0.725678 0.410300 0.164309 1 22 1.000000
MarioHand_alb.png
 29 74.334724 7.346584 95.139053 -0.371573 -0.193798 -0.907951 0.386343 0.204105 1 22 1.000000
 29 74.389366 9.938431 95.750839 -0.370001 0.592478 -0.715590 0.418448 0.192035 1 22 1.000000
 29 76.031563 9.957368 94.949409 -0.254107 0.530247 -0.808868 0.429206 0.218128 1 22 1.000000
MarioHand_alb.png
 29 74.334724 7.346584 95.139053 -0.371573 -0.193798 -0.907951 0.386343 0.204105 1 22 1.000000
 29 76.031563 9.957368 94.949409 -0.254107 0.530247 -0.808868 0.429206 0.218128 1 22 1.000000
 29 75.955658 7.559963 94.425812 -0.237980 -0.164374 -0.957260 0.401404 0.231785 1 22 1.000000
MarioHand_alb.png
 29 76.031563 9.957368 94.949409 -0.254107 0.530247 -0.808868 0.429206 0.218128 1 22 1.000000
 29 77.861923 7.848368 94.322327 0.176277 -0.101779 -0.979064 0.421439 0.254170 1 22 1.000000
 29 75.955658 7.559963 94.425812 -0.237980 -0.164374 -0.957260 0.401404 0.231785 1 22 1.000000
MarioHand_alb.png
 29 76.916809 11.302348 96.802765 -0.057984 0.943667 -0.325777 0.457633 0.211017 1 22 1.000000
 29 74.389366 9.938431 95.750839 -0.370001 0.592478 -0.715590 0.418448 0.192035 1 22 1.000000
 29 75.226776 11.245033 97.758583 -0.180056 0.951492 -0.249484 0.449439 0.183719 1 22 1.000000
MarioHand_alb.png
 29 76.916809 11.302348 96.802765 -0.057984 0.943667 -0.325777 0.457633 0.211017 1 22 1.000000
 29 76.031563 9.957368 94.949409 -0.254107 0.530247 -0.808868 0.429206 0.218128 1 22 1.000000
 29 74.389366 9.938431 95.750839 -0.370001 0.592478 -0.715590 0.418448 0.192035 1 22 1.000000
MarioHand_alb.png
 29 76.031563 9.957368 94.949409 -0.254107 0.530247 -0.808868 0.429206 0.218128 1 22 1.000000
 29 77.918182 9.625379 94.710434 0.227380 0.383705 -0.895025 0.442176 0.241367 1 22 1.000000
 29 77.861923 7.848368 94.322327 0.176277 -0.101779 -0.979064 0.421439 0.254170 1 22 1.000000
MarioHand_alb.png
 29 79.668594 8.355981 96.000648 0.876536 0.076192 -0.475267 0.453056 0.271351 1 22 1.000000
 29 77.861923 7.848368 94.322327 0.176277 -0.101779 -0.979064 0.421439 0.254170 1 22 1.000000
 29 77.918182 9.625379 94.710434 0.227380 0.383705 -0.895025 0.442176 0.241367 1 22 1.000000
MarioHand_alb.png
 29 78.574348 10.622302 96.084152 0.518130 0.722921 -0.457084 0.468421 0.238315 1 22 1.000000
 29 79.668594 8.355981 96.000648 0.876536 0.076192 -0.475267 0.453056 0.271351 1 22 1.000000
 29 77.918182 9.625379 94.710434 0.227380 0.383705 -0.895025 0.442176 0.241367 1 22 1.000000
MarioHand_alb.png
 29 78.574348 10.622302 96.084152 0.518130 0.722921 -0.457084 0.468421 0.238315 1 22 1.000000
 29 77.918182 9.625379 94.710434 0.227380 0.383705 -0.895025 0.442176 0.241367 1 22 1.000000
 29 76.031563 9.957368 94.949409 -0.254107 0.530247 -0.808868 0.429206 0.218128 1 22 1.000000
MarioHand_alb.png
 29 76.916809 11.302348 96.802765 -0.057984 0.943667 -0.325777 0.457633 0.211017 1 22 1.000000
 29 78.574348 10.622302 96.084152 0.518130 0.722921 -0.457084 0.468421 0.238315 1 22 1.000000
 29 76.031563 9.957368 94.949409 -0.254107 0.530247 -0.808868 0.429206 0.218128 1 22 1.000000
MarioHand_alb.png
 29 77.684441 11.207353 98.207161 0.270080 0.938317 0.215911 0.474830 0.205295 1 22 1.000000
 29 76.916809 11.302348 96.802765 -0.057984 0.943667 -0.325777 0.457633 0.211017 1 22 1.000000
 29 75.226776 11.245033 97.758583 -0.180056 0.951492 -0.249484 0.449439 0.183719 1 22 1.000000
MarioHand_alb.png
 29 77.684441 11.207353 98.207161 0.270080 0.938317 0.215911 0.474830 0.205295 1 22 1.000000
 29 78.574348 10.622302 96.084152 0.518130 0.722921 -0.457084 0.468421 0.238315 1 22 1.000000
 29 76.916809 11.302348 96.802765 -0.057984 0.943667 -0.325777 0.457633 0.211017 1 22 1.000000
MarioHand_alb.png
 29 73.447029 11.052851 98.609421 -0.185395 0.952630 -0.241090 0.443198 0.156115 1 22 1.000000
 29 75.982849 11.213140 99.271980 0.125119 0.944780 0.302879 0.469306 0.178531 1 22 1.000000
 29 75.226776 11.245033 97.758583 -0.180056 0.951492 -0.249484 0.449439 0.183719 1 22 1.000000
MarioHand_alb.png
 29 75.982849 11.213140 99.271980 0.125119 0.944780 0.302879 0.469306 0.178531 1 22 1.000000
 29 77.684441 11.207353 98.207161 0.270080 0.938317 0.215911 0.474830 0.205295 1 22 1.000000
 29 75.226776 11.245033 97.758583 -0.180056 0.951492 -0.249484 0.449439 0.183719 1 22 1.000000
MarioHand_alb.png
 29 79.438141 10.170117 97.610535 0.798861 0.601434 -0.009919 0.490959 0.227451 1 22 1.000000
 29 78.574348 10.622302 96.084152 0.518130 0.722921 -0.457084 0.468421 0.238315 1 22 1.000000
 29 77.684441 11.207353 98.207161 0.270080 0.938317 0.215911 0.474830 0.205295 1 22 1.000000
MarioHand_alb.png
 29 79.668594 8.355981 96.000648 0.876536 0.076192 -0.475267 0.513207 0.252415 1 22 1.000000
 29 78.574348 10.622302 96.084152 0.518130 0.722921 -0.457084 0.468421 0.238315 1 22 1.000000
 29 79.438141 10.170117 97.610535 0.798861 0.601434 -0.009919 0.490959 0.227451 1 22 1.000000
MarioHand_alb.png
 29 78.480659 10.176322 99.522491 0.498956 0.651542 0.571434 0.494850 0.200015 1 22 1.000000
 29 77.684441 11.207353 98.207161 0.270080 0.938317 0.215911 0.474830 0.205295 1 22 1.000000
 29 75.982849 11.213140 99.271980 0.125119 0.944780 0.302879 0.469306 0.178531 1 22 1.000000
MarioHand_alb.png
 29 79.438141 10.170117 97.610535 0.798861 0.601434 -0.009919 0.490959 0.227451 1 22 1.000000
 29 77.684441 11.207353 98.207161 0.270080 0.938317 0.215911 0.474830 0.205295 1 22 1.000000
 29 78.480659 10.176322 99.522491 0.498956 0.651542 0.571434 0.494850 0.200015 1 22 1.000000
MarioHand_alb.png
 29 74.136436 11.070036 100.212196 0.051115 0.940860 0.334918 0.465248 0.151324 1 22 1.000000
 29 75.982849 11.213140 99.271980 0.125119 0.944780 0.302879 0.469306 0.178531 1 22 1.000000
 29 73.447029 11.052851 98.609421 -0.185395 0.952630 -0.241090 0.443198 0.156115 1 22 1.000000
MarioHand_alb.png
 29 74.136436 11.070036 100.212196 0.051115 0.940860 0.334918 0.465248 0.151324 1 22 1.000000
 29 73.447029 11.052851 98.609421 -0.185395 0.952630 -0.241090 0.443198 0.156115 1 22 1.000000
 29 71.971458 10.867715 100.938156 0.013732 0.929229 0.369250 0.462074 0.121004 1 22 1.000000
MarioHand_alb.png
 29 74.136436 11.070036 100.212196 0.051115 0.940860 0.334918 0.465248 0.151324 1 22 1.000000
 29 71.971458 10.867715 100.938156 0.013732 0.929229 0.369250 0.462074 0.121004 1 22 1.000000
 29 72.540085 9.762594 102.369164 0.176236 0.606718 0.775135 0.487282 0.117800 1 22 1.000000
MarioHand_alb.png
 29 76.763092 10.163123 100.643799 0.350204 0.643568 0.680572 0.491722 0.174395 1 22 1.000000
 29 75.982849 11.213140 99.271980 0.125119 0.944780 0.302879 0.469306 0.178531 1 22 1.000000
 29 74.136436 11.070036 100.212196 0.051115 0.940860 0.334918 0.465248 0.151324 1 22 1.000000
MarioHand_alb.png
 29 76.763092 10.163123 100.643799 0.350204 0.643568 0.680572 0.491722 0.174395 1 22 1.000000
 29 78.480659 10.176322 99.522491 0.498956 0.651542 0.571434 0.494850 0.200015 1 22 1.000000
 29 75.982849 11.213140 99.271980 0.125119 0.944780 0.302879 0.469306 0.178531 1 22 1.000000
MarioHand_alb.png
 29 74.791351 10.010148 101.603844 0.244881 0.621930 0.743798 0.489128 0.147799 1 22 1.000000
 29 74.136436 11.070036 100.212196 0.051115 0.940860 0.334918 0.465248 0.151324 1 22 1.000000
 29 72.540085 9.762594 102.369164 0.176236 0.606718 0.775135 0.487282 0.117800 1 22 1.000000
MarioHand_alb.png
 29 76.763092 10.163123 100.643799 0.350204 0.643568 0.680572 0.491722 0.174395 1 22 1.000000
 29 74.136436 11.070036 100.212196 0.051115 0.940860 0.334918 0.465248 0.151324 1 22 1.000000
 29 74.791351 10.010148 101.603844 0.244881 0.621930 0.743798 0.489128 0.147799 1 22 1.000000
MarioHand_alb.png
 29 80.022675 8.739025 98.463654 0.958753 0.185820 0.215090 0.512703 0.222461 1 22 1.000000
 29 79.438141 10.170117 97.610535 0.798861 0.601434 -0.009919 0.490959 0.227451 1 22 1.000000
 29 78.480659 10.176322 99.522491 0.498956 0.651542 0.571434 0.494850 0.200015 1 22 1.000000
MarioHand_alb.png
 29 79.668594 8.355981 96.000648 0.876536 0.076192 -0.475267 0.513207 0.252415 1 22 1.000000
 29 79.438141 10.170117 97.610535 0.798861 0.601434 -0.009919 0.490959 0.227451 1 22 1.000000
 29 80.022675 8.739025 98.463654 0.958753 0.185820 0.215090 0.512703 0.222461 1 22 1.000000
MarioHand_alb.png
 29 77.157516 8.637148 101.154907 0.481543 0.203664 0.852430 0.511620 0.172824 1 22 1.000000
 29 78.480659 10.176322 99.522491 0.498956 0.651542 0.571434 0.494850 0.200015 1 22 1.000000
 29 76.763092 10.163123 100.643799 0.350204 0.643568 0.680572 0.491722 0.174395 1 22 1.000000
MarioHand_alb.png
 29 79.668594 8.355981 96.000648 0.876536 0.076192 -0.475267 0.513207 0.252415 1 22 1.000000
 29 80.022675 8.739025 98.463654 0.958753 0.185820 0.215090 0.512703 0.222461 1 22 1.000000
 29 79.958466 6.996266 98.066284 0.943534 -0.315115 0.102210 0.534966 0.226062 1 22 1.000000
MarioHand_alb.png
 29 79.668594 8.355981 96.000648 0.876536 0.076192 -0.475267 0.513207 0.252415 1 22 1.000000
 29 79.958466 6.996266 98.066284 0.943534 -0.315115 0.102210 0.534966 0.226062 1 22 1.000000
 29 79.307304 5.983874 96.699310 0.638530 -0.704519 -0.309729 0.557076 0.236805 1 22 1.000000
MarioHand_alb.png
 29 80.022675 8.739025 98.463654 0.958753 0.185820 0.215090 0.512703 0.222461 1 22 1.000000
 29 78.480659 10.176322 99.522491 0.498956 0.651542 0.571434 0.494850 0.200015 1 22 1.000000
 29 78.870796 8.761570 100.012978 0.628027 0.195734 0.753174 0.512383 0.198337 1 22 1.000000
MarioHand_alb.png
 29 78.870796 8.761570 100.012978 0.628027 0.195734 0.753174 0.512383 0.198337 1 22 1.000000
 29 78.480659 10.176322 99.522491 0.498956 0.651542 0.571434 0.494850 0.200015 1 22 1.000000
 29 77.157516 8.637148 101.154907 0.481543 0.203664 0.852430 0.511620 0.172824 1 22 1.000000
MarioHand_alb.png
 29 80.022675 8.739025 98.463654 0.958753 0.185820 0.215090 0.512703 0.222461 1 22 1.000000
 29 78.870796 8.761570 100.012978 0.628027 0.195734 0.753174 0.512383 0.198337 1 22 1.000000
 29 78.964165 7.081917 99.872383 0.673561 -0.273849 0.686529 0.531472 0.199420 1 22 1.000000
MarioHand_alb.png
 29 79.958466 6.996266 98.066284 0.943534 -0.315115 0.102210 0.534966 0.226062 1 22 1.000000
 29 80.022675 8.739025 98.463654 0.958753 0.185820 0.215090 0.512703 0.222461 1 22 1.000000
 29 78.964165 7.081917 99.872383 0.673561 -0.273849 0.686529 0.531472 0.199420 1 22 1.000000
MarioHand_alb.png
 29 78.870796 8.761570 100.012978 0.628027 0.195734 0.753174 0.512383 0.198337 1 22 1.000000
 29 77.157516 8.637148 101.154907 0.481543 0.203664 0.852430 0.511620 0.172824 1 22 1.000000
 29 78.964165 7.081917 99.872383 0.673561 -0.273849 0.686529 0.531472 0.199420 1 22 1.000000
MarioHand_alb.png
 29 79.958466 6.996266 98.066284 0.943534 -0.315115 0.102210 0.534966 0.226062 1 22 1.000000
 29 78.964165 7.081917 99.872383 0.673561 -0.273849 0.686529 0.531472 0.199420 1 22 1.000000
 29 78.587280 5.795249 99.013870 0.547771 -0.735352 0.399003 0.549142 0.203143 1 22 1.000000
MarioHand_alb.png
 29 79.958466 6.996266 98.066284 0.943534 -0.315115 0.102210 0.534966 0.226062 1 22 1.000000
 29 78.587280 5.795249 99.013870 0.547771 -0.735352 0.399003 0.549142 0.203143 1 22 1.000000
 29 79.307304 5.983874 96.699310 0.638530 -0.704519 -0.309729 0.557076 0.236805 1 22 1.000000
MarioHand_alb.png
 29 77.157516 8.637148 101.154907 0.481543 0.203664 0.852430 0.511620 0.172824 1 22 1.000000
 29 77.308250 6.851615 101.140625 0.530200 -0.262048 0.806361 0.533028 0.172992 1 22 1.000000
 29 78.964165 7.081917 99.872383 0.673561 -0.273849 0.686529 0.531472 0.199420 1 22 1.000000
MarioHand_alb.png
 29 77.157516 8.637148 101.154907 0.481543 0.203664 0.852430 0.511620 0.172824 1 22 1.000000
 29 76.763092 10.163123 100.643799 0.350204 0.643568 0.680572 0.491722 0.174395 1 22 1.000000
 29 75.156708 8.450379 102.094376 0.353988 0.215235 0.910146 0.510689 0.146273 1 22 1.000000
MarioHand_alb.png
 29 77.157516 8.637148 101.154907 0.481543 0.203664 0.852430 0.511620 0.172824 1 22 1.000000
 29 75.156708 8.450379 102.094376 0.353988 0.215235 0.910146 0.510689 0.146273 1 22 1.000000
 29 77.308250 6.851615 101.140625 0.530200 -0.262048 0.806361 0.533028 0.172992 1 22 1.000000
MarioHand_alb.png
 29 75.156708 8.450379 102.094376 0.353988 0.215235 0.910146 0.510689 0.146273 1 22 1.000000
 29 76.763092 10.163123 100.643799 0.350204 0.643568 0.680572 0.491722 0.174395 1 22 1.000000
 29 74.791351 10.010148 101.603844 0.244881 0.621930 0.743798 0.489128 0.147799 1 22 1.000000
MarioHand_alb.png
 29 76.984108 5.494020 100.224602 0.417287 -0.760576 0.497388 0.552834 0.175814 1 22 1.000000
 29 78.964165 7.081917 99.872383 0.673561 -0.273849 0.686529 0.531472 0.199420 1 22 1.000000
 29 77.308250 6.851615 101.140625 0.530200 -0.262048 0.806361 0.533028 0.172992 1 22 1.000000
MarioHand_alb.png
 29 78.587280 5.795249 99.013870 0.547771 -0.735352 0.399003 0.549142 0.203143 1 22 1.000000
 29 78.964165 7.081917 99.872383 0.673561 -0.273849 0.686529 0.531472 0.199420 1 22 1.000000
 29 76.984108 5.494020 100.224602 0.417287 -0.760576 0.497388 0.552834 0.175814 1 22 1.000000
MarioHand_alb.png
 29 77.308250 6.851615 101.140625 0.530200 -0.262048 0.806361 0.533028 0.172992 1 22 1.000000
 29 75.156708 8.450379 102.094376 0.353988 0.215235 0.910146 0.510689 0.146273 1 22 1.000000
 29 75.367416 6.658822 102.181160 0.407263 -0.232708 0.883167 0.533791 0.146242 1 22 1.000000
MarioHand_alb.png
 29 75.156708 8.450379 102.094376 0.353988 0.215235 0.910146 0.510689 0.146273 1 22 1.000000
 29 74.791351 10.010148 101.603844 0.244881 0.621930 0.743798 0.489128 0.147799 1 22 1.000000
 29 72.865242 8.194953 102.867989 0.273910 0.217068 0.936939 0.509789 0.116060 1 22 1.000000
MarioHand_alb.png
 29 75.156708 8.450379 102.094376 0.353988 0.215235 0.910146 0.510689 0.146273 1 22 1.000000
 29 72.865242 8.194953 102.867989 0.273910 0.217068 0.936939 0.509789 0.116060 1 22 1.000000
 29 75.367416 6.658822 102.181160 0.407263 -0.232708 0.883167 0.533791 0.146242 1 22 1.000000
MarioHand_alb.png
 29 74.791351 10.010148 101.603844 0.244881 0.621930 0.743798 0.489128 0.147799 1 22 1.000000
 29 72.540085 9.762594 102.369164 0.176236 0.606718 0.775135 0.487282 0.117800 1 22 1.000000
 29 72.865242 8.194953 102.867989 0.273910 0.217068 0.936939 0.509789 0.116060 1 22 1.000000
MarioHand_alb.png
 29 77.308250 6.851615 101.140625 0.530200 -0.262048 0.806361 0.533028 0.172992 1 22 1.000000
 29 75.367416 6.658822 102.181160 0.407263 -0.232708 0.883167 0.533791 0.146242 1 22 1.000000
 29 75.144592 5.288660 101.234077 0.332637 -0.773037 0.540153 0.555459 0.148333 1 22 1.000000
MarioHand_alb.png
 29 76.984108 5.494020 100.224602 0.417287 -0.760576 0.497388 0.552834 0.175814 1 22 1.000000
 29 77.308250 6.851615 101.140625 0.530200 -0.262048 0.806361 0.533028 0.172992 1 22 1.000000
 29 75.144592 5.288660 101.234077 0.332637 -0.773037 0.540153 0.555459 0.148333 1 22 1.000000
MarioHand_alb.png
 29 75.367416 6.658822 102.181160 0.407263 -0.232708 0.883167 0.533791 0.146242 1 22 1.000000
 29 72.865242 8.194953 102.867989 0.273910 0.217068 0.936939 0.509789 0.116060 1 22 1.000000
 29 73.127670 6.399225 102.979225 0.343240 -0.207374 0.916069 0.533974 0.116075 1 22 1.000000
MarioHand_alb.png
 29 75.144592 5.288660 101.234077 0.332637 -0.773037 0.540153 0.555459 0.148333 1 22 1.000000
 29 75.367416 6.658822 102.181160 0.407263 -0.232708 0.883167 0.533791 0.146242 1 22 1.000000
 29 73.127670 6.399225 102.979225 0.343240 -0.207374 0.916069 0.533974 0.116075 1 22 1.000000
MarioHand_alb.png
 29 72.865242 8.194953 102.867989 0.273910 0.217068 0.936939 0.509789 0.116060 1 22 1.000000
 29 72.540085 9.762594 102.369164 0.176236 0.606718 0.775135 0.487282 0.117800 1 22 1.000000
 29 70.171860 9.563060 103.006149 0.151054 0.610606 0.777395 0.483330 0.086351 1 22 1.000000
MarioHand_alb.png
 29 72.540085 9.762594 102.369164 0.176236 0.606718 0.775135 0.487282 0.117800 1 22 1.000000
 29 69.730453 10.530099 101.663879 0.000000 0.928108 0.372311 0.458793 0.089326 1 22 1.000000
 29 70.171860 9.563060 103.006149 0.151054 0.610606 0.777395 0.483330 0.086351 1 22 1.000000
MarioHand_alb.png
 29 70.171860 9.563060 103.006149 0.151054 0.610606 0.777395 0.483330 0.086351 1 22 1.000000
 29 69.730453 10.530099 101.663879 0.000000 0.928108 0.372311 0.458793 0.089326 1 22 1.000000
 29 67.994263 9.313170 103.646057 0.131236 0.565670 0.814122 0.481025 0.055833 1 22 1.000000
MarioHand_alb.png
 29 72.865242 8.194953 102.867989 0.273910 0.217068 0.936939 0.509789 0.116060 1 22 1.000000
 29 70.171860 9.563060 103.006149 0.151054 0.610606 0.777395 0.483330 0.086351 1 22 1.000000
 29 70.526337 7.848077 103.595100 0.247932 0.219134 0.943668 0.508614 0.084611 1 22 1.000000
MarioHand_alb.png
 29 70.526337 7.848077 103.595100 0.247932 0.219134 0.943668 0.508614 0.084611 1 22 1.000000
 29 70.171860 9.563060 103.006149 0.151054 0.610606 0.777395 0.483330 0.086351 1 22 1.000000
 29 67.994263 9.313170 103.646057 0.131236 0.565670 0.814122 0.481025 0.055833 1 22 1.000000
MarioHand_alb.png
 29 73.127670 6.399225 102.979225 0.343240 -0.207374 0.916069 0.533974 0.116075 1 22 1.000000
 29 72.865242 8.194953 102.867989 0.273910 0.217068 0.936939 0.509789 0.116060 1 22 1.000000
 29 70.526337 7.848077 103.595100 0.247932 0.219134 0.943668 0.508614 0.084611 1 22 1.000000
MarioHand_alb.png
 29 70.526337 7.848077 103.595100 0.247932 0.219134 0.943668 0.508614 0.084611 1 22 1.000000
 29 67.994263 9.313170 103.646057 0.131236 0.565670 0.814122 0.481025 0.055833 1 22 1.000000
 29 68.335648 7.543442 104.193680 0.223489 0.222917 0.948874 0.507057 0.054124 1 22 1.000000
MarioHand_alb.png
 29 68.335648 7.543442 104.193680 0.223489 0.222917 0.948874 0.507057 0.054124 1 22 1.000000
 29 67.994263 9.313170 103.646057 0.131236 0.565670 0.814122 0.481025 0.055833 1 22 1.000000
 29 66.032410 7.030745 104.750412 0.277699 0.252333 0.926937 0.506096 0.022171 1 22 1.000000
MarioHand_alb.png
 29 73.127670 6.399225 102.979225 0.343240 -0.207374 0.916069 0.533974 0.116075 1 22 1.000000
 29 70.526337 7.848077 103.595100 0.247932 0.219134 0.943668 0.508614 0.084611 1 22 1.000000
 29 70.796417 6.016431 103.668968 0.315019 -0.197650 0.928277 0.534157 0.084382 1 22 1.000000
MarioHand_alb.png
 29 70.526337 7.848077 103.595100 0.247932 0.219134 0.943668 0.508614 0.084611 1 22 1.000000
 29 68.335648 7.543442 104.193680 0.223489 0.222917 0.948874 0.507057 0.054124 1 22 1.000000
 29 70.796417 6.016431 103.668968 0.315019 -0.197650 0.928277 0.534157 0.084382 1 22 1.000000
MarioHand_alb.png
 29 68.335648 7.543442 104.193680 0.223489 0.222917 0.948874 0.507057 0.054124 1 22 1.000000
 29 66.032410 7.030745 104.750412 0.277699 0.252333 0.926937 0.506096 0.022171 1 22 1.000000
 29 68.594276 5.635218 104.383224 0.338811 -0.119328 0.933257 0.534234 0.052644 1 22 1.000000
MarioHand_alb.png
 29 70.796417 6.016431 103.668968 0.315019 -0.197650 0.928277 0.534157 0.084382 1 22 1.000000
 29 68.335648 7.543442 104.193680 0.223489 0.222917 0.948874 0.507057 0.054124 1 22 1.000000
 29 68.594276 5.635218 104.383224 0.338811 -0.119328 0.933257 0.534234 0.052644 1 22 1.000000
MarioHand_alb.png
 29 68.594276 5.635218 104.383224 0.338811 -0.119328 0.933257 0.534234 0.052644 1 22 1.000000
 29 66.032410 7.030745 104.750412 0.277699 0.252333 0.926937 0.506096 0.022171 1 22 1.000000
 29 66.265640 3.571249 105.367439 0.340240 0.117339 0.932989 0.547555 0.020462 1 22 1.000000
MarioHand_alb.png
 29 73.127670 6.399225 102.979225 0.343240 -0.207374 0.916069 0.533974 0.116075 1 22 1.000000
 29 70.796417 6.016431 103.668968 0.315019 -0.197650 0.928277 0.534157 0.084382 1 22 1.000000
 29 72.997772 4.983473 102.042603 0.337200 -0.729520 0.595060 0.556832 0.117525 1 22 1.000000
MarioHand_alb.png
 29 75.144592 5.288660 101.234077 0.332637 -0.773037 0.540153 0.555459 0.148333 1 22 1.000000
 29 73.127670 6.399225 102.979225 0.343240 -0.207374 0.916069 0.533974 0.116075 1 22 1.000000
 29 72.997772 4.983473 102.042603 0.337200 -0.729520 0.595060 0.556832 0.117525 1 22 1.000000
MarioHand_alb.png
 29 70.796417 6.016431 103.668968 0.315019 -0.197650 0.928277 0.534157 0.084382 1 22 1.000000
 29 68.594276 5.635218 104.383224 0.338811 -0.119328 0.933257 0.534234 0.052644 1 22 1.000000
 29 70.752991 4.409349 102.849930 0.306716 -0.734746 0.605040 0.558129 0.085878 1 22 1.000000
MarioHand_alb.png
 29 72.997772 4.983473 102.042603 0.337200 -0.729520 0.595060 0.556832 0.117525 1 22 1.000000
 29 70.796417 6.016431 103.668968 0.315019 -0.197650 0.928277 0.534157 0.084382 1 22 1.000000
 29 70.752991 4.409349 102.849930 0.306716 -0.734746 0.605040 0.558129 0.085878 1 22 1.000000
MarioHand_alb.png
 29 68.594276 5.635218 104.383224 0.338811 -0.119328 0.933257 0.534234 0.052644 1 22 1.000000
 29 66.265640 3.571249 105.367439 0.340240 0.117339 0.932989 0.547555 0.020462 1 22 1.000000
 29 68.562340 4.152953 103.345413 0.350194 -0.801193 0.485236 0.559823 0.054444 1 22 1.000000
MarioHand_alb.png
 29 70.752991 4.409349 102.849930 0.306716 -0.734746 0.605040 0.558129 0.085878 1 22 1.000000
 29 68.594276 5.635218 104.383224 0.338811 -0.119328 0.933257 0.534234 0.052644 1 22 1.000000
 29 68.562340 4.152953 103.345413 0.350194 -0.801193 0.485236 0.559823 0.054444 1 22 1.000000
MarioHand_alb.png
 29 68.562340 4.152953 103.345413 0.350194 -0.801193 0.485236 0.559823 0.054444 1 22 1.000000
 29 66.265640 3.571249 105.367439 0.340240 0.117339 0.932989 0.547555 0.020462 1 22 1.000000
 29 66.004440 3.206443 102.335686 0.598910 0.800589 -0.019074 0.587182 0.028794 1 22 1.000000
MarioHand_alb.png
 29 75.144592 5.288660 101.234077 0.332637 -0.773037 0.540153 0.555459 0.148333 1 22 1.000000
 29 72.997772 4.983473 102.042603 0.337200 -0.729520 0.595060 0.556832 0.117525 1 22 1.000000
 29 74.554489 4.661313 99.666809 0.157926 -0.985702 0.058745 0.578073 0.152712 1 22 1.000000
MarioHand_alb.png
 29 76.984108 5.494020 100.224602 0.417287 -0.760576 0.497388 0.552834 0.175814 1 22 1.000000
 29 75.144592 5.288660 101.234077 0.332637 -0.773037 0.540153 0.555459 0.148333 1 22 1.000000
 29 74.554489 4.661313 99.666809 0.157926 -0.985702 0.058745 0.578073 0.152712 1 22 1.000000
MarioHand_alb.png
 29 68.562340 4.152953 103.345413 0.350194 -0.801193 0.485236 0.559823 0.054444 1 22 1.000000
 29 66.004440 3.206443 102.335686 0.598910 0.800589 -0.019074 0.587182 0.028794 1 22 1.000000
 29 68.191895 3.506793 101.604179 0.183871 -0.973093 0.138857 0.586419 0.057710 1 22 1.000000
MarioHand_alb.png
 29 68.191895 3.506793 101.604179 0.183871 -0.973093 0.138857 0.586419 0.057710 1 22 1.000000
 29 66.004440 3.206443 102.335686 0.598910 0.800589 -0.019074 0.587182 0.028794 1 22 1.000000
 29 65.467346 3.087295 99.427719 0.653328 0.215232 -0.725836 0.627543 0.030091 1 22 1.000000
MarioHand_alb.png
 29 68.562340 4.152953 103.345413 0.350194 -0.801193 0.485236 0.559823 0.054444 1 22 1.000000
 29 68.191895 3.506793 101.604179 0.183871 -0.973093 0.138857 0.586419 0.057710 1 22 1.000000
 29 70.372040 3.863191 101.020081 0.216676 -0.972084 0.090027 0.584222 0.089067 1 22 1.000000
MarioHand_alb.png
 29 70.752991 4.409349 102.849930 0.306716 -0.734746 0.605040 0.558129 0.085878 1 22 1.000000
 29 68.562340 4.152953 103.345413 0.350194 -0.801193 0.485236 0.559823 0.054444 1 22 1.000000
 29 70.372040 3.863191 101.020081 0.216676 -0.972084 0.090027 0.584222 0.089067 1 22 1.000000
MarioHand_alb.png
 29 68.191895 3.506793 101.604179 0.183871 -0.973093 0.138857 0.586419 0.057710 1 22 1.000000
 29 65.467346 3.087295 99.427719 0.653328 0.215232 -0.725836 0.627543 0.030091 1 22 1.000000
 29 67.594749 3.454440 99.037697 0.047302 -0.798274 -0.600434 0.622583 0.062257 1 22 1.000000
MarioHand_alb.png
 29 68.191895 3.506793 101.604179 0.183871 -0.973093 0.138857 0.586419 0.057710 1 22 1.000000
 29 67.594749 3.454440 99.037697 0.047302 -0.798274 -0.600434 0.622583 0.062257 1 22 1.000000
 29 70.372040 3.863191 101.020081 0.216676 -0.972084 0.090027 0.584222 0.089067 1 22 1.000000
MarioHand_alb.png
 29 64.936684 5.842520 97.084740 0.641680 -0.050835 -0.765286 0.674754 0.041138 1 22 1.000000
 29 67.594749 3.454440 99.037697 0.047302 -0.798274 -0.600434 0.622583 0.062257 1 22 1.000000
 29 65.467346 3.087295 99.427719 0.653328 0.215232 -0.725836 0.627543 0.030091 1 22 1.000000
MarioHand_alb.png
 29 66.929893 6.095717 96.965019 -0.111401 -0.216984 -0.969798 0.666743 0.072892 1 22 1.000000
 29 67.594749 3.454440 99.037697 0.047302 -0.798274 -0.600434 0.622583 0.062257 1 22 1.000000
 29 64.936684 5.842520 97.084740 0.641680 -0.050835 -0.765286 0.674754 0.041138 1 22 1.000000
MarioHand_alb.png
 29 69.667213 4.053723 98.483292 0.038910 -0.780389 -0.624082 0.619257 0.095415 1 22 1.000000
 29 67.594749 3.454440 99.037697 0.047302 -0.798274 -0.600434 0.622583 0.062257 1 22 1.000000
 29 66.929893 6.095717 96.965019 -0.111401 -0.216984 -0.969798 0.666743 0.072892 1 22 1.000000
MarioHand_alb.png
 29 69.667213 4.053723 98.483292 0.038910 -0.780389 -0.624082 0.619257 0.095415 1 22 1.000000
 29 70.372040 3.863191 101.020081 0.216676 -0.972084 0.090027 0.584222 0.089067 1 22 1.000000
 29 67.594749 3.454440 99.037697 0.047302 -0.798274 -0.600434 0.622583 0.062257 1 22 1.000000
MarioHand_alb.png
 29 68.832550 6.447423 96.538361 -0.152578 -0.223146 -0.962770 0.661418 0.104524 1 22 1.000000
 29 69.667213 4.053723 98.483292 0.038910 -0.780389 -0.624082 0.619257 0.095415 1 22 1.000000
 29 66.929893 6.095717 96.965019 -0.111401 -0.216984 -0.969798 0.666743 0.072892 1 22 1.000000
MarioHand_alb.png
 29 72.554382 4.382985 100.352158 0.197602 -0.979140 0.047302 0.581292 0.121340 1 22 1.000000
 29 70.752991 4.409349 102.849930 0.306716 -0.734746 0.605040 0.558129 0.085878 1 22 1.000000
 29 70.372040 3.863191 101.020081 0.216676 -0.972084 0.090027 0.584222 0.089067 1 22 1.000000
MarioHand_alb.png
 29 72.997772 4.983473 102.042603 0.337200 -0.729520 0.595060 0.556832 0.117525 1 22 1.000000
 29 70.752991 4.409349 102.849930 0.306716 -0.734746 0.605040 0.558129 0.085878 1 22 1.000000
 29 72.554382 4.382985 100.352158 0.197602 -0.979140 0.047302 0.581292 0.121340 1 22 1.000000
MarioHand_alb.png
 29 74.554489 4.661313 99.666809 0.157926 -0.985702 0.058745 0.578073 0.152712 1 22 1.000000
 29 72.997772 4.983473 102.042603 0.337200 -0.729520 0.595060 0.556832 0.117525 1 22 1.000000
 29 72.554382 4.382985 100.352158 0.197602 -0.979140 0.047302 0.581292 0.121340 1 22 1.000000
MarioHand_alb.png
 29 71.675041 4.524913 97.946999 0.013732 -0.832997 -0.553107 0.616129 0.128161 1 22 1.000000
 29 70.372040 3.863191 101.020081 0.216676 -0.972084 0.090027 0.584222 0.089067 1 22 1.000000
 29 69.667213 4.053723 98.483292 0.038910 -0.780389 -0.624082 0.619257 0.095415 1 22 1.000000
MarioHand_alb.png
 29 71.675041 4.524913 97.946999 0.013732 -0.832997 -0.553107 0.616129 0.128161 1 22 1.000000
 29 69.667213 4.053723 98.483292 0.038910 -0.780389 -0.624082 0.619257 0.095415 1 22 1.000000
 29 68.832550 6.447423 96.538361 -0.152578 -0.223146 -0.962770 0.661418 0.104524 1 22 1.000000
MarioHand_alb.png
 29 72.554382 4.382985 100.352158 0.197602 -0.979140 0.047302 0.581292 0.121340 1 22 1.000000
 29 70.372040 3.863191 101.020081 0.216676 -0.972084 0.090027 0.584222 0.089067 1 22 1.000000
 29 71.675041 4.524913 97.946999 0.013732 -0.832997 -0.553107 0.616129 0.128161 1 22 1.000000
MarioHand_alb.png
 29 70.828346 6.785796 96.204468 -0.173977 -0.209459 -0.962216 0.654856 0.137652 1 22 1.000000
 29 71.675041 4.524913 97.946999 0.013732 -0.832997 -0.553107 0.616129 0.128161 1 22 1.000000
 29 68.832550 6.447423 96.538361 -0.152578 -0.223146 -0.962770 0.661418 0.104524 1 22 1.000000
MarioHand_alb.png
 29 72.665497 7.092484 95.780670 -0.283846 -0.203633 -0.936998 0.646815 0.170977 1 22 1.000000
 29 71.675041 4.524913 97.946999 0.013732 -0.832997 -0.553107 0.616129 0.128161 1 22 1.000000
 29 70.828346 6.785796 96.204468 -0.173977 -0.209459 -0.962216 0.654856 0.137652 1 22 1.000000
MarioHand_alb.png
 29 73.548447 4.858879 97.293259 -0.048828 -0.870892 -0.489042 0.611154 0.160403 1 22 1.000000
 29 72.554382 4.382985 100.352158 0.197602 -0.979140 0.047302 0.581292 0.121340 1 22 1.000000
 29 71.675041 4.524913 97.946999 0.013732 -0.832997 -0.553107 0.616129 0.128161 1 22 1.000000
MarioHand_alb.png
 29 73.548447 4.858879 97.293259 -0.048828 -0.870892 -0.489042 0.611154 0.160403 1 22 1.000000
 29 71.675041 4.524913 97.946999 0.013732 -0.832997 -0.553107 0.616129 0.128161 1 22 1.000000
 29 72.665497 7.092484 95.780670 -0.283846 -0.203633 -0.936998 0.646815 0.170977 1 22 1.000000
MarioHand_alb.png
 29 74.554489 4.661313 99.666809 0.157926 -0.985702 0.058745 0.578073 0.152712 1 22 1.000000
 29 72.554382 4.382985 100.352158 0.197602 -0.979140 0.047302 0.581292 0.121340 1 22 1.000000
 29 73.548447 4.858879 97.293259 -0.048828 -0.870892 -0.489042 0.611154 0.160403 1 22 1.000000
MarioHand_alb.png
 29 75.173065 5.160687 96.444878 -0.111390 -0.852686 -0.510410 0.605158 0.188998 1 22 1.000000
 29 73.548447 4.858879 97.293259 -0.048828 -0.870892 -0.489042 0.611154 0.160403 1 22 1.000000
 29 72.665497 7.092484 95.780670 -0.283846 -0.203633 -0.936998 0.646815 0.170977 1 22 1.000000
MarioHand_alb.png
 29 75.173065 5.160687 96.444878 -0.111390 -0.852686 -0.510410 0.605158 0.188998 1 22 1.000000
 29 72.665497 7.092484 95.780670 -0.283846 -0.203633 -0.936998 0.646815 0.170977 1 22 1.000000
 29 74.334724 7.346584 95.139053 -0.371573 -0.193798 -0.907951 0.637446 0.201129 1 22 1.000000
MarioHand_alb.png
 29 76.321281 4.804246 98.766090 0.170133 -0.985038 0.027465 0.573419 0.180728 1 22 1.000000
 29 74.554489 4.661313 99.666809 0.157926 -0.985702 0.058745 0.578073 0.152712 1 22 1.000000
 29 73.548447 4.858879 97.293259 -0.048828 -0.870892 -0.489042 0.611154 0.160403 1 22 1.000000
MarioHand_alb.png
 29 76.321281 4.804246 98.766090 0.170133 -0.985038 0.027465 0.573419 0.180728 1 22 1.000000
 29 73.548447 4.858879 97.293259 -0.048828 -0.870892 -0.489042 0.611154 0.160403 1 22 1.000000
 29 75.173065 5.160687 96.444878 -0.111390 -0.852686 -0.510410 0.605158 0.188998 1 22 1.000000
MarioHand_alb.png
 29 76.984108 5.494020 100.224602 0.417287 -0.760576 0.497388 0.552834 0.175814 1 22 1.000000
 29 74.554489 4.661313 99.666809 0.157926 -0.985702 0.058745 0.578073 0.152712 1 22 1.000000
 29 76.321281 4.804246 98.766090 0.170133 -0.985038 0.027465 0.573419 0.180728 1 22 1.000000
MarioHand_alb.png
 29 78.587280 5.795249 99.013870 0.547771 -0.735352 0.399003 0.549142 0.203143 1 22 1.000000
 29 76.984108 5.494020 100.224602 0.417287 -0.760576 0.497388 0.552834 0.175814 1 22 1.000000
 29 76.321281 4.804246 98.766090 0.170133 -0.985038 0.027465 0.573419 0.180728 1 22 1.000000
MarioHand_alb.png
 29 78.587280 5.795249 99.013870 0.547771 -0.735352 0.399003 0.549142 0.203143 1 22 1.000000
 29 76.321281 4.804246 98.766090 0.170133 -0.985038 0.027465 0.573419 0.180728 1 22 1.000000
 29 77.922035 5.071279 97.667183 0.277719 -0.955042 -0.103763 0.567193 0.208698 1 22 1.000000
MarioHand_alb.png
 29 77.922035 5.071279 97.667183 0.277719 -0.955042 -0.103763 0.567193 0.208698 1 22 1.000000
 29 76.321281 4.804246 98.766090 0.170133 -0.985038 0.027465 0.573419 0.180728 1 22 1.000000
 29 75.173065 5.160687 96.444878 -0.111390 -0.852686 -0.510410 0.605158 0.188998 1 22 1.000000
MarioHand_alb.png
 29 79.307304 5.983874 96.699310 0.638530 -0.704519 -0.309729 0.557076 0.236805 1 22 1.000000
 29 78.587280 5.795249 99.013870 0.547771 -0.735352 0.399003 0.549142 0.203143 1 22 1.000000
 29 77.922035 5.071279 97.667183 0.277719 -0.955042 -0.103763 0.567193 0.208698 1 22 1.000000
MarioHand_alb.png
 29 77.922035 5.071279 97.667183 0.277719 -0.955042 -0.103763 0.567193 0.208698 1 22 1.000000
 29 75.173065 5.160687 96.444878 -0.111390 -0.852686 -0.510410 0.605158 0.188998 1 22 1.000000
 29 76.732040 5.524432 95.537315 0.004578 -0.792119 -0.610349 0.595956 0.215961 1 22 1.000000
MarioHand_alb.png
 29 79.307304 5.983874 96.699310 0.638530 -0.704519 -0.309729 0.557076 0.236805 1 22 1.000000
 29 77.922035 5.071279 97.667183 0.277719 -0.955042 -0.103763 0.567193 0.208698 1 22 1.000000
 29 76.732040 5.524432 95.537315 0.004578 -0.792119 -0.610349 0.595956 0.215961 1 22 1.000000
MarioHand_alb.png
 29 76.732040 5.524432 95.537315 0.004578 -0.792119 -0.610349 0.595956 0.215961 1 22 1.000000
 29 75.173065 5.160687 96.444878 -0.111390 -0.852686 -0.510410 0.605158 0.188998 1 22 1.000000
 29 74.334724 7.346584 95.139053 -0.371573 -0.193798 -0.907951 0.637446 0.201129 1 22 1.000000
MarioHand_alb.png
 29 76.732040 5.524432 95.537315 0.004578 -0.792119 -0.610349 0.595956 0.215961 1 22 1.000000
 29 74.334724 7.346584 95.139053 -0.371573 -0.193798 -0.907951 0.637446 0.201129 1 22 1.000000
 29 75.955658 7.559963 94.425812 -0.237980 -0.164374 -0.957260 0.623575 0.229175 1 22 1.000000
MarioHand_alb.png
 29 76.732040 5.524432 95.537315 0.004578 -0.792119 -0.610349 0.595956 0.215961 1 22 1.000000
 29 75.955658 7.559963 94.425812 -0.237980 -0.164374 -0.957260 0.623575 0.229175 1 22 1.000000
 29 77.861923 7.848368 94.322327 0.176277 -0.101779 -0.979064 0.604318 0.251789 1 22 1.000000
MarioHand_alb.png
 29 79.307304 5.983874 96.699310 0.638530 -0.704519 -0.309729 0.557076 0.236805 1 22 1.000000
 29 76.732040 5.524432 95.537315 0.004578 -0.792119 -0.610349 0.595956 0.215961 1 22 1.000000
 29 78.438545 6.332228 95.147179 0.365475 -0.614784 -0.698905 0.583658 0.239170 1 22 1.000000
MarioHand_alb.png
 29 78.438545 6.332228 95.147179 0.365475 -0.614784 -0.698905 0.583658 0.239170 1 22 1.000000
 29 76.732040 5.524432 95.537315 0.004578 -0.792119 -0.610349 0.595956 0.215961 1 22 1.000000
 29 77.861923 7.848368 94.322327 0.176277 -0.101779 -0.979064 0.604318 0.251789 1 22 1.000000
MarioHand_alb.png
 29 79.307304 5.983874 96.699310 0.638530 -0.704519 -0.309729 0.557076 0.236805 1 22 1.000000
 29 78.438545 6.332228 95.147179 0.365475 -0.614784 -0.698905 0.583658 0.239170 1 22 1.000000
 29 79.668594 8.355981 96.000648 0.876536 0.076192 -0.475267 0.572961 0.269306 1 22 1.000000
MarioHand_alb.png
 29 78.438545 6.332228 95.147179 0.365475 -0.614784 -0.698905 0.583658 0.239170 1 22 1.000000
 29 77.861923 7.848368 94.322327 0.176277 -0.101779 -0.979064 0.604318 0.251789 1 22 1.000000
 29 79.668594 8.355981 96.000648 0.876536 0.076192 -0.475267 0.572961 0.269306 1 22 1.000000
end
