version 1
nodes
  0 "nw4f_root"  -1
  1 "AllRoot"   0
  2 "JointRoot"   1
  3 "Hip"   2
  4 "LegL1"   3
  5 "LegL2"   4
  6 "FootL"   5
  7 "ToeL"   6
  8 "LegR1"   3
  9 "LegR2"   8
 10 "FootR"   9
 11 "ToeR"  10
 12 "Spine1"   2
 13 "Spine2"  12
 14 "Bag"  13
 15 "Head"  13
 16 "JoeUnder"  15
 17 "ShoulderL"  13
 18 "ArmL1"  17
 19 "ArmL1Sub"  18
 20 "ArmL2"  18
 21 "ArmL2Sub"  20
 22 "HandL"  20
 23 "ShoulderR"  13
 24 "ArmR1"  23
 25 "ArmR1Sub"  24
 26 "ArmR2"  24
 27 "ArmR2Sub"  26
 28 "HandR"  26
 29 "LuigiUnused_LHand2"  -1
end
skeleton
time 0
  0 0.000000 0.000000 0.000000 1.570796 -0.000000 0.000000
  1 0.000000 0.000000 0.000000 0.000000 -0.000000 0.000000
  2 0.000000 68.028503 -3.990591 0.000000 -0.000000 0.000000
  3 0.000000 -2.000000 0.000001 -1.570796 -3.141592 1.570796
  4 4.029991 2.576941 -10.147688 0.000000 -0.000000 0.000000
  5 26.211063 0.000204 -0.000088 0.000000 -0.000000 0.000000
  6 22.942825 0.000005 0.000004 0.000000 0.000000 1.134464
  7 12.169998 0.000008 0.000000 -0.000000 0.000000 0.436332
  8 4.029991 2.576937 10.147690 0.000000 -0.000000 0.000000
  9 26.211067 0.000200 0.000096 0.000000 -0.000000 0.000000
 10 22.942818 0.000005 0.000004 0.000000 0.000000 1.134464
 11 12.170002 0.000010 0.000000 -0.000000 0.000000 0.436332
 12 0.000000 4.277161 -0.000000 1.570796 -0.000000 1.570796
 13 13.929802 0.000000 0.000000 0.000000 -0.000000 0.000000
 14 22.639145 -16.116180 0.000000 -1.570796 -1.570451 0.000000
 15 20.107773 0.000587 -0.000000 0.000000 0.000000 1.570796
 16 0.073432 -15.880157 -0.000000 -3.141592 0.000000 0.575263
 17 10.084557 0.778702 3.123569 -1.570796 -1.570451 0.000000
 18 12.086020 0.000000 0.000000 0.000000 0.000000 0.000000
 19 5.370699 0.000000 0.000001 -0.000000 0.000000 0.000000
 20 12.261209 0.000000 0.000001 -0.000000 0.000000 0.000000
 21 8.518942 0.000023 -0.000006 -0.000000 0.000001 -0.000000
 22 19.602606 0.000038 0.000000 -0.000000 0.000001 -0.000000
 23 10.084557 0.778702 -3.123570 1.570796 1.570451 0.000000
 24 12.086014 0.000000 0.000000 -0.000000 0.000000 0.000000
 25 5.370700 0.000000 0.000000 0.000000 0.000000 -0.000000
 26 12.261210 0.000000 -0.000001 0.000000 0.000001 -0.000000
 27 8.518951 0.000000 0.000006 0.000000 -0.000000 0.000000
 28 19.602608 0.000000 0.000000 0.000000 -0.000000 0.000000
 29 0.000000 0.000000 0.000000 0.000000 -0.000000 0.000000
end
triangles
MarioHand_alb.png
 29 58.166866 8.409189 104.197327 0.064459 -0.341936 -0.937510 0.126024 0.804623 1 22 1.000000
 29 60.578278 8.872711 105.413612 0.496588 -0.299497 -0.814679 0.129351 0.836851 1 22 1.000000
 29 60.227821 8.297356 105.613190 0.428740 -0.639868 -0.637770 0.120699 0.833371 1 22 1.000000
MarioHand_alb.png
 29 58.166866 8.409189 104.197327 0.064459 -0.341936 -0.937510 0.126024 0.804623 1 22 1.000000
 29 56.016651 8.263659 105.457199 -0.332976 -0.645546 -0.687311 0.116213 0.779187 1 22 1.000000
 29 55.672310 8.833571 105.234245 -0.385772 -0.311365 -0.868465 0.123690 0.774762 1 22 1.000000
MarioHand_alb.png
 29 58.166866 8.409189 104.197327 0.064459 -0.341936 -0.937510 0.126024 0.804623 1 22 1.000000
 29 56.022778 9.408927 105.034691 -0.314995 0.058728 -0.947274 0.131807 0.777768 1 22 1.000000
 29 57.061813 9.871284 104.907379 -0.152621 0.320696 -0.934805 0.140795 0.788968 1 22 1.000000
MarioHand_alb.png
 29 58.166866 8.409189 104.197327 0.064459 -0.341936 -0.937510 0.126024 0.804623 1 22 1.000000
 29 59.193581 9.887636 105.002914 0.259854 0.336551 -0.905102 0.145052 0.819120 1 22 1.000000
 29 60.233948 9.442625 105.190674 0.425970 0.076270 -0.901517 0.137346 0.832349 1 22 1.000000
MarioHand_alb.png
 29 57.057014 7.818653 105.644974 -0.305187 -0.316917 0.898011 0.026749 0.897826 1 22 1.000000
 29 56.621323 9.061601 105.869118 -0.402886 0.311225 0.860710 0.023239 0.912490 1 22 1.000000
 29 56.016651 8.263659 105.457199 -0.418575 -0.170177 0.892096 0.014343 0.904021 1 22 1.000000
MarioHand_alb.png
 29 56.022778 9.408927 105.034691 -0.418478 0.704680 0.572976 0.014343 0.920958 1 22 1.000000
 29 56.621323 9.061601 105.869118 -0.402886 0.311225 0.860710 0.023239 0.912490 1 22 1.000000
 29 57.061813 9.871284 104.907379 -0.291809 0.819734 0.492832 0.026749 0.927169 1 22 1.000000
MarioHand_alb.png
 29 59.193581 9.887636 105.002914 0.205227 0.822147 0.530996 0.060639 0.927169 1 22 1.000000
 29 59.581917 9.085223 105.977348 0.283370 0.320460 0.903885 0.064149 0.912490 1 22 1.000000
 29 60.233948 9.442625 105.190674 0.328812 0.710169 0.622530 0.073045 0.920958 1 22 1.000000
MarioHand_alb.png
 29 60.227821 8.297356 105.613190 0.315042 -0.152563 0.936735 0.073045 0.904021 1 22 1.000000
 29 59.581917 9.085223 105.977348 0.283370 0.320460 0.903885 0.064149 0.912490 1 22 1.000000
 29 59.188789 7.835011 105.740517 0.196064 -0.299341 0.933785 0.060639 0.897826 1 22 1.000000
MarioHand_alb.png
 29 58.105400 9.768345 105.667931 -0.046539 0.826156 0.561516 0.043687 0.922713 1 22 1.000000
 29 58.131592 10.004710 104.900879 -0.033568 0.954595 0.296010 0.043687 0.929427 1 22 1.000000
 29 57.061813 9.871284 104.907379 -0.291809 0.819734 0.492832 0.026749 0.927169 1 22 1.000000
MarioHand_alb.png
 29 58.105400 9.768345 105.667931 -0.046539 0.826156 0.561516 0.043687 0.922713 1 22 1.000000
 29 59.193581 9.887636 105.002914 0.205227 0.822147 0.530996 0.060639 0.927169 1 22 1.000000
 29 58.131592 10.004710 104.900879 -0.033568 0.954595 0.296010 0.043687 0.929427 1 22 1.000000
MarioHand_alb.png
 29 58.097836 8.378485 106.178528 -0.060664 -0.276230 0.959175 0.043687 0.902281 1 22 1.000000
 29 58.119034 7.701585 105.746994 -0.052631 -0.540326 0.839808 0.043687 0.895552 1 22 1.000000
 29 59.188789 7.835011 105.740517 0.196064 -0.299341 0.933785 0.060639 0.897826 1 22 1.000000
MarioHand_alb.png
 29 58.097836 8.378485 106.178528 -0.060664 -0.276230 0.959175 0.043687 0.902281 1 22 1.000000
 29 57.057014 7.818653 105.644974 -0.305187 -0.316917 0.898011 0.026749 0.897826 1 22 1.000000
 29 58.119034 7.701585 105.746994 -0.052631 -0.540326 0.839808 0.043687 0.895552 1 22 1.000000
MarioHand_alb.png
 29 60.459366 3.504579 106.273285 0.493012 -0.002003 -0.870021 0.080049 0.771603 1 22 1.000000
 29 58.069679 3.492923 104.919441 0.056441 -0.003909 -0.998398 0.079652 0.742016 1 22 1.000000
 29 60.129509 4.117122 106.252625 0.430657 0.354367 -0.830035 0.087785 0.768002 1 22 1.000000
MarioHand_alb.png
 29 58.069679 3.492923 104.919441 0.056441 -0.003909 -0.998398 0.079652 0.742016 1 22 1.000000
 29 60.459366 3.504579 106.273285 0.493012 -0.002003 -0.870021 0.080049 0.771603 1 22 1.000000
 29 60.132545 2.890305 106.256470 0.432695 -0.356645 -0.827997 0.072221 0.768200 1 22 1.000000
MarioHand_alb.png
 29 58.069679 3.492923 104.919441 0.056441 -0.003909 -0.998398 0.079652 0.742016 1 22 1.000000
 29 60.132545 2.890305 106.256470 0.432695 -0.356645 -0.827997 0.072221 0.768200 1 22 1.000000
 29 59.236603 2.438885 106.206696 0.257899 -0.620140 -0.740887 0.064927 0.758129 1 22 1.000000
MarioHand_alb.png
 29 58.069679 3.492923 104.919441 0.056441 -0.003909 -0.998398 0.079652 0.742016 1 22 1.000000
 29 56.785889 2.432409 106.066856 -0.168585 -0.622371 -0.764352 0.063508 0.724529 1 22 1.000000
 29 55.887787 2.879087 106.014252 -0.335003 -0.360067 -0.870704 0.070726 0.712642 1 22 1.000000
MarioHand_alb.png
 29 58.069679 3.492923 104.919441 0.056441 -0.003909 -0.998398 0.079652 0.742016 1 22 1.000000
 29 55.884766 4.105906 106.010376 -0.336405 0.353950 -0.872669 0.087816 0.712413 1 22 1.000000
 29 56.780670 4.557322 106.060158 -0.171684 0.616536 -0.768380 0.095338 0.724102 1 22 1.000000
MarioHand_alb.png
 29 58.069679 3.492923 104.919441 0.056441 -0.003909 -0.998398 0.079652 0.742016 1 22 1.000000
 29 59.231392 4.563795 106.200027 0.254097 0.616166 -0.745503 0.094804 0.757733 1 22 1.000000
 29 60.129509 4.117122 106.252625 0.430657 0.354367 -0.830035 0.087785 0.768002 1 22 1.000000
MarioHand_alb.png
 29 57.971111 4.240333 106.757057 -0.046924 0.587308 0.808002 0.145403 0.910002 1 22 1.000000
 29 58.005646 4.724921 106.129570 -0.037388 0.792962 0.608122 0.145403 0.916732 1 22 1.000000
 29 56.780670 4.557322 106.060158 -0.291425 0.579131 0.761367 0.128420 0.914458 1 22 1.000000
MarioHand_alb.png
 29 57.971111 4.240333 106.757057 -0.046924 0.587308 0.808002 0.145403 0.910002 1 22 1.000000
 29 59.231392 4.563795 106.200027 0.199475 0.581453 0.788747 0.162371 0.914458 1 22 1.000000
 29 58.005646 4.724921 106.129570 -0.037388 0.792962 0.608122 0.145403 0.916732 1 22 1.000000
MarioHand_alb.png
 29 57.974762 2.759641 106.761726 -0.045008 -0.582384 0.811667 0.145403 0.889525 1 22 1.000000
 29 58.011684 2.271286 106.137291 -0.033189 -0.788468 0.614180 0.145403 0.882795 1 22 1.000000
 29 59.236603 2.438885 106.206696 0.201414 -0.575395 0.792687 0.162371 0.885069 1 22 1.000000
MarioHand_alb.png
 29 57.974762 2.759641 106.761726 -0.045008 -0.582384 0.811667 0.145403 0.889525 1 22 1.000000
 29 56.785889 2.432409 106.066856 -0.287657 -0.575814 0.765305 0.128420 0.885069 1 22 1.000000
 29 58.011684 2.271286 106.137291 -0.033189 -0.788468 0.614180 0.145403 0.882795 1 22 1.000000
MarioHand_alb.png
 29 58.024071 -1.630620 104.278275 0.132717 0.259891 -0.956474 0.028763 0.796063 1 22 1.000000
 29 60.302753 -1.952513 105.777443 0.557571 0.234522 -0.796313 0.031662 0.825483 1 22 1.000000
 29 59.992123 -2.539985 105.570526 0.504188 -0.121113 -0.855060 0.023590 0.822782 1 22 1.000000
MarioHand_alb.png
 29 58.024071 -1.630620 104.278275 0.132717 0.259891 -0.956474 0.028763 0.796063 1 22 1.000000
 29 59.992123 -2.539985 105.570526 0.504188 -0.121113 -0.855060 0.023590 0.822782 1 22 1.000000
 29 59.113152 -2.962170 105.329514 0.330288 -0.402919 -0.853561 0.015473 0.813352 1 22 1.000000
MarioHand_alb.png
 29 58.024071 -1.630620 104.278275 0.132717 0.259891 -0.956474 0.028763 0.796063 1 22 1.000000
 29 55.439415 -1.893792 105.109116 -0.318946 0.244718 -0.915635 0.025452 0.762387 1 22 1.000000
 29 55.750053 -1.306323 105.316032 -0.272356 0.573213 -0.772819 0.034363 0.765911 1 22 1.000000
MarioHand_alb.png
 29 58.024071 -1.630620 104.278275 0.132717 0.259891 -0.956474 0.028763 0.796063 1 22 1.000000
 29 55.750053 -1.306323 105.316032 -0.272356 0.573213 -0.772819 0.034363 0.765911 1 22 1.000000
 29 56.629044 -0.884137 105.557068 -0.121306 0.794452 -0.595088 0.042863 0.776913 1 22 1.000000
MarioHand_alb.png
 29 58.024071 -1.630620 104.278275 0.132717 0.259891 -0.956474 0.028763 0.796063 1 22 1.000000
 29 59.060703 -0.913498 105.891212 0.295270 0.788568 -0.539422 0.045182 0.810422 1 22 1.000000
 29 59.961830 -1.357189 105.894829 0.481428 0.561598 -0.672930 0.039063 0.821256 1 22 1.000000
MarioHand_alb.png
 29 57.768555 -1.375658 106.237625 -0.123217 0.348218 0.929280 0.065263 0.870832 1 22 1.000000
 29 57.840790 -0.740353 105.767601 -0.101478 0.599022 0.794277 0.065263 0.877577 1 22 1.000000
 29 56.629044 -0.884137 105.557068 -0.361732 0.354244 0.862358 0.048280 0.875303 1 22 1.000000
MarioHand_alb.png
 29 57.768555 -1.375658 106.237625 -0.123217 0.348218 0.929280 0.065263 0.870832 1 22 1.000000
 29 59.060703 -0.913498 105.891212 0.125096 0.348120 0.929066 0.082246 0.875303 1 22 1.000000
 29 57.840790 -0.740353 105.767601 -0.101478 0.599022 0.794277 0.065263 0.877577 1 22 1.000000
MarioHand_alb.png
 29 57.805107 -2.803220 105.846199 -0.094222 -0.778714 0.620263 0.065263 0.850355 1 22 1.000000
 29 57.901375 -3.105954 105.118988 -0.062562 -0.924452 0.376132 0.065263 0.843626 1 22 1.000000
 29 59.113152 -2.962170 105.329514 0.152595 -0.766909 0.623350 0.082246 0.845899 1 22 1.000000
MarioHand_alb.png
 29 57.805107 -2.803220 105.846199 -0.094222 -0.778714 0.620263 0.065263 0.850355 1 22 1.000000
 29 56.681488 -2.932806 104.995346 -0.334183 -0.761448 0.555445 0.048280 0.845899 1 22 1.000000
 29 57.901375 -3.105954 105.118988 -0.062562 -0.924452 0.376132 0.065263 0.843626 1 22 1.000000
MarioHand_alb.png
 29 65.556740 -2.504411 101.298622 -0.237272 -0.949517 -0.205229 0.683604 0.474388 1 22 1.000000
 29 65.838554 -2.498506 104.743858 0.164001 -0.371506 0.913831 0.728038 0.467384 1 22 1.000000
 29 67.789108 -2.215985 102.810387 0.039673 0.953883 0.297545 0.710613 0.501701 1 22 1.000000
MarioHand_alb.png
 29 65.556458 -2.476514 98.566444 0.516546 0.017620 -0.856078 0.647517 0.480171 1 22 1.000000
 29 65.556740 -2.504411 101.298622 -0.237272 -0.949517 -0.205229 0.683604 0.474388 1 22 1.000000
 29 67.826187 -2.163973 101.030487 -0.035095 0.997565 -0.060272 0.685939 0.506310 1 22 1.000000
MarioHand_alb.png
 29 67.639008 -5.051185 97.273697 0.059498 0.031275 -0.997738 0.613565 0.515877 1 22 1.000000
 29 65.281937 -4.850677 96.622894 0.569050 0.002002 -0.822300 0.605982 0.481102 1 22 1.000000
 29 65.556458 -2.476514 98.566444 0.516546 0.017620 -0.856078 0.647517 0.480171 1 22 1.000000
MarioHand_alb.png
 29 67.639008 -5.051185 97.273697 0.059498 0.031275 -0.997738 0.613565 0.515877 1 22 1.000000
 29 65.556458 -2.476514 98.566444 0.516546 0.017620 -0.856078 0.647517 0.480171 1 22 1.000000
 29 67.723297 -2.554011 98.492744 0.016784 0.816191 -0.577538 0.650813 0.510475 1 22 1.000000
MarioHand_alb.png
 29 65.556458 -2.476514 98.566444 0.516546 0.017620 -0.856078 0.647517 0.480171 1 22 1.000000
 29 67.826187 -2.163973 101.030487 -0.035095 0.997565 -0.060272 0.685939 0.506310 1 22 1.000000
 29 67.723297 -2.554011 98.492744 0.016784 0.816191 -0.577538 0.650813 0.510475 1 22 1.000000
MarioHand_alb.png
 29 67.639008 -5.051185 97.273697 0.059498 0.031275 -0.997738 0.613565 0.515877 1 22 1.000000
 29 67.723297 -2.554011 98.492744 0.016784 0.816191 -0.577538 0.650813 0.510475 1 22 1.000000
 29 69.810814 -2.649132 98.549164 0.006104 0.787958 -0.615699 0.654704 0.540658 1 22 1.000000
MarioHand_alb.png
 29 67.723297 -2.554011 98.492744 0.016784 0.816191 -0.577538 0.650813 0.510475 1 22 1.000000
 29 67.826187 -2.163973 101.030487 -0.035095 0.997565 -0.060272 0.685939 0.506310 1 22 1.000000
 29 69.810814 -2.649132 98.549164 0.006104 0.787958 -0.615699 0.654704 0.540658 1 22 1.000000
MarioHand_alb.png
 29 69.815201 -5.127268 96.973404 0.000000 0.035188 -0.999381 0.615396 0.547707 1 22 1.000000
 29 67.639008 -5.051185 97.273697 0.059498 0.031275 -0.997738 0.613565 0.515877 1 22 1.000000
 29 69.810814 -2.649132 98.549164 0.006104 0.787958 -0.615699 0.654704 0.540658 1 22 1.000000
MarioHand_alb.png
 29 67.789108 -2.215985 102.810387 0.039673 0.953883 0.297545 0.710613 0.501701 1 22 1.000000
 29 67.826187 -2.163973 101.030487 -0.035095 0.997565 -0.060272 0.685939 0.506310 1 22 1.000000
 29 65.556740 -2.504411 101.298622 -0.237272 -0.949517 -0.205229 0.683604 0.474388 1 22 1.000000
MarioHand_alb.png
 29 69.815201 -5.127268 96.973404 0.000000 0.035188 -0.999381 0.615396 0.547707 1 22 1.000000
 29 69.810814 -2.649132 98.549164 0.006104 0.787958 -0.615699 0.654704 0.540658 1 22 1.000000
 29 71.885857 -2.726896 98.552536 0.027467 0.776557 -0.629448 0.657938 0.571283 1 22 1.000000
MarioHand_alb.png
 29 71.891045 -5.182567 97.108047 0.054945 0.025469 -0.998164 0.620249 0.578958 1 22 1.000000
 29 69.815201 -5.127268 96.973404 0.000000 0.035188 -0.999381 0.615396 0.547707 1 22 1.000000
 29 71.885857 -2.726896 98.552536 0.027467 0.776557 -0.629448 0.657938 0.571283 1 22 1.000000
MarioHand_alb.png
 29 73.809517 -5.149493 97.295280 0.049584 0.021550 -0.998537 0.627024 0.609140 1 22 1.000000
 29 71.891045 -5.182567 97.108047 0.054945 0.025469 -0.998164 0.620249 0.578958 1 22 1.000000
 29 71.885857 -2.726896 98.552536 0.027467 0.776557 -0.629448 0.657938 0.571283 1 22 1.000000
MarioHand_alb.png
 29 69.802635 -2.068696 101.004288 0.006103 0.994178 -0.107574 0.689326 0.534783 1 22 1.000000
 29 69.810814 -2.649132 98.549164 0.006104 0.787958 -0.615699 0.654704 0.540658 1 22 1.000000
 29 67.826187 -2.163973 101.030487 -0.035095 0.997565 -0.060272 0.685939 0.506310 1 22 1.000000
MarioHand_alb.png
 29 73.841690 -2.793370 98.534630 0.023650 0.758270 -0.651512 0.661585 0.600534 1 22 1.000000
 29 73.809517 -5.149493 97.295280 0.049584 0.021550 -0.998537 0.627024 0.609140 1 22 1.000000
 29 71.885857 -2.726896 98.552536 0.027467 0.776557 -0.629448 0.657938 0.571283 1 22 1.000000
MarioHand_alb.png
 29 73.841690 -2.793370 98.534630 0.023650 0.758270 -0.651512 0.661585 0.600534 1 22 1.000000
 29 75.743835 -5.126466 97.430435 0.046548 0.009825 -0.998868 0.635569 0.639704 1 22 1.000000
 29 73.809517 -5.149493 97.295280 0.049584 0.021550 -0.998537 0.627024 0.609140 1 22 1.000000
MarioHand_alb.png
 29 71.885857 -2.726896 98.552536 0.027467 0.776557 -0.629448 0.657938 0.571283 1 22 1.000000
 29 69.810814 -2.649132 98.549164 0.006104 0.787958 -0.615699 0.654704 0.540658 1 22 1.000000
 29 71.868164 -2.023274 100.985077 0.000000 0.992800 -0.119782 0.691905 0.564828 1 22 1.000000
MarioHand_alb.png
 29 71.868164 -2.023274 100.985077 0.000000 0.992800 -0.119782 0.691905 0.564828 1 22 1.000000
 29 69.810814 -2.649132 98.549164 0.006104 0.787958 -0.615699 0.654704 0.540658 1 22 1.000000
 29 69.802635 -2.068696 101.004288 0.006103 0.994178 -0.107574 0.689326 0.534783 1 22 1.000000
MarioHand_alb.png
 29 73.841690 -2.793370 98.534630 0.023650 0.758270 -0.651512 0.661585 0.600534 1 22 1.000000
 29 71.885857 -2.726896 98.552536 0.027467 0.776557 -0.629448 0.657938 0.571283 1 22 1.000000
 29 73.802780 -1.995574 100.934578 0.003815 0.993770 -0.111390 0.694194 0.593301 1 22 1.000000
MarioHand_alb.png
 29 71.885857 -2.726896 98.552536 0.027467 0.776557 -0.629448 0.657938 0.571283 1 22 1.000000
 29 71.868164 -2.023274 100.985077 0.000000 0.992800 -0.119782 0.691905 0.564828 1 22 1.000000
 29 73.802780 -1.995574 100.934578 0.003815 0.993770 -0.111390 0.694194 0.593301 1 22 1.000000
MarioHand_alb.png
 29 69.770401 -2.378894 102.621239 0.054168 0.883045 0.466151 0.712093 0.530465 1 22 1.000000
 29 69.802635 -2.068696 101.004288 0.006103 0.994178 -0.107574 0.689326 0.534783 1 22 1.000000
 29 67.826187 -2.163973 101.030487 -0.035095 0.997565 -0.060272 0.685939 0.506310 1 22 1.000000
MarioHand_alb.png
 29 71.868164 -2.023274 100.985077 0.000000 0.992800 -0.119782 0.691905 0.564828 1 22 1.000000
 29 69.802635 -2.068696 101.004288 0.006103 0.994178 -0.107574 0.689326 0.534783 1 22 1.000000
 29 69.770401 -2.378894 102.621239 0.054168 0.883045 0.466151 0.712093 0.530465 1 22 1.000000
MarioHand_alb.png
 29 69.770401 -2.378894 102.621239 0.054168 0.883045 0.466151 0.712093 0.530465 1 22 1.000000
 29 67.826187 -2.163973 101.030487 -0.035095 0.997565 -0.060272 0.685939 0.506310 1 22 1.000000
 29 67.789108 -2.215985 102.810387 0.039673 0.953883 0.297545 0.710613 0.501701 1 22 1.000000
MarioHand_alb.png
 29 75.739853 -2.851645 98.494865 0.027466 0.739214 -0.672910 0.667018 0.629404 1 22 1.000000
 29 75.743835 -5.126466 97.430435 0.046548 0.009825 -0.998868 0.635569 0.639704 1 22 1.000000
 29 73.841690 -2.793370 98.534630 0.023650 0.758270 -0.651512 0.661585 0.600534 1 22 1.000000
MarioHand_alb.png
 29 75.739853 -2.851645 98.494865 0.027466 0.739214 -0.672910 0.667018 0.629404 1 22 1.000000
 29 77.787979 -5.109517 97.580963 0.223465 0.003909 -0.974704 0.648524 0.670115 1 22 1.000000
 29 75.743835 -5.126466 97.430435 0.046548 0.009825 -0.998868 0.635569 0.639704 1 22 1.000000
MarioHand_alb.png
 29 75.737518 -2.020384 100.882088 0.015259 0.991235 -0.131227 0.697932 0.621729 1 22 1.000000
 29 75.739853 -2.851645 98.494865 0.027466 0.739214 -0.672910 0.667018 0.629404 1 22 1.000000
 29 73.841690 -2.793370 98.534630 0.023650 0.758270 -0.651512 0.661585 0.600534 1 22 1.000000
MarioHand_alb.png
 29 75.737518 -2.020384 100.882088 0.015259 0.991235 -0.131227 0.697932 0.621729 1 22 1.000000
 29 73.841690 -2.793370 98.534630 0.023650 0.758270 -0.651512 0.661585 0.600534 1 22 1.000000
 29 73.802780 -1.995574 100.934578 0.003815 0.993770 -0.111390 0.694194 0.593301 1 22 1.000000
MarioHand_alb.png
 29 77.784225 -2.933411 98.520500 0.205242 0.710645 -0.672949 0.676280 0.657664 1 22 1.000000
 29 77.787979 -5.109517 97.580963 0.223465 0.003909 -0.974704 0.648524 0.670115 1 22 1.000000
 29 75.739853 -2.851645 98.494865 0.027466 0.739214 -0.672910 0.667018 0.629404 1 22 1.000000
MarioHand_alb.png
 29 79.480255 -5.106533 98.444580 0.618157 0.002003 -0.786052 0.668009 0.692836 1 22 1.000000
 29 77.787979 -5.109517 97.580963 0.223465 0.003909 -0.974704 0.648524 0.670115 1 22 1.000000
 29 77.784225 -2.933411 98.520500 0.205242 0.710645 -0.672949 0.676280 0.657664 1 22 1.000000
MarioHand_alb.png
 29 77.782661 -2.032039 100.788696 0.174713 0.970075 -0.168609 0.704662 0.651240 1 22 1.000000
 29 75.739853 -2.851645 98.494865 0.027466 0.739214 -0.672910 0.667018 0.629404 1 22 1.000000
 29 75.737518 -2.020384 100.882088 0.015259 0.991235 -0.131227 0.697932 0.621729 1 22 1.000000
MarioHand_alb.png
 29 77.782661 -2.032039 100.788696 0.174713 0.970075 -0.168609 0.704662 0.651240 1 22 1.000000
 29 77.784225 -2.933411 98.520500 0.205242 0.710645 -0.672949 0.676280 0.657664 1 22 1.000000
 29 75.739853 -2.851645 98.494865 0.027466 0.739214 -0.672910 0.667018 0.629404 1 22 1.000000
MarioHand_alb.png
 29 79.477509 -3.516299 99.131172 0.610237 0.572407 -0.547687 0.688640 0.681010 1 22 1.000000
 29 79.480255 -5.106533 98.444580 0.618157 0.002003 -0.786052 0.668009 0.692836 1 22 1.000000
 29 77.784225 -2.933411 98.520500 0.205242 0.710645 -0.672949 0.676280 0.657664 1 22 1.000000
MarioHand_alb.png
 29 79.477509 -3.516299 99.131172 0.610237 0.572407 -0.547687 0.688640 0.681010 1 22 1.000000
 29 77.784225 -2.933411 98.520500 0.205242 0.710645 -0.672949 0.676280 0.657664 1 22 1.000000
 29 77.782661 -2.032039 100.788696 0.174713 0.970075 -0.168609 0.704662 0.651240 1 22 1.000000
MarioHand_alb.png
 29 80.416718 -5.104887 100.788696 0.999998 0.002098 0.000000 0.699931 0.711192 1 22 1.000000
 29 79.480255 -5.106533 98.444580 0.618157 0.002003 -0.786052 0.668009 0.692836 1 22 1.000000
 29 79.477509 -3.516299 99.131172 0.610237 0.572407 -0.547687 0.688640 0.681010 1 22 1.000000
MarioHand_alb.png
 29 79.476379 -2.857605 100.788696 0.651610 0.750777 -0.108347 0.714885 0.678691 1 22 1.000000
 29 80.416718 -5.104887 100.788696 0.999998 0.002098 0.000000 0.699931 0.711192 1 22 1.000000
 29 79.477509 -3.516299 99.131172 0.610237 0.572407 -0.547687 0.688640 0.681010 1 22 1.000000
MarioHand_alb.png
 29 79.476379 -2.857605 100.788696 0.651610 0.750777 -0.108347 0.714885 0.678691 1 22 1.000000
 29 79.477509 -3.516299 99.131172 0.610237 0.572407 -0.547687 0.688640 0.681010 1 22 1.000000
 29 77.782661 -2.032039 100.788696 0.174713 0.970075 -0.168609 0.704662 0.651240 1 22 1.000000
MarioHand_alb.png
 29 77.783218 -2.354567 102.343544 0.170139 0.869409 0.463876 0.721431 0.645609 1 22 1.000000
 29 77.782661 -2.032039 100.788696 0.174713 0.970075 -0.168609 0.704662 0.651240 1 22 1.000000
 29 75.737518 -2.020384 100.882088 0.015259 0.991235 -0.131227 0.697932 0.621729 1 22 1.000000
MarioHand_alb.png
 29 79.476379 -2.857605 100.788696 0.651610 0.750777 -0.108347 0.714885 0.678691 1 22 1.000000
 29 77.782661 -2.032039 100.788696 0.174713 0.970075 -0.168609 0.704662 0.651240 1 22 1.000000
 29 77.783218 -2.354567 102.343544 0.170139 0.869409 0.463876 0.721431 0.645609 1 22 1.000000
MarioHand_alb.png
 29 75.733482 -2.325801 102.405693 0.017547 0.877156 0.479884 0.716701 0.617273 1 22 1.000000
 29 75.737518 -2.020384 100.882088 0.015259 0.991235 -0.131227 0.697932 0.621729 1 22 1.000000
 29 73.802780 -1.995574 100.934578 0.003815 0.993770 -0.111390 0.694194 0.593301 1 22 1.000000
MarioHand_alb.png
 29 77.783218 -2.354567 102.343544 0.170139 0.869409 0.463876 0.721431 0.645609 1 22 1.000000
 29 75.737518 -2.020384 100.882088 0.015259 0.991235 -0.131227 0.697932 0.621729 1 22 1.000000
 29 75.733482 -2.325801 102.405693 0.017547 0.877156 0.479884 0.716701 0.617273 1 22 1.000000
MarioHand_alb.png
 29 79.477615 -3.575530 102.393295 0.746121 0.477650 0.463846 0.736843 0.668162 1 22 1.000000
 29 79.476379 -2.857605 100.788696 0.651610 0.750777 -0.108347 0.714885 0.678691 1 22 1.000000
 29 77.783218 -2.354567 102.343544 0.170139 0.869409 0.463876 0.721431 0.645609 1 22 1.000000
MarioHand_alb.png
 29 80.416718 -5.104887 100.788696 0.999998 0.002098 0.000000 0.758190 0.694240 1 22 1.000000
 29 79.476379 -2.857605 100.788696 0.651610 0.750777 -0.108347 0.714885 0.678691 1 22 1.000000
 29 79.477615 -3.575530 102.393295 0.746121 0.477650 0.463846 0.736843 0.668162 1 22 1.000000
MarioHand_alb.png
 29 79.477615 -3.575530 102.393295 0.746121 0.477650 0.463846 0.736843 0.668162 1 22 1.000000
 29 77.783218 -2.354567 102.343544 0.170139 0.869409 0.463876 0.721431 0.645609 1 22 1.000000
 29 77.780876 -3.498437 103.528801 0.168625 0.505518 0.846178 0.739178 0.641215 1 22 1.000000
MarioHand_alb.png
 29 77.780876 -3.498437 103.528801 0.168625 0.505518 0.846178 0.739178 0.641215 1 22 1.000000
 29 77.783218 -2.354567 102.343544 0.170139 0.869409 0.463876 0.721431 0.645609 1 22 1.000000
 29 75.733482 -2.325801 102.405693 0.017547 0.877156 0.479884 0.716701 0.617273 1 22 1.000000
MarioHand_alb.png
 29 80.416718 -5.104887 100.788696 0.999998 0.002098 0.000000 0.758190 0.694240 1 22 1.000000
 29 79.477615 -3.575530 102.393295 0.746121 0.477650 0.463846 0.736843 0.668162 1 22 1.000000
 29 79.480255 -5.106536 103.132835 0.743130 0.005818 0.669122 0.758022 0.663630 1 22 1.000000
MarioHand_alb.png
 29 79.480255 -5.106536 103.132835 0.743130 0.005818 0.669122 0.758022 0.663630 1 22 1.000000
 29 79.477615 -3.575530 102.393295 0.746121 0.477650 0.463846 0.736843 0.668162 1 22 1.000000
 29 77.780876 -3.498437 103.528801 0.168625 0.505518 0.846178 0.739178 0.641215 1 22 1.000000
MarioHand_alb.png
 29 80.416718 -5.104887 100.788696 0.999998 0.002098 0.000000 0.758190 0.694240 1 22 1.000000
 29 79.480255 -5.106536 103.132835 0.743130 0.005818 0.669122 0.758022 0.663630 1 22 1.000000
 29 79.482956 -6.710763 102.400612 0.751501 -0.469116 0.463871 0.780209 0.667903 1 22 1.000000
MarioHand_alb.png
 29 80.416718 -5.104887 100.788696 0.999998 0.002098 0.000000 0.758190 0.694240 1 22 1.000000
 29 79.482956 -6.710763 102.400612 0.751501 -0.469116 0.463871 0.780209 0.667903 1 22 1.000000
 29 79.484146 -7.420776 100.788696 0.721794 -0.691179 -0.035861 0.802594 0.678203 1 22 1.000000
MarioHand_alb.png
 29 79.480255 -5.106536 103.132835 0.743130 0.005818 0.669122 0.758022 0.663630 1 22 1.000000
 29 77.780876 -3.498437 103.528801 0.168625 0.505518 0.846178 0.739178 0.641215 1 22 1.000000
 29 77.787979 -5.109516 103.996437 0.157209 0.009730 0.987517 0.757809 0.639490 1 22 1.000000
MarioHand_alb.png
 29 79.482956 -6.710763 102.400612 0.751501 -0.469116 0.463871 0.780209 0.667903 1 22 1.000000
 29 79.480255 -5.106536 103.132835 0.743130 0.005818 0.669122 0.758022 0.663630 1 22 1.000000
 29 77.790756 -6.752048 103.566986 0.154894 -0.511131 0.845431 0.776684 0.641154 1 22 1.000000
MarioHand_alb.png
 29 79.480255 -5.106536 103.132835 0.743130 0.005818 0.669122 0.758022 0.663630 1 22 1.000000
 29 77.787979 -5.109516 103.996437 0.157209 0.009730 0.987517 0.757809 0.639490 1 22 1.000000
 29 77.790756 -6.752048 103.566986 0.154894 -0.511131 0.845431 0.776684 0.641154 1 22 1.000000
MarioHand_alb.png
 29 77.780876 -3.498437 103.528801 0.168625 0.505518 0.846178 0.739178 0.641215 1 22 1.000000
 29 75.733482 -2.325801 102.405693 0.017547 0.877156 0.479884 0.716701 0.617273 1 22 1.000000
 29 75.735367 -3.496654 103.611824 0.018310 0.502481 0.864394 0.737087 0.613901 1 22 1.000000
MarioHand_alb.png
 29 77.780876 -3.498437 103.528801 0.168625 0.505518 0.846178 0.739178 0.641215 1 22 1.000000
 29 75.735367 -3.496654 103.611824 0.018310 0.502481 0.864394 0.737087 0.613901 1 22 1.000000
 29 77.787979 -5.109516 103.996437 0.157209 0.009730 0.987517 0.757809 0.639490 1 22 1.000000
MarioHand_alb.png
 29 75.733482 -2.325801 102.405693 0.017547 0.877156 0.479884 0.716701 0.617273 1 22 1.000000
 29 73.802780 -1.995574 100.934578 0.003815 0.993770 -0.111390 0.694194 0.593301 1 22 1.000000
 29 73.801453 -2.325733 102.465851 0.004578 0.873104 0.487513 0.714412 0.589548 1 22 1.000000
MarioHand_alb.png
 29 75.733482 -2.325801 102.405693 0.017547 0.877156 0.479884 0.716701 0.617273 1 22 1.000000
 29 73.801453 -2.325733 102.465851 0.004578 0.873104 0.487513 0.714412 0.589548 1 22 1.000000
 29 75.735367 -3.496654 103.611824 0.018310 0.502481 0.864394 0.737087 0.613901 1 22 1.000000
MarioHand_alb.png
 29 73.801453 -2.325733 102.465851 0.004578 0.873104 0.487513 0.714412 0.589548 1 22 1.000000
 29 73.802780 -1.995574 100.934578 0.003815 0.993770 -0.111390 0.694194 0.593301 1 22 1.000000
 29 71.868164 -2.023274 100.985077 0.000000 0.992800 -0.119782 0.691905 0.564828 1 22 1.000000
MarioHand_alb.png
 29 73.801453 -2.325733 102.465851 0.004578 0.873104 0.487513 0.714412 0.589548 1 22 1.000000
 29 71.868164 -2.023274 100.985077 0.000000 0.992800 -0.119782 0.691905 0.564828 1 22 1.000000
 29 71.863770 -2.398113 102.514694 0.015259 0.854292 0.519570 0.713176 0.561318 1 22 1.000000
MarioHand_alb.png
 29 71.863770 -2.398113 102.514694 0.015259 0.854292 0.519570 0.713176 0.561318 1 22 1.000000
 29 71.868164 -2.023274 100.985077 0.000000 0.992800 -0.119782 0.691905 0.564828 1 22 1.000000
 29 69.770401 -2.378894 102.621239 0.054168 0.883045 0.466151 0.712093 0.530465 1 22 1.000000
MarioHand_alb.png
 29 75.735367 -3.496654 103.611824 0.018310 0.502481 0.864394 0.737087 0.613901 1 22 1.000000
 29 73.801453 -2.325733 102.465851 0.004578 0.873104 0.487513 0.714412 0.589548 1 22 1.000000
 29 73.803741 -3.547580 103.652046 0.009919 0.483758 0.875146 0.736538 0.586816 1 22 1.000000
MarioHand_alb.png
 29 73.803741 -3.547580 103.652046 0.009919 0.483758 0.875146 0.736538 0.586816 1 22 1.000000
 29 73.801453 -2.325733 102.465851 0.004578 0.873104 0.487513 0.714412 0.589548 1 22 1.000000
 29 71.863770 -2.398113 102.514694 0.015259 0.854292 0.519570 0.713176 0.561318 1 22 1.000000
MarioHand_alb.png
 29 77.787979 -5.109516 103.996437 0.157209 0.009730 0.987517 0.757809 0.639490 1 22 1.000000
 29 75.735367 -3.496654 103.611824 0.018310 0.502481 0.864394 0.737087 0.613901 1 22 1.000000
 29 75.745087 -5.113960 104.033195 0.006102 0.000000 0.999981 0.757641 0.612909 1 22 1.000000
MarioHand_alb.png
 29 75.745087 -5.113960 104.033195 0.006102 0.000000 0.999981 0.757641 0.612909 1 22 1.000000
 29 75.735367 -3.496654 103.611824 0.018310 0.502481 0.864394 0.737087 0.613901 1 22 1.000000
 29 73.803741 -3.547580 103.652046 0.009919 0.483758 0.875146 0.736538 0.586816 1 22 1.000000
MarioHand_alb.png
 29 71.834290 -3.532864 103.722816 0.029754 0.471864 0.881169 0.735759 0.558495 1 22 1.000000
 29 71.863770 -2.398113 102.514694 0.015259 0.854292 0.519570 0.713176 0.561318 1 22 1.000000
 29 69.770401 -2.378894 102.621239 0.054168 0.883045 0.466151 0.712093 0.530465 1 22 1.000000
MarioHand_alb.png
 29 73.803741 -3.547580 103.652046 0.009919 0.483758 0.875146 0.736538 0.586816 1 22 1.000000
 29 71.863770 -2.398113 102.514694 0.015259 0.854292 0.519570 0.713176 0.561318 1 22 1.000000
 29 71.834290 -3.532864 103.722816 0.029754 0.471864 0.881169 0.735759 0.558495 1 22 1.000000
MarioHand_alb.png
 29 75.748032 -6.661533 103.627159 -0.011443 -0.514448 0.857445 0.777417 0.614038 1 22 1.000000
 29 77.787979 -5.109516 103.996437 0.157209 0.009730 0.987517 0.757809 0.639490 1 22 1.000000
 29 75.745087 -5.113960 104.033195 0.006102 0.000000 0.999981 0.757641 0.612909 1 22 1.000000
MarioHand_alb.png
 29 77.790756 -6.752048 103.566986 0.154894 -0.511131 0.845431 0.776684 0.641154 1 22 1.000000
 29 77.787979 -5.109516 103.996437 0.157209 0.009730 0.987517 0.757809 0.639490 1 22 1.000000
 29 75.748032 -6.661533 103.627159 -0.011443 -0.514448 0.857445 0.777417 0.614038 1 22 1.000000
MarioHand_alb.png
 29 75.745087 -5.113960 104.033195 0.006102 0.000000 0.999981 0.757641 0.612909 1 22 1.000000
 29 73.803741 -3.547580 103.652046 0.009919 0.483758 0.875146 0.736538 0.586816 1 22 1.000000
 29 73.808640 -5.116638 103.996445 -0.006105 -0.023466 0.999706 0.757671 0.586267 1 22 1.000000
MarioHand_alb.png
 29 73.808640 -5.116638 103.996445 -0.006105 -0.023466 0.999706 0.757671 0.586267 1 22 1.000000
 29 73.803741 -3.547580 103.652046 0.009919 0.483758 0.875146 0.736538 0.586816 1 22 1.000000
 29 71.834290 -3.532864 103.722816 0.029754 0.471864 0.881169 0.735759 0.558495 1 22 1.000000
MarioHand_alb.png
 29 75.748032 -6.661533 103.627159 -0.011443 -0.514448 0.857445 0.777417 0.614038 1 22 1.000000
 29 75.745087 -5.113960 104.033195 0.006102 0.000000 0.999981 0.757641 0.612909 1 22 1.000000
 29 73.810081 -6.612452 103.586647 -0.027461 -0.523958 0.851301 0.778195 0.587213 1 22 1.000000
MarioHand_alb.png
 29 73.810081 -6.612452 103.586647 -0.027461 -0.523958 0.851301 0.778195 0.587213 1 22 1.000000
 29 75.745087 -5.113960 104.033195 0.006102 0.000000 0.999981 0.757641 0.612909 1 22 1.000000
 29 73.808640 -5.116638 103.996445 -0.006105 -0.023466 0.999706 0.757671 0.586267 1 22 1.000000
MarioHand_alb.png
 29 75.749649 -7.858196 102.366692 -0.027468 -0.871809 0.489075 0.798596 0.617121 1 22 1.000000
 29 77.790756 -6.752048 103.566986 0.154894 -0.511131 0.845431 0.776684 0.641154 1 22 1.000000
 29 75.748032 -6.661533 103.627159 -0.011443 -0.514448 0.857445 0.777417 0.614038 1 22 1.000000
MarioHand_alb.png
 29 73.812897 -7.746435 102.368393 -0.038911 -0.871386 0.489052 0.800107 0.589487 1 22 1.000000
 29 75.748032 -6.661533 103.627159 -0.011443 -0.514448 0.857445 0.777417 0.614038 1 22 1.000000
 29 73.810081 -6.612452 103.586647 -0.027461 -0.523958 0.851301 0.778195 0.587213 1 22 1.000000
MarioHand_alb.png
 29 75.749649 -7.858196 102.366692 -0.027468 -0.871809 0.489075 0.798596 0.617121 1 22 1.000000
 29 75.748032 -6.661533 103.627159 -0.011443 -0.514448 0.857445 0.777417 0.614038 1 22 1.000000
 29 73.812897 -7.746435 102.368393 -0.038911 -0.871386 0.489052 0.800107 0.589487 1 22 1.000000
MarioHand_alb.png
 29 73.810081 -6.612452 103.586647 -0.027461 -0.523958 0.851301 0.778195 0.587213 1 22 1.000000
 29 73.808640 -5.116638 103.996445 -0.006105 -0.023466 0.999706 0.757671 0.586267 1 22 1.000000
 29 71.874870 -6.596867 103.530800 -0.023650 -0.539758 0.841488 0.779156 0.559640 1 22 1.000000
MarioHand_alb.png
 29 77.792671 -7.885080 102.349960 0.144959 -0.865270 0.479890 0.794705 0.645380 1 22 1.000000
 29 77.790756 -6.752048 103.566986 0.154894 -0.511131 0.845431 0.776684 0.641154 1 22 1.000000
 29 75.749649 -7.858196 102.366692 -0.027468 -0.871809 0.489075 0.798596 0.617121 1 22 1.000000
MarioHand_alb.png
 29 79.482956 -6.710763 102.400612 0.751501 -0.469116 0.463871 0.780209 0.667903 1 22 1.000000
 29 77.790756 -6.752048 103.566986 0.154894 -0.511131 0.845431 0.776684 0.641154 1 22 1.000000
 29 77.792671 -7.885080 102.349960 0.144959 -0.865270 0.479890 0.794705 0.645380 1 22 1.000000
MarioHand_alb.png
 29 79.482956 -6.710763 102.400612 0.751501 -0.469116 0.463871 0.780209 0.667903 1 22 1.000000
 29 77.792671 -7.885080 102.349960 0.144959 -0.865270 0.479890 0.794705 0.645380 1 22 1.000000
 29 79.484146 -7.420776 100.788696 0.721794 -0.691179 -0.035861 0.802594 0.678203 1 22 1.000000
MarioHand_alb.png
 29 71.874870 -6.596867 103.530800 -0.023650 -0.539758 0.841488 0.779156 0.559640 1 22 1.000000
 29 73.808640 -5.116638 103.996445 -0.006105 -0.023466 0.999706 0.757671 0.586267 1 22 1.000000
 29 71.815140 -5.127665 103.992569 0.004576 -0.068360 0.997650 0.758007 0.558129 1 22 1.000000
MarioHand_alb.png
 29 73.808640 -5.116638 103.996445 -0.006105 -0.023466 0.999706 0.757671 0.586267 1 22 1.000000
 29 71.834290 -3.532864 103.722816 0.029754 0.471864 0.881169 0.735759 0.558495 1 22 1.000000
 29 71.815140 -5.127665 103.992569 0.004576 -0.068360 0.997650 0.758007 0.558129 1 22 1.000000
MarioHand_alb.png
 29 71.888885 -7.695547 102.345261 -0.029753 -0.873896 0.485201 0.801282 0.561624 1 22 1.000000
 29 73.810081 -6.612452 103.586647 -0.027461 -0.523958 0.851301 0.778195 0.587213 1 22 1.000000
 29 71.874870 -6.596867 103.530800 -0.023650 -0.539758 0.841488 0.779156 0.559640 1 22 1.000000
MarioHand_alb.png
 29 73.812897 -7.746435 102.368393 -0.038911 -0.871386 0.489052 0.800107 0.589487 1 22 1.000000
 29 73.810081 -6.612452 103.586647 -0.027461 -0.523958 0.851301 0.778195 0.587213 1 22 1.000000
 29 71.888885 -7.695547 102.345261 -0.029753 -0.873896 0.485201 0.801282 0.561624 1 22 1.000000
MarioHand_alb.png
 29 71.874870 -6.596867 103.530800 -0.023650 -0.539758 0.841488 0.779156 0.559640 1 22 1.000000
 29 71.815140 -5.127665 103.992569 0.004576 -0.068360 0.997650 0.758007 0.558129 1 22 1.000000
 29 69.821487 -6.531223 103.469223 0.000000 -0.551968 0.833865 0.779660 0.530648 1 22 1.000000
MarioHand_alb.png
 29 71.815140 -5.127665 103.992569 0.004576 -0.068360 0.997650 0.758007 0.558129 1 22 1.000000
 29 71.834290 -3.532864 103.722816 0.029754 0.471864 0.881169 0.735759 0.558495 1 22 1.000000
 29 69.815086 -5.123930 103.996445 0.027470 -0.123424 0.991974 0.758495 0.529381 1 22 1.000000
MarioHand_alb.png
 29 71.815140 -5.127665 103.992569 0.004576 -0.068360 0.997650 0.758007 0.558129 1 22 1.000000
 29 69.815086 -5.123930 103.996445 0.027470 -0.123424 0.991974 0.758495 0.529381 1 22 1.000000
 29 69.821487 -6.531223 103.469223 0.000000 -0.551968 0.833865 0.779660 0.530648 1 22 1.000000
MarioHand_alb.png
 29 71.834290 -3.532864 103.722816 0.029754 0.471864 0.881169 0.735759 0.558495 1 22 1.000000
 29 69.765877 -3.497715 103.849266 0.072490 0.438448 0.895829 0.735439 0.528206 1 22 1.000000
 29 69.815086 -5.123930 103.996445 0.027470 -0.123424 0.991974 0.758495 0.529381 1 22 1.000000
MarioHand_alb.png
 29 71.834290 -3.532864 103.722816 0.029754 0.471864 0.881169 0.735759 0.558495 1 22 1.000000
 29 69.770401 -2.378894 102.621239 0.054168 0.883045 0.466151 0.712093 0.530465 1 22 1.000000
 29 69.765877 -3.497715 103.849266 0.072490 0.438448 0.895829 0.735439 0.528206 1 22 1.000000
MarioHand_alb.png
 29 69.765877 -3.497715 103.849266 0.072490 0.438448 0.895829 0.735439 0.528206 1 22 1.000000
 29 69.770401 -2.378894 102.621239 0.054168 0.883045 0.466151 0.712093 0.530465 1 22 1.000000
 29 67.789108 -2.215985 102.810387 0.039673 0.953883 0.297545 0.710613 0.501701 1 22 1.000000
MarioHand_alb.png
 29 69.815086 -5.123930 103.996445 0.027470 -0.123424 0.991974 0.758495 0.529381 1 22 1.000000
 29 69.765877 -3.497715 103.849266 0.072490 0.438448 0.895829 0.735439 0.528206 1 22 1.000000
 29 67.733955 -5.091547 104.056099 0.022129 -0.156527 0.987426 0.759289 0.499962 1 22 1.000000
MarioHand_alb.png
 29 69.815086 -5.123930 103.996445 0.027470 -0.123424 0.991974 0.758495 0.529381 1 22 1.000000
 29 67.733955 -5.091547 104.056099 0.022129 -0.156527 0.987426 0.759289 0.499962 1 22 1.000000
 29 69.821487 -6.531223 103.469223 0.000000 -0.551968 0.833865 0.779660 0.530648 1 22 1.000000
MarioHand_alb.png
 29 69.765877 -3.497715 103.849266 0.072490 0.438448 0.895829 0.735439 0.528206 1 22 1.000000
 29 67.789108 -2.215985 102.810387 0.039673 0.953883 0.297545 0.710613 0.501701 1 22 1.000000
 29 67.813866 -3.392249 104.058617 0.183904 0.301562 0.935543 0.735119 0.499413 1 22 1.000000
MarioHand_alb.png
 29 69.765877 -3.497715 103.849266 0.072490 0.438448 0.895829 0.735439 0.528206 1 22 1.000000
 29 67.813866 -3.392249 104.058617 0.183904 0.301562 0.935543 0.735119 0.499413 1 22 1.000000
 29 67.733955 -5.091547 104.056099 0.022129 -0.156527 0.987426 0.759289 0.499962 1 22 1.000000
MarioHand_alb.png
 29 67.789108 -2.215985 102.810387 0.039673 0.953883 0.297545 0.710613 0.501701 1 22 1.000000
 29 65.838554 -2.498506 104.743858 0.164001 -0.371506 0.913831 0.728038 0.467384 1 22 1.000000
 29 67.813866 -3.392249 104.058617 0.183904 0.301562 0.935543 0.735119 0.499413 1 22 1.000000
MarioHand_alb.png
 29 65.441277 -5.131708 103.996445 0.095362 -0.404907 0.909372 0.764584 0.467765 1 22 1.000000
 29 67.813866 -3.392249 104.058617 0.183904 0.301562 0.935543 0.735119 0.499413 1 22 1.000000
 29 65.838554 -2.498506 104.743858 0.164001 -0.371506 0.913831 0.728038 0.467384 1 22 1.000000
MarioHand_alb.png
 29 65.441277 -5.131708 103.996445 0.095362 -0.404907 0.909372 0.764584 0.467765 1 22 1.000000
 29 67.733955 -5.091547 104.056099 0.022129 -0.156527 0.987426 0.759289 0.499962 1 22 1.000000
 29 67.813866 -3.392249 104.058617 0.183904 0.301562 0.935543 0.735119 0.499413 1 22 1.000000
MarioHand_alb.png
 29 67.664360 -6.584641 103.517685 -0.022129 -0.560384 0.827937 0.781476 0.500496 1 22 1.000000
 29 67.733955 -5.091547 104.056099 0.022129 -0.156527 0.987426 0.759289 0.499962 1 22 1.000000
 29 65.441277 -5.131708 103.996445 0.095362 -0.404907 0.909372 0.764584 0.467765 1 22 1.000000
MarioHand_alb.png
 29 67.664360 -6.584641 103.517685 -0.022129 -0.560384 0.827937 0.781476 0.500496 1 22 1.000000
 29 69.821487 -6.531223 103.469223 0.000000 -0.551968 0.833865 0.779660 0.530648 1 22 1.000000
 29 67.733955 -5.091547 104.056099 0.022129 -0.156527 0.987426 0.759289 0.499962 1 22 1.000000
MarioHand_alb.png
 29 65.278542 -7.116806 102.703445 -0.003815 -0.830545 0.556939 0.797391 0.467536 1 22 1.000000
 29 67.664360 -6.584641 103.517685 -0.022129 -0.560384 0.827937 0.781476 0.500496 1 22 1.000000
 29 65.441277 -5.131708 103.996445 0.095362 -0.404907 0.909372 0.764584 0.467765 1 22 1.000000
MarioHand_alb.png
 29 69.818748 -7.650414 102.327469 -0.005341 -0.876465 0.481436 0.802090 0.532219 1 22 1.000000
 29 71.874870 -6.596867 103.530800 -0.023650 -0.539758 0.841488 0.779156 0.559640 1 22 1.000000
 29 69.821487 -6.531223 103.469223 0.000000 -0.551968 0.833865 0.779660 0.530648 1 22 1.000000
MarioHand_alb.png
 29 69.818748 -7.650414 102.327469 -0.005341 -0.876465 0.481436 0.802090 0.532219 1 22 1.000000
 29 69.821487 -6.531223 103.469223 0.000000 -0.551968 0.833865 0.779660 0.530648 1 22 1.000000
 29 67.664360 -6.584641 103.517685 -0.022129 -0.560384 0.827937 0.781476 0.500496 1 22 1.000000
MarioHand_alb.png
 29 71.888885 -7.695547 102.345261 -0.029753 -0.873896 0.485201 0.801282 0.561624 1 22 1.000000
 29 71.874870 -6.596867 103.530800 -0.023650 -0.539758 0.841488 0.779156 0.559640 1 22 1.000000
 29 69.818748 -7.650414 102.327469 -0.005341 -0.876465 0.481436 0.802090 0.532219 1 22 1.000000
MarioHand_alb.png
 29 67.596359 -7.707661 102.312675 -0.032043 -0.886524 0.461572 0.804120 0.501015 1 22 1.000000
 29 67.664360 -6.584641 103.517685 -0.022129 -0.560384 0.827937 0.781476 0.500496 1 22 1.000000
 29 65.278542 -7.116806 102.703445 -0.003815 -0.830545 0.556939 0.797391 0.467536 1 22 1.000000
MarioHand_alb.png
 29 69.818748 -7.650414 102.327469 -0.005341 -0.876465 0.481436 0.802090 0.532219 1 22 1.000000
 29 67.664360 -6.584641 103.517685 -0.022129 -0.560384 0.827937 0.781476 0.500496 1 22 1.000000
 29 67.596359 -7.707661 102.312675 -0.032043 -0.886524 0.461572 0.804120 0.501015 1 22 1.000000
MarioHand_alb.png
 29 65.225189 -7.929546 100.551605 0.036623 -0.993767 0.105290 0.829679 0.469001 1 22 1.000000
 29 67.596359 -7.707661 102.312675 -0.032043 -0.886524 0.461572 0.804120 0.501015 1 22 1.000000
 29 65.278542 -7.116806 102.703445 -0.003815 -0.830545 0.556939 0.797391 0.467536 1 22 1.000000
MarioHand_alb.png
 29 69.819977 -8.043612 100.782562 -0.001526 -0.999622 -0.027465 0.824231 0.534081 1 22 1.000000
 29 71.888885 -7.695547 102.345261 -0.029753 -0.873896 0.485201 0.801282 0.561624 1 22 1.000000
 29 69.818748 -7.650414 102.327469 -0.005341 -0.876465 0.481436 0.802090 0.532219 1 22 1.000000
MarioHand_alb.png
 29 69.819977 -8.043612 100.782562 -0.001526 -0.999622 -0.027465 0.824231 0.534081 1 22 1.000000
 29 69.818748 -7.650414 102.327469 -0.005341 -0.876465 0.481436 0.802090 0.532219 1 22 1.000000
 29 67.596359 -7.707661 102.312675 -0.032043 -0.886524 0.461572 0.804120 0.501015 1 22 1.000000
MarioHand_alb.png
 29 67.570343 -8.039305 100.730682 -0.001526 -0.999150 -0.041198 0.826246 0.502129 1 22 1.000000
 29 67.596359 -7.707661 102.312675 -0.032043 -0.886524 0.461572 0.804120 0.501015 1 22 1.000000
 29 65.225189 -7.929546 100.551605 0.036623 -0.993767 0.105290 0.829679 0.469001 1 22 1.000000
MarioHand_alb.png
 29 69.819977 -8.043612 100.782562 -0.001526 -0.999622 -0.027465 0.824231 0.534081 1 22 1.000000
 29 67.596359 -7.707661 102.312675 -0.032043 -0.886524 0.461572 0.804120 0.501015 1 22 1.000000
 29 67.570343 -8.039305 100.730682 -0.001526 -0.999150 -0.041198 0.826246 0.502129 1 22 1.000000
MarioHand_alb.png
 29 67.626953 -7.560772 98.263535 0.027464 -0.769742 -0.637764 0.860609 0.504814 1 22 1.000000
 29 67.570343 -8.039305 100.730682 -0.001526 -0.999150 -0.041198 0.826246 0.502129 1 22 1.000000
 29 65.225189 -7.929546 100.551605 0.036623 -0.993767 0.105290 0.829679 0.469001 1 22 1.000000
MarioHand_alb.png
 29 67.626953 -7.560772 98.263535 0.027464 -0.769742 -0.637764 0.860609 0.504814 1 22 1.000000
 29 65.225189 -7.929546 100.551605 0.036623 -0.993767 0.105290 0.829679 0.469001 1 22 1.000000
 29 65.235580 -7.686035 98.244339 0.226587 -0.824810 -0.518022 0.861540 0.470741 1 22 1.000000
MarioHand_alb.png
 29 67.639008 -5.051185 97.273697 0.059498 0.031275 -0.997738 0.897078 0.508721 1 22 1.000000
 29 65.235580 -7.686035 98.244339 0.226587 -0.824810 -0.518022 0.861540 0.470741 1 22 1.000000
 29 65.281937 -4.850677 96.622894 0.569050 0.002002 -0.822300 0.905791 0.474098 1 22 1.000000
MarioHand_alb.png
 29 67.639008 -5.051185 97.273697 0.059498 0.031275 -0.997738 0.897078 0.508721 1 22 1.000000
 29 67.626953 -7.560772 98.263535 0.027464 -0.769742 -0.637764 0.860609 0.504814 1 22 1.000000
 29 65.235580 -7.686035 98.244339 0.226587 -0.824810 -0.518022 0.861540 0.470741 1 22 1.000000
MarioHand_alb.png
 29 69.819199 -7.575828 98.345612 -0.003815 -0.786193 -0.617969 0.858152 0.537148 1 22 1.000000
 29 67.570343 -8.039305 100.730682 -0.001526 -0.999150 -0.041198 0.826246 0.502129 1 22 1.000000
 29 67.626953 -7.560772 98.263535 0.027464 -0.769742 -0.637764 0.860609 0.504814 1 22 1.000000
MarioHand_alb.png
 29 69.819199 -7.575828 98.345612 -0.003815 -0.786193 -0.617969 0.858152 0.537148 1 22 1.000000
 29 67.626953 -7.560772 98.263535 0.027464 -0.769742 -0.637764 0.860609 0.504814 1 22 1.000000
 29 67.639008 -5.051185 97.273697 0.059498 0.031275 -0.997738 0.897078 0.508721 1 22 1.000000
MarioHand_alb.png
 29 69.819199 -7.575828 98.345612 -0.003815 -0.786193 -0.617969 0.858152 0.537148 1 22 1.000000
 29 69.819977 -8.043612 100.782562 -0.001526 -0.999622 -0.027465 0.824231 0.534081 1 22 1.000000
 29 67.570343 -8.039305 100.730682 -0.001526 -0.999150 -0.041198 0.826246 0.502129 1 22 1.000000
MarioHand_alb.png
 29 69.819199 -7.575828 98.345612 -0.003815 -0.786193 -0.617969 0.858152 0.537148 1 22 1.000000
 29 67.639008 -5.051185 97.273697 0.059498 0.031275 -0.997738 0.897078 0.508721 1 22 1.000000
 29 69.815201 -5.127268 96.973404 0.000000 0.035188 -0.999381 0.895842 0.540932 1 22 1.000000
MarioHand_alb.png
 29 71.891045 -5.182567 97.108047 0.054945 0.025469 -0.998164 0.891951 0.572778 1 22 1.000000
 29 69.819199 -7.575828 98.345612 -0.003815 -0.786193 -0.617969 0.858152 0.537148 1 22 1.000000
 29 69.815201 -5.127268 96.973404 0.000000 0.035188 -0.999381 0.895842 0.540932 1 22 1.000000
MarioHand_alb.png
 29 71.894211 -7.526383 98.398849 0.028993 -0.780801 -0.624107 0.856214 0.568063 1 22 1.000000
 29 69.819199 -7.575828 98.345612 -0.003815 -0.786193 -0.617969 0.858152 0.537148 1 22 1.000000
 29 71.891045 -5.182567 97.108047 0.054945 0.025469 -0.998164 0.891951 0.572778 1 22 1.000000
MarioHand_alb.png
 29 71.894211 -7.526383 98.398849 0.028993 -0.780801 -0.624107 0.856214 0.568063 1 22 1.000000
 29 69.819977 -8.043612 100.782562 -0.001526 -0.999622 -0.027465 0.824231 0.534081 1 22 1.000000
 29 69.819199 -7.575828 98.345612 -0.003815 -0.786193 -0.617969 0.858152 0.537148 1 22 1.000000
MarioHand_alb.png
 29 73.809517 -5.149493 97.295280 0.049584 0.021550 -0.998537 0.887480 0.603784 1 22 1.000000
 29 71.894211 -7.526383 98.398849 0.028993 -0.780801 -0.624107 0.856214 0.568063 1 22 1.000000
 29 71.891045 -5.182567 97.108047 0.054945 0.025469 -0.998164 0.891951 0.572778 1 22 1.000000
MarioHand_alb.png
 29 71.905632 -8.100302 100.792236 -0.009918 -0.998902 -0.045777 0.823102 0.564050 1 22 1.000000
 29 71.888885 -7.695547 102.345261 -0.029753 -0.873896 0.485201 0.801282 0.561624 1 22 1.000000
 29 69.819977 -8.043612 100.782562 -0.001526 -0.999622 -0.027465 0.824231 0.534081 1 22 1.000000
MarioHand_alb.png
 29 71.894211 -7.526383 98.398849 0.028993 -0.780801 -0.624107 0.856214 0.568063 1 22 1.000000
 29 71.905632 -8.100302 100.792236 -0.009918 -0.998902 -0.045777 0.823102 0.564050 1 22 1.000000
 29 69.819977 -8.043612 100.782562 -0.001526 -0.999622 -0.027465 0.824231 0.534081 1 22 1.000000
MarioHand_alb.png
 29 71.905632 -8.100302 100.792236 -0.009918 -0.998902 -0.045777 0.823102 0.564050 1 22 1.000000
 29 73.812897 -7.746435 102.368393 -0.038911 -0.871386 0.489052 0.800107 0.589487 1 22 1.000000
 29 71.888885 -7.695547 102.345261 -0.029753 -0.873896 0.485201 0.801282 0.561624 1 22 1.000000
MarioHand_alb.png
 29 73.853958 -7.456053 98.437775 0.025176 -0.754908 -0.655347 0.853712 0.597482 1 22 1.000000
 29 71.894211 -7.526383 98.398849 0.028993 -0.780801 -0.624107 0.856214 0.568063 1 22 1.000000
 29 73.809517 -5.149493 97.295280 0.049584 0.021550 -0.998537 0.887480 0.603784 1 22 1.000000
MarioHand_alb.png
 29 73.782722 -8.172598 100.785782 -0.023651 -0.996977 -0.074006 0.821576 0.592447 1 22 1.000000
 29 73.812897 -7.746435 102.368393 -0.038911 -0.871386 0.489052 0.800107 0.589487 1 22 1.000000
 29 71.905632 -8.100302 100.792236 -0.009918 -0.998902 -0.045777 0.823102 0.564050 1 22 1.000000
MarioHand_alb.png
 29 73.782722 -8.172598 100.785782 -0.023651 -0.996977 -0.074006 0.821576 0.592447 1 22 1.000000
 29 71.905632 -8.100302 100.792236 -0.009918 -0.998902 -0.045777 0.823102 0.564050 1 22 1.000000
 29 71.894211 -7.526383 98.398849 0.028993 -0.780801 -0.624107 0.856214 0.568063 1 22 1.000000
MarioHand_alb.png
 29 73.853958 -7.456053 98.437775 0.025176 -0.754908 -0.655347 0.853712 0.597482 1 22 1.000000
 29 73.782722 -8.172598 100.785782 -0.023651 -0.996977 -0.074006 0.821576 0.592447 1 22 1.000000
 29 71.894211 -7.526383 98.398849 0.028993 -0.780801 -0.624107 0.856214 0.568063 1 22 1.000000
MarioHand_alb.png
 29 73.782722 -8.172598 100.785782 -0.023651 -0.996977 -0.074006 0.821576 0.592447 1 22 1.000000
 29 75.749649 -7.858196 102.366692 -0.027468 -0.871809 0.489075 0.798596 0.617121 1 22 1.000000
 29 73.812897 -7.746435 102.368393 -0.038911 -0.871386 0.489052 0.800107 0.589487 1 22 1.000000
MarioHand_alb.png
 29 73.853958 -7.456053 98.437775 0.025176 -0.754908 -0.655347 0.853712 0.597482 1 22 1.000000
 29 73.809517 -5.149493 97.295280 0.049584 0.021550 -0.998537 0.887480 0.603784 1 22 1.000000
 29 75.743835 -5.126466 97.430435 0.046548 0.009825 -0.998868 0.880919 0.635096 1 22 1.000000
MarioHand_alb.png
 29 75.750183 -8.284945 100.784065 -0.021362 -0.998303 -0.054169 0.818418 0.620798 1 22 1.000000
 29 75.749649 -7.858196 102.366692 -0.027468 -0.871809 0.489075 0.798596 0.617121 1 22 1.000000
 29 73.782722 -8.172598 100.785782 -0.023651 -0.996977 -0.074006 0.821576 0.592447 1 22 1.000000
MarioHand_alb.png
 29 75.750183 -8.284945 100.784065 -0.021362 -0.998303 -0.054169 0.818418 0.620798 1 22 1.000000
 29 73.782722 -8.172598 100.785782 -0.023651 -0.996977 -0.074006 0.821576 0.592447 1 22 1.000000
 29 73.853958 -7.456053 98.437775 0.025176 -0.754908 -0.655347 0.853712 0.597482 1 22 1.000000
MarioHand_alb.png
 29 75.750183 -8.284945 100.784065 -0.021362 -0.998303 -0.054169 0.818418 0.620798 1 22 1.000000
 29 77.792671 -7.885080 102.349960 0.144959 -0.865270 0.479890 0.794705 0.645380 1 22 1.000000
 29 75.749649 -7.858196 102.366692 -0.027468 -0.871809 0.489075 0.798596 0.617121 1 22 1.000000
MarioHand_alb.png
 29 75.748749 -7.420532 98.456947 0.029757 -0.689076 -0.724078 0.849088 0.626520 1 22 1.000000
 29 73.853958 -7.456053 98.437775 0.025176 -0.754908 -0.655347 0.853712 0.597482 1 22 1.000000
 29 75.743835 -5.126466 97.430435 0.046548 0.009825 -0.998868 0.880919 0.635096 1 22 1.000000
MarioHand_alb.png
 29 75.748749 -7.420532 98.456947 0.029757 -0.689076 -0.724078 0.849088 0.626520 1 22 1.000000
 29 75.750183 -8.284945 100.784065 -0.021362 -0.998303 -0.054169 0.818418 0.620798 1 22 1.000000
 29 73.853958 -7.456053 98.437775 0.025176 -0.754908 -0.655347 0.853712 0.597482 1 22 1.000000
MarioHand_alb.png
 29 75.748749 -7.420532 98.456947 0.029757 -0.689076 -0.724078 0.849088 0.626520 1 22 1.000000
 29 75.743835 -5.126466 97.430435 0.046548 0.009825 -0.998868 0.880919 0.635096 1 22 1.000000
 29 77.787979 -5.109517 97.580963 0.223465 0.003909 -0.974704 0.869551 0.666270 1 22 1.000000
MarioHand_alb.png
 29 77.793297 -8.287495 100.788696 0.176246 -0.982896 -0.053408 0.812039 0.650004 1 22 1.000000
 29 77.792671 -7.885080 102.349960 0.144959 -0.865270 0.479890 0.794705 0.645380 1 22 1.000000
 29 75.750183 -8.284945 100.784065 -0.021362 -0.998303 -0.054169 0.818418 0.620798 1 22 1.000000
MarioHand_alb.png
 29 77.793297 -8.287495 100.788696 0.176246 -0.982896 -0.053408 0.812039 0.650004 1 22 1.000000
 29 75.750183 -8.284945 100.784065 -0.021362 -0.998303 -0.054169 0.818418 0.620798 1 22 1.000000
 29 75.748749 -7.420532 98.456947 0.029757 -0.689076 -0.724078 0.849088 0.626520 1 22 1.000000
MarioHand_alb.png
 29 79.484146 -7.420776 100.788696 0.721794 -0.691179 -0.035861 0.802594 0.678203 1 22 1.000000
 29 77.792671 -7.885080 102.349960 0.144959 -0.865270 0.479890 0.794705 0.645380 1 22 1.000000
 29 77.793297 -8.287495 100.788696 0.176246 -0.982896 -0.053408 0.812039 0.650004 1 22 1.000000
MarioHand_alb.png
 29 77.791740 -7.347977 98.520500 0.222815 -0.595001 -0.772223 0.840482 0.655085 1 22 1.000000
 29 75.748749 -7.420532 98.456947 0.029757 -0.689076 -0.724078 0.849088 0.626520 1 22 1.000000
 29 77.787979 -5.109517 97.580963 0.223465 0.003909 -0.974704 0.869551 0.666270 1 22 1.000000
MarioHand_alb.png
 29 77.793297 -8.287495 100.788696 0.176246 -0.982896 -0.053408 0.812039 0.650004 1 22 1.000000
 29 75.748749 -7.420532 98.456947 0.029757 -0.689076 -0.724078 0.849088 0.626520 1 22 1.000000
 29 77.791740 -7.347977 98.520500 0.222815 -0.595001 -0.772223 0.840482 0.655085 1 22 1.000000
MarioHand_alb.png
 29 79.484146 -7.420776 100.788696 0.721794 -0.691179 -0.035861 0.802594 0.678203 1 22 1.000000
 29 77.793297 -8.287495 100.788696 0.176246 -0.982896 -0.053408 0.812039 0.650004 1 22 1.000000
 29 77.791740 -7.347977 98.520500 0.222815 -0.595001 -0.772223 0.840482 0.655085 1 22 1.000000
MarioHand_alb.png
 29 77.791740 -7.347977 98.520500 0.222815 -0.595001 -0.772223 0.840482 0.655085 1 22 1.000000
 29 77.787979 -5.109517 97.580963 0.223465 0.003909 -0.974704 0.869551 0.666270 1 22 1.000000
 29 79.480255 -5.106533 98.444580 0.618157 0.002003 -0.786052 0.851331 0.690013 1 22 1.000000
MarioHand_alb.png
 29 79.484146 -7.420776 100.788696 0.721794 -0.691179 -0.035861 0.802594 0.678203 1 22 1.000000
 29 77.791740 -7.347977 98.520500 0.222815 -0.595001 -0.772223 0.840482 0.655085 1 22 1.000000
 29 79.483009 -6.734200 99.131172 0.656946 -0.457898 -0.598958 0.829709 0.678981 1 22 1.000000
MarioHand_alb.png
 29 79.483009 -6.734200 99.131172 0.656946 -0.457898 -0.598958 0.829709 0.678981 1 22 1.000000
 29 77.791740 -7.347977 98.520500 0.222815 -0.595001 -0.772223 0.840482 0.655085 1 22 1.000000
 29 79.480255 -5.106533 98.444580 0.618157 0.002003 -0.786052 0.851331 0.690013 1 22 1.000000
MarioHand_alb.png
 29 79.484146 -7.420776 100.788696 0.721794 -0.691179 -0.035861 0.802594 0.678203 1 22 1.000000
 29 79.483009 -6.734200 99.131172 0.656946 -0.457898 -0.598958 0.829709 0.678981 1 22 1.000000
 29 80.416718 -5.104887 100.788696 0.999998 0.002098 0.000000 0.820615 0.710201 1 22 1.000000
MarioHand_alb.png
 29 79.483009 -6.734200 99.131172 0.656946 -0.457898 -0.598958 0.829709 0.678981 1 22 1.000000
 29 79.480255 -5.106533 98.444580 0.618157 0.002003 -0.786052 0.851331 0.690013 1 22 1.000000
 29 80.416718 -5.104887 100.788696 0.999998 0.002098 0.000000 0.820615 0.710201 1 22 1.000000
MarioHand_alb.png
 29 67.801399 2.947393 102.052246 0.006104 -0.999365 0.035096 0.586419 0.057710 1 22 1.000000
 29 65.707809 3.105057 102.327042 0.009155 0.999940 -0.006103 0.587182 0.028794 1 22 1.000000
 29 65.394493 3.141532 99.350586 0.614126 0.213299 -0.759838 0.627543 0.030091 1 22 1.000000
MarioHand_alb.png
 29 65.707809 3.105057 102.327042 0.009155 0.999940 -0.006103 0.587182 0.028794 1 22 1.000000
 29 67.830795 3.288218 103.952873 0.082397 -0.910543 0.405120 0.559823 0.054444 1 22 1.000000
 29 65.673126 3.285371 105.413719 0.219028 0.105651 0.969982 0.547555 0.020462 1 22 1.000000
MarioHand_alb.png
 29 60.578278 8.872711 105.413612 0.496588 -0.299497 -0.814679 0.129351 0.836851 1 22 1.000000
 29 58.166866 8.409189 104.197327 0.064459 -0.341936 -0.937510 0.126024 0.804623 1 22 1.000000
 29 60.233948 9.442625 105.190674 0.425970 0.076270 -0.901517 0.137346 0.832349 1 22 1.000000
MarioHand_alb.png
 29 58.166866 8.409189 104.197327 0.064459 -0.341936 -0.937510 0.126024 0.804623 1 22 1.000000
 29 57.057014 7.818653 105.644974 -0.172418 -0.849310 -0.498943 0.109575 0.791959 1 22 1.000000
 29 56.016651 8.263659 105.457199 -0.332976 -0.645546 -0.687311 0.116213 0.779187 1 22 1.000000
MarioHand_alb.png
 29 59.188789 7.835011 105.740517 0.254832 -0.845086 -0.469990 0.111543 0.821118 1 22 1.000000
 29 58.166866 8.409189 104.197327 0.064459 -0.341936 -0.937510 0.126024 0.804623 1 22 1.000000
 29 60.227821 8.297356 105.613190 0.428740 -0.639868 -0.637770 0.120699 0.833371 1 22 1.000000
MarioHand_alb.png
 29 58.166866 8.409189 104.197327 0.064459 -0.341936 -0.937510 0.126024 0.804623 1 22 1.000000
 29 55.672310 8.833571 105.234245 -0.385772 -0.311365 -0.868465 0.123690 0.774762 1 22 1.000000
 29 56.022778 9.408927 105.034691 -0.314995 0.058728 -0.947274 0.131807 0.777768 1 22 1.000000
MarioHand_alb.png
 29 60.302753 -1.952513 105.777443 0.557571 0.234522 -0.796313 0.031662 0.825483 1 22 1.000000
 29 58.024071 -1.630620 104.278275 0.132717 0.259891 -0.956474 0.028763 0.796063 1 22 1.000000
 29 59.961830 -1.357189 105.894829 0.481428 0.561598 -0.672930 0.039063 0.821256 1 22 1.000000
MarioHand_alb.png
 29 58.024071 -1.630620 104.278275 0.132717 0.259891 -0.956474 0.028763 0.796063 1 22 1.000000
 29 56.681488 -2.932806 104.995346 -0.097639 -0.401163 -0.910788 0.011200 0.780026 1 22 1.000000
 29 55.780319 -2.489127 104.991745 -0.260257 -0.115532 -0.958602 0.017380 0.767575 1 22 1.000000
MarioHand_alb.png
 29 58.024071 -1.630620 104.278275 0.132717 0.259891 -0.956474 0.028763 0.796063 1 22 1.000000
 29 59.113152 -2.962170 105.329514 0.330288 -0.402919 -0.853561 0.015473 0.813352 1 22 1.000000
 29 57.901375 -3.105954 105.118988 0.111403 -0.499406 -0.859176 0.009796 0.797604 1 22 1.000000
MarioHand_alb.png
 29 57.901375 -3.105954 105.118988 0.111403 -0.499406 -0.859176 0.009796 0.797604 1 22 1.000000
 29 56.681488 -2.932806 104.995346 -0.097639 -0.401163 -0.910788 0.011200 0.780026 1 22 1.000000
 29 58.024071 -1.630620 104.278275 0.132717 0.259891 -0.956474 0.028763 0.796063 1 22 1.000000
MarioHand_alb.png
 29 58.024071 -1.630620 104.278275 0.132717 0.259891 -0.956474 0.028763 0.796063 1 22 1.000000
 29 55.780319 -2.489127 104.991745 -0.260257 -0.115532 -0.958602 0.017380 0.767575 1 22 1.000000
 29 55.439415 -1.893792 105.109116 -0.318946 0.244718 -0.915635 0.025452 0.762387 1 22 1.000000
MarioHand_alb.png
 29 58.069679 3.492923 104.919441 0.056441 -0.003909 -0.998398 0.079652 0.742016 1 22 1.000000
 29 55.887787 2.879087 106.014252 -0.335003 -0.360067 -0.870704 0.070726 0.712642 1 22 1.000000
 29 55.557934 3.491624 105.993553 -0.393318 -0.003910 -0.919394 0.079210 0.708141 1 22 1.000000
MarioHand_alb.png
 29 59.236603 2.438885 106.206696 0.257899 -0.620140 -0.740887 0.064927 0.758129 1 22 1.000000
 29 58.011684 2.271286 106.137291 0.043106 -0.706426 -0.706473 0.060624 0.741924 1 22 1.000000
 29 58.069679 3.492923 104.919441 0.056441 -0.003909 -0.998398 0.079652 0.742016 1 22 1.000000
MarioHand_alb.png
 29 58.011684 2.271286 106.137291 0.043106 -0.706426 -0.706473 0.060624 0.741924 1 22 1.000000
 29 56.785889 2.432409 106.066856 -0.168585 -0.622371 -0.764352 0.063508 0.724529 1 22 1.000000
 29 58.069679 3.492923 104.919441 0.056441 -0.003909 -0.998398 0.079652 0.742016 1 22 1.000000
MarioHand_alb.png
 29 55.884766 4.105906 106.010376 -0.336405 0.353950 -0.872669 0.087816 0.712413 1 22 1.000000
 29 58.069679 3.492923 104.919441 0.056441 -0.003909 -0.998398 0.079652 0.742016 1 22 1.000000
 29 55.557934 3.491624 105.993553 -0.393318 -0.003910 -0.919394 0.079210 0.708141 1 22 1.000000
MarioHand_alb.png
 29 58.069679 3.492923 104.919441 0.056441 -0.003909 -0.998398 0.079652 0.742016 1 22 1.000000
 29 56.780670 4.557322 106.060158 -0.171684 0.616536 -0.768380 0.095338 0.724102 1 22 1.000000
 29 58.005646 4.724921 106.129570 0.038911 0.700489 -0.712601 0.098680 0.741421 1 22 1.000000
MarioHand_alb.png
 29 58.069679 3.492923 104.919441 0.056441 -0.003909 -0.998398 0.079652 0.742016 1 22 1.000000
 29 58.005646 4.724921 106.129570 0.038911 0.700489 -0.712601 0.098680 0.741421 1 22 1.000000
 29 59.231392 4.563795 106.200027 0.254097 0.616166 -0.745503 0.094804 0.757733 1 22 1.000000
MarioHand_alb.png
 29 59.188789 7.835011 105.740517 0.254832 -0.845086 -0.469990 0.111543 0.821118 1 22 1.000000
 29 58.119034 7.701585 105.746994 0.041196 -0.907835 -0.417299 0.107530 0.806531 1 22 1.000000
 29 58.166866 8.409189 104.197327 0.064459 -0.341936 -0.937510 0.126024 0.804623 1 22 1.000000
MarioHand_alb.png
 29 58.119034 7.701585 105.746994 0.041196 -0.907835 -0.417299 0.107530 0.806531 1 22 1.000000
 29 57.057014 7.818653 105.644974 -0.172418 -0.849310 -0.498943 0.109575 0.791959 1 22 1.000000
 29 58.166866 8.409189 104.197327 0.064459 -0.341936 -0.937510 0.126024 0.804623 1 22 1.000000
MarioHand_alb.png
 29 57.061813 9.871284 104.907379 -0.152621 0.320696 -0.934805 0.140795 0.788968 1 22 1.000000
 29 58.131592 10.004710 104.900879 0.060259 0.406842 -0.911509 0.145708 0.803189 1 22 1.000000
 29 58.166866 8.409189 104.197327 0.064459 -0.341936 -0.937510 0.126024 0.804623 1 22 1.000000
MarioHand_alb.png
 29 58.131592 10.004710 104.900879 0.060259 0.406842 -0.911509 0.145708 0.803189 1 22 1.000000
 29 59.193581 9.887636 105.002914 0.259854 0.336551 -0.905102 0.145052 0.819120 1 22 1.000000
 29 58.166866 8.409189 104.197327 0.064459 -0.341936 -0.937510 0.126024 0.804623 1 22 1.000000
MarioHand_alb.png
 29 56.629044 -0.884137 105.557068 -0.121306 0.794452 -0.595088 0.042863 0.776913 1 22 1.000000
 29 57.840790 -0.740353 105.767601 0.080490 0.859320 -0.505066 0.047654 0.793866 1 22 1.000000
 29 58.024071 -1.630620 104.278275 0.132717 0.259891 -0.956474 0.028763 0.796063 1 22 1.000000
MarioHand_alb.png
 29 57.840790 -0.740353 105.767601 0.080490 0.859320 -0.505066 0.047654 0.793866 1 22 1.000000
 29 59.060703 -0.913498 105.891212 0.295270 0.788568 -0.539422 0.045182 0.810422 1 22 1.000000
 29 58.024071 -1.630620 104.278275 0.132717 0.259891 -0.956474 0.028763 0.796063 1 22 1.000000
MarioHand_alb.png
 29 45.047020 -4.799056 96.311371 -0.993320 0.115391 0.000000 0.295109 0.956008 1 22 1.000000
 29 48.421810 3.410853 96.311356 -0.999992 -0.003911 0.000000 0.295109 0.995850 1 22 1.000000
 29 45.044765 -4.150402 93.362770 -0.992556 0.111577 0.048827 0.295109 0.956008 1 22 1.000000
MarioHand_alb.png
 29 48.421810 3.410853 96.311356 -0.999992 -0.003911 0.000000 0.295109 0.995850 1 22 1.000000
 29 45.038631 -2.394428 90.845993 -0.992513 0.084180 0.088495 0.295109 0.956008 1 22 1.000000
 29 45.044765 -4.150402 93.362770 -0.992556 0.111577 0.048827 0.295109 0.956008 1 22 1.000000
MarioHand_alb.png
 29 48.421810 3.410853 96.311356 -0.999992 -0.003911 0.000000 0.295109 0.995850 1 22 1.000000
 29 45.029301 0.278881 89.192825 -0.991780 0.045009 0.119777 0.295109 0.956008 1 22 1.000000
 29 45.038631 -2.394428 90.845993 -0.992513 0.084180 0.088495 0.295109 0.956008 1 22 1.000000
MarioHand_alb.png
 29 48.421810 3.410853 96.311356 -0.999992 -0.003911 0.000000 0.295109 0.995850 1 22 1.000000
 29 45.018372 3.410859 88.582153 -0.992323 -0.003911 0.123611 0.295109 0.956008 1 22 1.000000
 29 45.029301 0.278881 89.192825 -0.991780 0.045009 0.119777 0.295109 0.956008 1 22 1.000000
MarioHand_alb.png
 29 48.421810 3.410853 96.311356 -0.999992 -0.003911 0.000000 0.295109 0.995850 1 22 1.000000
 29 45.029301 0.278881 103.429871 -0.991780 0.045009 -0.119777 0.295109 0.956008 1 22 1.000000
 29 45.018372 3.410861 104.040565 -0.992323 -0.003911 -0.123611 0.295109 0.956008 1 22 1.000000
MarioHand_alb.png
 29 45.038628 -2.394428 101.776726 -0.992519 0.084109 -0.088495 0.295109 0.956008 1 22 1.000000
 29 45.029301 0.278881 103.429871 -0.991780 0.045009 -0.119777 0.295109 0.956008 1 22 1.000000
 29 48.421810 3.410853 96.311356 -0.999992 -0.003911 0.000000 0.295109 0.995850 1 22 1.000000
MarioHand_alb.png
 29 45.038628 -2.394428 101.776726 -0.992519 0.084109 -0.088495 0.295109 0.956008 1 22 1.000000
 29 48.421810 3.410853 96.311356 -0.999992 -0.003911 0.000000 0.295109 0.995850 1 22 1.000000
 29 45.044762 -4.150399 99.259949 -0.992556 0.111577 -0.048827 0.295109 0.956008 1 22 1.000000
MarioHand_alb.png
 29 48.421810 3.410853 96.311356 -0.999992 -0.003911 0.000000 0.295109 0.995850 1 22 1.000000
 29 45.047020 -4.799056 96.311371 -0.993320 0.115391 0.000000 0.295109 0.956008 1 22 1.000000
 29 45.044762 -4.150399 99.259949 -0.992556 0.111577 -0.048827 0.295109 0.956008 1 22 1.000000
MarioHand_alb.png
 29 45.007439 6.542836 103.429871 -0.992211 -0.050927 -0.113679 0.295109 0.956008 1 22 1.000000
 29 48.421810 3.410853 96.311356 -0.999992 -0.003911 0.000000 0.295109 0.995850 1 22 1.000000
 29 45.018372 3.410861 104.040565 -0.992323 -0.003911 -0.123611 0.295109 0.956008 1 22 1.000000
MarioHand_alb.png
 29 45.007439 6.542836 103.429871 -0.992211 -0.050927 -0.113679 0.295109 0.956008 1 22 1.000000
 29 44.998108 9.216144 101.776726 -0.993510 -0.082220 -0.078596 0.295109 0.956008 1 22 1.000000
 29 48.421810 3.410853 96.311356 -0.999992 -0.003911 0.000000 0.295109 0.995850 1 22 1.000000
MarioHand_alb.png
 29 48.421810 3.410853 96.311356 -0.999992 -0.003911 0.000000 0.295109 0.995850 1 22 1.000000
 29 44.998108 9.216144 101.776726 -0.993510 -0.082220 -0.078596 0.295109 0.956008 1 22 1.000000
 29 44.991978 10.972116 99.259949 -0.993758 -0.103667 -0.041200 0.295109 0.956008 1 22 1.000000
MarioHand_alb.png
 29 48.421810 3.410853 96.311356 -0.999992 -0.003911 0.000000 0.295109 0.995850 1 22 1.000000
 29 44.991978 10.972116 99.259949 -0.993758 -0.103667 -0.041200 0.295109 0.956008 1 22 1.000000
 29 44.989716 11.620769 96.311356 -0.994601 -0.103771 0.000000 0.295109 0.956008 1 22 1.000000
MarioHand_alb.png
 29 44.989716 11.620769 96.311356 -0.994601 -0.103771 0.000000 0.295109 0.956008 1 22 1.000000
 29 44.991978 10.972115 93.362762 -0.993789 -0.103671 0.040438 0.295109 0.956008 1 22 1.000000
 29 48.421810 3.410853 96.311356 -0.999992 -0.003911 0.000000 0.295109 0.995850 1 22 1.000000
MarioHand_alb.png
 29 44.991978 10.972115 93.362762 -0.993789 -0.103671 0.040438 0.295109 0.956008 1 22 1.000000
 29 44.998104 9.216145 90.845993 -0.993510 -0.082220 0.078596 0.295109 0.956008 1 22 1.000000
 29 48.421810 3.410853 96.311356 -0.999992 -0.003911 0.000000 0.295109 0.995850 1 22 1.000000
MarioHand_alb.png
 29 48.421810 3.410853 96.311356 -0.999992 -0.003911 0.000000 0.295109 0.995850 1 22 1.000000
 29 44.998104 9.216145 90.845993 -0.993510 -0.082220 0.078596 0.295109 0.956008 1 22 1.000000
 29 45.007439 6.542838 89.192825 -0.992211 -0.050927 0.113679 0.295109 0.956008 1 22 1.000000
MarioHand_alb.png
 29 48.421810 3.410853 96.311356 -0.999992 -0.003911 0.000000 0.295109 0.995850 1 22 1.000000
 29 45.007439 6.542838 89.192825 -0.992211 -0.050927 0.113679 0.295109 0.956008 1 22 1.000000
 29 45.018372 3.410859 88.582153 -0.992323 -0.003911 0.123611 0.295109 0.956008 1 22 1.000000
MarioHand_alb.png
 29 62.088356 -10.534650 87.961075 0.122876 0.045029 -0.991400 0.689021 0.120623 1 22 1.000000
 29 59.989857 -11.586145 88.382652 -0.164403 -0.469655 -0.867408 0.699260 0.148775 1 22 1.000000
 29 60.916687 -9.848570 87.817780 0.241033 -0.023455 -0.970233 0.678325 0.134173 1 22 1.000000
MarioHand_alb.png
 29 61.209457 -12.231766 88.558006 -0.160193 -0.490399 -0.856649 0.709712 0.134325 1 22 1.000000
 29 59.989857 -11.586145 88.382652 -0.164403 -0.469655 -0.867408 0.699260 0.148775 1 22 1.000000
 29 62.088356 -10.534650 87.961075 0.122876 0.045029 -0.991400 0.689021 0.120623 1 22 1.000000
MarioHand_alb.png
 29 63.291466 -11.255011 88.051926 0.096117 0.052826 -0.993967 0.699947 0.105364 1 22 1.000000
 29 61.209457 -12.231766 88.558006 -0.160193 -0.490399 -0.856649 0.709712 0.134325 1 22 1.000000
 29 62.088356 -10.534650 87.961075 0.122876 0.045029 -0.991400 0.689021 0.120623 1 22 1.000000
MarioHand_alb.png
 29 61.209457 -12.231766 88.558006 -0.160193 -0.490399 -0.856649 0.709712 0.134325 1 22 1.000000
 29 59.317184 -12.878754 89.820717 -0.381831 -0.782830 -0.491307 0.721340 0.163119 1 22 1.000000
 29 59.989857 -11.586145 88.382652 -0.164403 -0.469655 -0.867408 0.699260 0.148775 1 22 1.000000
MarioHand_alb.png
 29 62.543606 -12.789753 88.645912 -0.181955 -0.481208 -0.857515 0.718654 0.117357 1 22 1.000000
 29 61.209457 -12.231766 88.558006 -0.160193 -0.490399 -0.856649 0.709712 0.134325 1 22 1.000000
 29 63.291466 -11.255011 88.051926 0.096117 0.052826 -0.993967 0.699947 0.105364 1 22 1.000000
MarioHand_alb.png
 29 64.602859 -12.001459 88.098633 0.093867 0.062578 -0.993616 0.710704 0.088212 1 22 1.000000
 29 62.543606 -12.789753 88.645912 -0.181955 -0.481208 -0.857515 0.718654 0.117357 1 22 1.000000
 29 63.291466 -11.255011 88.051926 0.096117 0.052826 -0.993967 0.699947 0.105364 1 22 1.000000
MarioHand_alb.png
 29 61.209457 -12.231766 88.558006 -0.160193 -0.490399 -0.856649 0.709712 0.134325 1 22 1.000000
 29 60.614082 -13.453047 89.830475 -0.330369 -0.792448 -0.512721 0.729671 0.146929 1 22 1.000000
 29 59.317184 -12.878754 89.820717 -0.381831 -0.782830 -0.491307 0.721340 0.163119 1 22 1.000000
MarioHand_alb.png
 29 63.862133 -13.468412 88.695831 -0.211690 -0.489365 -0.845996 0.728145 0.100252 1 22 1.000000
 29 62.543606 -12.789753 88.645912 -0.181955 -0.481208 -0.857515 0.718654 0.117357 1 22 1.000000
 29 64.602859 -12.001459 88.098633 0.093867 0.062578 -0.993616 0.710704 0.088212 1 22 1.000000
MarioHand_alb.png
 29 62.543606 -12.789753 88.645912 -0.181955 -0.481208 -0.857515 0.718654 0.117357 1 22 1.000000
 29 61.927975 -14.008965 89.894768 -0.318904 -0.794685 -0.516503 0.737987 0.130220 1 22 1.000000
 29 61.209457 -12.231766 88.558006 -0.160193 -0.490399 -0.856649 0.709712 0.134325 1 22 1.000000
MarioHand_alb.png
 29 61.927975 -14.008965 89.894768 -0.318904 -0.794685 -0.516503 0.737987 0.130220 1 22 1.000000
 29 60.614082 -13.453047 89.830475 -0.330369 -0.792448 -0.512721 0.729671 0.146929 1 22 1.000000
 29 61.209457 -12.231766 88.558006 -0.160193 -0.490399 -0.856649 0.709712 0.134325 1 22 1.000000
MarioHand_alb.png
 29 63.862133 -13.468412 88.695831 -0.211690 -0.489365 -0.845996 0.728145 0.100252 1 22 1.000000
 29 61.927975 -14.008965 89.894768 -0.318904 -0.794685 -0.516503 0.737987 0.130220 1 22 1.000000
 29 62.543606 -12.789753 88.645912 -0.181955 -0.481208 -0.857515 0.718654 0.117357 1 22 1.000000
MarioHand_alb.png
 29 66.026627 -12.782284 88.199112 0.175510 0.041111 -0.983619 0.723568 0.069093 1 22 1.000000
 29 63.862133 -13.468412 88.695831 -0.211690 -0.489365 -0.845996 0.728145 0.100252 1 22 1.000000
 29 64.602859 -12.001459 88.098633 0.093867 0.062578 -0.993616 0.710704 0.088212 1 22 1.000000
MarioHand_alb.png
 29 60.614082 -13.453047 89.830475 -0.330369 -0.792448 -0.512721 0.729671 0.146929 1 22 1.000000
 29 60.348618 -13.927204 91.722237 -0.400921 -0.916092 -0.006103 0.751705 0.159503 1 22 1.000000
 29 59.317184 -12.878754 89.820717 -0.381831 -0.782830 -0.491307 0.721340 0.163119 1 22 1.000000
MarioHand_alb.png
 29 59.317184 -12.878754 89.820717 -0.381831 -0.782830 -0.491307 0.721340 0.163119 1 22 1.000000
 29 60.348618 -13.927204 91.722237 -0.400921 -0.916092 -0.006103 0.751705 0.159503 1 22 1.000000
 29 59.106968 -13.283184 91.794830 -0.469578 -0.882890 -0.001526 0.745403 0.176287 1 22 1.000000
MarioHand_alb.png
 29 61.927975 -14.008965 89.894768 -0.318904 -0.794685 -0.516503 0.737987 0.130220 1 22 1.000000
 29 61.667202 -14.441479 91.669060 -0.369644 -0.929165 -0.003815 0.758114 0.142000 1 22 1.000000
 29 60.614082 -13.453047 89.830475 -0.330369 -0.792448 -0.512721 0.729671 0.146929 1 22 1.000000
MarioHand_alb.png
 29 61.667202 -14.441479 91.669060 -0.369644 -0.929165 -0.003815 0.758114 0.142000 1 22 1.000000
 29 60.348618 -13.927204 91.722237 -0.400921 -0.916092 -0.006103 0.751705 0.159503 1 22 1.000000
 29 60.614082 -13.453047 89.830475 -0.330369 -0.792448 -0.512721 0.729671 0.146929 1 22 1.000000
MarioHand_alb.png
 29 60.348618 -13.927204 91.722237 -0.400921 -0.916092 -0.006103 0.751705 0.159503 1 22 1.000000
 29 60.599445 -13.484924 93.637337 -0.326550 -0.782423 0.530263 0.775662 0.169375 1 22 1.000000
 29 59.106968 -13.283184 91.794830 -0.469578 -0.882890 -0.001526 0.745403 0.176287 1 22 1.000000
MarioHand_alb.png
 29 59.106968 -13.283184 91.794830 -0.469578 -0.882890 -0.001526 0.745403 0.176287 1 22 1.000000
 29 60.599445 -13.484924 93.637337 -0.326550 -0.782423 0.530263 0.775662 0.169375 1 22 1.000000
 29 59.326576 -12.878754 93.666702 -0.344052 -0.801102 0.489759 0.770260 0.186221 1 22 1.000000
MarioHand_alb.png
 29 59.326576 -12.878754 93.666702 -0.344052 -0.801102 0.489759 0.770260 0.186221 1 22 1.000000
 29 60.599445 -13.484924 93.637337 -0.326550 -0.782423 0.530263 0.775662 0.169375 1 22 1.000000
 29 60.093044 -11.537613 94.989838 -0.082023 -0.483747 0.871356 0.798184 0.193179 1 22 1.000000
MarioHand_alb.png
 29 61.667202 -14.441479 91.669060 -0.369644 -0.929165 -0.003815 0.758114 0.142000 1 22 1.000000
 29 61.916836 -14.009880 93.540955 -0.303274 -0.799289 0.518808 0.780621 0.151446 1 22 1.000000
 29 60.348618 -13.927204 91.722237 -0.400921 -0.916092 -0.006103 0.751705 0.159503 1 22 1.000000
MarioHand_alb.png
 29 60.348618 -13.927204 91.722237 -0.400921 -0.916092 -0.006103 0.751705 0.159503 1 22 1.000000
 29 61.916836 -14.009880 93.540955 -0.303274 -0.799289 0.518808 0.780621 0.151446 1 22 1.000000
 29 60.599445 -13.484924 93.637337 -0.326550 -0.782423 0.530263 0.775662 0.169375 1 22 1.000000
MarioHand_alb.png
 29 60.599445 -13.484924 93.637337 -0.326550 -0.782423 0.530263 0.775662 0.169375 1 22 1.000000
 29 61.309555 -12.109977 94.962593 -0.162094 -0.453386 0.876451 0.801846 0.176150 1 22 1.000000
 29 60.093044 -11.537613 94.989838 -0.082023 -0.483747 0.871356 0.798184 0.193179 1 22 1.000000
MarioHand_alb.png
 29 61.916836 -14.009880 93.540955 -0.303274 -0.799289 0.518808 0.780621 0.151446 1 22 1.000000
 29 61.309555 -12.109977 94.962593 -0.162094 -0.453386 0.876451 0.801846 0.176150 1 22 1.000000
 29 60.599445 -13.484924 93.637337 -0.326550 -0.782423 0.530263 0.775662 0.169375 1 22 1.000000
MarioHand_alb.png
 29 60.947708 -9.867026 95.584908 0.415046 -0.681507 0.602732 0.825513 0.197269 1 22 1.000000
 29 60.093044 -11.537613 94.989838 -0.082023 -0.483747 0.871356 0.798184 0.193179 1 22 1.000000
 29 61.309555 -12.109977 94.962593 -0.162094 -0.453386 0.876451 0.801846 0.176150 1 22 1.000000
MarioHand_alb.png
 29 63.059101 -15.006792 91.661682 -0.395583 -0.918385 0.009155 0.765164 0.123995 1 22 1.000000
 29 61.916836 -14.009880 93.540955 -0.303274 -0.799289 0.518808 0.780621 0.151446 1 22 1.000000
 29 61.667202 -14.441479 91.669060 -0.369644 -0.929165 -0.003815 0.758114 0.142000 1 22 1.000000
MarioHand_alb.png
 29 61.927975 -14.008965 89.894768 -0.318904 -0.794685 -0.516503 0.737987 0.130220 1 22 1.000000
 29 63.059101 -15.006792 91.661682 -0.395583 -0.918385 0.009155 0.765164 0.123995 1 22 1.000000
 29 61.667202 -14.441479 91.669060 -0.369644 -0.929165 -0.003815 0.758114 0.142000 1 22 1.000000
MarioHand_alb.png
 29 62.228867 -10.425648 95.480598 0.074032 0.031387 0.996762 0.828428 0.179232 1 22 1.000000
 29 60.947708 -9.867026 95.584908 0.415046 -0.681507 0.602732 0.825513 0.197269 1 22 1.000000
 29 61.309555 -12.109977 94.962593 -0.162094 -0.453386 0.876451 0.801846 0.176150 1 22 1.000000
MarioHand_alb.png
 29 62.228867 -10.425648 95.480598 0.074032 0.031387 0.996762 0.828428 0.179232 1 22 1.000000
 29 63.080524 -7.820971 94.589783 0.932360 -0.021554 0.360889 0.869474 0.183352 1 22 1.000000
 29 60.947708 -9.867026 95.584908 0.415046 -0.681507 0.602732 0.825513 0.197269 1 22 1.000000
MarioHand_alb.png
 29 62.628296 -12.715270 94.887749 -0.162463 -0.463554 0.871047 0.805219 0.157504 1 22 1.000000
 29 61.309555 -12.109977 94.962593 -0.162094 -0.453386 0.876451 0.801846 0.176150 1 22 1.000000
 29 61.916836 -14.009880 93.540955 -0.303274 -0.799289 0.518808 0.780621 0.151446 1 22 1.000000
MarioHand_alb.png
 29 62.628296 -12.715270 94.887749 -0.162463 -0.463554 0.871047 0.805219 0.157504 1 22 1.000000
 29 62.228867 -10.425648 95.480598 0.074032 0.031387 0.996762 0.828428 0.179232 1 22 1.000000
 29 61.309555 -12.109977 94.962593 -0.162094 -0.453386 0.876451 0.801846 0.176150 1 22 1.000000
MarioHand_alb.png
 29 63.059101 -15.006792 91.661682 -0.395583 -0.918385 0.009155 0.765164 0.123995 1 22 1.000000
 29 63.299313 -14.563257 93.478592 -0.330734 -0.792312 0.512695 0.785992 0.132738 1 22 1.000000
 29 61.916836 -14.009880 93.540955 -0.303274 -0.799289 0.518808 0.780621 0.151446 1 22 1.000000
MarioHand_alb.png
 29 63.299313 -14.563257 93.478592 -0.330734 -0.792312 0.512695 0.785992 0.132738 1 22 1.000000
 29 62.628296 -12.715270 94.887749 -0.162463 -0.463554 0.871047 0.805219 0.157504 1 22 1.000000
 29 61.916836 -14.009880 93.540955 -0.303274 -0.799289 0.518808 0.780621 0.151446 1 22 1.000000
MarioHand_alb.png
 29 63.287636 -14.602154 89.962143 -0.348675 -0.788525 -0.506609 0.746456 0.112993 1 22 1.000000
 29 63.059101 -15.006792 91.661682 -0.395583 -0.918385 0.009155 0.765164 0.123995 1 22 1.000000
 29 61.927975 -14.008965 89.894768 -0.318904 -0.794685 -0.516503 0.737987 0.130220 1 22 1.000000
MarioHand_alb.png
 29 63.862133 -13.468412 88.695831 -0.211690 -0.489365 -0.845996 0.728145 0.100252 1 22 1.000000
 29 63.287636 -14.602154 89.962143 -0.348675 -0.788525 -0.506609 0.746456 0.112993 1 22 1.000000
 29 61.927975 -14.008965 89.894768 -0.318904 -0.794685 -0.516503 0.737987 0.130220 1 22 1.000000
MarioHand_alb.png
 29 64.526169 -15.689304 91.677139 -0.347901 -0.937367 0.017548 0.773022 0.105165 1 22 1.000000
 29 63.299313 -14.563257 93.478592 -0.330734 -0.792312 0.512695 0.785992 0.132738 1 22 1.000000
 29 63.059101 -15.006792 91.661682 -0.395583 -0.918385 0.009155 0.765164 0.123995 1 22 1.000000
MarioHand_alb.png
 29 63.287636 -14.602154 89.962143 -0.348675 -0.788525 -0.506609 0.746456 0.112993 1 22 1.000000
 29 64.526169 -15.689304 91.677139 -0.347901 -0.937367 0.017548 0.773022 0.105165 1 22 1.000000
 29 63.059101 -15.006792 91.661682 -0.395583 -0.918385 0.009155 0.765164 0.123995 1 22 1.000000
MarioHand_alb.png
 29 63.862133 -13.468412 88.695831 -0.211690 -0.489365 -0.845996 0.728145 0.100252 1 22 1.000000
 29 64.739487 -15.284056 89.967316 -0.289167 -0.816477 -0.499748 0.755428 0.094514 1 22 1.000000
 29 63.287636 -14.602154 89.962143 -0.348675 -0.788525 -0.506609 0.746456 0.112993 1 22 1.000000
MarioHand_alb.png
 29 64.739487 -15.284056 89.967316 -0.289167 -0.816477 -0.499748 0.755428 0.094514 1 22 1.000000
 29 64.526169 -15.689304 91.677139 -0.347901 -0.937367 0.017548 0.773022 0.105165 1 22 1.000000
 29 63.287636 -14.602154 89.962143 -0.348675 -0.788525 -0.506609 0.746456 0.112993 1 22 1.000000
MarioHand_alb.png
 29 65.316780 -14.159163 88.717728 -0.142702 -0.520728 -0.841712 0.738872 0.081651 1 22 1.000000
 29 64.739487 -15.284056 89.967316 -0.289167 -0.816477 -0.499748 0.755428 0.094514 1 22 1.000000
 29 63.862133 -13.468412 88.695831 -0.211690 -0.489365 -0.845996 0.728145 0.100252 1 22 1.000000
MarioHand_alb.png
 29 66.026627 -12.782284 88.199112 0.175510 0.041111 -0.983619 0.723568 0.069093 1 22 1.000000
 29 65.316780 -14.159163 88.717728 -0.142702 -0.520728 -0.841712 0.738872 0.081651 1 22 1.000000
 29 63.862133 -13.468412 88.695831 -0.211690 -0.489365 -0.845996 0.728145 0.100252 1 22 1.000000
MarioHand_alb.png
 29 64.739487 -15.284056 89.967316 -0.289167 -0.816477 -0.499748 0.755428 0.094514 1 22 1.000000
 29 66.341583 -16.238958 91.696259 -0.177770 -0.983840 0.021363 0.782650 0.083970 1 22 1.000000
 29 64.526169 -15.689304 91.677139 -0.347901 -0.937367 0.017548 0.773022 0.105165 1 22 1.000000
MarioHand_alb.png
 29 67.086792 -14.804186 88.982903 0.047304 -0.577751 -0.814841 0.754055 0.061204 1 22 1.000000
 29 65.316780 -14.159163 88.717728 -0.142702 -0.520728 -0.841712 0.738872 0.081651 1 22 1.000000
 29 66.026627 -12.782284 88.199112 0.175510 0.041111 -0.983619 0.723568 0.069093 1 22 1.000000
MarioHand_alb.png
 29 67.713455 -13.624931 88.566208 0.386832 -0.029375 -0.921682 0.744121 0.048646 1 22 1.000000
 29 67.086792 -14.804186 88.982903 0.047304 -0.577751 -0.814841 0.754055 0.061204 1 22 1.000000
 29 66.026627 -12.782284 88.199112 0.175510 0.041111 -0.983619 0.723568 0.069093 1 22 1.000000
MarioHand_alb.png
 29 67.713455 -13.624931 88.566208 0.386832 -0.029375 -0.921682 0.744121 0.048646 1 22 1.000000
 29 68.920357 -14.406240 89.767807 0.729864 -0.261782 -0.631481 0.771634 0.040482 1 22 1.000000
 29 67.086792 -14.804186 88.982903 0.047304 -0.577751 -0.814841 0.754055 0.061204 1 22 1.000000
MarioHand_alb.png
 29 66.554047 -15.834476 90.096764 -0.107579 -0.865589 -0.489063 0.767269 0.073930 1 22 1.000000
 29 64.739487 -15.284056 89.967316 -0.289167 -0.816477 -0.499748 0.755428 0.094514 1 22 1.000000
 29 65.316780 -14.159163 88.717728 -0.142702 -0.520728 -0.841712 0.738872 0.081651 1 22 1.000000
MarioHand_alb.png
 29 67.086792 -14.804186 88.982903 0.047304 -0.577751 -0.814841 0.754055 0.061204 1 22 1.000000
 29 66.554047 -15.834476 90.096764 -0.107579 -0.865589 -0.489063 0.767269 0.073930 1 22 1.000000
 29 65.316780 -14.159163 88.717728 -0.142702 -0.520728 -0.841712 0.738872 0.081651 1 22 1.000000
MarioHand_alb.png
 29 66.554047 -15.834476 90.096764 -0.107579 -0.865589 -0.489063 0.767269 0.073930 1 22 1.000000
 29 66.341583 -16.238958 91.696259 -0.177770 -0.983840 0.021363 0.782650 0.083970 1 22 1.000000
 29 64.739487 -15.284056 89.967316 -0.289167 -0.816477 -0.499748 0.755428 0.094514 1 22 1.000000
MarioHand_alb.png
 29 67.086792 -14.804186 88.982903 0.047304 -0.577751 -0.814841 0.754055 0.061204 1 22 1.000000
 29 68.920357 -14.406240 89.767807 0.729864 -0.261782 -0.631481 0.771634 0.040482 1 22 1.000000
 29 68.331062 -15.491308 90.321701 0.496671 -0.758071 -0.422666 0.778744 0.054658 1 22 1.000000
MarioHand_alb.png
 29 67.086792 -14.804186 88.982903 0.047304 -0.577751 -0.814841 0.754055 0.061204 1 22 1.000000
 29 68.331062 -15.491308 90.321701 0.496671 -0.758071 -0.422666 0.778744 0.054658 1 22 1.000000
 29 66.554047 -15.834476 90.096764 -0.107579 -0.865589 -0.489063 0.767269 0.073930 1 22 1.000000
MarioHand_alb.png
 29 68.920357 -14.406240 89.767807 0.729864 -0.261782 -0.631481 0.771634 0.040482 1 22 1.000000
 29 69.396202 -14.706381 91.691681 0.888866 -0.458167 -0.000763 0.802533 0.046403 1 22 1.000000
 29 68.331062 -15.491308 90.321701 0.496671 -0.758071 -0.422666 0.778744 0.054658 1 22 1.000000
MarioHand_alb.png
 29 68.331062 -15.491308 90.321701 0.496671 -0.758071 -0.422666 0.778744 0.054658 1 22 1.000000
 29 68.033325 -16.047365 91.690140 0.393701 -0.919207 0.007630 0.792569 0.065644 1 22 1.000000
 29 66.554047 -15.834476 90.096764 -0.107579 -0.865589 -0.489063 0.767269 0.073930 1 22 1.000000
MarioHand_alb.png
 29 68.331062 -15.491308 90.321701 0.496671 -0.758071 -0.422666 0.778744 0.054658 1 22 1.000000
 29 69.396202 -14.706381 91.691681 0.888866 -0.458167 -0.000763 0.802533 0.046403 1 22 1.000000
 29 68.033325 -16.047365 91.690140 0.393701 -0.919207 0.007630 0.792569 0.065644 1 22 1.000000
MarioHand_alb.png
 29 66.554047 -15.834476 90.096764 -0.107579 -0.865589 -0.489063 0.767269 0.073930 1 22 1.000000
 29 68.033325 -16.047365 91.690140 0.393701 -0.919207 0.007630 0.792569 0.065644 1 22 1.000000
 29 66.341583 -16.238958 91.696259 -0.177770 -0.983840 0.021363 0.782650 0.083970 1 22 1.000000
MarioHand_alb.png
 29 69.396202 -14.706381 91.691681 0.888866 -0.458167 -0.000763 0.802533 0.046403 1 22 1.000000
 29 68.342896 -15.470474 93.090675 0.491339 -0.766954 0.412755 0.811292 0.068940 1 22 1.000000
 29 68.033325 -16.047365 91.690140 0.393701 -0.919207 0.007630 0.792569 0.065644 1 22 1.000000
MarioHand_alb.png
 29 69.396202 -14.706381 91.691681 0.888866 -0.458167 -0.000763 0.802533 0.046403 1 22 1.000000
 29 68.892433 -14.469168 93.604218 0.732400 -0.342931 0.588208 0.828031 0.066392 1 22 1.000000
 29 68.342896 -15.470474 93.090675 0.491339 -0.766954 0.412755 0.811292 0.068940 1 22 1.000000
MarioHand_alb.png
 29 68.033325 -16.047365 91.690140 0.393701 -0.919207 0.007630 0.792569 0.065644 1 22 1.000000
 29 66.580292 -15.774435 93.340057 -0.119781 -0.856971 0.501251 0.799893 0.089937 1 22 1.000000
 29 66.341583 -16.238958 91.696259 -0.177770 -0.983840 0.021363 0.782650 0.083970 1 22 1.000000
MarioHand_alb.png
 29 68.033325 -16.047365 91.690140 0.393701 -0.919207 0.007630 0.792569 0.065644 1 22 1.000000
 29 68.342896 -15.470474 93.090675 0.491339 -0.766954 0.412755 0.811292 0.068940 1 22 1.000000
 29 66.580292 -15.774435 93.340057 -0.119781 -0.856971 0.501251 0.799893 0.089937 1 22 1.000000
MarioHand_alb.png
 29 66.341583 -16.238958 91.696259 -0.177770 -0.983840 0.021363 0.782650 0.083970 1 22 1.000000
 29 64.773964 -15.220390 93.429008 -0.287623 -0.812326 0.507346 0.791897 0.112734 1 22 1.000000
 29 64.526169 -15.689304 91.677139 -0.347901 -0.937367 0.017548 0.773022 0.105165 1 22 1.000000
MarioHand_alb.png
 29 66.341583 -16.238958 91.696259 -0.177770 -0.983840 0.021363 0.782650 0.083970 1 22 1.000000
 29 66.580292 -15.774435 93.340057 -0.119781 -0.856971 0.501251 0.799893 0.089937 1 22 1.000000
 29 64.773964 -15.220390 93.429008 -0.287623 -0.812326 0.507346 0.791897 0.112734 1 22 1.000000
MarioHand_alb.png
 29 64.526169 -15.689304 91.677139 -0.347901 -0.937367 0.017548 0.773022 0.105165 1 22 1.000000
 29 64.773964 -15.220390 93.429008 -0.287623 -0.812326 0.507346 0.791897 0.112734 1 22 1.000000
 29 63.299313 -14.563257 93.478592 -0.330734 -0.792312 0.512695 0.785992 0.132738 1 22 1.000000
MarioHand_alb.png
 29 68.342896 -15.470474 93.090675 0.491339 -0.766954 0.412755 0.811292 0.068940 1 22 1.000000
 29 67.139503 -14.770554 94.468025 0.043483 -0.565086 0.823885 0.816175 0.092271 1 22 1.000000
 29 66.580292 -15.774435 93.340057 -0.119781 -0.856971 0.501251 0.799893 0.089937 1 22 1.000000
MarioHand_alb.png
 29 68.342896 -15.470474 93.090675 0.491339 -0.766954 0.412755 0.811292 0.068940 1 22 1.000000
 29 68.892433 -14.469168 93.604218 0.732400 -0.342931 0.588208 0.828031 0.066392 1 22 1.000000
 29 67.139503 -14.770554 94.468025 0.043483 -0.565086 0.823885 0.816175 0.092271 1 22 1.000000
MarioHand_alb.png
 29 66.580292 -15.774435 93.340057 -0.119781 -0.856971 0.501251 0.799893 0.089937 1 22 1.000000
 29 65.385452 -14.020025 94.792801 -0.125136 -0.501404 0.856116 0.811978 0.117830 1 22 1.000000
 29 64.773964 -15.220390 93.429008 -0.287623 -0.812326 0.507346 0.791897 0.112734 1 22 1.000000
MarioHand_alb.png
 29 66.580292 -15.774435 93.340057 -0.119781 -0.856971 0.501251 0.799893 0.089937 1 22 1.000000
 29 67.139503 -14.770554 94.468025 0.043483 -0.565086 0.823885 0.816175 0.092271 1 22 1.000000
 29 65.385452 -14.020025 94.792801 -0.125136 -0.501404 0.856116 0.811978 0.117830 1 22 1.000000
MarioHand_alb.png
 29 64.773964 -15.220390 93.429008 -0.287623 -0.812326 0.507346 0.791897 0.112734 1 22 1.000000
 29 63.970379 -13.340446 94.846024 -0.180014 -0.471203 0.863459 0.808530 0.138399 1 22 1.000000
 29 63.299313 -14.563257 93.478592 -0.330734 -0.792312 0.512695 0.785992 0.132738 1 22 1.000000
MarioHand_alb.png
 29 64.773964 -15.220390 93.429008 -0.287623 -0.812326 0.507346 0.791897 0.112734 1 22 1.000000
 29 65.385452 -14.020025 94.792801 -0.125136 -0.501404 0.856116 0.811978 0.117830 1 22 1.000000
 29 63.970379 -13.340446 94.846024 -0.180014 -0.471203 0.863459 0.808530 0.138399 1 22 1.000000
MarioHand_alb.png
 29 63.299313 -14.563257 93.478592 -0.330734 -0.792312 0.512695 0.785992 0.132738 1 22 1.000000
 29 63.970379 -13.340446 94.846024 -0.180014 -0.471203 0.863459 0.808530 0.138399 1 22 1.000000
 29 62.628296 -12.715270 94.887749 -0.162463 -0.463554 0.871047 0.805219 0.157504 1 22 1.000000
MarioHand_alb.png
 29 67.139503 -14.770554 94.468025 0.043483 -0.565086 0.823885 0.816175 0.092271 1 22 1.000000
 29 67.778290 -13.639896 94.766991 0.382327 -0.050939 0.922622 0.829511 0.093034 1 22 1.000000
 29 65.385452 -14.020025 94.792801 -0.125136 -0.501404 0.856116 0.811978 0.117830 1 22 1.000000
MarioHand_alb.png
 29 67.139503 -14.770554 94.468025 0.043483 -0.565086 0.823885 0.816175 0.092271 1 22 1.000000
 29 68.892433 -14.469168 93.604218 0.732400 -0.342931 0.588208 0.828031 0.066392 1 22 1.000000
 29 67.778290 -13.639896 94.766991 0.382327 -0.050939 0.922622 0.829511 0.093034 1 22 1.000000
MarioHand_alb.png
 29 65.385452 -14.020025 94.792801 -0.125136 -0.501404 0.856116 0.811978 0.117830 1 22 1.000000
 29 67.778290 -13.639896 94.766991 0.382327 -0.050939 0.922622 0.829511 0.093034 1 22 1.000000
 29 66.173943 -12.561968 95.216660 0.215114 0.043004 0.975642 0.830228 0.119783 1 22 1.000000
MarioHand_alb.png
 29 65.385452 -14.020025 94.792801 -0.125136 -0.501404 0.856116 0.811978 0.117830 1 22 1.000000
 29 66.173943 -12.561968 95.216660 0.215114 0.043004 0.975642 0.830228 0.119783 1 22 1.000000
 29 63.970379 -13.340446 94.846024 -0.180014 -0.471203 0.863459 0.808530 0.138399 1 22 1.000000
MarioHand_alb.png
 29 67.778290 -13.639896 94.766991 0.382327 -0.050939 0.922622 0.829511 0.093034 1 22 1.000000
 29 68.892433 -14.469168 93.604218 0.732400 -0.342931 0.588208 0.828031 0.066392 1 22 1.000000
 29 68.803902 -11.723275 93.853462 0.701139 0.379752 0.603483 0.852766 0.093965 1 22 1.000000
MarioHand_alb.png
 29 67.778290 -13.639896 94.766991 0.382327 -0.050939 0.922622 0.829511 0.093034 1 22 1.000000
 29 68.803902 -11.723275 93.853462 0.701139 0.379752 0.603483 0.852766 0.093965 1 22 1.000000
 29 66.173943 -12.561968 95.216660 0.215114 0.043004 0.975642 0.830228 0.119783 1 22 1.000000
MarioHand_alb.png
 29 68.892433 -14.469168 93.604218 0.732400 -0.342931 0.588208 0.828031 0.066392 1 22 1.000000
 29 69.449524 -13.294069 93.082245 0.934716 0.072393 0.347943 0.846128 0.070695 1 22 1.000000
 29 68.803902 -11.723275 93.853462 0.701139 0.379752 0.603483 0.852766 0.093965 1 22 1.000000
MarioHand_alb.png
 29 68.892433 -14.469168 93.604218 0.732400 -0.342931 0.588208 0.828031 0.066392 1 22 1.000000
 29 69.396202 -14.706381 91.691681 0.888866 -0.458167 -0.000763 0.853178 0.046799 1 22 1.000000
 29 69.449524 -13.294069 93.082245 0.934716 0.072393 0.347943 0.846128 0.070695 1 22 1.000000
MarioHand_alb.png
 29 69.449524 -13.294069 93.082245 0.934716 0.072393 0.347943 0.846128 0.070695 1 22 1.000000
 29 69.716263 -12.785311 91.690956 0.979399 0.201467 -0.013730 0.864485 0.066621 1 22 1.000000
 29 68.803902 -11.723275 93.853462 0.701139 0.379752 0.603483 0.852766 0.093965 1 22 1.000000
MarioHand_alb.png
 29 69.396202 -14.706381 91.691681 0.888866 -0.458167 -0.000763 0.853178 0.046799 1 22 1.000000
 29 69.716263 -12.785311 91.690956 0.979399 0.201467 -0.013730 0.864485 0.066621 1 22 1.000000
 29 69.449524 -13.294069 93.082245 0.934716 0.072393 0.347943 0.846128 0.070695 1 22 1.000000
MarioHand_alb.png
 29 66.173943 -12.561968 95.216660 0.215114 0.043004 0.975642 0.830228 0.119783 1 22 1.000000
 29 68.803902 -11.723275 93.853462 0.701139 0.379752 0.603483 0.852766 0.093965 1 22 1.000000
 29 67.523560 -10.403963 94.173080 0.534036 0.528505 0.659916 0.858610 0.116259 1 22 1.000000
MarioHand_alb.png
 29 69.396202 -14.706381 91.691681 0.888866 -0.458167 -0.000763 0.853178 0.046799 1 22 1.000000
 29 69.449524 -13.294069 90.299675 0.884408 0.068486 -0.461663 0.878462 0.054826 1 22 1.000000
 29 69.716263 -12.785311 91.690956 0.979399 0.201467 -0.013730 0.864485 0.066621 1 22 1.000000
MarioHand_alb.png
 29 69.396202 -14.706381 91.691681 0.888866 -0.458167 -0.000763 0.853178 0.046799 1 22 1.000000
 29 68.920357 -14.406240 89.767807 0.729864 -0.261782 -0.631481 0.883482 0.040330 1 22 1.000000
 29 69.449524 -13.294069 90.299675 0.884408 0.068486 -0.461663 0.878462 0.054826 1 22 1.000000
MarioHand_alb.png
 29 68.920357 -14.406240 89.767807 0.729864 -0.261782 -0.631481 0.883482 0.040330 1 22 1.000000
 29 67.713455 -13.624931 88.566208 0.386832 -0.029375 -0.921682 0.910689 0.048432 1 22 1.000000
 29 69.449524 -13.294069 90.299675 0.884408 0.068486 -0.461663 0.878462 0.054826 1 22 1.000000
MarioHand_alb.png
 29 69.716263 -12.785311 91.690956 0.979399 0.201467 -0.013730 0.864485 0.066621 1 22 1.000000
 29 69.165977 -11.033595 91.691673 0.821801 0.567993 -0.045020 0.875486 0.086549 1 22 1.000000
 29 68.803902 -11.723275 93.853462 0.701139 0.379752 0.603483 0.852766 0.093965 1 22 1.000000
MarioHand_alb.png
 29 68.803902 -11.723275 93.853462 0.701139 0.379752 0.603483 0.852766 0.093965 1 22 1.000000
 29 69.165977 -11.033595 91.691673 0.821801 0.567993 -0.045020 0.875486 0.086549 1 22 1.000000
 29 67.523560 -10.403963 94.173080 0.534036 0.528505 0.659916 0.858610 0.116259 1 22 1.000000
MarioHand_alb.png
 29 69.716263 -12.785311 91.690956 0.979399 0.201467 -0.013730 0.864485 0.066621 1 22 1.000000
 29 69.449524 -13.294069 90.299675 0.884408 0.068486 -0.461663 0.878462 0.054826 1 22 1.000000
 29 68.718925 -11.886237 89.521225 0.671302 0.373793 -0.640025 0.895399 0.069520 1 22 1.000000
MarioHand_alb.png
 29 67.713455 -13.624931 88.566208 0.386832 -0.029375 -0.921682 0.910689 0.048432 1 22 1.000000
 29 68.718925 -11.886237 89.521225 0.671302 0.373793 -0.640025 0.895399 0.069520 1 22 1.000000
 29 69.449524 -13.294069 90.299675 0.884408 0.068486 -0.461663 0.878462 0.054826 1 22 1.000000
MarioHand_alb.png
 29 69.716263 -12.785311 91.690956 0.979399 0.201467 -0.013730 0.864485 0.066621 1 22 1.000000
 29 68.718925 -11.886237 89.521225 0.671302 0.373793 -0.640025 0.895399 0.069520 1 22 1.000000
 29 69.165977 -11.033595 91.691673 0.821801 0.567993 -0.045020 0.875486 0.086549 1 22 1.000000
MarioHand_alb.png
 29 67.713455 -13.624931 88.566208 0.386832 -0.029375 -0.921682 0.910689 0.048432 1 22 1.000000
 29 66.026627 -12.782284 88.199112 0.175510 0.041111 -0.983619 0.933593 0.066575 1 22 1.000000
 29 68.718925 -11.886237 89.521225 0.671302 0.373793 -0.640025 0.895399 0.069520 1 22 1.000000
MarioHand_alb.png
 29 68.718925 -11.886237 89.521225 0.671302 0.373793 -0.640025 0.895399 0.069520 1 22 1.000000
 29 66.026627 -12.782284 88.199112 0.175510 0.041111 -0.983619 0.933593 0.066575 1 22 1.000000
 29 67.225471 -10.554947 89.204994 0.481483 0.526789 -0.700477 0.910567 0.090059 1 22 1.000000
MarioHand_alb.png
 29 68.718925 -11.886237 89.521225 0.671302 0.373793 -0.640025 0.895399 0.069520 1 22 1.000000
 29 67.225471 -10.554947 89.204994 0.481483 0.526789 -0.700477 0.910567 0.090059 1 22 1.000000
 29 69.165977 -11.033595 91.691673 0.821801 0.567993 -0.045020 0.875486 0.086549 1 22 1.000000
MarioHand_alb.png
 29 66.026627 -12.782284 88.199112 0.175510 0.041111 -0.983619 0.933593 0.066575 1 22 1.000000
 29 64.602859 -12.001459 88.098633 0.093867 0.062578 -0.993616 0.947860 0.085130 1 22 1.000000
 29 67.225471 -10.554947 89.204994 0.481483 0.526789 -0.700477 0.910567 0.090059 1 22 1.000000
MarioHand_alb.png
 29 67.225471 -10.554947 89.204994 0.481483 0.526789 -0.700477 0.910567 0.090059 1 22 1.000000
 29 67.734467 -9.611032 91.674065 0.645452 0.761419 -0.060273 0.885847 0.108125 1 22 1.000000
 29 69.165977 -11.033595 91.691673 0.821801 0.567993 -0.045020 0.875486 0.086549 1 22 1.000000
MarioHand_alb.png
 29 67.523560 -10.403963 94.173080 0.534036 0.528505 0.659916 0.858610 0.116259 1 22 1.000000
 29 69.165977 -11.033595 91.691673 0.821801 0.567993 -0.045020 0.875486 0.086549 1 22 1.000000
 29 67.734467 -9.611032 91.674065 0.645452 0.761419 -0.060273 0.885847 0.108125 1 22 1.000000
MarioHand_alb.png
 29 67.225471 -10.554947 89.204994 0.481483 0.526789 -0.700477 0.910567 0.090059 1 22 1.000000
 29 64.602859 -12.001459 88.098633 0.093867 0.062578 -0.993616 0.947860 0.085130 1 22 1.000000
 29 65.865379 -9.667278 89.120087 0.387561 0.577336 -0.718666 0.921279 0.108019 1 22 1.000000
MarioHand_alb.png
 29 67.225471 -10.554947 89.204994 0.481483 0.526789 -0.700477 0.910567 0.090059 1 22 1.000000
 29 65.865379 -9.667278 89.120087 0.387561 0.577336 -0.718666 0.921279 0.108019 1 22 1.000000
 29 67.734467 -9.611032 91.674065 0.645452 0.761419 -0.060273 0.885847 0.108125 1 22 1.000000
MarioHand_alb.png
 29 63.291466 -11.255011 88.051926 0.096117 0.052826 -0.993967 0.958816 0.102769 1 22 1.000000
 29 65.865379 -9.667278 89.120087 0.387561 0.577336 -0.718666 0.921279 0.108019 1 22 1.000000
 29 64.602859 -12.001459 88.098633 0.093867 0.062578 -0.993616 0.947860 0.085130 1 22 1.000000
MarioHand_alb.png
 29 66.199326 -9.482525 94.349907 0.428099 0.607332 0.669238 0.862409 0.136461 1 22 1.000000
 29 67.523560 -10.403963 94.173080 0.534036 0.528505 0.659916 0.858610 0.116259 1 22 1.000000
 29 67.734467 -9.611032 91.674065 0.645452 0.761419 -0.060273 0.885847 0.108125 1 22 1.000000
MarioHand_alb.png
 29 66.173943 -12.561968 95.216660 0.215114 0.043004 0.975642 0.830228 0.119783 1 22 1.000000
 29 67.523560 -10.403963 94.173080 0.534036 0.528505 0.659916 0.858610 0.116259 1 22 1.000000
 29 66.199326 -9.482525 94.349907 0.428099 0.607332 0.669238 0.862409 0.136461 1 22 1.000000
MarioHand_alb.png
 29 66.382111 -8.687754 91.653641 0.534060 0.842956 -0.064850 0.893858 0.126696 1 22 1.000000
 29 67.734467 -9.611032 91.674065 0.645452 0.761419 -0.060273 0.885847 0.108125 1 22 1.000000
 29 65.865379 -9.667278 89.120087 0.387561 0.577336 -0.718666 0.921279 0.108019 1 22 1.000000
MarioHand_alb.png
 29 66.199326 -9.482525 94.349907 0.428099 0.607332 0.669238 0.862409 0.136461 1 22 1.000000
 29 67.734467 -9.611032 91.674065 0.645452 0.761419 -0.060273 0.885847 0.108125 1 22 1.000000
 29 66.382111 -8.687754 91.653641 0.534060 0.842956 -0.064850 0.893858 0.126696 1 22 1.000000
MarioHand_alb.png
 29 64.584358 -8.901841 89.052032 0.377688 0.589327 -0.714174 0.930632 0.124849 1 22 1.000000
 29 65.865379 -9.667278 89.120087 0.387561 0.577336 -0.718666 0.921279 0.108019 1 22 1.000000
 29 63.291466 -11.255011 88.051926 0.096117 0.052826 -0.993967 0.958816 0.102769 1 22 1.000000
MarioHand_alb.png
 29 64.584358 -8.901841 89.052032 0.377688 0.589327 -0.714174 0.930632 0.124849 1 22 1.000000
 29 66.382111 -8.687754 91.653641 0.534060 0.842956 -0.064850 0.893858 0.126696 1 22 1.000000
 29 65.865379 -9.667278 89.120087 0.387561 0.577336 -0.718666 0.921279 0.108019 1 22 1.000000
MarioHand_alb.png
 29 64.584358 -8.901841 89.052032 0.377688 0.589327 -0.714174 0.930632 0.124849 1 22 1.000000
 29 63.291466 -11.255011 88.051926 0.096117 0.052826 -0.993967 0.958816 0.102769 1 22 1.000000
 29 62.088356 -10.534650 87.961075 0.122876 0.045029 -0.991400 0.968811 0.119097 1 22 1.000000
MarioHand_alb.png
 29 66.173943 -12.561968 95.216660 0.215114 0.043004 0.975642 0.830228 0.119783 1 22 1.000000
 29 66.199326 -9.482525 94.349907 0.428099 0.607332 0.669238 0.862409 0.136461 1 22 1.000000
 29 64.800003 -11.768790 95.325356 0.122037 0.058730 0.990786 0.830106 0.140688 1 22 1.000000
MarioHand_alb.png
 29 63.970379 -13.340446 94.846024 -0.180014 -0.471203 0.863459 0.808530 0.138399 1 22 1.000000
 29 66.173943 -12.561968 95.216660 0.215114 0.043004 0.975642 0.830228 0.119783 1 22 1.000000
 29 64.800003 -11.768790 95.325356 0.122037 0.058730 0.990786 0.830106 0.140688 1 22 1.000000
MarioHand_alb.png
 29 66.199326 -9.482525 94.349907 0.428099 0.607332 0.669238 0.862409 0.136461 1 22 1.000000
 29 66.382111 -8.687754 91.653641 0.534060 0.842956 -0.064850 0.893858 0.126696 1 22 1.000000
 29 65.010223 -8.862991 94.507736 0.392109 0.618201 0.681232 0.864363 0.154147 1 22 1.000000
MarioHand_alb.png
 29 64.800003 -11.768790 95.325356 0.122037 0.058730 0.990786 0.830106 0.140688 1 22 1.000000
 29 66.199326 -9.482525 94.349907 0.428099 0.607332 0.669238 0.862409 0.136461 1 22 1.000000
 29 65.010223 -8.862991 94.507736 0.392109 0.618201 0.681232 0.864363 0.154147 1 22 1.000000
MarioHand_alb.png
 29 63.970379 -13.340446 94.846024 -0.180014 -0.471203 0.863459 0.808530 0.138399 1 22 1.000000
 29 64.800003 -11.768790 95.325356 0.122037 0.058730 0.990786 0.830106 0.140688 1 22 1.000000
 29 63.501373 -11.081897 95.403305 0.091523 0.031270 0.995312 0.829404 0.160021 1 22 1.000000
MarioHand_alb.png
 29 64.800003 -11.768790 95.325356 0.122037 0.058730 0.990786 0.830106 0.140688 1 22 1.000000
 29 65.010223 -8.862991 94.507736 0.392109 0.618201 0.681232 0.864363 0.154147 1 22 1.000000
 29 63.501373 -11.081897 95.403305 0.091523 0.031270 0.995312 0.829404 0.160021 1 22 1.000000
MarioHand_alb.png
 29 63.970379 -13.340446 94.846024 -0.180014 -0.471203 0.863459 0.808530 0.138399 1 22 1.000000
 29 63.501373 -11.081897 95.403305 0.091523 0.031270 0.995312 0.829404 0.160021 1 22 1.000000
 29 62.628296 -12.715270 94.887749 -0.162463 -0.463554 0.871047 0.805219 0.157504 1 22 1.000000
MarioHand_alb.png
 29 62.628296 -12.715270 94.887749 -0.162463 -0.463554 0.871047 0.805219 0.157504 1 22 1.000000
 29 63.501373 -11.081897 95.403305 0.091523 0.031270 0.995312 0.829404 0.160021 1 22 1.000000
 29 62.228867 -10.425648 95.480598 0.074032 0.031387 0.996762 0.828428 0.179232 1 22 1.000000
MarioHand_alb.png
 29 63.501373 -11.081897 95.403305 0.091523 0.031270 0.995312 0.829404 0.160021 1 22 1.000000
 29 63.985996 -8.337611 94.623688 0.385663 0.600619 0.700372 0.866117 0.169467 1 22 1.000000
 29 62.228867 -10.425648 95.480598 0.074032 0.031387 0.996762 0.828428 0.179232 1 22 1.000000
MarioHand_alb.png
 29 63.501373 -11.081897 95.403305 0.091523 0.031270 0.995312 0.829404 0.160021 1 22 1.000000
 29 65.010223 -8.862991 94.507736 0.392109 0.618201 0.681232 0.864363 0.154147 1 22 1.000000
 29 63.985996 -8.337611 94.623688 0.385663 0.600619 0.700372 0.866117 0.169467 1 22 1.000000
MarioHand_alb.png
 29 62.228867 -10.425648 95.480598 0.074032 0.031387 0.996762 0.828428 0.179232 1 22 1.000000
 29 63.985996 -8.337611 94.623688 0.385663 0.600619 0.700372 0.866117 0.169467 1 22 1.000000
 29 63.080524 -7.820971 94.589783 0.932360 -0.021554 0.360889 0.869474 0.183352 1 22 1.000000
MarioHand_alb.png
 29 65.010223 -8.862991 94.507736 0.392109 0.618201 0.681232 0.864363 0.154147 1 22 1.000000
 29 66.382111 -8.687754 91.653641 0.534060 0.842956 -0.064850 0.893858 0.126696 1 22 1.000000
 29 65.052574 -7.957318 91.668602 0.502781 0.862415 -0.058747 0.900816 0.144747 1 22 1.000000
MarioHand_alb.png
 29 65.010223 -8.862991 94.507736 0.392109 0.618201 0.681232 0.864363 0.154147 1 22 1.000000
 29 65.052574 -7.957318 91.668602 0.502781 0.862415 -0.058747 0.900816 0.144747 1 22 1.000000
 29 63.985996 -8.337611 94.623688 0.385663 0.600619 0.700372 0.866117 0.169467 1 22 1.000000
MarioHand_alb.png
 29 65.052574 -7.957318 91.668602 0.502781 0.862415 -0.058747 0.900816 0.144747 1 22 1.000000
 29 66.382111 -8.687754 91.653641 0.534060 0.842956 -0.064850 0.893858 0.126696 1 22 1.000000
 29 64.584358 -8.901841 89.052032 0.377688 0.589327 -0.714174 0.930632 0.124849 1 22 1.000000
MarioHand_alb.png
 29 63.985996 -8.337611 94.623688 0.385663 0.600619 0.700372 0.866117 0.169467 1 22 1.000000
 29 63.791656 -7.209184 91.709999 0.537869 0.841613 -0.048828 0.907774 0.162814 1 22 1.000000
 29 63.080524 -7.820971 94.589783 0.932360 -0.021554 0.360889 0.869474 0.183352 1 22 1.000000
MarioHand_alb.png
 29 63.985996 -8.337611 94.623688 0.385663 0.600619 0.700372 0.866117 0.169467 1 22 1.000000
 29 65.052574 -7.957318 91.668602 0.502781 0.862415 -0.058747 0.900816 0.144747 1 22 1.000000
 29 63.791656 -7.209184 91.709999 0.537869 0.841613 -0.048828 0.907774 0.162814 1 22 1.000000
MarioHand_alb.png
 29 63.080524 -7.820971 94.589783 0.932360 -0.021554 0.360889 0.869474 0.183352 1 22 1.000000
 29 63.791656 -7.209184 91.709999 0.537869 0.841613 -0.048828 0.907774 0.162814 1 22 1.000000
 29 62.746990 -6.425834 91.670883 0.827058 0.506325 -0.244150 0.916075 0.178088 1 22 1.000000
MarioHand_alb.png
 29 63.791656 -7.209184 91.709999 0.537869 0.841613 -0.048828 0.907774 0.162814 1 22 1.000000
 29 62.195400 -7.419102 88.924789 0.565659 0.334608 -0.753703 0.949355 0.156390 1 22 1.000000
 29 62.746990 -6.425834 91.670883 0.827058 0.506325 -0.244150 0.916075 0.178088 1 22 1.000000
MarioHand_alb.png
 29 65.052574 -7.957318 91.668602 0.502781 0.862415 -0.058747 0.900816 0.144747 1 22 1.000000
 29 64.584358 -8.901841 89.052032 0.377688 0.589327 -0.714174 0.930632 0.124849 1 22 1.000000
 29 63.374405 -8.161923 88.983307 0.408900 0.574920 -0.708709 0.939925 0.141283 1 22 1.000000
MarioHand_alb.png
 29 65.052574 -7.957318 91.668602 0.502781 0.862415 -0.058747 0.900816 0.144747 1 22 1.000000
 29 63.374405 -8.161923 88.983307 0.408900 0.574920 -0.708709 0.939925 0.141283 1 22 1.000000
 29 63.791656 -7.209184 91.709999 0.537869 0.841613 -0.048828 0.907774 0.162814 1 22 1.000000
MarioHand_alb.png
 29 63.791656 -7.209184 91.709999 0.537869 0.841613 -0.048828 0.907774 0.162814 1 22 1.000000
 29 63.374405 -8.161923 88.983307 0.408900 0.574920 -0.708709 0.939925 0.141283 1 22 1.000000
 29 62.195400 -7.419102 88.924789 0.565659 0.334608 -0.753703 0.949355 0.156390 1 22 1.000000
MarioHand_alb.png
 29 63.374405 -8.161923 88.983307 0.408900 0.574920 -0.708709 0.939925 0.141283 1 22 1.000000
 29 64.584358 -8.901841 89.052032 0.377688 0.589327 -0.714174 0.930632 0.124849 1 22 1.000000
 29 62.088356 -10.534650 87.961075 0.122876 0.045029 -0.991400 0.968811 0.119097 1 22 1.000000
MarioHand_alb.png
 29 63.374405 -8.161923 88.983307 0.408900 0.574920 -0.708709 0.939925 0.141283 1 22 1.000000
 29 60.916687 -9.848570 87.817780 0.241033 -0.023455 -0.970234 0.978897 0.133257 1 22 1.000000
 29 62.195400 -7.419102 88.924789 0.565659 0.334608 -0.753703 0.949355 0.156390 1 22 1.000000
MarioHand_alb.png
 29 63.374405 -8.161923 88.983307 0.408900 0.574920 -0.708709 0.939925 0.141283 1 22 1.000000
 29 62.088356 -10.534650 87.961075 0.122876 0.045029 -0.991400 0.968811 0.119097 1 22 1.000000
 29 60.916687 -9.848570 87.817780 0.241033 -0.023455 -0.970234 0.978897 0.133257 1 22 1.000000
MarioHand_alb.png
 29 50.563145 -6.706992 92.293129 -0.776968 -0.602560 -0.182322 0.196765 0.591791 1 22 1.000000
 29 49.153862 -4.494936 93.128540 -0.252534 -0.892451 -0.373841 0.218082 0.565331 1 22 1.000000
 29 49.153866 -2.599457 90.411804 -0.308965 -0.635096 -0.707951 0.255116 0.583200 1 22 1.000000
MarioHand_alb.png
 29 50.563145 -6.706992 92.293129 -0.776968 -0.602560 -0.182322 0.196765 0.591791 1 22 1.000000
 29 49.153866 -2.599457 90.411804 -0.308965 -0.635096 -0.707951 0.255116 0.583200 1 22 1.000000
 29 50.679043 -5.082780 89.322647 -0.750411 -0.449598 -0.484505 0.231800 0.612299 1 22 1.000000
MarioHand_alb.png
 29 52.488178 -8.660360 91.074417 -0.667550 -0.704456 -0.241081 0.180346 0.625772 1 22 1.000000
 29 50.563145 -6.706992 92.293129 -0.776968 -0.602560 -0.182322 0.196765 0.591791 1 22 1.000000
 29 50.679043 -5.082780 89.322647 -0.750411 -0.449598 -0.484505 0.231800 0.612299 1 22 1.000000
MarioHand_alb.png
 29 49.153866 -2.599457 90.411804 -0.308965 -0.635096 -0.707951 0.255116 0.583200 1 22 1.000000
 29 49.153866 0.286232 88.627319 -0.031275 -0.266123 -0.963432 0.296605 0.591165 1 22 1.000000
 29 50.679043 -5.082780 89.322647 -0.750411 -0.449598 -0.484505 0.231800 0.612299 1 22 1.000000
MarioHand_alb.png
 29 52.488178 -8.660360 91.074417 -0.667550 -0.704456 -0.241081 0.180346 0.625772 1 22 1.000000
 29 50.679043 -5.082780 89.322647 -0.750411 -0.449598 -0.484505 0.231800 0.612299 1 22 1.000000
 29 52.825798 -7.086493 88.393135 -0.544044 -0.487484 -0.682917 0.213489 0.643076 1 22 1.000000
MarioHand_alb.png
 29 50.948059 -2.743579 87.949982 -0.531736 -0.205361 -0.821635 0.263813 0.619120 1 22 1.000000
 29 50.679043 -5.082780 89.322647 -0.750411 -0.449598 -0.484505 0.231800 0.612299 1 22 1.000000
 29 49.153866 0.286232 88.627319 -0.031275 -0.266123 -0.963432 0.296605 0.591165 1 22 1.000000
MarioHand_alb.png
 29 55.250984 -8.849488 88.114830 -0.360170 -0.503723 -0.785201 0.194919 0.672801 1 22 1.000000
 29 52.488178 -8.660360 91.074417 -0.667550 -0.704456 -0.241081 0.180346 0.625772 1 22 1.000000
 29 52.825798 -7.086493 88.393135 -0.544044 -0.487484 -0.682917 0.213489 0.643076 1 22 1.000000
MarioHand_alb.png
 29 54.877869 -10.442757 90.530342 -0.561894 -0.782666 -0.267787 0.162478 0.659998 1 22 1.000000
 29 52.488178 -8.660360 91.074417 -0.667550 -0.704456 -0.241081 0.180346 0.625772 1 22 1.000000
 29 55.250984 -8.849488 88.114830 -0.360170 -0.503723 -0.785201 0.194919 0.672801 1 22 1.000000
MarioHand_alb.png
 29 52.825798 -7.086493 88.393135 -0.544044 -0.487484 -0.682917 0.213489 0.643076 1 22 1.000000
 29 50.679043 -5.082780 89.322647 -0.750411 -0.449598 -0.484505 0.231800 0.612299 1 22 1.000000
 29 53.661129 -4.254546 86.951332 -0.285655 -0.176103 -0.942013 0.249622 0.654063 1 22 1.000000
MarioHand_alb.png
 29 53.661129 -4.254546 86.951332 -0.285655 -0.176103 -0.942013 0.249622 0.654063 1 22 1.000000
 29 50.679043 -5.082780 89.322647 -0.750411 -0.449598 -0.484505 0.231800 0.612299 1 22 1.000000
 29 50.948059 -2.743579 87.949982 -0.531736 -0.205361 -0.821635 0.263813 0.619120 1 22 1.000000
MarioHand_alb.png
 29 51.694759 0.282261 87.503174 -0.235056 0.048932 -0.970749 0.300679 0.625284 1 22 1.000000
 29 50.948059 -2.743579 87.949982 -0.531736 -0.205361 -0.821635 0.263813 0.619120 1 22 1.000000
 29 49.153866 0.286232 88.627319 -0.031275 -0.266123 -0.963432 0.296605 0.591165 1 22 1.000000
MarioHand_alb.png
 29 53.661129 -4.254546 86.951332 -0.285655 -0.176103 -0.942013 0.249622 0.654063 1 22 1.000000
 29 50.948059 -2.743579 87.949982 -0.531736 -0.205361 -0.821635 0.263813 0.619120 1 22 1.000000
 29 51.694759 0.282261 87.503174 -0.235056 0.048932 -0.970749 0.300679 0.625284 1 22 1.000000
MarioHand_alb.png
 29 51.694759 0.282261 87.503174 -0.235056 0.048932 -0.970749 0.300679 0.625284 1 22 1.000000
 29 49.153866 0.286232 88.627319 -0.031275 -0.266123 -0.963432 0.296605 0.591165 1 22 1.000000
 29 49.160374 3.667027 87.968140 0.133154 0.052818 -0.989687 0.339940 0.590387 1 22 1.000000
MarioHand_alb.png
 29 52.825798 -7.086493 88.393135 -0.544044 -0.487484 -0.682917 0.213489 0.643076 1 22 1.000000
 29 53.661129 -4.254546 86.951332 -0.285655 -0.176103 -0.942013 0.249622 0.654063 1 22 1.000000
 29 56.560799 -5.402019 86.595444 -0.031282 -0.135047 -0.990345 0.238514 0.687938 1 22 1.000000
MarioHand_alb.png
 29 55.250984 -8.849488 88.114830 -0.360170 -0.503723 -0.785201 0.194919 0.672801 1 22 1.000000
 29 52.825798 -7.086493 88.393135 -0.544044 -0.487484 -0.682917 0.213489 0.643076 1 22 1.000000
 29 56.560799 -5.402019 86.595444 -0.031282 -0.135047 -0.990345 0.238514 0.687938 1 22 1.000000
MarioHand_alb.png
 29 53.661129 -4.254546 86.951332 -0.285655 -0.176103 -0.942013 0.249622 0.654063 1 22 1.000000
 29 51.694759 0.282261 87.503174 -0.235056 0.048932 -0.970749 0.300679 0.625284 1 22 1.000000
 29 54.695721 -0.282015 87.010811 0.168205 0.234885 -0.957359 0.296239 0.662318 1 22 1.000000
MarioHand_alb.png
 29 56.560799 -5.402019 86.595444 -0.031282 -0.135047 -0.990345 0.238514 0.687938 1 22 1.000000
 29 53.661129 -4.254546 86.951332 -0.285655 -0.176103 -0.942013 0.249622 0.654063 1 22 1.000000
 29 54.695721 -0.282015 87.010811 0.168205 0.234885 -0.957359 0.296239 0.662318 1 22 1.000000
MarioHand_alb.png
 29 51.694759 0.282261 87.503174 -0.235056 0.048932 -0.970749 0.300679 0.625284 1 22 1.000000
 29 49.160374 3.667027 87.968140 0.133154 0.052818 -0.989687 0.339940 0.590387 1 22 1.000000
 29 51.814220 3.031269 88.125656 0.017927 0.121339 -0.992449 0.335088 0.623926 1 22 1.000000
MarioHand_alb.png
 29 54.695721 -0.282015 87.010811 0.168205 0.234885 -0.957359 0.296239 0.662318 1 22 1.000000
 29 51.694759 0.282261 87.503174 -0.235056 0.048932 -0.970749 0.300679 0.625284 1 22 1.000000
 29 51.814220 3.031269 88.125656 0.017927 0.121339 -0.992449 0.335088 0.623926 1 22 1.000000
MarioHand_alb.png
 29 51.814220 3.031269 88.125656 0.017927 0.121339 -0.992449 0.335088 0.623926 1 22 1.000000
 29 49.160374 3.667027 87.968140 0.133154 0.052818 -0.989687 0.339940 0.590387 1 22 1.000000
 29 51.900436 6.159244 88.088776 -0.011444 0.107671 -0.994121 0.372946 0.621180 1 22 1.000000
MarioHand_alb.png
 29 49.160374 3.667027 87.968140 0.133154 0.052818 -0.989687 0.339940 0.590387 1 22 1.000000
 29 49.153870 7.047823 88.627319 0.090013 0.279859 -0.955812 0.384298 0.586343 1 22 1.000000
 29 51.900436 6.159244 88.088776 -0.011444 0.107671 -0.994121 0.372946 0.621180 1 22 1.000000
MarioHand_alb.png
 29 54.695721 -0.282015 87.010811 0.168205 0.234885 -0.957359 0.296239 0.662318 1 22 1.000000
 29 51.814220 3.031269 88.125656 0.017927 0.121339 -0.992449 0.335088 0.623926 1 22 1.000000
 29 54.854000 2.981237 88.249260 0.219288 0.144730 -0.964866 0.337591 0.661814 1 22 1.000000
MarioHand_alb.png
 29 51.900436 6.159244 88.088776 -0.011444 0.107671 -0.994121 0.372946 0.621180 1 22 1.000000
 29 49.153870 7.047823 88.627319 0.090013 0.279859 -0.955812 0.384298 0.586343 1 22 1.000000
 29 51.852093 9.446747 88.975388 -0.158667 0.409064 -0.898605 0.414084 0.619074 1 22 1.000000
MarioHand_alb.png
 29 49.153870 7.047823 88.627319 0.090013 0.279859 -0.955812 0.384298 0.586343 1 22 1.000000
 29 49.153870 9.933512 90.411804 -0.052646 0.667900 -0.742387 0.430045 0.584100 1 22 1.000000
 29 51.852093 9.446747 88.975388 -0.158667 0.409064 -0.898605 0.414084 0.619074 1 22 1.000000
MarioHand_alb.png
 29 51.814220 3.031269 88.125656 0.017927 0.121339 -0.992449 0.335088 0.623926 1 22 1.000000
 29 51.900436 6.159244 88.088776 -0.011444 0.107671 -0.994121 0.372946 0.621180 1 22 1.000000
 29 54.983723 5.590391 88.253212 0.178082 0.043090 -0.983072 0.368551 0.658930 1 22 1.000000
MarioHand_alb.png
 29 54.854000 2.981237 88.249260 0.219288 0.144730 -0.964866 0.337591 0.661814 1 22 1.000000
 29 51.814220 3.031269 88.125656 0.017927 0.121339 -0.992449 0.335088 0.623926 1 22 1.000000
 29 54.983723 5.590391 88.253212 0.178082 0.043090 -0.983072 0.368551 0.658930 1 22 1.000000
MarioHand_alb.png
 29 51.900436 6.159244 88.088776 -0.011444 0.107671 -0.994121 0.372946 0.621180 1 22 1.000000
 29 51.852093 9.446747 88.975388 -0.158667 0.409064 -0.898605 0.414084 0.619074 1 22 1.000000
 29 54.713394 8.560638 88.652092 0.138839 0.219128 -0.965767 0.403021 0.652689 1 22 1.000000
MarioHand_alb.png
 29 54.983723 5.590391 88.253212 0.178082 0.043090 -0.983072 0.368551 0.658930 1 22 1.000000
 29 51.900436 6.159244 88.088776 -0.011444 0.107671 -0.994121 0.372946 0.621180 1 22 1.000000
 29 54.713394 8.560638 88.652092 0.138839 0.219128 -0.965767 0.403021 0.652689 1 22 1.000000
MarioHand_alb.png
 29 51.852093 9.446747 88.975388 -0.158667 0.409064 -0.898605 0.414084 0.619074 1 22 1.000000
 29 49.153870 9.933512 90.411804 -0.052646 0.667900 -0.742387 0.430045 0.584100 1 22 1.000000
 29 51.631001 11.700502 90.535156 -0.320838 0.719024 -0.616497 0.446860 0.617304 1 22 1.000000
MarioHand_alb.png
 29 49.153870 9.933512 90.411804 -0.052646 0.667900 -0.742387 0.430045 0.584100 1 22 1.000000
 29 49.153870 11.828990 93.128517 -0.125119 0.922085 -0.366202 0.474983 0.584146 1 22 1.000000
 29 51.631001 11.700502 90.535156 -0.320838 0.719024 -0.616497 0.446860 0.617304 1 22 1.000000
MarioHand_alb.png
 29 54.713394 8.560638 88.652092 0.138839 0.219128 -0.965767 0.403021 0.652689 1 22 1.000000
 29 51.852093 9.446747 88.975388 -0.158667 0.409064 -0.898605 0.414084 0.619074 1 22 1.000000
 29 54.501698 11.326427 89.745964 0.021747 0.562665 -0.826399 0.436606 0.650004 1 22 1.000000
MarioHand_alb.png
 29 51.852093 9.446747 88.975388 -0.158667 0.409064 -0.898605 0.414084 0.619074 1 22 1.000000
 29 51.631001 11.700502 90.535156 -0.320838 0.719024 -0.616497 0.446860 0.617304 1 22 1.000000
 29 54.501698 11.326427 89.745964 0.021747 0.562665 -0.826399 0.436606 0.650004 1 22 1.000000
MarioHand_alb.png
 29 51.631001 11.700502 90.535156 -0.320838 0.719024 -0.616497 0.446860 0.617304 1 22 1.000000
 29 49.153870 11.828990 93.128517 -0.125119 0.922085 -0.366202 0.474983 0.584146 1 22 1.000000
 29 51.088848 13.077468 94.004448 -0.383746 0.902051 -0.197595 0.491844 0.609995 1 22 1.000000
MarioHand_alb.png
 29 49.153870 11.828990 93.128517 -0.125119 0.922085 -0.366202 0.474983 0.584146 1 22 1.000000
 29 49.153870 12.531140 96.311356 -0.187690 0.982226 0.002289 0.516793 0.582803 1 22 1.000000
 29 51.088848 13.077468 94.004448 -0.383746 0.902051 -0.197595 0.491844 0.609995 1 22 1.000000
MarioHand_alb.png
 29 51.088848 13.077468 94.004448 -0.383746 0.902051 -0.197595 0.491844 0.609995 1 22 1.000000
 29 49.153870 12.531140 96.311356 -0.187690 0.982226 0.002289 0.516793 0.582803 1 22 1.000000
 29 50.977901 13.337015 97.218842 -0.395582 0.912376 0.105285 0.531395 0.606363 1 22 1.000000
MarioHand_alb.png
 29 51.631001 11.700502 90.535156 -0.320838 0.719024 -0.616497 0.446860 0.617304 1 22 1.000000
 29 51.088848 13.077468 94.004448 -0.383746 0.902051 -0.197595 0.491844 0.609995 1 22 1.000000
 29 54.173820 13.334320 91.657867 -0.105280 0.823355 -0.557676 0.467948 0.647822 1 22 1.000000
MarioHand_alb.png
 29 54.501698 11.326427 89.745964 0.021747 0.562665 -0.826399 0.436606 0.650004 1 22 1.000000
 29 51.631001 11.700502 90.535156 -0.320838 0.719024 -0.616497 0.446860 0.617304 1 22 1.000000
 29 54.173820 13.334320 91.657867 -0.105280 0.823355 -0.557676 0.467948 0.647822 1 22 1.000000
MarioHand_alb.png
 29 51.088848 13.077468 94.004448 -0.383746 0.902051 -0.197595 0.491844 0.609995 1 22 1.000000
 29 50.977901 13.337015 97.218842 -0.395582 0.912376 0.105285 0.531395 0.606363 1 22 1.000000
 29 53.753830 14.228868 94.445206 -0.237278 0.953882 -0.183872 0.501747 0.644175 1 22 1.000000
MarioHand_alb.png
 29 54.173820 13.334320 91.657867 -0.105280 0.823355 -0.557676 0.467948 0.647822 1 22 1.000000
 29 51.088848 13.077468 94.004448 -0.383746 0.902051 -0.197595 0.491844 0.609995 1 22 1.000000
 29 53.753830 14.228868 94.445206 -0.237278 0.953882 -0.183872 0.501747 0.644175 1 22 1.000000
MarioHand_alb.png
 29 53.753830 14.228868 94.445206 -0.237278 0.953882 -0.183872 0.501747 0.644175 1 22 1.000000
 29 50.977901 13.337015 97.218842 -0.395582 0.912376 0.105285 0.531395 0.606363 1 22 1.000000
 29 53.507767 14.288552 97.757835 -0.293339 0.944482 0.148005 0.541833 0.640787 1 22 1.000000
MarioHand_alb.png
 29 54.501698 11.326427 89.745964 0.021747 0.562665 -0.826399 0.436606 0.650004 1 22 1.000000
 29 54.173820 13.334320 91.657867 -0.105280 0.823355 -0.557676 0.467948 0.647822 1 22 1.000000
 29 57.686188 13.700947 92.047310 0.107575 0.796421 -0.595098 0.471641 0.686824 1 22 1.000000
MarioHand_alb.png
 29 57.686188 13.700947 92.047310 0.107575 0.796421 -0.595098 0.471641 0.686824 1 22 1.000000
 29 54.173820 13.334320 91.657867 -0.105280 0.823355 -0.557676 0.467948 0.647822 1 22 1.000000
 29 53.753830 14.228868 94.445206 -0.237278 0.953882 -0.183872 0.501747 0.644175 1 22 1.000000
MarioHand_alb.png
 29 57.151623 14.967724 94.850128 -0.046920 0.971782 -0.231168 0.506401 0.685313 1 22 1.000000
 29 53.753830 14.228868 94.445206 -0.237278 0.953882 -0.183872 0.501747 0.644175 1 22 1.000000
 29 53.507767 14.288552 97.757835 -0.293339 0.944482 0.148005 0.541833 0.640787 1 22 1.000000
MarioHand_alb.png
 29 57.686188 13.700947 92.047310 0.107575 0.796421 -0.595098 0.471641 0.686824 1 22 1.000000
 29 53.753830 14.228868 94.445206 -0.237278 0.953882 -0.183872 0.501747 0.644175 1 22 1.000000
 29 57.151623 14.967724 94.850128 -0.046920 0.971782 -0.231168 0.506401 0.685313 1 22 1.000000
MarioHand_alb.png
 29 57.151623 14.967724 94.850128 -0.046920 0.971782 -0.231168 0.506401 0.685313 1 22 1.000000
 29 53.507767 14.288552 97.757835 -0.293339 0.944482 0.148005 0.541833 0.640787 1 22 1.000000
 29 56.770218 15.020341 98.209000 -0.160212 0.975574 0.150294 0.546899 0.685481 1 22 1.000000
MarioHand_alb.png
 29 58.180031 11.365086 90.208382 0.252552 0.481452 -0.839298 0.439185 0.690486 1 22 1.000000
 29 54.501698 11.326427 89.745964 0.021747 0.562665 -0.826399 0.436606 0.650004 1 22 1.000000
 29 57.686188 13.700947 92.047310 0.107575 0.796421 -0.595098 0.471641 0.686824 1 22 1.000000
MarioHand_alb.png
 29 54.713394 8.560638 88.652092 0.138839 0.219128 -0.965767 0.403021 0.652689 1 22 1.000000
 29 54.501698 11.326427 89.745964 0.021747 0.562665 -0.826399 0.436606 0.650004 1 22 1.000000
 29 58.180031 11.365086 90.208382 0.252552 0.481452 -0.839298 0.439185 0.690486 1 22 1.000000
MarioHand_alb.png
 29 60.960930 13.355885 93.016563 0.408958 0.685157 -0.602755 0.473533 0.724361 1 22 1.000000
 29 57.686188 13.700947 92.047310 0.107575 0.796421 -0.595098 0.471641 0.686824 1 22 1.000000
 29 57.151623 14.967724 94.850128 -0.046920 0.971782 -0.231168 0.506401 0.685313 1 22 1.000000
MarioHand_alb.png
 29 58.180031 11.365086 90.208382 0.252552 0.481452 -0.839298 0.439185 0.690486 1 22 1.000000
 29 57.686188 13.700947 92.047310 0.107575 0.796421 -0.595098 0.471641 0.686824 1 22 1.000000
 29 60.960930 13.355885 93.016563 0.408958 0.685157 -0.602755 0.473533 0.724361 1 22 1.000000
MarioHand_alb.png
 29 57.151623 14.967724 94.850128 -0.046920 0.971782 -0.231168 0.506401 0.685313 1 22 1.000000
 29 56.770218 15.020341 98.209000 -0.160212 0.975574 0.150294 0.546899 0.685481 1 22 1.000000
 29 60.448860 14.878212 95.518578 0.139239 0.953788 -0.266271 0.506844 0.724590 1 22 1.000000
MarioHand_alb.png
 29 60.960930 13.355885 93.016563 0.408958 0.685157 -0.602755 0.473533 0.724361 1 22 1.000000
 29 57.151623 14.967724 94.850128 -0.046920 0.971782 -0.231168 0.506401 0.685313 1 22 1.000000
 29 60.448860 14.878212 95.518578 0.139239 0.953788 -0.266271 0.506844 0.724590 1 22 1.000000
MarioHand_alb.png
 29 60.448860 14.878212 95.518578 0.139239 0.953788 -0.266271 0.506844 0.724590 1 22 1.000000
 29 56.770218 15.020341 98.209000 -0.160212 0.975574 0.150294 0.546899 0.685481 1 22 1.000000
 29 59.800068 15.322760 98.927498 -0.046919 0.982257 0.181575 0.548486 0.726848 1 22 1.000000
MarioHand_alb.png
 29 60.448860 14.878212 95.518578 0.139239 0.953788 -0.266271 0.506844 0.724590 1 22 1.000000
 29 59.800068 15.322760 98.927498 -0.046919 0.982257 0.181575 0.548486 0.726848 1 22 1.000000
 29 62.743587 15.054567 99.798859 0.156396 0.973851 0.164788 0.545815 0.766827 1 22 1.000000
MarioHand_alb.png
 29 60.960930 13.355885 93.016563 0.408958 0.685157 -0.602755 0.473533 0.724361 1 22 1.000000
 29 60.448860 14.878212 95.518578 0.139239 0.953788 -0.266271 0.506844 0.724590 1 22 1.000000
 29 62.973286 14.270915 96.570183 0.539799 0.759057 -0.363935 0.506813 0.758251 1 22 1.000000
MarioHand_alb.png
 29 60.448860 14.878212 95.518578 0.139239 0.953788 -0.266271 0.506844 0.724590 1 22 1.000000
 29 62.743587 15.054567 99.798859 0.156396 0.973851 0.164788 0.545815 0.766827 1 22 1.000000
 29 62.973286 14.270915 96.570183 0.539799 0.759057 -0.363935 0.506813 0.758251 1 22 1.000000
MarioHand_alb.png
 29 64.477882 13.446620 97.642860 0.485913 0.713899 -0.504220 0.507713 0.783444 1 22 1.000000
 29 62.743587 15.054567 99.798859 0.156396 0.973851 0.164788 0.545815 0.766827 1 22 1.000000
 29 64.373032 14.604590 100.256454 0.178533 0.983838 0.013733 0.543160 0.788983 1 22 1.000000
MarioHand_alb.png
 29 62.973286 14.270915 96.570183 0.539799 0.759057 -0.363935 0.506813 0.758251 1 22 1.000000
 29 62.743587 15.054567 99.798859 0.156396 0.973851 0.164788 0.545815 0.766827 1 22 1.000000
 29 64.477882 13.446620 97.642860 0.485913 0.713899 -0.504220 0.507713 0.783444 1 22 1.000000
MarioHand_alb.png
 29 63.216534 12.610686 94.824738 0.784599 0.352059 -0.510352 0.478218 0.758221 1 22 1.000000
 29 62.973286 14.270915 96.570183 0.539799 0.759057 -0.363935 0.506813 0.758251 1 22 1.000000
 29 64.477882 13.446620 97.642860 0.485913 0.713899 -0.504220 0.507713 0.783444 1 22 1.000000
MarioHand_alb.png
 29 60.960930 13.355885 93.016563 0.408958 0.685157 -0.602755 0.473533 0.724361 1 22 1.000000
 29 62.973286 14.270915 96.570183 0.539799 0.759057 -0.363935 0.506813 0.758251 1 22 1.000000
 29 63.216534 12.610686 94.824738 0.784599 0.352059 -0.510352 0.478218 0.758221 1 22 1.000000
MarioHand_alb.png
 29 63.216534 12.610686 94.824738 0.784599 0.352059 -0.510352 0.478218 0.758221 1 22 1.000000
 29 64.477882 13.446620 97.642860 0.485913 0.713899 -0.504220 0.507713 0.783444 1 22 1.000000
 29 64.836975 11.363020 96.906532 0.799506 0.125400 -0.587423 0.479530 0.793866 1 22 1.000000
MarioHand_alb.png
 29 61.361164 10.975645 91.466774 0.563549 0.352552 -0.747074 0.442512 0.727443 1 22 1.000000
 29 60.960930 13.355885 93.016563 0.408958 0.685157 -0.602755 0.473533 0.724361 1 22 1.000000
 29 63.216534 12.610686 94.824738 0.784599 0.352059 -0.510352 0.478218 0.758221 1 22 1.000000
MarioHand_alb.png
 29 61.361164 10.975645 91.466774 0.563549 0.352552 -0.747074 0.442512 0.727443 1 22 1.000000
 29 58.180031 11.365086 90.208382 0.252552 0.481452 -0.839298 0.439185 0.690486 1 22 1.000000
 29 60.960930 13.355885 93.016563 0.408958 0.685157 -0.602755 0.473533 0.724361 1 22 1.000000
MarioHand_alb.png
 29 63.627953 10.119413 93.912361 0.837747 0.187883 -0.512719 0.447501 0.765850 1 22 1.000000
 29 63.216534 12.610686 94.824738 0.784599 0.352059 -0.510352 0.478218 0.758221 1 22 1.000000
 29 64.836975 11.363020 96.906532 0.799506 0.125400 -0.587423 0.479530 0.793866 1 22 1.000000
MarioHand_alb.png
 29 61.361164 10.975645 91.466774 0.563549 0.352552 -0.747074 0.442512 0.727443 1 22 1.000000
 29 63.216534 12.610686 94.824738 0.784599 0.352059 -0.510352 0.478218 0.758221 1 22 1.000000
 29 63.627953 10.119413 93.912361 0.837747 0.187883 -0.512719 0.447501 0.765850 1 22 1.000000
MarioHand_alb.png
 29 63.627953 10.119413 93.912361 0.837747 0.187883 -0.512719 0.447501 0.765850 1 22 1.000000
 29 64.836975 11.363020 96.906532 0.799506 0.125400 -0.587423 0.479530 0.793866 1 22 1.000000
 29 64.930313 9.131011 98.793182 0.578892 0.316999 -0.751263 0.461097 0.826154 1 22 1.000000
MarioHand_alb.png
 29 65.564560 6.138648 97.279739 0.680490 -0.041100 -0.731603 0.417395 0.826032 1 22 1.000000
 29 63.627953 10.119413 93.912361 0.837747 0.187883 -0.512719 0.447501 0.765850 1 22 1.000000
 29 64.930313 9.131011 98.793182 0.578892 0.316999 -0.751263 0.461097 0.826154 1 22 1.000000
MarioHand_alb.png
 29 58.369591 8.406942 89.416451 0.343050 0.145195 -0.928028 0.405966 0.694896 1 22 1.000000
 29 58.180031 11.365086 90.208382 0.252552 0.481452 -0.839298 0.439185 0.690486 1 22 1.000000
 29 61.361164 10.975645 91.466774 0.563549 0.352552 -0.747074 0.442512 0.727443 1 22 1.000000
MarioHand_alb.png
 29 58.369591 8.406942 89.416451 0.343050 0.145195 -0.928028 0.405966 0.694896 1 22 1.000000
 29 54.713394 8.560638 88.652092 0.138839 0.219128 -0.965767 0.403021 0.652689 1 22 1.000000
 29 58.180031 11.365086 90.208382 0.252552 0.481452 -0.839298 0.439185 0.690486 1 22 1.000000
MarioHand_alb.png
 29 54.983723 5.590391 88.253212 0.178082 0.043090 -0.983072 0.368551 0.658930 1 22 1.000000
 29 54.713394 8.560638 88.652092 0.138839 0.219128 -0.965767 0.403021 0.652689 1 22 1.000000
 29 58.369591 8.406942 89.416451 0.343050 0.145195 -0.928028 0.405966 0.694896 1 22 1.000000
MarioHand_alb.png
 29 61.361164 10.975645 91.466774 0.563549 0.352552 -0.747074 0.442512 0.727443 1 22 1.000000
 29 63.627953 10.119413 93.912361 0.837747 0.187883 -0.512719 0.447501 0.765850 1 22 1.000000
 29 61.484585 7.946098 90.776543 0.622269 0.076305 -0.779076 0.409125 0.733120 1 22 1.000000
MarioHand_alb.png
 29 58.369591 8.406942 89.416451 0.343050 0.145195 -0.928028 0.405966 0.694896 1 22 1.000000
 29 61.361164 10.975645 91.466774 0.563549 0.352552 -0.747074 0.442512 0.727443 1 22 1.000000
 29 61.484585 7.946098 90.776543 0.622269 0.076305 -0.779076 0.409125 0.733120 1 22 1.000000
MarioHand_alb.png
 29 58.236961 5.217323 89.111160 0.385563 -0.031368 -0.922148 0.369833 0.699092 1 22 1.000000
 29 54.983723 5.590391 88.253212 0.178082 0.043090 -0.983072 0.368551 0.658930 1 22 1.000000
 29 58.369591 8.406942 89.416451 0.343050 0.145195 -0.928028 0.405966 0.694896 1 22 1.000000
MarioHand_alb.png
 29 58.236961 5.217323 89.111160 0.385563 -0.031368 -0.922148 0.369833 0.699092 1 22 1.000000
 29 58.369591 8.406942 89.416451 0.343050 0.145195 -0.928028 0.405966 0.694896 1 22 1.000000
 29 61.484585 7.946098 90.776543 0.622269 0.076305 -0.779076 0.409125 0.733120 1 22 1.000000
MarioHand_alb.png
 29 54.854000 2.981237 88.249260 0.219288 0.144730 -0.964866 0.337591 0.661814 1 22 1.000000
 29 54.983723 5.590391 88.253212 0.178082 0.043090 -0.983072 0.368551 0.658930 1 22 1.000000
 29 58.236961 5.217323 89.111160 0.385563 -0.031368 -0.922148 0.369833 0.699092 1 22 1.000000
MarioHand_alb.png
 29 63.772522 7.242334 93.725914 0.823613 0.017643 -0.566878 0.414359 0.776150 1 22 1.000000
 29 61.484585 7.946098 90.776543 0.622269 0.076305 -0.779076 0.409125 0.733120 1 22 1.000000
 29 63.627953 10.119413 93.912361 0.837747 0.187883 -0.512719 0.447501 0.765850 1 22 1.000000
MarioHand_alb.png
 29 65.564560 6.138648 97.279739 0.680490 -0.041100 -0.731603 0.417395 0.826032 1 22 1.000000
 29 63.772522 7.242334 93.725914 0.823613 0.017643 -0.566878 0.414359 0.776150 1 22 1.000000
 29 63.627953 10.119413 93.912361 0.837747 0.187883 -0.512719 0.447501 0.765850 1 22 1.000000
MarioHand_alb.png
 29 58.236961 5.217323 89.111160 0.385563 -0.031368 -0.922148 0.369833 0.699092 1 22 1.000000
 29 61.484585 7.946098 90.776543 0.622269 0.076305 -0.779076 0.409125 0.733120 1 22 1.000000
 29 61.267212 4.680322 90.833290 0.643821 -0.144650 -0.751379 0.373129 0.740444 1 22 1.000000
MarioHand_alb.png
 29 61.267212 4.680322 90.833290 0.643821 -0.144650 -0.751379 0.373129 0.740444 1 22 1.000000
 29 61.484585 7.946098 90.776543 0.622269 0.076305 -0.779076 0.409125 0.733120 1 22 1.000000
 29 63.772522 7.242334 93.725914 0.823613 0.017643 -0.566878 0.414359 0.776150 1 22 1.000000
MarioHand_alb.png
 29 57.924141 2.149680 89.250603 0.508710 0.113354 -0.853443 0.333333 0.703883 1 22 1.000000
 29 54.854000 2.981237 88.249260 0.219288 0.144730 -0.964866 0.337591 0.661814 1 22 1.000000
 29 58.236961 5.217323 89.111160 0.385563 -0.031368 -0.922148 0.369833 0.699092 1 22 1.000000
MarioHand_alb.png
 29 57.924141 2.149680 89.250603 0.508710 0.113354 -0.853443 0.333333 0.703883 1 22 1.000000
 29 58.236961 5.217323 89.111160 0.385563 -0.031368 -0.922148 0.369833 0.699092 1 22 1.000000
 29 61.267212 4.680322 90.833290 0.643821 -0.144650 -0.751379 0.373129 0.740444 1 22 1.000000
MarioHand_alb.png
 29 54.695721 -0.282015 87.010811 0.168205 0.234885 -0.957359 0.296239 0.662318 1 22 1.000000
 29 54.854000 2.981237 88.249260 0.219288 0.144730 -0.964866 0.337591 0.661814 1 22 1.000000
 29 57.924141 2.149680 89.250603 0.508710 0.113354 -0.853443 0.333333 0.703883 1 22 1.000000
MarioHand_alb.png
 29 63.719524 4.148190 93.940361 0.802296 -0.150693 -0.577592 0.378836 0.787900 1 22 1.000000
 29 63.772522 7.242334 93.725914 0.823613 0.017643 -0.566878 0.414359 0.776150 1 22 1.000000
 29 65.564560 6.138648 97.279739 0.680490 -0.041100 -0.731603 0.417395 0.826032 1 22 1.000000
MarioHand_alb.png
 29 63.719524 4.148190 93.940361 0.802296 -0.150693 -0.577592 0.378836 0.787900 1 22 1.000000
 29 61.267212 4.680322 90.833290 0.643821 -0.144650 -0.751379 0.373129 0.740444 1 22 1.000000
 29 63.772522 7.242334 93.725914 0.823613 0.017643 -0.566878 0.414359 0.776150 1 22 1.000000
MarioHand_alb.png
 29 63.719524 4.148190 93.940361 0.802296 -0.150693 -0.577592 0.378836 0.787900 1 22 1.000000
 29 65.564560 6.138648 97.279739 0.680490 -0.041100 -0.731603 0.417395 0.826032 1 22 1.000000
 29 65.394493 3.141532 99.350586 0.614126 0.213299 -0.759838 0.386069 0.858091 1 22 1.000000
MarioHand_alb.png
 29 63.719524 4.148190 93.940361 0.802296 -0.150693 -0.577592 0.378836 0.787900 1 22 1.000000
 29 65.394493 3.141532 99.350586 0.614126 0.213299 -0.759838 0.386069 0.858091 1 22 1.000000
 29 66.018898 0.520272 97.541290 0.637984 0.084231 -0.765429 0.347478 0.848371 1 22 1.000000
MarioHand_alb.png
 29 60.510269 1.664890 91.595314 0.712642 -0.021555 -0.701197 0.336233 0.748180 1 22 1.000000
 29 61.267212 4.680322 90.833290 0.643821 -0.144650 -0.751379 0.373129 0.740444 1 22 1.000000
 29 63.719524 4.148190 93.940361 0.802296 -0.150693 -0.577592 0.378836 0.787900 1 22 1.000000
MarioHand_alb.png
 29 57.924141 2.149680 89.250603 0.508710 0.113354 -0.853443 0.333333 0.703883 1 22 1.000000
 29 61.267212 4.680322 90.833290 0.643821 -0.144650 -0.751379 0.373129 0.740444 1 22 1.000000
 29 60.510269 1.664890 91.595314 0.712642 -0.021555 -0.701197 0.336233 0.748180 1 22 1.000000
MarioHand_alb.png
 29 63.039150 1.145862 94.459747 0.748833 -0.087953 -0.656897 0.341253 0.795438 1 22 1.000000
 29 63.719524 4.148190 93.940361 0.802296 -0.150693 -0.577592 0.378836 0.787900 1 22 1.000000
 29 66.018898 0.520272 97.541290 0.637984 0.084231 -0.765429 0.347478 0.848371 1 22 1.000000
MarioHand_alb.png
 29 60.510269 1.664890 91.595314 0.712642 -0.021555 -0.701197 0.336233 0.748180 1 22 1.000000
 29 63.719524 4.148190 93.940361 0.802296 -0.150693 -0.577592 0.378836 0.787900 1 22 1.000000
 29 63.039150 1.145862 94.459747 0.748833 -0.087953 -0.656897 0.341253 0.795438 1 22 1.000000
MarioHand_alb.png
 29 57.977592 -1.360754 87.893951 0.499338 0.283751 -0.818625 0.287846 0.704051 1 22 1.000000
 29 54.695721 -0.282015 87.010811 0.168205 0.234885 -0.957359 0.296239 0.662318 1 22 1.000000
 29 57.924141 2.149680 89.250603 0.508710 0.113354 -0.853443 0.333333 0.703883 1 22 1.000000
MarioHand_alb.png
 29 56.560799 -5.402019 86.595444 -0.031282 -0.135047 -0.990345 0.238514 0.687938 1 22 1.000000
 29 54.695721 -0.282015 87.010811 0.168205 0.234885 -0.957359 0.296239 0.662318 1 22 1.000000
 29 57.977592 -1.360754 87.893951 0.499338 0.283751 -0.818625 0.287846 0.704051 1 22 1.000000
MarioHand_alb.png
 29 57.924141 2.149680 89.250603 0.508710 0.113354 -0.853443 0.333333 0.703883 1 22 1.000000
 29 60.510269 1.664890 91.595314 0.712642 -0.021555 -0.701197 0.336233 0.748180 1 22 1.000000
 29 60.994736 -1.314394 91.073036 0.770954 0.203551 -0.603488 0.299733 0.756054 1 22 1.000000
MarioHand_alb.png
 29 57.977592 -1.360754 87.893951 0.499338 0.283751 -0.818625 0.287846 0.704051 1 22 1.000000
 29 57.924141 2.149680 89.250603 0.508710 0.113354 -0.853443 0.333333 0.703883 1 22 1.000000
 29 60.994736 -1.314394 91.073036 0.770954 0.203551 -0.603488 0.299733 0.756054 1 22 1.000000
MarioHand_alb.png
 29 60.510269 1.664890 91.595314 0.712642 -0.021555 -0.701197 0.336233 0.748180 1 22 1.000000
 29 63.039150 1.145862 94.459747 0.748833 -0.087953 -0.656897 0.341253 0.795438 1 22 1.000000
 29 60.994736 -1.314394 91.073036 0.770954 0.203551 -0.603488 0.299733 0.756054 1 22 1.000000
MarioHand_alb.png
 29 56.560799 -5.402019 86.595444 -0.031282 -0.135047 -0.990345 0.238514 0.687938 1 22 1.000000
 29 57.977592 -1.360754 87.893951 0.499338 0.283751 -0.818625 0.287846 0.704051 1 22 1.000000
 29 60.129936 -4.837570 87.980042 0.579367 0.252305 -0.775033 0.247639 0.731731 1 22 1.000000
MarioHand_alb.png
 29 60.129936 -4.837570 87.980042 0.579367 0.252305 -0.775033 0.247639 0.731731 1 22 1.000000
 29 57.977592 -1.360754 87.893951 0.499338 0.283751 -0.818625 0.287846 0.704051 1 22 1.000000
 29 60.994736 -1.314394 91.073036 0.770954 0.203551 -0.603488 0.299733 0.756054 1 22 1.000000
MarioHand_alb.png
 29 63.167618 -1.785759 94.319397 0.818582 0.088114 -0.567591 0.306157 0.804303 1 22 1.000000
 29 63.039150 1.145862 94.459747 0.748833 -0.087953 -0.656897 0.341253 0.795438 1 22 1.000000
 29 66.018898 0.520272 97.541290 0.637984 0.084231 -0.765429 0.347478 0.848371 1 22 1.000000
MarioHand_alb.png
 29 60.994736 -1.314394 91.073036 0.770954 0.203551 -0.603488 0.299733 0.756054 1 22 1.000000
 29 63.039150 1.145862 94.459747 0.748833 -0.087953 -0.656897 0.341253 0.795438 1 22 1.000000
 29 63.167618 -1.785759 94.319397 0.818582 0.088114 -0.567591 0.306157 0.804303 1 22 1.000000
MarioHand_alb.png
 29 63.167618 -1.785759 94.319397 0.818582 0.088114 -0.567591 0.306157 0.804303 1 22 1.000000
 29 66.018898 0.520272 97.541290 0.637984 0.084231 -0.765429 0.347478 0.848371 1 22 1.000000
 29 65.556458 -2.476514 98.566444 0.516546 0.017620 -0.856078 0.313024 0.864622 1 22 1.000000
MarioHand_alb.png
 29 65.281937 -4.850677 96.622894 0.569050 0.002002 -0.822300 0.279179 0.850584 1 22 1.000000
 29 63.167618 -1.785759 94.319397 0.818582 0.088114 -0.567591 0.306157 0.804303 1 22 1.000000
 29 65.556458 -2.476514 98.566444 0.516546 0.017620 -0.856078 0.313024 0.864622 1 22 1.000000
MarioHand_alb.png
 29 61.603741 -4.124563 91.316498 0.857165 0.205517 -0.472261 0.267933 0.771298 1 22 1.000000
 29 60.994736 -1.314394 91.073036 0.770954 0.203551 -0.603488 0.299733 0.756054 1 22 1.000000
 29 63.167618 -1.785759 94.319397 0.818582 0.088114 -0.567591 0.306157 0.804303 1 22 1.000000
MarioHand_alb.png
 29 60.129936 -4.837570 87.980042 0.579367 0.252305 -0.775033 0.247639 0.731731 1 22 1.000000
 29 60.994736 -1.314394 91.073036 0.770954 0.203551 -0.603488 0.299733 0.756054 1 22 1.000000
 29 61.603741 -4.124563 91.316498 0.857165 0.205517 -0.472261 0.267933 0.771298 1 22 1.000000
MarioHand_alb.png
 29 63.337357 -4.832496 94.190323 0.866413 0.017645 -0.499017 0.269032 0.813626 1 22 1.000000
 29 63.167618 -1.785759 94.319397 0.818582 0.088114 -0.567591 0.306157 0.804303 1 22 1.000000
 29 65.281937 -4.850677 96.622894 0.569050 0.002002 -0.822300 0.279179 0.850584 1 22 1.000000
MarioHand_alb.png
 29 61.603741 -4.124563 91.316498 0.857165 0.205517 -0.472261 0.267933 0.771298 1 22 1.000000
 29 63.167618 -1.785759 94.319397 0.818582 0.088114 -0.567591 0.306157 0.804303 1 22 1.000000
 29 63.337357 -4.832496 94.190323 0.866413 0.017645 -0.499017 0.269032 0.813626 1 22 1.000000
MarioHand_alb.png
 29 63.504005 -7.458336 96.195145 0.716418 -0.636307 -0.286109 0.241749 0.843839 1 22 1.000000
 29 65.281937 -4.850677 96.622894 0.569050 0.002002 -0.822300 0.279179 0.850584 1 22 1.000000
 29 65.235580 -7.686035 98.244339 0.226587 -0.824810 -0.518022 0.249042 0.875486 1 22 1.000000
MarioHand_alb.png
 29 63.337357 -4.832496 94.190323 0.866413 0.017645 -0.499017 0.269032 0.813626 1 22 1.000000
 29 65.281937 -4.850677 96.622894 0.569050 0.002002 -0.822300 0.279179 0.850584 1 22 1.000000
 29 63.504005 -7.458336 96.195145 0.716418 -0.636307 -0.286109 0.241749 0.843839 1 22 1.000000
MarioHand_alb.png
 29 63.337357 -4.832496 94.190323 0.866413 0.017645 -0.499017 0.269032 0.813626 1 22 1.000000
 29 63.504005 -7.458336 96.195145 0.716418 -0.636307 -0.286109 0.241749 0.843839 1 22 1.000000
 29 63.080524 -7.820971 94.589783 0.932360 -0.021554 0.360889 0.233616 0.825773 1 22 1.000000
MarioHand_alb.png
 29 62.746990 -6.425834 91.670883 0.827058 0.506325 -0.244150 0.241413 0.788861 1 22 1.000000
 29 63.337357 -4.832496 94.190323 0.866413 0.017645 -0.499017 0.269032 0.813626 1 22 1.000000
 29 63.080524 -7.820971 94.589783 0.932360 -0.021554 0.360889 0.233616 0.825773 1 22 1.000000
MarioHand_alb.png
 29 61.603741 -4.124563 91.316498 0.857165 0.205517 -0.472261 0.267933 0.771298 1 22 1.000000
 29 63.337357 -4.832496 94.190323 0.866413 0.017645 -0.499017 0.269032 0.813626 1 22 1.000000
 29 62.746990 -6.425834 91.670883 0.827058 0.506325 -0.244150 0.241413 0.788861 1 22 1.000000
MarioHand_alb.png
 29 62.195400 -7.419102 88.924789 0.565659 0.334608 -0.753703 0.217624 0.761868 1 22 1.000000
 29 61.603741 -4.124563 91.316498 0.857165 0.205517 -0.472261 0.267933 0.771298 1 22 1.000000
 29 62.746990 -6.425834 91.670883 0.827058 0.506325 -0.244150 0.241413 0.788861 1 22 1.000000
MarioHand_alb.png
 29 62.195400 -7.419102 88.924789 0.565659 0.334608 -0.753703 0.217624 0.761868 1 22 1.000000
 29 60.129936 -4.837570 87.980042 0.579367 0.252305 -0.775033 0.247639 0.731731 1 22 1.000000
 29 61.603741 -4.124563 91.316498 0.857165 0.205517 -0.472261 0.267933 0.771298 1 22 1.000000
MarioHand_alb.png
 29 58.819595 -7.568942 87.072533 0.148800 -0.139166 -0.979026 0.214008 0.715053 1 22 1.000000
 29 60.129936 -4.837570 87.980042 0.579367 0.252305 -0.775033 0.247639 0.731731 1 22 1.000000
 29 62.195400 -7.419102 88.924789 0.565659 0.334608 -0.753703 0.217624 0.761868 1 22 1.000000
MarioHand_alb.png
 29 58.819595 -7.568942 87.072533 0.148800 -0.139166 -0.979026 0.214008 0.715053 1 22 1.000000
 29 56.560799 -5.402019 86.595444 -0.031282 -0.135047 -0.990345 0.238514 0.687938 1 22 1.000000
 29 60.129936 -4.837570 87.980042 0.579367 0.252305 -0.775033 0.247639 0.731731 1 22 1.000000
MarioHand_alb.png
 29 60.916687 -9.848570 87.817780 0.241033 -0.023455 -0.970234 0.186007 0.742763 1 22 1.000000
 29 58.819595 -7.568942 87.072533 0.148800 -0.139166 -0.979026 0.214008 0.715053 1 22 1.000000
 29 62.195400 -7.419102 88.924789 0.565659 0.334608 -0.753703 0.217624 0.761868 1 22 1.000000
MarioHand_alb.png
 29 55.250984 -8.849488 88.114830 -0.360170 -0.503723 -0.785201 0.194919 0.672801 1 22 1.000000
 29 56.560799 -5.402019 86.595444 -0.031282 -0.135047 -0.990345 0.238514 0.687938 1 22 1.000000
 29 58.819595 -7.568942 87.072533 0.148800 -0.139166 -0.979026 0.214008 0.715053 1 22 1.000000
MarioHand_alb.png
 29 57.692947 -10.678090 88.378113 -0.291391 -0.535679 -0.792553 0.173526 0.702617 1 22 1.000000
 29 58.819595 -7.568942 87.072533 0.148800 -0.139166 -0.979026 0.214008 0.715053 1 22 1.000000
 29 60.916687 -9.848570 87.817780 0.241033 -0.023455 -0.970234 0.186007 0.742763 1 22 1.000000
MarioHand_alb.png
 29 57.692947 -10.678090 88.378113 -0.291391 -0.535679 -0.792553 0.173526 0.702617 1 22 1.000000
 29 55.250984 -8.849488 88.114830 -0.360170 -0.503723 -0.785201 0.194919 0.672801 1 22 1.000000
 29 58.819595 -7.568942 87.072533 0.148800 -0.139166 -0.979026 0.214008 0.715053 1 22 1.000000
MarioHand_alb.png
 29 59.989857 -11.586145 88.382652 -0.164403 -0.469655 -0.867408 0.163043 0.732021 1 22 1.000000
 29 57.692947 -10.678090 88.378113 -0.291391 -0.535679 -0.792553 0.173526 0.702617 1 22 1.000000
 29 60.916687 -9.848570 87.817780 0.241033 -0.023455 -0.970234 0.186007 0.742763 1 22 1.000000
MarioHand_alb.png
 29 57.692947 -10.678090 88.378113 -0.291391 -0.535679 -0.792553 0.173526 0.702617 1 22 1.000000
 29 54.877869 -10.442757 90.530342 -0.561894 -0.782666 -0.267787 0.162478 0.659998 1 22 1.000000
 29 55.250984 -8.849488 88.114830 -0.360170 -0.503723 -0.785201 0.194919 0.672801 1 22 1.000000
MarioHand_alb.png
 29 59.989857 -11.586145 88.382652 -0.164403 -0.469655 -0.867408 0.163043 0.732021 1 22 1.000000
 29 59.317184 -12.878754 89.820717 -0.381831 -0.782830 -0.491307 0.140261 0.721492 1 22 1.000000
 29 57.692947 -10.678090 88.378113 -0.291391 -0.535679 -0.792553 0.173526 0.702617 1 22 1.000000
MarioHand_alb.png
 29 57.692947 -10.678090 88.378113 -0.291391 -0.535679 -0.792553 0.173526 0.702617 1 22 1.000000
 29 57.226723 -11.958198 90.426041 -0.527972 -0.803879 -0.273905 0.146059 0.691539 1 22 1.000000
 29 54.877869 -10.442757 90.530342 -0.561894 -0.782666 -0.267787 0.162478 0.659998 1 22 1.000000
MarioHand_alb.png
 29 59.317184 -12.878754 89.820717 -0.381831 -0.782830 -0.491307 0.140261 0.721492 1 22 1.000000
 29 57.226723 -11.958198 90.426041 -0.527972 -0.803879 -0.273905 0.146059 0.691539 1 22 1.000000
 29 57.692947 -10.678090 88.378113 -0.291391 -0.535679 -0.792553 0.173526 0.702617 1 22 1.000000
MarioHand_alb.png
 29 50.977901 13.337015 97.218842 -0.395582 0.912376 0.105285 0.552071 0.536172 1 22 1.000000
 29 49.153870 12.531140 96.311356 -0.187690 0.982226 0.002289 0.551141 0.566003 1 22 1.000000
 29 49.153870 11.830955 99.494179 -0.203318 0.898813 0.388325 0.509422 0.551141 1 22 1.000000
MarioHand_alb.png
 29 51.074528 12.312136 100.614471 -0.391377 0.812221 0.432574 0.506844 0.520638 1 22 1.000000
 29 50.977901 13.337015 97.218842 -0.395582 0.912376 0.105285 0.552071 0.536172 1 22 1.000000
 29 49.153870 11.830955 99.494179 -0.203318 0.898813 0.388325 0.509422 0.551141 1 22 1.000000
MarioHand_alb.png
 29 53.507767 14.288552 97.757835 -0.293339 0.944482 0.148005 0.561028 0.498756 1 22 1.000000
 29 50.977901 13.337015 97.218842 -0.395582 0.912376 0.105285 0.552071 0.536172 1 22 1.000000
 29 51.074528 12.312136 100.614471 -0.391377 0.812221 0.432574 0.506844 0.520638 1 22 1.000000
MarioHand_alb.png
 29 51.074528 12.312136 100.614471 -0.391377 0.812221 0.432574 0.506844 0.520638 1 22 1.000000
 29 49.153870 11.830955 99.494179 -0.203318 0.898813 0.388325 0.509422 0.551141 1 22 1.000000
 29 49.153870 9.935480 102.210899 -0.205224 0.661065 0.721717 0.463920 0.542000 1 22 1.000000
MarioHand_alb.png
 29 53.633217 13.012156 101.324135 -0.279985 0.831467 0.479865 0.512337 0.483894 1 22 1.000000
 29 53.507767 14.288552 97.757835 -0.293339 0.944482 0.148005 0.561028 0.498756 1 22 1.000000
 29 51.074528 12.312136 100.614471 -0.391377 0.812221 0.432574 0.506844 0.520638 1 22 1.000000
MarioHand_alb.png
 29 56.770218 15.020341 98.209000 -0.160212 0.975574 0.150294 0.570321 0.451881 1 22 1.000000
 29 53.507767 14.288552 97.757835 -0.293339 0.944482 0.148005 0.561028 0.498756 1 22 1.000000
 29 53.633217 13.012156 101.324135 -0.279985 0.831467 0.479865 0.512337 0.483894 1 22 1.000000
MarioHand_alb.png
 29 51.206535 10.250942 103.457214 -0.369565 0.561117 0.740655 0.460960 0.509667 1 22 1.000000
 29 51.074528 12.312136 100.614471 -0.391377 0.812221 0.432574 0.506844 0.520638 1 22 1.000000
 29 49.153870 9.935480 102.210899 -0.205224 0.661065 0.721717 0.463920 0.542000 1 22 1.000000
MarioHand_alb.png
 29 53.633217 13.012156 101.324135 -0.279985 0.831467 0.479865 0.512337 0.483894 1 22 1.000000
 29 51.074528 12.312136 100.614471 -0.391377 0.812221 0.432574 0.506844 0.520638 1 22 1.000000
 29 51.206535 10.250942 103.457214 -0.369565 0.561117 0.740655 0.460960 0.509667 1 22 1.000000
MarioHand_alb.png
 29 51.206535 10.250942 103.457214 -0.369565 0.561117 0.740655 0.460960 0.509667 1 22 1.000000
 29 49.153870 9.935480 102.210899 -0.205224 0.661065 0.721717 0.463920 0.542000 1 22 1.000000
 29 49.153873 7.049798 103.995399 -0.123233 0.326779 0.937032 0.415885 0.536736 1 22 1.000000
MarioHand_alb.png
 29 56.659893 13.640993 101.699409 -0.177770 0.835251 0.520339 0.520577 0.442542 1 22 1.000000
 29 56.770218 15.020341 98.209000 -0.160212 0.975574 0.150294 0.570321 0.451881 1 22 1.000000
 29 53.633217 13.012156 101.324135 -0.279985 0.831467 0.479865 0.512337 0.483894 1 22 1.000000
MarioHand_alb.png
 29 59.800068 15.322760 98.927498 -0.046919 0.982257 0.181575 0.570550 0.408133 1 22 1.000000
 29 56.770218 15.020341 98.209000 -0.160212 0.975574 0.150294 0.570321 0.451881 1 22 1.000000
 29 56.659893 13.640993 101.699409 -0.177770 0.835251 0.520339 0.520577 0.442542 1 22 1.000000
MarioHand_alb.png
 29 53.869514 10.703904 104.202827 -0.228484 0.551089 0.802556 0.464836 0.472633 1 22 1.000000
 29 53.633217 13.012156 101.324135 -0.279985 0.831467 0.479865 0.512337 0.483894 1 22 1.000000
 29 51.206535 10.250942 103.457214 -0.369565 0.561117 0.740655 0.460960 0.509667 1 22 1.000000
MarioHand_alb.png
 29 56.659893 13.640993 101.699409 -0.177770 0.835251 0.520339 0.520577 0.442542 1 22 1.000000
 29 53.633217 13.012156 101.324135 -0.279985 0.831467 0.479865 0.512337 0.483894 1 22 1.000000
 29 53.869514 10.703904 104.202827 -0.228484 0.551089 0.802556 0.464836 0.472633 1 22 1.000000
MarioHand_alb.png
 29 51.428913 7.090026 104.809433 -0.291348 0.240439 0.925908 0.414908 0.503975 1 22 1.000000
 29 51.206535 10.250942 103.457214 -0.369565 0.561117 0.740655 0.460960 0.509667 1 22 1.000000
 29 49.153873 7.049798 103.995399 -0.123233 0.326779 0.937032 0.415885 0.536736 1 22 1.000000
MarioHand_alb.png
 29 53.869514 10.703904 104.202827 -0.228484 0.551089 0.802556 0.464836 0.472633 1 22 1.000000
 29 51.206535 10.250942 103.457214 -0.369565 0.561117 0.740655 0.460960 0.509667 1 22 1.000000
 29 51.428913 7.090026 104.809433 -0.291348 0.240439 0.925908 0.414908 0.503975 1 22 1.000000
MarioHand_alb.png
 29 51.428913 7.090026 104.809433 -0.291348 0.240439 0.925908 0.414908 0.503975 1 22 1.000000
 29 49.153873 7.049798 103.995399 -0.123233 0.326779 0.937032 0.415885 0.536736 1 22 1.000000
 29 49.160122 3.669013 104.654579 -0.038902 0.003909 0.999235 0.367300 0.533974 1 22 1.000000
MarioHand_alb.png
 29 59.649704 13.875654 102.075699 -0.090027 0.818349 0.567627 0.524025 0.401785 1 22 1.000000
 29 59.800068 15.322760 98.927498 -0.046919 0.982257 0.181575 0.570550 0.408133 1 22 1.000000
 29 56.659893 13.640993 101.699409 -0.177770 0.835251 0.520339 0.520577 0.442542 1 22 1.000000
MarioHand_alb.png
 29 62.743587 15.054567 99.798859 0.156396 0.973851 0.164788 0.563638 0.365408 1 22 1.000000
 29 59.800068 15.322760 98.927498 -0.046919 0.982257 0.181575 0.570550 0.408133 1 22 1.000000
 29 59.649704 13.875654 102.075699 -0.090027 0.818349 0.567627 0.524025 0.401785 1 22 1.000000
MarioHand_alb.png
 29 56.790443 11.092913 104.456444 -0.111778 0.536858 0.836235 0.471458 0.433967 1 22 1.000000
 29 56.659893 13.640993 101.699409 -0.177770 0.835251 0.520339 0.520577 0.442542 1 22 1.000000
 29 53.869514 10.703904 104.202827 -0.228484 0.551089 0.802556 0.464836 0.472633 1 22 1.000000
MarioHand_alb.png
 29 59.649704 13.875654 102.075699 -0.090027 0.818349 0.567627 0.524025 0.401785 1 22 1.000000
 29 56.659893 13.640993 101.699409 -0.177770 0.835251 0.520339 0.520577 0.442542 1 22 1.000000
 29 56.790443 11.092913 104.456444 -0.111778 0.536858 0.836235 0.471458 0.433967 1 22 1.000000
MarioHand_alb.png
 29 62.422527 13.833130 102.463470 -0.011825 0.809174 0.587450 0.523690 0.364019 1 22 1.000000
 29 62.743587 15.054567 99.798859 0.156396 0.973851 0.164788 0.563638 0.365408 1 22 1.000000
 29 59.649704 13.875654 102.075699 -0.090027 0.818349 0.567627 0.524025 0.401785 1 22 1.000000
MarioHand_alb.png
 29 62.422527 13.833130 102.463470 -0.011825 0.809174 0.587450 0.523690 0.364019 1 22 1.000000
 29 64.373032 14.604590 100.256454 0.178533 0.983838 0.013733 0.558145 0.341192 1 22 1.000000
 29 62.743587 15.054567 99.798859 0.156396 0.973851 0.164788 0.563638 0.365408 1 22 1.000000
MarioHand_alb.png
 29 64.321434 13.633383 102.664642 0.002289 0.828480 0.560013 0.522744 0.337209 1 22 1.000000
 29 64.373032 14.604590 100.256454 0.178533 0.983838 0.013733 0.558145 0.341192 1 22 1.000000
 29 62.422527 13.833130 102.463470 -0.011825 0.809174 0.587450 0.523690 0.364019 1 22 1.000000
MarioHand_alb.png
 29 62.422527 13.833130 102.463470 -0.011825 0.809174 0.587450 0.523690 0.364019 1 22 1.000000
 29 59.649704 13.875654 102.075699 -0.090027 0.818349 0.567627 0.524025 0.401785 1 22 1.000000
 29 60.008335 11.418450 104.442001 -0.029374 0.507089 0.861393 0.479072 0.391501 1 22 1.000000
MarioHand_alb.png
 29 60.008335 11.418450 104.442001 -0.029374 0.507089 0.861393 0.479072 0.391501 1 22 1.000000
 29 59.649704 13.875654 102.075699 -0.090027 0.818349 0.567627 0.524025 0.401785 1 22 1.000000
 29 56.790443 11.092913 104.456444 -0.111778 0.536858 0.836235 0.471458 0.433967 1 22 1.000000
MarioHand_alb.png
 29 62.729286 11.501127 104.293098 0.037383 0.465570 0.884221 0.483955 0.355123 1 22 1.000000
 29 64.321434 13.633383 102.664642 0.002289 0.828480 0.560013 0.522744 0.337209 1 22 1.000000
 29 62.422527 13.833130 102.463470 -0.011825 0.809174 0.587450 0.523690 0.364019 1 22 1.000000
MarioHand_alb.png
 29 62.729286 11.501127 104.293098 0.037383 0.465570 0.884221 0.483955 0.355123 1 22 1.000000
 29 62.422527 13.833130 102.463470 -0.011825 0.809174 0.587450 0.523690 0.364019 1 22 1.000000
 29 60.008335 11.418450 104.442001 -0.029374 0.507089 0.861393 0.479072 0.391501 1 22 1.000000
MarioHand_alb.png
 29 64.553787 11.546769 104.147850 0.021356 0.353717 0.935109 0.487724 0.329793 1 22 1.000000
 29 64.321434 13.633383 102.664642 0.002289 0.828480 0.560013 0.522744 0.337209 1 22 1.000000
 29 62.729286 11.501127 104.293098 0.037383 0.465570 0.884221 0.483955 0.355123 1 22 1.000000
MarioHand_alb.png
 29 64.553787 11.546769 104.147850 0.021356 0.353717 0.935109 0.487724 0.329793 1 22 1.000000
 29 62.729286 11.501127 104.293098 0.037383 0.465570 0.884221 0.483955 0.355123 1 22 1.000000
 29 65.093887 9.287974 104.404015 0.067129 0.395147 0.916162 0.457099 0.318410 1 22 1.000000
MarioHand_alb.png
 29 60.008335 11.418450 104.442001 -0.029374 0.507089 0.861393 0.479072 0.391501 1 22 1.000000
 29 56.790443 11.092913 104.456444 -0.111778 0.536858 0.836235 0.471458 0.433967 1 22 1.000000
 29 57.260319 7.564303 105.729698 -0.068288 0.221269 0.972819 0.422675 0.424262 1 22 1.000000
MarioHand_alb.png
 29 62.729286 11.501127 104.293098 0.037383 0.465570 0.884221 0.483955 0.355123 1 22 1.000000
 29 63.116531 7.878811 105.484604 0.117461 0.244265 0.962568 0.432380 0.345754 1 22 1.000000
 29 65.093887 9.287974 104.404015 0.067129 0.395147 0.916162 0.457099 0.318410 1 22 1.000000
MarioHand_alb.png
 29 65.093887 9.287974 104.404015 0.067129 0.395147 0.916162 0.457099 0.318410 1 22 1.000000
 29 63.116531 7.878811 105.484604 0.117461 0.244265 0.962568 0.432380 0.345754 1 22 1.000000
 29 65.501465 6.376359 105.233261 0.131195 0.158369 0.978625 0.414572 0.310140 1 22 1.000000
MarioHand_alb.png
 29 62.729286 11.501127 104.293098 0.037383 0.465570 0.884221 0.483955 0.355123 1 22 1.000000
 29 60.008335 11.418450 104.442001 -0.029374 0.507089 0.861393 0.479072 0.391501 1 22 1.000000
 29 60.365425 7.708312 105.732124 0.017547 0.234592 0.971936 0.427146 0.382696 1 22 1.000000
MarioHand_alb.png
 29 62.729286 11.501127 104.293098 0.037383 0.465570 0.884221 0.483955 0.355123 1 22 1.000000
 29 60.365425 7.708312 105.732124 0.017547 0.234592 0.971936 0.427146 0.382696 1 22 1.000000
 29 63.116531 7.878811 105.484604 0.117461 0.244265 0.962568 0.432380 0.345754 1 22 1.000000
MarioHand_alb.png
 29 60.008335 11.418450 104.442001 -0.029374 0.507089 0.861393 0.479072 0.391501 1 22 1.000000
 29 57.260319 7.564303 105.729698 -0.068288 0.221269 0.972819 0.422675 0.424262 1 22 1.000000
 29 60.365425 7.708312 105.732124 0.017547 0.234592 0.971936 0.427146 0.382696 1 22 1.000000
MarioHand_alb.png
 29 63.116531 7.878811 105.484604 0.117461 0.244265 0.962568 0.432380 0.345754 1 22 1.000000
 29 63.254013 4.078329 106.043579 0.119765 0.072374 0.990161 0.380224 0.340810 1 22 1.000000
 29 65.501465 6.376359 105.233261 0.131195 0.158369 0.978625 0.414572 0.310140 1 22 1.000000
MarioHand_alb.png
 29 65.501465 6.376359 105.233261 0.131195 0.158369 0.978625 0.414572 0.310140 1 22 1.000000
 29 63.254013 4.078329 106.043579 0.119765 0.072374 0.990161 0.380224 0.340810 1 22 1.000000
 29 65.673126 3.285371 105.413719 0.219028 0.105651 0.969982 0.370718 0.305089 1 22 1.000000
MarioHand_alb.png
 29 63.254013 4.078329 106.043579 0.119765 0.072374 0.990161 0.380224 0.340810 1 22 1.000000
 29 65.698730 0.337868 105.534775 0.119021 -0.105580 0.987262 0.328939 0.303883 1 22 1.000000
 29 65.673126 3.285371 105.413719 0.219028 0.105651 0.969982 0.370718 0.305089 1 22 1.000000
MarioHand_alb.png
 29 60.365425 7.708312 105.732124 0.017547 0.234592 0.971936 0.427146 0.382696 1 22 1.000000
 29 60.646206 4.039194 106.249863 0.013738 0.056765 0.998293 0.378058 0.376608 1 22 1.000000
 29 63.116531 7.878811 105.484604 0.117461 0.244265 0.962568 0.432380 0.345754 1 22 1.000000
MarioHand_alb.png
 29 63.116531 7.878811 105.484604 0.117461 0.244265 0.962568 0.432380 0.345754 1 22 1.000000
 29 60.646206 4.039194 106.249863 0.013738 0.056765 0.998293 0.378058 0.376608 1 22 1.000000
 29 63.254013 4.078329 106.043579 0.119765 0.072374 0.990161 0.380224 0.340810 1 22 1.000000
MarioHand_alb.png
 29 60.365425 7.708312 105.732124 0.017547 0.234592 0.971936 0.427146 0.382696 1 22 1.000000
 29 57.260319 7.564303 105.729698 -0.068288 0.221269 0.972819 0.422675 0.424262 1 22 1.000000
 29 57.411522 3.917519 106.140877 -0.082004 0.027414 0.996255 0.374609 0.419944 1 22 1.000000
MarioHand_alb.png
 29 60.365425 7.708312 105.732124 0.017547 0.234592 0.971936 0.427146 0.382696 1 22 1.000000
 29 57.411522 3.917519 106.140877 -0.082004 0.027414 0.996255 0.374609 0.419944 1 22 1.000000
 29 60.646206 4.039194 106.249863 0.013738 0.056765 0.998293 0.378058 0.376608 1 22 1.000000
MarioHand_alb.png
 29 56.790443 11.092913 104.456444 -0.111778 0.536858 0.836235 0.471458 0.433967 1 22 1.000000
 29 54.061317 7.393639 105.414925 -0.174007 0.215600 0.960853 0.418769 0.467338 1 22 1.000000
 29 57.260319 7.564303 105.729698 -0.068288 0.221269 0.972819 0.422675 0.424262 1 22 1.000000
MarioHand_alb.png
 29 57.260319 7.564303 105.729698 -0.068288 0.221269 0.972819 0.422675 0.424262 1 22 1.000000
 29 54.061317 7.393639 105.414925 -0.174007 0.215600 0.960853 0.418769 0.467338 1 22 1.000000
 29 57.411522 3.917519 106.140877 -0.082004 0.027414 0.996255 0.374609 0.419944 1 22 1.000000
MarioHand_alb.png
 29 56.790443 11.092913 104.456444 -0.111778 0.536858 0.836235 0.471458 0.433967 1 22 1.000000
 29 53.869514 10.703904 104.202827 -0.228484 0.551089 0.802556 0.464836 0.472633 1 22 1.000000
 29 54.061317 7.393639 105.414925 -0.174007 0.215600 0.960853 0.418769 0.467338 1 22 1.000000
MarioHand_alb.png
 29 53.869514 10.703904 104.202827 -0.228484 0.551089 0.802556 0.464836 0.472633 1 22 1.000000
 29 51.428913 7.090026 104.809433 -0.291348 0.240439 0.925908 0.414908 0.503975 1 22 1.000000
 29 54.061317 7.393639 105.414925 -0.174007 0.215600 0.960853 0.418769 0.467338 1 22 1.000000
MarioHand_alb.png
 29 54.061317 7.393639 105.414925 -0.174007 0.215600 0.960853 0.418769 0.467338 1 22 1.000000
 29 51.428913 7.090026 104.809433 -0.291348 0.240439 0.925908 0.414908 0.503975 1 22 1.000000
 29 54.173664 3.696593 105.728462 -0.160563 0.001907 0.987024 0.369955 0.464149 1 22 1.000000
MarioHand_alb.png
 29 57.411522 3.917519 106.140877 -0.082004 0.027414 0.996255 0.374609 0.419944 1 22 1.000000
 29 54.061317 7.393639 105.414925 -0.174007 0.215600 0.960853 0.418769 0.467338 1 22 1.000000
 29 54.173664 3.696593 105.728462 -0.160563 0.001907 0.987024 0.369955 0.464149 1 22 1.000000
MarioHand_alb.png
 29 54.173664 3.696593 105.728462 -0.160563 0.001907 0.987024 0.369955 0.464149 1 22 1.000000
 29 51.428913 7.090026 104.809433 -0.291348 0.240439 0.925908 0.414908 0.503975 1 22 1.000000
 29 51.494305 3.598825 105.257225 -0.240728 -0.009776 0.970543 0.367361 0.501091 1 22 1.000000
MarioHand_alb.png
 29 51.428913 7.090026 104.809433 -0.291348 0.240439 0.925908 0.414908 0.503975 1 22 1.000000
 29 49.160122 3.669013 104.654579 -0.038902 0.003909 0.999235 0.367300 0.533974 1 22 1.000000
 29 51.494305 3.598825 105.257225 -0.240728 -0.009776 0.970543 0.367361 0.501091 1 22 1.000000
MarioHand_alb.png
 29 57.411522 3.917519 106.140877 -0.082004 0.027414 0.996255 0.374609 0.419944 1 22 1.000000
 29 54.173664 3.696593 105.728462 -0.160563 0.001907 0.987024 0.369955 0.464149 1 22 1.000000
 29 57.442070 0.657047 105.916069 -0.109894 -0.131334 0.985228 0.331746 0.418189 1 22 1.000000
MarioHand_alb.png
 29 51.494305 3.598825 105.257225 -0.240728 -0.009776 0.970543 0.367361 0.501091 1 22 1.000000
 29 49.160122 3.669013 104.654579 -0.038902 0.003909 0.999235 0.367300 0.533974 1 22 1.000000
 29 51.566525 0.607700 104.789070 -0.240639 -0.193571 0.951117 0.326329 0.499443 1 22 1.000000
MarioHand_alb.png
 29 49.160122 3.669013 104.654579 -0.038902 0.003909 0.999235 0.367300 0.533974 1 22 1.000000
 29 49.153866 0.288224 103.995399 0.049224 -0.305565 0.950898 0.318761 0.533455 1 22 1.000000
 29 51.566525 0.607700 104.789070 -0.240639 -0.193571 0.951117 0.326329 0.499443 1 22 1.000000
MarioHand_alb.png
 29 54.173664 3.696593 105.728462 -0.160563 0.001907 0.987024 0.369955 0.464149 1 22 1.000000
 29 51.494305 3.598825 105.257225 -0.240728 -0.009776 0.970543 0.367361 0.501091 1 22 1.000000
 29 54.250473 0.664012 105.425797 -0.172065 -0.154646 0.972871 0.329656 0.462028 1 22 1.000000
MarioHand_alb.png
 29 51.494305 3.598825 105.257225 -0.240728 -0.009776 0.970543 0.367361 0.501091 1 22 1.000000
 29 51.566525 0.607700 104.789070 -0.240639 -0.193571 0.951117 0.326329 0.499443 1 22 1.000000
 29 54.250473 0.664012 105.425797 -0.172065 -0.154646 0.972871 0.329656 0.462028 1 22 1.000000
MarioHand_alb.png
 29 54.173664 3.696593 105.728462 -0.160563 0.001907 0.987024 0.369955 0.464149 1 22 1.000000
 29 54.250473 0.664012 105.425797 -0.172065 -0.154646 0.972871 0.329656 0.462028 1 22 1.000000
 29 57.442070 0.657047 105.916069 -0.109894 -0.131334 0.985228 0.331746 0.418189 1 22 1.000000
MarioHand_alb.png
 29 51.566525 0.607700 104.789070 -0.240639 -0.193571 0.951117 0.326329 0.499443 1 22 1.000000
 29 49.153866 0.288224 103.995399 0.049224 -0.305565 0.950898 0.318761 0.533455 1 22 1.000000
 29 51.531204 -1.940191 103.899521 -0.346440 -0.424871 0.836340 0.289647 0.499779 1 22 1.000000
MarioHand_alb.png
 29 49.153866 0.288224 103.995399 0.049224 -0.305565 0.950898 0.318761 0.533455 1 22 1.000000
 29 49.153862 -2.597459 102.210899 0.050729 -0.666508 0.743770 0.270665 0.536034 1 22 1.000000
 29 51.531204 -1.940191 103.899521 -0.346440 -0.424871 0.836340 0.289647 0.499779 1 22 1.000000
MarioHand_alb.png
 29 54.250473 0.664012 105.425797 -0.172065 -0.154646 0.972871 0.329656 0.462028 1 22 1.000000
 29 51.566525 0.607700 104.789070 -0.240639 -0.193571 0.951117 0.326329 0.499443 1 22 1.000000
 29 54.258968 -1.967412 104.733238 -0.219292 -0.307354 0.925983 0.293660 0.461326 1 22 1.000000
MarioHand_alb.png
 29 51.566525 0.607700 104.789070 -0.240639 -0.193571 0.951117 0.326329 0.499443 1 22 1.000000
 29 51.531204 -1.940191 103.899521 -0.346440 -0.424871 0.836340 0.289647 0.499779 1 22 1.000000
 29 54.258968 -1.967412 104.733238 -0.219292 -0.307354 0.925983 0.293660 0.461326 1 22 1.000000
MarioHand_alb.png
 29 51.531204 -1.940191 103.899521 -0.346440 -0.424871 0.836340 0.289647 0.499779 1 22 1.000000
 29 49.153862 -2.597459 102.210899 0.050729 -0.666508 0.743770 0.270665 0.536034 1 22 1.000000
 29 51.576797 -4.334665 102.283020 -0.450549 -0.624607 0.637864 0.250446 0.500832 1 22 1.000000
MarioHand_alb.png
 29 49.153862 -2.597459 102.210899 0.050729 -0.666508 0.743770 0.270665 0.536034 1 22 1.000000
 29 49.153862 -4.492933 99.494171 -0.033188 -0.895019 0.444792 0.224308 0.543908 1 22 1.000000
 29 51.576797 -4.334665 102.283020 -0.450549 -0.624607 0.637864 0.250446 0.500832 1 22 1.000000
MarioHand_alb.png
 29 54.258968 -1.967412 104.733238 -0.219292 -0.307354 0.925983 0.293660 0.461326 1 22 1.000000
 29 51.531204 -1.940191 103.899521 -0.346440 -0.424871 0.836340 0.289647 0.499779 1 22 1.000000
 29 54.218437 -4.587863 103.566360 -0.307512 -0.538624 0.784424 0.255756 0.461769 1 22 1.000000
MarioHand_alb.png
 29 51.531204 -1.940191 103.899521 -0.346440 -0.424871 0.836340 0.289647 0.499779 1 22 1.000000
 29 51.576797 -4.334665 102.283020 -0.450549 -0.624607 0.637864 0.250446 0.500832 1 22 1.000000
 29 54.218437 -4.587863 103.566360 -0.307512 -0.538624 0.784424 0.255756 0.461769 1 22 1.000000
MarioHand_alb.png
 29 54.250473 0.664012 105.425797 -0.172065 -0.154646 0.972871 0.329656 0.462028 1 22 1.000000
 29 54.258968 -1.967412 104.733238 -0.219292 -0.307354 0.925983 0.293660 0.461326 1 22 1.000000
 29 57.304020 -2.193831 105.318298 -0.140749 -0.289675 0.946720 0.293553 0.419318 1 22 1.000000
MarioHand_alb.png
 29 57.442070 0.657047 105.916069 -0.109894 -0.131334 0.985228 0.331746 0.418189 1 22 1.000000
 29 54.250473 0.664012 105.425797 -0.172065 -0.154646 0.972871 0.329656 0.462028 1 22 1.000000
 29 57.304020 -2.193831 105.318298 -0.140749 -0.289675 0.946720 0.293553 0.419318 1 22 1.000000
MarioHand_alb.png
 29 54.258968 -1.967412 104.733238 -0.219292 -0.307354 0.925983 0.293660 0.461326 1 22 1.000000
 29 54.218437 -4.587863 103.566360 -0.307512 -0.538624 0.784424 0.255756 0.461769 1 22 1.000000
 29 56.996010 -5.040452 104.183273 -0.183862 -0.526507 0.830051 0.253574 0.423453 1 22 1.000000
MarioHand_alb.png
 29 54.258968 -1.967412 104.733238 -0.219292 -0.307354 0.925983 0.293660 0.461326 1 22 1.000000
 29 56.996010 -5.040452 104.183273 -0.183862 -0.526507 0.830051 0.253574 0.423453 1 22 1.000000
 29 57.304020 -2.193831 105.318298 -0.140749 -0.289675 0.946720 0.293553 0.419318 1 22 1.000000
MarioHand_alb.png
 29 54.218437 -4.587863 103.566360 -0.307512 -0.538624 0.784424 0.255756 0.461769 1 22 1.000000
 29 51.576797 -4.334665 102.283020 -0.450549 -0.624607 0.637864 0.250446 0.500832 1 22 1.000000
 29 53.649517 -6.697956 101.024269 -0.375715 -0.723584 0.579020 0.213260 0.473793 1 22 1.000000
MarioHand_alb.png
 29 54.218437 -4.587863 103.566360 -0.307512 -0.538624 0.784424 0.255756 0.461769 1 22 1.000000
 29 56.542084 -7.441603 101.930939 -0.220885 -0.725698 0.651592 0.211231 0.432349 1 22 1.000000
 29 56.996010 -5.040452 104.183273 -0.183862 -0.526507 0.830051 0.253574 0.423453 1 22 1.000000
MarioHand_alb.png
 29 54.218437 -4.587863 103.566360 -0.307512 -0.538624 0.784424 0.255756 0.461769 1 22 1.000000
 29 53.649517 -6.697956 101.024269 -0.375715 -0.723584 0.579020 0.213260 0.473793 1 22 1.000000
 29 56.542084 -7.441603 101.930939 -0.220885 -0.725698 0.651592 0.211231 0.432349 1 22 1.000000
MarioHand_alb.png
 29 51.576797 -4.334665 102.283020 -0.450549 -0.624607 0.637864 0.250446 0.500832 1 22 1.000000
 29 49.153862 -4.492933 99.494171 -0.033188 -0.895019 0.444792 0.224308 0.543908 1 22 1.000000
 29 51.084862 -5.996005 99.788780 -0.553522 -0.725949 0.408180 0.211322 0.512932 1 22 1.000000
MarioHand_alb.png
 29 51.576797 -4.334665 102.283020 -0.450549 -0.624607 0.637864 0.250446 0.500832 1 22 1.000000
 29 51.084862 -5.996005 99.788780 -0.553522 -0.725949 0.408180 0.211322 0.512932 1 22 1.000000
 29 53.649517 -6.697956 101.024269 -0.375715 -0.723584 0.579020 0.213260 0.473793 1 22 1.000000
MarioHand_alb.png
 29 49.153862 -4.492933 99.494171 -0.033188 -0.895019 0.444792 0.224308 0.543908 1 22 1.000000
 29 50.661953 -7.043684 95.723648 -0.717966 -0.692978 0.065616 0.158923 0.534676 1 22 1.000000
 29 51.084862 -5.996005 99.788780 -0.553522 -0.725949 0.408180 0.211322 0.512932 1 22 1.000000
MarioHand_alb.png
 29 49.153862 -4.492933 99.494171 -0.033188 -0.895019 0.444792 0.224308 0.543908 1 22 1.000000
 29 49.153862 -5.193117 96.311356 -0.091929 -0.995671 0.013732 0.181735 0.558999 1 22 1.000000
 29 50.661953 -7.043684 95.723648 -0.717966 -0.692978 0.065616 0.158923 0.534676 1 22 1.000000
MarioHand_alb.png
 29 50.661953 -7.043684 95.723648 -0.717966 -0.692978 0.065616 0.158923 0.534676 1 22 1.000000
 29 49.153862 -5.193117 96.311356 -0.091929 -0.995671 0.013732 0.181735 0.558999 1 22 1.000000
 29 49.153862 -4.494936 93.128540 -0.252534 -0.892451 -0.373841 0.146151 0.585962 1 22 1.000000
MarioHand_alb.png
 29 50.661953 -7.043684 95.723648 -0.717966 -0.692978 0.065616 0.158923 0.534676 1 22 1.000000
 29 49.153862 -4.494936 93.128540 -0.252534 -0.892451 -0.373841 0.146151 0.585962 1 22 1.000000
 29 50.563145 -6.706992 92.293129 -0.776968 -0.602560 -0.182322 0.119387 0.559411 1 22 1.000000
MarioHand_alb.png
 29 53.649517 -6.697956 101.024269 -0.375715 -0.723584 0.579020 0.213260 0.473793 1 22 1.000000
 29 51.084862 -5.996005 99.788780 -0.553522 -0.725949 0.408180 0.211322 0.512932 1 22 1.000000
 29 52.971962 -8.548159 97.384277 -0.482952 -0.815506 0.318916 0.162081 0.491920 1 22 1.000000
MarioHand_alb.png
 29 51.084862 -5.996005 99.788780 -0.553522 -0.725949 0.408180 0.211322 0.512932 1 22 1.000000
 29 50.661953 -7.043684 95.723648 -0.717966 -0.692978 0.065616 0.158923 0.534676 1 22 1.000000
 29 52.971962 -8.548159 97.384277 -0.482952 -0.815506 0.318916 0.162081 0.491920 1 22 1.000000
MarioHand_alb.png
 29 50.661953 -7.043684 95.723648 -0.717966 -0.692978 0.065616 0.158923 0.534676 1 22 1.000000
 29 50.563145 -6.706992 92.293129 -0.776968 -0.602560 -0.182322 0.119387 0.559411 1 22 1.000000
 29 52.708527 -8.996832 94.549164 -0.597729 -0.799133 0.064083 0.127489 0.507881 1 22 1.000000
MarioHand_alb.png
 29 52.971962 -8.548159 97.384277 -0.482952 -0.815506 0.318916 0.162081 0.491920 1 22 1.000000
 29 50.661953 -7.043684 95.723648 -0.717966 -0.692978 0.065616 0.158923 0.534676 1 22 1.000000
 29 52.708527 -8.996832 94.549164 -0.597729 -0.799133 0.064083 0.127489 0.507881 1 22 1.000000
MarioHand_alb.png
 29 52.708527 -8.996832 94.549164 -0.597729 -0.799133 0.064083 0.127489 0.507881 1 22 1.000000
 29 50.563145 -6.706992 92.293129 -0.776968 -0.602560 -0.182322 0.119387 0.559411 1 22 1.000000
 29 52.488178 -8.660360 91.074417 -0.667550 -0.704456 -0.241081 0.087922 0.533257 1 22 1.000000
MarioHand_alb.png
 29 53.649517 -6.697956 101.024269 -0.375715 -0.723584 0.579020 0.213260 0.473793 1 22 1.000000
 29 52.971962 -8.548159 97.384277 -0.482952 -0.815506 0.318916 0.162081 0.491920 1 22 1.000000
 29 56.052872 -8.766309 99.372955 -0.217432 -0.870013 0.442493 0.174701 0.444327 1 22 1.000000
MarioHand_alb.png
 29 53.649517 -6.697956 101.024269 -0.375715 -0.723584 0.579020 0.213260 0.473793 1 22 1.000000
 29 56.052872 -8.766309 99.372955 -0.217432 -0.870013 0.442493 0.174701 0.444327 1 22 1.000000
 29 56.542084 -7.441603 101.930939 -0.220885 -0.725698 0.651592 0.211231 0.432349 1 22 1.000000
MarioHand_alb.png
 29 52.971962 -8.548159 97.384277 -0.482952 -0.815506 0.318916 0.162081 0.491920 1 22 1.000000
 29 52.708527 -8.996832 94.549164 -0.597729 -0.799133 0.064083 0.127489 0.507881 1 22 1.000000
 29 55.584946 -9.973255 96.408401 -0.346374 -0.870895 0.348663 0.134386 0.459648 1 22 1.000000
MarioHand_alb.png
 29 56.052872 -8.766309 99.372955 -0.217432 -0.870013 0.442493 0.174701 0.444327 1 22 1.000000
 29 52.971962 -8.548159 97.384277 -0.482952 -0.815506 0.318916 0.162081 0.491920 1 22 1.000000
 29 55.584946 -9.973255 96.408401 -0.346374 -0.870895 0.348663 0.134386 0.459648 1 22 1.000000
MarioHand_alb.png
 29 52.708527 -8.996832 94.549164 -0.597729 -0.799133 0.064083 0.127489 0.507881 1 22 1.000000
 29 52.488178 -8.660360 91.074417 -0.667550 -0.704456 -0.241081 0.087922 0.533257 1 22 1.000000
 29 55.169792 -10.603233 93.744324 -0.508509 -0.852791 0.119021 0.100938 0.476234 1 22 1.000000
MarioHand_alb.png
 29 55.584946 -9.973255 96.408401 -0.346374 -0.870895 0.348663 0.134386 0.459648 1 22 1.000000
 29 52.708527 -8.996832 94.549164 -0.597729 -0.799133 0.064083 0.127489 0.507881 1 22 1.000000
 29 55.169792 -10.603233 93.744324 -0.508509 -0.852791 0.119021 0.100938 0.476234 1 22 1.000000
MarioHand_alb.png
 29 55.169792 -10.603233 93.744324 -0.508509 -0.852791 0.119021 0.100938 0.476234 1 22 1.000000
 29 52.488178 -8.660360 91.074417 -0.667550 -0.704456 -0.241081 0.087922 0.533257 1 22 1.000000
 29 54.877869 -10.442757 90.530342 -0.561894 -0.782666 -0.267787 0.063996 0.499779 1 22 1.000000
MarioHand_alb.png
 29 56.542084 -7.441603 101.930939 -0.220885 -0.725698 0.651592 0.211231 0.432349 1 22 1.000000
 29 56.052872 -8.766309 99.372955 -0.217432 -0.870013 0.442493 0.174701 0.444327 1 22 1.000000
 29 60.046047 -7.650764 102.381897 -0.040820 -0.764610 0.643199 0.209598 0.385321 1 22 1.000000
MarioHand_alb.png
 29 56.996010 -5.040452 104.183273 -0.183862 -0.526507 0.830051 0.253574 0.423453 1 22 1.000000
 29 56.542084 -7.441603 101.930939 -0.220885 -0.725698 0.651592 0.211231 0.432349 1 22 1.000000
 29 60.046047 -7.650764 102.381897 -0.040820 -0.764610 0.643199 0.209598 0.385321 1 22 1.000000
MarioHand_alb.png
 29 55.169792 -10.603233 93.744324 -0.508509 -0.852791 0.119021 0.100938 0.476234 1 22 1.000000
 29 54.877869 -10.442757 90.530342 -0.561894 -0.782666 -0.267787 0.063996 0.499779 1 22 1.000000
 29 57.418854 -12.098813 93.025337 -0.502400 -0.852783 0.142671 0.076204 0.446952 1 22 1.000000
MarioHand_alb.png
 29 57.418854 -12.098813 93.025337 -0.502400 -0.852783 0.142671 0.076204 0.446952 1 22 1.000000
 29 54.877869 -10.442757 90.530342 -0.561894 -0.782666 -0.267787 0.063996 0.499779 1 22 1.000000
 29 57.226723 -11.958198 90.426041 -0.527972 -0.803879 -0.273905 0.046311 0.466056 1 22 1.000000
MarioHand_alb.png
 29 59.106968 -13.283184 91.794830 -0.469578 -0.882890 -0.001526 0.047776 0.428840 1 22 1.000000
 29 57.226723 -11.958198 90.426041 -0.527972 -0.803879 -0.273905 0.046311 0.466056 1 22 1.000000
 29 59.317184 -12.878754 89.820717 -0.381831 -0.782830 -0.491307 0.023697 0.441871 1 22 1.000000
MarioHand_alb.png
 29 57.418854 -12.098813 93.025337 -0.502400 -0.852783 0.142671 0.076204 0.446952 1 22 1.000000
 29 57.226723 -11.958198 90.426041 -0.527972 -0.803879 -0.273905 0.046311 0.466056 1 22 1.000000
 29 59.106968 -13.283184 91.794830 -0.469578 -0.882890 -0.001526 0.047776 0.428840 1 22 1.000000
MarioHand_alb.png
 29 59.326576 -12.878754 93.666702 -0.344052 -0.801102 0.489759 0.070771 0.417075 1 22 1.000000
 29 57.418854 -12.098813 93.025337 -0.502400 -0.852783 0.142671 0.076204 0.446952 1 22 1.000000
 29 59.106968 -13.283184 91.794830 -0.469578 -0.882890 -0.001526 0.047776 0.428840 1 22 1.000000
MarioHand_alb.png
 29 57.957733 -11.436404 95.169228 -0.185773 -0.869452 0.457757 0.103441 0.430396 1 22 1.000000
 29 55.169792 -10.603233 93.744324 -0.508509 -0.852791 0.119021 0.100938 0.476234 1 22 1.000000
 29 57.418854 -12.098813 93.025337 -0.502400 -0.852783 0.142671 0.076204 0.446952 1 22 1.000000
MarioHand_alb.png
 29 57.957733 -11.436404 95.169228 -0.185773 -0.869452 0.457757 0.103441 0.430396 1 22 1.000000
 29 57.418854 -12.098813 93.025337 -0.502400 -0.852783 0.142671 0.076204 0.446952 1 22 1.000000
 29 59.326576 -12.878754 93.666702 -0.344052 -0.801102 0.489759 0.070771 0.417075 1 22 1.000000
MarioHand_alb.png
 29 55.584946 -9.973255 96.408401 -0.346374 -0.870895 0.348663 0.134386 0.459648 1 22 1.000000
 29 55.169792 -10.603233 93.744324 -0.508509 -0.852791 0.119021 0.100938 0.476234 1 22 1.000000
 29 57.957733 -11.436404 95.169228 -0.185773 -0.869452 0.457757 0.103441 0.430396 1 22 1.000000
MarioHand_alb.png
 29 57.957733 -11.436404 95.169228 -0.185773 -0.869452 0.457757 0.103441 0.430396 1 22 1.000000
 29 59.326576 -12.878754 93.666702 -0.344052 -0.801102 0.489759 0.070771 0.417075 1 22 1.000000
 29 60.093044 -11.537613 94.989838 -0.082023 -0.483747 0.871356 0.092897 0.401892 1 22 1.000000
MarioHand_alb.png
 29 60.947708 -9.867026 95.584908 0.415046 -0.681507 0.602732 0.112230 0.383856 1 22 1.000000
 29 57.957733 -11.436404 95.169228 -0.185773 -0.869452 0.457757 0.103441 0.430396 1 22 1.000000
 29 60.093044 -11.537613 94.989838 -0.082023 -0.483747 0.871356 0.092897 0.401892 1 22 1.000000
MarioHand_alb.png
 29 59.060825 -9.246794 98.842514 0.074384 -0.913593 0.399768 0.159213 0.405127 1 22 1.000000
 29 55.584946 -9.973255 96.408401 -0.346374 -0.870895 0.348663 0.134386 0.459648 1 22 1.000000
 29 57.957733 -11.436404 95.169228 -0.185773 -0.869452 0.457757 0.103441 0.430396 1 22 1.000000
MarioHand_alb.png
 29 59.060825 -9.246794 98.842514 0.074384 -0.913593 0.399768 0.159213 0.405127 1 22 1.000000
 29 57.957733 -11.436404 95.169228 -0.185773 -0.869452 0.457757 0.103441 0.430396 1 22 1.000000
 29 60.947708 -9.867026 95.584908 0.415046 -0.681507 0.602732 0.112230 0.383856 1 22 1.000000
MarioHand_alb.png
 29 56.052872 -8.766309 99.372955 -0.217432 -0.870013 0.442493 0.174701 0.444327 1 22 1.000000
 29 55.584946 -9.973255 96.408401 -0.346374 -0.870895 0.348663 0.134386 0.459648 1 22 1.000000
 29 59.060825 -9.246794 98.842514 0.074384 -0.913593 0.399768 0.159213 0.405127 1 22 1.000000
MarioHand_alb.png
 29 60.046047 -7.650764 102.381897 -0.040820 -0.764610 0.643199 0.209598 0.385321 1 22 1.000000
 29 56.052872 -8.766309 99.372955 -0.217432 -0.870013 0.442493 0.174701 0.444327 1 22 1.000000
 29 59.060825 -9.246794 98.842514 0.074384 -0.913593 0.399768 0.159213 0.405127 1 22 1.000000
MarioHand_alb.png
 29 59.060825 -9.246794 98.842514 0.074384 -0.913593 0.399768 0.159213 0.405127 1 22 1.000000
 29 60.947708 -9.867026 95.584908 0.415046 -0.681507 0.602732 0.112230 0.383856 1 22 1.000000
 29 61.913780 -8.620425 97.621597 0.430288 -0.897959 0.092314 0.141619 0.364279 1 22 1.000000
MarioHand_alb.png
 29 61.913780 -8.620425 97.621597 0.430288 -0.897959 0.092314 0.141619 0.364279 1 22 1.000000
 29 60.947708 -9.867026 95.584908 0.415046 -0.681507 0.602732 0.112230 0.383856 1 22 1.000000
 29 63.080524 -7.820971 94.589783 0.932360 -0.021554 0.360889 0.100038 0.344030 1 22 1.000000
MarioHand_alb.png
 29 61.913780 -8.620425 97.621597 0.430288 -0.897959 0.092314 0.141619 0.364279 1 22 1.000000
 29 63.080524 -7.820971 94.589783 0.932360 -0.021554 0.360889 0.100038 0.344030 1 22 1.000000
 29 63.504005 -7.458336 96.195145 0.716418 -0.636307 -0.286109 0.121752 0.337270 1 22 1.000000
MarioHand_alb.png
 29 65.235580 -7.686035 98.244339 0.226587 -0.824810 -0.518022 0.151095 0.315785 1 22 1.000000
 29 61.913780 -8.620425 97.621597 0.430288 -0.897959 0.092314 0.141619 0.364279 1 22 1.000000
 29 63.504005 -7.458336 96.195145 0.716418 -0.636307 -0.286109 0.121752 0.337270 1 22 1.000000
MarioHand_alb.png
 29 62.652260 -8.235300 100.146271 0.144959 -0.961500 0.233461 0.176455 0.352682 1 22 1.000000
 29 59.060825 -9.246794 98.842514 0.074384 -0.913593 0.399768 0.159213 0.405127 1 22 1.000000
 29 61.913780 -8.620425 97.621597 0.430288 -0.897959 0.092314 0.141619 0.364279 1 22 1.000000
MarioHand_alb.png
 29 62.652260 -8.235300 100.146271 0.144959 -0.961500 0.233461 0.176455 0.352682 1 22 1.000000
 29 61.913780 -8.620425 97.621597 0.430288 -0.897959 0.092314 0.141619 0.364279 1 22 1.000000
 29 65.235580 -7.686035 98.244339 0.226587 -0.824810 -0.518022 0.151095 0.315785 1 22 1.000000
MarioHand_alb.png
 29 60.046047 -7.650764 102.381897 -0.040820 -0.764610 0.643199 0.209598 0.385321 1 22 1.000000
 29 59.060825 -9.246794 98.842514 0.074384 -0.913593 0.399768 0.159213 0.405127 1 22 1.000000
 29 62.652260 -8.235300 100.146271 0.144959 -0.961500 0.233461 0.176455 0.352682 1 22 1.000000
MarioHand_alb.png
 29 65.225189 -7.929546 100.551605 0.036623 -0.993767 0.105290 0.182452 0.315709 1 22 1.000000
 29 62.652260 -8.235300 100.146271 0.144959 -0.961500 0.233461 0.176455 0.352682 1 22 1.000000
 29 65.235580 -7.686035 98.244339 0.226587 -0.824810 -0.518022 0.151095 0.315785 1 22 1.000000
MarioHand_alb.png
 29 62.941238 -7.323956 102.820297 0.041197 -0.794003 0.606517 0.214893 0.346059 1 22 1.000000
 29 62.652260 -8.235300 100.146271 0.144959 -0.961500 0.233461 0.176455 0.352682 1 22 1.000000
 29 65.225189 -7.929546 100.551605 0.036623 -0.993767 0.105290 0.182452 0.315709 1 22 1.000000
MarioHand_alb.png
 29 62.941238 -7.323956 102.820297 0.041197 -0.794003 0.606517 0.214893 0.346059 1 22 1.000000
 29 60.046047 -7.650764 102.381897 -0.040820 -0.764610 0.643199 0.209598 0.385321 1 22 1.000000
 29 62.652260 -8.235300 100.146271 0.144959 -0.961500 0.233461 0.176455 0.352682 1 22 1.000000
MarioHand_alb.png
 29 65.278542 -7.116806 102.703445 -0.003815 -0.830545 0.556939 0.214389 0.313329 1 22 1.000000
 29 62.941238 -7.323956 102.820297 0.041197 -0.794003 0.606517 0.214893 0.346059 1 22 1.000000
 29 65.225189 -7.929546 100.551605 0.036623 -0.993767 0.105290 0.182452 0.315709 1 22 1.000000
MarioHand_alb.png
 29 65.441277 -5.131708 103.996445 0.095362 -0.404907 0.909372 0.247776 0.308751 1 22 1.000000
 29 62.941238 -7.323956 102.820297 0.041197 -0.794003 0.606517 0.214893 0.346059 1 22 1.000000
 29 65.278542 -7.116806 102.703445 -0.003815 -0.830545 0.556939 0.214389 0.313329 1 22 1.000000
MarioHand_alb.png
 29 60.286224 -5.224834 104.416504 -0.056461 -0.511204 0.857603 0.251514 0.379675 1 22 1.000000
 29 60.046047 -7.650764 102.381897 -0.040820 -0.764610 0.643199 0.209598 0.385321 1 22 1.000000
 29 62.941238 -7.323956 102.820297 0.041197 -0.794003 0.606517 0.214893 0.346059 1 22 1.000000
MarioHand_alb.png
 29 56.996010 -5.040452 104.183273 -0.183862 -0.526507 0.830051 0.253574 0.423453 1 22 1.000000
 29 60.046047 -7.650764 102.381897 -0.040820 -0.764610 0.643199 0.209598 0.385321 1 22 1.000000
 29 60.286224 -5.224834 104.416504 -0.056461 -0.511204 0.857603 0.251514 0.379675 1 22 1.000000
MarioHand_alb.png
 29 57.304020 -2.193831 105.318298 -0.140749 -0.289675 0.946720 0.293553 0.419318 1 22 1.000000
 29 56.996010 -5.040452 104.183273 -0.183862 -0.526507 0.830051 0.253574 0.423453 1 22 1.000000
 29 60.286224 -5.224834 104.416504 -0.056461 -0.511204 0.857603 0.251514 0.379675 1 22 1.000000
MarioHand_alb.png
 29 65.441277 -5.131708 103.996445 0.095362 -0.404907 0.909372 0.247776 0.308751 1 22 1.000000
 29 63.060265 -5.235723 104.377319 0.046911 -0.488852 0.871104 0.250080 0.342580 1 22 1.000000
 29 62.941238 -7.323956 102.820297 0.041197 -0.794003 0.606517 0.214893 0.346059 1 22 1.000000
MarioHand_alb.png
 29 63.060265 -5.235723 104.377319 0.046911 -0.488852 0.871104 0.250080 0.342580 1 22 1.000000
 29 60.286224 -5.224834 104.416504 -0.056461 -0.511204 0.857603 0.251514 0.379675 1 22 1.000000
 29 62.941238 -7.323956 102.820297 0.041197 -0.794003 0.606517 0.214893 0.346059 1 22 1.000000
MarioHand_alb.png
 29 57.304020 -2.193831 105.318298 -0.140749 -0.289675 0.946720 0.293553 0.419318 1 22 1.000000
 29 60.286224 -5.224834 104.416504 -0.056461 -0.511204 0.857603 0.251514 0.379675 1 22 1.000000
 29 60.412910 -2.383395 105.545792 -0.035107 -0.287796 0.957048 0.291997 0.377310 1 22 1.000000
MarioHand_alb.png
 29 63.060265 -5.235723 104.377319 0.046911 -0.488852 0.871104 0.250080 0.342580 1 22 1.000000
 29 60.412910 -2.383395 105.545792 -0.035107 -0.287796 0.957048 0.291997 0.377310 1 22 1.000000
 29 60.286224 -5.224834 104.416504 -0.056461 -0.511204 0.857603 0.251514 0.379675 1 22 1.000000
MarioHand_alb.png
 29 57.442070 0.657047 105.916069 -0.109894 -0.131334 0.985228 0.331746 0.418189 1 22 1.000000
 29 57.304020 -2.193831 105.318298 -0.140749 -0.289675 0.946720 0.293553 0.419318 1 22 1.000000
 29 60.412910 -2.383395 105.545792 -0.035107 -0.287796 0.957048 0.291997 0.377310 1 22 1.000000
MarioHand_alb.png
 29 63.115211 -2.457656 105.438385 0.083897 -0.287371 0.954138 0.290410 0.340825 1 22 1.000000
 29 63.060265 -5.235723 104.377319 0.046911 -0.488852 0.871104 0.250080 0.342580 1 22 1.000000
 29 65.441277 -5.131708 103.996445 0.095362 -0.404907 0.909372 0.247776 0.308751 1 22 1.000000
MarioHand_alb.png
 29 63.115211 -2.457656 105.438385 0.083897 -0.287371 0.954138 0.290410 0.340825 1 22 1.000000
 29 60.412910 -2.383395 105.545792 -0.035107 -0.287796 0.957048 0.291997 0.377310 1 22 1.000000
 29 63.060265 -5.235723 104.377319 0.046911 -0.488852 0.871104 0.250080 0.342580 1 22 1.000000
MarioHand_alb.png
 29 63.115211 -2.457656 105.438385 0.083897 -0.287371 0.954138 0.290410 0.340825 1 22 1.000000
 29 65.441277 -5.131708 103.996445 0.095362 -0.404907 0.909372 0.247776 0.308751 1 22 1.000000
 29 65.838554 -2.498506 104.743858 0.164001 -0.371506 0.913831 0.286763 0.302037 1 22 1.000000
MarioHand_alb.png
 29 65.698730 0.337868 105.534775 0.119021 -0.105580 0.987262 0.328939 0.303883 1 22 1.000000
 29 63.115211 -2.457656 105.438385 0.083897 -0.287371 0.954138 0.290410 0.340825 1 22 1.000000
 29 65.838554 -2.498506 104.743858 0.164001 -0.371506 0.913831 0.286763 0.302037 1 22 1.000000
MarioHand_alb.png
 29 60.603313 0.542608 106.168823 -0.013730 -0.109494 0.993893 0.331640 0.375402 1 22 1.000000
 29 57.442070 0.657047 105.916069 -0.109894 -0.131334 0.985228 0.331746 0.418189 1 22 1.000000
 29 60.412910 -2.383395 105.545792 -0.035107 -0.287796 0.957048 0.291997 0.377310 1 22 1.000000
MarioHand_alb.png
 29 60.603313 0.542608 106.168823 -0.013730 -0.109494 0.993893 0.331640 0.375402 1 22 1.000000
 29 60.412910 -2.383395 105.545792 -0.035107 -0.287796 0.957048 0.291997 0.377310 1 22 1.000000
 29 63.115211 -2.457656 105.438385 0.083897 -0.287371 0.954138 0.290410 0.340825 1 22 1.000000
MarioHand_alb.png
 29 57.411522 3.917519 106.140877 -0.082004 0.027414 0.996255 0.374609 0.419944 1 22 1.000000
 29 57.442070 0.657047 105.916069 -0.109894 -0.131334 0.985228 0.331746 0.418189 1 22 1.000000
 29 60.603313 0.542608 106.168823 -0.013730 -0.109494 0.993893 0.331640 0.375402 1 22 1.000000
MarioHand_alb.png
 29 57.411522 3.917519 106.140877 -0.082004 0.027414 0.996255 0.374609 0.419944 1 22 1.000000
 29 60.603313 0.542608 106.168823 -0.013730 -0.109494 0.993893 0.331640 0.375402 1 22 1.000000
 29 60.646206 4.039194 106.249863 0.013738 0.056765 0.998293 0.378058 0.376608 1 22 1.000000
MarioHand_alb.png
 29 60.646206 4.039194 106.249863 0.013738 0.056765 0.998293 0.378058 0.376608 1 22 1.000000
 29 60.603313 0.542608 106.168823 -0.013730 -0.109494 0.993893 0.331640 0.375402 1 22 1.000000
 29 63.254013 4.078329 106.043579 0.119765 0.072374 0.990161 0.380224 0.340810 1 22 1.000000
MarioHand_alb.png
 29 65.698730 0.337868 105.534775 0.119021 -0.105580 0.987262 0.328939 0.303883 1 22 1.000000
 29 63.213486 0.424311 106.056335 0.097647 -0.099822 0.990202 0.330449 0.340002 1 22 1.000000
 29 63.115211 -2.457656 105.438385 0.083897 -0.287371 0.954138 0.290410 0.340825 1 22 1.000000
MarioHand_alb.png
 29 60.603313 0.542608 106.168823 -0.013730 -0.109494 0.993893 0.331640 0.375402 1 22 1.000000
 29 63.115211 -2.457656 105.438385 0.083897 -0.287371 0.954138 0.290410 0.340825 1 22 1.000000
 29 63.213486 0.424311 106.056335 0.097647 -0.099822 0.990202 0.330449 0.340002 1 22 1.000000
MarioHand_alb.png
 29 63.254013 4.078329 106.043579 0.119765 0.072374 0.990161 0.380224 0.340810 1 22 1.000000
 29 63.213486 0.424311 106.056335 0.097647 -0.099822 0.990202 0.330449 0.340002 1 22 1.000000
 29 65.698730 0.337868 105.534775 0.119021 -0.105580 0.987262 0.328939 0.303883 1 22 1.000000
MarioHand_alb.png
 29 63.254013 4.078329 106.043579 0.119765 0.072374 0.990161 0.380224 0.340810 1 22 1.000000
 29 60.603313 0.542608 106.168823 -0.013730 -0.109494 0.993893 0.331640 0.375402 1 22 1.000000
 29 63.213486 0.424311 106.056335 0.097647 -0.099822 0.990202 0.330449 0.340002 1 22 1.000000
MarioHand_alb.png
 29 49.153866 0.286232 88.627319 -0.031275 -0.266123 -0.963432 0.252018 0.893233 1 22 1.000000
 29 48.257687 3.474372 87.442894 0.324907 -0.003909 -0.945738 0.206943 0.908217 1 22 1.000000
 29 49.160374 3.667027 87.968140 0.133154 0.052818 -0.989687 0.206943 0.893233 1 22 1.000000
MarioHand_alb.png
 29 48.257687 -0.119253 88.143578 0.366204 -0.342634 -0.865157 0.252018 0.908217 1 22 1.000000
 29 48.257687 3.474372 87.442894 0.324907 -0.003909 -0.945738 0.206943 0.908217 1 22 1.000000
 29 49.153866 0.286232 88.627319 -0.031275 -0.266123 -0.963432 0.252018 0.893233 1 22 1.000000
MarioHand_alb.png
 29 49.153866 -2.599457 90.411804 -0.308965 -0.635096 -0.707951 0.293767 0.893233 1 22 1.000000
 29 48.257687 -0.119253 88.143578 0.366204 -0.342634 -0.865157 0.252018 0.908217 1 22 1.000000
 29 49.153866 0.286232 88.627319 -0.031275 -0.266123 -0.963432 0.252018 0.893233 1 22 1.000000
MarioHand_alb.png
 29 47.136063 3.405865 87.253021 -0.068644 -0.005816 -0.997624 0.206943 0.924254 1 22 1.000000
 29 48.257687 3.474372 87.442894 0.324907 -0.003909 -0.945738 0.206943 0.908217 1 22 1.000000
 29 48.257687 -0.119253 88.143578 0.366204 -0.342634 -0.865157 0.252018 0.908217 1 22 1.000000
MarioHand_alb.png
 29 49.153866 -2.599457 90.411804 -0.308965 -0.635096 -0.707951 0.293767 0.893233 1 22 1.000000
 29 48.257687 -3.186602 90.040405 0.403191 -0.630010 -0.663720 0.293767 0.908217 1 22 1.000000
 29 48.257687 -0.119253 88.143578 0.366204 -0.342634 -0.865157 0.252018 0.908217 1 22 1.000000
MarioHand_alb.png
 29 49.153862 -4.494936 93.128540 -0.252534 -0.892451 -0.373841 0.337987 0.893233 1 22 1.000000
 29 48.257687 -3.186602 90.040405 0.403191 -0.630010 -0.663720 0.293767 0.908217 1 22 1.000000
 29 49.153866 -2.599457 90.411804 -0.308965 -0.635096 -0.707951 0.293767 0.893233 1 22 1.000000
MarioHand_alb.png
 29 47.136063 3.405865 87.253021 -0.068644 -0.005816 -0.997624 0.206943 0.924254 1 22 1.000000
 29 48.257687 -0.119253 88.143578 0.366204 -0.342634 -0.865157 0.252018 0.908217 1 22 1.000000
 29 47.148880 -0.264701 87.968704 -0.068646 -0.367491 -0.927490 0.252018 0.924254 1 22 1.000000
MarioHand_alb.png
 29 48.257687 -3.186602 90.040405 0.403191 -0.630010 -0.663720 0.293767 0.908217 1 22 1.000000
 29 47.148880 -0.264701 87.968704 -0.068646 -0.367491 -0.927490 0.252018 0.924254 1 22 1.000000
 29 48.257687 -0.119253 88.143578 0.366204 -0.342634 -0.865157 0.252018 0.908217 1 22 1.000000
MarioHand_alb.png
 29 49.153862 -4.494936 93.128540 -0.252534 -0.892451 -0.373841 0.337987 0.893233 1 22 1.000000
 29 48.257683 -5.201406 92.928162 0.430318 -0.827065 -0.361650 0.337987 0.908217 1 22 1.000000
 29 48.257687 -3.186602 90.040405 0.403191 -0.630010 -0.663720 0.293767 0.908217 1 22 1.000000
MarioHand_alb.png
 29 49.153862 -5.193117 96.311356 -0.091929 -0.995671 0.013732 0.389715 0.893233 1 22 1.000000
 29 48.257683 -5.201406 92.928162 0.430318 -0.827065 -0.361650 0.337987 0.908217 1 22 1.000000
 29 49.153862 -4.494936 93.128540 -0.252534 -0.892451 -0.373841 0.337987 0.893233 1 22 1.000000
MarioHand_alb.png
 29 47.159805 -3.397723 89.906158 -0.068666 -0.688734 -0.721755 0.293767 0.924254 1 22 1.000000
 29 47.148880 -0.264701 87.968704 -0.068646 -0.367491 -0.927490 0.252018 0.924254 1 22 1.000000
 29 48.257687 -3.186602 90.040405 0.403191 -0.630010 -0.663720 0.293767 0.908217 1 22 1.000000
MarioHand_alb.png
 29 47.159805 -3.397723 89.906158 -0.068666 -0.688734 -0.721755 0.293767 0.924254 1 22 1.000000
 29 48.257687 -3.186602 90.040405 0.403191 -0.630010 -0.663720 0.293767 0.908217 1 22 1.000000
 29 48.257683 -5.201406 92.928162 0.430318 -0.827065 -0.361650 0.337987 0.908217 1 22 1.000000
MarioHand_alb.png
 29 45.830860 -0.058116 88.302704 -0.508090 -0.310650 -0.803331 0.252018 0.940383 1 22 1.000000
 29 47.136063 3.405865 87.253021 -0.068644 -0.005816 -0.997624 0.206943 0.924254 1 22 1.000000
 29 47.148880 -0.264701 87.968704 -0.068646 -0.367491 -0.927490 0.252018 0.924254 1 22 1.000000
MarioHand_alb.png
 29 45.830860 3.465494 87.615677 -0.505148 0.003911 -0.863024 0.206943 0.940383 1 22 1.000000
 29 47.136063 3.405865 87.253021 -0.068644 -0.005816 -0.997624 0.206943 0.924254 1 22 1.000000
 29 45.830860 -0.058116 88.302704 -0.508090 -0.310650 -0.803331 0.252018 0.940383 1 22 1.000000
MarioHand_alb.png
 29 45.018372 3.410859 88.582153 -0.992323 -0.003911 0.123611 0.206943 0.956008 1 22 1.000000
 29 45.830860 3.465494 87.615677 -0.505148 0.003911 -0.863024 0.206943 0.940383 1 22 1.000000
 29 45.830860 -0.058116 88.302704 -0.508090 -0.310650 -0.803331 0.252018 0.940383 1 22 1.000000
MarioHand_alb.png
 29 45.029301 0.278881 89.192825 -0.991780 0.045009 0.119777 0.252018 0.956008 1 22 1.000000
 29 45.018372 3.410859 88.582153 -0.992323 -0.003911 0.123611 0.206943 0.956008 1 22 1.000000
 29 45.830860 -0.058116 88.302704 -0.508090 -0.310650 -0.803331 0.252018 0.940383 1 22 1.000000
MarioHand_alb.png
 29 45.038631 -2.394428 90.845993 -0.992513 0.084180 0.088495 0.293767 0.956008 1 22 1.000000
 29 45.029301 0.278881 89.192825 -0.991780 0.045009 0.119777 0.252018 0.956008 1 22 1.000000
 29 45.830860 -0.058116 88.302704 -0.508090 -0.310650 -0.803331 0.252018 0.940383 1 22 1.000000
MarioHand_alb.png
 29 45.830860 -0.058116 88.302704 -0.508090 -0.310650 -0.803331 0.252018 0.940383 1 22 1.000000
 29 47.148880 -0.264701 87.968704 -0.068646 -0.367491 -0.927490 0.252018 0.924254 1 22 1.000000
 29 45.830860 -3.065701 90.162590 -0.515761 -0.586120 -0.624864 0.293767 0.940383 1 22 1.000000
MarioHand_alb.png
 29 45.038631 -2.394428 90.845993 -0.992513 0.084180 0.088495 0.293767 0.956008 1 22 1.000000
 29 45.830860 -0.058116 88.302704 -0.508090 -0.310650 -0.803331 0.252018 0.940383 1 22 1.000000
 29 45.830860 -3.065701 90.162590 -0.515761 -0.586120 -0.624864 0.293767 0.940383 1 22 1.000000
MarioHand_alb.png
 29 47.159805 -3.397723 89.906158 -0.068666 -0.688734 -0.721755 0.293767 0.924254 1 22 1.000000
 29 45.830860 -3.065701 90.162590 -0.515761 -0.586120 -0.624864 0.293767 0.940383 1 22 1.000000
 29 47.148880 -0.264701 87.968704 -0.068646 -0.367491 -0.927490 0.252018 0.924254 1 22 1.000000
MarioHand_alb.png
 29 45.044765 -4.150402 93.362770 -0.992556 0.111577 0.048827 0.337987 0.956008 1 22 1.000000
 29 45.038631 -2.394428 90.845993 -0.992513 0.084180 0.088495 0.293767 0.956008 1 22 1.000000
 29 45.830860 -3.065701 90.162590 -0.515761 -0.586120 -0.624864 0.293767 0.940383 1 22 1.000000
MarioHand_alb.png
 29 45.044765 -4.150402 93.362770 -0.992556 0.111577 0.048827 0.337987 0.956008 1 22 1.000000
 29 45.830860 -3.065701 90.162590 -0.515761 -0.586120 -0.624864 0.293767 0.940383 1 22 1.000000
 29 45.830856 -5.041247 92.994072 -0.524500 -0.778453 -0.344835 0.337987 0.940383 1 22 1.000000
MarioHand_alb.png
 29 45.830856 -5.041247 92.994072 -0.524500 -0.778453 -0.344835 0.337987 0.940383 1 22 1.000000
 29 45.830860 -3.065701 90.162590 -0.515761 -0.586120 -0.624864 0.293767 0.940383 1 22 1.000000
 29 47.159805 -3.397723 89.906158 -0.068666 -0.688734 -0.721755 0.293767 0.924254 1 22 1.000000
MarioHand_alb.png
 29 45.047020 -4.799056 96.311371 -0.993320 0.115391 0.000000 0.389715 0.956008 1 22 1.000000
 29 45.044765 -4.150402 93.362770 -0.992556 0.111577 0.048827 0.337987 0.956008 1 22 1.000000
 29 45.830856 -5.041247 92.994072 -0.524500 -0.778453 -0.344835 0.337987 0.940383 1 22 1.000000
MarioHand_alb.png
 29 47.166996 -5.455662 92.855721 -0.068663 -0.915036 -0.397485 0.337987 0.924254 1 22 1.000000
 29 45.830856 -5.041247 92.994072 -0.524500 -0.778453 -0.344835 0.337987 0.940383 1 22 1.000000
 29 47.159805 -3.397723 89.906158 -0.068666 -0.688734 -0.721755 0.293767 0.924254 1 22 1.000000
MarioHand_alb.png
 29 47.166996 -5.455662 92.855721 -0.068663 -0.915036 -0.397485 0.337987 0.924254 1 22 1.000000
 29 47.159805 -3.397723 89.906158 -0.068666 -0.688734 -0.721755 0.293767 0.924254 1 22 1.000000
 29 48.257683 -5.201406 92.928162 0.430318 -0.827065 -0.361650 0.337987 0.908217 1 22 1.000000
MarioHand_alb.png
 29 45.047020 -4.799056 96.311371 -0.993320 0.115391 0.000000 0.389715 0.956008 1 22 1.000000
 29 45.830856 -5.041247 92.994072 -0.524500 -0.778453 -0.344835 0.337987 0.940383 1 22 1.000000
 29 45.830856 -5.771013 96.311371 -0.526798 -0.849991 0.000000 0.389914 0.940383 1 22 1.000000
MarioHand_alb.png
 29 45.830856 -5.771013 96.311371 -0.526798 -0.849991 0.000000 0.389914 0.940383 1 22 1.000000
 29 45.830856 -5.041247 92.994072 -0.524500 -0.778453 -0.344835 0.337987 0.940383 1 22 1.000000
 29 47.166996 -5.455662 92.855721 -0.068663 -0.915036 -0.397485 0.337987 0.924254 1 22 1.000000
MarioHand_alb.png
 29 48.257683 -5.945670 96.311356 0.440219 -0.897890 0.000000 0.389914 0.908217 1 22 1.000000
 29 47.166996 -5.455662 92.855721 -0.068663 -0.915036 -0.397485 0.337987 0.924254 1 22 1.000000
 29 48.257683 -5.201406 92.928162 0.430318 -0.827065 -0.361650 0.337987 0.908217 1 22 1.000000
MarioHand_alb.png
 29 49.153862 -5.193117 96.311356 -0.091929 -0.995671 0.013732 0.389715 0.893233 1 22 1.000000
 29 48.257683 -5.945670 96.311356 0.440219 -0.897890 0.000000 0.389914 0.908217 1 22 1.000000
 29 48.257683 -5.201406 92.928162 0.430318 -0.827065 -0.361650 0.337987 0.908217 1 22 1.000000
MarioHand_alb.png
 29 45.830856 -5.771013 96.311371 -0.526798 -0.849991 0.000000 0.389914 0.940383 1 22 1.000000
 29 47.166996 -5.455662 92.855721 -0.068663 -0.915036 -0.397485 0.337987 0.924254 1 22 1.000000
 29 47.169643 -6.215860 96.311356 -0.068665 -0.997640 0.000000 0.389960 0.924254 1 22 1.000000
MarioHand_alb.png
 29 48.257683 -5.945670 96.311356 0.440219 -0.897890 0.000000 0.389914 0.908217 1 22 1.000000
 29 47.169643 -6.215860 96.311356 -0.068665 -0.997640 0.000000 0.389960 0.924254 1 22 1.000000
 29 47.166996 -5.455662 92.855721 -0.068663 -0.915036 -0.397485 0.337987 0.924254 1 22 1.000000
MarioHand_alb.png
 29 45.047020 -4.799056 96.311371 -0.993320 0.115391 0.000000 0.389715 0.956008 1 22 1.000000
 29 45.830856 -5.771013 96.311371 -0.526798 -0.849991 0.000000 0.389914 0.940383 1 22 1.000000
 29 45.830856 -5.041251 99.628654 -0.524500 -0.778453 0.344835 0.441459 0.940383 1 22 1.000000
MarioHand_alb.png
 29 45.044762 -4.150399 99.259949 -0.992556 0.111577 -0.048827 0.441459 0.956008 1 22 1.000000
 29 45.047020 -4.799056 96.311371 -0.993320 0.115391 0.000000 0.389715 0.956008 1 22 1.000000
 29 45.830856 -5.041251 99.628654 -0.524500 -0.778453 0.344835 0.441459 0.940383 1 22 1.000000
MarioHand_alb.png
 29 47.166996 -5.455664 99.766998 -0.068663 -0.915036 0.397485 0.441459 0.924254 1 22 1.000000
 29 45.830856 -5.771013 96.311371 -0.526798 -0.849991 0.000000 0.389914 0.940383 1 22 1.000000
 29 47.169643 -6.215860 96.311356 -0.068665 -0.997640 0.000000 0.389960 0.924254 1 22 1.000000
MarioHand_alb.png
 29 47.166996 -5.455664 99.766998 -0.068663 -0.915036 0.397485 0.441459 0.924254 1 22 1.000000
 29 47.169643 -6.215860 96.311356 -0.068665 -0.997640 0.000000 0.389960 0.924254 1 22 1.000000
 29 48.257683 -5.945670 96.311356 0.440219 -0.897890 0.000000 0.389914 0.908217 1 22 1.000000
MarioHand_alb.png
 29 45.830856 -5.041251 99.628654 -0.524500 -0.778453 0.344835 0.441459 0.940383 1 22 1.000000
 29 45.830856 -5.771013 96.311371 -0.526798 -0.849991 0.000000 0.389914 0.940383 1 22 1.000000
 29 47.166996 -5.455664 99.766998 -0.068663 -0.915036 0.397485 0.441459 0.924254 1 22 1.000000
MarioHand_alb.png
 29 48.257687 -5.201405 99.694565 0.430679 -0.826550 0.362396 0.441459 0.908217 1 22 1.000000
 29 48.257683 -5.945670 96.311356 0.440219 -0.897890 0.000000 0.389914 0.908217 1 22 1.000000
 29 49.153862 -5.193117 96.311356 -0.091929 -0.995671 0.013732 0.389715 0.893233 1 22 1.000000
MarioHand_alb.png
 29 48.257687 -5.201405 99.694565 0.430679 -0.826550 0.362396 0.441459 0.908217 1 22 1.000000
 29 47.166996 -5.455664 99.766998 -0.068663 -0.915036 0.397485 0.441459 0.924254 1 22 1.000000
 29 48.257683 -5.945670 96.311356 0.440219 -0.897890 0.000000 0.389914 0.908217 1 22 1.000000
MarioHand_alb.png
 29 49.153862 -4.492933 99.494171 -0.033188 -0.895019 0.444792 0.441459 0.893233 1 22 1.000000
 29 48.257687 -5.201405 99.694565 0.430679 -0.826550 0.362396 0.441459 0.908217 1 22 1.000000
 29 49.153862 -5.193117 96.311356 -0.091929 -0.995671 0.013732 0.389715 0.893233 1 22 1.000000
MarioHand_alb.png
 29 45.830856 -5.041251 99.628654 -0.524500 -0.778453 0.344835 0.441459 0.940383 1 22 1.000000
 29 47.166996 -5.455664 99.766998 -0.068663 -0.915036 0.397485 0.441459 0.924254 1 22 1.000000
 29 47.159809 -3.397721 102.716576 -0.068276 -0.688071 0.722424 0.488807 0.924254 1 22 1.000000
MarioHand_alb.png
 29 47.159809 -3.397721 102.716576 -0.068276 -0.688071 0.722424 0.488807 0.924254 1 22 1.000000
 29 47.166996 -5.455664 99.766998 -0.068663 -0.915036 0.397485 0.441459 0.924254 1 22 1.000000
 29 48.257687 -5.201405 99.694565 0.430679 -0.826550 0.362396 0.441459 0.908217 1 22 1.000000
MarioHand_alb.png
 29 45.830856 -3.065702 102.460129 -0.516969 -0.585786 0.624178 0.488807 0.940383 1 22 1.000000
 29 45.044762 -4.150399 99.259949 -0.992556 0.111577 -0.048827 0.441459 0.956008 1 22 1.000000
 29 45.830856 -5.041251 99.628654 -0.524500 -0.778453 0.344835 0.441459 0.940383 1 22 1.000000
MarioHand_alb.png
 29 45.830856 -3.065702 102.460129 -0.516969 -0.585786 0.624178 0.488807 0.940383 1 22 1.000000
 29 45.830856 -5.041251 99.628654 -0.524500 -0.778453 0.344835 0.441459 0.940383 1 22 1.000000
 29 47.159809 -3.397721 102.716576 -0.068276 -0.688071 0.722424 0.488807 0.924254 1 22 1.000000
MarioHand_alb.png
 29 45.038628 -2.394428 101.776726 -0.992519 0.084109 -0.088495 0.488807 0.956008 1 22 1.000000
 29 45.044762 -4.150399 99.259949 -0.992556 0.111577 -0.048827 0.441459 0.956008 1 22 1.000000
 29 45.830856 -3.065702 102.460129 -0.516969 -0.585786 0.624178 0.488807 0.940383 1 22 1.000000
MarioHand_alb.png
 29 48.257687 -3.186603 102.582321 0.403191 -0.630010 0.663720 0.488807 0.908217 1 22 1.000000
 29 48.257687 -5.201405 99.694565 0.430679 -0.826550 0.362396 0.441459 0.908217 1 22 1.000000
 29 49.153862 -4.492933 99.494171 -0.033188 -0.895019 0.444792 0.441459 0.893233 1 22 1.000000
MarioHand_alb.png
 29 47.159809 -3.397721 102.716576 -0.068276 -0.688071 0.722424 0.488807 0.924254 1 22 1.000000
 29 48.257687 -5.201405 99.694565 0.430679 -0.826550 0.362396 0.441459 0.908217 1 22 1.000000
 29 48.257687 -3.186603 102.582321 0.403191 -0.630010 0.663720 0.488807 0.908217 1 22 1.000000
MarioHand_alb.png
 29 49.153862 -2.597459 102.210899 0.050729 -0.666508 0.743770 0.488807 0.893233 1 22 1.000000
 29 48.257687 -3.186603 102.582321 0.403191 -0.630010 0.663720 0.488807 0.908217 1 22 1.000000
 29 49.153862 -4.492933 99.494171 -0.033188 -0.895019 0.444792 0.441459 0.893233 1 22 1.000000
MarioHand_alb.png
 29 45.830856 -3.065702 102.460129 -0.516969 -0.585786 0.624178 0.488807 0.940383 1 22 1.000000
 29 47.159809 -3.397721 102.716576 -0.068276 -0.688071 0.722424 0.488807 0.924254 1 22 1.000000
 29 47.148880 -0.264698 104.654007 -0.068302 -0.368199 0.927235 0.530831 0.924254 1 22 1.000000
MarioHand_alb.png
 29 47.148880 -0.264698 104.654007 -0.068302 -0.368199 0.927235 0.530831 0.924254 1 22 1.000000
 29 47.159809 -3.397721 102.716576 -0.068276 -0.688071 0.722424 0.488807 0.924254 1 22 1.000000
 29 48.257687 -3.186603 102.582321 0.403191 -0.630010 0.663720 0.488807 0.908217 1 22 1.000000
MarioHand_alb.png
 29 45.830860 -0.058114 104.320000 -0.508084 -0.310685 0.803322 0.530831 0.940383 1 22 1.000000
 29 45.038628 -2.394428 101.776726 -0.992519 0.084109 -0.088495 0.488807 0.956008 1 22 1.000000
 29 45.830856 -3.065702 102.460129 -0.516969 -0.585786 0.624178 0.488807 0.940383 1 22 1.000000
MarioHand_alb.png
 29 45.830860 -0.058114 104.320000 -0.508084 -0.310685 0.803322 0.530831 0.940383 1 22 1.000000
 29 45.830856 -3.065702 102.460129 -0.516969 -0.585786 0.624178 0.488807 0.940383 1 22 1.000000
 29 47.148880 -0.264698 104.654007 -0.068302 -0.368199 0.927235 0.530831 0.924254 1 22 1.000000
MarioHand_alb.png
 29 45.029301 0.278881 103.429871 -0.991780 0.045009 -0.119777 0.530831 0.956008 1 22 1.000000
 29 45.038628 -2.394428 101.776726 -0.992519 0.084109 -0.088495 0.488807 0.956008 1 22 1.000000
 29 45.830860 -0.058114 104.320000 -0.508084 -0.310685 0.803322 0.530831 0.940383 1 22 1.000000
MarioHand_alb.png
 29 45.018372 3.410861 104.040565 -0.992323 -0.003911 -0.123611 0.573602 0.956008 1 22 1.000000
 29 45.029301 0.278881 103.429871 -0.991780 0.045009 -0.119777 0.530831 0.956008 1 22 1.000000
 29 45.830860 -0.058114 104.320000 -0.508084 -0.310685 0.803322 0.530831 0.940383 1 22 1.000000
MarioHand_alb.png
 29 48.257690 -0.119251 104.479141 0.366213 -0.342567 0.865179 0.530831 0.908217 1 22 1.000000
 29 48.257687 -3.186603 102.582321 0.403191 -0.630010 0.663720 0.488807 0.908217 1 22 1.000000
 29 49.153862 -2.597459 102.210899 0.050729 -0.666508 0.743770 0.488807 0.893233 1 22 1.000000
MarioHand_alb.png
 29 47.148880 -0.264698 104.654007 -0.068302 -0.368199 0.927235 0.530831 0.924254 1 22 1.000000
 29 48.257687 -3.186603 102.582321 0.403191 -0.630010 0.663720 0.488807 0.908217 1 22 1.000000
 29 48.257690 -0.119251 104.479141 0.366213 -0.342567 0.865179 0.530831 0.908217 1 22 1.000000
MarioHand_alb.png
 29 49.153866 0.288224 103.995399 0.049224 -0.305565 0.950898 0.530831 0.893233 1 22 1.000000
 29 48.257690 -0.119251 104.479141 0.366213 -0.342567 0.865179 0.530831 0.908217 1 22 1.000000
 29 49.153862 -2.597459 102.210899 0.050729 -0.666508 0.743770 0.488807 0.893233 1 22 1.000000
MarioHand_alb.png
 29 45.830860 -0.058114 104.320000 -0.508084 -0.310685 0.803322 0.530831 0.940383 1 22 1.000000
 29 47.148880 -0.264698 104.654007 -0.068302 -0.368199 0.927235 0.530831 0.924254 1 22 1.000000
 29 47.136070 3.405865 105.369698 -0.068644 -0.005863 0.997624 0.573602 0.924254 1 22 1.000000
MarioHand_alb.png
 29 47.136070 3.405865 105.369698 -0.068644 -0.005863 0.997624 0.573602 0.924254 1 22 1.000000
 29 47.148880 -0.264698 104.654007 -0.068302 -0.368199 0.927235 0.530831 0.924254 1 22 1.000000
 29 48.257690 -0.119251 104.479141 0.366213 -0.342567 0.865179 0.530831 0.908217 1 22 1.000000
MarioHand_alb.png
 29 45.018372 3.410861 104.040565 -0.992323 -0.003911 -0.123611 0.573602 0.956008 1 22 1.000000
 29 45.830860 -0.058114 104.320000 -0.508084 -0.310685 0.803322 0.530831 0.940383 1 22 1.000000
 29 45.830860 3.465495 105.007050 -0.505148 0.003911 0.863024 0.573602 0.940383 1 22 1.000000
MarioHand_alb.png
 29 45.830860 3.465495 105.007050 -0.505148 0.003911 0.863024 0.573602 0.940383 1 22 1.000000
 29 45.830860 -0.058114 104.320000 -0.508084 -0.310685 0.803322 0.530831 0.940383 1 22 1.000000
 29 47.136070 3.405865 105.369698 -0.068644 -0.005863 0.997624 0.573602 0.924254 1 22 1.000000
MarioHand_alb.png
 29 45.007439 6.542836 103.429871 -0.992211 -0.050927 -0.113679 0.622583 0.956008 1 22 1.000000
 29 45.018372 3.410861 104.040565 -0.992323 -0.003911 -0.123611 0.573602 0.956008 1 22 1.000000
 29 45.830860 3.465495 105.007050 -0.505148 0.003911 0.863024 0.573602 0.940383 1 22 1.000000
MarioHand_alb.png
 29 48.257690 3.474375 105.179825 0.325141 -0.003912 0.945657 0.573602 0.908217 1 22 1.000000
 29 48.257690 -0.119251 104.479141 0.366213 -0.342567 0.865179 0.530831 0.908217 1 22 1.000000
 29 49.153866 0.288224 103.995399 0.049224 -0.305565 0.950898 0.530831 0.893233 1 22 1.000000
MarioHand_alb.png
 29 47.136070 3.405865 105.369698 -0.068644 -0.005863 0.997624 0.573602 0.924254 1 22 1.000000
 29 48.257690 -0.119251 104.479141 0.366213 -0.342567 0.865179 0.530831 0.908217 1 22 1.000000
 29 48.257690 3.474375 105.179825 0.325141 -0.003912 0.945657 0.573602 0.908217 1 22 1.000000
MarioHand_alb.png
 29 49.160122 3.669013 104.654579 -0.038902 0.003909 0.999235 0.573602 0.893233 1 22 1.000000
 29 48.257690 3.474375 105.179825 0.325141 -0.003912 0.945657 0.573602 0.908217 1 22 1.000000
 29 49.153866 0.288224 103.995399 0.049224 -0.305565 0.950898 0.530831 0.893233 1 22 1.000000
MarioHand_alb.png
 29 45.830860 3.465495 105.007050 -0.505148 0.003911 0.863024 0.573602 0.940383 1 22 1.000000
 29 47.136070 3.405865 105.369698 -0.068644 -0.005863 0.997624 0.573602 0.924254 1 22 1.000000
 29 47.123257 7.076429 104.654007 -0.070587 0.358180 0.930981 0.622583 0.924254 1 22 1.000000
MarioHand_alb.png
 29 47.123257 7.076429 104.654007 -0.070587 0.358180 0.930981 0.622583 0.924254 1 22 1.000000
 29 47.136070 3.405865 105.369698 -0.068644 -0.005863 0.997624 0.573602 0.924254 1 22 1.000000
 29 48.257690 3.474375 105.179825 0.325141 -0.003912 0.945657 0.573602 0.908217 1 22 1.000000
MarioHand_alb.png
 29 45.007439 6.542836 103.429871 -0.992211 -0.050927 -0.113679 0.622583 0.956008 1 22 1.000000
 29 45.830860 3.465495 105.007050 -0.505148 0.003911 0.863024 0.573602 0.940383 1 22 1.000000
 29 45.830864 6.989101 104.320000 -0.506600 0.316816 0.801863 0.622583 0.940383 1 22 1.000000
MarioHand_alb.png
 29 45.830860 3.465495 105.007050 -0.505148 0.003911 0.863024 0.573602 0.940383 1 22 1.000000
 29 47.123257 7.076429 104.654007 -0.070587 0.358180 0.930981 0.622583 0.924254 1 22 1.000000
 29 45.830864 6.989101 104.320000 -0.506600 0.316816 0.801863 0.622583 0.940383 1 22 1.000000
MarioHand_alb.png
 29 45.007439 6.542836 103.429871 -0.992211 -0.050927 -0.113679 0.622583 0.956008 1 22 1.000000
 29 45.830864 6.989101 104.320000 -0.506600 0.316816 0.801863 0.622583 0.940383 1 22 1.000000
 29 44.998108 9.216144 101.776726 -0.993510 -0.082220 -0.078596 0.669917 0.956008 1 22 1.000000
MarioHand_alb.png
 29 48.257694 7.067998 104.479141 0.285746 0.344497 0.894243 0.622583 0.908217 1 22 1.000000
 29 48.257690 3.474375 105.179825 0.325141 -0.003912 0.945657 0.573602 0.908217 1 22 1.000000
 29 49.160122 3.669013 104.654579 -0.038902 0.003909 0.999235 0.573602 0.893233 1 22 1.000000
MarioHand_alb.png
 29 47.123257 7.076429 104.654007 -0.070587 0.358180 0.930981 0.622583 0.924254 1 22 1.000000
 29 48.257690 3.474375 105.179825 0.325141 -0.003912 0.945657 0.573602 0.908217 1 22 1.000000
 29 48.257694 7.067998 104.479141 0.285746 0.344497 0.894243 0.622583 0.908217 1 22 1.000000
MarioHand_alb.png
 29 48.257694 7.067998 104.479141 0.285746 0.344497 0.894243 0.622583 0.908217 1 22 1.000000
 29 49.160122 3.669013 104.654579 -0.038902 0.003909 0.999235 0.573602 0.893233 1 22 1.000000
 29 49.153873 7.049798 103.995399 -0.123233 0.326779 0.937032 0.622583 0.893233 1 22 1.000000
MarioHand_alb.png
 29 45.830864 6.989101 104.320000 -0.506600 0.316816 0.801863 0.622583 0.940383 1 22 1.000000
 29 47.123257 7.076429 104.654007 -0.070587 0.358180 0.930981 0.622583 0.924254 1 22 1.000000
 29 47.112324 10.209453 102.716576 -0.072478 0.681101 0.728593 0.669917 0.924254 1 22 1.000000
MarioHand_alb.png
 29 47.123257 7.076429 104.654007 -0.070587 0.358180 0.930981 0.622583 0.924254 1 22 1.000000
 29 48.257694 7.067998 104.479141 0.285746 0.344497 0.894243 0.622583 0.908217 1 22 1.000000
 29 47.112324 10.209453 102.716576 -0.072478 0.681101 0.728593 0.669917 0.924254 1 22 1.000000
MarioHand_alb.png
 29 45.830864 6.989101 104.320000 -0.506600 0.316816 0.801863 0.622583 0.940383 1 22 1.000000
 29 45.830864 9.996692 102.460129 -0.513122 0.591616 0.621850 0.669917 0.940383 1 22 1.000000
 29 44.998108 9.216144 101.776726 -0.993510 -0.082220 -0.078596 0.669917 0.956008 1 22 1.000000
MarioHand_alb.png
 29 45.830864 6.989101 104.320000 -0.506600 0.316816 0.801863 0.622583 0.940383 1 22 1.000000
 29 47.112324 10.209453 102.716576 -0.072478 0.681101 0.728593 0.669917 0.924254 1 22 1.000000
 29 45.830864 9.996692 102.460129 -0.513122 0.591616 0.621850 0.669917 0.940383 1 22 1.000000
MarioHand_alb.png
 29 44.998108 9.216144 101.776726 -0.993510 -0.082220 -0.078596 0.669917 0.956008 1 22 1.000000
 29 45.830864 9.996692 102.460129 -0.513122 0.591616 0.621850 0.669917 0.940383 1 22 1.000000
 29 44.991978 10.972116 99.259949 -0.993758 -0.103667 -0.041200 0.710567 0.956008 1 22 1.000000
MarioHand_alb.png
 29 48.257694 7.067998 104.479141 0.285746 0.344497 0.894243 0.622583 0.908217 1 22 1.000000
 29 49.153873 7.049798 103.995399 -0.123233 0.326779 0.937032 0.622583 0.893233 1 22 1.000000
 29 48.257694 10.135349 102.582314 0.256351 0.659664 0.706490 0.669917 0.908217 1 22 1.000000
MarioHand_alb.png
 29 47.112324 10.209453 102.716576 -0.072478 0.681101 0.728593 0.669917 0.924254 1 22 1.000000
 29 48.257694 7.067998 104.479141 0.285746 0.344497 0.894243 0.622583 0.908217 1 22 1.000000
 29 48.257694 10.135349 102.582314 0.256351 0.659664 0.706490 0.669917 0.908217 1 22 1.000000
MarioHand_alb.png
 29 48.257694 10.135349 102.582314 0.256351 0.659664 0.706490 0.669917 0.908217 1 22 1.000000
 29 49.153873 7.049798 103.995399 -0.123233 0.326779 0.937032 0.622583 0.893233 1 22 1.000000
 29 49.153870 9.935480 102.210899 -0.205224 0.661065 0.721717 0.669917 0.893233 1 22 1.000000
MarioHand_alb.png
 29 47.112324 10.209453 102.716576 -0.072478 0.681101 0.728593 0.669917 0.924254 1 22 1.000000
 29 47.105137 12.267390 99.766998 -0.076294 0.912090 0.402830 0.710567 0.924254 1 22 1.000000
 29 45.830864 9.996692 102.460129 -0.513122 0.591616 0.621850 0.669917 0.940383 1 22 1.000000
MarioHand_alb.png
 29 47.112324 10.209453 102.716576 -0.072478 0.681101 0.728593 0.669917 0.924254 1 22 1.000000
 29 48.257694 10.135349 102.582314 0.256351 0.659664 0.706490 0.669917 0.908217 1 22 1.000000
 29 47.105137 12.267390 99.766998 -0.076294 0.912090 0.402830 0.710567 0.924254 1 22 1.000000
MarioHand_alb.png
 29 45.830864 9.996692 102.460129 -0.513122 0.591616 0.621850 0.669917 0.940383 1 22 1.000000
 29 45.830864 11.972239 99.628647 -0.518803 0.783259 0.342563 0.710567 0.940383 1 22 1.000000
 29 44.991978 10.972116 99.259949 -0.993758 -0.103667 -0.041200 0.710567 0.956008 1 22 1.000000
MarioHand_alb.png
 29 45.830864 9.996692 102.460129 -0.513122 0.591616 0.621850 0.669917 0.940383 1 22 1.000000
 29 47.105137 12.267390 99.766998 -0.076294 0.912090 0.402830 0.710567 0.924254 1 22 1.000000
 29 45.830864 11.972239 99.628647 -0.518803 0.783259 0.342563 0.710567 0.940383 1 22 1.000000
MarioHand_alb.png
 29 44.991978 10.972116 99.259949 -0.993758 -0.103667 -0.041200 0.710567 0.956008 1 22 1.000000
 29 45.830864 11.972239 99.628647 -0.518803 0.783259 0.342563 0.710567 0.940383 1 22 1.000000
 29 44.989716 11.620769 96.311356 -0.994601 -0.103771 0.000000 0.755230 0.956008 1 22 1.000000
MarioHand_alb.png
 29 48.257694 10.135349 102.582314 0.256351 0.659664 0.706490 0.669917 0.908217 1 22 1.000000
 29 49.153870 9.935480 102.210899 -0.205224 0.661065 0.721717 0.669917 0.893233 1 22 1.000000
 29 48.257694 12.150150 99.694565 0.234981 0.888712 0.393669 0.710567 0.908217 1 22 1.000000
MarioHand_alb.png
 29 47.105137 12.267390 99.766998 -0.076294 0.912090 0.402830 0.710567 0.924254 1 22 1.000000
 29 48.257694 10.135349 102.582314 0.256351 0.659664 0.706490 0.669917 0.908217 1 22 1.000000
 29 48.257694 12.150150 99.694565 0.234981 0.888712 0.393669 0.710567 0.908217 1 22 1.000000
MarioHand_alb.png
 29 48.257694 12.150150 99.694565 0.234981 0.888712 0.393669 0.710567 0.908217 1 22 1.000000
 29 49.153870 9.935480 102.210899 -0.205224 0.661065 0.721717 0.669917 0.893233 1 22 1.000000
 29 49.153870 11.830955 99.494179 -0.203318 0.898813 0.388325 0.710567 0.893233 1 22 1.000000
MarioHand_alb.png
 29 47.105137 12.267390 99.766998 -0.076294 0.912090 0.402830 0.710567 0.924254 1 22 1.000000
 29 47.102489 13.027592 96.311356 -0.076295 0.997085 0.000000 0.755230 0.924254 1 22 1.000000
 29 45.830864 11.972239 99.628647 -0.518803 0.783259 0.342563 0.710567 0.940383 1 22 1.000000
MarioHand_alb.png
 29 47.105137 12.267390 99.766998 -0.076294 0.912090 0.402830 0.710567 0.924254 1 22 1.000000
 29 48.257694 12.150150 99.694565 0.234981 0.888712 0.393669 0.710567 0.908217 1 22 1.000000
 29 47.102489 13.027592 96.311356 -0.076295 0.997085 0.000000 0.755230 0.924254 1 22 1.000000
MarioHand_alb.png
 29 45.830864 11.972239 99.628647 -0.518803 0.783259 0.342563 0.710567 0.940383 1 22 1.000000
 29 45.830864 12.701998 96.311356 -0.522245 0.852796 0.000000 0.755230 0.940383 1 22 1.000000
 29 44.989716 11.620769 96.311356 -0.994601 -0.103771 0.000000 0.755230 0.956008 1 22 1.000000
MarioHand_alb.png
 29 45.830864 11.972239 99.628647 -0.518803 0.783259 0.342563 0.710567 0.940383 1 22 1.000000
 29 47.102489 13.027592 96.311356 -0.076295 0.997085 0.000000 0.755230 0.924254 1 22 1.000000
 29 45.830864 12.701998 96.311356 -0.522245 0.852796 0.000000 0.755230 0.940383 1 22 1.000000
MarioHand_alb.png
 29 44.989716 11.620769 96.311356 -0.994601 -0.103771 0.000000 0.755230 0.956008 1 22 1.000000
 29 45.830864 12.701998 96.311356 -0.522245 0.852796 0.000000 0.755230 0.940383 1 22 1.000000
 29 45.830864 11.972238 92.994072 -0.518784 0.782943 -0.343313 0.799878 0.940383 1 22 1.000000
MarioHand_alb.png
 29 45.830864 12.701998 96.311356 -0.522245 0.852796 0.000000 0.755230 0.940383 1 22 1.000000
 29 47.102489 13.027592 96.311356 -0.076295 0.997085 0.000000 0.755230 0.924254 1 22 1.000000
 29 45.830864 11.972238 92.994072 -0.518784 0.782943 -0.343313 0.799878 0.940383 1 22 1.000000
MarioHand_alb.png
 29 44.989716 11.620769 96.311356 -0.994601 -0.103771 0.000000 0.755230 0.956008 1 22 1.000000
 29 45.830864 11.972238 92.994072 -0.518784 0.782943 -0.343313 0.799878 0.940383 1 22 1.000000
 29 44.991978 10.972115 93.362762 -0.993789 -0.103671 0.040438 0.799878 0.956008 1 22 1.000000
MarioHand_alb.png
 29 48.257694 12.150150 99.694565 0.234981 0.888712 0.393669 0.710567 0.908217 1 22 1.000000
 29 49.153870 11.830955 99.494179 -0.203318 0.898813 0.388325 0.710567 0.893233 1 22 1.000000
 29 48.257698 12.894416 96.311356 0.229273 0.973362 0.000000 0.755230 0.908217 1 22 1.000000
MarioHand_alb.png
 29 48.257694 12.150150 99.694565 0.234981 0.888712 0.393669 0.710567 0.908217 1 22 1.000000
 29 48.257698 12.894416 96.311356 0.229273 0.973362 0.000000 0.755230 0.908217 1 22 1.000000
 29 47.102489 13.027592 96.311356 -0.076295 0.997085 0.000000 0.755230 0.924254 1 22 1.000000
MarioHand_alb.png
 29 49.153870 11.830955 99.494179 -0.203318 0.898813 0.388325 0.710567 0.893233 1 22 1.000000
 29 49.153870 12.531140 96.311356 -0.187690 0.982226 0.002289 0.755230 0.893233 1 22 1.000000
 29 48.257698 12.894416 96.311356 0.229273 0.973362 0.000000 0.755230 0.908217 1 22 1.000000
MarioHand_alb.png
 29 49.153870 12.531140 96.311356 -0.187690 0.982226 0.002289 0.755230 0.893233 1 22 1.000000
 29 49.153870 11.828990 93.128517 -0.125119 0.922085 -0.366202 0.799878 0.893233 1 22 1.000000
 29 48.257698 12.894416 96.311356 0.229273 0.973362 0.000000 0.755230 0.908217 1 22 1.000000
MarioHand_alb.png
 29 49.153870 11.828990 93.128517 -0.125119 0.922085 -0.366202 0.799878 0.893233 1 22 1.000000
 29 48.257694 12.150149 92.928146 0.234992 0.889039 -0.392924 0.799878 0.908217 1 22 1.000000
 29 48.257698 12.894416 96.311356 0.229273 0.973362 0.000000 0.755230 0.908217 1 22 1.000000
MarioHand_alb.png
 29 48.257698 12.894416 96.311356 0.229273 0.973362 0.000000 0.755230 0.908217 1 22 1.000000
 29 48.257694 12.150149 92.928146 0.234992 0.889039 -0.392924 0.799878 0.908217 1 22 1.000000
 29 47.102489 13.027592 96.311356 -0.076295 0.997085 0.000000 0.755230 0.924254 1 22 1.000000
MarioHand_alb.png
 29 49.153870 11.828990 93.128517 -0.125119 0.922085 -0.366202 0.799878 0.893233 1 22 1.000000
 29 49.153870 9.933512 90.411804 -0.052646 0.667900 -0.742387 0.844251 0.893233 1 22 1.000000
 29 48.257694 12.150149 92.928146 0.234992 0.889039 -0.392924 0.799878 0.908217 1 22 1.000000
MarioHand_alb.png
 29 48.257694 12.150149 92.928146 0.234992 0.889039 -0.392924 0.799878 0.908217 1 22 1.000000
 29 47.105133 12.267389 92.855728 -0.076293 0.911415 -0.404353 0.799878 0.924254 1 22 1.000000
 29 47.102489 13.027592 96.311356 -0.076295 0.997085 0.000000 0.755230 0.924254 1 22 1.000000
MarioHand_alb.png
 29 45.830864 11.972238 92.994072 -0.518784 0.782943 -0.343313 0.799878 0.940383 1 22 1.000000
 29 47.102489 13.027592 96.311356 -0.076295 0.997085 0.000000 0.755230 0.924254 1 22 1.000000
 29 47.105133 12.267389 92.855728 -0.076293 0.911415 -0.404353 0.799878 0.924254 1 22 1.000000
MarioHand_alb.png
 29 49.153870 9.933512 90.411804 -0.052646 0.667900 -0.742387 0.844251 0.893233 1 22 1.000000
 29 48.257694 10.135345 90.040405 0.256351 0.659664 -0.706490 0.844251 0.908217 1 22 1.000000
 29 48.257694 12.150149 92.928146 0.234992 0.889039 -0.392924 0.799878 0.908217 1 22 1.000000
MarioHand_alb.png
 29 48.257694 12.150149 92.928146 0.234992 0.889039 -0.392924 0.799878 0.908217 1 22 1.000000
 29 48.257694 10.135345 90.040405 0.256351 0.659664 -0.706490 0.844251 0.908217 1 22 1.000000
 29 47.105133 12.267389 92.855728 -0.076293 0.911415 -0.404353 0.799878 0.924254 1 22 1.000000
MarioHand_alb.png
 29 49.153870 9.933512 90.411804 -0.052646 0.667900 -0.742387 0.844251 0.893233 1 22 1.000000
 29 49.153870 7.047823 88.627319 0.090013 0.279859 -0.955812 0.886946 0.893233 1 22 1.000000
 29 48.257694 10.135345 90.040405 0.256351 0.659664 -0.706490 0.844251 0.908217 1 22 1.000000
MarioHand_alb.png
 29 45.830864 11.972238 92.994072 -0.518784 0.782943 -0.343313 0.799878 0.940383 1 22 1.000000
 29 47.105133 12.267389 92.855728 -0.076293 0.911415 -0.404353 0.799878 0.924254 1 22 1.000000
 29 45.830864 9.996689 90.162590 -0.513023 0.591025 -0.622493 0.844251 0.940383 1 22 1.000000
MarioHand_alb.png
 29 45.830864 11.972238 92.994072 -0.518784 0.782943 -0.343313 0.799878 0.940383 1 22 1.000000
 29 45.830864 9.996689 90.162590 -0.513023 0.591025 -0.622493 0.844251 0.940383 1 22 1.000000
 29 44.991978 10.972115 93.362762 -0.993789 -0.103671 0.040438 0.799878 0.956008 1 22 1.000000
MarioHand_alb.png
 29 44.991978 10.972115 93.362762 -0.993789 -0.103671 0.040438 0.799878 0.956008 1 22 1.000000
 29 45.830864 9.996689 90.162590 -0.513023 0.591025 -0.622493 0.844251 0.940383 1 22 1.000000
 29 44.998104 9.216145 90.845993 -0.993510 -0.082220 0.078596 0.844251 0.956008 1 22 1.000000
MarioHand_alb.png
 29 47.105133 12.267389 92.855728 -0.076293 0.911415 -0.404353 0.799878 0.924254 1 22 1.000000
 29 48.257694 10.135345 90.040405 0.256351 0.659664 -0.706490 0.844251 0.908217 1 22 1.000000
 29 47.112320 10.209452 89.906151 -0.072478 0.681101 -0.728593 0.844251 0.924254 1 22 1.000000
MarioHand_alb.png
 29 45.830864 9.996689 90.162590 -0.513023 0.591025 -0.622493 0.844251 0.940383 1 22 1.000000
 29 47.105133 12.267389 92.855728 -0.076293 0.911415 -0.404353 0.799878 0.924254 1 22 1.000000
 29 47.112320 10.209452 89.906151 -0.072478 0.681101 -0.728593 0.844251 0.924254 1 22 1.000000
MarioHand_alb.png
 29 49.153870 7.047823 88.627319 0.090013 0.279859 -0.955812 0.886946 0.893233 1 22 1.000000
 29 48.257694 7.067995 88.143578 0.285736 0.344581 -0.894214 0.886946 0.908217 1 22 1.000000
 29 48.257694 10.135345 90.040405 0.256351 0.659664 -0.706490 0.844251 0.908217 1 22 1.000000
MarioHand_alb.png
 29 48.257694 7.067995 88.143578 0.285736 0.344581 -0.894214 0.886946 0.908217 1 22 1.000000
 29 47.112320 10.209452 89.906151 -0.072478 0.681101 -0.728593 0.844251 0.924254 1 22 1.000000
 29 48.257694 10.135345 90.040405 0.256351 0.659664 -0.706490 0.844251 0.908217 1 22 1.000000
MarioHand_alb.png
 29 49.153870 7.047823 88.627319 0.090013 0.279859 -0.955812 0.886946 0.893233 1 22 1.000000
 29 49.160374 3.667027 87.968140 0.133154 0.052818 -0.989687 0.930816 0.893233 1 22 1.000000
 29 48.257694 7.067995 88.143578 0.285736 0.344581 -0.894214 0.886946 0.908217 1 22 1.000000
MarioHand_alb.png
 29 48.257687 3.474372 87.442894 0.324907 -0.003909 -0.945738 0.930816 0.908217 1 22 1.000000
 29 48.257694 7.067995 88.143578 0.285736 0.344581 -0.894214 0.886946 0.908217 1 22 1.000000
 29 49.160374 3.667027 87.968140 0.133154 0.052818 -0.989687 0.930816 0.893233 1 22 1.000000
MarioHand_alb.png
 29 45.830864 9.996689 90.162590 -0.513023 0.591025 -0.622493 0.844251 0.940383 1 22 1.000000
 29 45.830864 6.989100 88.302719 -0.506332 0.316791 -0.802042 0.886946 0.940383 1 22 1.000000
 29 44.998104 9.216145 90.845993 -0.993510 -0.082220 0.078596 0.844251 0.956008 1 22 1.000000
MarioHand_alb.png
 29 45.830864 9.996689 90.162590 -0.513023 0.591025 -0.622493 0.844251 0.940383 1 22 1.000000
 29 47.112320 10.209452 89.906151 -0.072478 0.681101 -0.728593 0.844251 0.924254 1 22 1.000000
 29 45.830864 6.989100 88.302719 -0.506332 0.316791 -0.802042 0.886946 0.940383 1 22 1.000000
MarioHand_alb.png
 29 44.998104 9.216145 90.845993 -0.993510 -0.082220 0.078596 0.844251 0.956008 1 22 1.000000
 29 45.830864 6.989100 88.302719 -0.506332 0.316791 -0.802042 0.886946 0.940383 1 22 1.000000
 29 45.007439 6.542838 89.192825 -0.992211 -0.050927 0.113679 0.886946 0.956008 1 22 1.000000
MarioHand_alb.png
 29 47.123253 7.076427 87.968712 -0.070209 0.358106 -0.931037 0.886946 0.924254 1 22 1.000000
 29 47.112320 10.209452 89.906151 -0.072478 0.681101 -0.728593 0.844251 0.924254 1 22 1.000000
 29 48.257694 7.067995 88.143578 0.285736 0.344581 -0.894214 0.886946 0.908217 1 22 1.000000
MarioHand_alb.png
 29 47.123253 7.076427 87.968712 -0.070209 0.358106 -0.931037 0.886946 0.924254 1 22 1.000000
 29 48.257694 7.067995 88.143578 0.285736 0.344581 -0.894214 0.886946 0.908217 1 22 1.000000
 29 48.257687 3.474372 87.442894 0.324907 -0.003909 -0.945738 0.930816 0.908217 1 22 1.000000
MarioHand_alb.png
 29 45.830864 6.989100 88.302719 -0.506332 0.316791 -0.802042 0.886946 0.940383 1 22 1.000000
 29 47.112320 10.209452 89.906151 -0.072478 0.681101 -0.728593 0.844251 0.924254 1 22 1.000000
 29 47.123253 7.076427 87.968712 -0.070209 0.358106 -0.931037 0.886946 0.924254 1 22 1.000000
MarioHand_alb.png
 29 47.136063 3.405865 87.253021 -0.068644 -0.005816 -0.997624 0.930816 0.924254 1 22 1.000000
 29 47.123253 7.076427 87.968712 -0.070209 0.358106 -0.931037 0.886946 0.924254 1 22 1.000000
 29 48.257687 3.474372 87.442894 0.324907 -0.003909 -0.945738 0.930816 0.908217 1 22 1.000000
MarioHand_alb.png
 29 45.830860 3.465494 87.615677 -0.505148 0.003911 -0.863024 0.930816 0.940383 1 22 1.000000
 29 47.123253 7.076427 87.968712 -0.070209 0.358106 -0.931037 0.886946 0.924254 1 22 1.000000
 29 47.136063 3.405865 87.253021 -0.068644 -0.005816 -0.997624 0.930816 0.924254 1 22 1.000000
MarioHand_alb.png
 29 45.830864 6.989100 88.302719 -0.506332 0.316791 -0.802042 0.886946 0.940383 1 22 1.000000
 29 47.123253 7.076427 87.968712 -0.070209 0.358106 -0.931037 0.886946 0.924254 1 22 1.000000
 29 45.830860 3.465494 87.615677 -0.505148 0.003911 -0.863024 0.930816 0.940383 1 22 1.000000
MarioHand_alb.png
 29 45.830864 6.989100 88.302719 -0.506332 0.316791 -0.802042 0.886946 0.940383 1 22 1.000000
 29 45.830860 3.465494 87.615677 -0.505148 0.003911 -0.863024 0.930816 0.940383 1 22 1.000000
 29 45.007439 6.542838 89.192825 -0.992211 -0.050927 0.113679 0.886946 0.956008 1 22 1.000000
MarioHand_alb.png
 29 45.007439 6.542838 89.192825 -0.992211 -0.050927 0.113679 0.886946 0.956008 1 22 1.000000
 29 45.830860 3.465494 87.615677 -0.505148 0.003911 -0.863024 0.930816 0.940383 1 22 1.000000
 29 45.018372 3.410859 88.582153 -0.992323 -0.003911 0.123611 0.930816 0.956008 1 22 1.000000
MarioHand_alb.png
 29 60.233948 9.442625 105.190674 0.328812 0.710169 0.622530 0.073045 0.920958 1 22 1.000000
 29 59.581917 9.085223 105.977348 0.283370 0.320460 0.903885 0.064149 0.912490 1 22 1.000000
 29 60.578278 8.872711 105.413612 0.494798 0.293560 0.817923 0.077577 0.912490 1 22 1.000000
MarioHand_alb.png
 29 59.581917 9.085223 105.977348 0.283370 0.320460 0.903885 0.064149 0.912490 1 22 1.000000
 29 60.227821 8.297356 105.613190 0.315042 -0.152563 0.936735 0.073045 0.904021 1 22 1.000000
 29 60.578278 8.872711 105.413612 0.494798 0.293560 0.817923 0.077577 0.912490 1 22 1.000000
MarioHand_alb.png
 29 59.581917 9.085223 105.977348 0.283370 0.320460 0.903885 0.064149 0.912490 1 22 1.000000
 29 58.097836 8.378485 106.178528 -0.060664 -0.276230 0.959175 0.043687 0.902281 1 22 1.000000
 29 59.188789 7.835011 105.740517 0.196064 -0.299341 0.933785 0.060639 0.897826 1 22 1.000000
MarioHand_alb.png
 29 59.581917 9.085223 105.977348 0.283370 0.320460 0.903885 0.064149 0.912490 1 22 1.000000
 29 59.193581 9.887636 105.002914 0.205227 0.822147 0.530996 0.060639 0.927169 1 22 1.000000
 29 58.105400 9.768345 105.667931 -0.046539 0.826156 0.561516 0.043687 0.922713 1 22 1.000000
MarioHand_alb.png
 29 59.581917 9.085223 105.977348 0.283370 0.320460 0.903885 0.064149 0.912490 1 22 1.000000
 29 58.088375 9.196757 106.258774 -0.062962 0.341042 0.937937 0.043687 0.912490 1 22 1.000000
 29 58.097836 8.378485 106.178528 -0.060664 -0.276230 0.959175 0.043687 0.902281 1 22 1.000000
MarioHand_alb.png
 29 59.581917 9.085223 105.977348 0.283370 0.320460 0.903885 0.064149 0.912490 1 22 1.000000
 29 58.105400 9.768345 105.667931 -0.046539 0.826156 0.561516 0.043687 0.922713 1 22 1.000000
 29 58.088375 9.196757 106.258774 -0.062962 0.341042 0.937937 0.043687 0.912490 1 22 1.000000
MarioHand_alb.png
 29 58.097836 8.378485 106.178528 -0.060664 -0.276230 0.959175 0.043687 0.902281 1 22 1.000000
 29 58.088375 9.196757 106.258774 -0.062962 0.341042 0.937937 0.043687 0.912490 1 22 1.000000
 29 56.621323 9.061601 105.869118 -0.402886 0.311225 0.860710 0.023239 0.912490 1 22 1.000000
MarioHand_alb.png
 29 58.105400 9.768345 105.667931 -0.046539 0.826156 0.561516 0.043687 0.922713 1 22 1.000000
 29 56.621323 9.061601 105.869118 -0.402886 0.311225 0.860710 0.023239 0.912490 1 22 1.000000
 29 58.088375 9.196757 106.258774 -0.062962 0.341042 0.937937 0.043687 0.912490 1 22 1.000000
MarioHand_alb.png
 29 58.097836 8.378485 106.178528 -0.060664 -0.276230 0.959175 0.043687 0.902281 1 22 1.000000
 29 56.621323 9.061601 105.869118 -0.402886 0.311225 0.860710 0.023239 0.912490 1 22 1.000000
 29 57.057014 7.818653 105.644974 -0.305187 -0.316917 0.898011 0.026749 0.897826 1 22 1.000000
MarioHand_alb.png
 29 58.105400 9.768345 105.667931 -0.046539 0.826156 0.561516 0.043687 0.922713 1 22 1.000000
 29 57.061813 9.871284 104.907379 -0.291809 0.819734 0.492832 0.026749 0.927169 1 22 1.000000
 29 56.621323 9.061601 105.869118 -0.402886 0.311225 0.860710 0.023239 0.912490 1 22 1.000000
MarioHand_alb.png
 29 56.621323 9.061601 105.869118 -0.402886 0.311225 0.860710 0.023239 0.912490 1 22 1.000000
 29 55.672310 8.833571 105.234245 -0.600412 0.279703 0.749180 0.009812 0.912490 1 22 1.000000
 29 56.016651 8.263659 105.457199 -0.418575 -0.170177 0.892096 0.014343 0.904021 1 22 1.000000
MarioHand_alb.png
 29 56.621323 9.061601 105.869118 -0.402886 0.311225 0.860710 0.023239 0.912490 1 22 1.000000
 29 56.022778 9.408927 105.034691 -0.418478 0.704680 0.572976 0.014343 0.920958 1 22 1.000000
 29 55.672310 8.833571 105.234245 -0.600412 0.279703 0.749180 0.009812 0.912490 1 22 1.000000
MarioHand_alb.png
 29 56.319389 -2.071729 105.840263 -0.458222 -0.246852 0.853872 0.044770 0.860594 1 22 1.000000
 29 55.750053 -1.306323 105.316032 -0.499116 0.205640 0.841781 0.035859 0.869078 1 22 1.000000
 29 55.439415 -1.893792 105.109116 -0.649620 -0.217168 0.728582 0.031296 0.860594 1 22 1.000000
MarioHand_alb.png
 29 56.319389 -2.071729 105.840263 -0.458222 -0.246852 0.853872 0.044770 0.860594 1 22 1.000000
 29 55.439415 -1.893792 105.109116 -0.649620 -0.217168 0.728582 0.031296 0.860594 1 22 1.000000
 29 55.780319 -2.489127 104.991745 -0.477228 -0.630009 0.612652 0.035859 0.852110 1 22 1.000000
MarioHand_alb.png
 29 56.319389 -2.071729 105.840263 -0.458222 -0.246852 0.853872 0.044770 0.860594 1 22 1.000000
 29 55.780319 -2.489127 104.991745 -0.477228 -0.630009 0.612652 0.035859 0.852110 1 22 1.000000
 29 56.681488 -2.932806 104.995346 -0.334183 -0.761448 0.555445 0.048280 0.845899 1 22 1.000000
MarioHand_alb.png
 29 56.319389 -2.071729 105.840263 -0.458222 -0.246852 0.853872 0.044770 0.860594 1 22 1.000000
 29 56.681488 -2.932806 104.995346 -0.334183 -0.761448 0.555445 0.048280 0.845899 1 22 1.000000
 29 57.805107 -2.803220 105.846199 -0.094222 -0.778714 0.620263 0.065263 0.850355 1 22 1.000000
MarioHand_alb.png
 29 56.319389 -2.071729 105.840263 -0.458222 -0.246852 0.853872 0.044770 0.860594 1 22 1.000000
 29 56.629044 -0.884137 105.557068 -0.361732 0.354244 0.862358 0.048280 0.875303 1 22 1.000000
 29 55.750053 -1.306323 105.316032 -0.499116 0.205640 0.841781 0.035859 0.869078 1 22 1.000000
MarioHand_alb.png
 29 56.319389 -2.071729 105.840263 -0.458222 -0.246852 0.853872 0.044770 0.860594 1 22 1.000000
 29 57.768555 -1.375658 106.237625 -0.123217 0.348218 0.929280 0.065263 0.870832 1 22 1.000000
 29 56.629044 -0.884137 105.557068 -0.361732 0.354244 0.862358 0.048280 0.875303 1 22 1.000000
MarioHand_alb.png
 29 56.319389 -2.071729 105.840263 -0.458222 -0.246852 0.853872 0.044770 0.860594 1 22 1.000000
 29 57.805107 -2.803220 105.846199 -0.094222 -0.778714 0.620263 0.065263 0.850355 1 22 1.000000
 29 57.738747 -2.184326 106.383492 -0.135045 -0.265989 0.954470 0.065263 0.860594 1 22 1.000000
MarioHand_alb.png
 29 56.319389 -2.071729 105.840263 -0.458222 -0.246852 0.853872 0.044770 0.860594 1 22 1.000000
 29 57.738747 -2.184326 106.383492 -0.135045 -0.265989 0.954470 0.065263 0.860594 1 22 1.000000
 29 57.768555 -1.375658 106.237625 -0.123217 0.348218 0.929280 0.065263 0.870832 1 22 1.000000
MarioHand_alb.png
 29 57.738747 -2.184326 106.383492 -0.135045 -0.265989 0.954470 0.065263 0.860594 1 22 1.000000
 29 57.805107 -2.803220 105.846199 -0.094222 -0.778714 0.620263 0.065263 0.850355 1 22 1.000000
 29 59.254257 -2.107163 106.243568 0.205198 -0.254209 0.945131 0.085756 0.860594 1 22 1.000000
MarioHand_alb.png
 29 57.738747 -2.184326 106.383492 -0.135045 -0.265989 0.954470 0.065263 0.860594 1 22 1.000000
 29 59.254257 -2.107163 106.243568 0.205198 -0.254209 0.945131 0.085756 0.860594 1 22 1.000000
 29 57.768555 -1.375658 106.237625 -0.123217 0.348218 0.929280 0.065263 0.870832 1 22 1.000000
MarioHand_alb.png
 29 57.805107 -2.803220 105.846199 -0.094222 -0.778714 0.620263 0.065263 0.850355 1 22 1.000000
 29 59.113152 -2.962170 105.329514 0.152595 -0.766909 0.623350 0.082246 0.845899 1 22 1.000000
 29 59.254257 -2.107163 106.243568 0.205198 -0.254209 0.945131 0.085756 0.860594 1 22 1.000000
MarioHand_alb.png
 29 59.254257 -2.107163 106.243568 0.205198 -0.254209 0.945131 0.085756 0.860594 1 22 1.000000
 29 59.113152 -2.962170 105.329514 0.152595 -0.766909 0.623350 0.082246 0.845899 1 22 1.000000
 29 59.992123 -2.539985 105.570526 0.278138 -0.640571 0.715757 0.094667 0.852110 1 22 1.000000
MarioHand_alb.png
 29 57.768555 -1.375658 106.237625 -0.123217 0.348218 0.929280 0.065263 0.870832 1 22 1.000000
 29 59.254257 -2.107163 106.243568 0.205198 -0.254209 0.945131 0.085756 0.860594 1 22 1.000000
 29 59.060703 -0.913498 105.891212 0.125096 0.348120 0.929066 0.082246 0.875303 1 22 1.000000
MarioHand_alb.png
 29 59.254257 -2.107163 106.243568 0.205198 -0.254209 0.945131 0.085756 0.860594 1 22 1.000000
 29 59.961830 -1.357189 105.894829 0.256363 0.197923 0.946100 0.094667 0.869078 1 22 1.000000
 29 59.060703 -0.913498 105.891212 0.125096 0.348120 0.929066 0.082246 0.875303 1 22 1.000000
MarioHand_alb.png
 29 59.254257 -2.107163 106.243568 0.205198 -0.254209 0.945131 0.085756 0.860594 1 22 1.000000
 29 60.302753 -1.952513 105.777443 0.423077 -0.229016 0.876674 0.099229 0.860594 1 22 1.000000
 29 59.961830 -1.357189 105.894829 0.256363 0.197923 0.946100 0.094667 0.869078 1 22 1.000000
MarioHand_alb.png
 29 59.254257 -2.107163 106.243568 0.205198 -0.254209 0.945131 0.085756 0.860594 1 22 1.000000
 29 59.992123 -2.539985 105.570526 0.278138 -0.640571 0.715757 0.094667 0.852110 1 22 1.000000
 29 60.302753 -1.952513 105.777443 0.423077 -0.229016 0.876674 0.099229 0.860594 1 22 1.000000
MarioHand_alb.png
 29 60.129509 4.117122 106.252625 0.332592 0.436337 0.836058 0.174807 0.908247 1 22 1.000000
 29 59.451851 3.503901 106.843796 0.282371 0.003911 0.959297 0.165896 0.899763 1 22 1.000000
 29 60.459366 3.504579 106.273285 0.493009 0.003911 0.870016 0.179355 0.899763 1 22 1.000000
MarioHand_alb.png
 29 59.451851 3.503901 106.843796 0.282371 0.003911 0.959297 0.165896 0.899763 1 22 1.000000
 29 60.132545 2.890305 106.256470 0.334845 -0.430355 0.838256 0.174807 0.891279 1 22 1.000000
 29 60.459366 3.504579 106.273285 0.493009 0.003911 0.870016 0.179355 0.899763 1 22 1.000000
MarioHand_alb.png
 29 59.451851 3.503901 106.843796 0.282371 0.003911 0.959297 0.165896 0.899763 1 22 1.000000
 29 59.236603 2.438885 106.206696 0.201414 -0.575395 0.792687 0.162371 0.885069 1 22 1.000000
 29 60.132545 2.890305 106.256470 0.334845 -0.430355 0.838256 0.174807 0.891279 1 22 1.000000
MarioHand_alb.png
 29 59.451851 3.503901 106.843796 0.282371 0.003911 0.959297 0.165896 0.899763 1 22 1.000000
 29 57.974762 2.759641 106.761726 -0.045008 -0.582384 0.811667 0.145403 0.889525 1 22 1.000000
 29 59.236603 2.438885 106.206696 0.201414 -0.575395 0.792687 0.162371 0.885069 1 22 1.000000
MarioHand_alb.png
 29 59.451851 3.503901 106.843796 0.282371 0.003911 0.959297 0.165896 0.899763 1 22 1.000000
 29 60.129509 4.117122 106.252625 0.332592 0.436337 0.836058 0.174807 0.908247 1 22 1.000000
 29 59.231392 4.563795 106.200027 0.199475 0.581453 0.788747 0.162371 0.914458 1 22 1.000000
MarioHand_alb.png
 29 59.451851 3.503901 106.843796 0.282371 0.003911 0.959297 0.165896 0.899763 1 22 1.000000
 29 59.231392 4.563795 106.200027 0.199475 0.581453 0.788747 0.162371 0.914458 1 22 1.000000
 29 57.971111 4.240333 106.757057 -0.046924 0.587308 0.808002 0.145403 0.910002 1 22 1.000000
MarioHand_alb.png
 29 59.451851 3.503901 106.843796 0.282371 0.003911 0.959297 0.165896 0.899763 1 22 1.000000
 29 57.952522 3.501061 107.116570 -0.056441 0.003909 0.998398 0.145403 0.899763 1 22 1.000000
 29 57.974762 2.759641 106.761726 -0.045008 -0.582384 0.811667 0.145403 0.889525 1 22 1.000000
MarioHand_alb.png
 29 59.451851 3.503901 106.843796 0.282371 0.003911 0.959297 0.165896 0.899763 1 22 1.000000
 29 57.971111 4.240333 106.757057 -0.046924 0.587308 0.808002 0.145403 0.910002 1 22 1.000000
 29 57.952522 3.501061 107.116570 -0.056441 0.003909 0.998398 0.145403 0.899763 1 22 1.000000
MarioHand_alb.png
 29 57.952522 3.501061 107.116570 -0.056441 0.003909 0.998398 0.145403 0.899763 1 22 1.000000
 29 56.494011 3.496081 106.674995 -0.387647 0.001955 0.921806 0.124910 0.899763 1 22 1.000000
 29 57.974762 2.759641 106.761726 -0.045008 -0.582384 0.811667 0.145403 0.889525 1 22 1.000000
MarioHand_alb.png
 29 57.952522 3.501061 107.116570 -0.056441 0.003909 0.998398 0.145403 0.899763 1 22 1.000000
 29 57.971111 4.240333 106.757057 -0.046924 0.587308 0.808002 0.145403 0.910002 1 22 1.000000
 29 56.494011 3.496081 106.674995 -0.387647 0.001955 0.921806 0.124910 0.899763 1 22 1.000000
MarioHand_alb.png
 29 57.974762 2.759641 106.761726 -0.045008 -0.582384 0.811667 0.145403 0.889525 1 22 1.000000
 29 56.494011 3.496081 106.674995 -0.387647 0.001955 0.921806 0.124910 0.899763 1 22 1.000000
 29 56.785889 2.432409 106.066856 -0.287657 -0.575814 0.765305 0.128420 0.885069 1 22 1.000000
MarioHand_alb.png
 29 56.494011 3.496081 106.674995 -0.387647 0.001955 0.921806 0.124910 0.899763 1 22 1.000000
 29 55.887787 2.879087 106.014252 -0.426534 -0.432590 0.794314 0.115984 0.891279 1 22 1.000000
 29 56.785889 2.432409 106.066856 -0.287657 -0.575814 0.765305 0.128420 0.885069 1 22 1.000000
MarioHand_alb.png
 29 57.971111 4.240333 106.757057 -0.046924 0.587308 0.808002 0.145403 0.910002 1 22 1.000000
 29 56.780670 4.557322 106.060158 -0.291425 0.579131 0.761367 0.128420 0.914458 1 22 1.000000
 29 56.494011 3.496081 106.674995 -0.387647 0.001955 0.921806 0.124910 0.899763 1 22 1.000000
MarioHand_alb.png
 29 56.494011 3.496081 106.674995 -0.387647 0.001955 0.921806 0.124910 0.899763 1 22 1.000000
 29 56.780670 4.557322 106.060158 -0.291425 0.579131 0.761367 0.128420 0.914458 1 22 1.000000
 29 55.884766 4.105906 106.010376 -0.428319 0.434040 0.792561 0.115984 0.908247 1 22 1.000000
MarioHand_alb.png
 29 56.494011 3.496081 106.674995 -0.387647 0.001955 0.921806 0.124910 0.899763 1 22 1.000000
 29 55.557934 3.491624 105.993553 -0.589078 0.001955 0.808074 0.111437 0.899763 1 22 1.000000
 29 55.887787 2.879087 106.014252 -0.426534 -0.432590 0.794314 0.115984 0.891279 1 22 1.000000
MarioHand_alb.png
 29 56.494011 3.496081 106.674995 -0.387647 0.001955 0.921806 0.124910 0.899763 1 22 1.000000
 29 55.884766 4.105906 106.010376 -0.428319 0.434040 0.792561 0.115984 0.908247 1 22 1.000000
 29 55.557934 3.491624 105.993553 -0.589078 0.001955 0.808074 0.111437 0.899763 1 22 1.000000
MarioHand_alb.png
 29 67.830795 3.288218 103.952873 0.082397 -0.910543 0.405120 0.559823 0.054444 1 22 1.000000
 29 65.707809 3.105057 102.327042 0.009155 0.999940 -0.006103 0.587182 0.028794 1 22 1.000000
 29 67.801399 2.947393 102.052246 0.006104 -0.999365 0.035096 0.586419 0.057710 1 22 1.000000
MarioHand_alb.png
 29 70.058838 3.040680 102.008766 0.059509 -0.998162 -0.011444 0.584222 0.089067 1 22 1.000000
 29 67.830795 3.288218 103.952873 0.082397 -0.910543 0.405120 0.559823 0.054444 1 22 1.000000
 29 67.801399 2.947393 102.052246 0.006104 -0.999365 0.035096 0.586419 0.057710 1 22 1.000000
MarioHand_alb.png
 29 70.058838 3.040680 102.008766 0.059509 -0.998162 -0.011444 0.584222 0.089067 1 22 1.000000
 29 67.801399 2.947393 102.052246 0.006104 -0.999365 0.035096 0.586419 0.057710 1 22 1.000000
 29 67.743744 3.290047 99.399200 0.090025 -0.714812 -0.693498 0.622583 0.062257 1 22 1.000000
MarioHand_alb.png
 29 67.801399 2.947393 102.052246 0.006104 -0.999365 0.035096 0.586419 0.057710 1 22 1.000000
 29 65.394493 3.141532 99.350586 0.614126 0.213299 -0.759838 0.627543 0.030091 1 22 1.000000
 29 67.743744 3.290047 99.399200 0.090025 -0.714812 -0.693498 0.622583 0.062257 1 22 1.000000
MarioHand_alb.png
 29 67.743744 3.290047 99.399200 0.090025 -0.714812 -0.693498 0.622583 0.062257 1 22 1.000000
 29 65.394493 3.141532 99.350586 0.614126 0.213299 -0.759838 0.627543 0.030091 1 22 1.000000
 29 65.564560 6.138648 97.279739 0.680490 -0.041100 -0.731603 0.674754 0.041138 1 22 1.000000
MarioHand_alb.png
 29 67.743744 3.290047 99.399200 0.090025 -0.714812 -0.693498 0.622583 0.062257 1 22 1.000000
 29 65.564560 6.138648 97.279739 0.680490 -0.041100 -0.731603 0.674754 0.041138 1 22 1.000000
 29 67.823235 6.203519 97.661842 0.087713 -0.078369 -0.993058 0.666743 0.072892 1 22 1.000000
MarioHand_alb.png
 29 70.013870 3.562863 99.428230 0.083925 -0.698867 -0.710311 0.619257 0.095415 1 22 1.000000
 29 67.743744 3.290047 99.399200 0.090025 -0.714812 -0.693498 0.622583 0.062257 1 22 1.000000
 29 67.823235 6.203519 97.661842 0.087713 -0.078369 -0.993058 0.666743 0.072892 1 22 1.000000
MarioHand_alb.png
 29 70.058838 3.040680 102.008766 0.059509 -0.998162 -0.011444 0.584222 0.089067 1 22 1.000000
 29 67.743744 3.290047 99.399200 0.090025 -0.714812 -0.693498 0.622583 0.062257 1 22 1.000000
 29 70.013870 3.562863 99.428230 0.083925 -0.698867 -0.710311 0.619257 0.095415 1 22 1.000000
MarioHand_alb.png
 29 70.021378 6.289598 97.757996 0.068673 -0.072489 -0.995002 0.661418 0.104524 1 22 1.000000
 29 70.013870 3.562863 99.428230 0.083925 -0.698867 -0.710311 0.619257 0.095415 1 22 1.000000
 29 67.823235 6.203519 97.661842 0.087713 -0.078369 -0.993058 0.666743 0.072892 1 22 1.000000
MarioHand_alb.png
 29 72.262253 3.786673 99.427979 0.068667 -0.739978 -0.669117 0.616129 0.128161 1 22 1.000000
 29 70.013870 3.562863 99.428230 0.083925 -0.698867 -0.710311 0.619257 0.095415 1 22 1.000000
 29 70.021378 6.289598 97.757996 0.068673 -0.072489 -0.995002 0.661418 0.104524 1 22 1.000000
MarioHand_alb.png
 29 72.262253 3.786673 99.427979 0.068667 -0.739978 -0.669117 0.616129 0.128161 1 22 1.000000
 29 70.058838 3.040680 102.008766 0.059509 -0.998162 -0.011444 0.584222 0.089067 1 22 1.000000
 29 70.013870 3.562863 99.428230 0.083925 -0.698867 -0.710311 0.619257 0.095415 1 22 1.000000
MarioHand_alb.png
 29 72.269707 6.358712 97.917580 0.074021 -0.052845 -0.995856 0.654856 0.137652 1 22 1.000000
 29 72.262253 3.786673 99.427979 0.068667 -0.739978 -0.669117 0.616129 0.128161 1 22 1.000000
 29 70.021378 6.289598 97.757996 0.068673 -0.072489 -0.995002 0.661418 0.104524 1 22 1.000000
MarioHand_alb.png
 29 74.444054 3.912027 99.460281 0.061033 -0.769045 -0.636274 0.611154 0.160403 1 22 1.000000
 29 72.262253 3.786673 99.427979 0.068667 -0.739978 -0.669117 0.616129 0.128161 1 22 1.000000
 29 72.269707 6.358712 97.917580 0.074021 -0.052845 -0.995856 0.654856 0.137652 1 22 1.000000
MarioHand_alb.png
 29 74.444054 3.912027 99.460281 0.061033 -0.769045 -0.636274 0.611154 0.160403 1 22 1.000000
 29 72.269707 6.358712 97.917580 0.074021 -0.052845 -0.995856 0.654856 0.137652 1 22 1.000000
 29 74.431740 6.432857 98.147385 0.074032 -0.031292 -0.996765 0.646815 0.170977 1 22 1.000000
MarioHand_alb.png
 29 72.293907 3.198565 102.003456 0.052643 -0.996144 -0.070191 0.581292 0.121340 1 22 1.000000
 29 70.058838 3.040680 102.008766 0.059509 -0.998162 -0.011444 0.584222 0.089067 1 22 1.000000
 29 72.262253 3.786673 99.427979 0.068667 -0.739978 -0.669117 0.616129 0.128161 1 22 1.000000
MarioHand_alb.png
 29 76.409286 4.069457 99.455925 0.085450 -0.741679 -0.665289 0.605158 0.188998 1 22 1.000000
 29 74.444054 3.912027 99.460281 0.061033 -0.769045 -0.636274 0.611154 0.160403 1 22 1.000000
 29 74.431740 6.432857 98.147385 0.074032 -0.031292 -0.996765 0.646815 0.170977 1 22 1.000000
MarioHand_alb.png
 29 76.409286 4.069457 99.455925 0.085450 -0.741679 -0.665289 0.605158 0.188998 1 22 1.000000
 29 74.431740 6.432857 98.147385 0.074032 -0.031292 -0.996765 0.646815 0.170977 1 22 1.000000
 29 76.403572 6.509699 98.341545 0.098437 -0.013735 -0.995049 0.637446 0.201129 1 22 1.000000
MarioHand_alb.png
 29 74.410553 3.254127 101.986145 0.033569 -0.996034 -0.082397 0.578073 0.152712 1 22 1.000000
 29 72.262253 3.786673 99.427979 0.068667 -0.739978 -0.669117 0.616129 0.128161 1 22 1.000000
 29 74.444054 3.912027 99.460281 0.061033 -0.769045 -0.636274 0.611154 0.160403 1 22 1.000000
MarioHand_alb.png
 29 74.410553 3.254127 101.986145 0.033569 -0.996034 -0.082397 0.578073 0.152712 1 22 1.000000
 29 72.293907 3.198565 102.003456 0.052643 -0.996144 -0.070191 0.581292 0.121340 1 22 1.000000
 29 72.262253 3.786673 99.427979 0.068667 -0.739978 -0.669117 0.616129 0.128161 1 22 1.000000
MarioHand_alb.png
 29 76.398697 3.240981 101.979736 0.064850 -0.993327 -0.095368 0.573419 0.180728 1 22 1.000000
 29 74.444054 3.912027 99.460281 0.061033 -0.769045 -0.636274 0.611154 0.160403 1 22 1.000000
 29 76.409286 4.069457 99.455925 0.085450 -0.741679 -0.665289 0.605158 0.188998 1 22 1.000000
MarioHand_alb.png
 29 76.398697 3.240981 101.979736 0.064850 -0.993327 -0.095368 0.573419 0.180728 1 22 1.000000
 29 74.410553 3.254127 101.986145 0.033569 -0.996034 -0.082397 0.578073 0.152712 1 22 1.000000
 29 74.444054 3.912027 99.460281 0.061033 -0.769045 -0.636274 0.611154 0.160403 1 22 1.000000
MarioHand_alb.png
 29 78.328705 4.305347 99.565041 0.250248 -0.696097 -0.672923 0.595956 0.215961 1 22 1.000000
 29 76.409286 4.069457 99.455925 0.085450 -0.741679 -0.665289 0.605158 0.188998 1 22 1.000000
 29 76.403572 6.509699 98.341545 0.098437 -0.013735 -0.995049 0.637446 0.201129 1 22 1.000000
MarioHand_alb.png
 29 78.328705 4.305347 99.565041 0.250248 -0.696097 -0.672923 0.595956 0.215961 1 22 1.000000
 29 76.403572 6.509699 98.341545 0.098437 -0.013735 -0.995049 0.637446 0.201129 1 22 1.000000
 29 78.324936 6.563415 98.625519 0.257948 0.000000 -0.966159 0.623575 0.229175 1 22 1.000000
MarioHand_alb.png
 29 78.328705 4.305347 99.565041 0.250248 -0.696097 -0.672923 0.595956 0.215961 1 22 1.000000
 29 78.324936 6.563415 98.625519 0.257948 0.000000 -0.966159 0.623575 0.229175 1 22 1.000000
 29 80.068115 6.567202 99.455612 0.610078 0.002002 -0.792339 0.604318 0.251789 1 22 1.000000
MarioHand_alb.png
 29 78.330231 3.400743 101.875771 0.225066 -0.963729 -0.143432 0.567193 0.208698 1 22 1.000000
 29 76.398697 3.240981 101.979736 0.064850 -0.993327 -0.095368 0.573419 0.180728 1 22 1.000000
 29 76.409286 4.069457 99.455925 0.085450 -0.741679 -0.665289 0.605158 0.188998 1 22 1.000000
MarioHand_alb.png
 29 78.330231 3.400743 101.875771 0.225066 -0.963729 -0.143432 0.567193 0.208698 1 22 1.000000
 29 76.409286 4.069457 99.455925 0.085450 -0.741679 -0.665289 0.605158 0.188998 1 22 1.000000
 29 78.328705 4.305347 99.565041 0.250248 -0.696097 -0.672923 0.595956 0.215961 1 22 1.000000
MarioHand_alb.png
 29 80.070900 4.885959 100.152008 0.606612 -0.567984 -0.556252 0.583658 0.239170 1 22 1.000000
 29 78.328705 4.305347 99.565041 0.250248 -0.696097 -0.672923 0.595956 0.215961 1 22 1.000000
 29 80.068115 6.567202 99.455612 0.610078 0.002002 -0.792339 0.604318 0.251789 1 22 1.000000
MarioHand_alb.png
 29 80.070900 4.885959 100.152008 0.606612 -0.567984 -0.556252 0.583658 0.239170 1 22 1.000000
 29 80.068115 6.567202 99.455612 0.610078 0.002002 -0.792339 0.604318 0.251789 1 22 1.000000
 29 80.895943 6.568138 101.833252 0.999998 0.001907 0.000000 0.572961 0.269306 1 22 1.000000
MarioHand_alb.png
 29 80.072037 4.208746 101.833244 0.654567 -0.747640 -0.112146 0.557076 0.236805 1 22 1.000000
 29 80.070900 4.885959 100.152008 0.606612 -0.567984 -0.556252 0.583658 0.239170 1 22 1.000000
 29 80.895943 6.568138 101.833252 0.999998 0.001907 0.000000 0.572961 0.269306 1 22 1.000000
MarioHand_alb.png
 29 80.072037 4.208746 101.833244 0.654567 -0.747640 -0.112146 0.557076 0.236805 1 22 1.000000
 29 78.328705 4.305347 99.565041 0.250248 -0.696097 -0.672923 0.595956 0.215961 1 22 1.000000
 29 80.070900 4.885959 100.152008 0.606612 -0.567984 -0.556252 0.583658 0.239170 1 22 1.000000
MarioHand_alb.png
 29 80.072037 4.208746 101.833244 0.654567 -0.747640 -0.112146 0.557076 0.236805 1 22 1.000000
 29 78.330231 3.400743 101.875771 0.225066 -0.963729 -0.143432 0.567193 0.208698 1 22 1.000000
 29 78.328705 4.305347 99.565041 0.250248 -0.696097 -0.672923 0.595956 0.215961 1 22 1.000000
MarioHand_alb.png
 29 80.072037 4.208746 101.833244 0.654567 -0.747640 -0.112146 0.557076 0.236805 1 22 1.000000
 29 78.329613 3.831915 103.486465 0.231170 -0.858088 0.458525 0.549142 0.203143 1 22 1.000000
 29 78.330231 3.400743 101.875771 0.225066 -0.963729 -0.143432 0.567193 0.208698 1 22 1.000000
MarioHand_alb.png
 29 78.329613 3.831915 103.486465 0.231170 -0.858088 0.458525 0.549142 0.203143 1 22 1.000000
 29 76.398697 3.240981 101.979736 0.064850 -0.993327 -0.095368 0.573419 0.180728 1 22 1.000000
 29 78.330231 3.400743 101.875771 0.225066 -0.963729 -0.143432 0.567193 0.208698 1 22 1.000000
MarioHand_alb.png
 29 80.070824 4.921936 103.509239 0.757496 -0.465520 0.457701 0.534966 0.226062 1 22 1.000000
 29 78.329613 3.831915 103.486465 0.231170 -0.858088 0.458525 0.549142 0.203143 1 22 1.000000
 29 80.072037 4.208746 101.833244 0.654567 -0.747640 -0.112146 0.557076 0.236805 1 22 1.000000
MarioHand_alb.png
 29 80.895943 6.568138 101.833252 0.999998 0.001907 0.000000 0.513207 0.252415 1 22 1.000000
 29 80.070824 4.921936 103.509239 0.757496 -0.465520 0.457701 0.534966 0.226062 1 22 1.000000
 29 80.072037 4.208746 101.833244 0.654567 -0.747640 -0.112146 0.557076 0.236805 1 22 1.000000
MarioHand_alb.png
 29 78.329613 3.831915 103.486465 0.231170 -0.858088 0.458525 0.549142 0.203143 1 22 1.000000
 29 76.397034 3.624417 103.686699 0.076294 -0.880598 0.467681 0.552834 0.175814 1 22 1.000000
 29 76.398697 3.240981 101.979736 0.064850 -0.993327 -0.095368 0.573419 0.180728 1 22 1.000000
MarioHand_alb.png
 29 80.895943 6.568138 101.833252 0.999998 0.001907 0.000000 0.513207 0.252415 1 22 1.000000
 29 80.068100 6.567203 104.210892 0.753178 0.005819 0.657791 0.512703 0.222461 1 22 1.000000
 29 80.070824 4.921936 103.509239 0.757496 -0.465520 0.457701 0.534966 0.226062 1 22 1.000000
MarioHand_alb.png
 29 80.070824 4.921936 103.509239 0.757496 -0.465520 0.457701 0.534966 0.226062 1 22 1.000000
 29 78.348953 4.922248 104.646393 0.232747 -0.464063 0.854678 0.531472 0.199420 1 22 1.000000
 29 78.329613 3.831915 103.486465 0.231170 -0.858088 0.458525 0.549142 0.203143 1 22 1.000000
MarioHand_alb.png
 29 78.329613 3.831915 103.486465 0.231170 -0.858088 0.458525 0.549142 0.203143 1 22 1.000000
 29 78.348953 4.922248 104.646393 0.232747 -0.464063 0.854678 0.531472 0.199420 1 22 1.000000
 29 76.397034 3.624417 103.686699 0.076294 -0.880598 0.467681 0.552834 0.175814 1 22 1.000000
MarioHand_alb.png
 29 80.070824 4.921936 103.509239 0.757496 -0.465520 0.457701 0.534966 0.226062 1 22 1.000000
 29 80.068100 6.567203 104.210892 0.753178 0.005819 0.657791 0.512703 0.222461 1 22 1.000000
 29 78.348953 4.922248 104.646393 0.232747 -0.464063 0.854678 0.531472 0.199420 1 22 1.000000
MarioHand_alb.png
 29 76.397034 3.624417 103.686699 0.076294 -0.880598 0.467681 0.552834 0.175814 1 22 1.000000
 29 74.465164 3.573353 103.740517 0.031281 -0.888522 0.457767 0.555459 0.148333 1 22 1.000000
 29 76.398697 3.240981 101.979736 0.064850 -0.993327 -0.095368 0.573419 0.180728 1 22 1.000000
MarioHand_alb.png
 29 76.398697 3.240981 101.979736 0.064850 -0.993327 -0.095368 0.573419 0.180728 1 22 1.000000
 29 74.465164 3.573353 103.740517 0.031281 -0.888522 0.457767 0.555459 0.148333 1 22 1.000000
 29 74.410553 3.254127 101.986145 0.033569 -0.996034 -0.082397 0.578073 0.152712 1 22 1.000000
MarioHand_alb.png
 29 74.465164 3.573353 103.740517 0.031281 -0.888522 0.457767 0.555459 0.148333 1 22 1.000000
 29 72.293907 3.198565 102.003456 0.052643 -0.996144 -0.070191 0.581292 0.121340 1 22 1.000000
 29 74.410553 3.254127 101.986145 0.033569 -0.996034 -0.082397 0.578073 0.152712 1 22 1.000000
MarioHand_alb.png
 29 76.397034 3.624417 103.686699 0.076294 -0.880598 0.467681 0.552834 0.175814 1 22 1.000000
 29 78.348953 4.922248 104.646393 0.232747 -0.464063 0.854678 0.531472 0.199420 1 22 1.000000
 29 76.391884 4.784794 104.885620 0.070960 -0.452560 0.888906 0.533028 0.172992 1 22 1.000000
MarioHand_alb.png
 29 76.397034 3.624417 103.686699 0.076294 -0.880598 0.467681 0.552834 0.175814 1 22 1.000000
 29 76.391884 4.784794 104.885620 0.070960 -0.452560 0.888906 0.533028 0.172992 1 22 1.000000
 29 74.465164 3.573353 103.740517 0.031281 -0.888522 0.457767 0.555459 0.148333 1 22 1.000000
MarioHand_alb.png
 29 80.068100 6.567203 104.210892 0.753178 0.005819 0.657791 0.512703 0.222461 1 22 1.000000
 29 78.324913 6.563416 105.040993 0.193767 -0.003910 0.981040 0.512383 0.198337 1 22 1.000000
 29 78.348953 4.922248 104.646393 0.232747 -0.464063 0.854678 0.531472 0.199420 1 22 1.000000
MarioHand_alb.png
 29 76.394737 6.554970 105.164978 0.037375 0.013634 0.999208 0.511620 0.172824 1 22 1.000000
 29 76.391884 4.784794 104.885620 0.070960 -0.452560 0.888906 0.533028 0.172992 1 22 1.000000
 29 78.348953 4.922248 104.646393 0.232747 -0.464063 0.854678 0.531472 0.199420 1 22 1.000000
MarioHand_alb.png
 29 78.324913 6.563416 105.040993 0.193767 -0.003910 0.981040 0.512383 0.198337 1 22 1.000000
 29 76.394737 6.554970 105.164978 0.037375 0.013634 0.999208 0.511620 0.172824 1 22 1.000000
 29 78.348953 4.922248 104.646393 0.232747 -0.464063 0.854678 0.531472 0.199420 1 22 1.000000
MarioHand_alb.png
 29 80.068100 6.567203 104.210892 0.753178 0.005819 0.657791 0.512703 0.222461 1 22 1.000000
 29 78.319832 8.073068 104.701538 0.201383 0.488488 0.849014 0.494850 0.200015 1 22 1.000000
 29 78.324913 6.563416 105.040993 0.193767 -0.003910 0.981040 0.512383 0.198337 1 22 1.000000
MarioHand_alb.png
 29 78.319832 8.073068 104.701538 0.201383 0.488488 0.849014 0.494850 0.200015 1 22 1.000000
 29 76.394737 6.554970 105.164978 0.037375 0.013634 0.999208 0.511620 0.172824 1 22 1.000000
 29 78.324913 6.563416 105.040993 0.193767 -0.003910 0.981040 0.512383 0.198337 1 22 1.000000
MarioHand_alb.png
 29 80.895943 6.568138 101.833252 0.999998 0.001907 0.000000 0.513207 0.252415 1 22 1.000000
 29 80.065437 8.170051 103.470352 0.750204 0.468782 0.466302 0.490959 0.227451 1 22 1.000000
 29 80.068100 6.567203 104.210892 0.753178 0.005819 0.657791 0.512703 0.222461 1 22 1.000000
MarioHand_alb.png
 29 80.068100 6.567203 104.210892 0.753178 0.005819 0.657791 0.512703 0.222461 1 22 1.000000
 29 80.065437 8.170051 103.470352 0.750204 0.468782 0.466302 0.490959 0.227451 1 22 1.000000
 29 78.319832 8.073068 104.701538 0.201383 0.488488 0.849014 0.494850 0.200015 1 22 1.000000
MarioHand_alb.png
 29 80.895943 6.568138 101.833252 0.999998 0.001907 0.000000 0.513207 0.252415 1 22 1.000000
 29 80.064163 8.944839 101.833244 0.726290 0.686809 -0.028228 0.468421 0.238315 1 22 1.000000
 29 80.065437 8.170051 103.470352 0.750204 0.468782 0.466302 0.490959 0.227451 1 22 1.000000
MarioHand_alb.png
 29 80.065437 8.170051 103.470352 0.750204 0.468782 0.466302 0.490959 0.227451 1 22 1.000000
 29 78.320763 9.376901 103.387352 0.197606 0.850888 0.486767 0.474830 0.205295 1 22 1.000000
 29 78.319832 8.073068 104.701538 0.201383 0.488488 0.849014 0.494850 0.200015 1 22 1.000000
MarioHand_alb.png
 29 80.065437 8.170051 103.470352 0.750204 0.468782 0.466302 0.490959 0.227451 1 22 1.000000
 29 80.064163 8.944839 101.833244 0.726290 0.686809 -0.028228 0.468421 0.238315 1 22 1.000000
 29 78.320763 9.376901 103.387352 0.197606 0.850888 0.486767 0.474830 0.205295 1 22 1.000000
MarioHand_alb.png
 29 78.319832 8.073068 104.701538 0.201383 0.488488 0.849014 0.494850 0.200015 1 22 1.000000
 29 76.392326 8.176916 104.825211 0.035088 0.496573 0.867286 0.491722 0.174395 1 22 1.000000
 29 76.394737 6.554970 105.164978 0.037375 0.013634 0.999208 0.511620 0.172824 1 22 1.000000
MarioHand_alb.png
 29 78.319832 8.073068 104.701538 0.201383 0.488488 0.849014 0.494850 0.200015 1 22 1.000000
 29 78.320763 9.376901 103.387352 0.197606 0.850888 0.486767 0.474830 0.205295 1 22 1.000000
 29 76.392326 8.176916 104.825211 0.035088 0.496573 0.867286 0.491722 0.174395 1 22 1.000000
MarioHand_alb.png
 29 76.394737 6.554970 105.164978 0.037375 0.013634 0.999208 0.511620 0.172824 1 22 1.000000
 29 74.473045 6.555986 105.106094 0.000000 0.037093 0.999312 0.510689 0.146273 1 22 1.000000
 29 76.391884 4.784794 104.885620 0.070960 -0.452560 0.888906 0.533028 0.172992 1 22 1.000000
MarioHand_alb.png
 29 76.392326 8.176916 104.825211 0.035088 0.496573 0.867286 0.491722 0.174395 1 22 1.000000
 29 74.473045 6.555986 105.106094 0.000000 0.037093 0.999312 0.510689 0.146273 1 22 1.000000
 29 76.394737 6.554970 105.164978 0.037375 0.013634 0.999208 0.511620 0.172824 1 22 1.000000
MarioHand_alb.png
 29 76.391884 4.784794 104.885620 0.070960 -0.452560 0.888906 0.533028 0.172992 1 22 1.000000
 29 74.463242 4.757514 104.940704 0.022124 -0.417026 0.908626 0.533791 0.146242 1 22 1.000000
 29 74.465164 3.573353 103.740517 0.031281 -0.888522 0.457767 0.555459 0.148333 1 22 1.000000
MarioHand_alb.png
 29 76.391884 4.784794 104.885620 0.070960 -0.452560 0.888906 0.533028 0.172992 1 22 1.000000
 29 74.473045 6.555986 105.106094 0.000000 0.037093 0.999312 0.510689 0.146273 1 22 1.000000
 29 74.463242 4.757514 104.940704 0.022124 -0.417026 0.908626 0.533791 0.146242 1 22 1.000000
MarioHand_alb.png
 29 74.465164 3.573353 103.740517 0.031281 -0.888522 0.457767 0.555459 0.148333 1 22 1.000000
 29 74.463242 4.757514 104.940704 0.022124 -0.417026 0.908626 0.533791 0.146242 1 22 1.000000
 29 72.292587 3.497877 103.822845 0.054932 -0.854517 0.516511 0.556832 0.117525 1 22 1.000000
MarioHand_alb.png
 29 74.465164 3.573353 103.740517 0.031281 -0.888522 0.457767 0.555459 0.148333 1 22 1.000000
 29 72.292587 3.497877 103.822845 0.054932 -0.854517 0.516511 0.556832 0.117525 1 22 1.000000
 29 72.293907 3.198565 102.003456 0.052643 -0.996144 -0.070191 0.581292 0.121340 1 22 1.000000
MarioHand_alb.png
 29 74.473045 6.555986 105.106094 0.000000 0.037093 0.999312 0.510689 0.146273 1 22 1.000000
 29 72.300369 4.742304 104.989014 0.037390 -0.385917 0.921775 0.533974 0.116075 1 22 1.000000
 29 74.463242 4.757514 104.940704 0.022124 -0.417026 0.908626 0.533791 0.146242 1 22 1.000000
MarioHand_alb.png
 29 74.463242 4.757514 104.940704 0.022124 -0.417026 0.908626 0.533791 0.146242 1 22 1.000000
 29 72.300369 4.742304 104.989014 0.037390 -0.385917 0.921775 0.533974 0.116075 1 22 1.000000
 29 72.292587 3.497877 103.822845 0.054932 -0.854517 0.516511 0.556832 0.117525 1 22 1.000000
MarioHand_alb.png
 29 72.292587 3.497877 103.822845 0.054932 -0.854517 0.516511 0.556832 0.117525 1 22 1.000000
 29 70.081802 3.304338 103.944557 0.050354 -0.853414 0.518796 0.558129 0.085878 1 22 1.000000
 29 72.293907 3.198565 102.003456 0.052643 -0.996144 -0.070191 0.581292 0.121340 1 22 1.000000
MarioHand_alb.png
 29 72.293907 3.198565 102.003456 0.052643 -0.996144 -0.070191 0.581292 0.121340 1 22 1.000000
 29 70.081802 3.304338 103.944557 0.050354 -0.853414 0.518796 0.558129 0.085878 1 22 1.000000
 29 70.058838 3.040680 102.008766 0.059509 -0.998162 -0.011444 0.584222 0.089067 1 22 1.000000
MarioHand_alb.png
 29 70.081802 3.304338 103.944557 0.050354 -0.853414 0.518796 0.558129 0.085878 1 22 1.000000
 29 67.830795 3.288218 103.952873 0.082397 -0.910543 0.405120 0.559823 0.054444 1 22 1.000000
 29 70.058838 3.040680 102.008766 0.059509 -0.998162 -0.011444 0.584222 0.089067 1 22 1.000000
MarioHand_alb.png
 29 72.292587 3.497877 103.822845 0.054932 -0.854517 0.516511 0.556832 0.117525 1 22 1.000000
 29 70.056160 4.708223 105.038589 0.045023 -0.366190 0.929450 0.534157 0.084382 1 22 1.000000
 29 70.081802 3.304338 103.944557 0.050354 -0.853414 0.518796 0.558129 0.085878 1 22 1.000000
MarioHand_alb.png
 29 70.081802 3.304338 103.944557 0.050354 -0.853414 0.518796 0.558129 0.085878 1 22 1.000000
 29 70.056160 4.708223 105.038589 0.045023 -0.366190 0.929450 0.534157 0.084382 1 22 1.000000
 29 67.830795 3.288218 103.952873 0.082397 -0.910543 0.405120 0.559823 0.054444 1 22 1.000000
MarioHand_alb.png
 29 72.292587 3.497877 103.822845 0.054932 -0.854517 0.516511 0.556832 0.117525 1 22 1.000000
 29 72.300369 4.742304 104.989014 0.037390 -0.385917 0.921775 0.533974 0.116075 1 22 1.000000
 29 70.056160 4.708223 105.038589 0.045023 -0.366190 0.929450 0.534157 0.084382 1 22 1.000000
MarioHand_alb.png
 29 67.830795 3.288218 103.952873 0.082397 -0.910543 0.405120 0.559823 0.054444 1 22 1.000000
 29 70.056160 4.708223 105.038589 0.045023 -0.366190 0.929450 0.534157 0.084382 1 22 1.000000
 29 67.803764 4.617959 105.183212 0.101491 -0.287684 0.952333 0.534234 0.052644 1 22 1.000000
MarioHand_alb.png
 29 67.830795 3.288218 103.952873 0.082397 -0.910543 0.405120 0.559823 0.054444 1 22 1.000000
 29 67.803764 4.617959 105.183212 0.101491 -0.287684 0.952333 0.534234 0.052644 1 22 1.000000
 29 65.673126 3.285371 105.413719 0.219028 0.105651 0.969982 0.547555 0.020462 1 22 1.000000
MarioHand_alb.png
 29 67.803764 4.617959 105.183212 0.101491 -0.287684 0.952333 0.534234 0.052644 1 22 1.000000
 29 65.501465 6.376359 105.233261 0.131195 0.158369 0.978625 0.506096 0.022171 1 22 1.000000
 29 65.673126 3.285371 105.413719 0.219028 0.105651 0.969982 0.547555 0.020462 1 22 1.000000
MarioHand_alb.png
 29 72.300369 4.742304 104.989014 0.037390 -0.385917 0.921775 0.533974 0.116075 1 22 1.000000
 29 72.280785 6.555988 105.116173 0.017545 0.050919 0.998549 0.509789 0.116060 1 22 1.000000
 29 70.056160 4.708223 105.038589 0.045023 -0.366190 0.929450 0.534157 0.084382 1 22 1.000000
MarioHand_alb.png
 29 74.473045 6.555986 105.106094 0.000000 0.037093 0.999312 0.510689 0.146273 1 22 1.000000
 29 72.280785 6.555988 105.116173 0.017545 0.050919 0.998549 0.509789 0.116060 1 22 1.000000
 29 72.300369 4.742304 104.989014 0.037390 -0.385917 0.921775 0.533974 0.116075 1 22 1.000000
MarioHand_alb.png
 29 70.056160 4.708223 105.038589 0.045023 -0.366190 0.929450 0.534157 0.084382 1 22 1.000000
 29 67.804718 6.555990 105.223167 0.019068 0.076369 0.996897 0.507057 0.054124 1 22 1.000000
 29 67.803764 4.617959 105.183212 0.101491 -0.287684 0.952333 0.534234 0.052644 1 22 1.000000
MarioHand_alb.png
 29 67.803764 4.617959 105.183212 0.101491 -0.287684 0.952333 0.534234 0.052644 1 22 1.000000
 29 67.804718 6.555990 105.223167 0.019068 0.076369 0.996897 0.507057 0.054124 1 22 1.000000
 29 65.501465 6.376359 105.233261 0.131195 0.158369 0.978625 0.506096 0.022171 1 22 1.000000
MarioHand_alb.png
 29 72.280785 6.555988 105.116173 0.017545 0.050919 0.998549 0.509789 0.116060 1 22 1.000000
 29 70.020874 6.555990 105.191681 0.029764 0.064489 0.997474 0.508614 0.084611 1 22 1.000000
 29 70.056160 4.708223 105.038589 0.045023 -0.366190 0.929450 0.534157 0.084382 1 22 1.000000
MarioHand_alb.png
 29 70.020874 6.555990 105.191681 0.029764 0.064489 0.997474 0.508614 0.084611 1 22 1.000000
 29 67.804718 6.555990 105.223167 0.019068 0.076369 0.996897 0.507057 0.054124 1 22 1.000000
 29 70.056160 4.708223 105.038589 0.045023 -0.366190 0.929450 0.534157 0.084382 1 22 1.000000
MarioHand_alb.png
 29 74.473045 6.555986 105.106094 0.000000 0.037093 0.999312 0.510689 0.146273 1 22 1.000000
 29 74.462387 8.203890 104.801987 0.001526 0.485181 0.874413 0.489128 0.147799 1 22 1.000000
 29 72.280785 6.555988 105.116173 0.017545 0.050919 0.998549 0.509789 0.116060 1 22 1.000000
MarioHand_alb.png
 29 76.392326 8.176916 104.825211 0.035088 0.496573 0.867286 0.491722 0.174395 1 22 1.000000
 29 74.462387 8.203890 104.801987 0.001526 0.485181 0.874413 0.489128 0.147799 1 22 1.000000
 29 74.473045 6.555986 105.106094 0.000000 0.037093 0.999312 0.510689 0.146273 1 22 1.000000
MarioHand_alb.png
 29 72.280785 6.555988 105.116173 0.017545 0.050919 0.998549 0.509789 0.116060 1 22 1.000000
 29 72.288956 8.206526 104.818893 0.016786 0.475159 0.879740 0.487282 0.117800 1 22 1.000000
 29 70.020874 6.555990 105.191681 0.029764 0.064489 0.997474 0.508614 0.084611 1 22 1.000000
MarioHand_alb.png
 29 72.280785 6.555988 105.116173 0.017545 0.050919 0.998549 0.509789 0.116060 1 22 1.000000
 29 74.462387 8.203890 104.801987 0.001526 0.485181 0.874413 0.489128 0.147799 1 22 1.000000
 29 72.288956 8.206526 104.818893 0.016786 0.475159 0.879740 0.487282 0.117800 1 22 1.000000
MarioHand_alb.png
 29 70.020874 6.555990 105.191681 0.029764 0.064489 0.997474 0.508614 0.084611 1 22 1.000000
 29 70.011871 8.366415 104.810822 0.027460 0.493043 0.869571 0.483330 0.086351 1 22 1.000000
 29 67.804718 6.555990 105.223167 0.019068 0.076369 0.996897 0.507057 0.054124 1 22 1.000000
MarioHand_alb.png
 29 72.288956 8.206526 104.818893 0.016786 0.475159 0.879740 0.487282 0.117800 1 22 1.000000
 29 70.011871 8.366415 104.810822 0.027460 0.493043 0.869571 0.483330 0.086351 1 22 1.000000
 29 70.020874 6.555990 105.191681 0.029764 0.064489 0.997474 0.508614 0.084611 1 22 1.000000
MarioHand_alb.png
 29 67.804718 6.555990 105.223167 0.019068 0.076369 0.996897 0.507057 0.054124 1 22 1.000000
 29 67.786575 8.412344 104.878227 0.016021 0.468240 0.883456 0.481025 0.055833 1 22 1.000000
 29 65.501465 6.376359 105.233261 0.131195 0.158369 0.978625 0.506096 0.022171 1 22 1.000000
MarioHand_alb.png
 29 67.804718 6.555990 105.223167 0.019068 0.076369 0.996897 0.507057 0.054124 1 22 1.000000
 29 70.011871 8.366415 104.810822 0.027460 0.493043 0.869571 0.483330 0.086351 1 22 1.000000
 29 67.786575 8.412344 104.878227 0.016021 0.468240 0.883456 0.481025 0.055833 1 22 1.000000
MarioHand_alb.png
 29 65.501465 6.376359 105.233261 0.131195 0.158369 0.978625 0.506096 0.022171 1 22 1.000000
 29 67.786575 8.412344 104.878227 0.016021 0.468240 0.883456 0.481025 0.055833 1 22 1.000000
 29 65.093887 9.287974 104.404015 0.067129 0.395147 0.916162 0.463905 0.019776 1 22 1.000000
MarioHand_alb.png
 29 72.288956 8.206526 104.818893 0.016786 0.475159 0.879740 0.487282 0.117800 1 22 1.000000
 29 72.285011 9.563158 103.490318 0.022125 0.861910 0.506579 0.462074 0.121004 1 22 1.000000
 29 70.011871 8.366415 104.810822 0.027460 0.493043 0.869571 0.483330 0.086351 1 22 1.000000
MarioHand_alb.png
 29 67.786575 8.412344 104.878227 0.016021 0.468240 0.883456 0.481025 0.055833 1 22 1.000000
 29 67.708809 9.666379 103.480667 -0.019836 0.923225 0.383747 0.455360 0.057572 1 22 1.000000
 29 65.093887 9.287974 104.404015 0.067129 0.395147 0.916162 0.463905 0.019776 1 22 1.000000
MarioHand_alb.png
 29 65.093887 9.287974 104.404015 0.067129 0.395147 0.916162 0.463905 0.019776 1 22 1.000000
 29 67.708809 9.666379 103.480667 -0.019836 0.923225 0.383747 0.455360 0.057572 1 22 1.000000
 29 65.117706 9.341757 101.577171 -0.887901 0.459302 0.025935 0.424949 0.025208 1 22 1.000000
MarioHand_alb.png
 29 67.786575 8.412344 104.878227 0.016021 0.468240 0.883456 0.481025 0.055833 1 22 1.000000
 29 70.011871 8.366415 104.810822 0.027460 0.493043 0.869571 0.483330 0.086351 1 22 1.000000
 29 70.024994 9.617204 103.471237 0.025176 0.871907 0.489023 0.458793 0.089326 1 22 1.000000
MarioHand_alb.png
 29 67.786575 8.412344 104.878227 0.016021 0.468240 0.883456 0.481025 0.055833 1 22 1.000000
 29 70.024994 9.617204 103.471237 0.025176 0.871907 0.489023 0.458793 0.089326 1 22 1.000000
 29 67.708809 9.666379 103.480667 -0.019836 0.923225 0.383747 0.455360 0.057572 1 22 1.000000
MarioHand_alb.png
 29 72.285011 9.563158 103.490318 0.022125 0.861910 0.506579 0.462074 0.121004 1 22 1.000000
 29 70.024994 9.617204 103.471237 0.025176 0.871907 0.489023 0.458793 0.089326 1 22 1.000000
 29 70.011871 8.366415 104.810822 0.027460 0.493043 0.869571 0.483330 0.086351 1 22 1.000000
MarioHand_alb.png
 29 67.708809 9.666379 103.480667 -0.019836 0.923225 0.383747 0.455360 0.057572 1 22 1.000000
 29 67.655914 9.989498 101.636002 -0.041199 0.992309 -0.116731 0.430381 0.060716 1 22 1.000000
 29 65.117706 9.341757 101.577171 -0.887901 0.459302 0.025935 0.424949 0.025208 1 22 1.000000
MarioHand_alb.png
 29 65.117706 9.341757 101.577171 -0.887901 0.459302 0.025935 0.424949 0.025208 1 22 1.000000
 29 67.655914 9.989498 101.636002 -0.041199 0.992309 -0.116731 0.430381 0.060716 1 22 1.000000
 29 64.930313 9.131011 98.793182 0.578892 0.316999 -0.751263 0.386694 0.028458 1 22 1.000000
MarioHand_alb.png
 29 70.024994 9.617204 103.471237 0.025176 0.871907 0.489023 0.458793 0.089326 1 22 1.000000
 29 70.060768 9.981370 101.684067 0.029754 0.989323 -0.142667 0.434684 0.093614 1 22 1.000000
 29 67.708809 9.666379 103.480667 -0.019836 0.923225 0.383747 0.455360 0.057572 1 22 1.000000
MarioHand_alb.png
 29 67.708809 9.666379 103.480667 -0.019836 0.923225 0.383747 0.455360 0.057572 1 22 1.000000
 29 70.060768 9.981370 101.684067 0.029754 0.989323 -0.142667 0.434684 0.093614 1 22 1.000000
 29 67.655914 9.989498 101.636002 -0.041199 0.992309 -0.116731 0.430381 0.060716 1 22 1.000000
MarioHand_alb.png
 29 72.287010 9.861398 101.701797 0.027466 0.989717 -0.140380 0.438270 0.125307 1 22 1.000000
 29 70.024994 9.617204 103.471237 0.025176 0.871907 0.489023 0.458793 0.089326 1 22 1.000000
 29 72.285011 9.563158 103.490318 0.022125 0.861910 0.506579 0.462074 0.121004 1 22 1.000000
MarioHand_alb.png
 29 72.287010 9.861398 101.701797 0.027466 0.989717 -0.140380 0.438270 0.125307 1 22 1.000000
 29 70.060768 9.981370 101.684067 0.029754 0.989323 -0.142667 0.434684 0.093614 1 22 1.000000
 29 70.024994 9.617204 103.471237 0.025176 0.871907 0.489023 0.458793 0.089326 1 22 1.000000
MarioHand_alb.png
 29 67.655914 9.989498 101.636002 -0.041199 0.992309 -0.116731 0.430381 0.060716 1 22 1.000000
 29 67.680252 8.991337 98.834396 0.060273 0.687126 -0.724034 0.390997 0.066712 1 22 1.000000
 29 64.930313 9.131011 98.793182 0.578892 0.316999 -0.751263 0.386694 0.028458 1 22 1.000000
MarioHand_alb.png
 29 64.930313 9.131011 98.793182 0.578892 0.316999 -0.751263 0.386694 0.028458 1 22 1.000000
 29 67.680252 8.991337 98.834396 0.060273 0.687126 -0.724034 0.390997 0.066712 1 22 1.000000
 29 65.564560 6.138648 97.279739 0.680490 -0.041100 -0.731603 0.343725 0.044251 1 22 1.000000
MarioHand_alb.png
 29 67.680252 8.991337 98.834396 0.060273 0.687126 -0.724034 0.390997 0.066712 1 22 1.000000
 29 67.823235 6.203519 97.661842 0.087713 -0.078369 -0.993058 0.351675 0.076249 1 22 1.000000
 29 65.564560 6.138648 97.279739 0.680490 -0.041100 -0.731603 0.343725 0.044251 1 22 1.000000
MarioHand_alb.png
 29 67.680252 8.991337 98.834396 0.060273 0.687126 -0.724034 0.390997 0.066712 1 22 1.000000
 29 70.021378 6.289598 97.757996 0.068673 -0.072489 -0.995002 0.358267 0.107881 1 22 1.000000
 29 67.823235 6.203519 97.661842 0.087713 -0.078369 -0.993058 0.351675 0.076249 1 22 1.000000
MarioHand_alb.png
 29 67.655914 9.989498 101.636002 -0.041199 0.992309 -0.116731 0.430381 0.060716 1 22 1.000000
 29 69.987305 8.940070 99.007629 0.047301 0.695311 -0.717150 0.396826 0.100038 1 22 1.000000
 29 67.680252 8.991337 98.834396 0.060273 0.687126 -0.724034 0.390997 0.066712 1 22 1.000000
MarioHand_alb.png
 29 69.987305 8.940070 99.007629 0.047301 0.695311 -0.717150 0.396826 0.100038 1 22 1.000000
 29 70.021378 6.289598 97.757996 0.068673 -0.072489 -0.995002 0.358267 0.107881 1 22 1.000000
 29 67.680252 8.991337 98.834396 0.060273 0.687126 -0.724034 0.390997 0.066712 1 22 1.000000
MarioHand_alb.png
 29 70.060768 9.981370 101.684067 0.029754 0.989323 -0.142667 0.434684 0.093614 1 22 1.000000
 29 69.987305 8.940070 99.007629 0.047301 0.695311 -0.717150 0.396826 0.100038 1 22 1.000000
 29 67.655914 9.989498 101.636002 -0.041199 0.992309 -0.116731 0.430381 0.060716 1 22 1.000000
MarioHand_alb.png
 29 72.269707 6.358712 97.917580 0.074021 -0.052845 -0.995856 0.365957 0.141146 1 22 1.000000
 29 70.021378 6.289598 97.757996 0.068673 -0.072489 -0.995002 0.358267 0.107881 1 22 1.000000
 29 69.987305 8.940070 99.007629 0.047301 0.695311 -0.717150 0.396826 0.100038 1 22 1.000000
MarioHand_alb.png
 29 72.246613 8.931500 99.171173 0.050354 0.685506 -0.726324 0.402975 0.132525 1 22 1.000000
 29 69.987305 8.940070 99.007629 0.047301 0.695311 -0.717150 0.396826 0.100038 1 22 1.000000
 29 70.060768 9.981370 101.684067 0.029754 0.989323 -0.142667 0.434684 0.093614 1 22 1.000000
MarioHand_alb.png
 29 72.246613 8.931500 99.171173 0.050354 0.685506 -0.726324 0.402975 0.132525 1 22 1.000000
 29 72.269707 6.358712 97.917580 0.074021 -0.052845 -0.995856 0.365957 0.141146 1 22 1.000000
 29 69.987305 8.940070 99.007629 0.047301 0.695311 -0.717150 0.396826 0.100038 1 22 1.000000
MarioHand_alb.png
 29 72.287010 9.861398 101.701797 0.027466 0.989717 -0.140380 0.438270 0.125307 1 22 1.000000
 29 72.246613 8.931500 99.171173 0.050354 0.685506 -0.726324 0.402975 0.132525 1 22 1.000000
 29 70.060768 9.981370 101.684067 0.029754 0.989323 -0.142667 0.434684 0.093614 1 22 1.000000
MarioHand_alb.png
 29 74.431740 6.432857 98.147385 0.074032 -0.031292 -0.996765 0.375494 0.174319 1 22 1.000000
 29 72.269707 6.358712 97.917580 0.074021 -0.052845 -0.995856 0.365957 0.141146 1 22 1.000000
 29 72.246613 8.931500 99.171173 0.050354 0.685506 -0.726324 0.402975 0.132525 1 22 1.000000
MarioHand_alb.png
 29 74.435051 8.960156 99.296921 0.041199 0.728701 -0.683592 0.410300 0.164309 1 22 1.000000
 29 74.431740 6.432857 98.147385 0.074032 -0.031292 -0.996765 0.375494 0.174319 1 22 1.000000
 29 72.246613 8.931500 99.171173 0.050354 0.685506 -0.726324 0.402975 0.132525 1 22 1.000000
MarioHand_alb.png
 29 72.287010 9.861398 101.701797 0.027466 0.989717 -0.140380 0.438270 0.125307 1 22 1.000000
 29 74.435051 8.960156 99.296921 0.041199 0.728701 -0.683592 0.410300 0.164309 1 22 1.000000
 29 72.246613 8.931500 99.171173 0.050354 0.685506 -0.726324 0.402975 0.132525 1 22 1.000000
MarioHand_alb.png
 29 76.403572 6.509699 98.341545 0.098437 -0.013735 -0.995049 0.386343 0.204105 1 22 1.000000
 29 74.431740 6.432857 98.147385 0.074032 -0.031292 -0.996765 0.375494 0.174319 1 22 1.000000
 29 74.435051 8.960156 99.296921 0.041199 0.728701 -0.683592 0.410300 0.164309 1 22 1.000000
MarioHand_alb.png
 29 74.400421 9.822596 101.758240 0.009918 0.990476 -0.137328 0.443198 0.156115 1 22 1.000000
 29 74.435051 8.960156 99.296921 0.041199 0.728701 -0.683592 0.410300 0.164309 1 22 1.000000
 29 72.287010 9.861398 101.701797 0.027466 0.989717 -0.140380 0.438270 0.125307 1 22 1.000000
MarioHand_alb.png
 29 74.400421 9.822596 101.758240 0.009918 0.990476 -0.137328 0.443198 0.156115 1 22 1.000000
 29 72.287010 9.861398 101.701797 0.027466 0.989717 -0.140380 0.438270 0.125307 1 22 1.000000
 29 72.285011 9.563158 103.490318 0.022125 0.861910 0.506579 0.462074 0.121004 1 22 1.000000
MarioHand_alb.png
 29 76.401558 8.960096 99.390251 0.066376 0.720315 -0.690464 0.418448 0.192035 1 22 1.000000
 29 76.403572 6.509699 98.341545 0.098437 -0.013735 -0.995049 0.386343 0.204105 1 22 1.000000
 29 74.435051 8.960156 99.296921 0.041199 0.728701 -0.683592 0.410300 0.164309 1 22 1.000000
MarioHand_alb.png
 29 74.400421 9.822596 101.758240 0.009918 0.990476 -0.137328 0.443198 0.156115 1 22 1.000000
 29 76.401558 8.960096 99.390251 0.066376 0.720315 -0.690464 0.418448 0.192035 1 22 1.000000
 29 74.435051 8.960156 99.296921 0.041199 0.728701 -0.683592 0.410300 0.164309 1 22 1.000000
MarioHand_alb.png
 29 78.324936 6.563415 98.625519 0.257948 0.000000 -0.966159 0.401404 0.231785 1 22 1.000000
 29 76.403572 6.509699 98.341545 0.098437 -0.013735 -0.995049 0.386343 0.204105 1 22 1.000000
 29 76.401558 8.960096 99.390251 0.066376 0.720315 -0.690464 0.418448 0.192035 1 22 1.000000
MarioHand_alb.png
 29 74.459679 9.524302 103.472122 0.008392 0.880605 0.473776 0.465248 0.151324 1 22 1.000000
 29 74.400421 9.822596 101.758240 0.009918 0.990476 -0.137328 0.443198 0.156115 1 22 1.000000
 29 72.285011 9.563158 103.490318 0.022125 0.861910 0.506579 0.462074 0.121004 1 22 1.000000
MarioHand_alb.png
 29 72.288956 8.206526 104.818893 0.016786 0.475159 0.879740 0.487282 0.117800 1 22 1.000000
 29 74.459679 9.524302 103.472122 0.008392 0.880605 0.473776 0.465248 0.151324 1 22 1.000000
 29 72.285011 9.563158 103.490318 0.022125 0.861910 0.506579 0.462074 0.121004 1 22 1.000000
MarioHand_alb.png
 29 72.288956 8.206526 104.818893 0.016786 0.475159 0.879740 0.487282 0.117800 1 22 1.000000
 29 74.462387 8.203890 104.801987 0.001526 0.485181 0.874413 0.489128 0.147799 1 22 1.000000
 29 74.459679 9.524302 103.472122 0.008392 0.880605 0.473776 0.465248 0.151324 1 22 1.000000
MarioHand_alb.png
 29 74.400421 9.822596 101.758240 0.009918 0.990476 -0.137328 0.443198 0.156115 1 22 1.000000
 29 76.389107 9.849185 101.803024 0.032806 0.990193 -0.135802 0.449439 0.183719 1 22 1.000000
 29 76.401558 8.960096 99.390251 0.066376 0.720315 -0.690464 0.418448 0.192035 1 22 1.000000
MarioHand_alb.png
 29 74.459679 9.524302 103.472122 0.008392 0.880605 0.473776 0.465248 0.151324 1 22 1.000000
 29 76.389107 9.849185 101.803024 0.032806 0.990193 -0.135802 0.449439 0.183719 1 22 1.000000
 29 74.400421 9.822596 101.758240 0.009918 0.990476 -0.137328 0.443198 0.156115 1 22 1.000000
MarioHand_alb.png
 29 78.324936 6.563415 98.625519 0.257948 0.000000 -0.966159 0.401404 0.231785 1 22 1.000000
 29 76.401558 8.960096 99.390251 0.066376 0.720315 -0.690464 0.418448 0.192035 1 22 1.000000
 29 78.321182 8.831621 99.565041 0.221282 0.664036 -0.714206 0.429206 0.218128 1 22 1.000000
MarioHand_alb.png
 29 78.321182 8.831621 99.565041 0.221282 0.664036 -0.714206 0.429206 0.218128 1 22 1.000000
 29 76.401558 8.960096 99.390251 0.066376 0.720315 -0.690464 0.418448 0.192035 1 22 1.000000
 29 76.389107 9.849185 101.803024 0.032806 0.990193 -0.135802 0.449439 0.183719 1 22 1.000000
MarioHand_alb.png
 29 80.068115 6.567202 99.455612 0.610078 0.002002 -0.792339 0.421439 0.254170 1 22 1.000000
 29 78.324936 6.563415 98.625519 0.257948 0.000000 -0.966159 0.401404 0.231785 1 22 1.000000
 29 78.321182 8.831621 99.565041 0.221282 0.664036 -0.714206 0.429206 0.218128 1 22 1.000000
MarioHand_alb.png
 29 76.389236 9.504281 103.467400 0.035857 0.873240 0.485970 0.469306 0.178531 1 22 1.000000
 29 74.459679 9.524302 103.472122 0.008392 0.880605 0.473776 0.465248 0.151324 1 22 1.000000
 29 74.462387 8.203890 104.801987 0.001526 0.485181 0.874413 0.489128 0.147799 1 22 1.000000
MarioHand_alb.png
 29 76.389236 9.504281 103.467400 0.035857 0.873240 0.485970 0.469306 0.178531 1 22 1.000000
 29 76.389107 9.849185 101.803024 0.032806 0.990193 -0.135802 0.449439 0.183719 1 22 1.000000
 29 74.459679 9.524302 103.472122 0.008392 0.880605 0.473776 0.465248 0.151324 1 22 1.000000
MarioHand_alb.png
 29 76.392326 8.176916 104.825211 0.035088 0.496573 0.867286 0.491722 0.174395 1 22 1.000000
 29 76.389236 9.504281 103.467400 0.035857 0.873240 0.485970 0.469306 0.178531 1 22 1.000000
 29 74.462387 8.203890 104.801987 0.001526 0.485181 0.874413 0.489128 0.147799 1 22 1.000000
MarioHand_alb.png
 29 76.392326 8.176916 104.825211 0.035088 0.496573 0.867286 0.491722 0.174395 1 22 1.000000
 29 78.320763 9.376901 103.387352 0.197606 0.850888 0.486767 0.474830 0.205295 1 22 1.000000
 29 76.389236 9.504281 103.467400 0.035857 0.873240 0.485970 0.469306 0.178531 1 22 1.000000
MarioHand_alb.png
 29 78.320763 9.376901 103.387352 0.197606 0.850888 0.486767 0.474830 0.205295 1 22 1.000000
 29 76.389107 9.849185 101.803024 0.032806 0.990193 -0.135802 0.449439 0.183719 1 22 1.000000
 29 76.389236 9.504281 103.467400 0.035857 0.873240 0.485970 0.469306 0.178531 1 22 1.000000
MarioHand_alb.png
 29 78.320763 9.376901 103.387352 0.197606 0.850888 0.486767 0.474830 0.205295 1 22 1.000000
 29 78.319595 9.771145 101.833252 0.178530 0.975144 -0.131227 0.457633 0.211017 1 22 1.000000
 29 76.389107 9.849185 101.803024 0.032806 0.990193 -0.135802 0.449439 0.183719 1 22 1.000000
MarioHand_alb.png
 29 78.319595 9.771145 101.833252 0.178530 0.975144 -0.131227 0.457633 0.211017 1 22 1.000000
 29 78.321182 8.831621 99.565041 0.221282 0.664036 -0.714206 0.429206 0.218128 1 22 1.000000
 29 76.389107 9.849185 101.803024 0.032806 0.990193 -0.135802 0.449439 0.183719 1 22 1.000000
MarioHand_alb.png
 29 78.320763 9.376901 103.387352 0.197606 0.850888 0.486767 0.474830 0.205295 1 22 1.000000
 29 80.064163 8.944839 101.833244 0.726290 0.686809 -0.028228 0.468421 0.238315 1 22 1.000000
 29 78.319595 9.771145 101.833252 0.178530 0.975144 -0.131227 0.457633 0.211017 1 22 1.000000
MarioHand_alb.png
 29 78.319595 9.771145 101.833252 0.178530 0.975144 -0.131227 0.457633 0.211017 1 22 1.000000
 29 80.064163 8.944839 101.833244 0.726290 0.686809 -0.028228 0.468421 0.238315 1 22 1.000000
 29 78.321182 8.831621 99.565041 0.221282 0.664036 -0.714206 0.429206 0.218128 1 22 1.000000
MarioHand_alb.png
 29 80.064163 8.944839 101.833244 0.726290 0.686809 -0.028228 0.468421 0.238315 1 22 1.000000
 29 80.065338 8.248447 100.152000 0.651488 0.457815 -0.604953 0.442176 0.241367 1 22 1.000000
 29 78.321182 8.831621 99.565041 0.221282 0.664036 -0.714206 0.429206 0.218128 1 22 1.000000
MarioHand_alb.png
 29 80.065338 8.248447 100.152000 0.651488 0.457815 -0.604953 0.442176 0.241367 1 22 1.000000
 29 80.068115 6.567202 99.455612 0.610078 0.002002 -0.792339 0.421439 0.254170 1 22 1.000000
 29 78.321182 8.831621 99.565041 0.221282 0.664036 -0.714206 0.429206 0.218128 1 22 1.000000
MarioHand_alb.png
 29 80.064163 8.944839 101.833244 0.726290 0.686809 -0.028228 0.468421 0.238315 1 22 1.000000
 29 80.895943 6.568138 101.833252 0.999998 0.001907 0.000000 0.453056 0.271351 1 22 1.000000
 29 80.065338 8.248447 100.152000 0.651488 0.457815 -0.604953 0.442176 0.241367 1 22 1.000000
MarioHand_alb.png
 29 80.895943 6.568138 101.833252 0.999998 0.001907 0.000000 0.453056 0.271351 1 22 1.000000
 29 80.068115 6.567202 99.455612 0.610078 0.002002 -0.792339 0.421439 0.254170 1 22 1.000000
 29 80.065338 8.248447 100.152000 0.651488 0.457815 -0.604953 0.442176 0.241367 1 22 1.000000
MarioHand_alb.png
 29 66.161568 14.101105 102.043587 -0.049589 0.906708 0.418833 0.698543 0.269673 1 22 1.000000
 29 66.151955 14.539415 100.429237 -0.013733 0.992979 -0.117494 0.676936 0.274189 1 22 1.000000
 29 64.373032 14.604590 100.256454 0.178533 0.983838 0.013733 0.669795 0.249866 1 22 1.000000
MarioHand_alb.png
 29 68.045807 14.612137 100.473991 -0.044250 0.986943 -0.154874 0.682094 0.301030 1 22 1.000000
 29 66.151955 14.539415 100.429237 -0.013733 0.992979 -0.117494 0.676936 0.274189 1 22 1.000000
 29 66.161568 14.101105 102.043587 -0.049589 0.906708 0.418833 0.698543 0.269673 1 22 1.000000
MarioHand_alb.png
 29 66.161568 14.101105 102.043587 -0.049589 0.906708 0.418833 0.698543 0.269673 1 22 1.000000
 29 64.373032 14.604590 100.256454 0.178533 0.983838 0.013733 0.669795 0.249866 1 22 1.000000
 29 64.321434 13.633383 102.664642 0.002289 0.828480 0.560013 0.703426 0.242115 1 22 1.000000
MarioHand_alb.png
 29 68.045807 14.159346 102.135338 -0.048828 0.889688 0.453951 0.704234 0.296056 1 22 1.000000
 29 68.045807 14.612137 100.473991 -0.044250 0.986943 -0.154874 0.682094 0.301030 1 22 1.000000
 29 66.161568 14.101105 102.043587 -0.049589 0.906708 0.418833 0.698543 0.269673 1 22 1.000000
MarioHand_alb.png
 29 69.979439 14.703449 100.575951 -0.041200 0.989668 -0.137335 0.688640 0.329915 1 22 1.000000
 29 68.045807 14.612137 100.473991 -0.044250 0.986943 -0.154874 0.682094 0.301030 1 22 1.000000
 29 68.045807 14.159346 102.135338 -0.048828 0.889688 0.453951 0.704234 0.296056 1 22 1.000000
MarioHand_alb.png
 29 66.161568 14.101105 102.043587 -0.049589 0.906708 0.418833 0.698543 0.269673 1 22 1.000000
 29 64.321434 13.633383 102.664642 0.002289 0.828480 0.560013 0.703426 0.242115 1 22 1.000000
 29 66.192642 12.988191 103.489479 -0.051109 0.615505 0.786474 0.722560 0.264103 1 22 1.000000
MarioHand_alb.png
 29 68.045807 14.159346 102.135338 -0.048828 0.889688 0.453951 0.704234 0.296056 1 22 1.000000
 29 66.161568 14.101105 102.043587 -0.049589 0.906708 0.418833 0.698543 0.269673 1 22 1.000000
 29 66.192642 12.988191 103.489479 -0.051109 0.615505 0.786474 0.722560 0.264103 1 22 1.000000
MarioHand_alb.png
 29 66.192642 12.988191 103.489479 -0.051109 0.615505 0.786474 0.722560 0.264103 1 22 1.000000
 29 64.321434 13.633383 102.664642 0.002289 0.828480 0.560013 0.703426 0.242115 1 22 1.000000
 29 64.553787 11.546769 104.147850 0.021356 0.353717 0.935109 0.738369 0.236393 1 22 1.000000
MarioHand_alb.png
 29 69.979500 14.230900 102.250412 -0.060273 0.881023 0.469218 0.710582 0.324132 1 22 1.000000
 29 69.979439 14.703449 100.575951 -0.041200 0.989668 -0.137335 0.688640 0.329915 1 22 1.000000
 29 68.045807 14.159346 102.135338 -0.048828 0.889688 0.453951 0.704234 0.296056 1 22 1.000000
MarioHand_alb.png
 29 71.820465 14.791842 100.705368 -0.021362 0.991718 -0.126647 0.697047 0.358618 1 22 1.000000
 29 69.979439 14.703449 100.575951 -0.041200 0.989668 -0.137335 0.688640 0.329915 1 22 1.000000
 29 69.979500 14.230900 102.250412 -0.060273 0.881023 0.469218 0.710582 0.324132 1 22 1.000000
MarioHand_alb.png
 29 68.045807 14.159346 102.135338 -0.048828 0.889688 0.453951 0.704234 0.296056 1 22 1.000000
 29 66.192642 12.988191 103.489479 -0.051109 0.615505 0.786474 0.722560 0.264103 1 22 1.000000
 29 68.052750 13.097236 103.506676 -0.028989 0.602004 0.797967 0.726696 0.290105 1 22 1.000000
MarioHand_alb.png
 29 69.979500 14.230900 102.250412 -0.060273 0.881023 0.469218 0.710582 0.324132 1 22 1.000000
 29 68.045807 14.159346 102.135338 -0.048828 0.889688 0.453951 0.704234 0.296056 1 22 1.000000
 29 68.052750 13.097236 103.506676 -0.028989 0.602004 0.797967 0.726696 0.290105 1 22 1.000000
MarioHand_alb.png
 29 66.192642 12.988191 103.489479 -0.051109 0.615505 0.786474 0.722560 0.264103 1 22 1.000000
 29 64.553787 11.546769 104.147850 0.021356 0.353717 0.935109 0.738369 0.236393 1 22 1.000000
 29 66.283234 11.544700 104.134354 0.021357 0.189448 0.981658 0.743694 0.259678 1 22 1.000000
MarioHand_alb.png
 29 66.192642 12.988191 103.489479 -0.051109 0.615505 0.786474 0.722560 0.264103 1 22 1.000000
 29 66.283234 11.544700 104.134354 0.021357 0.189448 0.981658 0.743694 0.259678 1 22 1.000000
 29 68.052750 13.097236 103.506676 -0.028989 0.602004 0.797967 0.726696 0.290105 1 22 1.000000
MarioHand_alb.png
 29 71.826508 14.316854 102.401794 -0.053406 0.870619 0.489050 0.718334 0.351095 1 22 1.000000
 29 71.820465 14.791842 100.705368 -0.021362 0.991718 -0.126647 0.697047 0.358618 1 22 1.000000
 29 69.979500 14.230900 102.250412 -0.060273 0.881023 0.469218 0.710582 0.324132 1 22 1.000000
MarioHand_alb.png
 29 73.193733 14.791649 100.788223 0.076291 0.989491 -0.122828 0.705592 0.379049 1 22 1.000000
 29 71.820465 14.791842 100.705368 -0.021362 0.991718 -0.126647 0.697047 0.358618 1 22 1.000000
 29 71.826508 14.316854 102.401794 -0.053406 0.870619 0.489050 0.718334 0.351095 1 22 1.000000
MarioHand_alb.png
 29 69.978989 13.093049 103.558189 -0.042721 0.561763 0.826195 0.732525 0.317418 1 22 1.000000
 29 69.979500 14.230900 102.250412 -0.060273 0.881023 0.469218 0.710582 0.324132 1 22 1.000000
 29 68.052750 13.097236 103.506676 -0.028989 0.602004 0.797967 0.726696 0.290105 1 22 1.000000
MarioHand_alb.png
 29 71.826508 14.316854 102.401794 -0.053406 0.870619 0.489050 0.718334 0.351095 1 22 1.000000
 29 69.979500 14.230900 102.250412 -0.060273 0.881023 0.469218 0.710582 0.324132 1 22 1.000000
 29 69.978989 13.093049 103.558189 -0.042721 0.561763 0.826195 0.732525 0.317418 1 22 1.000000
MarioHand_alb.png
 29 66.283234 11.544700 104.134354 0.021357 0.189448 0.981658 0.743694 0.259678 1 22 1.000000
 29 68.051521 11.523485 104.104820 0.019835 0.148759 0.988675 0.748653 0.283925 1 22 1.000000
 29 68.052750 13.097236 103.506676 -0.028989 0.602004 0.797967 0.726696 0.290105 1 22 1.000000
MarioHand_alb.png
 29 69.978989 13.093049 103.558189 -0.042721 0.561763 0.826195 0.732525 0.317418 1 22 1.000000
 29 68.052750 13.097236 103.506676 -0.028989 0.602004 0.797967 0.726696 0.290105 1 22 1.000000
 29 68.051521 11.523485 104.104820 0.019835 0.148759 0.988675 0.748653 0.283925 1 22 1.000000
MarioHand_alb.png
 29 64.553787 11.546769 104.147850 0.021356 0.353717 0.935109 0.738369 0.236393 1 22 1.000000
 29 66.468033 9.685182 104.159760 0.120527 -0.301222 0.945906 0.769512 0.255802 1 22 1.000000
 29 66.283234 11.544700 104.134354 0.021357 0.189448 0.981658 0.743694 0.259678 1 22 1.000000
MarioHand_alb.png
 29 66.283234 11.544700 104.134354 0.021357 0.189448 0.981658 0.743694 0.259678 1 22 1.000000
 29 66.468033 9.685182 104.159760 0.120527 -0.301222 0.945906 0.769512 0.255802 1 22 1.000000
 29 68.051521 11.523485 104.104820 0.019835 0.148759 0.988675 0.748653 0.283925 1 22 1.000000
MarioHand_alb.png
 29 64.553787 11.546769 104.147850 0.021356 0.353717 0.935109 0.738369 0.236393 1 22 1.000000
 29 65.093887 9.287974 104.404015 0.067129 0.395147 0.916162 0.771618 0.235294 1 22 1.000000
 29 66.468033 9.685182 104.159760 0.120527 -0.301222 0.945906 0.769512 0.255802 1 22 1.000000
MarioHand_alb.png
 29 69.978989 13.093049 103.558189 -0.042721 0.561763 0.826195 0.732525 0.317418 1 22 1.000000
 29 68.051521 11.523485 104.104820 0.019835 0.148759 0.988675 0.748653 0.283925 1 22 1.000000
 29 69.984634 11.517303 104.082649 -0.003815 0.099862 0.994994 0.753567 0.311208 1 22 1.000000
MarioHand_alb.png
 29 65.093887 9.287974 104.404015 0.067129 0.395147 0.916162 0.771618 0.235294 1 22 1.000000
 29 66.558784 8.343275 102.918045 -0.045013 -0.888721 0.456234 0.794736 0.255497 1 22 1.000000
 29 66.468033 9.685182 104.159760 0.120527 -0.301222 0.945906 0.769512 0.255802 1 22 1.000000
MarioHand_alb.png
 29 66.468033 9.685182 104.159760 0.120527 -0.301222 0.945906 0.769512 0.255802 1 22 1.000000
 29 68.100235 9.744727 103.976456 0.057227 -0.376170 0.924782 0.772381 0.279042 1 22 1.000000
 29 68.051521 11.523485 104.104820 0.019835 0.148759 0.988675 0.748653 0.283925 1 22 1.000000
MarioHand_alb.png
 29 66.468033 9.685182 104.159760 0.120527 -0.301222 0.945906 0.769512 0.255802 1 22 1.000000
 29 66.558784 8.343275 102.918045 -0.045013 -0.888721 0.456234 0.794736 0.255497 1 22 1.000000
 29 68.100235 9.744727 103.976456 0.057227 -0.376170 0.924782 0.772381 0.279042 1 22 1.000000
MarioHand_alb.png
 29 69.984634 11.517303 104.082649 -0.003815 0.099862 0.994994 0.753567 0.311208 1 22 1.000000
 29 68.051521 11.523485 104.104820 0.019835 0.148759 0.988675 0.748653 0.283925 1 22 1.000000
 29 68.100235 9.744727 103.976456 0.057227 -0.376170 0.924782 0.772381 0.279042 1 22 1.000000
MarioHand_alb.png
 29 65.093887 9.287974 104.404015 0.067129 0.395147 0.916162 0.771618 0.235294 1 22 1.000000
 29 66.577316 7.938066 100.978401 -0.224314 -0.968977 -0.103764 0.822416 0.255192 1 22 1.000000
 29 66.558784 8.343275 102.918045 -0.045013 -0.888721 0.456234 0.794736 0.255497 1 22 1.000000
MarioHand_alb.png
 29 65.093887 9.287974 104.404015 0.067129 0.395147 0.916162 0.771618 0.235294 1 22 1.000000
 29 65.117706 9.341757 101.577171 -0.887901 0.459302 0.025935 0.813535 0.228641 1 22 1.000000
 29 66.577316 7.938066 100.978401 -0.224314 -0.968977 -0.103764 0.822416 0.255192 1 22 1.000000
MarioHand_alb.png
 29 66.577316 7.938066 100.978401 -0.224314 -0.968977 -0.103764 0.822416 0.255192 1 22 1.000000
 29 65.117706 9.341757 101.577171 -0.887901 0.459302 0.025935 0.813535 0.228641 1 22 1.000000
 29 64.930313 9.131011 98.793182 0.578892 0.316999 -0.751263 0.856977 0.232593 1 22 1.000000
MarioHand_alb.png
 29 68.134003 8.396501 102.782341 0.053405 -0.861434 0.505054 0.796918 0.276814 1 22 1.000000
 29 68.100235 9.744727 103.976456 0.057227 -0.376170 0.924782 0.772381 0.279042 1 22 1.000000
 29 66.558784 8.343275 102.918045 -0.045013 -0.888721 0.456234 0.794736 0.255497 1 22 1.000000
MarioHand_alb.png
 29 68.134003 8.396501 102.782341 0.053405 -0.861434 0.505054 0.796918 0.276814 1 22 1.000000
 29 66.558784 8.343275 102.918045 -0.045013 -0.888721 0.456234 0.794736 0.255497 1 22 1.000000
 29 66.577316 7.938066 100.978401 -0.224314 -0.968977 -0.103764 0.822416 0.255192 1 22 1.000000
MarioHand_alb.png
 29 69.973526 9.758636 103.911652 0.029764 -0.407436 0.912749 0.776028 0.305470 1 22 1.000000
 29 68.100235 9.744727 103.976456 0.057227 -0.376170 0.924782 0.772381 0.279042 1 22 1.000000
 29 68.134003 8.396501 102.782341 0.053405 -0.861434 0.505054 0.796918 0.276814 1 22 1.000000
MarioHand_alb.png
 29 69.984634 11.517303 104.082649 -0.003815 0.099862 0.994994 0.753567 0.311208 1 22 1.000000
 29 68.100235 9.744727 103.976456 0.057227 -0.376170 0.924782 0.772381 0.279042 1 22 1.000000
 29 69.973526 9.758636 103.911652 0.029764 -0.407436 0.912749 0.776028 0.305470 1 22 1.000000
MarioHand_alb.png
 29 66.577316 7.938066 100.978401 -0.224314 -0.968977 -0.103764 0.822416 0.255192 1 22 1.000000
 29 64.930313 9.131011 98.793182 0.578892 0.316999 -0.751263 0.856977 0.232593 1 22 1.000000
 29 66.498428 8.995044 98.593689 -0.019837 -0.749699 -0.661482 0.858351 0.254963 1 22 1.000000
MarioHand_alb.png
 29 66.498428 8.995044 98.593689 -0.019837 -0.749699 -0.661482 0.858351 0.254963 1 22 1.000000
 29 64.930313 9.131011 98.793182 0.578892 0.316999 -0.751263 0.856977 0.232593 1 22 1.000000
 29 64.836975 11.363020 96.906532 0.799506 0.125400 -0.587423 0.899718 0.235935 1 22 1.000000
MarioHand_alb.png
 29 68.145683 7.950408 100.994926 0.033568 -0.987484 -0.154107 0.822080 0.276143 1 22 1.000000
 29 68.134003 8.396501 102.782341 0.053405 -0.861434 0.505054 0.796918 0.276814 1 22 1.000000
 29 66.577316 7.938066 100.978401 -0.224314 -0.968977 -0.103764 0.822416 0.255192 1 22 1.000000
MarioHand_alb.png
 29 66.498428 8.995044 98.593689 -0.019837 -0.749699 -0.661482 0.858351 0.254963 1 22 1.000000
 29 64.836975 11.363020 96.906532 0.799506 0.125400 -0.587423 0.899718 0.235935 1 22 1.000000
 29 66.280151 11.260544 97.227417 0.078568 -0.066554 -0.994685 0.895689 0.256504 1 22 1.000000
MarioHand_alb.png
 29 69.982903 8.472234 102.729729 0.046539 -0.858677 0.510400 0.798795 0.302281 1 22 1.000000
 29 68.134003 8.396501 102.782341 0.053405 -0.861434 0.505054 0.796918 0.276814 1 22 1.000000
 29 68.145683 7.950408 100.994926 0.033568 -0.987484 -0.154107 0.822080 0.276143 1 22 1.000000
MarioHand_alb.png
 29 69.973526 9.758636 103.911652 0.029764 -0.407436 0.912749 0.776028 0.305470 1 22 1.000000
 29 68.134003 8.396501 102.782341 0.053405 -0.861434 0.505054 0.796918 0.276814 1 22 1.000000
 29 69.982903 8.472234 102.729729 0.046539 -0.858677 0.510400 0.798795 0.302281 1 22 1.000000
MarioHand_alb.png
 29 66.577316 7.938066 100.978401 -0.224314 -0.968977 -0.103764 0.822416 0.255192 1 22 1.000000
 29 66.498428 8.995044 98.593689 -0.019837 -0.749699 -0.661482 0.858351 0.254963 1 22 1.000000
 29 68.064774 9.051037 98.589989 0.029753 -0.737061 -0.675171 0.857832 0.276448 1 22 1.000000
MarioHand_alb.png
 29 68.145683 7.950408 100.994926 0.033568 -0.987484 -0.154107 0.822080 0.276143 1 22 1.000000
 29 66.577316 7.938066 100.978401 -0.224314 -0.968977 -0.103764 0.822416 0.255192 1 22 1.000000
 29 68.064774 9.051037 98.589989 0.029753 -0.737061 -0.675171 0.857832 0.276448 1 22 1.000000
MarioHand_alb.png
 29 68.064774 9.051037 98.589989 0.029753 -0.737061 -0.675171 0.857832 0.276448 1 22 1.000000
 29 66.498428 8.995044 98.593689 -0.019837 -0.749699 -0.661482 0.858351 0.254963 1 22 1.000000
 29 66.280151 11.260544 97.227417 0.078568 -0.066554 -0.994685 0.895689 0.256504 1 22 1.000000
MarioHand_alb.png
 29 69.982903 8.472234 102.729729 0.046539 -0.858677 0.510400 0.798795 0.302281 1 22 1.000000
 29 68.145683 7.950408 100.994926 0.033568 -0.987484 -0.154107 0.822080 0.276143 1 22 1.000000
 29 70.000488 8.019147 101.005569 0.036621 -0.988193 -0.148773 0.822248 0.301381 1 22 1.000000
MarioHand_alb.png
 29 68.145683 7.950408 100.994926 0.033568 -0.987484 -0.154107 0.822080 0.276143 1 22 1.000000
 29 68.064774 9.051037 98.589989 0.029753 -0.737061 -0.675171 0.857832 0.276448 1 22 1.000000
 29 70.000488 8.019147 101.005569 0.036621 -0.988193 -0.148773 0.822248 0.301381 1 22 1.000000
MarioHand_alb.png
 29 69.973526 9.758636 103.911652 0.029764 -0.407436 0.912749 0.776028 0.305470 1 22 1.000000
 29 69.982903 8.472234 102.729729 0.046539 -0.858677 0.510400 0.798795 0.302281 1 22 1.000000
 29 71.846764 8.566866 102.697739 0.072475 -0.858252 0.508085 0.800641 0.327733 1 22 1.000000
MarioHand_alb.png
 29 69.982903 8.472234 102.729729 0.046539 -0.858677 0.510400 0.798795 0.302281 1 22 1.000000
 29 70.000488 8.019147 101.005569 0.036621 -0.988193 -0.148773 0.822248 0.301381 1 22 1.000000
 29 71.846764 8.566866 102.697739 0.072475 -0.858252 0.508085 0.800641 0.327733 1 22 1.000000
MarioHand_alb.png
 29 71.842667 9.791759 103.840996 0.047293 -0.434697 0.899334 0.780301 0.331640 1 22 1.000000
 29 69.973526 9.758636 103.911652 0.029764 -0.407436 0.912749 0.776028 0.305470 1 22 1.000000
 29 71.846764 8.566866 102.697739 0.072475 -0.858252 0.508085 0.800641 0.327733 1 22 1.000000
MarioHand_alb.png
 29 71.842667 9.791759 103.840996 0.047293 -0.434697 0.899334 0.780301 0.331640 1 22 1.000000
 29 69.984634 11.517303 104.082649 -0.003815 0.099862 0.994994 0.753567 0.311208 1 22 1.000000
 29 69.973526 9.758636 103.911652 0.029764 -0.407436 0.912749 0.776028 0.305470 1 22 1.000000
MarioHand_alb.png
 29 71.846764 8.566866 102.697739 0.072475 -0.858252 0.508085 0.800641 0.327733 1 22 1.000000
 29 70.000488 8.019147 101.005569 0.036621 -0.988193 -0.148773 0.822248 0.301381 1 22 1.000000
 29 71.842468 8.111627 100.945602 0.047302 -0.988859 -0.141143 0.823240 0.326421 1 22 1.000000
MarioHand_alb.png
 29 71.836136 11.515919 104.126312 -0.002289 0.052829 0.998601 0.759518 0.337530 1 22 1.000000
 29 69.984634 11.517303 104.082649 -0.003815 0.099862 0.994994 0.753567 0.311208 1 22 1.000000
 29 71.842667 9.791759 103.840996 0.047293 -0.434697 0.899334 0.780301 0.331640 1 22 1.000000
MarioHand_alb.png
 29 71.842667 9.791759 103.840996 0.047293 -0.434697 0.899334 0.780301 0.331640 1 22 1.000000
 29 71.846764 8.566866 102.697739 0.072475 -0.858252 0.508085 0.800641 0.327733 1 22 1.000000
 29 73.210205 9.839403 103.740494 0.134250 -0.463867 0.875674 0.784070 0.350683 1 22 1.000000
MarioHand_alb.png
 29 71.836136 11.515919 104.126312 -0.002289 0.052829 0.998601 0.759518 0.337530 1 22 1.000000
 29 71.842667 9.791759 103.840996 0.047293 -0.434697 0.899334 0.780301 0.331640 1 22 1.000000
 29 73.210205 9.839403 103.740494 0.134250 -0.463867 0.875674 0.784070 0.350683 1 22 1.000000
MarioHand_alb.png
 29 71.836136 11.515919 104.126312 -0.002289 0.052829 0.998601 0.759518 0.337530 1 22 1.000000
 29 71.833420 13.109070 103.690941 -0.044253 0.528656 0.847682 0.739742 0.343679 1 22 1.000000
 29 69.984634 11.517303 104.082649 -0.003815 0.099862 0.994994 0.753567 0.311208 1 22 1.000000
MarioHand_alb.png
 29 71.833420 13.109070 103.690941 -0.044253 0.528656 0.847682 0.739742 0.343679 1 22 1.000000
 29 69.978989 13.093049 103.558189 -0.042721 0.561763 0.826195 0.732525 0.317418 1 22 1.000000
 29 69.984634 11.517303 104.082649 -0.003815 0.099862 0.994994 0.753567 0.311208 1 22 1.000000
MarioHand_alb.png
 29 71.826508 14.316854 102.401794 -0.053406 0.870619 0.489050 0.718334 0.351095 1 22 1.000000
 29 69.978989 13.093049 103.558189 -0.042721 0.561763 0.826195 0.732525 0.317418 1 22 1.000000
 29 71.833420 13.109070 103.690941 -0.044253 0.528656 0.847682 0.739742 0.343679 1 22 1.000000
MarioHand_alb.png
 29 73.199615 11.520876 104.106155 0.094591 0.005912 0.995499 0.764981 0.356756 1 22 1.000000
 29 71.833420 13.109070 103.690941 -0.044253 0.528656 0.847682 0.739742 0.343679 1 22 1.000000
 29 71.836136 11.515919 104.126312 -0.002289 0.052829 0.998601 0.759518 0.337530 1 22 1.000000
MarioHand_alb.png
 29 73.199615 11.520876 104.106155 0.094591 0.005912 0.995499 0.764981 0.356756 1 22 1.000000
 29 71.836136 11.515919 104.126312 -0.002289 0.052829 0.998601 0.759518 0.337530 1 22 1.000000
 29 73.210205 9.839403 103.740494 0.134250 -0.463867 0.875674 0.784070 0.350683 1 22 1.000000
MarioHand_alb.png
 29 73.194504 14.336210 102.460701 0.054930 0.868384 0.492841 0.725582 0.370108 1 22 1.000000
 29 71.826508 14.316854 102.401794 -0.053406 0.870619 0.489050 0.718334 0.351095 1 22 1.000000
 29 71.833420 13.109070 103.690941 -0.044253 0.528656 0.847682 0.739742 0.343679 1 22 1.000000
MarioHand_alb.png
 29 73.194504 14.336210 102.460701 0.054930 0.868384 0.492841 0.725582 0.370108 1 22 1.000000
 29 73.193733 14.791649 100.788223 0.076291 0.989491 -0.122828 0.705592 0.379049 1 22 1.000000
 29 71.826508 14.316854 102.401794 -0.053406 0.870619 0.489050 0.718334 0.351095 1 22 1.000000
MarioHand_alb.png
 29 74.584457 14.581495 100.831856 0.309740 0.944002 -0.113673 0.717464 0.398520 1 22 1.000000
 29 73.193733 14.791649 100.788223 0.076291 0.989491 -0.122828 0.705592 0.379049 1 22 1.000000
 29 73.194504 14.336210 102.460701 0.054930 0.868384 0.492841 0.725582 0.370108 1 22 1.000000
MarioHand_alb.png
 29 73.194962 13.121067 103.730919 0.059501 0.504708 0.861237 0.746166 0.362524 1 22 1.000000
 29 73.194504 14.336210 102.460701 0.054930 0.868384 0.492841 0.725582 0.370108 1 22 1.000000
 29 71.833420 13.109070 103.690941 -0.044253 0.528656 0.847682 0.739742 0.343679 1 22 1.000000
MarioHand_alb.png
 29 73.199615 11.520876 104.106155 0.094591 0.005912 0.995499 0.764981 0.356756 1 22 1.000000
 29 73.194962 13.121067 103.730919 0.059501 0.504708 0.861237 0.746166 0.362524 1 22 1.000000
 29 71.833420 13.109070 103.690941 -0.044253 0.528656 0.847682 0.739742 0.343679 1 22 1.000000
MarioHand_alb.png
 29 74.584999 14.151176 102.408340 0.307462 0.824349 0.475307 0.735424 0.387945 1 22 1.000000
 29 74.584457 14.581495 100.831856 0.309740 0.944002 -0.113673 0.717464 0.398520 1 22 1.000000
 29 73.194504 14.336210 102.460701 0.054930 0.868384 0.492841 0.725582 0.370108 1 22 1.000000
MarioHand_alb.png
 29 74.584999 14.151176 102.408340 0.307462 0.824349 0.475307 0.735424 0.387945 1 22 1.000000
 29 73.194504 14.336210 102.460701 0.054930 0.868384 0.492841 0.725582 0.370108 1 22 1.000000
 29 73.194962 13.121067 103.730919 0.059501 0.504708 0.861237 0.746166 0.362524 1 22 1.000000
MarioHand_alb.png
 29 74.576828 13.012781 103.557198 0.317300 0.463079 0.827574 0.754299 0.380926 1 22 1.000000
 29 73.194962 13.121067 103.730919 0.059501 0.504708 0.861237 0.746166 0.362524 1 22 1.000000
 29 73.199615 11.520876 104.106155 0.094591 0.005912 0.995499 0.764981 0.356756 1 22 1.000000
MarioHand_alb.png
 29 74.576828 13.012781 103.557198 0.317300 0.463079 0.827574 0.754299 0.380926 1 22 1.000000
 29 74.584999 14.151176 102.408340 0.307462 0.824349 0.475307 0.735424 0.387945 1 22 1.000000
 29 73.194962 13.121067 103.730919 0.059501 0.504708 0.861237 0.746166 0.362524 1 22 1.000000
MarioHand_alb.png
 29 74.584999 14.151176 102.408340 0.307462 0.824349 0.475307 0.735424 0.387945 1 22 1.000000
 29 75.854034 13.518543 102.031944 0.708023 0.612368 0.351723 0.746731 0.404288 1 22 1.000000
 29 74.584457 14.581495 100.831856 0.309740 0.944002 -0.113673 0.717464 0.398520 1 22 1.000000
MarioHand_alb.png
 29 75.854034 13.518543 102.031944 0.708023 0.612368 0.351723 0.746731 0.404288 1 22 1.000000
 29 75.853523 13.831152 100.827278 0.699544 0.708603 -0.092306 0.733684 0.414237 1 22 1.000000
 29 74.584457 14.581495 100.831856 0.309740 0.944002 -0.113673 0.717464 0.398520 1 22 1.000000
MarioHand_alb.png
 29 76.541840 11.526875 100.827309 0.999241 0.002002 -0.038902 0.764721 0.429969 1 22 1.000000
 29 75.853523 13.831152 100.827278 0.699544 0.708603 -0.092306 0.733684 0.414237 1 22 1.000000
 29 75.854034 13.518543 102.031944 0.708023 0.612368 0.351723 0.746731 0.404288 1 22 1.000000
MarioHand_alb.png
 29 75.855377 12.712264 102.791298 0.718679 0.346751 0.602714 0.761532 0.399847 1 22 1.000000
 29 75.854034 13.518543 102.031944 0.708023 0.612368 0.351723 0.746731 0.404288 1 22 1.000000
 29 74.584999 14.151176 102.408340 0.307462 0.824349 0.475307 0.735424 0.387945 1 22 1.000000
MarioHand_alb.png
 29 76.541840 11.526875 100.827309 0.999241 0.002002 -0.038902 0.764721 0.429969 1 22 1.000000
 29 75.854034 13.518543 102.031944 0.708023 0.612368 0.351723 0.746731 0.404288 1 22 1.000000
 29 75.855377 12.712264 102.791298 0.718679 0.346751 0.602714 0.761532 0.399847 1 22 1.000000
MarioHand_alb.png
 29 74.576828 13.012781 103.557198 0.317300 0.463079 0.827574 0.754299 0.380926 1 22 1.000000
 29 75.855377 12.712264 102.791298 0.718679 0.346751 0.602714 0.761532 0.399847 1 22 1.000000
 29 74.584999 14.151176 102.408340 0.307462 0.824349 0.475307 0.735424 0.387945 1 22 1.000000
MarioHand_alb.png
 29 75.857346 11.525584 103.132858 0.720679 -0.007817 0.693225 0.780499 0.398138 1 22 1.000000
 29 76.541840 11.526875 100.827309 0.999241 0.002002 -0.038902 0.764721 0.429969 1 22 1.000000
 29 75.855377 12.712264 102.791298 0.718679 0.346751 0.602714 0.761532 0.399847 1 22 1.000000
MarioHand_alb.png
 29 75.857346 11.525584 103.132858 0.720679 -0.007817 0.693225 0.780499 0.398138 1 22 1.000000
 29 75.855377 12.712264 102.791298 0.718679 0.346751 0.602714 0.761532 0.399847 1 22 1.000000
 29 74.576828 13.012781 103.557198 0.317300 0.463079 0.827574 0.754299 0.380926 1 22 1.000000
MarioHand_alb.png
 29 74.589539 11.523277 103.884590 0.334911 -0.011730 0.942177 0.771618 0.376806 1 22 1.000000
 29 74.576828 13.012781 103.557198 0.317300 0.463079 0.827574 0.754299 0.380926 1 22 1.000000
 29 73.199615 11.520876 104.106155 0.094591 0.005912 0.995499 0.764981 0.356756 1 22 1.000000
MarioHand_alb.png
 29 74.589539 11.523277 103.884590 0.334911 -0.011730 0.942177 0.771618 0.376806 1 22 1.000000
 29 75.857346 11.525584 103.132858 0.720679 -0.007817 0.693225 0.780499 0.398138 1 22 1.000000
 29 74.576828 13.012781 103.557198 0.317300 0.463079 0.827574 0.754299 0.380926 1 22 1.000000
MarioHand_alb.png
 29 74.589539 11.523277 103.884590 0.334911 -0.011730 0.942177 0.771618 0.376806 1 22 1.000000
 29 73.199615 11.520876 104.106155 0.094591 0.005912 0.995499 0.764981 0.356756 1 22 1.000000
 29 73.210205 9.839403 103.740494 0.134250 -0.463867 0.875674 0.784070 0.350683 1 22 1.000000
MarioHand_alb.png
 29 74.589539 11.523277 103.884590 0.334911 -0.011730 0.942177 0.771618 0.376806 1 22 1.000000
 29 74.608192 9.935758 103.456757 0.342529 -0.467830 0.814745 0.789242 0.370443 1 22 1.000000
 29 75.857346 11.525584 103.132858 0.720679 -0.007817 0.693225 0.780499 0.398138 1 22 1.000000
MarioHand_alb.png
 29 74.589539 11.523277 103.884590 0.334911 -0.011730 0.942177 0.771618 0.376806 1 22 1.000000
 29 73.210205 9.839403 103.740494 0.134250 -0.463867 0.875674 0.784070 0.350683 1 22 1.000000
 29 74.608192 9.935758 103.456757 0.342529 -0.467830 0.814745 0.789242 0.370443 1 22 1.000000
MarioHand_alb.png
 29 74.608192 9.935758 103.456757 0.342529 -0.467830 0.814745 0.789242 0.370443 1 22 1.000000
 29 75.859436 10.265100 102.786041 0.716457 -0.360232 0.597429 0.796201 0.389044 1 22 1.000000
 29 75.857346 11.525584 103.132858 0.720679 -0.007817 0.693225 0.780499 0.398138 1 22 1.000000
MarioHand_alb.png
 29 75.857346 11.525584 103.132858 0.720679 -0.007817 0.693225 0.780499 0.398138 1 22 1.000000
 29 75.859436 10.265100 102.786041 0.716457 -0.360232 0.597429 0.796201 0.389044 1 22 1.000000
 29 76.541840 11.526875 100.827309 0.999241 0.002002 -0.038902 0.824582 0.410803 1 22 1.000000
MarioHand_alb.png
 29 74.608192 9.935758 103.456757 0.342529 -0.467830 0.814745 0.789242 0.370443 1 22 1.000000
 29 73.210205 9.839403 103.740494 0.134250 -0.463867 0.875674 0.784070 0.350683 1 22 1.000000
 29 73.203690 8.678805 102.567276 0.146481 -0.858572 0.491321 0.803143 0.346334 1 22 1.000000
MarioHand_alb.png
 29 73.210205 9.839403 103.740494 0.134250 -0.463867 0.875674 0.784070 0.350683 1 22 1.000000
 29 71.846764 8.566866 102.697739 0.072475 -0.858252 0.508085 0.800641 0.327733 1 22 1.000000
 29 73.203690 8.678805 102.567276 0.146481 -0.858572 0.491321 0.803143 0.346334 1 22 1.000000
MarioHand_alb.png
 29 73.203690 8.678805 102.567276 0.146481 -0.858572 0.491321 0.803143 0.346334 1 22 1.000000
 29 71.846764 8.566866 102.697739 0.072475 -0.858252 0.508085 0.800641 0.327733 1 22 1.000000
 29 71.842468 8.111627 100.945602 0.047302 -0.988859 -0.141143 0.823240 0.326421 1 22 1.000000
MarioHand_alb.png
 29 74.608192 9.935758 103.456757 0.342529 -0.467830 0.814745 0.789242 0.370443 1 22 1.000000
 29 74.592514 8.876181 102.352806 0.334169 -0.823882 0.457765 0.806439 0.365194 1 22 1.000000
 29 75.859436 10.265100 102.786041 0.716457 -0.360232 0.597429 0.796201 0.389044 1 22 1.000000
MarioHand_alb.png
 29 74.608192 9.935758 103.456757 0.342529 -0.467830 0.814745 0.789242 0.370443 1 22 1.000000
 29 73.203690 8.678805 102.567276 0.146481 -0.858572 0.491321 0.803143 0.346334 1 22 1.000000
 29 74.592514 8.876181 102.352806 0.334169 -0.823882 0.457765 0.806439 0.365194 1 22 1.000000
MarioHand_alb.png
 29 75.859436 10.265100 102.786041 0.716457 -0.360232 0.597429 0.796201 0.389044 1 22 1.000000
 29 75.860725 9.486280 101.898338 0.711897 -0.620526 0.328862 0.810773 0.383841 1 22 1.000000
 29 76.541840 11.526875 100.827309 0.999241 0.002002 -0.038902 0.824582 0.410803 1 22 1.000000
MarioHand_alb.png
 29 75.859436 10.265100 102.786041 0.716457 -0.360232 0.597429 0.796201 0.389044 1 22 1.000000
 29 74.592514 8.876181 102.352806 0.334169 -0.823882 0.457765 0.806439 0.365194 1 22 1.000000
 29 75.860725 9.486280 101.898338 0.711897 -0.620526 0.328862 0.810773 0.383841 1 22 1.000000
MarioHand_alb.png
 29 76.541840 11.526875 100.827309 0.999241 0.002002 -0.038902 0.824582 0.410803 1 22 1.000000
 29 75.860725 9.486280 101.898338 0.711897 -0.620526 0.328862 0.810773 0.383841 1 22 1.000000
 29 75.861160 9.220015 100.827278 0.698817 -0.708067 -0.101466 0.824964 0.381796 1 22 1.000000
MarioHand_alb.png
 29 74.592514 8.876181 102.352806 0.334169 -0.823882 0.457765 0.806439 0.365194 1 22 1.000000
 29 73.203690 8.678805 102.567276 0.146481 -0.858572 0.491321 0.803143 0.346334 1 22 1.000000
 29 73.209679 8.210759 100.887764 0.115201 -0.984839 -0.129697 0.824018 0.344640 1 22 1.000000
MarioHand_alb.png
 29 73.203690 8.678805 102.567276 0.146481 -0.858572 0.491321 0.803143 0.346334 1 22 1.000000
 29 71.842468 8.111627 100.945602 0.047302 -0.988859 -0.141143 0.823240 0.326421 1 22 1.000000
 29 73.209679 8.210759 100.887764 0.115201 -0.984839 -0.129697 0.824018 0.344640 1 22 1.000000
MarioHand_alb.png
 29 75.860725 9.486280 101.898338 0.711897 -0.620526 0.328862 0.810773 0.383841 1 22 1.000000
 29 74.592514 8.876181 102.352806 0.334169 -0.823882 0.457765 0.806439 0.365194 1 22 1.000000
 29 74.594261 8.467497 100.820534 0.317391 -0.939488 -0.128940 0.824948 0.363149 1 22 1.000000
MarioHand_alb.png
 29 75.860725 9.486280 101.898338 0.711897 -0.620526 0.328862 0.810773 0.383841 1 22 1.000000
 29 74.594261 8.467497 100.820534 0.317391 -0.939488 -0.128940 0.824948 0.363149 1 22 1.000000
 29 75.861160 9.220015 100.827278 0.698817 -0.708067 -0.101466 0.824964 0.381796 1 22 1.000000
MarioHand_alb.png
 29 74.592514 8.876181 102.352806 0.334169 -0.823882 0.457765 0.806439 0.365194 1 22 1.000000
 29 73.209679 8.210759 100.887764 0.115201 -0.984839 -0.129697 0.824018 0.344640 1 22 1.000000
 29 74.594261 8.467497 100.820534 0.317391 -0.939488 -0.128940 0.824948 0.363149 1 22 1.000000
MarioHand_alb.png
 29 76.541840 11.526875 100.827309 0.999241 0.002002 -0.038902 0.824582 0.410803 1 22 1.000000
 29 75.861160 9.220015 100.827278 0.698817 -0.708067 -0.101466 0.824964 0.381796 1 22 1.000000
 29 75.860062 9.895302 99.196999 0.696557 -0.506587 -0.508113 0.846891 0.385855 1 22 1.000000
MarioHand_alb.png
 29 75.861160 9.220015 100.827278 0.698817 -0.708067 -0.101466 0.824964 0.381796 1 22 1.000000
 29 74.594261 8.467497 100.820534 0.317391 -0.939488 -0.128940 0.824948 0.363149 1 22 1.000000
 29 75.860062 9.895302 99.196999 0.696557 -0.506587 -0.508113 0.846891 0.385855 1 22 1.000000
MarioHand_alb.png
 29 76.541840 11.526875 100.827309 0.999241 0.002002 -0.038902 0.824582 0.410803 1 22 1.000000
 29 75.860062 9.895302 99.196999 0.696557 -0.506587 -0.508113 0.846891 0.385855 1 22 1.000000
 29 75.857330 11.525583 98.521713 0.695178 0.002099 -0.718834 0.867964 0.396200 1 22 1.000000
MarioHand_alb.png
 29 74.594261 8.467497 100.820534 0.317391 -0.939488 -0.128940 0.824948 0.363149 1 22 1.000000
 29 73.209679 8.210759 100.887764 0.115201 -0.984839 -0.129697 0.824018 0.344640 1 22 1.000000
 29 73.203461 9.192633 98.529152 0.105289 -0.711943 -0.694299 0.853803 0.347829 1 22 1.000000
MarioHand_alb.png
 29 74.594261 8.467497 100.820534 0.317391 -0.939488 -0.128940 0.824948 0.363149 1 22 1.000000
 29 74.593170 9.362641 98.663208 0.318925 -0.671230 -0.669132 0.851270 0.366690 1 22 1.000000
 29 75.860062 9.895302 99.196999 0.696557 -0.506587 -0.508113 0.846891 0.385855 1 22 1.000000
MarioHand_alb.png
 29 74.594261 8.467497 100.820534 0.317391 -0.939488 -0.128940 0.824948 0.363149 1 22 1.000000
 29 73.203461 9.192633 98.529152 0.105289 -0.711943 -0.694299 0.853803 0.347829 1 22 1.000000
 29 74.593170 9.362641 98.663208 0.318925 -0.671230 -0.669132 0.851270 0.366690 1 22 1.000000
MarioHand_alb.png
 29 75.860062 9.895302 99.196999 0.696557 -0.506587 -0.508113 0.846891 0.385855 1 22 1.000000
 29 74.588898 11.524712 97.775932 0.326507 -0.002003 -0.945193 0.876387 0.375738 1 22 1.000000
 29 75.857330 11.525583 98.521713 0.695178 0.002099 -0.718834 0.867964 0.396200 1 22 1.000000
MarioHand_alb.png
 29 74.593170 9.362641 98.663208 0.318925 -0.671230 -0.669132 0.851270 0.366690 1 22 1.000000
 29 74.588898 11.524712 97.775932 0.326507 -0.002003 -0.945193 0.876387 0.375738 1 22 1.000000
 29 75.860062 9.895302 99.196999 0.696557 -0.506587 -0.508113 0.846891 0.385855 1 22 1.000000
MarioHand_alb.png
 29 73.209679 8.210759 100.887764 0.115201 -0.984839 -0.129697 0.824018 0.344640 1 22 1.000000
 29 71.830910 9.140634 98.537399 0.031284 -0.728403 -0.684434 0.855268 0.329213 1 22 1.000000
 29 73.203461 9.192633 98.529152 0.105289 -0.711943 -0.694299 0.853803 0.347829 1 22 1.000000
MarioHand_alb.png
 29 73.209679 8.210759 100.887764 0.115201 -0.984839 -0.129697 0.824018 0.344640 1 22 1.000000
 29 71.842468 8.111627 100.945602 0.047302 -0.988859 -0.141143 0.823240 0.326421 1 22 1.000000
 29 71.830910 9.140634 98.537399 0.031284 -0.728403 -0.684434 0.855268 0.329213 1 22 1.000000
MarioHand_alb.png
 29 74.593170 9.362641 98.663208 0.318925 -0.671230 -0.669132 0.851270 0.366690 1 22 1.000000
 29 73.203461 9.192633 98.529152 0.105289 -0.711943 -0.694299 0.853803 0.347829 1 22 1.000000
 29 73.198296 11.508188 97.497307 0.128983 -0.021561 -0.991412 0.882628 0.355383 1 22 1.000000
MarioHand_alb.png
 29 74.593170 9.362641 98.663208 0.318925 -0.671230 -0.669132 0.851270 0.366690 1 22 1.000000
 29 73.198296 11.508188 97.497307 0.128983 -0.021561 -0.991412 0.882628 0.355383 1 22 1.000000
 29 74.588898 11.524712 97.775932 0.326507 -0.002003 -0.945193 0.876387 0.375738 1 22 1.000000
MarioHand_alb.png
 29 73.203461 9.192633 98.529152 0.105289 -0.711943 -0.694299 0.853803 0.347829 1 22 1.000000
 29 71.830910 9.140634 98.537399 0.031284 -0.728403 -0.684434 0.855268 0.329213 1 22 1.000000
 29 71.826492 11.481775 97.368073 0.054951 -0.058768 -0.996758 0.886854 0.335775 1 22 1.000000
MarioHand_alb.png
 29 73.203461 9.192633 98.529152 0.105289 -0.711943 -0.694299 0.853803 0.347829 1 22 1.000000
 29 71.826492 11.481775 97.368073 0.054951 -0.058768 -0.996758 0.886854 0.335775 1 22 1.000000
 29 73.198296 11.508188 97.497307 0.128983 -0.021561 -0.991412 0.882628 0.355383 1 22 1.000000
MarioHand_alb.png
 29 71.830910 9.140634 98.537399 0.031284 -0.728403 -0.684434 0.855268 0.329213 1 22 1.000000
 29 71.842468 8.111627 100.945602 0.047302 -0.988859 -0.141143 0.823240 0.326421 1 22 1.000000
 29 69.990768 9.135623 98.562447 0.027464 -0.731521 -0.681265 0.857145 0.303471 1 22 1.000000
MarioHand_alb.png
 29 71.830910 9.140634 98.537399 0.031284 -0.728403 -0.684434 0.855268 0.329213 1 22 1.000000
 29 69.990768 9.135623 98.562447 0.027464 -0.731521 -0.681265 0.857145 0.303471 1 22 1.000000
 29 71.826492 11.481775 97.368073 0.054951 -0.058768 -0.996758 0.886854 0.335775 1 22 1.000000
MarioHand_alb.png
 29 70.000488 8.019147 101.005569 0.036621 -0.988193 -0.148773 0.822248 0.301381 1 22 1.000000
 29 69.990768 9.135623 98.562447 0.027464 -0.731521 -0.681265 0.857145 0.303471 1 22 1.000000
 29 71.842468 8.111627 100.945602 0.047302 -0.988859 -0.141143 0.823240 0.326421 1 22 1.000000
MarioHand_alb.png
 29 70.000488 8.019147 101.005569 0.036621 -0.988193 -0.148773 0.822248 0.301381 1 22 1.000000
 29 68.064774 9.051037 98.589989 0.029753 -0.737061 -0.675171 0.857832 0.276448 1 22 1.000000
 29 69.990768 9.135623 98.562447 0.027464 -0.731521 -0.681265 0.857145 0.303471 1 22 1.000000
MarioHand_alb.png
 29 68.064774 9.051037 98.589989 0.029753 -0.737061 -0.675171 0.857832 0.276448 1 22 1.000000
 29 68.049576 11.421396 97.169884 0.015256 -0.101833 -0.994685 0.894499 0.281544 1 22 1.000000
 29 69.990768 9.135623 98.562447 0.027464 -0.731521 -0.681265 0.857145 0.303471 1 22 1.000000
MarioHand_alb.png
 29 68.064774 9.051037 98.589989 0.029753 -0.737061 -0.675171 0.857832 0.276448 1 22 1.000000
 29 66.280151 11.260544 97.227417 0.078568 -0.066554 -0.994685 0.895689 0.256504 1 22 1.000000
 29 68.049576 11.421396 97.169884 0.015256 -0.101833 -0.994685 0.894499 0.281544 1 22 1.000000
MarioHand_alb.png
 29 69.990768 9.135623 98.562447 0.027464 -0.731521 -0.681265 0.857145 0.303471 1 22 1.000000
 29 69.984726 11.472297 97.268463 0.037376 -0.088005 -0.995419 0.891188 0.309285 1 22 1.000000
 29 71.826492 11.481775 97.368073 0.054951 -0.058768 -0.996758 0.886854 0.335775 1 22 1.000000
MarioHand_alb.png
 29 69.990768 9.135623 98.562447 0.027464 -0.731521 -0.681265 0.857145 0.303471 1 22 1.000000
 29 68.049576 11.421396 97.169884 0.015256 -0.101833 -0.994685 0.894499 0.281544 1 22 1.000000
 29 69.984726 11.472297 97.268463 0.037376 -0.088005 -0.995419 0.891188 0.309285 1 22 1.000000
MarioHand_alb.png
 29 66.280151 11.260544 97.227417 0.078568 -0.066554 -0.994685 0.895689 0.256504 1 22 1.000000
 29 66.150368 13.366901 97.955101 0.052639 0.719304 -0.692698 0.926528 0.261326 1 22 1.000000
 29 68.049576 11.421396 97.169884 0.015256 -0.101833 -0.994685 0.894499 0.281544 1 22 1.000000
MarioHand_alb.png
 29 66.280151 11.260544 97.227417 0.078568 -0.066554 -0.994685 0.895689 0.256504 1 22 1.000000
 29 64.836975 11.363020 96.906532 0.799506 0.125400 -0.587423 0.899718 0.235935 1 22 1.000000
 29 66.150368 13.366901 97.955101 0.052639 0.719304 -0.692698 0.926528 0.261326 1 22 1.000000
MarioHand_alb.png
 29 64.836975 11.363020 96.906532 0.799506 0.125400 -0.587423 0.899718 0.235935 1 22 1.000000
 29 64.477882 13.446620 97.642860 0.485913 0.713899 -0.504220 0.929747 0.237446 1 22 1.000000
 29 66.150368 13.366901 97.955101 0.052639 0.719304 -0.692698 0.926528 0.261326 1 22 1.000000
MarioHand_alb.png
 29 66.150368 13.366901 97.955101 0.052639 0.719304 -0.692698 0.926528 0.261326 1 22 1.000000
 29 64.477882 13.446620 97.642860 0.485913 0.713899 -0.504220 0.929747 0.237446 1 22 1.000000
 29 64.373032 14.604590 100.256454 0.178533 0.983838 0.013733 0.966781 0.245304 1 22 1.000000
MarioHand_alb.png
 29 66.150368 13.366901 97.955101 0.052639 0.719304 -0.692698 0.926528 0.261326 1 22 1.000000
 29 64.373032 14.604590 100.256454 0.178533 0.983838 0.013733 0.966781 0.245304 1 22 1.000000
 29 66.151955 14.539415 100.429237 -0.013733 0.992979 -0.117494 0.962692 0.270115 1 22 1.000000
MarioHand_alb.png
 29 68.049576 11.421396 97.169884 0.015256 -0.101833 -0.994685 0.894499 0.281544 1 22 1.000000
 29 66.150368 13.366901 97.955101 0.052639 0.719304 -0.692698 0.926528 0.261326 1 22 1.000000
 29 68.046707 13.546659 98.016724 -0.021363 0.714911 -0.698889 0.924163 0.288533 1 22 1.000000
MarioHand_alb.png
 29 66.150368 13.366901 97.955101 0.052639 0.719304 -0.692698 0.926528 0.261326 1 22 1.000000
 29 66.151955 14.539415 100.429237 -0.013733 0.992979 -0.117494 0.962692 0.270115 1 22 1.000000
 29 68.046707 13.546659 98.016724 -0.021363 0.714911 -0.698889 0.924163 0.288533 1 22 1.000000
MarioHand_alb.png
 29 68.049576 11.421396 97.169884 0.015256 -0.101833 -0.994685 0.894499 0.281544 1 22 1.000000
 29 68.046707 13.546659 98.016724 -0.021363 0.714911 -0.698889 0.924163 0.288533 1 22 1.000000
 29 69.984726 11.472297 97.268463 0.037376 -0.088005 -0.995419 0.891188 0.309285 1 22 1.000000
MarioHand_alb.png
 29 68.046707 13.546659 98.016724 -0.021363 0.714911 -0.698889 0.924163 0.288533 1 22 1.000000
 29 66.151955 14.539415 100.429237 -0.013733 0.992979 -0.117494 0.962692 0.270115 1 22 1.000000
 29 68.045807 14.612137 100.473991 -0.044250 0.986943 -0.154874 0.958877 0.297200 1 22 1.000000
MarioHand_alb.png
 29 69.984726 11.472297 97.268463 0.037376 -0.088005 -0.995419 0.891188 0.309285 1 22 1.000000
 29 68.046707 13.546659 98.016724 -0.021363 0.714911 -0.698889 0.924163 0.288533 1 22 1.000000
 29 69.981277 13.676213 98.136169 0.007629 0.713730 -0.700379 0.921157 0.317021 1 22 1.000000
MarioHand_alb.png
 29 69.981277 13.676213 98.136169 0.007629 0.713730 -0.700379 0.921157 0.317021 1 22 1.000000
 29 68.046707 13.546659 98.016724 -0.021363 0.714911 -0.698889 0.924163 0.288533 1 22 1.000000
 29 68.045807 14.612137 100.473991 -0.044250 0.986943 -0.154874 0.958877 0.297200 1 22 1.000000
MarioHand_alb.png
 29 69.984726 11.472297 97.268463 0.037376 -0.088005 -0.995419 0.891188 0.309285 1 22 1.000000
 29 69.981277 13.676213 98.136169 0.007629 0.713730 -0.700379 0.921157 0.317021 1 22 1.000000
 29 71.826492 11.481775 97.368073 0.054951 -0.058768 -0.996758 0.886854 0.335775 1 22 1.000000
MarioHand_alb.png
 29 69.979439 14.703449 100.575951 -0.041200 0.989668 -0.137335 0.954803 0.327001 1 22 1.000000
 29 69.981277 13.676213 98.136169 0.007629 0.713730 -0.700379 0.921157 0.317021 1 22 1.000000
 29 68.045807 14.612137 100.473991 -0.044250 0.986943 -0.154874 0.958877 0.297200 1 22 1.000000
MarioHand_alb.png
 29 71.822411 13.785948 98.286140 0.032803 0.713086 -0.700308 0.916793 0.344335 1 22 1.000000
 29 71.826492 11.481775 97.368073 0.054951 -0.058768 -0.996758 0.886854 0.335775 1 22 1.000000
 29 69.981277 13.676213 98.136169 0.007629 0.713730 -0.700379 0.921157 0.317021 1 22 1.000000
MarioHand_alb.png
 29 71.822411 13.785948 98.286140 0.032803 0.713086 -0.700308 0.916793 0.344335 1 22 1.000000
 29 69.981277 13.676213 98.136169 0.007629 0.713730 -0.700379 0.921157 0.317021 1 22 1.000000
 29 69.979439 14.703449 100.575951 -0.041200 0.989668 -0.137335 0.954803 0.327001 1 22 1.000000
MarioHand_alb.png
 29 73.198296 11.508188 97.497307 0.128983 -0.021561 -0.991412 0.882628 0.355383 1 22 1.000000
 29 71.826492 11.481775 97.368073 0.054951 -0.058768 -0.996758 0.886854 0.335775 1 22 1.000000
 29 71.822411 13.785948 98.286140 0.032803 0.713086 -0.700308 0.916793 0.344335 1 22 1.000000
MarioHand_alb.png
 29 71.820465 14.791842 100.705368 -0.021362 0.991718 -0.126647 0.948531 0.356588 1 22 1.000000
 29 71.822411 13.785948 98.286140 0.032803 0.713086 -0.700308 0.916793 0.344335 1 22 1.000000
 29 69.979439 14.703449 100.575951 -0.041200 0.989668 -0.137335 0.954803 0.327001 1 22 1.000000
MarioHand_alb.png
 29 73.198296 11.508188 97.497307 0.128983 -0.021561 -0.991412 0.882628 0.355383 1 22 1.000000
 29 71.822411 13.785948 98.286140 0.032803 0.713086 -0.700308 0.916793 0.344335 1 22 1.000000
 29 73.194099 13.814420 98.445770 0.115203 0.708192 -0.696557 0.911772 0.363714 1 22 1.000000
MarioHand_alb.png
 29 73.194099 13.814420 98.445770 0.115203 0.708192 -0.696557 0.911772 0.363714 1 22 1.000000
 29 71.822411 13.785948 98.286140 0.032803 0.713086 -0.700308 0.916793 0.344335 1 22 1.000000
 29 71.820465 14.791842 100.705368 -0.021362 0.991718 -0.126647 0.948531 0.356588 1 22 1.000000
MarioHand_alb.png
 29 73.198296 11.508188 97.497307 0.128983 -0.021561 -0.991412 0.882628 0.355383 1 22 1.000000
 29 73.194099 13.814420 98.445770 0.115203 0.708192 -0.696557 0.911772 0.363714 1 22 1.000000
 29 74.588898 11.524712 97.775932 0.326507 -0.002003 -0.945193 0.876387 0.375738 1 22 1.000000
MarioHand_alb.png
 29 73.194099 13.814420 98.445770 0.115203 0.708192 -0.696557 0.911772 0.363714 1 22 1.000000
 29 71.820465 14.791842 100.705368 -0.021362 0.991718 -0.126647 0.948531 0.356588 1 22 1.000000
 29 73.193733 14.791649 100.788223 0.076291 0.989491 -0.122828 0.941192 0.377310 1 22 1.000000
MarioHand_alb.png
 29 74.585449 13.687942 98.672813 0.321193 0.675479 -0.663749 0.904067 0.382452 1 22 1.000000
 29 73.194099 13.814420 98.445770 0.115203 0.708192 -0.696557 0.911772 0.363714 1 22 1.000000
 29 73.193733 14.791649 100.788223 0.076291 0.989491 -0.122828 0.941192 0.377310 1 22 1.000000
MarioHand_alb.png
 29 74.588898 11.524712 97.775932 0.326507 -0.002003 -0.945193 0.876387 0.375738 1 22 1.000000
 29 73.194099 13.814420 98.445770 0.115203 0.708192 -0.696557 0.911772 0.363714 1 22 1.000000
 29 74.585449 13.687942 98.672813 0.321193 0.675479 -0.663749 0.904067 0.382452 1 22 1.000000
MarioHand_alb.png
 29 74.585449 13.687942 98.672813 0.321193 0.675479 -0.663749 0.904067 0.382452 1 22 1.000000
 29 73.193733 14.791649 100.788223 0.076291 0.989491 -0.122828 0.941192 0.377310 1 22 1.000000
 29 74.584457 14.581495 100.831856 0.309740 0.944002 -0.113673 0.929763 0.396536 1 22 1.000000
MarioHand_alb.png
 29 75.853523 13.831152 100.827278 0.699544 0.708603 -0.092306 0.913741 0.412390 1 22 1.000000
 29 74.585449 13.687942 98.672813 0.321193 0.675479 -0.663749 0.904067 0.382452 1 22 1.000000
 29 74.584457 14.581495 100.831856 0.309740 0.944002 -0.113673 0.929763 0.396536 1 22 1.000000
MarioHand_alb.png
 29 75.854652 13.155865 99.196999 0.695029 0.508683 -0.508111 0.893721 0.399542 1 22 1.000000
 29 74.588898 11.524712 97.775932 0.326507 -0.002003 -0.945193 0.876387 0.375738 1 22 1.000000
 29 74.585449 13.687942 98.672813 0.321193 0.675479 -0.663749 0.904067 0.382452 1 22 1.000000
MarioHand_alb.png
 29 75.854652 13.155865 99.196999 0.695029 0.508683 -0.508111 0.893721 0.399542 1 22 1.000000
 29 74.585449 13.687942 98.672813 0.321193 0.675479 -0.663749 0.904067 0.382452 1 22 1.000000
 29 75.853523 13.831152 100.827278 0.699544 0.708603 -0.092306 0.913741 0.412390 1 22 1.000000
MarioHand_alb.png
 29 75.857330 11.525583 98.521713 0.695178 0.002099 -0.718834 0.867964 0.396200 1 22 1.000000
 29 74.588898 11.524712 97.775932 0.326507 -0.002003 -0.945193 0.876387 0.375738 1 22 1.000000
 29 75.854652 13.155865 99.196999 0.695029 0.508683 -0.508111 0.893721 0.399542 1 22 1.000000
MarioHand_alb.png
 29 75.854652 13.155865 99.196999 0.695029 0.508683 -0.508111 0.893721 0.399542 1 22 1.000000
 29 75.853523 13.831152 100.827278 0.699544 0.708603 -0.092306 0.913741 0.412390 1 22 1.000000
 29 76.541840 11.526875 100.827309 0.999241 0.002002 -0.038902 0.882872 0.427802 1 22 1.000000
MarioHand_alb.png
 29 75.857330 11.525583 98.521713 0.695178 0.002099 -0.718834 0.867964 0.396200 1 22 1.000000
 29 75.854652 13.155865 99.196999 0.695029 0.508683 -0.508111 0.893721 0.399542 1 22 1.000000
 29 76.541840 11.526875 100.827309 0.999241 0.002002 -0.038902 0.882872 0.427802 1 22 1.000000
MarioHand_alb.png
 29 68.173378 -2.383778 98.970894 0.074768 -0.797892 -0.598145 0.079576 0.244602 1 22 1.000000
 29 65.556458 -2.476514 98.566444 0.516546 0.017620 -0.856078 0.072404 0.280751 1 22 1.000000
 29 66.018898 0.520272 97.541290 0.637984 0.084231 -0.765429 0.031403 0.268055 1 22 1.000000
MarioHand_alb.png
 29 68.221191 0.388947 98.169113 0.103752 0.121399 -0.987167 0.040955 0.237339 1 22 1.000000
 29 68.173378 -2.383778 98.970894 0.074768 -0.797892 -0.598145 0.079576 0.244602 1 22 1.000000
 29 66.018898 0.520272 97.541290 0.637984 0.084231 -0.765429 0.031403 0.268055 1 22 1.000000
MarioHand_alb.png
 29 68.173378 -2.383778 98.970894 0.074768 -0.797892 -0.598145 0.079576 0.244602 1 22 1.000000
 29 65.556740 -2.504411 101.298622 -0.237272 -0.949517 -0.205229 0.108888 0.283192 1 22 1.000000
 29 65.556458 -2.476514 98.566444 0.516546 0.017620 -0.856078 0.072404 0.280751 1 22 1.000000
MarioHand_alb.png
 29 70.806030 -2.246934 99.081970 0.042724 -0.779579 -0.624845 0.083787 0.206149 1 22 1.000000
 29 68.173378 -2.383778 98.970894 0.074768 -0.797892 -0.598145 0.079576 0.244602 1 22 1.000000
 29 68.221191 0.388947 98.169113 0.103752 0.121399 -0.987167 0.040955 0.237339 1 22 1.000000
MarioHand_alb.png
 29 70.806030 -2.246934 99.081970 0.042724 -0.779579 -0.624845 0.083787 0.206149 1 22 1.000000
 29 68.221191 0.388947 98.169113 0.103752 0.121399 -0.987167 0.040955 0.237339 1 22 1.000000
 29 70.801605 0.299458 98.057915 0.041193 0.093941 -0.994725 0.047181 0.199695 1 22 1.000000
MarioHand_alb.png
 29 73.102951 0.310846 98.263260 0.107613 0.074338 -0.991410 0.053422 0.164736 1 22 1.000000
 29 70.806030 -2.246934 99.081970 0.042724 -0.779579 -0.624845 0.083787 0.206149 1 22 1.000000
 29 70.801605 0.299458 98.057915 0.041193 0.093941 -0.994725 0.047181 0.199695 1 22 1.000000
MarioHand_alb.png
 29 68.269539 -2.539516 101.687775 0.011444 -0.999492 -0.029754 0.117159 0.246723 1 22 1.000000
 29 65.556740 -2.504411 101.298622 -0.237272 -0.949517 -0.205229 0.108888 0.283192 1 22 1.000000
 29 68.173378 -2.383778 98.970894 0.074768 -0.797892 -0.598145 0.079576 0.244602 1 22 1.000000
MarioHand_alb.png
 29 70.806030 -2.246934 99.081970 0.042724 -0.779579 -0.624845 0.083787 0.206149 1 22 1.000000
 29 68.269539 -2.539516 101.687775 0.011444 -0.999492 -0.029754 0.117159 0.246723 1 22 1.000000
 29 68.173378 -2.383778 98.970894 0.074768 -0.797892 -0.598145 0.079576 0.244602 1 22 1.000000
MarioHand_alb.png
 29 68.294754 -2.505651 103.689148 0.032806 -0.969949 0.241087 0.144915 0.248829 1 22 1.000000
 29 65.556740 -2.504411 101.298622 -0.237272 -0.949517 -0.205229 0.108888 0.283192 1 22 1.000000
 29 68.269539 -2.539516 101.687775 0.011444 -0.999492 -0.029754 0.117159 0.246723 1 22 1.000000
MarioHand_alb.png
 29 68.294754 -2.505651 103.689148 0.032806 -0.969949 0.241087 0.144915 0.248829 1 22 1.000000
 29 65.838554 -2.498506 104.743858 0.164001 -0.371506 0.913831 0.155764 0.284443 1 22 1.000000
 29 65.556740 -2.504411 101.298622 -0.237272 -0.949517 -0.205229 0.108888 0.283192 1 22 1.000000
MarioHand_alb.png
 29 70.770874 -2.575724 101.819527 0.013733 -0.998822 -0.046539 0.121355 0.209827 1 22 1.000000
 29 68.269539 -2.539516 101.687775 0.011444 -0.999492 -0.029754 0.117159 0.246723 1 22 1.000000
 29 70.806030 -2.246934 99.081970 0.042724 -0.779579 -0.624845 0.083787 0.206149 1 22 1.000000
MarioHand_alb.png
 29 70.770874 -2.575724 101.819527 0.013733 -0.998822 -0.046539 0.121355 0.209827 1 22 1.000000
 29 68.294754 -2.505651 103.689148 0.032806 -0.969949 0.241087 0.144915 0.248829 1 22 1.000000
 29 68.269539 -2.539516 101.687775 0.011444 -0.999492 -0.029754 0.117159 0.246723 1 22 1.000000
MarioHand_alb.png
 29 73.105698 -2.115834 99.300171 0.084684 -0.773071 -0.628642 0.088670 0.171633 1 22 1.000000
 29 70.806030 -2.246934 99.081970 0.042724 -0.779579 -0.624845 0.083787 0.206149 1 22 1.000000
 29 73.102951 0.310846 98.263260 0.107613 0.074338 -0.991410 0.053422 0.164736 1 22 1.000000
MarioHand_alb.png
 29 73.105698 -2.115834 99.300171 0.084684 -0.773071 -0.628642 0.088670 0.171633 1 22 1.000000
 29 70.770874 -2.575724 101.819527 0.013733 -0.998822 -0.046539 0.121355 0.209827 1 22 1.000000
 29 70.806030 -2.246934 99.081970 0.042724 -0.779579 -0.624845 0.083787 0.206149 1 22 1.000000
MarioHand_alb.png
 29 75.646179 0.333735 98.628395 0.109105 0.052865 -0.992624 0.062165 0.125048 1 22 1.000000
 29 73.105698 -2.115834 99.300171 0.084684 -0.773071 -0.628642 0.088670 0.171633 1 22 1.000000
 29 73.102951 0.310846 98.263260 0.107613 0.074338 -0.991410 0.053422 0.164736 1 22 1.000000
MarioHand_alb.png
 29 68.294754 -2.505651 103.689148 0.032806 -0.969949 0.241087 0.144915 0.248829 1 22 1.000000
 29 68.247604 -1.518510 105.241821 0.022887 -0.500997 0.865146 0.170428 0.249943 1 22 1.000000
 29 65.838554 -2.498506 104.743858 0.164001 -0.371506 0.913831 0.155764 0.284443 1 22 1.000000
MarioHand_alb.png
 29 68.247604 -1.518510 105.241821 0.022887 -0.500997 0.865146 0.170428 0.249943 1 22 1.000000
 29 65.698730 0.337868 105.534775 0.119021 -0.105580 0.987262 0.195315 0.286320 1 22 1.000000
 29 65.838554 -2.498506 104.743858 0.164001 -0.371506 0.913831 0.155764 0.284443 1 22 1.000000
MarioHand_alb.png
 29 75.650230 -2.013633 99.607033 0.076295 -0.758680 -0.646980 0.095506 0.133227 1 22 1.000000
 29 73.105698 -2.115834 99.300171 0.084684 -0.773071 -0.628642 0.088670 0.171633 1 22 1.000000
 29 75.646179 0.333735 98.628395 0.109105 0.052865 -0.992624 0.062165 0.125048 1 22 1.000000
MarioHand_alb.png
 29 77.852921 0.351511 98.849663 0.103777 0.025449 -0.994275 0.071824 0.090394 1 22 1.000000
 29 75.650230 -2.013633 99.607033 0.076295 -0.758680 -0.646980 0.095506 0.133227 1 22 1.000000
 29 75.646179 0.333735 98.628395 0.109105 0.052865 -0.992624 0.062165 0.125048 1 22 1.000000
MarioHand_alb.png
 29 73.106247 -2.607883 101.942001 0.013733 -0.996813 -0.078583 0.124804 0.175952 1 22 1.000000
 29 70.770874 -2.575724 101.819527 0.013733 -0.998822 -0.046539 0.121355 0.209827 1 22 1.000000
 29 73.105698 -2.115834 99.300171 0.084684 -0.773071 -0.628642 0.088670 0.171633 1 22 1.000000
MarioHand_alb.png
 29 75.650230 -2.013633 99.607033 0.076295 -0.758680 -0.646980 0.095506 0.133227 1 22 1.000000
 29 73.106247 -2.607883 101.942001 0.013733 -0.996813 -0.078583 0.124804 0.175952 1 22 1.000000
 29 73.105698 -2.115834 99.300171 0.084684 -0.773071 -0.628642 0.088670 0.171633 1 22 1.000000
MarioHand_alb.png
 29 70.770874 -2.575724 101.819527 0.013733 -0.998822 -0.046539 0.121355 0.209827 1 22 1.000000
 29 70.771477 -2.428025 103.702637 0.002289 -0.949564 0.313565 0.147143 0.212131 1 22 1.000000
 29 68.294754 -2.505651 103.689148 0.032806 -0.969949 0.241087 0.144915 0.248829 1 22 1.000000
MarioHand_alb.png
 29 73.106247 -2.607883 101.942001 0.013733 -0.996813 -0.078583 0.124804 0.175952 1 22 1.000000
 29 70.771477 -2.428025 103.702637 0.002289 -0.949564 0.313565 0.147143 0.212131 1 22 1.000000
 29 70.770874 -2.575724 101.819527 0.013733 -0.998822 -0.046539 0.121355 0.209827 1 22 1.000000
MarioHand_alb.png
 29 70.771477 -2.428025 103.702637 0.002289 -0.949564 0.313565 0.147143 0.212131 1 22 1.000000
 29 68.247604 -1.518510 105.241821 0.022887 -0.500997 0.865146 0.170428 0.249943 1 22 1.000000
 29 68.294754 -2.505651 103.689148 0.032806 -0.969949 0.241087 0.144915 0.248829 1 22 1.000000
MarioHand_alb.png
 29 75.526001 -2.650177 102.092308 0.006103 -0.994584 -0.103759 0.129335 0.138506 1 22 1.000000
 29 73.106247 -2.607883 101.942001 0.013733 -0.996813 -0.078583 0.124804 0.175952 1 22 1.000000
 29 75.650230 -2.013633 99.607033 0.076295 -0.758680 -0.646980 0.095506 0.133227 1 22 1.000000
MarioHand_alb.png
 29 77.856743 -1.952092 99.823479 0.080113 -0.703145 -0.706519 0.103441 0.100328 1 22 1.000000
 29 75.650230 -2.013633 99.607033 0.076295 -0.758680 -0.646980 0.095506 0.133227 1 22 1.000000
 29 77.852921 0.351511 98.849663 0.103777 0.025449 -0.994275 0.071824 0.090394 1 22 1.000000
MarioHand_alb.png
 29 77.856743 -1.952092 99.823479 0.080113 -0.703145 -0.706519 0.103441 0.100328 1 22 1.000000
 29 75.526001 -2.650177 102.092308 0.006103 -0.994584 -0.103759 0.129335 0.138506 1 22 1.000000
 29 75.650230 -2.013633 99.607033 0.076295 -0.758680 -0.646980 0.095506 0.133227 1 22 1.000000
MarioHand_alb.png
 29 79.990120 0.363509 99.119293 0.218943 0.007819 -0.975706 0.085740 0.057664 1 22 1.000000
 29 77.856743 -1.952092 99.823479 0.080113 -0.703145 -0.706519 0.103441 0.100328 1 22 1.000000
 29 77.852921 0.351511 98.849663 0.103777 0.025449 -0.994275 0.071824 0.090394 1 22 1.000000
MarioHand_alb.png
 29 75.526001 -2.650177 102.092308 0.006103 -0.994584 -0.103759 0.129335 0.138506 1 22 1.000000
 29 73.088707 -2.484389 103.748901 -0.007629 -0.938064 0.346377 0.149004 0.178759 1 22 1.000000
 29 73.106247 -2.607883 101.942001 0.013733 -0.996813 -0.078583 0.124804 0.175952 1 22 1.000000
MarioHand_alb.png
 29 73.106247 -2.607883 101.942001 0.013733 -0.996813 -0.078583 0.124804 0.175952 1 22 1.000000
 29 73.088707 -2.484389 103.748901 -0.007629 -0.938064 0.346377 0.149004 0.178759 1 22 1.000000
 29 70.771477 -2.428025 103.702637 0.002289 -0.949564 0.313565 0.147143 0.212131 1 22 1.000000
MarioHand_alb.png
 29 79.993881 -1.812597 100.058838 0.219691 -0.602364 -0.767394 0.114229 0.069535 1 22 1.000000
 29 77.856743 -1.952092 99.823479 0.080113 -0.703145 -0.706519 0.103441 0.100328 1 22 1.000000
 29 79.990120 0.363509 99.119293 0.218943 0.007819 -0.975706 0.085740 0.057664 1 22 1.000000
MarioHand_alb.png
 29 79.993881 -1.812597 100.058838 0.219691 -0.602364 -0.767394 0.114229 0.069535 1 22 1.000000
 29 79.990120 0.363509 99.119293 0.218943 0.007819 -0.975706 0.085740 0.057664 1 22 1.000000
 29 81.733307 0.366581 99.804131 0.589078 0.001955 -0.808074 0.103166 0.034180 1 22 1.000000
MarioHand_alb.png
 29 77.856743 -1.952092 99.823479 0.080113 -0.703145 -0.706519 0.103441 0.100328 1 22 1.000000
 29 77.821533 -2.768144 102.232651 0.011444 -0.997468 -0.070190 0.135424 0.106584 1 22 1.000000
 29 75.526001 -2.650177 102.092308 0.006103 -0.994584 -0.103759 0.129335 0.138506 1 22 1.000000
MarioHand_alb.png
 29 81.736267 -1.344948 100.543076 0.635561 -0.479568 -0.605042 0.125582 0.045960 1 22 1.000000
 29 79.993881 -1.812597 100.058838 0.219691 -0.602364 -0.767394 0.114229 0.069535 1 22 1.000000
 29 81.733307 0.366581 99.804131 0.589078 0.001955 -0.808074 0.103166 0.034180 1 22 1.000000
MarioHand_alb.png
 29 81.736267 -1.344948 100.543076 0.635561 -0.479568 -0.605042 0.125582 0.045960 1 22 1.000000
 29 81.733307 0.366581 99.804131 0.589078 0.001955 -0.808074 0.103166 0.034180 1 22 1.000000
 29 82.561127 0.368039 102.327034 0.999995 0.001955 0.002288 0.136248 0.014069 1 22 1.000000
MarioHand_alb.png
 29 81.737488 -2.053885 102.327034 0.712571 -0.700722 -0.035094 0.153567 0.047578 1 22 1.000000
 29 81.736267 -1.344948 100.543076 0.635561 -0.479568 -0.605042 0.125582 0.045960 1 22 1.000000
 29 82.561127 0.368039 102.327034 0.999995 0.001955 0.002288 0.136248 0.014069 1 22 1.000000
MarioHand_alb.png
 29 81.737488 -2.053885 102.327034 0.712571 -0.700722 -0.035094 0.153567 0.047578 1 22 1.000000
 29 79.993881 -1.812597 100.058838 0.219691 -0.602364 -0.767394 0.114229 0.069535 1 22 1.000000
 29 81.736267 -1.344948 100.543076 0.635561 -0.479568 -0.605042 0.125582 0.045960 1 22 1.000000
MarioHand_alb.png
 29 79.993881 -1.812597 100.058838 0.219691 -0.602364 -0.767394 0.114229 0.069535 1 22 1.000000
 29 79.995438 -2.713971 102.327034 0.158691 -0.986120 -0.048828 0.143786 0.075166 1 22 1.000000
 29 77.856743 -1.952092 99.823479 0.080113 -0.703145 -0.706519 0.103441 0.100328 1 22 1.000000
MarioHand_alb.png
 29 81.737488 -2.053885 102.327034 0.712571 -0.700722 -0.035094 0.153567 0.047578 1 22 1.000000
 29 79.995438 -2.713971 102.327034 0.158691 -0.986120 -0.048828 0.143786 0.075166 1 22 1.000000
 29 79.993881 -1.812597 100.058838 0.219691 -0.602364 -0.767394 0.114229 0.069535 1 22 1.000000
MarioHand_alb.png
 29 79.995438 -2.713971 102.327034 0.158691 -0.986120 -0.048828 0.143786 0.075166 1 22 1.000000
 29 77.821533 -2.768144 102.232651 0.011444 -0.997468 -0.070190 0.135424 0.106584 1 22 1.000000
 29 77.856743 -1.952092 99.823479 0.080113 -0.703145 -0.706519 0.103441 0.100328 1 22 1.000000
MarioHand_alb.png
 29 77.821533 -2.768144 102.232651 0.011444 -0.997468 -0.070190 0.135424 0.106584 1 22 1.000000
 29 75.600891 -2.459378 103.825829 -0.013733 -0.923330 0.383761 0.151995 0.142123 1 22 1.000000
 29 75.526001 -2.650177 102.092308 0.006103 -0.994584 -0.103759 0.129335 0.138506 1 22 1.000000
MarioHand_alb.png
 29 75.526001 -2.650177 102.092308 0.006103 -0.994584 -0.103759 0.129335 0.138506 1 22 1.000000
 29 75.600891 -2.459378 103.825829 -0.013733 -0.923330 0.383761 0.151995 0.142123 1 22 1.000000
 29 73.088707 -2.484389 103.748901 -0.007629 -0.938064 0.346377 0.149004 0.178759 1 22 1.000000
MarioHand_alb.png
 29 79.995438 -2.713971 102.327034 0.158691 -0.986120 -0.048828 0.143786 0.075166 1 22 1.000000
 29 77.796570 -2.447944 103.914886 0.009155 -0.905523 0.424199 0.156237 0.110994 1 22 1.000000
 29 77.821533 -2.768144 102.232651 0.011444 -0.997468 -0.070190 0.135424 0.106584 1 22 1.000000
MarioHand_alb.png
 29 77.821533 -2.768144 102.232651 0.011444 -0.997468 -0.070190 0.135424 0.106584 1 22 1.000000
 29 77.796570 -2.447944 103.914886 0.009155 -0.905523 0.424199 0.156237 0.110994 1 22 1.000000
 29 75.600891 -2.459378 103.825829 -0.013733 -0.923330 0.383761 0.151995 0.142123 1 22 1.000000
MarioHand_alb.png
 29 81.737488 -2.053885 102.327034 0.712571 -0.700722 -0.035094 0.153567 0.047578 1 22 1.000000
 29 79.994827 -2.303800 103.948486 0.146485 -0.880081 0.451663 0.162249 0.080827 1 22 1.000000
 29 79.995438 -2.713971 102.327034 0.158691 -0.986120 -0.048828 0.143786 0.075166 1 22 1.000000
MarioHand_alb.png
 29 79.994827 -2.303800 103.948486 0.146485 -0.880081 0.451663 0.162249 0.080827 1 22 1.000000
 29 77.796570 -2.447944 103.914886 0.009155 -0.905523 0.424199 0.156237 0.110994 1 22 1.000000
 29 79.995438 -2.713971 102.327034 0.158691 -0.986120 -0.048828 0.143786 0.075166 1 22 1.000000
MarioHand_alb.png
 29 81.736267 -1.344246 104.050400 0.747787 -0.480112 0.458592 0.176287 0.058839 1 22 1.000000
 29 79.994827 -2.303800 103.948486 0.146485 -0.880081 0.451663 0.162249 0.080827 1 22 1.000000
 29 81.737488 -2.053885 102.327034 0.712571 -0.700722 -0.035094 0.153567 0.047578 1 22 1.000000
MarioHand_alb.png
 29 82.561127 0.368039 102.327034 0.999995 0.001955 0.002288 0.199527 0.031968 1 22 1.000000
 29 81.736267 -1.344246 104.050400 0.747787 -0.480112 0.458592 0.176287 0.058839 1 22 1.000000
 29 81.737488 -2.053885 102.327034 0.712571 -0.700722 -0.035094 0.153567 0.047578 1 22 1.000000
MarioHand_alb.png
 29 79.994827 -2.303800 103.948486 0.146485 -0.880081 0.451663 0.162249 0.080827 1 22 1.000000
 29 77.794373 -1.372731 105.166885 0.013732 -0.516892 0.855940 0.176440 0.114183 1 22 1.000000
 29 77.796570 -2.447944 103.914886 0.009155 -0.905523 0.424199 0.156237 0.110994 1 22 1.000000
MarioHand_alb.png
 29 81.736267 -1.344246 104.050400 0.747787 -0.480112 0.458592 0.176287 0.058839 1 22 1.000000
 29 79.977951 -1.253541 105.099335 0.151040 -0.501144 0.852081 0.179797 0.085298 1 22 1.000000
 29 79.994827 -2.303800 103.948486 0.146485 -0.880081 0.451663 0.162249 0.080827 1 22 1.000000
MarioHand_alb.png
 29 79.977951 -1.253541 105.099335 0.151040 -0.501144 0.852081 0.179797 0.085298 1 22 1.000000
 29 77.794373 -1.372731 105.166885 0.013732 -0.516892 0.855940 0.176440 0.114183 1 22 1.000000
 29 79.994827 -2.303800 103.948486 0.146485 -0.880081 0.451663 0.162249 0.080827 1 22 1.000000
MarioHand_alb.png
 29 82.561127 0.368039 102.327034 0.999995 0.001955 0.002288 0.199527 0.031968 1 22 1.000000
 29 81.733307 0.366582 104.849953 0.747109 0.003911 0.664690 0.199374 0.063401 1 22 1.000000
 29 81.736267 -1.344246 104.050400 0.747787 -0.480112 0.458592 0.176287 0.058839 1 22 1.000000
MarioHand_alb.png
 29 81.736267 -1.344246 104.050400 0.747787 -0.480112 0.458592 0.176287 0.058839 1 22 1.000000
 29 81.733307 0.366582 104.849953 0.747109 0.003911 0.664690 0.199374 0.063401 1 22 1.000000
 29 79.977951 -1.253541 105.099335 0.151040 -0.501144 0.852081 0.179797 0.085298 1 22 1.000000
MarioHand_alb.png
 29 82.561127 0.368039 102.327034 0.999995 0.001955 0.002288 0.199527 0.031968 1 22 1.000000
 29 81.730370 2.067166 104.005043 0.743805 0.487073 0.457726 0.222538 0.058854 1 22 1.000000
 29 81.733307 0.366582 104.849953 0.747109 0.003911 0.664690 0.199374 0.063401 1 22 1.000000
MarioHand_alb.png
 29 82.561127 0.368039 102.327034 0.999995 0.001955 0.002288 0.199527 0.031968 1 22 1.000000
 29 81.729126 2.787045 102.327034 0.712571 0.700603 -0.037383 0.245212 0.048173 1 22 1.000000
 29 81.730370 2.067166 104.005043 0.743805 0.487073 0.457726 0.222538 0.058854 1 22 1.000000
MarioHand_alb.png
 29 81.733307 0.366582 104.849953 0.747109 0.003911 0.664690 0.199374 0.063401 1 22 1.000000
 29 79.990120 0.363510 105.534775 0.136591 -0.017557 0.990472 0.199115 0.086870 1 22 1.000000
 29 79.977951 -1.253541 105.099335 0.151040 -0.501144 0.852081 0.179797 0.085298 1 22 1.000000
MarioHand_alb.png
 29 81.733307 0.366582 104.849953 0.747109 0.003911 0.664690 0.199374 0.063401 1 22 1.000000
 29 81.730370 2.067166 104.005043 0.743805 0.487073 0.457726 0.222538 0.058854 1 22 1.000000
 29 79.987381 1.948127 105.131355 0.167875 0.516979 0.839375 0.218097 0.085801 1 22 1.000000
MarioHand_alb.png
 29 81.733307 0.366582 104.849953 0.747109 0.003911 0.664690 0.199374 0.063401 1 22 1.000000
 29 79.987381 1.948127 105.131355 0.167875 0.516979 0.839375 0.218097 0.085801 1 22 1.000000
 29 79.990120 0.363510 105.534775 0.136591 -0.017557 0.990472 0.199115 0.086870 1 22 1.000000
MarioHand_alb.png
 29 79.977951 -1.253541 105.099335 0.151040 -0.501144 0.852081 0.179797 0.085298 1 22 1.000000
 29 79.990120 0.363510 105.534775 0.136591 -0.017557 0.990472 0.199115 0.086870 1 22 1.000000
 29 77.793427 0.359155 105.611465 0.016784 -0.029277 0.999430 0.198535 0.115465 1 22 1.000000
MarioHand_alb.png
 29 79.990120 0.363510 105.534775 0.136591 -0.017557 0.990472 0.199115 0.086870 1 22 1.000000
 29 79.987381 1.948127 105.131355 0.167875 0.516979 0.839375 0.218097 0.085801 1 22 1.000000
 29 77.793427 0.359155 105.611465 0.016784 -0.029277 0.999430 0.198535 0.115465 1 22 1.000000
MarioHand_alb.png
 29 79.977951 -1.253541 105.099335 0.151040 -0.501144 0.852081 0.179797 0.085298 1 22 1.000000
 29 77.793427 0.359155 105.611465 0.016784 -0.029277 0.999430 0.198535 0.115465 1 22 1.000000
 29 77.794373 -1.372731 105.166885 0.013732 -0.516892 0.855940 0.176440 0.114183 1 22 1.000000
MarioHand_alb.png
 29 81.730370 2.067166 104.005043 0.743805 0.487073 0.457726 0.222538 0.058854 1 22 1.000000
 29 79.985390 3.103284 103.789734 0.156404 0.880323 0.447850 0.237812 0.080934 1 22 1.000000
 29 79.987381 1.948127 105.131355 0.167875 0.516979 0.839375 0.218097 0.085801 1 22 1.000000
MarioHand_alb.png
 29 81.730370 2.067166 104.005043 0.743805 0.487073 0.457726 0.222538 0.058854 1 22 1.000000
 29 81.729126 2.787045 102.327034 0.712571 0.700603 -0.037383 0.245212 0.048173 1 22 1.000000
 29 79.985390 3.103284 103.789734 0.156404 0.880323 0.447850 0.237812 0.080934 1 22 1.000000
MarioHand_alb.png
 29 79.987381 1.948127 105.131355 0.167875 0.516979 0.839375 0.218097 0.085801 1 22 1.000000
 29 77.789207 2.063451 105.272285 0.041194 0.510370 0.858968 0.220188 0.114855 1 22 1.000000
 29 77.793427 0.359155 105.611465 0.016784 -0.029277 0.999430 0.198535 0.115465 1 22 1.000000
MarioHand_alb.png
 29 77.793427 0.359155 105.611465 0.016784 -0.029277 0.999430 0.198535 0.115465 1 22 1.000000
 29 75.596008 0.355635 105.534775 -0.006102 -0.040971 0.999142 0.197986 0.145922 1 22 1.000000
 29 77.794373 -1.372731 105.166885 0.013732 -0.516892 0.855940 0.176440 0.114183 1 22 1.000000
MarioHand_alb.png
 29 77.793427 0.359155 105.611465 0.016784 -0.029277 0.999430 0.198535 0.115465 1 22 1.000000
 29 77.789207 2.063451 105.272285 0.041194 0.510370 0.858968 0.220188 0.114855 1 22 1.000000
 29 75.596008 0.355635 105.534775 -0.006102 -0.040971 0.999142 0.197986 0.145922 1 22 1.000000
MarioHand_alb.png
 29 77.796570 -2.447944 103.914886 0.009155 -0.905523 0.424199 0.156237 0.110994 1 22 1.000000
 29 77.794373 -1.372731 105.166885 0.013732 -0.516892 0.855940 0.176440 0.114183 1 22 1.000000
 29 75.599289 -1.389634 105.145493 -0.006104 -0.522958 0.852337 0.174228 0.144747 1 22 1.000000
MarioHand_alb.png
 29 77.794373 -1.372731 105.166885 0.013732 -0.516892 0.855940 0.176440 0.114183 1 22 1.000000
 29 75.596008 0.355635 105.534775 -0.006102 -0.040971 0.999142 0.197986 0.145922 1 22 1.000000
 29 75.599289 -1.389634 105.145493 -0.006104 -0.522958 0.852337 0.174228 0.144747 1 22 1.000000
MarioHand_alb.png
 29 77.796570 -2.447944 103.914886 0.009155 -0.905523 0.424199 0.156237 0.110994 1 22 1.000000
 29 75.599289 -1.389634 105.145493 -0.006104 -0.522958 0.852337 0.174228 0.144747 1 22 1.000000
 29 75.600891 -2.459378 103.825829 -0.013733 -0.923330 0.383761 0.151995 0.142123 1 22 1.000000
MarioHand_alb.png
 29 79.987381 1.948127 105.131355 0.167875 0.516979 0.839375 0.218097 0.085801 1 22 1.000000
 29 77.786377 3.211840 103.896858 0.029755 0.905083 0.424193 0.242206 0.111681 1 22 1.000000
 29 77.789207 2.063451 105.272285 0.041194 0.510370 0.858968 0.220188 0.114855 1 22 1.000000
MarioHand_alb.png
 29 79.987381 1.948127 105.131355 0.167875 0.516979 0.839375 0.218097 0.085801 1 22 1.000000
 29 79.985390 3.103284 103.789734 0.156404 0.880323 0.447850 0.237812 0.080934 1 22 1.000000
 29 77.786377 3.211840 103.896858 0.029755 0.905083 0.424193 0.242206 0.111681 1 22 1.000000
MarioHand_alb.png
 29 75.599289 -1.389634 105.145493 -0.006104 -0.522958 0.852337 0.174228 0.144747 1 22 1.000000
 29 73.087944 -1.420824 105.149780 0.003815 -0.536554 0.843857 0.172808 0.181033 1 22 1.000000
 29 75.600891 -2.459378 103.825829 -0.013733 -0.923330 0.383761 0.151995 0.142123 1 22 1.000000
MarioHand_alb.png
 29 73.088707 -2.484389 103.748901 -0.007629 -0.938064 0.346377 0.149004 0.178759 1 22 1.000000
 29 75.600891 -2.459378 103.825829 -0.013733 -0.923330 0.383761 0.151995 0.142123 1 22 1.000000
 29 73.087944 -1.420824 105.149780 0.003815 -0.536554 0.843857 0.172808 0.181033 1 22 1.000000
MarioHand_alb.png
 29 73.088707 -2.484389 103.748901 -0.007629 -0.938064 0.346377 0.149004 0.178759 1 22 1.000000
 29 73.087944 -1.420824 105.149780 0.003815 -0.536554 0.843857 0.172808 0.181033 1 22 1.000000
 29 70.771477 -2.428025 103.702637 0.002289 -0.949564 0.313565 0.147143 0.212131 1 22 1.000000
MarioHand_alb.png
 29 75.596008 0.355635 105.534775 -0.006102 -0.040971 0.999142 0.197986 0.145922 1 22 1.000000
 29 73.088036 0.353660 105.550095 0.008390 -0.041060 0.999121 0.197894 0.181872 1 22 1.000000
 29 75.599289 -1.389634 105.145493 -0.006104 -0.522958 0.852337 0.174228 0.144747 1 22 1.000000
MarioHand_alb.png
 29 75.599289 -1.389634 105.145493 -0.006104 -0.522958 0.852337 0.174228 0.144747 1 22 1.000000
 29 73.088036 0.353660 105.550095 0.008390 -0.041060 0.999121 0.197894 0.181872 1 22 1.000000
 29 73.087944 -1.420824 105.149780 0.003815 -0.536554 0.843857 0.172808 0.181033 1 22 1.000000
MarioHand_alb.png
 29 77.789207 2.063451 105.272285 0.041194 0.510370 0.858968 0.220188 0.114855 1 22 1.000000
 29 75.592926 2.138903 105.316498 0.004577 0.490998 0.871148 0.221851 0.145327 1 22 1.000000
 29 75.596008 0.355635 105.534775 -0.006102 -0.040971 0.999142 0.197986 0.145922 1 22 1.000000
MarioHand_alb.png
 29 75.592926 2.138903 105.316498 0.004577 0.490998 0.871148 0.221851 0.145327 1 22 1.000000
 29 73.088036 0.353660 105.550095 0.008390 -0.041060 0.999121 0.197894 0.181872 1 22 1.000000
 29 75.596008 0.355635 105.534775 -0.006102 -0.040971 0.999142 0.197986 0.145922 1 22 1.000000
MarioHand_alb.png
 29 73.087944 -1.420824 105.149780 0.003815 -0.536554 0.843857 0.172808 0.181033 1 22 1.000000
 29 70.771622 -1.445039 105.222672 0.006104 -0.536582 0.843826 0.172030 0.214084 1 22 1.000000
 29 70.771477 -2.428025 103.702637 0.002289 -0.949564 0.313565 0.147143 0.212131 1 22 1.000000
MarioHand_alb.png
 29 70.771477 -2.428025 103.702637 0.002289 -0.949564 0.313565 0.147143 0.212131 1 22 1.000000
 29 70.771622 -1.445039 105.222672 0.006104 -0.536582 0.843826 0.172030 0.214084 1 22 1.000000
 29 68.247604 -1.518510 105.241821 0.022887 -0.500997 0.865146 0.170428 0.249943 1 22 1.000000
MarioHand_alb.png
 29 73.088036 0.353660 105.550095 0.008390 -0.041060 0.999121 0.197894 0.181872 1 22 1.000000
 29 70.769600 0.346802 105.534775 0.005342 -0.047102 0.998876 0.197452 0.214984 1 22 1.000000
 29 73.087944 -1.420824 105.149780 0.003815 -0.536554 0.843857 0.172808 0.181033 1 22 1.000000
MarioHand_alb.png
 29 73.087944 -1.420824 105.149780 0.003815 -0.536554 0.843857 0.172808 0.181033 1 22 1.000000
 29 70.769600 0.346802 105.534775 0.005342 -0.047102 0.998876 0.197452 0.214984 1 22 1.000000
 29 70.771622 -1.445039 105.222672 0.006104 -0.536582 0.843826 0.172030 0.214084 1 22 1.000000
MarioHand_alb.png
 29 70.771622 -1.445039 105.222672 0.006104 -0.536582 0.843826 0.172030 0.214084 1 22 1.000000
 29 68.231636 0.326223 105.442078 0.009921 -0.058660 0.998229 0.196521 0.250904 1 22 1.000000
 29 68.247604 -1.518510 105.241821 0.022887 -0.500997 0.865146 0.170428 0.249943 1 22 1.000000
MarioHand_alb.png
 29 70.771622 -1.445039 105.222672 0.006104 -0.536582 0.843826 0.172030 0.214084 1 22 1.000000
 29 70.769600 0.346802 105.534775 0.005342 -0.047102 0.998876 0.197452 0.214984 1 22 1.000000
 29 68.231636 0.326223 105.442078 0.009921 -0.058660 0.998229 0.196521 0.250904 1 22 1.000000
MarioHand_alb.png
 29 68.247604 -1.518510 105.241821 0.022887 -0.500997 0.865146 0.170428 0.249943 1 22 1.000000
 29 68.231636 0.326223 105.442078 0.009921 -0.058660 0.998229 0.196521 0.250904 1 22 1.000000
 29 65.698730 0.337868 105.534775 0.119021 -0.105580 0.987262 0.195315 0.286320 1 22 1.000000
MarioHand_alb.png
 29 68.231636 0.326223 105.442078 0.009921 -0.058660 0.998229 0.196521 0.250904 1 22 1.000000
 29 68.262169 2.210530 105.488297 0.051121 0.393539 0.917885 0.223255 0.251057 1 22 1.000000
 29 65.698730 0.337868 105.534775 0.119021 -0.105580 0.987262 0.195315 0.286320 1 22 1.000000
MarioHand_alb.png
 29 70.769600 0.346802 105.534775 0.005342 -0.047102 0.998876 0.197452 0.214984 1 22 1.000000
 29 68.262169 2.210530 105.488297 0.051121 0.393539 0.917885 0.223255 0.251057 1 22 1.000000
 29 68.231636 0.326223 105.442078 0.009921 -0.058660 0.998229 0.196521 0.250904 1 22 1.000000
MarioHand_alb.png
 29 65.698730 0.337868 105.534775 0.119021 -0.105580 0.987262 0.195315 0.286320 1 22 1.000000
 29 68.262169 2.210530 105.488297 0.051121 0.393539 0.917885 0.223255 0.251057 1 22 1.000000
 29 65.673126 3.285371 105.413719 0.219028 0.105651 0.969982 0.234424 0.288930 1 22 1.000000
MarioHand_alb.png
 29 73.088036 0.353660 105.550095 0.008390 -0.041060 0.999121 0.197894 0.181872 1 22 1.000000
 29 73.091301 2.163650 105.282013 0.011443 0.481148 0.876565 0.223148 0.181552 1 22 1.000000
 29 70.769600 0.346802 105.534775 0.005342 -0.047102 0.998876 0.197452 0.214984 1 22 1.000000
MarioHand_alb.png
 29 75.592926 2.138903 105.316498 0.004577 0.490998 0.871148 0.221851 0.145327 1 22 1.000000
 29 73.091301 2.163650 105.282013 0.011443 0.481148 0.876565 0.223148 0.181552 1 22 1.000000
 29 73.088036 0.353660 105.550095 0.008390 -0.041060 0.999121 0.197894 0.181872 1 22 1.000000
MarioHand_alb.png
 29 70.769600 0.346802 105.534775 0.005342 -0.047102 0.998876 0.197452 0.214984 1 22 1.000000
 29 70.769348 2.203168 105.377899 0.016023 0.463675 0.885861 0.223377 0.215000 1 22 1.000000
 29 68.262169 2.210530 105.488297 0.051121 0.393539 0.917885 0.223255 0.251057 1 22 1.000000
MarioHand_alb.png
 29 70.769600 0.346802 105.534775 0.005342 -0.047102 0.998876 0.197452 0.214984 1 22 1.000000
 29 73.091301 2.163650 105.282013 0.011443 0.481148 0.876565 0.223148 0.181552 1 22 1.000000
 29 70.769348 2.203168 105.377899 0.016023 0.463675 0.885861 0.223377 0.215000 1 22 1.000000
MarioHand_alb.png
 29 68.262169 2.210530 105.488297 0.051121 0.393539 0.917885 0.223255 0.251057 1 22 1.000000
 29 68.267433 3.127223 104.053398 0.037384 0.971831 0.232694 0.247395 0.250568 1 22 1.000000
 29 65.673126 3.285371 105.413719 0.219028 0.105651 0.969982 0.234424 0.288930 1 22 1.000000
MarioHand_alb.png
 29 70.769348 2.203168 105.377899 0.016023 0.463675 0.885861 0.223377 0.215000 1 22 1.000000
 29 68.267433 3.127223 104.053398 0.037384 0.971831 0.232694 0.247395 0.250568 1 22 1.000000
 29 68.262169 2.210530 105.488297 0.051121 0.393539 0.917885 0.223255 0.251057 1 22 1.000000
MarioHand_alb.png
 29 65.673126 3.285371 105.413719 0.219028 0.105651 0.969982 0.234424 0.288930 1 22 1.000000
 29 68.267433 3.127223 104.053398 0.037384 0.971831 0.232694 0.247395 0.250568 1 22 1.000000
 29 65.707809 3.105057 102.327042 0.009155 0.999940 -0.006103 0.274846 0.283162 1 22 1.000000
MarioHand_alb.png
 29 73.091301 2.163650 105.282013 0.011443 0.481148 0.876565 0.223148 0.181552 1 22 1.000000
 29 70.772720 3.186801 104.071022 0.002289 0.948550 0.316620 0.245777 0.213520 1 22 1.000000
 29 70.769348 2.203168 105.377899 0.016023 0.463675 0.885861 0.223377 0.215000 1 22 1.000000
MarioHand_alb.png
 29 70.769348 2.203168 105.377899 0.016023 0.463675 0.885861 0.223377 0.215000 1 22 1.000000
 29 70.772720 3.186801 104.071022 0.002289 0.948550 0.316620 0.245777 0.213520 1 22 1.000000
 29 68.267433 3.127223 104.053398 0.037384 0.971831 0.232694 0.247395 0.250568 1 22 1.000000
MarioHand_alb.png
 29 75.592926 2.138903 105.316498 0.004577 0.490998 0.871148 0.221851 0.145327 1 22 1.000000
 29 75.591095 3.204656 103.972603 -0.008392 0.923395 0.383759 0.244282 0.143114 1 22 1.000000
 29 73.091301 2.163650 105.282013 0.011443 0.481148 0.876565 0.223148 0.181552 1 22 1.000000
MarioHand_alb.png
 29 77.789207 2.063451 105.272285 0.041194 0.510370 0.858968 0.220188 0.114855 1 22 1.000000
 29 75.591095 3.204656 103.972603 -0.008392 0.923395 0.383759 0.244282 0.143114 1 22 1.000000
 29 75.592926 2.138903 105.316498 0.004577 0.490998 0.871148 0.221851 0.145327 1 22 1.000000
MarioHand_alb.png
 29 77.789207 2.063451 105.272285 0.041194 0.510370 0.858968 0.220188 0.114855 1 22 1.000000
 29 77.786377 3.211840 103.896858 0.029755 0.905083 0.424193 0.242206 0.111681 1 22 1.000000
 29 75.591095 3.204656 103.972603 -0.008392 0.923395 0.383759 0.244282 0.143114 1 22 1.000000
MarioHand_alb.png
 29 73.091301 2.163650 105.282013 0.011443 0.481148 0.876565 0.223148 0.181552 1 22 1.000000
 29 73.077309 3.154093 103.977562 0.000000 0.938097 0.346372 0.245426 0.179919 1 22 1.000000
 29 70.772720 3.186801 104.071022 0.002289 0.948550 0.316620 0.245777 0.213520 1 22 1.000000
MarioHand_alb.png
 29 73.091301 2.163650 105.282013 0.011443 0.481148 0.876565 0.223148 0.181552 1 22 1.000000
 29 75.591095 3.204656 103.972603 -0.008392 0.923395 0.383759 0.244282 0.143114 1 22 1.000000
 29 73.077309 3.154093 103.977562 0.000000 0.938097 0.346372 0.245426 0.179919 1 22 1.000000
MarioHand_alb.png
 29 70.772720 3.186801 104.071022 0.002289 0.948550 0.316620 0.245777 0.213520 1 22 1.000000
 29 70.760864 3.218166 102.327034 -0.002289 0.998402 -0.056458 0.269459 0.211353 1 22 1.000000
 29 68.267433 3.127223 104.053398 0.037384 0.971831 0.232694 0.247395 0.250568 1 22 1.000000
MarioHand_alb.png
 29 73.077309 3.154093 103.977562 0.000000 0.938097 0.346372 0.245426 0.179919 1 22 1.000000
 29 70.760864 3.218166 102.327034 -0.002289 0.998402 -0.056458 0.269459 0.211353 1 22 1.000000
 29 70.772720 3.186801 104.071022 0.002289 0.948550 0.316620 0.245777 0.213520 1 22 1.000000
MarioHand_alb.png
 29 75.515663 3.337783 102.327034 -0.012207 0.993702 -0.111389 0.265705 0.140002 1 22 1.000000
 29 75.591095 3.204656 103.972603 -0.008392 0.923395 0.383759 0.244282 0.143114 1 22 1.000000
 29 77.786377 3.211840 103.896858 0.029755 0.905083 0.424193 0.242206 0.111681 1 22 1.000000
MarioHand_alb.png
 29 75.515663 3.337783 102.327034 -0.012207 0.993702 -0.111389 0.265705 0.140002 1 22 1.000000
 29 73.077309 3.154093 103.977562 0.000000 0.938097 0.346372 0.245426 0.179919 1 22 1.000000
 29 75.591095 3.204656 103.972603 -0.008392 0.923395 0.383759 0.244282 0.143114 1 22 1.000000
MarioHand_alb.png
 29 68.267433 3.127223 104.053398 0.037384 0.971831 0.232694 0.247395 0.250568 1 22 1.000000
 29 70.760864 3.218166 102.327034 -0.002289 0.998402 -0.056458 0.269459 0.211353 1 22 1.000000
 29 68.197937 3.137867 102.348755 0.000000 0.999436 -0.033570 0.271336 0.249348 1 22 1.000000
MarioHand_alb.png
 29 68.267433 3.127223 104.053398 0.037384 0.971831 0.232694 0.247395 0.250568 1 22 1.000000
 29 68.197937 3.137867 102.348755 0.000000 0.999436 -0.033570 0.271336 0.249348 1 22 1.000000
 29 65.707809 3.105057 102.327042 0.009155 0.999940 -0.006103 0.274846 0.283162 1 22 1.000000
MarioHand_alb.png
 29 73.095764 3.274761 102.324326 0.003815 0.996335 -0.085450 0.267750 0.177462 1 22 1.000000
 29 70.760864 3.218166 102.327034 -0.002289 0.998402 -0.056458 0.269459 0.211353 1 22 1.000000
 29 73.077309 3.154093 103.977562 0.000000 0.938097 0.346372 0.245426 0.179919 1 22 1.000000
MarioHand_alb.png
 29 75.515663 3.337783 102.327034 -0.012207 0.993702 -0.111389 0.265705 0.140002 1 22 1.000000
 29 73.095764 3.274761 102.324326 0.003815 0.996335 -0.085450 0.267750 0.177462 1 22 1.000000
 29 73.077309 3.154093 103.977562 0.000000 0.938097 0.346372 0.245426 0.179919 1 22 1.000000
MarioHand_alb.png
 29 65.707809 3.105057 102.327042 0.009155 0.999940 -0.006103 0.274846 0.283162 1 22 1.000000
 29 68.197937 3.137867 102.348755 0.000000 0.999436 -0.033570 0.271336 0.249348 1 22 1.000000
 29 68.004974 2.989543 99.582275 0.057984 0.854771 -0.515757 0.309957 0.248524 1 22 1.000000
MarioHand_alb.png
 29 65.707809 3.105057 102.327042 0.009155 0.999940 -0.006103 0.274846 0.283162 1 22 1.000000
 29 68.004974 2.989543 99.582275 0.057984 0.854771 -0.515757 0.309957 0.248524 1 22 1.000000
 29 65.394493 3.141532 99.350586 0.614126 0.213299 -0.759838 0.314824 0.284916 1 22 1.000000
MarioHand_alb.png
 29 68.004974 2.989543 99.582275 0.057984 0.854771 -0.515757 0.309957 0.248524 1 22 1.000000
 29 66.018898 0.520272 97.541290 0.637984 0.084231 -0.765429 0.356176 0.271916 1 22 1.000000
 29 65.394493 3.141532 99.350586 0.614126 0.213299 -0.759838 0.314824 0.284916 1 22 1.000000
MarioHand_alb.png
 29 68.004974 2.989543 99.582275 0.057984 0.854771 -0.515757 0.309957 0.248524 1 22 1.000000
 29 68.221191 0.388947 98.169113 0.103752 0.121399 -0.987167 0.349599 0.240528 1 22 1.000000
 29 66.018898 0.520272 97.541290 0.637984 0.084231 -0.765429 0.356176 0.271916 1 22 1.000000
MarioHand_alb.png
 29 70.797028 2.930761 99.598938 0.021362 0.824063 -0.566096 0.306676 0.207782 1 22 1.000000
 29 68.004974 2.989543 99.582275 0.057984 0.854771 -0.515757 0.309957 0.248524 1 22 1.000000
 29 68.197937 3.137867 102.348755 0.000000 0.999436 -0.033570 0.271336 0.249348 1 22 1.000000
MarioHand_alb.png
 29 70.797028 2.930761 99.598938 0.021362 0.824063 -0.566096 0.306676 0.207782 1 22 1.000000
 29 68.221191 0.388947 98.169113 0.103752 0.121399 -0.987167 0.349599 0.240528 1 22 1.000000
 29 68.004974 2.989543 99.582275 0.057984 0.854771 -0.515757 0.309957 0.248524 1 22 1.000000
MarioHand_alb.png
 29 70.797028 2.930761 99.598938 0.021362 0.824063 -0.566096 0.306676 0.207782 1 22 1.000000
 29 68.197937 3.137867 102.348755 0.000000 0.999436 -0.033570 0.271336 0.249348 1 22 1.000000
 29 70.760864 3.218166 102.327034 -0.002289 0.998402 -0.056458 0.269459 0.211353 1 22 1.000000
MarioHand_alb.png
 29 70.797028 2.930761 99.598938 0.021362 0.824063 -0.566096 0.306676 0.207782 1 22 1.000000
 29 70.801605 0.299458 98.057915 0.041193 0.093941 -0.994725 0.347814 0.202472 1 22 1.000000
 29 68.221191 0.388947 98.169113 0.103752 0.121399 -0.987167 0.349599 0.240528 1 22 1.000000
MarioHand_alb.png
 29 73.102951 0.310846 98.263260 0.107613 0.074338 -0.991410 0.342641 0.167529 1 22 1.000000
 29 70.801605 0.299458 98.057915 0.041193 0.093941 -0.994725 0.347814 0.202472 1 22 1.000000
 29 70.797028 2.930761 99.598938 0.021362 0.824063 -0.566096 0.306676 0.207782 1 22 1.000000
MarioHand_alb.png
 29 73.093216 2.790528 99.671333 0.054929 0.798380 -0.599643 0.304097 0.173358 1 22 1.000000
 29 70.797028 2.930761 99.598938 0.021362 0.824063 -0.566096 0.306676 0.207782 1 22 1.000000
 29 70.760864 3.218166 102.327034 -0.002289 0.998402 -0.056458 0.269459 0.211353 1 22 1.000000
MarioHand_alb.png
 29 73.093216 2.790528 99.671333 0.054929 0.798380 -0.599643 0.304097 0.173358 1 22 1.000000
 29 73.102951 0.310846 98.263260 0.107613 0.074338 -0.991410 0.342641 0.167529 1 22 1.000000
 29 70.797028 2.930761 99.598938 0.021362 0.824063 -0.566096 0.306676 0.207782 1 22 1.000000
MarioHand_alb.png
 29 73.093216 2.790528 99.671333 0.054929 0.798380 -0.599643 0.304097 0.173358 1 22 1.000000
 29 70.760864 3.218166 102.327034 -0.002289 0.998402 -0.056458 0.269459 0.211353 1 22 1.000000
 29 73.095764 3.274761 102.324326 0.003815 0.996335 -0.085450 0.267750 0.177462 1 22 1.000000
MarioHand_alb.png
 29 75.646179 0.333735 98.628395 0.109105 0.052865 -0.992624 0.334783 0.127611 1 22 1.000000
 29 73.102951 0.310846 98.263260 0.107613 0.074338 -0.991410 0.342641 0.167529 1 22 1.000000
 29 73.093216 2.790528 99.671333 0.054929 0.798380 -0.599643 0.304097 0.173358 1 22 1.000000
MarioHand_alb.png
 29 75.642052 2.720377 99.846138 0.045015 0.778820 -0.625631 0.299168 0.134844 1 22 1.000000
 29 73.093216 2.790528 99.671333 0.054929 0.798380 -0.599643 0.304097 0.173358 1 22 1.000000
 29 73.095764 3.274761 102.324326 0.003815 0.996335 -0.085450 0.267750 0.177462 1 22 1.000000
MarioHand_alb.png
 29 75.642052 2.720377 99.846138 0.045015 0.778820 -0.625631 0.299168 0.134844 1 22 1.000000
 29 75.646179 0.333735 98.628395 0.109105 0.052865 -0.992624 0.334783 0.127611 1 22 1.000000
 29 73.093216 2.790528 99.671333 0.054929 0.798380 -0.599643 0.304097 0.173358 1 22 1.000000
MarioHand_alb.png
 29 75.642052 2.720377 99.846138 0.045015 0.778820 -0.625631 0.299168 0.134844 1 22 1.000000
 29 73.095764 3.274761 102.324326 0.003815 0.996335 -0.085450 0.267750 0.177462 1 22 1.000000
 29 75.515663 3.337783 102.327034 -0.012207 0.993702 -0.111389 0.265705 0.140002 1 22 1.000000
MarioHand_alb.png
 29 77.852921 0.351511 98.849663 0.103777 0.025449 -0.994275 0.326070 0.092760 1 22 1.000000
 29 75.646179 0.333735 98.628395 0.109105 0.052865 -0.992624 0.334783 0.127611 1 22 1.000000
 29 75.642052 2.720377 99.846138 0.045015 0.778820 -0.625631 0.299168 0.134844 1 22 1.000000
MarioHand_alb.png
 29 77.848877 3.477180 102.325615 0.012207 0.991277 -0.131226 0.261616 0.107607 1 22 1.000000
 29 75.642052 2.720377 99.846138 0.045015 0.778820 -0.625631 0.299168 0.134844 1 22 1.000000
 29 75.515663 3.337783 102.327034 -0.012207 0.993702 -0.111389 0.265705 0.140002 1 22 1.000000
MarioHand_alb.png
 29 77.848877 3.477180 102.325615 0.012207 0.991277 -0.131226 0.261616 0.107607 1 22 1.000000
 29 75.515663 3.337783 102.327034 -0.012207 0.993702 -0.111389 0.265705 0.140002 1 22 1.000000
 29 77.786377 3.211840 103.896858 0.029755 0.905083 0.424193 0.242206 0.111681 1 22 1.000000
MarioHand_alb.png
 29 77.850372 2.671933 99.921211 0.050353 0.749641 -0.659926 0.293416 0.101747 1 22 1.000000
 29 77.852921 0.351511 98.849663 0.103777 0.025449 -0.994275 0.326070 0.092760 1 22 1.000000
 29 75.642052 2.720377 99.846138 0.045015 0.778820 -0.625631 0.299168 0.134844 1 22 1.000000
MarioHand_alb.png
 29 77.850372 2.671933 99.921211 0.050353 0.749641 -0.659926 0.293416 0.101747 1 22 1.000000
 29 75.642052 2.720377 99.846138 0.045015 0.778820 -0.625631 0.299168 0.134844 1 22 1.000000
 29 77.848877 3.477180 102.325615 0.012207 0.991277 -0.131226 0.261616 0.107607 1 22 1.000000
MarioHand_alb.png
 29 79.990120 0.363509 99.119293 0.218943 0.007819 -0.975706 0.312840 0.059632 1 22 1.000000
 29 77.852921 0.351511 98.849663 0.103777 0.025449 -0.994275 0.326070 0.092760 1 22 1.000000
 29 77.850372 2.671933 99.921211 0.050353 0.749641 -0.659926 0.293416 0.101747 1 22 1.000000
MarioHand_alb.png
 29 79.985390 3.103284 103.789734 0.156404 0.880323 0.447850 0.237812 0.080934 1 22 1.000000
 29 77.848877 3.477180 102.325615 0.012207 0.991277 -0.131226 0.261616 0.107607 1 22 1.000000
 29 77.786377 3.211840 103.896858 0.029755 0.905083 0.424193 0.242206 0.111681 1 22 1.000000
MarioHand_alb.png
 29 79.990120 0.363509 99.119293 0.218943 0.007819 -0.975706 0.312840 0.059632 1 22 1.000000
 29 77.850372 2.671933 99.921211 0.050353 0.749641 -0.659926 0.293416 0.101747 1 22 1.000000
 29 79.986359 2.539616 100.058838 0.174712 0.687402 -0.704950 0.284077 0.070710 1 22 1.000000
MarioHand_alb.png
 29 79.986359 2.539616 100.058838 0.174712 0.687402 -0.704950 0.284077 0.070710 1 22 1.000000
 29 77.850372 2.671933 99.921211 0.050353 0.749641 -0.659926 0.293416 0.101747 1 22 1.000000
 29 77.848877 3.477180 102.325615 0.012207 0.991277 -0.131226 0.261616 0.107607 1 22 1.000000
MarioHand_alb.png
 29 81.733307 0.366581 99.804131 0.589078 0.001955 -0.808074 0.295811 0.035798 1 22 1.000000
 29 79.990120 0.363509 99.119293 0.218943 0.007819 -0.975706 0.312840 0.059632 1 22 1.000000
 29 79.986359 2.539616 100.058838 0.174712 0.687402 -0.704950 0.284077 0.070710 1 22 1.000000
MarioHand_alb.png
 29 79.985390 3.103284 103.789734 0.156404 0.880323 0.447850 0.237812 0.080934 1 22 1.000000
 29 79.984802 3.440987 102.327034 0.131227 0.981580 -0.138856 0.254444 0.075853 1 22 1.000000
 29 77.848877 3.477180 102.325615 0.012207 0.991277 -0.131226 0.261616 0.107607 1 22 1.000000
MarioHand_alb.png
 29 79.984802 3.440987 102.327034 0.131227 0.981580 -0.138856 0.254444 0.075853 1 22 1.000000
 29 79.986359 2.539616 100.058838 0.174712 0.687402 -0.704950 0.284077 0.070710 1 22 1.000000
 29 77.848877 3.477180 102.325615 0.012207 0.991277 -0.131226 0.261616 0.107607 1 22 1.000000
MarioHand_alb.png
 29 79.985390 3.103284 103.789734 0.156404 0.880323 0.447850 0.237812 0.080934 1 22 1.000000
 29 81.729126 2.787045 102.327034 0.712571 0.700603 -0.037383 0.245212 0.048173 1 22 1.000000
 29 79.984802 3.440987 102.327034 0.131227 0.981580 -0.138856 0.254444 0.075853 1 22 1.000000
MarioHand_alb.png
 29 79.984802 3.440987 102.327034 0.131227 0.981580 -0.138856 0.254444 0.075853 1 22 1.000000
 29 81.729126 2.787045 102.327034 0.712571 0.700603 -0.037383 0.245212 0.048173 1 22 1.000000
 29 79.986359 2.539616 100.058838 0.174712 0.687402 -0.704950 0.284077 0.070710 1 22 1.000000
MarioHand_alb.png
 29 81.730362 2.078107 100.543076 0.634608 0.481057 -0.604861 0.273259 0.046983 1 22 1.000000
 29 81.733307 0.366581 99.804131 0.589078 0.001955 -0.808074 0.295811 0.035798 1 22 1.000000
 29 79.986359 2.539616 100.058838 0.174712 0.687402 -0.704950 0.284077 0.070710 1 22 1.000000
MarioHand_alb.png
 29 81.729126 2.787045 102.327034 0.712571 0.700603 -0.037383 0.245212 0.048173 1 22 1.000000
 29 81.730362 2.078107 100.543076 0.634608 0.481057 -0.604861 0.273259 0.046983 1 22 1.000000
 29 79.986359 2.539616 100.058838 0.174712 0.687402 -0.704950 0.284077 0.070710 1 22 1.000000
MarioHand_alb.png
 29 82.561127 0.368039 102.327034 0.999995 0.001955 0.002288 0.263172 0.015045 1 22 1.000000
 29 81.733307 0.366581 99.804131 0.589078 0.001955 -0.808074 0.295811 0.035798 1 22 1.000000
 29 81.730362 2.078107 100.543076 0.634608 0.481057 -0.604861 0.273259 0.046983 1 22 1.000000
MarioHand_alb.png
 29 81.729126 2.787045 102.327034 0.712571 0.700603 -0.037383 0.245212 0.048173 1 22 1.000000
 29 82.561127 0.368039 102.327034 0.999995 0.001955 0.002288 0.263172 0.015045 1 22 1.000000
 29 81.730362 2.078107 100.543076 0.634608 0.481057 -0.604861 0.273259 0.046983 1 22 1.000000
end
