version 1
nodes
  0 "nw4f_root"  -1
  1 "AllRoot"   0
  2 "JointRoot"   1
  3 "Hip"   2
  4 "LegL1"   3
  5 "LegL2"   4
  6 "FootL"   5
  7 "ToeL"   6
  8 "LegR1"   3
  9 "LegR2"   8
 10 "FootR"   9
 11 "ToeR"  10
 12 "Spine1"   2
 13 "Spine2"  12
 14 "Bag"  13
 15 "Head"  13
 16 "JoeUnder"  15
 17 "ShoulderL"  13
 18 "ArmL1"  17
 19 "ArmL1Sub"  18
 20 "ArmL2"  18
 21 "ArmL2Sub"  20
 22 "HandL"  20
 23 "ShoulderR"  13
 24 "ArmR1"  23
 25 "ArmR1Sub"  24
 26 "ArmR2"  24
 27 "ArmR2Sub"  26
 28 "HandR"  26
 29 "LuigiUnused_RHand2"  -1
end
skeleton
time 0
  0 0.000000 0.000000 0.000000 1.570796 -0.000000 0.000000
  1 0.000000 0.000000 0.000000 0.000000 -0.000000 0.000000
  2 0.000000 68.028503 -3.990591 0.000000 -0.000000 0.000000
  3 0.000000 -2.000000 0.000001 -1.570796 -3.141592 1.570796
  4 4.029991 2.576941 -10.147688 0.000000 -0.000000 0.000000
  5 26.211063 0.000204 -0.000088 0.000000 -0.000000 0.000000
  6 22.942825 0.000005 0.000004 0.000000 0.000000 1.134464
  7 12.169998 0.000008 0.000000 -0.000000 0.000000 0.436332
  8 4.029991 2.576937 10.147690 0.000000 -0.000000 0.000000
  9 26.211067 0.000200 0.000096 0.000000 -0.000000 0.000000
 10 22.942818 0.000005 0.000004 0.000000 0.000000 1.134464
 11 12.170002 0.000010 0.000000 -0.000000 0.000000 0.436332
 12 0.000000 4.277161 -0.000000 1.570796 -0.000000 1.570796
 13 13.929802 0.000000 0.000000 0.000000 -0.000000 0.000000
 14 22.639145 -16.116180 0.000000 -1.570796 -1.570451 0.000000
 15 20.107773 0.000587 -0.000000 0.000000 0.000000 1.570796
 16 0.073432 -15.880157 -0.000000 -3.141592 0.000000 0.575263
 17 10.084557 0.778702 3.123569 -1.570796 -1.570451 0.000000
 18 12.086020 0.000000 0.000000 0.000000 0.000000 0.000000
 19 5.370699 0.000000 0.000001 -0.000000 0.000000 0.000000
 20 12.261209 0.000000 0.000001 -0.000000 0.000000 0.000000
 21 8.518942 0.000023 -0.000006 -0.000000 0.000001 -0.000000
 22 19.602606 0.000038 0.000000 -0.000000 0.000001 -0.000000
 23 10.084557 0.778702 -3.123570 1.570796 1.570451 0.000000
 24 12.086014 0.000000 0.000000 -0.000000 0.000000 0.000000
 25 5.370700 0.000000 0.000000 0.000000 0.000000 -0.000000
 26 12.261210 0.000000 -0.000001 0.000000 0.000001 -0.000000
 27 8.518951 0.000000 0.000006 0.000000 -0.000000 0.000000
 28 19.602608 0.000000 0.000000 0.000000 -0.000000 0.000000
 29 0.000000 0.000000 0.000000 0.000000 -0.000000 0.000000
end
triangles
MarioHand_alb.png
 29 -60.227821 8.297356 105.613174 -0.428403 -0.640029 -0.637836 0.120699 0.833371 1 28 1.000000
 29 -60.578266 8.872711 105.413605 -0.496904 -0.299267 -0.814571 0.129351 0.836851 1 28 1.000000
 29 -58.166859 8.409190 104.197296 -0.064490 -0.342770 -0.937203 0.126024 0.804623 1 28 1.000000
MarioHand_alb.png
 29 -55.672295 8.833572 105.234238 0.386132 -0.311061 -0.868414 0.123690 0.774762 1 28 1.000000
 29 -56.016647 8.263660 105.457184 0.333428 -0.645970 -0.686694 0.116213 0.779187 1 28 1.000000
 29 -58.166859 8.409190 104.197296 -0.064490 -0.342770 -0.937203 0.126024 0.804623 1 28 1.000000
MarioHand_alb.png
 29 -57.061802 9.871286 104.907364 0.152612 0.320867 -0.934748 0.140795 0.788968 1 28 1.000000
 29 -56.022770 9.408928 105.034676 0.314995 0.058728 -0.947274 0.131807 0.777768 1 28 1.000000
 29 -58.166859 8.409190 104.197296 -0.064490 -0.342770 -0.937203 0.126024 0.804623 1 28 1.000000
MarioHand_alb.png
 29 -60.233948 9.442625 105.190659 -0.425970 0.076270 -0.901517 0.137346 0.832349 1 28 1.000000
 29 -59.193569 9.887636 105.002899 -0.260574 0.336400 -0.904951 0.145052 0.819120 1 28 1.000000
 29 -58.166859 8.409190 104.197296 -0.064490 -0.342770 -0.937203 0.126024 0.804623 1 28 1.000000
MarioHand_alb.png
 29 -56.016647 8.263660 105.457184 0.419204 -0.170123 0.891810 0.014343 0.904021 1 28 1.000000
 29 -56.621315 9.061602 105.869102 0.402337 0.310810 0.861116 0.023239 0.912490 1 28 1.000000
 29 -57.057007 7.818655 105.644966 0.305177 -0.317003 0.897984 0.026749 0.897826 1 28 1.000000
MarioHand_alb.png
 29 -57.061802 9.871286 104.907364 0.291460 0.819825 0.492887 0.026749 0.927169 1 28 1.000000
 29 -56.621315 9.061602 105.869102 0.402337 0.310810 0.861116 0.023239 0.912490 1 28 1.000000
 29 -56.022770 9.408928 105.034676 0.418065 0.704340 0.573695 0.014343 0.920958 1 28 1.000000
MarioHand_alb.png
 29 -60.233948 9.442625 105.190659 -0.328064 0.710488 0.622559 0.073045 0.920958 1 28 1.000000
 29 -59.581905 9.085222 105.977341 -0.284232 0.320953 0.903439 0.064149 0.912490 1 28 1.000000
 29 -59.193569 9.887636 105.002899 -0.205608 0.822052 0.530996 0.060639 0.927169 1 28 1.000000
MarioHand_alb.png
 29 -59.188782 7.835011 105.740501 -0.196431 -0.299319 0.933715 0.060639 0.897826 1 28 1.000000
 29 -59.581905 9.085222 105.977341 -0.284232 0.320953 0.903439 0.064149 0.912490 1 28 1.000000
 29 -60.227821 8.297356 105.613174 -0.314703 -0.152488 0.936862 0.073045 0.904021 1 28 1.000000
MarioHand_alb.png
 29 -57.061802 9.871286 104.907364 0.291460 0.819825 0.492887 0.026749 0.927169 1 28 1.000000
 29 -58.131588 10.004712 104.900871 0.033951 0.954815 0.295256 0.043687 0.929427 1 28 1.000000
 29 -58.105389 9.768345 105.667915 0.046921 0.825606 0.562293 0.043687 0.922713 1 28 1.000000
MarioHand_alb.png
 29 -58.131588 10.004712 104.900871 0.033951 0.954815 0.295256 0.043687 0.929427 1 28 1.000000
 29 -59.193569 9.887636 105.002899 -0.205608 0.822052 0.530996 0.060639 0.927169 1 28 1.000000
 29 -58.105389 9.768345 105.667915 0.046921 0.825606 0.562293 0.043687 0.922713 1 28 1.000000
MarioHand_alb.png
 29 -59.188782 7.835011 105.740501 -0.196431 -0.299319 0.933715 0.060639 0.897826 1 28 1.000000
 29 -58.119022 7.701586 105.746979 0.053020 -0.540113 0.839921 0.043687 0.895552 1 28 1.000000
 29 -58.097828 8.378485 106.178513 0.061429 -0.275953 0.959206 0.043687 0.902281 1 28 1.000000
MarioHand_alb.png
 29 -58.119022 7.701586 105.746979 0.053020 -0.540113 0.839921 0.043687 0.895552 1 28 1.000000
 29 -57.057007 7.818655 105.644966 0.305177 -0.317003 0.897984 0.026749 0.897826 1 28 1.000000
 29 -58.097828 8.378485 106.178513 0.061429 -0.275953 0.959206 0.043687 0.902281 1 28 1.000000
MarioHand_alb.png
 29 -60.129501 4.117122 106.252617 -0.430657 0.354367 -0.830035 0.087785 0.768002 1 28 1.000000
 29 -58.069664 3.492923 104.919426 -0.056821 -0.003909 -0.998377 0.079652 0.742016 1 28 1.000000
 29 -60.459358 3.504579 106.273270 -0.493012 -0.001908 -0.870021 0.080049 0.771603 1 28 1.000000
MarioHand_alb.png
 29 -60.132538 2.890306 106.256462 -0.432488 -0.356045 -0.828364 0.072221 0.768200 1 28 1.000000
 29 -60.459358 3.504579 106.273270 -0.493012 -0.001908 -0.870021 0.080049 0.771603 1 28 1.000000
 29 -58.069664 3.492923 104.919426 -0.056821 -0.003909 -0.998377 0.079652 0.742016 1 28 1.000000
MarioHand_alb.png
 29 -59.236588 2.438886 106.206688 -0.258270 -0.620021 -0.740858 0.064927 0.758129 1 28 1.000000
 29 -60.132538 2.890306 106.256462 -0.432488 -0.356045 -0.828364 0.072221 0.768200 1 28 1.000000
 29 -58.069664 3.492923 104.919426 -0.056821 -0.003909 -0.998377 0.079652 0.742016 1 28 1.000000
MarioHand_alb.png
 29 -55.887779 2.879088 106.014236 0.334457 -0.359770 -0.871037 0.070726 0.712642 1 28 1.000000
 29 -56.785885 2.432410 106.066841 0.168204 -0.622469 -0.764356 0.063508 0.724529 1 28 1.000000
 29 -58.069664 3.492923 104.919426 -0.056821 -0.003909 -0.998377 0.079652 0.742016 1 28 1.000000
MarioHand_alb.png
 29 -56.780659 4.557323 106.060143 0.172064 0.616436 -0.768375 0.095338 0.724102 1 28 1.000000
 29 -55.884754 4.105906 106.010361 0.336922 0.354474 -0.872257 0.087816 0.712413 1 28 1.000000
 29 -58.069664 3.492923 104.919426 -0.056821 -0.003909 -0.998377 0.079652 0.742016 1 28 1.000000
MarioHand_alb.png
 29 -60.129501 4.117122 106.252617 -0.430657 0.354367 -0.830035 0.087785 0.768002 1 28 1.000000
 29 -59.231377 4.563796 106.200012 -0.254439 0.616165 -0.745387 0.094804 0.757733 1 28 1.000000
 29 -58.069664 3.492923 104.919426 -0.056821 -0.003909 -0.998377 0.079652 0.742016 1 28 1.000000
MarioHand_alb.png
 29 -56.780659 4.557323 106.060143 0.291425 0.579131 0.761367 0.128420 0.914458 1 28 1.000000
 29 -58.005638 4.724921 106.129555 0.037004 0.792429 0.608841 0.145403 0.916732 1 28 1.000000
 29 -57.971096 4.240335 106.757042 0.046924 0.587308 0.808002 0.145403 0.910002 1 28 1.000000
MarioHand_alb.png
 29 -58.005638 4.724921 106.129555 0.037004 0.792429 0.608841 0.145403 0.916732 1 28 1.000000
 29 -59.231377 4.563796 106.200012 -0.199886 0.581156 0.788862 0.162371 0.914458 1 28 1.000000
 29 -57.971096 4.240335 106.757042 0.046924 0.587308 0.808002 0.145403 0.910002 1 28 1.000000
MarioHand_alb.png
 29 -59.236588 2.438886 106.206688 -0.201789 -0.575302 0.792659 0.162371 0.885069 1 28 1.000000
 29 -58.011665 2.271287 106.137276 0.033188 -0.788477 0.614168 0.145403 0.882795 1 28 1.000000
 29 -57.974754 2.759641 106.761719 0.045021 -0.583107 0.811147 0.145403 0.889525 1 28 1.000000
MarioHand_alb.png
 29 -58.011665 2.271287 106.137276 0.033188 -0.788477 0.614168 0.145403 0.882795 1 28 1.000000
 29 -56.785885 2.432410 106.066841 0.288023 -0.575687 0.765263 0.128420 0.885069 1 28 1.000000
 29 -57.974754 2.759641 106.761719 0.045021 -0.583107 0.811147 0.145403 0.889525 1 28 1.000000
MarioHand_alb.png
 29 -59.992104 -2.539984 105.570511 -0.504794 -0.121286 -0.854677 0.023590 0.822782 1 28 1.000000
 29 -60.302750 -1.952513 105.777428 -0.557571 0.234522 -0.796313 0.031662 0.825483 1 28 1.000000
 29 -58.024063 -1.630620 104.278259 -0.133170 0.260557 -0.956230 0.028763 0.796063 1 28 1.000000
MarioHand_alb.png
 29 -59.113140 -2.962170 105.329498 -0.330646 -0.402749 -0.853502 0.015473 0.813352 1 28 1.000000
 29 -59.992104 -2.539984 105.570511 -0.504794 -0.121286 -0.854677 0.023590 0.822782 1 28 1.000000
 29 -58.024063 -1.630620 104.278259 -0.133170 0.260557 -0.956230 0.028763 0.796063 1 28 1.000000
MarioHand_alb.png
 29 -55.750038 -1.306322 105.316025 0.272399 0.573029 -0.772940 0.034363 0.765911 1 28 1.000000
 29 -55.439407 -1.893791 105.109100 0.318954 0.244628 -0.915656 0.025452 0.762387 1 28 1.000000
 29 -58.024063 -1.630620 104.278259 -0.133170 0.260557 -0.956230 0.028763 0.796063 1 28 1.000000
MarioHand_alb.png
 29 -56.629028 -0.884136 105.557053 0.121306 0.794452 -0.595088 0.042863 0.776913 1 28 1.000000
 29 -55.750038 -1.306322 105.316025 0.272399 0.573029 -0.772940 0.034363 0.765911 1 28 1.000000
 29 -58.024063 -1.630620 104.278259 -0.133170 0.260557 -0.956230 0.028763 0.796063 1 28 1.000000
MarioHand_alb.png
 29 -59.961815 -1.357189 105.894814 -0.481769 0.561372 -0.672874 0.039063 0.821256 1 28 1.000000
 29 -59.060692 -0.913498 105.891205 -0.294876 0.788210 -0.540160 0.045182 0.810422 1 28 1.000000
 29 -58.024063 -1.630620 104.278259 -0.133170 0.260557 -0.956230 0.028763 0.796063 1 28 1.000000
MarioHand_alb.png
 29 -56.629028 -0.884136 105.557053 0.361181 0.353935 0.862716 0.048280 0.875303 1 28 1.000000
 29 -57.840782 -0.740352 105.767586 0.101860 0.598949 0.794283 0.065263 0.877577 1 28 1.000000
 29 -57.768551 -1.375658 106.237610 0.123214 0.348281 0.929257 0.065263 0.870832 1 28 1.000000
MarioHand_alb.png
 29 -57.840782 -0.740352 105.767586 0.101860 0.598949 0.794283 0.065263 0.877577 1 28 1.000000
 29 -59.060692 -0.913498 105.891205 -0.124728 0.347979 0.929168 0.082246 0.875303 1 28 1.000000
 29 -57.768551 -1.375658 106.237610 0.123214 0.348281 0.929257 0.065263 0.870832 1 28 1.000000
MarioHand_alb.png
 29 -59.113140 -2.962170 105.329498 -0.152595 -0.766909 0.623350 0.082246 0.845899 1 28 1.000000
 29 -57.901367 -3.105953 105.118973 0.062562 -0.924452 0.376132 0.065263 0.843626 1 28 1.000000
 29 -57.805096 -2.803219 105.846191 0.094610 -0.779242 0.619541 0.065263 0.850355 1 28 1.000000
MarioHand_alb.png
 29 -57.901367 -3.105953 105.118973 0.062562 -0.924452 0.376132 0.065263 0.843626 1 28 1.000000
 29 -56.681477 -2.932805 104.995331 0.334558 -0.761291 0.555435 0.048280 0.845899 1 28 1.000000
 29 -57.805096 -2.803219 105.846191 0.094610 -0.779242 0.619541 0.065263 0.850355 1 28 1.000000
MarioHand_alb.png
 29 -65.556732 -2.504412 101.298615 0.237272 -0.949352 -0.205992 0.683604 0.474388 1 28 1.000000
 29 -67.789101 -2.215986 102.810379 -0.038910 0.953914 0.297547 0.710613 0.501701 1 28 1.000000
 29 -65.838547 -2.498507 104.743843 -0.164001 -0.371506 0.913831 0.728038 0.467384 1 28 1.000000
MarioHand_alb.png
 29 -67.826180 -2.163974 101.030479 0.035858 0.997491 -0.061035 0.685939 0.506310 1 28 1.000000
 29 -65.556732 -2.504412 101.298615 0.237272 -0.949352 -0.205992 0.683604 0.474388 1 28 1.000000
 29 -65.556450 -2.476514 98.566429 -0.516546 0.017620 -0.856078 0.647517 0.480171 1 28 1.000000
MarioHand_alb.png
 29 -67.723289 -2.554012 98.492729 -0.017547 0.816173 -0.577541 0.650813 0.510475 1 28 1.000000
 29 -67.826180 -2.163974 101.030479 0.035858 0.997491 -0.061035 0.685939 0.506310 1 28 1.000000
 29 -65.556450 -2.476514 98.566429 -0.516546 0.017620 -0.856078 0.647517 0.480171 1 28 1.000000
MarioHand_alb.png
 29 -67.723289 -2.554012 98.492729 -0.017547 0.816173 -0.577541 0.650813 0.510475 1 28 1.000000
 29 -65.556450 -2.476514 98.566429 -0.516546 0.017620 -0.856078 0.647517 0.480171 1 28 1.000000
 29 -67.638992 -5.051186 97.273689 -0.059498 0.031275 -0.997738 0.613565 0.515877 1 28 1.000000
MarioHand_alb.png
 29 -67.638992 -5.051186 97.273689 -0.059498 0.031275 -0.997738 0.613565 0.515877 1 28 1.000000
 29 -65.556450 -2.476514 98.566429 -0.516546 0.017620 -0.856078 0.647517 0.480171 1 28 1.000000
 29 -65.281921 -4.850677 96.622879 -0.569923 0.002003 -0.821696 0.605982 0.481102 1 28 1.000000
MarioHand_alb.png
 29 -69.810791 -2.649134 98.549149 -0.006104 0.787958 -0.615699 0.654704 0.540658 1 28 1.000000
 29 -67.723289 -2.554012 98.492729 -0.017547 0.816173 -0.577541 0.650813 0.510475 1 28 1.000000
 29 -67.638992 -5.051186 97.273689 -0.059498 0.031275 -0.997738 0.613565 0.515877 1 28 1.000000
MarioHand_alb.png
 29 -69.815193 -5.127269 96.973396 0.000000 0.035188 -0.999381 0.615396 0.547707 1 28 1.000000
 29 -69.810791 -2.649134 98.549149 -0.006104 0.787958 -0.615699 0.654704 0.540658 1 28 1.000000
 29 -67.638992 -5.051186 97.273689 -0.059498 0.031275 -0.997738 0.613565 0.515877 1 28 1.000000
MarioHand_alb.png
 29 -67.826180 -2.163974 101.030479 0.035858 0.997491 -0.061035 0.685939 0.506310 1 28 1.000000
 29 -67.723289 -2.554012 98.492729 -0.017547 0.816173 -0.577541 0.650813 0.510475 1 28 1.000000
 29 -69.810791 -2.649134 98.549149 -0.006104 0.787958 -0.615699 0.654704 0.540658 1 28 1.000000
MarioHand_alb.png
 29 -71.885849 -2.726897 98.552528 -0.027464 0.775985 -0.630153 0.657938 0.571283 1 28 1.000000
 29 -69.810791 -2.649134 98.549149 -0.006104 0.787958 -0.615699 0.654704 0.540658 1 28 1.000000
 29 -69.815193 -5.127269 96.973396 0.000000 0.035188 -0.999381 0.615396 0.547707 1 28 1.000000
MarioHand_alb.png
 29 -71.885849 -2.726897 98.552528 -0.027464 0.775985 -0.630153 0.657938 0.571283 1 28 1.000000
 29 -69.815193 -5.127269 96.973396 0.000000 0.035188 -0.999381 0.615396 0.547707 1 28 1.000000
 29 -71.891022 -5.182568 97.108032 -0.055706 0.025468 -0.998122 0.620249 0.578958 1 28 1.000000
MarioHand_alb.png
 29 -71.885849 -2.726897 98.552528 -0.027464 0.775985 -0.630153 0.657938 0.571283 1 28 1.000000
 29 -71.891022 -5.182568 97.108032 -0.055706 0.025468 -0.998122 0.620249 0.578958 1 28 1.000000
 29 -73.809509 -5.149496 97.295265 -0.049584 0.021550 -0.998537 0.627024 0.609140 1 28 1.000000
MarioHand_alb.png
 29 -67.826180 -2.163974 101.030479 0.035858 0.997491 -0.061035 0.685939 0.506310 1 28 1.000000
 29 -69.810791 -2.649134 98.549149 -0.006104 0.787958 -0.615699 0.654704 0.540658 1 28 1.000000
 29 -69.802628 -2.068697 101.004280 -0.006103 0.994178 -0.107574 0.689326 0.534783 1 28 1.000000
MarioHand_alb.png
 29 -73.841682 -2.793371 98.534615 -0.023652 0.758869 -0.650814 0.661585 0.600534 1 28 1.000000
 29 -71.885849 -2.726897 98.552528 -0.027464 0.775985 -0.630153 0.657938 0.571283 1 28 1.000000
 29 -73.809509 -5.149496 97.295265 -0.049584 0.021550 -0.998537 0.627024 0.609140 1 28 1.000000
MarioHand_alb.png
 29 -73.841682 -2.793371 98.534615 -0.023652 0.758869 -0.650814 0.661585 0.600534 1 28 1.000000
 29 -73.809509 -5.149496 97.295265 -0.049584 0.021550 -0.998537 0.627024 0.609140 1 28 1.000000
 29 -75.743820 -5.126469 97.430420 -0.047309 0.009824 -0.998832 0.635569 0.639704 1 28 1.000000
MarioHand_alb.png
 29 -71.885849 -2.726897 98.552528 -0.027464 0.775985 -0.630153 0.657938 0.571283 1 28 1.000000
 29 -71.868156 -2.023276 100.985062 0.000000 0.992892 -0.119018 0.691905 0.564828 1 28 1.000000
 29 -69.810791 -2.649134 98.549149 -0.006104 0.787958 -0.615699 0.654704 0.540658 1 28 1.000000
MarioHand_alb.png
 29 -71.868156 -2.023276 100.985062 0.000000 0.992892 -0.119018 0.691905 0.564828 1 28 1.000000
 29 -69.802628 -2.068697 101.004280 -0.006103 0.994178 -0.107574 0.689326 0.534783 1 28 1.000000
 29 -69.810791 -2.649134 98.549149 -0.006104 0.787958 -0.615699 0.654704 0.540658 1 28 1.000000
MarioHand_alb.png
 29 -73.802773 -1.995576 100.934563 -0.003815 0.993770 -0.111390 0.694194 0.593301 1 28 1.000000
 29 -71.885849 -2.726897 98.552528 -0.027464 0.775985 -0.630153 0.657938 0.571283 1 28 1.000000
 29 -73.841682 -2.793371 98.534615 -0.023652 0.758869 -0.650814 0.661585 0.600534 1 28 1.000000
MarioHand_alb.png
 29 -73.802773 -1.995576 100.934563 -0.003815 0.993770 -0.111390 0.694194 0.593301 1 28 1.000000
 29 -71.868156 -2.023276 100.985062 0.000000 0.992892 -0.119018 0.691905 0.564828 1 28 1.000000
 29 -71.885849 -2.726897 98.552528 -0.027464 0.775985 -0.630153 0.657938 0.571283 1 28 1.000000
MarioHand_alb.png
 29 -75.739838 -2.851648 98.494858 -0.027466 0.739214 -0.672910 0.667018 0.629404 1 28 1.000000
 29 -73.841682 -2.793371 98.534615 -0.023652 0.758869 -0.650814 0.661585 0.600534 1 28 1.000000
 29 -75.743820 -5.126469 97.430420 -0.047309 0.009824 -0.998832 0.635569 0.639704 1 28 1.000000
MarioHand_alb.png
 29 -75.739838 -2.851648 98.494858 -0.027466 0.739214 -0.672910 0.667018 0.629404 1 28 1.000000
 29 -75.743820 -5.126469 97.430420 -0.047309 0.009824 -0.998832 0.635569 0.639704 1 28 1.000000
 29 -77.787964 -5.109521 97.580948 -0.223465 0.003909 -0.974704 0.648524 0.670115 1 28 1.000000
MarioHand_alb.png
 29 -75.737503 -2.020387 100.882072 -0.015259 0.991336 -0.130462 0.697932 0.621729 1 28 1.000000
 29 -73.802773 -1.995576 100.934563 -0.003815 0.993770 -0.111390 0.694194 0.593301 1 28 1.000000
 29 -73.841682 -2.793371 98.534615 -0.023652 0.758869 -0.650814 0.661585 0.600534 1 28 1.000000
MarioHand_alb.png
 29 -75.737503 -2.020387 100.882072 -0.015259 0.991336 -0.130462 0.697932 0.621729 1 28 1.000000
 29 -73.841682 -2.793371 98.534615 -0.023652 0.758869 -0.650814 0.661585 0.600534 1 28 1.000000
 29 -75.739838 -2.851648 98.494858 -0.027466 0.739214 -0.672910 0.667018 0.629404 1 28 1.000000
MarioHand_alb.png
 29 -77.784210 -2.933414 98.520493 -0.205242 0.710645 -0.672949 0.676280 0.657664 1 28 1.000000
 29 -75.739838 -2.851648 98.494858 -0.027466 0.739214 -0.672910 0.667018 0.629404 1 28 1.000000
 29 -77.787964 -5.109521 97.580948 -0.223465 0.003909 -0.974704 0.648524 0.670115 1 28 1.000000
MarioHand_alb.png
 29 -79.480255 -5.106536 98.444572 -0.617787 0.001907 -0.786343 0.668009 0.692836 1 28 1.000000
 29 -77.784210 -2.933414 98.520493 -0.205242 0.710645 -0.672949 0.676280 0.657664 1 28 1.000000
 29 -77.787964 -5.109521 97.580948 -0.223465 0.003909 -0.974704 0.648524 0.670115 1 28 1.000000
MarioHand_alb.png
 29 -77.782654 -2.032042 100.788681 -0.173951 0.970344 -0.167847 0.704662 0.651240 1 28 1.000000
 29 -75.737503 -2.020387 100.882072 -0.015259 0.991336 -0.130462 0.697932 0.621729 1 28 1.000000
 29 -75.739838 -2.851648 98.494858 -0.027466 0.739214 -0.672910 0.667018 0.629404 1 28 1.000000
MarioHand_alb.png
 29 -77.782654 -2.032042 100.788681 -0.173951 0.970344 -0.167847 0.704662 0.651240 1 28 1.000000
 29 -75.739838 -2.851648 98.494858 -0.027466 0.739214 -0.672910 0.667018 0.629404 1 28 1.000000
 29 -77.784210 -2.933414 98.520493 -0.205242 0.710645 -0.672949 0.676280 0.657664 1 28 1.000000
MarioHand_alb.png
 29 -79.477493 -3.516302 99.131157 -0.610350 0.572918 -0.547026 0.688640 0.681010 1 28 1.000000
 29 -77.784210 -2.933414 98.520493 -0.205242 0.710645 -0.672949 0.676280 0.657664 1 28 1.000000
 29 -79.480255 -5.106536 98.444572 -0.617787 0.001907 -0.786343 0.668009 0.692836 1 28 1.000000
MarioHand_alb.png
 29 -79.477493 -3.516302 99.131157 -0.610350 0.572918 -0.547026 0.688640 0.681010 1 28 1.000000
 29 -77.782654 -2.032042 100.788681 -0.173951 0.970344 -0.167847 0.704662 0.651240 1 28 1.000000
 29 -77.784210 -2.933414 98.520493 -0.205242 0.710645 -0.672949 0.676280 0.657664 1 28 1.000000
MarioHand_alb.png
 29 -80.416718 -5.104889 100.788681 -0.999998 0.002002 0.000000 0.699931 0.711192 1 28 1.000000
 29 -79.477493 -3.516302 99.131157 -0.610350 0.572918 -0.547026 0.688640 0.681010 1 28 1.000000
 29 -79.480255 -5.106536 98.444572 -0.617787 0.001907 -0.786343 0.668009 0.692836 1 28 1.000000
MarioHand_alb.png
 29 -79.476364 -2.857607 100.788681 -0.652312 0.750278 -0.107574 0.714885 0.678691 1 28 1.000000
 29 -79.477493 -3.516302 99.131157 -0.610350 0.572918 -0.547026 0.688640 0.681010 1 28 1.000000
 29 -80.416718 -5.104889 100.788681 -0.999998 0.002002 0.000000 0.699931 0.711192 1 28 1.000000
MarioHand_alb.png
 29 -79.476364 -2.857607 100.788681 -0.652312 0.750278 -0.107574 0.714885 0.678691 1 28 1.000000
 29 -77.782654 -2.032042 100.788681 -0.173951 0.970344 -0.167847 0.704662 0.651240 1 28 1.000000
 29 -79.477493 -3.516302 99.131157 -0.610350 0.572918 -0.547026 0.688640 0.681010 1 28 1.000000
MarioHand_alb.png
 29 -77.783211 -2.354570 102.343536 -0.170139 0.869409 0.463876 0.721431 0.645609 1 28 1.000000
 29 -75.737503 -2.020387 100.882072 -0.015259 0.991336 -0.130462 0.697932 0.621729 1 28 1.000000
 29 -77.782654 -2.032042 100.788681 -0.173951 0.970344 -0.167847 0.704662 0.651240 1 28 1.000000
MarioHand_alb.png
 29 -79.476364 -2.857607 100.788681 -0.652312 0.750278 -0.107574 0.714885 0.678691 1 28 1.000000
 29 -77.783211 -2.354570 102.343536 -0.170139 0.869409 0.463876 0.721431 0.645609 1 28 1.000000
 29 -77.782654 -2.032042 100.788681 -0.173951 0.970344 -0.167847 0.704662 0.651240 1 28 1.000000
MarioHand_alb.png
 29 -75.733475 -2.325804 102.405685 -0.017547 0.876742 0.480642 0.716701 0.617273 1 28 1.000000
 29 -73.802773 -1.995576 100.934563 -0.003815 0.993770 -0.111390 0.694194 0.593301 1 28 1.000000
 29 -75.737503 -2.020387 100.882072 -0.015259 0.991336 -0.130462 0.697932 0.621729 1 28 1.000000
MarioHand_alb.png
 29 -77.783211 -2.354570 102.343536 -0.170139 0.869409 0.463876 0.721431 0.645609 1 28 1.000000
 29 -75.733475 -2.325804 102.405685 -0.017547 0.876742 0.480642 0.716701 0.617273 1 28 1.000000
 29 -75.737503 -2.020387 100.882072 -0.015259 0.991336 -0.130462 0.697932 0.621729 1 28 1.000000
MarioHand_alb.png
 29 -79.477615 -3.575532 102.393288 -0.745604 0.478308 0.463999 0.736843 0.668162 1 28 1.000000
 29 -77.783211 -2.354570 102.343536 -0.170139 0.869409 0.463876 0.721431 0.645609 1 28 1.000000
 29 -79.476364 -2.857607 100.788681 -0.652312 0.750278 -0.107574 0.714885 0.678691 1 28 1.000000
MarioHand_alb.png
 29 -80.416718 -5.104889 100.788681 -0.999998 0.002002 0.000000 0.758190 0.694240 1 28 1.000000
 29 -79.477615 -3.575532 102.393288 -0.745604 0.478308 0.463999 0.736843 0.668162 1 28 1.000000
 29 -79.476364 -2.857607 100.788681 -0.652312 0.750278 -0.107574 0.714885 0.678691 1 28 1.000000
MarioHand_alb.png
 29 -77.780861 -3.498441 103.528786 -0.168639 0.505394 0.846249 0.739178 0.641215 1 28 1.000000
 29 -75.733475 -2.325804 102.405685 -0.017547 0.876742 0.480642 0.716701 0.617273 1 28 1.000000
 29 -77.783211 -2.354570 102.343536 -0.170139 0.869409 0.463876 0.721431 0.645609 1 28 1.000000
MarioHand_alb.png
 29 -79.477615 -3.575532 102.393288 -0.745604 0.478308 0.463999 0.736843 0.668162 1 28 1.000000
 29 -77.780861 -3.498441 103.528786 -0.168639 0.505394 0.846249 0.739178 0.641215 1 28 1.000000
 29 -77.783211 -2.354570 102.343536 -0.170139 0.869409 0.463876 0.721431 0.645609 1 28 1.000000
MarioHand_alb.png
 29 -75.733475 -2.325804 102.405685 -0.017547 0.876742 0.480642 0.716701 0.617273 1 28 1.000000
 29 -73.801445 -2.325735 102.465843 -0.003815 0.873106 0.487515 0.714412 0.589548 1 28 1.000000
 29 -73.802773 -1.995576 100.934563 -0.003815 0.993770 -0.111390 0.694194 0.593301 1 28 1.000000
MarioHand_alb.png
 29 -73.802773 -1.995576 100.934563 -0.003815 0.993770 -0.111390 0.694194 0.593301 1 28 1.000000
 29 -73.801445 -2.325735 102.465843 -0.003815 0.873106 0.487515 0.714412 0.589548 1 28 1.000000
 29 -71.868156 -2.023276 100.985062 0.000000 0.992892 -0.119018 0.691905 0.564828 1 28 1.000000
MarioHand_alb.png
 29 -80.416718 -5.104889 100.788681 -0.999998 0.002002 0.000000 0.758190 0.694240 1 28 1.000000
 29 -79.480255 -5.106541 103.132820 -0.743129 0.006008 0.669121 0.758022 0.663630 1 28 1.000000
 29 -79.477615 -3.575532 102.393288 -0.745604 0.478308 0.463999 0.736843 0.668162 1 28 1.000000
MarioHand_alb.png
 29 -79.480255 -5.106541 103.132820 -0.743129 0.006008 0.669121 0.758022 0.663630 1 28 1.000000
 29 -77.780861 -3.498441 103.528786 -0.168639 0.505394 0.846249 0.739178 0.641215 1 28 1.000000
 29 -79.477615 -3.575532 102.393288 -0.745604 0.478308 0.463999 0.736843 0.668162 1 28 1.000000
MarioHand_alb.png
 29 -80.416718 -5.104889 100.788681 -0.999998 0.002002 0.000000 0.758190 0.694240 1 28 1.000000
 29 -79.482964 -6.710766 102.400604 -0.751696 -0.470191 0.462465 0.780209 0.667903 1 28 1.000000
 29 -79.480255 -5.106541 103.132820 -0.743129 0.006008 0.669121 0.758022 0.663630 1 28 1.000000
MarioHand_alb.png
 29 -80.416718 -5.104889 100.788681 -0.999998 0.002002 0.000000 0.758190 0.694240 1 28 1.000000
 29 -79.484131 -7.420779 100.788681 -0.721766 -0.691247 -0.035096 0.802594 0.678203 1 28 1.000000
 29 -79.482964 -6.710766 102.400604 -0.751696 -0.470191 0.462465 0.780209 0.667903 1 28 1.000000
MarioHand_alb.png
 29 -79.480255 -5.106541 103.132820 -0.743129 0.006008 0.669121 0.758022 0.663630 1 28 1.000000
 29 -77.787964 -5.109519 103.996422 -0.155603 0.009821 0.987771 0.757809 0.639490 1 28 1.000000
 29 -77.780861 -3.498441 103.528786 -0.168639 0.505394 0.846249 0.739178 0.641215 1 28 1.000000
MarioHand_alb.png
 29 -77.780861 -3.498441 103.528786 -0.168639 0.505394 0.846249 0.739178 0.641215 1 28 1.000000
 29 -75.735359 -3.496656 103.611816 -0.017545 0.502684 0.864292 0.737087 0.613901 1 28 1.000000
 29 -75.733475 -2.325804 102.405685 -0.017547 0.876742 0.480642 0.716701 0.617273 1 28 1.000000
MarioHand_alb.png
 29 -77.780861 -3.498441 103.528786 -0.168639 0.505394 0.846249 0.739178 0.641215 1 28 1.000000
 29 -77.787964 -5.109519 103.996422 -0.155603 0.009821 0.987771 0.757809 0.639490 1 28 1.000000
 29 -75.735359 -3.496656 103.611816 -0.017545 0.502684 0.864292 0.737087 0.613901 1 28 1.000000
MarioHand_alb.png
 29 -75.733475 -2.325804 102.405685 -0.017547 0.876742 0.480642 0.716701 0.617273 1 28 1.000000
 29 -75.735359 -3.496656 103.611816 -0.017545 0.502684 0.864292 0.737087 0.613901 1 28 1.000000
 29 -73.801445 -2.325735 102.465843 -0.003815 0.873106 0.487515 0.714412 0.589548 1 28 1.000000
MarioHand_alb.png
 29 -79.480255 -5.106541 103.132820 -0.743129 0.006008 0.669121 0.758022 0.663630 1 28 1.000000
 29 -77.790741 -6.752051 103.566971 -0.154839 -0.510378 0.845895 0.776684 0.641154 1 28 1.000000
 29 -77.787964 -5.109519 103.996422 -0.155603 0.009821 0.987771 0.757809 0.639490 1 28 1.000000
MarioHand_alb.png
 29 -79.482964 -6.710766 102.400604 -0.751696 -0.470191 0.462465 0.780209 0.667903 1 28 1.000000
 29 -77.790741 -6.752051 103.566971 -0.154839 -0.510378 0.845895 0.776684 0.641154 1 28 1.000000
 29 -79.480255 -5.106541 103.132820 -0.743129 0.006008 0.669121 0.758022 0.663630 1 28 1.000000
MarioHand_alb.png
 29 -75.745079 -5.113963 104.033188 -0.005339 0.000000 0.999986 0.757641 0.612909 1 28 1.000000
 29 -75.735359 -3.496656 103.611816 -0.017545 0.502684 0.864292 0.737087 0.613901 1 28 1.000000
 29 -77.787964 -5.109519 103.996422 -0.155603 0.009821 0.987771 0.757809 0.639490 1 28 1.000000
MarioHand_alb.png
 29 -79.482964 -6.710766 102.400604 -0.751696 -0.470191 0.462465 0.780209 0.667903 1 28 1.000000
 29 -77.792648 -7.885084 102.349953 -0.144959 -0.865270 0.479890 0.794705 0.645380 1 28 1.000000
 29 -77.790741 -6.752051 103.566971 -0.154839 -0.510378 0.845895 0.776684 0.641154 1 28 1.000000
MarioHand_alb.png
 29 -79.484131 -7.420779 100.788681 -0.721766 -0.691247 -0.035096 0.802594 0.678203 1 28 1.000000
 29 -77.792648 -7.885084 102.349953 -0.144959 -0.865270 0.479890 0.794705 0.645380 1 28 1.000000
 29 -79.482964 -6.710766 102.400604 -0.751696 -0.470191 0.462465 0.780209 0.667903 1 28 1.000000
MarioHand_alb.png
 29 -77.790741 -6.752051 103.566971 -0.154839 -0.510378 0.845895 0.776684 0.641154 1 28 1.000000
 29 -75.748024 -6.661535 103.627151 0.011447 -0.515205 0.856990 0.777417 0.614038 1 28 1.000000
 29 -77.787964 -5.109519 103.996422 -0.155603 0.009821 0.987771 0.757809 0.639490 1 28 1.000000
MarioHand_alb.png
 29 -75.748024 -6.661535 103.627151 0.011447 -0.515205 0.856990 0.777417 0.614038 1 28 1.000000
 29 -75.745079 -5.113963 104.033188 -0.005339 0.000000 0.999986 0.757641 0.612909 1 28 1.000000
 29 -77.787964 -5.109519 103.996422 -0.155603 0.009821 0.987771 0.757809 0.639490 1 28 1.000000
MarioHand_alb.png
 29 -77.792648 -7.885084 102.349953 -0.144959 -0.865270 0.479890 0.794705 0.645380 1 28 1.000000
 29 -75.749649 -7.858198 102.366676 0.027465 -0.870974 0.490561 0.798596 0.617121 1 28 1.000000
 29 -77.790741 -6.752051 103.566971 -0.154839 -0.510378 0.845895 0.776684 0.641154 1 28 1.000000
MarioHand_alb.png
 29 -77.790741 -6.752051 103.566971 -0.154839 -0.510378 0.845895 0.776684 0.641154 1 28 1.000000
 29 -75.749649 -7.858198 102.366676 0.027465 -0.870974 0.490561 0.798596 0.617121 1 28 1.000000
 29 -75.748024 -6.661535 103.627151 0.011447 -0.515205 0.856990 0.777417 0.614038 1 28 1.000000
MarioHand_alb.png
 29 -75.745079 -5.113963 104.033188 -0.005339 0.000000 0.999986 0.757641 0.612909 1 28 1.000000
 29 -73.803726 -3.547582 103.652031 -0.009156 0.483779 0.875142 0.736538 0.586816 1 28 1.000000
 29 -75.735359 -3.496656 103.611816 -0.017545 0.502684 0.864292 0.737087 0.613901 1 28 1.000000
MarioHand_alb.png
 29 -73.803726 -3.547582 103.652031 -0.009156 0.483779 0.875142 0.736538 0.586816 1 28 1.000000
 29 -73.801445 -2.325735 102.465843 -0.003815 0.873106 0.487515 0.714412 0.589548 1 28 1.000000
 29 -75.735359 -3.496656 103.611816 -0.017545 0.502684 0.864292 0.737087 0.613901 1 28 1.000000
MarioHand_alb.png
 29 -75.748024 -6.661535 103.627151 0.011447 -0.515205 0.856990 0.777417 0.614038 1 28 1.000000
 29 -73.810074 -6.612454 103.586639 0.027471 -0.524714 0.850836 0.778195 0.587213 1 28 1.000000
 29 -75.745079 -5.113963 104.033188 -0.005339 0.000000 0.999986 0.757641 0.612909 1 28 1.000000
MarioHand_alb.png
 29 -73.803726 -3.547582 103.652031 -0.009156 0.483779 0.875142 0.736538 0.586816 1 28 1.000000
 29 -71.863754 -2.398115 102.514679 -0.016021 0.853826 0.520311 0.713176 0.561318 1 28 1.000000
 29 -73.801445 -2.325735 102.465843 -0.003815 0.873106 0.487515 0.714412 0.589548 1 28 1.000000
MarioHand_alb.png
 29 -73.801445 -2.325735 102.465843 -0.003815 0.873106 0.487515 0.714412 0.589548 1 28 1.000000
 29 -71.863754 -2.398115 102.514679 -0.016021 0.853826 0.520311 0.713176 0.561318 1 28 1.000000
 29 -71.868156 -2.023276 100.985062 0.000000 0.992892 -0.119018 0.691905 0.564828 1 28 1.000000
MarioHand_alb.png
 29 -75.745079 -5.113963 104.033188 -0.005339 0.000000 0.999986 0.757641 0.612909 1 28 1.000000
 29 -73.808624 -5.116639 103.996429 0.006105 -0.023562 0.999704 0.757671 0.586267 1 28 1.000000
 29 -73.803726 -3.547582 103.652031 -0.009156 0.483779 0.875142 0.736538 0.586816 1 28 1.000000
MarioHand_alb.png
 29 -75.745079 -5.113963 104.033188 -0.005339 0.000000 0.999986 0.757641 0.612909 1 28 1.000000
 29 -73.810074 -6.612454 103.586639 0.027471 -0.524714 0.850836 0.778195 0.587213 1 28 1.000000
 29 -73.808624 -5.116639 103.996429 0.006105 -0.023562 0.999704 0.757671 0.586267 1 28 1.000000
MarioHand_alb.png
 29 -73.803726 -3.547582 103.652031 -0.009156 0.483779 0.875142 0.736538 0.586816 1 28 1.000000
 29 -71.834274 -3.532866 103.722801 -0.029754 0.471864 0.881169 0.735759 0.558495 1 28 1.000000
 29 -71.863754 -2.398115 102.514679 -0.016021 0.853826 0.520311 0.713176 0.561318 1 28 1.000000
MarioHand_alb.png
 29 -73.808624 -5.116639 103.996429 0.006105 -0.023562 0.999704 0.757671 0.586267 1 28 1.000000
 29 -71.834274 -3.532866 103.722801 -0.029754 0.471864 0.881169 0.735759 0.558495 1 28 1.000000
 29 -73.803726 -3.547582 103.652031 -0.009156 0.483779 0.875142 0.736538 0.586816 1 28 1.000000
MarioHand_alb.png
 29 -71.863754 -2.398115 102.514679 -0.016021 0.853826 0.520311 0.713176 0.561318 1 28 1.000000
 29 -69.770386 -2.378895 102.621223 -0.054931 0.882998 0.466151 0.712093 0.530465 1 28 1.000000
 29 -71.868156 -2.023276 100.985062 0.000000 0.992892 -0.119018 0.691905 0.564828 1 28 1.000000
MarioHand_alb.png
 29 -71.834274 -3.532866 103.722801 -0.029754 0.471864 0.881169 0.735759 0.558495 1 28 1.000000
 29 -69.770386 -2.378895 102.621223 -0.054931 0.882998 0.466151 0.712093 0.530465 1 28 1.000000
 29 -71.863754 -2.398115 102.514679 -0.016021 0.853826 0.520311 0.713176 0.561318 1 28 1.000000
MarioHand_alb.png
 29 -69.770386 -2.378895 102.621223 -0.054931 0.882998 0.466151 0.712093 0.530465 1 28 1.000000
 29 -69.802628 -2.068697 101.004280 -0.006103 0.994178 -0.107574 0.689326 0.534783 1 28 1.000000
 29 -71.868156 -2.023276 100.985062 0.000000 0.992892 -0.119018 0.691905 0.564828 1 28 1.000000
MarioHand_alb.png
 29 -69.770386 -2.378895 102.621223 -0.054931 0.882998 0.466151 0.712093 0.530465 1 28 1.000000
 29 -67.826180 -2.163974 101.030479 0.035858 0.997491 -0.061035 0.685939 0.506310 1 28 1.000000
 29 -69.802628 -2.068697 101.004280 -0.006103 0.994178 -0.107574 0.689326 0.534783 1 28 1.000000
MarioHand_alb.png
 29 -67.789101 -2.215986 102.810379 -0.038910 0.953914 0.297547 0.710613 0.501701 1 28 1.000000
 29 -65.556732 -2.504412 101.298615 0.237272 -0.949352 -0.205992 0.683604 0.474388 1 28 1.000000
 29 -67.826180 -2.163974 101.030479 0.035858 0.997491 -0.061035 0.685939 0.506310 1 28 1.000000
MarioHand_alb.png
 29 -67.789101 -2.215986 102.810379 -0.038910 0.953914 0.297547 0.710613 0.501701 1 28 1.000000
 29 -67.826180 -2.163974 101.030479 0.035858 0.997491 -0.061035 0.685939 0.506310 1 28 1.000000
 29 -69.770386 -2.378895 102.621223 -0.054931 0.882998 0.466151 0.712093 0.530465 1 28 1.000000
MarioHand_alb.png
 29 -69.765869 -3.497716 103.849251 -0.071730 0.438510 0.895859 0.735439 0.528206 1 28 1.000000
 29 -67.789101 -2.215986 102.810379 -0.038910 0.953914 0.297547 0.710613 0.501701 1 28 1.000000
 29 -69.770386 -2.378895 102.621223 -0.054931 0.882998 0.466151 0.712093 0.530465 1 28 1.000000
MarioHand_alb.png
 29 -69.765869 -3.497716 103.849251 -0.071730 0.438510 0.895859 0.735439 0.528206 1 28 1.000000
 29 -69.770386 -2.378895 102.621223 -0.054931 0.882998 0.466151 0.712093 0.530465 1 28 1.000000
 29 -71.834274 -3.532866 103.722801 -0.029754 0.471864 0.881169 0.735759 0.558495 1 28 1.000000
MarioHand_alb.png
 29 -67.813843 -3.392250 104.058601 -0.184646 0.301433 0.935438 0.735119 0.499413 1 28 1.000000
 29 -67.789101 -2.215986 102.810379 -0.038910 0.953914 0.297547 0.710613 0.501701 1 28 1.000000
 29 -69.765869 -3.497716 103.849251 -0.071730 0.438510 0.895859 0.735439 0.528206 1 28 1.000000
MarioHand_alb.png
 29 -65.838547 -2.498507 104.743843 -0.164001 -0.371506 0.913831 0.728038 0.467384 1 28 1.000000
 29 -67.789101 -2.215986 102.810379 -0.038910 0.953914 0.297547 0.710613 0.501701 1 28 1.000000
 29 -67.813843 -3.392250 104.058601 -0.184646 0.301433 0.935438 0.735119 0.499413 1 28 1.000000
MarioHand_alb.png
 29 -65.441269 -5.131710 103.996429 -0.096125 -0.404718 0.909375 0.764584 0.467765 1 28 1.000000
 29 -65.838547 -2.498507 104.743843 -0.164001 -0.371506 0.913831 0.728038 0.467384 1 28 1.000000
 29 -67.813843 -3.392250 104.058601 -0.184646 0.301433 0.935438 0.735119 0.499413 1 28 1.000000
MarioHand_alb.png
 29 -67.733948 -5.091547 104.056084 -0.021367 -0.156529 0.987442 0.759289 0.499962 1 28 1.000000
 29 -67.813843 -3.392250 104.058601 -0.184646 0.301433 0.935438 0.735119 0.499413 1 28 1.000000
 29 -69.765869 -3.497716 103.849251 -0.071730 0.438510 0.895859 0.735439 0.528206 1 28 1.000000
MarioHand_alb.png
 29 -65.441269 -5.131710 103.996429 -0.096125 -0.404718 0.909375 0.764584 0.467765 1 28 1.000000
 29 -67.813843 -3.392250 104.058601 -0.184646 0.301433 0.935438 0.735119 0.499413 1 28 1.000000
 29 -67.733948 -5.091547 104.056084 -0.021367 -0.156529 0.987442 0.759289 0.499962 1 28 1.000000
MarioHand_alb.png
 29 -69.815079 -5.123932 103.996429 -0.027471 -0.123237 0.991997 0.758495 0.529381 1 28 1.000000
 29 -69.765869 -3.497716 103.849251 -0.071730 0.438510 0.895859 0.735439 0.528206 1 28 1.000000
 29 -71.834274 -3.532866 103.722801 -0.029754 0.471864 0.881169 0.735759 0.558495 1 28 1.000000
MarioHand_alb.png
 29 -67.733948 -5.091547 104.056084 -0.021367 -0.156529 0.987442 0.759289 0.499962 1 28 1.000000
 29 -69.765869 -3.497716 103.849251 -0.071730 0.438510 0.895859 0.735439 0.528206 1 28 1.000000
 29 -69.815079 -5.123932 103.996429 -0.027471 -0.123237 0.991997 0.758495 0.529381 1 28 1.000000
MarioHand_alb.png
 29 -69.815079 -5.123932 103.996429 -0.027471 -0.123237 0.991997 0.758495 0.529381 1 28 1.000000
 29 -71.834274 -3.532866 103.722801 -0.029754 0.471864 0.881169 0.735759 0.558495 1 28 1.000000
 29 -71.815109 -5.127666 103.992561 -0.004576 -0.068455 0.997644 0.758007 0.558129 1 28 1.000000
MarioHand_alb.png
 29 -71.815109 -5.127666 103.992561 -0.004576 -0.068455 0.997644 0.758007 0.558129 1 28 1.000000
 29 -71.834274 -3.532866 103.722801 -0.029754 0.471864 0.881169 0.735759 0.558495 1 28 1.000000
 29 -73.808624 -5.116639 103.996429 0.006105 -0.023562 0.999704 0.757671 0.586267 1 28 1.000000
MarioHand_alb.png
 29 -69.821472 -6.531225 103.469215 0.000000 -0.551968 0.833865 0.779660 0.530648 1 28 1.000000
 29 -67.733948 -5.091547 104.056084 -0.021367 -0.156529 0.987442 0.759289 0.499962 1 28 1.000000
 29 -69.815079 -5.123932 103.996429 -0.027471 -0.123237 0.991997 0.758495 0.529381 1 28 1.000000
MarioHand_alb.png
 29 -69.821472 -6.531225 103.469215 0.000000 -0.551968 0.833865 0.779660 0.530648 1 28 1.000000
 29 -69.815079 -5.123932 103.996429 -0.027471 -0.123237 0.991997 0.758495 0.529381 1 28 1.000000
 29 -71.815109 -5.127666 103.992561 -0.004576 -0.068455 0.997644 0.758007 0.558129 1 28 1.000000
MarioHand_alb.png
 29 -67.664352 -6.584642 103.517670 0.021366 -0.560393 0.827951 0.781476 0.500496 1 28 1.000000
 29 -65.441269 -5.131710 103.996429 -0.096125 -0.404718 0.909375 0.764584 0.467765 1 28 1.000000
 29 -67.733948 -5.091547 104.056084 -0.021367 -0.156529 0.987442 0.759289 0.499962 1 28 1.000000
MarioHand_alb.png
 29 -67.664352 -6.584642 103.517670 0.021366 -0.560393 0.827951 0.781476 0.500496 1 28 1.000000
 29 -67.733948 -5.091547 104.056084 -0.021367 -0.156529 0.987442 0.759289 0.499962 1 28 1.000000
 29 -69.821472 -6.531225 103.469215 0.000000 -0.551968 0.833865 0.779660 0.530648 1 28 1.000000
MarioHand_alb.png
 29 -67.664352 -6.584642 103.517670 0.021366 -0.560393 0.827951 0.781476 0.500496 1 28 1.000000
 29 -65.278534 -7.116806 102.703430 0.003815 -0.830044 0.557686 0.797391 0.467536 1 28 1.000000
 29 -65.441269 -5.131710 103.996429 -0.096125 -0.404718 0.909375 0.764584 0.467765 1 28 1.000000
MarioHand_alb.png
 29 -71.874863 -6.596869 103.530792 0.023650 -0.539758 0.841488 0.779156 0.559640 1 28 1.000000
 29 -71.815109 -5.127666 103.992561 -0.004576 -0.068455 0.997644 0.758007 0.558129 1 28 1.000000
 29 -73.808624 -5.116639 103.996429 0.006105 -0.023562 0.999704 0.757671 0.586267 1 28 1.000000
MarioHand_alb.png
 29 -69.821472 -6.531225 103.469215 0.000000 -0.551968 0.833865 0.779660 0.530648 1 28 1.000000
 29 -71.815109 -5.127666 103.992561 -0.004576 -0.068455 0.997644 0.758007 0.558129 1 28 1.000000
 29 -71.874863 -6.596869 103.530792 0.023650 -0.539758 0.841488 0.779156 0.559640 1 28 1.000000
MarioHand_alb.png
 29 -71.874863 -6.596869 103.530792 0.023650 -0.539758 0.841488 0.779156 0.559640 1 28 1.000000
 29 -73.808624 -5.116639 103.996429 0.006105 -0.023562 0.999704 0.757671 0.586267 1 28 1.000000
 29 -73.810074 -6.612454 103.586639 0.027471 -0.524714 0.850836 0.778195 0.587213 1 28 1.000000
MarioHand_alb.png
 29 -69.818741 -7.650415 102.327454 0.006104 -0.876461 0.481434 0.802090 0.532219 1 28 1.000000
 29 -67.664352 -6.584642 103.517670 0.021366 -0.560393 0.827951 0.781476 0.500496 1 28 1.000000
 29 -69.821472 -6.531225 103.469215 0.000000 -0.551968 0.833865 0.779660 0.530648 1 28 1.000000
MarioHand_alb.png
 29 -69.818741 -7.650415 102.327454 0.006104 -0.876461 0.481434 0.802090 0.532219 1 28 1.000000
 29 -69.821472 -6.531225 103.469215 0.000000 -0.551968 0.833865 0.779660 0.530648 1 28 1.000000
 29 -71.874863 -6.596869 103.530792 0.023650 -0.539758 0.841488 0.779156 0.559640 1 28 1.000000
MarioHand_alb.png
 29 -67.596344 -7.707663 102.312660 0.031280 -0.886151 0.462340 0.804120 0.501015 1 28 1.000000
 29 -65.278534 -7.116806 102.703430 0.003815 -0.830044 0.557686 0.797391 0.467536 1 28 1.000000
 29 -67.664352 -6.584642 103.517670 0.021366 -0.560393 0.827951 0.781476 0.500496 1 28 1.000000
MarioHand_alb.png
 29 -67.596344 -7.707663 102.312660 0.031280 -0.886151 0.462340 0.804120 0.501015 1 28 1.000000
 29 -67.664352 -6.584642 103.517670 0.021366 -0.560393 0.827951 0.781476 0.500496 1 28 1.000000
 29 -69.818741 -7.650415 102.327454 0.006104 -0.876461 0.481434 0.802090 0.532219 1 28 1.000000
MarioHand_alb.png
 29 -67.596344 -7.707663 102.312660 0.031280 -0.886151 0.462340 0.804120 0.501015 1 28 1.000000
 29 -65.225174 -7.929547 100.551590 -0.037384 -0.993739 0.105287 0.829679 0.469001 1 28 1.000000
 29 -65.278534 -7.116806 102.703430 0.003815 -0.830044 0.557686 0.797391 0.467536 1 28 1.000000
MarioHand_alb.png
 29 -69.818741 -7.650415 102.327454 0.006104 -0.876461 0.481434 0.802090 0.532219 1 28 1.000000
 29 -71.874863 -6.596869 103.530792 0.023650 -0.539758 0.841488 0.779156 0.559640 1 28 1.000000
 29 -71.888870 -7.695550 102.345253 0.029754 -0.874310 0.484456 0.801282 0.561624 1 28 1.000000
MarioHand_alb.png
 29 -71.874863 -6.596869 103.530792 0.023650 -0.539758 0.841488 0.779156 0.559640 1 28 1.000000
 29 -73.810074 -6.612454 103.586639 0.027471 -0.524714 0.850836 0.778195 0.587213 1 28 1.000000
 29 -71.888870 -7.695550 102.345253 0.029754 -0.874310 0.484456 0.801282 0.561624 1 28 1.000000
MarioHand_alb.png
 29 -69.819962 -8.043612 100.782547 0.001526 -0.999622 -0.027465 0.824231 0.534081 1 28 1.000000
 29 -67.596344 -7.707663 102.312660 0.031280 -0.886151 0.462340 0.804120 0.501015 1 28 1.000000
 29 -69.818741 -7.650415 102.327454 0.006104 -0.876461 0.481434 0.802090 0.532219 1 28 1.000000
MarioHand_alb.png
 29 -69.819962 -8.043612 100.782547 0.001526 -0.999622 -0.027465 0.824231 0.534081 1 28 1.000000
 29 -69.818741 -7.650415 102.327454 0.006104 -0.876461 0.481434 0.802090 0.532219 1 28 1.000000
 29 -71.888870 -7.695550 102.345253 0.029754 -0.874310 0.484456 0.801282 0.561624 1 28 1.000000
MarioHand_alb.png
 29 -67.570335 -8.039305 100.730667 0.002289 -0.999148 -0.041198 0.826246 0.502129 1 28 1.000000
 29 -65.225174 -7.929547 100.551590 -0.037384 -0.993739 0.105287 0.829679 0.469001 1 28 1.000000
 29 -67.596344 -7.707663 102.312660 0.031280 -0.886151 0.462340 0.804120 0.501015 1 28 1.000000
MarioHand_alb.png
 29 -69.819962 -8.043612 100.782547 0.001526 -0.999622 -0.027465 0.824231 0.534081 1 28 1.000000
 29 -67.570335 -8.039305 100.730667 0.002289 -0.999148 -0.041198 0.826246 0.502129 1 28 1.000000
 29 -67.596344 -7.707663 102.312660 0.031280 -0.886151 0.462340 0.804120 0.501015 1 28 1.000000
MarioHand_alb.png
 29 -67.626945 -7.560773 98.263535 -0.027464 -0.769095 -0.638544 0.860609 0.504814 1 28 1.000000
 29 -65.225174 -7.929547 100.551590 -0.037384 -0.993739 0.105287 0.829679 0.469001 1 28 1.000000
 29 -67.570335 -8.039305 100.730667 0.002289 -0.999148 -0.041198 0.826246 0.502129 1 28 1.000000
MarioHand_alb.png
 29 -67.626945 -7.560773 98.263535 -0.027464 -0.769095 -0.638544 0.860609 0.504814 1 28 1.000000
 29 -65.235565 -7.686036 98.244324 -0.226587 -0.824810 -0.518022 0.861540 0.470741 1 28 1.000000
 29 -65.225174 -7.929547 100.551590 -0.037384 -0.993739 0.105287 0.829679 0.469001 1 28 1.000000
MarioHand_alb.png
 29 -67.638992 -5.051186 97.273689 -0.059498 0.031275 -0.997738 0.897078 0.508721 1 28 1.000000
 29 -65.281921 -4.850677 96.622879 -0.569923 0.002003 -0.821696 0.905791 0.474098 1 28 1.000000
 29 -65.235565 -7.686036 98.244324 -0.226587 -0.824810 -0.518022 0.861540 0.470741 1 28 1.000000
MarioHand_alb.png
 29 -67.638992 -5.051186 97.273689 -0.059498 0.031275 -0.997738 0.897078 0.508721 1 28 1.000000
 29 -65.235565 -7.686036 98.244324 -0.226587 -0.824810 -0.518022 0.861540 0.470741 1 28 1.000000
 29 -67.626945 -7.560773 98.263535 -0.027464 -0.769095 -0.638544 0.860609 0.504814 1 28 1.000000
MarioHand_alb.png
 29 -69.819199 -7.575829 98.345596 0.004578 -0.786191 -0.617967 0.858152 0.537148 1 28 1.000000
 29 -67.626945 -7.560773 98.263535 -0.027464 -0.769095 -0.638544 0.860609 0.504814 1 28 1.000000
 29 -67.570335 -8.039305 100.730667 0.002289 -0.999148 -0.041198 0.826246 0.502129 1 28 1.000000
MarioHand_alb.png
 29 -69.819199 -7.575829 98.345596 0.004578 -0.786191 -0.617967 0.858152 0.537148 1 28 1.000000
 29 -67.638992 -5.051186 97.273689 -0.059498 0.031275 -0.997738 0.897078 0.508721 1 28 1.000000
 29 -67.626945 -7.560773 98.263535 -0.027464 -0.769095 -0.638544 0.860609 0.504814 1 28 1.000000
MarioHand_alb.png
 29 -69.819199 -7.575829 98.345596 0.004578 -0.786191 -0.617967 0.858152 0.537148 1 28 1.000000
 29 -67.570335 -8.039305 100.730667 0.002289 -0.999148 -0.041198 0.826246 0.502129 1 28 1.000000
 29 -69.819962 -8.043612 100.782547 0.001526 -0.999622 -0.027465 0.824231 0.534081 1 28 1.000000
MarioHand_alb.png
 29 -69.819199 -7.575829 98.345596 0.004578 -0.786191 -0.617967 0.858152 0.537148 1 28 1.000000
 29 -69.815193 -5.127269 96.973396 0.000000 0.035188 -0.999381 0.895842 0.540932 1 28 1.000000
 29 -67.638992 -5.051186 97.273689 -0.059498 0.031275 -0.997738 0.897078 0.508721 1 28 1.000000
MarioHand_alb.png
 29 -71.891022 -5.182568 97.108032 -0.055706 0.025468 -0.998122 0.891951 0.572778 1 28 1.000000
 29 -69.815193 -5.127269 96.973396 0.000000 0.035188 -0.999381 0.895842 0.540932 1 28 1.000000
 29 -69.819199 -7.575829 98.345596 0.004578 -0.786191 -0.617967 0.858152 0.537148 1 28 1.000000
MarioHand_alb.png
 29 -71.894211 -7.526385 98.398842 -0.028993 -0.780801 -0.624107 0.856214 0.568063 1 28 1.000000
 29 -71.891022 -5.182568 97.108032 -0.055706 0.025468 -0.998122 0.891951 0.572778 1 28 1.000000
 29 -69.819199 -7.575829 98.345596 0.004578 -0.786191 -0.617967 0.858152 0.537148 1 28 1.000000
MarioHand_alb.png
 29 -71.894211 -7.526385 98.398842 -0.028993 -0.780801 -0.624107 0.856214 0.568063 1 28 1.000000
 29 -69.819199 -7.575829 98.345596 0.004578 -0.786191 -0.617967 0.858152 0.537148 1 28 1.000000
 29 -69.819962 -8.043612 100.782547 0.001526 -0.999622 -0.027465 0.824231 0.534081 1 28 1.000000
MarioHand_alb.png
 29 -71.894211 -7.526385 98.398842 -0.028993 -0.780801 -0.624107 0.856214 0.568063 1 28 1.000000
 29 -73.809509 -5.149496 97.295265 -0.049584 0.021550 -0.998537 0.887480 0.603784 1 28 1.000000
 29 -71.891022 -5.182568 97.108032 -0.055706 0.025468 -0.998122 0.891951 0.572778 1 28 1.000000
MarioHand_alb.png
 29 -71.894211 -7.526385 98.398842 -0.028993 -0.780801 -0.624107 0.856214 0.568063 1 28 1.000000
 29 -69.819962 -8.043612 100.782547 0.001526 -0.999622 -0.027465 0.824231 0.534081 1 28 1.000000
 29 -71.905624 -8.100304 100.792221 0.009918 -0.998937 -0.045012 0.823102 0.564050 1 28 1.000000
MarioHand_alb.png
 29 -71.905624 -8.100304 100.792221 0.009918 -0.998937 -0.045012 0.823102 0.564050 1 28 1.000000
 29 -69.819962 -8.043612 100.782547 0.001526 -0.999622 -0.027465 0.824231 0.534081 1 28 1.000000
 29 -71.888870 -7.695550 102.345253 0.029754 -0.874310 0.484456 0.801282 0.561624 1 28 1.000000
MarioHand_alb.png
 29 -73.853951 -7.456056 98.437759 -0.025176 -0.754908 -0.655347 0.853712 0.597482 1 28 1.000000
 29 -73.809509 -5.149496 97.295265 -0.049584 0.021550 -0.998537 0.887480 0.603784 1 28 1.000000
 29 -71.894211 -7.526385 98.398842 -0.028993 -0.780801 -0.624107 0.856214 0.568063 1 28 1.000000
MarioHand_alb.png
 29 -75.743820 -5.126469 97.430420 -0.047309 0.009824 -0.998832 0.880919 0.635096 1 28 1.000000
 29 -73.809509 -5.149496 97.295265 -0.049584 0.021550 -0.998537 0.887480 0.603784 1 28 1.000000
 29 -73.853951 -7.456056 98.437759 -0.025176 -0.754908 -0.655347 0.853712 0.597482 1 28 1.000000
MarioHand_alb.png
 29 -73.782707 -8.172602 100.785774 0.023651 -0.996977 -0.074006 0.821576 0.592447 1 28 1.000000
 29 -71.894211 -7.526385 98.398842 -0.028993 -0.780801 -0.624107 0.856214 0.568063 1 28 1.000000
 29 -71.905624 -8.100304 100.792221 0.009918 -0.998937 -0.045012 0.823102 0.564050 1 28 1.000000
MarioHand_alb.png
 29 -73.782707 -8.172602 100.785774 0.023651 -0.996977 -0.074006 0.821576 0.592447 1 28 1.000000
 29 -73.853951 -7.456056 98.437759 -0.025176 -0.754908 -0.655347 0.853712 0.597482 1 28 1.000000
 29 -71.894211 -7.526385 98.398842 -0.028993 -0.780801 -0.624107 0.856214 0.568063 1 28 1.000000
MarioHand_alb.png
 29 -71.905624 -8.100304 100.792221 0.009918 -0.998937 -0.045012 0.823102 0.564050 1 28 1.000000
 29 -71.888870 -7.695550 102.345253 0.029754 -0.874310 0.484456 0.801282 0.561624 1 28 1.000000
 29 -73.812881 -7.746437 102.368378 0.039672 -0.871360 0.489037 0.800107 0.589487 1 28 1.000000
MarioHand_alb.png
 29 -73.782707 -8.172602 100.785774 0.023651 -0.996977 -0.074006 0.821576 0.592447 1 28 1.000000
 29 -71.905624 -8.100304 100.792221 0.009918 -0.998937 -0.045012 0.823102 0.564050 1 28 1.000000
 29 -73.812881 -7.746437 102.368378 0.039672 -0.871360 0.489037 0.800107 0.589487 1 28 1.000000
MarioHand_alb.png
 29 -73.812881 -7.746437 102.368378 0.039672 -0.871360 0.489037 0.800107 0.589487 1 28 1.000000
 29 -71.888870 -7.695550 102.345253 0.029754 -0.874310 0.484456 0.801282 0.561624 1 28 1.000000
 29 -73.810074 -6.612454 103.586639 0.027471 -0.524714 0.850836 0.778195 0.587213 1 28 1.000000
MarioHand_alb.png
 29 -73.812881 -7.746437 102.368378 0.039672 -0.871360 0.489037 0.800107 0.589487 1 28 1.000000
 29 -73.810074 -6.612454 103.586639 0.027471 -0.524714 0.850836 0.778195 0.587213 1 28 1.000000
 29 -75.748024 -6.661535 103.627151 0.011447 -0.515205 0.856990 0.777417 0.614038 1 28 1.000000
MarioHand_alb.png
 29 -75.749649 -7.858198 102.366676 0.027465 -0.870974 0.490561 0.798596 0.617121 1 28 1.000000
 29 -73.812881 -7.746437 102.368378 0.039672 -0.871360 0.489037 0.800107 0.589487 1 28 1.000000
 29 -75.748024 -6.661535 103.627151 0.011447 -0.515205 0.856990 0.777417 0.614038 1 28 1.000000
MarioHand_alb.png
 29 -75.749649 -7.858198 102.366676 0.027465 -0.870974 0.490561 0.798596 0.617121 1 28 1.000000
 29 -73.782707 -8.172602 100.785774 0.023651 -0.996977 -0.074006 0.821576 0.592447 1 28 1.000000
 29 -73.812881 -7.746437 102.368378 0.039672 -0.871360 0.489037 0.800107 0.589487 1 28 1.000000
MarioHand_alb.png
 29 -75.749649 -7.858198 102.366676 0.027465 -0.870974 0.490561 0.798596 0.617121 1 28 1.000000
 29 -75.750175 -8.284946 100.784058 0.022126 -0.998245 -0.054934 0.818418 0.620798 1 28 1.000000
 29 -73.782707 -8.172602 100.785774 0.023651 -0.996977 -0.074006 0.821576 0.592447 1 28 1.000000
MarioHand_alb.png
 29 -73.782707 -8.172602 100.785774 0.023651 -0.996977 -0.074006 0.821576 0.592447 1 28 1.000000
 29 -75.750175 -8.284946 100.784058 0.022126 -0.998245 -0.054934 0.818418 0.620798 1 28 1.000000
 29 -73.853951 -7.456056 98.437759 -0.025176 -0.754908 -0.655347 0.853712 0.597482 1 28 1.000000
MarioHand_alb.png
 29 -77.792648 -7.885084 102.349953 -0.144959 -0.865270 0.479890 0.794705 0.645380 1 28 1.000000
 29 -75.750175 -8.284946 100.784058 0.022126 -0.998245 -0.054934 0.818418 0.620798 1 28 1.000000
 29 -75.749649 -7.858198 102.366676 0.027465 -0.870974 0.490561 0.798596 0.617121 1 28 1.000000
MarioHand_alb.png
 29 -75.743820 -5.126469 97.430420 -0.047309 0.009824 -0.998832 0.880919 0.635096 1 28 1.000000
 29 -73.853951 -7.456056 98.437759 -0.025176 -0.754908 -0.655347 0.853712 0.597482 1 28 1.000000
 29 -75.748734 -7.420534 98.456940 -0.030519 -0.689060 -0.724061 0.849088 0.626520 1 28 1.000000
MarioHand_alb.png
 29 -75.748734 -7.420534 98.456940 -0.030519 -0.689060 -0.724061 0.849088 0.626520 1 28 1.000000
 29 -73.853951 -7.456056 98.437759 -0.025176 -0.754908 -0.655347 0.853712 0.597482 1 28 1.000000
 29 -75.750175 -8.284946 100.784058 0.022126 -0.998245 -0.054934 0.818418 0.620798 1 28 1.000000
MarioHand_alb.png
 29 -77.787964 -5.109521 97.580948 -0.223465 0.003909 -0.974704 0.869551 0.666270 1 28 1.000000
 29 -75.743820 -5.126469 97.430420 -0.047309 0.009824 -0.998832 0.880919 0.635096 1 28 1.000000
 29 -75.748734 -7.420534 98.456940 -0.030519 -0.689060 -0.724061 0.849088 0.626520 1 28 1.000000
MarioHand_alb.png
 29 -77.793289 -8.287498 100.788681 -0.176237 -0.982939 -0.052642 0.812039 0.650004 1 28 1.000000
 29 -75.750175 -8.284946 100.784058 0.022126 -0.998245 -0.054934 0.818418 0.620798 1 28 1.000000
 29 -77.792648 -7.885084 102.349953 -0.144959 -0.865270 0.479890 0.794705 0.645380 1 28 1.000000
MarioHand_alb.png
 29 -77.793289 -8.287498 100.788681 -0.176237 -0.982939 -0.052642 0.812039 0.650004 1 28 1.000000
 29 -75.748734 -7.420534 98.456940 -0.030519 -0.689060 -0.724061 0.849088 0.626520 1 28 1.000000
 29 -75.750175 -8.284946 100.784058 0.022126 -0.998245 -0.054934 0.818418 0.620798 1 28 1.000000
MarioHand_alb.png
 29 -79.484131 -7.420779 100.788681 -0.721766 -0.691247 -0.035096 0.802594 0.678203 1 28 1.000000
 29 -77.793289 -8.287498 100.788681 -0.176237 -0.982939 -0.052642 0.812039 0.650004 1 28 1.000000
 29 -77.792648 -7.885084 102.349953 -0.144959 -0.865270 0.479890 0.794705 0.645380 1 28 1.000000
MarioHand_alb.png
 29 -77.787964 -5.109521 97.580948 -0.223465 0.003909 -0.974704 0.869551 0.666270 1 28 1.000000
 29 -75.748734 -7.420534 98.456940 -0.030519 -0.689060 -0.724061 0.849088 0.626520 1 28 1.000000
 29 -77.791733 -7.347980 98.520493 -0.222760 -0.594280 -0.772793 0.840482 0.655085 1 28 1.000000
MarioHand_alb.png
 29 -77.793289 -8.287498 100.788681 -0.176237 -0.982939 -0.052642 0.812039 0.650004 1 28 1.000000
 29 -77.791733 -7.347980 98.520493 -0.222760 -0.594280 -0.772793 0.840482 0.655085 1 28 1.000000
 29 -75.748734 -7.420534 98.456940 -0.030519 -0.689060 -0.724061 0.849088 0.626520 1 28 1.000000
MarioHand_alb.png
 29 -79.484131 -7.420779 100.788681 -0.721766 -0.691247 -0.035096 0.802594 0.678203 1 28 1.000000
 29 -77.791733 -7.347980 98.520493 -0.222760 -0.594280 -0.772793 0.840482 0.655085 1 28 1.000000
 29 -77.793289 -8.287498 100.788681 -0.176237 -0.982939 -0.052642 0.812039 0.650004 1 28 1.000000
MarioHand_alb.png
 29 -79.480255 -5.106536 98.444572 -0.617787 0.001907 -0.786343 0.851331 0.690013 1 28 1.000000
 29 -77.787964 -5.109521 97.580948 -0.223465 0.003909 -0.974704 0.869551 0.666270 1 28 1.000000
 29 -77.791733 -7.347980 98.520493 -0.222760 -0.594280 -0.772793 0.840482 0.655085 1 28 1.000000
MarioHand_alb.png
 29 -79.484131 -7.420779 100.788681 -0.721766 -0.691247 -0.035096 0.802594 0.678203 1 28 1.000000
 29 -79.482986 -6.734202 99.131157 -0.657495 -0.457367 -0.598763 0.829709 0.678981 1 28 1.000000
 29 -77.791733 -7.347980 98.520493 -0.222760 -0.594280 -0.772793 0.840482 0.655085 1 28 1.000000
MarioHand_alb.png
 29 -79.482986 -6.734202 99.131157 -0.657495 -0.457367 -0.598763 0.829709 0.678981 1 28 1.000000
 29 -79.480255 -5.106536 98.444572 -0.617787 0.001907 -0.786343 0.851331 0.690013 1 28 1.000000
 29 -77.791733 -7.347980 98.520493 -0.222760 -0.594280 -0.772793 0.840482 0.655085 1 28 1.000000
MarioHand_alb.png
 29 -79.484131 -7.420779 100.788681 -0.721766 -0.691247 -0.035096 0.802594 0.678203 1 28 1.000000
 29 -80.416718 -5.104889 100.788681 -0.999998 0.002002 0.000000 0.820615 0.710201 1 28 1.000000
 29 -79.482986 -6.734202 99.131157 -0.657495 -0.457367 -0.598763 0.829709 0.678981 1 28 1.000000
MarioHand_alb.png
 29 -80.416718 -5.104889 100.788681 -0.999998 0.002002 0.000000 0.820615 0.710201 1 28 1.000000
 29 -79.480255 -5.106536 98.444572 -0.617787 0.001907 -0.786343 0.851331 0.690013 1 28 1.000000
 29 -79.482986 -6.734202 99.131157 -0.657495 -0.457367 -0.598763 0.829709 0.678981 1 28 1.000000
MarioHand_alb.png
 29 -67.801407 2.947392 102.052231 -0.006104 -0.999365 0.035096 0.586419 0.057710 1 28 1.000000
 29 -65.394485 3.141531 99.350571 -0.614129 0.213276 -0.759842 0.627543 0.030091 1 28 1.000000
 29 -65.707802 3.105056 102.327026 -0.009918 0.999932 -0.006104 0.587182 0.028794 1 28 1.000000
MarioHand_alb.png
 29 -65.707802 3.105056 102.327026 -0.009918 0.999932 -0.006104 0.587182 0.028794 1 28 1.000000
 29 -65.673119 3.285370 105.413704 -0.219030 0.105580 0.969989 0.547555 0.020462 1 28 1.000000
 29 -67.830788 3.288217 103.952858 -0.082397 -0.910543 0.405120 0.559823 0.054444 1 28 1.000000
MarioHand_alb.png
 29 -60.233948 9.442625 105.190659 -0.425970 0.076270 -0.901517 0.137346 0.832349 1 28 1.000000
 29 -58.166859 8.409190 104.197296 -0.064490 -0.342770 -0.937203 0.126024 0.804623 1 28 1.000000
 29 -60.578266 8.872711 105.413605 -0.496904 -0.299267 -0.814571 0.129351 0.836851 1 28 1.000000
MarioHand_alb.png
 29 -58.166859 8.409190 104.197296 -0.064490 -0.342770 -0.937203 0.126024 0.804623 1 28 1.000000
 29 -56.016647 8.263660 105.457184 0.333428 -0.645970 -0.686694 0.116213 0.779187 1 28 1.000000
 29 -57.057007 7.818655 105.644966 0.172422 -0.848854 -0.499718 0.109575 0.791959 1 28 1.000000
MarioHand_alb.png
 29 -59.188782 7.835011 105.740501 -0.254444 -0.845634 -0.469214 0.111543 0.821118 1 28 1.000000
 29 -60.227821 8.297356 105.613174 -0.428403 -0.640029 -0.637836 0.120699 0.833371 1 28 1.000000
 29 -58.166859 8.409190 104.197296 -0.064490 -0.342770 -0.937203 0.126024 0.804623 1 28 1.000000
MarioHand_alb.png
 29 -58.166859 8.409190 104.197296 -0.064490 -0.342770 -0.937203 0.126024 0.804623 1 28 1.000000
 29 -56.022770 9.408928 105.034676 0.314995 0.058728 -0.947274 0.131807 0.777768 1 28 1.000000
 29 -55.672295 8.833572 105.234238 0.386132 -0.311061 -0.868414 0.123690 0.774762 1 28 1.000000
MarioHand_alb.png
 29 -59.961815 -1.357189 105.894814 -0.481769 0.561372 -0.672874 0.039063 0.821256 1 28 1.000000
 29 -58.024063 -1.630620 104.278259 -0.133170 0.260557 -0.956230 0.028763 0.796063 1 28 1.000000
 29 -60.302750 -1.952513 105.777428 -0.557571 0.234522 -0.796313 0.031662 0.825483 1 28 1.000000
MarioHand_alb.png
 29 -58.024063 -1.630620 104.278259 -0.133170 0.260557 -0.956230 0.028763 0.796063 1 28 1.000000
 29 -55.780312 -2.489126 104.991730 0.260257 -0.115532 -0.958602 0.017380 0.767575 1 28 1.000000
 29 -56.681477 -2.932805 104.995331 0.098016 -0.401168 -0.910745 0.011200 0.780026 1 28 1.000000
MarioHand_alb.png
 29 -58.024063 -1.630620 104.278259 -0.133170 0.260557 -0.956230 0.028763 0.796063 1 28 1.000000
 29 -57.901367 -3.105953 105.118973 -0.111781 -0.499366 -0.859150 0.009796 0.797604 1 28 1.000000
 29 -59.113140 -2.962170 105.329498 -0.330646 -0.402749 -0.853502 0.015473 0.813352 1 28 1.000000
MarioHand_alb.png
 29 -57.901367 -3.105953 105.118973 -0.111781 -0.499366 -0.859150 0.009796 0.797604 1 28 1.000000
 29 -58.024063 -1.630620 104.278259 -0.133170 0.260557 -0.956230 0.028763 0.796063 1 28 1.000000
 29 -56.681477 -2.932805 104.995331 0.098016 -0.401168 -0.910745 0.011200 0.780026 1 28 1.000000
MarioHand_alb.png
 29 -58.024063 -1.630620 104.278259 -0.133170 0.260557 -0.956230 0.028763 0.796063 1 28 1.000000
 29 -55.439407 -1.893791 105.109100 0.318954 0.244628 -0.915656 0.025452 0.762387 1 28 1.000000
 29 -55.780312 -2.489126 104.991730 0.260257 -0.115532 -0.958602 0.017380 0.767575 1 28 1.000000
MarioHand_alb.png
 29 -58.069664 3.492923 104.919426 -0.056821 -0.003909 -0.998377 0.079652 0.742016 1 28 1.000000
 29 -55.557922 3.491625 105.993538 0.392995 -0.003911 -0.919532 0.079210 0.708141 1 28 1.000000
 29 -55.887779 2.879088 106.014236 0.334457 -0.359770 -0.871037 0.070726 0.712642 1 28 1.000000
MarioHand_alb.png
 29 -59.236588 2.438886 106.206688 -0.258270 -0.620021 -0.740858 0.064927 0.758129 1 28 1.000000
 29 -58.069664 3.492923 104.919426 -0.056821 -0.003909 -0.998377 0.079652 0.742016 1 28 1.000000
 29 -58.011665 2.271287 106.137276 -0.043106 -0.706426 -0.706473 0.060624 0.741924 1 28 1.000000
MarioHand_alb.png
 29 -58.069664 3.492923 104.919426 -0.056821 -0.003909 -0.998377 0.079652 0.742016 1 28 1.000000
 29 -56.785885 2.432410 106.066841 0.168204 -0.622469 -0.764356 0.063508 0.724529 1 28 1.000000
 29 -58.011665 2.271287 106.137276 -0.043106 -0.706426 -0.706473 0.060624 0.741924 1 28 1.000000
MarioHand_alb.png
 29 -55.884754 4.105906 106.010361 0.336922 0.354474 -0.872257 0.087816 0.712413 1 28 1.000000
 29 -55.557922 3.491625 105.993538 0.392995 -0.003911 -0.919532 0.079210 0.708141 1 28 1.000000
 29 -58.069664 3.492923 104.919426 -0.056821 -0.003909 -0.998377 0.079652 0.742016 1 28 1.000000
MarioHand_alb.png
 29 -58.069664 3.492923 104.919426 -0.056821 -0.003909 -0.998377 0.079652 0.742016 1 28 1.000000
 29 -58.005638 4.724921 106.129555 -0.039292 0.700479 -0.712591 0.098680 0.741421 1 28 1.000000
 29 -56.780659 4.557323 106.060143 0.172064 0.616436 -0.768375 0.095338 0.724102 1 28 1.000000
MarioHand_alb.png
 29 -58.069664 3.492923 104.919426 -0.056821 -0.003909 -0.998377 0.079652 0.742016 1 28 1.000000
 29 -59.231377 4.563796 106.200012 -0.254439 0.616165 -0.745387 0.094804 0.757733 1 28 1.000000
 29 -58.005638 4.724921 106.129555 -0.039292 0.700479 -0.712591 0.098680 0.741421 1 28 1.000000
MarioHand_alb.png
 29 -59.188782 7.835011 105.740501 -0.254444 -0.845634 -0.469214 0.111543 0.821118 1 28 1.000000
 29 -58.166859 8.409190 104.197296 -0.064490 -0.342770 -0.937203 0.126024 0.804623 1 28 1.000000
 29 -58.119022 7.701586 105.746979 -0.041579 -0.908160 -0.416554 0.107530 0.806531 1 28 1.000000
MarioHand_alb.png
 29 -58.166859 8.409190 104.197296 -0.064490 -0.342770 -0.937203 0.126024 0.804623 1 28 1.000000
 29 -57.057007 7.818655 105.644966 0.172422 -0.848854 -0.499718 0.109575 0.791959 1 28 1.000000
 29 -58.119022 7.701586 105.746979 -0.041579 -0.908160 -0.416554 0.107530 0.806531 1 28 1.000000
MarioHand_alb.png
 29 -57.061802 9.871286 104.907364 0.152612 0.320867 -0.934748 0.140795 0.788968 1 28 1.000000
 29 -58.166859 8.409190 104.197296 -0.064490 -0.342770 -0.937203 0.126024 0.804623 1 28 1.000000
 29 -58.131588 10.004712 104.900871 -0.059886 0.406613 -0.911636 0.145708 0.803189 1 28 1.000000
MarioHand_alb.png
 29 -58.166859 8.409190 104.197296 -0.064490 -0.342770 -0.937203 0.126024 0.804623 1 28 1.000000
 29 -59.193569 9.887636 105.002899 -0.260574 0.336400 -0.904951 0.145052 0.819120 1 28 1.000000
 29 -58.131588 10.004712 104.900871 -0.059886 0.406613 -0.911636 0.145708 0.803189 1 28 1.000000
MarioHand_alb.png
 29 -56.629028 -0.884136 105.557053 0.121306 0.794452 -0.595088 0.042863 0.776913 1 28 1.000000
 29 -58.024063 -1.630620 104.278259 -0.133170 0.260557 -0.956230 0.028763 0.796063 1 28 1.000000
 29 -57.840782 -0.740352 105.767586 -0.080109 0.859355 -0.505066 0.047654 0.793866 1 28 1.000000
MarioHand_alb.png
 29 -58.024063 -1.630620 104.278259 -0.133170 0.260557 -0.956230 0.028763 0.796063 1 28 1.000000
 29 -59.060692 -0.913498 105.891205 -0.294876 0.788210 -0.540160 0.045182 0.810422 1 28 1.000000
 29 -57.840782 -0.740352 105.767586 -0.080109 0.859355 -0.505066 0.047654 0.793866 1 28 1.000000
MarioHand_alb.png
 29 -45.047016 -4.799055 96.311356 0.993320 0.115391 0.000000 0.295109 0.956008 1 28 1.000000
 29 -45.044750 -4.150399 93.362755 0.992556 0.111577 0.048827 0.295109 0.956008 1 28 1.000000
 29 -48.421810 3.410856 96.311340 0.999992 -0.003911 0.000000 0.295109 0.995850 1 28 1.000000
MarioHand_alb.png
 29 -45.044750 -4.150399 93.362755 0.992556 0.111577 0.048827 0.295109 0.956008 1 28 1.000000
 29 -45.038620 -2.394424 90.845978 0.992515 0.084156 0.088495 0.295109 0.956008 1 28 1.000000
 29 -48.421810 3.410856 96.311340 0.999992 -0.003911 0.000000 0.295109 0.995850 1 28 1.000000
MarioHand_alb.png
 29 -48.421810 3.410856 96.311340 0.999992 -0.003911 0.000000 0.295109 0.995850 1 28 1.000000
 29 -45.038620 -2.394424 90.845978 0.992515 0.084156 0.088495 0.295109 0.956008 1 28 1.000000
 29 -45.029293 0.278883 89.192810 0.991780 0.045009 0.119777 0.295109 0.956008 1 28 1.000000
MarioHand_alb.png
 29 -48.421810 3.410856 96.311340 0.999992 -0.003911 0.000000 0.295109 0.995850 1 28 1.000000
 29 -45.029293 0.278883 89.192810 0.991780 0.045009 0.119777 0.295109 0.956008 1 28 1.000000
 29 -45.018364 3.410862 88.582138 0.992422 -0.003909 0.122813 0.295109 0.956008 1 28 1.000000
MarioHand_alb.png
 29 -45.044746 -4.150396 99.259933 0.992545 0.111671 -0.048826 0.295109 0.956008 1 28 1.000000
 29 -45.047016 -4.799055 96.311356 0.993320 0.115391 0.000000 0.295109 0.956008 1 28 1.000000
 29 -48.421810 3.410856 96.311340 0.999992 -0.003911 0.000000 0.295109 0.995850 1 28 1.000000
MarioHand_alb.png
 29 -45.038624 -2.394425 101.776711 0.992519 0.084109 -0.088495 0.295109 0.956008 1 28 1.000000
 29 -45.044746 -4.150396 99.259933 0.992545 0.111671 -0.048826 0.295109 0.956008 1 28 1.000000
 29 -48.421810 3.410856 96.311340 0.999992 -0.003911 0.000000 0.295109 0.995850 1 28 1.000000
MarioHand_alb.png
 29 -45.038624 -2.394425 101.776711 0.992519 0.084109 -0.088495 0.295109 0.956008 1 28 1.000000
 29 -48.421810 3.410856 96.311340 0.999992 -0.003911 0.000000 0.295109 0.995850 1 28 1.000000
 29 -45.029293 0.278883 103.429855 0.991782 0.044958 -0.119777 0.295109 0.956008 1 28 1.000000
MarioHand_alb.png
 29 -48.421810 3.410856 96.311340 0.999992 -0.003911 0.000000 0.295109 0.995850 1 28 1.000000
 29 -45.018364 3.410864 104.040550 0.992323 -0.003911 -0.123611 0.295109 0.956008 1 28 1.000000
 29 -45.029293 0.278883 103.429855 0.991782 0.044958 -0.119777 0.295109 0.956008 1 28 1.000000
MarioHand_alb.png
 29 -45.018364 3.410864 104.040550 0.992323 -0.003911 -0.123611 0.295109 0.956008 1 28 1.000000
 29 -48.421810 3.410856 96.311340 0.999992 -0.003911 0.000000 0.295109 0.995850 1 28 1.000000
 29 -45.007427 6.542839 103.429855 0.992211 -0.050927 -0.113679 0.295109 0.956008 1 28 1.000000
MarioHand_alb.png
 29 -48.421810 3.410856 96.311340 0.999992 -0.003911 0.000000 0.295109 0.995850 1 28 1.000000
 29 -44.998104 9.216146 101.776711 0.993510 -0.082220 -0.078596 0.295109 0.956008 1 28 1.000000
 29 -45.007427 6.542839 103.429855 0.992211 -0.050927 -0.113679 0.295109 0.956008 1 28 1.000000
MarioHand_alb.png
 29 -48.421810 3.410856 96.311340 0.999992 -0.003911 0.000000 0.295109 0.995850 1 28 1.000000
 29 -44.991974 10.972118 99.259933 0.993768 -0.103573 -0.041200 0.295109 0.956008 1 28 1.000000
 29 -44.998104 9.216146 101.776711 0.993510 -0.082220 -0.078596 0.295109 0.956008 1 28 1.000000
MarioHand_alb.png
 29 -48.421810 3.410856 96.311340 0.999992 -0.003911 0.000000 0.295109 0.995850 1 28 1.000000
 29 -44.989704 11.620771 96.311340 0.994601 -0.103771 0.000000 0.295109 0.956008 1 28 1.000000
 29 -44.991974 10.972118 99.259933 0.993768 -0.103573 -0.041200 0.295109 0.956008 1 28 1.000000
MarioHand_alb.png
 29 -44.989704 11.620771 96.311340 0.994601 -0.103771 0.000000 0.295109 0.956008 1 28 1.000000
 29 -48.421810 3.410856 96.311340 0.999992 -0.003911 0.000000 0.295109 0.995850 1 28 1.000000
 29 -44.991974 10.972118 93.362747 0.993780 -0.103765 0.040438 0.295109 0.956008 1 28 1.000000
MarioHand_alb.png
 29 -48.421810 3.410856 96.311340 0.999992 -0.003911 0.000000 0.295109 0.995850 1 28 1.000000
 29 -44.998104 9.216146 90.845978 0.993518 -0.082125 0.078596 0.295109 0.956008 1 28 1.000000
 29 -44.991974 10.972118 93.362747 0.993780 -0.103765 0.040438 0.295109 0.956008 1 28 1.000000
MarioHand_alb.png
 29 -48.421810 3.410856 96.311340 0.999992 -0.003911 0.000000 0.295109 0.995850 1 28 1.000000
 29 -45.007427 6.542840 89.192810 0.992216 -0.050832 0.113680 0.295109 0.956008 1 28 1.000000
 29 -44.998104 9.216146 90.845978 0.993518 -0.082125 0.078596 0.295109 0.956008 1 28 1.000000
MarioHand_alb.png
 29 -48.421810 3.410856 96.311340 0.999992 -0.003911 0.000000 0.295109 0.995850 1 28 1.000000
 29 -45.018364 3.410862 88.582138 0.992422 -0.003909 0.122813 0.295109 0.956008 1 28 1.000000
 29 -45.007427 6.542840 89.192810 0.992216 -0.050832 0.113680 0.295109 0.956008 1 28 1.000000
MarioHand_alb.png
 29 -62.088348 -10.534649 87.961067 -0.122407 0.044997 -0.991459 0.689021 0.120623 1 28 1.000000
 29 -60.916687 -9.848570 87.817764 -0.239955 -0.023461 -0.970501 0.678325 0.134173 1 28 1.000000
 29 -59.989849 -11.586143 88.382637 0.164403 -0.469655 -0.867408 0.699260 0.148775 1 28 1.000000
MarioHand_alb.png
 29 -61.209450 -12.231766 88.557991 0.160193 -0.490399 -0.856649 0.709712 0.134325 1 28 1.000000
 29 -62.088348 -10.534649 87.961067 -0.122407 0.044997 -0.991459 0.689021 0.120623 1 28 1.000000
 29 -59.989849 -11.586143 88.382637 0.164403 -0.469655 -0.867408 0.699260 0.148775 1 28 1.000000
MarioHand_alb.png
 29 -63.291458 -11.255011 88.051910 -0.096117 0.052826 -0.993967 0.699947 0.105364 1 28 1.000000
 29 -62.088348 -10.534649 87.961067 -0.122407 0.044997 -0.991459 0.689021 0.120623 1 28 1.000000
 29 -61.209450 -12.231766 88.557991 0.160193 -0.490399 -0.856649 0.709712 0.134325 1 28 1.000000
MarioHand_alb.png
 29 -61.209450 -12.231766 88.557991 0.160193 -0.490399 -0.856649 0.709712 0.134325 1 28 1.000000
 29 -59.989849 -11.586143 88.382637 0.164403 -0.469655 -0.867408 0.699260 0.148775 1 28 1.000000
 29 -59.317169 -12.878754 89.820702 0.381477 -0.782981 -0.491342 0.721340 0.163119 1 28 1.000000
MarioHand_alb.png
 29 -62.543594 -12.789753 88.645897 0.182753 -0.481968 -0.856918 0.718654 0.117357 1 28 1.000000
 29 -63.291458 -11.255011 88.051910 -0.096117 0.052826 -0.993967 0.699947 0.105364 1 28 1.000000
 29 -61.209450 -12.231766 88.557991 0.160193 -0.490399 -0.856649 0.709712 0.134325 1 28 1.000000
MarioHand_alb.png
 29 -64.602859 -12.001459 88.098625 -0.093110 0.062582 -0.993687 0.710704 0.088212 1 28 1.000000
 29 -63.291458 -11.255011 88.051910 -0.096117 0.052826 -0.993967 0.699947 0.105364 1 28 1.000000
 29 -62.543594 -12.789753 88.645897 0.182753 -0.481968 -0.856918 0.718654 0.117357 1 28 1.000000
MarioHand_alb.png
 29 -61.209450 -12.231766 88.557991 0.160193 -0.490399 -0.856649 0.709712 0.134325 1 28 1.000000
 29 -59.317169 -12.878754 89.820702 0.381477 -0.782981 -0.491342 0.721340 0.163119 1 28 1.000000
 29 -60.614071 -13.453045 89.830460 0.329980 -0.792618 -0.512708 0.729671 0.146929 1 28 1.000000
MarioHand_alb.png
 29 -63.862118 -13.468412 88.695816 0.210941 -0.489589 -0.846053 0.728145 0.100252 1 28 1.000000
 29 -64.602859 -12.001459 88.098625 -0.093110 0.062582 -0.993687 0.710704 0.088212 1 28 1.000000
 29 -62.543594 -12.789753 88.645897 0.182753 -0.481968 -0.856918 0.718654 0.117357 1 28 1.000000
MarioHand_alb.png
 29 -62.543594 -12.789753 88.645897 0.182753 -0.481968 -0.856918 0.718654 0.117357 1 28 1.000000
 29 -61.209450 -12.231766 88.557991 0.160193 -0.490399 -0.856649 0.709712 0.134325 1 28 1.000000
 29 -61.927963 -14.008963 89.894745 0.318542 -0.795306 -0.515771 0.737987 0.130220 1 28 1.000000
MarioHand_alb.png
 29 -61.927963 -14.008963 89.894745 0.318542 -0.795306 -0.515771 0.737987 0.130220 1 28 1.000000
 29 -61.209450 -12.231766 88.557991 0.160193 -0.490399 -0.856649 0.709712 0.134325 1 28 1.000000
 29 -60.614071 -13.453045 89.830460 0.329980 -0.792618 -0.512708 0.729671 0.146929 1 28 1.000000
MarioHand_alb.png
 29 -63.862118 -13.468412 88.695816 0.210941 -0.489589 -0.846053 0.728145 0.100252 1 28 1.000000
 29 -62.543594 -12.789753 88.645897 0.182753 -0.481968 -0.856918 0.718654 0.117357 1 28 1.000000
 29 -61.927963 -14.008963 89.894745 0.318542 -0.795306 -0.515771 0.737987 0.130220 1 28 1.000000
MarioHand_alb.png
 29 -66.026611 -12.782288 88.199104 -0.176988 0.041195 -0.983351 0.723568 0.069093 1 28 1.000000
 29 -64.602859 -12.001459 88.098625 -0.093110 0.062582 -0.993687 0.710704 0.088212 1 28 1.000000
 29 -63.862118 -13.468412 88.695816 0.210941 -0.489589 -0.846053 0.728145 0.100252 1 28 1.000000
MarioHand_alb.png
 29 -60.614071 -13.453045 89.830460 0.329980 -0.792618 -0.512708 0.729671 0.146929 1 28 1.000000
 29 -59.317169 -12.878754 89.820702 0.381477 -0.782981 -0.491342 0.721340 0.163119 1 28 1.000000
 29 -60.348618 -13.927204 91.722221 0.401313 -0.915925 -0.005341 0.751705 0.159503 1 28 1.000000
MarioHand_alb.png
 29 -59.317169 -12.878754 89.820702 0.381477 -0.782981 -0.491342 0.721340 0.163119 1 28 1.000000
 29 -59.106956 -13.283184 91.794815 0.470330 -0.882489 -0.001526 0.745403 0.176287 1 28 1.000000
 29 -60.348618 -13.927204 91.722221 0.401313 -0.915925 -0.005341 0.751705 0.159503 1 28 1.000000
MarioHand_alb.png
 29 -61.927963 -14.008963 89.894745 0.318542 -0.795306 -0.515771 0.737987 0.130220 1 28 1.000000
 29 -60.614071 -13.453045 89.830460 0.329980 -0.792618 -0.512708 0.729671 0.146929 1 28 1.000000
 29 -61.667191 -14.441479 91.669044 0.369250 -0.929322 -0.003815 0.758114 0.142000 1 28 1.000000
MarioHand_alb.png
 29 -60.614071 -13.453045 89.830460 0.329980 -0.792618 -0.512708 0.729671 0.146929 1 28 1.000000
 29 -60.348618 -13.927204 91.722221 0.401313 -0.915925 -0.005341 0.751705 0.159503 1 28 1.000000
 29 -61.667191 -14.441479 91.669044 0.369250 -0.929322 -0.003815 0.758114 0.142000 1 28 1.000000
MarioHand_alb.png
 29 -60.348618 -13.927204 91.722221 0.401313 -0.915925 -0.005341 0.751705 0.159503 1 28 1.000000
 29 -59.106956 -13.283184 91.794815 0.470330 -0.882489 -0.001526 0.745403 0.176287 1 28 1.000000
 29 -60.599438 -13.484924 93.637329 0.327315 -0.782619 0.529503 0.775662 0.169375 1 28 1.000000
MarioHand_alb.png
 29 -60.599438 -13.484924 93.637329 0.327315 -0.782619 0.529503 0.775662 0.169375 1 28 1.000000
 29 -59.106956 -13.283184 91.794815 0.470330 -0.882489 -0.001526 0.745403 0.176287 1 28 1.000000
 29 -59.326569 -12.878754 93.666687 0.344098 -0.801973 0.488299 0.770260 0.186221 1 28 1.000000
MarioHand_alb.png
 29 -60.599438 -13.484924 93.637329 0.327315 -0.782619 0.529503 0.775662 0.169375 1 28 1.000000
 29 -59.326569 -12.878754 93.666687 0.344098 -0.801973 0.488299 0.770260 0.186221 1 28 1.000000
 29 -60.093021 -11.537613 94.989830 0.081641 -0.483836 0.871343 0.798184 0.193179 1 28 1.000000
MarioHand_alb.png
 29 -61.667191 -14.441479 91.669044 0.369250 -0.929322 -0.003815 0.758114 0.142000 1 28 1.000000
 29 -60.348618 -13.927204 91.722221 0.401313 -0.915925 -0.005341 0.751705 0.159503 1 28 1.000000
 29 -61.916828 -14.009880 93.540939 0.303667 -0.799128 0.518827 0.780621 0.151446 1 28 1.000000
MarioHand_alb.png
 29 -61.916828 -14.009880 93.540939 0.303667 -0.799128 0.518827 0.780621 0.151446 1 28 1.000000
 29 -60.348618 -13.927204 91.722221 0.401313 -0.915925 -0.005341 0.751705 0.159503 1 28 1.000000
 29 -60.599438 -13.484924 93.637329 0.327315 -0.782619 0.529503 0.775662 0.169375 1 28 1.000000
MarioHand_alb.png
 29 -61.309547 -12.109976 94.962570 0.161729 -0.453338 0.876543 0.801846 0.176150 1 28 1.000000
 29 -60.599438 -13.484924 93.637329 0.327315 -0.782619 0.529503 0.775662 0.169375 1 28 1.000000
 29 -60.093021 -11.537613 94.989830 0.081641 -0.483836 0.871343 0.798184 0.193179 1 28 1.000000
MarioHand_alb.png
 29 -61.916828 -14.009880 93.540939 0.303667 -0.799128 0.518827 0.780621 0.151446 1 28 1.000000
 29 -60.599438 -13.484924 93.637329 0.327315 -0.782619 0.529503 0.775662 0.169375 1 28 1.000000
 29 -61.309547 -12.109976 94.962570 0.161729 -0.453338 0.876543 0.801846 0.176150 1 28 1.000000
MarioHand_alb.png
 29 -61.309547 -12.109976 94.962570 0.161729 -0.453338 0.876543 0.801846 0.176150 1 28 1.000000
 29 -60.093021 -11.537613 94.989830 0.081641 -0.483836 0.871343 0.798184 0.193179 1 28 1.000000
 29 -60.947701 -9.867025 95.584892 -0.415046 -0.681507 0.602732 0.825513 0.197269 1 28 1.000000
MarioHand_alb.png
 29 -63.059082 -15.006790 91.661667 0.395577 -0.918371 0.010681 0.765164 0.123995 1 28 1.000000
 29 -61.667191 -14.441479 91.669044 0.369250 -0.929322 -0.003815 0.758114 0.142000 1 28 1.000000
 29 -61.916828 -14.009880 93.540939 0.303667 -0.799128 0.518827 0.780621 0.151446 1 28 1.000000
MarioHand_alb.png
 29 -61.927963 -14.008963 89.894745 0.318542 -0.795306 -0.515771 0.737987 0.130220 1 28 1.000000
 29 -61.667191 -14.441479 91.669044 0.369250 -0.929322 -0.003815 0.758114 0.142000 1 28 1.000000
 29 -63.059082 -15.006790 91.661667 0.395577 -0.918371 0.010681 0.765164 0.123995 1 28 1.000000
MarioHand_alb.png
 29 -61.309547 -12.109976 94.962570 0.161729 -0.453338 0.876543 0.801846 0.176150 1 28 1.000000
 29 -60.947701 -9.867025 95.584892 -0.415046 -0.681507 0.602732 0.825513 0.197269 1 28 1.000000
 29 -62.228851 -10.425646 95.480591 -0.074411 0.031482 0.996731 0.828428 0.179232 1 28 1.000000
MarioHand_alb.png
 29 -62.228851 -10.425646 95.480591 -0.074411 0.031482 0.996731 0.828428 0.179232 1 28 1.000000
 29 -60.947701 -9.867025 95.584892 -0.415046 -0.681507 0.602732 0.825513 0.197269 1 28 1.000000
 29 -63.080509 -7.820971 94.589767 -0.932360 -0.021554 0.360889 0.869474 0.183352 1 28 1.000000
MarioHand_alb.png
 29 -61.916828 -14.009880 93.540939 0.303667 -0.799128 0.518827 0.780621 0.151446 1 28 1.000000
 29 -61.309547 -12.109976 94.962570 0.161729 -0.453338 0.876543 0.801846 0.176150 1 28 1.000000
 29 -62.628288 -12.715269 94.887733 0.162849 -0.463376 0.871070 0.805219 0.157504 1 28 1.000000
MarioHand_alb.png
 29 -62.628288 -12.715269 94.887733 0.162849 -0.463376 0.871070 0.805219 0.157504 1 28 1.000000
 29 -61.309547 -12.109976 94.962570 0.161729 -0.453338 0.876543 0.801846 0.176150 1 28 1.000000
 29 -62.228851 -10.425646 95.480591 -0.074411 0.031482 0.996731 0.828428 0.179232 1 28 1.000000
MarioHand_alb.png
 29 -63.059082 -15.006790 91.661667 0.395577 -0.918371 0.010681 0.765164 0.123995 1 28 1.000000
 29 -61.916828 -14.009880 93.540939 0.303667 -0.799128 0.518827 0.780621 0.151446 1 28 1.000000
 29 -63.299297 -14.563257 93.478577 0.329980 -0.792618 0.512708 0.785992 0.132738 1 28 1.000000
MarioHand_alb.png
 29 -63.299297 -14.563257 93.478577 0.329980 -0.792618 0.512708 0.785992 0.132738 1 28 1.000000
 29 -61.916828 -14.009880 93.540939 0.303667 -0.799128 0.518827 0.780621 0.151446 1 28 1.000000
 29 -62.628288 -12.715269 94.887733 0.162849 -0.463376 0.871070 0.805219 0.157504 1 28 1.000000
MarioHand_alb.png
 29 -63.287621 -14.602154 89.962135 0.348645 -0.788076 -0.507329 0.746456 0.112993 1 28 1.000000
 29 -61.927963 -14.008963 89.894745 0.318542 -0.795306 -0.515771 0.737987 0.130220 1 28 1.000000
 29 -63.059082 -15.006790 91.661667 0.395577 -0.918371 0.010681 0.765164 0.123995 1 28 1.000000
MarioHand_alb.png
 29 -63.862118 -13.468412 88.695816 0.210941 -0.489589 -0.846053 0.728145 0.100252 1 28 1.000000
 29 -61.927963 -14.008963 89.894745 0.318542 -0.795306 -0.515771 0.737987 0.130220 1 28 1.000000
 29 -63.287621 -14.602154 89.962135 0.348645 -0.788076 -0.507329 0.746456 0.112993 1 28 1.000000
MarioHand_alb.png
 29 -64.526161 -15.689304 91.677124 0.348664 -0.937083 0.017548 0.773022 0.105165 1 28 1.000000
 29 -63.059082 -15.006790 91.661667 0.395577 -0.918371 0.010681 0.765164 0.123995 1 28 1.000000
 29 -63.299297 -14.563257 93.478577 0.329980 -0.792618 0.512708 0.785992 0.132738 1 28 1.000000
MarioHand_alb.png
 29 -63.287621 -14.602154 89.962135 0.348645 -0.788076 -0.507329 0.746456 0.112993 1 28 1.000000
 29 -63.059082 -15.006790 91.661667 0.395577 -0.918371 0.010681 0.765164 0.123995 1 28 1.000000
 29 -64.526161 -15.689304 91.677124 0.348664 -0.937083 0.017548 0.773022 0.105165 1 28 1.000000
MarioHand_alb.png
 29 -63.862118 -13.468412 88.695816 0.210941 -0.489589 -0.846053 0.728145 0.100252 1 28 1.000000
 29 -63.287621 -14.602154 89.962135 0.348645 -0.788076 -0.507329 0.746456 0.112993 1 28 1.000000
 29 -64.739487 -15.284056 89.967316 0.289893 -0.815323 -0.501209 0.755428 0.094514 1 28 1.000000
MarioHand_alb.png
 29 -64.739487 -15.284056 89.967316 0.289893 -0.815323 -0.501209 0.755428 0.094514 1 28 1.000000
 29 -63.287621 -14.602154 89.962135 0.348645 -0.788076 -0.507329 0.746456 0.112993 1 28 1.000000
 29 -64.526161 -15.689304 91.677124 0.348664 -0.937083 0.017548 0.773022 0.105165 1 28 1.000000
MarioHand_alb.png
 29 -63.862118 -13.468412 88.695816 0.210941 -0.489589 -0.846053 0.728145 0.100252 1 28 1.000000
 29 -64.739487 -15.284056 89.967316 0.289893 -0.815323 -0.501209 0.755428 0.094514 1 28 1.000000
 29 -65.316772 -14.159163 88.717712 0.142681 -0.520936 -0.841586 0.738872 0.081651 1 28 1.000000
MarioHand_alb.png
 29 -66.026611 -12.782288 88.199104 -0.176988 0.041195 -0.983351 0.723568 0.069093 1 28 1.000000
 29 -63.862118 -13.468412 88.695816 0.210941 -0.489589 -0.846053 0.728145 0.100252 1 28 1.000000
 29 -65.316772 -14.159163 88.717712 0.142681 -0.520936 -0.841586 0.738872 0.081651 1 28 1.000000
MarioHand_alb.png
 29 -64.739487 -15.284056 89.967316 0.289893 -0.815323 -0.501209 0.755428 0.094514 1 28 1.000000
 29 -64.526161 -15.689304 91.677124 0.348664 -0.937083 0.017548 0.773022 0.105165 1 28 1.000000
 29 -66.341576 -16.238958 91.696243 0.177770 -0.983840 0.021363 0.782650 0.083970 1 28 1.000000
MarioHand_alb.png
 29 -66.026611 -12.782288 88.199104 -0.176988 0.041195 -0.983351 0.723568 0.069093 1 28 1.000000
 29 -65.316772 -14.159163 88.717712 0.142681 -0.520936 -0.841586 0.738872 0.081651 1 28 1.000000
 29 -67.086777 -14.804188 88.982887 -0.048065 -0.577730 -0.814811 0.754055 0.061204 1 28 1.000000
MarioHand_alb.png
 29 -67.713440 -13.624931 88.566193 -0.386183 -0.029383 -0.921954 0.744121 0.048646 1 28 1.000000
 29 -66.026611 -12.782288 88.199104 -0.176988 0.041195 -0.983351 0.723568 0.069093 1 28 1.000000
 29 -67.086777 -14.804188 88.982887 -0.048065 -0.577730 -0.814811 0.754055 0.061204 1 28 1.000000
MarioHand_alb.png
 29 -67.713440 -13.624931 88.566193 -0.386183 -0.029383 -0.921954 0.744121 0.048646 1 28 1.000000
 29 -67.086777 -14.804188 88.982887 -0.048065 -0.577730 -0.814811 0.754055 0.061204 1 28 1.000000
 29 -68.920349 -14.406242 89.767792 -0.729471 -0.262106 -0.631801 0.771634 0.040482 1 28 1.000000
MarioHand_alb.png
 29 -65.316772 -14.159163 88.717712 0.142681 -0.520936 -0.841586 0.738872 0.081651 1 28 1.000000
 29 -64.739487 -15.284056 89.967316 0.289893 -0.815323 -0.501209 0.755428 0.094514 1 28 1.000000
 29 -66.554047 -15.834478 90.096756 0.108337 -0.865075 -0.489805 0.767269 0.073930 1 28 1.000000
MarioHand_alb.png
 29 -67.086777 -14.804188 88.982887 -0.048065 -0.577730 -0.814811 0.754055 0.061204 1 28 1.000000
 29 -65.316772 -14.159163 88.717712 0.142681 -0.520936 -0.841586 0.738872 0.081651 1 28 1.000000
 29 -66.554047 -15.834478 90.096756 0.108337 -0.865075 -0.489805 0.767269 0.073930 1 28 1.000000
MarioHand_alb.png
 29 -66.554047 -15.834478 90.096756 0.108337 -0.865075 -0.489805 0.767269 0.073930 1 28 1.000000
 29 -64.739487 -15.284056 89.967316 0.289893 -0.815323 -0.501209 0.755428 0.094514 1 28 1.000000
 29 -66.341576 -16.238958 91.696243 0.177770 -0.983840 0.021363 0.782650 0.083970 1 28 1.000000
MarioHand_alb.png
 29 -67.086777 -14.804188 88.982887 -0.048065 -0.577730 -0.814811 0.754055 0.061204 1 28 1.000000
 29 -68.331055 -15.491312 90.321686 -0.496687 -0.758478 -0.421917 0.778744 0.054658 1 28 1.000000
 29 -68.920349 -14.406242 89.767792 -0.729471 -0.262106 -0.631801 0.771634 0.040482 1 28 1.000000
MarioHand_alb.png
 29 -67.086777 -14.804188 88.982887 -0.048065 -0.577730 -0.814811 0.754055 0.061204 1 28 1.000000
 29 -66.554047 -15.834478 90.096756 0.108337 -0.865075 -0.489805 0.767269 0.073930 1 28 1.000000
 29 -68.331055 -15.491312 90.321686 -0.496687 -0.758478 -0.421917 0.778744 0.054658 1 28 1.000000
MarioHand_alb.png
 29 -68.920349 -14.406242 89.767792 -0.729471 -0.262106 -0.631801 0.771634 0.040482 1 28 1.000000
 29 -68.331055 -15.491312 90.321686 -0.496687 -0.758478 -0.421917 0.778744 0.054658 1 28 1.000000
 29 -69.396194 -14.706383 91.691650 -0.888750 -0.458393 0.000763 0.802533 0.046403 1 28 1.000000
MarioHand_alb.png
 29 -68.331055 -15.491312 90.321686 -0.496687 -0.758478 -0.421917 0.778744 0.054658 1 28 1.000000
 29 -66.554047 -15.834478 90.096756 0.108337 -0.865075 -0.489805 0.767269 0.073930 1 28 1.000000
 29 -68.033318 -16.047367 91.690125 -0.392918 -0.919542 0.007629 0.792569 0.065644 1 28 1.000000
MarioHand_alb.png
 29 -68.331055 -15.491312 90.321686 -0.496687 -0.758478 -0.421917 0.778744 0.054658 1 28 1.000000
 29 -68.033318 -16.047367 91.690125 -0.392918 -0.919542 0.007629 0.792569 0.065644 1 28 1.000000
 29 -69.396194 -14.706383 91.691650 -0.888750 -0.458393 0.000763 0.802533 0.046403 1 28 1.000000
MarioHand_alb.png
 29 -66.554047 -15.834478 90.096756 0.108337 -0.865075 -0.489805 0.767269 0.073930 1 28 1.000000
 29 -66.341576 -16.238958 91.696243 0.177770 -0.983840 0.021363 0.782650 0.083970 1 28 1.000000
 29 -68.033318 -16.047367 91.690125 -0.392918 -0.919542 0.007629 0.792569 0.065644 1 28 1.000000
MarioHand_alb.png
 29 -69.396194 -14.706383 91.691650 -0.888750 -0.458393 0.000763 0.802533 0.046403 1 28 1.000000
 29 -68.033318 -16.047367 91.690125 -0.392918 -0.919542 0.007629 0.792569 0.065644 1 28 1.000000
 29 -68.342888 -15.470476 93.090660 -0.490616 -0.767399 0.412789 0.811292 0.068940 1 28 1.000000
MarioHand_alb.png
 29 -69.396194 -14.706383 91.691650 -0.888750 -0.458393 0.000763 0.802533 0.046403 1 28 1.000000
 29 -68.342888 -15.470476 93.090660 -0.490616 -0.767399 0.412789 0.811292 0.068940 1 28 1.000000
 29 -68.892426 -14.469168 93.604195 -0.731765 -0.342800 0.589074 0.828031 0.066392 1 28 1.000000
MarioHand_alb.png
 29 -68.033318 -16.047367 91.690125 -0.392918 -0.919542 0.007629 0.792569 0.065644 1 28 1.000000
 29 -66.341576 -16.238958 91.696243 0.177770 -0.983840 0.021363 0.782650 0.083970 1 28 1.000000
 29 -66.580276 -15.774435 93.340042 0.119020 -0.857075 0.501256 0.799893 0.089937 1 28 1.000000
MarioHand_alb.png
 29 -68.033318 -16.047367 91.690125 -0.392918 -0.919542 0.007629 0.792569 0.065644 1 28 1.000000
 29 -66.580276 -15.774435 93.340042 0.119020 -0.857075 0.501256 0.799893 0.089937 1 28 1.000000
 29 -68.342888 -15.470476 93.090660 -0.490616 -0.767399 0.412789 0.811292 0.068940 1 28 1.000000
MarioHand_alb.png
 29 -66.341576 -16.238958 91.696243 0.177770 -0.983840 0.021363 0.782650 0.083970 1 28 1.000000
 29 -64.526161 -15.689304 91.677124 0.348664 -0.937083 0.017548 0.773022 0.105165 1 28 1.000000
 29 -64.773956 -15.220390 93.428993 0.288367 -0.812082 0.507313 0.791897 0.112734 1 28 1.000000
MarioHand_alb.png
 29 -66.341576 -16.238958 91.696243 0.177770 -0.983840 0.021363 0.782650 0.083970 1 28 1.000000
 29 -64.773956 -15.220390 93.428993 0.288367 -0.812082 0.507313 0.791897 0.112734 1 28 1.000000
 29 -66.580276 -15.774435 93.340042 0.119020 -0.857075 0.501256 0.799893 0.089937 1 28 1.000000
MarioHand_alb.png
 29 -64.526161 -15.689304 91.677124 0.348664 -0.937083 0.017548 0.773022 0.105165 1 28 1.000000
 29 -63.299297 -14.563257 93.478577 0.329980 -0.792618 0.512708 0.785992 0.132738 1 28 1.000000
 29 -64.773956 -15.220390 93.428993 0.288367 -0.812082 0.507313 0.791897 0.112734 1 28 1.000000
MarioHand_alb.png
 29 -68.342888 -15.470476 93.090660 -0.490616 -0.767399 0.412789 0.811292 0.068940 1 28 1.000000
 29 -66.580276 -15.774435 93.340042 0.119020 -0.857075 0.501256 0.799893 0.089937 1 28 1.000000
 29 -67.139496 -14.770554 94.468018 -0.042727 -0.566044 0.823267 0.816175 0.092271 1 28 1.000000
MarioHand_alb.png
 29 -68.342888 -15.470476 93.090660 -0.490616 -0.767399 0.412789 0.811292 0.068940 1 28 1.000000
 29 -67.139496 -14.770554 94.468018 -0.042727 -0.566044 0.823267 0.816175 0.092271 1 28 1.000000
 29 -68.892426 -14.469168 93.604195 -0.731765 -0.342800 0.589074 0.828031 0.066392 1 28 1.000000
MarioHand_alb.png
 29 -66.580276 -15.774435 93.340042 0.119020 -0.857075 0.501256 0.799893 0.089937 1 28 1.000000
 29 -64.773956 -15.220390 93.428993 0.288367 -0.812082 0.507313 0.791897 0.112734 1 28 1.000000
 29 -65.385437 -14.020025 94.792770 0.125120 -0.500291 0.856770 0.811978 0.117830 1 28 1.000000
MarioHand_alb.png
 29 -66.580276 -15.774435 93.340042 0.119020 -0.857075 0.501256 0.799893 0.089937 1 28 1.000000
 29 -65.385437 -14.020025 94.792770 0.125120 -0.500291 0.856770 0.811978 0.117830 1 28 1.000000
 29 -67.139496 -14.770554 94.468018 -0.042727 -0.566044 0.823267 0.816175 0.092271 1 28 1.000000
MarioHand_alb.png
 29 -64.773956 -15.220390 93.428993 0.288367 -0.812082 0.507313 0.791897 0.112734 1 28 1.000000
 29 -63.299297 -14.563257 93.478577 0.329980 -0.792618 0.512708 0.785992 0.132738 1 28 1.000000
 29 -63.970367 -13.340446 94.846016 0.180084 -0.471959 0.863032 0.808530 0.138399 1 28 1.000000
MarioHand_alb.png
 29 -64.773956 -15.220390 93.428993 0.288367 -0.812082 0.507313 0.791897 0.112734 1 28 1.000000
 29 -63.970367 -13.340446 94.846016 0.180084 -0.471959 0.863032 0.808530 0.138399 1 28 1.000000
 29 -65.385437 -14.020025 94.792770 0.125120 -0.500291 0.856770 0.811978 0.117830 1 28 1.000000
MarioHand_alb.png
 29 -63.299297 -14.563257 93.478577 0.329980 -0.792618 0.512708 0.785992 0.132738 1 28 1.000000
 29 -62.628288 -12.715269 94.887733 0.162849 -0.463376 0.871070 0.805219 0.157504 1 28 1.000000
 29 -63.970367 -13.340446 94.846016 0.180084 -0.471959 0.863032 0.808530 0.138399 1 28 1.000000
MarioHand_alb.png
 29 -67.139496 -14.770554 94.468018 -0.042727 -0.566044 0.823267 0.816175 0.092271 1 28 1.000000
 29 -65.385437 -14.020025 94.792770 0.125120 -0.500291 0.856770 0.811978 0.117830 1 28 1.000000
 29 -67.778282 -13.639898 94.766983 -0.382327 -0.050939 0.922622 0.829511 0.093034 1 28 1.000000
MarioHand_alb.png
 29 -67.139496 -14.770554 94.468018 -0.042727 -0.566044 0.823267 0.816175 0.092271 1 28 1.000000
 29 -67.778282 -13.639898 94.766983 -0.382327 -0.050939 0.922622 0.829511 0.093034 1 28 1.000000
 29 -68.892426 -14.469168 93.604195 -0.731765 -0.342800 0.589074 0.828031 0.066392 1 28 1.000000
MarioHand_alb.png
 29 -65.385437 -14.020025 94.792770 0.125120 -0.500291 0.856770 0.811978 0.117830 1 28 1.000000
 29 -66.173935 -12.561970 95.216652 -0.215113 0.043099 0.975638 0.830228 0.119783 1 28 1.000000
 29 -67.778282 -13.639898 94.766983 -0.382327 -0.050939 0.922622 0.829511 0.093034 1 28 1.000000
MarioHand_alb.png
 29 -65.385437 -14.020025 94.792770 0.125120 -0.500291 0.856770 0.811978 0.117830 1 28 1.000000
 29 -63.970367 -13.340446 94.846016 0.180084 -0.471959 0.863032 0.808530 0.138399 1 28 1.000000
 29 -66.173935 -12.561970 95.216652 -0.215113 0.043099 0.975638 0.830228 0.119783 1 28 1.000000
MarioHand_alb.png
 29 -67.778282 -13.639898 94.766983 -0.382327 -0.050939 0.922622 0.829511 0.093034 1 28 1.000000
 29 -68.803886 -11.723276 93.853447 -0.700207 0.379279 0.604863 0.852766 0.093965 1 28 1.000000
 29 -68.892426 -14.469168 93.604195 -0.731765 -0.342800 0.589074 0.828031 0.066392 1 28 1.000000
MarioHand_alb.png
 29 -67.778282 -13.639898 94.766983 -0.382327 -0.050939 0.922622 0.829511 0.093034 1 28 1.000000
 29 -66.173935 -12.561970 95.216652 -0.215113 0.043099 0.975638 0.830228 0.119783 1 28 1.000000
 29 -68.803886 -11.723276 93.853447 -0.700207 0.379279 0.604863 0.852766 0.093965 1 28 1.000000
MarioHand_alb.png
 29 -68.892426 -14.469168 93.604195 -0.731765 -0.342800 0.589074 0.828031 0.066392 1 28 1.000000
 29 -68.803886 -11.723276 93.853447 -0.700207 0.379279 0.604863 0.852766 0.093965 1 28 1.000000
 29 -69.449509 -13.294071 93.082230 -0.934716 0.072393 0.347943 0.846128 0.070695 1 28 1.000000
MarioHand_alb.png
 29 -68.892426 -14.469168 93.604195 -0.731765 -0.342800 0.589074 0.828031 0.066392 1 28 1.000000
 29 -69.449509 -13.294071 93.082230 -0.934716 0.072393 0.347943 0.846128 0.070695 1 28 1.000000
 29 -69.396194 -14.706383 91.691650 -0.888750 -0.458393 0.000763 0.853178 0.046799 1 28 1.000000
MarioHand_alb.png
 29 -69.449509 -13.294071 93.082230 -0.934716 0.072393 0.347943 0.846128 0.070695 1 28 1.000000
 29 -68.803886 -11.723276 93.853447 -0.700207 0.379279 0.604863 0.852766 0.093965 1 28 1.000000
 29 -69.716248 -12.785313 91.690941 -0.979399 0.201467 -0.013730 0.864485 0.066621 1 28 1.000000
MarioHand_alb.png
 29 -69.449509 -13.294071 93.082230 -0.934716 0.072393 0.347943 0.846128 0.070695 1 28 1.000000
 29 -69.716248 -12.785313 91.690941 -0.979399 0.201467 -0.013730 0.864485 0.066621 1 28 1.000000
 29 -69.396194 -14.706383 91.691650 -0.888750 -0.458393 0.000763 0.853178 0.046799 1 28 1.000000
MarioHand_alb.png
 29 -66.173935 -12.561970 95.216652 -0.215113 0.043099 0.975638 0.830228 0.119783 1 28 1.000000
 29 -67.523544 -10.403967 94.173073 -0.534170 0.529114 0.659318 0.858610 0.116259 1 28 1.000000
 29 -68.803886 -11.723276 93.853447 -0.700207 0.379279 0.604863 0.852766 0.093965 1 28 1.000000
MarioHand_alb.png
 29 -69.396194 -14.706383 91.691650 -0.888750 -0.458393 0.000763 0.853178 0.046799 1 28 1.000000
 29 -69.716248 -12.785313 91.690941 -0.979399 0.201467 -0.013730 0.864485 0.066621 1 28 1.000000
 29 -69.449509 -13.294073 90.299667 -0.884414 0.068391 -0.461665 0.878462 0.054826 1 28 1.000000
MarioHand_alb.png
 29 -69.396194 -14.706383 91.691650 -0.888750 -0.458393 0.000763 0.853178 0.046799 1 28 1.000000
 29 -69.449509 -13.294073 90.299667 -0.884414 0.068391 -0.461665 0.878462 0.054826 1 28 1.000000
 29 -68.920349 -14.406242 89.767792 -0.729471 -0.262106 -0.631801 0.883482 0.040330 1 28 1.000000
MarioHand_alb.png
 29 -69.449509 -13.294073 90.299667 -0.884414 0.068391 -0.461665 0.878462 0.054826 1 28 1.000000
 29 -67.713440 -13.624931 88.566193 -0.386183 -0.029383 -0.921954 0.910689 0.048432 1 28 1.000000
 29 -68.920349 -14.406242 89.767792 -0.729471 -0.262106 -0.631801 0.883482 0.040330 1 28 1.000000
MarioHand_alb.png
 29 -69.449509 -13.294073 90.299667 -0.884414 0.068391 -0.461665 0.878462 0.054826 1 28 1.000000
 29 -68.718918 -11.886238 89.521210 -0.671302 0.373793 -0.640025 0.895399 0.069520 1 28 1.000000
 29 -67.713440 -13.624931 88.566193 -0.386183 -0.029383 -0.921954 0.910689 0.048432 1 28 1.000000
MarioHand_alb.png
 29 -69.716248 -12.785313 91.690941 -0.979399 0.201467 -0.013730 0.864485 0.066621 1 28 1.000000
 29 -68.718918 -11.886238 89.521210 -0.671302 0.373793 -0.640025 0.895399 0.069520 1 28 1.000000
 29 -69.449509 -13.294073 90.299667 -0.884414 0.068391 -0.461665 0.878462 0.054826 1 28 1.000000
MarioHand_alb.png
 29 -68.718918 -11.886238 89.521210 -0.671302 0.373793 -0.640025 0.895399 0.069520 1 28 1.000000
 29 -66.026611 -12.782288 88.199104 -0.176988 0.041195 -0.983351 0.933593 0.066575 1 28 1.000000
 29 -67.713440 -13.624931 88.566193 -0.386183 -0.029383 -0.921954 0.910689 0.048432 1 28 1.000000
MarioHand_alb.png
 29 -68.803886 -11.723276 93.853447 -0.700207 0.379279 0.604863 0.852766 0.093965 1 28 1.000000
 29 -69.165955 -11.033598 91.691658 -0.822449 0.567055 -0.045013 0.875486 0.086549 1 28 1.000000
 29 -69.716248 -12.785313 91.690941 -0.979399 0.201467 -0.013730 0.864485 0.066621 1 28 1.000000
MarioHand_alb.png
 29 -69.716248 -12.785313 91.690941 -0.979399 0.201467 -0.013730 0.864485 0.066621 1 28 1.000000
 29 -69.165955 -11.033598 91.691658 -0.822449 0.567055 -0.045013 0.875486 0.086549 1 28 1.000000
 29 -68.718918 -11.886238 89.521210 -0.671302 0.373793 -0.640025 0.895399 0.069520 1 28 1.000000
MarioHand_alb.png
 29 -68.803886 -11.723276 93.853447 -0.700207 0.379279 0.604863 0.852766 0.093965 1 28 1.000000
 29 -67.523544 -10.403967 94.173073 -0.534170 0.529114 0.659318 0.858610 0.116259 1 28 1.000000
 29 -69.165955 -11.033598 91.691658 -0.822449 0.567055 -0.045013 0.875486 0.086549 1 28 1.000000
MarioHand_alb.png
 29 -68.718918 -11.886238 89.521210 -0.671302 0.373793 -0.640025 0.895399 0.069520 1 28 1.000000
 29 -67.225464 -10.554949 89.204979 -0.480615 0.526769 -0.701087 0.910567 0.090059 1 28 1.000000
 29 -66.026611 -12.782288 88.199104 -0.176988 0.041195 -0.983351 0.933593 0.066575 1 28 1.000000
MarioHand_alb.png
 29 -69.165955 -11.033598 91.691658 -0.822449 0.567055 -0.045013 0.875486 0.086549 1 28 1.000000
 29 -67.225464 -10.554949 89.204979 -0.480615 0.526769 -0.701087 0.910567 0.090059 1 28 1.000000
 29 -68.718918 -11.886238 89.521210 -0.671302 0.373793 -0.640025 0.895399 0.069520 1 28 1.000000
MarioHand_alb.png
 29 -67.225464 -10.554949 89.204979 -0.480615 0.526769 -0.701087 0.910567 0.090059 1 28 1.000000
 29 -64.602859 -12.001459 88.098625 -0.093110 0.062582 -0.993687 0.947860 0.085130 1 28 1.000000
 29 -66.026611 -12.782288 88.199104 -0.176988 0.041195 -0.983351 0.933593 0.066575 1 28 1.000000
MarioHand_alb.png
 29 -67.523544 -10.403967 94.173073 -0.534170 0.529114 0.659318 0.858610 0.116259 1 28 1.000000
 29 -67.734451 -9.611034 91.674057 -0.646242 0.760688 -0.061038 0.885847 0.108125 1 28 1.000000
 29 -69.165955 -11.033598 91.691658 -0.822449 0.567055 -0.045013 0.875486 0.086549 1 28 1.000000
MarioHand_alb.png
 29 -69.165955 -11.033598 91.691658 -0.822449 0.567055 -0.045013 0.875486 0.086549 1 28 1.000000
 29 -67.734451 -9.611034 91.674057 -0.646242 0.760688 -0.061038 0.885847 0.108125 1 28 1.000000
 29 -67.225464 -10.554949 89.204979 -0.480615 0.526769 -0.701087 0.910567 0.090059 1 28 1.000000
MarioHand_alb.png
 29 -67.225464 -10.554949 89.204979 -0.480615 0.526769 -0.701087 0.910567 0.090059 1 28 1.000000
 29 -65.865364 -9.667278 89.120079 -0.387561 0.577336 -0.718666 0.921279 0.108019 1 28 1.000000
 29 -64.602859 -12.001459 88.098625 -0.093110 0.062582 -0.993687 0.947860 0.085130 1 28 1.000000
MarioHand_alb.png
 29 -67.734451 -9.611034 91.674057 -0.646242 0.760688 -0.061038 0.885847 0.108125 1 28 1.000000
 29 -65.865364 -9.667278 89.120079 -0.387561 0.577336 -0.718666 0.921279 0.108019 1 28 1.000000
 29 -67.225464 -10.554949 89.204979 -0.480615 0.526769 -0.701087 0.910567 0.090059 1 28 1.000000
MarioHand_alb.png
 29 -65.865364 -9.667278 89.120079 -0.387561 0.577336 -0.718666 0.921279 0.108019 1 28 1.000000
 29 -63.291458 -11.255011 88.051910 -0.096117 0.052826 -0.993967 0.958816 0.102769 1 28 1.000000
 29 -64.602859 -12.001459 88.098625 -0.093110 0.062582 -0.993687 0.947860 0.085130 1 28 1.000000
MarioHand_alb.png
 29 -66.199310 -9.482527 94.349899 -0.428746 0.607073 0.669058 0.862409 0.136461 1 28 1.000000
 29 -67.734451 -9.611034 91.674057 -0.646242 0.760688 -0.061038 0.885847 0.108125 1 28 1.000000
 29 -67.523544 -10.403967 94.173073 -0.534170 0.529114 0.659318 0.858610 0.116259 1 28 1.000000
MarioHand_alb.png
 29 -66.173935 -12.561970 95.216652 -0.215113 0.043099 0.975638 0.830228 0.119783 1 28 1.000000
 29 -66.199310 -9.482527 94.349899 -0.428746 0.607073 0.669058 0.862409 0.136461 1 28 1.000000
 29 -67.523544 -10.403967 94.173073 -0.534170 0.529114 0.659318 0.858610 0.116259 1 28 1.000000
MarioHand_alb.png
 29 -67.734451 -9.611034 91.674057 -0.646242 0.760688 -0.061038 0.885847 0.108125 1 28 1.000000
 29 -66.382103 -8.687756 91.653625 -0.534060 0.842956 -0.064850 0.893858 0.126696 1 28 1.000000
 29 -65.865364 -9.667278 89.120079 -0.387561 0.577336 -0.718666 0.921279 0.108019 1 28 1.000000
MarioHand_alb.png
 29 -66.199310 -9.482527 94.349899 -0.428746 0.607073 0.669058 0.862409 0.136461 1 28 1.000000
 29 -66.382103 -8.687756 91.653625 -0.534060 0.842956 -0.064850 0.893858 0.126696 1 28 1.000000
 29 -67.734451 -9.611034 91.674057 -0.646242 0.760688 -0.061038 0.885847 0.108125 1 28 1.000000
MarioHand_alb.png
 29 -65.865364 -9.667278 89.120079 -0.387561 0.577336 -0.718666 0.921279 0.108019 1 28 1.000000
 29 -64.584351 -8.901840 89.052025 -0.377610 0.588633 -0.714789 0.930632 0.124849 1 28 1.000000
 29 -63.291458 -11.255011 88.051910 -0.096117 0.052826 -0.993967 0.958816 0.102769 1 28 1.000000
MarioHand_alb.png
 29 -66.382103 -8.687756 91.653625 -0.534060 0.842956 -0.064850 0.893858 0.126696 1 28 1.000000
 29 -64.584351 -8.901840 89.052025 -0.377610 0.588633 -0.714789 0.930632 0.124849 1 28 1.000000
 29 -65.865364 -9.667278 89.120079 -0.387561 0.577336 -0.718666 0.921279 0.108019 1 28 1.000000
MarioHand_alb.png
 29 -64.584351 -8.901840 89.052025 -0.377610 0.588633 -0.714789 0.930632 0.124849 1 28 1.000000
 29 -62.088348 -10.534649 87.961067 -0.122407 0.044997 -0.991459 0.968811 0.119097 1 28 1.000000
 29 -63.291458 -11.255011 88.051910 -0.096117 0.052826 -0.993967 0.958816 0.102769 1 28 1.000000
MarioHand_alb.png
 29 -66.173935 -12.561970 95.216652 -0.215113 0.043099 0.975638 0.830228 0.119783 1 28 1.000000
 29 -64.799995 -11.768791 95.325340 -0.121285 0.058736 0.990878 0.830106 0.140688 1 28 1.000000
 29 -66.199310 -9.482527 94.349899 -0.428746 0.607073 0.669058 0.862409 0.136461 1 28 1.000000
MarioHand_alb.png
 29 -63.970367 -13.340446 94.846016 0.180084 -0.471959 0.863032 0.808530 0.138399 1 28 1.000000
 29 -64.799995 -11.768791 95.325340 -0.121285 0.058736 0.990878 0.830106 0.140688 1 28 1.000000
 29 -66.173935 -12.561970 95.216652 -0.215113 0.043099 0.975638 0.830228 0.119783 1 28 1.000000
MarioHand_alb.png
 29 -64.584351 -8.901840 89.052025 -0.377610 0.588633 -0.714789 0.930632 0.124849 1 28 1.000000
 29 -63.374393 -8.161922 88.983292 -0.408900 0.574920 -0.708709 0.939925 0.141283 1 28 1.000000
 29 -62.088348 -10.534649 87.961067 -0.122407 0.044997 -0.991459 0.968811 0.119097 1 28 1.000000
MarioHand_alb.png
 29 -63.374393 -8.161922 88.983292 -0.408900 0.574920 -0.708709 0.939925 0.141283 1 28 1.000000
 29 -60.916687 -9.848570 87.817764 -0.239955 -0.023461 -0.970501 0.978897 0.133257 1 28 1.000000
 29 -62.088348 -10.534649 87.961067 -0.122407 0.044997 -0.991459 0.968811 0.119097 1 28 1.000000
MarioHand_alb.png
 29 -63.374393 -8.161922 88.983292 -0.408900 0.574920 -0.708709 0.939925 0.141283 1 28 1.000000
 29 -62.195393 -7.419099 88.924774 -0.565659 0.334608 -0.753703 0.949355 0.156390 1 28 1.000000
 29 -60.916687 -9.848570 87.817764 -0.239955 -0.023461 -0.970501 0.978897 0.133257 1 28 1.000000
MarioHand_alb.png
 29 -63.970367 -13.340446 94.846016 0.180084 -0.471959 0.863032 0.808530 0.138399 1 28 1.000000
 29 -63.501358 -11.081898 95.403290 -0.092349 0.031292 0.995235 0.829404 0.160021 1 28 1.000000
 29 -64.799995 -11.768791 95.325340 -0.121285 0.058736 0.990878 0.830106 0.140688 1 28 1.000000
MarioHand_alb.png
 29 -63.970367 -13.340446 94.846016 0.180084 -0.471959 0.863032 0.808530 0.138399 1 28 1.000000
 29 -62.628288 -12.715269 94.887733 0.162849 -0.463376 0.871070 0.805219 0.157504 1 28 1.000000
 29 -63.501358 -11.081898 95.403290 -0.092349 0.031292 0.995235 0.829404 0.160021 1 28 1.000000
MarioHand_alb.png
 29 -62.628288 -12.715269 94.887733 0.162849 -0.463376 0.871070 0.805219 0.157504 1 28 1.000000
 29 -62.228851 -10.425646 95.480591 -0.074411 0.031482 0.996731 0.828428 0.179232 1 28 1.000000
 29 -63.501358 -11.081898 95.403290 -0.092349 0.031292 0.995235 0.829404 0.160021 1 28 1.000000
MarioHand_alb.png
 29 -64.799995 -11.768791 95.325340 -0.121285 0.058736 0.990878 0.830106 0.140688 1 28 1.000000
 29 -65.010223 -8.862991 94.507729 -0.390632 0.619042 0.681318 0.864363 0.154147 1 28 1.000000
 29 -66.199310 -9.482527 94.349899 -0.428746 0.607073 0.669058 0.862409 0.136461 1 28 1.000000
MarioHand_alb.png
 29 -64.799995 -11.768791 95.325340 -0.121285 0.058736 0.990878 0.830106 0.140688 1 28 1.000000
 29 -63.501358 -11.081898 95.403290 -0.092349 0.031292 0.995235 0.829404 0.160021 1 28 1.000000
 29 -65.010223 -8.862991 94.507729 -0.390632 0.619042 0.681318 0.864363 0.154147 1 28 1.000000
MarioHand_alb.png
 29 -66.199310 -9.482527 94.349899 -0.428746 0.607073 0.669058 0.862409 0.136461 1 28 1.000000
 29 -65.010223 -8.862991 94.507729 -0.390632 0.619042 0.681318 0.864363 0.154147 1 28 1.000000
 29 -66.382103 -8.687756 91.653625 -0.534060 0.842956 -0.064850 0.893858 0.126696 1 28 1.000000
MarioHand_alb.png
 29 -63.501358 -11.081898 95.403290 -0.092349 0.031292 0.995235 0.829404 0.160021 1 28 1.000000
 29 -62.228851 -10.425646 95.480591 -0.074411 0.031482 0.996731 0.828428 0.179232 1 28 1.000000
 29 -63.985981 -8.337612 94.623672 -0.385663 0.600619 0.700372 0.866117 0.169467 1 28 1.000000
MarioHand_alb.png
 29 -63.501358 -11.081898 95.403290 -0.092349 0.031292 0.995235 0.829404 0.160021 1 28 1.000000
 29 -63.985981 -8.337612 94.623672 -0.385663 0.600619 0.700372 0.866117 0.169467 1 28 1.000000
 29 -65.010223 -8.862991 94.507729 -0.390632 0.619042 0.681318 0.864363 0.154147 1 28 1.000000
MarioHand_alb.png
 29 -62.228851 -10.425646 95.480591 -0.074411 0.031482 0.996731 0.828428 0.179232 1 28 1.000000
 29 -63.080509 -7.820971 94.589767 -0.932360 -0.021554 0.360889 0.869474 0.183352 1 28 1.000000
 29 -63.985981 -8.337612 94.623672 -0.385663 0.600619 0.700372 0.866117 0.169467 1 28 1.000000
MarioHand_alb.png
 29 -65.010223 -8.862991 94.507729 -0.390632 0.619042 0.681318 0.864363 0.154147 1 28 1.000000
 29 -65.052567 -7.957320 91.668594 -0.502800 0.862352 -0.059512 0.900816 0.144747 1 28 1.000000
 29 -66.382103 -8.687756 91.653625 -0.534060 0.842956 -0.064850 0.893858 0.126696 1 28 1.000000
MarioHand_alb.png
 29 -65.010223 -8.862991 94.507729 -0.390632 0.619042 0.681318 0.864363 0.154147 1 28 1.000000
 29 -63.985981 -8.337612 94.623672 -0.385663 0.600619 0.700372 0.866117 0.169467 1 28 1.000000
 29 -65.052567 -7.957320 91.668594 -0.502800 0.862352 -0.059512 0.900816 0.144747 1 28 1.000000
MarioHand_alb.png
 29 -66.382103 -8.687756 91.653625 -0.534060 0.842956 -0.064850 0.893858 0.126696 1 28 1.000000
 29 -65.052567 -7.957320 91.668594 -0.502800 0.862352 -0.059512 0.900816 0.144747 1 28 1.000000
 29 -64.584351 -8.901840 89.052025 -0.377610 0.588633 -0.714789 0.930632 0.124849 1 28 1.000000
MarioHand_alb.png
 29 -65.052567 -7.957320 91.668594 -0.502800 0.862352 -0.059512 0.900816 0.144747 1 28 1.000000
 29 -63.374393 -8.161922 88.983292 -0.408900 0.574920 -0.708709 0.939925 0.141283 1 28 1.000000
 29 -64.584351 -8.901840 89.052025 -0.377610 0.588633 -0.714789 0.930632 0.124849 1 28 1.000000
MarioHand_alb.png
 29 -63.985981 -8.337612 94.623672 -0.385663 0.600619 0.700372 0.866117 0.169467 1 28 1.000000
 29 -63.080509 -7.820971 94.589767 -0.932360 -0.021554 0.360889 0.869474 0.183352 1 28 1.000000
 29 -63.791641 -7.209184 91.709991 -0.537492 0.841810 -0.049591 0.907774 0.162814 1 28 1.000000
MarioHand_alb.png
 29 -63.985981 -8.337612 94.623672 -0.385663 0.600619 0.700372 0.866117 0.169467 1 28 1.000000
 29 -63.791641 -7.209184 91.709991 -0.537492 0.841810 -0.049591 0.907774 0.162814 1 28 1.000000
 29 -65.052567 -7.957320 91.668594 -0.502800 0.862352 -0.059512 0.900816 0.144747 1 28 1.000000
MarioHand_alb.png
 29 -65.052567 -7.957320 91.668594 -0.502800 0.862352 -0.059512 0.900816 0.144747 1 28 1.000000
 29 -63.791641 -7.209184 91.709991 -0.537492 0.841810 -0.049591 0.907774 0.162814 1 28 1.000000
 29 -63.374393 -8.161922 88.983292 -0.408900 0.574920 -0.708709 0.939925 0.141283 1 28 1.000000
MarioHand_alb.png
 29 -63.791641 -7.209184 91.709991 -0.537492 0.841810 -0.049591 0.907774 0.162814 1 28 1.000000
 29 -62.195393 -7.419099 88.924774 -0.565659 0.334608 -0.753703 0.949355 0.156390 1 28 1.000000
 29 -63.374393 -8.161922 88.983292 -0.408900 0.574920 -0.708709 0.939925 0.141283 1 28 1.000000
MarioHand_alb.png
 29 -63.080509 -7.820971 94.589767 -0.932360 -0.021554 0.360889 0.869474 0.183352 1 28 1.000000
 29 -62.746979 -6.425832 91.670868 -0.827058 0.506325 -0.244150 0.916075 0.178088 1 28 1.000000
 29 -63.791641 -7.209184 91.709991 -0.537492 0.841810 -0.049591 0.907774 0.162814 1 28 1.000000
MarioHand_alb.png
 29 -63.791641 -7.209184 91.709991 -0.537492 0.841810 -0.049591 0.907774 0.162814 1 28 1.000000
 29 -62.746979 -6.425832 91.670868 -0.827058 0.506325 -0.244150 0.916075 0.178088 1 28 1.000000
 29 -62.195393 -7.419099 88.924774 -0.565659 0.334608 -0.753703 0.949355 0.156390 1 28 1.000000
MarioHand_alb.png
 29 -50.563141 -6.706990 92.293106 0.777121 -0.602583 -0.181595 0.196765 0.591791 1 28 1.000000
 29 -49.153858 -2.599454 90.411789 0.308965 -0.635096 -0.707951 0.255116 0.583200 1 28 1.000000
 29 -49.153854 -4.494934 93.128525 0.252534 -0.892451 -0.373841 0.218082 0.565331 1 28 1.000000
MarioHand_alb.png
 29 -50.563141 -6.706990 92.293106 0.777121 -0.602583 -0.181595 0.196765 0.591791 1 28 1.000000
 29 -50.679031 -5.082778 89.322639 0.750230 -0.449203 -0.485151 0.231800 0.612299 1 28 1.000000
 29 -49.153858 -2.599454 90.411789 0.308965 -0.635096 -0.707951 0.255116 0.583200 1 28 1.000000
MarioHand_alb.png
 29 -52.488174 -8.660358 91.074402 0.667550 -0.704456 -0.241081 0.180346 0.625772 1 28 1.000000
 29 -50.679031 -5.082778 89.322639 0.750230 -0.449203 -0.485151 0.231800 0.612299 1 28 1.000000
 29 -50.563141 -6.706990 92.293106 0.777121 -0.602583 -0.181595 0.196765 0.591791 1 28 1.000000
MarioHand_alb.png
 29 -49.153858 -2.599454 90.411789 0.308965 -0.635096 -0.707951 0.255116 0.583200 1 28 1.000000
 29 -50.679031 -5.082778 89.322639 0.750230 -0.449203 -0.485151 0.231800 0.612299 1 28 1.000000
 29 -49.153858 0.286234 88.627304 0.031275 -0.266162 -0.963421 0.296605 0.591165 1 28 1.000000
MarioHand_alb.png
 29 -52.488174 -8.660358 91.074402 0.667550 -0.704456 -0.241081 0.180346 0.625772 1 28 1.000000
 29 -52.825790 -7.086493 88.393120 0.544044 -0.487484 -0.682917 0.213489 0.643076 1 28 1.000000
 29 -50.679031 -5.082778 89.322639 0.750230 -0.449203 -0.485151 0.231800 0.612299 1 28 1.000000
MarioHand_alb.png
 29 -50.948048 -2.743577 87.949966 0.532020 -0.205228 -0.821484 0.263813 0.619120 1 28 1.000000
 29 -49.153858 0.286234 88.627304 0.031275 -0.266162 -0.963421 0.296605 0.591165 1 28 1.000000
 29 -50.679031 -5.082778 89.322639 0.750230 -0.449203 -0.485151 0.231800 0.612299 1 28 1.000000
MarioHand_alb.png
 29 -55.250977 -8.849485 88.114815 0.360170 -0.503723 -0.785201 0.194919 0.672801 1 28 1.000000
 29 -52.825790 -7.086493 88.393120 0.544044 -0.487484 -0.682917 0.213489 0.643076 1 28 1.000000
 29 -52.488174 -8.660358 91.074402 0.667550 -0.704456 -0.241081 0.180346 0.625772 1 28 1.000000
MarioHand_alb.png
 29 -54.877857 -10.442755 90.530334 0.561518 -0.782673 -0.268552 0.162478 0.659998 1 28 1.000000
 29 -55.250977 -8.849485 88.114815 0.360170 -0.503723 -0.785201 0.194919 0.672801 1 28 1.000000
 29 -52.488174 -8.660358 91.074402 0.667550 -0.704456 -0.241081 0.180346 0.625772 1 28 1.000000
MarioHand_alb.png
 29 -52.825790 -7.086493 88.393120 0.544044 -0.487484 -0.682917 0.213489 0.643076 1 28 1.000000
 29 -53.661118 -4.254545 86.951317 0.285655 -0.176103 -0.942013 0.249622 0.654063 1 28 1.000000
 29 -50.679031 -5.082778 89.322639 0.750230 -0.449203 -0.485151 0.231800 0.612299 1 28 1.000000
MarioHand_alb.png
 29 -53.661118 -4.254545 86.951317 0.285655 -0.176103 -0.942013 0.249622 0.654063 1 28 1.000000
 29 -50.948048 -2.743577 87.949966 0.532020 -0.205228 -0.821484 0.263813 0.619120 1 28 1.000000
 29 -50.679031 -5.082778 89.322639 0.750230 -0.449203 -0.485151 0.231800 0.612299 1 28 1.000000
MarioHand_alb.png
 29 -51.694752 0.282263 87.503159 0.235055 0.048968 -0.970748 0.300679 0.625284 1 28 1.000000
 29 -49.153858 0.286234 88.627304 0.031275 -0.266162 -0.963421 0.296605 0.591165 1 28 1.000000
 29 -50.948048 -2.743577 87.949966 0.532020 -0.205228 -0.821484 0.263813 0.619120 1 28 1.000000
MarioHand_alb.png
 29 -53.661118 -4.254545 86.951317 0.285655 -0.176103 -0.942013 0.249622 0.654063 1 28 1.000000
 29 -51.694752 0.282263 87.503159 0.235055 0.048968 -0.970748 0.300679 0.625284 1 28 1.000000
 29 -50.948048 -2.743577 87.949966 0.532020 -0.205228 -0.821484 0.263813 0.619120 1 28 1.000000
MarioHand_alb.png
 29 -51.694752 0.282263 87.503159 0.235055 0.048968 -0.970748 0.300679 0.625284 1 28 1.000000
 29 -49.160366 3.667030 87.968124 -0.133154 0.052723 -0.989692 0.339940 0.590387 1 28 1.000000
 29 -49.153858 0.286234 88.627304 0.031275 -0.266162 -0.963421 0.296605 0.591165 1 28 1.000000
MarioHand_alb.png
 29 -52.825790 -7.086493 88.393120 0.544044 -0.487484 -0.682917 0.213489 0.643076 1 28 1.000000
 29 -56.560791 -5.402016 86.595428 0.031282 -0.135047 -0.990345 0.238514 0.687938 1 28 1.000000
 29 -53.661118 -4.254545 86.951317 0.285655 -0.176103 -0.942013 0.249622 0.654063 1 28 1.000000
MarioHand_alb.png
 29 -55.250977 -8.849485 88.114815 0.360170 -0.503723 -0.785201 0.194919 0.672801 1 28 1.000000
 29 -56.560791 -5.402016 86.595428 0.031282 -0.135047 -0.990345 0.238514 0.687938 1 28 1.000000
 29 -52.825790 -7.086493 88.393120 0.544044 -0.487484 -0.682917 0.213489 0.643076 1 28 1.000000
MarioHand_alb.png
 29 -53.661118 -4.254545 86.951317 0.285655 -0.176103 -0.942013 0.249622 0.654063 1 28 1.000000
 29 -54.695713 -0.282013 87.010796 -0.168209 0.234803 -0.957378 0.296239 0.662318 1 28 1.000000
 29 -51.694752 0.282263 87.503159 0.235055 0.048968 -0.970748 0.300679 0.625284 1 28 1.000000
MarioHand_alb.png
 29 -56.560791 -5.402016 86.595428 0.031282 -0.135047 -0.990345 0.238514 0.687938 1 28 1.000000
 29 -54.695713 -0.282013 87.010796 -0.168209 0.234803 -0.957378 0.296239 0.662318 1 28 1.000000
 29 -53.661118 -4.254545 86.951317 0.285655 -0.176103 -0.942013 0.249622 0.654063 1 28 1.000000
MarioHand_alb.png
 29 -51.694752 0.282263 87.503159 0.235055 0.048968 -0.970748 0.300679 0.625284 1 28 1.000000
 29 -51.814213 3.031271 88.125641 -0.017927 0.121339 -0.992449 0.335088 0.623926 1 28 1.000000
 29 -49.160366 3.667030 87.968124 -0.133154 0.052723 -0.989692 0.339940 0.590387 1 28 1.000000
MarioHand_alb.png
 29 -54.695713 -0.282013 87.010796 -0.168209 0.234803 -0.957378 0.296239 0.662318 1 28 1.000000
 29 -51.814213 3.031271 88.125641 -0.017927 0.121339 -0.992449 0.335088 0.623926 1 28 1.000000
 29 -51.694752 0.282263 87.503159 0.235055 0.048968 -0.970748 0.300679 0.625284 1 28 1.000000
MarioHand_alb.png
 29 -51.814213 3.031271 88.125641 -0.017927 0.121339 -0.992449 0.335088 0.623926 1 28 1.000000
 29 -51.900433 6.159245 88.088760 0.011826 0.107671 -0.994116 0.372946 0.621180 1 28 1.000000
 29 -49.160366 3.667030 87.968124 -0.133154 0.052723 -0.989692 0.339940 0.590387 1 28 1.000000
MarioHand_alb.png
 29 -49.160366 3.667030 87.968124 -0.133154 0.052723 -0.989692 0.339940 0.590387 1 28 1.000000
 29 -51.900433 6.159245 88.088760 0.011826 0.107671 -0.994116 0.372946 0.621180 1 28 1.000000
 29 -49.153862 7.047825 88.627304 -0.090388 0.279937 -0.955754 0.384298 0.586343 1 28 1.000000
MarioHand_alb.png
 29 -54.695713 -0.282013 87.010796 -0.168209 0.234803 -0.957378 0.296239 0.662318 1 28 1.000000
 29 -54.854000 2.981239 88.249245 -0.218923 0.144789 -0.964940 0.337591 0.661814 1 28 1.000000
 29 -51.814213 3.031271 88.125641 -0.017927 0.121339 -0.992449 0.335088 0.623926 1 28 1.000000
MarioHand_alb.png
 29 -51.900433 6.159245 88.088760 0.011826 0.107671 -0.994116 0.372946 0.621180 1 28 1.000000
 29 -51.852085 9.446751 88.975372 0.158673 0.408984 -0.898640 0.414084 0.619074 1 28 1.000000
 29 -49.153862 7.047825 88.627304 -0.090388 0.279937 -0.955754 0.384298 0.586343 1 28 1.000000
MarioHand_alb.png
 29 -49.153862 7.047825 88.627304 -0.090388 0.279937 -0.955754 0.384298 0.586343 1 28 1.000000
 29 -51.852085 9.446751 88.975372 0.158673 0.408984 -0.898640 0.414084 0.619074 1 28 1.000000
 29 -49.153866 9.933514 90.411789 0.053027 0.667887 -0.742372 0.430045 0.584100 1 28 1.000000
MarioHand_alb.png
 29 -51.814213 3.031271 88.125641 -0.017927 0.121339 -0.992449 0.335088 0.623926 1 28 1.000000
 29 -54.983719 5.590392 88.253197 -0.178082 0.043090 -0.983072 0.368551 0.658930 1 28 1.000000
 29 -51.900433 6.159245 88.088760 0.011826 0.107671 -0.994116 0.372946 0.621180 1 28 1.000000
MarioHand_alb.png
 29 -54.854000 2.981239 88.249245 -0.218923 0.144789 -0.964940 0.337591 0.661814 1 28 1.000000
 29 -54.983719 5.590392 88.253197 -0.178082 0.043090 -0.983072 0.368551 0.658930 1 28 1.000000
 29 -51.814213 3.031271 88.125641 -0.017927 0.121339 -0.992449 0.335088 0.623926 1 28 1.000000
MarioHand_alb.png
 29 -51.900433 6.159245 88.088760 0.011826 0.107671 -0.994116 0.372946 0.621180 1 28 1.000000
 29 -54.713379 8.560640 88.652077 -0.138844 0.218947 -0.965808 0.403021 0.652689 1 28 1.000000
 29 -51.852085 9.446751 88.975372 0.158673 0.408984 -0.898640 0.414084 0.619074 1 28 1.000000
MarioHand_alb.png
 29 -54.983719 5.590392 88.253197 -0.178082 0.043090 -0.983072 0.368551 0.658930 1 28 1.000000
 29 -54.713379 8.560640 88.652077 -0.138844 0.218947 -0.965808 0.403021 0.652689 1 28 1.000000
 29 -51.900433 6.159245 88.088760 0.011826 0.107671 -0.994116 0.372946 0.621180 1 28 1.000000
MarioHand_alb.png
 29 -51.852085 9.446751 88.975372 0.158673 0.408984 -0.898640 0.414084 0.619074 1 28 1.000000
 29 -51.630997 11.700504 90.535156 0.320841 0.718363 -0.617265 0.446860 0.617304 1 28 1.000000
 29 -49.153866 9.933514 90.411789 0.053027 0.667887 -0.742372 0.430045 0.584100 1 28 1.000000
MarioHand_alb.png
 29 -49.153866 9.933514 90.411789 0.053027 0.667887 -0.742372 0.430045 0.584100 1 28 1.000000
 29 -51.630997 11.700504 90.535156 0.320841 0.718363 -0.617265 0.446860 0.617304 1 28 1.000000
 29 -49.153866 11.828993 93.128502 0.125506 0.922027 -0.366217 0.474983 0.584146 1 28 1.000000
MarioHand_alb.png
 29 -54.713379 8.560640 88.652077 -0.138844 0.218947 -0.965808 0.403021 0.652689 1 28 1.000000
 29 -54.501694 11.326429 89.745956 -0.021361 0.561858 -0.826958 0.436606 0.650004 1 28 1.000000
 29 -51.852085 9.446751 88.975372 0.158673 0.408984 -0.898640 0.414084 0.619074 1 28 1.000000
MarioHand_alb.png
 29 -51.852085 9.446751 88.975372 0.158673 0.408984 -0.898640 0.414084 0.619074 1 28 1.000000
 29 -54.501694 11.326429 89.745956 -0.021361 0.561858 -0.826958 0.436606 0.650004 1 28 1.000000
 29 -51.630997 11.700504 90.535156 0.320841 0.718363 -0.617265 0.446860 0.617304 1 28 1.000000
MarioHand_alb.png
 29 -51.630997 11.700504 90.535156 0.320841 0.718363 -0.617265 0.446860 0.617304 1 28 1.000000
 29 -51.088844 13.077469 94.004433 0.383388 0.902200 -0.197607 0.491844 0.609995 1 28 1.000000
 29 -49.153866 11.828993 93.128502 0.125506 0.922027 -0.366217 0.474983 0.584146 1 28 1.000000
MarioHand_alb.png
 29 -49.153866 11.828993 93.128502 0.125506 0.922027 -0.366217 0.474983 0.584146 1 28 1.000000
 29 -51.088844 13.077469 94.004433 0.383388 0.902200 -0.197607 0.491844 0.609995 1 28 1.000000
 29 -49.153866 12.531143 96.311340 0.188058 0.982155 0.002289 0.516793 0.582803 1 28 1.000000
MarioHand_alb.png
 29 -51.088844 13.077469 94.004433 0.383388 0.902200 -0.197607 0.491844 0.609995 1 28 1.000000
 29 -50.977898 13.337017 97.218819 0.395585 0.912286 0.106049 0.531395 0.606363 1 28 1.000000
 29 -49.153866 12.531143 96.311340 0.188058 0.982155 0.002289 0.516793 0.582803 1 28 1.000000
MarioHand_alb.png
 29 -51.630997 11.700504 90.535156 0.320841 0.718363 -0.617265 0.446860 0.617304 1 28 1.000000
 29 -54.173820 13.334322 91.657852 0.105665 0.823291 -0.557698 0.467948 0.647822 1 28 1.000000
 29 -51.088844 13.077469 94.004433 0.383388 0.902200 -0.197607 0.491844 0.609995 1 28 1.000000
MarioHand_alb.png
 29 -54.501694 11.326429 89.745956 -0.021361 0.561858 -0.826958 0.436606 0.650004 1 28 1.000000
 29 -54.173820 13.334322 91.657852 0.105665 0.823291 -0.557698 0.467948 0.647822 1 28 1.000000
 29 -51.630997 11.700504 90.535156 0.320841 0.718363 -0.617265 0.446860 0.617304 1 28 1.000000
MarioHand_alb.png
 29 -51.088844 13.077469 94.004433 0.383388 0.902200 -0.197607 0.491844 0.609995 1 28 1.000000
 29 -53.753822 14.228873 94.445190 0.236897 0.953977 -0.183872 0.501747 0.644175 1 28 1.000000
 29 -50.977898 13.337017 97.218819 0.395585 0.912286 0.106049 0.531395 0.606363 1 28 1.000000
MarioHand_alb.png
 29 -54.173820 13.334322 91.657852 0.105665 0.823291 -0.557698 0.467948 0.647822 1 28 1.000000
 29 -53.753822 14.228873 94.445190 0.236897 0.953977 -0.183872 0.501747 0.644175 1 28 1.000000
 29 -51.088844 13.077469 94.004433 0.383388 0.902200 -0.197607 0.491844 0.609995 1 28 1.000000
MarioHand_alb.png
 29 -53.753822 14.228873 94.445190 0.236897 0.953977 -0.183872 0.501747 0.644175 1 28 1.000000
 29 -53.507767 14.288551 97.757820 0.293358 0.944355 0.148777 0.541833 0.640787 1 28 1.000000
 29 -50.977898 13.337017 97.218819 0.395585 0.912286 0.106049 0.531395 0.606363 1 28 1.000000
MarioHand_alb.png
 29 -54.501694 11.326429 89.745956 -0.021361 0.561858 -0.826958 0.436606 0.650004 1 28 1.000000
 29 -57.686180 13.700947 92.047295 -0.107575 0.796421 -0.595098 0.471641 0.686824 1 28 1.000000
 29 -54.173820 13.334322 91.657852 0.105665 0.823291 -0.557698 0.467948 0.647822 1 28 1.000000
MarioHand_alb.png
 29 -57.686180 13.700947 92.047295 -0.107575 0.796421 -0.595098 0.471641 0.686824 1 28 1.000000
 29 -53.753822 14.228873 94.445190 0.236897 0.953977 -0.183872 0.501747 0.644175 1 28 1.000000
 29 -54.173820 13.334322 91.657852 0.105665 0.823291 -0.557698 0.467948 0.647822 1 28 1.000000
MarioHand_alb.png
 29 -57.151623 14.967725 94.850113 0.047685 0.971923 -0.230416 0.506401 0.685313 1 28 1.000000
 29 -53.507767 14.288551 97.757820 0.293358 0.944355 0.148777 0.541833 0.640787 1 28 1.000000
 29 -53.753822 14.228873 94.445190 0.236897 0.953977 -0.183872 0.501747 0.644175 1 28 1.000000
MarioHand_alb.png
 29 -57.686180 13.700947 92.047295 -0.107575 0.796421 -0.595098 0.471641 0.686824 1 28 1.000000
 29 -57.151623 14.967725 94.850113 0.047685 0.971923 -0.230416 0.506401 0.685313 1 28 1.000000
 29 -53.753822 14.228873 94.445190 0.236897 0.953977 -0.183872 0.501747 0.644175 1 28 1.000000
MarioHand_alb.png
 29 -57.151623 14.967725 94.850113 0.047685 0.971923 -0.230416 0.506401 0.685313 1 28 1.000000
 29 -56.770214 15.020344 98.208984 0.161368 0.975264 0.151068 0.546899 0.685481 1 28 1.000000
 29 -53.507767 14.288551 97.757820 0.293358 0.944355 0.148777 0.541833 0.640787 1 28 1.000000
MarioHand_alb.png
 29 -58.180019 11.365088 90.208374 -0.252576 0.481305 -0.839375 0.439185 0.690486 1 28 1.000000
 29 -57.686180 13.700947 92.047295 -0.107575 0.796421 -0.595098 0.471641 0.686824 1 28 1.000000
 29 -54.501694 11.326429 89.745956 -0.021361 0.561858 -0.826958 0.436606 0.650004 1 28 1.000000
MarioHand_alb.png
 29 -54.713379 8.560640 88.652077 -0.138844 0.218947 -0.965808 0.403021 0.652689 1 28 1.000000
 29 -58.180019 11.365088 90.208374 -0.252576 0.481305 -0.839375 0.439185 0.690486 1 28 1.000000
 29 -54.501694 11.326429 89.745956 -0.021361 0.561858 -0.826958 0.436606 0.650004 1 28 1.000000
MarioHand_alb.png
 29 -60.960930 13.355889 93.016548 -0.408587 0.685365 -0.602770 0.473533 0.724361 1 28 1.000000
 29 -57.151623 14.967725 94.850113 0.047685 0.971923 -0.230416 0.506401 0.685313 1 28 1.000000
 29 -57.686180 13.700947 92.047295 -0.107575 0.796421 -0.595098 0.471641 0.686824 1 28 1.000000
MarioHand_alb.png
 29 -58.180019 11.365088 90.208374 -0.252576 0.481305 -0.839375 0.439185 0.690486 1 28 1.000000
 29 -60.960930 13.355889 93.016548 -0.408587 0.685365 -0.602770 0.473533 0.724361 1 28 1.000000
 29 -57.686180 13.700947 92.047295 -0.107575 0.796421 -0.595098 0.471641 0.686824 1 28 1.000000
MarioHand_alb.png
 29 -57.151623 14.967725 94.850113 0.047685 0.971923 -0.230416 0.506401 0.685313 1 28 1.000000
 29 -60.448860 14.878214 95.518555 -0.138469 0.954117 -0.265494 0.506844 0.724590 1 28 1.000000
 29 -56.770214 15.020344 98.208984 0.161368 0.975264 0.151068 0.546899 0.685481 1 28 1.000000
MarioHand_alb.png
 29 -60.960930 13.355889 93.016548 -0.408587 0.685365 -0.602770 0.473533 0.724361 1 28 1.000000
 29 -60.448860 14.878214 95.518555 -0.138469 0.954117 -0.265494 0.506844 0.724590 1 28 1.000000
 29 -57.151623 14.967725 94.850113 0.047685 0.971923 -0.230416 0.506401 0.685313 1 28 1.000000
MarioHand_alb.png
 29 -60.448860 14.878214 95.518555 -0.138469 0.954117 -0.265494 0.506844 0.724590 1 28 1.000000
 29 -59.800064 15.322760 98.927483 0.047300 0.982240 0.181571 0.548486 0.726848 1 28 1.000000
 29 -56.770214 15.020344 98.208984 0.161368 0.975264 0.151068 0.546899 0.685481 1 28 1.000000
MarioHand_alb.png
 29 -60.448860 14.878214 95.518555 -0.138469 0.954117 -0.265494 0.506844 0.724590 1 28 1.000000
 29 -62.743584 15.054569 99.798851 -0.157169 0.973724 0.164799 0.545815 0.766827 1 28 1.000000
 29 -59.800064 15.322760 98.927483 0.047300 0.982240 0.181571 0.548486 0.726848 1 28 1.000000
MarioHand_alb.png
 29 -60.960930 13.355889 93.016548 -0.408587 0.685365 -0.602770 0.473533 0.724361 1 28 1.000000
 29 -62.973282 14.270916 96.570168 -0.540496 0.758583 -0.363891 0.506813 0.758251 1 28 1.000000
 29 -60.448860 14.878214 95.518555 -0.138469 0.954117 -0.265494 0.506844 0.724590 1 28 1.000000
MarioHand_alb.png
 29 -62.973282 14.270916 96.570168 -0.540496 0.758583 -0.363891 0.506813 0.758251 1 28 1.000000
 29 -62.743584 15.054569 99.798851 -0.157169 0.973724 0.164799 0.545815 0.766827 1 28 1.000000
 29 -60.448860 14.878214 95.518555 -0.138469 0.954117 -0.265494 0.506844 0.724590 1 28 1.000000
MarioHand_alb.png
 29 -64.477890 13.446619 97.642845 -0.484556 0.715770 -0.502870 0.507713 0.783444 1 28 1.000000
 29 -64.373032 14.604591 100.256447 -0.177761 0.983978 0.013733 0.543160 0.788983 1 28 1.000000
 29 -62.743584 15.054569 99.798851 -0.157169 0.973724 0.164799 0.545815 0.766827 1 28 1.000000
MarioHand_alb.png
 29 -62.973282 14.270916 96.570168 -0.540496 0.758583 -0.363891 0.506813 0.758251 1 28 1.000000
 29 -64.477890 13.446619 97.642845 -0.484556 0.715770 -0.502870 0.507713 0.783444 1 28 1.000000
 29 -62.743584 15.054569 99.798851 -0.157169 0.973724 0.164799 0.545815 0.766827 1 28 1.000000
MarioHand_alb.png
 29 -63.216534 12.610687 94.824730 -0.784000 0.352132 -0.511221 0.478218 0.758221 1 28 1.000000
 29 -64.477890 13.446619 97.642845 -0.484556 0.715770 -0.502870 0.507713 0.783444 1 28 1.000000
 29 -62.973282 14.270916 96.570168 -0.540496 0.758583 -0.363891 0.506813 0.758251 1 28 1.000000
MarioHand_alb.png
 29 -60.960930 13.355889 93.016548 -0.408587 0.685365 -0.602770 0.473533 0.724361 1 28 1.000000
 29 -63.216534 12.610687 94.824730 -0.784000 0.352132 -0.511221 0.478218 0.758221 1 28 1.000000
 29 -62.973282 14.270916 96.570168 -0.540496 0.758583 -0.363891 0.506813 0.758251 1 28 1.000000
MarioHand_alb.png
 29 -63.216534 12.610687 94.824730 -0.784000 0.352132 -0.511221 0.478218 0.758221 1 28 1.000000
 29 -64.836967 11.363020 96.906525 -0.799854 0.125550 -0.586916 0.479530 0.793866 1 28 1.000000
 29 -64.477890 13.446619 97.642845 -0.484556 0.715770 -0.502870 0.507713 0.783444 1 28 1.000000
MarioHand_alb.png
 29 -61.361164 10.975647 91.466766 -0.562744 0.352335 -0.747782 0.442512 0.727443 1 28 1.000000
 29 -63.216534 12.610687 94.824730 -0.784000 0.352132 -0.511221 0.478218 0.758221 1 28 1.000000
 29 -60.960930 13.355889 93.016548 -0.408587 0.685365 -0.602770 0.473533 0.724361 1 28 1.000000
MarioHand_alb.png
 29 -61.361164 10.975647 91.466766 -0.562744 0.352335 -0.747782 0.442512 0.727443 1 28 1.000000
 29 -60.960930 13.355889 93.016548 -0.408587 0.685365 -0.602770 0.473533 0.724361 1 28 1.000000
 29 -58.180019 11.365088 90.208374 -0.252576 0.481305 -0.839375 0.439185 0.690486 1 28 1.000000
MarioHand_alb.png
 29 -63.216534 12.610687 94.824730 -0.784000 0.352132 -0.511221 0.478218 0.758221 1 28 1.000000
 29 -63.627945 10.119411 93.912346 -0.837747 0.187883 -0.512719 0.447501 0.765850 1 28 1.000000
 29 -64.836967 11.363020 96.906525 -0.799854 0.125550 -0.586916 0.479530 0.793866 1 28 1.000000
MarioHand_alb.png
 29 -61.361164 10.975647 91.466766 -0.562744 0.352335 -0.747782 0.442512 0.727443 1 28 1.000000
 29 -63.627945 10.119411 93.912346 -0.837747 0.187883 -0.512719 0.447501 0.765850 1 28 1.000000
 29 -63.216534 12.610687 94.824730 -0.784000 0.352132 -0.511221 0.478218 0.758221 1 28 1.000000
MarioHand_alb.png
 29 -63.627945 10.119411 93.912346 -0.837747 0.187883 -0.512719 0.447501 0.765850 1 28 1.000000
 29 -64.930298 9.131011 98.793167 -0.578997 0.316484 -0.751399 0.461097 0.826154 1 28 1.000000
 29 -64.836967 11.363020 96.906525 -0.799854 0.125550 -0.586916 0.479530 0.793866 1 28 1.000000
MarioHand_alb.png
 29 -65.564545 6.138647 97.279724 -0.680490 -0.041100 -0.731603 0.417395 0.826032 1 28 1.000000
 29 -64.930298 9.131011 98.793167 -0.578997 0.316484 -0.751399 0.461097 0.826154 1 28 1.000000
 29 -63.627945 10.119411 93.912346 -0.837747 0.187883 -0.512719 0.447501 0.765850 1 28 1.000000
MarioHand_alb.png
 29 -58.369591 8.406944 89.416443 -0.342480 0.144925 -0.928280 0.405966 0.694896 1 28 1.000000
 29 -61.361164 10.975647 91.466766 -0.562744 0.352335 -0.747782 0.442512 0.727443 1 28 1.000000
 29 -58.180019 11.365088 90.208374 -0.252576 0.481305 -0.839375 0.439185 0.690486 1 28 1.000000
MarioHand_alb.png
 29 -58.369591 8.406944 89.416443 -0.342480 0.144925 -0.928280 0.405966 0.694896 1 28 1.000000
 29 -58.180019 11.365088 90.208374 -0.252576 0.481305 -0.839375 0.439185 0.690486 1 28 1.000000
 29 -54.713379 8.560640 88.652077 -0.138844 0.218947 -0.965808 0.403021 0.652689 1 28 1.000000
MarioHand_alb.png
 29 -54.983719 5.590392 88.253197 -0.178082 0.043090 -0.983072 0.368551 0.658930 1 28 1.000000
 29 -58.369591 8.406944 89.416443 -0.342480 0.144925 -0.928280 0.405966 0.694896 1 28 1.000000
 29 -54.713379 8.560640 88.652077 -0.138844 0.218947 -0.965808 0.403021 0.652689 1 28 1.000000
MarioHand_alb.png
 29 -61.484577 7.946098 90.776535 -0.622498 0.076382 -0.778885 0.409125 0.733120 1 28 1.000000
 29 -63.627945 10.119411 93.912346 -0.837747 0.187883 -0.512719 0.447501 0.765850 1 28 1.000000
 29 -61.361164 10.975647 91.466766 -0.562744 0.352335 -0.747782 0.442512 0.727443 1 28 1.000000
MarioHand_alb.png
 29 -61.484577 7.946098 90.776535 -0.622498 0.076382 -0.778885 0.409125 0.733120 1 28 1.000000
 29 -61.361164 10.975647 91.466766 -0.562744 0.352335 -0.747782 0.442512 0.727443 1 28 1.000000
 29 -58.369591 8.406944 89.416443 -0.342480 0.144925 -0.928280 0.405966 0.694896 1 28 1.000000
MarioHand_alb.png
 29 -58.236954 5.217325 89.111153 -0.385564 -0.031272 -0.922151 0.369833 0.699092 1 28 1.000000
 29 -58.369591 8.406944 89.416443 -0.342480 0.144925 -0.928280 0.405966 0.694896 1 28 1.000000
 29 -54.983719 5.590392 88.253197 -0.178082 0.043090 -0.983072 0.368551 0.658930 1 28 1.000000
MarioHand_alb.png
 29 -58.236954 5.217325 89.111153 -0.385564 -0.031272 -0.922151 0.369833 0.699092 1 28 1.000000
 29 -61.484577 7.946098 90.776535 -0.622498 0.076382 -0.778885 0.409125 0.733120 1 28 1.000000
 29 -58.369591 8.406944 89.416443 -0.342480 0.144925 -0.928280 0.405966 0.694896 1 28 1.000000
MarioHand_alb.png
 29 -54.854000 2.981239 88.249245 -0.218923 0.144789 -0.964940 0.337591 0.661814 1 28 1.000000
 29 -58.236954 5.217325 89.111153 -0.385564 -0.031272 -0.922151 0.369833 0.699092 1 28 1.000000
 29 -54.983719 5.590392 88.253197 -0.178082 0.043090 -0.983072 0.368551 0.658930 1 28 1.000000
MarioHand_alb.png
 29 -61.484577 7.946098 90.776535 -0.622498 0.076382 -0.778885 0.409125 0.733120 1 28 1.000000
 29 -63.772522 7.242334 93.725906 -0.823135 0.017546 -0.567574 0.414359 0.776150 1 28 1.000000
 29 -63.627945 10.119411 93.912346 -0.837747 0.187883 -0.512719 0.447501 0.765850 1 28 1.000000
MarioHand_alb.png
 29 -63.772522 7.242334 93.725906 -0.823135 0.017546 -0.567574 0.414359 0.776150 1 28 1.000000
 29 -65.564545 6.138647 97.279724 -0.680490 -0.041100 -0.731603 0.417395 0.826032 1 28 1.000000
 29 -63.627945 10.119411 93.912346 -0.837747 0.187883 -0.512719 0.447501 0.765850 1 28 1.000000
MarioHand_alb.png
 29 -58.236954 5.217325 89.111153 -0.385564 -0.031272 -0.922151 0.369833 0.699092 1 28 1.000000
 29 -61.267216 4.680323 90.833275 -0.643580 -0.144872 -0.751543 0.373129 0.740444 1 28 1.000000
 29 -61.484577 7.946098 90.776535 -0.622498 0.076382 -0.778885 0.409125 0.733120 1 28 1.000000
MarioHand_alb.png
 29 -61.484577 7.946098 90.776535 -0.622498 0.076382 -0.778885 0.409125 0.733120 1 28 1.000000
 29 -61.267216 4.680323 90.833275 -0.643580 -0.144872 -0.751543 0.373129 0.740444 1 28 1.000000
 29 -63.772522 7.242334 93.725906 -0.823135 0.017546 -0.567574 0.414359 0.776150 1 28 1.000000
MarioHand_alb.png
 29 -57.924133 2.149680 89.250587 -0.508710 0.113354 -0.853443 0.333333 0.703883 1 28 1.000000
 29 -58.236954 5.217325 89.111153 -0.385564 -0.031272 -0.922151 0.369833 0.699092 1 28 1.000000
 29 -54.854000 2.981239 88.249245 -0.218923 0.144789 -0.964940 0.337591 0.661814 1 28 1.000000
MarioHand_alb.png
 29 -57.924133 2.149680 89.250587 -0.508710 0.113354 -0.853443 0.333333 0.703883 1 28 1.000000
 29 -61.267216 4.680323 90.833275 -0.643580 -0.144872 -0.751543 0.373129 0.740444 1 28 1.000000
 29 -58.236954 5.217325 89.111153 -0.385564 -0.031272 -0.922151 0.369833 0.699092 1 28 1.000000
MarioHand_alb.png
 29 -54.695713 -0.282013 87.010796 -0.168209 0.234803 -0.957378 0.296239 0.662318 1 28 1.000000
 29 -57.924133 2.149680 89.250587 -0.508710 0.113354 -0.853443 0.333333 0.703883 1 28 1.000000
 29 -54.854000 2.981239 88.249245 -0.218923 0.144789 -0.964940 0.337591 0.661814 1 28 1.000000
MarioHand_alb.png
 29 -63.772522 7.242334 93.725906 -0.823135 0.017546 -0.567574 0.414359 0.776150 1 28 1.000000
 29 -63.719513 4.148190 93.940346 -0.802296 -0.150693 -0.577592 0.378836 0.787900 1 28 1.000000
 29 -65.564545 6.138647 97.279724 -0.680490 -0.041100 -0.731603 0.417395 0.826032 1 28 1.000000
MarioHand_alb.png
 29 -63.772522 7.242334 93.725906 -0.823135 0.017546 -0.567574 0.414359 0.776150 1 28 1.000000
 29 -61.267216 4.680323 90.833275 -0.643580 -0.144872 -0.751543 0.373129 0.740444 1 28 1.000000
 29 -63.719513 4.148190 93.940346 -0.802296 -0.150693 -0.577592 0.378836 0.787900 1 28 1.000000
MarioHand_alb.png
 29 -65.394485 3.141531 99.350571 -0.614129 0.213276 -0.759842 0.386069 0.858091 1 28 1.000000
 29 -65.564545 6.138647 97.279724 -0.680490 -0.041100 -0.731603 0.417395 0.826032 1 28 1.000000
 29 -63.719513 4.148190 93.940346 -0.802296 -0.150693 -0.577592 0.378836 0.787900 1 28 1.000000
MarioHand_alb.png
 29 -66.018890 0.520271 97.541275 -0.637984 0.084231 -0.765429 0.347478 0.848371 1 28 1.000000
 29 -65.394485 3.141531 99.350571 -0.614129 0.213276 -0.759842 0.386069 0.858091 1 28 1.000000
 29 -63.719513 4.148190 93.940346 -0.802296 -0.150693 -0.577592 0.378836 0.787900 1 28 1.000000
MarioHand_alb.png
 29 -60.510262 1.664890 91.595299 -0.712643 -0.021507 -0.701198 0.336233 0.748180 1 28 1.000000
 29 -63.719513 4.148190 93.940346 -0.802296 -0.150693 -0.577592 0.378836 0.787900 1 28 1.000000
 29 -61.267216 4.680323 90.833275 -0.643580 -0.144872 -0.751543 0.373129 0.740444 1 28 1.000000
MarioHand_alb.png
 29 -57.924133 2.149680 89.250587 -0.508710 0.113354 -0.853443 0.333333 0.703883 1 28 1.000000
 29 -60.510262 1.664890 91.595299 -0.712643 -0.021507 -0.701198 0.336233 0.748180 1 28 1.000000
 29 -61.267216 4.680323 90.833275 -0.643580 -0.144872 -0.751543 0.373129 0.740444 1 28 1.000000
MarioHand_alb.png
 29 -63.039143 1.145862 94.459740 -0.748833 -0.087953 -0.656897 0.341253 0.795438 1 28 1.000000
 29 -66.018890 0.520271 97.541275 -0.637984 0.084231 -0.765429 0.347478 0.848371 1 28 1.000000
 29 -63.719513 4.148190 93.940346 -0.802296 -0.150693 -0.577592 0.378836 0.787900 1 28 1.000000
MarioHand_alb.png
 29 -60.510262 1.664890 91.595299 -0.712643 -0.021507 -0.701198 0.336233 0.748180 1 28 1.000000
 29 -63.039143 1.145862 94.459740 -0.748833 -0.087953 -0.656897 0.341253 0.795438 1 28 1.000000
 29 -63.719513 4.148190 93.940346 -0.802296 -0.150693 -0.577592 0.378836 0.787900 1 28 1.000000
MarioHand_alb.png
 29 -57.977600 -1.360753 87.893921 -0.499284 0.284101 -0.818536 0.287846 0.704051 1 28 1.000000
 29 -57.924133 2.149680 89.250587 -0.508710 0.113354 -0.853443 0.333333 0.703883 1 28 1.000000
 29 -54.695713 -0.282013 87.010796 -0.168209 0.234803 -0.957378 0.296239 0.662318 1 28 1.000000
MarioHand_alb.png
 29 -56.560791 -5.402016 86.595428 0.031282 -0.135047 -0.990345 0.238514 0.687938 1 28 1.000000
 29 -57.977600 -1.360753 87.893921 -0.499284 0.284101 -0.818536 0.287846 0.704051 1 28 1.000000
 29 -54.695713 -0.282013 87.010796 -0.168209 0.234803 -0.957378 0.296239 0.662318 1 28 1.000000
MarioHand_alb.png
 29 -57.924133 2.149680 89.250587 -0.508710 0.113354 -0.853443 0.333333 0.703883 1 28 1.000000
 29 -60.994728 -1.314394 91.073021 -0.770954 0.203551 -0.603488 0.299733 0.756054 1 28 1.000000
 29 -60.510262 1.664890 91.595299 -0.712643 -0.021507 -0.701198 0.336233 0.748180 1 28 1.000000
MarioHand_alb.png
 29 -57.977600 -1.360753 87.893921 -0.499284 0.284101 -0.818536 0.287846 0.704051 1 28 1.000000
 29 -60.994728 -1.314394 91.073021 -0.770954 0.203551 -0.603488 0.299733 0.756054 1 28 1.000000
 29 -57.924133 2.149680 89.250587 -0.508710 0.113354 -0.853443 0.333333 0.703883 1 28 1.000000
MarioHand_alb.png
 29 -60.510262 1.664890 91.595299 -0.712643 -0.021507 -0.701198 0.336233 0.748180 1 28 1.000000
 29 -60.994728 -1.314394 91.073021 -0.770954 0.203551 -0.603488 0.299733 0.756054 1 28 1.000000
 29 -63.039143 1.145862 94.459740 -0.748833 -0.087953 -0.656897 0.341253 0.795438 1 28 1.000000
MarioHand_alb.png
 29 -56.560791 -5.402016 86.595428 0.031282 -0.135047 -0.990345 0.238514 0.687938 1 28 1.000000
 29 -60.129929 -4.837570 87.980026 -0.579367 0.252305 -0.775033 0.247639 0.731731 1 28 1.000000
 29 -57.977600 -1.360753 87.893921 -0.499284 0.284101 -0.818536 0.287846 0.704051 1 28 1.000000
MarioHand_alb.png
 29 -60.129929 -4.837570 87.980026 -0.579367 0.252305 -0.775033 0.247639 0.731731 1 28 1.000000
 29 -60.994728 -1.314394 91.073021 -0.770954 0.203551 -0.603488 0.299733 0.756054 1 28 1.000000
 29 -57.977600 -1.360753 87.893921 -0.499284 0.284101 -0.818536 0.287846 0.704051 1 28 1.000000
MarioHand_alb.png
 29 -63.167610 -1.785759 94.319382 -0.818582 0.088114 -0.567591 0.306157 0.804303 1 28 1.000000
 29 -66.018890 0.520271 97.541275 -0.637984 0.084231 -0.765429 0.347478 0.848371 1 28 1.000000
 29 -63.039143 1.145862 94.459740 -0.748833 -0.087953 -0.656897 0.341253 0.795438 1 28 1.000000
MarioHand_alb.png
 29 -60.994728 -1.314394 91.073021 -0.770954 0.203551 -0.603488 0.299733 0.756054 1 28 1.000000
 29 -63.167610 -1.785759 94.319382 -0.818582 0.088114 -0.567591 0.306157 0.804303 1 28 1.000000
 29 -63.039143 1.145862 94.459740 -0.748833 -0.087953 -0.656897 0.341253 0.795438 1 28 1.000000
MarioHand_alb.png
 29 -65.556450 -2.476514 98.566429 -0.516546 0.017620 -0.856078 0.313024 0.864622 1 28 1.000000
 29 -66.018890 0.520271 97.541275 -0.637984 0.084231 -0.765429 0.347478 0.848371 1 28 1.000000
 29 -63.167610 -1.785759 94.319382 -0.818582 0.088114 -0.567591 0.306157 0.804303 1 28 1.000000
MarioHand_alb.png
 29 -65.281921 -4.850677 96.622879 -0.569923 0.002003 -0.821696 0.279179 0.850584 1 28 1.000000
 29 -65.556450 -2.476514 98.566429 -0.516546 0.017620 -0.856078 0.313024 0.864622 1 28 1.000000
 29 -63.167610 -1.785759 94.319382 -0.818582 0.088114 -0.567591 0.306157 0.804303 1 28 1.000000
MarioHand_alb.png
 29 -61.603733 -4.124563 91.316483 -0.857575 0.205524 -0.471514 0.267933 0.771298 1 28 1.000000
 29 -63.167610 -1.785759 94.319382 -0.818582 0.088114 -0.567591 0.306157 0.804303 1 28 1.000000
 29 -60.994728 -1.314394 91.073021 -0.770954 0.203551 -0.603488 0.299733 0.756054 1 28 1.000000
MarioHand_alb.png
 29 -60.129929 -4.837570 87.980026 -0.579367 0.252305 -0.775033 0.247639 0.731731 1 28 1.000000
 29 -61.603733 -4.124563 91.316483 -0.857575 0.205524 -0.471514 0.267933 0.771298 1 28 1.000000
 29 -60.994728 -1.314394 91.073021 -0.770954 0.203551 -0.603488 0.299733 0.756054 1 28 1.000000
MarioHand_alb.png
 29 -63.337341 -4.832493 94.190308 -0.866413 0.017645 -0.499017 0.269032 0.813626 1 28 1.000000
 29 -65.281921 -4.850677 96.622879 -0.569923 0.002003 -0.821696 0.279179 0.850584 1 28 1.000000
 29 -63.167610 -1.785759 94.319382 -0.818582 0.088114 -0.567591 0.306157 0.804303 1 28 1.000000
MarioHand_alb.png
 29 -61.603733 -4.124563 91.316483 -0.857575 0.205524 -0.471514 0.267933 0.771298 1 28 1.000000
 29 -63.337341 -4.832493 94.190308 -0.866413 0.017645 -0.499017 0.269032 0.813626 1 28 1.000000
 29 -63.167610 -1.785759 94.319382 -0.818582 0.088114 -0.567591 0.306157 0.804303 1 28 1.000000
MarioHand_alb.png
 29 -63.503990 -7.458336 96.195129 -0.716734 -0.635963 -0.286083 0.241749 0.843839 1 28 1.000000
 29 -65.235565 -7.686036 98.244324 -0.226587 -0.824810 -0.518022 0.249042 0.875486 1 28 1.000000
 29 -65.281921 -4.850677 96.622879 -0.569923 0.002003 -0.821696 0.279179 0.850584 1 28 1.000000
MarioHand_alb.png
 29 -63.337341 -4.832493 94.190308 -0.866413 0.017645 -0.499017 0.269032 0.813626 1 28 1.000000
 29 -63.503990 -7.458336 96.195129 -0.716734 -0.635963 -0.286083 0.241749 0.843839 1 28 1.000000
 29 -65.281921 -4.850677 96.622879 -0.569923 0.002003 -0.821696 0.279179 0.850584 1 28 1.000000
MarioHand_alb.png
 29 -63.337341 -4.832493 94.190308 -0.866413 0.017645 -0.499017 0.269032 0.813626 1 28 1.000000
 29 -63.080509 -7.820971 94.589767 -0.932360 -0.021554 0.360889 0.233616 0.825773 1 28 1.000000
 29 -63.503990 -7.458336 96.195129 -0.716734 -0.635963 -0.286083 0.241749 0.843839 1 28 1.000000
MarioHand_alb.png
 29 -62.746979 -6.425832 91.670868 -0.827058 0.506325 -0.244150 0.241413 0.788861 1 28 1.000000
 29 -63.080509 -7.820971 94.589767 -0.932360 -0.021554 0.360889 0.233616 0.825773 1 28 1.000000
 29 -63.337341 -4.832493 94.190308 -0.866413 0.017645 -0.499017 0.269032 0.813626 1 28 1.000000
MarioHand_alb.png
 29 -61.603733 -4.124563 91.316483 -0.857575 0.205524 -0.471514 0.267933 0.771298 1 28 1.000000
 29 -62.746979 -6.425832 91.670868 -0.827058 0.506325 -0.244150 0.241413 0.788861 1 28 1.000000
 29 -63.337341 -4.832493 94.190308 -0.866413 0.017645 -0.499017 0.269032 0.813626 1 28 1.000000
MarioHand_alb.png
 29 -62.195393 -7.419099 88.924774 -0.565659 0.334608 -0.753703 0.217624 0.761868 1 28 1.000000
 29 -62.746979 -6.425832 91.670868 -0.827058 0.506325 -0.244150 0.241413 0.788861 1 28 1.000000
 29 -61.603733 -4.124563 91.316483 -0.857575 0.205524 -0.471514 0.267933 0.771298 1 28 1.000000
MarioHand_alb.png
 29 -62.195393 -7.419099 88.924774 -0.565659 0.334608 -0.753703 0.217624 0.761868 1 28 1.000000
 29 -61.603733 -4.124563 91.316483 -0.857575 0.205524 -0.471514 0.267933 0.771298 1 28 1.000000
 29 -60.129929 -4.837570 87.980026 -0.579367 0.252305 -0.775033 0.247639 0.731731 1 28 1.000000
MarioHand_alb.png
 29 -58.819580 -7.568941 87.072517 -0.148800 -0.139166 -0.979026 0.214008 0.715053 1 28 1.000000
 29 -62.195393 -7.419099 88.924774 -0.565659 0.334608 -0.753703 0.217624 0.761868 1 28 1.000000
 29 -60.129929 -4.837570 87.980026 -0.579367 0.252305 -0.775033 0.247639 0.731731 1 28 1.000000
MarioHand_alb.png
 29 -58.819580 -7.568941 87.072517 -0.148800 -0.139166 -0.979026 0.214008 0.715053 1 28 1.000000
 29 -60.129929 -4.837570 87.980026 -0.579367 0.252305 -0.775033 0.247639 0.731731 1 28 1.000000
 29 -56.560791 -5.402016 86.595428 0.031282 -0.135047 -0.990345 0.238514 0.687938 1 28 1.000000
MarioHand_alb.png
 29 -60.916687 -9.848570 87.817764 -0.239955 -0.023461 -0.970501 0.186007 0.742763 1 28 1.000000
 29 -62.195393 -7.419099 88.924774 -0.565659 0.334608 -0.753703 0.217624 0.761868 1 28 1.000000
 29 -58.819580 -7.568941 87.072517 -0.148800 -0.139166 -0.979026 0.214008 0.715053 1 28 1.000000
MarioHand_alb.png
 29 -55.250977 -8.849485 88.114815 0.360170 -0.503723 -0.785201 0.194919 0.672801 1 28 1.000000
 29 -58.819580 -7.568941 87.072517 -0.148800 -0.139166 -0.979026 0.214008 0.715053 1 28 1.000000
 29 -56.560791 -5.402016 86.595428 0.031282 -0.135047 -0.990345 0.238514 0.687938 1 28 1.000000
MarioHand_alb.png
 29 -57.692928 -10.678089 88.378098 0.291478 -0.536410 -0.792026 0.173526 0.702617 1 28 1.000000
 29 -60.916687 -9.848570 87.817764 -0.239955 -0.023461 -0.970501 0.186007 0.742763 1 28 1.000000
 29 -58.819580 -7.568941 87.072517 -0.148800 -0.139166 -0.979026 0.214008 0.715053 1 28 1.000000
MarioHand_alb.png
 29 -57.692928 -10.678089 88.378098 0.291478 -0.536410 -0.792026 0.173526 0.702617 1 28 1.000000
 29 -58.819580 -7.568941 87.072517 -0.148800 -0.139166 -0.979026 0.214008 0.715053 1 28 1.000000
 29 -55.250977 -8.849485 88.114815 0.360170 -0.503723 -0.785201 0.194919 0.672801 1 28 1.000000
MarioHand_alb.png
 29 -59.989849 -11.586143 88.382637 0.164403 -0.469655 -0.867408 0.163043 0.732021 1 28 1.000000
 29 -60.916687 -9.848570 87.817764 -0.239955 -0.023461 -0.970501 0.186007 0.742763 1 28 1.000000
 29 -57.692928 -10.678089 88.378098 0.291478 -0.536410 -0.792026 0.173526 0.702617 1 28 1.000000
MarioHand_alb.png
 29 -57.692928 -10.678089 88.378098 0.291478 -0.536410 -0.792026 0.173526 0.702617 1 28 1.000000
 29 -55.250977 -8.849485 88.114815 0.360170 -0.503723 -0.785201 0.194919 0.672801 1 28 1.000000
 29 -54.877857 -10.442755 90.530334 0.561518 -0.782673 -0.268552 0.162478 0.659998 1 28 1.000000
MarioHand_alb.png
 29 -59.989849 -11.586143 88.382637 0.164403 -0.469655 -0.867408 0.163043 0.732021 1 28 1.000000
 29 -57.692928 -10.678089 88.378098 0.291478 -0.536410 -0.792026 0.173526 0.702617 1 28 1.000000
 29 -59.317169 -12.878754 89.820702 0.381477 -0.782981 -0.491342 0.140261 0.721492 1 28 1.000000
MarioHand_alb.png
 29 -57.692928 -10.678089 88.378098 0.291478 -0.536410 -0.792026 0.173526 0.702617 1 28 1.000000
 29 -54.877857 -10.442755 90.530334 0.561518 -0.782673 -0.268552 0.162478 0.659998 1 28 1.000000
 29 -57.226715 -11.958195 90.426025 0.527932 -0.803913 -0.273884 0.146059 0.691539 1 28 1.000000
MarioHand_alb.png
 29 -57.692928 -10.678089 88.378098 0.291478 -0.536410 -0.792026 0.173526 0.702617 1 28 1.000000
 29 -57.226715 -11.958195 90.426025 0.527932 -0.803913 -0.273884 0.146059 0.691539 1 28 1.000000
 29 -59.317169 -12.878754 89.820702 0.381477 -0.782981 -0.491342 0.140261 0.721492 1 28 1.000000
MarioHand_alb.png
 29 -50.977898 13.337017 97.218819 0.395585 0.912286 0.106049 0.552071 0.536172 1 28 1.000000
 29 -49.153866 11.830957 99.494164 0.203702 0.898063 0.389857 0.509422 0.551141 1 28 1.000000
 29 -49.153866 12.531143 96.311340 0.188058 0.982155 0.002289 0.551141 0.566003 1 28 1.000000
MarioHand_alb.png
 29 -51.074524 12.312138 100.614456 0.391760 0.812035 0.432577 0.506844 0.520638 1 28 1.000000
 29 -49.153866 11.830957 99.494164 0.203702 0.898063 0.389857 0.509422 0.551141 1 28 1.000000
 29 -50.977898 13.337017 97.218819 0.395585 0.912286 0.106049 0.552071 0.536172 1 28 1.000000
MarioHand_alb.png
 29 -53.507767 14.288551 97.757820 0.293358 0.944355 0.148777 0.561028 0.498756 1 28 1.000000
 29 -51.074524 12.312138 100.614456 0.391760 0.812035 0.432577 0.506844 0.520638 1 28 1.000000
 29 -50.977898 13.337017 97.218819 0.395585 0.912286 0.106049 0.552071 0.536172 1 28 1.000000
MarioHand_alb.png
 29 -51.074524 12.312138 100.614456 0.391760 0.812035 0.432577 0.506844 0.520638 1 28 1.000000
 29 -49.153866 9.935482 102.210884 0.205602 0.660960 0.721706 0.463920 0.542000 1 28 1.000000
 29 -49.153866 11.830957 99.494164 0.203702 0.898063 0.389857 0.509422 0.551141 1 28 1.000000
MarioHand_alb.png
 29 -53.633217 13.012157 101.324112 0.279993 0.831015 0.480642 0.512337 0.483894 1 28 1.000000
 29 -51.074524 12.312138 100.614456 0.391760 0.812035 0.432577 0.506844 0.520638 1 28 1.000000
 29 -53.507767 14.288551 97.757820 0.293358 0.944355 0.148777 0.561028 0.498756 1 28 1.000000
MarioHand_alb.png
 29 -56.770214 15.020344 98.208984 0.161368 0.975264 0.151068 0.570321 0.451881 1 28 1.000000
 29 -53.633217 13.012157 101.324112 0.279993 0.831015 0.480642 0.512337 0.483894 1 28 1.000000
 29 -53.507767 14.288551 97.757820 0.293358 0.944355 0.148777 0.561028 0.498756 1 28 1.000000
MarioHand_alb.png
 29 -51.206528 10.250944 103.457199 0.369275 0.561065 0.740839 0.460960 0.509667 1 28 1.000000
 29 -49.153866 9.935482 102.210884 0.205602 0.660960 0.721706 0.463920 0.542000 1 28 1.000000
 29 -51.074524 12.312138 100.614456 0.391760 0.812035 0.432577 0.506844 0.520638 1 28 1.000000
MarioHand_alb.png
 29 -53.633217 13.012157 101.324112 0.279993 0.831015 0.480642 0.512337 0.483894 1 28 1.000000
 29 -51.206528 10.250944 103.457199 0.369275 0.561065 0.740839 0.460960 0.509667 1 28 1.000000
 29 -51.074524 12.312138 100.614456 0.391760 0.812035 0.432577 0.506844 0.520638 1 28 1.000000
MarioHand_alb.png
 29 -51.206528 10.250944 103.457199 0.369275 0.561065 0.740839 0.460960 0.509667 1 28 1.000000
 29 -49.153862 7.049801 103.995384 0.123233 0.326779 0.937032 0.415885 0.536736 1 28 1.000000
 29 -49.153866 9.935482 102.210884 0.205602 0.660960 0.721706 0.463920 0.542000 1 28 1.000000
MarioHand_alb.png
 29 -56.659882 13.640995 101.699394 0.177386 0.835337 0.520333 0.520577 0.442542 1 28 1.000000
 29 -53.633217 13.012157 101.324112 0.279993 0.831015 0.480642 0.512337 0.483894 1 28 1.000000
 29 -56.770214 15.020344 98.208984 0.161368 0.975264 0.151068 0.570321 0.451881 1 28 1.000000
MarioHand_alb.png
 29 -59.800064 15.322760 98.927483 0.047300 0.982240 0.181571 0.570550 0.408133 1 28 1.000000
 29 -56.659882 13.640995 101.699394 0.177386 0.835337 0.520333 0.520577 0.442542 1 28 1.000000
 29 -56.770214 15.020344 98.208984 0.161368 0.975264 0.151068 0.570321 0.451881 1 28 1.000000
MarioHand_alb.png
 29 -53.869507 10.703906 104.202820 0.228865 0.552042 0.801792 0.464836 0.472633 1 28 1.000000
 29 -51.206528 10.250944 103.457199 0.369275 0.561065 0.740839 0.460960 0.509667 1 28 1.000000
 29 -53.633217 13.012157 101.324112 0.279993 0.831015 0.480642 0.512337 0.483894 1 28 1.000000
MarioHand_alb.png
 29 -56.659882 13.640995 101.699394 0.177386 0.835337 0.520333 0.520577 0.442542 1 28 1.000000
 29 -53.869507 10.703906 104.202820 0.228865 0.552042 0.801792 0.464836 0.472633 1 28 1.000000
 29 -53.633217 13.012157 101.324112 0.279993 0.831015 0.480642 0.512337 0.483894 1 28 1.000000
MarioHand_alb.png
 29 -51.428905 7.090028 104.809418 0.291348 0.240439 0.925908 0.414908 0.503975 1 28 1.000000
 29 -49.153862 7.049801 103.995384 0.123233 0.326779 0.937032 0.415885 0.536736 1 28 1.000000
 29 -51.206528 10.250944 103.457199 0.369275 0.561065 0.740839 0.460960 0.509667 1 28 1.000000
MarioHand_alb.png
 29 -53.869507 10.703906 104.202820 0.228865 0.552042 0.801792 0.464836 0.472633 1 28 1.000000
 29 -51.428905 7.090028 104.809418 0.291348 0.240439 0.925908 0.414908 0.503975 1 28 1.000000
 29 -51.206528 10.250944 103.457199 0.369275 0.561065 0.740839 0.460960 0.509667 1 28 1.000000
MarioHand_alb.png
 29 -51.428905 7.090028 104.809418 0.291348 0.240439 0.925908 0.414908 0.503975 1 28 1.000000
 29 -49.160114 3.669015 104.654564 0.038902 0.003909 0.999235 0.367300 0.533974 1 28 1.000000
 29 -49.153862 7.049801 103.995384 0.123233 0.326779 0.937032 0.415885 0.536736 1 28 1.000000
MarioHand_alb.png
 29 -59.649704 13.875656 102.075684 0.090027 0.818349 0.567627 0.524025 0.401785 1 28 1.000000
 29 -56.659882 13.640995 101.699394 0.177386 0.835337 0.520333 0.520577 0.442542 1 28 1.000000
 29 -59.800064 15.322760 98.927483 0.047300 0.982240 0.181571 0.570550 0.408133 1 28 1.000000
MarioHand_alb.png
 29 -62.743584 15.054569 99.798851 -0.157169 0.973724 0.164799 0.563638 0.365408 1 28 1.000000
 29 -59.649704 13.875656 102.075684 0.090027 0.818349 0.567627 0.524025 0.401785 1 28 1.000000
 29 -59.800064 15.322760 98.927483 0.047300 0.982240 0.181571 0.570550 0.408133 1 28 1.000000
MarioHand_alb.png
 29 -56.790436 11.092915 104.456429 0.111778 0.536858 0.836235 0.471458 0.433967 1 28 1.000000
 29 -53.869507 10.703906 104.202820 0.228865 0.552042 0.801792 0.464836 0.472633 1 28 1.000000
 29 -56.659882 13.640995 101.699394 0.177386 0.835337 0.520333 0.520577 0.442542 1 28 1.000000
MarioHand_alb.png
 29 -59.649704 13.875656 102.075684 0.090027 0.818349 0.567627 0.524025 0.401785 1 28 1.000000
 29 -56.790436 11.092915 104.456429 0.111778 0.536858 0.836235 0.471458 0.433967 1 28 1.000000
 29 -56.659882 13.640995 101.699394 0.177386 0.835337 0.520333 0.520577 0.442542 1 28 1.000000
MarioHand_alb.png
 29 -62.422516 13.833128 102.463455 0.011063 0.809708 0.586729 0.523690 0.364019 1 28 1.000000
 29 -59.649704 13.875656 102.075684 0.090027 0.818349 0.567627 0.524025 0.401785 1 28 1.000000
 29 -62.743584 15.054569 99.798851 -0.157169 0.973724 0.164799 0.563638 0.365408 1 28 1.000000
MarioHand_alb.png
 29 -62.422516 13.833128 102.463455 0.011063 0.809708 0.586729 0.523690 0.364019 1 28 1.000000
 29 -62.743584 15.054569 99.798851 -0.157169 0.973724 0.164799 0.563638 0.365408 1 28 1.000000
 29 -64.373032 14.604591 100.256447 -0.177761 0.983978 0.013733 0.558145 0.341192 1 28 1.000000
MarioHand_alb.png
 29 -64.321426 13.633383 102.664627 -0.001526 0.828482 0.560014 0.522744 0.337209 1 28 1.000000
 29 -62.422516 13.833128 102.463455 0.011063 0.809708 0.586729 0.523690 0.364019 1 28 1.000000
 29 -64.373032 14.604591 100.256447 -0.177761 0.983978 0.013733 0.558145 0.341192 1 28 1.000000
MarioHand_alb.png
 29 -62.422516 13.833128 102.463455 0.011063 0.809708 0.586729 0.523690 0.364019 1 28 1.000000
 29 -60.008331 11.418449 104.441986 0.029379 0.506876 0.861518 0.479072 0.391501 1 28 1.000000
 29 -59.649704 13.875656 102.075684 0.090027 0.818349 0.567627 0.524025 0.401785 1 28 1.000000
MarioHand_alb.png
 29 -60.008331 11.418449 104.441986 0.029379 0.506876 0.861518 0.479072 0.391501 1 28 1.000000
 29 -56.790436 11.092915 104.456429 0.111778 0.536858 0.836235 0.471458 0.433967 1 28 1.000000
 29 -59.649704 13.875656 102.075684 0.090027 0.818349 0.567627 0.524025 0.401785 1 28 1.000000
MarioHand_alb.png
 29 -62.729279 11.501127 104.293083 -0.037383 0.465570 0.884221 0.483955 0.355123 1 28 1.000000
 29 -62.422516 13.833128 102.463455 0.011063 0.809708 0.586729 0.523690 0.364019 1 28 1.000000
 29 -64.321426 13.633383 102.664627 -0.001526 0.828482 0.560014 0.522744 0.337209 1 28 1.000000
MarioHand_alb.png
 29 -62.729279 11.501127 104.293083 -0.037383 0.465570 0.884221 0.483955 0.355123 1 28 1.000000
 29 -60.008331 11.418449 104.441986 0.029379 0.506876 0.861518 0.479072 0.391501 1 28 1.000000
 29 -62.422516 13.833128 102.463455 0.011063 0.809708 0.586729 0.523690 0.364019 1 28 1.000000
MarioHand_alb.png
 29 -64.553787 11.546768 104.147835 -0.021356 0.353717 0.935109 0.487724 0.329793 1 28 1.000000
 29 -62.729279 11.501127 104.293083 -0.037383 0.465570 0.884221 0.483955 0.355123 1 28 1.000000
 29 -64.321426 13.633383 102.664627 -0.001526 0.828482 0.560014 0.522744 0.337209 1 28 1.000000
MarioHand_alb.png
 29 -64.553787 11.546768 104.147835 -0.021356 0.353717 0.935109 0.487724 0.329793 1 28 1.000000
 29 -65.093872 9.287973 104.404007 -0.067122 0.395389 0.916058 0.457099 0.318410 1 28 1.000000
 29 -62.729279 11.501127 104.293083 -0.037383 0.465570 0.884221 0.483955 0.355123 1 28 1.000000
MarioHand_alb.png
 29 -60.008331 11.418449 104.441986 0.029379 0.506876 0.861518 0.479072 0.391501 1 28 1.000000
 29 -57.260311 7.564305 105.729691 0.069047 0.221257 0.972768 0.422675 0.424262 1 28 1.000000
 29 -56.790436 11.092915 104.456429 0.111778 0.536858 0.836235 0.471458 0.433967 1 28 1.000000
MarioHand_alb.png
 29 -65.093872 9.287973 104.404007 -0.067122 0.395389 0.916058 0.457099 0.318410 1 28 1.000000
 29 -63.116524 7.878811 105.484596 -0.117455 0.244444 0.962523 0.432380 0.345754 1 28 1.000000
 29 -62.729279 11.501127 104.293083 -0.037383 0.465570 0.884221 0.483955 0.355123 1 28 1.000000
MarioHand_alb.png
 29 -65.093872 9.287973 104.404007 -0.067122 0.395389 0.916058 0.457099 0.318410 1 28 1.000000
 29 -65.501457 6.376359 105.233253 -0.131195 0.158369 0.978625 0.414572 0.310140 1 28 1.000000
 29 -63.116524 7.878811 105.484596 -0.117455 0.244444 0.962523 0.432380 0.345754 1 28 1.000000
MarioHand_alb.png
 29 -62.729279 11.501127 104.293083 -0.037383 0.465570 0.884221 0.483955 0.355123 1 28 1.000000
 29 -60.365417 7.708312 105.732109 -0.017547 0.234592 0.971936 0.427146 0.382696 1 28 1.000000
 29 -60.008331 11.418449 104.441986 0.029379 0.506876 0.861518 0.479072 0.391501 1 28 1.000000
MarioHand_alb.png
 29 -62.729279 11.501127 104.293083 -0.037383 0.465570 0.884221 0.483955 0.355123 1 28 1.000000
 29 -63.116524 7.878811 105.484596 -0.117455 0.244444 0.962523 0.432380 0.345754 1 28 1.000000
 29 -60.365417 7.708312 105.732109 -0.017547 0.234592 0.971936 0.427146 0.382696 1 28 1.000000
MarioHand_alb.png
 29 -60.365417 7.708312 105.732109 -0.017547 0.234592 0.971936 0.427146 0.382696 1 28 1.000000
 29 -57.260311 7.564305 105.729691 0.069047 0.221257 0.972768 0.422675 0.424262 1 28 1.000000
 29 -60.008331 11.418449 104.441986 0.029379 0.506876 0.861518 0.479072 0.391501 1 28 1.000000
MarioHand_alb.png
 29 -65.501457 6.376359 105.233253 -0.131195 0.158369 0.978625 0.414572 0.310140 1 28 1.000000
 29 -63.254005 4.078329 106.043571 -0.119389 0.072377 0.990206 0.380224 0.340810 1 28 1.000000
 29 -63.116524 7.878811 105.484596 -0.117455 0.244444 0.962523 0.432380 0.345754 1 28 1.000000
MarioHand_alb.png
 29 -65.501457 6.376359 105.233253 -0.131195 0.158369 0.978625 0.414572 0.310140 1 28 1.000000
 29 -65.673119 3.285370 105.413704 -0.219030 0.105580 0.969989 0.370718 0.305089 1 28 1.000000
 29 -63.254005 4.078329 106.043571 -0.119389 0.072377 0.990206 0.380224 0.340810 1 28 1.000000
MarioHand_alb.png
 29 -63.116524 7.878811 105.484596 -0.117455 0.244444 0.962523 0.432380 0.345754 1 28 1.000000
 29 -60.646194 4.039194 106.249847 -0.013738 0.056765 0.998293 0.378058 0.376608 1 28 1.000000
 29 -60.365417 7.708312 105.732109 -0.017547 0.234592 0.971936 0.427146 0.382696 1 28 1.000000
MarioHand_alb.png
 29 -63.116524 7.878811 105.484596 -0.117455 0.244444 0.962523 0.432380 0.345754 1 28 1.000000
 29 -63.254005 4.078329 106.043571 -0.119389 0.072377 0.990206 0.380224 0.340810 1 28 1.000000
 29 -60.646194 4.039194 106.249847 -0.013738 0.056765 0.998293 0.378058 0.376608 1 28 1.000000
MarioHand_alb.png
 29 -65.673119 3.285370 105.413704 -0.219030 0.105580 0.969989 0.370718 0.305089 1 28 1.000000
 29 -65.698723 0.337867 105.534767 -0.119021 -0.105580 0.987262 0.328939 0.303883 1 28 1.000000
 29 -63.254005 4.078329 106.043571 -0.119389 0.072377 0.990206 0.380224 0.340810 1 28 1.000000
MarioHand_alb.png
 29 -60.365417 7.708312 105.732109 -0.017547 0.234592 0.971936 0.427146 0.382696 1 28 1.000000
 29 -60.646194 4.039194 106.249847 -0.013738 0.056765 0.998293 0.378058 0.376608 1 28 1.000000
 29 -57.411514 3.917519 106.140862 0.082383 0.027413 0.996224 0.374609 0.419944 1 28 1.000000
MarioHand_alb.png
 29 -60.365417 7.708312 105.732109 -0.017547 0.234592 0.971936 0.427146 0.382696 1 28 1.000000
 29 -57.411514 3.917519 106.140862 0.082383 0.027413 0.996224 0.374609 0.419944 1 28 1.000000
 29 -57.260311 7.564305 105.729691 0.069047 0.221257 0.972768 0.422675 0.424262 1 28 1.000000
MarioHand_alb.png
 29 -63.254005 4.078329 106.043571 -0.119389 0.072377 0.990206 0.380224 0.340810 1 28 1.000000
 29 -60.603302 0.542609 106.168808 0.013730 -0.109505 0.993891 0.331640 0.375402 1 28 1.000000
 29 -60.646194 4.039194 106.249847 -0.013738 0.056765 0.998293 0.378058 0.376608 1 28 1.000000
MarioHand_alb.png
 29 -60.646194 4.039194 106.249847 -0.013738 0.056765 0.998293 0.378058 0.376608 1 28 1.000000
 29 -60.603302 0.542609 106.168808 0.013730 -0.109505 0.993891 0.331640 0.375402 1 28 1.000000
 29 -57.411514 3.917519 106.140862 0.082383 0.027413 0.996224 0.374609 0.419944 1 28 1.000000
MarioHand_alb.png
 29 -63.254005 4.078329 106.043571 -0.119389 0.072377 0.990206 0.380224 0.340810 1 28 1.000000
 29 -65.698723 0.337867 105.534767 -0.119021 -0.105580 0.987262 0.328939 0.303883 1 28 1.000000
 29 -63.213474 0.424310 106.056320 -0.098026 -0.099718 0.990175 0.330449 0.340002 1 28 1.000000
MarioHand_alb.png
 29 -63.254005 4.078329 106.043571 -0.119389 0.072377 0.990206 0.380224 0.340810 1 28 1.000000
 29 -63.213474 0.424310 106.056320 -0.098026 -0.099718 0.990175 0.330449 0.340002 1 28 1.000000
 29 -60.603302 0.542609 106.168808 0.013730 -0.109505 0.993891 0.331640 0.375402 1 28 1.000000
MarioHand_alb.png
 29 -65.698723 0.337867 105.534767 -0.119021 -0.105580 0.987262 0.328939 0.303883 1 28 1.000000
 29 -63.115204 -2.457656 105.438370 -0.083897 -0.287371 0.954138 0.290410 0.340825 1 28 1.000000
 29 -63.213474 0.424310 106.056320 -0.098026 -0.099718 0.990175 0.330449 0.340002 1 28 1.000000
MarioHand_alb.png
 29 -63.213474 0.424310 106.056320 -0.098026 -0.099718 0.990175 0.330449 0.340002 1 28 1.000000
 29 -63.115204 -2.457656 105.438370 -0.083897 -0.287371 0.954138 0.290410 0.340825 1 28 1.000000
 29 -60.603302 0.542609 106.168808 0.013730 -0.109505 0.993891 0.331640 0.375402 1 28 1.000000
MarioHand_alb.png
 29 -65.698723 0.337867 105.534767 -0.119021 -0.105580 0.987262 0.328939 0.303883 1 28 1.000000
 29 -65.838547 -2.498507 104.743843 -0.164001 -0.371506 0.913831 0.286763 0.302037 1 28 1.000000
 29 -63.115204 -2.457656 105.438370 -0.083897 -0.287371 0.954138 0.290410 0.340825 1 28 1.000000
MarioHand_alb.png
 29 -65.838547 -2.498507 104.743843 -0.164001 -0.371506 0.913831 0.286763 0.302037 1 28 1.000000
 29 -65.441269 -5.131710 103.996429 -0.096125 -0.404718 0.909375 0.247776 0.308751 1 28 1.000000
 29 -63.115204 -2.457656 105.438370 -0.083897 -0.287371 0.954138 0.290410 0.340825 1 28 1.000000
MarioHand_alb.png
 29 -60.603302 0.542609 106.168808 0.013730 -0.109505 0.993891 0.331640 0.375402 1 28 1.000000
 29 -63.115204 -2.457656 105.438370 -0.083897 -0.287371 0.954138 0.290410 0.340825 1 28 1.000000
 29 -60.412903 -2.383394 105.545776 0.035107 -0.287796 0.957048 0.291997 0.377310 1 28 1.000000
MarioHand_alb.png
 29 -63.115204 -2.457656 105.438370 -0.083897 -0.287371 0.954138 0.290410 0.340825 1 28 1.000000
 29 -65.441269 -5.131710 103.996429 -0.096125 -0.404718 0.909375 0.247776 0.308751 1 28 1.000000
 29 -63.060249 -5.235723 104.377312 -0.047312 -0.489531 0.870701 0.250080 0.342580 1 28 1.000000
MarioHand_alb.png
 29 -63.115204 -2.457656 105.438370 -0.083897 -0.287371 0.954138 0.290410 0.340825 1 28 1.000000
 29 -63.060249 -5.235723 104.377312 -0.047312 -0.489531 0.870701 0.250080 0.342580 1 28 1.000000
 29 -60.412903 -2.383394 105.545776 0.035107 -0.287796 0.957048 0.291997 0.377310 1 28 1.000000
MarioHand_alb.png
 29 -65.441269 -5.131710 103.996429 -0.096125 -0.404718 0.909375 0.247776 0.308751 1 28 1.000000
 29 -62.941231 -7.323955 102.820282 -0.041200 -0.793968 0.606563 0.214893 0.346059 1 28 1.000000
 29 -63.060249 -5.235723 104.377312 -0.047312 -0.489531 0.870701 0.250080 0.342580 1 28 1.000000
MarioHand_alb.png
 29 -65.441269 -5.131710 103.996429 -0.096125 -0.404718 0.909375 0.247776 0.308751 1 28 1.000000
 29 -65.278534 -7.116806 102.703430 0.003815 -0.830044 0.557686 0.214389 0.313329 1 28 1.000000
 29 -62.941231 -7.323955 102.820282 -0.041200 -0.793968 0.606563 0.214893 0.346059 1 28 1.000000
MarioHand_alb.png
 29 -62.941231 -7.323955 102.820282 -0.041200 -0.793968 0.606563 0.214893 0.346059 1 28 1.000000
 29 -65.278534 -7.116806 102.703430 0.003815 -0.830044 0.557686 0.214389 0.313329 1 28 1.000000
 29 -65.225174 -7.929547 100.551590 -0.037384 -0.993739 0.105287 0.182452 0.315709 1 28 1.000000
MarioHand_alb.png
 29 -60.412903 -2.383394 105.545776 0.035107 -0.287796 0.957048 0.291997 0.377310 1 28 1.000000
 29 -63.060249 -5.235723 104.377312 -0.047312 -0.489531 0.870701 0.250080 0.342580 1 28 1.000000
 29 -60.286213 -5.224834 104.416489 0.056842 -0.511193 0.857584 0.251514 0.379675 1 28 1.000000
MarioHand_alb.png
 29 -63.060249 -5.235723 104.377312 -0.047312 -0.489531 0.870701 0.250080 0.342580 1 28 1.000000
 29 -62.941231 -7.323955 102.820282 -0.041200 -0.793968 0.606563 0.214893 0.346059 1 28 1.000000
 29 -60.286213 -5.224834 104.416489 0.056842 -0.511193 0.857584 0.251514 0.379675 1 28 1.000000
MarioHand_alb.png
 29 -60.603302 0.542609 106.168808 0.013730 -0.109505 0.993891 0.331640 0.375402 1 28 1.000000
 29 -60.412903 -2.383394 105.545776 0.035107 -0.287796 0.957048 0.291997 0.377310 1 28 1.000000
 29 -57.442066 0.657048 105.916054 0.109894 -0.131334 0.985228 0.331746 0.418189 1 28 1.000000
MarioHand_alb.png
 29 -57.411514 3.917519 106.140862 0.082383 0.027413 0.996224 0.374609 0.419944 1 28 1.000000
 29 -60.603302 0.542609 106.168808 0.013730 -0.109505 0.993891 0.331640 0.375402 1 28 1.000000
 29 -57.442066 0.657048 105.916054 0.109894 -0.131334 0.985228 0.331746 0.418189 1 28 1.000000
MarioHand_alb.png
 29 -60.412903 -2.383394 105.545776 0.035107 -0.287796 0.957048 0.291997 0.377310 1 28 1.000000
 29 -60.286213 -5.224834 104.416489 0.056842 -0.511193 0.857584 0.251514 0.379675 1 28 1.000000
 29 -57.304001 -2.193831 105.318283 0.140382 -0.289538 0.946816 0.293553 0.419318 1 28 1.000000
MarioHand_alb.png
 29 -57.442066 0.657048 105.916054 0.109894 -0.131334 0.985228 0.331746 0.418189 1 28 1.000000
 29 -60.412903 -2.383394 105.545776 0.035107 -0.287796 0.957048 0.291997 0.377310 1 28 1.000000
 29 -57.304001 -2.193831 105.318283 0.140382 -0.289538 0.946816 0.293553 0.419318 1 28 1.000000
MarioHand_alb.png
 29 -62.941231 -7.323955 102.820282 -0.041200 -0.793968 0.606563 0.214893 0.346059 1 28 1.000000
 29 -65.225174 -7.929547 100.551590 -0.037384 -0.993739 0.105287 0.182452 0.315709 1 28 1.000000
 29 -62.652245 -8.235298 100.146255 -0.144959 -0.961500 0.233461 0.176455 0.352682 1 28 1.000000
MarioHand_alb.png
 29 -65.225174 -7.929547 100.551590 -0.037384 -0.993739 0.105287 0.182452 0.315709 1 28 1.000000
 29 -65.235565 -7.686036 98.244324 -0.226587 -0.824810 -0.518022 0.151095 0.315785 1 28 1.000000
 29 -62.652245 -8.235298 100.146255 -0.144959 -0.961500 0.233461 0.176455 0.352682 1 28 1.000000
MarioHand_alb.png
 29 -60.286213 -5.224834 104.416489 0.056842 -0.511193 0.857584 0.251514 0.379675 1 28 1.000000
 29 -62.941231 -7.323955 102.820282 -0.041200 -0.793968 0.606563 0.214893 0.346059 1 28 1.000000
 29 -60.046032 -7.650764 102.381882 0.040436 -0.764661 0.643162 0.209598 0.385321 1 28 1.000000
MarioHand_alb.png
 29 -62.941231 -7.323955 102.820282 -0.041200 -0.793968 0.606563 0.214893 0.346059 1 28 1.000000
 29 -62.652245 -8.235298 100.146255 -0.144959 -0.961500 0.233461 0.176455 0.352682 1 28 1.000000
 29 -60.046032 -7.650764 102.381882 0.040436 -0.764661 0.643162 0.209598 0.385321 1 28 1.000000
MarioHand_alb.png
 29 -62.652245 -8.235298 100.146255 -0.144959 -0.961500 0.233461 0.176455 0.352682 1 28 1.000000
 29 -65.235565 -7.686036 98.244324 -0.226587 -0.824810 -0.518022 0.151095 0.315785 1 28 1.000000
 29 -61.913776 -8.620424 97.621590 -0.429934 -0.898206 0.091556 0.141619 0.364279 1 28 1.000000
MarioHand_alb.png
 29 -65.235565 -7.686036 98.244324 -0.226587 -0.824810 -0.518022 0.151095 0.315785 1 28 1.000000
 29 -63.503990 -7.458336 96.195129 -0.716734 -0.635963 -0.286083 0.121752 0.337270 1 28 1.000000
 29 -61.913776 -8.620424 97.621590 -0.429934 -0.898206 0.091556 0.141619 0.364279 1 28 1.000000
MarioHand_alb.png
 29 -61.913776 -8.620424 97.621590 -0.429934 -0.898206 0.091556 0.141619 0.364279 1 28 1.000000
 29 -63.503990 -7.458336 96.195129 -0.716734 -0.635963 -0.286083 0.121752 0.337270 1 28 1.000000
 29 -63.080509 -7.820971 94.589767 -0.932360 -0.021554 0.360889 0.100038 0.344030 1 28 1.000000
MarioHand_alb.png
 29 -61.913776 -8.620424 97.621590 -0.429934 -0.898206 0.091556 0.141619 0.364279 1 28 1.000000
 29 -63.080509 -7.820971 94.589767 -0.932360 -0.021554 0.360889 0.100038 0.344030 1 28 1.000000
 29 -60.947701 -9.867025 95.584892 -0.415046 -0.681507 0.602732 0.112230 0.383856 1 28 1.000000
MarioHand_alb.png
 29 -62.652245 -8.235298 100.146255 -0.144959 -0.961500 0.233461 0.176455 0.352682 1 28 1.000000
 29 -61.913776 -8.620424 97.621590 -0.429934 -0.898206 0.091556 0.141619 0.364279 1 28 1.000000
 29 -59.060806 -9.246794 98.842514 -0.074384 -0.914259 0.398242 0.159213 0.405127 1 28 1.000000
MarioHand_alb.png
 29 -59.060806 -9.246794 98.842514 -0.074384 -0.914259 0.398242 0.159213 0.405127 1 28 1.000000
 29 -61.913776 -8.620424 97.621590 -0.429934 -0.898206 0.091556 0.141619 0.364279 1 28 1.000000
 29 -60.947701 -9.867025 95.584892 -0.415046 -0.681507 0.602732 0.112230 0.383856 1 28 1.000000
MarioHand_alb.png
 29 -60.046032 -7.650764 102.381882 0.040436 -0.764661 0.643162 0.209598 0.385321 1 28 1.000000
 29 -62.652245 -8.235298 100.146255 -0.144959 -0.961500 0.233461 0.176455 0.352682 1 28 1.000000
 29 -59.060806 -9.246794 98.842514 -0.074384 -0.914259 0.398242 0.159213 0.405127 1 28 1.000000
MarioHand_alb.png
 29 -59.060806 -9.246794 98.842514 -0.074384 -0.914259 0.398242 0.159213 0.405127 1 28 1.000000
 29 -60.947701 -9.867025 95.584892 -0.415046 -0.681507 0.602732 0.112230 0.383856 1 28 1.000000
 29 -57.957726 -11.436403 95.169212 0.185386 -0.869140 0.458506 0.103441 0.430396 1 28 1.000000
MarioHand_alb.png
 29 -60.947701 -9.867025 95.584892 -0.415046 -0.681507 0.602732 0.112230 0.383856 1 28 1.000000
 29 -60.093021 -11.537613 94.989830 0.081641 -0.483836 0.871343 0.092897 0.401892 1 28 1.000000
 29 -57.957726 -11.436403 95.169212 0.185386 -0.869140 0.458506 0.103441 0.430396 1 28 1.000000
MarioHand_alb.png
 29 -57.957726 -11.436403 95.169212 0.185386 -0.869140 0.458506 0.103441 0.430396 1 28 1.000000
 29 -60.093021 -11.537613 94.989830 0.081641 -0.483836 0.871343 0.092897 0.401892 1 28 1.000000
 29 -59.326569 -12.878754 93.666687 0.344098 -0.801973 0.488299 0.070771 0.417075 1 28 1.000000
MarioHand_alb.png
 29 -60.046032 -7.650764 102.381882 0.040436 -0.764661 0.643162 0.209598 0.385321 1 28 1.000000
 29 -59.060806 -9.246794 98.842514 -0.074384 -0.914259 0.398242 0.159213 0.405127 1 28 1.000000
 29 -56.052860 -8.766308 99.372940 0.217050 -0.870109 0.442493 0.174701 0.444327 1 28 1.000000
MarioHand_alb.png
 29 -57.957726 -11.436403 95.169212 0.185386 -0.869140 0.458506 0.103441 0.430396 1 28 1.000000
 29 -59.326569 -12.878754 93.666687 0.344098 -0.801973 0.488299 0.070771 0.417075 1 28 1.000000
 29 -57.418839 -12.098812 93.025322 0.502033 -0.852999 0.142675 0.076204 0.446952 1 28 1.000000
MarioHand_alb.png
 29 -59.326569 -12.878754 93.666687 0.344098 -0.801973 0.488299 0.070771 0.417075 1 28 1.000000
 29 -59.106956 -13.283184 91.794815 0.470330 -0.882489 -0.001526 0.047776 0.428840 1 28 1.000000
 29 -57.418839 -12.098812 93.025322 0.502033 -0.852999 0.142675 0.076204 0.446952 1 28 1.000000
MarioHand_alb.png
 29 -59.106956 -13.283184 91.794815 0.470330 -0.882489 -0.001526 0.047776 0.428840 1 28 1.000000
 29 -59.317169 -12.878754 89.820702 0.381477 -0.782981 -0.491342 0.023697 0.441871 1 28 1.000000
 29 -57.226715 -11.958195 90.426025 0.527932 -0.803913 -0.273884 0.046311 0.466056 1 28 1.000000
MarioHand_alb.png
 29 -57.418839 -12.098812 93.025322 0.502033 -0.852999 0.142675 0.076204 0.446952 1 28 1.000000
 29 -59.106956 -13.283184 91.794815 0.470330 -0.882489 -0.001526 0.047776 0.428840 1 28 1.000000
 29 -57.226715 -11.958195 90.426025 0.527932 -0.803913 -0.273884 0.046311 0.466056 1 28 1.000000
MarioHand_alb.png
 29 -57.418839 -12.098812 93.025322 0.502033 -0.852999 0.142675 0.076204 0.446952 1 28 1.000000
 29 -57.226715 -11.958195 90.426025 0.527932 -0.803913 -0.273884 0.046311 0.466056 1 28 1.000000
 29 -54.877857 -10.442755 90.530334 0.561518 -0.782673 -0.268552 0.063996 0.499779 1 28 1.000000
MarioHand_alb.png
 29 -57.418839 -12.098812 93.025322 0.502033 -0.852999 0.142675 0.076204 0.446952 1 28 1.000000
 29 -54.877857 -10.442755 90.530334 0.561518 -0.782673 -0.268552 0.063996 0.499779 1 28 1.000000
 29 -55.169777 -10.603231 93.744308 0.508509 -0.852791 0.119021 0.100938 0.476234 1 28 1.000000
MarioHand_alb.png
 29 -57.957726 -11.436403 95.169212 0.185386 -0.869140 0.458506 0.103441 0.430396 1 28 1.000000
 29 -57.418839 -12.098812 93.025322 0.502033 -0.852999 0.142675 0.076204 0.446952 1 28 1.000000
 29 -55.169777 -10.603231 93.744308 0.508509 -0.852791 0.119021 0.100938 0.476234 1 28 1.000000
MarioHand_alb.png
 29 -55.169777 -10.603231 93.744308 0.508509 -0.852791 0.119021 0.100938 0.476234 1 28 1.000000
 29 -54.877857 -10.442755 90.530334 0.561518 -0.782673 -0.268552 0.063996 0.499779 1 28 1.000000
 29 -52.488174 -8.660358 91.074402 0.667550 -0.704455 -0.241081 0.087922 0.533257 1 28 1.000000
MarioHand_alb.png
 29 -59.060806 -9.246794 98.842514 -0.074384 -0.914259 0.398242 0.159213 0.405127 1 28 1.000000
 29 -57.957726 -11.436403 95.169212 0.185386 -0.869140 0.458506 0.103441 0.430396 1 28 1.000000
 29 -55.584934 -9.973253 96.408386 0.346374 -0.870895 0.348663 0.134386 0.459648 1 28 1.000000
MarioHand_alb.png
 29 -57.957726 -11.436403 95.169212 0.185386 -0.869140 0.458506 0.103441 0.430396 1 28 1.000000
 29 -55.169777 -10.603231 93.744308 0.508509 -0.852791 0.119021 0.100938 0.476234 1 28 1.000000
 29 -55.584934 -9.973253 96.408386 0.346374 -0.870895 0.348663 0.134386 0.459648 1 28 1.000000
MarioHand_alb.png
 29 -59.060806 -9.246794 98.842514 -0.074384 -0.914259 0.398242 0.159213 0.405127 1 28 1.000000
 29 -55.584934 -9.973253 96.408386 0.346374 -0.870895 0.348663 0.134386 0.459648 1 28 1.000000
 29 -56.052860 -8.766308 99.372940 0.217050 -0.870109 0.442493 0.174701 0.444327 1 28 1.000000
MarioHand_alb.png
 29 -55.169777 -10.603231 93.744308 0.508509 -0.852791 0.119021 0.100938 0.476234 1 28 1.000000
 29 -52.488174 -8.660358 91.074402 0.667550 -0.704455 -0.241081 0.087922 0.533257 1 28 1.000000
 29 -52.708515 -8.996830 94.549133 0.597379 -0.799271 0.065612 0.127489 0.507881 1 28 1.000000
MarioHand_alb.png
 29 -55.584934 -9.973253 96.408386 0.346374 -0.870895 0.348663 0.134386 0.459648 1 28 1.000000
 29 -55.169777 -10.603231 93.744308 0.508509 -0.852791 0.119021 0.100938 0.476234 1 28 1.000000
 29 -52.708515 -8.996830 94.549133 0.597379 -0.799271 0.065612 0.127489 0.507881 1 28 1.000000
MarioHand_alb.png
 29 -52.708515 -8.996830 94.549133 0.597379 -0.799271 0.065612 0.127489 0.507881 1 28 1.000000
 29 -52.488174 -8.660358 91.074402 0.667550 -0.704455 -0.241081 0.087922 0.533257 1 28 1.000000
 29 -50.563141 -6.706990 92.293106 0.777121 -0.602583 -0.181595 0.119387 0.559411 1 28 1.000000
MarioHand_alb.png
 29 -55.584934 -9.973253 96.408386 0.346374 -0.870895 0.348663 0.134386 0.459648 1 28 1.000000
 29 -52.708515 -8.996830 94.549133 0.597379 -0.799271 0.065612 0.127489 0.507881 1 28 1.000000
 29 -52.971951 -8.548157 97.384262 0.483319 -0.815292 0.318907 0.162081 0.491920 1 28 1.000000
MarioHand_alb.png
 29 -56.052860 -8.766308 99.372940 0.217050 -0.870109 0.442493 0.174701 0.444327 1 28 1.000000
 29 -55.584934 -9.973253 96.408386 0.346374 -0.870895 0.348663 0.134386 0.459648 1 28 1.000000
 29 -52.971951 -8.548157 97.384262 0.483319 -0.815292 0.318907 0.162081 0.491920 1 28 1.000000
MarioHand_alb.png
 29 -52.708515 -8.996830 94.549133 0.597379 -0.799271 0.065612 0.127489 0.507881 1 28 1.000000
 29 -50.563141 -6.706990 92.293106 0.777121 -0.602583 -0.181595 0.119387 0.559411 1 28 1.000000
 29 -50.661945 -7.043683 95.723633 0.718268 -0.692520 0.067135 0.158923 0.534676 1 28 1.000000
MarioHand_alb.png
 29 -52.971951 -8.548157 97.384262 0.483319 -0.815292 0.318907 0.162081 0.491920 1 28 1.000000
 29 -52.708515 -8.996830 94.549133 0.597379 -0.799271 0.065612 0.127489 0.507881 1 28 1.000000
 29 -50.661945 -7.043683 95.723633 0.718268 -0.692520 0.067135 0.158923 0.534676 1 28 1.000000
MarioHand_alb.png
 29 -50.661945 -7.043683 95.723633 0.718268 -0.692520 0.067135 0.158923 0.534676 1 28 1.000000
 29 -50.563141 -6.706990 92.293106 0.777121 -0.602583 -0.181595 0.119387 0.559411 1 28 1.000000
 29 -49.153854 -4.494934 93.128525 0.252534 -0.892451 -0.373841 0.146151 0.585962 1 28 1.000000
MarioHand_alb.png
 29 -50.661945 -7.043683 95.723633 0.718268 -0.692520 0.067135 0.158923 0.534676 1 28 1.000000
 29 -49.153854 -4.494934 93.128525 0.252534 -0.892451 -0.373841 0.146151 0.585962 1 28 1.000000
 29 -49.153854 -5.193115 96.311340 0.091929 -0.995671 0.013732 0.181735 0.558999 1 28 1.000000
MarioHand_alb.png
 29 -49.153854 -4.492932 99.494164 0.033569 -0.895387 0.444022 0.224308 0.543908 1 28 1.000000
 29 -50.661945 -7.043683 95.723633 0.718268 -0.692520 0.067135 0.158923 0.534676 1 28 1.000000
 29 -49.153854 -5.193115 96.311340 0.091929 -0.995671 0.013732 0.181735 0.558999 1 28 1.000000
MarioHand_alb.png
 29 -52.971951 -8.548157 97.384262 0.483319 -0.815292 0.318907 0.162081 0.491920 1 28 1.000000
 29 -50.661945 -7.043683 95.723633 0.718268 -0.692520 0.067135 0.158923 0.534676 1 28 1.000000
 29 -51.084854 -5.996004 99.788765 0.553844 -0.725299 0.408899 0.211322 0.512932 1 28 1.000000
MarioHand_alb.png
 29 -49.153854 -4.492932 99.494164 0.033569 -0.895387 0.444022 0.224308 0.543908 1 28 1.000000
 29 -51.084854 -5.996004 99.788765 0.553844 -0.725299 0.408899 0.211322 0.512932 1 28 1.000000
 29 -50.661945 -7.043683 95.723633 0.718268 -0.692520 0.067135 0.158923 0.534676 1 28 1.000000
MarioHand_alb.png
 29 -56.052860 -8.766308 99.372940 0.217050 -0.870109 0.442493 0.174701 0.444327 1 28 1.000000
 29 -52.971951 -8.548157 97.384262 0.483319 -0.815292 0.318907 0.162081 0.491920 1 28 1.000000
 29 -53.649502 -6.697954 101.024261 0.375777 -0.724086 0.578353 0.213260 0.473793 1 28 1.000000
MarioHand_alb.png
 29 -53.649502 -6.697954 101.024261 0.375777 -0.724086 0.578353 0.213260 0.473793 1 28 1.000000
 29 -52.971951 -8.548157 97.384262 0.483319 -0.815292 0.318907 0.162081 0.491920 1 28 1.000000
 29 -51.084854 -5.996004 99.788765 0.553844 -0.725299 0.408899 0.211322 0.512932 1 28 1.000000
MarioHand_alb.png
 29 -51.576790 -4.334664 102.283005 0.450191 -0.624831 0.637898 0.250446 0.500832 1 28 1.000000
 29 -51.084854 -5.996004 99.788765 0.553844 -0.725299 0.408899 0.211322 0.512932 1 28 1.000000
 29 -49.153854 -4.492932 99.494164 0.033569 -0.895387 0.444022 0.224308 0.543908 1 28 1.000000
MarioHand_alb.png
 29 -51.576790 -4.334664 102.283005 0.450191 -0.624831 0.637898 0.250446 0.500832 1 28 1.000000
 29 -53.649502 -6.697954 101.024261 0.375777 -0.724086 0.578353 0.213260 0.473793 1 28 1.000000
 29 -51.084854 -5.996004 99.788765 0.553844 -0.725299 0.408899 0.211322 0.512932 1 28 1.000000
MarioHand_alb.png
 29 -49.153854 -2.597457 102.210884 -0.050729 -0.666508 0.743770 0.270665 0.536034 1 28 1.000000
 29 -51.576790 -4.334664 102.283005 0.450191 -0.624831 0.637898 0.250446 0.500832 1 28 1.000000
 29 -49.153854 -4.492932 99.494164 0.033569 -0.895387 0.444022 0.224308 0.543908 1 28 1.000000
MarioHand_alb.png
 29 -56.542076 -7.441599 101.930923 0.221626 -0.725530 0.651527 0.211231 0.432349 1 28 1.000000
 29 -56.052860 -8.766308 99.372940 0.217050 -0.870109 0.442493 0.174701 0.444327 1 28 1.000000
 29 -53.649502 -6.697954 101.024261 0.375777 -0.724086 0.578353 0.213260 0.473793 1 28 1.000000
MarioHand_alb.png
 29 -60.046032 -7.650764 102.381882 0.040436 -0.764661 0.643162 0.209598 0.385321 1 28 1.000000
 29 -56.052860 -8.766308 99.372940 0.217050 -0.870109 0.442493 0.174701 0.444327 1 28 1.000000
 29 -56.542076 -7.441599 101.930923 0.221626 -0.725530 0.651527 0.211231 0.432349 1 28 1.000000
MarioHand_alb.png
 29 -54.218422 -4.587862 103.566345 0.307512 -0.538624 0.784424 0.255756 0.461769 1 28 1.000000
 29 -53.649502 -6.697954 101.024261 0.375777 -0.724086 0.578353 0.213260 0.473793 1 28 1.000000
 29 -51.576790 -4.334664 102.283005 0.450191 -0.624831 0.637898 0.250446 0.500832 1 28 1.000000
MarioHand_alb.png
 29 -54.218422 -4.587862 103.566345 0.307512 -0.538624 0.784424 0.255756 0.461769 1 28 1.000000
 29 -56.542076 -7.441599 101.930923 0.221626 -0.725530 0.651527 0.211231 0.432349 1 28 1.000000
 29 -53.649502 -6.697954 101.024261 0.375777 -0.724086 0.578353 0.213260 0.473793 1 28 1.000000
MarioHand_alb.png
 29 -51.531200 -1.940189 103.899513 0.346758 -0.424912 0.836187 0.289647 0.499779 1 28 1.000000
 29 -51.576790 -4.334664 102.283005 0.450191 -0.624831 0.637898 0.250446 0.500832 1 28 1.000000
 29 -49.153854 -2.597457 102.210884 -0.050729 -0.666508 0.743770 0.270665 0.536034 1 28 1.000000
MarioHand_alb.png
 29 -51.531200 -1.940189 103.899513 0.346758 -0.424912 0.836187 0.289647 0.499779 1 28 1.000000
 29 -54.218422 -4.587862 103.566345 0.307512 -0.538624 0.784424 0.255756 0.461769 1 28 1.000000
 29 -51.576790 -4.334664 102.283005 0.450191 -0.624831 0.637898 0.250446 0.500832 1 28 1.000000
MarioHand_alb.png
 29 -49.153858 0.288227 103.995384 -0.048843 -0.305579 0.950913 0.318761 0.533455 1 28 1.000000
 29 -51.531200 -1.940189 103.899513 0.346758 -0.424912 0.836187 0.289647 0.499779 1 28 1.000000
 29 -49.153854 -2.597457 102.210884 -0.050729 -0.666508 0.743770 0.270665 0.536034 1 28 1.000000
MarioHand_alb.png
 29 -56.996002 -5.040452 104.183258 0.183862 -0.526507 0.830051 0.253574 0.423453 1 28 1.000000
 29 -60.046032 -7.650764 102.381882 0.040436 -0.764661 0.643162 0.209598 0.385321 1 28 1.000000
 29 -56.542076 -7.441599 101.930923 0.221626 -0.725530 0.651527 0.211231 0.432349 1 28 1.000000
MarioHand_alb.png
 29 -56.996002 -5.040452 104.183258 0.183862 -0.526507 0.830051 0.253574 0.423453 1 28 1.000000
 29 -56.542076 -7.441599 101.930923 0.221626 -0.725530 0.651527 0.211231 0.432349 1 28 1.000000
 29 -54.218422 -4.587862 103.566345 0.307512 -0.538624 0.784424 0.255756 0.461769 1 28 1.000000
MarioHand_alb.png
 29 -60.286213 -5.224834 104.416489 0.056842 -0.511193 0.857584 0.251514 0.379675 1 28 1.000000
 29 -60.046032 -7.650764 102.381882 0.040436 -0.764661 0.643162 0.209598 0.385321 1 28 1.000000
 29 -56.996002 -5.040452 104.183258 0.183862 -0.526507 0.830051 0.253574 0.423453 1 28 1.000000
MarioHand_alb.png
 29 -57.304001 -2.193831 105.318283 0.140382 -0.289538 0.946816 0.293553 0.419318 1 28 1.000000
 29 -60.286213 -5.224834 104.416489 0.056842 -0.511193 0.857584 0.251514 0.379675 1 28 1.000000
 29 -56.996002 -5.040452 104.183258 0.183862 -0.526507 0.830051 0.253574 0.423453 1 28 1.000000
MarioHand_alb.png
 29 -54.258957 -1.967411 104.733223 0.219297 -0.307289 0.926003 0.293660 0.461326 1 28 1.000000
 29 -56.996002 -5.040452 104.183258 0.183862 -0.526507 0.830051 0.253574 0.423453 1 28 1.000000
 29 -54.218422 -4.587862 103.566345 0.307512 -0.538624 0.784424 0.255756 0.461769 1 28 1.000000
MarioHand_alb.png
 29 -57.304001 -2.193831 105.318283 0.140382 -0.289538 0.946816 0.293553 0.419318 1 28 1.000000
 29 -56.996002 -5.040452 104.183258 0.183862 -0.526507 0.830051 0.253574 0.423453 1 28 1.000000
 29 -54.258957 -1.967411 104.733223 0.219297 -0.307289 0.926003 0.293660 0.461326 1 28 1.000000
MarioHand_alb.png
 29 -54.258957 -1.967411 104.733223 0.219297 -0.307289 0.926003 0.293660 0.461326 1 28 1.000000
 29 -54.218422 -4.587862 103.566345 0.307512 -0.538624 0.784424 0.255756 0.461769 1 28 1.000000
 29 -51.531200 -1.940189 103.899513 0.346758 -0.424912 0.836187 0.289647 0.499779 1 28 1.000000
MarioHand_alb.png
 29 -51.566517 0.607702 104.789063 0.240633 -0.193703 0.951091 0.326329 0.499443 1 28 1.000000
 29 -51.531200 -1.940189 103.899513 0.346758 -0.424912 0.836187 0.289647 0.499779 1 28 1.000000
 29 -49.153858 0.288227 103.995384 -0.048843 -0.305579 0.950913 0.318761 0.533455 1 28 1.000000
MarioHand_alb.png
 29 -51.566517 0.607702 104.789063 0.240633 -0.193703 0.951091 0.326329 0.499443 1 28 1.000000
 29 -54.258957 -1.967411 104.733223 0.219297 -0.307289 0.926003 0.293660 0.461326 1 28 1.000000
 29 -51.531200 -1.940189 103.899513 0.346758 -0.424912 0.836187 0.289647 0.499779 1 28 1.000000
MarioHand_alb.png
 29 -49.160114 3.669015 104.654564 0.038902 0.003909 0.999235 0.367300 0.533974 1 28 1.000000
 29 -51.566517 0.607702 104.789063 0.240633 -0.193703 0.951091 0.326329 0.499443 1 28 1.000000
 29 -49.153858 0.288227 103.995384 -0.048843 -0.305579 0.950913 0.318761 0.533455 1 28 1.000000
MarioHand_alb.png
 29 -54.250469 0.664014 105.425781 0.172062 -0.154739 0.972857 0.329656 0.462028 1 28 1.000000
 29 -57.304001 -2.193831 105.318283 0.140382 -0.289538 0.946816 0.293553 0.419318 1 28 1.000000
 29 -54.258957 -1.967411 104.733223 0.219297 -0.307289 0.926003 0.293660 0.461326 1 28 1.000000
MarioHand_alb.png
 29 -54.250469 0.664014 105.425781 0.172062 -0.154739 0.972857 0.329656 0.462028 1 28 1.000000
 29 -54.258957 -1.967411 104.733223 0.219297 -0.307289 0.926003 0.293660 0.461326 1 28 1.000000
 29 -51.566517 0.607702 104.789063 0.240633 -0.193703 0.951091 0.326329 0.499443 1 28 1.000000
MarioHand_alb.png
 29 -57.442066 0.657048 105.916054 0.109894 -0.131334 0.985228 0.331746 0.418189 1 28 1.000000
 29 -57.304001 -2.193831 105.318283 0.140382 -0.289538 0.946816 0.293553 0.419318 1 28 1.000000
 29 -54.250469 0.664014 105.425781 0.172062 -0.154739 0.972857 0.329656 0.462028 1 28 1.000000
MarioHand_alb.png
 29 -51.494301 3.598827 105.257210 0.240728 -0.009824 0.970543 0.367361 0.501091 1 28 1.000000
 29 -51.566517 0.607702 104.789063 0.240633 -0.193703 0.951091 0.326329 0.499443 1 28 1.000000
 29 -49.160114 3.669015 104.654564 0.038902 0.003909 0.999235 0.367300 0.533974 1 28 1.000000
MarioHand_alb.png
 29 -51.494301 3.598827 105.257210 0.240728 -0.009824 0.970543 0.367361 0.501091 1 28 1.000000
 29 -54.250469 0.664014 105.425781 0.172062 -0.154739 0.972857 0.329656 0.462028 1 28 1.000000
 29 -51.566517 0.607702 104.789063 0.240633 -0.193703 0.951091 0.326329 0.499443 1 28 1.000000
MarioHand_alb.png
 29 -51.428905 7.090028 104.809418 0.291348 0.240439 0.925908 0.414908 0.503975 1 28 1.000000
 29 -51.494301 3.598827 105.257210 0.240728 -0.009824 0.970543 0.367361 0.501091 1 28 1.000000
 29 -49.160114 3.669015 104.654564 0.038902 0.003909 0.999235 0.367300 0.533974 1 28 1.000000
MarioHand_alb.png
 29 -54.173656 3.696595 105.728447 0.160563 0.001955 0.987024 0.369955 0.464149 1 28 1.000000
 29 -57.442066 0.657048 105.916054 0.109894 -0.131334 0.985228 0.331746 0.418189 1 28 1.000000
 29 -54.250469 0.664014 105.425781 0.172062 -0.154739 0.972857 0.329656 0.462028 1 28 1.000000
MarioHand_alb.png
 29 -54.173656 3.696595 105.728447 0.160563 0.001955 0.987024 0.369955 0.464149 1 28 1.000000
 29 -54.250469 0.664014 105.425781 0.172062 -0.154739 0.972857 0.329656 0.462028 1 28 1.000000
 29 -51.494301 3.598827 105.257210 0.240728 -0.009824 0.970543 0.367361 0.501091 1 28 1.000000
MarioHand_alb.png
 29 -54.173656 3.696595 105.728447 0.160563 0.001955 0.987024 0.369955 0.464149 1 28 1.000000
 29 -51.494301 3.598827 105.257210 0.240728 -0.009824 0.970543 0.367361 0.501091 1 28 1.000000
 29 -51.428905 7.090028 104.809418 0.291348 0.240439 0.925908 0.414908 0.503975 1 28 1.000000
MarioHand_alb.png
 29 -57.411514 3.917519 106.140862 0.082383 0.027413 0.996224 0.374609 0.419944 1 28 1.000000
 29 -57.442066 0.657048 105.916054 0.109894 -0.131334 0.985228 0.331746 0.418189 1 28 1.000000
 29 -54.173656 3.696595 105.728447 0.160563 0.001955 0.987024 0.369955 0.464149 1 28 1.000000
MarioHand_alb.png
 29 -54.061314 7.393640 105.414909 0.173517 0.215275 0.961015 0.418769 0.467338 1 28 1.000000
 29 -54.173656 3.696595 105.728447 0.160563 0.001955 0.987024 0.369955 0.464149 1 28 1.000000
 29 -51.428905 7.090028 104.809418 0.291348 0.240439 0.925908 0.414908 0.503975 1 28 1.000000
MarioHand_alb.png
 29 -57.411514 3.917519 106.140862 0.082383 0.027413 0.996224 0.374609 0.419944 1 28 1.000000
 29 -54.173656 3.696595 105.728447 0.160563 0.001955 0.987024 0.369955 0.464149 1 28 1.000000
 29 -54.061314 7.393640 105.414909 0.173517 0.215275 0.961015 0.418769 0.467338 1 28 1.000000
MarioHand_alb.png
 29 -54.061314 7.393640 105.414909 0.173517 0.215275 0.961015 0.418769 0.467338 1 28 1.000000
 29 -51.428905 7.090028 104.809418 0.291348 0.240439 0.925908 0.414908 0.503975 1 28 1.000000
 29 -53.869507 10.703906 104.202820 0.228865 0.552042 0.801792 0.464836 0.472633 1 28 1.000000
MarioHand_alb.png
 29 -57.260311 7.564305 105.729691 0.069047 0.221257 0.972768 0.422675 0.424262 1 28 1.000000
 29 -57.411514 3.917519 106.140862 0.082383 0.027413 0.996224 0.374609 0.419944 1 28 1.000000
 29 -54.061314 7.393640 105.414909 0.173517 0.215275 0.961015 0.418769 0.467338 1 28 1.000000
MarioHand_alb.png
 29 -56.790436 11.092915 104.456429 0.111778 0.536858 0.836235 0.471458 0.433967 1 28 1.000000
 29 -54.061314 7.393640 105.414909 0.173517 0.215275 0.961015 0.418769 0.467338 1 28 1.000000
 29 -53.869507 10.703906 104.202820 0.228865 0.552042 0.801792 0.464836 0.472633 1 28 1.000000
MarioHand_alb.png
 29 -57.260311 7.564305 105.729691 0.069047 0.221257 0.972768 0.422675 0.424262 1 28 1.000000
 29 -54.061314 7.393640 105.414909 0.173517 0.215275 0.961015 0.418769 0.467338 1 28 1.000000
 29 -56.790436 11.092915 104.456429 0.111778 0.536858 0.836235 0.471458 0.433967 1 28 1.000000
MarioHand_alb.png
 29 -49.153858 0.286234 88.627304 0.031275 -0.266162 -0.963421 0.252018 0.893233 1 28 1.000000
 29 -49.160366 3.667030 87.968124 -0.133154 0.052723 -0.989692 0.206943 0.893233 1 28 1.000000
 29 -48.257683 3.474375 87.442879 -0.324907 -0.003909 -0.945738 0.206943 0.908217 1 28 1.000000
MarioHand_alb.png
 29 -48.257683 -0.119251 88.143555 -0.366183 -0.342781 -0.865108 0.252018 0.908217 1 28 1.000000
 29 -49.153858 0.286234 88.627304 0.031275 -0.266162 -0.963421 0.252018 0.893233 1 28 1.000000
 29 -48.257683 3.474375 87.442879 -0.324907 -0.003909 -0.945738 0.206943 0.908217 1 28 1.000000
MarioHand_alb.png
 29 -49.153858 -2.599454 90.411789 0.308965 -0.635096 -0.707951 0.293767 0.893233 1 28 1.000000
 29 -49.153858 0.286234 88.627304 0.031275 -0.266162 -0.963421 0.252018 0.893233 1 28 1.000000
 29 -48.257683 -0.119251 88.143555 -0.366183 -0.342781 -0.865108 0.252018 0.908217 1 28 1.000000
MarioHand_alb.png
 29 -47.136055 3.405868 87.253006 0.068264 -0.005911 -0.997650 0.206943 0.924254 1 28 1.000000
 29 -48.257683 -0.119251 88.143555 -0.366183 -0.342781 -0.865108 0.252018 0.908217 1 28 1.000000
 29 -48.257683 3.474375 87.442879 -0.324907 -0.003909 -0.945738 0.206943 0.908217 1 28 1.000000
MarioHand_alb.png
 29 -48.257679 -3.186599 90.040390 -0.403191 -0.630010 -0.663720 0.293767 0.908217 1 28 1.000000
 29 -49.153858 -2.599454 90.411789 0.308965 -0.635096 -0.707951 0.293767 0.893233 1 28 1.000000
 29 -48.257683 -0.119251 88.143555 -0.366183 -0.342781 -0.865108 0.252018 0.908217 1 28 1.000000
MarioHand_alb.png
 29 -49.153854 -4.494934 93.128525 0.252534 -0.892451 -0.373841 0.337987 0.893233 1 28 1.000000
 29 -49.153858 -2.599454 90.411789 0.308965 -0.635096 -0.707951 0.293767 0.893233 1 28 1.000000
 29 -48.257679 -3.186599 90.040390 -0.403191 -0.630010 -0.663720 0.293767 0.908217 1 28 1.000000
MarioHand_alb.png
 29 -47.148872 -0.264698 87.968689 0.068266 -0.367519 -0.927507 0.252018 0.924254 1 28 1.000000
 29 -48.257683 -0.119251 88.143555 -0.366183 -0.342781 -0.865108 0.252018 0.908217 1 28 1.000000
 29 -47.136055 3.405868 87.253006 0.068264 -0.005911 -0.997650 0.206943 0.924254 1 28 1.000000
MarioHand_alb.png
 29 -48.257679 -3.186599 90.040390 -0.403191 -0.630010 -0.663720 0.293767 0.908217 1 28 1.000000
 29 -48.257683 -0.119251 88.143555 -0.366183 -0.342781 -0.865108 0.252018 0.908217 1 28 1.000000
 29 -47.148872 -0.264698 87.968689 0.068266 -0.367519 -0.927507 0.252018 0.924254 1 28 1.000000
MarioHand_alb.png
 29 -49.153854 -4.494934 93.128525 0.252534 -0.892451 -0.373841 0.337987 0.893233 1 28 1.000000
 29 -48.257679 -3.186599 90.040390 -0.403191 -0.630010 -0.663720 0.293767 0.908217 1 28 1.000000
 29 -48.257675 -5.201403 92.928146 -0.430318 -0.827065 -0.361650 0.337987 0.908217 1 28 1.000000
MarioHand_alb.png
 29 -49.153854 -5.193115 96.311340 0.091929 -0.995671 0.013732 0.389715 0.893233 1 28 1.000000
 29 -49.153854 -4.494934 93.128525 0.252534 -0.892451 -0.373841 0.337987 0.893233 1 28 1.000000
 29 -48.257675 -5.201403 92.928146 -0.430318 -0.827065 -0.361650 0.337987 0.908217 1 28 1.000000
MarioHand_alb.png
 29 -48.257679 -3.186599 90.040390 -0.403191 -0.630010 -0.663720 0.293767 0.908217 1 28 1.000000
 29 -47.148872 -0.264698 87.968689 0.068266 -0.367519 -0.927507 0.252018 0.924254 1 28 1.000000
 29 -47.159790 -3.397720 89.906143 0.068285 -0.688764 -0.721762 0.293767 0.924254 1 28 1.000000
MarioHand_alb.png
 29 -48.257675 -5.201403 92.928146 -0.430318 -0.827065 -0.361650 0.337987 0.908217 1 28 1.000000
 29 -48.257679 -3.186599 90.040390 -0.403191 -0.630010 -0.663720 0.293767 0.908217 1 28 1.000000
 29 -47.159790 -3.397720 89.906143 0.068285 -0.688764 -0.721762 0.293767 0.924254 1 28 1.000000
MarioHand_alb.png
 29 -45.830849 -0.058113 88.302689 0.508391 -0.310487 -0.803204 0.252018 0.940383 1 28 1.000000
 29 -47.148872 -0.264698 87.968689 0.068266 -0.367519 -0.927507 0.252018 0.924254 1 28 1.000000
 29 -47.136055 3.405868 87.253006 0.068264 -0.005911 -0.997650 0.206943 0.924254 1 28 1.000000
MarioHand_alb.png
 29 -45.830849 -0.058113 88.302689 0.508391 -0.310487 -0.803204 0.252018 0.940383 1 28 1.000000
 29 -47.136055 3.405868 87.253006 0.068264 -0.005911 -0.997650 0.206943 0.924254 1 28 1.000000
 29 -45.830849 3.465497 87.615662 0.505148 0.003911 -0.863024 0.206943 0.940383 1 28 1.000000
MarioHand_alb.png
 29 -45.018364 3.410862 88.582138 0.992422 -0.003909 0.122813 0.206943 0.956008 1 28 1.000000
 29 -45.830849 -0.058113 88.302689 0.508391 -0.310487 -0.803204 0.252018 0.940383 1 28 1.000000
 29 -45.830849 3.465497 87.615662 0.505148 0.003911 -0.863024 0.206943 0.940383 1 28 1.000000
MarioHand_alb.png
 29 -45.029293 0.278883 89.192810 0.991780 0.045009 0.119777 0.252018 0.956008 1 28 1.000000
 29 -45.830849 -0.058113 88.302689 0.508391 -0.310487 -0.803204 0.252018 0.940383 1 28 1.000000
 29 -45.018364 3.410862 88.582138 0.992422 -0.003909 0.122813 0.206943 0.956008 1 28 1.000000
MarioHand_alb.png
 29 -45.038620 -2.394424 90.845978 0.992515 0.084156 0.088495 0.293767 0.956008 1 28 1.000000
 29 -45.830849 -0.058113 88.302689 0.508391 -0.310487 -0.803204 0.252018 0.940383 1 28 1.000000
 29 -45.029293 0.278883 89.192810 0.991780 0.045009 0.119777 0.252018 0.956008 1 28 1.000000
MarioHand_alb.png
 29 -45.830849 -0.058113 88.302689 0.508391 -0.310487 -0.803204 0.252018 0.940383 1 28 1.000000
 29 -45.830845 -3.065699 90.162575 0.515423 -0.586360 -0.624917 0.293767 0.940383 1 28 1.000000
 29 -47.148872 -0.264698 87.968689 0.068266 -0.367519 -0.927507 0.252018 0.924254 1 28 1.000000
MarioHand_alb.png
 29 -45.038620 -2.394424 90.845978 0.992515 0.084156 0.088495 0.293767 0.956008 1 28 1.000000
 29 -45.830845 -3.065699 90.162575 0.515423 -0.586360 -0.624917 0.293767 0.940383 1 28 1.000000
 29 -45.830849 -0.058113 88.302689 0.508391 -0.310487 -0.803204 0.252018 0.940383 1 28 1.000000
MarioHand_alb.png
 29 -47.159790 -3.397720 89.906143 0.068285 -0.688764 -0.721762 0.293767 0.924254 1 28 1.000000
 29 -47.148872 -0.264698 87.968689 0.068266 -0.367519 -0.927507 0.252018 0.924254 1 28 1.000000
 29 -45.830845 -3.065699 90.162575 0.515423 -0.586360 -0.624917 0.293767 0.940383 1 28 1.000000
MarioHand_alb.png
 29 -45.044750 -4.150399 93.362755 0.992556 0.111577 0.048827 0.337987 0.956008 1 28 1.000000
 29 -45.830845 -3.065699 90.162575 0.515423 -0.586360 -0.624917 0.293767 0.940383 1 28 1.000000
 29 -45.038620 -2.394424 90.845978 0.992515 0.084156 0.088495 0.293767 0.956008 1 28 1.000000
MarioHand_alb.png
 29 -45.044750 -4.150399 93.362755 0.992556 0.111577 0.048827 0.337987 0.956008 1 28 1.000000
 29 -45.830853 -5.041245 92.994057 0.524500 -0.778453 -0.344835 0.337987 0.940383 1 28 1.000000
 29 -45.830845 -3.065699 90.162575 0.515423 -0.586360 -0.624917 0.293767 0.940383 1 28 1.000000
MarioHand_alb.png
 29 -47.159790 -3.397720 89.906143 0.068285 -0.688764 -0.721762 0.293767 0.924254 1 28 1.000000
 29 -45.830845 -3.065699 90.162575 0.515423 -0.586360 -0.624917 0.293767 0.940383 1 28 1.000000
 29 -45.830853 -5.041245 92.994057 0.524500 -0.778453 -0.344835 0.337987 0.940383 1 28 1.000000
MarioHand_alb.png
 29 -45.047016 -4.799055 96.311356 0.993320 0.115391 0.000000 0.389715 0.956008 1 28 1.000000
 29 -45.830853 -5.041245 92.994057 0.524500 -0.778453 -0.344835 0.337987 0.940383 1 28 1.000000
 29 -45.044750 -4.150399 93.362755 0.992556 0.111577 0.048827 0.337987 0.956008 1 28 1.000000
MarioHand_alb.png
 29 -47.159790 -3.397720 89.906143 0.068285 -0.688764 -0.721762 0.293767 0.924254 1 28 1.000000
 29 -45.830853 -5.041245 92.994057 0.524500 -0.778453 -0.344835 0.337987 0.940383 1 28 1.000000
 29 -47.166988 -5.455658 92.855705 0.068663 -0.915036 -0.397485 0.337987 0.924254 1 28 1.000000
MarioHand_alb.png
 29 -48.257675 -5.201403 92.928146 -0.430318 -0.827065 -0.361650 0.337987 0.908217 1 28 1.000000
 29 -47.159790 -3.397720 89.906143 0.068285 -0.688764 -0.721762 0.293767 0.924254 1 28 1.000000
 29 -47.166988 -5.455658 92.855705 0.068663 -0.915036 -0.397485 0.337987 0.924254 1 28 1.000000
MarioHand_alb.png
 29 -45.047016 -4.799055 96.311356 0.993320 0.115391 0.000000 0.389715 0.956008 1 28 1.000000
 29 -45.830853 -5.771011 96.311356 0.526798 -0.849991 0.000000 0.389914 0.940383 1 28 1.000000
 29 -45.830853 -5.041245 92.994057 0.524500 -0.778453 -0.344835 0.337987 0.940383 1 28 1.000000
MarioHand_alb.png
 29 -47.166988 -5.455658 92.855705 0.068663 -0.915036 -0.397485 0.337987 0.924254 1 28 1.000000
 29 -45.830853 -5.041245 92.994057 0.524500 -0.778453 -0.344835 0.337987 0.940383 1 28 1.000000
 29 -45.830853 -5.771011 96.311356 0.526798 -0.849991 0.000000 0.389914 0.940383 1 28 1.000000
MarioHand_alb.png
 29 -48.257675 -5.201403 92.928146 -0.430318 -0.827065 -0.361650 0.337987 0.908217 1 28 1.000000
 29 -47.166988 -5.455658 92.855705 0.068663 -0.915036 -0.397485 0.337987 0.924254 1 28 1.000000
 29 -48.257675 -5.945667 96.311340 -0.440219 -0.897890 0.000000 0.389914 0.908217 1 28 1.000000
MarioHand_alb.png
 29 -49.153854 -5.193115 96.311340 0.091929 -0.995671 0.013732 0.389715 0.893233 1 28 1.000000
 29 -48.257675 -5.201403 92.928146 -0.430318 -0.827065 -0.361650 0.337987 0.908217 1 28 1.000000
 29 -48.257675 -5.945667 96.311340 -0.440219 -0.897890 0.000000 0.389914 0.908217 1 28 1.000000
MarioHand_alb.png
 29 -47.166988 -5.455658 92.855705 0.068663 -0.915036 -0.397485 0.337987 0.924254 1 28 1.000000
 29 -45.830853 -5.771011 96.311356 0.526798 -0.849991 0.000000 0.389914 0.940383 1 28 1.000000
 29 -47.169640 -6.215858 96.311340 0.068665 -0.997640 0.000000 0.389960 0.924254 1 28 1.000000
MarioHand_alb.png
 29 -48.257675 -5.945667 96.311340 -0.440219 -0.897890 0.000000 0.389914 0.908217 1 28 1.000000
 29 -47.166988 -5.455658 92.855705 0.068663 -0.915036 -0.397485 0.337987 0.924254 1 28 1.000000
 29 -47.169640 -6.215858 96.311340 0.068665 -0.997640 0.000000 0.389960 0.924254 1 28 1.000000
MarioHand_alb.png
 29 -45.830853 -5.041250 99.628639 0.524124 -0.778366 0.345601 0.441459 0.940383 1 28 1.000000
 29 -45.830853 -5.771011 96.311356 0.526798 -0.849991 0.000000 0.389914 0.940383 1 28 1.000000
 29 -45.047016 -4.799055 96.311356 0.993320 0.115391 0.000000 0.389715 0.956008 1 28 1.000000
MarioHand_alb.png
 29 -45.830853 -5.041250 99.628639 0.524124 -0.778366 0.345601 0.441459 0.940383 1 28 1.000000
 29 -45.047016 -4.799055 96.311356 0.993320 0.115391 0.000000 0.389715 0.956008 1 28 1.000000
 29 -45.044746 -4.150396 99.259933 0.992545 0.111671 -0.048826 0.441459 0.956008 1 28 1.000000
MarioHand_alb.png
 29 -47.166988 -5.455660 99.766983 0.068661 -0.914712 0.398231 0.441459 0.924254 1 28 1.000000
 29 -47.169640 -6.215858 96.311340 0.068665 -0.997640 0.000000 0.389960 0.924254 1 28 1.000000
 29 -45.830853 -5.771011 96.311356 0.526798 -0.849991 0.000000 0.389914 0.940383 1 28 1.000000
MarioHand_alb.png
 29 -48.257675 -5.945667 96.311340 -0.440219 -0.897890 0.000000 0.389914 0.908217 1 28 1.000000
 29 -47.169640 -6.215858 96.311340 0.068665 -0.997640 0.000000 0.389960 0.924254 1 28 1.000000
 29 -47.166988 -5.455660 99.766983 0.068661 -0.914712 0.398231 0.441459 0.924254 1 28 1.000000
MarioHand_alb.png
 29 -45.830853 -5.041250 99.628639 0.524124 -0.778366 0.345601 0.441459 0.940383 1 28 1.000000
 29 -47.166988 -5.455660 99.766983 0.068661 -0.914712 0.398231 0.441459 0.924254 1 28 1.000000
 29 -45.830853 -5.771011 96.311356 0.526798 -0.849991 0.000000 0.389914 0.940383 1 28 1.000000
MarioHand_alb.png
 29 -49.153854 -5.193115 96.311340 0.091929 -0.995671 0.013732 0.389715 0.893233 1 28 1.000000
 29 -48.257675 -5.945667 96.311340 -0.440219 -0.897890 0.000000 0.389914 0.908217 1 28 1.000000
 29 -48.257675 -5.201403 99.694550 -0.431058 -0.826353 0.362394 0.441459 0.908217 1 28 1.000000
MarioHand_alb.png
 29 -48.257675 -5.201403 99.694550 -0.431058 -0.826353 0.362394 0.441459 0.908217 1 28 1.000000
 29 -48.257675 -5.945667 96.311340 -0.440219 -0.897890 0.000000 0.389914 0.908217 1 28 1.000000
 29 -47.166988 -5.455660 99.766983 0.068661 -0.914712 0.398231 0.441459 0.924254 1 28 1.000000
MarioHand_alb.png
 29 -49.153854 -4.492932 99.494164 0.033569 -0.895387 0.444022 0.441459 0.893233 1 28 1.000000
 29 -49.153854 -5.193115 96.311340 0.091929 -0.995671 0.013732 0.389715 0.893233 1 28 1.000000
 29 -48.257675 -5.201403 99.694550 -0.431058 -0.826353 0.362394 0.441459 0.908217 1 28 1.000000
MarioHand_alb.png
 29 -47.159798 -3.397718 102.716560 0.068656 -0.688041 0.722417 0.488807 0.924254 1 28 1.000000
 29 -47.166988 -5.455660 99.766983 0.068661 -0.914712 0.398231 0.441459 0.924254 1 28 1.000000
 29 -45.830853 -5.041250 99.628639 0.524124 -0.778366 0.345601 0.441459 0.940383 1 28 1.000000
MarioHand_alb.png
 29 -47.159798 -3.397718 102.716560 0.068656 -0.688041 0.722417 0.488807 0.924254 1 28 1.000000
 29 -48.257675 -5.201403 99.694550 -0.431058 -0.826353 0.362394 0.441459 0.908217 1 28 1.000000
 29 -47.166988 -5.455660 99.766983 0.068661 -0.914712 0.398231 0.441459 0.924254 1 28 1.000000
MarioHand_alb.png
 29 -49.153854 -4.492932 99.494164 0.033569 -0.895387 0.444022 0.441459 0.893233 1 28 1.000000
 29 -48.257675 -5.201403 99.694550 -0.431058 -0.826353 0.362394 0.441459 0.908217 1 28 1.000000
 29 -48.257675 -3.186600 102.582306 -0.403191 -0.630010 0.663720 0.488807 0.908217 1 28 1.000000
MarioHand_alb.png
 29 -47.159798 -3.397718 102.716560 0.068656 -0.688041 0.722417 0.488807 0.924254 1 28 1.000000
 29 -48.257675 -3.186600 102.582306 -0.403191 -0.630010 0.663720 0.488807 0.908217 1 28 1.000000
 29 -48.257675 -5.201403 99.694550 -0.431058 -0.826353 0.362394 0.441459 0.908217 1 28 1.000000
MarioHand_alb.png
 29 -49.153854 -2.597457 102.210884 -0.050729 -0.666508 0.743770 0.488807 0.893233 1 28 1.000000
 29 -49.153854 -4.492932 99.494164 0.033569 -0.895387 0.444022 0.441459 0.893233 1 28 1.000000
 29 -48.257675 -3.186600 102.582306 -0.403191 -0.630010 0.663720 0.488807 0.908217 1 28 1.000000
MarioHand_alb.png
 29 -45.830853 -3.065699 102.460114 0.516969 -0.585786 0.624178 0.488807 0.940383 1 28 1.000000
 29 -47.159798 -3.397718 102.716560 0.068656 -0.688041 0.722417 0.488807 0.924254 1 28 1.000000
 29 -45.830853 -5.041250 99.628639 0.524124 -0.778366 0.345601 0.441459 0.940383 1 28 1.000000
MarioHand_alb.png
 29 -45.830853 -3.065699 102.460114 0.516969 -0.585786 0.624178 0.488807 0.940383 1 28 1.000000
 29 -45.830853 -5.041250 99.628639 0.524124 -0.778366 0.345601 0.441459 0.940383 1 28 1.000000
 29 -45.044746 -4.150396 99.259933 0.992545 0.111671 -0.048826 0.441459 0.956008 1 28 1.000000
MarioHand_alb.png
 29 -45.830853 -3.065699 102.460114 0.516969 -0.585786 0.624178 0.488807 0.940383 1 28 1.000000
 29 -45.044746 -4.150396 99.259933 0.992545 0.111671 -0.048826 0.441459 0.956008 1 28 1.000000
 29 -45.038624 -2.394425 101.776711 0.992519 0.084109 -0.088495 0.488807 0.956008 1 28 1.000000
MarioHand_alb.png
 29 -47.148872 -0.264696 104.653992 0.068685 -0.368112 0.927241 0.530831 0.924254 1 28 1.000000
 29 -48.257675 -3.186600 102.582306 -0.403191 -0.630010 0.663720 0.488807 0.908217 1 28 1.000000
 29 -47.159798 -3.397718 102.716560 0.068656 -0.688041 0.722417 0.488807 0.924254 1 28 1.000000
MarioHand_alb.png
 29 -47.148872 -0.264696 104.653992 0.068685 -0.368112 0.927241 0.530831 0.924254 1 28 1.000000
 29 -47.159798 -3.397718 102.716560 0.068656 -0.688041 0.722417 0.488807 0.924254 1 28 1.000000
 29 -45.830853 -3.065699 102.460114 0.516969 -0.585786 0.624178 0.488807 0.940383 1 28 1.000000
MarioHand_alb.png
 29 -49.153854 -2.597457 102.210884 -0.050729 -0.666508 0.743770 0.488807 0.893233 1 28 1.000000
 29 -48.257675 -3.186600 102.582306 -0.403191 -0.630010 0.663720 0.488807 0.908217 1 28 1.000000
 29 -48.257679 -0.119248 104.479126 -0.366213 -0.342567 0.865179 0.530831 0.908217 1 28 1.000000
MarioHand_alb.png
 29 -47.148872 -0.264696 104.653992 0.068685 -0.368112 0.927241 0.530831 0.924254 1 28 1.000000
 29 -48.257679 -0.119248 104.479126 -0.366213 -0.342567 0.865179 0.530831 0.908217 1 28 1.000000
 29 -48.257675 -3.186600 102.582306 -0.403191 -0.630010 0.663720 0.488807 0.908217 1 28 1.000000
MarioHand_alb.png
 29 -49.153858 0.288227 103.995384 -0.048843 -0.305579 0.950913 0.530831 0.893233 1 28 1.000000
 29 -49.153854 -2.597457 102.210884 -0.050729 -0.666508 0.743770 0.488807 0.893233 1 28 1.000000
 29 -48.257679 -0.119248 104.479126 -0.366213 -0.342567 0.865179 0.530831 0.908217 1 28 1.000000
MarioHand_alb.png
 29 -45.830845 -0.058111 104.319984 0.508084 -0.310685 0.803322 0.530831 0.940383 1 28 1.000000
 29 -45.830853 -3.065699 102.460114 0.516969 -0.585786 0.624178 0.488807 0.940383 1 28 1.000000
 29 -45.038624 -2.394425 101.776711 0.992519 0.084109 -0.088495 0.488807 0.956008 1 28 1.000000
MarioHand_alb.png
 29 -45.830845 -0.058111 104.319984 0.508084 -0.310685 0.803322 0.530831 0.940383 1 28 1.000000
 29 -47.148872 -0.264696 104.653992 0.068685 -0.368112 0.927241 0.530831 0.924254 1 28 1.000000
 29 -45.830853 -3.065699 102.460114 0.516969 -0.585786 0.624178 0.488807 0.940383 1 28 1.000000
MarioHand_alb.png
 29 -45.830845 -0.058111 104.319984 0.508084 -0.310685 0.803322 0.530831 0.940383 1 28 1.000000
 29 -45.038624 -2.394425 101.776711 0.992519 0.084109 -0.088495 0.488807 0.956008 1 28 1.000000
 29 -45.029293 0.278883 103.429855 0.991782 0.044958 -0.119777 0.530831 0.956008 1 28 1.000000
MarioHand_alb.png
 29 -45.018364 3.410864 104.040550 0.992323 -0.003911 -0.123611 0.573602 0.956008 1 28 1.000000
 29 -45.830845 -0.058111 104.319984 0.508084 -0.310685 0.803322 0.530831 0.940383 1 28 1.000000
 29 -45.029293 0.278883 103.429855 0.991782 0.044958 -0.119777 0.530831 0.956008 1 28 1.000000
MarioHand_alb.png
 29 -47.136059 3.405868 105.369682 0.068264 -0.005816 0.997650 0.573602 0.924254 1 28 1.000000
 29 -48.257679 -0.119248 104.479126 -0.366213 -0.342567 0.865179 0.530831 0.908217 1 28 1.000000
 29 -47.148872 -0.264696 104.653992 0.068685 -0.368112 0.927241 0.530831 0.924254 1 28 1.000000
MarioHand_alb.png
 29 -45.830845 -0.058111 104.319984 0.508084 -0.310685 0.803322 0.530831 0.940383 1 28 1.000000
 29 -47.136059 3.405868 105.369682 0.068264 -0.005816 0.997650 0.573602 0.924254 1 28 1.000000
 29 -47.148872 -0.264696 104.653992 0.068685 -0.368112 0.927241 0.530831 0.924254 1 28 1.000000
MarioHand_alb.png
 29 -49.153858 0.288227 103.995384 -0.048843 -0.305579 0.950913 0.530831 0.893233 1 28 1.000000
 29 -48.257679 -0.119248 104.479126 -0.366213 -0.342567 0.865179 0.530831 0.908217 1 28 1.000000
 29 -48.257683 3.474377 105.179810 -0.325141 -0.003912 0.945657 0.573602 0.908217 1 28 1.000000
MarioHand_alb.png
 29 -47.136059 3.405868 105.369682 0.068264 -0.005816 0.997650 0.573602 0.924254 1 28 1.000000
 29 -48.257683 3.474377 105.179810 -0.325141 -0.003912 0.945657 0.573602 0.908217 1 28 1.000000
 29 -48.257679 -0.119248 104.479126 -0.366213 -0.342567 0.865179 0.530831 0.908217 1 28 1.000000
MarioHand_alb.png
 29 -49.160114 3.669015 104.654564 0.038902 0.003909 0.999235 0.573602 0.893233 1 28 1.000000
 29 -49.153858 0.288227 103.995384 -0.048843 -0.305579 0.950913 0.530831 0.893233 1 28 1.000000
 29 -48.257683 3.474377 105.179810 -0.325141 -0.003912 0.945657 0.573602 0.908217 1 28 1.000000
MarioHand_alb.png
 29 -45.018364 3.410864 104.040550 0.992323 -0.003911 -0.123611 0.573602 0.956008 1 28 1.000000
 29 -45.830849 3.465497 105.007034 0.505148 0.003911 0.863024 0.573602 0.940383 1 28 1.000000
 29 -45.830845 -0.058111 104.319984 0.508084 -0.310685 0.803322 0.530831 0.940383 1 28 1.000000
MarioHand_alb.png
 29 -45.830849 3.465497 105.007034 0.505148 0.003911 0.863024 0.573602 0.940383 1 28 1.000000
 29 -47.136059 3.405868 105.369682 0.068264 -0.005816 0.997650 0.573602 0.924254 1 28 1.000000
 29 -45.830845 -0.058111 104.319984 0.508084 -0.310685 0.803322 0.530831 0.940383 1 28 1.000000
MarioHand_alb.png
 29 -45.018364 3.410864 104.040550 0.992323 -0.003911 -0.123611 0.573602 0.956008 1 28 1.000000
 29 -45.007427 6.542839 103.429855 0.992211 -0.050927 -0.113679 0.622583 0.956008 1 28 1.000000
 29 -45.830849 3.465497 105.007034 0.505148 0.003911 0.863024 0.573602 0.940383 1 28 1.000000
MarioHand_alb.png
 29 -47.123249 7.076433 104.653992 0.070587 0.358180 0.930981 0.622583 0.924254 1 28 1.000000
 29 -48.257683 3.474377 105.179810 -0.325141 -0.003912 0.945657 0.573602 0.908217 1 28 1.000000
 29 -47.136059 3.405868 105.369682 0.068264 -0.005816 0.997650 0.573602 0.924254 1 28 1.000000
MarioHand_alb.png
 29 -45.830849 3.465497 105.007034 0.505148 0.003911 0.863024 0.573602 0.940383 1 28 1.000000
 29 -47.123249 7.076433 104.653992 0.070587 0.358180 0.930981 0.622583 0.924254 1 28 1.000000
 29 -47.136059 3.405868 105.369682 0.068264 -0.005816 0.997650 0.573602 0.924254 1 28 1.000000
MarioHand_alb.png
 29 -48.257687 7.068000 104.479126 -0.285736 0.344581 0.894214 0.622583 0.908217 1 28 1.000000
 29 -49.160114 3.669015 104.654564 0.038902 0.003909 0.999235 0.573602 0.893233 1 28 1.000000
 29 -48.257683 3.474377 105.179810 -0.325141 -0.003912 0.945657 0.573602 0.908217 1 28 1.000000
MarioHand_alb.png
 29 -47.123249 7.076433 104.653992 0.070587 0.358180 0.930981 0.622583 0.924254 1 28 1.000000
 29 -48.257687 7.068000 104.479126 -0.285736 0.344581 0.894214 0.622583 0.908217 1 28 1.000000
 29 -48.257683 3.474377 105.179810 -0.325141 -0.003912 0.945657 0.573602 0.908217 1 28 1.000000
MarioHand_alb.png
 29 -48.257687 7.068000 104.479126 -0.285736 0.344581 0.894214 0.622583 0.908217 1 28 1.000000
 29 -49.153862 7.049801 103.995384 0.123233 0.326779 0.937032 0.622583 0.893233 1 28 1.000000
 29 -49.160114 3.669015 104.654564 0.038902 0.003909 0.999235 0.573602 0.893233 1 28 1.000000
MarioHand_alb.png
 29 -45.007427 6.542839 103.429855 0.992211 -0.050927 -0.113679 0.622583 0.956008 1 28 1.000000
 29 -45.830853 6.989103 104.319984 0.506600 0.316816 0.801863 0.622583 0.940383 1 28 1.000000
 29 -45.830849 3.465497 105.007034 0.505148 0.003911 0.863024 0.573602 0.940383 1 28 1.000000
MarioHand_alb.png
 29 -45.830849 3.465497 105.007034 0.505148 0.003911 0.863024 0.573602 0.940383 1 28 1.000000
 29 -45.830853 6.989103 104.319984 0.506600 0.316816 0.801863 0.622583 0.940383 1 28 1.000000
 29 -47.123249 7.076433 104.653992 0.070587 0.358180 0.930981 0.622583 0.924254 1 28 1.000000
MarioHand_alb.png
 29 -45.007427 6.542839 103.429855 0.992211 -0.050927 -0.113679 0.622583 0.956008 1 28 1.000000
 29 -44.998104 9.216146 101.776711 0.993510 -0.082220 -0.078596 0.669917 0.956008 1 28 1.000000
 29 -45.830853 6.989103 104.319984 0.506600 0.316816 0.801863 0.622583 0.940383 1 28 1.000000
MarioHand_alb.png
 29 -47.123249 7.076433 104.653992 0.070587 0.358180 0.930981 0.622583 0.924254 1 28 1.000000
 29 -47.112320 10.209455 102.716560 0.072478 0.681101 0.728593 0.669917 0.924254 1 28 1.000000
 29 -48.257687 7.068000 104.479126 -0.285736 0.344581 0.894214 0.622583 0.908217 1 28 1.000000
MarioHand_alb.png
 29 -45.830853 6.989103 104.319984 0.506600 0.316816 0.801863 0.622583 0.940383 1 28 1.000000
 29 -47.112320 10.209455 102.716560 0.072478 0.681101 0.728593 0.669917 0.924254 1 28 1.000000
 29 -47.123249 7.076433 104.653992 0.070587 0.358180 0.930981 0.622583 0.924254 1 28 1.000000
MarioHand_alb.png
 29 -48.257687 7.068000 104.479126 -0.285736 0.344581 0.894214 0.622583 0.908217 1 28 1.000000
 29 -48.257687 10.135351 102.582298 -0.256351 0.659664 0.706490 0.669917 0.908217 1 28 1.000000
 29 -49.153862 7.049801 103.995384 0.123233 0.326779 0.937032 0.622583 0.893233 1 28 1.000000
MarioHand_alb.png
 29 -47.112320 10.209455 102.716560 0.072478 0.681101 0.728593 0.669917 0.924254 1 28 1.000000
 29 -48.257687 10.135351 102.582298 -0.256351 0.659664 0.706490 0.669917 0.908217 1 28 1.000000
 29 -48.257687 7.068000 104.479126 -0.285736 0.344581 0.894214 0.622583 0.908217 1 28 1.000000
MarioHand_alb.png
 29 -48.257687 10.135351 102.582298 -0.256351 0.659664 0.706490 0.669917 0.908217 1 28 1.000000
 29 -49.153866 9.935482 102.210884 0.205602 0.660960 0.721706 0.669917 0.893233 1 28 1.000000
 29 -49.153862 7.049801 103.995384 0.123233 0.326779 0.937032 0.622583 0.893233 1 28 1.000000
MarioHand_alb.png
 29 -45.830853 6.989103 104.319984 0.506600 0.316816 0.801863 0.622583 0.940383 1 28 1.000000
 29 -44.998104 9.216146 101.776711 0.993510 -0.082220 -0.078596 0.669917 0.956008 1 28 1.000000
 29 -45.830853 9.996696 102.460114 0.513122 0.591616 0.621850 0.669917 0.940383 1 28 1.000000
MarioHand_alb.png
 29 -45.830853 6.989103 104.319984 0.506600 0.316816 0.801863 0.622583 0.940383 1 28 1.000000
 29 -45.830853 9.996696 102.460114 0.513122 0.591616 0.621850 0.669917 0.940383 1 28 1.000000
 29 -47.112320 10.209455 102.716560 0.072478 0.681101 0.728593 0.669917 0.924254 1 28 1.000000
MarioHand_alb.png
 29 -44.998104 9.216146 101.776711 0.993510 -0.082220 -0.078596 0.669917 0.956008 1 28 1.000000
 29 -44.991974 10.972118 99.259933 0.993768 -0.103573 -0.041200 0.710567 0.956008 1 28 1.000000
 29 -45.830853 9.996696 102.460114 0.513122 0.591616 0.621850 0.669917 0.940383 1 28 1.000000
MarioHand_alb.png
 29 -47.112320 10.209455 102.716560 0.072478 0.681101 0.728593 0.669917 0.924254 1 28 1.000000
 29 -47.105129 12.267395 99.766983 0.076294 0.912090 0.402830 0.710567 0.924254 1 28 1.000000
 29 -48.257687 10.135351 102.582298 -0.256351 0.659664 0.706490 0.669917 0.908217 1 28 1.000000
MarioHand_alb.png
 29 -47.112320 10.209455 102.716560 0.072478 0.681101 0.728593 0.669917 0.924254 1 28 1.000000
 29 -45.830853 9.996696 102.460114 0.513122 0.591616 0.621850 0.669917 0.940383 1 28 1.000000
 29 -47.105129 12.267395 99.766983 0.076294 0.912090 0.402830 0.710567 0.924254 1 28 1.000000
MarioHand_alb.png
 29 -48.257687 10.135351 102.582298 -0.256351 0.659664 0.706490 0.669917 0.908217 1 28 1.000000
 29 -48.257687 12.150152 99.694550 -0.234981 0.888712 0.393669 0.710567 0.908217 1 28 1.000000
 29 -49.153866 9.935482 102.210884 0.205602 0.660960 0.721706 0.669917 0.893233 1 28 1.000000
MarioHand_alb.png
 29 -47.105129 12.267395 99.766983 0.076294 0.912090 0.402830 0.710567 0.924254 1 28 1.000000
 29 -48.257687 12.150152 99.694550 -0.234981 0.888712 0.393669 0.710567 0.908217 1 28 1.000000
 29 -48.257687 10.135351 102.582298 -0.256351 0.659664 0.706490 0.669917 0.908217 1 28 1.000000
MarioHand_alb.png
 29 -48.257687 12.150152 99.694550 -0.234981 0.888712 0.393669 0.710567 0.908217 1 28 1.000000
 29 -49.153866 11.830957 99.494164 0.203702 0.898063 0.389857 0.710567 0.893233 1 28 1.000000
 29 -49.153866 9.935482 102.210884 0.205602 0.660960 0.721706 0.669917 0.893233 1 28 1.000000
MarioHand_alb.png
 29 -45.830853 9.996696 102.460114 0.513122 0.591616 0.621850 0.669917 0.940383 1 28 1.000000
 29 -44.991974 10.972118 99.259933 0.993768 -0.103573 -0.041200 0.710567 0.956008 1 28 1.000000
 29 -45.830853 11.972242 99.628632 0.518803 0.783259 0.342563 0.710567 0.940383 1 28 1.000000
MarioHand_alb.png
 29 -45.830853 9.996696 102.460114 0.513122 0.591616 0.621850 0.669917 0.940383 1 28 1.000000
 29 -45.830853 11.972242 99.628632 0.518803 0.783259 0.342563 0.710567 0.940383 1 28 1.000000
 29 -47.105129 12.267395 99.766983 0.076294 0.912090 0.402830 0.710567 0.924254 1 28 1.000000
MarioHand_alb.png
 29 -44.991974 10.972118 99.259933 0.993768 -0.103573 -0.041200 0.710567 0.956008 1 28 1.000000
 29 -44.989704 11.620771 96.311340 0.994601 -0.103771 0.000000 0.755230 0.956008 1 28 1.000000
 29 -45.830853 11.972242 99.628632 0.518803 0.783259 0.342563 0.710567 0.940383 1 28 1.000000
MarioHand_alb.png
 29 -48.257687 12.150152 99.694550 -0.234981 0.888712 0.393669 0.710567 0.908217 1 28 1.000000
 29 -48.257690 12.894417 96.311340 -0.229273 0.973362 0.000000 0.755230 0.908217 1 28 1.000000
 29 -49.153866 11.830957 99.494164 0.203702 0.898063 0.389857 0.710567 0.893233 1 28 1.000000
MarioHand_alb.png
 29 -49.153866 11.830957 99.494164 0.203702 0.898063 0.389857 0.710567 0.893233 1 28 1.000000
 29 -48.257690 12.894417 96.311340 -0.229273 0.973362 0.000000 0.755230 0.908217 1 28 1.000000
 29 -49.153866 12.531143 96.311340 0.188058 0.982155 0.002289 0.755230 0.893233 1 28 1.000000
MarioHand_alb.png
 29 -49.153866 12.531143 96.311340 0.188058 0.982155 0.002289 0.755230 0.893233 1 28 1.000000
 29 -48.257690 12.894417 96.311340 -0.229273 0.973362 0.000000 0.755230 0.908217 1 28 1.000000
 29 -49.153866 11.828993 93.128502 0.125506 0.922027 -0.366217 0.799878 0.893233 1 28 1.000000
MarioHand_alb.png
 29 -47.105129 12.267395 99.766983 0.076294 0.912090 0.402830 0.710567 0.924254 1 28 1.000000
 29 -47.102478 13.027594 96.311340 0.076295 0.997085 0.000000 0.755230 0.924254 1 28 1.000000
 29 -48.257687 12.150152 99.694550 -0.234981 0.888712 0.393669 0.710567 0.908217 1 28 1.000000
MarioHand_alb.png
 29 -48.257687 12.150152 99.694550 -0.234981 0.888712 0.393669 0.710567 0.908217 1 28 1.000000
 29 -47.102478 13.027594 96.311340 0.076295 0.997085 0.000000 0.755230 0.924254 1 28 1.000000
 29 -48.257690 12.894417 96.311340 -0.229273 0.973362 0.000000 0.755230 0.908217 1 28 1.000000
MarioHand_alb.png
 29 -47.105129 12.267395 99.766983 0.076294 0.912090 0.402830 0.710567 0.924254 1 28 1.000000
 29 -45.830853 11.972242 99.628632 0.518803 0.783259 0.342563 0.710567 0.940383 1 28 1.000000
 29 -47.102478 13.027594 96.311340 0.076295 0.997085 0.000000 0.755230 0.924254 1 28 1.000000
MarioHand_alb.png
 29 -48.257690 12.894417 96.311340 -0.229273 0.973362 0.000000 0.755230 0.908217 1 28 1.000000
 29 -48.257687 12.150152 92.928139 -0.234981 0.888712 -0.393669 0.799878 0.908217 1 28 1.000000
 29 -49.153866 11.828993 93.128502 0.125506 0.922027 -0.366217 0.799878 0.893233 1 28 1.000000
MarioHand_alb.png
 29 -47.102478 13.027594 96.311340 0.076295 0.997085 0.000000 0.755230 0.924254 1 28 1.000000
 29 -48.257687 12.150152 92.928139 -0.234981 0.888712 -0.393669 0.799878 0.908217 1 28 1.000000
 29 -48.257690 12.894417 96.311340 -0.229273 0.973362 0.000000 0.755230 0.908217 1 28 1.000000
MarioHand_alb.png
 29 -48.257687 12.150152 92.928139 -0.234981 0.888712 -0.393669 0.799878 0.908217 1 28 1.000000
 29 -49.153866 9.933514 90.411789 0.053027 0.667887 -0.742372 0.844251 0.893233 1 28 1.000000
 29 -49.153866 11.828993 93.128502 0.125506 0.922027 -0.366217 0.799878 0.893233 1 28 1.000000
MarioHand_alb.png
 29 -45.830853 11.972242 99.628632 0.518803 0.783259 0.342563 0.710567 0.940383 1 28 1.000000
 29 -45.830853 12.702000 96.311340 0.522245 0.852796 0.000000 0.755230 0.940383 1 28 1.000000
 29 -47.102478 13.027594 96.311340 0.076295 0.997085 0.000000 0.755230 0.924254 1 28 1.000000
MarioHand_alb.png
 29 -45.830853 11.972242 99.628632 0.518803 0.783259 0.342563 0.710567 0.940383 1 28 1.000000
 29 -44.989704 11.620771 96.311340 0.994601 -0.103771 0.000000 0.755230 0.956008 1 28 1.000000
 29 -45.830853 12.702000 96.311340 0.522245 0.852796 0.000000 0.755230 0.940383 1 28 1.000000
MarioHand_alb.png
 29 -48.257687 12.150152 92.928139 -0.234981 0.888712 -0.393669 0.799878 0.908217 1 28 1.000000
 29 -48.257687 10.135349 90.040390 -0.256351 0.659664 -0.706490 0.844251 0.908217 1 28 1.000000
 29 -49.153866 9.933514 90.411789 0.053027 0.667887 -0.742372 0.844251 0.893233 1 28 1.000000
MarioHand_alb.png
 29 -48.257687 10.135349 90.040390 -0.256351 0.659664 -0.706490 0.844251 0.908217 1 28 1.000000
 29 -49.153862 7.047825 88.627304 -0.090388 0.279937 -0.955754 0.886946 0.893233 1 28 1.000000
 29 -49.153866 9.933514 90.411789 0.053027 0.667887 -0.742372 0.844251 0.893233 1 28 1.000000
MarioHand_alb.png
 29 -44.989704 11.620771 96.311340 0.994601 -0.103771 0.000000 0.755230 0.956008 1 28 1.000000
 29 -45.830853 11.972240 92.994057 0.518784 0.782943 -0.343313 0.799878 0.940383 1 28 1.000000
 29 -45.830853 12.702000 96.311340 0.522245 0.852796 0.000000 0.755230 0.940383 1 28 1.000000
MarioHand_alb.png
 29 -45.830853 12.702000 96.311340 0.522245 0.852796 0.000000 0.755230 0.940383 1 28 1.000000
 29 -45.830853 11.972240 92.994057 0.518784 0.782943 -0.343313 0.799878 0.940383 1 28 1.000000
 29 -47.102478 13.027594 96.311340 0.076295 0.997085 0.000000 0.755230 0.924254 1 28 1.000000
MarioHand_alb.png
 29 -44.989704 11.620771 96.311340 0.994601 -0.103771 0.000000 0.755230 0.956008 1 28 1.000000
 29 -44.991974 10.972118 93.362747 0.993779 -0.103765 0.040438 0.799878 0.956008 1 28 1.000000
 29 -45.830853 11.972240 92.994057 0.518784 0.782943 -0.343313 0.799878 0.940383 1 28 1.000000
MarioHand_alb.png
 29 -47.105129 12.267393 92.855705 0.076290 0.911761 -0.403574 0.799878 0.924254 1 28 1.000000
 29 -48.257687 12.150152 92.928139 -0.234981 0.888712 -0.393669 0.799878 0.908217 1 28 1.000000
 29 -47.102478 13.027594 96.311340 0.076295 0.997085 0.000000 0.755230 0.924254 1 28 1.000000
MarioHand_alb.png
 29 -45.830853 11.972240 92.994057 0.518784 0.782943 -0.343313 0.799878 0.940383 1 28 1.000000
 29 -47.105129 12.267393 92.855705 0.076290 0.911761 -0.403574 0.799878 0.924254 1 28 1.000000
 29 -47.102478 13.027594 96.311340 0.076295 0.997085 0.000000 0.755230 0.924254 1 28 1.000000
MarioHand_alb.png
 29 -47.105129 12.267393 92.855705 0.076290 0.911761 -0.403574 0.799878 0.924254 1 28 1.000000
 29 -48.257687 10.135349 90.040390 -0.256351 0.659664 -0.706490 0.844251 0.908217 1 28 1.000000
 29 -48.257687 12.150152 92.928139 -0.234981 0.888712 -0.393669 0.799878 0.908217 1 28 1.000000
MarioHand_alb.png
 29 -44.991974 10.972118 93.362747 0.993779 -0.103765 0.040438 0.799878 0.956008 1 28 1.000000
 29 -45.830853 9.996693 90.162582 0.512274 0.590851 -0.623274 0.844251 0.940383 1 28 1.000000
 29 -45.830853 11.972240 92.994057 0.518784 0.782943 -0.343313 0.799878 0.940383 1 28 1.000000
MarioHand_alb.png
 29 -45.830853 11.972240 92.994057 0.518784 0.782943 -0.343313 0.799878 0.940383 1 28 1.000000
 29 -45.830853 9.996693 90.162582 0.512274 0.590851 -0.623274 0.844251 0.940383 1 28 1.000000
 29 -47.105129 12.267393 92.855705 0.076290 0.911761 -0.403574 0.799878 0.924254 1 28 1.000000
MarioHand_alb.png
 29 -44.991974 10.972118 93.362747 0.993779 -0.103765 0.040438 0.799878 0.956008 1 28 1.000000
 29 -44.998104 9.216146 90.845978 0.993518 -0.082125 0.078596 0.844251 0.956008 1 28 1.000000
 29 -45.830853 9.996693 90.162582 0.512274 0.590851 -0.623274 0.844251 0.940383 1 28 1.000000
MarioHand_alb.png
 29 -47.105129 12.267393 92.855705 0.076290 0.911761 -0.403574 0.799878 0.924254 1 28 1.000000
 29 -47.112320 10.209454 89.906136 0.072473 0.681152 -0.728546 0.844251 0.924254 1 28 1.000000
 29 -48.257687 10.135349 90.040390 -0.256351 0.659664 -0.706490 0.844251 0.908217 1 28 1.000000
MarioHand_alb.png
 29 -45.830853 9.996693 90.162582 0.512274 0.590851 -0.623274 0.844251 0.940383 1 28 1.000000
 29 -47.112320 10.209454 89.906136 0.072473 0.681152 -0.728546 0.844251 0.924254 1 28 1.000000
 29 -47.105129 12.267393 92.855705 0.076290 0.911761 -0.403574 0.799878 0.924254 1 28 1.000000
MarioHand_alb.png
 29 -44.998104 9.216146 90.845978 0.993518 -0.082125 0.078596 0.844251 0.956008 1 28 1.000000
 29 -45.830853 6.989103 88.302704 0.506332 0.316791 -0.802042 0.886946 0.940383 1 28 1.000000
 29 -45.830853 9.996693 90.162582 0.512274 0.590851 -0.623274 0.844251 0.940383 1 28 1.000000
MarioHand_alb.png
 29 -45.830853 9.996693 90.162582 0.512274 0.590851 -0.623274 0.844251 0.940383 1 28 1.000000
 29 -45.830853 6.989103 88.302704 0.506332 0.316791 -0.802042 0.886946 0.940383 1 28 1.000000
 29 -47.112320 10.209454 89.906136 0.072473 0.681152 -0.728546 0.844251 0.924254 1 28 1.000000
MarioHand_alb.png
 29 -44.998104 9.216146 90.845978 0.993518 -0.082125 0.078596 0.844251 0.956008 1 28 1.000000
 29 -45.007427 6.542840 89.192810 0.992216 -0.050832 0.113680 0.886946 0.956008 1 28 1.000000
 29 -45.830853 6.989103 88.302704 0.506332 0.316791 -0.802042 0.886946 0.940383 1 28 1.000000
MarioHand_alb.png
 29 -47.112320 10.209454 89.906136 0.072473 0.681152 -0.728546 0.844251 0.924254 1 28 1.000000
 29 -48.257687 7.067998 88.143562 -0.285736 0.344581 -0.894214 0.886946 0.908217 1 28 1.000000
 29 -48.257687 10.135349 90.040390 -0.256351 0.659664 -0.706490 0.844251 0.908217 1 28 1.000000
MarioHand_alb.png
 29 -48.257687 10.135349 90.040390 -0.256351 0.659664 -0.706490 0.844251 0.908217 1 28 1.000000
 29 -48.257687 7.067998 88.143562 -0.285736 0.344581 -0.894214 0.886946 0.908217 1 28 1.000000
 29 -49.153862 7.047825 88.627304 -0.090388 0.279937 -0.955754 0.886946 0.893233 1 28 1.000000
MarioHand_alb.png
 29 -48.257687 7.067998 88.143562 -0.285736 0.344581 -0.894214 0.886946 0.908217 1 28 1.000000
 29 -49.160366 3.667030 87.968124 -0.133154 0.052723 -0.989692 0.930816 0.893233 1 28 1.000000
 29 -49.153862 7.047825 88.627304 -0.090388 0.279937 -0.955754 0.886946 0.893233 1 28 1.000000
MarioHand_alb.png
 29 -48.257687 7.067998 88.143562 -0.285736 0.344581 -0.894214 0.886946 0.908217 1 28 1.000000
 29 -48.257683 3.474375 87.442879 -0.324907 -0.003909 -0.945738 0.930816 0.908217 1 28 1.000000
 29 -49.160366 3.667030 87.968124 -0.133154 0.052723 -0.989692 0.930816 0.893233 1 28 1.000000
MarioHand_alb.png
 29 -47.112320 10.209454 89.906136 0.072473 0.681152 -0.728546 0.844251 0.924254 1 28 1.000000
 29 -47.123245 7.076428 87.968697 0.070591 0.358013 -0.931044 0.886946 0.924254 1 28 1.000000
 29 -48.257687 7.067998 88.143562 -0.285736 0.344581 -0.894214 0.886946 0.908217 1 28 1.000000
MarioHand_alb.png
 29 -47.123245 7.076428 87.968697 0.070591 0.358013 -0.931044 0.886946 0.924254 1 28 1.000000
 29 -48.257683 3.474375 87.442879 -0.324907 -0.003909 -0.945738 0.930816 0.908217 1 28 1.000000
 29 -48.257687 7.067998 88.143562 -0.285736 0.344581 -0.894214 0.886946 0.908217 1 28 1.000000
MarioHand_alb.png
 29 -45.830853 6.989103 88.302704 0.506332 0.316791 -0.802042 0.886946 0.940383 1 28 1.000000
 29 -47.123245 7.076428 87.968697 0.070591 0.358013 -0.931044 0.886946 0.924254 1 28 1.000000
 29 -47.112320 10.209454 89.906136 0.072473 0.681152 -0.728546 0.844251 0.924254 1 28 1.000000
MarioHand_alb.png
 29 -47.123245 7.076428 87.968697 0.070591 0.358013 -0.931044 0.886946 0.924254 1 28 1.000000
 29 -47.136055 3.405868 87.253006 0.068264 -0.005911 -0.997650 0.930816 0.924254 1 28 1.000000
 29 -48.257683 3.474375 87.442879 -0.324907 -0.003909 -0.945738 0.930816 0.908217 1 28 1.000000
MarioHand_alb.png
 29 -45.830849 3.465497 87.615662 0.505148 0.003911 -0.863024 0.930816 0.940383 1 28 1.000000
 29 -47.136055 3.405868 87.253006 0.068264 -0.005911 -0.997650 0.930816 0.924254 1 28 1.000000
 29 -47.123245 7.076428 87.968697 0.070591 0.358013 -0.931044 0.886946 0.924254 1 28 1.000000
MarioHand_alb.png
 29 -45.830853 6.989103 88.302704 0.506332 0.316791 -0.802042 0.886946 0.940383 1 28 1.000000
 29 -45.830849 3.465497 87.615662 0.505148 0.003911 -0.863024 0.930816 0.940383 1 28 1.000000
 29 -47.123245 7.076428 87.968697 0.070591 0.358013 -0.931044 0.886946 0.924254 1 28 1.000000
MarioHand_alb.png
 29 -45.007427 6.542840 89.192810 0.992216 -0.050832 0.113680 0.886946 0.956008 1 28 1.000000
 29 -45.830849 3.465497 87.615662 0.505148 0.003911 -0.863024 0.930816 0.940383 1 28 1.000000
 29 -45.830853 6.989103 88.302704 0.506332 0.316791 -0.802042 0.886946 0.940383 1 28 1.000000
MarioHand_alb.png
 29 -45.007427 6.542840 89.192810 0.992216 -0.050832 0.113680 0.886946 0.956008 1 28 1.000000
 29 -45.018364 3.410862 88.582138 0.992422 -0.003909 0.122813 0.930816 0.956008 1 28 1.000000
 29 -45.830849 3.465497 87.615662 0.505148 0.003911 -0.863024 0.930816 0.940383 1 28 1.000000
MarioHand_alb.png
 29 -60.233948 9.442625 105.190659 -0.328064 0.710488 0.622559 0.073045 0.920958 1 28 1.000000
 29 -60.578266 8.872711 105.413605 -0.495415 0.293187 0.817683 0.077577 0.912490 1 28 1.000000
 29 -59.581905 9.085222 105.977341 -0.284232 0.320953 0.903439 0.064149 0.912490 1 28 1.000000
MarioHand_alb.png
 29 -60.578266 8.872711 105.413605 -0.495415 0.293187 0.817683 0.077577 0.912490 1 28 1.000000
 29 -60.227821 8.297356 105.613174 -0.314703 -0.152488 0.936862 0.073045 0.904021 1 28 1.000000
 29 -59.581905 9.085222 105.977341 -0.284232 0.320953 0.903439 0.064149 0.912490 1 28 1.000000
MarioHand_alb.png
 29 -59.581905 9.085222 105.977341 -0.284232 0.320953 0.903439 0.064149 0.912490 1 28 1.000000
 29 -59.188782 7.835011 105.740501 -0.196431 -0.299319 0.933715 0.060639 0.897826 1 28 1.000000
 29 -58.097828 8.378485 106.178513 0.061429 -0.275953 0.959206 0.043687 0.902281 1 28 1.000000
MarioHand_alb.png
 29 -59.581905 9.085222 105.977341 -0.284232 0.320953 0.903439 0.064149 0.912490 1 28 1.000000
 29 -58.105389 9.768345 105.667915 0.046921 0.825606 0.562293 0.043687 0.922713 1 28 1.000000
 29 -59.193569 9.887636 105.002899 -0.205608 0.822052 0.530996 0.060639 0.927169 1 28 1.000000
MarioHand_alb.png
 29 -59.581905 9.085222 105.977341 -0.284232 0.320953 0.903439 0.064149 0.912490 1 28 1.000000
 29 -58.097828 8.378485 106.178513 0.061429 -0.275953 0.959206 0.043687 0.902281 1 28 1.000000
 29 -58.088371 9.196758 106.258759 0.062579 0.341135 0.937929 0.043687 0.912490 1 28 1.000000
MarioHand_alb.png
 29 -59.581905 9.085222 105.977341 -0.284232 0.320953 0.903439 0.064149 0.912490 1 28 1.000000
 29 -58.088371 9.196758 106.258759 0.062579 0.341135 0.937929 0.043687 0.912490 1 28 1.000000
 29 -58.105389 9.768345 105.667915 0.046921 0.825606 0.562293 0.043687 0.922713 1 28 1.000000
MarioHand_alb.png
 29 -58.097828 8.378485 106.178513 0.061429 -0.275953 0.959206 0.043687 0.902281 1 28 1.000000
 29 -56.621315 9.061602 105.869102 0.402337 0.310810 0.861116 0.023239 0.912490 1 28 1.000000
 29 -58.088371 9.196758 106.258759 0.062579 0.341135 0.937929 0.043687 0.912490 1 28 1.000000
MarioHand_alb.png
 29 -58.105389 9.768345 105.667915 0.046921 0.825606 0.562293 0.043687 0.922713 1 28 1.000000
 29 -58.088371 9.196758 106.258759 0.062579 0.341135 0.937929 0.043687 0.912490 1 28 1.000000
 29 -56.621315 9.061602 105.869102 0.402337 0.310810 0.861116 0.023239 0.912490 1 28 1.000000
MarioHand_alb.png
 29 -58.097828 8.378485 106.178513 0.061429 -0.275953 0.959206 0.043687 0.902281 1 28 1.000000
 29 -57.057007 7.818655 105.644966 0.305177 -0.317003 0.897984 0.026749 0.897826 1 28 1.000000
 29 -56.621315 9.061602 105.869102 0.402337 0.310810 0.861116 0.023239 0.912490 1 28 1.000000
MarioHand_alb.png
 29 -58.105389 9.768345 105.667915 0.046921 0.825606 0.562293 0.043687 0.922713 1 28 1.000000
 29 -56.621315 9.061602 105.869102 0.402337 0.310810 0.861116 0.023239 0.912490 1 28 1.000000
 29 -57.061802 9.871286 104.907364 0.291460 0.819825 0.492887 0.026749 0.927169 1 28 1.000000
MarioHand_alb.png
 29 -56.621315 9.061602 105.869102 0.402337 0.310810 0.861116 0.023239 0.912490 1 28 1.000000
 29 -56.016647 8.263660 105.457184 0.419204 -0.170123 0.891810 0.014343 0.904021 1 28 1.000000
 29 -55.672295 8.833572 105.234238 0.600412 0.279703 0.749180 0.009812 0.912490 1 28 1.000000
MarioHand_alb.png
 29 -56.621315 9.061602 105.869102 0.402337 0.310810 0.861116 0.023239 0.912490 1 28 1.000000
 29 -55.672295 8.833572 105.234238 0.600412 0.279703 0.749180 0.009812 0.912490 1 28 1.000000
 29 -56.022770 9.408928 105.034676 0.418065 0.704340 0.573695 0.014343 0.920958 1 28 1.000000
MarioHand_alb.png
 29 -60.129501 4.117122 106.252617 -0.332735 0.437001 0.835654 0.174807 0.908247 1 28 1.000000
 29 -60.459358 3.504579 106.273270 -0.492682 0.003909 0.870201 0.179355 0.899763 1 28 1.000000
 29 -59.451843 3.503901 106.843781 -0.281813 0.003909 0.959461 0.165896 0.899763 1 28 1.000000
MarioHand_alb.png
 29 -60.459358 3.504579 106.273270 -0.492682 0.003909 0.870201 0.179355 0.899763 1 28 1.000000
 29 -60.132538 2.890306 106.256462 -0.334983 -0.431057 0.837840 0.174807 0.891279 1 28 1.000000
 29 -59.451843 3.503901 106.843781 -0.281813 0.003909 0.959461 0.165896 0.899763 1 28 1.000000
MarioHand_alb.png
 29 -59.451843 3.503901 106.843781 -0.281813 0.003909 0.959461 0.165896 0.899763 1 28 1.000000
 29 -60.132538 2.890306 106.256462 -0.334983 -0.431057 0.837840 0.174807 0.891279 1 28 1.000000
 29 -59.236588 2.438886 106.206688 -0.201789 -0.575302 0.792659 0.162371 0.885069 1 28 1.000000
MarioHand_alb.png
 29 -59.451843 3.503901 106.843781 -0.281813 0.003909 0.959461 0.165896 0.899763 1 28 1.000000
 29 -59.236588 2.438886 106.206688 -0.201789 -0.575302 0.792659 0.162371 0.885069 1 28 1.000000
 29 -57.974754 2.759641 106.761719 0.045021 -0.583107 0.811147 0.145403 0.889525 1 28 1.000000
MarioHand_alb.png
 29 -59.451843 3.503901 106.843781 -0.281813 0.003909 0.959461 0.165896 0.899763 1 28 1.000000
 29 -59.231377 4.563796 106.200012 -0.199886 0.581156 0.788862 0.162371 0.914458 1 28 1.000000
 29 -60.129501 4.117122 106.252617 -0.332735 0.437001 0.835654 0.174807 0.908247 1 28 1.000000
MarioHand_alb.png
 29 -59.451843 3.503901 106.843781 -0.281813 0.003909 0.959461 0.165896 0.899763 1 28 1.000000
 29 -57.971096 4.240335 106.757042 0.046924 0.587308 0.808002 0.145403 0.910002 1 28 1.000000
 29 -59.231377 4.563796 106.200012 -0.199886 0.581156 0.788862 0.162371 0.914458 1 28 1.000000
MarioHand_alb.png
 29 -59.451843 3.503901 106.843781 -0.281813 0.003909 0.959461 0.165896 0.899763 1 28 1.000000
 29 -57.974754 2.759641 106.761719 0.045021 -0.583107 0.811147 0.145403 0.889525 1 28 1.000000
 29 -57.952511 3.501062 107.116562 0.056821 0.003909 0.998377 0.145403 0.899763 1 28 1.000000
MarioHand_alb.png
 29 -59.451843 3.503901 106.843781 -0.281813 0.003909 0.959461 0.165896 0.899763 1 28 1.000000
 29 -57.952511 3.501062 107.116562 0.056821 0.003909 0.998377 0.145403 0.899763 1 28 1.000000
 29 -57.971096 4.240335 106.757042 0.046924 0.587308 0.808002 0.145403 0.910002 1 28 1.000000
MarioHand_alb.png
 29 -57.974754 2.759641 106.761719 0.045021 -0.583107 0.811147 0.145403 0.889525 1 28 1.000000
 29 -56.494003 3.496082 106.674980 0.387647 0.001955 0.921806 0.124910 0.899763 1 28 1.000000
 29 -57.952511 3.501062 107.116562 0.056821 0.003909 0.998377 0.145403 0.899763 1 28 1.000000
MarioHand_alb.png
 29 -57.952511 3.501062 107.116562 0.056821 0.003909 0.998377 0.145403 0.899763 1 28 1.000000
 29 -56.494003 3.496082 106.674980 0.387647 0.001955 0.921806 0.124910 0.899763 1 28 1.000000
 29 -57.971096 4.240335 106.757042 0.046924 0.587308 0.808002 0.145403 0.910002 1 28 1.000000
MarioHand_alb.png
 29 -57.974754 2.759641 106.761719 0.045021 -0.583107 0.811147 0.145403 0.889525 1 28 1.000000
 29 -56.785885 2.432410 106.066841 0.288023 -0.575687 0.765263 0.128420 0.885069 1 28 1.000000
 29 -56.494003 3.496082 106.674980 0.387647 0.001955 0.921806 0.124910 0.899763 1 28 1.000000
MarioHand_alb.png
 29 -56.494003 3.496082 106.674980 0.387647 0.001955 0.921806 0.124910 0.899763 1 28 1.000000
 29 -56.785885 2.432410 106.066841 0.288023 -0.575687 0.765263 0.128420 0.885069 1 28 1.000000
 29 -55.887779 2.879088 106.014236 0.426534 -0.432590 0.794314 0.115984 0.891279 1 28 1.000000
MarioHand_alb.png
 29 -57.971096 4.240335 106.757042 0.046924 0.587308 0.808002 0.145403 0.910002 1 28 1.000000
 29 -56.494003 3.496082 106.674980 0.387647 0.001955 0.921806 0.124910 0.899763 1 28 1.000000
 29 -56.780659 4.557323 106.060143 0.291425 0.579131 0.761367 0.128420 0.914458 1 28 1.000000
MarioHand_alb.png
 29 -56.494003 3.496082 106.674980 0.387647 0.001955 0.921806 0.124910 0.899763 1 28 1.000000
 29 -55.884754 4.105906 106.010361 0.428319 0.434040 0.792561 0.115984 0.908247 1 28 1.000000
 29 -56.780659 4.557323 106.060143 0.291425 0.579131 0.761367 0.128420 0.914458 1 28 1.000000
MarioHand_alb.png
 29 -56.494003 3.496082 106.674980 0.387647 0.001955 0.921806 0.124910 0.899763 1 28 1.000000
 29 -55.887779 2.879088 106.014236 0.426534 -0.432590 0.794314 0.115984 0.891279 1 28 1.000000
 29 -55.557922 3.491625 105.993538 0.589078 0.002003 0.808074 0.111437 0.899763 1 28 1.000000
MarioHand_alb.png
 29 -56.494003 3.496082 106.674980 0.387647 0.001955 0.921806 0.124910 0.899763 1 28 1.000000
 29 -55.557922 3.491625 105.993538 0.589078 0.002003 0.808074 0.111437 0.899763 1 28 1.000000
 29 -55.884754 4.105906 106.010361 0.428319 0.434040 0.792561 0.115984 0.908247 1 28 1.000000
MarioHand_alb.png
 29 -55.780312 -2.489126 104.991730 0.477572 -0.629794 0.612605 0.035859 0.852110 1 28 1.000000
 29 -56.319386 -2.071728 105.840248 0.458222 -0.246852 0.853872 0.044770 0.860594 1 28 1.000000
 29 -56.681477 -2.932805 104.995331 0.334558 -0.761291 0.555435 0.048280 0.845899 1 28 1.000000
MarioHand_alb.png
 29 -56.319386 -2.071728 105.840248 0.458222 -0.246852 0.853872 0.044770 0.860594 1 28 1.000000
 29 -57.805096 -2.803219 105.846191 0.094610 -0.779242 0.619541 0.065263 0.850355 1 28 1.000000
 29 -56.681477 -2.932805 104.995331 0.334558 -0.761291 0.555435 0.048280 0.845899 1 28 1.000000
MarioHand_alb.png
 29 -56.319386 -2.071728 105.840248 0.458222 -0.246852 0.853872 0.044770 0.860594 1 28 1.000000
 29 -55.750038 -1.306322 105.316025 0.499394 0.205680 0.841606 0.035859 0.869078 1 28 1.000000
 29 -56.629028 -0.884136 105.557053 0.361181 0.353935 0.862716 0.048280 0.875303 1 28 1.000000
MarioHand_alb.png
 29 -56.319386 -2.071728 105.840248 0.458222 -0.246852 0.853872 0.044770 0.860594 1 28 1.000000
 29 -56.629028 -0.884136 105.557053 0.361181 0.353935 0.862716 0.048280 0.875303 1 28 1.000000
 29 -57.768551 -1.375658 106.237610 0.123214 0.348281 0.929257 0.065263 0.870832 1 28 1.000000
MarioHand_alb.png
 29 -56.319386 -2.071728 105.840248 0.458222 -0.246852 0.853872 0.044770 0.860594 1 28 1.000000
 29 -55.439407 -1.893791 105.109100 0.649620 -0.217168 0.728582 0.031296 0.860594 1 28 1.000000
 29 -55.750038 -1.306322 105.316025 0.499394 0.205680 0.841606 0.035859 0.869078 1 28 1.000000
MarioHand_alb.png
 29 -56.319386 -2.071728 105.840248 0.458222 -0.246852 0.853872 0.044770 0.860594 1 28 1.000000
 29 -55.780312 -2.489126 104.991730 0.477572 -0.629794 0.612605 0.035859 0.852110 1 28 1.000000
 29 -55.439407 -1.893791 105.109100 0.649620 -0.217168 0.728582 0.031296 0.860594 1 28 1.000000
MarioHand_alb.png
 29 -56.319386 -2.071728 105.840248 0.458222 -0.246852 0.853872 0.044770 0.860594 1 28 1.000000
 29 -57.768551 -1.375658 106.237610 0.123214 0.348281 0.929257 0.065263 0.870832 1 28 1.000000
 29 -57.738739 -2.184325 106.383476 0.135045 -0.265989 0.954470 0.065263 0.860594 1 28 1.000000
MarioHand_alb.png
 29 -56.319386 -2.071728 105.840248 0.458222 -0.246852 0.853872 0.044770 0.860594 1 28 1.000000
 29 -57.738739 -2.184325 106.383476 0.135045 -0.265989 0.954470 0.065263 0.860594 1 28 1.000000
 29 -57.805096 -2.803219 105.846191 0.094610 -0.779242 0.619541 0.065263 0.850355 1 28 1.000000
MarioHand_alb.png
 29 -57.768551 -1.375658 106.237610 0.123214 0.348281 0.929257 0.065263 0.870832 1 28 1.000000
 29 -59.254246 -2.107162 106.243553 -0.205566 -0.254144 0.945068 0.085756 0.860594 1 28 1.000000
 29 -57.738739 -2.184325 106.383476 0.135045 -0.265989 0.954470 0.065263 0.860594 1 28 1.000000
MarioHand_alb.png
 29 -57.738739 -2.184325 106.383476 0.135045 -0.265989 0.954470 0.065263 0.860594 1 28 1.000000
 29 -59.254246 -2.107162 106.243553 -0.205566 -0.254144 0.945068 0.085756 0.860594 1 28 1.000000
 29 -57.805096 -2.803219 105.846191 0.094610 -0.779242 0.619541 0.065263 0.850355 1 28 1.000000
MarioHand_alb.png
 29 -57.768551 -1.375658 106.237610 0.123214 0.348281 0.929257 0.065263 0.870832 1 28 1.000000
 29 -59.060692 -0.913498 105.891205 -0.124728 0.347979 0.929168 0.082246 0.875303 1 28 1.000000
 29 -59.254246 -2.107162 106.243553 -0.205566 -0.254144 0.945068 0.085756 0.860594 1 28 1.000000
MarioHand_alb.png
 29 -59.060692 -0.913498 105.891205 -0.124728 0.347979 0.929168 0.082246 0.875303 1 28 1.000000
 29 -59.961815 -1.357189 105.894814 -0.257084 0.197724 0.945946 0.094667 0.869078 1 28 1.000000
 29 -59.254246 -2.107162 106.243553 -0.205566 -0.254144 0.945068 0.085756 0.860594 1 28 1.000000
MarioHand_alb.png
 29 -57.805096 -2.803219 105.846191 0.094610 -0.779242 0.619541 0.065263 0.850355 1 28 1.000000
 29 -59.254246 -2.107162 106.243553 -0.205566 -0.254144 0.945068 0.085756 0.860594 1 28 1.000000
 29 -59.113140 -2.962170 105.329498 -0.152595 -0.766909 0.623350 0.082246 0.845899 1 28 1.000000
MarioHand_alb.png
 29 -59.254246 -2.107162 106.243553 -0.205566 -0.254144 0.945068 0.085756 0.860594 1 28 1.000000
 29 -59.992104 -2.539984 105.570511 -0.278126 -0.639757 0.716489 0.094667 0.852110 1 28 1.000000
 29 -59.113140 -2.962170 105.329498 -0.152595 -0.766909 0.623350 0.082246 0.845899 1 28 1.000000
MarioHand_alb.png
 29 -59.254246 -2.107162 106.243553 -0.205566 -0.254144 0.945068 0.085756 0.860594 1 28 1.000000
 29 -60.302750 -1.952513 105.777428 -0.422748 -0.229211 0.876782 0.099229 0.860594 1 28 1.000000
 29 -59.992104 -2.539984 105.570511 -0.278126 -0.639757 0.716489 0.094667 0.852110 1 28 1.000000
MarioHand_alb.png
 29 -59.254246 -2.107162 106.243553 -0.205566 -0.254144 0.945068 0.085756 0.860594 1 28 1.000000
 29 -59.961815 -1.357189 105.894814 -0.257084 0.197724 0.945946 0.094667 0.869078 1 28 1.000000
 29 -60.302750 -1.952513 105.777428 -0.422748 -0.229211 0.876782 0.099229 0.860594 1 28 1.000000
MarioHand_alb.png
 29 -67.801407 2.947392 102.052231 -0.006104 -0.999365 0.035096 0.586419 0.057710 1 28 1.000000
 29 -65.707802 3.105056 102.327026 -0.009918 0.999932 -0.006104 0.587182 0.028794 1 28 1.000000
 29 -67.830788 3.288217 103.952858 -0.082397 -0.910543 0.405120 0.559823 0.054444 1 28 1.000000
MarioHand_alb.png
 29 -70.058838 3.040679 102.008759 -0.057984 -0.998243 -0.012207 0.584222 0.089067 1 28 1.000000
 29 -67.801407 2.947392 102.052231 -0.006104 -0.999365 0.035096 0.586419 0.057710 1 28 1.000000
 29 -67.830788 3.288217 103.952858 -0.082397 -0.910543 0.405120 0.559823 0.054444 1 28 1.000000
MarioHand_alb.png
 29 -67.743729 3.290046 99.399185 -0.090036 -0.715470 -0.692818 0.622583 0.062257 1 28 1.000000
 29 -67.801407 2.947392 102.052231 -0.006104 -0.999365 0.035096 0.586419 0.057710 1 28 1.000000
 29 -70.058838 3.040679 102.008759 -0.057984 -0.998243 -0.012207 0.584222 0.089067 1 28 1.000000
MarioHand_alb.png
 29 -67.743729 3.290046 99.399185 -0.090036 -0.715470 -0.692818 0.622583 0.062257 1 28 1.000000
 29 -65.394485 3.141531 99.350571 -0.614129 0.213276 -0.759842 0.627543 0.030091 1 28 1.000000
 29 -67.801407 2.947392 102.052231 -0.006104 -0.999365 0.035096 0.586419 0.057710 1 28 1.000000
MarioHand_alb.png
 29 -65.564545 6.138647 97.279724 -0.680490 -0.041100 -0.731603 0.674754 0.041138 1 28 1.000000
 29 -65.394485 3.141531 99.350571 -0.614129 0.213276 -0.759842 0.627543 0.030091 1 28 1.000000
 29 -67.743729 3.290046 99.399185 -0.090036 -0.715470 -0.692818 0.622583 0.062257 1 28 1.000000
MarioHand_alb.png
 29 -67.823227 6.203518 97.661835 -0.087713 -0.078369 -0.993058 0.666743 0.072892 1 28 1.000000
 29 -65.564545 6.138647 97.279724 -0.680490 -0.041100 -0.731603 0.674754 0.041138 1 28 1.000000
 29 -67.743729 3.290046 99.399185 -0.090036 -0.715470 -0.692818 0.622583 0.062257 1 28 1.000000
MarioHand_alb.png
 29 -67.823227 6.203518 97.661835 -0.087713 -0.078369 -0.993058 0.666743 0.072892 1 28 1.000000
 29 -67.743729 3.290046 99.399185 -0.090036 -0.715470 -0.692818 0.622583 0.062257 1 28 1.000000
 29 -70.013863 3.562862 99.428215 -0.083925 -0.698867 -0.710311 0.619257 0.095415 1 28 1.000000
MarioHand_alb.png
 29 -70.013863 3.562862 99.428215 -0.083925 -0.698867 -0.710311 0.619257 0.095415 1 28 1.000000
 29 -67.743729 3.290046 99.399185 -0.090036 -0.715470 -0.692818 0.622583 0.062257 1 28 1.000000
 29 -70.058838 3.040679 102.008759 -0.057984 -0.998243 -0.012207 0.584222 0.089067 1 28 1.000000
MarioHand_alb.png
 29 -70.021378 6.289598 97.757980 -0.067914 -0.072492 -0.995054 0.661418 0.104524 1 28 1.000000
 29 -67.823227 6.203518 97.661835 -0.087713 -0.078369 -0.993058 0.666743 0.072892 1 28 1.000000
 29 -70.013863 3.562862 99.428215 -0.083925 -0.698867 -0.710311 0.619257 0.095415 1 28 1.000000
MarioHand_alb.png
 29 -70.021378 6.289598 97.757980 -0.067914 -0.072492 -0.995054 0.661418 0.104524 1 28 1.000000
 29 -70.013863 3.562862 99.428215 -0.083925 -0.698867 -0.710311 0.619257 0.095415 1 28 1.000000
 29 -72.262253 3.786671 99.427971 -0.068667 -0.739978 -0.669117 0.616129 0.128161 1 28 1.000000
MarioHand_alb.png
 29 -70.013863 3.562862 99.428215 -0.083925 -0.698867 -0.710311 0.619257 0.095415 1 28 1.000000
 29 -70.058838 3.040679 102.008759 -0.057984 -0.998243 -0.012207 0.584222 0.089067 1 28 1.000000
 29 -72.262253 3.786671 99.427971 -0.068667 -0.739978 -0.669117 0.616129 0.128161 1 28 1.000000
MarioHand_alb.png
 29 -72.269699 6.358708 97.917572 -0.074781 -0.052747 -0.995804 0.654856 0.137652 1 28 1.000000
 29 -70.021378 6.289598 97.757980 -0.067914 -0.072492 -0.995054 0.661418 0.104524 1 28 1.000000
 29 -72.262253 3.786671 99.427971 -0.068667 -0.739978 -0.669117 0.616129 0.128161 1 28 1.000000
MarioHand_alb.png
 29 -74.444046 3.912025 99.460274 -0.061033 -0.769045 -0.636274 0.611154 0.160403 1 28 1.000000
 29 -72.269699 6.358708 97.917572 -0.074781 -0.052747 -0.995804 0.654856 0.137652 1 28 1.000000
 29 -72.262253 3.786671 99.427971 -0.068667 -0.739978 -0.669117 0.616129 0.128161 1 28 1.000000
MarioHand_alb.png
 29 -74.431732 6.432856 98.147377 -0.074032 -0.031387 -0.996762 0.646815 0.170977 1 28 1.000000
 29 -72.269699 6.358708 97.917572 -0.074781 -0.052747 -0.995804 0.654856 0.137652 1 28 1.000000
 29 -74.444046 3.912025 99.460274 -0.061033 -0.769045 -0.636274 0.611154 0.160403 1 28 1.000000
MarioHand_alb.png
 29 -72.293900 3.198563 102.003441 -0.053405 -0.996103 -0.070190 0.581292 0.121340 1 28 1.000000
 29 -72.262253 3.786671 99.427971 -0.068667 -0.739978 -0.669117 0.616129 0.128161 1 28 1.000000
 29 -70.058838 3.040679 102.008759 -0.057984 -0.998243 -0.012207 0.584222 0.089067 1 28 1.000000
MarioHand_alb.png
 29 -76.409271 4.069455 99.455910 -0.086207 -0.741631 -0.665246 0.605158 0.188998 1 28 1.000000
 29 -74.431732 6.432856 98.147377 -0.074032 -0.031387 -0.996762 0.646815 0.170977 1 28 1.000000
 29 -74.444046 3.912025 99.460274 -0.061033 -0.769045 -0.636274 0.611154 0.160403 1 28 1.000000
MarioHand_alb.png
 29 -76.403564 6.509696 98.341537 -0.097681 -0.013736 -0.995123 0.637446 0.201129 1 28 1.000000
 29 -74.431732 6.432856 98.147377 -0.074032 -0.031387 -0.996762 0.646815 0.170977 1 28 1.000000
 29 -76.409271 4.069455 99.455910 -0.086207 -0.741631 -0.665246 0.605158 0.188998 1 28 1.000000
MarioHand_alb.png
 29 -74.444046 3.912025 99.460274 -0.061033 -0.769045 -0.636274 0.611154 0.160403 1 28 1.000000
 29 -72.262253 3.786671 99.427971 -0.068667 -0.739978 -0.669117 0.616129 0.128161 1 28 1.000000
 29 -74.410553 3.254125 101.986137 -0.032806 -0.996060 -0.082397 0.578073 0.152712 1 28 1.000000
MarioHand_alb.png
 29 -74.410553 3.254125 101.986137 -0.032806 -0.996060 -0.082397 0.578073 0.152712 1 28 1.000000
 29 -72.262253 3.786671 99.427971 -0.068667 -0.739978 -0.669117 0.616129 0.128161 1 28 1.000000
 29 -72.293900 3.198563 102.003441 -0.053405 -0.996103 -0.070190 0.581292 0.121340 1 28 1.000000
MarioHand_alb.png
 29 -76.398697 3.240979 101.979729 -0.064087 -0.993303 -0.096131 0.573419 0.180728 1 28 1.000000
 29 -74.444046 3.912025 99.460274 -0.061033 -0.769045 -0.636274 0.611154 0.160403 1 28 1.000000
 29 -74.410553 3.254125 101.986137 -0.032806 -0.996060 -0.082397 0.578073 0.152712 1 28 1.000000
MarioHand_alb.png
 29 -76.409271 4.069455 99.455910 -0.086207 -0.741631 -0.665246 0.605158 0.188998 1 28 1.000000
 29 -74.444046 3.912025 99.460274 -0.061033 -0.769045 -0.636274 0.611154 0.160403 1 28 1.000000
 29 -76.398697 3.240979 101.979729 -0.064087 -0.993303 -0.096131 0.573419 0.180728 1 28 1.000000
MarioHand_alb.png
 29 -74.410553 3.254125 101.986137 -0.032806 -0.996060 -0.082397 0.578073 0.152712 1 28 1.000000
 29 -72.293900 3.198563 102.003441 -0.053405 -0.996103 -0.070190 0.581292 0.121340 1 28 1.000000
 29 -74.465164 3.573350 103.740501 -0.031280 -0.888136 0.458516 0.555459 0.148333 1 28 1.000000
MarioHand_alb.png
 29 -76.398697 3.240979 101.979729 -0.064087 -0.993303 -0.096131 0.573419 0.180728 1 28 1.000000
 29 -74.410553 3.254125 101.986137 -0.032806 -0.996060 -0.082397 0.578073 0.152712 1 28 1.000000
 29 -74.465164 3.573350 103.740501 -0.031280 -0.888136 0.458516 0.555459 0.148333 1 28 1.000000
MarioHand_alb.png
 29 -72.293900 3.198563 102.003441 -0.053405 -0.996103 -0.070190 0.581292 0.121340 1 28 1.000000
 29 -70.058838 3.040679 102.008759 -0.057984 -0.998243 -0.012207 0.584222 0.089067 1 28 1.000000
 29 -70.081795 3.304337 103.944542 -0.051117 -0.853368 0.518797 0.558129 0.085878 1 28 1.000000
MarioHand_alb.png
 29 -70.058838 3.040679 102.008759 -0.057984 -0.998243 -0.012207 0.584222 0.089067 1 28 1.000000
 29 -67.830788 3.288217 103.952858 -0.082397 -0.910543 0.405120 0.559823 0.054444 1 28 1.000000
 29 -70.081795 3.304337 103.944542 -0.051117 -0.853368 0.518797 0.558129 0.085878 1 28 1.000000
MarioHand_alb.png
 29 -72.293900 3.198563 102.003441 -0.053405 -0.996103 -0.070190 0.581292 0.121340 1 28 1.000000
 29 -70.081795 3.304337 103.944542 -0.051117 -0.853368 0.518797 0.558129 0.085878 1 28 1.000000
 29 -72.292587 3.497875 103.822838 -0.054933 -0.854969 0.515762 0.556832 0.117525 1 28 1.000000
MarioHand_alb.png
 29 -74.465164 3.573350 103.740501 -0.031280 -0.888136 0.458516 0.555459 0.148333 1 28 1.000000
 29 -72.293900 3.198563 102.003441 -0.053405 -0.996103 -0.070190 0.581292 0.121340 1 28 1.000000
 29 -72.292587 3.497875 103.822838 -0.054933 -0.854969 0.515762 0.556832 0.117525 1 28 1.000000
MarioHand_alb.png
 29 -70.056152 4.708221 105.038582 -0.045023 -0.366190 0.929450 0.534157 0.084382 1 28 1.000000
 29 -70.081795 3.304337 103.944542 -0.051117 -0.853368 0.518797 0.558129 0.085878 1 28 1.000000
 29 -67.830788 3.288217 103.952858 -0.082397 -0.910543 0.405120 0.559823 0.054444 1 28 1.000000
MarioHand_alb.png
 29 -72.292587 3.497875 103.822838 -0.054933 -0.854969 0.515762 0.556832 0.117525 1 28 1.000000
 29 -70.081795 3.304337 103.944542 -0.051117 -0.853368 0.518797 0.558129 0.085878 1 28 1.000000
 29 -70.056152 4.708221 105.038582 -0.045023 -0.366190 0.929450 0.534157 0.084382 1 28 1.000000
MarioHand_alb.png
 29 -70.056152 4.708221 105.038582 -0.045023 -0.366190 0.929450 0.534157 0.084382 1 28 1.000000
 29 -67.830788 3.288217 103.952858 -0.082397 -0.910543 0.405120 0.559823 0.054444 1 28 1.000000
 29 -67.803749 4.617958 105.183205 -0.101491 -0.287684 0.952333 0.534234 0.052644 1 28 1.000000
MarioHand_alb.png
 29 -67.803749 4.617958 105.183205 -0.101491 -0.287684 0.952333 0.534234 0.052644 1 28 1.000000
 29 -67.830788 3.288217 103.952858 -0.082397 -0.910543 0.405120 0.559823 0.054444 1 28 1.000000
 29 -65.673119 3.285370 105.413704 -0.219030 0.105580 0.969989 0.547555 0.020462 1 28 1.000000
MarioHand_alb.png
 29 -67.803749 4.617958 105.183205 -0.101491 -0.287684 0.952333 0.534234 0.052644 1 28 1.000000
 29 -65.673119 3.285370 105.413704 -0.219030 0.105580 0.969989 0.547555 0.020462 1 28 1.000000
 29 -65.501457 6.376359 105.233253 -0.131195 0.158369 0.978625 0.506096 0.022171 1 28 1.000000
MarioHand_alb.png
 29 -67.804703 6.555988 105.223152 -0.019831 0.076368 0.996882 0.507057 0.054124 1 28 1.000000
 29 -67.803749 4.617958 105.183205 -0.101491 -0.287684 0.952333 0.534234 0.052644 1 28 1.000000
 29 -65.501457 6.376359 105.233253 -0.131195 0.158369 0.978625 0.506096 0.022171 1 28 1.000000
MarioHand_alb.png
 29 -67.804703 6.555988 105.223152 -0.019831 0.076368 0.996882 0.507057 0.054124 1 28 1.000000
 29 -70.056152 4.708221 105.038582 -0.045023 -0.366190 0.929450 0.534157 0.084382 1 28 1.000000
 29 -67.803749 4.617958 105.183205 -0.101491 -0.287684 0.952333 0.534234 0.052644 1 28 1.000000
MarioHand_alb.png
 29 -67.804703 6.555988 105.223152 -0.019831 0.076368 0.996882 0.507057 0.054124 1 28 1.000000
 29 -65.501457 6.376359 105.233253 -0.131195 0.158369 0.978625 0.506096 0.022171 1 28 1.000000
 29 -67.786575 8.412344 104.878220 -0.015259 0.468171 0.883506 0.481025 0.055833 1 28 1.000000
MarioHand_alb.png
 29 -67.786575 8.412344 104.878220 -0.015259 0.468171 0.883506 0.481025 0.055833 1 28 1.000000
 29 -65.501457 6.376359 105.233253 -0.131195 0.158369 0.978625 0.506096 0.022171 1 28 1.000000
 29 -65.093872 9.287973 104.404007 -0.067122 0.395389 0.916058 0.463905 0.019776 1 28 1.000000
MarioHand_alb.png
 29 -70.020874 6.555987 105.191673 -0.029001 0.064585 0.997491 0.508614 0.084611 1 28 1.000000
 29 -70.056152 4.708221 105.038582 -0.045023 -0.366190 0.929450 0.534157 0.084382 1 28 1.000000
 29 -67.804703 6.555988 105.223152 -0.019831 0.076368 0.996882 0.507057 0.054124 1 28 1.000000
MarioHand_alb.png
 29 -67.786575 8.412344 104.878220 -0.015259 0.468171 0.883506 0.481025 0.055833 1 28 1.000000
 29 -65.093872 9.287973 104.404007 -0.067122 0.395389 0.916058 0.463905 0.019776 1 28 1.000000
 29 -67.708794 9.666378 103.480659 0.019836 0.923537 0.382995 0.455360 0.057572 1 28 1.000000
MarioHand_alb.png
 29 -67.708794 9.666378 103.480659 0.019836 0.923537 0.382995 0.455360 0.057572 1 28 1.000000
 29 -65.093872 9.287973 104.404007 -0.067122 0.395389 0.916058 0.463905 0.019776 1 28 1.000000
 29 -65.117691 9.341757 101.577164 0.887919 0.459311 0.025173 0.424949 0.025208 1 28 1.000000
MarioHand_alb.png
 29 -70.011871 8.366414 104.810814 -0.027471 0.493803 0.869140 0.483330 0.086351 1 28 1.000000
 29 -67.804703 6.555988 105.223152 -0.019831 0.076368 0.996882 0.507057 0.054124 1 28 1.000000
 29 -67.786575 8.412344 104.878220 -0.015259 0.468171 0.883506 0.481025 0.055833 1 28 1.000000
MarioHand_alb.png
 29 -70.020874 6.555987 105.191673 -0.029001 0.064585 0.997491 0.508614 0.084611 1 28 1.000000
 29 -67.804703 6.555988 105.223152 -0.019831 0.076368 0.996882 0.507057 0.054124 1 28 1.000000
 29 -70.011871 8.366414 104.810814 -0.027471 0.493803 0.869140 0.483330 0.086351 1 28 1.000000
MarioHand_alb.png
 29 -70.024979 9.617203 103.471222 -0.025940 0.871867 0.489055 0.458793 0.089326 1 28 1.000000
 29 -67.786575 8.412344 104.878220 -0.015259 0.468171 0.883506 0.481025 0.055833 1 28 1.000000
 29 -67.708794 9.666378 103.480659 0.019836 0.923537 0.382995 0.455360 0.057572 1 28 1.000000
MarioHand_alb.png
 29 -70.011871 8.366414 104.810814 -0.027471 0.493803 0.869140 0.483330 0.086351 1 28 1.000000
 29 -67.786575 8.412344 104.878220 -0.015259 0.468171 0.883506 0.481025 0.055833 1 28 1.000000
 29 -70.024979 9.617203 103.471222 -0.025940 0.871867 0.489055 0.458793 0.089326 1 28 1.000000
MarioHand_alb.png
 29 -67.708794 9.666378 103.480659 0.019836 0.923537 0.382995 0.455360 0.057572 1 28 1.000000
 29 -65.117691 9.341757 101.577164 0.887919 0.459311 0.025173 0.424949 0.025208 1 28 1.000000
 29 -67.655914 9.989498 101.635994 0.041199 0.992218 -0.117495 0.430381 0.060716 1 28 1.000000
MarioHand_alb.png
 29 -67.655914 9.989498 101.635994 0.041199 0.992218 -0.117495 0.430381 0.060716 1 28 1.000000
 29 -65.117691 9.341757 101.577164 0.887919 0.459311 0.025173 0.424949 0.025208 1 28 1.000000
 29 -64.930298 9.131011 98.793167 -0.578997 0.316484 -0.751399 0.386694 0.028458 1 28 1.000000
MarioHand_alb.png
 29 -70.024979 9.617203 103.471222 -0.025940 0.871867 0.489055 0.458793 0.089326 1 28 1.000000
 29 -67.708794 9.666378 103.480659 0.019836 0.923537 0.382995 0.455360 0.057572 1 28 1.000000
 29 -70.060760 9.981369 101.684059 -0.030516 0.989301 -0.142664 0.434684 0.093614 1 28 1.000000
MarioHand_alb.png
 29 -67.708794 9.666378 103.480659 0.019836 0.923537 0.382995 0.455360 0.057572 1 28 1.000000
 29 -67.655914 9.989498 101.635994 0.041199 0.992218 -0.117495 0.430381 0.060716 1 28 1.000000
 29 -70.060760 9.981369 101.684059 -0.030516 0.989301 -0.142664 0.434684 0.093614 1 28 1.000000
MarioHand_alb.png
 29 -67.655914 9.989498 101.635994 0.041199 0.992218 -0.117495 0.430381 0.060716 1 28 1.000000
 29 -64.930298 9.131011 98.793167 -0.578997 0.316484 -0.751399 0.386694 0.028458 1 28 1.000000
 29 -67.680237 8.991337 98.834381 -0.061037 0.687044 -0.724048 0.390997 0.066712 1 28 1.000000
MarioHand_alb.png
 29 -67.680237 8.991337 98.834381 -0.061037 0.687044 -0.724048 0.390997 0.066712 1 28 1.000000
 29 -64.930298 9.131011 98.793167 -0.578997 0.316484 -0.751399 0.386694 0.028458 1 28 1.000000
 29 -65.564545 6.138647 97.279724 -0.680490 -0.041100 -0.731603 0.343725 0.044251 1 28 1.000000
MarioHand_alb.png
 29 -67.680237 8.991337 98.834381 -0.061037 0.687044 -0.724048 0.390997 0.066712 1 28 1.000000
 29 -65.564545 6.138647 97.279724 -0.680490 -0.041100 -0.731603 0.343725 0.044251 1 28 1.000000
 29 -67.823227 6.203518 97.661835 -0.087713 -0.078369 -0.993058 0.351675 0.076249 1 28 1.000000
MarioHand_alb.png
 29 -67.680237 8.991337 98.834381 -0.061037 0.687044 -0.724048 0.390997 0.066712 1 28 1.000000
 29 -67.823227 6.203518 97.661835 -0.087713 -0.078369 -0.993058 0.351675 0.076249 1 28 1.000000
 29 -70.021378 6.289598 97.757980 -0.067914 -0.072492 -0.995054 0.358267 0.107881 1 28 1.000000
MarioHand_alb.png
 29 -67.655914 9.989498 101.635994 0.041199 0.992218 -0.117495 0.430381 0.060716 1 28 1.000000
 29 -67.680237 8.991337 98.834381 -0.061037 0.687044 -0.724048 0.390997 0.066712 1 28 1.000000
 29 -69.987305 8.940070 99.007622 -0.047301 0.695311 -0.717150 0.396826 0.100038 1 28 1.000000
MarioHand_alb.png
 29 -69.987305 8.940070 99.007622 -0.047301 0.695311 -0.717150 0.396826 0.100038 1 28 1.000000
 29 -67.680237 8.991337 98.834381 -0.061037 0.687044 -0.724048 0.390997 0.066712 1 28 1.000000
 29 -70.021378 6.289598 97.757980 -0.067914 -0.072492 -0.995054 0.358267 0.107881 1 28 1.000000
MarioHand_alb.png
 29 -67.655914 9.989498 101.635994 0.041199 0.992218 -0.117495 0.430381 0.060716 1 28 1.000000
 29 -69.987305 8.940070 99.007622 -0.047301 0.695311 -0.717150 0.396826 0.100038 1 28 1.000000
 29 -70.060760 9.981369 101.684059 -0.030516 0.989301 -0.142664 0.434684 0.093614 1 28 1.000000
MarioHand_alb.png
 29 -69.987305 8.940070 99.007622 -0.047301 0.695311 -0.717150 0.396826 0.100038 1 28 1.000000
 29 -70.021378 6.289598 97.757980 -0.067914 -0.072492 -0.995054 0.358267 0.107881 1 28 1.000000
 29 -72.269699 6.358708 97.917572 -0.074781 -0.052747 -0.995804 0.365957 0.141146 1 28 1.000000
MarioHand_alb.png
 29 -69.987305 8.940070 99.007622 -0.047301 0.695311 -0.717150 0.396826 0.100038 1 28 1.000000
 29 -72.269699 6.358708 97.917572 -0.074781 -0.052747 -0.995804 0.365957 0.141146 1 28 1.000000
 29 -72.246597 8.931499 99.171165 -0.050354 0.685506 -0.726324 0.402975 0.132525 1 28 1.000000
MarioHand_alb.png
 29 -69.987305 8.940070 99.007622 -0.047301 0.695311 -0.717150 0.396826 0.100038 1 28 1.000000
 29 -72.246597 8.931499 99.171165 -0.050354 0.685506 -0.726324 0.402975 0.132525 1 28 1.000000
 29 -70.060760 9.981369 101.684059 -0.030516 0.989301 -0.142664 0.434684 0.093614 1 28 1.000000
MarioHand_alb.png
 29 -74.431732 6.432856 98.147377 -0.074032 -0.031387 -0.996762 0.375494 0.174319 1 28 1.000000
 29 -72.246597 8.931499 99.171165 -0.050354 0.685506 -0.726324 0.402975 0.132525 1 28 1.000000
 29 -72.269699 6.358708 97.917572 -0.074781 -0.052747 -0.995804 0.365957 0.141146 1 28 1.000000
MarioHand_alb.png
 29 -70.060760 9.981369 101.684059 -0.030516 0.989301 -0.142664 0.434684 0.093614 1 28 1.000000
 29 -72.246597 8.931499 99.171165 -0.050354 0.685506 -0.726324 0.402975 0.132525 1 28 1.000000
 29 -72.287003 9.861395 101.701790 -0.027465 0.989608 -0.141141 0.438270 0.125307 1 28 1.000000
MarioHand_alb.png
 29 -70.024979 9.617203 103.471222 -0.025940 0.871867 0.489055 0.458793 0.089326 1 28 1.000000
 29 -70.060760 9.981369 101.684059 -0.030516 0.989301 -0.142664 0.434684 0.093614 1 28 1.000000
 29 -72.287003 9.861395 101.701790 -0.027465 0.989608 -0.141141 0.438270 0.125307 1 28 1.000000
MarioHand_alb.png
 29 -74.435036 8.960155 99.296906 -0.041199 0.728701 -0.683592 0.410300 0.164309 1 28 1.000000
 29 -72.246597 8.931499 99.171165 -0.050354 0.685506 -0.726324 0.402975 0.132525 1 28 1.000000
 29 -74.431732 6.432856 98.147377 -0.074032 -0.031387 -0.996762 0.375494 0.174319 1 28 1.000000
MarioHand_alb.png
 29 -74.435036 8.960155 99.296906 -0.041199 0.728701 -0.683592 0.410300 0.164309 1 28 1.000000
 29 -72.287003 9.861395 101.701790 -0.027465 0.989608 -0.141141 0.438270 0.125307 1 28 1.000000
 29 -72.246597 8.931499 99.171165 -0.050354 0.685506 -0.726324 0.402975 0.132525 1 28 1.000000
MarioHand_alb.png
 29 -76.403564 6.509696 98.341537 -0.097681 -0.013736 -0.995123 0.386343 0.204105 1 28 1.000000
 29 -74.435036 8.960155 99.296906 -0.041199 0.728701 -0.683592 0.410300 0.164309 1 28 1.000000
 29 -74.431732 6.432856 98.147377 -0.074032 -0.031387 -0.996762 0.375494 0.174319 1 28 1.000000
MarioHand_alb.png
 29 -72.285004 9.563156 103.490311 -0.021363 0.862355 0.505854 0.462074 0.121004 1 28 1.000000
 29 -70.024979 9.617203 103.471222 -0.025940 0.871867 0.489055 0.458793 0.089326 1 28 1.000000
 29 -72.287003 9.861395 101.701790 -0.027465 0.989608 -0.141141 0.438270 0.125307 1 28 1.000000
MarioHand_alb.png
 29 -72.285004 9.563156 103.490311 -0.021363 0.862355 0.505854 0.462074 0.121004 1 28 1.000000
 29 -70.011871 8.366414 104.810814 -0.027471 0.493803 0.869140 0.483330 0.086351 1 28 1.000000
 29 -70.024979 9.617203 103.471222 -0.025940 0.871867 0.489055 0.458793 0.089326 1 28 1.000000
MarioHand_alb.png
 29 -74.400414 9.822594 101.758224 -0.009918 0.990476 -0.137328 0.443198 0.156115 1 28 1.000000
 29 -72.287003 9.861395 101.701790 -0.027465 0.989608 -0.141141 0.438270 0.125307 1 28 1.000000
 29 -74.435036 8.960155 99.296906 -0.041199 0.728701 -0.683592 0.410300 0.164309 1 28 1.000000
MarioHand_alb.png
 29 -72.285004 9.563156 103.490311 -0.021363 0.862355 0.505854 0.462074 0.121004 1 28 1.000000
 29 -72.287003 9.861395 101.701790 -0.027465 0.989608 -0.141141 0.438270 0.125307 1 28 1.000000
 29 -74.400414 9.822594 101.758224 -0.009918 0.990476 -0.137328 0.443198 0.156115 1 28 1.000000
MarioHand_alb.png
 29 -76.401543 8.960094 99.390244 -0.066368 0.719660 -0.691148 0.418448 0.192035 1 28 1.000000
 29 -74.435036 8.960155 99.296906 -0.041199 0.728701 -0.683592 0.410300 0.164309 1 28 1.000000
 29 -76.403564 6.509696 98.341537 -0.097681 -0.013736 -0.995123 0.386343 0.204105 1 28 1.000000
MarioHand_alb.png
 29 -76.401543 8.960094 99.390244 -0.066368 0.719660 -0.691148 0.418448 0.192035 1 28 1.000000
 29 -74.400414 9.822594 101.758224 -0.009918 0.990476 -0.137328 0.443198 0.156115 1 28 1.000000
 29 -74.435036 8.960155 99.296906 -0.041199 0.728701 -0.683592 0.410300 0.164309 1 28 1.000000
MarioHand_alb.png
 29 -78.324936 6.563412 98.625511 -0.257948 0.000000 -0.966159 0.401404 0.231785 1 28 1.000000
 29 -76.401543 8.960094 99.390244 -0.066368 0.719660 -0.691148 0.418448 0.192035 1 28 1.000000
 29 -76.403564 6.509696 98.341537 -0.097681 -0.013736 -0.995123 0.386343 0.204105 1 28 1.000000
MarioHand_alb.png
 29 -72.288948 8.206524 104.818878 -0.017550 0.475005 0.879808 0.487282 0.117800 1 28 1.000000
 29 -70.011871 8.366414 104.810814 -0.027471 0.493803 0.869140 0.483330 0.086351 1 28 1.000000
 29 -72.285004 9.563156 103.490311 -0.021363 0.862355 0.505854 0.462074 0.121004 1 28 1.000000
MarioHand_alb.png
 29 -72.288948 8.206524 104.818878 -0.017550 0.475005 0.879808 0.487282 0.117800 1 28 1.000000
 29 -70.020874 6.555987 105.191673 -0.029001 0.064585 0.997491 0.508614 0.084611 1 28 1.000000
 29 -70.011871 8.366414 104.810814 -0.027471 0.493803 0.869140 0.483330 0.086351 1 28 1.000000
MarioHand_alb.png
 29 -74.459671 9.524302 103.472115 -0.007629 0.881014 0.473028 0.465248 0.151324 1 28 1.000000
 29 -72.285004 9.563156 103.490311 -0.021363 0.862355 0.505854 0.462074 0.121004 1 28 1.000000
 29 -74.400414 9.822594 101.758224 -0.009918 0.990476 -0.137328 0.443198 0.156115 1 28 1.000000
MarioHand_alb.png
 29 -74.459671 9.524302 103.472115 -0.007629 0.881014 0.473028 0.465248 0.151324 1 28 1.000000
 29 -72.288948 8.206524 104.818878 -0.017550 0.475005 0.879808 0.487282 0.117800 1 28 1.000000
 29 -72.285004 9.563156 103.490311 -0.021363 0.862355 0.505854 0.462074 0.121004 1 28 1.000000
MarioHand_alb.png
 29 -76.389099 9.849183 101.803009 -0.033569 0.990272 -0.135037 0.449439 0.183719 1 28 1.000000
 29 -74.400414 9.822594 101.758224 -0.009918 0.990476 -0.137328 0.443198 0.156115 1 28 1.000000
 29 -76.401543 8.960094 99.390244 -0.066368 0.719660 -0.691148 0.418448 0.192035 1 28 1.000000
MarioHand_alb.png
 29 -74.459671 9.524302 103.472115 -0.007629 0.881014 0.473028 0.465248 0.151324 1 28 1.000000
 29 -74.400414 9.822594 101.758224 -0.009918 0.990476 -0.137328 0.443198 0.156115 1 28 1.000000
 29 -76.389099 9.849183 101.803009 -0.033569 0.990272 -0.135037 0.449439 0.183719 1 28 1.000000
MarioHand_alb.png
 29 -78.321175 8.831619 99.565033 -0.221245 0.663354 -0.714851 0.429206 0.218128 1 28 1.000000
 29 -76.401543 8.960094 99.390244 -0.066368 0.719660 -0.691148 0.418448 0.192035 1 28 1.000000
 29 -78.324936 6.563412 98.625511 -0.257948 0.000000 -0.966159 0.401404 0.231785 1 28 1.000000
MarioHand_alb.png
 29 -78.321175 8.831619 99.565033 -0.221245 0.663354 -0.714851 0.429206 0.218128 1 28 1.000000
 29 -76.389099 9.849183 101.803009 -0.033569 0.990272 -0.135037 0.449439 0.183719 1 28 1.000000
 29 -76.401543 8.960094 99.390244 -0.066368 0.719660 -0.691148 0.418448 0.192035 1 28 1.000000
MarioHand_alb.png
 29 -80.068108 6.567198 99.455597 -0.610447 0.002003 -0.792055 0.421439 0.254170 1 28 1.000000
 29 -78.321175 8.831619 99.565033 -0.221245 0.663354 -0.714851 0.429206 0.218128 1 28 1.000000
 29 -78.324936 6.563412 98.625511 -0.257948 0.000000 -0.966159 0.401404 0.231785 1 28 1.000000
MarioHand_alb.png
 29 -76.389236 9.504278 103.467392 -0.035096 0.873677 0.485239 0.469306 0.178531 1 28 1.000000
 29 -74.459671 9.524302 103.472115 -0.007629 0.881014 0.473028 0.465248 0.151324 1 28 1.000000
 29 -76.389099 9.849183 101.803009 -0.033569 0.990272 -0.135037 0.449439 0.183719 1 28 1.000000
MarioHand_alb.png
 29 -80.065338 8.248444 100.151993 -0.651488 0.457815 -0.604953 0.442176 0.241367 1 28 1.000000
 29 -78.321175 8.831619 99.565033 -0.221245 0.663354 -0.714851 0.429206 0.218128 1 28 1.000000
 29 -80.068108 6.567198 99.455597 -0.610447 0.002003 -0.792055 0.421439 0.254170 1 28 1.000000
MarioHand_alb.png
 29 -80.065338 8.248444 100.151993 -0.651488 0.457815 -0.604953 0.442176 0.241367 1 28 1.000000
 29 -80.068108 6.567198 99.455597 -0.610447 0.002003 -0.792055 0.421439 0.254170 1 28 1.000000
 29 -80.895935 6.568134 101.833244 -0.999998 0.002002 0.000000 0.453056 0.271351 1 28 1.000000
MarioHand_alb.png
 29 -80.064148 8.944836 101.833229 -0.726273 0.686888 -0.026701 0.468421 0.238315 1 28 1.000000
 29 -80.065338 8.248444 100.151993 -0.651488 0.457815 -0.604953 0.442176 0.241367 1 28 1.000000
 29 -80.895935 6.568134 101.833244 -0.999998 0.002002 0.000000 0.453056 0.271351 1 28 1.000000
MarioHand_alb.png
 29 -80.064148 8.944836 101.833229 -0.726273 0.686888 -0.026701 0.468421 0.238315 1 28 1.000000
 29 -78.321175 8.831619 99.565033 -0.221245 0.663354 -0.714851 0.429206 0.218128 1 28 1.000000
 29 -80.065338 8.248444 100.151993 -0.651488 0.457815 -0.604953 0.442176 0.241367 1 28 1.000000
MarioHand_alb.png
 29 -78.319595 9.771142 101.833244 -0.178530 0.975144 -0.131227 0.457633 0.211017 1 28 1.000000
 29 -76.389099 9.849183 101.803009 -0.033569 0.990272 -0.135037 0.449439 0.183719 1 28 1.000000
 29 -78.321175 8.831619 99.565033 -0.221245 0.663354 -0.714851 0.429206 0.218128 1 28 1.000000
MarioHand_alb.png
 29 -78.319595 9.771142 101.833244 -0.178530 0.975144 -0.131227 0.457633 0.211017 1 28 1.000000
 29 -78.321175 8.831619 99.565033 -0.221245 0.663354 -0.714851 0.429206 0.218128 1 28 1.000000
 29 -80.064148 8.944836 101.833229 -0.726273 0.686888 -0.026701 0.468421 0.238315 1 28 1.000000
MarioHand_alb.png
 29 -78.320755 9.376898 103.387337 -0.197597 0.850466 0.487507 0.474830 0.205295 1 28 1.000000
 29 -76.389099 9.849183 101.803009 -0.033569 0.990272 -0.135037 0.449439 0.183719 1 28 1.000000
 29 -78.319595 9.771142 101.833244 -0.178530 0.975144 -0.131227 0.457633 0.211017 1 28 1.000000
MarioHand_alb.png
 29 -78.320755 9.376898 103.387337 -0.197597 0.850466 0.487507 0.474830 0.205295 1 28 1.000000
 29 -78.319595 9.771142 101.833244 -0.178530 0.975144 -0.131227 0.457633 0.211017 1 28 1.000000
 29 -80.064148 8.944836 101.833229 -0.726273 0.686888 -0.026701 0.468421 0.238315 1 28 1.000000
MarioHand_alb.png
 29 -76.389236 9.504278 103.467392 -0.035096 0.873677 0.485239 0.469306 0.178531 1 28 1.000000
 29 -76.389099 9.849183 101.803009 -0.033569 0.990272 -0.135037 0.449439 0.183719 1 28 1.000000
 29 -78.320755 9.376898 103.387337 -0.197597 0.850466 0.487507 0.474830 0.205295 1 28 1.000000
MarioHand_alb.png
 29 -80.065414 8.170048 103.470337 -0.750671 0.468216 0.466118 0.490959 0.227451 1 28 1.000000
 29 -78.320755 9.376898 103.387337 -0.197597 0.850466 0.487507 0.474830 0.205295 1 28 1.000000
 29 -80.064148 8.944836 101.833229 -0.726273 0.686888 -0.026701 0.468421 0.238315 1 28 1.000000
MarioHand_alb.png
 29 -80.895935 6.568134 101.833244 -0.999998 0.002002 0.000000 0.513207 0.252415 1 28 1.000000
 29 -80.065414 8.170048 103.470337 -0.750671 0.468216 0.466118 0.490959 0.227451 1 28 1.000000
 29 -80.064148 8.944836 101.833229 -0.726273 0.686888 -0.026701 0.468421 0.238315 1 28 1.000000
MarioHand_alb.png
 29 -76.392319 8.176914 104.825203 -0.035088 0.496573 0.867286 0.491722 0.174395 1 28 1.000000
 29 -76.389236 9.504278 103.467392 -0.035096 0.873677 0.485239 0.469306 0.178531 1 28 1.000000
 29 -78.320755 9.376898 103.387337 -0.197597 0.850466 0.487507 0.474830 0.205295 1 28 1.000000
MarioHand_alb.png
 29 -80.065414 8.170048 103.470337 -0.750671 0.468216 0.466118 0.490959 0.227451 1 28 1.000000
 29 -78.319824 8.073064 104.701530 -0.201374 0.488561 0.848974 0.494850 0.200015 1 28 1.000000
 29 -78.320755 9.376898 103.387337 -0.197597 0.850466 0.487507 0.474830 0.205295 1 28 1.000000
MarioHand_alb.png
 29 -78.319824 8.073064 104.701530 -0.201374 0.488561 0.848974 0.494850 0.200015 1 28 1.000000
 29 -76.392319 8.176914 104.825203 -0.035088 0.496573 0.867286 0.491722 0.174395 1 28 1.000000
 29 -78.320755 9.376898 103.387337 -0.197597 0.850466 0.487507 0.474830 0.205295 1 28 1.000000
MarioHand_alb.png
 29 -80.895935 6.568134 101.833244 -0.999998 0.002002 0.000000 0.513207 0.252415 1 28 1.000000
 29 -80.068085 6.567199 104.210884 -0.753178 0.005914 0.657790 0.512703 0.222461 1 28 1.000000
 29 -80.065414 8.170048 103.470337 -0.750671 0.468216 0.466118 0.490959 0.227451 1 28 1.000000
MarioHand_alb.png
 29 -80.068085 6.567199 104.210884 -0.753178 0.005914 0.657790 0.512703 0.222461 1 28 1.000000
 29 -78.319824 8.073064 104.701530 -0.201374 0.488561 0.848974 0.494850 0.200015 1 28 1.000000
 29 -80.065414 8.170048 103.470337 -0.750671 0.468216 0.466118 0.490959 0.227451 1 28 1.000000
MarioHand_alb.png
 29 -80.895935 6.568134 101.833244 -0.999998 0.002002 0.000000 0.513207 0.252415 1 28 1.000000
 29 -80.070816 4.921933 103.509232 -0.757002 -0.466163 0.457864 0.534966 0.226062 1 28 1.000000
 29 -80.068085 6.567199 104.210884 -0.753178 0.005914 0.657790 0.512703 0.222461 1 28 1.000000
MarioHand_alb.png
 29 -80.895935 6.568134 101.833244 -0.999998 0.002002 0.000000 0.513207 0.252415 1 28 1.000000
 29 -80.072037 4.208743 101.833229 -0.654576 -0.747746 -0.111385 0.557076 0.236805 1 28 1.000000
 29 -80.070816 4.921933 103.509232 -0.757002 -0.466163 0.457864 0.534966 0.226062 1 28 1.000000
MarioHand_alb.png
 29 -80.068085 6.567199 104.210884 -0.753178 0.005914 0.657790 0.512703 0.222461 1 28 1.000000
 29 -78.324905 6.563413 105.040985 -0.193767 -0.003910 0.981040 0.512383 0.198337 1 28 1.000000
 29 -78.319824 8.073064 104.701530 -0.201374 0.488561 0.848974 0.494850 0.200015 1 28 1.000000
MarioHand_alb.png
 29 -80.070816 4.921933 103.509232 -0.757002 -0.466163 0.457864 0.534966 0.226062 1 28 1.000000
 29 -78.348938 4.922245 104.646378 -0.232647 -0.463387 0.855072 0.531472 0.199420 1 28 1.000000
 29 -80.068085 6.567199 104.210884 -0.753178 0.005914 0.657790 0.512703 0.222461 1 28 1.000000
MarioHand_alb.png
 29 -80.068085 6.567199 104.210884 -0.753178 0.005914 0.657790 0.512703 0.222461 1 28 1.000000
 29 -78.348938 4.922245 104.646378 -0.232647 -0.463387 0.855072 0.531472 0.199420 1 28 1.000000
 29 -78.324905 6.563413 105.040985 -0.193767 -0.003910 0.981040 0.512383 0.198337 1 28 1.000000
MarioHand_alb.png
 29 -78.324905 6.563413 105.040985 -0.193767 -0.003910 0.981040 0.512383 0.198337 1 28 1.000000
 29 -76.394714 6.554966 105.164970 -0.036613 0.013635 0.999237 0.511620 0.172824 1 28 1.000000
 29 -78.319824 8.073064 104.701530 -0.201374 0.488561 0.848974 0.494850 0.200015 1 28 1.000000
MarioHand_alb.png
 29 -78.348938 4.922245 104.646378 -0.232647 -0.463387 0.855072 0.531472 0.199420 1 28 1.000000
 29 -76.394714 6.554966 105.164970 -0.036613 0.013635 0.999237 0.511620 0.172824 1 28 1.000000
 29 -78.324905 6.563413 105.040985 -0.193767 -0.003910 0.981040 0.512383 0.198337 1 28 1.000000
MarioHand_alb.png
 29 -78.319824 8.073064 104.701530 -0.201374 0.488561 0.848974 0.494850 0.200015 1 28 1.000000
 29 -76.394714 6.554966 105.164970 -0.036613 0.013635 0.999237 0.511620 0.172824 1 28 1.000000
 29 -76.392319 8.176914 104.825203 -0.035088 0.496573 0.867286 0.491722 0.174395 1 28 1.000000
MarioHand_alb.png
 29 -80.070816 4.921933 103.509232 -0.757002 -0.466163 0.457864 0.534966 0.226062 1 28 1.000000
 29 -78.329605 3.831913 103.486458 -0.231170 -0.858088 0.458525 0.549142 0.203143 1 28 1.000000
 29 -78.348938 4.922245 104.646378 -0.232647 -0.463387 0.855072 0.531472 0.199420 1 28 1.000000
MarioHand_alb.png
 29 -80.072037 4.208743 101.833229 -0.654576 -0.747746 -0.111385 0.557076 0.236805 1 28 1.000000
 29 -78.329605 3.831913 103.486458 -0.231170 -0.858088 0.458525 0.549142 0.203143 1 28 1.000000
 29 -80.070816 4.921933 103.509232 -0.757002 -0.466163 0.457864 0.534966 0.226062 1 28 1.000000
MarioHand_alb.png
 29 -78.348938 4.922245 104.646378 -0.232647 -0.463387 0.855072 0.531472 0.199420 1 28 1.000000
 29 -76.391876 4.784791 104.885612 -0.070201 -0.452584 0.888954 0.533028 0.172992 1 28 1.000000
 29 -76.394714 6.554966 105.164970 -0.036613 0.013635 0.999237 0.511620 0.172824 1 28 1.000000
MarioHand_alb.png
 29 -78.329605 3.831913 103.486458 -0.231170 -0.858088 0.458525 0.549142 0.203143 1 28 1.000000
 29 -76.397026 3.624414 103.686691 -0.076294 -0.880598 0.467681 0.552834 0.175814 1 28 1.000000
 29 -78.348938 4.922245 104.646378 -0.232647 -0.463387 0.855072 0.531472 0.199420 1 28 1.000000
MarioHand_alb.png
 29 -78.348938 4.922245 104.646378 -0.232647 -0.463387 0.855072 0.531472 0.199420 1 28 1.000000
 29 -76.397026 3.624414 103.686691 -0.076294 -0.880598 0.467681 0.552834 0.175814 1 28 1.000000
 29 -76.391876 4.784791 104.885612 -0.070201 -0.452584 0.888954 0.533028 0.172992 1 28 1.000000
MarioHand_alb.png
 29 -78.329605 3.831913 103.486458 -0.231170 -0.858088 0.458525 0.549142 0.203143 1 28 1.000000
 29 -76.398697 3.240979 101.979729 -0.064087 -0.993303 -0.096131 0.573419 0.180728 1 28 1.000000
 29 -76.397026 3.624414 103.686691 -0.076294 -0.880598 0.467681 0.552834 0.175814 1 28 1.000000
MarioHand_alb.png
 29 -76.397026 3.624414 103.686691 -0.076294 -0.880598 0.467681 0.552834 0.175814 1 28 1.000000
 29 -74.465164 3.573350 103.740501 -0.031280 -0.888136 0.458516 0.555459 0.148333 1 28 1.000000
 29 -76.391876 4.784791 104.885612 -0.070201 -0.452584 0.888954 0.533028 0.172992 1 28 1.000000
MarioHand_alb.png
 29 -76.398697 3.240979 101.979729 -0.064087 -0.993303 -0.096131 0.573419 0.180728 1 28 1.000000
 29 -74.465164 3.573350 103.740501 -0.031280 -0.888136 0.458516 0.555459 0.148333 1 28 1.000000
 29 -76.397026 3.624414 103.686691 -0.076294 -0.880598 0.467681 0.552834 0.175814 1 28 1.000000
MarioHand_alb.png
 29 -78.330215 3.400740 101.875755 -0.225830 -0.963663 -0.142669 0.567193 0.208698 1 28 1.000000
 29 -76.398697 3.240979 101.979729 -0.064087 -0.993303 -0.096131 0.573419 0.180728 1 28 1.000000
 29 -78.329605 3.831913 103.486458 -0.231170 -0.858088 0.458525 0.549142 0.203143 1 28 1.000000
MarioHand_alb.png
 29 -80.072037 4.208743 101.833229 -0.654576 -0.747746 -0.111385 0.557076 0.236805 1 28 1.000000
 29 -78.330215 3.400740 101.875755 -0.225830 -0.963663 -0.142669 0.567193 0.208698 1 28 1.000000
 29 -78.329605 3.831913 103.486458 -0.231170 -0.858088 0.458525 0.549142 0.203143 1 28 1.000000
MarioHand_alb.png
 29 -78.330215 3.400740 101.875755 -0.225830 -0.963663 -0.142669 0.567193 0.208698 1 28 1.000000
 29 -76.409271 4.069455 99.455910 -0.086207 -0.741631 -0.665246 0.605158 0.188998 1 28 1.000000
 29 -76.398697 3.240979 101.979729 -0.064087 -0.993303 -0.096131 0.573419 0.180728 1 28 1.000000
MarioHand_alb.png
 29 -76.391876 4.784791 104.885612 -0.070201 -0.452584 0.888954 0.533028 0.172992 1 28 1.000000
 29 -74.465164 3.573350 103.740501 -0.031280 -0.888136 0.458516 0.555459 0.148333 1 28 1.000000
 29 -74.463234 4.757512 104.940697 -0.022124 -0.417026 0.908626 0.533791 0.146242 1 28 1.000000
MarioHand_alb.png
 29 -74.465164 3.573350 103.740501 -0.031280 -0.888136 0.458516 0.555459 0.148333 1 28 1.000000
 29 -72.292587 3.497875 103.822838 -0.054933 -0.854969 0.515762 0.556832 0.117525 1 28 1.000000
 29 -74.463234 4.757512 104.940697 -0.022124 -0.417026 0.908626 0.533791 0.146242 1 28 1.000000
MarioHand_alb.png
 29 -78.328705 4.305345 99.565033 -0.250248 -0.696097 -0.672923 0.595956 0.215961 1 28 1.000000
 29 -76.409271 4.069455 99.455910 -0.086207 -0.741631 -0.665246 0.605158 0.188998 1 28 1.000000
 29 -78.330215 3.400740 101.875755 -0.225830 -0.963663 -0.142669 0.567193 0.208698 1 28 1.000000
MarioHand_alb.png
 29 -80.072037 4.208743 101.833229 -0.654576 -0.747746 -0.111385 0.557076 0.236805 1 28 1.000000
 29 -78.328705 4.305345 99.565033 -0.250248 -0.696097 -0.672923 0.595956 0.215961 1 28 1.000000
 29 -78.330215 3.400740 101.875755 -0.225830 -0.963663 -0.142669 0.567193 0.208698 1 28 1.000000
MarioHand_alb.png
 29 -78.328705 4.305345 99.565033 -0.250248 -0.696097 -0.672923 0.595956 0.215961 1 28 1.000000
 29 -76.403564 6.509696 98.341537 -0.097681 -0.013736 -0.995123 0.637446 0.201129 1 28 1.000000
 29 -76.409271 4.069455 99.455910 -0.086207 -0.741631 -0.665246 0.605158 0.188998 1 28 1.000000
MarioHand_alb.png
 29 -78.328705 4.305345 99.565033 -0.250248 -0.696097 -0.672923 0.595956 0.215961 1 28 1.000000
 29 -78.324936 6.563412 98.625511 -0.257948 0.000000 -0.966159 0.623575 0.229175 1 28 1.000000
 29 -76.403564 6.509696 98.341537 -0.097681 -0.013736 -0.995123 0.637446 0.201129 1 28 1.000000
MarioHand_alb.png
 29 -78.328705 4.305345 99.565033 -0.250248 -0.696097 -0.672923 0.595956 0.215961 1 28 1.000000
 29 -80.068108 6.567198 99.455597 -0.610447 0.002003 -0.792055 0.604318 0.251789 1 28 1.000000
 29 -78.324936 6.563412 98.625511 -0.257948 0.000000 -0.966159 0.623575 0.229175 1 28 1.000000
MarioHand_alb.png
 29 -80.072037 4.208743 101.833229 -0.654576 -0.747746 -0.111385 0.557076 0.236805 1 28 1.000000
 29 -80.070908 4.885955 100.152000 -0.606579 -0.568048 -0.556222 0.583658 0.239170 1 28 1.000000
 29 -78.328705 4.305345 99.565033 -0.250248 -0.696097 -0.672923 0.595956 0.215961 1 28 1.000000
MarioHand_alb.png
 29 -80.070908 4.885955 100.152000 -0.606579 -0.568048 -0.556222 0.583658 0.239170 1 28 1.000000
 29 -80.068108 6.567198 99.455597 -0.610447 0.002003 -0.792055 0.604318 0.251789 1 28 1.000000
 29 -78.328705 4.305345 99.565033 -0.250248 -0.696097 -0.672923 0.595956 0.215961 1 28 1.000000
MarioHand_alb.png
 29 -80.072037 4.208743 101.833229 -0.654576 -0.747746 -0.111385 0.557076 0.236805 1 28 1.000000
 29 -80.895935 6.568134 101.833244 -0.999998 0.002002 0.000000 0.572961 0.269306 1 28 1.000000
 29 -80.070908 4.885955 100.152000 -0.606579 -0.568048 -0.556222 0.583658 0.239170 1 28 1.000000
MarioHand_alb.png
 29 -80.895935 6.568134 101.833244 -0.999998 0.002002 0.000000 0.572961 0.269306 1 28 1.000000
 29 -80.068108 6.567198 99.455597 -0.610447 0.002003 -0.792055 0.604318 0.251789 1 28 1.000000
 29 -80.070908 4.885955 100.152000 -0.606579 -0.568048 -0.556222 0.583658 0.239170 1 28 1.000000
MarioHand_alb.png
 29 -74.463234 4.757512 104.940697 -0.022124 -0.417026 0.908626 0.533791 0.146242 1 28 1.000000
 29 -72.292587 3.497875 103.822838 -0.054933 -0.854969 0.515762 0.556832 0.117525 1 28 1.000000
 29 -72.300369 4.742302 104.988998 -0.037390 -0.385917 0.921775 0.533974 0.116075 1 28 1.000000
MarioHand_alb.png
 29 -72.292587 3.497875 103.822838 -0.054933 -0.854969 0.515762 0.556832 0.117525 1 28 1.000000
 29 -70.056152 4.708221 105.038582 -0.045023 -0.366190 0.929450 0.534157 0.084382 1 28 1.000000
 29 -72.300369 4.742302 104.988998 -0.037390 -0.385917 0.921775 0.533974 0.116075 1 28 1.000000
MarioHand_alb.png
 29 -74.473030 6.555984 105.106087 0.000000 0.037188 0.999308 0.510689 0.146273 1 28 1.000000
 29 -74.463234 4.757512 104.940697 -0.022124 -0.417026 0.908626 0.533791 0.146242 1 28 1.000000
 29 -72.300369 4.742302 104.988998 -0.037390 -0.385917 0.921775 0.533974 0.116075 1 28 1.000000
MarioHand_alb.png
 29 -76.391876 4.784791 104.885612 -0.070201 -0.452584 0.888954 0.533028 0.172992 1 28 1.000000
 29 -74.463234 4.757512 104.940697 -0.022124 -0.417026 0.908626 0.533791 0.146242 1 28 1.000000
 29 -74.473030 6.555984 105.106087 0.000000 0.037188 0.999308 0.510689 0.146273 1 28 1.000000
MarioHand_alb.png
 29 -76.391876 4.784791 104.885612 -0.070201 -0.452584 0.888954 0.533028 0.172992 1 28 1.000000
 29 -74.473030 6.555984 105.106087 0.000000 0.037188 0.999308 0.510689 0.146273 1 28 1.000000
 29 -76.394714 6.554966 105.164970 -0.036613 0.013635 0.999237 0.511620 0.172824 1 28 1.000000
MarioHand_alb.png
 29 -76.394714 6.554966 105.164970 -0.036613 0.013635 0.999237 0.511620 0.172824 1 28 1.000000
 29 -74.473030 6.555984 105.106087 0.000000 0.037188 0.999308 0.510689 0.146273 1 28 1.000000
 29 -76.392319 8.176914 104.825203 -0.035088 0.496573 0.867286 0.491722 0.174395 1 28 1.000000
MarioHand_alb.png
 29 -72.300369 4.742302 104.988998 -0.037390 -0.385917 0.921775 0.533974 0.116075 1 28 1.000000
 29 -70.056152 4.708221 105.038582 -0.045023 -0.366190 0.929450 0.534157 0.084382 1 28 1.000000
 29 -72.280777 6.555985 105.116158 -0.017545 0.050919 0.998549 0.509789 0.116060 1 28 1.000000
MarioHand_alb.png
 29 -74.473030 6.555984 105.106087 0.000000 0.037188 0.999308 0.510689 0.146273 1 28 1.000000
 29 -72.300369 4.742302 104.988998 -0.037390 -0.385917 0.921775 0.533974 0.116075 1 28 1.000000
 29 -72.280777 6.555985 105.116158 -0.017545 0.050919 0.998549 0.509789 0.116060 1 28 1.000000
MarioHand_alb.png
 29 -72.280777 6.555985 105.116158 -0.017545 0.050919 0.998549 0.509789 0.116060 1 28 1.000000
 29 -70.056152 4.708221 105.038582 -0.045023 -0.366190 0.929450 0.534157 0.084382 1 28 1.000000
 29 -70.020874 6.555987 105.191673 -0.029001 0.064585 0.997491 0.508614 0.084611 1 28 1.000000
MarioHand_alb.png
 29 -72.280777 6.555985 105.116158 -0.017545 0.050919 0.998549 0.509789 0.116060 1 28 1.000000
 29 -70.020874 6.555987 105.191673 -0.029001 0.064585 0.997491 0.508614 0.084611 1 28 1.000000
 29 -72.288948 8.206524 104.818878 -0.017550 0.475005 0.879808 0.487282 0.117800 1 28 1.000000
MarioHand_alb.png
 29 -76.392319 8.176914 104.825203 -0.035088 0.496573 0.867286 0.491722 0.174395 1 28 1.000000
 29 -74.473030 6.555984 105.106087 0.000000 0.037188 0.999308 0.510689 0.146273 1 28 1.000000
 29 -74.462379 8.203888 104.801971 -0.002289 0.485253 0.874371 0.489128 0.147799 1 28 1.000000
MarioHand_alb.png
 29 -74.473030 6.555984 105.106087 0.000000 0.037188 0.999308 0.510689 0.146273 1 28 1.000000
 29 -72.280777 6.555985 105.116158 -0.017545 0.050919 0.998549 0.509789 0.116060 1 28 1.000000
 29 -74.462379 8.203888 104.801971 -0.002289 0.485253 0.874371 0.489128 0.147799 1 28 1.000000
MarioHand_alb.png
 29 -74.462379 8.203888 104.801971 -0.002289 0.485253 0.874371 0.489128 0.147799 1 28 1.000000
 29 -72.280777 6.555985 105.116158 -0.017545 0.050919 0.998549 0.509789 0.116060 1 28 1.000000
 29 -72.288948 8.206524 104.818878 -0.017550 0.475005 0.879808 0.487282 0.117800 1 28 1.000000
MarioHand_alb.png
 29 -76.392319 8.176914 104.825203 -0.035088 0.496573 0.867286 0.491722 0.174395 1 28 1.000000
 29 -74.462379 8.203888 104.801971 -0.002289 0.485253 0.874371 0.489128 0.147799 1 28 1.000000
 29 -76.389236 9.504278 103.467392 -0.035096 0.873677 0.485239 0.469306 0.178531 1 28 1.000000
MarioHand_alb.png
 29 -74.462379 8.203888 104.801971 -0.002289 0.485253 0.874371 0.489128 0.147799 1 28 1.000000
 29 -72.288948 8.206524 104.818878 -0.017550 0.475005 0.879808 0.487282 0.117800 1 28 1.000000
 29 -74.459671 9.524302 103.472115 -0.007629 0.881014 0.473028 0.465248 0.151324 1 28 1.000000
MarioHand_alb.png
 29 -76.389236 9.504278 103.467392 -0.035096 0.873677 0.485239 0.469306 0.178531 1 28 1.000000
 29 -74.462379 8.203888 104.801971 -0.002289 0.485253 0.874371 0.489128 0.147799 1 28 1.000000
 29 -74.459671 9.524302 103.472115 -0.007629 0.881014 0.473028 0.465248 0.151324 1 28 1.000000
MarioHand_alb.png
 29 -66.161560 14.101105 102.043571 0.048829 0.906384 0.419622 0.698543 0.269673 1 28 1.000000
 29 -64.373032 14.604591 100.256447 -0.177761 0.983978 0.013733 0.669795 0.249866 1 28 1.000000
 29 -66.151939 14.539413 100.429222 0.013733 0.992979 -0.117494 0.676936 0.274189 1 28 1.000000
MarioHand_alb.png
 29 -68.045807 14.612137 100.473976 0.044251 0.987062 -0.154115 0.682094 0.301030 1 28 1.000000
 29 -66.161560 14.101105 102.043571 0.048829 0.906384 0.419622 0.698543 0.269673 1 28 1.000000
 29 -66.151939 14.539413 100.429222 0.013733 0.992979 -0.117494 0.676936 0.274189 1 28 1.000000
MarioHand_alb.png
 29 -66.161560 14.101105 102.043571 0.048829 0.906384 0.419622 0.698543 0.269673 1 28 1.000000
 29 -64.321426 13.633383 102.664627 -0.001526 0.828482 0.560014 0.703426 0.242115 1 28 1.000000
 29 -64.373032 14.604591 100.256447 -0.177761 0.983978 0.013733 0.669795 0.249866 1 28 1.000000
MarioHand_alb.png
 29 -68.045799 14.159344 102.135330 0.048829 0.890075 0.453191 0.704234 0.296056 1 28 1.000000
 29 -66.161560 14.101105 102.043571 0.048829 0.906384 0.419622 0.698543 0.269673 1 28 1.000000
 29 -68.045807 14.612137 100.473976 0.044251 0.987062 -0.154115 0.682094 0.301030 1 28 1.000000
MarioHand_alb.png
 29 -69.979431 14.703449 100.575935 0.041197 0.989775 -0.136560 0.688640 0.329915 1 28 1.000000
 29 -68.045799 14.159344 102.135330 0.048829 0.890075 0.453191 0.704234 0.296056 1 28 1.000000
 29 -68.045807 14.612137 100.473976 0.044251 0.987062 -0.154115 0.682094 0.301030 1 28 1.000000
MarioHand_alb.png
 29 -66.192635 12.988190 103.489471 0.051119 0.616289 0.785859 0.722560 0.264103 1 28 1.000000
 29 -64.321426 13.633383 102.664627 -0.001526 0.828482 0.560014 0.703426 0.242115 1 28 1.000000
 29 -66.161560 14.101105 102.043571 0.048829 0.906384 0.419622 0.698543 0.269673 1 28 1.000000
MarioHand_alb.png
 29 -68.045799 14.159344 102.135330 0.048829 0.890075 0.453191 0.704234 0.296056 1 28 1.000000
 29 -66.192635 12.988190 103.489471 0.051119 0.616289 0.785859 0.722560 0.264103 1 28 1.000000
 29 -66.161560 14.101105 102.043571 0.048829 0.906384 0.419622 0.698543 0.269673 1 28 1.000000
MarioHand_alb.png
 29 -66.192635 12.988190 103.489471 0.051119 0.616289 0.785859 0.722560 0.264103 1 28 1.000000
 29 -64.553787 11.546768 104.147835 -0.021356 0.353717 0.935109 0.738369 0.236393 1 28 1.000000
 29 -64.321426 13.633383 102.664627 -0.001526 0.828482 0.560014 0.703426 0.242115 1 28 1.000000
MarioHand_alb.png
 29 -69.979500 14.230898 102.250397 0.060272 0.880622 0.469970 0.710582 0.324132 1 28 1.000000
 29 -68.045799 14.159344 102.135330 0.048829 0.890075 0.453191 0.704234 0.296056 1 28 1.000000
 29 -69.979431 14.703449 100.575935 0.041197 0.989775 -0.136560 0.688640 0.329915 1 28 1.000000
MarioHand_alb.png
 29 -71.820465 14.791840 100.705360 0.021362 0.991620 -0.127410 0.697047 0.358618 1 28 1.000000
 29 -69.979500 14.230898 102.250397 0.060272 0.880622 0.469970 0.710582 0.324132 1 28 1.000000
 29 -69.979431 14.703449 100.575935 0.041197 0.989775 -0.136560 0.688640 0.329915 1 28 1.000000
MarioHand_alb.png
 29 -68.052742 13.097235 103.506660 0.028227 0.602017 0.797984 0.726696 0.290105 1 28 1.000000
 29 -66.192635 12.988190 103.489471 0.051119 0.616289 0.785859 0.722560 0.264103 1 28 1.000000
 29 -68.045799 14.159344 102.135330 0.048829 0.890075 0.453191 0.704234 0.296056 1 28 1.000000
MarioHand_alb.png
 29 -69.979500 14.230898 102.250397 0.060272 0.880622 0.469970 0.710582 0.324132 1 28 1.000000
 29 -68.052742 13.097235 103.506660 0.028227 0.602017 0.797984 0.726696 0.290105 1 28 1.000000
 29 -68.045799 14.159344 102.135330 0.048829 0.890075 0.453191 0.704234 0.296056 1 28 1.000000
MarioHand_alb.png
 29 -66.283234 11.544699 104.134346 -0.021357 0.189540 0.981641 0.743694 0.259678 1 28 1.000000
 29 -64.553787 11.546768 104.147835 -0.021356 0.353717 0.935109 0.738369 0.236393 1 28 1.000000
 29 -66.192635 12.988190 103.489471 0.051119 0.616289 0.785859 0.722560 0.264103 1 28 1.000000
MarioHand_alb.png
 29 -68.052742 13.097235 103.506660 0.028227 0.602017 0.797984 0.726696 0.290105 1 28 1.000000
 29 -66.283234 11.544699 104.134346 -0.021357 0.189540 0.981641 0.743694 0.259678 1 28 1.000000
 29 -66.192635 12.988190 103.489471 0.051119 0.616289 0.785859 0.722560 0.264103 1 28 1.000000
MarioHand_alb.png
 29 -71.820465 14.791840 100.705360 0.021362 0.991620 -0.127410 0.697047 0.358618 1 28 1.000000
 29 -71.826500 14.316853 102.401787 0.052646 0.870655 0.489070 0.718334 0.351095 1 28 1.000000
 29 -69.979500 14.230898 102.250397 0.060272 0.880622 0.469970 0.710582 0.324132 1 28 1.000000
MarioHand_alb.png
 29 -73.193718 14.791649 100.788216 -0.076291 0.989396 -0.123591 0.705592 0.379049 1 28 1.000000
 29 -71.826500 14.316853 102.401787 0.052646 0.870655 0.489070 0.718334 0.351095 1 28 1.000000
 29 -71.820465 14.791840 100.705360 0.021362 0.991620 -0.127410 0.697047 0.358618 1 28 1.000000
MarioHand_alb.png
 29 -69.979500 14.230898 102.250397 0.060272 0.880622 0.469970 0.710582 0.324132 1 28 1.000000
 29 -69.978989 13.093050 103.558182 0.043485 0.561679 0.826212 0.732525 0.317418 1 28 1.000000
 29 -68.052742 13.097235 103.506660 0.028227 0.602017 0.797984 0.726696 0.290105 1 28 1.000000
MarioHand_alb.png
 29 -71.826500 14.316853 102.401787 0.052646 0.870655 0.489070 0.718334 0.351095 1 28 1.000000
 29 -69.978989 13.093050 103.558182 0.043485 0.561679 0.826212 0.732525 0.317418 1 28 1.000000
 29 -69.979500 14.230898 102.250397 0.060272 0.880622 0.469970 0.710582 0.324132 1 28 1.000000
MarioHand_alb.png
 29 -68.051514 11.523483 104.104805 -0.019835 0.148759 0.988675 0.748653 0.283925 1 28 1.000000
 29 -66.283234 11.544699 104.134346 -0.021357 0.189540 0.981641 0.743694 0.259678 1 28 1.000000
 29 -68.052742 13.097235 103.506660 0.028227 0.602017 0.797984 0.726696 0.290105 1 28 1.000000
MarioHand_alb.png
 29 -69.978989 13.093050 103.558182 0.043485 0.561679 0.826212 0.732525 0.317418 1 28 1.000000
 29 -68.051514 11.523483 104.104805 -0.019835 0.148759 0.988675 0.748653 0.283925 1 28 1.000000
 29 -68.052742 13.097235 103.506660 0.028227 0.602017 0.797984 0.726696 0.290105 1 28 1.000000
MarioHand_alb.png
 29 -66.283234 11.544699 104.134346 -0.021357 0.189540 0.981641 0.743694 0.259678 1 28 1.000000
 29 -66.468018 9.685181 104.159752 -0.122104 -0.301730 0.945542 0.769512 0.255802 1 28 1.000000
 29 -64.553787 11.546768 104.147835 -0.021356 0.353717 0.935109 0.738369 0.236393 1 28 1.000000
MarioHand_alb.png
 29 -68.051514 11.523483 104.104805 -0.019835 0.148759 0.988675 0.748653 0.283925 1 28 1.000000
 29 -66.468018 9.685181 104.159752 -0.122104 -0.301730 0.945542 0.769512 0.255802 1 28 1.000000
 29 -66.283234 11.544699 104.134346 -0.021357 0.189540 0.981641 0.743694 0.259678 1 28 1.000000
MarioHand_alb.png
 29 -64.553787 11.546768 104.147835 -0.021356 0.353717 0.935109 0.738369 0.236393 1 28 1.000000
 29 -66.468018 9.685181 104.159752 -0.122104 -0.301730 0.945542 0.769512 0.255802 1 28 1.000000
 29 -65.093872 9.287973 104.404007 -0.067122 0.395389 0.916058 0.771618 0.235294 1 28 1.000000
MarioHand_alb.png
 29 -69.984634 11.517303 104.082634 0.004578 0.099767 0.995000 0.753567 0.311208 1 28 1.000000
 29 -68.051514 11.523483 104.104805 -0.019835 0.148759 0.988675 0.748653 0.283925 1 28 1.000000
 29 -69.978989 13.093050 103.558182 0.043485 0.561679 0.826212 0.732525 0.317418 1 28 1.000000
MarioHand_alb.png
 29 -68.051514 11.523483 104.104805 -0.019835 0.148759 0.988675 0.748653 0.283925 1 28 1.000000
 29 -68.100227 9.744727 103.976440 -0.057225 -0.376251 0.924749 0.772381 0.279042 1 28 1.000000
 29 -66.468018 9.685181 104.159752 -0.122104 -0.301730 0.945542 0.769512 0.255802 1 28 1.000000
MarioHand_alb.png
 29 -69.984634 11.517303 104.082634 0.004578 0.099767 0.995000 0.753567 0.311208 1 28 1.000000
 29 -68.100227 9.744727 103.976440 -0.057225 -0.376251 0.924749 0.772381 0.279042 1 28 1.000000
 29 -68.051514 11.523483 104.104805 -0.019835 0.148759 0.988675 0.748653 0.283925 1 28 1.000000
MarioHand_alb.png
 29 -66.558777 8.343274 102.918037 0.045013 -0.888721 0.456234 0.794736 0.255497 1 28 1.000000
 29 -65.093872 9.287973 104.404007 -0.067122 0.395389 0.916058 0.771618 0.235294 1 28 1.000000
 29 -66.468018 9.685181 104.159752 -0.122104 -0.301730 0.945542 0.769512 0.255802 1 28 1.000000
MarioHand_alb.png
 29 -66.558777 8.343274 102.918037 0.045013 -0.888721 0.456234 0.794736 0.255497 1 28 1.000000
 29 -66.468018 9.685181 104.159752 -0.122104 -0.301730 0.945542 0.769512 0.255802 1 28 1.000000
 29 -68.100227 9.744727 103.976440 -0.057225 -0.376251 0.924749 0.772381 0.279042 1 28 1.000000
MarioHand_alb.png
 29 -66.558777 8.343274 102.918037 0.045013 -0.888721 0.456234 0.794736 0.255497 1 28 1.000000
 29 -66.577309 7.938066 100.978386 0.225080 -0.968799 -0.103766 0.822416 0.255192 1 28 1.000000
 29 -65.093872 9.287973 104.404007 -0.067122 0.395389 0.916058 0.771618 0.235294 1 28 1.000000
MarioHand_alb.png
 29 -65.093872 9.287973 104.404007 -0.067122 0.395389 0.916058 0.771618 0.235294 1 28 1.000000
 29 -66.577309 7.938066 100.978386 0.225080 -0.968799 -0.103766 0.822416 0.255192 1 28 1.000000
 29 -65.117691 9.341757 101.577164 0.887919 0.459311 0.025173 0.813535 0.228641 1 28 1.000000
MarioHand_alb.png
 29 -66.577309 7.938066 100.978386 0.225080 -0.968799 -0.103766 0.822416 0.255192 1 28 1.000000
 29 -64.930298 9.131011 98.793167 -0.578997 0.316484 -0.751399 0.856977 0.232593 1 28 1.000000
 29 -65.117691 9.341757 101.577164 0.887919 0.459311 0.025173 0.813535 0.228641 1 28 1.000000
MarioHand_alb.png
 29 -68.134003 8.396500 102.782326 -0.053405 -0.861434 0.505054 0.796918 0.276814 1 28 1.000000
 29 -66.558777 8.343274 102.918037 0.045013 -0.888721 0.456234 0.794736 0.255497 1 28 1.000000
 29 -68.100227 9.744727 103.976440 -0.057225 -0.376251 0.924749 0.772381 0.279042 1 28 1.000000
MarioHand_alb.png
 29 -68.134003 8.396500 102.782326 -0.053405 -0.861434 0.505054 0.796918 0.276814 1 28 1.000000
 29 -66.577309 7.938066 100.978386 0.225080 -0.968799 -0.103766 0.822416 0.255192 1 28 1.000000
 29 -66.558777 8.343274 102.918037 0.045013 -0.888721 0.456234 0.794736 0.255497 1 28 1.000000
MarioHand_alb.png
 29 -66.577309 7.938066 100.978386 0.225080 -0.968799 -0.103766 0.822416 0.255192 1 28 1.000000
 29 -66.498421 8.995043 98.593674 0.019837 -0.749699 -0.661482 0.858351 0.254963 1 28 1.000000
 29 -64.930298 9.131011 98.793167 -0.578997 0.316484 -0.751399 0.856977 0.232593 1 28 1.000000
MarioHand_alb.png
 29 -64.836967 11.363020 96.906525 -0.799854 0.125550 -0.586916 0.899718 0.235935 1 28 1.000000
 29 -64.930298 9.131011 98.793167 -0.578997 0.316484 -0.751399 0.856977 0.232593 1 28 1.000000
 29 -66.498421 8.995043 98.593674 0.019837 -0.749699 -0.661482 0.858351 0.254963 1 28 1.000000
MarioHand_alb.png
 29 -69.973526 9.758634 103.911644 -0.029760 -0.407675 0.912642 0.776028 0.305470 1 28 1.000000
 29 -68.134003 8.396500 102.782326 -0.053405 -0.861434 0.505054 0.796918 0.276814 1 28 1.000000
 29 -68.100227 9.744727 103.976440 -0.057225 -0.376251 0.924749 0.772381 0.279042 1 28 1.000000
MarioHand_alb.png
 29 -69.973526 9.758634 103.911644 -0.029760 -0.407675 0.912642 0.776028 0.305470 1 28 1.000000
 29 -68.100227 9.744727 103.976440 -0.057225 -0.376251 0.924749 0.772381 0.279042 1 28 1.000000
 29 -69.984634 11.517303 104.082634 0.004578 0.099767 0.995000 0.753567 0.311208 1 28 1.000000
MarioHand_alb.png
 29 -68.145676 7.950407 100.994911 -0.033568 -0.987484 -0.154107 0.822080 0.276143 1 28 1.000000
 29 -66.577309 7.938066 100.978386 0.225080 -0.968799 -0.103766 0.822416 0.255192 1 28 1.000000
 29 -68.134003 8.396500 102.782326 -0.053405 -0.861434 0.505054 0.796918 0.276814 1 28 1.000000
MarioHand_alb.png
 29 -69.973526 9.758634 103.911644 -0.029760 -0.407675 0.912642 0.776028 0.305470 1 28 1.000000
 29 -69.982895 8.472233 102.729713 -0.046539 -0.858677 0.510400 0.798795 0.302281 1 28 1.000000
 29 -68.134003 8.396500 102.782326 -0.053405 -0.861434 0.505054 0.796918 0.276814 1 28 1.000000
MarioHand_alb.png
 29 -69.982895 8.472233 102.729713 -0.046539 -0.858677 0.510400 0.798795 0.302281 1 28 1.000000
 29 -68.145676 7.950407 100.994911 -0.033568 -0.987484 -0.154107 0.822080 0.276143 1 28 1.000000
 29 -68.134003 8.396500 102.782326 -0.053405 -0.861434 0.505054 0.796918 0.276814 1 28 1.000000
MarioHand_alb.png
 29 -68.145676 7.950407 100.994911 -0.033568 -0.987484 -0.154107 0.822080 0.276143 1 28 1.000000
 29 -68.064758 9.051036 98.589973 -0.029756 -0.737702 -0.674470 0.857832 0.276448 1 28 1.000000
 29 -66.577309 7.938066 100.978386 0.225080 -0.968799 -0.103766 0.822416 0.255192 1 28 1.000000
MarioHand_alb.png
 29 -68.064758 9.051036 98.589973 -0.029756 -0.737702 -0.674470 0.857832 0.276448 1 28 1.000000
 29 -66.498421 8.995043 98.593674 0.019837 -0.749699 -0.661482 0.858351 0.254963 1 28 1.000000
 29 -66.577309 7.938066 100.978386 0.225080 -0.968799 -0.103766 0.822416 0.255192 1 28 1.000000
MarioHand_alb.png
 29 -69.982895 8.472233 102.729713 -0.046539 -0.858677 0.510400 0.798795 0.302281 1 28 1.000000
 29 -70.000481 8.019146 101.005554 -0.037383 -0.988165 -0.148768 0.822248 0.301381 1 28 1.000000
 29 -68.145676 7.950407 100.994911 -0.033568 -0.987484 -0.154107 0.822080 0.276143 1 28 1.000000
MarioHand_alb.png
 29 -70.000481 8.019146 101.005554 -0.037383 -0.988165 -0.148768 0.822248 0.301381 1 28 1.000000
 29 -68.064758 9.051036 98.589973 -0.029756 -0.737702 -0.674470 0.857832 0.276448 1 28 1.000000
 29 -68.145676 7.950407 100.994911 -0.033568 -0.987484 -0.154107 0.822080 0.276143 1 28 1.000000
MarioHand_alb.png
 29 -71.846756 8.566864 102.697739 -0.072483 -0.859117 0.506620 0.800641 0.327733 1 28 1.000000
 29 -69.982895 8.472233 102.729713 -0.046539 -0.858677 0.510400 0.798795 0.302281 1 28 1.000000
 29 -69.973526 9.758634 103.911644 -0.029760 -0.407675 0.912642 0.776028 0.305470 1 28 1.000000
MarioHand_alb.png
 29 -71.846756 8.566864 102.697739 -0.072483 -0.859117 0.506620 0.800641 0.327733 1 28 1.000000
 29 -70.000481 8.019146 101.005554 -0.037383 -0.988165 -0.148768 0.822248 0.301381 1 28 1.000000
 29 -69.982895 8.472233 102.729713 -0.046539 -0.858677 0.510400 0.798795 0.302281 1 28 1.000000
MarioHand_alb.png
 29 -66.280144 11.260542 97.227402 -0.078568 -0.066554 -0.994685 0.895689 0.256504 1 28 1.000000
 29 -66.498421 8.995043 98.593674 0.019837 -0.749699 -0.661482 0.858351 0.254963 1 28 1.000000
 29 -68.064758 9.051036 98.589973 -0.029756 -0.737702 -0.674470 0.857832 0.276448 1 28 1.000000
MarioHand_alb.png
 29 -66.280144 11.260542 97.227402 -0.078568 -0.066554 -0.994685 0.895689 0.256504 1 28 1.000000
 29 -64.836967 11.363020 96.906525 -0.799854 0.125550 -0.586916 0.899718 0.235935 1 28 1.000000
 29 -66.498421 8.995043 98.593674 0.019837 -0.749699 -0.661482 0.858351 0.254963 1 28 1.000000
MarioHand_alb.png
 29 -70.000481 8.019146 101.005554 -0.037383 -0.988165 -0.148768 0.822248 0.301381 1 28 1.000000
 29 -69.990761 9.135622 98.562431 -0.027464 -0.731521 -0.681265 0.857145 0.303471 1 28 1.000000
 29 -68.064758 9.051036 98.589973 -0.029756 -0.737702 -0.674470 0.857832 0.276448 1 28 1.000000
MarioHand_alb.png
 29 -66.150360 13.366899 97.955086 -0.053406 0.719931 -0.691988 0.926528 0.261326 1 28 1.000000
 29 -64.836967 11.363020 96.906525 -0.799854 0.125550 -0.586916 0.899718 0.235935 1 28 1.000000
 29 -66.280144 11.260542 97.227402 -0.078568 -0.066554 -0.994685 0.895689 0.256504 1 28 1.000000
MarioHand_alb.png
 29 -66.150360 13.366899 97.955086 -0.053406 0.719931 -0.691988 0.926528 0.261326 1 28 1.000000
 29 -64.477890 13.446619 97.642845 -0.484556 0.715770 -0.502870 0.929747 0.237446 1 28 1.000000
 29 -64.836967 11.363020 96.906525 -0.799854 0.125550 -0.586916 0.899718 0.235935 1 28 1.000000
MarioHand_alb.png
 29 -66.150360 13.366899 97.955086 -0.053406 0.719931 -0.691988 0.926528 0.261326 1 28 1.000000
 29 -64.373032 14.604591 100.256447 -0.177761 0.983978 0.013733 0.966781 0.245304 1 28 1.000000
 29 -64.477890 13.446619 97.642845 -0.484556 0.715770 -0.502870 0.929747 0.237446 1 28 1.000000
MarioHand_alb.png
 29 -66.151939 14.539413 100.429222 0.013733 0.992979 -0.117494 0.962692 0.270115 1 28 1.000000
 29 -64.373032 14.604591 100.256447 -0.177761 0.983978 0.013733 0.966781 0.245304 1 28 1.000000
 29 -66.150360 13.366899 97.955086 -0.053406 0.719931 -0.691988 0.926528 0.261326 1 28 1.000000
MarioHand_alb.png
 29 -68.049568 11.421394 97.169868 -0.016019 -0.101832 -0.994673 0.894499 0.281544 1 28 1.000000
 29 -66.280144 11.260542 97.227402 -0.078568 -0.066554 -0.994685 0.895689 0.256504 1 28 1.000000
 29 -68.064758 9.051036 98.589973 -0.029756 -0.737702 -0.674470 0.857832 0.276448 1 28 1.000000
MarioHand_alb.png
 29 -68.049568 11.421394 97.169868 -0.016019 -0.101832 -0.994673 0.894499 0.281544 1 28 1.000000
 29 -66.150360 13.366899 97.955086 -0.053406 0.719931 -0.691988 0.926528 0.261326 1 28 1.000000
 29 -66.280144 11.260542 97.227402 -0.078568 -0.066554 -0.994685 0.895689 0.256504 1 28 1.000000
MarioHand_alb.png
 29 -69.990761 9.135622 98.562431 -0.027464 -0.731521 -0.681265 0.857145 0.303471 1 28 1.000000
 29 -68.049568 11.421394 97.169868 -0.016019 -0.101832 -0.994673 0.894499 0.281544 1 28 1.000000
 29 -68.064758 9.051036 98.589973 -0.029756 -0.737702 -0.674470 0.857832 0.276448 1 28 1.000000
MarioHand_alb.png
 29 -68.046700 13.546656 98.016716 0.021361 0.714250 -0.699565 0.924163 0.288533 1 28 1.000000
 29 -66.151939 14.539413 100.429222 0.013733 0.992979 -0.117494 0.962692 0.270115 1 28 1.000000
 29 -66.150360 13.366899 97.955086 -0.053406 0.719931 -0.691988 0.926528 0.261326 1 28 1.000000
MarioHand_alb.png
 29 -68.046700 13.546656 98.016716 0.021361 0.714250 -0.699565 0.924163 0.288533 1 28 1.000000
 29 -66.150360 13.366899 97.955086 -0.053406 0.719931 -0.691988 0.926528 0.261326 1 28 1.000000
 29 -68.049568 11.421394 97.169868 -0.016019 -0.101832 -0.994673 0.894499 0.281544 1 28 1.000000
MarioHand_alb.png
 29 -68.045807 14.612137 100.473976 0.044251 0.987062 -0.154115 0.958877 0.297200 1 28 1.000000
 29 -66.151939 14.539413 100.429222 0.013733 0.992979 -0.117494 0.962692 0.270115 1 28 1.000000
 29 -68.046700 13.546656 98.016716 0.021361 0.714250 -0.699565 0.924163 0.288533 1 28 1.000000
MarioHand_alb.png
 29 -69.984726 11.472296 97.268448 -0.038138 -0.087908 -0.995398 0.891188 0.309285 1 28 1.000000
 29 -68.046700 13.546656 98.016716 0.021361 0.714250 -0.699565 0.924163 0.288533 1 28 1.000000
 29 -68.049568 11.421394 97.169868 -0.016019 -0.101832 -0.994673 0.894499 0.281544 1 28 1.000000
MarioHand_alb.png
 29 -69.990761 9.135622 98.562431 -0.027464 -0.731521 -0.681265 0.857145 0.303471 1 28 1.000000
 29 -69.984726 11.472296 97.268448 -0.038138 -0.087908 -0.995398 0.891188 0.309285 1 28 1.000000
 29 -68.049568 11.421394 97.169868 -0.016019 -0.101832 -0.994673 0.894499 0.281544 1 28 1.000000
MarioHand_alb.png
 29 -69.981262 13.676212 98.136162 -0.007630 0.714392 -0.699704 0.921157 0.317021 1 28 1.000000
 29 -68.045807 14.612137 100.473976 0.044251 0.987062 -0.154115 0.958877 0.297200 1 28 1.000000
 29 -68.046700 13.546656 98.016716 0.021361 0.714250 -0.699565 0.924163 0.288533 1 28 1.000000
MarioHand_alb.png
 29 -69.981262 13.676212 98.136162 -0.007630 0.714392 -0.699704 0.921157 0.317021 1 28 1.000000
 29 -68.046700 13.546656 98.016716 0.021361 0.714250 -0.699565 0.924163 0.288533 1 28 1.000000
 29 -69.984726 11.472296 97.268448 -0.038138 -0.087908 -0.995398 0.891188 0.309285 1 28 1.000000
MarioHand_alb.png
 29 -69.979431 14.703449 100.575935 0.041197 0.989775 -0.136560 0.954803 0.327001 1 28 1.000000
 29 -68.045807 14.612137 100.473976 0.044251 0.987062 -0.154115 0.958877 0.297200 1 28 1.000000
 29 -69.981262 13.676212 98.136162 -0.007630 0.714392 -0.699704 0.921157 0.317021 1 28 1.000000
MarioHand_alb.png
 29 -71.826500 11.481773 97.368057 -0.055712 -0.058765 -0.996716 0.886854 0.335775 1 28 1.000000
 29 -69.981262 13.676212 98.136162 -0.007630 0.714392 -0.699704 0.921157 0.317021 1 28 1.000000
 29 -69.984726 11.472296 97.268448 -0.038138 -0.087908 -0.995398 0.891188 0.309285 1 28 1.000000
MarioHand_alb.png
 29 -71.826500 11.481773 97.368057 -0.055712 -0.058765 -0.996716 0.886854 0.335775 1 28 1.000000
 29 -69.984726 11.472296 97.268448 -0.038138 -0.087908 -0.995398 0.891188 0.309285 1 28 1.000000
 29 -69.990761 9.135622 98.562431 -0.027464 -0.731521 -0.681265 0.857145 0.303471 1 28 1.000000
MarioHand_alb.png
 29 -71.822403 13.785944 98.286125 -0.032807 0.713748 -0.699634 0.916793 0.344335 1 28 1.000000
 29 -69.979431 14.703449 100.575935 0.041197 0.989775 -0.136560 0.954803 0.327001 1 28 1.000000
 29 -69.981262 13.676212 98.136162 -0.007630 0.714392 -0.699704 0.921157 0.317021 1 28 1.000000
MarioHand_alb.png
 29 -71.822403 13.785944 98.286125 -0.032807 0.713748 -0.699634 0.916793 0.344335 1 28 1.000000
 29 -69.981262 13.676212 98.136162 -0.007630 0.714392 -0.699704 0.921157 0.317021 1 28 1.000000
 29 -71.826500 11.481773 97.368057 -0.055712 -0.058765 -0.996716 0.886854 0.335775 1 28 1.000000
MarioHand_alb.png
 29 -71.820465 14.791840 100.705360 0.021362 0.991620 -0.127410 0.948531 0.356588 1 28 1.000000
 29 -69.979431 14.703449 100.575935 0.041197 0.989775 -0.136560 0.954803 0.327001 1 28 1.000000
 29 -71.822403 13.785944 98.286125 -0.032807 0.713748 -0.699634 0.916793 0.344335 1 28 1.000000
MarioHand_alb.png
 29 -71.820465 14.791840 100.705360 0.021362 0.991620 -0.127410 0.948531 0.356588 1 28 1.000000
 29 -71.822403 13.785944 98.286125 -0.032807 0.713748 -0.699634 0.916793 0.344335 1 28 1.000000
 29 -73.194092 13.814417 98.445763 -0.115203 0.708192 -0.696557 0.911772 0.363714 1 28 1.000000
MarioHand_alb.png
 29 -73.193718 14.791649 100.788216 -0.076291 0.989396 -0.123591 0.941192 0.377310 1 28 1.000000
 29 -71.820465 14.791840 100.705360 0.021362 0.991620 -0.127410 0.948531 0.356588 1 28 1.000000
 29 -73.194092 13.814417 98.445763 -0.115203 0.708192 -0.696557 0.911772 0.363714 1 28 1.000000
MarioHand_alb.png
 29 -73.198288 11.508186 97.497292 -0.128135 -0.021547 -0.991523 0.882628 0.355383 1 28 1.000000
 29 -71.822403 13.785944 98.286125 -0.032807 0.713748 -0.699634 0.916793 0.344335 1 28 1.000000
 29 -71.826500 11.481773 97.368057 -0.055712 -0.058765 -0.996716 0.886854 0.335775 1 28 1.000000
MarioHand_alb.png
 29 -73.198288 11.508186 97.497292 -0.128135 -0.021547 -0.991523 0.882628 0.355383 1 28 1.000000
 29 -73.194092 13.814417 98.445763 -0.115203 0.708192 -0.696557 0.911772 0.363714 1 28 1.000000
 29 -71.822403 13.785944 98.286125 -0.032807 0.713748 -0.699634 0.916793 0.344335 1 28 1.000000
MarioHand_alb.png
 29 -74.585442 13.687939 98.672806 -0.321193 0.675479 -0.663749 0.904067 0.382452 1 28 1.000000
 29 -73.193718 14.791649 100.788216 -0.076291 0.989396 -0.123591 0.941192 0.377310 1 28 1.000000
 29 -73.194092 13.814417 98.445763 -0.115203 0.708192 -0.696557 0.911772 0.363714 1 28 1.000000
MarioHand_alb.png
 29 -74.585442 13.687939 98.672806 -0.321193 0.675479 -0.663749 0.904067 0.382452 1 28 1.000000
 29 -74.584457 14.581493 100.831848 -0.308995 0.944153 -0.114443 0.929763 0.396536 1 28 1.000000
 29 -73.193718 14.791649 100.788216 -0.076291 0.989396 -0.123591 0.941192 0.377310 1 28 1.000000
MarioHand_alb.png
 29 -75.853516 13.831150 100.827271 -0.698870 0.709266 -0.092318 0.913741 0.412390 1 28 1.000000
 29 -74.584457 14.581493 100.831848 -0.308995 0.944153 -0.114443 0.929763 0.396536 1 28 1.000000
 29 -74.585442 13.687939 98.672806 -0.321193 0.675479 -0.663749 0.904067 0.382452 1 28 1.000000
MarioHand_alb.png
 29 -74.588898 11.524710 97.775917 -0.325826 -0.001908 -0.945428 0.876387 0.375738 1 28 1.000000
 29 -74.585442 13.687939 98.672806 -0.321193 0.675479 -0.663749 0.904067 0.382452 1 28 1.000000
 29 -73.194092 13.814417 98.445763 -0.115203 0.708192 -0.696557 0.911772 0.363714 1 28 1.000000
MarioHand_alb.png
 29 -74.588898 11.524710 97.775917 -0.325826 -0.001908 -0.945428 0.876387 0.375738 1 28 1.000000
 29 -73.194092 13.814417 98.445763 -0.115203 0.708192 -0.696557 0.911772 0.363714 1 28 1.000000
 29 -73.198288 11.508186 97.497292 -0.128135 -0.021547 -0.991523 0.882628 0.355383 1 28 1.000000
MarioHand_alb.png
 29 -75.854645 13.155863 99.196991 -0.694331 0.508826 -0.508921 0.893721 0.399542 1 28 1.000000
 29 -75.853516 13.831150 100.827271 -0.698870 0.709266 -0.092318 0.913741 0.412390 1 28 1.000000
 29 -74.585442 13.687939 98.672806 -0.321193 0.675479 -0.663749 0.904067 0.382452 1 28 1.000000
MarioHand_alb.png
 29 -75.854645 13.155863 99.196991 -0.694331 0.508826 -0.508921 0.893721 0.399542 1 28 1.000000
 29 -74.585442 13.687939 98.672806 -0.321193 0.675479 -0.663749 0.904067 0.382452 1 28 1.000000
 29 -74.588898 11.524710 97.775917 -0.325826 -0.001908 -0.945428 0.876387 0.375738 1 28 1.000000
MarioHand_alb.png
 29 -76.541832 11.526873 100.827293 -0.999241 0.002098 -0.038902 0.882872 0.427802 1 28 1.000000
 29 -75.853516 13.831150 100.827271 -0.698870 0.709266 -0.092318 0.913741 0.412390 1 28 1.000000
 29 -75.854645 13.155863 99.196991 -0.694331 0.508826 -0.508921 0.893721 0.399542 1 28 1.000000
MarioHand_alb.png
 29 -75.857323 11.525581 98.521698 -0.695572 0.002097 -0.718453 0.867964 0.396200 1 28 1.000000
 29 -76.541832 11.526873 100.827293 -0.999241 0.002098 -0.038902 0.882872 0.427802 1 28 1.000000
 29 -75.854645 13.155863 99.196991 -0.694331 0.508826 -0.508921 0.893721 0.399542 1 28 1.000000
MarioHand_alb.png
 29 -75.857323 11.525581 98.521698 -0.695572 0.002097 -0.718453 0.867964 0.396200 1 28 1.000000
 29 -75.854645 13.155863 99.196991 -0.694331 0.508826 -0.508921 0.893721 0.399542 1 28 1.000000
 29 -74.588898 11.524710 97.775917 -0.325826 -0.001908 -0.945428 0.876387 0.375738 1 28 1.000000
MarioHand_alb.png
 29 -75.857323 11.525581 98.521698 -0.695572 0.002097 -0.718453 0.867964 0.396200 1 28 1.000000
 29 -74.588898 11.524710 97.775917 -0.325826 -0.001908 -0.945428 0.876387 0.375738 1 28 1.000000
 29 -75.860062 9.895299 99.196991 -0.696421 -0.506107 -0.508776 0.846891 0.385855 1 28 1.000000
MarioHand_alb.png
 29 -76.541832 11.526873 100.827293 -0.999241 0.002098 -0.038902 0.824582 0.410803 1 28 1.000000
 29 -75.857323 11.525581 98.521698 -0.695572 0.002097 -0.718453 0.867964 0.396200 1 28 1.000000
 29 -75.860062 9.895299 99.196991 -0.696421 -0.506107 -0.508776 0.846891 0.385855 1 28 1.000000
MarioHand_alb.png
 29 -74.588898 11.524710 97.775917 -0.325826 -0.001908 -0.945428 0.876387 0.375738 1 28 1.000000
 29 -73.198288 11.508186 97.497292 -0.128135 -0.021547 -0.991523 0.882628 0.355383 1 28 1.000000
 29 -74.593155 9.362638 98.663200 -0.318925 -0.671230 -0.669132 0.851270 0.366690 1 28 1.000000
MarioHand_alb.png
 29 -75.860062 9.895299 99.196991 -0.696421 -0.506107 -0.508776 0.846891 0.385855 1 28 1.000000
 29 -74.588898 11.524710 97.775917 -0.325826 -0.001908 -0.945428 0.876387 0.375738 1 28 1.000000
 29 -74.593155 9.362638 98.663200 -0.318925 -0.671230 -0.669132 0.851270 0.366690 1 28 1.000000
MarioHand_alb.png
 29 -74.593155 9.362638 98.663200 -0.318925 -0.671230 -0.669132 0.851270 0.366690 1 28 1.000000
 29 -73.198288 11.508186 97.497292 -0.128135 -0.021547 -0.991523 0.882628 0.355383 1 28 1.000000
 29 -73.203445 9.192631 98.529144 -0.105289 -0.711943 -0.694299 0.853803 0.347829 1 28 1.000000
MarioHand_alb.png
 29 -73.203445 9.192631 98.529144 -0.105289 -0.711943 -0.694299 0.853803 0.347829 1 28 1.000000
 29 -73.198288 11.508186 97.497292 -0.128135 -0.021547 -0.991523 0.882628 0.355383 1 28 1.000000
 29 -71.826500 11.481773 97.368057 -0.055712 -0.058765 -0.996716 0.886854 0.335775 1 28 1.000000
MarioHand_alb.png
 29 -75.860062 9.895299 99.196991 -0.696421 -0.506107 -0.508776 0.846891 0.385855 1 28 1.000000
 29 -74.593155 9.362638 98.663200 -0.318925 -0.671230 -0.669132 0.851270 0.366690 1 28 1.000000
 29 -74.594254 8.467495 100.820526 -0.317391 -0.939488 -0.128940 0.824948 0.363149 1 28 1.000000
MarioHand_alb.png
 29 -74.593155 9.362638 98.663200 -0.318925 -0.671230 -0.669132 0.851270 0.366690 1 28 1.000000
 29 -73.203445 9.192631 98.529144 -0.105289 -0.711943 -0.694299 0.853803 0.347829 1 28 1.000000
 29 -74.594254 8.467495 100.820526 -0.317391 -0.939488 -0.128940 0.824948 0.363149 1 28 1.000000
MarioHand_alb.png
 29 -76.541832 11.526873 100.827293 -0.999241 0.002098 -0.038902 0.824582 0.410803 1 28 1.000000
 29 -75.860062 9.895299 99.196991 -0.696421 -0.506107 -0.508776 0.846891 0.385855 1 28 1.000000
 29 -75.861160 9.220011 100.827271 -0.698810 -0.707965 -0.102228 0.824964 0.381796 1 28 1.000000
MarioHand_alb.png
 29 -75.860062 9.895299 99.196991 -0.696421 -0.506107 -0.508776 0.846891 0.385855 1 28 1.000000
 29 -74.594254 8.467495 100.820526 -0.317391 -0.939488 -0.128940 0.824948 0.363149 1 28 1.000000
 29 -75.861160 9.220011 100.827271 -0.698810 -0.707965 -0.102228 0.824964 0.381796 1 28 1.000000
MarioHand_alb.png
 29 -76.541832 11.526873 100.827293 -0.999241 0.002098 -0.038902 0.824582 0.410803 1 28 1.000000
 29 -75.861160 9.220011 100.827271 -0.698810 -0.707965 -0.102228 0.824964 0.381796 1 28 1.000000
 29 -75.860718 9.486279 101.898331 -0.712484 -0.619895 0.328780 0.810773 0.383841 1 28 1.000000
MarioHand_alb.png
 29 -75.861160 9.220011 100.827271 -0.698810 -0.707965 -0.102228 0.824964 0.381796 1 28 1.000000
 29 -74.594254 8.467495 100.820526 -0.317391 -0.939488 -0.128940 0.824948 0.363149 1 28 1.000000
 29 -75.860718 9.486279 101.898331 -0.712484 -0.619895 0.328780 0.810773 0.383841 1 28 1.000000
MarioHand_alb.png
 29 -76.541832 11.526873 100.827293 -0.999241 0.002098 -0.038902 0.824582 0.410803 1 28 1.000000
 29 -75.860718 9.486279 101.898331 -0.712484 -0.619895 0.328780 0.810773 0.383841 1 28 1.000000
 29 -75.859428 10.265099 102.786026 -0.716433 -0.360315 0.597409 0.796201 0.389044 1 28 1.000000
MarioHand_alb.png
 29 -75.857338 11.525581 103.132843 -0.721060 -0.007821 0.692828 0.780499 0.398138 1 28 1.000000
 29 -76.541832 11.526873 100.827293 -0.999241 0.002098 -0.038902 0.824582 0.410803 1 28 1.000000
 29 -75.859428 10.265099 102.786026 -0.716433 -0.360315 0.597409 0.796201 0.389044 1 28 1.000000
MarioHand_alb.png
 29 -75.860718 9.486279 101.898331 -0.712484 -0.619895 0.328780 0.810773 0.383841 1 28 1.000000
 29 -74.594254 8.467495 100.820526 -0.317391 -0.939488 -0.128940 0.824948 0.363149 1 28 1.000000
 29 -74.592514 8.876179 102.352791 -0.334169 -0.823882 0.457765 0.806439 0.365194 1 28 1.000000
MarioHand_alb.png
 29 -75.859428 10.265099 102.786026 -0.716433 -0.360315 0.597409 0.796201 0.389044 1 28 1.000000
 29 -75.860718 9.486279 101.898331 -0.712484 -0.619895 0.328780 0.810773 0.383841 1 28 1.000000
 29 -74.592514 8.876179 102.352791 -0.334169 -0.823882 0.457765 0.806439 0.365194 1 28 1.000000
MarioHand_alb.png
 29 -74.594254 8.467495 100.820526 -0.317391 -0.939488 -0.128940 0.824948 0.363149 1 28 1.000000
 29 -73.203445 9.192631 98.529144 -0.105289 -0.711943 -0.694299 0.853803 0.347829 1 28 1.000000
 29 -73.209671 8.210758 100.887749 -0.115966 -0.984849 -0.128935 0.824018 0.344640 1 28 1.000000
MarioHand_alb.png
 29 -74.592514 8.876179 102.352791 -0.334169 -0.823882 0.457765 0.806439 0.365194 1 28 1.000000
 29 -74.594254 8.467495 100.820526 -0.317391 -0.939488 -0.128940 0.824948 0.363149 1 28 1.000000
 29 -73.209671 8.210758 100.887749 -0.115966 -0.984849 -0.128935 0.824018 0.344640 1 28 1.000000
MarioHand_alb.png
 29 -73.203445 9.192631 98.529144 -0.105289 -0.711943 -0.694299 0.853803 0.347829 1 28 1.000000
 29 -71.826500 11.481773 97.368057 -0.055712 -0.058765 -0.996716 0.886854 0.335775 1 28 1.000000
 29 -71.830910 9.140633 98.537392 -0.031279 -0.727799 -0.685077 0.855268 0.329213 1 28 1.000000
MarioHand_alb.png
 29 -73.209671 8.210758 100.887749 -0.115966 -0.984849 -0.128935 0.824018 0.344640 1 28 1.000000
 29 -73.203445 9.192631 98.529144 -0.105289 -0.711943 -0.694299 0.853803 0.347829 1 28 1.000000
 29 -71.830910 9.140633 98.537392 -0.031279 -0.727799 -0.685077 0.855268 0.329213 1 28 1.000000
MarioHand_alb.png
 29 -71.830910 9.140633 98.537392 -0.031279 -0.727799 -0.685077 0.855268 0.329213 1 28 1.000000
 29 -71.826500 11.481773 97.368057 -0.055712 -0.058765 -0.996716 0.886854 0.335775 1 28 1.000000
 29 -69.990761 9.135622 98.562431 -0.027464 -0.731521 -0.681265 0.857145 0.303471 1 28 1.000000
MarioHand_alb.png
 29 -71.830910 9.140633 98.537392 -0.031279 -0.727799 -0.685077 0.855268 0.329213 1 28 1.000000
 29 -69.990761 9.135622 98.562431 -0.027464 -0.731521 -0.681265 0.857145 0.303471 1 28 1.000000
 29 -71.842461 8.111625 100.945587 -0.047303 -0.988967 -0.140382 0.823240 0.326421 1 28 1.000000
MarioHand_alb.png
 29 -73.209671 8.210758 100.887749 -0.115966 -0.984849 -0.128935 0.824018 0.344640 1 28 1.000000
 29 -71.830910 9.140633 98.537392 -0.031279 -0.727799 -0.685077 0.855268 0.329213 1 28 1.000000
 29 -71.842461 8.111625 100.945587 -0.047303 -0.988967 -0.140382 0.823240 0.326421 1 28 1.000000
MarioHand_alb.png
 29 -71.842461 8.111625 100.945587 -0.047303 -0.988967 -0.140382 0.823240 0.326421 1 28 1.000000
 29 -69.990761 9.135622 98.562431 -0.027464 -0.731521 -0.681265 0.857145 0.303471 1 28 1.000000
 29 -70.000481 8.019146 101.005554 -0.037383 -0.988165 -0.148768 0.822248 0.301381 1 28 1.000000
MarioHand_alb.png
 29 -71.842461 8.111625 100.945587 -0.047303 -0.988967 -0.140382 0.823240 0.326421 1 28 1.000000
 29 -70.000481 8.019146 101.005554 -0.037383 -0.988165 -0.148768 0.822248 0.301381 1 28 1.000000
 29 -71.846756 8.566864 102.697739 -0.072483 -0.859117 0.506620 0.800641 0.327733 1 28 1.000000
MarioHand_alb.png
 29 -73.209671 8.210758 100.887749 -0.115966 -0.984849 -0.128935 0.824018 0.344640 1 28 1.000000
 29 -71.842461 8.111625 100.945587 -0.047303 -0.988967 -0.140382 0.823240 0.326421 1 28 1.000000
 29 -73.203682 8.678804 102.567268 -0.146488 -0.858994 0.490581 0.803143 0.346334 1 28 1.000000
MarioHand_alb.png
 29 -73.203682 8.678804 102.567268 -0.146488 -0.858994 0.490581 0.803143 0.346334 1 28 1.000000
 29 -71.842461 8.111625 100.945587 -0.047303 -0.988967 -0.140382 0.823240 0.326421 1 28 1.000000
 29 -71.846756 8.566864 102.697739 -0.072483 -0.859117 0.506620 0.800641 0.327733 1 28 1.000000
MarioHand_alb.png
 29 -74.592514 8.876179 102.352791 -0.334169 -0.823882 0.457765 0.806439 0.365194 1 28 1.000000
 29 -73.209671 8.210758 100.887749 -0.115966 -0.984849 -0.128935 0.824018 0.344640 1 28 1.000000
 29 -73.203682 8.678804 102.567268 -0.146488 -0.858994 0.490581 0.803143 0.346334 1 28 1.000000
MarioHand_alb.png
 29 -75.859428 10.265099 102.786026 -0.716433 -0.360315 0.597409 0.796201 0.389044 1 28 1.000000
 29 -74.592514 8.876179 102.352791 -0.334169 -0.823882 0.457765 0.806439 0.365194 1 28 1.000000
 29 -74.608185 9.935755 103.456749 -0.343232 -0.467559 0.814605 0.789242 0.370443 1 28 1.000000
MarioHand_alb.png
 29 -74.592514 8.876179 102.352791 -0.334169 -0.823882 0.457765 0.806439 0.365194 1 28 1.000000
 29 -73.203682 8.678804 102.567268 -0.146488 -0.858994 0.490581 0.803143 0.346334 1 28 1.000000
 29 -74.608185 9.935755 103.456749 -0.343232 -0.467559 0.814605 0.789242 0.370443 1 28 1.000000
MarioHand_alb.png
 29 -75.857338 11.525581 103.132843 -0.721060 -0.007821 0.692828 0.780499 0.398138 1 28 1.000000
 29 -75.859428 10.265099 102.786026 -0.716433 -0.360315 0.597409 0.796201 0.389044 1 28 1.000000
 29 -74.608185 9.935755 103.456749 -0.343232 -0.467559 0.814605 0.789242 0.370443 1 28 1.000000
MarioHand_alb.png
 29 -73.203682 8.678804 102.567268 -0.146488 -0.858994 0.490581 0.803143 0.346334 1 28 1.000000
 29 -71.846756 8.566864 102.697739 -0.072483 -0.859117 0.506620 0.800641 0.327733 1 28 1.000000
 29 -73.210205 9.839401 103.740486 -0.134310 -0.464551 0.875302 0.784070 0.350683 1 28 1.000000
MarioHand_alb.png
 29 -73.203682 8.678804 102.567268 -0.146488 -0.858994 0.490581 0.803143 0.346334 1 28 1.000000
 29 -73.210205 9.839401 103.740486 -0.134310 -0.464551 0.875302 0.784070 0.350683 1 28 1.000000
 29 -74.608185 9.935755 103.456749 -0.343232 -0.467559 0.814605 0.789242 0.370443 1 28 1.000000
MarioHand_alb.png
 29 -74.589539 11.523275 103.884575 -0.335588 -0.011822 0.941935 0.771618 0.376806 1 28 1.000000
 29 -75.857338 11.525581 103.132843 -0.721060 -0.007821 0.692828 0.780499 0.398138 1 28 1.000000
 29 -74.608185 9.935755 103.456749 -0.343232 -0.467559 0.814605 0.789242 0.370443 1 28 1.000000
MarioHand_alb.png
 29 -74.589539 11.523275 103.884575 -0.335588 -0.011822 0.941935 0.771618 0.376806 1 28 1.000000
 29 -74.608185 9.935755 103.456749 -0.343232 -0.467559 0.814605 0.789242 0.370443 1 28 1.000000
 29 -73.210205 9.839401 103.740486 -0.134310 -0.464551 0.875302 0.784070 0.350683 1 28 1.000000
MarioHand_alb.png
 29 -73.210205 9.839401 103.740486 -0.134310 -0.464551 0.875302 0.784070 0.350683 1 28 1.000000
 29 -71.846756 8.566864 102.697739 -0.072483 -0.859117 0.506620 0.800641 0.327733 1 28 1.000000
 29 -71.842667 9.791757 103.840981 -0.047293 -0.434697 0.899334 0.780301 0.331640 1 28 1.000000
MarioHand_alb.png
 29 -71.842667 9.791757 103.840981 -0.047293 -0.434697 0.899334 0.780301 0.331640 1 28 1.000000
 29 -71.846756 8.566864 102.697739 -0.072483 -0.859117 0.506620 0.800641 0.327733 1 28 1.000000
 29 -69.973526 9.758634 103.911644 -0.029760 -0.407675 0.912642 0.776028 0.305470 1 28 1.000000
MarioHand_alb.png
 29 -71.842667 9.791757 103.840981 -0.047293 -0.434697 0.899334 0.780301 0.331640 1 28 1.000000
 29 -69.973526 9.758634 103.911644 -0.029760 -0.407675 0.912642 0.776028 0.305470 1 28 1.000000
 29 -69.984634 11.517303 104.082634 0.004578 0.099767 0.995000 0.753567 0.311208 1 28 1.000000
MarioHand_alb.png
 29 -73.210205 9.839401 103.740486 -0.134310 -0.464551 0.875302 0.784070 0.350683 1 28 1.000000
 29 -71.842667 9.791757 103.840981 -0.047293 -0.434697 0.899334 0.780301 0.331640 1 28 1.000000
 29 -71.836136 11.515917 104.126305 0.003051 0.052829 0.998599 0.759518 0.337530 1 28 1.000000
MarioHand_alb.png
 29 -71.842667 9.791757 103.840981 -0.047293 -0.434697 0.899334 0.780301 0.331640 1 28 1.000000
 29 -69.984634 11.517303 104.082634 0.004578 0.099767 0.995000 0.753567 0.311208 1 28 1.000000
 29 -71.836136 11.515917 104.126305 0.003051 0.052829 0.998599 0.759518 0.337530 1 28 1.000000
MarioHand_alb.png
 29 -74.589539 11.523275 103.884575 -0.335588 -0.011822 0.941935 0.771618 0.376806 1 28 1.000000
 29 -73.210205 9.839401 103.740486 -0.134310 -0.464551 0.875302 0.784070 0.350683 1 28 1.000000
 29 -73.199615 11.520874 104.106140 -0.094591 0.005912 0.995499 0.764981 0.356756 1 28 1.000000
MarioHand_alb.png
 29 -73.210205 9.839401 103.740486 -0.134310 -0.464551 0.875302 0.784070 0.350683 1 28 1.000000
 29 -71.836136 11.515917 104.126305 0.003051 0.052829 0.998599 0.759518 0.337530 1 28 1.000000
 29 -73.199615 11.520874 104.106140 -0.094591 0.005912 0.995499 0.764981 0.356756 1 28 1.000000
MarioHand_alb.png
 29 -71.836136 11.515917 104.126305 0.003051 0.052829 0.998599 0.759518 0.337530 1 28 1.000000
 29 -69.984634 11.517303 104.082634 0.004578 0.099767 0.995000 0.753567 0.311208 1 28 1.000000
 29 -71.833412 13.109068 103.690933 0.045017 0.528570 0.847695 0.739742 0.343679 1 28 1.000000
MarioHand_alb.png
 29 -71.836136 11.515917 104.126305 0.003051 0.052829 0.998599 0.759518 0.337530 1 28 1.000000
 29 -71.833412 13.109068 103.690933 0.045017 0.528570 0.847695 0.739742 0.343679 1 28 1.000000
 29 -73.199615 11.520874 104.106140 -0.094591 0.005912 0.995499 0.764981 0.356756 1 28 1.000000
MarioHand_alb.png
 29 -71.833412 13.109068 103.690933 0.045017 0.528570 0.847695 0.739742 0.343679 1 28 1.000000
 29 -69.984634 11.517303 104.082634 0.004578 0.099767 0.995000 0.753567 0.311208 1 28 1.000000
 29 -69.978989 13.093050 103.558182 0.043485 0.561679 0.826212 0.732525 0.317418 1 28 1.000000
MarioHand_alb.png
 29 -71.826500 14.316853 102.401787 0.052646 0.870655 0.489070 0.718334 0.351095 1 28 1.000000
 29 -71.833412 13.109068 103.690933 0.045017 0.528570 0.847695 0.739742 0.343679 1 28 1.000000
 29 -69.978989 13.093050 103.558182 0.043485 0.561679 0.826212 0.732525 0.317418 1 28 1.000000
MarioHand_alb.png
 29 -74.589539 11.523275 103.884575 -0.335588 -0.011822 0.941935 0.771618 0.376806 1 28 1.000000
 29 -73.199615 11.520874 104.106140 -0.094591 0.005912 0.995499 0.764981 0.356756 1 28 1.000000
 29 -74.576820 13.012779 103.557190 -0.316558 0.463491 0.827628 0.754299 0.380926 1 28 1.000000
MarioHand_alb.png
 29 -74.589539 11.523275 103.884575 -0.335588 -0.011822 0.941935 0.771618 0.376806 1 28 1.000000
 29 -74.576820 13.012779 103.557190 -0.316558 0.463491 0.827628 0.754299 0.380926 1 28 1.000000
 29 -75.857338 11.525581 103.132843 -0.721060 -0.007821 0.692828 0.780499 0.398138 1 28 1.000000
MarioHand_alb.png
 29 -73.199615 11.520874 104.106140 -0.094591 0.005912 0.995499 0.764981 0.356756 1 28 1.000000
 29 -71.833412 13.109068 103.690933 0.045017 0.528570 0.847695 0.739742 0.343679 1 28 1.000000
 29 -73.194962 13.121065 103.730911 -0.059501 0.504708 0.861237 0.746166 0.362524 1 28 1.000000
MarioHand_alb.png
 29 -73.199615 11.520874 104.106140 -0.094591 0.005912 0.995499 0.764981 0.356756 1 28 1.000000
 29 -73.194962 13.121065 103.730911 -0.059501 0.504708 0.861237 0.746166 0.362524 1 28 1.000000
 29 -74.576820 13.012779 103.557190 -0.316558 0.463491 0.827628 0.754299 0.380926 1 28 1.000000
MarioHand_alb.png
 29 -73.194489 14.336208 102.460693 -0.054930 0.868384 0.492841 0.725582 0.370108 1 28 1.000000
 29 -71.833412 13.109068 103.690933 0.045017 0.528570 0.847695 0.739742 0.343679 1 28 1.000000
 29 -71.826500 14.316853 102.401787 0.052646 0.870655 0.489070 0.718334 0.351095 1 28 1.000000
MarioHand_alb.png
 29 -73.194962 13.121065 103.730911 -0.059501 0.504708 0.861237 0.746166 0.362524 1 28 1.000000
 29 -71.833412 13.109068 103.690933 0.045017 0.528570 0.847695 0.739742 0.343679 1 28 1.000000
 29 -73.194489 14.336208 102.460693 -0.054930 0.868384 0.492841 0.725582 0.370108 1 28 1.000000
MarioHand_alb.png
 29 -73.193718 14.791649 100.788216 -0.076291 0.989396 -0.123591 0.705592 0.379049 1 28 1.000000
 29 -73.194489 14.336208 102.460693 -0.054930 0.868384 0.492841 0.725582 0.370108 1 28 1.000000
 29 -71.826500 14.316853 102.401787 0.052646 0.870655 0.489070 0.718334 0.351095 1 28 1.000000
MarioHand_alb.png
 29 -74.584457 14.581493 100.831848 -0.308995 0.944153 -0.114443 0.717464 0.398520 1 28 1.000000
 29 -73.194489 14.336208 102.460693 -0.054930 0.868384 0.492841 0.725582 0.370108 1 28 1.000000
 29 -73.193718 14.791649 100.788216 -0.076291 0.989396 -0.123591 0.705592 0.379049 1 28 1.000000
MarioHand_alb.png
 29 -74.584991 14.151173 102.408325 -0.307447 0.823927 0.476047 0.735424 0.387945 1 28 1.000000
 29 -73.194962 13.121065 103.730911 -0.059501 0.504708 0.861237 0.746166 0.362524 1 28 1.000000
 29 -73.194489 14.336208 102.460693 -0.054930 0.868384 0.492841 0.725582 0.370108 1 28 1.000000
MarioHand_alb.png
 29 -74.584457 14.581493 100.831848 -0.308995 0.944153 -0.114443 0.717464 0.398520 1 28 1.000000
 29 -74.584991 14.151173 102.408325 -0.307447 0.823927 0.476047 0.735424 0.387945 1 28 1.000000
 29 -73.194489 14.336208 102.460693 -0.054930 0.868384 0.492841 0.725582 0.370108 1 28 1.000000
MarioHand_alb.png
 29 -74.584991 14.151173 102.408325 -0.307447 0.823927 0.476047 0.735424 0.387945 1 28 1.000000
 29 -74.576820 13.012779 103.557190 -0.316558 0.463491 0.827628 0.754299 0.380926 1 28 1.000000
 29 -73.194962 13.121065 103.730911 -0.059501 0.504708 0.861237 0.746166 0.362524 1 28 1.000000
MarioHand_alb.png
 29 -75.854034 13.518541 102.031929 -0.707957 0.612024 0.352453 0.746731 0.404288 1 28 1.000000
 29 -74.584991 14.151173 102.408325 -0.307447 0.823927 0.476047 0.735424 0.387945 1 28 1.000000
 29 -74.584457 14.581493 100.831848 -0.308995 0.944153 -0.114443 0.717464 0.398520 1 28 1.000000
MarioHand_alb.png
 29 -75.854034 13.518541 102.031929 -0.707957 0.612024 0.352453 0.746731 0.404288 1 28 1.000000
 29 -74.584457 14.581493 100.831848 -0.308995 0.944153 -0.114443 0.717464 0.398520 1 28 1.000000
 29 -75.853516 13.831150 100.827271 -0.698870 0.709266 -0.092318 0.733684 0.414237 1 28 1.000000
MarioHand_alb.png
 29 -76.541832 11.526873 100.827293 -0.999241 0.002098 -0.038902 0.764721 0.429969 1 28 1.000000
 29 -75.854034 13.518541 102.031929 -0.707957 0.612024 0.352453 0.746731 0.404288 1 28 1.000000
 29 -75.853516 13.831150 100.827271 -0.698870 0.709266 -0.092318 0.733684 0.414237 1 28 1.000000
MarioHand_alb.png
 29 -75.855377 12.712261 102.791283 -0.718003 0.346698 0.603550 0.761532 0.399847 1 28 1.000000
 29 -74.576820 13.012779 103.557190 -0.316558 0.463491 0.827628 0.754299 0.380926 1 28 1.000000
 29 -74.584991 14.151173 102.408325 -0.307447 0.823927 0.476047 0.735424 0.387945 1 28 1.000000
MarioHand_alb.png
 29 -75.855377 12.712261 102.791283 -0.718003 0.346698 0.603550 0.761532 0.399847 1 28 1.000000
 29 -74.584991 14.151173 102.408325 -0.307447 0.823927 0.476047 0.735424 0.387945 1 28 1.000000
 29 -75.854034 13.518541 102.031929 -0.707957 0.612024 0.352453 0.746731 0.404288 1 28 1.000000
MarioHand_alb.png
 29 -75.855377 12.712261 102.791283 -0.718003 0.346698 0.603550 0.761532 0.399847 1 28 1.000000
 29 -75.854034 13.518541 102.031929 -0.707957 0.612024 0.352453 0.746731 0.404288 1 28 1.000000
 29 -76.541832 11.526873 100.827293 -0.999241 0.002098 -0.038902 0.764721 0.429969 1 28 1.000000
MarioHand_alb.png
 29 -75.857338 11.525581 103.132843 -0.721060 -0.007821 0.692828 0.780499 0.398138 1 28 1.000000
 29 -74.576820 13.012779 103.557190 -0.316558 0.463491 0.827628 0.754299 0.380926 1 28 1.000000
 29 -75.855377 12.712261 102.791283 -0.718003 0.346698 0.603550 0.761532 0.399847 1 28 1.000000
MarioHand_alb.png
 29 -75.857338 11.525581 103.132843 -0.721060 -0.007821 0.692828 0.780499 0.398138 1 28 1.000000
 29 -75.855377 12.712261 102.791283 -0.718003 0.346698 0.603550 0.761532 0.399847 1 28 1.000000
 29 -76.541832 11.526873 100.827293 -0.999241 0.002098 -0.038902 0.764721 0.429969 1 28 1.000000
MarioHand_alb.png
 29 -66.018890 0.520271 97.541275 -0.637984 0.084231 -0.765429 0.031403 0.268055 1 28 1.000000
 29 -65.556450 -2.476514 98.566429 -0.516546 0.017620 -0.856078 0.072404 0.280751 1 28 1.000000
 29 -68.173370 -2.383779 98.970886 -0.074002 -0.797409 -0.598885 0.079576 0.244602 1 28 1.000000
MarioHand_alb.png
 29 -68.221184 0.388946 98.169098 -0.103752 0.121399 -0.987167 0.040955 0.237339 1 28 1.000000
 29 -66.018890 0.520271 97.541275 -0.637984 0.084231 -0.765429 0.031403 0.268055 1 28 1.000000
 29 -68.173370 -2.383779 98.970886 -0.074002 -0.797409 -0.598885 0.079576 0.244602 1 28 1.000000
MarioHand_alb.png
 29 -68.173370 -2.383779 98.970886 -0.074002 -0.797409 -0.598885 0.079576 0.244602 1 28 1.000000
 29 -65.556450 -2.476514 98.566429 -0.516546 0.017620 -0.856078 0.072404 0.280751 1 28 1.000000
 29 -65.556732 -2.504412 101.298615 0.237272 -0.949352 -0.205992 0.108888 0.283192 1 28 1.000000
MarioHand_alb.png
 29 -68.221184 0.388946 98.169098 -0.103752 0.121399 -0.987167 0.040955 0.237339 1 28 1.000000
 29 -68.173370 -2.383779 98.970886 -0.074002 -0.797409 -0.598885 0.079576 0.244602 1 28 1.000000
 29 -70.806015 -2.246935 99.081955 -0.042724 -0.779579 -0.624845 0.083787 0.206149 1 28 1.000000
MarioHand_alb.png
 29 -70.801590 0.299456 98.057899 -0.041192 0.094012 -0.994719 0.047181 0.199695 1 28 1.000000
 29 -68.221184 0.388946 98.169098 -0.103752 0.121399 -0.987167 0.040955 0.237339 1 28 1.000000
 29 -70.806015 -2.246935 99.081955 -0.042724 -0.779579 -0.624845 0.083787 0.206149 1 28 1.000000
MarioHand_alb.png
 29 -73.102951 0.310844 98.263245 -0.106777 0.074300 -0.991503 0.053422 0.164736 1 28 1.000000
 29 -70.801590 0.299456 98.057899 -0.041192 0.094012 -0.994719 0.047181 0.199695 1 28 1.000000
 29 -70.806015 -2.246935 99.081955 -0.042724 -0.779579 -0.624845 0.083787 0.206149 1 28 1.000000
MarioHand_alb.png
 29 -68.173370 -2.383779 98.970886 -0.074002 -0.797409 -0.598885 0.079576 0.244602 1 28 1.000000
 29 -65.556732 -2.504412 101.298615 0.237272 -0.949352 -0.205992 0.108888 0.283192 1 28 1.000000
 29 -68.269531 -2.539517 101.687759 -0.012207 -0.999483 -0.029755 0.117159 0.246723 1 28 1.000000
MarioHand_alb.png
 29 -70.806015 -2.246935 99.081955 -0.042724 -0.779579 -0.624845 0.083787 0.206149 1 28 1.000000
 29 -68.173370 -2.383779 98.970886 -0.074002 -0.797409 -0.598885 0.079576 0.244602 1 28 1.000000
 29 -68.269531 -2.539517 101.687759 -0.012207 -0.999483 -0.029755 0.117159 0.246723 1 28 1.000000
MarioHand_alb.png
 29 -68.269531 -2.539517 101.687759 -0.012207 -0.999483 -0.029755 0.117159 0.246723 1 28 1.000000
 29 -65.556732 -2.504412 101.298615 0.237272 -0.949352 -0.205992 0.108888 0.283192 1 28 1.000000
 29 -68.294739 -2.505652 103.689133 -0.032806 -0.969949 0.241087 0.144915 0.248829 1 28 1.000000
MarioHand_alb.png
 29 -65.556732 -2.504412 101.298615 0.237272 -0.949352 -0.205992 0.108888 0.283192 1 28 1.000000
 29 -65.838547 -2.498507 104.743843 -0.164001 -0.371506 0.913831 0.155764 0.284443 1 28 1.000000
 29 -68.294739 -2.505652 103.689133 -0.032806 -0.969949 0.241087 0.144915 0.248829 1 28 1.000000
MarioHand_alb.png
 29 -70.806015 -2.246935 99.081955 -0.042724 -0.779579 -0.624845 0.083787 0.206149 1 28 1.000000
 29 -68.269531 -2.539517 101.687759 -0.012207 -0.999483 -0.029755 0.117159 0.246723 1 28 1.000000
 29 -70.770866 -2.575725 101.819519 -0.013733 -0.998786 -0.047302 0.121355 0.209827 1 28 1.000000
MarioHand_alb.png
 29 -70.770866 -2.575725 101.819519 -0.013733 -0.998786 -0.047302 0.121355 0.209827 1 28 1.000000
 29 -68.269531 -2.539517 101.687759 -0.012207 -0.999483 -0.029755 0.117159 0.246723 1 28 1.000000
 29 -68.294739 -2.505652 103.689133 -0.032806 -0.969949 0.241087 0.144915 0.248829 1 28 1.000000
MarioHand_alb.png
 29 -73.102951 0.310844 98.263245 -0.106777 0.074300 -0.991503 0.053422 0.164736 1 28 1.000000
 29 -70.806015 -2.246935 99.081955 -0.042724 -0.779579 -0.624845 0.083787 0.206149 1 28 1.000000
 29 -73.105698 -2.115835 99.300156 -0.083928 -0.773731 -0.627931 0.088670 0.171633 1 28 1.000000
MarioHand_alb.png
 29 -70.806015 -2.246935 99.081955 -0.042724 -0.779579 -0.624845 0.083787 0.206149 1 28 1.000000
 29 -70.770866 -2.575725 101.819519 -0.013733 -0.998786 -0.047302 0.121355 0.209827 1 28 1.000000
 29 -73.105698 -2.115835 99.300156 -0.083928 -0.773731 -0.627931 0.088670 0.171633 1 28 1.000000
MarioHand_alb.png
 29 -75.646172 0.333733 98.628380 -0.109859 0.052849 -0.992541 0.062165 0.125048 1 28 1.000000
 29 -73.102951 0.310844 98.263245 -0.106777 0.074300 -0.991503 0.053422 0.164736 1 28 1.000000
 29 -73.105698 -2.115835 99.300156 -0.083928 -0.773731 -0.627931 0.088670 0.171633 1 28 1.000000
MarioHand_alb.png
 29 -68.247589 -1.518511 105.241806 -0.023650 -0.500979 0.865136 0.170428 0.249943 1 28 1.000000
 29 -68.294739 -2.505652 103.689133 -0.032806 -0.969949 0.241087 0.144915 0.248829 1 28 1.000000
 29 -65.838547 -2.498507 104.743843 -0.164001 -0.371506 0.913831 0.155764 0.284443 1 28 1.000000
MarioHand_alb.png
 29 -68.247589 -1.518511 105.241806 -0.023650 -0.500979 0.865136 0.170428 0.249943 1 28 1.000000
 29 -65.838547 -2.498507 104.743843 -0.164001 -0.371506 0.913831 0.155764 0.284443 1 28 1.000000
 29 -65.698723 0.337867 105.534767 -0.119021 -0.105580 0.987262 0.195315 0.286320 1 28 1.000000
MarioHand_alb.png
 29 -75.646172 0.333733 98.628380 -0.109859 0.052849 -0.992541 0.062165 0.125048 1 28 1.000000
 29 -73.105698 -2.115835 99.300156 -0.083928 -0.773731 -0.627931 0.088670 0.171633 1 28 1.000000
 29 -75.650223 -2.013635 99.607025 -0.076289 -0.758073 -0.647693 0.095506 0.133227 1 28 1.000000
MarioHand_alb.png
 29 -77.852913 0.351509 98.849655 -0.103777 0.025435 -0.994275 0.071824 0.090394 1 28 1.000000
 29 -75.646172 0.333733 98.628380 -0.109859 0.052849 -0.992541 0.062165 0.125048 1 28 1.000000
 29 -75.650223 -2.013635 99.607025 -0.076289 -0.758073 -0.647693 0.095506 0.133227 1 28 1.000000
MarioHand_alb.png
 29 -73.106239 -2.607885 101.941986 -0.013733 -0.996873 -0.077820 0.124804 0.175952 1 28 1.000000
 29 -73.105698 -2.115835 99.300156 -0.083928 -0.773731 -0.627931 0.088670 0.171633 1 28 1.000000
 29 -70.770866 -2.575725 101.819519 -0.013733 -0.998786 -0.047302 0.121355 0.209827 1 28 1.000000
MarioHand_alb.png
 29 -75.650223 -2.013635 99.607025 -0.076289 -0.758073 -0.647693 0.095506 0.133227 1 28 1.000000
 29 -73.105698 -2.115835 99.300156 -0.083928 -0.773731 -0.627931 0.088670 0.171633 1 28 1.000000
 29 -73.106239 -2.607885 101.941986 -0.013733 -0.996873 -0.077820 0.124804 0.175952 1 28 1.000000
MarioHand_alb.png
 29 -70.770866 -2.575725 101.819519 -0.013733 -0.998786 -0.047302 0.121355 0.209827 1 28 1.000000
 29 -68.294739 -2.505652 103.689133 -0.032806 -0.969949 0.241087 0.144915 0.248829 1 28 1.000000
 29 -70.771461 -2.428026 103.702621 -0.002289 -0.949564 0.313565 0.147143 0.212131 1 28 1.000000
MarioHand_alb.png
 29 -73.106239 -2.607885 101.941986 -0.013733 -0.996873 -0.077820 0.124804 0.175952 1 28 1.000000
 29 -70.770866 -2.575725 101.819519 -0.013733 -0.998786 -0.047302 0.121355 0.209827 1 28 1.000000
 29 -70.771461 -2.428026 103.702621 -0.002289 -0.949564 0.313565 0.147143 0.212131 1 28 1.000000
MarioHand_alb.png
 29 -68.247589 -1.518511 105.241806 -0.023650 -0.500979 0.865136 0.170428 0.249943 1 28 1.000000
 29 -70.771461 -2.428026 103.702621 -0.002289 -0.949564 0.313565 0.147143 0.212131 1 28 1.000000
 29 -68.294739 -2.505652 103.689133 -0.032806 -0.969949 0.241087 0.144915 0.248829 1 28 1.000000
MarioHand_alb.png
 29 -75.650223 -2.013635 99.607025 -0.076289 -0.758073 -0.647693 0.095506 0.133227 1 28 1.000000
 29 -73.106239 -2.607885 101.941986 -0.013733 -0.996873 -0.077820 0.124804 0.175952 1 28 1.000000
 29 -75.525993 -2.650178 102.092300 -0.005341 -0.994588 -0.103760 0.129335 0.138506 1 28 1.000000
MarioHand_alb.png
 29 -77.852913 0.351509 98.849655 -0.103777 0.025435 -0.994275 0.071824 0.090394 1 28 1.000000
 29 -75.650223 -2.013635 99.607025 -0.076289 -0.758073 -0.647693 0.095506 0.133227 1 28 1.000000
 29 -77.856735 -1.952094 99.823471 -0.080864 -0.702397 -0.707177 0.103441 0.100328 1 28 1.000000
MarioHand_alb.png
 29 -75.650223 -2.013635 99.607025 -0.076289 -0.758073 -0.647693 0.095506 0.133227 1 28 1.000000
 29 -75.525993 -2.650178 102.092300 -0.005341 -0.994588 -0.103760 0.129335 0.138506 1 28 1.000000
 29 -77.856735 -1.952094 99.823471 -0.080864 -0.702397 -0.707177 0.103441 0.100328 1 28 1.000000
MarioHand_alb.png
 29 -79.990112 0.363506 99.119286 -0.219669 0.007812 -0.975543 0.085740 0.057664 1 28 1.000000
 29 -77.852913 0.351509 98.849655 -0.103777 0.025435 -0.994275 0.071824 0.090394 1 28 1.000000
 29 -77.856735 -1.952094 99.823471 -0.080864 -0.702397 -0.707177 0.103441 0.100328 1 28 1.000000
MarioHand_alb.png
 29 -75.525993 -2.650178 102.092300 -0.005341 -0.994588 -0.103760 0.129335 0.138506 1 28 1.000000
 29 -73.106239 -2.607885 101.941986 -0.013733 -0.996873 -0.077820 0.124804 0.175952 1 28 1.000000
 29 -73.088699 -2.484391 103.748886 0.007629 -0.938064 0.346377 0.149004 0.178759 1 28 1.000000
MarioHand_alb.png
 29 -73.088699 -2.484391 103.748886 0.007629 -0.938064 0.346377 0.149004 0.178759 1 28 1.000000
 29 -73.106239 -2.607885 101.941986 -0.013733 -0.996873 -0.077820 0.124804 0.175952 1 28 1.000000
 29 -70.771461 -2.428026 103.702621 -0.002289 -0.949564 0.313565 0.147143 0.212131 1 28 1.000000
MarioHand_alb.png
 29 -79.993874 -1.812599 100.058823 -0.218996 -0.603288 -0.766867 0.114229 0.069535 1 28 1.000000
 29 -79.990112 0.363506 99.119286 -0.219669 0.007812 -0.975543 0.085740 0.057664 1 28 1.000000
 29 -77.856735 -1.952094 99.823471 -0.080864 -0.702397 -0.707177 0.103441 0.100328 1 28 1.000000
MarioHand_alb.png
 29 -79.993874 -1.812599 100.058823 -0.218996 -0.603288 -0.766867 0.114229 0.069535 1 28 1.000000
 29 -81.733299 0.366578 99.804115 -0.589078 0.001955 -0.808074 0.103166 0.034180 1 28 1.000000
 29 -79.990112 0.363506 99.119286 -0.219669 0.007812 -0.975543 0.085740 0.057664 1 28 1.000000
MarioHand_alb.png
 29 -77.821518 -2.768147 102.232643 -0.012207 -0.997405 -0.070954 0.135424 0.106584 1 28 1.000000
 29 -77.856735 -1.952094 99.823471 -0.080864 -0.702397 -0.707177 0.103441 0.100328 1 28 1.000000
 29 -75.525993 -2.650178 102.092300 -0.005341 -0.994588 -0.103760 0.129335 0.138506 1 28 1.000000
MarioHand_alb.png
 29 -81.736252 -1.344952 100.543060 -0.636317 -0.479538 -0.604272 0.125582 0.045960 1 28 1.000000
 29 -81.733299 0.366578 99.804115 -0.589078 0.001955 -0.808074 0.103166 0.034180 1 28 1.000000
 29 -79.993874 -1.812599 100.058823 -0.218996 -0.603288 -0.766867 0.114229 0.069535 1 28 1.000000
MarioHand_alb.png
 29 -82.561119 0.368035 102.327026 -0.999997 0.001955 0.001526 0.136248 0.014069 1 28 1.000000
 29 -81.733299 0.366578 99.804115 -0.589078 0.001955 -0.808074 0.103166 0.034180 1 28 1.000000
 29 -81.736252 -1.344952 100.543060 -0.636317 -0.479538 -0.604272 0.125582 0.045960 1 28 1.000000
MarioHand_alb.png
 29 -81.737488 -2.053889 102.327026 -0.712583 -0.700710 -0.035095 0.153567 0.047578 1 28 1.000000
 29 -82.561119 0.368035 102.327026 -0.999997 0.001955 0.001526 0.136248 0.014069 1 28 1.000000
 29 -81.736252 -1.344952 100.543060 -0.636317 -0.479538 -0.604272 0.125582 0.045960 1 28 1.000000
MarioHand_alb.png
 29 -81.737488 -2.053889 102.327026 -0.712583 -0.700710 -0.035095 0.153567 0.047578 1 28 1.000000
 29 -81.736252 -1.344952 100.543060 -0.636317 -0.479538 -0.604272 0.125582 0.045960 1 28 1.000000
 29 -79.993874 -1.812599 100.058823 -0.218996 -0.603288 -0.766867 0.114229 0.069535 1 28 1.000000
MarioHand_alb.png
 29 -79.993874 -1.812599 100.058823 -0.218996 -0.603288 -0.766867 0.114229 0.069535 1 28 1.000000
 29 -77.856735 -1.952094 99.823471 -0.080864 -0.702397 -0.707177 0.103441 0.100328 1 28 1.000000
 29 -79.995438 -2.713974 102.327026 -0.158691 -0.986120 -0.048828 0.143786 0.075166 1 28 1.000000
MarioHand_alb.png
 29 -81.737488 -2.053889 102.327026 -0.712583 -0.700710 -0.035095 0.153567 0.047578 1 28 1.000000
 29 -79.993874 -1.812599 100.058823 -0.218996 -0.603288 -0.766867 0.114229 0.069535 1 28 1.000000
 29 -79.995438 -2.713974 102.327026 -0.158691 -0.986120 -0.048828 0.143786 0.075166 1 28 1.000000
MarioHand_alb.png
 29 -79.995438 -2.713974 102.327026 -0.158691 -0.986120 -0.048828 0.143786 0.075166 1 28 1.000000
 29 -77.856735 -1.952094 99.823471 -0.080864 -0.702397 -0.707177 0.103441 0.100328 1 28 1.000000
 29 -77.821518 -2.768147 102.232643 -0.012207 -0.997405 -0.070954 0.135424 0.106584 1 28 1.000000
MarioHand_alb.png
 29 -77.821518 -2.768147 102.232643 -0.012207 -0.997405 -0.070954 0.135424 0.106584 1 28 1.000000
 29 -75.525993 -2.650178 102.092300 -0.005341 -0.994588 -0.103760 0.129335 0.138506 1 28 1.000000
 29 -75.600876 -2.459381 103.825821 0.013733 -0.923646 0.383001 0.151995 0.142123 1 28 1.000000
MarioHand_alb.png
 29 -75.525993 -2.650178 102.092300 -0.005341 -0.994588 -0.103760 0.129335 0.138506 1 28 1.000000
 29 -73.088699 -2.484391 103.748886 0.007629 -0.938064 0.346377 0.149004 0.178759 1 28 1.000000
 29 -75.600876 -2.459381 103.825821 0.013733 -0.923646 0.383001 0.151995 0.142123 1 28 1.000000
MarioHand_alb.png
 29 -79.995438 -2.713974 102.327026 -0.158691 -0.986120 -0.048828 0.143786 0.075166 1 28 1.000000
 29 -77.821518 -2.768147 102.232643 -0.012207 -0.997405 -0.070954 0.135424 0.106584 1 28 1.000000
 29 -77.796555 -2.447946 103.914871 -0.009155 -0.905169 0.424952 0.156237 0.110994 1 28 1.000000
MarioHand_alb.png
 29 -77.821518 -2.768147 102.232643 -0.012207 -0.997405 -0.070954 0.135424 0.106584 1 28 1.000000
 29 -75.600876 -2.459381 103.825821 0.013733 -0.923646 0.383001 0.151995 0.142123 1 28 1.000000
 29 -77.796555 -2.447946 103.914871 -0.009155 -0.905169 0.424952 0.156237 0.110994 1 28 1.000000
MarioHand_alb.png
 29 -81.737488 -2.053889 102.327026 -0.712583 -0.700710 -0.035095 0.153567 0.047578 1 28 1.000000
 29 -79.995438 -2.713974 102.327026 -0.158691 -0.986120 -0.048828 0.143786 0.075166 1 28 1.000000
 29 -79.994827 -2.303803 103.948471 -0.146485 -0.880081 0.451663 0.162249 0.080827 1 28 1.000000
MarioHand_alb.png
 29 -79.995438 -2.713974 102.327026 -0.158691 -0.986120 -0.048828 0.143786 0.075166 1 28 1.000000
 29 -77.796555 -2.447946 103.914871 -0.009155 -0.905169 0.424952 0.156237 0.110994 1 28 1.000000
 29 -79.994827 -2.303803 103.948471 -0.146485 -0.880081 0.451663 0.162249 0.080827 1 28 1.000000
MarioHand_alb.png
 29 -81.737488 -2.053889 102.327026 -0.712583 -0.700710 -0.035095 0.153567 0.047578 1 28 1.000000
 29 -79.994827 -2.303803 103.948471 -0.146485 -0.880081 0.451663 0.162249 0.080827 1 28 1.000000
 29 -81.736252 -1.344251 104.050392 -0.748316 -0.479425 0.458448 0.176287 0.058839 1 28 1.000000
MarioHand_alb.png
 29 -82.561119 0.368035 102.327026 -0.999997 0.001955 0.001526 0.199527 0.031968 1 28 1.000000
 29 -81.737488 -2.053889 102.327026 -0.712583 -0.700710 -0.035095 0.153567 0.047578 1 28 1.000000
 29 -81.736252 -1.344251 104.050392 -0.748316 -0.479425 0.458448 0.176287 0.058839 1 28 1.000000
MarioHand_alb.png
 29 -79.994827 -2.303803 103.948471 -0.146485 -0.880081 0.451663 0.162249 0.080827 1 28 1.000000
 29 -77.796555 -2.447946 103.914871 -0.009155 -0.905169 0.424952 0.156237 0.110994 1 28 1.000000
 29 -77.794357 -1.372735 105.166878 -0.013732 -0.516849 0.855967 0.176440 0.114183 1 28 1.000000
MarioHand_alb.png
 29 -81.736252 -1.344251 104.050392 -0.748316 -0.479425 0.458448 0.176287 0.058839 1 28 1.000000
 29 -79.994827 -2.303803 103.948471 -0.146485 -0.880081 0.451663 0.162249 0.080827 1 28 1.000000
 29 -79.977951 -1.253545 105.099327 -0.150291 -0.501237 0.852159 0.179797 0.085298 1 28 1.000000
MarioHand_alb.png
 29 -79.994827 -2.303803 103.948471 -0.146485 -0.880081 0.451663 0.162249 0.080827 1 28 1.000000
 29 -77.794357 -1.372735 105.166878 -0.013732 -0.516849 0.855967 0.176440 0.114183 1 28 1.000000
 29 -79.977951 -1.253545 105.099327 -0.150291 -0.501237 0.852159 0.179797 0.085298 1 28 1.000000
MarioHand_alb.png
 29 -82.561119 0.368035 102.327026 -0.999997 0.001955 0.001526 0.199527 0.031968 1 28 1.000000
 29 -81.736252 -1.344251 104.050392 -0.748316 -0.479425 0.458448 0.176287 0.058839 1 28 1.000000
 29 -81.733299 0.366578 104.849945 -0.747109 0.003911 0.664690 0.199374 0.063401 1 28 1.000000
MarioHand_alb.png
 29 -81.736252 -1.344251 104.050392 -0.748316 -0.479425 0.458448 0.176287 0.058839 1 28 1.000000
 29 -79.977951 -1.253545 105.099327 -0.150291 -0.501237 0.852159 0.179797 0.085298 1 28 1.000000
 29 -81.733299 0.366578 104.849945 -0.747109 0.003911 0.664690 0.199374 0.063401 1 28 1.000000
MarioHand_alb.png
 29 -82.561119 0.368035 102.327026 -0.999997 0.001955 0.001526 0.199527 0.031968 1 28 1.000000
 29 -81.733299 0.366578 104.849945 -0.747109 0.003911 0.664690 0.199374 0.063401 1 28 1.000000
 29 -81.730362 2.067163 104.005035 -0.743283 0.487732 0.457874 0.222538 0.058854 1 28 1.000000
MarioHand_alb.png
 29 -82.561119 0.368035 102.327026 -0.999997 0.001955 0.001526 0.199527 0.031968 1 28 1.000000
 29 -81.730362 2.067163 104.005035 -0.743283 0.487732 0.457874 0.222538 0.058854 1 28 1.000000
 29 -81.729134 2.787042 102.327026 -0.712571 0.700603 -0.037383 0.245212 0.048173 1 28 1.000000
MarioHand_alb.png
 29 -81.733299 0.366578 104.849945 -0.747109 0.003911 0.664690 0.199374 0.063401 1 28 1.000000
 29 -79.977951 -1.253545 105.099327 -0.150291 -0.501237 0.852159 0.179797 0.085298 1 28 1.000000
 29 -79.990112 0.363507 105.534767 -0.137339 -0.017644 0.990367 0.199115 0.086870 1 28 1.000000
MarioHand_alb.png
 29 -81.733299 0.366578 104.849945 -0.747109 0.003911 0.664690 0.199374 0.063401 1 28 1.000000
 29 -79.987366 1.948123 105.131340 -0.168569 0.516075 0.839792 0.218097 0.085801 1 28 1.000000
 29 -81.730362 2.067163 104.005035 -0.743283 0.487732 0.457874 0.222538 0.058854 1 28 1.000000
MarioHand_alb.png
 29 -81.733299 0.366578 104.849945 -0.747109 0.003911 0.664690 0.199374 0.063401 1 28 1.000000
 29 -79.990112 0.363507 105.534767 -0.137339 -0.017644 0.990367 0.199115 0.086870 1 28 1.000000
 29 -79.987366 1.948123 105.131340 -0.168569 0.516075 0.839792 0.218097 0.085801 1 28 1.000000
MarioHand_alb.png
 29 -79.977951 -1.253545 105.099327 -0.150291 -0.501237 0.852159 0.179797 0.085298 1 28 1.000000
 29 -77.793411 0.359152 105.611450 -0.017547 -0.029277 0.999417 0.198535 0.115465 1 28 1.000000
 29 -79.990112 0.363507 105.534767 -0.137339 -0.017644 0.990367 0.199115 0.086870 1 28 1.000000
MarioHand_alb.png
 29 -79.990112 0.363507 105.534767 -0.137339 -0.017644 0.990367 0.199115 0.086870 1 28 1.000000
 29 -77.793411 0.359152 105.611450 -0.017547 -0.029277 0.999417 0.198535 0.115465 1 28 1.000000
 29 -79.987366 1.948123 105.131340 -0.168569 0.516075 0.839792 0.218097 0.085801 1 28 1.000000
MarioHand_alb.png
 29 -79.977951 -1.253545 105.099327 -0.150291 -0.501237 0.852159 0.179797 0.085298 1 28 1.000000
 29 -77.794357 -1.372735 105.166878 -0.013732 -0.516849 0.855967 0.176440 0.114183 1 28 1.000000
 29 -77.793411 0.359152 105.611450 -0.017547 -0.029277 0.999417 0.198535 0.115465 1 28 1.000000
MarioHand_alb.png
 29 -81.730362 2.067163 104.005035 -0.743283 0.487732 0.457874 0.222538 0.058854 1 28 1.000000
 29 -79.987366 1.948123 105.131340 -0.168569 0.516075 0.839792 0.218097 0.085801 1 28 1.000000
 29 -79.985382 3.103281 103.789726 -0.155640 0.880460 0.447847 0.237812 0.080934 1 28 1.000000
MarioHand_alb.png
 29 -81.730362 2.067163 104.005035 -0.743283 0.487732 0.457874 0.222538 0.058854 1 28 1.000000
 29 -79.985382 3.103281 103.789726 -0.155640 0.880460 0.447847 0.237812 0.080934 1 28 1.000000
 29 -81.729134 2.787042 102.327026 -0.712571 0.700603 -0.037383 0.245212 0.048173 1 28 1.000000
MarioHand_alb.png
 29 -79.987366 1.948123 105.131340 -0.168569 0.516075 0.839792 0.218097 0.085801 1 28 1.000000
 29 -77.793411 0.359152 105.611450 -0.017547 -0.029277 0.999417 0.198535 0.115465 1 28 1.000000
 29 -77.789200 2.063448 105.272278 -0.041194 0.510370 0.858968 0.220188 0.114855 1 28 1.000000
MarioHand_alb.png
 29 -77.794357 -1.372735 105.166878 -0.013732 -0.516849 0.855967 0.176440 0.114183 1 28 1.000000
 29 -75.596001 0.355633 105.534767 0.006102 -0.041001 0.999141 0.197986 0.145922 1 28 1.000000
 29 -77.793411 0.359152 105.611450 -0.017547 -0.029277 0.999417 0.198535 0.115465 1 28 1.000000
MarioHand_alb.png
 29 -77.793411 0.359152 105.611450 -0.017547 -0.029277 0.999417 0.198535 0.115465 1 28 1.000000
 29 -75.596001 0.355633 105.534767 0.006102 -0.041001 0.999141 0.197986 0.145922 1 28 1.000000
 29 -77.789200 2.063448 105.272278 -0.041194 0.510370 0.858968 0.220188 0.114855 1 28 1.000000
MarioHand_alb.png
 29 -77.796555 -2.447946 103.914871 -0.009155 -0.905169 0.424952 0.156237 0.110994 1 28 1.000000
 29 -75.599281 -1.389637 105.145485 0.006104 -0.523140 0.852225 0.174228 0.144747 1 28 1.000000
 29 -77.794357 -1.372735 105.166878 -0.013732 -0.516849 0.855967 0.176440 0.114183 1 28 1.000000
MarioHand_alb.png
 29 -77.794357 -1.372735 105.166878 -0.013732 -0.516849 0.855967 0.176440 0.114183 1 28 1.000000
 29 -75.599281 -1.389637 105.145485 0.006104 -0.523140 0.852225 0.174228 0.144747 1 28 1.000000
 29 -75.596001 0.355633 105.534767 0.006102 -0.041001 0.999141 0.197986 0.145922 1 28 1.000000
MarioHand_alb.png
 29 -77.796555 -2.447946 103.914871 -0.009155 -0.905169 0.424952 0.156237 0.110994 1 28 1.000000
 29 -75.600876 -2.459381 103.825821 0.013733 -0.923646 0.383001 0.151995 0.142123 1 28 1.000000
 29 -75.599281 -1.389637 105.145485 0.006104 -0.523140 0.852225 0.174228 0.144747 1 28 1.000000
MarioHand_alb.png
 29 -79.987366 1.948123 105.131340 -0.168569 0.516075 0.839792 0.218097 0.085801 1 28 1.000000
 29 -77.789200 2.063448 105.272278 -0.041194 0.510370 0.858968 0.220188 0.114855 1 28 1.000000
 29 -77.786362 3.211838 103.896851 -0.029755 0.905083 0.424193 0.242206 0.111681 1 28 1.000000
MarioHand_alb.png
 29 -79.987366 1.948123 105.131340 -0.168569 0.516075 0.839792 0.218097 0.085801 1 28 1.000000
 29 -77.786362 3.211838 103.896851 -0.029755 0.905083 0.424193 0.242206 0.111681 1 28 1.000000
 29 -79.985382 3.103281 103.789726 -0.155640 0.880460 0.447847 0.237812 0.080934 1 28 1.000000
MarioHand_alb.png
 29 -75.599281 -1.389637 105.145485 0.006104 -0.523140 0.852225 0.174228 0.144747 1 28 1.000000
 29 -75.600876 -2.459381 103.825821 0.013733 -0.923646 0.383001 0.151995 0.142123 1 28 1.000000
 29 -73.087936 -1.420825 105.149765 -0.003815 -0.536597 0.843830 0.172808 0.181033 1 28 1.000000
MarioHand_alb.png
 29 -73.088699 -2.484391 103.748886 0.007629 -0.938064 0.346377 0.149004 0.178759 1 28 1.000000
 29 -73.087936 -1.420825 105.149765 -0.003815 -0.536597 0.843830 0.172808 0.181033 1 28 1.000000
 29 -75.600876 -2.459381 103.825821 0.013733 -0.923646 0.383001 0.151995 0.142123 1 28 1.000000
MarioHand_alb.png
 29 -73.088699 -2.484391 103.748886 0.007629 -0.938064 0.346377 0.149004 0.178759 1 28 1.000000
 29 -70.771461 -2.428026 103.702621 -0.002289 -0.949564 0.313565 0.147143 0.212131 1 28 1.000000
 29 -73.087936 -1.420825 105.149765 -0.003815 -0.536597 0.843830 0.172808 0.181033 1 28 1.000000
MarioHand_alb.png
 29 -75.596001 0.355633 105.534767 0.006102 -0.041001 0.999141 0.197986 0.145922 1 28 1.000000
 29 -75.599281 -1.389637 105.145485 0.006104 -0.523140 0.852225 0.174228 0.144747 1 28 1.000000
 29 -73.088020 0.353658 105.550079 -0.008390 -0.041060 0.999121 0.197894 0.181872 1 28 1.000000
MarioHand_alb.png
 29 -75.599281 -1.389637 105.145485 0.006104 -0.523140 0.852225 0.174228 0.144747 1 28 1.000000
 29 -73.087936 -1.420825 105.149765 -0.003815 -0.536597 0.843830 0.172808 0.181033 1 28 1.000000
 29 -73.088020 0.353658 105.550079 -0.008390 -0.041060 0.999121 0.197894 0.181872 1 28 1.000000
MarioHand_alb.png
 29 -77.789200 2.063448 105.272278 -0.041194 0.510370 0.858968 0.220188 0.114855 1 28 1.000000
 29 -75.596001 0.355633 105.534767 0.006102 -0.041001 0.999141 0.197986 0.145922 1 28 1.000000
 29 -75.592911 2.138900 105.316490 -0.004579 0.491759 0.870719 0.221851 0.145327 1 28 1.000000
MarioHand_alb.png
 29 -75.596001 0.355633 105.534767 0.006102 -0.041001 0.999141 0.197986 0.145922 1 28 1.000000
 29 -73.088020 0.353658 105.550079 -0.008390 -0.041060 0.999121 0.197894 0.181872 1 28 1.000000
 29 -75.592911 2.138900 105.316490 -0.004579 0.491759 0.870719 0.221851 0.145327 1 28 1.000000
MarioHand_alb.png
 29 -73.087936 -1.420825 105.149765 -0.003815 -0.536597 0.843830 0.172808 0.181033 1 28 1.000000
 29 -70.771461 -2.428026 103.702621 -0.002289 -0.949564 0.313565 0.147143 0.212131 1 28 1.000000
 29 -70.771614 -1.445041 105.222656 -0.006104 -0.536548 0.843847 0.172030 0.214084 1 28 1.000000
MarioHand_alb.png
 29 -70.771614 -1.445041 105.222656 -0.006104 -0.536548 0.843847 0.172030 0.214084 1 28 1.000000
 29 -70.771461 -2.428026 103.702621 -0.002289 -0.949564 0.313565 0.147143 0.212131 1 28 1.000000
 29 -68.247589 -1.518511 105.241806 -0.023650 -0.500979 0.865136 0.170428 0.249943 1 28 1.000000
MarioHand_alb.png
 29 -73.088020 0.353658 105.550079 -0.008390 -0.041060 0.999121 0.197894 0.181872 1 28 1.000000
 29 -73.087936 -1.420825 105.149765 -0.003815 -0.536597 0.843830 0.172808 0.181033 1 28 1.000000
 29 -70.769592 0.346800 105.534767 -0.005342 -0.047043 0.998879 0.197452 0.214984 1 28 1.000000
MarioHand_alb.png
 29 -73.087936 -1.420825 105.149765 -0.003815 -0.536597 0.843830 0.172808 0.181033 1 28 1.000000
 29 -70.771614 -1.445041 105.222656 -0.006104 -0.536548 0.843847 0.172030 0.214084 1 28 1.000000
 29 -70.769592 0.346800 105.534767 -0.005342 -0.047043 0.998879 0.197452 0.214984 1 28 1.000000
MarioHand_alb.png
 29 -70.771614 -1.445041 105.222656 -0.006104 -0.536548 0.843847 0.172030 0.214084 1 28 1.000000
 29 -68.247589 -1.518511 105.241806 -0.023650 -0.500979 0.865136 0.170428 0.249943 1 28 1.000000
 29 -68.231628 0.326222 105.442070 -0.009158 -0.058705 0.998233 0.196521 0.250904 1 28 1.000000
MarioHand_alb.png
 29 -70.771614 -1.445041 105.222656 -0.006104 -0.536548 0.843847 0.172030 0.214084 1 28 1.000000
 29 -68.231628 0.326222 105.442070 -0.009158 -0.058705 0.998233 0.196521 0.250904 1 28 1.000000
 29 -70.769592 0.346800 105.534767 -0.005342 -0.047043 0.998879 0.197452 0.214984 1 28 1.000000
MarioHand_alb.png
 29 -68.231628 0.326222 105.442070 -0.009158 -0.058705 0.998233 0.196521 0.250904 1 28 1.000000
 29 -68.247589 -1.518511 105.241806 -0.023650 -0.500979 0.865136 0.170428 0.249943 1 28 1.000000
 29 -65.698723 0.337867 105.534767 -0.119021 -0.105580 0.987262 0.195315 0.286320 1 28 1.000000
MarioHand_alb.png
 29 -68.231628 0.326222 105.442070 -0.009158 -0.058705 0.998233 0.196521 0.250904 1 28 1.000000
 29 -65.698723 0.337867 105.534767 -0.119021 -0.105580 0.987262 0.195315 0.286320 1 28 1.000000
 29 -68.262161 2.210529 105.488281 -0.050364 0.393394 0.917990 0.223255 0.251057 1 28 1.000000
MarioHand_alb.png
 29 -70.769592 0.346800 105.534767 -0.005342 -0.047043 0.998879 0.197452 0.214984 1 28 1.000000
 29 -68.231628 0.326222 105.442070 -0.009158 -0.058705 0.998233 0.196521 0.250904 1 28 1.000000
 29 -68.262161 2.210529 105.488281 -0.050364 0.393394 0.917990 0.223255 0.251057 1 28 1.000000
MarioHand_alb.png
 29 -68.262161 2.210529 105.488281 -0.050364 0.393394 0.917990 0.223255 0.251057 1 28 1.000000
 29 -65.698723 0.337867 105.534767 -0.119021 -0.105580 0.987262 0.195315 0.286320 1 28 1.000000
 29 -65.673119 3.285370 105.413704 -0.219030 0.105580 0.969989 0.234424 0.288930 1 28 1.000000
MarioHand_alb.png
 29 -73.088020 0.353658 105.550079 -0.008390 -0.041060 0.999121 0.197894 0.181872 1 28 1.000000
 29 -70.769592 0.346800 105.534767 -0.005342 -0.047043 0.998879 0.197452 0.214984 1 28 1.000000
 29 -73.091293 2.163647 105.282005 -0.011443 0.481148 0.876565 0.223148 0.181552 1 28 1.000000
MarioHand_alb.png
 29 -75.592911 2.138900 105.316490 -0.004579 0.491759 0.870719 0.221851 0.145327 1 28 1.000000
 29 -73.088020 0.353658 105.550079 -0.008390 -0.041060 0.999121 0.197894 0.181872 1 28 1.000000
 29 -73.091293 2.163647 105.282005 -0.011443 0.481148 0.876565 0.223148 0.181552 1 28 1.000000
MarioHand_alb.png
 29 -70.769341 2.203166 105.377884 -0.016025 0.463469 0.885968 0.223377 0.215000 1 28 1.000000
 29 -70.769592 0.346800 105.534767 -0.005342 -0.047043 0.998879 0.197452 0.214984 1 28 1.000000
 29 -68.262161 2.210529 105.488281 -0.050364 0.393394 0.917990 0.223255 0.251057 1 28 1.000000
MarioHand_alb.png
 29 -73.091293 2.163647 105.282005 -0.011443 0.481148 0.876565 0.223148 0.181552 1 28 1.000000
 29 -70.769592 0.346800 105.534767 -0.005342 -0.047043 0.998879 0.197452 0.214984 1 28 1.000000
 29 -70.769341 2.203166 105.377884 -0.016025 0.463469 0.885968 0.223377 0.215000 1 28 1.000000
MarioHand_alb.png
 29 -68.262161 2.210529 105.488281 -0.050364 0.393394 0.917990 0.223255 0.251057 1 28 1.000000
 29 -65.673119 3.285370 105.413704 -0.219030 0.105580 0.969989 0.234424 0.288930 1 28 1.000000
 29 -68.267426 3.127221 104.053383 -0.037384 0.971831 0.232694 0.247395 0.250568 1 28 1.000000
MarioHand_alb.png
 29 -70.769341 2.203166 105.377884 -0.016025 0.463469 0.885968 0.223377 0.215000 1 28 1.000000
 29 -68.262161 2.210529 105.488281 -0.050364 0.393394 0.917990 0.223255 0.251057 1 28 1.000000
 29 -68.267426 3.127221 104.053383 -0.037384 0.971831 0.232694 0.247395 0.250568 1 28 1.000000
MarioHand_alb.png
 29 -68.267426 3.127221 104.053383 -0.037384 0.971831 0.232694 0.247395 0.250568 1 28 1.000000
 29 -65.673119 3.285370 105.413704 -0.219030 0.105580 0.969989 0.234424 0.288930 1 28 1.000000
 29 -65.707802 3.105056 102.327026 -0.009918 0.999932 -0.006104 0.274846 0.283162 1 28 1.000000
MarioHand_alb.png
 29 -73.091293 2.163647 105.282005 -0.011443 0.481148 0.876565 0.223148 0.181552 1 28 1.000000
 29 -70.769341 2.203166 105.377884 -0.016025 0.463469 0.885968 0.223377 0.215000 1 28 1.000000
 29 -70.772720 3.186799 104.071007 -0.001526 0.948295 0.317386 0.245777 0.213520 1 28 1.000000
MarioHand_alb.png
 29 -70.772720 3.186799 104.071007 -0.001526 0.948295 0.317386 0.245777 0.213520 1 28 1.000000
 29 -70.769341 2.203166 105.377884 -0.016025 0.463469 0.885968 0.223377 0.215000 1 28 1.000000
 29 -68.267426 3.127221 104.053383 -0.037384 0.971831 0.232694 0.247395 0.250568 1 28 1.000000
MarioHand_alb.png
 29 -75.592911 2.138900 105.316490 -0.004579 0.491759 0.870719 0.221851 0.145327 1 28 1.000000
 29 -73.091293 2.163647 105.282005 -0.011443 0.481148 0.876565 0.223148 0.181552 1 28 1.000000
 29 -75.591080 3.204653 103.972588 0.007629 0.923401 0.383761 0.244282 0.143114 1 28 1.000000
MarioHand_alb.png
 29 -77.789200 2.063448 105.272278 -0.041194 0.510370 0.858968 0.220188 0.114855 1 28 1.000000
 29 -75.592911 2.138900 105.316490 -0.004579 0.491759 0.870719 0.221851 0.145327 1 28 1.000000
 29 -75.591080 3.204653 103.972588 0.007629 0.923401 0.383761 0.244282 0.143114 1 28 1.000000
MarioHand_alb.png
 29 -77.789200 2.063448 105.272278 -0.041194 0.510370 0.858968 0.220188 0.114855 1 28 1.000000
 29 -75.591080 3.204653 103.972588 0.007629 0.923401 0.383761 0.244282 0.143114 1 28 1.000000
 29 -77.786362 3.211838 103.896851 -0.029755 0.905083 0.424193 0.242206 0.111681 1 28 1.000000
MarioHand_alb.png
 29 -73.091293 2.163647 105.282005 -0.011443 0.481148 0.876565 0.223148 0.181552 1 28 1.000000
 29 -70.772720 3.186799 104.071007 -0.001526 0.948295 0.317386 0.245777 0.213520 1 28 1.000000
 29 -73.077293 3.154091 103.977547 0.000000 0.937815 0.347136 0.245426 0.179919 1 28 1.000000
MarioHand_alb.png
 29 -75.591080 3.204653 103.972588 0.007629 0.923401 0.383761 0.244282 0.143114 1 28 1.000000
 29 -73.091293 2.163647 105.282005 -0.011443 0.481148 0.876565 0.223148 0.181552 1 28 1.000000
 29 -73.077293 3.154091 103.977547 0.000000 0.937815 0.347136 0.245426 0.179919 1 28 1.000000
MarioHand_alb.png
 29 -70.772720 3.186799 104.071007 -0.001526 0.948295 0.317386 0.245777 0.213520 1 28 1.000000
 29 -68.267426 3.127221 104.053383 -0.037384 0.971831 0.232694 0.247395 0.250568 1 28 1.000000
 29 -70.760849 3.218164 102.327026 0.002289 0.998359 -0.057221 0.269459 0.211353 1 28 1.000000
MarioHand_alb.png
 29 -73.077293 3.154091 103.977547 0.000000 0.937815 0.347136 0.245426 0.179919 1 28 1.000000
 29 -70.772720 3.186799 104.071007 -0.001526 0.948295 0.317386 0.245777 0.213520 1 28 1.000000
 29 -70.760849 3.218164 102.327026 0.002289 0.998359 -0.057221 0.269459 0.211353 1 28 1.000000
MarioHand_alb.png
 29 -77.786362 3.211838 103.896851 -0.029755 0.905083 0.424193 0.242206 0.111681 1 28 1.000000
 29 -75.591080 3.204653 103.972588 0.007629 0.923401 0.383761 0.244282 0.143114 1 28 1.000000
 29 -75.515656 3.337780 102.327026 0.011444 0.993711 -0.111390 0.265705 0.140002 1 28 1.000000
MarioHand_alb.png
 29 -75.591080 3.204653 103.972588 0.007629 0.923401 0.383761 0.244282 0.143114 1 28 1.000000
 29 -73.077293 3.154091 103.977547 0.000000 0.937815 0.347136 0.245426 0.179919 1 28 1.000000
 29 -75.515656 3.337780 102.327026 0.011444 0.993711 -0.111390 0.265705 0.140002 1 28 1.000000
MarioHand_alb.png
 29 -70.760849 3.218164 102.327026 0.002289 0.998359 -0.057221 0.269459 0.211353 1 28 1.000000
 29 -68.267426 3.127221 104.053383 -0.037384 0.971831 0.232694 0.247395 0.250568 1 28 1.000000
 29 -68.197922 3.137866 102.348740 0.000000 0.999436 -0.033570 0.271336 0.249348 1 28 1.000000
MarioHand_alb.png
 29 -68.267426 3.127221 104.053383 -0.037384 0.971831 0.232694 0.247395 0.250568 1 28 1.000000
 29 -65.707802 3.105056 102.327026 -0.009918 0.999932 -0.006104 0.274846 0.283162 1 28 1.000000
 29 -68.197922 3.137866 102.348740 0.000000 0.999436 -0.033570 0.271336 0.249348 1 28 1.000000
MarioHand_alb.png
 29 -73.077293 3.154091 103.977547 0.000000 0.937815 0.347136 0.245426 0.179919 1 28 1.000000
 29 -70.760849 3.218164 102.327026 0.002289 0.998359 -0.057221 0.269459 0.211353 1 28 1.000000
 29 -73.095757 3.274759 102.324318 -0.003815 0.996270 -0.086211 0.267750 0.177462 1 28 1.000000
MarioHand_alb.png
 29 -73.077293 3.154091 103.977547 0.000000 0.937815 0.347136 0.245426 0.179919 1 28 1.000000
 29 -73.095757 3.274759 102.324318 -0.003815 0.996270 -0.086211 0.267750 0.177462 1 28 1.000000
 29 -75.515656 3.337780 102.327026 0.011444 0.993711 -0.111390 0.265705 0.140002 1 28 1.000000
MarioHand_alb.png
 29 -68.197922 3.137866 102.348740 0.000000 0.999436 -0.033570 0.271336 0.249348 1 28 1.000000
 29 -65.707802 3.105056 102.327026 -0.009918 0.999932 -0.006104 0.274846 0.283162 1 28 1.000000
 29 -68.004959 2.989542 99.582268 -0.058746 0.854267 -0.516504 0.309957 0.248524 1 28 1.000000
MarioHand_alb.png
 29 -65.707802 3.105056 102.327026 -0.009918 0.999932 -0.006104 0.274846 0.283162 1 28 1.000000
 29 -65.394485 3.141531 99.350571 -0.614129 0.213276 -0.759842 0.314824 0.284916 1 28 1.000000
 29 -68.004959 2.989542 99.582268 -0.058746 0.854267 -0.516504 0.309957 0.248524 1 28 1.000000
MarioHand_alb.png
 29 -68.004959 2.989542 99.582268 -0.058746 0.854267 -0.516504 0.309957 0.248524 1 28 1.000000
 29 -65.394485 3.141531 99.350571 -0.614129 0.213276 -0.759842 0.314824 0.284916 1 28 1.000000
 29 -66.018890 0.520271 97.541275 -0.637984 0.084231 -0.765429 0.356176 0.271916 1 28 1.000000
MarioHand_alb.png
 29 -68.221184 0.388946 98.169098 -0.103752 0.121399 -0.987167 0.349599 0.240528 1 28 1.000000
 29 -68.004959 2.989542 99.582268 -0.058746 0.854267 -0.516504 0.309957 0.248524 1 28 1.000000
 29 -66.018890 0.520271 97.541275 -0.637984 0.084231 -0.765429 0.356176 0.271916 1 28 1.000000
MarioHand_alb.png
 29 -68.197922 3.137866 102.348740 0.000000 0.999436 -0.033570 0.271336 0.249348 1 28 1.000000
 29 -68.004959 2.989542 99.582268 -0.058746 0.854267 -0.516504 0.309957 0.248524 1 28 1.000000
 29 -70.797012 2.930759 99.598923 -0.021363 0.824571 -0.565355 0.306676 0.207782 1 28 1.000000
MarioHand_alb.png
 29 -70.797012 2.930759 99.598923 -0.021363 0.824571 -0.565355 0.306676 0.207782 1 28 1.000000
 29 -68.004959 2.989542 99.582268 -0.058746 0.854267 -0.516504 0.309957 0.248524 1 28 1.000000
 29 -68.221184 0.388946 98.169098 -0.103752 0.121399 -0.987167 0.349599 0.240528 1 28 1.000000
MarioHand_alb.png
 29 -70.760849 3.218164 102.327026 0.002289 0.998359 -0.057221 0.269459 0.211353 1 28 1.000000
 29 -68.197922 3.137866 102.348740 0.000000 0.999436 -0.033570 0.271336 0.249348 1 28 1.000000
 29 -70.797012 2.930759 99.598923 -0.021363 0.824571 -0.565355 0.306676 0.207782 1 28 1.000000
MarioHand_alb.png
 29 -70.801590 0.299456 98.057899 -0.041192 0.094012 -0.994719 0.347814 0.202472 1 28 1.000000
 29 -70.797012 2.930759 99.598923 -0.021363 0.824571 -0.565355 0.306676 0.207782 1 28 1.000000
 29 -68.221184 0.388946 98.169098 -0.103752 0.121399 -0.987167 0.349599 0.240528 1 28 1.000000
MarioHand_alb.png
 29 -73.102951 0.310844 98.263245 -0.106777 0.074300 -0.991503 0.342641 0.167529 1 28 1.000000
 29 -70.797012 2.930759 99.598923 -0.021363 0.824571 -0.565355 0.306676 0.207782 1 28 1.000000
 29 -70.801590 0.299456 98.057899 -0.041192 0.094012 -0.994719 0.347814 0.202472 1 28 1.000000
MarioHand_alb.png
 29 -73.093208 2.790526 99.671318 -0.054932 0.798927 -0.598915 0.304097 0.173358 1 28 1.000000
 29 -70.760849 3.218164 102.327026 0.002289 0.998359 -0.057221 0.269459 0.211353 1 28 1.000000
 29 -70.797012 2.930759 99.598923 -0.021363 0.824571 -0.565355 0.306676 0.207782 1 28 1.000000
MarioHand_alb.png
 29 -73.093208 2.790526 99.671318 -0.054932 0.798927 -0.598915 0.304097 0.173358 1 28 1.000000
 29 -70.797012 2.930759 99.598923 -0.021363 0.824571 -0.565355 0.306676 0.207782 1 28 1.000000
 29 -73.102951 0.310844 98.263245 -0.106777 0.074300 -0.991503 0.342641 0.167529 1 28 1.000000
MarioHand_alb.png
 29 -73.095757 3.274759 102.324318 -0.003815 0.996270 -0.086211 0.267750 0.177462 1 28 1.000000
 29 -70.760849 3.218164 102.327026 0.002289 0.998359 -0.057221 0.269459 0.211353 1 28 1.000000
 29 -73.093208 2.790526 99.671318 -0.054932 0.798927 -0.598915 0.304097 0.173358 1 28 1.000000
MarioHand_alb.png
 29 -75.646172 0.333733 98.628380 -0.109859 0.052849 -0.992541 0.334783 0.127611 1 28 1.000000
 29 -73.093208 2.790526 99.671318 -0.054932 0.798927 -0.598915 0.304097 0.173358 1 28 1.000000
 29 -73.102951 0.310844 98.263245 -0.106777 0.074300 -0.991503 0.342641 0.167529 1 28 1.000000
MarioHand_alb.png
 29 -75.642044 2.720375 99.846130 -0.045012 0.778241 -0.626350 0.299168 0.134844 1 28 1.000000
 29 -73.095757 3.274759 102.324318 -0.003815 0.996270 -0.086211 0.267750 0.177462 1 28 1.000000
 29 -73.093208 2.790526 99.671318 -0.054932 0.798927 -0.598915 0.304097 0.173358 1 28 1.000000
MarioHand_alb.png
 29 -75.642044 2.720375 99.846130 -0.045012 0.778241 -0.626350 0.299168 0.134844 1 28 1.000000
 29 -73.093208 2.790526 99.671318 -0.054932 0.798927 -0.598915 0.304097 0.173358 1 28 1.000000
 29 -75.646172 0.333733 98.628380 -0.109859 0.052849 -0.992541 0.334783 0.127611 1 28 1.000000
MarioHand_alb.png
 29 -75.515656 3.337780 102.327026 0.011444 0.993711 -0.111390 0.265705 0.140002 1 28 1.000000
 29 -73.095757 3.274759 102.324318 -0.003815 0.996270 -0.086211 0.267750 0.177462 1 28 1.000000
 29 -75.642044 2.720375 99.846130 -0.045012 0.778241 -0.626350 0.299168 0.134844 1 28 1.000000
MarioHand_alb.png
 29 -75.642044 2.720375 99.846130 -0.045012 0.778241 -0.626350 0.299168 0.134844 1 28 1.000000
 29 -75.646172 0.333733 98.628380 -0.109859 0.052849 -0.992541 0.334783 0.127611 1 28 1.000000
 29 -77.852913 0.351509 98.849655 -0.103777 0.025435 -0.994275 0.326070 0.092760 1 28 1.000000
MarioHand_alb.png
 29 -75.515656 3.337780 102.327026 0.011444 0.993711 -0.111390 0.265705 0.140002 1 28 1.000000
 29 -75.642044 2.720375 99.846130 -0.045012 0.778241 -0.626350 0.299168 0.134844 1 28 1.000000
 29 -77.848869 3.477177 102.325607 -0.011444 0.991287 -0.131224 0.261616 0.107607 1 28 1.000000
MarioHand_alb.png
 29 -77.786362 3.211838 103.896851 -0.029755 0.905083 0.424193 0.242206 0.111681 1 28 1.000000
 29 -75.515656 3.337780 102.327026 0.011444 0.993711 -0.111390 0.265705 0.140002 1 28 1.000000
 29 -77.848869 3.477177 102.325607 -0.011444 0.991287 -0.131224 0.261616 0.107607 1 28 1.000000
MarioHand_alb.png
 29 -75.642044 2.720375 99.846130 -0.045012 0.778241 -0.626350 0.299168 0.134844 1 28 1.000000
 29 -77.852913 0.351509 98.849655 -0.103777 0.025435 -0.994275 0.326070 0.092760 1 28 1.000000
 29 -77.850365 2.671930 99.921204 -0.051116 0.749591 -0.659924 0.293416 0.101747 1 28 1.000000
MarioHand_alb.png
 29 -77.848869 3.477177 102.325607 -0.011444 0.991287 -0.131224 0.261616 0.107607 1 28 1.000000
 29 -75.642044 2.720375 99.846130 -0.045012 0.778241 -0.626350 0.299168 0.134844 1 28 1.000000
 29 -77.850365 2.671930 99.921204 -0.051116 0.749591 -0.659924 0.293416 0.101747 1 28 1.000000
MarioHand_alb.png
 29 -79.990112 0.363506 99.119286 -0.219669 0.007812 -0.975543 0.312840 0.059632 1 28 1.000000
 29 -77.850365 2.671930 99.921204 -0.051116 0.749591 -0.659924 0.293416 0.101747 1 28 1.000000
 29 -77.852913 0.351509 98.849655 -0.103777 0.025435 -0.994275 0.326070 0.092760 1 28 1.000000
MarioHand_alb.png
 29 -79.985382 3.103281 103.789726 -0.155640 0.880460 0.447847 0.237812 0.080934 1 28 1.000000
 29 -77.786362 3.211838 103.896851 -0.029755 0.905083 0.424193 0.242206 0.111681 1 28 1.000000
 29 -77.848869 3.477177 102.325607 -0.011444 0.991287 -0.131224 0.261616 0.107607 1 28 1.000000
MarioHand_alb.png
 29 -79.986359 2.539613 100.058823 -0.173955 0.687569 -0.704974 0.284077 0.070710 1 28 1.000000
 29 -77.850365 2.671930 99.921204 -0.051116 0.749591 -0.659924 0.293416 0.101747 1 28 1.000000
 29 -79.990112 0.363506 99.119286 -0.219669 0.007812 -0.975543 0.312840 0.059632 1 28 1.000000
MarioHand_alb.png
 29 -79.986359 2.539613 100.058823 -0.173955 0.687569 -0.704974 0.284077 0.070710 1 28 1.000000
 29 -77.848869 3.477177 102.325607 -0.011444 0.991287 -0.131224 0.261616 0.107607 1 28 1.000000
 29 -77.850365 2.671930 99.921204 -0.051116 0.749591 -0.659924 0.293416 0.101747 1 28 1.000000
MarioHand_alb.png
 29 -81.733299 0.366578 99.804115 -0.589078 0.001955 -0.808074 0.295811 0.035798 1 28 1.000000
 29 -79.986359 2.539613 100.058823 -0.173955 0.687569 -0.704974 0.284077 0.070710 1 28 1.000000
 29 -79.990112 0.363506 99.119286 -0.219669 0.007812 -0.975543 0.312840 0.059632 1 28 1.000000
MarioHand_alb.png
 29 -79.985382 3.103281 103.789726 -0.155640 0.880460 0.447847 0.237812 0.080934 1 28 1.000000
 29 -77.848869 3.477177 102.325607 -0.011444 0.991287 -0.131224 0.261616 0.107607 1 28 1.000000
 29 -79.984795 3.440984 102.327026 -0.130462 0.981682 -0.138854 0.254444 0.075853 1 28 1.000000
MarioHand_alb.png
 29 -79.984795 3.440984 102.327026 -0.130462 0.981682 -0.138854 0.254444 0.075853 1 28 1.000000
 29 -77.848869 3.477177 102.325607 -0.011444 0.991287 -0.131224 0.261616 0.107607 1 28 1.000000
 29 -79.986359 2.539613 100.058823 -0.173955 0.687569 -0.704974 0.284077 0.070710 1 28 1.000000
MarioHand_alb.png
 29 -79.985382 3.103281 103.789726 -0.155640 0.880460 0.447847 0.237812 0.080934 1 28 1.000000
 29 -79.984795 3.440984 102.327026 -0.130462 0.981682 -0.138854 0.254444 0.075853 1 28 1.000000
 29 -81.729134 2.787042 102.327026 -0.712571 0.700603 -0.037383 0.245212 0.048173 1 28 1.000000
MarioHand_alb.png
 29 -79.984795 3.440984 102.327026 -0.130462 0.981682 -0.138854 0.254444 0.075853 1 28 1.000000
 29 -79.986359 2.539613 100.058823 -0.173955 0.687569 -0.704974 0.284077 0.070710 1 28 1.000000
 29 -81.729134 2.787042 102.327026 -0.712571 0.700603 -0.037383 0.245212 0.048173 1 28 1.000000
MarioHand_alb.png
 29 -81.730347 2.078104 100.543060 -0.634197 0.482135 -0.604433 0.273259 0.046983 1 28 1.000000
 29 -79.986359 2.539613 100.058823 -0.173955 0.687569 -0.704974 0.284077 0.070710 1 28 1.000000
 29 -81.733299 0.366578 99.804115 -0.589078 0.001955 -0.808074 0.295811 0.035798 1 28 1.000000
MarioHand_alb.png
 29 -81.729134 2.787042 102.327026 -0.712571 0.700603 -0.037383 0.245212 0.048173 1 28 1.000000
 29 -79.986359 2.539613 100.058823 -0.173955 0.687569 -0.704974 0.284077 0.070710 1 28 1.000000
 29 -81.730347 2.078104 100.543060 -0.634197 0.482135 -0.604433 0.273259 0.046983 1 28 1.000000
MarioHand_alb.png
 29 -81.730347 2.078104 100.543060 -0.634197 0.482135 -0.604433 0.273259 0.046983 1 28 1.000000
 29 -81.733299 0.366578 99.804115 -0.589078 0.001955 -0.808074 0.295811 0.035798 1 28 1.000000
 29 -82.561119 0.368035 102.327026 -0.999997 0.001955 0.001526 0.263172 0.015045 1 28 1.000000
MarioHand_alb.png
 29 -81.729134 2.787042 102.327026 -0.712571 0.700603 -0.037383 0.245212 0.048173 1 28 1.000000
 29 -81.730347 2.078104 100.543060 -0.634197 0.482135 -0.604433 0.273259 0.046983 1 28 1.000000
 29 -82.561119 0.368035 102.327026 -0.999997 0.001955 0.001526 0.263172 0.015045 1 28 1.000000
end
