# This file uses centimeters as units for non-parametric coordinates.

mtllib BOSQUELOWPOLY.mtl
g default
v -30.051506 -0.068125 15.180037
v -29.604135 -0.085205 17.972177
v -27.488408 -0.096240 19.160442
v -24.613701 -0.085205 18.772921
v -22.645138 -0.068125 16.935850
v -22.051790 -0.076134 13.412220
v -24.422648 -0.079577 11.688795
v -28.353287 -0.076134 12.801477
v -28.573500 1.799591 15.372664
v -28.211478 1.719773 17.069581
v -26.863252 1.696543 18.006618
v -25.132345 1.719773 17.737232
v -24.011844 1.799591 16.447041
v -24.205227 1.806989 14.619774
v -25.661413 1.810173 13.558035
v -27.531843 1.806989 13.900291
v -27.381705 3.765424 16.005501
v -27.122807 3.349299 17.226609
v -26.158816 3.796699 17.971871
v -25.183263 3.746416 17.582755
v -24.532095 3.769946 16.655398
v -24.713377 3.771737 15.542495
v -25.626649 3.772415 14.883322
v -26.738795 3.771737 15.061382
v -26.778624 4.904934 16.484399
v -26.753380 4.305559 17.146390
v -25.986561 4.840745 17.773494
v -25.118818 4.923501 17.688524
v -24.556988 5.374867 17.110404
v -24.667666 5.526875 16.316274
v -25.352376 5.525556 15.821423
v -26.211714 5.372787 15.914543
v -26.451617 9.082694 16.871501
v -26.511639 8.985937 17.518569
v -25.853347 8.985938 17.936921
v -24.956245 9.082268 17.952335
v -24.508302 9.173769 17.333110
v -24.629594 9.173939 16.578384
v -25.249100 9.174128 16.130416
v -26.003880 9.173939 16.251940
v -27.466139 3.767771 18.096101
v -28.458696 4.846426 19.301881
v -29.177699 6.528295 19.724541
v -29.420094 9.901465 19.522731
v -26.630960 4.151747 18.639192
v -27.577702 5.158308 19.632118
v -28.281101 6.664547 19.777900
v -28.619715 10.149604 19.431825
v -26.630918 4.877692 18.067729
v -27.623284 5.556309 18.835122
v -28.450688 7.000200 18.979170
v -28.871903 10.326128 18.568217
v -27.311598 4.367890 17.621969
v -28.379460 5.380298 18.729775
v -29.165836 6.884777 18.885944
v -29.623176 10.136678 18.567109
v -24.354786 7.288754 17.503669
v -24.865037 7.000373 18.100406
v -25.746077 6.911468 18.139910
v -26.463744 6.618670 17.607351
v -26.450370 6.990407 16.952119
v -25.937434 7.287694 16.359751
v -25.125450 7.371359 16.253767
v -24.470271 7.371995 16.727385
v -28.943018 6.130639 19.023815
v -28.223020 6.294269 19.077842
v -28.060210 5.835508 19.856706
v -28.990782 5.636651 19.718820
v -27.807731 4.680223 18.238691
v -27.105728 4.977934 18.475873
v -27.028840 4.393619 19.140546
v -27.925169 4.073815 18.760180
vt 0.005648 0.174176
vt 0.024593 0.079702
vt 0.099146 0.121993
vt 0.089870 0.180282
vt 0.498231 0.409983
vt 0.418599 0.433782
vt 0.390421 0.360089
vt 0.446315 0.342806
vt 0.328941 0.432650
vt 0.324980 0.360497
vt 0.253209 0.431865
vt 0.262151 0.348891
vt 0.148076 0.432170
vt 0.197444 0.330453
vt 0.081833 0.375810
vt 0.142296 0.295065
vt 0.028457 0.265088
vt 0.104105 0.240282
vt 0.161431 0.122616
vt 0.171204 0.168615
vt 0.363848 0.293361
vt 0.402662 0.300707
vt 0.327588 0.287147
vt 0.286592 0.275533
vt 0.246659 0.261314
vt 0.210671 0.239354
vt 0.184523 0.207585
vt 0.191950 0.128875
vt 0.214712 0.149249
vt 0.340062 0.247732
vt 0.367113 0.263080
vt 0.319270 0.221853
vt 0.294658 0.204978
vt 0.268120 0.188547
vt 0.242166 0.168757
vt 0.249951 0.091510
vt 0.271753 0.103889
vt 0.381030 0.296528
vt 0.398020 0.205514
vt 0.415789 0.229521
vt 0.376134 0.187977
vt 0.360365 0.167386
vt 0.340017 0.152060
vt 0.318140 0.136404
vt 0.296113 0.118946
vt 0.177787 0.912019
vt 0.105964 0.892606
vt 0.111820 0.848842
vt 0.169456 0.859703
vt 0.116118 0.773561
vt 0.165200 0.764889
vt 0.115276 0.687774
vt 0.163742 0.685556
vt 0.118232 0.514400
vt 0.161870 0.523220
vt 0.050194 0.870492
vt 0.064351 0.841801
vt 0.073050 0.764047
vt 0.074193 0.669127
vt 0.072558 0.499683
vt 0.283767 0.862984
vt 0.231321 0.891444
vt 0.211294 0.860998
vt 0.258652 0.841427
vt 0.208297 0.755578
vt 0.243206 0.770595
vt 0.206337 0.669075
vt 0.244579 0.676352
vt 0.213154 0.507172
vt 0.253712 0.505289
vt 0.398217 0.115905
vt 0.418072 0.132018
vt 0.442726 0.150632
vt 0.465981 0.165101
vt 0.308553 0.041112
vt 0.324971 0.055277
vt 0.343855 0.070171
vt 0.361102 0.086184
vt 0.378527 0.101600
vt 0.201771 0.707682
vt 0.077710 0.712635
vt 0.236032 0.722150
vt 0.119608 0.729936
vt 0.165536 0.722897
vt 0.206354 0.817448
vt 0.071916 0.812108
vt 0.246536 0.814833
vt 0.117342 0.818319
vt 0.166852 0.818035
vn -0.757391 0.633855 -0.156800
vn -0.634037 0.654682 0.411568
vn -0.689025 0.586583 0.425634
vn -0.771591 0.610668 -0.178132
vn -0.179025 0.593036 0.785021
vn -0.170896 0.465101 0.868605
vn 0.365383 0.551145 0.750157
vn 0.436002 0.398912 0.806704
vn 0.705099 0.654271 0.273432
vn 0.794413 0.541950 0.274221
vn 0.574557 0.771041 -0.274554
vn 0.641401 0.695783 -0.323251
vn 0.166371 0.737189 -0.654884
vn 0.078268 0.666471 -0.741412
vn -0.420707 0.608305 -0.673031
vn -0.419568 0.601895 -0.679474
vn -0.805448 0.286274 0.518941
vn -0.831866 0.539424 -0.130469
vn 0.089443 -0.067956 0.993671
vn 0.555228 0.019369 0.831473
vn 0.960444 0.128389 0.247109
vn 0.806485 0.348997 -0.477267
vn 0.191068 0.516409 -0.834754
vn -0.436651 0.573735 -0.692939
vn -0.929645 0.318789 0.184754
vn -0.927351 0.331079 -0.174378
vn 0.505230 -0.157124 0.848561
vn -0.157504 0.018566 0.987344
vn 0.963058 -0.107005 0.247122
vn 0.855837 0.111485 -0.505089
vn 0.229292 0.328572 -0.916223
vn -0.490392 0.407949 -0.770126
vn -0.839029 0.012064 0.543953
vn -0.947871 0.096294 -0.303756
vn -0.259753 -0.041146 0.964798
vn 0.433409 -0.073682 0.898180
vn 0.954366 -0.022515 0.297790
vn 0.875856 0.023648 -0.481992
vn 0.260639 0.074480 -0.962559
vn -0.508823 0.102440 -0.854754
vn 0.463404 -0.501129 0.730839
vn -0.445553 -0.887966 0.114012
vn 0.452728 -0.376854 0.808096
vn -0.524263 -0.798971 0.294608
vn -0.630130 -0.666395 0.398565
vn 0.476060 -0.108346 0.872713
vn 0.428175 0.064621 0.901383
vn -0.693188 -0.424019 0.582836
vn -0.620526 -0.035106 0.783399
vn 0.583645 0.146681 0.798651
vn 0.867962 0.128928 0.479603
vn -0.685755 -0.014418 0.727690
vn 0.315133 0.948490 0.032529
vn 0.507331 0.843535 -0.176253
vn 0.628748 0.691499 -0.355674
vn 0.687377 0.404498 -0.603236
vn 0.735384 0.016114 -0.677459
vn 0.642746 -0.012123 -0.765983
vn -0.656852 0.416219 -0.628734
vn -0.641092 0.190205 -0.743520
vn -0.576048 0.000546 -0.817416
vn -0.661546 -0.193256 -0.724575
vn -0.806533 -0.162608 -0.568386
vn -0.622042 -0.150648 -0.768355
vn 0.964418 0.091899 0.247895
vn 0.411990 0.100468 0.905632
vn -0.303441 0.061538 0.950861
vn -0.883482 0.013545 0.468269
vn -0.914408 -0.031712 -0.403551
vn -0.485454 -0.060481 -0.872168
vn 0.214662 -0.047372 -0.975539
vn 0.838714 0.027082 -0.543899
s 1
g polySurface154 polySurface151 all2
usemtl aiStandardSurface1SG
f 1/1/1 2/2/2 10/3/3 9/4/4
f 2/5/2 3/6/5 11/7/6 10/8/3
f 3/6/5 4/9/7 12/10/8 11/7/6
f 4/9/7 5/11/9 13/12/10 12/10/8
f 5/11/9 6/13/11 14/14/12 13/12/10
f 6/13/11 7/15/13 15/16/14 14/14/12
f 7/15/13 8/17/15 16/18/16 15/16/14
f 8/17/15 1/1/1 9/4/4 16/18/16
f 9/4/4 10/3/3 18/19/17 17/20/18
f 10/8/3 11/7/6 19/21/19 18/22/17
f 11/7/6 12/10/8 20/23/20 19/21/19
f 12/10/8 13/12/10 21/24/21 20/23/20
f 13/12/10 14/14/12 22/25/22 21/24/21
f 14/14/12 15/16/14 23/26/23 22/25/22
f 15/16/14 16/18/16 24/27/24 23/26/23
f 16/18/16 9/4/4 17/20/18 24/27/24
f 17/20/18 18/19/17 26/28/25 25/29/26
f 19/21/19 20/23/20 28/30/27 27/31/28
f 20/23/20 21/24/21 29/32/29 28/30/27
f 21/24/21 22/25/22 30/33/30 29/32/29
f 22/25/22 23/26/23 31/34/31 30/33/30
f 23/26/23 24/27/24 32/35/32 31/34/31
f 24/27/24 17/20/18 25/29/26 32/35/32
f 25/29/26 26/28/25 60/36/33 61/37/34
f 26/38/25 27/31/28 59/39/35 60/40/33
f 27/31/28 28/30/27 58/41/36 59/39/35
f 28/30/27 29/32/29 57/42/37 58/41/36
f 29/32/29 30/33/30 64/43/38 57/42/37
f 30/33/30 31/34/31 63/44/39 64/43/38
f 31/34/31 32/35/32 62/45/40 63/44/39
f 32/35/32 25/29/26 61/37/34 62/45/40
g textureEditorIsolateSelectSet polySurface154 polySurface151 all2
f 18/46/17 19/47/19 45/48/41 41/49/42
f 41/49/42 45/48/41 71/88/43 72/89/44
f 42/51/45 46/50/46 67/83/47 68/84/48
f 43/53/49 47/52/50 48/54/51 44/55/52
f 19/47/19 27/56/28 49/57/53 45/48/41
f 45/48/41 49/57/53 70/86/54 71/88/43
f 46/50/46 50/58/55 66/81/56 67/83/47
f 47/52/50 51/59/57 52/60/58 48/54/51
f 27/61/28 26/62/25 53/63/59 49/64/53
f 49/64/53 53/63/59 69/85/60 70/87/54
f 50/66/55 54/65/61 65/80/62 66/82/56
f 51/68/57 55/67/63 56/69/64 52/70/58
f 26/62/25 18/46/17 41/49/42 53/63/59
f 53/63/59 41/49/42 72/89/44 69/85/60
f 54/65/61 42/51/45 68/84/48 65/80/62
f 55/67/63 43/53/49 44/55/52 56/69/64
g polySurface154 polySurface151 all2
f 58/41/36 57/42/37 37/71/65 36/72/66
f 59/39/35 58/41/36 36/72/66 35/73/67
f 60/40/33 59/39/35 35/73/67 34/74/68
f 61/37/34 60/36/33 34/75/68 33/76/69
f 62/45/40 61/37/34 33/76/69 40/77/70
f 63/44/39 62/45/40 40/77/70 39/78/71
f 64/43/38 63/44/39 39/78/71 38/79/72
f 57/42/37 64/43/38 38/79/72 37/71/65
g textureEditorIsolateSelectSet polySurface154 polySurface151 all2
f 66/82/56 65/80/62 55/67/63 51/68/57
f 67/83/47 66/81/56 51/59/57 47/52/50
f 68/84/48 67/83/47 47/52/50 43/53/49
f 65/80/62 68/84/48 43/53/49 55/67/63
f 70/87/54 69/85/60 54/65/61 50/66/55
f 71/88/43 70/86/54 50/58/55 46/50/46
f 72/89/44 71/88/43 46/50/46 42/51/45
f 69/85/60 72/89/44 42/51/45 54/65/61
g default
v -27.977184 18.385555 18.817542
v -29.247415 17.029751 15.589706
v -30.172018 13.508924 15.600289
v -29.405255 11.260126 19.260268
v -27.762646 13.546620 21.911453
v -27.128579 17.002475 21.919482
v -29.088705 17.630719 19.179260
v -29.937595 16.538044 17.028259
v -30.542728 14.159308 17.067833
v -30.104090 12.754595 19.404353
v -29.026383 14.214553 21.231991
v -28.592240 16.518591 21.238978
v -30.029878 16.575598 19.441424
v -30.474397 16.021258 18.370638
v -30.748226 14.855015 18.372278
v -30.533422 14.231169 19.463172
v -30.029352 14.865440 20.465087
v -29.798513 16.016028 20.472103
v -30.582886 15.472175 19.540189
v -29.247415 17.029751 15.589706
v -29.937595 16.538044 17.028259
v -29.088705 17.630719 19.179260
v -30.172018 13.508924 15.600289
v -30.542728 14.159308 17.067833
v -29.405255 11.260126 19.260268
v -30.104090 12.754595 19.404353
v -27.762646 13.546620 21.911453
v -29.026383 14.214553 21.231991
v -27.128579 17.002475 21.919482
v -28.592240 16.518591 21.238978
v -30.474397 16.021258 18.370638
v -30.029878 16.575598 19.441424
v -30.748226 14.855015 18.372278
v -30.533422 14.231169 19.463172
v -30.029352 14.865440 20.465087
v -29.798513 16.016028 20.472103
v -30.582886 15.472175 19.540189
vt 0.574124 0.489598
vt 0.627949 0.398441
vt 0.806066 0.401043
vt 0.430050 0.254698
vt 0.541301 0.252751
vt 0.575335 0.020458
vt 0.632764 0.109667
vt 0.864694 0.021106
vt 0.810876 0.112267
vt 1.008780 0.255999
vt 0.897529 0.257954
vt 0.676020 0.320126
vt 0.757644 0.322917
vt 0.637791 0.252563
vt 0.681186 0.187792
vt 0.762808 0.190583
vt 0.801038 0.258146
vt 0.719415 0.255355
vt 0.860054 0.490253
vt 0.802625 0.401043
vt 0.624508 0.398441
vt 0.570683 0.489598
vt 0.537859 0.252751
vt 0.426609 0.254698
vt 0.629323 0.109667
vt 0.571894 0.020458
vt 0.807435 0.112267
vt 0.861253 0.021106
vt 0.894087 0.257954
vt 1.005338 0.255999
vt 0.754202 0.322917
vt 0.672579 0.320126
vt 0.634350 0.252563
vt 0.677745 0.187792
vt 0.759367 0.190583
vt 0.797596 0.258146
vt 0.715973 0.255355
vt 0.574124 0.489598
vt 0.430050 0.254698
vt 0.575335 0.020458
vt 0.864694 0.021106
vt 1.008780 0.255999
vn 0.909375 -0.232867 0.344688
vn 0.904891 -0.319033 0.281764
vn 0.976449 0.104075 0.188988
vn 0.971326 0.077283 0.224839
vn 0.854641 0.404253 -0.325835
vn 0.835344 0.432444 -0.339402
vn 0.581781 0.154910 -0.798457
vn 0.544591 0.154752 -0.824301
vn 0.509229 -0.198608 -0.837401
vn 0.440531 -0.079368 -0.894222
vn 0.695100 -0.682172 -0.226885
vn 0.720704 -0.653051 -0.232617
vn 0.881673 -0.453277 0.131117
vn 0.994209 0.027307 0.103941
vn 0.907033 0.272624 -0.320887
vn 0.699215 0.089035 -0.709345
vn 0.634062 -0.386568 -0.669724
vn 0.930312 -0.198237 -0.308579
vn -0.559704 0.806030 0.192475
vn -0.827671 0.504034 -0.246800
vn -0.831779 0.509255 -0.220916
vn -0.597780 0.774978 0.205107
vn -0.971326 -0.077282 -0.224839
vn -0.976449 -0.104074 -0.188988
vn -0.835344 -0.432444 0.339402
vn -0.854641 -0.404253 0.325835
vn -0.544591 -0.154752 0.824301
vn -0.581781 -0.154910 0.798457
vn -0.473886 0.447378 0.758476
vn -0.506215 0.436499 0.743784
vn -0.881673 0.453277 -0.131117
vn -0.720704 0.653051 0.232617
vn -0.994209 -0.027307 -0.103941
vn -0.907033 -0.272624 0.320887
vn -0.699215 -0.089035 0.709345
vn -0.634062 0.386568 0.669724
vn -0.930312 0.198237 0.308579
vn -0.000000 0.000000 0.000000
vn -0.000000 0.000000 0.000000
vn -0.000000 0.000000 0.000000
vn -0.000000 0.000000 0.000000
vn -0.000000 0.000000 0.000000
vn -0.000000 0.000000 0.000000
vn -0.000000 0.000000 0.000000
vn -0.000000 0.000000 0.000000
vn -0.000000 0.000000 0.000000
vn -0.000000 0.000000 0.000000
vn -0.000000 0.000000 0.000000
vn -0.000000 0.000000 0.000000
vn -0.000000 0.000000 0.000000
vn -0.000000 0.000000 0.000000
vn -0.000000 0.000000 0.000000
vn -0.000000 0.000000 0.000000
s 1
g polySurface151 all2 polySurface153
usemtl aiStandardSurface1SG
f 92/90/73 93/91/74 96/94/75 95/93/76
f 95/93/76 96/94/75 98/96/77 97/95/78
f 97/95/78 98/96/77 100/98/79 99/97/80
f 99/97/80 100/98/79 102/100/81 101/99/82
f 94/92/83 104/102/84 103/101/85 93/91/74
f 93/91/74 103/101/85 105/103/86 96/94/75
f 96/94/75 105/103/86 106/104/87 98/96/77
f 98/96/77 106/104/87 107/105/88 100/98/79
f 100/98/79 107/105/88 108/106/89 102/100/81
f 102/100/81 108/106/89 104/102/84 94/92/83
f 104/102/84 109/107/90 103/101/85
f 103/101/85 109/107/90 105/103/86
f 105/103/86 109/107/90 106/104/87
f 106/104/87 109/107/90 107/105/88
f 107/105/88 109/107/90 108/106/89
f 108/106/89 109/107/90 104/102/84
s 3
f 73/108/91 74/111/92 80/110/93 79/109/94
f 74/111/92 75/113/95 81/112/96 80/110/93
f 75/113/95 76/115/97 82/114/98 81/112/96
f 76/115/97 77/117/99 83/116/100 82/114/98
f 77/117/99 78/119/101 84/118/102 83/116/100
f 78/119/101 73/108/91 79/109/94 84/118/102
f 79/109/94 80/110/93 86/121/103 85/120/104
f 80/110/93 81/112/96 87/122/105 86/121/103
f 81/112/96 82/114/98 88/123/106 87/122/105
f 82/114/98 83/116/100 89/124/107 88/123/106
f 83/116/100 84/118/102 90/125/108 89/124/107
f 84/118/102 79/109/94 85/120/104 90/125/108
f 85/120/104 86/121/103 91/126/109
f 86/121/103 87/122/105 91/126/109
f 87/122/105 88/123/106 91/126/109
f 88/123/106 89/124/107 91/126/109
f 89/124/107 90/125/108 91/126/109
f 90/125/108 85/120/104 91/126/109
s off
f 74/127/110 92/90/111 95/93/112 75/128/113
f 75/128/114 95/93/115 97/95/116 76/129/117
f 76/129/118 97/95/119 99/97/120 77/130/121
f 77/130/122 99/97/123 101/99/124 78/131/125
g default
v -48.477972 11.065168 2.815090
v -46.433818 8.068633 3.767569
v -42.463673 8.127070 5.505715
v -40.683264 11.518879 6.093570
v -47.679213 11.353053 4.292028
v -46.284043 9.401597 4.942478
v -43.627184 9.364802 6.127307
v -42.435451 11.590040 6.531586
v -46.734722 11.606524 5.570700
v -46.019306 10.604166 5.916707
v -44.694945 10.616296 6.498617
v -44.097903 11.720099 6.703791
v -45.564138 11.749974 6.450329
vt 1.018876 0.279029
vt 0.905512 0.277594
vt 0.863715 0.513130
vt 0.807966 0.420510
vt 0.569036 0.503582
vt 0.626647 0.412391
vt 0.429506 0.259929
vt 0.542870 0.261355
vt 0.807235 0.274822
vt 0.761050 0.339456
vt 0.678007 0.334106
vt 0.641147 0.264122
vt 0.724191 0.269472
vn -0.776049 -0.375209 0.506917
vn -0.544693 -0.532983 0.647486
vn -0.549930 -0.509323 0.661941
vn -0.766375 -0.362385 0.530421
vn -0.054400 -0.480304 0.875414
vn -0.087675 -0.469555 0.878539
vn 0.214881 -0.279014 0.935937
vn 0.182011 -0.265274 0.946838
vn -0.533417 -0.417044 0.735894
vn -0.717323 -0.299462 0.629102
vn -0.167384 -0.375293 0.911667
vn 0.047797 -0.204942 0.977606
vn -0.388028 -0.173437 0.905181
s 1
g polySurface165 polySurface151 all1
usemtl aiStandardSurface1SG
f 110/132/126 111/134/127 115/135/128 114/133/129
f 111/134/127 112/136/130 116/137/131 115/135/128
f 112/136/130 113/138/132 117/139/133 116/137/131
f 114/133/129 115/135/128 119/141/134 118/140/135
f 115/135/128 116/137/131 120/142/136 119/141/134
f 116/137/131 117/139/133 121/143/137 120/142/136
f 118/140/135 119/141/134 122/144/138
f 119/141/134 120/142/136 122/144/138
f 120/142/136 121/143/137 122/144/138
g default
v -52.585223 9.429969 3.614764
v -49.376037 11.336574 6.241503
v -47.003905 15.382953 5.734438
v -47.429306 17.252154 1.423454
v -49.589338 15.902362 -2.068569
v -52.713415 11.841938 -0.575327
v -52.805826 11.262286 3.903252
v -50.568270 12.741111 5.377243
v -48.968568 15.585475 4.915477
v -49.479377 16.750015 2.023198
v -50.752093 15.612655 -0.024083
v -53.133213 13.082522 1.228041
v -52.602564 13.164800 3.681213
v -51.569112 13.921743 4.507870
v -50.758400 15.451507 4.182978
v -50.875003 16.277949 2.652988
v -51.703789 15.716546 1.639915
v -52.820164 14.113043 2.377919
v -52.145007 15.194287 3.259734
vt 0.575719 0.023626
vt 0.865051 0.028492
vt 0.809904 0.118857
vt 0.631844 0.113662
vt 1.005691 0.265464
vt 0.894423 0.265791
vt 0.857013 0.497565
vt 0.800888 0.407530
vt 0.567694 0.492706
vt 0.622832 0.402338
vt 0.427042 0.255742
vt 0.538309 0.255406
vt 0.760699 0.196463
vt 0.679125 0.192485
vt 0.797940 0.264576
vt 0.753608 0.328709
vt 0.672035 0.324729
vt 0.634793 0.256617
vt 0.716366 0.260596
vn -0.900412 -0.159647 0.404686
vn -0.442211 0.126727 0.887913
vn -0.456250 0.158605 0.875603
vn -0.885702 -0.101356 0.453054
vn -0.231927 0.649437 0.724183
vn -0.234375 0.681878 0.692900
vn -0.235094 0.962955 0.132094
vn -0.256918 0.959854 0.112580
vn -0.601237 0.731802 -0.320904
vn -0.640088 0.686946 -0.344083
vn -0.924727 0.231027 -0.302499
vn -0.955428 0.199935 -0.217217
vn -0.520151 0.267327 0.811159
vn -0.845009 0.139794 0.516157
vn -0.332433 0.645774 0.687360
vn -0.329947 0.930586 0.158569
vn -0.664317 0.689736 -0.288007
vn -0.931563 0.356165 -0.073055
vn -0.734020 0.567770 0.372629
s 1
g polySurface151 all1 polySurface160
usemtl aiStandardSurface1SG
f 123/145/139 124/146/140 130/147/141 129/148/142
f 124/146/140 125/149/143 131/150/144 130/147/141
f 125/149/143 126/151/145 132/152/146 131/150/144
f 126/151/145 127/153/147 133/154/148 132/152/146
f 127/153/147 128/155/149 134/156/150 133/154/148
f 128/155/149 123/145/139 129/148/142 134/156/150
f 129/148/142 130/147/141 136/157/151 135/158/152
f 130/147/141 131/150/144 137/159/153 136/157/151
f 131/150/144 132/152/146 138/160/154 137/159/153
f 132/152/146 133/154/148 139/161/155 138/160/154
f 133/154/148 134/156/150 140/162/156 139/161/155
f 134/156/150 129/148/142 135/158/152 140/162/156
f 135/158/152 136/157/151 141/163/157
f 136/157/151 137/159/153 141/163/157
f 137/159/153 138/160/154 141/163/157
f 138/160/154 139/161/155 141/163/157
f 139/161/155 140/162/156 141/163/157
f 140/162/156 135/158/152 141/163/157
g default
v -39.388538 12.825164 -4.986712
v -41.468206 7.751484 -6.218973
v -46.411759 7.621352 -6.123337
v -48.973568 11.349125 -4.619264
v -46.631669 16.383792 -3.233984
v -41.957871 16.538250 -3.487101
v -40.992150 13.190236 -5.995051
v -42.288954 9.404336 -6.764670
v -45.651371 9.278493 -6.739669
v -47.572069 11.996841 -5.860592
v -46.211704 15.809524 -5.053776
v -42.968574 15.885705 -5.148292
v -42.706593 12.929475 -6.818229
v -43.301747 11.119042 -7.172229
v -44.997314 10.932908 -7.168071
v -46.058580 12.475292 -6.787157
v -45.465340 14.378845 -6.434258
v -43.805576 14.409151 -6.459216
v -44.407964 12.521181 -7.166136
vt 0.432601 0.259594
vt 0.581502 0.005108
vt 0.634186 0.099232
vt 0.540597 0.254748
vt 0.862204 -0.001361
vt 0.806894 0.097605
vt 0.994008 0.246642
vt 0.886013 0.251488
vt 0.845120 0.501121
vt 0.792428 0.407002
vt 0.564419 0.507604
vt 0.619721 0.408634
vt 0.678511 0.181705
vt 0.634215 0.252152
vt 0.757602 0.182671
vt 0.792397 0.254084
vt 0.748101 0.324531
vt 0.669010 0.323565
vt 0.713306 0.253118
vn 0.566772 0.270669 -0.778144
vn 0.274497 -0.183386 -0.943939
vn 0.294239 -0.147338 -0.944306
vn 0.521006 0.315613 -0.793058
vn -0.321833 -0.224968 -0.919681
vn -0.289793 -0.213522 -0.932968
vn -0.724935 0.184835 -0.663555
vn -0.689073 0.194311 -0.698156
vn -0.470302 0.766298 -0.437725
vn -0.461060 0.703942 -0.540268
vn 0.302483 0.806077 -0.508669
vn 0.222382 0.783420 -0.580344
vn 0.230419 -0.068561 -0.970673
vn 0.361056 0.257026 -0.896424
vn -0.227277 -0.134764 -0.964460
vn -0.506195 0.165113 -0.846466
vn -0.329606 0.500449 -0.800569
vn 0.143971 0.558041 -0.817229
vn -0.034776 0.193786 -0.980427
s 1
g polySurface151 all1 polySurface168
usemtl aiStandardSurface1SG
f 142/164/158 143/165/159 149/166/160 148/167/161
f 143/165/159 144/168/162 150/169/163 149/166/160
f 144/168/162 145/170/164 151/171/165 150/169/163
f 145/170/164 146/172/166 152/173/167 151/171/165
f 146/172/166 147/174/168 153/175/169 152/173/167
f 147/174/168 142/164/158 148/167/161 153/175/169
f 148/167/161 149/166/160 155/176/170 154/177/171
f 149/166/160 150/169/163 156/178/172 155/176/170
f 150/169/163 151/171/165 157/179/173 156/178/172
f 151/171/165 152/173/167 158/180/174 157/179/173
f 152/173/167 153/175/169 159/181/175 158/180/174
f 153/175/169 148/167/161 154/177/171 159/181/175
f 154/177/171 155/176/170 160/182/176
f 155/176/170 156/178/172 160/182/176
f 156/178/172 157/179/173 160/182/176
f 157/179/173 158/180/174 160/182/176
f 158/180/174 159/181/175 160/182/176
f 159/181/175 154/177/171 160/182/176
g default
v -40.236387 11.896019 2.046152
v -40.847129 8.498679 0.579836
v -42.992834 7.642723 -3.087574
v -44.579365 10.551331 -5.098223
v -40.048423 11.951866 0.353878
v -40.479302 9.724607 -0.661713
v -41.890982 9.076903 -3.121736
v -42.939748 10.979384 -4.469331
v -40.087488 11.950250 -1.255402
v -40.300860 10.806048 -1.786001
v -41.014272 10.513252 -3.009935
v -41.536467 11.455523 -3.685487
v -40.523837 11.807573 -2.653199
vt 1.018876 0.279029
vt 0.905512 0.277594
vt 0.863715 0.513130
vt 0.807966 0.420510
vt 0.569036 0.503582
vt 0.626647 0.412391
vt 0.429506 0.259929
vt 0.542870 0.261355
vt 0.807235 0.274822
vt 0.761050 0.339456
vt 0.678007 0.334106
vt 0.641147 0.264122
vt 0.724191 0.269472
vn 0.971718 -0.218968 0.088418
vn 0.894246 -0.427632 -0.132115
vn 0.903297 -0.403948 -0.144498
vn 0.975870 -0.209383 0.061935
vn 0.630140 -0.489447 -0.602797
vn 0.656801 -0.471954 -0.588109
vn 0.420923 -0.352768 -0.835691
vn 0.451370 -0.332728 -0.827984
vn 0.919541 -0.320121 -0.227962
vn 0.985218 -0.162082 -0.055448
vn 0.725296 -0.364112 -0.584267
vn 0.566982 -0.246263 -0.786057
vn 0.866248 -0.119642 -0.485077
s 1
g polySurface151 all1 polySurface166
usemtl aiStandardSurface1SG
f 161/183/177 162/185/178 166/186/179 165/184/180
f 162/185/178 163/187/181 167/188/182 166/186/179
f 163/187/181 164/189/183 168/190/184 167/188/182
f 165/184/180 166/186/179 170/192/185 169/191/186
f 166/186/179 167/188/182 171/193/187 170/192/185
f 167/188/182 168/190/184 172/194/188 171/193/187
f 169/191/186 170/192/185 173/195/189
f 170/192/185 171/193/187 173/195/189
f 171/193/187 172/194/188 173/195/189
g default
v -30.238142 3.965310 7.817114
v -26.998036 3.965310 8.450133
v -24.259323 3.965310 6.606646
v -23.626302 3.965310 3.366539
v -25.469790 3.965310 0.627826
v -28.709896 3.965310 -0.005193
v -31.448610 3.965310 1.838294
v -32.081629 3.965310 5.078400
v -29.573670 7.076591 6.815284
v -27.236584 7.076591 7.271881
v -25.261152 7.076591 5.942174
v -24.804555 7.076591 3.605088
v -26.134262 7.076591 1.629655
v -28.471348 7.076591 1.173059
v -30.446780 7.076591 2.502765
v -30.903377 7.076591 4.839852
v -28.784663 8.030394 5.625691
v -27.519841 8.030394 5.872799
v -26.450745 8.030394 5.153167
v -26.203636 8.030394 3.888345
v -26.923269 8.030394 2.819249
v -28.188091 8.030394 2.572140
v -29.257187 8.030394 3.291773
v -29.504296 8.030394 4.556594
v -27.853966 8.365325 4.222469
v -30.173421 4.989221 7.719534
v -29.890010 6.220053 7.292232
v -27.021271 4.989221 8.335369
v -27.123017 6.220054 7.832820
v -24.356902 4.989221 6.541925
v -24.784203 6.220053 6.258514
v -23.741067 4.989221 3.389775
v -24.243616 6.220053 3.491520
v -25.534511 4.989221 0.725406
v -25.817923 6.220053 1.152708
v -28.686661 4.989221 0.109570
v -28.584915 6.220053 0.612119
v -31.351030 4.989221 1.903015
v -30.923728 6.220053 2.186426
v -31.966866 4.989221 5.055165
v -31.464316 6.220053 4.953420
v -28.027755 1.514274 -0.251169
v -31.140193 1.514274 1.182018
v -32.327604 1.514274 4.396258
v -30.894418 1.514274 7.508697
v -27.680177 1.514274 8.696108
v -24.567739 1.514274 7.262922
v -23.380328 1.514274 4.048681
v -24.813513 1.514274 0.936242
v -27.979320 4.743540 0.995637
v -30.224320 4.743540 2.029394
v -31.080798 4.743540 4.347824
v -30.047043 4.743540 6.592824
v -27.728612 4.743540 7.449303
v -25.483612 4.743540 6.415546
v -24.627133 4.743540 4.097117
v -25.660889 4.743540 1.852116
v -27.921807 5.733514 2.476121
v -29.136792 5.733514 3.035586
v -29.600315 5.733514 4.290311
v -29.040850 5.733514 5.505296
v -27.786125 5.733514 5.968819
v -26.571140 5.733514 5.409354
v -26.107617 5.733514 4.154629
v -26.667081 5.733514 2.939644
v -27.853966 6.081146 4.222470
v -28.023038 2.577012 -0.129728
v -28.002379 3.854520 0.402062
v -31.050986 2.577012 1.264553
v -30.660346 3.854521 1.625977
v -32.206164 2.577012 4.391541
v -31.674374 3.854520 4.370883
v -30.811882 2.577012 7.419489
v -30.450459 3.854520 7.028850
v -27.684895 2.577012 8.574668
v -27.705553 3.854520 8.042878
v -24.656946 2.577012 7.180386
v -25.047585 3.854520 6.818964
v -23.501768 2.577012 4.053399
v -24.033558 3.854520 4.074057
v -24.896049 2.577012 1.025450
v -25.257473 3.854520 1.416089
v -31.989901 -0.346538 3.270998
v -31.451305 -0.346538 6.474225
v -28.805438 -0.346538 8.358404
v -25.602210 -0.346538 7.819809
v -23.718032 -0.346538 5.173941
v -24.256627 -0.346538 1.970715
v -26.902494 -0.346538 0.086536
v -30.105721 -0.346538 0.625131
v -30.837213 2.714632 3.536174
v -30.448724 2.714632 5.846660
v -28.540262 2.714632 7.205717
v -26.229776 2.714632 6.817228
v -24.870718 2.714632 4.908765
v -25.259207 2.714632 2.598280
v -27.167670 2.714632 1.239223
v -29.478156 2.714632 1.627712
v -29.468488 3.653074 3.851049
v -29.258239 3.653074 5.101475
v -28.225386 3.653074 5.836991
v -26.974961 3.653074 5.626743
v -26.239445 3.653074 4.593891
v -26.449693 3.653074 3.343465
v -27.482545 3.653074 2.607948
v -28.732971 3.653074 2.818197
v -27.853966 3.982610 4.222470
v -31.877627 0.660881 3.296827
v -31.385981 1.871889 3.409930
v -31.353652 0.660881 6.413099
v -30.926030 1.871890 6.145429
v -28.779609 0.660881 8.246131
v -28.666506 1.871889 7.754485
v -25.663337 0.660881 7.722155
v -25.931007 1.871889 7.294534
v -23.830305 0.660881 5.148113
v -24.321951 1.871889 5.035010
v -24.354280 0.660881 2.031841
v -24.781901 1.871889 2.299510
v -26.928323 0.660881 0.198808
v -27.041426 1.871889 0.690455
v -30.044595 0.660881 0.722784
v -29.776926 1.871889 1.150405
v -28.755441 1.733494 6.703109
v -26.737328 1.733494 6.613986
v -25.373327 1.733494 5.123945
v -25.462450 1.733494 3.105832
v -26.952491 1.733494 1.741830
v -28.970603 1.733494 1.830953
v -30.334605 1.733494 3.320994
v -30.245482 1.733494 5.339108
v -29.069832 -0.037264 7.568238
v -26.347898 -0.037264 7.448032
v -24.508198 -0.037264 5.438336
v -24.628404 -0.037264 2.716402
v -26.638099 -0.037264 0.876702
v -29.360033 -0.037264 0.996907
v -31.199734 -0.037264 3.006603
v -31.079528 -0.037264 5.728537
vt 0.731045 0.815879
vt 0.654263 0.888941
vt 0.627940 0.824175
vt 0.666630 0.788719
vt 0.548329 0.886292
vt 0.575509 0.821883
vt 0.475290 0.809521
vt 0.540055 0.783193
vt 0.477927 0.703592
vt 0.542342 0.730767
vt 0.554691 0.630552
vt 0.581029 0.695314
vt 0.660620 0.633182
vt 0.633456 0.697601
vt 0.733668 0.709944
vt 0.668912 0.736290
vt 0.604486 0.759745
vt 0.823678 0.857320
vt 0.771262 0.832252
vt 0.773680 0.693076
vt 0.828469 0.673731
vt 0.690465 0.983740
vt 0.671130 0.928948
vt 0.506877 0.978923
vt 0.531955 0.926511
vt 0.380479 0.845710
vt 0.435274 0.826381
vt 0.385291 0.662146
vt 0.437708 0.687221
vt 0.518484 0.535746
vt 0.537824 0.590538
vt 0.702048 0.540540
vt 0.676985 0.592961
vt 0.866943 0.875638
vt 0.708097 1.018723
vt 0.488546 1.013617
vt 0.336928 0.863339
vt 0.342028 0.643822
vt 0.500845 0.492199
vt 0.720362 0.497273
vt 0.872013 0.656086
vt 0.851230 0.309250
vt 0.774448 0.380702
vt 0.748125 0.317363
vt 0.786815 0.282689
vt 0.668514 0.378112
vt 0.695694 0.315122
vt 0.595475 0.303032
vt 0.660240 0.277284
vt 0.598112 0.199438
vt 0.662527 0.226013
vt 0.674876 0.128007
vt 0.701214 0.191342
vt 0.780805 0.130579
vt 0.753641 0.193579
vt 0.853854 0.205650
vt 0.789097 0.231415
vt 0.724671 0.254353
vt 0.943863 0.349777
vt 0.891447 0.325262
vt 0.893865 0.189153
vt 0.948654 0.170235
vt 0.810650 0.473412
vt 0.791315 0.419827
vt 0.627062 0.468701
vt 0.652140 0.417443
vt 0.500664 0.338423
vt 0.555459 0.319520
vt 0.505476 0.158905
vt 0.557893 0.183427
vt 0.638669 0.035291
vt 0.658009 0.088875
vt 0.822233 0.039979
vt 0.797170 0.091244
vt 0.987128 0.367692
vt 0.828282 0.516000
vt 0.608731 0.511007
vt 0.457113 0.355664
vt 0.462213 0.140985
vt 0.621030 -0.007296
vt 0.840548 -0.002335
vt 0.992198 0.152979
vt 0.851230 0.309250
vt 0.774448 0.380702
vt 0.748125 0.317363
vt 0.786815 0.282689
vt 0.668514 0.378112
vt 0.695694 0.315122
vt 0.595475 0.303032
vt 0.660240 0.277284
vt 0.598112 0.199438
vt 0.662527 0.226013
vt 0.674876 0.128007
vt 0.701214 0.191342
vt 0.780805 0.130579
vt 0.753641 0.193579
vt 0.853854 0.205650
vt 0.789097 0.231415
vt 0.724671 0.254353
vt 0.943863 0.349777
vt 0.891447 0.325262
vt 0.893865 0.189153
vt 0.948654 0.170235
vt 0.810650 0.473412
vt 0.791315 0.419827
vt 0.627062 0.468701
vt 0.652140 0.417443
vt 0.500664 0.338423
vt 0.555459 0.319520
vt 0.505476 0.158905
vt 0.557893 0.183427
vt 0.638669 0.035291
vt 0.658009 0.088875
vt 0.822233 0.039979
vt 0.797170 0.091244
vt 0.987128 0.367692
vt 0.828282 0.516000
vt 0.608731 0.511007
vt 0.457113 0.355664
vt 0.462213 0.140985
vt 0.621030 -0.007296
vt 0.840548 -0.002335
vt 0.992198 0.152979
vt 0.948654 0.170235
vt 0.943863 0.349777
vt 0.851230 0.309250
vt 0.853854 0.205650
vt 0.810650 0.473412
vt 0.774448 0.380702
vt 0.627062 0.468701
vt 0.668514 0.378112
vt 0.500664 0.338423
vt 0.595475 0.303032
vt 0.505476 0.158905
vt 0.598112 0.199438
vt 0.638669 0.035291
vt 0.674876 0.128007
vt 0.822233 0.039979
vt 0.780805 0.130579
vn -0.143335 0.664229 0.733658
vn -0.143335 0.664229 0.733658
vn -0.112368 0.810291 0.575154
vn -0.112368 0.810291 0.575154
vn 0.417422 0.664229 0.620128
vn 0.417422 0.664229 0.620128
vn 0.327239 0.810291 0.486151
vn 0.327239 0.810291 0.486151
vn 0.733659 0.664229 0.143335
vn 0.733658 0.664229 0.143335
vn 0.575154 0.810291 0.112368
vn 0.575154 0.810291 0.112368
vn 0.620128 0.664229 -0.417422
vn 0.620128 0.664229 -0.417422
vn 0.486151 0.810291 -0.327239
vn 0.486151 0.810291 -0.327239
vn 0.143335 0.664229 -0.733659
vn 0.143335 0.664229 -0.733659
vn 0.112368 0.810291 -0.575154
vn 0.112368 0.810291 -0.575154
vn -0.417422 0.664229 -0.620128
vn -0.417422 0.664229 -0.620128
vn -0.327239 0.810291 -0.486151
vn -0.327239 0.810291 -0.486151
vn -0.733659 0.664229 -0.143335
vn -0.733659 0.664229 -0.143335
vn -0.575154 0.810291 -0.112368
vn -0.575154 0.810291 -0.112368
vn -0.620128 0.664229 0.417422
vn -0.620128 0.664229 0.417422
vn -0.486151 0.810291 0.327239
vn -0.486151 0.810291 0.327239
vn -0.040358 0.977599 0.206572
vn -0.040358 0.977599 0.206572
vn -0.040358 0.977599 0.206572
vn 0.117531 0.977599 0.174606
vn 0.117531 0.977599 0.174606
vn 0.117531 0.977599 0.174606
vn 0.206573 0.977599 0.040359
vn 0.206573 0.977599 0.040359
vn 0.206573 0.977599 0.040359
vn 0.174607 0.977599 -0.117531
vn 0.174607 0.977599 -0.117531
vn 0.174607 0.977599 -0.117531
vn 0.040358 0.977599 -0.206572
vn 0.040358 0.977599 -0.206572
vn 0.040358 0.977599 -0.206572
vn -0.117532 0.977599 -0.174606
vn -0.117532 0.977599 -0.174606
vn -0.117532 0.977599 -0.174606
vn -0.206573 0.977599 -0.040359
vn -0.206573 0.977599 -0.040359
vn -0.206573 0.977599 -0.040359
vn -0.174606 0.977599 0.117532
vn -0.174606 0.977599 0.117532
vn -0.174606 0.977599 0.117532
vn -0.805937 0.236995 0.542494
vn -0.753775 0.417597 0.507382
vn -0.753775 0.417597 0.507382
vn -0.805937 0.236995 0.542494
vn -0.174226 0.417597 0.891773
vn -0.186282 0.236995 0.953484
vn -0.186282 0.236995 0.953484
vn -0.174226 0.417597 0.891773
vn 0.507382 0.417597 0.753775
vn 0.542494 0.236995 0.805937
vn 0.542493 0.236995 0.805937
vn 0.507382 0.417597 0.753775
vn 0.891773 0.417597 0.174226
vn 0.953484 0.236995 0.186282
vn 0.953484 0.236995 0.186282
vn 0.891773 0.417597 0.174226
vn 0.753775 0.417597 -0.507382
vn 0.805937 0.236995 -0.542494
vn 0.805937 0.236995 -0.542494
vn 0.753775 0.417597 -0.507382
vn 0.174226 0.417597 -0.891773
vn 0.186282 0.236995 -0.953484
vn 0.186282 0.236995 -0.953484
vn 0.174226 0.417597 -0.891773
vn -0.507382 0.417597 -0.753774
vn -0.542494 0.236995 -0.805937
vn -0.542494 0.236995 -0.805937
vn -0.507382 0.417597 -0.753775
vn -0.891773 0.417597 -0.174226
vn -0.953484 0.236995 -0.186282
vn -0.953484 0.236995 -0.186282
vn -0.891773 0.417597 -0.174226
vn -0.190684 0.105068 0.976013
vn -0.190684 0.105068 0.976013
vn 0.555311 0.105068 0.824979
vn 0.555311 0.105068 0.824979
vn 0.976013 0.105068 0.190684
vn 0.976013 0.105068 0.190684
vn 0.824979 0.105068 -0.555311
vn 0.824979 0.105068 -0.555311
vn 0.190684 0.105068 -0.976013
vn 0.190684 0.105068 -0.976013
vn -0.555311 0.105067 -0.824979
vn -0.555311 0.105067 -0.824979
vn -0.976013 0.105068 -0.190684
vn -0.976013 0.105068 -0.190684
vn -0.824979 0.105068 0.555311
vn -0.824979 0.105068 0.555311
vn -0.312660 0.664229 -0.679002
vn -0.312660 0.664229 -0.679002
vn -0.245111 0.810291 -0.532306
vn -0.245111 0.810291 -0.532306
vn -0.701211 0.664229 -0.259043
vn -0.701211 0.664229 -0.259043
vn -0.549717 0.810291 -0.203077
vn -0.549717 0.810291 -0.203077
vn -0.679002 0.664229 0.312660
vn -0.679002 0.664229 0.312660
vn -0.532306 0.810291 0.245111
vn -0.532306 0.810291 0.245111
vn -0.259043 0.664229 0.701211
vn -0.259043 0.664229 0.701211
vn -0.203077 0.810291 0.549717
vn -0.203077 0.810291 0.549717
vn 0.312660 0.664229 0.679002
vn 0.312660 0.664229 0.679002
vn 0.245111 0.810291 0.532305
vn 0.245111 0.810291 0.532305
vn 0.701211 0.664229 0.259043
vn 0.701211 0.664229 0.259043
vn 0.549717 0.810291 0.203078
vn 0.549717 0.810291 0.203078
vn 0.679002 0.664229 -0.312660
vn 0.679002 0.664229 -0.312660
vn 0.532306 0.810291 -0.245111
vn 0.532306 0.810291 -0.245111
vn 0.259043 0.664229 -0.701211
vn 0.259043 0.664229 -0.701211
vn 0.203077 0.810291 -0.549717
vn 0.203077 0.810291 -0.549717
vn -0.088034 0.977599 -0.191182
vn -0.088034 0.977599 -0.191182
vn -0.088034 0.977599 -0.191182
vn -0.197436 0.977599 -0.072937
vn -0.197436 0.977599 -0.072937
vn -0.197436 0.977599 -0.072937
vn -0.191183 0.977599 0.088034
vn -0.191183 0.977599 0.088034
vn -0.191183 0.977599 0.088034
vn -0.072937 0.977599 0.197436
vn -0.072937 0.977599 0.197436
vn -0.072937 0.977599 0.197436
vn 0.088034 0.977599 0.191183
vn 0.088034 0.977599 0.191183
vn 0.088034 0.977599 0.191183
vn 0.197436 0.977599 0.072938
vn 0.197436 0.977599 0.072938
vn 0.197436 0.977599 0.072938
vn 0.191183 0.977599 -0.088034
vn 0.191183 0.977599 -0.088034
vn 0.191183 0.977599 -0.088034
vn 0.072937 0.977599 -0.197436
vn 0.072937 0.977599 -0.197436
vn 0.072937 0.977599 -0.197436
vn 0.336659 0.236995 -0.911314
vn 0.314870 0.417597 -0.852332
vn 0.314870 0.417597 -0.852332
vn 0.336659 0.236995 -0.911314
vn -0.380043 0.417597 -0.825336
vn -0.406343 0.236995 -0.882451
vn -0.406343 0.236995 -0.882451
vn -0.380043 0.417597 -0.825336
vn -0.852332 0.417597 -0.314870
vn -0.911314 0.236995 -0.336659
vn -0.911314 0.236995 -0.336659
vn -0.852332 0.417597 -0.314870
vn -0.825336 0.417597 0.380043
vn -0.882451 0.236995 0.406343
vn -0.882451 0.236995 0.406343
vn -0.825336 0.417597 0.380043
vn -0.314870 0.417597 0.852332
vn -0.336659 0.236995 0.911314
vn -0.336660 0.236995 0.911314
vn -0.314870 0.417597 0.852332
vn 0.380043 0.417597 0.825337
vn 0.406342 0.236995 0.882451
vn 0.406342 0.236995 0.882451
vn 0.380043 0.417597 0.825337
vn 0.852332 0.417597 0.314870
vn 0.911314 0.236995 0.336659
vn 0.911314 0.236995 0.336659
vn 0.852332 0.417597 0.314870
vn 0.825336 0.417597 -0.380043
vn 0.882451 0.236995 -0.406342
vn 0.882451 0.236995 -0.406342
vn 0.825336 0.417597 -0.380043
vn -0.415943 0.105068 -0.903301
vn -0.415943 0.105068 -0.903301
vn -0.932846 0.105068 -0.344614
vn -0.932846 0.105068 -0.344614
vn -0.903301 0.105068 0.415943
vn -0.903301 0.105068 0.415943
vn -0.344614 0.105068 0.932846
vn -0.344614 0.105068 0.932846
vn 0.415943 0.105068 0.903301
vn 0.415943 0.105068 0.903301
vn 0.932846 0.105068 0.344614
vn 0.932846 0.105068 0.344614
vn 0.903301 0.105068 -0.415943
vn 0.903301 0.105068 -0.415943
vn 0.344614 0.105068 -0.932846
vn 0.344614 0.105068 -0.932846
vn -0.737181 0.664229 0.123951
vn -0.737181 0.664229 0.123951
vn -0.577915 0.810291 0.097172
vn -0.577916 0.810291 0.097172
vn -0.433619 0.664229 0.608912
vn -0.433619 0.664229 0.608912
vn -0.339937 0.810291 0.477359
vn -0.339937 0.810291 0.477359
vn 0.123951 0.664229 0.737181
vn 0.123951 0.664229 0.737181
vn 0.097172 0.810291 0.577915
vn 0.097172 0.810291 0.577915
vn 0.608912 0.664229 0.433620
vn 0.608912 0.664229 0.433620
vn 0.477359 0.810291 0.339937
vn 0.477359 0.810291 0.339937
vn 0.737181 0.664229 -0.123951
vn 0.737181 0.664229 -0.123951
vn 0.577915 0.810291 -0.097171
vn 0.577916 0.810291 -0.097171
vn 0.433619 0.664229 -0.608912
vn 0.433620 0.664229 -0.608912
vn 0.339937 0.810291 -0.477359
vn 0.339937 0.810291 -0.477359
vn -0.123951 0.664229 -0.737181
vn -0.123951 0.664229 -0.737181
vn -0.097172 0.810291 -0.577916
vn -0.097172 0.810291 -0.577916
vn -0.608912 0.664229 -0.433620
vn -0.608912 0.664229 -0.433619
vn -0.477359 0.810291 -0.339937
vn -0.477359 0.810291 -0.339938
vn -0.207564 0.977599 0.034900
vn -0.207564 0.977599 0.034900
vn -0.207564 0.977599 0.034900
vn -0.122092 0.977599 0.171448
vn -0.122092 0.977599 0.171448
vn -0.122092 0.977599 0.171448
vn 0.034900 0.977599 0.207565
vn 0.034900 0.977599 0.207565
vn 0.034900 0.977599 0.207565
vn 0.171448 0.977599 0.122092
vn 0.171448 0.977599 0.122092
vn 0.171448 0.977599 0.122092
vn 0.207564 0.977599 -0.034900
vn 0.207564 0.977599 -0.034900
vn 0.207564 0.977599 -0.034900
vn 0.122092 0.977599 -0.171449
vn 0.122092 0.977599 -0.171449
vn 0.122092 0.977599 -0.171449
vn -0.034900 0.977599 -0.207564
vn -0.034900 0.977599 -0.207564
vn -0.034900 0.977599 -0.207564
vn -0.171448 0.977599 -0.122092
vn -0.171448 0.977599 -0.122092
vn -0.171448 0.977599 -0.122092
vn -0.791360 0.236995 -0.563545
vn -0.740142 0.417597 -0.527071
vn -0.740142 0.417597 -0.527071
vn -0.791360 0.236995 -0.563545
vn -0.896054 0.417597 0.150664
vn -0.958062 0.236995 0.161090
vn -0.958062 0.236995 0.161090
vn -0.896054 0.417597 0.150664
vn -0.527071 0.417597 0.740142
vn -0.563545 0.236995 0.791360
vn -0.563545 0.236995 0.791360
vn -0.527071 0.417597 0.740142
vn 0.150664 0.417597 0.896054
vn 0.161090 0.236995 0.958062
vn 0.161090 0.236995 0.958062
vn 0.150664 0.417597 0.896054
vn 0.740142 0.417597 0.527071
vn 0.791360 0.236995 0.563545
vn 0.791360 0.236995 0.563545
vn 0.740142 0.417597 0.527071
vn 0.896054 0.417597 -0.150664
vn 0.958062 0.236995 -0.161090
vn 0.958062 0.236995 -0.161090
vn 0.896054 0.417597 -0.150664
vn 0.527071 0.417597 -0.740141
vn 0.563545 0.236995 -0.791360
vn 0.563545 0.236995 -0.791360
vn 0.527071 0.417597 -0.740142
vn -0.150664 0.417597 -0.896054
vn -0.161090 0.236995 -0.958062
vn -0.161090 0.236995 -0.958062
vn -0.150664 0.417597 -0.896054
vn -0.980699 0.105069 0.164896
vn -0.980699 0.105069 0.164896
vn -0.576860 0.105068 0.810058
vn -0.576860 0.105068 0.810058
vn 0.164896 0.105068 0.980699
vn 0.164896 0.105068 0.980699
vn 0.810058 0.105068 0.576860
vn 0.810058 0.105068 0.576860
vn 0.980699 0.105068 -0.164896
vn 0.980699 0.105068 -0.164896
vn 0.576860 0.105068 -0.810058
vn 0.576860 0.105068 -0.810058
vn -0.164896 0.105067 -0.980699
vn -0.164896 0.105067 -0.980699
vn -0.810058 0.105068 -0.576860
vn -0.810058 0.105068 -0.576860
vn -0.608667 0.432918 0.664911
vn -0.608667 0.432918 0.664911
vn -0.608667 0.432918 0.664911
vn -0.608667 0.432918 0.664911
vn 0.039770 0.432918 0.900556
vn 0.039770 0.432918 0.900556
vn 0.039770 0.432918 0.900556
vn 0.039770 0.432918 0.900556
vn 0.664911 0.432918 0.608667
vn 0.664911 0.432918 0.608667
vn 0.664911 0.432918 0.608667
vn 0.664911 0.432918 0.608667
vn 0.900556 0.432918 -0.039770
vn 0.900556 0.432918 -0.039770
vn 0.900556 0.432918 -0.039770
vn 0.900556 0.432918 -0.039770
vn 0.608667 0.432918 -0.664911
vn 0.608668 0.432918 -0.664911
vn 0.608668 0.432918 -0.664911
vn 0.608667 0.432918 -0.664911
vn -0.039770 0.432918 -0.900556
vn -0.039770 0.432918 -0.900556
vn -0.039770 0.432918 -0.900556
vn -0.039770 0.432918 -0.900556
vn -0.664910 0.432918 -0.608667
vn -0.664910 0.432918 -0.608667
vn -0.664910 0.432918 -0.608668
vn -0.664910 0.432918 -0.608667
vn -0.900555 0.432918 0.039770
vn -0.900555 0.432918 0.039770
vn -0.900556 0.432918 0.039770
vn -0.900555 0.432918 0.039770
s 1
g ARBUSTOS02:polySurface259
usemtl ARBUSTOS02:aiStandardSurface1SG
f 182/196/190 183/197/191 191/198/192 190/199/193
s 2
f 183/197/194 184/200/195 192/201/196 191/198/197
s 3
f 184/200/198 185/202/199 193/203/200 192/201/201
s 4
f 185/202/202 186/204/203 194/205/204 193/203/205
s 5
f 186/204/206 187/206/207 195/207/208 194/205/209
s 6
f 187/206/210 188/208/211 196/209/212 195/207/213
s 7
f 188/208/214 189/210/215 197/211/216 196/209/217
s 8
f 189/210/218 182/196/219 190/199/220 197/211/221
s off
f 190/199/222 191/198/223 198/212/224
f 191/198/225 192/201/226 198/212/227
f 192/201/228 193/203/229 198/212/230
f 193/203/231 194/205/232 198/212/233
f 194/205/234 195/207/235 198/212/236
f 195/207/237 196/209/238 198/212/239
f 196/209/240 197/211/241 198/212/242
f 197/211/243 190/199/244 198/212/245
s 8
f 199/213/246 200/214/247 214/215/248 213/216/249
s 1
f 200/214/250 199/213/251 201/217/252 202/218/253
s 2
f 202/218/254 201/217/255 203/219/256 204/220/257
s 3
f 204/220/258 203/219/259 205/221/260 206/222/261
s 4
f 206/222/262 205/221/263 207/223/264 208/224/265
s 5
f 208/224/266 207/223/267 209/225/268 210/226/269
s 6
f 210/226/270 209/225/271 211/227/272 212/228/273
s 7
f 212/228/274 211/227/275 213/216/276 214/215/277
s 1
f 174/229/278 175/230/279 201/217/252 199/213/251
s 2
f 175/230/280 176/231/281 203/219/256 201/217/255
s 3
f 176/231/282 177/232/283 205/221/260 203/219/259
s 4
f 177/232/284 178/233/285 207/223/264 205/221/263
s 5
f 178/233/286 179/234/287 209/225/268 207/223/267
s 6
f 179/234/288 180/235/289 211/227/272 209/225/271
s 7
f 180/235/290 181/236/291 213/216/276 211/227/275
s 8
f 181/236/292 174/229/293 199/213/246 213/216/249
s 1
f 200/214/250 202/218/253 183/197/191 182/196/190
s 2
f 202/218/254 204/220/257 184/200/195 183/197/194
s 3
f 204/220/258 206/222/261 185/202/199 184/200/198
s 4
f 206/222/262 208/224/265 186/204/203 185/202/202
s 5
f 208/224/266 210/226/269 187/206/207 186/204/206
s 6
f 210/226/270 212/228/273 188/208/211 187/206/210
s 7
f 212/228/274 214/215/277 189/210/215 188/208/214
s 8
f 214/215/248 200/214/247 182/196/219 189/210/218
s 16
f 223/237/294 224/238/295 232/239/296 231/240/297
s 17
f 224/238/298 225/241/299 233/242/300 232/239/301
s 18
f 225/241/302 226/243/303 234/244/304 233/242/305
s 19
f 226/243/306 227/245/307 235/246/308 234/244/309
s 20
f 227/245/310 228/247/311 236/248/312 235/246/313
s 21
f 228/247/314 229/249/315 237/250/316 236/248/317
s 22
f 229/249/318 230/251/319 238/252/320 237/250/321
s 23
f 230/251/322 223/237/323 231/240/324 238/252/325
s off
f 231/240/326 232/239/327 239/253/328
f 232/239/329 233/242/330 239/253/331
f 233/242/332 234/244/333 239/253/334
f 234/244/335 235/246/336 239/253/337
f 235/246/338 236/248/339 239/253/340
f 236/248/341 237/250/342 239/253/343
f 237/250/344 238/252/345 239/253/346
f 238/252/347 231/240/348 239/253/349
s 23
f 240/254/350 241/255/351 255/256/352 254/257/353
s 16
f 241/255/354 240/254/355 242/258/356 243/259/357
s 17
f 243/259/358 242/258/359 244/260/360 245/261/361
s 18
f 245/261/362 244/260/363 246/262/364 247/263/365
s 19
f 247/263/366 246/262/367 248/264/368 249/265/369
s 20
f 249/265/370 248/264/371 250/266/372 251/267/373
s 21
f 251/267/374 250/266/375 252/268/376 253/269/377
s 22
f 253/269/378 252/268/379 254/257/380 255/256/381
s 16
f 215/270/382 216/271/383 242/258/356 240/254/355
s 17
f 216/271/384 217/272/385 244/260/360 242/258/359
s 18
f 217/272/386 218/273/387 246/262/364 244/260/363
s 19
f 218/273/388 219/274/389 248/264/368 246/262/367
s 20
f 219/274/390 220/275/391 250/266/372 248/264/371
s 21
f 220/275/392 221/276/393 252/268/376 250/266/375
s 22
f 221/276/394 222/277/395 254/257/380 252/268/379
s 23
f 222/277/396 215/270/397 240/254/350 254/257/353
s 16
f 241/255/354 243/259/357 224/238/295 223/237/294
s 17
f 243/259/358 245/261/361 225/241/299 224/238/298
s 18
f 245/261/362 247/263/365 226/243/303 225/241/302
s 19
f 247/263/366 249/265/369 227/245/307 226/243/306
s 20
f 249/265/370 251/267/373 228/247/311 227/245/310
s 21
f 251/267/374 253/269/377 229/249/315 228/247/314
s 22
f 253/269/378 255/256/381 230/251/319 229/249/318
s 23
f 255/256/352 241/255/351 223/237/323 230/251/322
s 31
f 264/278/398 265/279/399 273/280/400 272/281/401
s 32
f 265/279/402 266/282/403 274/283/404 273/280/405
s 33
f 266/282/406 267/284/407 275/285/408 274/283/409
s 34
f 267/284/410 268/286/411 276/287/412 275/285/413
s 35
f 268/286/414 269/288/415 277/289/416 276/287/417
s 36
f 269/288/418 270/290/419 278/291/420 277/289/421
s 37
f 270/290/422 271/292/423 279/293/424 278/291/425
s 38
f 271/292/426 264/278/427 272/281/428 279/293/429
s off
f 272/281/430 273/280/431 280/294/432
f 273/280/433 274/283/434 280/294/435
f 274/283/436 275/285/437 280/294/438
f 275/285/439 276/287/440 280/294/441
f 276/287/442 277/289/443 280/294/444
f 277/289/445 278/291/446 280/294/447
f 278/291/448 279/293/449 280/294/450
f 279/293/451 272/281/452 280/294/453
s 38
f 281/295/454 282/296/455 296/297/456 295/298/457
s 31
f 282/296/458 281/295/459 283/299/460 284/300/461
s 32
f 284/300/462 283/299/463 285/301/464 286/302/465
s 33
f 286/302/466 285/301/467 287/303/468 288/304/469
s 34
f 288/304/470 287/303/471 289/305/472 290/306/473
s 35
f 290/306/474 289/305/475 291/307/476 292/308/477
s 36
f 292/308/478 291/307/479 293/309/480 294/310/481
s 37
f 294/310/482 293/309/483 295/298/484 296/297/485
s 31
f 256/311/486 257/312/487 283/299/460 281/295/459
s 32
f 257/312/488 258/313/489 285/301/464 283/299/463
s 33
f 258/313/490 259/314/491 287/303/468 285/301/467
s 34
f 259/314/492 260/315/493 289/305/472 287/303/471
s 35
f 260/315/494 261/316/495 291/307/476 289/305/475
s 36
f 261/316/496 262/317/497 293/309/480 291/307/479
s 37
f 262/317/498 263/318/499 295/298/484 293/309/483
s 38
f 263/318/500 256/311/501 281/295/454 295/298/457
s 31
f 282/296/458 284/300/461 265/279/399 264/278/398
s 32
f 284/300/462 286/302/465 266/282/403 265/279/402
s 33
f 286/302/466 288/304/469 267/284/407 266/282/406
s 34
f 288/304/470 290/306/473 268/286/411 267/284/410
s 35
f 290/306/474 292/308/477 269/288/415 268/286/414
s 36
f 292/308/478 294/310/481 270/290/419 269/288/418
s 37
f 294/310/482 296/297/485 271/292/423 270/290/422
s 38
f 296/297/456 282/296/455 264/278/427 271/292/426
s off
f 312/319/502 305/320/503 297/321/504 304/322/505
f 305/320/506 306/323/507 298/324/508 297/321/509
f 306/323/510 307/325/511 299/326/512 298/324/513
f 307/325/514 308/327/515 300/328/516 299/326/517
f 308/327/518 309/329/519 301/330/520 300/328/521
f 309/329/522 310/331/523 302/332/524 301/330/525
f 310/331/526 311/333/527 303/334/528 302/332/529
f 311/333/530 312/319/531 304/322/532 303/334/533
g default
v -33.924199 1.733494 -2.777039
v -35.680048 1.733494 -1.778184
v -36.215325 1.733494 0.169687
v -35.216469 1.733494 1.925538
v -33.268597 1.733494 2.460814
v -31.512746 1.733494 1.461958
v -30.977469 1.733494 -0.485913
v -31.976325 1.733494 -2.241764
v -34.038520 -0.037264 -3.690396
v -36.406726 -0.037264 -2.343187
v -37.128681 -0.037264 0.284008
v -35.781472 -0.037264 2.652215
v -33.154276 -0.037264 3.374170
v -30.786068 -0.037264 2.026961
v -30.064113 -0.037264 -0.600234
v -31.411323 -0.037264 -2.968441
v -29.481201 -0.346538 -1.195618
v -31.420141 -0.346538 -3.801622
v -34.633902 -0.346538 -4.273309
v -37.239907 -0.346538 -2.334369
v -37.711592 -0.346538 0.879391
v -35.772654 -0.346538 3.485396
v -32.558895 -0.346538 3.957082
v -29.952887 -0.346538 2.018143
v -30.628108 2.714632 -0.906464
v -32.026665 2.714632 -2.786174
v -34.344750 2.714632 -3.126401
v -36.224458 2.714632 -1.727846
v -36.564687 2.714632 0.590239
v -35.166130 2.714632 2.469947
v -32.848047 2.714632 2.810176
v -30.968336 2.714632 1.411619
v -31.989971 3.653074 -0.563118
v -32.746865 3.653074 -1.580409
v -34.001402 3.653074 -1.764539
v -35.018695 3.653074 -1.007646
v -35.202823 3.653074 0.246891
v -34.445931 3.653074 1.264183
v -33.191393 3.653074 1.448313
v -32.174102 3.653074 0.691420
v -33.596397 3.982610 -0.158113
v -29.592912 0.660881 -1.167453
v -30.082093 1.871889 -1.044123
v -31.479217 0.660881 -3.702716
v -31.737912 1.871890 -3.269605
v -34.605738 0.660881 -4.161598
v -34.482408 1.871889 -3.672418
v -37.141001 0.660881 -2.275293
v -36.707890 1.871889 -2.016598
v -37.599884 0.660881 0.851227
v -37.110702 1.871889 0.727897
v -35.713578 0.660881 3.386490
v -35.454882 1.871889 2.953380
v -32.587058 0.660881 3.845373
v -32.710387 1.871889 3.356191
v -30.051795 0.660881 1.959067
v -30.484905 1.871889 1.700372
v -33.111926 1.440409 -4.444259
v -36.284587 1.440409 -3.531449
v -37.882544 1.440409 -0.642586
v -36.969735 1.440409 2.530076
v -34.080870 1.440409 4.128032
v -30.908208 1.440409 3.215223
v -29.310252 1.440409 0.326359
v -30.223060 1.440409 -2.846302
v -33.246949 4.551690 -3.249707
v -35.535386 4.551690 -2.591299
v -36.687993 4.551690 -0.507562
v -36.029583 4.551690 1.780876
v -33.945846 4.551690 2.933481
v -31.657408 4.551690 2.275072
v -30.504802 4.551690 0.191337
v -31.163212 4.551690 -2.097102
v -33.407277 5.505492 -1.831272
v -34.645771 5.505492 -1.474943
v -35.269557 5.505492 -0.347234
v -34.913228 5.505492 0.891260
v -33.785519 5.505492 1.515045
v -32.547024 5.505492 1.158718
v -31.923238 5.505492 0.031007
v -32.279566 5.505492 -1.207486
v -33.596397 5.840424 -0.158113
v -33.125075 2.464319 -4.327908
v -33.182666 3.695152 -3.818406
v -36.211612 2.464319 -3.439876
v -35.892063 3.695153 -3.038883
v -37.766192 2.464319 -0.629434
v -37.256691 3.695152 -0.571844
v -36.878161 2.464319 2.457102
v -36.477168 3.695152 2.137553
v -34.067719 2.464319 4.011681
v -34.010129 3.695152 3.502179
v -30.981182 2.464319 3.123651
v -31.300730 3.695152 2.722657
v -29.426602 2.464319 0.313208
v -29.936105 3.695152 0.255618
v -30.314633 2.464319 -2.773329
v -30.715627 3.695152 -2.453779
vt 0.948654 0.170235
vt 0.943863 0.349777
vt 0.851230 0.309250
vt 0.853854 0.205650
vt 0.810650 0.473412
vt 0.774448 0.380702
vt 0.627062 0.468701
vt 0.668514 0.378112
vt 0.500664 0.338423
vt 0.595475 0.303032
vt 0.505476 0.158905
vt 0.598112 0.199438
vt 0.638669 0.035291
vt 0.674876 0.128007
vt 0.822233 0.039979
vt 0.780805 0.130579
vt 0.851230 0.309250
vt 0.774448 0.380702
vt 0.748125 0.317363
vt 0.786815 0.282689
vt 0.668514 0.378112
vt 0.695694 0.315122
vt 0.595475 0.303032
vt 0.660240 0.277284
vt 0.598112 0.199438
vt 0.662527 0.226013
vt 0.674876 0.128007
vt 0.701214 0.191342
vt 0.780805 0.130579
vt 0.753641 0.193579
vt 0.853854 0.205650
vt 0.789097 0.231415
vt 0.724671 0.254353
vt 0.943863 0.349777
vt 0.891447 0.325262
vt 0.893865 0.189153
vt 0.948654 0.170235
vt 0.810650 0.473412
vt 0.791315 0.419827
vt 0.627062 0.468701
vt 0.652140 0.417443
vt 0.500664 0.338423
vt 0.555459 0.319520
vt 0.505476 0.158905
vt 0.557893 0.183427
vt 0.638669 0.035291
vt 0.658009 0.088875
vt 0.822233 0.039979
vt 0.797170 0.091244
vt 0.987128 0.367692
vt 0.828282 0.516000
vt 0.608731 0.511007
vt 0.457113 0.355664
vt 0.462213 0.140985
vt 0.621030 -0.007296
vt 0.840548 -0.002335
vt 0.992198 0.152979
vt 0.731045 0.815879
vt 0.654263 0.888941
vt 0.627940 0.824175
vt 0.666630 0.788719
vt 0.548329 0.886292
vt 0.575509 0.821883
vt 0.475290 0.809521
vt 0.540055 0.783193
vt 0.477927 0.703592
vt 0.542342 0.730767
vt 0.554691 0.630552
vt 0.581029 0.695314
vt 0.660620 0.633182
vt 0.633456 0.697601
vt 0.733668 0.709944
vt 0.668912 0.736290
vt 0.604486 0.759745
vt 0.823678 0.857320
vt 0.771262 0.832252
vt 0.773680 0.693076
vt 0.828469 0.673731
vt 0.690465 0.983740
vt 0.671130 0.928948
vt 0.506877 0.978923
vt 0.531955 0.926511
vt 0.380479 0.845710
vt 0.435274 0.826381
vt 0.385291 0.662146
vt 0.437708 0.687221
vt 0.518484 0.535746
vt 0.537824 0.590538
vt 0.702048 0.540540
vt 0.676985 0.592961
vt 0.866943 0.875638
vt 0.708097 1.017426
vt 0.488546 1.012321
vt 0.336928 0.863339
vt 0.342028 0.643822
vt 0.500845 0.492199
vt 0.720362 0.497273
vt 0.872013 0.656086
vn 0.238859 0.432918 -0.869211
vn 0.238859 0.432918 -0.869211
vn 0.238859 0.432918 -0.869211
vn 0.238859 0.432918 -0.869211
vn -0.445726 0.432918 -0.783524
vn -0.445726 0.432918 -0.783524
vn -0.445726 0.432918 -0.783524
vn -0.445726 0.432918 -0.783524
vn -0.869211 0.432918 -0.238860
vn -0.869211 0.432918 -0.238860
vn -0.869211 0.432918 -0.238860
vn -0.869211 0.432918 -0.238860
vn -0.783524 0.432918 0.445726
vn -0.783524 0.432918 0.445726
vn -0.783524 0.432918 0.445726
vn -0.783524 0.432918 0.445726
vn -0.238860 0.432918 0.869211
vn -0.238860 0.432918 0.869211
vn -0.238860 0.432918 0.869211
vn -0.238860 0.432918 0.869211
vn 0.445726 0.432918 0.783525
vn 0.445726 0.432918 0.783525
vn 0.445726 0.432918 0.783525
vn 0.445726 0.432918 0.783525
vn 0.869211 0.432918 0.238860
vn 0.869211 0.432918 0.238860
vn 0.869211 0.432918 0.238860
vn 0.869211 0.432918 0.238860
vn 0.783525 0.432918 -0.445726
vn 0.783525 0.432918 -0.445726
vn 0.783524 0.432918 -0.445726
vn 0.783525 0.432918 -0.445726
vn 0.599738 0.664229 -0.446222
vn 0.599738 0.664229 -0.446222
vn 0.470167 0.810291 -0.349817
vn 0.470167 0.810291 -0.349817
vn 0.108552 0.664229 -0.739605
vn 0.108552 0.664229 -0.739605
vn 0.085100 0.810291 -0.579816
vn 0.085100 0.810291 -0.579816
vn -0.446222 0.664229 -0.599738
vn -0.446222 0.664229 -0.599738
vn -0.349817 0.810291 -0.470167
vn -0.349817 0.810291 -0.470167
vn -0.739606 0.664229 -0.108553
vn -0.739606 0.664229 -0.108553
vn -0.579816 0.810291 -0.085100
vn -0.579816 0.810291 -0.085100
vn -0.599739 0.664228 0.446222
vn -0.599739 0.664228 0.446222
vn -0.470167 0.810291 0.349817
vn -0.470167 0.810291 0.349817
vn -0.108553 0.664229 0.739606
vn -0.108553 0.664229 0.739606
vn -0.085100 0.810291 0.579816
vn -0.085100 0.810291 0.579816
vn 0.446222 0.664229 0.599738
vn 0.446222 0.664229 0.599738
vn 0.349817 0.810291 0.470167
vn 0.349817 0.810291 0.470167
vn 0.739606 0.664228 0.108553
vn 0.739606 0.664228 0.108553
vn 0.579816 0.810291 0.085100
vn 0.579816 0.810291 0.085100
vn 0.168865 0.977599 -0.125640
vn 0.168865 0.977599 -0.125640
vn 0.168865 0.977599 -0.125640
vn 0.030565 0.977599 -0.208247
vn 0.030565 0.977599 -0.208247
vn 0.030565 0.977599 -0.208247
vn -0.125640 0.977599 -0.168865
vn -0.125640 0.977599 -0.168865
vn -0.125640 0.977599 -0.168865
vn -0.208247 0.977599 -0.030564
vn -0.208247 0.977599 -0.030564
vn -0.208247 0.977599 -0.030564
vn -0.168865 0.977599 0.125640
vn -0.168865 0.977599 0.125640
vn -0.168865 0.977599 0.125640
vn -0.030565 0.977599 0.208246
vn -0.030565 0.977599 0.208246
vn -0.030565 0.977599 0.208246
vn 0.125641 0.977599 0.168865
vn 0.125641 0.977599 0.168865
vn 0.125641 0.977599 0.168865
vn 0.208247 0.977599 0.030565
vn 0.208247 0.977599 0.030565
vn 0.208247 0.977599 0.030565
vn 0.961213 0.236995 0.141078
vn 0.899001 0.417596 0.131947
vn 0.899001 0.417596 0.131947
vn 0.961213 0.236995 0.141078
vn 0.728991 0.417597 -0.542389
vn 0.779437 0.236995 -0.579923
vn 0.779437 0.236995 -0.579923
vn 0.728991 0.417597 -0.542389
vn 0.131947 0.417597 -0.899001
vn 0.141078 0.236995 -0.961213
vn 0.141078 0.236995 -0.961213
vn 0.131947 0.417597 -0.899001
vn -0.542389 0.417597 -0.728990
vn -0.579923 0.236995 -0.779438
vn -0.579923 0.236995 -0.779438
vn -0.542389 0.417597 -0.728990
vn -0.899001 0.417598 -0.131947
vn -0.961213 0.236995 -0.141078
vn -0.961213 0.236995 -0.141078
vn -0.899001 0.417598 -0.131947
vn -0.728990 0.417597 0.542389
vn -0.779437 0.236995 0.579923
vn -0.779437 0.236995 0.579923
vn -0.728990 0.417597 0.542389
vn -0.131947 0.417597 0.899001
vn -0.141078 0.236995 0.961213
vn -0.141078 0.236995 0.961213
vn -0.131947 0.417597 0.899001
vn 0.542389 0.417597 0.728990
vn 0.579923 0.236995 0.779438
vn 0.579923 0.236995 0.779438
vn 0.542389 0.417597 0.728990
vn 0.797853 0.105069 -0.593625
vn 0.797853 0.105068 -0.593625
vn 0.144411 0.105068 -0.983924
vn 0.144411 0.105068 -0.983924
vn -0.593625 0.105067 -0.797854
vn -0.593625 0.105067 -0.797854
vn -0.983924 0.105066 -0.144411
vn -0.983924 0.105066 -0.144411
vn -0.797854 0.105066 0.593625
vn -0.797854 0.105066 0.593625
vn -0.144412 0.105067 0.983924
vn -0.144412 0.105067 0.983924
vn 0.593625 0.105067 0.797854
vn 0.593625 0.105067 0.797854
vn 0.983924 0.105069 0.144412
vn 0.983924 0.105069 0.144412
vn -0.206688 0.664229 -0.718387
vn -0.206688 0.664229 -0.718387
vn -0.162033 0.810291 -0.563181
vn -0.162033 0.810291 -0.563181
vn -0.654127 0.664229 -0.361826
vn -0.654126 0.664229 -0.361826
vn -0.512804 0.810291 -0.283655
vn -0.512804 0.810291 -0.283655
vn -0.718387 0.664229 0.206688
vn -0.718387 0.664229 0.206688
vn -0.563181 0.810291 0.162033
vn -0.563181 0.810291 0.162033
vn -0.361826 0.664229 0.654127
vn -0.361826 0.664229 0.654127
vn -0.283654 0.810291 0.512805
vn -0.283654 0.810291 0.512805
vn 0.206688 0.664229 0.718387
vn 0.206688 0.664229 0.718387
vn 0.162033 0.810291 0.563181
vn 0.162033 0.810291 0.563181
vn 0.654127 0.664229 0.361826
vn 0.654127 0.664229 0.361826
vn 0.512804 0.810292 0.283655
vn 0.512804 0.810292 0.283655
vn 0.718387 0.664229 -0.206688
vn 0.718387 0.664229 -0.206688
vn 0.563181 0.810292 -0.162033
vn 0.563181 0.810292 -0.162033
vn 0.361826 0.664229 -0.654127
vn 0.361826 0.664229 -0.654127
vn 0.283654 0.810291 -0.512804
vn 0.283654 0.810291 -0.512804
vn -0.058196 0.977599 -0.202273
vn -0.058196 0.977599 -0.202273
vn -0.058196 0.977599 -0.202273
vn -0.184179 0.977599 -0.101878
vn -0.184179 0.977599 -0.101878
vn -0.184179 0.977599 -0.101878
vn -0.202273 0.977599 0.058197
vn -0.202273 0.977599 0.058197
vn -0.202273 0.977599 0.058197
vn -0.101878 0.977599 0.184180
vn -0.101878 0.977599 0.184180
vn -0.101878 0.977599 0.184180
vn 0.058196 0.977599 0.202273
vn 0.058196 0.977599 0.202273
vn 0.058196 0.977599 0.202273
vn 0.184179 0.977599 0.101878
vn 0.184179 0.977599 0.101878
vn 0.184179 0.977599 0.101877
vn 0.202273 0.977599 -0.058196
vn 0.202273 0.977599 -0.058196
vn 0.202273 0.977599 -0.058196
vn 0.101878 0.977599 -0.184179
vn 0.101878 0.977599 -0.184179
vn 0.101878 0.977599 -0.184179
vn 0.470240 0.236995 -0.850122
vn 0.439805 0.417597 -0.795100
vn 0.439805 0.417597 -0.795100
vn 0.470240 0.236995 -0.850122
vn -0.251232 0.417597 -0.873210
vn -0.268618 0.236995 -0.933637
vn -0.268618 0.236995 -0.933637
vn -0.251232 0.417597 -0.873210
vn -0.795100 0.417597 -0.439805
vn -0.850122 0.236995 -0.470240
vn -0.850122 0.236995 -0.470240
vn -0.795100 0.417597 -0.439805
vn -0.873210 0.417597 0.251232
vn -0.933637 0.236995 0.268618
vn -0.933637 0.236995 0.268618
vn -0.873210 0.417597 0.251232
vn -0.439805 0.417597 0.795100
vn -0.470240 0.236995 0.850122
vn -0.470240 0.236995 0.850122
vn -0.439805 0.417597 0.795100
vn 0.251232 0.417597 0.873210
vn 0.268617 0.236995 0.933637
vn 0.268617 0.236995 0.933637
vn 0.251232 0.417597 0.873210
vn 0.795101 0.417597 0.439805
vn 0.850122 0.236995 0.470240
vn 0.850122 0.236995 0.470240
vn 0.795101 0.417597 0.439805
vn 0.873210 0.417597 -0.251232
vn 0.933637 0.236995 -0.268617
vn 0.933637 0.236995 -0.268617
vn 0.873210 0.417597 -0.251232
vn -0.274964 0.105068 -0.955696
vn -0.274964 0.105068 -0.955696
vn -0.870208 0.105070 -0.481350
vn -0.870208 0.105070 -0.481350
vn -0.955696 0.105069 0.274964
vn -0.955696 0.105069 0.274964
vn -0.481350 0.105068 0.870208
vn -0.481350 0.105068 0.870208
vn 0.274964 0.105068 0.955696
vn 0.274964 0.105068 0.955696
vn 0.870208 0.105068 0.481350
vn 0.870208 0.105068 0.481350
vn 0.955696 0.105068 -0.274964
vn 0.955696 0.105068 -0.274964
vn 0.481350 0.105068 -0.870209
vn 0.481350 0.105068 -0.870208
s off
g ARBUSTOS02:polySurface257
usemtl ARBUSTOS02:aiStandardSurface1SG
f 328/335/534 321/336/535 313/337/536 320/338/537
f 321/336/538 322/339/539 314/340/540 313/337/541
f 322/339/542 323/341/543 315/342/544 314/340/545
f 323/341/546 324/343/547 316/344/548 315/342/549
f 324/343/550 325/345/551 317/346/552 316/344/553
f 325/345/554 326/347/555 318/348/556 317/346/557
f 326/347/558 327/349/559 319/350/560 318/348/561
f 327/349/562 328/335/563 320/338/564 319/350/565
s 1
f 337/351/566 338/352/567 346/353/568 345/354/569
s 2
f 338/352/570 339/355/571 347/356/572 346/353/573
s 3
f 339/355/574 340/357/575 348/358/576 347/356/577
s 4
f 340/357/578 341/359/579 349/360/580 348/358/581
s 5
f 341/359/582 342/361/583 350/362/584 349/360/585
s 6
f 342/361/586 343/363/587 351/364/588 350/362/589
s 7
f 343/363/590 344/365/591 352/366/592 351/364/593
s 8
f 344/365/594 337/351/595 345/354/596 352/366/597
s off
f 345/354/598 346/353/599 353/367/600
f 346/353/601 347/356/602 353/367/603
f 347/356/604 348/358/605 353/367/606
f 348/358/607 349/360/608 353/367/609
f 349/360/610 350/362/611 353/367/612
f 350/362/613 351/364/614 353/367/615
f 351/364/616 352/366/617 353/367/618
f 352/366/619 345/354/620 353/367/621
s 8
f 354/368/622 355/369/623 369/370/624 368/371/625
s 1
f 355/369/626 354/368/627 356/372/628 357/373/629
s 2
f 357/373/630 356/372/631 358/374/632 359/375/633
s 3
f 359/375/634 358/374/635 360/376/636 361/377/637
s 4
f 361/377/638 360/376/639 362/378/640 363/379/641
s 5
f 363/379/642 362/378/643 364/380/644 365/381/645
s 6
f 365/381/646 364/380/647 366/382/648 367/383/649
s 7
f 367/383/650 366/382/651 368/371/652 369/370/653
s 1
f 329/384/654 330/385/655 356/372/628 354/368/627
s 2
f 330/385/656 331/386/657 358/374/632 356/372/631
s 3
f 331/386/658 332/387/659 360/376/636 358/374/635
s 4
f 332/387/660 333/388/661 362/378/640 360/376/639
s 5
f 333/388/662 334/389/663 364/380/644 362/378/643
s 6
f 334/389/664 335/390/665 366/382/648 364/380/647
s 7
f 335/390/666 336/391/667 368/371/652 366/382/651
s 8
f 336/391/668 329/384/669 354/368/622 368/371/625
s 1
f 355/369/626 357/373/629 338/352/567 337/351/566
s 2
f 357/373/630 359/375/633 339/355/571 338/352/570
s 3
f 359/375/634 361/377/637 340/357/575 339/355/574
s 4
f 361/377/638 363/379/641 341/359/579 340/357/578
s 5
f 363/379/642 365/381/645 342/361/583 341/359/582
s 6
f 365/381/646 367/383/649 343/363/587 342/361/586
s 7
f 367/383/650 369/370/653 344/365/591 343/363/590
s 8
f 369/370/624 355/369/623 337/351/595 344/365/594
s 16
f 378/392/670 379/393/671 387/394/672 386/395/673
s 17
f 379/393/674 380/396/675 388/397/676 387/394/677
s 18
f 380/396/678 381/398/679 389/399/680 388/397/681
s 19
f 381/398/682 382/400/683 390/401/684 389/399/685
s 20
f 382/400/686 383/402/687 391/403/688 390/401/689
s 21
f 383/402/690 384/404/691 392/405/692 391/403/693
s 22
f 384/404/694 385/406/695 393/407/696 392/405/697
s 23
f 385/406/698 378/392/699 386/395/700 393/407/701
s off
f 386/395/702 387/394/703 394/408/704
f 387/394/705 388/397/706 394/408/707
f 388/397/708 389/399/709 394/408/710
f 389/399/711 390/401/712 394/408/713
f 390/401/714 391/403/715 394/408/716
f 391/403/717 392/405/718 394/408/719
f 392/405/720 393/407/721 394/408/722
f 393/407/723 386/395/724 394/408/725
s 23
f 395/409/726 396/410/727 410/411/728 409/412/729
s 16
f 396/410/730 395/409/731 397/413/732 398/414/733
s 17
f 398/414/734 397/413/735 399/415/736 400/416/737
s 18
f 400/416/738 399/415/739 401/417/740 402/418/741
s 19
f 402/418/742 401/417/743 403/419/744 404/420/745
s 20
f 404/420/746 403/419/747 405/421/748 406/422/749
s 21
f 406/422/750 405/421/751 407/423/752 408/424/753
s 22
f 408/424/754 407/423/755 409/412/756 410/411/757
s 16
f 370/425/758 371/426/759 397/413/732 395/409/731
s 17
f 371/426/760 372/427/761 399/415/736 397/413/735
s 18
f 372/427/762 373/428/763 401/417/740 399/415/739
s 19
f 373/428/764 374/429/765 403/419/744 401/417/743
s 20
f 374/429/766 375/430/767 405/421/748 403/419/747
s 21
f 375/430/768 376/431/769 407/423/752 405/421/751
s 22
f 376/431/770 377/432/771 409/412/756 407/423/755
s 23
f 377/432/772 370/425/773 395/409/726 409/412/729
s 16
f 396/410/730 398/414/733 379/393/671 378/392/670
s 17
f 398/414/734 400/416/737 380/396/675 379/393/674
s 18
f 400/416/738 402/418/741 381/398/679 380/396/678
s 19
f 402/418/742 404/420/745 382/400/683 381/398/682
s 20
f 404/420/746 406/422/749 383/402/687 382/400/686
s 21
f 406/422/750 408/424/753 384/404/691 383/402/690
s 22
f 408/424/754 410/411/757 385/406/695 384/404/694
s 23
f 410/411/728 396/410/727 378/392/699 385/406/698
g default
v -26.213793 1.733494 10.434554
v -26.762180 1.733494 8.490334
v -28.524720 1.733494 7.503331
v -30.468941 1.733494 8.051718
v -31.455944 1.733494 9.814260
v -30.907556 1.733494 11.758479
v -29.145017 1.733494 12.745482
v -27.200795 1.733494 12.197094
v -25.299686 -0.037264 10.542718
v -26.039326 -0.037264 7.920448
v -28.416555 -0.037264 6.589225
v -31.038827 -0.037264 7.328865
v -32.370049 -0.037264 9.706094
v -31.630411 -0.037264 12.328365
v -29.253181 -0.037264 13.659589
v -26.630909 -0.037264 12.919948
v -28.815050 -0.346538 14.368327
v -25.819950 -0.346538 13.111298
v -24.590948 -0.346538 10.104590
v -25.847977 -0.346538 7.109488
v -28.854685 -0.346538 5.880487
v -31.849785 -0.346538 7.137516
v -33.078787 -0.346538 10.144224
v -31.821760 -0.346538 13.139324
v -28.820574 2.714632 13.185543
v -26.660210 2.714632 12.278849
v -25.773731 2.714632 10.110112
v -26.680425 2.714632 7.949748
v -28.849162 2.714632 7.063269
v -31.009526 2.714632 7.969964
v -31.896005 2.714632 10.138700
v -30.989311 2.714632 12.299065
v -28.827132 3.653074 11.781082
v -27.657951 3.653074 11.290382
v -27.178192 3.653074 10.116671
v -27.668892 3.653074 8.947490
v -28.842604 3.653074 8.467732
v -30.011785 3.653074 8.958431
v -30.491543 3.653074 10.132143
v -30.000844 3.653074 11.301324
v -28.834867 3.982610 10.124407
v -28.815588 0.660881 14.253121
v -28.817945 1.871889 13.748639
v -25.901793 0.660881 13.030216
v -26.260181 1.871890 12.675159
v -24.706152 0.660881 10.105127
v -25.210634 1.871889 10.107483
v -25.929058 0.660881 7.191332
v -26.284115 1.871889 7.549720
v -28.854147 0.660881 5.995691
v -28.851791 1.871889 6.500174
v -31.767943 0.660881 7.218597
v -31.409554 1.871889 7.573654
v -32.963584 0.660881 10.143686
v -32.459101 1.871889 10.141331
v -31.740678 0.660881 13.057481
v -31.385621 1.871889 12.699093
v -24.790167 1.440409 11.623124
v -24.915079 1.440409 8.324125
v -27.336150 1.440409 6.079706
v -30.635150 1.440409 6.204618
v -32.879568 1.440409 8.625690
v -32.754655 1.440409 11.924689
v -30.333586 1.440409 14.169106
v -27.034586 1.440409 14.044194
v -25.917428 4.551690 11.205430
v -26.007526 4.551690 8.825864
v -27.753844 4.551690 7.206966
v -30.133410 4.551690 7.297066
v -31.752308 4.551690 9.043384
v -31.662209 4.551690 11.422949
v -29.915893 4.551690 13.041846
v -27.536325 4.551690 12.951747
v -27.255960 5.505492 10.709453
v -27.304722 5.505492 9.421641
v -28.249822 5.505492 8.545499
v -29.537634 5.505492 8.594261
v -30.413774 5.505492 9.539360
v -30.365014 5.505492 10.827173
v -29.419914 5.505492 11.703314
v -28.132102 5.505492 11.654552
v -28.834868 5.840424 10.124407
v -24.899964 2.464319 11.582439
v -25.380765 3.695152 11.404285
v -25.021486 2.464319 8.372995
v -25.487438 3.695153 8.586997
v -27.376834 2.464319 6.189503
v -27.554990 3.695152 6.670304
v -30.586279 2.464319 6.311026
v -30.372277 3.695152 6.776976
v -32.769771 2.464319 8.666373
v -32.288970 3.695152 8.844529
v -32.648250 2.464319 11.875818
v -32.182299 3.695152 11.661816
v -30.292902 2.464319 14.059310
v -30.114746 3.695152 13.578509
v -27.083456 2.464319 13.937788
v -27.297459 3.695152 13.471837
vt 0.948654 0.170235
vt 0.943863 0.349777
vt 0.851230 0.309250
vt 0.853854 0.205650
vt 0.810650 0.473412
vt 0.774448 0.380702
vt 0.627062 0.468701
vt 0.668514 0.378112
vt 0.500664 0.338423
vt 0.595475 0.303032
vt 0.505476 0.158905
vt 0.598112 0.199438
vt 0.638669 0.035291
vt 0.674876 0.128007
vt 0.822233 0.039979
vt 0.780805 0.130579
vt 0.851230 0.309250
vt 0.774448 0.380702
vt 0.748125 0.317363
vt 0.786815 0.282689
vt 0.668514 0.378112
vt 0.695694 0.315122
vt 0.595475 0.303032
vt 0.660240 0.277284
vt 0.598112 0.199438
vt 0.662527 0.226013
vt 0.674876 0.128007
vt 0.701214 0.191342
vt 0.780805 0.130579
vt 0.753641 0.193579
vt 0.853854 0.205650
vt 0.789097 0.231415
vt 0.724671 0.254353
vt 0.943863 0.349777
vt 0.891447 0.325262
vt 0.893865 0.189153
vt 0.948654 0.170235
vt 0.810650 0.473412
vt 0.791315 0.419827
vt 0.627062 0.468701
vt 0.652140 0.417443
vt 0.500664 0.338423
vt 0.555459 0.319520
vt 0.505476 0.158905
vt 0.557893 0.183427
vt 0.638669 0.035291
vt 0.658009 0.088875
vt 0.822233 0.039979
vt 0.797170 0.091244
vt 0.987128 0.367692
vt 0.828282 0.516000
vt 0.608731 0.511007
vt 0.457113 0.355664
vt 0.462213 0.140985
vt 0.621030 -0.007296
vt 0.840548 -0.002335
vt 0.992198 0.152979
vt 0.731045 0.815879
vt 0.654263 0.888941
vt 0.627940 0.824175
vt 0.666630 0.788719
vt 0.548329 0.886292
vt 0.575509 0.821883
vt 0.475290 0.809521
vt 0.540055 0.783193
vt 0.477927 0.703592
vt 0.542342 0.730767
vt 0.554691 0.630552
vt 0.581029 0.695314
vt 0.660620 0.633182
vt 0.633456 0.697601
vt 0.733668 0.709944
vt 0.668912 0.736290
vt 0.604486 0.759745
vt 0.823678 0.857320
vt 0.771262 0.832252
vt 0.773680 0.693076
vt 0.828469 0.673731
vt 0.690465 0.983740
vt 0.671130 0.928948
vt 0.506877 0.978923
vt 0.531955 0.926511
vt 0.380479 0.845710
vt 0.435274 0.826381
vt 0.385291 0.662146
vt 0.437708 0.687221
vt 0.518484 0.535746
vt 0.537824 0.590538
vt 0.702048 0.540540
vt 0.676985 0.592961
vt 0.866943 0.875638
vt 0.708097 1.017426
vt 0.488546 1.012321
vt 0.336928 0.863339
vt 0.342028 0.643822
vt 0.500845 0.492199
vt 0.720362 0.497273
vt 0.872013 0.656086
vn 0.786510 0.432918 0.440437
vn 0.786510 0.432918 0.440437
vn 0.786510 0.432918 0.440437
vn 0.786510 0.432918 0.440437
vn 0.867582 0.432918 -0.244711
vn 0.867582 0.432918 -0.244711
vn 0.867582 0.432918 -0.244711
vn 0.867582 0.432918 -0.244711
vn 0.440437 0.432918 -0.786510
vn 0.440437 0.432918 -0.786510
vn 0.440437 0.432918 -0.786510
vn 0.440437 0.432918 -0.786510
vn -0.244711 0.432918 -0.867582
vn -0.244711 0.432918 -0.867582
vn -0.244711 0.432918 -0.867582
vn -0.244711 0.432918 -0.867582
vn -0.786510 0.432918 -0.440437
vn -0.786510 0.432918 -0.440437
vn -0.786510 0.432918 -0.440437
vn -0.786510 0.432918 -0.440437
vn -0.867582 0.432918 0.244711
vn -0.867582 0.432918 0.244711
vn -0.867582 0.432918 0.244711
vn -0.867582 0.432918 0.244711
vn -0.440437 0.432918 0.786509
vn -0.440437 0.432918 0.786509
vn -0.440437 0.432918 0.786509
vn -0.440437 0.432918 0.786509
vn 0.244711 0.432918 0.867582
vn 0.244711 0.432918 0.867582
vn 0.244711 0.432918 0.867582
vn 0.244711 0.432918 0.867582
vn 0.289289 0.664229 0.689284
vn 0.289289 0.664229 0.689284
vn 0.226789 0.810291 0.540366
vn 0.226789 0.810291 0.540366
vn 0.691955 0.664229 0.282839
vn 0.691955 0.664229 0.282839
vn 0.542460 0.810291 0.221733
vn 0.542460 0.810291 0.221733
vn 0.689284 0.664229 -0.289289
vn 0.689284 0.664229 -0.289289
vn 0.540366 0.810291 -0.226789
vn 0.540366 0.810291 -0.226789
vn 0.282839 0.664229 -0.691955
vn 0.282839 0.664229 -0.691955
vn 0.221732 0.810291 -0.542460
vn 0.221732 0.810291 -0.542461
vn -0.289289 0.664229 -0.689284
vn -0.289289 0.664229 -0.689284
vn -0.226789 0.810291 -0.540366
vn -0.226789 0.810291 -0.540366
vn -0.691955 0.664229 -0.282839
vn -0.691955 0.664229 -0.282839
vn -0.542461 0.810291 -0.221733
vn -0.542461 0.810291 -0.221733
vn -0.689284 0.664229 0.289289
vn -0.689284 0.664229 0.289289
vn -0.540366 0.810291 0.226789
vn -0.540366 0.810291 0.226789
vn -0.282839 0.664229 0.691956
vn -0.282839 0.664229 0.691955
vn -0.221732 0.810291 0.542461
vn -0.221732 0.810291 0.542461
vn 0.081454 0.977599 0.194078
vn 0.081454 0.977599 0.194078
vn 0.081454 0.977599 0.194078
vn 0.194830 0.977599 0.079638
vn 0.194830 0.977599 0.079638
vn 0.194830 0.977599 0.079638
vn 0.194078 0.977599 -0.081454
vn 0.194078 0.977599 -0.081454
vn 0.194078 0.977599 -0.081454
vn 0.079637 0.977599 -0.194831
vn 0.079637 0.977599 -0.194831
vn 0.079637 0.977599 -0.194831
vn -0.081454 0.977599 -0.194078
vn -0.081454 0.977599 -0.194078
vn -0.081454 0.977599 -0.194078
vn -0.194830 0.977599 -0.079637
vn -0.194830 0.977599 -0.079637
vn -0.194830 0.977599 -0.079637
vn -0.194078 0.977599 0.081453
vn -0.194078 0.977599 0.081453
vn -0.194078 0.977599 0.081453
vn -0.079637 0.977599 0.194830
vn -0.079637 0.977599 0.194830
vn -0.079637 0.977599 0.194830
vn -0.367586 0.236995 0.899285
vn -0.343795 0.417597 0.841082
vn -0.343795 0.417597 0.841082
vn -0.367586 0.236995 0.899285
vn 0.351635 0.417597 0.837834
vn 0.375968 0.236995 0.895813
vn 0.375968 0.236995 0.895813
vn 0.351635 0.417597 0.837834
vn 0.841081 0.417597 0.343795
vn 0.899285 0.236995 0.367586
vn 0.899285 0.236995 0.367586
vn 0.841081 0.417597 0.343795
vn 0.837834 0.417597 -0.351635
vn 0.895813 0.236994 -0.375968
vn 0.895813 0.236994 -0.375968
vn 0.837834 0.417597 -0.351635
vn 0.343795 0.417597 -0.841081
vn 0.367586 0.236995 -0.899285
vn 0.367586 0.236995 -0.899285
vn 0.343795 0.417597 -0.841081
vn -0.351635 0.417597 -0.837834
vn -0.375968 0.236995 -0.895813
vn -0.375968 0.236995 -0.895813
vn -0.351635 0.417597 -0.837834
vn -0.841081 0.417597 -0.343795
vn -0.899285 0.236995 -0.367586
vn -0.899285 0.236995 -0.367586
vn -0.841081 0.417597 -0.343795
vn -0.837834 0.417597 0.351635
vn -0.895813 0.236995 0.375968
vn -0.895813 0.236995 0.375968
vn -0.837834 0.417597 0.351635
vn 0.384852 0.105068 0.916979
vn 0.384852 0.105068 0.916979
vn 0.920533 0.105068 0.376271
vn 0.920533 0.105068 0.376271
vn 0.916979 0.105067 -0.384851
vn 0.916979 0.105067 -0.384852
vn 0.376271 0.105068 -0.920533
vn 0.376271 0.105068 -0.920533
vn -0.384852 0.105067 -0.916979
vn -0.384852 0.105067 -0.916979
vn -0.920533 0.105066 -0.376271
vn -0.920533 0.105066 -0.376271
vn -0.916979 0.105067 0.384852
vn -0.916979 0.105067 0.384852
vn -0.376271 0.105068 0.920533
vn -0.376271 0.105068 0.920533
vn 0.746994 0.664229 -0.028284
vn 0.746994 0.664229 -0.028284
vn 0.585607 0.810292 -0.022173
vn 0.585607 0.810292 -0.022173
vn 0.508205 0.664229 -0.548204
vn 0.508205 0.664229 -0.548204
vn 0.398408 0.810291 -0.429766
vn 0.398408 0.810291 -0.429766
vn -0.028284 0.664229 -0.746994
vn -0.028284 0.664229 -0.746994
vn -0.022173 0.810291 -0.585608
vn -0.022173 0.810291 -0.585608
vn -0.548204 0.664229 -0.508205
vn -0.548204 0.664229 -0.508205
vn -0.429766 0.810291 -0.398408
vn -0.429766 0.810291 -0.398408
vn -0.746994 0.664229 0.028284
vn -0.746994 0.664229 0.028284
vn -0.585608 0.810291 0.022173
vn -0.585608 0.810291 0.022173
vn -0.508205 0.664229 0.548204
vn -0.508205 0.664229 0.548204
vn -0.398408 0.810291 0.429766
vn -0.398408 0.810291 0.429766
vn 0.028284 0.664229 0.746994
vn 0.028284 0.664229 0.746994
vn 0.022173 0.810291 0.585608
vn 0.022173 0.810291 0.585608
vn 0.548204 0.664229 0.508205
vn 0.548204 0.664229 0.508205
vn 0.429766 0.810291 0.398408
vn 0.429766 0.810291 0.398408
vn 0.210327 0.977599 -0.007963
vn 0.210327 0.977599 -0.007963
vn 0.210327 0.977599 -0.007963
vn 0.143093 0.977599 -0.154355
vn 0.143093 0.977599 -0.154355
vn 0.143093 0.977599 -0.154355
vn -0.007964 0.977599 -0.210328
vn -0.007964 0.977599 -0.210328
vn -0.007964 0.977599 -0.210328
vn -0.154355 0.977599 -0.143093
vn -0.154355 0.977599 -0.143093
vn -0.154355 0.977599 -0.143093
vn -0.210328 0.977599 0.007964
vn -0.210328 0.977599 0.007964
vn -0.210328 0.977599 0.007964
vn -0.143093 0.977599 0.154354
vn -0.143093 0.977599 0.154354
vn -0.143093 0.977599 0.154354
vn 0.007964 0.977599 0.210327
vn 0.007964 0.977599 0.210327
vn 0.007964 0.977599 0.210327
vn 0.154355 0.977599 0.143093
vn 0.154355 0.977599 0.143093
vn 0.154355 0.977599 0.143093
vn 0.712462 0.236995 0.660478
vn 0.666350 0.417597 0.617730
vn 0.666350 0.417597 0.617730
vn 0.712462 0.236995 0.660478
vn 0.907982 0.417596 -0.034380
vn 0.970815 0.236995 -0.036759
vn 0.970815 0.236995 -0.036759
vn 0.907982 0.417596 -0.034380
vn 0.617730 0.417597 -0.666350
vn 0.660478 0.236995 -0.712462
vn 0.660478 0.236995 -0.712462
vn 0.617730 0.417597 -0.666350
vn -0.034380 0.417597 -0.907982
vn -0.036759 0.236995 -0.970815
vn -0.036759 0.236995 -0.970815
vn -0.034380 0.417597 -0.907982
vn -0.666350 0.417597 -0.617730
vn -0.712462 0.236995 -0.660478
vn -0.712462 0.236995 -0.660478
vn -0.666350 0.417597 -0.617730
vn -0.907982 0.417597 0.034379
vn -0.970815 0.236995 0.036758
vn -0.970815 0.236995 0.036758
vn -0.907982 0.417597 0.034379
vn -0.617730 0.417597 0.666350
vn -0.660478 0.236995 0.712462
vn -0.660478 0.236995 0.712462
vn -0.617730 0.417597 0.666350
vn 0.034379 0.417597 0.907982
vn 0.036759 0.236995 0.970815
vn 0.036759 0.236995 0.970815
vn 0.034379 0.417597 0.907982
vn 0.993753 0.105069 -0.037627
vn 0.993753 0.105069 -0.037627
vn 0.676083 0.105068 -0.729296
vn 0.676083 0.105068 -0.729296
vn -0.037627 0.105069 -0.993753
vn -0.037627 0.105069 -0.993753
vn -0.729296 0.105068 -0.676083
vn -0.729296 0.105068 -0.676083
vn -0.993753 0.105068 0.037627
vn -0.993753 0.105068 0.037627
vn -0.676083 0.105067 0.729296
vn -0.676083 0.105067 0.729296
vn 0.037627 0.105068 0.993753
vn 0.037627 0.105068 0.993753
vn 0.729296 0.105069 0.676083
vn 0.729296 0.105069 0.676083
s off
g ARBUSTOS02:polySurface256
usemtl ARBUSTOS02:aiStandardSurface1SG
f 426/433/774 419/434/775 411/435/776 418/436/777
f 419/434/778 420/437/779 412/438/780 411/435/781
f 420/437/782 421/439/783 413/440/784 412/438/785
f 421/439/786 422/441/787 414/442/788 413/440/789
f 422/441/790 423/443/791 415/444/792 414/442/793
f 423/443/794 424/445/795 416/446/796 415/444/797
f 424/445/798 425/447/799 417/448/800 416/446/801
f 425/447/802 426/433/803 418/436/804 417/448/805
s 1
f 435/449/806 436/450/807 444/451/808 443/452/809
s 2
f 436/450/810 437/453/811 445/454/812 444/451/813
s 3
f 437/453/814 438/455/815 446/456/816 445/454/817
s 4
f 438/455/818 439/457/819 447/458/820 446/456/821
s 5
f 439/457/822 440/459/823 448/460/824 447/458/825
s 6
f 440/459/826 441/461/827 449/462/828 448/460/829
s 7
f 441/461/830 442/463/831 450/464/832 449/462/833
s 8
f 442/463/834 435/449/835 443/452/836 450/464/837
s off
f 443/452/838 444/451/839 451/465/840
f 444/451/841 445/454/842 451/465/843
f 445/454/844 446/456/845 451/465/846
f 446/456/847 447/458/848 451/465/849
f 447/458/850 448/460/851 451/465/852
f 448/460/853 449/462/854 451/465/855
f 449/462/856 450/464/857 451/465/858
f 450/464/859 443/452/860 451/465/861
s 8
f 452/466/862 453/467/863 467/468/864 466/469/865
s 1
f 453/467/866 452/466/867 454/470/868 455/471/869
s 2
f 455/471/870 454/470/871 456/472/872 457/473/873
s 3
f 457/473/874 456/472/875 458/474/876 459/475/877
s 4
f 459/475/878 458/474/879 460/476/880 461/477/881
s 5
f 461/477/882 460/476/883 462/478/884 463/479/885
s 6
f 463/479/886 462/478/887 464/480/888 465/481/889
s 7
f 465/481/890 464/480/891 466/469/892 467/468/893
s 1
f 427/482/894 428/483/895 454/470/868 452/466/867
s 2
f 428/483/896 429/484/897 456/472/872 454/470/871
s 3
f 429/484/898 430/485/899 458/474/876 456/472/875
s 4
f 430/485/900 431/486/901 460/476/880 458/474/879
s 5
f 431/486/902 432/487/903 462/478/884 460/476/883
s 6
f 432/487/904 433/488/905 464/480/888 462/478/887
s 7
f 433/488/906 434/489/907 466/469/892 464/480/891
s 8
f 434/489/908 427/482/909 452/466/862 466/469/865
s 1
f 453/467/866 455/471/869 436/450/807 435/449/806
s 2
f 455/471/870 457/473/873 437/453/811 436/450/810
s 3
f 457/473/874 459/475/877 438/455/815 437/453/814
s 4
f 459/475/878 461/477/881 439/457/819 438/455/818
s 5
f 461/477/882 463/479/885 440/459/823 439/457/822
s 6
f 463/479/886 465/481/889 441/461/827 440/459/826
s 7
f 465/481/890 467/468/893 442/463/831 441/461/830
s 8
f 467/468/864 453/467/863 435/449/835 442/463/834
s 16
f 476/490/910 477/491/911 485/492/912 484/493/913
s 17
f 477/491/914 478/494/915 486/495/916 485/492/917
s 18
f 478/494/918 479/496/919 487/497/920 486/495/921
s 19
f 479/496/922 480/498/923 488/499/924 487/497/925
s 20
f 480/498/926 481/500/927 489/501/928 488/499/929
s 21
f 481/500/930 482/502/931 490/503/932 489/501/933
s 22
f 482/502/934 483/504/935 491/505/936 490/503/937
s 23
f 483/504/938 476/490/939 484/493/940 491/505/941
s off
f 484/493/942 485/492/943 492/506/944
f 485/492/945 486/495/946 492/506/947
f 486/495/948 487/497/949 492/506/950
f 487/497/951 488/499/952 492/506/953
f 488/499/954 489/501/955 492/506/956
f 489/501/957 490/503/958 492/506/959
f 490/503/960 491/505/961 492/506/962
f 491/505/963 484/493/964 492/506/965
s 23
f 493/507/966 494/508/967 508/509/968 507/510/969
s 16
f 494/508/970 493/507/971 495/511/972 496/512/973
s 17
f 496/512/974 495/511/975 497/513/976 498/514/977
s 18
f 498/514/978 497/513/979 499/515/980 500/516/981
s 19
f 500/516/982 499/515/983 501/517/984 502/518/985
s 20
f 502/518/986 501/517/987 503/519/988 504/520/989
s 21
f 504/520/990 503/519/991 505/521/992 506/522/993
s 22
f 506/522/994 505/521/995 507/510/996 508/509/997
s 16
f 468/523/998 469/524/999 495/511/972 493/507/971
s 17
f 469/524/1000 470/525/1001 497/513/976 495/511/975
s 18
f 470/525/1002 471/526/1003 499/515/980 497/513/979
s 19
f 471/526/1004 472/527/1005 501/517/984 499/515/983
s 20
f 472/527/1006 473/528/1007 503/519/988 501/517/987
s 21
f 473/528/1008 474/529/1009 505/521/992 503/519/991
s 22
f 474/529/1010 475/530/1011 507/510/996 505/521/995
s 23
f 475/530/1012 468/523/1013 493/507/966 507/510/969
s 16
f 494/508/970 496/512/973 477/491/911 476/490/910
s 17
f 496/512/974 498/514/977 478/494/915 477/491/914
s 18
f 498/514/978 500/516/981 479/496/919 478/494/918
s 19
f 500/516/982 502/518/985 480/498/923 479/496/922
s 20
f 502/518/986 504/520/989 481/500/927 480/498/926
s 21
f 504/520/990 506/522/993 482/502/931 481/500/930
s 22
f 506/522/994 508/509/997 483/504/935 482/502/934
s 23
f 508/509/968 494/508/967 476/490/939 483/504/938
g default
v -42.418029 11.386825 3.675370
v -47.264861 10.834446 3.837433
v -50.221003 10.549740 -0.403110
v -47.986829 11.006610 -4.757805
v -43.240148 10.085218 2.388575
v -46.268161 9.728404 2.308366
v -48.325041 9.505637 -0.483965
v -46.991646 9.788067 -3.294459
v -44.109138 9.064333 1.039526
v -45.441241 8.879971 0.846319
v -46.434414 8.781910 -0.564202
v -45.997062 8.906863 -1.820364
v -45.030695 8.578324 -0.370067
vt 1.018876 0.279029
vt 0.905512 0.277594
vt 0.863715 0.513130
vt 0.807966 0.420510
vt 0.569036 0.503582
vt 0.626647 0.412391
vt 0.429506 0.259929
vt 0.542870 0.261355
vt 0.807235 0.274822
vt 0.761050 0.339456
vt 0.678007 0.334106
vt 0.641147 0.264122
vt 0.724191 0.269472
vn 0.093792 -0.753819 0.650354
vn -0.200336 -0.835537 0.511608
vn -0.179603 -0.847706 0.499137
vn 0.089012 -0.769825 0.632018
vn -0.479621 -0.877170 0.023167
vn -0.454019 -0.890047 0.041033
vn -0.482099 -0.813995 -0.324026
vn -0.460814 -0.831641 -0.309878
vn -0.149721 -0.901977 0.404995
vn 0.070904 -0.844846 0.530291
vn -0.343787 -0.937424 0.055196
vn -0.352907 -0.903515 -0.243141
vn -0.084076 -0.989286 0.119348
s 1
g polySurface151 all1 polySurface174
usemtl aiStandardSurface1SG
f 509/531/1014 510/533/1015 514/534/1016 513/532/1017
f 510/533/1015 511/535/1018 515/536/1019 514/534/1016
f 511/535/1018 512/537/1020 516/538/1021 515/536/1019
f 513/532/1017 514/534/1016 518/540/1022 517/539/1023
f 514/534/1016 515/536/1019 519/541/1024 518/540/1022
f 515/536/1019 516/538/1021 520/542/1025 519/541/1024
f 517/539/1023 518/540/1022 521/543/1026
f 518/540/1022 519/541/1024 521/543/1026
f 519/541/1024 520/542/1025 521/543/1026
g default
v -42.440503 11.386827 3.662261
v -38.351345 10.834442 -2.085367
v -41.033676 10.549730 -6.506991
v -48.024485 11.006586 -4.760874
v -43.314820 10.085222 2.409986
v -40.976622 9.728399 -1.219090
v -42.653902 9.505626 -4.262466
v -47.078432 9.788045 -3.265036
v -44.225106 9.064340 1.088247
v -43.385206 8.879974 -0.541383
v -44.269490 8.781904 -2.023915
v -46.119295 8.906885 -1.767499
v -45.166064 8.578336 -0.308515
vt 1.018876 0.279029
vt 0.905512 0.277594
vt 0.863715 0.513130
vt 0.807966 0.420510
vt 0.569036 0.503582
vt 0.626647 0.412391
vt 0.429506 0.259929
vt 0.542870 0.261355
vt 0.807235 0.274822
vt 0.761050 0.339456
vt 0.678007 0.334106
vt 0.641147 0.264122
vt 0.724191 0.269472
vn 0.486402 -0.772461 0.408310
vn 0.469306 -0.791430 0.391651
vn 0.426667 -0.893404 0.140658
vn 0.420374 -0.906046 0.048648
vn 0.082162 -0.933368 -0.349391
vn 0.151205 -0.935603 -0.319035
vn -0.171740 -0.846711 -0.503574
vn -0.181568 -0.826571 -0.532741
vn 0.388248 -0.863218 0.322673
vn 0.345296 -0.930888 0.119242
vn 0.068940 -0.964255 -0.255851
vn -0.135058 -0.913656 -0.383396
vn 0.085103 -0.996367 0.003276
s 1
g polySurface151 all1 polySurface173
usemtl aiStandardSurface1SG
f 522/544/1027 526/545/1028 527/547/1029 523/546/1030
f 523/546/1030 527/547/1029 528/549/1031 524/548/1032
f 524/548/1032 528/549/1031 529/551/1033 525/550/1034
f 526/545/1028 530/552/1035 531/553/1036 527/547/1029
f 527/547/1029 531/553/1036 532/554/1037 528/549/1031
f 528/549/1031 532/554/1037 533/555/1038 529/551/1033
f 530/552/1035 534/556/1039 531/553/1036
f 531/553/1036 534/556/1039 532/554/1037
f 532/554/1037 534/556/1039 533/555/1038
g default
v -48.841335 10.428210 -1.143450
v -46.614286 7.772007 -0.396751
v -43.226609 8.384362 1.437787
v -42.194741 11.974427 2.360350
v -48.216728 10.723497 0.374084
v -46.703261 9.002427 0.893262
v -44.486398 9.335936 2.126819
v -43.843612 11.693832 2.743045
v -47.539525 11.028341 1.682173
v -46.756501 10.143064 1.961726
v -45.661575 10.339932 2.569710
v -45.362116 11.510183 2.876478
v -46.635014 11.300503 2.589666
vt 1.018876 0.279029
vt 0.905512 0.277594
vt 0.863715 0.513130
vt 0.807966 0.420510
vt 0.569036 0.503582
vt 0.626647 0.412391
vt 0.429506 0.259929
vt 0.542870 0.261355
vt 0.807235 0.274822
vt 0.761050 0.339456
vt 0.678007 0.334106
vt 0.641147 0.264122
vt 0.724191 0.269472
vn -0.745820 -0.515209 0.422270
vn -0.500435 -0.656328 0.564623
vn -0.501251 -0.643051 0.578994
vn -0.740552 -0.508598 0.439216
vn 0.006779 -0.564094 0.825683
vn -0.008447 -0.542508 0.840008
vn 0.264697 -0.310703 0.912907
vn 0.228089 -0.303799 0.925031
vn -0.511882 -0.568449 0.644083
vn -0.713405 -0.468167 0.521414
vn -0.111820 -0.468827 0.876183
vn 0.076751 -0.271813 0.959285
vn -0.402417 -0.320804 0.857406
s 1
g polySurface151 all1 polySurface171
usemtl aiStandardSurface1SG
f 535/557/1040 536/559/1041 540/560/1042 539/558/1043
f 536/559/1041 537/561/1044 541/562/1045 540/560/1042
f 537/561/1044 538/563/1046 542/564/1047 541/562/1045
f 539/558/1043 540/560/1042 544/566/1048 543/565/1049
f 540/560/1042 541/562/1045 545/567/1050 544/566/1048
f 541/562/1045 542/564/1047 546/568/1051 545/567/1050
f 543/565/1049 544/566/1048 547/569/1052
f 544/566/1048 545/567/1050 547/569/1052
f 545/567/1050 546/568/1051 547/569/1052
g default
v -49.359663 10.577868 -5.197366
v -48.711417 7.921664 -2.939694
v -48.300763 8.534018 0.890874
v -48.475274 12.124083 2.263980
v -50.255178 10.873154 -3.822194
v -49.824303 9.152085 -2.281261
v -49.582797 9.485593 0.244174
v -49.725709 11.843488 1.123084
v -50.948367 11.177998 -2.522505
v -50.734459 10.292721 -1.719063
v -50.614124 10.489589 -0.472458
v -50.696913 11.659840 -0.051829
v -51.182704 11.450160 -1.262835
vt 1.018876 0.279029
vt 0.905512 0.277594
vt 0.863715 0.513130
vt 0.807966 0.420510
vt 0.569036 0.503582
vt 0.626647 0.412391
vt 0.429506 0.259929
vt 0.542870 0.261355
vt 0.807235 0.274822
vt 0.761050 0.339456
vt 0.678007 0.334106
vt 0.641147 0.264122
vt 0.724191 0.269472
vn -0.770808 -0.515209 -0.374720
vn -0.748860 -0.656327 -0.091884
vn -0.761158 -0.643051 -0.084404
vn -0.781776 -0.508598 -0.360770
vn -0.676165 -0.564094 0.473919
vn -0.696598 -0.542508 0.469505
vn -0.601706 -0.310703 0.735808
vn -0.632455 -0.303799 0.712536
vn -0.820794 -0.568449 -0.056241
vn -0.834073 -0.468167 -0.291789
vn -0.785025 -0.468828 0.404889
vn -0.746506 -0.271813 0.607327
vn -0.934392 -0.320804 0.154911
s 1
g polySurface151 all1 polySurface170
usemtl aiStandardSurface1SG
f 548/570/1053 549/572/1054 553/573/1055 552/571/1056
f 549/572/1054 550/574/1057 554/575/1058 553/573/1055
f 550/574/1057 551/576/1059 555/577/1060 554/575/1058
f 552/571/1056 553/573/1055 557/579/1061 556/578/1062
f 553/573/1055 554/575/1058 558/580/1063 557/579/1061
f 554/575/1058 555/577/1060 559/581/1064 558/580/1063
f 556/578/1062 557/579/1061 560/582/1065
f 557/579/1061 558/580/1063 560/582/1065
f 558/580/1063 559/581/1064 560/582/1065
g default
v -38.850441 0.955569 9.283349
v -39.148768 0.955569 8.225678
v -40.107603 0.955569 7.688740
v -41.165274 0.955569 7.987067
v -41.702212 0.955569 8.945904
v -41.403884 0.955569 10.003574
v -40.445049 0.955569 10.540511
v -39.387378 0.955569 10.242184
v -38.353160 -0.007737 9.342191
v -38.755529 -0.007737 7.915655
v -40.048761 -0.007737 7.191460
v -41.475297 -0.007737 7.593830
v -42.199492 -0.007737 8.887061
v -41.797123 -0.007737 10.313597
v -40.503892 -0.007737 11.037792
v -39.077355 -0.007737 10.635422
v -40.265545 -0.175985 11.423351
v -38.636187 -0.175985 10.739518
v -37.967601 -0.175985 9.103846
v -38.651434 -0.175985 7.474487
v -40.287106 -0.175985 6.805901
v -41.916464 -0.175985 7.489734
v -42.585051 -0.175985 9.125407
v -41.901218 -0.175985 10.754764
v -40.268550 1.489315 10.779908
v -39.093295 1.489315 10.286660
v -38.611044 1.489315 9.106850
v -39.104292 1.489315 7.931595
v -40.284102 1.489315 7.449344
v -41.459357 1.489315 7.942593
v -41.941608 1.489315 9.122402
v -41.448360 1.489315 10.297657
v -40.272118 1.999835 10.015870
v -39.636074 1.999835 9.748926
v -39.375081 1.999835 9.110418
v -39.642026 1.999835 8.474374
v -40.280534 1.999835 8.213382
v -40.916578 1.999835 8.480326
v -41.177570 1.999835 9.118834
v -40.910626 1.999835 9.754878
v -40.276326 2.179105 9.114626
v -40.265837 0.372059 11.360679
v -40.267119 1.030857 11.086237
v -38.680711 0.372059 10.695409
v -38.875677 1.030857 10.502255
v -38.030272 0.372059 9.104138
v -38.304715 1.030857 9.105419
v -38.695543 0.372059 7.519011
v -38.888696 1.030857 7.713977
v -40.286814 0.372059 6.868573
v -40.285532 1.030857 7.143015
v -41.871941 0.372059 7.533843
v -41.676975 1.030857 7.726997
v -42.522379 0.372059 9.125114
v -42.247937 1.030857 9.123833
v -41.857109 0.372059 10.710241
v -41.663955 1.030857 10.515276
v -38.075977 0.796128 9.929940
v -38.143930 0.796128 8.135259
v -39.461012 0.796128 6.914277
v -41.255693 0.796128 6.982231
v -42.476674 0.796128 8.299313
v -42.408721 0.796128 10.093993
v -41.091640 0.796128 11.314974
v -39.296959 0.796128 11.247021
v -38.689216 2.488689 9.702711
v -38.738230 2.488689 8.408209
v -39.688241 2.488689 7.527516
v -40.982743 2.488689 7.576531
v -41.863436 2.488689 8.526541
v -41.814421 2.488689 9.821043
v -40.864412 2.488689 10.701736
v -39.569909 2.488689 10.652721
v -39.417388 3.007565 9.432896
v -39.443915 3.007565 8.732316
v -39.958056 3.007565 8.255688
v -40.658636 3.007565 8.282215
v -41.135263 3.007565 8.796356
v -41.108737 3.007565 9.496936
v -40.594596 3.007565 9.973564
v -39.894016 3.007565 9.947037
v -40.276326 3.189770 9.114626
v -38.135708 1.353143 9.907807
v -38.397267 2.022726 9.810890
v -38.201817 1.353143 8.161844
v -38.455298 2.022726 8.278264
v -39.483144 1.353143 6.974008
v -39.580062 2.022726 7.235567
v -41.229107 1.353143 7.040117
v -41.112688 2.022726 7.293598
v -42.416944 1.353143 8.321445
v -42.155384 2.022726 8.418363
v -42.350835 1.353143 10.067407
v -42.097354 2.022726 9.950989
v -41.069508 1.353143 11.255244
v -40.972590 2.022726 10.993684
v -39.323544 1.353143 11.189135
v -39.439963 2.022726 10.935654
vt 0.948654 0.170235
vt 0.943863 0.349777
vt 0.851230 0.309250
vt 0.853854 0.205650
vt 0.810650 0.473412
vt 0.774448 0.380702
vt 0.627062 0.468701
vt 0.668514 0.378112
vt 0.500664 0.338423
vt 0.595475 0.303032
vt 0.505476 0.158905
vt 0.598112 0.199438
vt 0.638669 0.035291
vt 0.674876 0.128007
vt 0.822233 0.039979
vt 0.780805 0.130579
vt 0.851230 0.309250
vt 0.774448 0.380702
vt 0.748125 0.317363
vt 0.786815 0.282689
vt 0.668514 0.378112
vt 0.695694 0.315122
vt 0.595475 0.303032
vt 0.660240 0.277284
vt 0.598112 0.199438
vt 0.662527 0.226013
vt 0.674876 0.128007
vt 0.701214 0.191342
vt 0.780805 0.130579
vt 0.753641 0.193579
vt 0.853854 0.205650
vt 0.789097 0.231415
vt 0.724671 0.254353
vt 0.943863 0.349777
vt 0.891447 0.325262
vt 0.893865 0.189153
vt 0.948654 0.170235
vt 0.810650 0.473412
vt 0.791315 0.419827
vt 0.627062 0.468701
vt 0.652140 0.417443
vt 0.500664 0.338423
vt 0.555459 0.319520
vt 0.505476 0.158905
vt 0.557893 0.183427
vt 0.638669 0.035291
vt 0.658009 0.088875
vt 0.822233 0.039979
vt 0.797170 0.091244
vt 0.987128 0.367692
vt 0.828282 0.516000
vt 0.608731 0.511007
vt 0.457113 0.355664
vt 0.462213 0.140985
vt 0.621030 -0.007296
vt 0.840548 -0.002335
vt 0.992198 0.152979
vt 0.731045 0.815879
vt 0.654263 0.888941
vt 0.627940 0.824175
vt 0.666630 0.788719
vt 0.548329 0.886292
vt 0.575509 0.821883
vt 0.475290 0.809521
vt 0.540055 0.783193
vt 0.477927 0.703592
vt 0.542342 0.730767
vt 0.554691 0.630552
vt 0.581029 0.695314
vt 0.660620 0.633182
vt 0.633456 0.697601
vt 0.733668 0.709944
vt 0.668912 0.736290
vt 0.604486 0.759745
vt 0.823678 0.857320
vt 0.771262 0.832252
vt 0.773680 0.693076
vt 0.828469 0.673731
vt 0.690465 0.983740
vt 0.671130 0.928948
vt 0.506877 0.978923
vt 0.531955 0.926511
vt 0.380479 0.845710
vt 0.435274 0.826381
vt 0.385291 0.662146
vt 0.437708 0.687221
vt 0.518484 0.535746
vt 0.537824 0.590538
vt 0.702048 0.540540
vt 0.676985 0.592961
vt 0.866943 0.875638
vt 0.708097 1.017426
vt 0.488546 1.012321
vt 0.336928 0.863339
vt 0.342028 0.643822
vt 0.500845 0.492199
vt 0.720362 0.497273
vt 0.872013 0.656086
vn 0.786510 0.432918 0.440437
vn 0.786510 0.432918 0.440437
vn 0.786510 0.432918 0.440437
vn 0.786509 0.432918 0.440437
vn 0.867582 0.432918 -0.244711
vn 0.867582 0.432918 -0.244711
vn 0.867582 0.432918 -0.244711
vn 0.867582 0.432918 -0.244711
vn 0.440437 0.432918 -0.786510
vn 0.440437 0.432918 -0.786510
vn 0.440437 0.432918 -0.786510
vn 0.440437 0.432918 -0.786510
vn -0.244711 0.432918 -0.867582
vn -0.244711 0.432918 -0.867582
vn -0.244711 0.432918 -0.867582
vn -0.244711 0.432918 -0.867582
vn -0.786510 0.432918 -0.440437
vn -0.786510 0.432918 -0.440437
vn -0.786510 0.432918 -0.440437
vn -0.786510 0.432918 -0.440437
vn -0.867582 0.432918 0.244711
vn -0.867582 0.432918 0.244711
vn -0.867582 0.432918 0.244711
vn -0.867582 0.432918 0.244711
vn -0.440437 0.432918 0.786509
vn -0.440437 0.432918 0.786509
vn -0.440437 0.432918 0.786509
vn -0.440437 0.432918 0.786509
vn 0.244711 0.432918 0.867582
vn 0.244711 0.432918 0.867582
vn 0.244711 0.432918 0.867582
vn 0.244711 0.432918 0.867582
vn 0.289289 0.664229 0.689284
vn 0.289289 0.664229 0.689284
vn 0.226789 0.810291 0.540366
vn 0.226789 0.810291 0.540366
vn 0.691955 0.664229 0.282839
vn 0.691955 0.664229 0.282839
vn 0.542460 0.810291 0.221733
vn 0.542460 0.810291 0.221733
vn 0.689284 0.664229 -0.289289
vn 0.689284 0.664229 -0.289289
vn 0.540366 0.810291 -0.226789
vn 0.540366 0.810291 -0.226789
vn 0.282839 0.664229 -0.691955
vn 0.282839 0.664229 -0.691955
vn 0.221732 0.810291 -0.542460
vn 0.221732 0.810291 -0.542461
vn -0.289289 0.664229 -0.689284
vn -0.289289 0.664229 -0.689284
vn -0.226789 0.810291 -0.540366
vn -0.226789 0.810291 -0.540366
vn -0.691955 0.664229 -0.282839
vn -0.691955 0.664229 -0.282839
vn -0.542461 0.810291 -0.221733
vn -0.542461 0.810291 -0.221733
vn -0.689284 0.664229 0.289289
vn -0.689284 0.664229 0.289289
vn -0.540366 0.810291 0.226789
vn -0.540366 0.810291 0.226789
vn -0.282839 0.664229 0.691956
vn -0.282839 0.664229 0.691955
vn -0.221732 0.810291 0.542461
vn -0.221732 0.810291 0.542461
vn 0.081454 0.977599 0.194078
vn 0.081454 0.977599 0.194078
vn 0.081454 0.977599 0.194078
vn 0.194830 0.977599 0.079638
vn 0.194830 0.977599 0.079638
vn 0.194830 0.977599 0.079638
vn 0.194078 0.977599 -0.081454
vn 0.194078 0.977599 -0.081454
vn 0.194078 0.977599 -0.081454
vn 0.079637 0.977599 -0.194831
vn 0.079637 0.977599 -0.194831
vn 0.079637 0.977599 -0.194831
vn -0.081454 0.977599 -0.194078
vn -0.081454 0.977599 -0.194078
vn -0.081454 0.977599 -0.194078
vn -0.194830 0.977599 -0.079637
vn -0.194830 0.977599 -0.079637
vn -0.194830 0.977599 -0.079637
vn -0.194078 0.977599 0.081453
vn -0.194078 0.977599 0.081453
vn -0.194078 0.977599 0.081453
vn -0.079637 0.977599 0.194830
vn -0.079637 0.977599 0.194830
vn -0.079637 0.977599 0.194830
vn -0.367586 0.236995 0.899285
vn -0.343795 0.417597 0.841082
vn -0.343795 0.417597 0.841082
vn -0.367586 0.236995 0.899285
vn 0.351635 0.417597 0.837834
vn 0.375968 0.236995 0.895813
vn 0.375968 0.236995 0.895813
vn 0.351635 0.417597 0.837834
vn 0.841081 0.417597 0.343795
vn 0.899285 0.236995 0.367586
vn 0.899285 0.236995 0.367586
vn 0.841081 0.417597 0.343795
vn 0.837834 0.417597 -0.351635
vn 0.895813 0.236994 -0.375968
vn 0.895813 0.236994 -0.375968
vn 0.837834 0.417597 -0.351635
vn 0.343795 0.417597 -0.841081
vn 0.367586 0.236995 -0.899285
vn 0.367586 0.236995 -0.899285
vn 0.343795 0.417597 -0.841081
vn -0.351635 0.417597 -0.837834
vn -0.375968 0.236995 -0.895813
vn -0.375968 0.236995 -0.895813
vn -0.351635 0.417597 -0.837834
vn -0.841081 0.417597 -0.343795
vn -0.899285 0.236995 -0.367586
vn -0.899285 0.236995 -0.367586
vn -0.841081 0.417597 -0.343795
vn -0.837834 0.417597 0.351635
vn -0.895813 0.236995 0.375968
vn -0.895813 0.236995 0.375968
vn -0.837834 0.417597 0.351635
vn 0.384852 0.105068 0.916979
vn 0.384852 0.105068 0.916979
vn 0.920533 0.105068 0.376271
vn 0.920533 0.105068 0.376271
vn 0.916979 0.105067 -0.384851
vn 0.916979 0.105067 -0.384851
vn 0.376271 0.105068 -0.920533
vn 0.376271 0.105068 -0.920533
vn -0.384852 0.105067 -0.916979
vn -0.384852 0.105067 -0.916979
vn -0.920533 0.105066 -0.376271
vn -0.920533 0.105066 -0.376271
vn -0.916979 0.105067 0.384852
vn -0.916979 0.105067 0.384852
vn -0.376271 0.105068 0.920533
vn -0.376271 0.105068 0.920533
vn 0.746994 0.664229 -0.028284
vn 0.746994 0.664229 -0.028284
vn 0.585607 0.810292 -0.022173
vn 0.585607 0.810292 -0.022173
vn 0.508205 0.664229 -0.548204
vn 0.508205 0.664229 -0.548204
vn 0.398408 0.810291 -0.429766
vn 0.398408 0.810291 -0.429766
vn -0.028284 0.664229 -0.746994
vn -0.028284 0.664229 -0.746994
vn -0.022173 0.810291 -0.585608
vn -0.022173 0.810291 -0.585608
vn -0.548204 0.664229 -0.508205
vn -0.548204 0.664229 -0.508205
vn -0.429766 0.810291 -0.398408
vn -0.429766 0.810291 -0.398408
vn -0.746994 0.664229 0.028284
vn -0.746994 0.664229 0.028284
vn -0.585608 0.810291 0.022173
vn -0.585608 0.810291 0.022173
vn -0.508205 0.664229 0.548204
vn -0.508205 0.664229 0.548204
vn -0.398408 0.810291 0.429766
vn -0.398408 0.810291 0.429766
vn 0.028284 0.664229 0.746994
vn 0.028284 0.664229 0.746994
vn 0.022173 0.810291 0.585608
vn 0.022173 0.810291 0.585608
vn 0.548204 0.664229 0.508205
vn 0.548204 0.664229 0.508205
vn 0.429766 0.810291 0.398408
vn 0.429766 0.810291 0.398408
vn 0.210327 0.977599 -0.007963
vn 0.210327 0.977599 -0.007963
vn 0.210327 0.977599 -0.007963
vn 0.143093 0.977599 -0.154355
vn 0.143093 0.977599 -0.154355
vn 0.143093 0.977599 -0.154355
vn -0.007964 0.977598 -0.210328
vn -0.007964 0.977599 -0.210328
vn -0.007964 0.977598 -0.210328
vn -0.154355 0.977599 -0.143093
vn -0.154355 0.977598 -0.143093
vn -0.154355 0.977598 -0.143093
vn -0.210328 0.977598 0.007964
vn -0.210328 0.977598 0.007964
vn -0.210328 0.977598 0.007964
vn -0.143093 0.977599 0.154354
vn -0.143093 0.977599 0.154354
vn -0.143093 0.977599 0.154354
vn 0.007964 0.977599 0.210327
vn 0.007964 0.977599 0.210327
vn 0.007964 0.977599 0.210327
vn 0.154355 0.977599 0.143093
vn 0.154355 0.977599 0.143093
vn 0.154355 0.977599 0.143093
vn 0.712462 0.236995 0.660478
vn 0.666350 0.417597 0.617730
vn 0.666350 0.417597 0.617730
vn 0.712462 0.236995 0.660478
vn 0.907982 0.417596 -0.034380
vn 0.970815 0.236995 -0.036759
vn 0.970815 0.236995 -0.036759
vn 0.907982 0.417596 -0.034380
vn 0.617730 0.417597 -0.666350
vn 0.660478 0.236995 -0.712462
vn 0.660478 0.236995 -0.712462
vn 0.617730 0.417597 -0.666350
vn -0.034380 0.417597 -0.907982
vn -0.036759 0.236995 -0.970815
vn -0.036759 0.236995 -0.970815
vn -0.034380 0.417597 -0.907982
vn -0.666350 0.417597 -0.617730
vn -0.712462 0.236995 -0.660478
vn -0.712462 0.236995 -0.660478
vn -0.666350 0.417597 -0.617730
vn -0.907982 0.417597 0.034379
vn -0.970815 0.236995 0.036758
vn -0.970815 0.236995 0.036758
vn -0.907982 0.417597 0.034379
vn -0.617730 0.417597 0.666350
vn -0.660478 0.236995 0.712462
vn -0.660478 0.236995 0.712462
vn -0.617730 0.417597 0.666350
vn 0.034379 0.417597 0.907982
vn 0.036759 0.236995 0.970815
vn 0.036759 0.236995 0.970815
vn 0.034379 0.417597 0.907982
vn 0.993753 0.105069 -0.037627
vn 0.993753 0.105069 -0.037627
vn 0.676083 0.105068 -0.729296
vn 0.676083 0.105068 -0.729296
vn -0.037627 0.105069 -0.993753
vn -0.037627 0.105069 -0.993753
vn -0.729296 0.105068 -0.676083
vn -0.729296 0.105068 -0.676083
vn -0.993753 0.105068 0.037627
vn -0.993753 0.105068 0.037627
vn -0.676083 0.105067 0.729296
vn -0.676083 0.105067 0.729296
vn 0.037627 0.105068 0.993753
vn 0.037627 0.105068 0.993753
vn 0.729296 0.105069 0.676083
vn 0.729296 0.105069 0.676083
s off
g polySurface259
usemtl ARBUSTOS02:aiStandardSurface1SG
f 576/583/1066 569/584/1067 561/585/1068 568/586/1069
f 569/584/1070 570/587/1071 562/588/1072 561/585/1073
f 570/587/1074 571/589/1075 563/590/1076 562/588/1077
f 571/589/1078 572/591/1079 564/592/1080 563/590/1081
f 572/591/1082 573/593/1083 565/594/1084 564/592/1085
f 573/593/1086 574/595/1087 566/596/1088 565/594/1089
f 574/595/1090 575/597/1091 567/598/1092 566/596/1093
f 575/597/1094 576/583/1095 568/586/1096 567/598/1097
s 1
f 585/599/1098 586/600/1099 594/601/1100 593/602/1101
s 2
f 586/600/1102 587/603/1103 595/604/1104 594/601/1105
s 3
f 587/603/1106 588/605/1107 596/606/1108 595/604/1109
s 4
f 588/605/1110 589/607/1111 597/608/1112 596/606/1113
s 5
f 589/607/1114 590/609/1115 598/610/1116 597/608/1117
s 6
f 590/609/1118 591/611/1119 599/612/1120 598/610/1121
s 7
f 591/611/1122 592/613/1123 600/614/1124 599/612/1125
s 8
f 592/613/1126 585/599/1127 593/602/1128 600/614/1129
s off
f 593/602/1130 594/601/1131 601/615/1132
f 594/601/1133 595/604/1134 601/615/1135
f 595/604/1136 596/606/1137 601/615/1138
f 596/606/1139 597/608/1140 601/615/1141
f 597/608/1142 598/610/1143 601/615/1144
f 598/610/1145 599/612/1146 601/615/1147
f 599/612/1148 600/614/1149 601/615/1150
f 600/614/1151 593/602/1152 601/615/1153
s 8
f 602/616/1154 603/617/1155 617/618/1156 616/619/1157
s 1
f 603/617/1158 602/616/1159 604/620/1160 605/621/1161
s 2
f 605/621/1162 604/620/1163 606/622/1164 607/623/1165
s 3
f 607/623/1166 606/622/1167 608/624/1168 609/625/1169
s 4
f 609/625/1170 608/624/1171 610/626/1172 611/627/1173
s 5
f 611/627/1174 610/626/1175 612/628/1176 613/629/1177
s 6
f 613/629/1178 612/628/1179 614/630/1180 615/631/1181
s 7
f 615/631/1182 614/630/1183 616/619/1184 617/618/1185
s 1
f 577/632/1186 578/633/1187 604/620/1160 602/616/1159
s 2
f 578/633/1188 579/634/1189 606/622/1164 604/620/1163
s 3
f 579/634/1190 580/635/1191 608/624/1168 606/622/1167
s 4
f 580/635/1192 581/636/1193 610/626/1172 608/624/1171
s 5
f 581/636/1194 582/637/1195 612/628/1176 610/626/1175
s 6
f 582/637/1196 583/638/1197 614/630/1180 612/628/1179
s 7
f 583/638/1198 584/639/1199 616/619/1184 614/630/1183
s 8
f 584/639/1200 577/632/1201 602/616/1154 616/619/1157
s 1
f 603/617/1158 605/621/1161 586/600/1099 585/599/1098
s 2
f 605/621/1162 607/623/1165 587/603/1103 586/600/1102
s 3
f 607/623/1166 609/625/1169 588/605/1107 587/603/1106
s 4
f 609/625/1170 611/627/1173 589/607/1111 588/605/1110
s 5
f 611/627/1174 613/629/1177 590/609/1115 589/607/1114
s 6
f 613/629/1178 615/631/1181 591/611/1119 590/609/1118
s 7
f 615/631/1182 617/618/1185 592/613/1123 591/611/1122
s 8
f 617/618/1156 603/617/1155 585/599/1127 592/613/1126
s 16
f 626/640/1202 627/641/1203 635/642/1204 634/643/1205
s 17
f 627/641/1206 628/644/1207 636/645/1208 635/642/1209
s 18
f 628/644/1210 629/646/1211 637/647/1212 636/645/1213
s 19
f 629/646/1214 630/648/1215 638/649/1216 637/647/1217
s 20
f 630/648/1218 631/650/1219 639/651/1220 638/649/1221
s 21
f 631/650/1222 632/652/1223 640/653/1224 639/651/1225
s 22
f 632/652/1226 633/654/1227 641/655/1228 640/653/1229
s 23
f 633/654/1230 626/640/1231 634/643/1232 641/655/1233
s off
f 634/643/1234 635/642/1235 642/656/1236
f 635/642/1237 636/645/1238 642/656/1239
f 636/645/1240 637/647/1241 642/656/1242
f 637/647/1243 638/649/1244 642/656/1245
f 638/649/1246 639/651/1247 642/656/1248
f 639/651/1249 640/653/1250 642/656/1251
f 640/653/1252 641/655/1253 642/656/1254
f 641/655/1255 634/643/1256 642/656/1257
s 23
f 643/657/1258 644/658/1259 658/659/1260 657/660/1261
s 16
f 644/658/1262 643/657/1263 645/661/1264 646/662/1265
s 17
f 646/662/1266 645/661/1267 647/663/1268 648/664/1269
s 18
f 648/664/1270 647/663/1271 649/665/1272 650/666/1273
s 19
f 650/666/1274 649/665/1275 651/667/1276 652/668/1277
s 20
f 652/668/1278 651/667/1279 653/669/1280 654/670/1281
s 21
f 654/670/1282 653/669/1283 655/671/1284 656/672/1285
s 22
f 656/672/1286 655/671/1287 657/660/1288 658/659/1289
s 16
f 618/673/1290 619/674/1291 645/661/1264 643/657/1263
s 17
f 619/674/1292 620/675/1293 647/663/1268 645/661/1267
s 18
f 620/675/1294 621/676/1295 649/665/1272 647/663/1271
s 19
f 621/676/1296 622/677/1297 651/667/1276 649/665/1275
s 20
f 622/677/1298 623/678/1299 653/669/1280 651/667/1279
s 21
f 623/678/1300 624/679/1301 655/671/1284 653/669/1283
s 22
f 624/679/1302 625/680/1303 657/660/1288 655/671/1287
s 23
f 625/680/1304 618/673/1305 643/657/1258 657/660/1261
s 16
f 644/658/1262 646/662/1265 627/641/1203 626/640/1202
s 17
f 646/662/1266 648/664/1269 628/644/1207 627/641/1206
s 18
f 648/664/1270 650/666/1273 629/646/1211 628/644/1210
s 19
f 650/666/1274 652/668/1277 630/648/1215 629/646/1214
s 20
f 652/668/1278 654/670/1281 631/650/1219 630/648/1218
s 21
f 654/670/1282 656/672/1285 632/652/1223 631/650/1222
s 22
f 656/672/1286 658/659/1289 633/654/1227 632/652/1226
s 23
f 658/659/1260 644/658/1259 626/640/1231 633/654/1230
g default
v -42.842914 10.577868 -6.125286
v -44.559874 7.921664 -4.522366
v -47.786052 8.534018 -2.416740
v -49.088625 12.124083 -1.948574
v -44.474793 10.873154 -6.298531
v -45.651929 9.152085 -5.214799
v -47.792176 9.485593 -3.852635
v -48.640113 11.843488 -3.580771
v -45.947531 11.177998 -6.325807
v -46.566173 10.292721 -5.770326
v -47.622131 10.489589 -5.096933
v -48.034475 11.659840 -4.979650
v -47.176214 11.450160 -5.962461
vt 1.018876 0.279029
vt 0.905512 0.277594
vt 0.863715 0.513130
vt 0.807966 0.420510
vt 0.569036 0.503582
vt 0.626647 0.412391
vt 0.429506 0.259929
vt 0.542870 0.261355
vt 0.807235 0.274822
vt 0.761050 0.339456
vt 0.678007 0.334106
vt 0.641147 0.264122
vt 0.724191 0.269472
vn -0.016244 -0.515209 -0.856911
vn -0.258258 -0.656327 -0.708898
vn -0.270507 -0.643051 -0.716458
vn -0.033654 -0.508598 -0.860346
vn -0.729320 -0.564094 -0.387157
vn -0.734668 -0.542508 -0.407366
vn -0.928822 -0.310703 -0.201876
vn -0.922054 -0.303799 -0.239840
vn -0.322684 -0.568449 -0.756796
vn -0.118863 -0.468167 -0.875609
vn -0.717264 -0.468828 -0.515494
vn -0.880122 -0.271813 -0.389233
vn -0.562394 -0.320804 -0.762101
s 1
g polySurface151 all1 polySurface169
usemtl aiStandardSurface1SG
f 659/681/1306 660/683/1307 664/684/1308 663/682/1309
f 660/683/1307 661/685/1310 665/686/1311 664/684/1308
f 661/685/1310 662/687/1312 666/688/1313 665/686/1311
f 663/682/1309 664/684/1308 668/690/1314 667/689/1315
f 664/684/1308 665/686/1311 669/691/1316 668/690/1314
f 665/686/1311 666/688/1313 670/692/1317 669/691/1316
f 667/689/1315 668/690/1314 671/693/1318
f 668/690/1314 669/691/1316 671/693/1318
f 669/691/1316 670/692/1317 671/693/1318
g default
v -39.131591 1.763958 14.697594
v -37.446680 1.763958 15.026775
v -36.022502 1.763958 14.068130
v -35.693321 1.763958 12.383219
v -36.651966 1.763958 10.959041
v -38.336877 1.763958 10.629860
v -39.761055 1.763958 11.588505
v -40.090236 1.763958 13.273416
v -38.786054 3.381878 14.176625
v -37.570729 3.381878 14.414064
v -36.543470 3.381878 13.722593
v -36.306032 3.381878 12.507268
v -36.997503 3.381878 11.480009
v -38.212828 3.381878 11.242571
v -39.240086 3.381878 11.934041
v -39.477525 3.381878 13.149367
v -38.375757 3.877872 13.558016
v -37.718028 3.877872 13.686517
v -37.162079 3.877872 13.312296
v -37.033579 3.877872 12.654567
v -37.407800 3.877872 12.098619
v -38.065529 3.877872 11.970117
v -38.621477 3.877872 12.344339
v -38.749978 3.877872 13.002068
v -37.891778 4.052042 12.828317
v -39.097935 2.296409 14.646851
v -38.950556 2.936463 14.424647
v -37.458763 2.296409 14.967096
v -37.511672 2.936464 14.705761
v -36.073245 2.296409 14.034474
v -36.295449 2.936463 13.887095
v -35.753000 2.296409 12.395301
v -36.014334 2.936463 12.448211
v -36.685622 2.296409 11.009784
v -36.833001 2.936463 11.231988
v -38.324794 2.296409 10.689539
v -38.271885 2.936463 10.950873
v -39.710312 2.296409 11.622161
v -39.488108 2.936463 11.769540
v -40.030557 2.296409 13.261333
v -39.769223 2.936463 13.208424
v -37.982152 0.489377 10.501948
v -39.600673 0.489377 11.247230
v -40.218147 0.489377 12.918690
v -39.472866 0.489377 14.537212
v -37.801405 0.489377 15.154686
v -36.182884 0.489377 14.409405
v -35.565410 0.489377 12.737944
v -36.310691 0.489377 11.119423
v -37.956965 2.168651 11.150309
v -39.124403 2.168651 11.687880
v -39.569787 2.168651 12.893504
v -39.032216 2.168651 14.060942
v -37.826592 2.168651 14.506326
v -36.659154 2.168651 13.968755
v -36.213770 2.168651 12.763132
v -36.751341 2.168651 11.595693
v -37.927057 2.683455 11.920186
v -38.558870 2.683455 12.211117
v -38.799910 2.683455 12.863596
v -38.508979 2.683455 13.495409
v -37.856500 2.683455 13.736449
v -37.224687 2.683455 13.445518
v -36.983647 2.683455 12.793039
v -37.274578 2.683455 12.161226
v -37.891778 2.864229 12.828318
v -37.979699 1.042020 10.565100
v -37.968956 1.706346 10.841639
v -39.554283 1.042020 11.290150
v -39.351144 1.706346 11.478096
v -40.154996 1.042020 12.916237
v -39.878456 1.706346 12.905495
v -39.429946 1.042020 14.490822
v -39.241999 1.706346 14.287683
v -37.803858 1.042020 15.091535
v -37.814601 1.706346 14.814995
v -36.229273 1.042020 14.366485
v -36.432412 1.706346 14.178539
v -35.628561 1.042020 12.740397
v -35.905101 1.706346 12.751140
v -36.353611 1.042020 11.165812
v -36.541557 1.706346 11.368951
v -40.042536 -0.478277 12.333536
v -39.762457 -0.478277 13.999269
v -38.386560 -0.478277 14.979074
v -36.720827 -0.478277 14.698995
v -35.741021 -0.478277 13.323099
v -36.021100 -0.478277 11.657366
v -37.396997 -0.478277 10.677560
v -39.062730 -0.478277 10.957639
v -39.443118 1.113584 12.471432
v -39.241097 1.113584 13.672924
v -38.248664 1.113584 14.379657
v -37.047172 1.113584 14.177636
v -36.340438 1.113584 13.185203
v -36.542459 1.113584 11.983711
v -37.534892 1.113584 11.276978
v -38.736385 1.113584 11.478998
v -38.731357 1.601590 12.635172
v -38.622024 1.601590 13.285415
v -38.084923 1.601590 13.667896
v -37.434681 1.601590 13.558564
v -37.052200 1.601590 13.021463
v -37.161532 1.601590 12.371219
v -37.698633 1.601590 11.988738
v -38.348876 1.601590 12.098071
v -37.891778 1.772955 12.828317
v -39.984151 0.045598 12.346967
v -39.728487 0.675344 12.405783
v -39.711675 0.045598 13.967482
v -39.489304 0.675344 13.828289
v -38.373129 0.045598 14.920690
v -38.314313 0.675344 14.665026
v -36.752614 0.045598 14.648214
v -36.891806 0.675344 14.425843
v -35.799405 0.045598 13.309668
v -36.055070 0.675344 13.250852
v -36.071882 0.045598 11.689152
v -36.294252 0.675344 11.828345
v -37.410428 0.045598 10.735944
v -37.469244 0.675344 10.991609
v -39.030943 0.045598 11.008420
v -38.891750 0.675344 11.230791
v -38.360561 0.603376 14.118292
v -37.311108 0.603376 14.071947
v -36.601803 0.603376 13.297100
v -36.648149 0.603376 12.247646
v -37.422996 0.603376 11.538342
v -38.472449 0.603376 11.584688
v -39.181753 0.603376 12.359534
v -39.135408 0.603376 13.408988
v -38.524050 -0.317449 14.568174
v -37.108597 -0.317449 14.505665
v -36.151922 -0.317449 13.460589
v -36.214431 -0.317449 12.045136
v -37.259507 -0.317449 11.088460
v -38.674959 -0.317449 11.150969
v -39.631635 -0.317449 12.196045
v -39.569126 -0.317449 13.611498
vt 0.731045 0.815879
vt 0.654263 0.888941
vt 0.627940 0.824175
vt 0.666630 0.788719
vt 0.548329 0.886292
vt 0.575509 0.821883
vt 0.475290 0.809521
vt 0.540055 0.783193
vt 0.477927 0.703592
vt 0.542342 0.730767
vt 0.554691 0.630552
vt 0.581029 0.695314
vt 0.660620 0.633182
vt 0.633456 0.697601
vt 0.733668 0.709944
vt 0.668912 0.736290
vt 0.604486 0.759745
vt 0.823678 0.857320
vt 0.771262 0.832252
vt 0.773680 0.693076
vt 0.828469 0.673731
vt 0.690465 0.983740
vt 0.671130 0.928948
vt 0.506877 0.978923
vt 0.531955 0.926511
vt 0.380479 0.845710
vt 0.435274 0.826381
vt 0.385291 0.662146
vt 0.437708 0.687221
vt 0.518484 0.535746
vt 0.537824 0.590538
vt 0.702048 0.540540
vt 0.676985 0.592961
vt 0.866943 0.875638
vt 0.708097 1.018723
vt 0.488546 1.013617
vt 0.336928 0.863339
vt 0.342028 0.643822
vt 0.500845 0.492199
vt 0.720362 0.497273
vt 0.872013 0.656086
vt 0.851230 0.309250
vt 0.774448 0.380702
vt 0.748125 0.317363
vt 0.786815 0.282689
vt 0.668514 0.378112
vt 0.695694 0.315122
vt 0.595475 0.303032
vt 0.660240 0.277284
vt 0.598112 0.199438
vt 0.662527 0.226013
vt 0.674876 0.128007
vt 0.701214 0.191342
vt 0.780805 0.130579
vt 0.753641 0.193579
vt 0.853854 0.205650
vt 0.789097 0.231415
vt 0.724671 0.254353
vt 0.943863 0.349777
vt 0.891447 0.325262
vt 0.893865 0.189153
vt 0.948654 0.170235
vt 0.810650 0.473412
vt 0.791315 0.419827
vt 0.627062 0.468701
vt 0.652140 0.417443
vt 0.500664 0.338423
vt 0.555459 0.319520
vt 0.505476 0.158905
vt 0.557893 0.183427
vt 0.638669 0.035291
vt 0.658009 0.088875
vt 0.822233 0.039979
vt 0.797170 0.091244
vt 0.987128 0.367692
vt 0.828282 0.516000
vt 0.608731 0.511007
vt 0.457113 0.355664
vt 0.462213 0.140985
vt 0.621030 -0.007296
vt 0.840548 -0.002335
vt 0.992198 0.152979
vt 0.851230 0.309250
vt 0.774448 0.380702
vt 0.748125 0.317363
vt 0.786815 0.282689
vt 0.668514 0.378112
vt 0.695694 0.315122
vt 0.595475 0.303032
vt 0.660240 0.277284
vt 0.598112 0.199438
vt 0.662527 0.226013
vt 0.674876 0.128007
vt 0.701214 0.191342
vt 0.780805 0.130579
vt 0.753641 0.193579
vt 0.853854 0.205650
vt 0.789097 0.231415
vt 0.724671 0.254353
vt 0.943863 0.349777
vt 0.891447 0.325262
vt 0.893865 0.189153
vt 0.948654 0.170235
vt 0.810650 0.473412
vt 0.791315 0.419827
vt 0.627062 0.468701
vt 0.652140 0.417443
vt 0.500664 0.338423
vt 0.555459 0.319520
vt 0.505476 0.158905
vt 0.557893 0.183427
vt 0.638669 0.035291
vt 0.658009 0.088875
vt 0.822233 0.039979
vt 0.797170 0.091244
vt 0.987128 0.367692
vt 0.828282 0.516000
vt 0.608731 0.511007
vt 0.457113 0.355664
vt 0.462213 0.140985
vt 0.621030 -0.007296
vt 0.840548 -0.002335
vt 0.992198 0.152979
vt 0.948654 0.170235
vt 0.943863 0.349777
vt 0.851230 0.309250
vt 0.853854 0.205650
vt 0.810650 0.473412
vt 0.774448 0.380702
vt 0.627062 0.468701
vt 0.668514 0.378112
vt 0.500664 0.338423
vt 0.595475 0.303032
vt 0.505476 0.158905
vt 0.598112 0.199438
vt 0.638669 0.035291
vt 0.674876 0.128007
vt 0.822233 0.039979
vt 0.780805 0.130579
vn -0.143335 0.664229 0.733658
vn -0.143335 0.664229 0.733658
vn -0.112368 0.810291 0.575154
vn -0.112368 0.810291 0.575154
vn 0.417422 0.664229 0.620128
vn 0.417422 0.664229 0.620128
vn 0.327239 0.810291 0.486151
vn 0.327239 0.810291 0.486151
vn 0.733658 0.664229 0.143335
vn 0.733658 0.664229 0.143335
vn 0.575154 0.810291 0.112368
vn 0.575154 0.810291 0.112368
vn 0.620128 0.664229 -0.417422
vn 0.620128 0.664229 -0.417422
vn 0.486151 0.810291 -0.327239
vn 0.486151 0.810291 -0.327239
vn 0.143335 0.664229 -0.733659
vn 0.143335 0.664229 -0.733659
vn 0.112368 0.810291 -0.575154
vn 0.112368 0.810291 -0.575154
vn -0.417422 0.664229 -0.620128
vn -0.417422 0.664229 -0.620128
vn -0.327239 0.810291 -0.486151
vn -0.327239 0.810291 -0.486151
vn -0.733659 0.664229 -0.143335
vn -0.733659 0.664229 -0.143335
vn -0.575154 0.810291 -0.112368
vn -0.575154 0.810291 -0.112368
vn -0.620128 0.664229 0.417422
vn -0.620128 0.664229 0.417422
vn -0.486151 0.810291 0.327239
vn -0.486151 0.810291 0.327239
vn -0.040358 0.977599 0.206572
vn -0.040358 0.977599 0.206572
vn -0.040358 0.977599 0.206572
vn 0.117531 0.977599 0.174606
vn 0.117531 0.977599 0.174606
vn 0.117531 0.977599 0.174606
vn 0.206573 0.977599 0.040359
vn 0.206573 0.977599 0.040359
vn 0.206573 0.977598 0.040359
vn 0.174607 0.977599 -0.117531
vn 0.174607 0.977599 -0.117531
vn 0.174607 0.977599 -0.117531
vn 0.040358 0.977599 -0.206572
vn 0.040358 0.977599 -0.206572
vn 0.040358 0.977599 -0.206572
vn -0.117532 0.977599 -0.174606
vn -0.117532 0.977599 -0.174606
vn -0.117532 0.977599 -0.174606
vn -0.206573 0.977599 -0.040359
vn -0.206573 0.977599 -0.040359
vn -0.206573 0.977599 -0.040359
vn -0.174606 0.977599 0.117532
vn -0.174606 0.977599 0.117532
vn -0.174606 0.977599 0.117532
vn -0.805937 0.236995 0.542494
vn -0.753775 0.417597 0.507382
vn -0.753775 0.417597 0.507382
vn -0.805937 0.236995 0.542494
vn -0.174226 0.417597 0.891773
vn -0.186282 0.236995 0.953484
vn -0.186282 0.236995 0.953484
vn -0.174226 0.417597 0.891773
vn 0.507382 0.417597 0.753775
vn 0.542494 0.236995 0.805937
vn 0.542493 0.236995 0.805937
vn 0.507382 0.417597 0.753775
vn 0.891773 0.417597 0.174226
vn 0.953484 0.236995 0.186282
vn 0.953484 0.236995 0.186282
vn 0.891773 0.417597 0.174226
vn 0.753775 0.417597 -0.507382
vn 0.805937 0.236995 -0.542494
vn 0.805937 0.236995 -0.542494
vn 0.753775 0.417597 -0.507382
vn 0.174226 0.417597 -0.891773
vn 0.186282 0.236995 -0.953484
vn 0.186282 0.236995 -0.953484
vn 0.174226 0.417597 -0.891773
vn -0.507382 0.417597 -0.753774
vn -0.542494 0.236995 -0.805937
vn -0.542494 0.236995 -0.805937
vn -0.507382 0.417597 -0.753774
vn -0.891773 0.417597 -0.174226
vn -0.953484 0.236995 -0.186282
vn -0.953484 0.236995 -0.186282
vn -0.891773 0.417597 -0.174226
vn -0.190684 0.105068 0.976013
vn -0.190684 0.105068 0.976013
vn 0.555311 0.105068 0.824979
vn 0.555311 0.105068 0.824979
vn 0.976013 0.105068 0.190684
vn 0.976013 0.105068 0.190684
vn 0.824979 0.105068 -0.555311
vn 0.824979 0.105068 -0.555311
vn 0.190684 0.105068 -0.976013
vn 0.190684 0.105068 -0.976013
vn -0.555311 0.105067 -0.824979
vn -0.555311 0.105067 -0.824979
vn -0.976013 0.105068 -0.190684
vn -0.976013 0.105068 -0.190684
vn -0.824979 0.105068 0.555311
vn -0.824979 0.105068 0.555311
vn -0.312660 0.664229 -0.679002
vn -0.312660 0.664229 -0.679002
vn -0.245111 0.810291 -0.532306
vn -0.245111 0.810291 -0.532306
vn -0.701211 0.664229 -0.259043
vn -0.701211 0.664229 -0.259043
vn -0.549717 0.810291 -0.203077
vn -0.549717 0.810291 -0.203077
vn -0.679002 0.664229 0.312660
vn -0.679002 0.664229 0.312660
vn -0.532306 0.810291 0.245111
vn -0.532306 0.810291 0.245111
vn -0.259043 0.664229 0.701211
vn -0.259043 0.664229 0.701211
vn -0.203077 0.810291 0.549717
vn -0.203077 0.810291 0.549717
vn 0.312660 0.664229 0.679002
vn 0.312660 0.664229 0.679002
vn 0.245111 0.810291 0.532305
vn 0.245111 0.810291 0.532305
vn 0.701211 0.664229 0.259043
vn 0.701211 0.664229 0.259043
vn 0.549717 0.810291 0.203078
vn 0.549717 0.810291 0.203078
vn 0.679002 0.664229 -0.312660
vn 0.679002 0.664229 -0.312660
vn 0.532306 0.810291 -0.245111
vn 0.532306 0.810291 -0.245111
vn 0.259043 0.664229 -0.701211
vn 0.259043 0.664229 -0.701211
vn 0.203077 0.810291 -0.549717
vn 0.203077 0.810291 -0.549717
vn -0.088034 0.977599 -0.191182
vn -0.088034 0.977599 -0.191182
vn -0.088034 0.977599 -0.191182
vn -0.197436 0.977599 -0.072937
vn -0.197436 0.977599 -0.072937
vn -0.197436 0.977599 -0.072937
vn -0.191183 0.977599 0.088034
vn -0.191183 0.977599 0.088034
vn -0.191183 0.977599 0.088034
vn -0.072937 0.977599 0.197436
vn -0.072937 0.977599 0.197436
vn -0.072937 0.977599 0.197436
vn 0.088034 0.977599 0.191183
vn 0.088034 0.977599 0.191183
vn 0.088034 0.977599 0.191183
vn 0.197436 0.977598 0.072938
vn 0.197436 0.977598 0.072938
vn 0.197436 0.977598 0.072938
vn 0.191183 0.977599 -0.088034
vn 0.191183 0.977599 -0.088034
vn 0.191183 0.977599 -0.088034
vn 0.072937 0.977599 -0.197436
vn 0.072937 0.977599 -0.197436
vn 0.072937 0.977599 -0.197436
vn 0.336659 0.236995 -0.911314
vn 0.314870 0.417597 -0.852332
vn 0.314870 0.417597 -0.852332
vn 0.336659 0.236995 -0.911314
vn -0.380043 0.417597 -0.825336
vn -0.406343 0.236995 -0.882451
vn -0.406343 0.236995 -0.882451
vn -0.380043 0.417597 -0.825336
vn -0.852332 0.417597 -0.314870
vn -0.911314 0.236995 -0.336659
vn -0.911314 0.236995 -0.336659
vn -0.852332 0.417597 -0.314870
vn -0.825336 0.417597 0.380043
vn -0.882451 0.236995 0.406343
vn -0.882451 0.236995 0.406343
vn -0.825336 0.417597 0.380043
vn -0.314870 0.417597 0.852332
vn -0.336659 0.236995 0.911314
vn -0.336660 0.236995 0.911314
vn -0.314870 0.417597 0.852332
vn 0.380043 0.417597 0.825337
vn 0.406342 0.236995 0.882451
vn 0.406342 0.236995 0.882451
vn 0.380043 0.417597 0.825337
vn 0.852332 0.417597 0.314870
vn 0.911314 0.236995 0.336659
vn 0.911314 0.236995 0.336659
vn 0.852332 0.417597 0.314870
vn 0.825336 0.417597 -0.380043
vn 0.882451 0.236995 -0.406342
vn 0.882451 0.236995 -0.406342
vn 0.825336 0.417597 -0.380043
vn -0.415943 0.105068 -0.903300
vn -0.415943 0.105068 -0.903300
vn -0.932846 0.105068 -0.344614
vn -0.932846 0.105068 -0.344614
vn -0.903301 0.105068 0.415943
vn -0.903301 0.105068 0.415943
vn -0.344614 0.105068 0.932846
vn -0.344614 0.105068 0.932846
vn 0.415943 0.105068 0.903301
vn 0.415943 0.105068 0.903301
vn 0.932846 0.105068 0.344614
vn 0.932846 0.105068 0.344614
vn 0.903301 0.105068 -0.415943
vn 0.903301 0.105068 -0.415943
vn 0.344614 0.105068 -0.932846
vn 0.344614 0.105068 -0.932846
vn -0.737181 0.664229 0.123951
vn -0.737181 0.664229 0.123951
vn -0.577915 0.810291 0.097172
vn -0.577916 0.810291 0.097172
vn -0.433619 0.664229 0.608912
vn -0.433619 0.664229 0.608912
vn -0.339937 0.810291 0.477359
vn -0.339937 0.810291 0.477359
vn 0.123951 0.664229 0.737181
vn 0.123951 0.664229 0.737181
vn 0.097172 0.810291 0.577915
vn 0.097172 0.810291 0.577915
vn 0.608912 0.664229 0.433620
vn 0.608912 0.664229 0.433620
vn 0.477359 0.810291 0.339937
vn 0.477359 0.810291 0.339937
vn 0.737181 0.664229 -0.123951
vn 0.737181 0.664229 -0.123951
vn 0.577915 0.810291 -0.097171
vn 0.577915 0.810291 -0.097171
vn 0.433619 0.664229 -0.608912
vn 0.433620 0.664229 -0.608912
vn 0.339937 0.810291 -0.477359
vn 0.339937 0.810291 -0.477359
vn -0.123951 0.664229 -0.737181
vn -0.123951 0.664229 -0.737181
vn -0.097172 0.810291 -0.577916
vn -0.097172 0.810291 -0.577916
vn -0.608912 0.664229 -0.433619
vn -0.608912 0.664229 -0.433619
vn -0.477359 0.810291 -0.339937
vn -0.477359 0.810291 -0.339937
vn -0.207564 0.977599 0.034900
vn -0.207564 0.977599 0.034900
vn -0.207564 0.977599 0.034900
vn -0.122092 0.977599 0.171448
vn -0.122092 0.977599 0.171448
vn -0.122092 0.977599 0.171448
vn 0.034900 0.977598 0.207565
vn 0.034900 0.977599 0.207565
vn 0.034900 0.977598 0.207565
vn 0.171448 0.977599 0.122092
vn 0.171448 0.977599 0.122092
vn 0.171448 0.977599 0.122092
vn 0.207564 0.977599 -0.034900
vn 0.207564 0.977599 -0.034900
vn 0.207564 0.977599 -0.034900
vn 0.122092 0.977598 -0.171449
vn 0.122092 0.977598 -0.171449
vn 0.122092 0.977598 -0.171449
vn -0.034900 0.977599 -0.207564
vn -0.034900 0.977599 -0.207564
vn -0.034900 0.977599 -0.207564
vn -0.171448 0.977599 -0.122092
vn -0.171448 0.977599 -0.122092
vn -0.171448 0.977599 -0.122092
vn -0.791360 0.236995 -0.563545
vn -0.740142 0.417597 -0.527071
vn -0.740142 0.417597 -0.527071
vn -0.791360 0.236995 -0.563544
vn -0.896054 0.417597 0.150664
vn -0.958062 0.236995 0.161090
vn -0.958062 0.236995 0.161090
vn -0.896054 0.417597 0.150664
vn -0.527071 0.417597 0.740142
vn -0.563545 0.236995 0.791360
vn -0.563545 0.236995 0.791360
vn -0.527071 0.417597 0.740142
vn 0.150664 0.417597 0.896054
vn 0.161090 0.236995 0.958062
vn 0.161090 0.236995 0.958062
vn 0.150664 0.417597 0.896054
vn 0.740142 0.417597 0.527071
vn 0.791360 0.236995 0.563545
vn 0.791360 0.236995 0.563545
vn 0.740142 0.417597 0.527071
vn 0.896054 0.417597 -0.150664
vn 0.958062 0.236995 -0.161090
vn 0.958062 0.236995 -0.161090
vn 0.896054 0.417597 -0.150664
vn 0.527071 0.417597 -0.740142
vn 0.563545 0.236995 -0.791360
vn 0.563545 0.236995 -0.791360
vn 0.527071 0.417597 -0.740142
vn -0.150664 0.417597 -0.896054
vn -0.161090 0.236995 -0.958062
vn -0.161090 0.236995 -0.958062
vn -0.150664 0.417597 -0.896054
vn -0.980699 0.105069 0.164896
vn -0.980699 0.105069 0.164896
vn -0.576860 0.105068 0.810058
vn -0.576860 0.105068 0.810058
vn 0.164896 0.105068 0.980699
vn 0.164896 0.105068 0.980699
vn 0.810058 0.105068 0.576860
vn 0.810058 0.105068 0.576860
vn 0.980699 0.105068 -0.164896
vn 0.980699 0.105068 -0.164896
vn 0.576860 0.105068 -0.810058
vn 0.576860 0.105068 -0.810058
vn -0.164896 0.105067 -0.980699
vn -0.164896 0.105067 -0.980699
vn -0.810058 0.105068 -0.576860
vn -0.810058 0.105068 -0.576860
vn -0.608667 0.432918 0.664911
vn -0.608667 0.432918 0.664911
vn -0.608667 0.432918 0.664911
vn -0.608667 0.432918 0.664911
vn 0.039770 0.432918 0.900556
vn 0.039770 0.432918 0.900556
vn 0.039770 0.432918 0.900555
vn 0.039770 0.432918 0.900556
vn 0.664911 0.432918 0.608667
vn 0.664911 0.432918 0.608667
vn 0.664911 0.432918 0.608667
vn 0.664911 0.432918 0.608667
vn 0.900556 0.432918 -0.039770
vn 0.900556 0.432918 -0.039770
vn 0.900556 0.432918 -0.039770
vn 0.900556 0.432918 -0.039770
vn 0.608667 0.432918 -0.664911
vn 0.608668 0.432918 -0.664911
vn 0.608668 0.432918 -0.664911
vn 0.608667 0.432918 -0.664911
vn -0.039770 0.432918 -0.900556
vn -0.039770 0.432918 -0.900556
vn -0.039770 0.432918 -0.900556
vn -0.039770 0.432918 -0.900556
vn -0.664910 0.432918 -0.608667
vn -0.664910 0.432918 -0.608667
vn -0.664910 0.432918 -0.608667
vn -0.664910 0.432918 -0.608667
vn -0.900555 0.432918 0.039770
vn -0.900555 0.432918 0.039770
vn -0.900556 0.432918 0.039770
vn -0.900555 0.432918 0.039770
s 1
g polySurface260
usemtl ARBUSTOS02:aiStandardSurface1SG
f 680/694/1319 681/695/1320 689/696/1321 688/697/1322
s 2
f 681/695/1323 682/698/1324 690/699/1325 689/696/1326
s 3
f 682/698/1327 683/700/1328 691/701/1329 690/699/1330
s 4
f 683/700/1331 684/702/1332 692/703/1333 691/701/1334
s 5
f 684/702/1335 685/704/1336 693/705/1337 692/703/1338
s 6
f 685/704/1339 686/706/1340 694/707/1341 693/705/1342
s 7
f 686/706/1343 687/708/1344 695/709/1345 694/707/1346
s 8
f 687/708/1347 680/694/1348 688/697/1349 695/709/1350
s off
f 688/697/1351 689/696/1352 696/710/1353
f 689/696/1354 690/699/1355 696/710/1356
f 690/699/1357 691/701/1358 696/710/1359
f 691/701/1360 692/703/1361 696/710/1362
f 692/703/1363 693/705/1364 696/710/1365
f 693/705/1366 694/707/1367 696/710/1368
f 694/707/1369 695/709/1370 696/710/1371
f 695/709/1372 688/697/1373 696/710/1374
s 8
f 697/711/1375 698/712/1376 712/713/1377 711/714/1378
s 1
f 698/712/1379 697/711/1380 699/715/1381 700/716/1382
s 2
f 700/716/1383 699/715/1384 701/717/1385 702/718/1386
s 3
f 702/718/1387 701/717/1388 703/719/1389 704/720/1390
s 4
f 704/720/1391 703/719/1392 705/721/1393 706/722/1394
s 5
f 706/722/1395 705/721/1396 707/723/1397 708/724/1398
s 6
f 708/724/1399 707/723/1400 709/725/1401 710/726/1402
s 7
f 710/726/1403 709/725/1404 711/714/1405 712/713/1406
s 1
f 672/727/1407 673/728/1408 699/715/1381 697/711/1380
s 2
f 673/728/1409 674/729/1410 701/717/1385 699/715/1384
s 3
f 674/729/1411 675/730/1412 703/719/1389 701/717/1388
s 4
f 675/730/1413 676/731/1414 705/721/1393 703/719/1392
s 5
f 676/731/1415 677/732/1416 707/723/1397 705/721/1396
s 6
f 677/732/1417 678/733/1418 709/725/1401 707/723/1400
s 7
f 678/733/1419 679/734/1420 711/714/1405 709/725/1404
s 8
f 679/734/1421 672/727/1422 697/711/1375 711/714/1378
s 1
f 698/712/1379 700/716/1382 681/695/1320 680/694/1319
s 2
f 700/716/1383 702/718/1386 682/698/1324 681/695/1323
s 3
f 702/718/1387 704/720/1390 683/700/1328 682/698/1327
s 4
f 704/720/1391 706/722/1394 684/702/1332 683/700/1331
s 5
f 706/722/1395 708/724/1398 685/704/1336 684/702/1335
s 6
f 708/724/1399 710/726/1402 686/706/1340 685/704/1339
s 7
f 710/726/1403 712/713/1406 687/708/1344 686/706/1343
s 8
f 712/713/1377 698/712/1376 680/694/1348 687/708/1347
s 16
f 721/735/1423 722/736/1424 730/737/1425 729/738/1426
s 17
f 722/736/1427 723/739/1428 731/740/1429 730/737/1430
s 18
f 723/739/1431 724/741/1432 732/742/1433 731/740/1434
s 19
f 724/741/1435 725/743/1436 733/744/1437 732/742/1438
s 20
f 725/743/1439 726/745/1440 734/746/1441 733/744/1442
s 21
f 726/745/1443 727/747/1444 735/748/1445 734/746/1446
s 22
f 727/747/1447 728/749/1448 736/750/1449 735/748/1450
s 23
f 728/749/1451 721/735/1452 729/738/1453 736/750/1454
s off
f 729/738/1455 730/737/1456 737/751/1457
f 730/737/1458 731/740/1459 737/751/1460
f 731/740/1461 732/742/1462 737/751/1463
f 732/742/1464 733/744/1465 737/751/1466
f 733/744/1467 734/746/1468 737/751/1469
f 734/746/1470 735/748/1471 737/751/1472
f 735/748/1473 736/750/1474 737/751/1475
f 736/750/1476 729/738/1477 737/751/1478
s 23
f 738/752/1479 739/753/1480 753/754/1481 752/755/1482
s 16
f 739/753/1483 738/752/1484 740/756/1485 741/757/1486
s 17
f 741/757/1487 740/756/1488 742/758/1489 743/759/1490
s 18
f 743/759/1491 742/758/1492 744/760/1493 745/761/1494
s 19
f 745/761/1495 744/760/1496 746/762/1497 747/763/1498
s 20
f 747/763/1499 746/762/1500 748/764/1501 749/765/1502
s 21
f 749/765/1503 748/764/1504 750/766/1505 751/767/1506
s 22
f 751/767/1507 750/766/1508 752/755/1509 753/754/1510
s 16
f 713/768/1511 714/769/1512 740/756/1485 738/752/1484
s 17
f 714/769/1513 715/770/1514 742/758/1489 740/756/1488
s 18
f 715/770/1515 716/771/1516 744/760/1493 742/758/1492
s 19
f 716/771/1517 717/772/1518 746/762/1497 744/760/1496
s 20
f 717/772/1519 718/773/1520 748/764/1501 746/762/1500
s 21
f 718/773/1521 719/774/1522 750/766/1505 748/764/1504
s 22
f 719/774/1523 720/775/1524 752/755/1509 750/766/1508
s 23
f 720/775/1525 713/768/1526 738/752/1479 752/755/1482
s 16
f 739/753/1483 741/757/1486 722/736/1424 721/735/1423
s 17
f 741/757/1487 743/759/1490 723/739/1428 722/736/1427
s 18
f 743/759/1491 745/761/1494 724/741/1432 723/739/1431
s 19
f 745/761/1495 747/763/1498 725/743/1436 724/741/1435
s 20
f 747/763/1499 749/765/1502 726/745/1440 725/743/1439
s 21
f 749/765/1503 751/767/1506 727/747/1444 726/745/1443
s 22
f 751/767/1507 753/754/1510 728/749/1448 727/747/1447
s 23
f 753/754/1481 739/753/1480 721/735/1452 728/749/1451
s 31
f 762/776/1527 763/777/1528 771/778/1529 770/779/1530
s 32
f 763/777/1531 764/780/1532 772/781/1533 771/778/1534
s 33
f 764/780/1535 765/782/1536 773/783/1537 772/781/1538
s 34
f 765/782/1539 766/784/1540 774/785/1541 773/783/1542
s 35
f 766/784/1543 767/786/1544 775/787/1545 774/785/1546
s 36
f 767/786/1547 768/788/1548 776/789/1549 775/787/1550
s 37
f 768/788/1551 769/790/1552 777/791/1553 776/789/1554
s 38
f 769/790/1555 762/776/1556 770/779/1557 777/791/1558
s off
f 770/779/1559 771/778/1560 778/792/1561
f 771/778/1562 772/781/1563 778/792/1564
f 772/781/1565 773/783/1566 778/792/1567
f 773/783/1568 774/785/1569 778/792/1570
f 774/785/1571 775/787/1572 778/792/1573
f 775/787/1574 776/789/1575 778/792/1576
f 776/789/1577 777/791/1578 778/792/1579
f 777/791/1580 770/779/1581 778/792/1582
s 38
f 779/793/1583 780/794/1584 794/795/1585 793/796/1586
s 31
f 780/794/1587 779/793/1588 781/797/1589 782/798/1590
s 32
f 782/798/1591 781/797/1592 783/799/1593 784/800/1594
s 33
f 784/800/1595 783/799/1596 785/801/1597 786/802/1598
s 34
f 786/802/1599 785/801/1600 787/803/1601 788/804/1602
s 35
f 788/804/1603 787/803/1604 789/805/1605 790/806/1606
s 36
f 790/806/1607 789/805/1608 791/807/1609 792/808/1610
s 37
f 792/808/1611 791/807/1612 793/796/1613 794/795/1614
s 31
f 754/809/1615 755/810/1616 781/797/1589 779/793/1588
s 32
f 755/810/1617 756/811/1618 783/799/1593 781/797/1592
s 33
f 756/811/1619 757/812/1620 785/801/1597 783/799/1596
s 34
f 757/812/1621 758/813/1622 787/803/1601 785/801/1600
s 35
f 758/813/1623 759/814/1624 789/805/1605 787/803/1604
s 36
f 759/814/1625 760/815/1626 791/807/1609 789/805/1608
s 37
f 760/815/1627 761/816/1628 793/796/1613 791/807/1612
s 38
f 761/816/1629 754/809/1630 779/793/1583 793/796/1586
s 31
f 780/794/1587 782/798/1590 763/777/1528 762/776/1527
s 32
f 782/798/1591 784/800/1594 764/780/1532 763/777/1531
s 33
f 784/800/1595 786/802/1598 765/782/1536 764/780/1535
s 34
f 786/802/1599 788/804/1602 766/784/1540 765/782/1539
s 35
f 788/804/1603 790/806/1606 767/786/1544 766/784/1543
s 36
f 790/806/1607 792/808/1610 768/788/1548 767/786/1547
s 37
f 792/808/1611 794/795/1614 769/790/1552 768/788/1551
s 38
f 794/795/1585 780/794/1584 762/776/1556 769/790/1555
s off
f 810/817/1631 803/818/1632 795/819/1633 802/820/1634
f 803/818/1635 804/821/1636 796/822/1637 795/819/1638
f 804/821/1639 805/823/1640 797/824/1641 796/822/1642
f 805/823/1643 806/825/1644 798/826/1645 797/824/1646
f 806/825/1647 807/827/1648 799/828/1649 798/826/1650
f 807/827/1651 808/829/1652 800/830/1653 799/828/1654
f 808/829/1655 809/831/1656 801/832/1657 800/830/1658
f 809/831/1659 810/817/1660 802/820/1661 801/832/1662
g default
v -38.287762 1.733494 3.660238
v -38.836150 1.733494 1.716018
v -40.598690 1.733494 0.729015
v -42.542910 1.733494 1.277402
v -43.529914 1.733494 3.039943
v -42.981525 1.733494 4.984163
v -41.218986 1.733494 5.971166
v -39.274765 1.733494 5.422778
v -37.373656 -0.037264 3.768402
v -38.113295 -0.037264 1.146132
v -40.490525 -0.037264 -0.185091
v -43.112797 -0.037264 0.554549
v -44.444019 -0.037264 2.931778
v -43.704380 -0.037264 5.554049
v -41.327151 -0.037264 6.885273
v -38.704879 -0.037264 6.145632
v -40.889020 -0.346538 7.594010
v -37.893920 -0.346538 6.336982
v -36.664918 -0.346538 3.330274
v -37.921946 -0.346538 0.335172
v -40.928654 -0.346538 -0.893829
v -43.923755 -0.346538 0.363199
v -45.152757 -0.346538 3.369908
v -43.895729 -0.346538 6.365008
v -40.894543 2.714632 6.411227
v -38.734179 2.714632 5.504533
v -37.847701 2.714632 3.335796
v -38.754394 2.714632 1.175432
v -40.923132 2.714632 0.288953
v -43.083495 2.714632 1.195648
v -43.969975 2.714632 3.364384
v -43.063281 2.714632 5.524749
v -40.901102 3.653074 5.006766
v -39.731921 3.653074 4.516066
v -39.252162 3.653074 3.342355
v -39.742862 3.653074 2.173174
v -40.916573 3.653074 1.693416
v -42.085754 3.653074 2.184115
v -42.565513 3.653074 3.357826
v -42.074814 3.653074 4.527007
v -40.908837 3.982610 3.350091
v -40.889558 0.660881 7.478805
v -40.891914 1.871889 6.974323
v -37.975763 0.660881 6.255899
v -38.334151 1.871890 5.900843
v -36.780122 0.660881 3.330811
v -37.284604 1.871889 3.333167
v -38.003028 0.660881 0.417016
v -38.358085 1.871889 0.775404
v -40.928117 0.660881 -0.778625
v -40.925761 1.871889 -0.274142
v -43.841913 0.660881 0.444281
v -43.483524 1.871889 0.799338
v -45.037554 0.660881 3.369370
v -44.533070 1.871889 3.367015
v -43.814647 0.660881 6.283165
v -43.459591 1.871889 5.924777
v -36.864137 1.440409 4.848807
v -36.989049 1.440409 1.549809
v -39.410120 1.440409 -0.694610
v -42.709120 1.440409 -0.569698
v -44.953538 1.440409 1.851374
v -44.828625 1.440409 5.150373
v -42.407555 1.440409 7.394790
v -39.108556 1.440409 7.269878
v -37.991398 4.551690 4.431114
v -38.081496 4.551690 2.051548
v -39.827814 4.551690 0.432650
v -42.207380 4.551690 0.522750
v -43.826278 4.551690 2.269067
v -43.736178 4.551690 4.648633
v -41.989862 4.551690 6.267530
v -39.610295 4.551690 6.177431
v -39.329930 5.505492 3.935136
v -39.378691 5.505492 2.647325
v -40.323791 5.505492 1.771183
v -41.611604 5.505492 1.819945
v -42.487744 5.505492 2.765044
v -42.438984 5.505492 4.052857
v -41.493884 5.505492 4.928997
v -40.206072 5.505492 4.880236
v -40.908838 5.840424 3.350091
v -36.973934 2.464319 4.808123
v -37.454735 3.695152 4.629968
v -37.095456 2.464319 1.598679
v -37.561408 3.695153 1.812681
v -39.450804 2.464319 -0.584813
v -39.628959 3.695152 -0.104012
v -42.660249 2.464319 -0.463291
v -42.446246 3.695152 0.002660
v -44.843741 2.464319 1.892057
v -44.362940 3.695152 2.070213
v -44.722220 2.464319 5.101502
v -44.256268 3.695152 4.887500
v -42.366872 2.464319 7.284994
v -42.188716 3.695152 6.804193
v -39.157426 2.464319 7.163472
v -39.371428 3.695152 6.697521
vt 0.948654 0.170235
vt 0.943863 0.349777
vt 0.851230 0.309250
vt 0.853854 0.205650
vt 0.810650 0.473412
vt 0.774448 0.380702
vt 0.627062 0.468701
vt 0.668514 0.378112
vt 0.500664 0.338423
vt 0.595475 0.303032
vt 0.505476 0.158905
vt 0.598112 0.199438
vt 0.638669 0.035291
vt 0.674876 0.128007
vt 0.822233 0.039979
vt 0.780805 0.130579
vt 0.851230 0.309250
vt 0.774448 0.380702
vt 0.748125 0.317363
vt 0.786815 0.282689
vt 0.668514 0.378112
vt 0.695694 0.315122
vt 0.595475 0.303032
vt 0.660240 0.277284
vt 0.598112 0.199438
vt 0.662527 0.226013
vt 0.674876 0.128007
vt 0.701214 0.191342
vt 0.780805 0.130579
vt 0.753641 0.193579
vt 0.853854 0.205650
vt 0.789097 0.231415
vt 0.724671 0.254353
vt 0.943863 0.349777
vt 0.891447 0.325262
vt 0.893865 0.189153
vt 0.948654 0.170235
vt 0.810650 0.473412
vt 0.791315 0.419827
vt 0.627062 0.468701
vt 0.652140 0.417443
vt 0.500664 0.338423
vt 0.555459 0.319520
vt 0.505476 0.158905
vt 0.557893 0.183427
vt 0.638669 0.035291
vt 0.658009 0.088875
vt 0.822233 0.039979
vt 0.797170 0.091244
vt 0.987128 0.367692
vt 0.828282 0.516000
vt 0.608731 0.511007
vt 0.457113 0.355664
vt 0.462213 0.140985
vt 0.621030 -0.007296
vt 0.840548 -0.002335
vt 0.992198 0.152979
vt 0.731045 0.815879
vt 0.654263 0.888941
vt 0.627940 0.824175
vt 0.666630 0.788719
vt 0.548329 0.886292
vt 0.575509 0.821883
vt 0.475290 0.809521
vt 0.540055 0.783193
vt 0.477927 0.703592
vt 0.542342 0.730767
vt 0.554691 0.630552
vt 0.581029 0.695314
vt 0.660620 0.633182
vt 0.633456 0.697601
vt 0.733668 0.709944
vt 0.668912 0.736290
vt 0.604486 0.759745
vt 0.823678 0.857320
vt 0.771262 0.832252
vt 0.773680 0.693076
vt 0.828469 0.673731
vt 0.690465 0.983740
vt 0.671130 0.928948
vt 0.506877 0.978923
vt 0.531955 0.926511
vt 0.380479 0.845710
vt 0.435274 0.826381
vt 0.385291 0.662146
vt 0.437708 0.687221
vt 0.518484 0.535746
vt 0.537824 0.590538
vt 0.702048 0.540540
vt 0.676985 0.592961
vt 0.866943 0.875638
vt 0.708097 1.017426
vt 0.488546 1.012321
vt 0.336928 0.863339
vt 0.342028 0.643822
vt 0.500845 0.492199
vt 0.720362 0.497273
vt 0.872013 0.656086
vn 0.786510 0.432918 0.440437
vn 0.786510 0.432918 0.440437
vn 0.786510 0.432918 0.440437
vn 0.786510 0.432918 0.440437
vn 0.867582 0.432918 -0.244711
vn 0.867582 0.432918 -0.244711
vn 0.867582 0.432918 -0.244711
vn 0.867582 0.432918 -0.244711
vn 0.440437 0.432918 -0.786510
vn 0.440437 0.432918 -0.786510
vn 0.440437 0.432918 -0.786510
vn 0.440437 0.432918 -0.786510
vn -0.244711 0.432918 -0.867582
vn -0.244711 0.432918 -0.867582
vn -0.244711 0.432918 -0.867582
vn -0.244711 0.432918 -0.867582
vn -0.786510 0.432918 -0.440437
vn -0.786510 0.432918 -0.440437
vn -0.786510 0.432918 -0.440437
vn -0.786510 0.432918 -0.440437
vn -0.867582 0.432918 0.244711
vn -0.867582 0.432918 0.244711
vn -0.867582 0.432918 0.244711
vn -0.867582 0.432918 0.244711
vn -0.440437 0.432918 0.786509
vn -0.440437 0.432918 0.786509
vn -0.440437 0.432918 0.786509
vn -0.440437 0.432918 0.786509
vn 0.244711 0.432918 0.867582
vn 0.244711 0.432918 0.867582
vn 0.244711 0.432918 0.867582
vn 0.244711 0.432918 0.867582
vn 0.289289 0.664229 0.689284
vn 0.289289 0.664229 0.689284
vn 0.226789 0.810291 0.540366
vn 0.226789 0.810291 0.540366
vn 0.691955 0.664229 0.282839
vn 0.691955 0.664229 0.282839
vn 0.542460 0.810291 0.221733
vn 0.542460 0.810291 0.221733
vn 0.689284 0.664229 -0.289289
vn 0.689284 0.664229 -0.289289
vn 0.540366 0.810291 -0.226789
vn 0.540366 0.810291 -0.226789
vn 0.282839 0.664229 -0.691955
vn 0.282839 0.664229 -0.691955
vn 0.221732 0.810291 -0.542460
vn 0.221732 0.810291 -0.542461
vn -0.289289 0.664229 -0.689284
vn -0.289289 0.664229 -0.689284
vn -0.226789 0.810291 -0.540366
vn -0.226789 0.810291 -0.540366
vn -0.691955 0.664229 -0.282839
vn -0.691955 0.664229 -0.282839
vn -0.542461 0.810291 -0.221733
vn -0.542461 0.810291 -0.221733
vn -0.689284 0.664229 0.289289
vn -0.689284 0.664229 0.289289
vn -0.540366 0.810291 0.226789
vn -0.540366 0.810291 0.226789
vn -0.282839 0.664229 0.691956
vn -0.282839 0.664229 0.691955
vn -0.221732 0.810291 0.542461
vn -0.221732 0.810291 0.542461
vn 0.081454 0.977599 0.194078
vn 0.081454 0.977599 0.194078
vn 0.081454 0.977599 0.194078
vn 0.194830 0.977599 0.079638
vn 0.194830 0.977599 0.079638
vn 0.194830 0.977599 0.079638
vn 0.194078 0.977599 -0.081454
vn 0.194078 0.977599 -0.081454
vn 0.194078 0.977599 -0.081454
vn 0.079637 0.977599 -0.194831
vn 0.079637 0.977599 -0.194831
vn 0.079637 0.977599 -0.194831
vn -0.081454 0.977599 -0.194078
vn -0.081454 0.977599 -0.194078
vn -0.081454 0.977599 -0.194078
vn -0.194830 0.977599 -0.079637
vn -0.194830 0.977599 -0.079637
vn -0.194830 0.977599 -0.079637
vn -0.194078 0.977599 0.081453
vn -0.194078 0.977599 0.081453
vn -0.194078 0.977599 0.081453
vn -0.079637 0.977599 0.194830
vn -0.079637 0.977599 0.194830
vn -0.079637 0.977599 0.194830
vn -0.367586 0.236995 0.899285
vn -0.343795 0.417597 0.841082
vn -0.343795 0.417597 0.841082
vn -0.367586 0.236995 0.899285
vn 0.351635 0.417597 0.837834
vn 0.375968 0.236995 0.895813
vn 0.375968 0.236995 0.895813
vn 0.351635 0.417597 0.837834
vn 0.841081 0.417597 0.343795
vn 0.899285 0.236995 0.367586
vn 0.899285 0.236995 0.367586
vn 0.841081 0.417597 0.343795
vn 0.837834 0.417597 -0.351635
vn 0.895813 0.236994 -0.375968
vn 0.895813 0.236994 -0.375968
vn 0.837834 0.417597 -0.351635
vn 0.343795 0.417597 -0.841081
vn 0.367586 0.236995 -0.899285
vn 0.367586 0.236995 -0.899285
vn 0.343795 0.417597 -0.841081
vn -0.351635 0.417597 -0.837834
vn -0.375968 0.236995 -0.895813
vn -0.375968 0.236995 -0.895813
vn -0.351635 0.417597 -0.837834
vn -0.841081 0.417597 -0.343795
vn -0.899285 0.236995 -0.367586
vn -0.899285 0.236995 -0.367586
vn -0.841081 0.417597 -0.343795
vn -0.837834 0.417597 0.351635
vn -0.895813 0.236995 0.375968
vn -0.895813 0.236995 0.375968
vn -0.837834 0.417597 0.351635
vn 0.384852 0.105068 0.916979
vn 0.384852 0.105068 0.916979
vn 0.920533 0.105068 0.376271
vn 0.920533 0.105068 0.376271
vn 0.916979 0.105067 -0.384851
vn 0.916979 0.105067 -0.384852
vn 0.376271 0.105068 -0.920533
vn 0.376271 0.105068 -0.920533
vn -0.384852 0.105067 -0.916979
vn -0.384852 0.105067 -0.916979
vn -0.920533 0.105066 -0.376271
vn -0.920533 0.105066 -0.376271
vn -0.916979 0.105067 0.384852
vn -0.916979 0.105067 0.384852
vn -0.376271 0.105068 0.920533
vn -0.376271 0.105068 0.920533
vn 0.746994 0.664229 -0.028284
vn 0.746994 0.664229 -0.028284
vn 0.585607 0.810292 -0.022173
vn 0.585607 0.810292 -0.022173
vn 0.508205 0.664229 -0.548204
vn 0.508205 0.664229 -0.548204
vn 0.398408 0.810291 -0.429766
vn 0.398408 0.810291 -0.429766
vn -0.028284 0.664229 -0.746994
vn -0.028284 0.664229 -0.746994
vn -0.022173 0.810291 -0.585608
vn -0.022173 0.810291 -0.585608
vn -0.548204 0.664229 -0.508205
vn -0.548204 0.664229 -0.508205
vn -0.429766 0.810291 -0.398408
vn -0.429766 0.810291 -0.398408
vn -0.746994 0.664229 0.028284
vn -0.746994 0.664229 0.028284
vn -0.585608 0.810291 0.022173
vn -0.585608 0.810291 0.022173
vn -0.508205 0.664229 0.548204
vn -0.508205 0.664229 0.548204
vn -0.398408 0.810291 0.429766
vn -0.398408 0.810291 0.429766
vn 0.028284 0.664229 0.746994
vn 0.028284 0.664229 0.746994
vn 0.022173 0.810291 0.585608
vn 0.022173 0.810291 0.585608
vn 0.548204 0.664229 0.508205
vn 0.548204 0.664229 0.508205
vn 0.429766 0.810291 0.398408
vn 0.429766 0.810291 0.398408
vn 0.210327 0.977599 -0.007963
vn 0.210327 0.977599 -0.007963
vn 0.210327 0.977599 -0.007963
vn 0.143093 0.977599 -0.154355
vn 0.143093 0.977599 -0.154355
vn 0.143093 0.977599 -0.154355
vn -0.007964 0.977599 -0.210328
vn -0.007964 0.977599 -0.210328
vn -0.007964 0.977599 -0.210328
vn -0.154355 0.977599 -0.143093
vn -0.154355 0.977599 -0.143093
vn -0.154355 0.977599 -0.143093
vn -0.210328 0.977599 0.007964
vn -0.210328 0.977599 0.007964
vn -0.210328 0.977599 0.007964
vn -0.143093 0.977599 0.154354
vn -0.143093 0.977599 0.154354
vn -0.143093 0.977599 0.154354
vn 0.007964 0.977599 0.210327
vn 0.007964 0.977599 0.210327
vn 0.007964 0.977599 0.210327
vn 0.154355 0.977599 0.143093
vn 0.154355 0.977599 0.143093
vn 0.154355 0.977599 0.143093
vn 0.712462 0.236995 0.660478
vn 0.666350 0.417597 0.617730
vn 0.666350 0.417597 0.617730
vn 0.712462 0.236995 0.660478
vn 0.907982 0.417596 -0.034380
vn 0.970815 0.236995 -0.036759
vn 0.970815 0.236995 -0.036759
vn 0.907982 0.417596 -0.034380
vn 0.617730 0.417597 -0.666350
vn 0.660478 0.236995 -0.712462
vn 0.660478 0.236995 -0.712462
vn 0.617730 0.417597 -0.666350
vn -0.034380 0.417597 -0.907982
vn -0.036759 0.236995 -0.970815
vn -0.036759 0.236995 -0.970815
vn -0.034380 0.417597 -0.907982
vn -0.666350 0.417597 -0.617730
vn -0.712462 0.236995 -0.660478
vn -0.712462 0.236995 -0.660478
vn -0.666350 0.417597 -0.617730
vn -0.907982 0.417597 0.034379
vn -0.970815 0.236995 0.036758
vn -0.970815 0.236995 0.036758
vn -0.907982 0.417597 0.034379
vn -0.617730 0.417597 0.666350
vn -0.660478 0.236995 0.712462
vn -0.660478 0.236995 0.712462
vn -0.617730 0.417597 0.666350
vn 0.034379 0.417597 0.907982
vn 0.036759 0.236995 0.970815
vn 0.036759 0.236995 0.970815
vn 0.034379 0.417597 0.907982
vn 0.993753 0.105069 -0.037627
vn 0.993753 0.105069 -0.037627
vn 0.676083 0.105068 -0.729296
vn 0.676083 0.105068 -0.729296
vn -0.037627 0.105069 -0.993753
vn -0.037627 0.105069 -0.993753
vn -0.729296 0.105068 -0.676083
vn -0.729296 0.105068 -0.676083
vn -0.993753 0.105068 0.037627
vn -0.993753 0.105068 0.037627
vn -0.676083 0.105067 0.729296
vn -0.676083 0.105067 0.729296
vn 0.037627 0.105068 0.993753
vn 0.037627 0.105068 0.993753
vn 0.729296 0.105069 0.676083
vn 0.729296 0.105069 0.676083
s off
g polySurface256
usemtl ARBUSTOS02:aiStandardSurface1SG
f 826/833/1663 819/834/1664 811/835/1665 818/836/1666
f 819/834/1667 820/837/1668 812/838/1669 811/835/1670
f 820/837/1671 821/839/1672 813/840/1673 812/838/1674
f 821/839/1675 822/841/1676 814/842/1677 813/840/1678
f 822/841/1679 823/843/1680 815/844/1681 814/842/1682
f 823/843/1683 824/845/1684 816/846/1685 815/844/1686
f 824/845/1687 825/847/1688 817/848/1689 816/846/1690
f 825/847/1691 826/833/1692 818/836/1693 817/848/1694
s 1
f 835/849/1695 836/850/1696 844/851/1697 843/852/1698
s 2
f 836/850/1699 837/853/1700 845/854/1701 844/851/1702
s 3
f 837/853/1703 838/855/1704 846/856/1705 845/854/1706
s 4
f 838/855/1707 839/857/1708 847/858/1709 846/856/1710
s 5
f 839/857/1711 840/859/1712 848/860/1713 847/858/1714
s 6
f 840/859/1715 841/861/1716 849/862/1717 848/860/1718
s 7
f 841/861/1719 842/863/1720 850/864/1721 849/862/1722
s 8
f 842/863/1723 835/849/1724 843/852/1725 850/864/1726
s off
f 843/852/1727 844/851/1728 851/865/1729
f 844/851/1730 845/854/1731 851/865/1732
f 845/854/1733 846/856/1734 851/865/1735
f 846/856/1736 847/858/1737 851/865/1738
f 847/858/1739 848/860/1740 851/865/1741
f 848/860/1742 849/862/1743 851/865/1744
f 849/862/1745 850/864/1746 851/865/1747
f 850/864/1748 843/852/1749 851/865/1750
s 8
f 852/866/1751 853/867/1752 867/868/1753 866/869/1754
s 1
f 853/867/1755 852/866/1756 854/870/1757 855/871/1758
s 2
f 855/871/1759 854/870/1760 856/872/1761 857/873/1762
s 3
f 857/873/1763 856/872/1764 858/874/1765 859/875/1766
s 4
f 859/875/1767 858/874/1768 860/876/1769 861/877/1770
s 5
f 861/877/1771 860/876/1772 862/878/1773 863/879/1774
s 6
f 863/879/1775 862/878/1776 864/880/1777 865/881/1778
s 7
f 865/881/1779 864/880/1780 866/869/1781 867/868/1782
s 1
f 827/882/1783 828/883/1784 854/870/1757 852/866/1756
s 2
f 828/883/1785 829/884/1786 856/872/1761 854/870/1760
s 3
f 829/884/1787 830/885/1788 858/874/1765 856/872/1764
s 4
f 830/885/1789 831/886/1790 860/876/1769 858/874/1768
s 5
f 831/886/1791 832/887/1792 862/878/1773 860/876/1772
s 6
f 832/887/1793 833/888/1794 864/880/1777 862/878/1776
s 7
f 833/888/1795 834/889/1796 866/869/1781 864/880/1780
s 8
f 834/889/1797 827/882/1798 852/866/1751 866/869/1754
s 1
f 853/867/1755 855/871/1758 836/850/1696 835/849/1695
s 2
f 855/871/1759 857/873/1762 837/853/1700 836/850/1699
s 3
f 857/873/1763 859/875/1766 838/855/1704 837/853/1703
s 4
f 859/875/1767 861/877/1770 839/857/1708 838/855/1707
s 5
f 861/877/1771 863/879/1774 840/859/1712 839/857/1711
s 6
f 863/879/1775 865/881/1778 841/861/1716 840/859/1715
s 7
f 865/881/1779 867/868/1782 842/863/1720 841/861/1719
s 8
f 867/868/1753 853/867/1752 835/849/1724 842/863/1723
s 16
f 876/890/1799 877/891/1800 885/892/1801 884/893/1802
s 17
f 877/891/1803 878/894/1804 886/895/1805 885/892/1806
s 18
f 878/894/1807 879/896/1808 887/897/1809 886/895/1810
s 19
f 879/896/1811 880/898/1812 888/899/1813 887/897/1814
s 20
f 880/898/1815 881/900/1816 889/901/1817 888/899/1818
s 21
f 881/900/1819 882/902/1820 890/903/1821 889/901/1822
s 22
f 882/902/1823 883/904/1824 891/905/1825 890/903/1826
s 23
f 883/904/1827 876/890/1828 884/893/1829 891/905/1830
s off
f 884/893/1831 885/892/1832 892/906/1833
f 885/892/1834 886/895/1835 892/906/1836
f 886/895/1837 887/897/1838 892/906/1839
f 887/897/1840 888/899/1841 892/906/1842
f 888/899/1843 889/901/1844 892/906/1845
f 889/901/1846 890/903/1847 892/906/1848
f 890/903/1849 891/905/1850 892/906/1851
f 891/905/1852 884/893/1853 892/906/1854
s 23
f 893/907/1855 894/908/1856 908/909/1857 907/910/1858
s 16
f 894/908/1859 893/907/1860 895/911/1861 896/912/1862
s 17
f 896/912/1863 895/911/1864 897/913/1865 898/914/1866
s 18
f 898/914/1867 897/913/1868 899/915/1869 900/916/1870
s 19
f 900/916/1871 899/915/1872 901/917/1873 902/918/1874
s 20
f 902/918/1875 901/917/1876 903/919/1877 904/920/1878
s 21
f 904/920/1879 903/919/1880 905/921/1881 906/922/1882
s 22
f 906/922/1883 905/921/1884 907/910/1885 908/909/1886
s 16
f 868/923/1887 869/924/1888 895/911/1861 893/907/1860
s 17
f 869/924/1889 870/925/1890 897/913/1865 895/911/1864
s 18
f 870/925/1891 871/926/1892 899/915/1869 897/913/1868
s 19
f 871/926/1893 872/927/1894 901/917/1873 899/915/1872
s 20
f 872/927/1895 873/928/1896 903/919/1877 901/917/1876
s 21
f 873/928/1897 874/929/1898 905/921/1881 903/919/1880
s 22
f 874/929/1899 875/930/1900 907/910/1885 905/921/1884
s 23
f 875/930/1901 868/923/1902 893/907/1855 907/910/1858
s 16
f 894/908/1859 896/912/1862 877/891/1800 876/890/1799
s 17
f 896/912/1863 898/914/1866 878/894/1804 877/891/1803
s 18
f 898/914/1867 900/916/1870 879/896/1808 878/894/1807
s 19
f 900/916/1871 902/918/1874 880/898/1812 879/896/1811
s 20
f 902/918/1875 904/920/1878 881/900/1816 880/898/1815
s 21
f 904/920/1879 906/922/1882 882/902/1820 881/900/1819
s 22
f 906/922/1883 908/909/1886 883/904/1824 882/902/1823
s 23
f 908/909/1857 894/908/1856 876/890/1828 883/904/1827
g default
v -42.728153 -0.073991 4.446946
v -41.332968 -0.092541 1.710896
v -42.428363 -0.104527 -0.686200
v -45.198531 -0.092541 -2.186757
v -48.101794 -0.073991 -1.835423
v -50.878367 -0.082689 0.876060
v -49.901777 -0.086429 3.906014
v -45.740925 -0.082689 5.446430
v -43.901517 1.954546 3.331652
v -43.132673 1.867856 1.611116
v -43.715567 1.842625 -0.074177
v -45.406613 1.867856 -0.946056
v -47.215707 1.954546 -0.531541
v -48.215960 1.962581 1.195384
v -47.618190 1.966039 3.059203
v -45.758081 1.962581 3.956480
v -44.541935 4.089649 2.013397
v -43.987255 3.637693 0.776326
v -44.355834 4.123617 -0.494710
v -45.460846 4.069003 -0.777928
v -46.625875 4.094559 -0.381245
v -47.179371 4.096505 0.711201
v -46.800170 4.097242 1.874235
v -45.710452 4.096505 2.430073
v -44.764419 5.327277 1.207122
v -44.362724 4.676293 0.610178
v -44.633970 5.257560 -0.430955
v -45.449666 5.347443 -0.911984
v -46.312718 5.837674 -0.764497
v -46.724061 6.002770 0.003076
v -46.440175 6.001338 0.875610
v -45.626635 5.835415 1.344107
v -44.803467 9.864765 0.658141
v -44.336522 9.759677 0.128880
v -44.646207 9.759678 -0.659624
v -45.423390 9.864303 -1.247520
v -46.212843 9.963683 -0.991054
v -46.589645 9.963868 -0.251255
v -46.332950 9.964073 0.538399
v -45.592954 9.963868 0.915034
v -43.129347 4.092198 0.233317
v -41.486545 5.263731 -0.189059
v -40.585137 7.090418 -0.099526
v -40.501686 10.754038 0.232721
v -43.514356 4.509236 -0.777877
v -42.048031 5.602467 -1.042843
v -41.337582 7.238402 -0.720389
v -41.262083 11.023542 -0.199970
v -43.880274 5.297689 -0.276544
v -42.518318 6.034739 -0.314434
v -41.700188 7.602957 0.088937
v -41.593759 11.215266 0.719161
v -43.568494 4.743990 0.550340
v -41.922354 5.843573 0.262133
v -41.132458 7.477595 0.628602
v -40.935356 11.009504 1.201138
v -46.238326 7.916357 -1.238978
v -45.408607 7.603145 -1.435822
v -44.610354 7.506585 -0.906393
v -44.321698 7.188575 0.020324
v -44.752946 7.592321 0.586615
v -45.582223 7.915206 0.777906
v -46.362454 8.006075 0.351013
v -46.634025 8.006766 -0.483984
v -41.239670 6.658522 0.364985
v -41.836752 6.836241 -0.143396
v -41.480920 6.337978 -0.930954
v -40.752786 6.121999 -0.214181
v -42.738366 5.083217 0.326924
v -43.202395 5.406562 -0.330621
v -42.844292 4.771934 -0.962984
v -42.301449 4.424594 -0.055402
vt 0.005648 0.174176
vt 0.024593 0.079702
vt 0.099146 0.121993
vt 0.089870 0.180282
vt 0.498231 0.409983
vt 0.418599 0.433782
vt 0.390421 0.360089
vt 0.446315 0.342806
vt 0.328941 0.432650
vt 0.324980 0.360497
vt 0.253209 0.431865
vt 0.262151 0.348891
vt 0.148076 0.432170
vt 0.197444 0.330453
vt 0.081833 0.375810
vt 0.142296 0.295065
vt 0.028457 0.265088
vt 0.104105 0.240282
vt 0.161431 0.122616
vt 0.171204 0.168615
vt 0.363848 0.293361
vt 0.402662 0.300707
vt 0.327588 0.287147
vt 0.286592 0.275533
vt 0.246659 0.261314
vt 0.210671 0.239354
vt 0.184523 0.207585
vt 0.191950 0.128875
vt 0.214712 0.149249
vt 0.340062 0.247732
vt 0.367113 0.263080
vt 0.319270 0.221853
vt 0.294658 0.204978
vt 0.268120 0.188547
vt 0.242166 0.168757
vt 0.249951 0.091510
vt 0.271753 0.103889
vt 0.381030 0.296528
vt 0.398020 0.205514
vt 0.415789 0.229521
vt 0.376134 0.187977
vt 0.360365 0.167386
vt 0.340017 0.152060
vt 0.318140 0.136404
vt 0.296113 0.118946
vt 0.177787 0.912019
vt 0.105964 0.892606
vt 0.111820 0.848842
vt 0.169456 0.859703
vt 0.116118 0.773561
vt 0.165200 0.764889
vt 0.115276 0.687774
vt 0.163742 0.685556
vt 0.118232 0.514400
vt 0.161870 0.523220
vt 0.050194 0.870492
vt 0.064351 0.841801
vt 0.073050 0.764047
vt 0.074193 0.669127
vt 0.072558 0.499683
vt 0.283767 0.862984
vt 0.231321 0.891444
vt 0.211294 0.860998
vt 0.258652 0.841427
vt 0.208297 0.755578
vt 0.243206 0.770595
vt 0.206337 0.669075
vt 0.244579 0.676352
vt 0.213154 0.507172
vt 0.253712 0.505289
vt 0.398217 0.115905
vt 0.418072 0.132018
vt 0.442726 0.150632
vt 0.465981 0.165101
vt 0.308553 0.041112
vt 0.324971 0.055277
vt 0.343855 0.070171
vt 0.361102 0.086184
vt 0.378527 0.101600
vt 0.201771 0.707682
vt 0.077710 0.712635
vt 0.236032 0.722150
vt 0.119608 0.729936
vt 0.165536 0.722897
vt 0.206354 0.817448
vt 0.071916 0.812108
vt 0.246536 0.814833
vt 0.117342 0.818319
vt 0.166852 0.818035
vn 0.519367 0.633855 0.573136
vn 0.754775 0.654682 0.041308
vn 0.807485 0.586583 0.062360
vn 0.518263 0.610668 0.598739
vn 0.607377 0.593036 -0.528584
vn 0.650083 0.465101 -0.600894
vn 0.147066 0.551145 -0.821347
vn 0.123356 0.398912 -0.908654
vn -0.408373 0.654271 -0.636522
vn -0.480054 0.541950 -0.689810
vn -0.625959 0.771041 -0.116921
vn -0.708660 0.695783 -0.116988
vn -0.520440 0.737189 0.430923
vn -0.500281 0.666471 0.552753
vn -0.056913 0.608305 0.791660
vn -0.061630 0.601895 0.796193
vn 0.956532 0.286274 0.055621
vn 0.595048 0.539423 0.595769
vn 0.513513 -0.067956 -0.855387
vn 0.041650 0.019369 -0.998945
vn -0.630152 0.128389 -0.765784
vn -0.932802 0.348997 -0.089895
vn -0.646422 0.516409 0.561658
vn -0.055768 0.573735 0.817140
vn 0.859853 0.318789 0.398780
vn 0.646294 0.331079 0.687525
vn 0.092111 -0.157124 -0.983274
vn 0.709260 0.018566 -0.704702
vn -0.632255 -0.107005 -0.767335
vn -0.989068 0.111485 -0.096514
vn -0.725324 0.328572 0.604934
vn -0.057859 0.407949 0.911169
vn 0.998402 0.012064 0.055211
vn 0.586603 0.096294 0.804130
vn 0.778564 -0.041146 -0.626215
vn 0.179376 -0.073682 -0.981017
vn -0.595365 -0.022515 -0.803140
vn -0.991624 0.023648 -0.126971
vn -0.777960 0.074480 0.623884
vn -0.092859 0.102440 0.990396
vn 0.056500 -0.501129 -0.863526
vn 0.427115 -0.887966 0.170555
vn 0.110666 -0.376854 -0.919638
vn 0.597155 -0.798971 0.071074
vn 0.743953 -0.666395 0.049508
vn 0.129911 -0.108346 -0.985588
vn 0.185492 0.064621 -0.980519
vn 0.903517 -0.424019 -0.062169
vn 0.963053 -0.035106 -0.267012
vn -0.000653 0.146681 -0.989184
vn -0.418393 0.128928 -0.899069
vn 0.982903 -0.014418 -0.183559
vn -0.235380 0.948490 -0.212045
vn -0.513708 0.843535 -0.156696
vn -0.717554 0.691499 -0.083339
vn -0.910849 0.404498 0.082073
vn -0.993381 0.016114 0.113729
vn -0.970735 -0.012123 0.239846
vn 0.159952 0.416219 0.895085
vn 0.079556 0.190205 0.978516
vn -0.016546 0.000546 0.999863
vn 0.107246 -0.193256 0.975269
vn 0.316435 -0.162608 0.934573
vn 0.049528 -0.150648 0.987346
vn -0.632898 0.091899 -0.768762
vn 0.201070 0.100468 -0.974411
vn 0.805638 0.061538 -0.589203
vn 0.989695 0.013545 0.142552
vn 0.500743 -0.031712 0.865015
vn -0.122001 -0.060481 0.990686
vn -0.748472 -0.047372 0.661472
vn -0.998115 0.027082 -0.055070
s 1
g polySurface151 all1 polySurface154
usemtl aiStandardSurface1SG
f 909/931/1903 910/932/1904 918/933/1905 917/934/1906
f 910/935/1904 911/936/1907 919/937/1908 918/938/1905
f 911/936/1907 912/939/1909 920/940/1910 919/937/1908
f 912/939/1909 913/941/1911 921/942/1912 920/940/1910
f 913/941/1911 914/943/1913 922/944/1914 921/942/1912
f 914/943/1913 915/945/1915 923/946/1916 922/944/1914
f 915/945/1915 916/947/1917 924/948/1918 923/946/1916
f 916/947/1917 909/931/1903 917/934/1906 924/948/1918
f 917/934/1906 918/933/1905 926/949/1919 925/950/1920
f 918/938/1905 919/937/1908 927/951/1921 926/952/1919
f 919/937/1908 920/940/1910 928/953/1922 927/951/1921
f 920/940/1910 921/942/1912 929/954/1923 928/953/1922
f 921/942/1912 922/944/1914 930/955/1924 929/954/1923
f 922/944/1914 923/946/1916 931/956/1925 930/955/1924
f 923/946/1916 924/948/1918 932/957/1926 931/956/1925
f 924/948/1918 917/934/1906 925/950/1920 932/957/1926
f 925/950/1920 926/949/1919 934/958/1927 933/959/1928
f 927/951/1921 928/953/1922 936/960/1929 935/961/1930
f 928/953/1922 929/954/1923 937/962/1931 936/960/1929
f 929/954/1923 930/955/1924 938/963/1932 937/962/1931
f 930/955/1924 931/956/1925 939/964/1933 938/963/1932
f 931/956/1925 932/957/1926 940/965/1934 939/964/1933
f 932/957/1926 925/950/1920 933/959/1928 940/965/1934
f 933/959/1928 934/958/1927 968/966/1935 969/967/1936
f 934/968/1927 935/961/1930 967/969/1937 968/970/1935
f 935/961/1930 936/960/1929 966/971/1938 967/969/1937
f 936/960/1929 937/962/1931 965/972/1939 966/971/1938
f 937/962/1931 938/963/1932 972/973/1940 965/972/1939
f 938/963/1932 939/964/1933 971/974/1941 972/973/1940
f 939/964/1933 940/965/1934 970/975/1942 971/974/1941
f 940/965/1934 933/959/1928 969/967/1936 970/975/1942
g textureEditorIsolateSelectSet polySurface151 all1 polySurface154
f 926/976/1919 927/977/1921 953/978/1943 949/979/1944
f 949/979/1944 953/978/1943 979/1018/1945 980/1019/1946
f 950/981/1947 954/980/1948 975/1013/1949 976/1014/1950
f 951/983/1951 955/982/1952 956/984/1953 952/985/1954
f 927/977/1921 935/986/1930 957/987/1955 953/978/1943
f 953/978/1943 957/987/1955 978/1016/1956 979/1018/1945
f 954/980/1948 958/988/1957 974/1011/1958 975/1013/1949
f 955/982/1952 959/989/1959 960/990/1960 956/984/1953
f 935/991/1930 934/992/1927 961/993/1961 957/994/1955
f 957/994/1955 961/993/1961 977/1015/1962 978/1017/1956
f 958/996/1957 962/995/1963 973/1010/1964 974/1012/1958
f 959/998/1959 963/997/1965 964/999/1966 960/1000/1960
f 934/992/1927 926/976/1919 949/979/1944 961/993/1961
f 961/993/1961 949/979/1944 980/1019/1946 977/1015/1962
f 962/995/1963 950/981/1947 976/1014/1950 973/1010/1964
f 963/997/1965 951/983/1951 952/985/1954 964/999/1966
g polySurface151 all1 polySurface154
f 966/971/1938 965/972/1939 945/1001/1967 944/1002/1968
f 967/969/1937 966/971/1938 944/1002/1968 943/1003/1969
f 968/970/1935 967/969/1937 943/1003/1969 942/1004/1970
f 969/967/1936 968/966/1935 942/1005/1970 941/1006/1971
f 970/975/1942 969/967/1936 941/1006/1971 948/1007/1972
f 971/974/1941 970/975/1942 948/1007/1972 947/1008/1973
f 972/973/1940 971/974/1941 947/1008/1973 946/1009/1974
f 965/972/1939 972/973/1940 946/1009/1974 945/1001/1967
g textureEditorIsolateSelectSet polySurface151 all1 polySurface154
f 974/1012/1958 973/1010/1964 963/997/1965 959/998/1959
f 975/1013/1949 974/1011/1958 959/989/1959 955/982/1952
f 976/1014/1950 975/1013/1949 955/982/1952 951/983/1951
f 973/1010/1964 976/1014/1950 951/983/1951 963/997/1965
f 978/1017/1956 977/1015/1962 962/995/1963 958/996/1957
f 979/1018/1945 978/1016/1956 958/988/1957 954/980/1948
f 980/1019/1946 979/1018/1945 954/980/1948 950/981/1947
f 977/1015/1962 980/1019/1946 950/981/1947 962/995/1963
g default
v -42.219088 19.968656 -0.072425
v -43.171312 18.496110 3.572711
v -42.353357 14.672119 4.155406
v -40.682748 12.229687 0.453486
v -40.426424 14.713061 -2.924154
v -40.977567 18.466485 -3.337161
v -41.012331 19.148824 0.321884
v -41.644761 17.962064 2.752519
v -41.088524 15.378505 3.105238
v -39.977390 13.852838 0.774508
v -39.752741 15.438507 -1.518932
v -40.129153 17.940935 -1.803024
v -40.018763 18.002851 0.694470
v -40.314349 17.400780 1.918504
v -40.073061 16.134116 2.092385
v -39.563067 15.456554 0.997785
v -39.363822 16.145439 -0.203953
v -39.561852 17.395099 -0.357904
v -39.470360 16.804417 0.961885
v -43.171312 18.496110 3.572711
v -41.644761 17.962064 2.752519
v -41.012331 19.148824 0.321884
v -42.353357 14.672119 4.155406
v -41.088524 15.378505 3.105238
v -40.682748 12.229687 0.453486
v -39.977390 13.852838 0.774508
v -40.426424 14.713061 -2.924154
v -39.752741 15.438507 -1.518932
v -40.977567 18.466485 -3.337161
v -40.129153 17.940935 -1.803024
v -40.314349 17.400780 1.918504
v -40.018763 18.002851 0.694470
v -40.073061 16.134116 2.092385
v -39.563067 15.456554 0.997785
v -39.363822 16.145439 -0.203953
v -39.561852 17.395099 -0.357904
v -39.470360 16.804417 0.961885
vt 0.574124 0.489598
vt 0.627949 0.398441
vt 0.806066 0.401043
vt 0.430050 0.254698
vt 0.541301 0.252751
vt 0.575335 0.020458
vt 0.632764 0.109667
vt 0.864694 0.021106
vt 0.810876 0.112267
vt 1.008780 0.255999
vt 0.897529 0.257954
vt 0.676020 0.320126
vt 0.757644 0.322917
vt 0.637791 0.252563
vt 0.681186 0.187792
vt 0.762808 0.190583
vt 0.801038 0.258146
vt 0.719415 0.255355
vt 0.860054 0.490253
vt 0.802625 0.401043
vt 0.624508 0.398441
vt 0.570683 0.489598
vt 0.537859 0.252751
vt 0.426609 0.254698
vt 0.629323 0.109667
vt 0.571894 0.020458
vt 0.807435 0.112267
vt 0.861253 0.021106
vt 0.894087 0.257954
vt 1.005338 0.255999
vt 0.754202 0.322917
vt 0.672579 0.320126
vt 0.634350 0.252563
vt 0.677745 0.187792
vt 0.759367 0.190583
vt 0.797596 0.258146
vt 0.715973 0.255355
vt 0.574124 0.489598
vt 0.430050 0.254698
vt 0.575335 0.020458
vt 0.864694 0.021106
vt 1.008780 0.255999
vn -0.531377 -0.232867 -0.814501
vn -0.564848 -0.319033 -0.761029
vn -0.677342 0.104075 -0.728270
vn -0.652070 0.077283 -0.754209
vn -0.882433 0.404253 -0.240605
vn -0.874843 0.432444 -0.218271
vn -0.940632 0.154910 0.302016
vn -0.925826 0.154752 0.344815
vn -0.904984 -0.198608 0.376242
vn -0.882987 -0.079368 0.462638
vn -0.695230 -0.682172 -0.226486
vn -0.719291 -0.653051 -0.236949
vn -0.634899 -0.453277 -0.625654
vn -0.741822 0.027307 -0.670041
vn -0.921837 0.272624 -0.275486
vn -0.982962 0.089035 0.160807
vn -0.906977 -0.386568 0.167209
vn -0.933387 -0.198237 -0.299152
vn 0.565577 0.806030 0.174466
vn 0.523084 0.504034 0.687265
vn 0.541660 0.509255 0.668778
vn 0.603779 0.774978 0.186708
vn 0.652070 -0.077282 0.754209
vn 0.677342 -0.104074 0.728270
vn 0.874843 -0.432444 0.218271
vn 0.882434 -0.404252 0.240605
vn 0.925826 -0.154752 -0.344815
vn 0.940632 -0.154910 -0.302016
vn 0.829908 0.447378 -0.333323
vn 0.847363 0.436499 -0.302398
vn 0.634899 0.453277 0.625654
vn 0.719291 0.653051 0.236949
vn 0.741822 -0.027307 0.670041
vn 0.921837 -0.272624 0.275487
vn 0.982962 -0.089035 -0.160807
vn 0.906977 0.386568 -0.167209
vn 0.933387 0.198237 0.299152
vn 0.000000 0.000000 0.000000
vn 0.000000 0.000000 0.000000
vn 0.000000 0.000000 0.000000
vn 0.000000 0.000000 0.000000
vn 0.000000 0.000000 0.000000
vn 0.000000 0.000000 0.000000
vn 0.000000 0.000000 0.000000
vn 0.000000 0.000000 0.000000
vn 0.000000 0.000000 0.000000
vn 0.000000 0.000000 0.000000
vn 0.000000 0.000000 0.000000
vn 0.000000 0.000000 0.000000
vn 0.000000 0.000000 0.000000
vn 0.000000 0.000000 0.000000
vn 0.000000 0.000000 0.000000
vn 0.000000 0.000000 0.000000
s 1
g polySurface151 all1 polySurface153
usemtl aiStandardSurface1SG
f 1000/1020/1975 1001/1021/1976 1004/1024/1977 1003/1023/1978
f 1003/1023/1978 1004/1024/1977 1006/1026/1979 1005/1025/1980
f 1005/1025/1980 1006/1026/1979 1008/1028/1981 1007/1027/1982
f 1007/1027/1982 1008/1028/1981 1010/1030/1983 1009/1029/1984
f 1002/1022/1985 1012/1032/1986 1011/1031/1987 1001/1021/1976
f 1001/1021/1976 1011/1031/1987 1013/1033/1988 1004/1024/1977
f 1004/1024/1977 1013/1033/1988 1014/1034/1989 1006/1026/1979
f 1006/1026/1979 1014/1034/1989 1015/1035/1990 1008/1028/1981
f 1008/1028/1981 1015/1035/1990 1016/1036/1991 1010/1030/1983
f 1010/1030/1983 1016/1036/1991 1012/1032/1986 1002/1022/1985
f 1012/1032/1986 1017/1037/1992 1011/1031/1987
f 1011/1031/1987 1017/1037/1992 1013/1033/1988
f 1013/1033/1988 1017/1037/1992 1014/1034/1989
f 1014/1034/1989 1017/1037/1992 1015/1035/1990
f 1015/1035/1990 1017/1037/1992 1016/1036/1991
f 1016/1036/1991 1017/1037/1992 1012/1032/1986
s 3
f 981/1038/1993 982/1041/1994 988/1040/1995 987/1039/1996
f 982/1041/1994 983/1043/1997 989/1042/1998 988/1040/1995
f 983/1043/1997 984/1045/1999 990/1044/2000 989/1042/1998
f 984/1045/1999 985/1047/2001 991/1046/2002 990/1044/2000
f 985/1047/2001 986/1049/2003 992/1048/2004 991/1046/2002
f 986/1049/2003 981/1038/1993 987/1039/1996 992/1048/2004
f 987/1039/1996 988/1040/1995 994/1051/2005 993/1050/2006
f 988/1040/1995 989/1042/1998 995/1052/2007 994/1051/2005
f 989/1042/1998 990/1044/2000 996/1053/2008 995/1052/2007
f 990/1044/2000 991/1046/2002 997/1054/2009 996/1053/2008
f 991/1046/2002 992/1048/2004 998/1055/2010 997/1054/2009
f 992/1048/2004 987/1039/1996 993/1050/2006 998/1055/2010
f 993/1050/2006 994/1051/2005 999/1056/2011
f 994/1051/2005 995/1052/2007 999/1056/2011
f 995/1052/2007 996/1053/2008 999/1056/2011
f 996/1053/2008 997/1054/2009 999/1056/2011
f 997/1054/2009 998/1055/2010 999/1056/2011
f 998/1055/2010 993/1050/2006 999/1056/2011
s off
f 982/1057/2012 1000/1020/2013 1003/1023/2014 983/1058/2015
f 983/1058/2016 1003/1023/2017 1005/1025/2018 984/1059/2019
f 984/1059/2020 1005/1025/2021 1007/1027/2022 985/1060/2023
f 985/1060/2024 1007/1027/2025 1009/1029/2026 986/1061/2027
g default
v -21.879606 1.763958 21.250242
v -20.464080 1.763958 20.278867
v -20.150018 1.763958 18.591073
v -21.121394 1.763958 17.175546
v -22.809188 1.763958 16.861484
v -24.224714 1.763958 17.832860
v -24.538776 1.763958 19.520654
v -23.567401 1.763958 20.936180
v -22.009144 3.381878 20.638667
v -20.988126 3.381878 19.938015
v -20.761593 3.381878 18.720610
v -21.462245 3.381878 17.699592
v -22.679650 3.381878 17.473059
v -23.700668 3.381878 18.173711
v -23.927201 3.381878 19.391116
v -23.226549 3.381878 20.412134
v -22.162959 3.877872 19.912470
v -21.610388 3.877872 19.533280
v -21.487790 3.877872 18.874425
v -21.866980 3.877872 18.321854
v -22.525835 3.877872 18.199256
v -23.078406 3.877872 18.578446
v -23.201004 3.877872 19.237301
v -22.821814 3.877872 19.789872
v -22.344397 4.052042 19.055863
v -21.892223 2.296409 21.190674
v -21.947474 2.936463 20.929824
v -20.515123 2.296409 20.245667
v -20.738640 2.936464 20.100286
v -20.209586 2.296409 18.603690
v -20.470436 2.936463 18.658940
v -21.154593 2.296409 17.226589
v -21.299974 2.936463 17.450106
v -22.796570 2.296409 16.921052
v -22.741320 2.936463 17.181902
v -24.173671 2.296409 17.866059
v -23.950155 2.936463 18.011439
v -24.479208 2.296409 19.508036
v -24.218358 2.936463 19.452786
v -23.534201 2.296409 20.885137
v -23.388821 2.936463 20.661621
v -24.067398 0.489377 17.490160
v -24.669862 0.489377 19.167090
v -23.910100 0.489377 20.778864
v -22.233170 0.489377 21.381328
v -20.621396 0.489377 20.621566
v -20.018932 0.489377 18.944637
v -20.778694 0.489377 17.332862
v -22.455624 0.489377 16.730398
v -23.587197 2.168651 17.926522
v -24.021753 2.168651 19.136091
v -23.473738 2.168651 20.298663
v -22.264170 2.168651 20.733220
v -21.101597 2.168651 20.185204
v -20.667041 2.168651 18.975635
v -21.215056 2.168651 17.813064
v -22.424625 2.168651 17.378506
v -23.016995 2.683455 18.444668
v -23.252176 2.683455 19.099282
v -22.955592 2.683455 19.728461
v -22.300978 2.683455 19.963642
v -21.671799 2.683455 19.667058
v -21.436618 2.683455 19.012444
v -21.733202 2.683455 18.383265
v -22.387816 2.683455 18.148084
v -22.344397 2.864229 19.055863
v -24.020626 1.042020 17.532662
v -23.815810 1.706346 17.718780
v -24.606735 1.042020 19.164070
v -24.330303 1.706346 19.150848
v -23.867598 1.042020 20.732092
v -23.681480 1.706346 20.527276
v -22.236190 1.042020 21.318201
v -22.249412 1.706346 21.041769
v -20.668168 1.042020 20.579064
v -20.872985 1.706346 20.392946
v -20.082059 1.042020 18.947656
v -20.358491 1.706346 18.960878
v -20.821196 1.042020 17.379634
v -21.007314 1.706346 17.584451
v -22.452604 1.042020 16.793525
v -22.439383 1.706346 17.069957
v -24.204502 -0.478277 20.243539
v -22.819876 -0.478277 21.210969
v -21.156722 -0.478277 20.915968
v -20.189291 -0.478277 19.531342
v -20.484292 -0.478277 17.868187
v -21.868918 -0.478277 16.900757
v -23.532073 -0.478277 17.195758
v -24.499503 -0.478277 18.580384
v -23.686090 1.113584 19.912533
v -22.687360 1.113584 20.610340
v -21.487727 1.113584 20.397555
v -20.789920 1.113584 19.398826
v -21.002704 1.113584 18.199193
v -22.001434 1.113584 17.501386
v -23.201067 1.113584 17.714170
v -23.898874 1.113584 18.712900
v -23.070516 1.601590 19.519489
v -22.530007 1.601590 19.897140
v -21.880771 1.601590 19.781982
v -21.503120 1.601590 19.241473
v -21.618278 1.601590 18.592237
v -22.158787 1.601590 18.214586
v -22.808023 1.601590 18.329744
v -23.185674 1.601590 18.870253
v -22.344397 1.772955 19.055863
v -24.154008 0.045598 20.211298
v -23.932894 0.675344 20.070117
v -22.806969 0.045598 21.152467
v -22.750448 0.675344 20.896286
v -21.188962 0.045598 20.865474
v -21.330143 0.675344 20.644360
v -20.247793 0.045598 19.518435
v -20.503974 0.675344 19.461914
v -20.534786 0.045598 17.900428
v -20.755900 0.675344 18.041609
v -21.881825 0.045598 16.959259
v -21.938346 0.675344 17.215440
v -23.499833 0.045598 17.246252
v -23.358651 0.675344 17.467366
v -24.441001 0.045598 18.593291
v -24.184820 0.675344 18.649812
v -21.752600 0.603376 20.294236
v -21.050271 0.603376 19.513062
v -21.106024 0.603376 18.464066
v -21.887199 0.603376 17.761737
v -22.936194 0.603376 17.817489
v -23.638523 0.603376 18.598664
v -23.582771 0.603376 19.647660
v -22.801596 0.603376 20.349989
v -21.546209 -0.317449 20.726122
v -20.598942 -0.317449 19.672510
v -20.674138 -0.317449 18.257675
v -21.727750 -0.317449 17.310408
v -23.142585 -0.317449 17.385604
v -24.089852 -0.317449 18.439215
v -24.014657 -0.317449 19.854051
v -22.961045 -0.317449 20.801318
vt 0.731045 0.815879
vt 0.654263 0.888941
vt 0.627940 0.824175
vt 0.666630 0.788719
vt 0.548329 0.886292
vt 0.575509 0.821883
vt 0.475290 0.809521
vt 0.540055 0.783193
vt 0.477927 0.703592
vt 0.542342 0.730767
vt 0.554691 0.630552
vt 0.581029 0.695314
vt 0.660620 0.633182
vt 0.633456 0.697601
vt 0.733668 0.709944
vt 0.668912 0.736290
vt 0.604486 0.759745
vt 0.823678 0.857320
vt 0.771262 0.832252
vt 0.773680 0.693076
vt 0.828469 0.673731
vt 0.690465 0.983740
vt 0.671130 0.928948
vt 0.506877 0.978923
vt 0.531955 0.926511
vt 0.380479 0.845710
vt 0.435274 0.826381
vt 0.385291 0.662146
vt 0.437708 0.687221
vt 0.518484 0.535746
vt 0.537824 0.590538
vt 0.702048 0.540540
vt 0.676985 0.592961
vt 0.866943 0.875638
vt 0.708097 1.018723
vt 0.488546 1.013617
vt 0.336928 0.863339
vt 0.342028 0.643822
vt 0.500845 0.492199
vt 0.720362 0.497273
vt 0.872013 0.656086
vt 0.851230 0.309250
vt 0.774448 0.380702
vt 0.748125 0.317363
vt 0.786815 0.282689
vt 0.668514 0.378112
vt 0.695694 0.315122
vt 0.595475 0.303032
vt 0.660240 0.277284
vt 0.598112 0.199438
vt 0.662527 0.226013
vt 0.674876 0.128007
vt 0.701214 0.191342
vt 0.780805 0.130579
vt 0.753641 0.193579
vt 0.853854 0.205650
vt 0.789097 0.231415
vt 0.724671 0.254353
vt 0.943863 0.349777
vt 0.891447 0.325262
vt 0.893865 0.189153
vt 0.948654 0.170235
vt 0.810650 0.473412
vt 0.791315 0.419827
vt 0.627062 0.468701
vt 0.652140 0.417443
vt 0.500664 0.338423
vt 0.555459 0.319520
vt 0.505476 0.158905
vt 0.557893 0.183427
vt 0.638669 0.035291
vt 0.658009 0.088875
vt 0.822233 0.039979
vt 0.797170 0.091244
vt 0.987128 0.367692
vt 0.828282 0.516000
vt 0.608731 0.511007
vt 0.457113 0.355664
vt 0.462213 0.140985
vt 0.621030 -0.007296
vt 0.840548 -0.002335
vt 0.992198 0.152979
vt 0.851230 0.309250
vt 0.774448 0.380702
vt 0.748125 0.317363
vt 0.786815 0.282689
vt 0.668514 0.378112
vt 0.695694 0.315122
vt 0.595475 0.303032
vt 0.660240 0.277284
vt 0.598112 0.199438
vt 0.662527 0.226013
vt 0.674876 0.128007
vt 0.701214 0.191342
vt 0.780805 0.130579
vt 0.753641 0.193579
vt 0.853854 0.205650
vt 0.789097 0.231415
vt 0.724671 0.254353
vt 0.943863 0.349777
vt 0.891447 0.325262
vt 0.893865 0.189153
vt 0.948654 0.170235
vt 0.810650 0.473412
vt 0.791315 0.419827
vt 0.627062 0.468701
vt 0.652140 0.417443
vt 0.500664 0.338423
vt 0.555459 0.319520
vt 0.505476 0.158905
vt 0.557893 0.183427
vt 0.638669 0.035291
vt 0.658009 0.088875
vt 0.822233 0.039979
vt 0.797170 0.091244
vt 0.987128 0.367692
vt 0.828282 0.516000
vt 0.608731 0.511007
vt 0.457113 0.355664
vt 0.462213 0.140985
vt 0.621030 -0.007296
vt 0.840548 -0.002335
vt 0.992198 0.152979
vt 0.948654 0.170235
vt 0.943863 0.349777
vt 0.851230 0.309250
vt 0.853854 0.205650
vt 0.810650 0.473412
vt 0.774448 0.380702
vt 0.627062 0.468701
vt 0.668514 0.378112
vt 0.500664 0.338423
vt 0.595475 0.303032
vt 0.505476 0.158905
vt 0.598112 0.199438
vt 0.638669 0.035291
vt 0.674876 0.128007
vt 0.822233 0.039979
vt 0.780805 0.130579
vn 0.422965 0.664229 0.616361
vn 0.422965 0.664229 0.616361
vn 0.331584 0.810291 0.483198
vn 0.331584 0.810291 0.483198
vn 0.734914 0.664229 0.136752
vn 0.734914 0.664229 0.136752
vn 0.576138 0.810291 0.107207
vn 0.576138 0.810291 0.107207
vn 0.616361 0.664229 -0.422965
vn 0.616361 0.664229 -0.422965
vn 0.483198 0.810291 -0.331584
vn 0.483198 0.810291 -0.331584
vn 0.136752 0.664229 -0.734914
vn 0.136752 0.664229 -0.734914
vn 0.107207 0.810291 -0.576138
vn 0.107207 0.810291 -0.576138
vn -0.422965 0.664229 -0.616361
vn -0.422965 0.664229 -0.616361
vn -0.331584 0.810291 -0.483198
vn -0.331584 0.810291 -0.483198
vn -0.734914 0.664229 -0.136752
vn -0.734914 0.664229 -0.136752
vn -0.576138 0.810291 -0.107207
vn -0.576138 0.810291 -0.107207
vn -0.616361 0.664229 0.422965
vn -0.616361 0.664229 0.422965
vn -0.483198 0.810291 0.331584
vn -0.483198 0.810291 0.331584
vn -0.136752 0.664229 0.734914
vn -0.136752 0.664229 0.734914
vn -0.107207 0.810291 0.576138
vn -0.107207 0.810291 0.576138
vn 0.119092 0.977599 0.173545
vn 0.119092 0.977599 0.173545
vn 0.119092 0.977599 0.173545
vn 0.206926 0.977599 0.038504
vn 0.206926 0.977599 0.038504
vn 0.206926 0.977599 0.038504
vn 0.173546 0.977599 -0.119092
vn 0.173546 0.977599 -0.119092
vn 0.173546 0.977598 -0.119092
vn 0.038505 0.977599 -0.206926
vn 0.038505 0.977599 -0.206926
vn 0.038505 0.977599 -0.206926
vn -0.119092 0.977599 -0.173546
vn -0.119092 0.977599 -0.173546
vn -0.119092 0.977599 -0.173546
vn -0.206926 0.977599 -0.038504
vn -0.206926 0.977599 -0.038504
vn -0.206926 0.977599 -0.038504
vn -0.173546 0.977599 0.119092
vn -0.173546 0.977599 0.119092
vn -0.173546 0.977599 0.119092
vn -0.038504 0.977599 0.206926
vn -0.038504 0.977599 0.206926
vn -0.038504 0.977599 0.206926
vn -0.177727 0.236995 0.955116
vn -0.166224 0.417597 0.893299
vn -0.166224 0.417597 0.893299
vn -0.177727 0.236995 0.955116
vn 0.514120 0.417597 0.749195
vn 0.549698 0.236995 0.801041
vn 0.549698 0.236995 0.801041
vn 0.514120 0.417597 0.749195
vn 0.893299 0.417597 0.166224
vn 0.955116 0.236995 0.177727
vn 0.955116 0.236995 0.177727
vn 0.893299 0.417597 0.166224
vn 0.749195 0.417597 -0.514120
vn 0.801041 0.236995 -0.549698
vn 0.801041 0.236995 -0.549698
vn 0.749195 0.417597 -0.514120
vn 0.166224 0.417597 -0.893299
vn 0.177727 0.236995 -0.955116
vn 0.177727 0.236995 -0.955116
vn 0.166224 0.417597 -0.893299
vn -0.514120 0.417597 -0.749195
vn -0.549698 0.236995 -0.801041
vn -0.549698 0.236995 -0.801041
vn -0.514120 0.417597 -0.749195
vn -0.893299 0.417597 -0.166223
vn -0.955116 0.236995 -0.177726
vn -0.955116 0.236995 -0.177726
vn -0.893299 0.417597 -0.166224
vn -0.749195 0.417597 0.514120
vn -0.801041 0.236995 0.549698
vn -0.801041 0.236995 0.549698
vn -0.749195 0.417597 0.514120
vn 0.562685 0.105068 0.819967
vn 0.562685 0.105068 0.819967
vn 0.977683 0.105068 0.181926
vn 0.977683 0.105068 0.181926
vn 0.819967 0.105068 -0.562685
vn 0.819967 0.105068 -0.562685
vn 0.181926 0.105068 -0.977683
vn 0.181926 0.105068 -0.977683
vn -0.562685 0.105068 -0.819967
vn -0.562685 0.105068 -0.819967
vn -0.977683 0.105067 -0.181926
vn -0.977683 0.105067 -0.181926
vn -0.819967 0.105068 0.562685
vn -0.819967 0.105068 0.562685
vn -0.181926 0.105068 0.977683
vn -0.181926 0.105068 0.977683
vn -0.703505 0.664229 -0.252746
vn -0.703505 0.664229 -0.252746
vn -0.551515 0.810291 -0.198141
vn -0.551515 0.810291 -0.198141
vn -0.676171 0.664229 0.318735
vn -0.676171 0.664229 0.318735
vn -0.530087 0.810291 0.249874
vn -0.530087 0.810291 0.249874
vn -0.252746 0.664229 0.703506
vn -0.252746 0.664229 0.703505
vn -0.198141 0.810291 0.551515
vn -0.198141 0.810291 0.551515
vn 0.318735 0.664229 0.676172
vn 0.318735 0.664229 0.676172
vn 0.249874 0.810291 0.530087
vn 0.249874 0.810291 0.530087
vn 0.703505 0.664229 0.252746
vn 0.703505 0.664229 0.252746
vn 0.551515 0.810291 0.198141
vn 0.551515 0.810291 0.198141
vn 0.676172 0.664229 -0.318735
vn 0.676172 0.664229 -0.318735
vn 0.530087 0.810291 -0.249873
vn 0.530087 0.810291 -0.249873
vn 0.252746 0.664229 -0.703506
vn 0.252746 0.664229 -0.703505
vn 0.198141 0.810291 -0.551515
vn 0.198141 0.810291 -0.551515
vn -0.318735 0.664229 -0.676171
vn -0.318735 0.664229 -0.676171
vn -0.249874 0.810291 -0.530087
vn -0.249874 0.810291 -0.530087
vn -0.198082 0.977599 -0.071164
vn -0.198082 0.977599 -0.071164
vn -0.198082 0.977599 -0.071164
vn -0.190386 0.977599 0.089745
vn -0.190386 0.977599 0.089745
vn -0.190386 0.977599 0.089745
vn -0.071165 0.977599 0.198082
vn -0.071165 0.977599 0.198082
vn -0.071165 0.977599 0.198082
vn 0.089744 0.977599 0.190386
vn 0.089744 0.977599 0.190386
vn 0.089744 0.977599 0.190386
vn 0.198082 0.977599 0.071164
vn 0.198082 0.977599 0.071164
vn 0.198082 0.977599 0.071164
vn 0.190386 0.977598 -0.089744
vn 0.190386 0.977599 -0.089744
vn 0.190386 0.977599 -0.089744
vn 0.071165 0.977599 -0.198082
vn 0.071165 0.977599 -0.198082
vn 0.071165 0.977599 -0.198082
vn -0.089745 0.977599 -0.190386
vn -0.089745 0.977599 -0.190386
vn -0.089745 0.977599 -0.190386
vn -0.414238 0.236995 -0.878772
vn -0.387427 0.417597 -0.821896
vn -0.387427 0.417597 -0.821896
vn -0.414238 0.236995 -0.878772
vn -0.855121 0.417597 -0.307216
vn -0.914296 0.236995 -0.328475
vn -0.914296 0.236995 -0.328475
vn -0.855121 0.417597 -0.307216
vn -0.821896 0.417597 0.387427
vn -0.878772 0.236995 0.414238
vn -0.878772 0.236995 0.414238
vn -0.821896 0.417597 0.387427
vn -0.307216 0.417597 0.855121
vn -0.328475 0.236995 0.914296
vn -0.328475 0.236995 0.914296
vn -0.307216 0.417597 0.855121
vn 0.387427 0.417597 0.821896
vn 0.414238 0.236995 0.878772
vn 0.414237 0.236995 0.878772
vn 0.387427 0.417597 0.821896
vn 0.855121 0.417597 0.307216
vn 0.914296 0.236995 0.328476
vn 0.914296 0.236995 0.328476
vn 0.855121 0.417597 0.307216
vn 0.821896 0.417597 -0.387427
vn 0.878772 0.236995 -0.414238
vn 0.878772 0.236995 -0.414238
vn 0.821896 0.417597 -0.387427
vn 0.307216 0.417597 -0.855121
vn 0.328476 0.236995 -0.914296
vn 0.328476 0.236995 -0.914296
vn 0.307216 0.417597 -0.855121
vn -0.935898 0.105068 -0.336236
vn -0.935898 0.105068 -0.336236
vn -0.899535 0.105068 0.424025
vn -0.899535 0.105068 0.424025
vn -0.336236 0.105068 0.935898
vn -0.336237 0.105068 0.935898
vn 0.424025 0.105068 0.899535
vn 0.424025 0.105068 0.899535
vn 0.935898 0.105068 0.336236
vn 0.935898 0.105068 0.336236
vn 0.899535 0.105068 -0.424025
vn 0.899535 0.105068 -0.424025
vn 0.336237 0.105068 -0.935898
vn 0.336237 0.105068 -0.935898
vn -0.424025 0.105068 -0.899535
vn -0.424025 0.105068 -0.899535
vn -0.428143 0.664229 0.612775
vn -0.428143 0.664229 0.612775
vn -0.335644 0.810291 0.480387
vn -0.335644 0.810291 0.480387
vn 0.130555 0.664229 0.736040
vn 0.130555 0.664229 0.736040
vn 0.102349 0.810291 0.577021
vn 0.102349 0.810291 0.577021
vn 0.612775 0.664229 0.428143
vn 0.612775 0.664229 0.428143
vn 0.480387 0.810291 0.335644
vn 0.480387 0.810291 0.335644
vn 0.736040 0.664229 -0.130555
vn 0.736040 0.664229 -0.130555
vn 0.577021 0.810291 -0.102349
vn 0.577021 0.810291 -0.102349
vn 0.428143 0.664229 -0.612775
vn 0.428143 0.664229 -0.612775
vn 0.335644 0.810291 -0.480387
vn 0.335644 0.810291 -0.480387
vn -0.130555 0.664229 -0.736040
vn -0.130555 0.664229 -0.736041
vn -0.102349 0.810291 -0.577021
vn -0.102349 0.810291 -0.577021
vn -0.612775 0.664229 -0.428143
vn -0.612775 0.664229 -0.428143
vn -0.480387 0.810291 -0.335644
vn -0.480387 0.810291 -0.335644
vn -0.736041 0.664229 0.130555
vn -0.736040 0.664229 0.130555
vn -0.577021 0.810291 0.102349
vn -0.577021 0.810291 0.102349
vn -0.120550 0.977599 0.172536
vn -0.120550 0.977599 0.172536
vn -0.120550 0.977599 0.172536
vn 0.036759 0.977599 0.207243
vn 0.036759 0.977599 0.207243
vn 0.036759 0.977599 0.207243
vn 0.172536 0.977598 0.120550
vn 0.172536 0.977599 0.120550
vn 0.172536 0.977598 0.120550
vn 0.207243 0.977599 -0.036760
vn 0.207243 0.977599 -0.036760
vn 0.207243 0.977599 -0.036760
vn 0.120550 0.977599 -0.172536
vn 0.120550 0.977599 -0.172536
vn 0.120550 0.977599 -0.172536
vn -0.036760 0.977598 -0.207243
vn -0.036760 0.977598 -0.207243
vn -0.036760 0.977598 -0.207243
vn -0.172536 0.977599 -0.120550
vn -0.172536 0.977599 -0.120550
vn -0.172536 0.977599 -0.120550
vn -0.207243 0.977599 0.036760
vn -0.207243 0.977599 0.036760
vn -0.207243 0.977599 0.036760
vn -0.956580 0.236995 0.169673
vn -0.894668 0.417597 0.158691
vn -0.894668 0.417597 0.158691
vn -0.956580 0.236995 0.169673
vn -0.520414 0.417597 0.744837
vn -0.556427 0.236995 0.796381
vn -0.556427 0.236995 0.796381
vn -0.520414 0.417597 0.744837
vn 0.158691 0.417597 0.894668
vn 0.169673 0.236995 0.956580
vn 0.169673 0.236995 0.956580
vn 0.158691 0.417597 0.894668
vn 0.744837 0.417597 0.520414
vn 0.796381 0.236995 0.556427
vn 0.796381 0.236995 0.556427
vn 0.744837 0.417597 0.520414
vn 0.894668 0.417597 -0.158691
vn 0.956580 0.236995 -0.169673
vn 0.956580 0.236995 -0.169673
vn 0.894668 0.417597 -0.158691
vn 0.520414 0.417597 -0.744837
vn 0.556427 0.236995 -0.796381
vn 0.556427 0.236995 -0.796381
vn 0.520414 0.417597 -0.744837
vn -0.158691 0.417597 -0.894668
vn -0.169673 0.236995 -0.956580
vn -0.169673 0.236995 -0.956580
vn -0.158691 0.417597 -0.894668
vn -0.744837 0.417597 -0.520414
vn -0.796381 0.236995 -0.556427
vn -0.796381 0.236995 -0.556427
vn -0.744837 0.417597 -0.520414
vn -0.569574 0.105069 0.815197
vn -0.569574 0.105069 0.815197
vn 0.173682 0.105068 0.979181
vn 0.173682 0.105068 0.979181
vn 0.815197 0.105068 0.569574
vn 0.815197 0.105068 0.569574
vn 0.979181 0.105068 -0.173682
vn 0.979181 0.105068 -0.173682
vn 0.569574 0.105068 -0.815197
vn 0.569574 0.105068 -0.815197
vn -0.173682 0.105068 -0.979181
vn -0.173682 0.105068 -0.979181
vn -0.815197 0.105067 -0.569574
vn -0.815197 0.105067 -0.569574
vn -0.979181 0.105068 0.173682
vn -0.979181 0.105068 0.173682
vn 0.047842 0.432918 0.900163
vn 0.047842 0.432918 0.900163
vn 0.047842 0.432918 0.900163
vn 0.047842 0.432918 0.900163
vn 0.670341 0.432918 0.602682
vn 0.670341 0.432918 0.602682
vn 0.670341 0.432918 0.602682
vn 0.670341 0.432918 0.602682
vn 0.900163 0.432918 -0.047842
vn 0.900163 0.432918 -0.047842
vn 0.900163 0.432918 -0.047842
vn 0.900163 0.432918 -0.047842
vn 0.602682 0.432918 -0.670341
vn 0.602682 0.432918 -0.670341
vn 0.602682 0.432918 -0.670341
vn 0.602682 0.432918 -0.670341
vn -0.047842 0.432918 -0.900163
vn -0.047842 0.432918 -0.900163
vn -0.047842 0.432918 -0.900163
vn -0.047842 0.432918 -0.900163
vn -0.670341 0.432918 -0.602681
vn -0.670341 0.432918 -0.602681
vn -0.670341 0.432918 -0.602682
vn -0.670341 0.432918 -0.602681
vn -0.900163 0.432918 0.047842
vn -0.900163 0.432918 0.047842
vn -0.900163 0.432918 0.047842
vn -0.900163 0.432918 0.047842
vn -0.602681 0.432918 0.670341
vn -0.602681 0.432918 0.670341
vn -0.602682 0.432918 0.670341
vn -0.602681 0.432918 0.670341
s 1
g polySurface264
usemtl ARBUSTOS02:aiStandardSurface1SG
f 1026/1062/2028 1027/1063/2029 1035/1064/2030 1034/1065/2031
s 2
f 1027/1063/2032 1028/1066/2033 1036/1067/2034 1035/1064/2035
s 3
f 1028/1066/2036 1029/1068/2037 1037/1069/2038 1036/1067/2039
s 4
f 1029/1068/2040 1030/1070/2041 1038/1071/2042 1037/1069/2043
s 5
f 1030/1070/2044 1031/1072/2045 1039/1073/2046 1038/1071/2047
s 6
f 1031/1072/2048 1032/1074/2049 1040/1075/2050 1039/1073/2051
s 7
f 1032/1074/2052 1033/1076/2053 1041/1077/2054 1040/1075/2055
s 8
f 1033/1076/2056 1026/1062/2057 1034/1065/2058 1041/1077/2059
s off
f 1034/1065/2060 1035/1064/2061 1042/1078/2062
f 1035/1064/2063 1036/1067/2064 1042/1078/2065
f 1036/1067/2066 1037/1069/2067 1042/1078/2068
f 1037/1069/2069 1038/1071/2070 1042/1078/2071
f 1038/1071/2072 1039/1073/2073 1042/1078/2074
f 1039/1073/2075 1040/1075/2076 1042/1078/2077
f 1040/1075/2078 1041/1077/2079 1042/1078/2080
f 1041/1077/2081 1034/1065/2082 1042/1078/2083
s 8
f 1043/1079/2084 1044/1080/2085 1058/1081/2086 1057/1082/2087
s 1
f 1044/1080/2088 1043/1079/2089 1045/1083/2090 1046/1084/2091
s 2
f 1046/1084/2092 1045/1083/2093 1047/1085/2094 1048/1086/2095
s 3
f 1048/1086/2096 1047/1085/2097 1049/1087/2098 1050/1088/2099
s 4
f 1050/1088/2100 1049/1087/2101 1051/1089/2102 1052/1090/2103
s 5
f 1052/1090/2104 1051/1089/2105 1053/1091/2106 1054/1092/2107
s 6
f 1054/1092/2108 1053/1091/2109 1055/1093/2110 1056/1094/2111
s 7
f 1056/1094/2112 1055/1093/2113 1057/1082/2114 1058/1081/2115
s 1
f 1018/1095/2116 1019/1096/2117 1045/1083/2090 1043/1079/2089
s 2
f 1019/1096/2118 1020/1097/2119 1047/1085/2094 1045/1083/2093
s 3
f 1020/1097/2120 1021/1098/2121 1049/1087/2098 1047/1085/2097
s 4
f 1021/1098/2122 1022/1099/2123 1051/1089/2102 1049/1087/2101
s 5
f 1022/1099/2124 1023/1100/2125 1053/1091/2106 1051/1089/2105
s 6
f 1023/1100/2126 1024/1101/2127 1055/1093/2110 1053/1091/2109
s 7
f 1024/1101/2128 1025/1102/2129 1057/1082/2114 1055/1093/2113
s 8
f 1025/1102/2130 1018/1095/2131 1043/1079/2084 1057/1082/2087
s 1
f 1044/1080/2088 1046/1084/2091 1027/1063/2029 1026/1062/2028
s 2
f 1046/1084/2092 1048/1086/2095 1028/1066/2033 1027/1063/2032
s 3
f 1048/1086/2096 1050/1088/2099 1029/1068/2037 1028/1066/2036
s 4
f 1050/1088/2100 1052/1090/2103 1030/1070/2041 1029/1068/2040
s 5
f 1052/1090/2104 1054/1092/2107 1031/1072/2045 1030/1070/2044
s 6
f 1054/1092/2108 1056/1094/2111 1032/1074/2049 1031/1072/2048
s 7
f 1056/1094/2112 1058/1081/2115 1033/1076/2053 1032/1074/2052
s 8
f 1058/1081/2086 1044/1080/2085 1026/1062/2057 1033/1076/2056
s 16
f 1067/1103/2132 1068/1104/2133 1076/1105/2134 1075/1106/2135
s 17
f 1068/1104/2136 1069/1107/2137 1077/1108/2138 1076/1105/2139
s 18
f 1069/1107/2140 1070/1109/2141 1078/1110/2142 1077/1108/2143
s 19
f 1070/1109/2144 1071/1111/2145 1079/1112/2146 1078/1110/2147
s 20
f 1071/1111/2148 1072/1113/2149 1080/1114/2150 1079/1112/2151
s 21
f 1072/1113/2152 1073/1115/2153 1081/1116/2154 1080/1114/2155
s 22
f 1073/1115/2156 1074/1117/2157 1082/1118/2158 1081/1116/2159
s 23
f 1074/1117/2160 1067/1103/2161 1075/1106/2162 1082/1118/2163
s off
f 1075/1106/2164 1076/1105/2165 1083/1119/2166
f 1076/1105/2167 1077/1108/2168 1083/1119/2169
f 1077/1108/2170 1078/1110/2171 1083/1119/2172
f 1078/1110/2173 1079/1112/2174 1083/1119/2175
f 1079/1112/2176 1080/1114/2177 1083/1119/2178
f 1080/1114/2179 1081/1116/2180 1083/1119/2181
f 1081/1116/2182 1082/1118/2183 1083/1119/2184
f 1082/1118/2185 1075/1106/2186 1083/1119/2187
s 23
f 1084/1120/2188 1085/1121/2189 1099/1122/2190 1098/1123/2191
s 16
f 1085/1121/2192 1084/1120/2193 1086/1124/2194 1087/1125/2195
s 17
f 1087/1125/2196 1086/1124/2197 1088/1126/2198 1089/1127/2199
s 18
f 1089/1127/2200 1088/1126/2201 1090/1128/2202 1091/1129/2203
s 19
f 1091/1129/2204 1090/1128/2205 1092/1130/2206 1093/1131/2207
s 20
f 1093/1131/2208 1092/1130/2209 1094/1132/2210 1095/1133/2211
s 21
f 1095/1133/2212 1094/1132/2213 1096/1134/2214 1097/1135/2215
s 22
f 1097/1135/2216 1096/1134/2217 1098/1123/2218 1099/1122/2219
s 16
f 1059/1136/2220 1060/1137/2221 1086/1124/2194 1084/1120/2193
s 17
f 1060/1137/2222 1061/1138/2223 1088/1126/2198 1086/1124/2197
s 18
f 1061/1138/2224 1062/1139/2225 1090/1128/2202 1088/1126/2201
s 19
f 1062/1139/2226 1063/1140/2227 1092/1130/2206 1090/1128/2205
s 20
f 1063/1140/2228 1064/1141/2229 1094/1132/2210 1092/1130/2209
s 21
f 1064/1141/2230 1065/1142/2231 1096/1134/2214 1094/1132/2213
s 22
f 1065/1142/2232 1066/1143/2233 1098/1123/2218 1096/1134/2217
s 23
f 1066/1143/2234 1059/1136/2235 1084/1120/2188 1098/1123/2191
s 16
f 1085/1121/2192 1087/1125/2195 1068/1104/2133 1067/1103/2132
s 17
f 1087/1125/2196 1089/1127/2199 1069/1107/2137 1068/1104/2136
s 18
f 1089/1127/2200 1091/1129/2203 1070/1109/2141 1069/1107/2140
s 19
f 1091/1129/2204 1093/1131/2207 1071/1111/2145 1070/1109/2144
s 20
f 1093/1131/2208 1095/1133/2211 1072/1113/2149 1071/1111/2148
s 21
f 1095/1133/2212 1097/1135/2215 1073/1115/2153 1072/1113/2152
s 22
f 1097/1135/2216 1099/1122/2219 1074/1117/2157 1073/1115/2156
s 23
f 1099/1122/2190 1085/1121/2189 1067/1103/2161 1074/1117/2160
s 31
f 1108/1144/2236 1109/1145/2237 1117/1146/2238 1116/1147/2239
s 32
f 1109/1145/2240 1110/1148/2241 1118/1149/2242 1117/1146/2243
s 33
f 1110/1148/2244 1111/1150/2245 1119/1151/2246 1118/1149/2247
s 34
f 1111/1150/2248 1112/1152/2249 1120/1153/2250 1119/1151/2251
s 35
f 1112/1152/2252 1113/1154/2253 1121/1155/2254 1120/1153/2255
s 36
f 1113/1154/2256 1114/1156/2257 1122/1157/2258 1121/1155/2259
s 37
f 1114/1156/2260 1115/1158/2261 1123/1159/2262 1122/1157/2263
s 38
f 1115/1158/2264 1108/1144/2265 1116/1147/2266 1123/1159/2267
s off
f 1116/1147/2268 1117/1146/2269 1124/1160/2270
f 1117/1146/2271 1118/1149/2272 1124/1160/2273
f 1118/1149/2274 1119/1151/2275 1124/1160/2276
f 1119/1151/2277 1120/1153/2278 1124/1160/2279
f 1120/1153/2280 1121/1155/2281 1124/1160/2282
f 1121/1155/2283 1122/1157/2284 1124/1160/2285
f 1122/1157/2286 1123/1159/2287 1124/1160/2288
f 1123/1159/2289 1116/1147/2290 1124/1160/2291
s 38
f 1125/1161/2292 1126/1162/2293 1140/1163/2294 1139/1164/2295
s 31
f 1126/1162/2296 1125/1161/2297 1127/1165/2298 1128/1166/2299
s 32
f 1128/1166/2300 1127/1165/2301 1129/1167/2302 1130/1168/2303
s 33
f 1130/1168/2304 1129/1167/2305 1131/1169/2306 1132/1170/2307
s 34
f 1132/1170/2308 1131/1169/2309 1133/1171/2310 1134/1172/2311
s 35
f 1134/1172/2312 1133/1171/2313 1135/1173/2314 1136/1174/2315
s 36
f 1136/1174/2316 1135/1173/2317 1137/1175/2318 1138/1176/2319
s 37
f 1138/1176/2320 1137/1175/2321 1139/1164/2322 1140/1163/2323
s 31
f 1100/1177/2324 1101/1178/2325 1127/1165/2298 1125/1161/2297
s 32
f 1101/1178/2326 1102/1179/2327 1129/1167/2302 1127/1165/2301
s 33
f 1102/1179/2328 1103/1180/2329 1131/1169/2306 1129/1167/2305
s 34
f 1103/1180/2330 1104/1181/2331 1133/1171/2310 1131/1169/2309
s 35
f 1104/1181/2332 1105/1182/2333 1135/1173/2314 1133/1171/2313
s 36
f 1105/1182/2334 1106/1183/2335 1137/1175/2318 1135/1173/2317
s 37
f 1106/1183/2336 1107/1184/2337 1139/1164/2322 1137/1175/2321
s 38
f 1107/1184/2338 1100/1177/2339 1125/1161/2292 1139/1164/2295
s 31
f 1126/1162/2296 1128/1166/2299 1109/1145/2237 1108/1144/2236
s 32
f 1128/1166/2300 1130/1168/2303 1110/1148/2241 1109/1145/2240
s 33
f 1130/1168/2304 1132/1170/2307 1111/1150/2245 1110/1148/2244
s 34
f 1132/1170/2308 1134/1172/2311 1112/1152/2249 1111/1150/2248
s 35
f 1134/1172/2312 1136/1174/2315 1113/1154/2253 1112/1152/2252
s 36
f 1136/1174/2316 1138/1176/2319 1114/1156/2257 1113/1154/2256
s 37
f 1138/1176/2320 1140/1163/2323 1115/1158/2261 1114/1156/2260
s 38
f 1140/1163/2294 1126/1162/2293 1108/1144/2265 1115/1158/2264
s off
f 1156/1185/2340 1149/1186/2341 1141/1187/2342 1148/1188/2343
f 1149/1186/2344 1150/1189/2345 1142/1190/2346 1141/1187/2347
f 1150/1189/2348 1151/1191/2349 1143/1192/2350 1142/1190/2351
f 1151/1191/2352 1152/1193/2353 1144/1194/2354 1143/1192/2355
f 1152/1193/2356 1153/1195/2357 1145/1196/2358 1144/1194/2359
f 1153/1195/2360 1154/1197/2361 1146/1198/2362 1145/1196/2363
f 1154/1197/2364 1155/1199/2365 1147/1200/2366 1146/1198/2367
f 1155/1199/2368 1156/1185/2369 1148/1188/2370 1147/1200/2371
g default
v -31.114505 1.733494 17.157730
v -31.662892 1.733494 15.213510
v -33.425432 1.733494 14.226507
v -35.369653 1.733494 14.774895
v -36.356656 1.733494 16.537436
v -35.808268 1.733494 18.481655
v -34.045729 1.733494 19.468658
v -32.101507 1.733494 18.920270
v -30.200399 -0.037264 17.265895
v -30.940038 -0.037264 14.643624
v -33.317268 -0.037264 13.312402
v -35.939539 -0.037264 14.052041
v -37.270762 -0.037264 16.429271
v -36.531123 -0.037264 19.051542
v -34.153894 -0.037264 20.382765
v -31.531621 -0.037264 19.643124
v -33.715762 -0.346538 21.091503
v -30.720662 -0.346538 19.834474
v -29.491660 -0.346538 16.827767
v -30.748689 -0.346538 13.832665
v -33.755397 -0.346538 12.603663
v -36.750497 -0.346538 13.860692
v -37.979499 -0.346538 16.867401
v -36.722472 -0.346538 19.862500
v -33.721286 2.714632 19.908719
v -31.560922 2.714632 19.002026
v -30.674443 2.714632 16.833289
v -31.581137 2.714632 14.672925
v -33.749874 2.714632 13.786445
v -35.910238 2.714632 14.693140
v -36.796717 2.714632 16.861877
v -35.890023 2.714632 19.022241
v -33.727844 3.653074 18.504258
v -32.558663 3.653074 18.013559
v -32.078904 3.653074 16.839847
v -32.569604 3.653074 15.670666
v -33.743316 3.653074 15.190908
v -34.912497 3.653074 15.681607
v -35.392255 3.653074 16.855319
v -34.901556 3.653074 18.024500
v -33.735580 3.982610 16.847583
v -33.716300 0.660881 20.976298
v -33.718657 1.871889 20.471815
v -30.802506 0.660881 19.753392
v -31.160894 1.871890 19.398335
v -29.606864 0.660881 16.828303
v -30.111346 1.871889 16.830659
v -30.829770 0.660881 13.914508
v -31.184827 1.871889 14.272897
v -33.754859 0.660881 12.718867
v -33.752504 1.871889 13.223350
v -36.668655 0.660881 13.941773
v -36.310267 1.871889 14.296830
v -37.864296 0.660881 16.866863
v -37.359813 1.871889 16.864508
v -36.641390 0.660881 19.780658
v -36.286333 1.871889 19.422270
v -29.690879 1.440409 18.346300
v -29.815791 1.440409 15.047301
v -32.236862 1.440409 12.802882
v -35.535862 1.440409 12.927794
v -37.780280 1.440409 15.348866
v -37.655367 1.440409 18.647865
v -35.234298 1.440409 20.892283
v -31.935298 1.440409 20.767371
v -30.818140 4.551690 17.928607
v -30.908239 4.551690 15.549041
v -32.654556 4.551690 13.930143
v -35.034122 4.551690 14.020243
v -36.653020 4.551690 15.766560
v -36.562921 4.551690 18.146125
v -34.816605 4.551690 19.765023
v -32.437038 4.551690 19.674924
v -32.156673 5.505492 17.432629
v -32.205434 5.505492 16.144817
v -33.150534 5.505492 15.268676
v -34.438346 5.505492 15.317437
v -35.314487 5.505492 16.262537
v -35.265726 5.505492 17.550349
v -34.320626 5.505492 18.426490
v -33.032814 5.505492 18.377729
v -33.735581 5.840424 16.847583
v -29.800676 2.464319 18.305616
v -30.281477 3.695152 18.127461
v -29.922198 2.464319 15.096171
v -30.388150 3.695153 15.310174
v -32.277546 2.464319 12.912680
v -32.455702 3.695152 13.393480
v -35.486991 2.464319 13.034202
v -35.272989 3.695152 13.500152
v -37.670483 2.464319 15.389550
v -37.189682 3.695152 15.567706
v -37.548962 2.464319 18.598995
v -37.083011 3.695152 18.384992
v -35.193614 2.464319 20.782487
v -35.015458 3.695152 20.301685
v -31.984168 2.464319 20.660965
v -32.198171 3.695152 20.195013
vt 0.948654 0.170235
vt 0.943863 0.349777
vt 0.851230 0.309250
vt 0.853854 0.205650
vt 0.810650 0.473412
vt 0.774448 0.380702
vt 0.627062 0.468701
vt 0.668514 0.378112
vt 0.500664 0.338423
vt 0.595475 0.303032
vt 0.505476 0.158905
vt 0.598112 0.199438
vt 0.638669 0.035291
vt 0.674876 0.128007
vt 0.822233 0.039979
vt 0.780805 0.130579
vt 0.851230 0.309250
vt 0.774448 0.380702
vt 0.748125 0.317363
vt 0.786815 0.282689
vt 0.668514 0.378112
vt 0.695694 0.315122
vt 0.595475 0.303032
vt 0.660240 0.277284
vt 0.598112 0.199438
vt 0.662527 0.226013
vt 0.674876 0.128007
vt 0.701214 0.191342
vt 0.780805 0.130579
vt 0.753641 0.193579
vt 0.853854 0.205650
vt 0.789097 0.231415
vt 0.724671 0.254353
vt 0.943863 0.349777
vt 0.891447 0.325262
vt 0.893865 0.189153
vt 0.948654 0.170235
vt 0.810650 0.473412
vt 0.791315 0.419827
vt 0.627062 0.468701
vt 0.652140 0.417443
vt 0.500664 0.338423
vt 0.555459 0.319520
vt 0.505476 0.158905
vt 0.557893 0.183427
vt 0.638669 0.035291
vt 0.658009 0.088875
vt 0.822233 0.039979
vt 0.797170 0.091244
vt 0.987128 0.367692
vt 0.828282 0.516000
vt 0.608731 0.511007
vt 0.457113 0.355664
vt 0.462213 0.140985
vt 0.621030 -0.007296
vt 0.840548 -0.002335
vt 0.992198 0.152979
vt 0.731045 0.815879
vt 0.654263 0.888941
vt 0.627940 0.824175
vt 0.666630 0.788719
vt 0.548329 0.886292
vt 0.575509 0.821883
vt 0.475290 0.809521
vt 0.540055 0.783193
vt 0.477927 0.703592
vt 0.542342 0.730767
vt 0.554691 0.630552
vt 0.581029 0.695314
vt 0.660620 0.633182
vt 0.633456 0.697601
vt 0.733668 0.709944
vt 0.668912 0.736290
vt 0.604486 0.759745
vt 0.823678 0.857320
vt 0.771262 0.832252
vt 0.773680 0.693076
vt 0.828469 0.673731
vt 0.690465 0.983740
vt 0.671130 0.928948
vt 0.506877 0.978923
vt 0.531955 0.926511
vt 0.380479 0.845710
vt 0.435274 0.826381
vt 0.385291 0.662146
vt 0.437708 0.687221
vt 0.518484 0.535746
vt 0.537824 0.590538
vt 0.702048 0.540540
vt 0.676985 0.592961
vt 0.866943 0.875638
vt 0.708097 1.017426
vt 0.488546 1.012321
vt 0.336928 0.863339
vt 0.342028 0.643822
vt 0.500845 0.492199
vt 0.720362 0.497273
vt 0.872013 0.656086
vn 0.786510 0.432918 0.440437
vn 0.786510 0.432918 0.440437
vn 0.786510 0.432918 0.440437
vn 0.786510 0.432918 0.440437
vn 0.867582 0.432918 -0.244711
vn 0.867582 0.432918 -0.244711
vn 0.867582 0.432918 -0.244711
vn 0.867582 0.432918 -0.244711
vn 0.440437 0.432918 -0.786510
vn 0.440437 0.432918 -0.786510
vn 0.440437 0.432918 -0.786510
vn 0.440437 0.432918 -0.786510
vn -0.244711 0.432918 -0.867582
vn -0.244711 0.432918 -0.867582
vn -0.244711 0.432918 -0.867582
vn -0.244711 0.432918 -0.867582
vn -0.786510 0.432918 -0.440437
vn -0.786510 0.432918 -0.440437
vn -0.786510 0.432918 -0.440437
vn -0.786510 0.432918 -0.440437
vn -0.867582 0.432918 0.244711
vn -0.867582 0.432918 0.244711
vn -0.867582 0.432918 0.244711
vn -0.867582 0.432918 0.244711
vn -0.440437 0.432918 0.786509
vn -0.440437 0.432918 0.786509
vn -0.440437 0.432918 0.786509
vn -0.440437 0.432918 0.786509
vn 0.244711 0.432918 0.867582
vn 0.244711 0.432918 0.867582
vn 0.244711 0.432918 0.867582
vn 0.244711 0.432918 0.867582
vn 0.289289 0.664229 0.689284
vn 0.289289 0.664229 0.689284
vn 0.226789 0.810291 0.540366
vn 0.226789 0.810291 0.540366
vn 0.691955 0.664229 0.282839
vn 0.691955 0.664229 0.282839
vn 0.542460 0.810291 0.221733
vn 0.542460 0.810291 0.221733
vn 0.689284 0.664229 -0.289289
vn 0.689284 0.664229 -0.289289
vn 0.540366 0.810291 -0.226789
vn 0.540366 0.810291 -0.226789
vn 0.282839 0.664229 -0.691955
vn 0.282839 0.664229 -0.691955
vn 0.221732 0.810291 -0.542460
vn 0.221732 0.810291 -0.542461
vn -0.289289 0.664229 -0.689284
vn -0.289289 0.664229 -0.689284
vn -0.226789 0.810291 -0.540366
vn -0.226789 0.810291 -0.540366
vn -0.691955 0.664229 -0.282839
vn -0.691955 0.664229 -0.282839
vn -0.542461 0.810291 -0.221733
vn -0.542461 0.810291 -0.221733
vn -0.689284 0.664229 0.289289
vn -0.689284 0.664229 0.289289
vn -0.540366 0.810291 0.226789
vn -0.540366 0.810291 0.226789
vn -0.282839 0.664229 0.691956
vn -0.282839 0.664229 0.691955
vn -0.221732 0.810291 0.542461
vn -0.221732 0.810291 0.542461
vn 0.081454 0.977599 0.194078
vn 0.081454 0.977599 0.194078
vn 0.081454 0.977599 0.194078
vn 0.194830 0.977599 0.079638
vn 0.194830 0.977599 0.079638
vn 0.194830 0.977599 0.079638
vn 0.194078 0.977599 -0.081454
vn 0.194078 0.977599 -0.081454
vn 0.194078 0.977599 -0.081454
vn 0.079637 0.977599 -0.194831
vn 0.079637 0.977599 -0.194831
vn 0.079637 0.977599 -0.194831
vn -0.081454 0.977599 -0.194078
vn -0.081454 0.977599 -0.194078
vn -0.081454 0.977599 -0.194078
vn -0.194830 0.977599 -0.079637
vn -0.194830 0.977599 -0.079637
vn -0.194830 0.977599 -0.079637
vn -0.194078 0.977599 0.081453
vn -0.194078 0.977599 0.081453
vn -0.194078 0.977599 0.081453
vn -0.079637 0.977599 0.194830
vn -0.079637 0.977599 0.194830
vn -0.079637 0.977599 0.194830
vn -0.367586 0.236995 0.899285
vn -0.343795 0.417597 0.841082
vn -0.343795 0.417597 0.841082
vn -0.367586 0.236995 0.899285
vn 0.351635 0.417597 0.837834
vn 0.375968 0.236995 0.895813
vn 0.375968 0.236995 0.895813
vn 0.351635 0.417597 0.837834
vn 0.841081 0.417597 0.343795
vn 0.899285 0.236995 0.367586
vn 0.899285 0.236995 0.367586
vn 0.841081 0.417597 0.343795
vn 0.837834 0.417597 -0.351635
vn 0.895813 0.236994 -0.375968
vn 0.895813 0.236994 -0.375968
vn 0.837834 0.417597 -0.351635
vn 0.343795 0.417597 -0.841081
vn 0.367586 0.236995 -0.899285
vn 0.367586 0.236995 -0.899285
vn 0.343795 0.417597 -0.841081
vn -0.351635 0.417597 -0.837834
vn -0.375968 0.236995 -0.895813
vn -0.375968 0.236995 -0.895813
vn -0.351635 0.417597 -0.837834
vn -0.841081 0.417597 -0.343795
vn -0.899285 0.236995 -0.367586
vn -0.899285 0.236995 -0.367586
vn -0.841081 0.417597 -0.343795
vn -0.837834 0.417597 0.351635
vn -0.895813 0.236995 0.375968
vn -0.895813 0.236995 0.375968
vn -0.837834 0.417597 0.351635
vn 0.384852 0.105068 0.916979
vn 0.384852 0.105068 0.916979
vn 0.920533 0.105068 0.376271
vn 0.920533 0.105068 0.376271
vn 0.916979 0.105067 -0.384851
vn 0.916979 0.105067 -0.384852
vn 0.376271 0.105068 -0.920533
vn 0.376271 0.105068 -0.920533
vn -0.384852 0.105067 -0.916979
vn -0.384852 0.105067 -0.916979
vn -0.920533 0.105066 -0.376271
vn -0.920533 0.105066 -0.376271
vn -0.916979 0.105067 0.384852
vn -0.916979 0.105067 0.384852
vn -0.376271 0.105068 0.920533
vn -0.376271 0.105068 0.920533
vn 0.746994 0.664229 -0.028284
vn 0.746994 0.664229 -0.028284
vn 0.585607 0.810292 -0.022173
vn 0.585607 0.810292 -0.022173
vn 0.508205 0.664229 -0.548204
vn 0.508205 0.664229 -0.548204
vn 0.398408 0.810291 -0.429766
vn 0.398408 0.810291 -0.429766
vn -0.028284 0.664229 -0.746994
vn -0.028284 0.664229 -0.746994
vn -0.022173 0.810291 -0.585608
vn -0.022173 0.810291 -0.585608
vn -0.548204 0.664229 -0.508205
vn -0.548204 0.664229 -0.508205
vn -0.429766 0.810291 -0.398408
vn -0.429766 0.810291 -0.398408
vn -0.746994 0.664229 0.028284
vn -0.746994 0.664229 0.028284
vn -0.585608 0.810291 0.022173
vn -0.585608 0.810291 0.022173
vn -0.508205 0.664229 0.548204
vn -0.508205 0.664229 0.548204
vn -0.398408 0.810291 0.429766
vn -0.398408 0.810291 0.429766
vn 0.028284 0.664229 0.746994
vn 0.028284 0.664229 0.746994
vn 0.022173 0.810291 0.585608
vn 0.022173 0.810291 0.585608
vn 0.548204 0.664229 0.508205
vn 0.548204 0.664229 0.508205
vn 0.429766 0.810291 0.398408
vn 0.429766 0.810291 0.398408
vn 0.210327 0.977599 -0.007963
vn 0.210327 0.977599 -0.007963
vn 0.210327 0.977599 -0.007963
vn 0.143093 0.977599 -0.154355
vn 0.143093 0.977599 -0.154355
vn 0.143093 0.977599 -0.154355
vn -0.007964 0.977599 -0.210328
vn -0.007964 0.977599 -0.210328
vn -0.007964 0.977599 -0.210328
vn -0.154355 0.977599 -0.143093
vn -0.154355 0.977599 -0.143093
vn -0.154355 0.977599 -0.143093
vn -0.210328 0.977599 0.007964
vn -0.210328 0.977599 0.007964
vn -0.210328 0.977599 0.007964
vn -0.143093 0.977599 0.154354
vn -0.143093 0.977599 0.154354
vn -0.143093 0.977599 0.154354
vn 0.007964 0.977599 0.210327
vn 0.007964 0.977599 0.210327
vn 0.007964 0.977599 0.210327
vn 0.154355 0.977599 0.143093
vn 0.154355 0.977599 0.143093
vn 0.154355 0.977599 0.143093
vn 0.712462 0.236995 0.660478
vn 0.666350 0.417597 0.617730
vn 0.666350 0.417597 0.617730
vn 0.712462 0.236995 0.660478
vn 0.907982 0.417596 -0.034380
vn 0.970815 0.236995 -0.036759
vn 0.970815 0.236995 -0.036759
vn 0.907982 0.417596 -0.034380
vn 0.617730 0.417597 -0.666350
vn 0.660478 0.236995 -0.712462
vn 0.660478 0.236995 -0.712462
vn 0.617730 0.417597 -0.666350
vn -0.034380 0.417597 -0.907982
vn -0.036759 0.236995 -0.970815
vn -0.036759 0.236995 -0.970815
vn -0.034380 0.417597 -0.907982
vn -0.666350 0.417597 -0.617730
vn -0.712462 0.236995 -0.660478
vn -0.712462 0.236995 -0.660478
vn -0.666350 0.417597 -0.617730
vn -0.907982 0.417597 0.034379
vn -0.970815 0.236995 0.036758
vn -0.970815 0.236995 0.036758
vn -0.907982 0.417597 0.034379
vn -0.617730 0.417597 0.666350
vn -0.660478 0.236995 0.712462
vn -0.660478 0.236995 0.712462
vn -0.617730 0.417597 0.666350
vn 0.034379 0.417597 0.907982
vn 0.036759 0.236995 0.970815
vn 0.036759 0.236995 0.970815
vn 0.034379 0.417597 0.907982
vn 0.993753 0.105069 -0.037627
vn 0.993753 0.105069 -0.037627
vn 0.676083 0.105068 -0.729296
vn 0.676083 0.105068 -0.729296
vn -0.037627 0.105069 -0.993753
vn -0.037627 0.105069 -0.993753
vn -0.729296 0.105068 -0.676083
vn -0.729296 0.105068 -0.676083
vn -0.993753 0.105068 0.037627
vn -0.993753 0.105068 0.037627
vn -0.676083 0.105067 0.729296
vn -0.676083 0.105067 0.729296
vn 0.037627 0.105068 0.993753
vn 0.037627 0.105068 0.993753
vn 0.729296 0.105069 0.676083
vn 0.729296 0.105069 0.676083
s off
g polySurface258
usemtl ARBUSTOS02:aiStandardSurface1SG
f 1172/1201/2372 1165/1202/2373 1157/1203/2374 1164/1204/2375
f 1165/1202/2376 1166/1205/2377 1158/1206/2378 1157/1203/2379
f 1166/1205/2380 1167/1207/2381 1159/1208/2382 1158/1206/2383
f 1167/1207/2384 1168/1209/2385 1160/1210/2386 1159/1208/2387
f 1168/1209/2388 1169/1211/2389 1161/1212/2390 1160/1210/2391
f 1169/1211/2392 1170/1213/2393 1162/1214/2394 1161/1212/2395
f 1170/1213/2396 1171/1215/2397 1163/1216/2398 1162/1214/2399
f 1171/1215/2400 1172/1201/2401 1164/1204/2402 1163/1216/2403
s 1
f 1181/1217/2404 1182/1218/2405 1190/1219/2406 1189/1220/2407
s 2
f 1182/1218/2408 1183/1221/2409 1191/1222/2410 1190/1219/2411
s 3
f 1183/1221/2412 1184/1223/2413 1192/1224/2414 1191/1222/2415
s 4
f 1184/1223/2416 1185/1225/2417 1193/1226/2418 1192/1224/2419
s 5
f 1185/1225/2420 1186/1227/2421 1194/1228/2422 1193/1226/2423
s 6
f 1186/1227/2424 1187/1229/2425 1195/1230/2426 1194/1228/2427
s 7
f 1187/1229/2428 1188/1231/2429 1196/1232/2430 1195/1230/2431
s 8
f 1188/1231/2432 1181/1217/2433 1189/1220/2434 1196/1232/2435
s off
f 1189/1220/2436 1190/1219/2437 1197/1233/2438
f 1190/1219/2439 1191/1222/2440 1197/1233/2441
f 1191/1222/2442 1192/1224/2443 1197/1233/2444
f 1192/1224/2445 1193/1226/2446 1197/1233/2447
f 1193/1226/2448 1194/1228/2449 1197/1233/2450
f 1194/1228/2451 1195/1230/2452 1197/1233/2453
f 1195/1230/2454 1196/1232/2455 1197/1233/2456
f 1196/1232/2457 1189/1220/2458 1197/1233/2459
s 8
f 1198/1234/2460 1199/1235/2461 1213/1236/2462 1212/1237/2463
s 1
f 1199/1235/2464 1198/1234/2465 1200/1238/2466 1201/1239/2467
s 2
f 1201/1239/2468 1200/1238/2469 1202/1240/2470 1203/1241/2471
s 3
f 1203/1241/2472 1202/1240/2473 1204/1242/2474 1205/1243/2475
s 4
f 1205/1243/2476 1204/1242/2477 1206/1244/2478 1207/1245/2479
s 5
f 1207/1245/2480 1206/1244/2481 1208/1246/2482 1209/1247/2483
s 6
f 1209/1247/2484 1208/1246/2485 1210/1248/2486 1211/1249/2487
s 7
f 1211/1249/2488 1210/1248/2489 1212/1237/2490 1213/1236/2491
s 1
f 1173/1250/2492 1174/1251/2493 1200/1238/2466 1198/1234/2465
s 2
f 1174/1251/2494 1175/1252/2495 1202/1240/2470 1200/1238/2469
s 3
f 1175/1252/2496 1176/1253/2497 1204/1242/2474 1202/1240/2473
s 4
f 1176/1253/2498 1177/1254/2499 1206/1244/2478 1204/1242/2477
s 5
f 1177/1254/2500 1178/1255/2501 1208/1246/2482 1206/1244/2481
s 6
f 1178/1255/2502 1179/1256/2503 1210/1248/2486 1208/1246/2485
s 7
f 1179/1256/2504 1180/1257/2505 1212/1237/2490 1210/1248/2489
s 8
f 1180/1257/2506 1173/1250/2507 1198/1234/2460 1212/1237/2463
s 1
f 1199/1235/2464 1201/1239/2467 1182/1218/2405 1181/1217/2404
s 2
f 1201/1239/2468 1203/1241/2471 1183/1221/2409 1182/1218/2408
s 3
f 1203/1241/2472 1205/1243/2475 1184/1223/2413 1183/1221/2412
s 4
f 1205/1243/2476 1207/1245/2479 1185/1225/2417 1184/1223/2416
s 5
f 1207/1245/2480 1209/1247/2483 1186/1227/2421 1185/1225/2420
s 6
f 1209/1247/2484 1211/1249/2487 1187/1229/2425 1186/1227/2424
s 7
f 1211/1249/2488 1213/1236/2491 1188/1231/2429 1187/1229/2428
s 8
f 1213/1236/2462 1199/1235/2461 1181/1217/2433 1188/1231/2432
s 16
f 1222/1258/2508 1223/1259/2509 1231/1260/2510 1230/1261/2511
s 17
f 1223/1259/2512 1224/1262/2513 1232/1263/2514 1231/1260/2515
s 18
f 1224/1262/2516 1225/1264/2517 1233/1265/2518 1232/1263/2519
s 19
f 1225/1264/2520 1226/1266/2521 1234/1267/2522 1233/1265/2523
s 20
f 1226/1266/2524 1227/1268/2525 1235/1269/2526 1234/1267/2527
s 21
f 1227/1268/2528 1228/1270/2529 1236/1271/2530 1235/1269/2531
s 22
f 1228/1270/2532 1229/1272/2533 1237/1273/2534 1236/1271/2535
s 23
f 1229/1272/2536 1222/1258/2537 1230/1261/2538 1237/1273/2539
s off
f 1230/1261/2540 1231/1260/2541 1238/1274/2542
f 1231/1260/2543 1232/1263/2544 1238/1274/2545
f 1232/1263/2546 1233/1265/2547 1238/1274/2548
f 1233/1265/2549 1234/1267/2550 1238/1274/2551
f 1234/1267/2552 1235/1269/2553 1238/1274/2554
f 1235/1269/2555 1236/1271/2556 1238/1274/2557
f 1236/1271/2558 1237/1273/2559 1238/1274/2560
f 1237/1273/2561 1230/1261/2562 1238/1274/2563
s 23
f 1239/1275/2564 1240/1276/2565 1254/1277/2566 1253/1278/2567
s 16
f 1240/1276/2568 1239/1275/2569 1241/1279/2570 1242/1280/2571
s 17
f 1242/1280/2572 1241/1279/2573 1243/1281/2574 1244/1282/2575
s 18
f 1244/1282/2576 1243/1281/2577 1245/1283/2578 1246/1284/2579
s 19
f 1246/1284/2580 1245/1283/2581 1247/1285/2582 1248/1286/2583
s 20
f 1248/1286/2584 1247/1285/2585 1249/1287/2586 1250/1288/2587
s 21
f 1250/1288/2588 1249/1287/2589 1251/1289/2590 1252/1290/2591
s 22
f 1252/1290/2592 1251/1289/2593 1253/1278/2594 1254/1277/2595
s 16
f 1214/1291/2596 1215/1292/2597 1241/1279/2570 1239/1275/2569
s 17
f 1215/1292/2598 1216/1293/2599 1243/1281/2574 1241/1279/2573
s 18
f 1216/1293/2600 1217/1294/2601 1245/1283/2578 1243/1281/2577
s 19
f 1217/1294/2602 1218/1295/2603 1247/1285/2582 1245/1283/2581
s 20
f 1218/1295/2604 1219/1296/2605 1249/1287/2586 1247/1285/2585
s 21
f 1219/1296/2606 1220/1297/2607 1251/1289/2590 1249/1287/2589
s 22
f 1220/1297/2608 1221/1298/2609 1253/1278/2594 1251/1289/2593
s 23
f 1221/1298/2610 1214/1291/2611 1239/1275/2564 1253/1278/2567
s 16
f 1240/1276/2568 1242/1280/2571 1223/1259/2509 1222/1258/2508
s 17
f 1242/1280/2572 1244/1282/2575 1224/1262/2513 1223/1259/2512
s 18
f 1244/1282/2576 1246/1284/2579 1225/1264/2517 1224/1262/2516
s 19
f 1246/1284/2580 1248/1286/2583 1226/1266/2521 1225/1264/2520
s 20
f 1248/1286/2584 1250/1288/2587 1227/1268/2525 1226/1266/2524
s 21
f 1250/1288/2588 1252/1290/2591 1228/1270/2529 1227/1268/2528
s 22
f 1252/1290/2592 1254/1277/2595 1229/1272/2533 1228/1270/2532
s 23
f 1254/1277/2566 1240/1276/2565 1222/1258/2537 1229/1272/2536
g default
v -43.566152 0.675158 5.701702
v -43.779824 0.675158 4.944160
v -44.466576 0.675158 4.559586
v -45.224118 0.675158 4.773259
v -45.608692 0.675158 5.460011
v -45.395019 0.675158 6.217553
v -44.708267 0.675158 6.602126
v -43.950725 0.675158 6.388454
v -43.209981 -0.014796 5.743846
v -43.498173 -0.014796 4.722111
v -44.424431 -0.014796 4.203416
v -45.446167 -0.014796 4.491608
v -45.964862 -0.014796 5.417866
v -45.676670 -0.014796 6.439602
v -44.750412 -0.014796 6.958297
v -43.728676 -0.014796 6.670105
v -44.579700 -0.135301 7.234448
v -43.412696 -0.135301 6.744662
v -42.933830 -0.135301 5.573135
v -43.423616 -0.135301 4.406130
v -44.595143 -0.135301 3.927265
v -45.762147 -0.135301 4.417051
v -46.241013 -0.135301 5.588578
v -45.751227 -0.135301 6.755582
v -44.581852 1.057446 6.773591
v -43.740092 1.057446 6.420309
v -43.394687 1.057446 5.575287
v -43.747969 1.057446 4.733527
v -44.592991 1.057446 4.388122
v -45.434750 1.057446 4.741404
v -45.780156 1.057446 5.586426
v -45.426874 1.057446 6.428185
v -44.584407 1.423099 6.226360
v -44.128850 1.423099 6.035164
v -43.941918 1.423099 5.577842
v -44.133113 1.423099 5.122285
v -44.590436 1.423099 4.935353
v -45.045993 1.423099 5.126548
v -45.232925 1.423099 5.583871
v -45.041730 1.423099 6.039428
v -44.587421 1.551499 5.580856
v -44.579909 0.257228 7.189560
v -44.580827 0.729082 6.992994
v -43.444585 0.257228 6.713069
v -43.584226 0.729083 6.574726
v -42.978718 0.257228 5.573344
v -43.175283 0.729082 5.574262
v -43.455208 0.257228 4.438020
v -43.593552 0.729082 4.577661
v -44.594933 0.257228 3.972153
v -44.594015 0.729082 4.168718
v -45.730258 0.257228 4.448643
v -45.590617 0.729082 4.586987
v -46.196125 0.257228 5.588368
v -45.999559 0.729082 5.587451
v -45.719635 0.257228 6.723693
v -45.581291 0.729082 6.584052
v -43.011453 0.560961 6.164813
v -43.060124 0.560961 4.879399
v -44.003464 0.560961 4.004888
v -45.288879 0.560961 4.053559
v -46.163389 0.560961 4.996900
v -46.114719 0.560961 6.282314
v -45.171379 0.560961 7.156824
v -43.885964 0.560961 7.108154
v -43.450677 1.773234 6.002064
v -43.485782 1.773234 5.074895
v -44.166214 1.773234 4.444111
v -45.093382 1.773234 4.479218
v -45.724166 1.773234 5.159649
v -45.689060 1.773234 6.086817
v -45.008629 1.773234 6.717601
v -44.081460 1.773234 6.682495
v -43.972219 2.144871 5.808812
v -43.991219 2.144871 5.307032
v -44.359465 2.144871 4.965654
v -44.861246 2.144871 4.984654
v -45.202623 2.144871 5.352900
v -45.183624 2.144871 5.854681
v -44.815378 2.144871 6.196058
v -44.313597 2.144871 6.177059
v -44.587422 2.275373 5.580856
v -43.054234 0.959915 6.148961
v -43.241573 1.439494 6.079545
v -43.101584 0.959915 4.898440
v -43.283136 1.439495 4.981824
v -44.019316 0.959915 4.047669
v -44.088733 1.439494 4.235007
v -45.269837 0.959915 4.095019
v -45.186454 1.439494 4.276571
v -46.120608 0.959915 5.012751
v -45.933270 1.439494 5.082168
v -46.073259 0.959915 6.263272
v -45.891707 1.439494 6.179889
v -45.155527 0.959915 7.114043
v -45.086110 1.439494 6.926705
v -43.905005 0.959915 7.066694
v -43.988389 1.439494 6.885142
vt 0.948654 0.170235
vt 0.943863 0.349777
vt 0.851230 0.309250
vt 0.853854 0.205650
vt 0.810650 0.473412
vt 0.774448 0.380702
vt 0.627062 0.468701
vt 0.668514 0.378112
vt 0.500664 0.338423
vt 0.595475 0.303032
vt 0.505476 0.158905
vt 0.598112 0.199438
vt 0.638669 0.035291
vt 0.674876 0.128007
vt 0.822233 0.039979
vt 0.780805 0.130579
vt 0.851230 0.309250
vt 0.774448 0.380702
vt 0.748125 0.317363
vt 0.786815 0.282689
vt 0.668514 0.378112
vt 0.695694 0.315122
vt 0.595475 0.303032
vt 0.660240 0.277284
vt 0.598112 0.199438
vt 0.662527 0.226013
vt 0.674876 0.128007
vt 0.701214 0.191342
vt 0.780805 0.130579
vt 0.753641 0.193579
vt 0.853854 0.205650
vt 0.789097 0.231415
vt 0.724671 0.254353
vt 0.943863 0.349777
vt 0.891447 0.325262
vt 0.893865 0.189153
vt 0.948654 0.170235
vt 0.810650 0.473412
vt 0.791315 0.419827
vt 0.627062 0.468701
vt 0.652140 0.417443
vt 0.500664 0.338423
vt 0.555459 0.319520
vt 0.505476 0.158905
vt 0.557893 0.183427
vt 0.638669 0.035291
vt 0.658009 0.088875
vt 0.822233 0.039979
vt 0.797170 0.091244
vt 0.987128 0.367692
vt 0.828282 0.516000
vt 0.608731 0.511007
vt 0.457113 0.355664
vt 0.462213 0.140985
vt 0.621030 -0.007296
vt 0.840548 -0.002335
vt 0.992198 0.152979
vt 0.731045 0.815879
vt 0.654263 0.888941
vt 0.627940 0.824175
vt 0.666630 0.788719
vt 0.548329 0.886292
vt 0.575509 0.821883
vt 0.475290 0.809521
vt 0.540055 0.783193
vt 0.477927 0.703592
vt 0.542342 0.730767
vt 0.554691 0.630552
vt 0.581029 0.695314
vt 0.660620 0.633182
vt 0.633456 0.697601
vt 0.733668 0.709944
vt 0.668912 0.736290
vt 0.604486 0.759745
vt 0.823678 0.857320
vt 0.771262 0.832252
vt 0.773680 0.693076
vt 0.828469 0.673731
vt 0.690465 0.983740
vt 0.671130 0.928948
vt 0.506877 0.978923
vt 0.531955 0.926511
vt 0.380479 0.845710
vt 0.435274 0.826381
vt 0.385291 0.662146
vt 0.437708 0.687221
vt 0.518484 0.535746
vt 0.537824 0.590538
vt 0.702048 0.540540
vt 0.676985 0.592961
vt 0.866943 0.875638
vt 0.708097 1.017426
vt 0.488546 1.012321
vt 0.336928 0.863339
vt 0.342028 0.643822
vt 0.500845 0.492199
vt 0.720362 0.497273
vt 0.872013 0.656086
vn 0.786510 0.432918 0.440437
vn 0.786510 0.432918 0.440437
vn 0.786510 0.432918 0.440437
vn 0.786510 0.432918 0.440437
vn 0.867582 0.432918 -0.244711
vn 0.867582 0.432918 -0.244711
vn 0.867582 0.432918 -0.244711
vn 0.867582 0.432918 -0.244711
vn 0.440437 0.432918 -0.786510
vn 0.440437 0.432918 -0.786510
vn 0.440437 0.432918 -0.786510
vn 0.440437 0.432918 -0.786510
vn -0.244711 0.432918 -0.867582
vn -0.244711 0.432918 -0.867582
vn -0.244711 0.432918 -0.867582
vn -0.244711 0.432918 -0.867582
vn -0.786510 0.432918 -0.440437
vn -0.786510 0.432918 -0.440437
vn -0.786510 0.432918 -0.440437
vn -0.786510 0.432918 -0.440437
vn -0.867582 0.432918 0.244711
vn -0.867582 0.432918 0.244711
vn -0.867582 0.432918 0.244711
vn -0.867582 0.432918 0.244711
vn -0.440437 0.432918 0.786509
vn -0.440437 0.432918 0.786509
vn -0.440437 0.432918 0.786509
vn -0.440437 0.432918 0.786509
vn 0.244711 0.432918 0.867582
vn 0.244711 0.432918 0.867582
vn 0.244711 0.432918 0.867582
vn 0.244711 0.432918 0.867582
vn 0.289289 0.664229 0.689284
vn 0.289289 0.664229 0.689284
vn 0.226789 0.810291 0.540366
vn 0.226789 0.810291 0.540366
vn 0.691955 0.664229 0.282839
vn 0.691955 0.664229 0.282839
vn 0.542460 0.810291 0.221733
vn 0.542460 0.810291 0.221733
vn 0.689284 0.664229 -0.289289
vn 0.689284 0.664229 -0.289289
vn 0.540366 0.810291 -0.226789
vn 0.540366 0.810291 -0.226789
vn 0.282839 0.664229 -0.691955
vn 0.282839 0.664229 -0.691955
vn 0.221732 0.810291 -0.542460
vn 0.221732 0.810291 -0.542461
vn -0.289289 0.664229 -0.689284
vn -0.289289 0.664229 -0.689284
vn -0.226789 0.810291 -0.540366
vn -0.226789 0.810291 -0.540366
vn -0.691955 0.664229 -0.282839
vn -0.691955 0.664229 -0.282839
vn -0.542461 0.810291 -0.221733
vn -0.542461 0.810291 -0.221733
vn -0.689284 0.664229 0.289289
vn -0.689284 0.664229 0.289289
vn -0.540366 0.810291 0.226789
vn -0.540366 0.810291 0.226789
vn -0.282839 0.664229 0.691956
vn -0.282839 0.664229 0.691955
vn -0.221732 0.810291 0.542461
vn -0.221732 0.810291 0.542461
vn 0.081454 0.977599 0.194078
vn 0.081454 0.977599 0.194078
vn 0.081454 0.977599 0.194078
vn 0.194830 0.977599 0.079638
vn 0.194830 0.977599 0.079638
vn 0.194830 0.977599 0.079638
vn 0.194078 0.977599 -0.081454
vn 0.194078 0.977599 -0.081454
vn 0.194078 0.977599 -0.081454
vn 0.079637 0.977599 -0.194831
vn 0.079637 0.977599 -0.194831
vn 0.079637 0.977599 -0.194831
vn -0.081454 0.977599 -0.194078
vn -0.081454 0.977599 -0.194078
vn -0.081454 0.977599 -0.194078
vn -0.194830 0.977599 -0.079637
vn -0.194830 0.977599 -0.079637
vn -0.194830 0.977599 -0.079637
vn -0.194078 0.977599 0.081453
vn -0.194078 0.977599 0.081453
vn -0.194078 0.977599 0.081453
vn -0.079637 0.977599 0.194830
vn -0.079637 0.977599 0.194830
vn -0.079637 0.977599 0.194830
vn -0.367586 0.236995 0.899285
vn -0.343795 0.417597 0.841082
vn -0.343795 0.417597 0.841082
vn -0.367586 0.236995 0.899285
vn 0.351635 0.417597 0.837834
vn 0.375968 0.236995 0.895813
vn 0.375968 0.236995 0.895813
vn 0.351635 0.417597 0.837834
vn 0.841081 0.417597 0.343795
vn 0.899285 0.236995 0.367586
vn 0.899285 0.236995 0.367586
vn 0.841081 0.417597 0.343795
vn 0.837834 0.417597 -0.351635
vn 0.895813 0.236994 -0.375968
vn 0.895813 0.236994 -0.375968
vn 0.837834 0.417597 -0.351635
vn 0.343795 0.417597 -0.841081
vn 0.367586 0.236995 -0.899285
vn 0.367586 0.236995 -0.899285
vn 0.343795 0.417597 -0.841081
vn -0.351635 0.417597 -0.837834
vn -0.375968 0.236995 -0.895813
vn -0.375968 0.236995 -0.895813
vn -0.351635 0.417597 -0.837834
vn -0.841081 0.417597 -0.343795
vn -0.899285 0.236995 -0.367586
vn -0.899285 0.236995 -0.367586
vn -0.841081 0.417597 -0.343795
vn -0.837834 0.417597 0.351635
vn -0.895813 0.236995 0.375968
vn -0.895813 0.236995 0.375968
vn -0.837834 0.417597 0.351635
vn 0.384851 0.105068 0.916979
vn 0.384852 0.105068 0.916979
vn 0.920533 0.105068 0.376271
vn 0.920533 0.105068 0.376271
vn 0.916979 0.105067 -0.384851
vn 0.916979 0.105067 -0.384851
vn 0.376271 0.105068 -0.920533
vn 0.376271 0.105068 -0.920533
vn -0.384852 0.105067 -0.916979
vn -0.384852 0.105067 -0.916979
vn -0.920533 0.105066 -0.376271
vn -0.920533 0.105066 -0.376271
vn -0.916979 0.105067 0.384852
vn -0.916979 0.105067 0.384852
vn -0.376271 0.105068 0.920533
vn -0.376271 0.105068 0.920533
vn 0.746994 0.664229 -0.028284
vn 0.746994 0.664229 -0.028284
vn 0.585607 0.810292 -0.022173
vn 0.585607 0.810292 -0.022173
vn 0.508205 0.664229 -0.548204
vn 0.508205 0.664229 -0.548204
vn 0.398408 0.810291 -0.429766
vn 0.398408 0.810291 -0.429766
vn -0.028284 0.664229 -0.746994
vn -0.028284 0.664229 -0.746994
vn -0.022173 0.810291 -0.585608
vn -0.022173 0.810291 -0.585608
vn -0.548204 0.664229 -0.508205
vn -0.548204 0.664229 -0.508205
vn -0.429766 0.810291 -0.398408
vn -0.429766 0.810291 -0.398408
vn -0.746994 0.664229 0.028284
vn -0.746994 0.664229 0.028284
vn -0.585608 0.810291 0.022173
vn -0.585608 0.810291 0.022173
vn -0.508205 0.664229 0.548204
vn -0.508205 0.664229 0.548204
vn -0.398408 0.810291 0.429766
vn -0.398408 0.810291 0.429766
vn 0.028284 0.664229 0.746994
vn 0.028284 0.664229 0.746994
vn 0.022173 0.810291 0.585608
vn 0.022173 0.810291 0.585608
vn 0.548204 0.664229 0.508205
vn 0.548204 0.664229 0.508205
vn 0.429766 0.810291 0.398408
vn 0.429766 0.810291 0.398408
vn 0.210327 0.977599 -0.007963
vn 0.210327 0.977599 -0.007963
vn 0.210327 0.977599 -0.007963
vn 0.143093 0.977599 -0.154355
vn 0.143093 0.977599 -0.154355
vn 0.143093 0.977599 -0.154355
vn -0.007964 0.977598 -0.210328
vn -0.007964 0.977598 -0.210328
vn -0.007964 0.977598 -0.210328
vn -0.154355 0.977598 -0.143093
vn -0.154355 0.977598 -0.143093
vn -0.154355 0.977598 -0.143093
vn -0.210328 0.977599 0.007964
vn -0.210328 0.977599 0.007964
vn -0.210328 0.977599 0.007964
vn -0.143093 0.977599 0.154354
vn -0.143093 0.977599 0.154354
vn -0.143093 0.977599 0.154354
vn 0.007964 0.977599 0.210327
vn 0.007964 0.977599 0.210327
vn 0.007964 0.977599 0.210327
vn 0.154355 0.977599 0.143093
vn 0.154355 0.977599 0.143093
vn 0.154355 0.977599 0.143093
vn 0.712462 0.236995 0.660478
vn 0.666350 0.417597 0.617730
vn 0.666350 0.417597 0.617730
vn 0.712462 0.236995 0.660478
vn 0.907982 0.417596 -0.034380
vn 0.970815 0.236995 -0.036759
vn 0.970815 0.236995 -0.036759
vn 0.907982 0.417596 -0.034380
vn 0.617730 0.417597 -0.666350
vn 0.660478 0.236995 -0.712462
vn 0.660478 0.236995 -0.712462
vn 0.617730 0.417597 -0.666350
vn -0.034380 0.417597 -0.907982
vn -0.036759 0.236995 -0.970815
vn -0.036759 0.236995 -0.970815
vn -0.034380 0.417597 -0.907982
vn -0.666350 0.417597 -0.617730
vn -0.712462 0.236995 -0.660478
vn -0.712462 0.236995 -0.660478
vn -0.666350 0.417597 -0.617730
vn -0.907982 0.417597 0.034379
vn -0.970815 0.236995 0.036758
vn -0.970815 0.236995 0.036758
vn -0.907982 0.417597 0.034379
vn -0.617730 0.417597 0.666350
vn -0.660478 0.236995 0.712462
vn -0.660478 0.236995 0.712462
vn -0.617730 0.417597 0.666350
vn 0.034379 0.417597 0.907982
vn 0.036759 0.236995 0.970815
vn 0.036759 0.236995 0.970815
vn 0.034379 0.417597 0.907982
vn 0.993753 0.105069 -0.037627
vn 0.993753 0.105069 -0.037627
vn 0.676083 0.105068 -0.729296
vn 0.676083 0.105068 -0.729296
vn -0.037627 0.105069 -0.993753
vn -0.037627 0.105069 -0.993753
vn -0.729296 0.105068 -0.676083
vn -0.729296 0.105068 -0.676083
vn -0.993753 0.105068 0.037627
vn -0.993753 0.105068 0.037627
vn -0.676083 0.105067 0.729296
vn -0.676083 0.105067 0.729296
vn 0.037627 0.105068 0.993753
vn 0.037627 0.105068 0.993753
vn 0.729296 0.105069 0.676083
vn 0.729296 0.105069 0.676083
s off
g polySurface266
usemtl ARBUSTOS02:aiStandardSurface1SG
f 1270/1299/2612 1263/1300/2613 1255/1301/2614 1262/1302/2615
f 1263/1300/2616 1264/1303/2617 1256/1304/2618 1255/1301/2619
f 1264/1303/2620 1265/1305/2621 1257/1306/2622 1256/1304/2623
f 1265/1305/2624 1266/1307/2625 1258/1308/2626 1257/1306/2627
f 1266/1307/2628 1267/1309/2629 1259/1310/2630 1258/1308/2631
f 1267/1309/2632 1268/1311/2633 1260/1312/2634 1259/1310/2635
f 1268/1311/2636 1269/1313/2637 1261/1314/2638 1260/1312/2639
f 1269/1313/2640 1270/1299/2641 1262/1302/2642 1261/1314/2643
s 1
f 1279/1315/2644 1280/1316/2645 1288/1317/2646 1287/1318/2647
s 2
f 1280/1316/2648 1281/1319/2649 1289/1320/2650 1288/1317/2651
s 3
f 1281/1319/2652 1282/1321/2653 1290/1322/2654 1289/1320/2655
s 4
f 1282/1321/2656 1283/1323/2657 1291/1324/2658 1290/1322/2659
s 5
f 1283/1323/2660 1284/1325/2661 1292/1326/2662 1291/1324/2663
s 6
f 1284/1325/2664 1285/1327/2665 1293/1328/2666 1292/1326/2667
s 7
f 1285/1327/2668 1286/1329/2669 1294/1330/2670 1293/1328/2671
s 8
f 1286/1329/2672 1279/1315/2673 1287/1318/2674 1294/1330/2675
s off
f 1287/1318/2676 1288/1317/2677 1295/1331/2678
f 1288/1317/2679 1289/1320/2680 1295/1331/2681
f 1289/1320/2682 1290/1322/2683 1295/1331/2684
f 1290/1322/2685 1291/1324/2686 1295/1331/2687
f 1291/1324/2688 1292/1326/2689 1295/1331/2690
f 1292/1326/2691 1293/1328/2692 1295/1331/2693
f 1293/1328/2694 1294/1330/2695 1295/1331/2696
f 1294/1330/2697 1287/1318/2698 1295/1331/2699
s 8
f 1296/1332/2700 1297/1333/2701 1311/1334/2702 1310/1335/2703
s 1
f 1297/1333/2704 1296/1332/2705 1298/1336/2706 1299/1337/2707
s 2
f 1299/1337/2708 1298/1336/2709 1300/1338/2710 1301/1339/2711
s 3
f 1301/1339/2712 1300/1338/2713 1302/1340/2714 1303/1341/2715
s 4
f 1303/1341/2716 1302/1340/2717 1304/1342/2718 1305/1343/2719
s 5
f 1305/1343/2720 1304/1342/2721 1306/1344/2722 1307/1345/2723
s 6
f 1307/1345/2724 1306/1344/2725 1308/1346/2726 1309/1347/2727
s 7
f 1309/1347/2728 1308/1346/2729 1310/1335/2730 1311/1334/2731
s 1
f 1271/1348/2732 1272/1349/2733 1298/1336/2706 1296/1332/2705
s 2
f 1272/1349/2734 1273/1350/2735 1300/1338/2710 1298/1336/2709
s 3
f 1273/1350/2736 1274/1351/2737 1302/1340/2714 1300/1338/2713
s 4
f 1274/1351/2738 1275/1352/2739 1304/1342/2718 1302/1340/2717
s 5
f 1275/1352/2740 1276/1353/2741 1306/1344/2722 1304/1342/2721
s 6
f 1276/1353/2742 1277/1354/2743 1308/1346/2726 1306/1344/2725
s 7
f 1277/1354/2744 1278/1355/2745 1310/1335/2730 1308/1346/2729
s 8
f 1278/1355/2746 1271/1348/2747 1296/1332/2700 1310/1335/2703
s 1
f 1297/1333/2704 1299/1337/2707 1280/1316/2645 1279/1315/2644
s 2
f 1299/1337/2708 1301/1339/2711 1281/1319/2649 1280/1316/2648
s 3
f 1301/1339/2712 1303/1341/2715 1282/1321/2653 1281/1319/2652
s 4
f 1303/1341/2716 1305/1343/2719 1283/1323/2657 1282/1321/2656
s 5
f 1305/1343/2720 1307/1345/2723 1284/1325/2661 1283/1323/2660
s 6
f 1307/1345/2724 1309/1347/2727 1285/1327/2665 1284/1325/2664
s 7
f 1309/1347/2728 1311/1334/2731 1286/1329/2669 1285/1327/2668
s 8
f 1311/1334/2702 1297/1333/2701 1279/1315/2673 1286/1329/2672
s 16
f 1320/1356/2748 1321/1357/2749 1329/1358/2750 1328/1359/2751
s 17
f 1321/1357/2752 1322/1360/2753 1330/1361/2754 1329/1358/2755
s 18
f 1322/1360/2756 1323/1362/2757 1331/1363/2758 1330/1361/2759
s 19
f 1323/1362/2760 1324/1364/2761 1332/1365/2762 1331/1363/2763
s 20
f 1324/1364/2764 1325/1366/2765 1333/1367/2766 1332/1365/2767
s 21
f 1325/1366/2768 1326/1368/2769 1334/1369/2770 1333/1367/2771
s 22
f 1326/1368/2772 1327/1370/2773 1335/1371/2774 1334/1369/2775
s 23
f 1327/1370/2776 1320/1356/2777 1328/1359/2778 1335/1371/2779
s off
f 1328/1359/2780 1329/1358/2781 1336/1372/2782
f 1329/1358/2783 1330/1361/2784 1336/1372/2785
f 1330/1361/2786 1331/1363/2787 1336/1372/2788
f 1331/1363/2789 1332/1365/2790 1336/1372/2791
f 1332/1365/2792 1333/1367/2793 1336/1372/2794
f 1333/1367/2795 1334/1369/2796 1336/1372/2797
f 1334/1369/2798 1335/1371/2799 1336/1372/2800
f 1335/1371/2801 1328/1359/2802 1336/1372/2803
s 23
f 1337/1373/2804 1338/1374/2805 1352/1375/2806 1351/1376/2807
s 16
f 1338/1374/2808 1337/1373/2809 1339/1377/2810 1340/1378/2811
s 17
f 1340/1378/2812 1339/1377/2813 1341/1379/2814 1342/1380/2815
s 18
f 1342/1380/2816 1341/1379/2817 1343/1381/2818 1344/1382/2819
s 19
f 1344/1382/2820 1343/1381/2821 1345/1383/2822 1346/1384/2823
s 20
f 1346/1384/2824 1345/1383/2825 1347/1385/2826 1348/1386/2827
s 21
f 1348/1386/2828 1347/1385/2829 1349/1387/2830 1350/1388/2831
s 22
f 1350/1388/2832 1349/1387/2833 1351/1376/2834 1352/1375/2835
s 16
f 1312/1389/2836 1313/1390/2837 1339/1377/2810 1337/1373/2809
s 17
f 1313/1390/2838 1314/1391/2839 1341/1379/2814 1339/1377/2813
s 18
f 1314/1391/2840 1315/1392/2841 1343/1381/2818 1341/1379/2817
s 19
f 1315/1392/2842 1316/1393/2843 1345/1383/2822 1343/1381/2821
s 20
f 1316/1393/2844 1317/1394/2845 1347/1385/2826 1345/1383/2825
s 21
f 1317/1394/2846 1318/1395/2847 1349/1387/2830 1347/1385/2829
s 22
f 1318/1395/2848 1319/1396/2849 1351/1376/2834 1349/1387/2833
s 23
f 1319/1396/2850 1312/1389/2851 1337/1373/2804 1351/1376/2807
s 16
f 1338/1374/2808 1340/1378/2811 1321/1357/2749 1320/1356/2748
s 17
f 1340/1378/2812 1342/1380/2815 1322/1360/2753 1321/1357/2752
s 18
f 1342/1380/2816 1344/1382/2819 1323/1362/2757 1322/1360/2756
s 19
f 1344/1382/2820 1346/1384/2823 1324/1364/2761 1323/1362/2760
s 20
f 1346/1384/2824 1348/1386/2827 1325/1366/2765 1324/1364/2764
s 21
f 1348/1386/2828 1350/1388/2831 1326/1368/2769 1325/1366/2768
s 22
f 1350/1388/2832 1352/1375/2835 1327/1370/2773 1326/1368/2772
s 23
f 1352/1375/2806 1338/1374/2805 1320/1356/2777 1327/1370/2776
g default
v -27.737647 0.897160 20.948310
v -28.028047 0.897160 19.918744
v -28.961404 0.897160 19.396074
v -29.990971 0.897160 19.686474
v -30.513640 0.897160 20.619832
v -30.223240 0.897160 21.649398
v -29.289884 0.897160 22.172067
v -28.260317 0.897160 21.881667
v -27.253580 -0.040548 21.005589
v -27.645258 -0.040548 19.616960
v -28.904125 -0.040548 18.912008
v -30.292755 -0.040548 19.303686
v -30.997707 -0.040548 20.562553
v -30.606030 -0.040548 21.951182
v -29.347162 -0.040548 22.656135
v -27.958532 -0.040548 22.264456
v -29.115149 -0.204325 23.031448
v -27.529087 -0.204325 22.365786
v -26.878266 -0.204325 20.773577
v -27.543929 -0.204325 19.187514
v -29.136138 -0.204325 18.536694
v -30.722200 -0.204325 19.202356
v -31.373021 -0.204325 20.794565
v -30.707359 -0.204325 22.380627
v -29.118074 1.416724 22.405103
v -27.974048 1.416724 21.924961
v -27.504612 1.416724 20.776501
v -27.984753 1.416724 19.632476
v -29.133213 1.416724 19.163039
v -30.277239 1.416724 19.643181
v -30.746676 1.416724 20.791640
v -30.266534 1.416724 21.935666
v -29.121547 1.913678 21.661367
v -28.502405 1.913678 21.401516
v -28.248347 1.913678 20.779975
v -28.508198 1.913678 20.160832
v -29.129740 1.913678 19.906775
v -29.748882 1.913678 20.166626
v -30.002940 1.913678 20.788167
v -29.743089 1.913678 21.407310
v -29.125643 2.088185 20.784071
v -29.115434 0.329156 22.970441
v -29.116682 0.970448 22.703291
v -27.572427 0.329156 22.322849
v -27.762213 0.970448 22.134827
v -26.939273 0.329156 20.773861
v -27.206422 0.970448 20.775109
v -27.586865 0.329156 19.230855
v -27.774887 0.970448 19.420640
v -29.135853 0.329156 18.597700
v -29.134605 0.970448 18.864850
v -30.678860 0.329156 19.245293
v -30.489075 0.970448 19.433314
v -31.312014 0.329156 20.794281
v -31.044864 0.970448 20.793033
v -30.664422 0.329156 22.337287
v -30.476401 0.970448 22.147502
v -26.983763 0.741957 21.577720
v -27.049911 0.741957 19.830728
v -28.331994 0.741957 18.642190
v -30.078987 0.741957 18.708338
v -31.267524 0.741957 19.990422
v -31.201376 0.741957 21.737414
v -29.919293 0.741957 22.925951
v -28.172300 0.741957 22.859803
v -27.580707 2.389542 21.356529
v -27.628419 2.389542 20.096425
v -28.553185 2.389542 19.239134
v -29.813289 2.389542 19.286846
v -30.670581 2.389542 20.211613
v -30.622868 2.389542 21.471717
v -29.698103 2.389542 22.329008
v -28.437998 2.389542 22.281295
v -28.289530 2.894631 21.093883
v -28.315351 2.894631 20.411920
v -28.815831 2.894631 19.947957
v -29.497795 2.894631 19.973779
v -29.961757 2.894631 20.474258
v -29.935936 2.894631 21.156222
v -29.435456 2.894631 21.620185
v -28.753492 2.894631 21.594363
v -29.125644 3.071994 20.784071
v -27.041907 1.284171 21.556175
v -27.296516 1.935961 21.461833
v -27.106259 1.284171 19.856607
v -27.353005 1.935961 19.969932
v -28.353538 1.284171 18.700334
v -28.447881 1.935961 18.954943
v -30.053107 1.284171 18.764686
v -29.939782 1.935961 19.011432
v -31.209380 1.284171 20.011966
v -30.954771 1.935961 20.106309
v -31.145029 1.284171 21.711535
v -30.898283 1.935961 21.598210
v -29.897749 1.284171 22.867808
v -29.803406 1.935961 22.613199
v -28.198179 1.284171 22.803456
v -28.311505 1.935961 22.556710
vt 0.948654 0.170235
vt 0.943863 0.349777
vt 0.851230 0.309250
vt 0.853854 0.205650
vt 0.810650 0.473412
vt 0.774448 0.380702
vt 0.627062 0.468701
vt 0.668514 0.378112
vt 0.500664 0.338423
vt 0.595475 0.303032
vt 0.505476 0.158905
vt 0.598112 0.199438
vt 0.638669 0.035291
vt 0.674876 0.128007
vt 0.822233 0.039979
vt 0.780805 0.130579
vt 0.851230 0.309250
vt 0.774448 0.380702
vt 0.748125 0.317363
vt 0.786815 0.282689
vt 0.668514 0.378112
vt 0.695694 0.315122
vt 0.595475 0.303032
vt 0.660240 0.277284
vt 0.598112 0.199438
vt 0.662527 0.226013
vt 0.674876 0.128007
vt 0.701214 0.191342
vt 0.780805 0.130579
vt 0.753641 0.193579
vt 0.853854 0.205650
vt 0.789097 0.231415
vt 0.724671 0.254353
vt 0.943863 0.349777
vt 0.891447 0.325262
vt 0.893865 0.189153
vt 0.948654 0.170235
vt 0.810650 0.473412
vt 0.791315 0.419827
vt 0.627062 0.468701
vt 0.652140 0.417443
vt 0.500664 0.338423
vt 0.555459 0.319520
vt 0.505476 0.158905
vt 0.557893 0.183427
vt 0.638669 0.035291
vt 0.658009 0.088875
vt 0.822233 0.039979
vt 0.797170 0.091244
vt 0.987128 0.367692
vt 0.828282 0.516000
vt 0.608731 0.511007
vt 0.457113 0.355664
vt 0.462213 0.140985
vt 0.621030 -0.007296
vt 0.840548 -0.002335
vt 0.992198 0.152979
vt 0.731045 0.815879
vt 0.654263 0.888941
vt 0.627940 0.824175
vt 0.666630 0.788719
vt 0.548329 0.886292
vt 0.575509 0.821883
vt 0.475290 0.809521
vt 0.540055 0.783193
vt 0.477927 0.703592
vt 0.542342 0.730767
vt 0.554691 0.630552
vt 0.581029 0.695314
vt 0.660620 0.633182
vt 0.633456 0.697601
vt 0.733668 0.709944
vt 0.668912 0.736290
vt 0.604486 0.759745
vt 0.823678 0.857320
vt 0.771262 0.832252
vt 0.773680 0.693076
vt 0.828469 0.673731
vt 0.690465 0.983740
vt 0.671130 0.928948
vt 0.506877 0.978923
vt 0.531955 0.926511
vt 0.380479 0.845710
vt 0.435274 0.826381
vt 0.385291 0.662146
vt 0.437708 0.687221
vt 0.518484 0.535746
vt 0.537824 0.590538
vt 0.702048 0.540540
vt 0.676985 0.592961
vt 0.866943 0.875638
vt 0.708097 1.017426
vt 0.488546 1.012321
vt 0.336928 0.863339
vt 0.342028 0.643822
vt 0.500845 0.492199
vt 0.720362 0.497273
vt 0.872013 0.656086
vn 0.786510 0.432918 0.440437
vn 0.786510 0.432918 0.440437
vn 0.786510 0.432918 0.440437
vn 0.786509 0.432918 0.440437
vn 0.867582 0.432918 -0.244711
vn 0.867582 0.432918 -0.244711
vn 0.867582 0.432918 -0.244711
vn 0.867582 0.432918 -0.244711
vn 0.440437 0.432918 -0.786510
vn 0.440437 0.432918 -0.786510
vn 0.440437 0.432918 -0.786510
vn 0.440437 0.432918 -0.786510
vn -0.244711 0.432918 -0.867582
vn -0.244711 0.432918 -0.867582
vn -0.244711 0.432918 -0.867582
vn -0.244711 0.432918 -0.867582
vn -0.786510 0.432918 -0.440437
vn -0.786510 0.432918 -0.440437
vn -0.786510 0.432918 -0.440437
vn -0.786510 0.432918 -0.440437
vn -0.867582 0.432918 0.244711
vn -0.867582 0.432918 0.244711
vn -0.867582 0.432918 0.244711
vn -0.867582 0.432918 0.244711
vn -0.440437 0.432918 0.786509
vn -0.440437 0.432918 0.786509
vn -0.440437 0.432918 0.786509
vn -0.440437 0.432918 0.786509
vn 0.244711 0.432918 0.867582
vn 0.244711 0.432918 0.867582
vn 0.244711 0.432918 0.867582
vn 0.244711 0.432918 0.867582
vn 0.289289 0.664229 0.689284
vn 0.289289 0.664229 0.689284
vn 0.226789 0.810291 0.540366
vn 0.226789 0.810291 0.540366
vn 0.691955 0.664229 0.282839
vn 0.691955 0.664229 0.282839
vn 0.542460 0.810291 0.221733
vn 0.542460 0.810291 0.221733
vn 0.689284 0.664228 -0.289289
vn 0.689284 0.664228 -0.289289
vn 0.540366 0.810291 -0.226789
vn 0.540366 0.810291 -0.226789
vn 0.282839 0.664229 -0.691955
vn 0.282839 0.664229 -0.691955
vn 0.221732 0.810291 -0.542461
vn 0.221732 0.810291 -0.542461
vn -0.289289 0.664229 -0.689284
vn -0.289289 0.664229 -0.689284
vn -0.226789 0.810291 -0.540366
vn -0.226789 0.810291 -0.540366
vn -0.691955 0.664229 -0.282839
vn -0.691955 0.664228 -0.282839
vn -0.542461 0.810291 -0.221733
vn -0.542461 0.810291 -0.221733
vn -0.689284 0.664229 0.289289
vn -0.689284 0.664229 0.289289
vn -0.540366 0.810291 0.226789
vn -0.540366 0.810291 0.226789
vn -0.282839 0.664229 0.691956
vn -0.282839 0.664229 0.691955
vn -0.221732 0.810291 0.542461
vn -0.221732 0.810291 0.542461
vn 0.081454 0.977598 0.194078
vn 0.081454 0.977599 0.194078
vn 0.081454 0.977598 0.194078
vn 0.194830 0.977599 0.079638
vn 0.194830 0.977599 0.079638
vn 0.194830 0.977599 0.079638
vn 0.194078 0.977598 -0.081454
vn 0.194078 0.977599 -0.081454
vn 0.194078 0.977599 -0.081454
vn 0.079637 0.977599 -0.194831
vn 0.079637 0.977599 -0.194831
vn 0.079637 0.977599 -0.194831
vn -0.081454 0.977599 -0.194078
vn -0.081454 0.977599 -0.194078
vn -0.081454 0.977598 -0.194078
vn -0.194830 0.977599 -0.079637
vn -0.194830 0.977599 -0.079637
vn -0.194830 0.977599 -0.079637
vn -0.194078 0.977599 0.081453
vn -0.194078 0.977599 0.081453
vn -0.194078 0.977599 0.081453
vn -0.079637 0.977599 0.194830
vn -0.079637 0.977599 0.194830
vn -0.079637 0.977599 0.194830
vn -0.367586 0.236995 0.899285
vn -0.343795 0.417597 0.841082
vn -0.343795 0.417597 0.841082
vn -0.367586 0.236995 0.899285
vn 0.351635 0.417597 0.837834
vn 0.375968 0.236995 0.895813
vn 0.375968 0.236995 0.895813
vn 0.351635 0.417597 0.837834
vn 0.841081 0.417597 0.343795
vn 0.899285 0.236995 0.367586
vn 0.899285 0.236995 0.367586
vn 0.841081 0.417597 0.343795
vn 0.837834 0.417597 -0.351635
vn 0.895813 0.236994 -0.375968
vn 0.895813 0.236994 -0.375968
vn 0.837834 0.417597 -0.351635
vn 0.343795 0.417597 -0.841081
vn 0.367586 0.236995 -0.899285
vn 0.367586 0.236995 -0.899285
vn 0.343795 0.417597 -0.841081
vn -0.351635 0.417597 -0.837834
vn -0.375968 0.236995 -0.895813
vn -0.375968 0.236995 -0.895813
vn -0.351635 0.417597 -0.837834
vn -0.841081 0.417597 -0.343795
vn -0.899285 0.236995 -0.367586
vn -0.899285 0.236995 -0.367586
vn -0.841081 0.417597 -0.343795
vn -0.837834 0.417597 0.351635
vn -0.895813 0.236995 0.375968
vn -0.895813 0.236995 0.375968
vn -0.837834 0.417597 0.351635
vn 0.384851 0.105068 0.916979
vn 0.384852 0.105068 0.916979
vn 0.920533 0.105068 0.376271
vn 0.920533 0.105068 0.376271
vn 0.916979 0.105067 -0.384851
vn 0.916979 0.105067 -0.384852
vn 0.376271 0.105068 -0.920533
vn 0.376271 0.105068 -0.920533
vn -0.384852 0.105067 -0.916979
vn -0.384852 0.105067 -0.916979
vn -0.920533 0.105066 -0.376271
vn -0.920533 0.105066 -0.376271
vn -0.916979 0.105067 0.384852
vn -0.916979 0.105067 0.384852
vn -0.376271 0.105068 0.920533
vn -0.376271 0.105068 0.920533
vn 0.746994 0.664229 -0.028284
vn 0.746994 0.664229 -0.028284
vn 0.585607 0.810292 -0.022173
vn 0.585607 0.810292 -0.022173
vn 0.508205 0.664229 -0.548204
vn 0.508205 0.664229 -0.548204
vn 0.398408 0.810291 -0.429766
vn 0.398408 0.810291 -0.429766
vn -0.028284 0.664229 -0.746994
vn -0.028284 0.664229 -0.746994
vn -0.022173 0.810291 -0.585608
vn -0.022173 0.810291 -0.585608
vn -0.548204 0.664229 -0.508205
vn -0.548204 0.664229 -0.508205
vn -0.429766 0.810291 -0.398408
vn -0.429766 0.810291 -0.398408
vn -0.746994 0.664229 0.028284
vn -0.746994 0.664229 0.028284
vn -0.585608 0.810291 0.022173
vn -0.585608 0.810291 0.022173
vn -0.508205 0.664229 0.548204
vn -0.508205 0.664229 0.548204
vn -0.398408 0.810291 0.429766
vn -0.398408 0.810291 0.429766
vn 0.028284 0.664229 0.746994
vn 0.028284 0.664229 0.746994
vn 0.022173 0.810291 0.585608
vn 0.022173 0.810291 0.585608
vn 0.548204 0.664229 0.508205
vn 0.548204 0.664229 0.508205
vn 0.429766 0.810291 0.398408
vn 0.429766 0.810291 0.398408
vn 0.210327 0.977598 -0.007963
vn 0.210327 0.977598 -0.007963
vn 0.210327 0.977599 -0.007963
vn 0.143093 0.977598 -0.154355
vn 0.143093 0.977598 -0.154355
vn 0.143093 0.977599 -0.154355
vn -0.007964 0.977598 -0.210328
vn -0.007964 0.977598 -0.210328
vn -0.007964 0.977598 -0.210328
vn -0.154355 0.977599 -0.143093
vn -0.154355 0.977598 -0.143093
vn -0.154355 0.977598 -0.143093
vn -0.210328 0.977598 0.007964
vn -0.210328 0.977598 0.007964
vn -0.210328 0.977598 0.007964
vn -0.143093 0.977599 0.154354
vn -0.143093 0.977599 0.154354
vn -0.143093 0.977599 0.154354
vn 0.007964 0.977599 0.210327
vn 0.007964 0.977598 0.210327
vn 0.007964 0.977599 0.210327
vn 0.154355 0.977599 0.143093
vn 0.154355 0.977599 0.143093
vn 0.154355 0.977599 0.143093
vn 0.712462 0.236995 0.660478
vn 0.666350 0.417597 0.617730
vn 0.666350 0.417597 0.617730
vn 0.712462 0.236995 0.660478
vn 0.907982 0.417596 -0.034380
vn 0.970815 0.236995 -0.036759
vn 0.970815 0.236995 -0.036759
vn 0.907982 0.417596 -0.034380
vn 0.617730 0.417597 -0.666350
vn 0.660478 0.236995 -0.712462
vn 0.660478 0.236995 -0.712462
vn 0.617730 0.417597 -0.666350
vn -0.034380 0.417597 -0.907982
vn -0.036759 0.236995 -0.970815
vn -0.036759 0.236995 -0.970815
vn -0.034380 0.417597 -0.907982
vn -0.666350 0.417597 -0.617730
vn -0.712462 0.236995 -0.660478
vn -0.712462 0.236995 -0.660478
vn -0.666350 0.417597 -0.617730
vn -0.907982 0.417597 0.034379
vn -0.970815 0.236995 0.036758
vn -0.970815 0.236995 0.036758
vn -0.907982 0.417597 0.034379
vn -0.617730 0.417597 0.666350
vn -0.660478 0.236995 0.712462
vn -0.660478 0.236995 0.712462
vn -0.617730 0.417597 0.666350
vn 0.034379 0.417597 0.907982
vn 0.036759 0.236995 0.970815
vn 0.036759 0.236995 0.970815
vn 0.034379 0.417597 0.907982
vn 0.993753 0.105069 -0.037627
vn 0.993753 0.105069 -0.037627
vn 0.676083 0.105068 -0.729296
vn 0.676083 0.105068 -0.729296
vn -0.037627 0.105069 -0.993753
vn -0.037627 0.105069 -0.993753
vn -0.729296 0.105068 -0.676083
vn -0.729296 0.105068 -0.676083
vn -0.993753 0.105068 0.037627
vn -0.993753 0.105068 0.037627
vn -0.676083 0.105067 0.729296
vn -0.676083 0.105067 0.729296
vn 0.037627 0.105068 0.993753
vn 0.037627 0.105068 0.993753
vn 0.729296 0.105069 0.676083
vn 0.729296 0.105069 0.676083
s off
g polySurface265
usemtl ARBUSTOS02:aiStandardSurface1SG
f 1368/1397/2852 1361/1398/2853 1353/1399/2854 1360/1400/2855
f 1361/1398/2856 1362/1401/2857 1354/1402/2858 1353/1399/2859
f 1362/1401/2860 1363/1403/2861 1355/1404/2862 1354/1402/2863
f 1363/1403/2864 1364/1405/2865 1356/1406/2866 1355/1404/2867
f 1364/1405/2868 1365/1407/2869 1357/1408/2870 1356/1406/2871
f 1365/1407/2872 1366/1409/2873 1358/1410/2874 1357/1408/2875
f 1366/1409/2876 1367/1411/2877 1359/1412/2878 1358/1410/2879
f 1367/1411/2880 1368/1397/2881 1360/1400/2882 1359/1412/2883
s 1
f 1377/1413/2884 1378/1414/2885 1386/1415/2886 1385/1416/2887
s 2
f 1378/1414/2888 1379/1417/2889 1387/1418/2890 1386/1415/2891
s 3
f 1379/1417/2892 1380/1419/2893 1388/1420/2894 1387/1418/2895
s 4
f 1380/1419/2896 1381/1421/2897 1389/1422/2898 1388/1420/2899
s 5
f 1381/1421/2900 1382/1423/2901 1390/1424/2902 1389/1422/2903
s 6
f 1382/1423/2904 1383/1425/2905 1391/1426/2906 1390/1424/2907
s 7
f 1383/1425/2908 1384/1427/2909 1392/1428/2910 1391/1426/2911
s 8
f 1384/1427/2912 1377/1413/2913 1385/1416/2914 1392/1428/2915
s off
f 1385/1416/2916 1386/1415/2917 1393/1429/2918
f 1386/1415/2919 1387/1418/2920 1393/1429/2921
f 1387/1418/2922 1388/1420/2923 1393/1429/2924
f 1388/1420/2925 1389/1422/2926 1393/1429/2927
f 1389/1422/2928 1390/1424/2929 1393/1429/2930
f 1390/1424/2931 1391/1426/2932 1393/1429/2933
f 1391/1426/2934 1392/1428/2935 1393/1429/2936
f 1392/1428/2937 1385/1416/2938 1393/1429/2939
s 8
f 1394/1430/2940 1395/1431/2941 1409/1432/2942 1408/1433/2943
s 1
f 1395/1431/2944 1394/1430/2945 1396/1434/2946 1397/1435/2947
s 2
f 1397/1435/2948 1396/1434/2949 1398/1436/2950 1399/1437/2951
s 3
f 1399/1437/2952 1398/1436/2953 1400/1438/2954 1401/1439/2955
s 4
f 1401/1439/2956 1400/1438/2957 1402/1440/2958 1403/1441/2959
s 5
f 1403/1441/2960 1402/1440/2961 1404/1442/2962 1405/1443/2963
s 6
f 1405/1443/2964 1404/1442/2965 1406/1444/2966 1407/1445/2967
s 7
f 1407/1445/2968 1406/1444/2969 1408/1433/2970 1409/1432/2971
s 1
f 1369/1446/2972 1370/1447/2973 1396/1434/2946 1394/1430/2945
s 2
f 1370/1447/2974 1371/1448/2975 1398/1436/2950 1396/1434/2949
s 3
f 1371/1448/2976 1372/1449/2977 1400/1438/2954 1398/1436/2953
s 4
f 1372/1449/2978 1373/1450/2979 1402/1440/2958 1400/1438/2957
s 5
f 1373/1450/2980 1374/1451/2981 1404/1442/2962 1402/1440/2961
s 6
f 1374/1451/2982 1375/1452/2983 1406/1444/2966 1404/1442/2965
s 7
f 1375/1452/2984 1376/1453/2985 1408/1433/2970 1406/1444/2969
s 8
f 1376/1453/2986 1369/1446/2987 1394/1430/2940 1408/1433/2943
s 1
f 1395/1431/2944 1397/1435/2947 1378/1414/2885 1377/1413/2884
s 2
f 1397/1435/2948 1399/1437/2951 1379/1417/2889 1378/1414/2888
s 3
f 1399/1437/2952 1401/1439/2955 1380/1419/2893 1379/1417/2892
s 4
f 1401/1439/2956 1403/1441/2959 1381/1421/2897 1380/1419/2896
s 5
f 1403/1441/2960 1405/1443/2963 1382/1423/2901 1381/1421/2900
s 6
f 1405/1443/2964 1407/1445/2967 1383/1425/2905 1382/1423/2904
s 7
f 1407/1445/2968 1409/1432/2971 1384/1427/2909 1383/1425/2908
s 8
f 1409/1432/2942 1395/1431/2941 1377/1413/2913 1384/1427/2912
s 16
f 1418/1454/2988 1419/1455/2989 1427/1456/2990 1426/1457/2991
s 17
f 1419/1455/2992 1420/1458/2993 1428/1459/2994 1427/1456/2995
s 18
f 1420/1458/2996 1421/1460/2997 1429/1461/2998 1428/1459/2999
s 19
f 1421/1460/3000 1422/1462/3001 1430/1463/3002 1429/1461/3003
s 20
f 1422/1462/3004 1423/1464/3005 1431/1465/3006 1430/1463/3007
s 21
f 1423/1464/3008 1424/1466/3009 1432/1467/3010 1431/1465/3011
s 22
f 1424/1466/3012 1425/1468/3013 1433/1469/3014 1432/1467/3015
s 23
f 1425/1468/3016 1418/1454/3017 1426/1457/3018 1433/1469/3019
s off
f 1426/1457/3020 1427/1456/3021 1434/1470/3022
f 1427/1456/3023 1428/1459/3024 1434/1470/3025
f 1428/1459/3026 1429/1461/3027 1434/1470/3028
f 1429/1461/3029 1430/1463/3030 1434/1470/3031
f 1430/1463/3032 1431/1465/3033 1434/1470/3034
f 1431/1465/3035 1432/1467/3036 1434/1470/3037
f 1432/1467/3038 1433/1469/3039 1434/1470/3040
f 1433/1469/3041 1426/1457/3042 1434/1470/3043
s 23
f 1435/1471/3044 1436/1472/3045 1450/1473/3046 1449/1474/3047
s 16
f 1436/1472/3048 1435/1471/3049 1437/1475/3050 1438/1476/3051
s 17
f 1438/1476/3052 1437/1475/3053 1439/1477/3054 1440/1478/3055
s 18
f 1440/1478/3056 1439/1477/3057 1441/1479/3058 1442/1480/3059
s 19
f 1442/1480/3060 1441/1479/3061 1443/1481/3062 1444/1482/3063
s 20
f 1444/1482/3064 1443/1481/3065 1445/1483/3066 1446/1484/3067
s 21
f 1446/1484/3068 1445/1483/3069 1447/1485/3070 1448/1486/3071
s 22
f 1448/1486/3072 1447/1485/3073 1449/1474/3074 1450/1473/3075
s 16
f 1410/1487/3076 1411/1488/3077 1437/1475/3050 1435/1471/3049
s 17
f 1411/1488/3078 1412/1489/3079 1439/1477/3054 1437/1475/3053
s 18
f 1412/1489/3080 1413/1490/3081 1441/1479/3058 1439/1477/3057
s 19
f 1413/1490/3082 1414/1491/3083 1443/1481/3062 1441/1479/3061
s 20
f 1414/1491/3084 1415/1492/3085 1445/1483/3066 1443/1481/3065
s 21
f 1415/1492/3086 1416/1493/3087 1447/1485/3070 1445/1483/3069
s 22
f 1416/1493/3088 1417/1494/3089 1449/1474/3074 1447/1485/3073
s 23
f 1417/1494/3090 1410/1487/3091 1435/1471/3044 1449/1474/3047
s 16
f 1436/1472/3048 1438/1476/3051 1419/1455/2989 1418/1454/2988
s 17
f 1438/1476/3052 1440/1478/3055 1420/1458/2993 1419/1455/2992
s 18
f 1440/1478/3056 1442/1480/3059 1421/1460/2997 1420/1458/2996
s 19
f 1442/1480/3060 1444/1482/3063 1422/1462/3001 1421/1460/3000
s 20
f 1444/1482/3064 1446/1484/3067 1423/1464/3005 1422/1462/3004
s 21
f 1446/1484/3068 1448/1486/3071 1424/1466/3009 1423/1464/3008
s 22
f 1448/1486/3072 1450/1473/3075 1425/1468/3013 1424/1466/3012
s 23
f 1450/1473/3046 1436/1472/3045 1418/1454/3017 1425/1468/3016
g default
v -18.655830 1.216810 13.516084
v -19.064327 1.216810 12.067823
v -20.377254 1.216810 11.332598
v -21.825515 1.216810 11.741095
v -22.560739 1.216810 13.054023
v -22.152242 1.216810 14.502283
v -20.839316 1.216810 15.237507
v -19.391054 1.216810 14.829010
v -17.974907 -0.102238 13.596656
v -18.525869 -0.102238 11.643311
v -20.296681 -0.102238 10.651676
v -22.250026 -0.102238 11.202638
v -23.241662 -0.102238 12.973450
v -22.690701 -0.102238 14.926795
v -20.919889 -0.102238 15.918431
v -18.966542 -0.102238 15.367468
v -20.593522 -0.332619 16.446374
v -18.362454 -0.332619 15.510006
v -17.446964 -0.332619 13.270292
v -18.383332 -0.332619 11.039223
v -20.623046 -0.332619 10.123732
v -22.854114 -0.332619 11.060100
v -23.769605 -0.332619 13.299815
v -22.833238 -0.332619 15.530882
v -20.597637 1.947665 15.565311
v -18.988369 1.947665 14.889910
v -18.328026 1.947665 13.274405
v -19.003427 1.947665 11.665137
v -20.618932 1.947665 11.004794
v -22.228200 1.947665 11.680196
v -22.888543 1.947665 13.295701
v -22.213142 1.947665 14.904969
v -20.602522 2.646716 14.519120
v -19.731592 2.646716 14.153595
v -19.374217 2.646716 13.279291
v -19.739742 2.646716 12.408361
v -20.614047 2.646716 12.050986
v -21.484976 2.646716 12.416511
v -21.842352 2.646716 13.290815
v -21.476827 2.646716 14.161745
v -20.608284 2.892189 13.285053
v -20.593923 0.417814 16.360557
v -20.595678 1.319901 15.984765
v -18.423420 0.417814 15.449607
v -18.690385 1.319902 15.185123
v -17.532780 0.417814 13.270692
v -17.908571 1.319901 13.272446
v -18.443730 0.417814 11.100188
v -18.708213 1.319901 11.367154
v -20.622645 0.417814 10.209548
v -20.620891 1.319901 10.585341
v -22.793149 0.417814 11.120498
v -22.526183 1.319901 11.384982
v -23.683789 0.417814 13.299414
v -23.307997 1.319901 13.297660
v -22.772839 0.417814 15.469917
v -22.508355 1.319901 15.202952
v -17.595363 0.998489 14.401456
v -17.688411 0.998489 11.944012
v -19.491881 0.998489 10.272132
v -21.949325 0.998489 10.365179
v -23.621205 0.998489 12.168650
v -23.528157 0.998489 14.626094
v -21.724688 0.998489 16.297974
v -19.267244 0.998489 16.204926
v -18.435066 3.316100 14.090314
v -18.502181 3.316100 12.317761
v -19.803024 3.316100 11.111835
v -21.575576 3.316100 11.178951
v -22.781503 3.316100 12.479793
v -22.714387 3.316100 14.252345
v -21.413546 3.316100 15.458271
v -19.640992 3.316100 15.391156
v -19.432147 4.026593 13.720857
v -19.468470 4.026593 12.761559
v -20.172480 4.026593 12.108916
v -21.131779 4.026593 12.145238
v -21.784421 4.026593 12.849249
v -21.748099 4.026593 13.808548
v -21.044089 4.026593 14.461190
v -20.084790 4.026593 14.424867
v -20.608285 4.276086 13.285053
v -17.677152 1.761206 14.371150
v -18.035303 2.678060 14.238442
v -17.767674 1.761206 11.980416
v -18.114764 2.678061 12.139828
v -19.522186 1.761206 10.353920
v -19.654896 2.678060 10.712072
v -21.912921 1.761206 10.444443
v -21.753509 2.678060 10.791532
v -23.539417 1.761206 12.198955
v -23.181265 2.678060 12.331665
v -23.448895 1.761206 14.589690
v -23.101805 2.678060 14.430278
v -21.694383 1.761206 16.216186
v -21.561673 2.678060 15.858034
v -19.303647 1.761206 16.125663
v -19.463059 2.678060 15.778573
vt 0.948654 0.170235
vt 0.943863 0.349777
vt 0.851230 0.309250
vt 0.853854 0.205650
vt 0.810650 0.473412
vt 0.774448 0.380702
vt 0.627062 0.468701
vt 0.668514 0.378112
vt 0.500664 0.338423
vt 0.595475 0.303032
vt 0.505476 0.158905
vt 0.598112 0.199438
vt 0.638669 0.035291
vt 0.674876 0.128007
vt 0.822233 0.039979
vt 0.780805 0.130579
vt 0.851230 0.309250
vt 0.774448 0.380702
vt 0.748125 0.317363
vt 0.786815 0.282689
vt 0.668514 0.378112
vt 0.695694 0.315122
vt 0.595475 0.303032
vt 0.660240 0.277284
vt 0.598112 0.199438
vt 0.662527 0.226013
vt 0.674876 0.128007
vt 0.701214 0.191342
vt 0.780805 0.130579
vt 0.753641 0.193579
vt 0.853854 0.205650
vt 0.789097 0.231415
vt 0.724671 0.254353
vt 0.943863 0.349777
vt 0.891447 0.325262
vt 0.893865 0.189153
vt 0.948654 0.170235
vt 0.810650 0.473412
vt 0.791315 0.419827
vt 0.627062 0.468701
vt 0.652140 0.417443
vt 0.500664 0.338423
vt 0.555459 0.319520
vt 0.505476 0.158905
vt 0.557893 0.183427
vt 0.638669 0.035291
vt 0.658009 0.088875
vt 0.822233 0.039979
vt 0.797170 0.091244
vt 0.987128 0.367692
vt 0.828282 0.516000
vt 0.608731 0.511007
vt 0.457113 0.355664
vt 0.462213 0.140985
vt 0.621030 -0.007296
vt 0.840548 -0.002335
vt 0.992198 0.152979
vt 0.731045 0.815879
vt 0.654263 0.888941
vt 0.627940 0.824175
vt 0.666630 0.788719
vt 0.548329 0.886292
vt 0.575509 0.821883
vt 0.475290 0.809521
vt 0.540055 0.783193
vt 0.477927 0.703592
vt 0.542342 0.730767
vt 0.554691 0.630552
vt 0.581029 0.695314
vt 0.660620 0.633182
vt 0.633456 0.697601
vt 0.733668 0.709944
vt 0.668912 0.736290
vt 0.604486 0.759745
vt 0.823678 0.857320
vt 0.771262 0.832252
vt 0.773680 0.693076
vt 0.828469 0.673731
vt 0.690465 0.983740
vt 0.671130 0.928948
vt 0.506877 0.978923
vt 0.531955 0.926511
vt 0.380479 0.845710
vt 0.435274 0.826381
vt 0.385291 0.662146
vt 0.437708 0.687221
vt 0.518484 0.535746
vt 0.537824 0.590538
vt 0.702048 0.540540
vt 0.676985 0.592961
vt 0.866943 0.875638
vt 0.708097 1.017426
vt 0.488546 1.012321
vt 0.336928 0.863339
vt 0.342028 0.643822
vt 0.500845 0.492199
vt 0.720362 0.497273
vt 0.872013 0.656086
vn 0.786510 0.432918 0.440437
vn 0.786510 0.432918 0.440437
vn 0.786510 0.432918 0.440437
vn 0.786510 0.432918 0.440437
vn 0.867582 0.432918 -0.244711
vn 0.867582 0.432918 -0.244711
vn 0.867582 0.432918 -0.244711
vn 0.867582 0.432918 -0.244711
vn 0.440437 0.432918 -0.786510
vn 0.440437 0.432918 -0.786510
vn 0.440437 0.432918 -0.786510
vn 0.440437 0.432918 -0.786510
vn -0.244711 0.432918 -0.867582
vn -0.244711 0.432918 -0.867582
vn -0.244711 0.432918 -0.867582
vn -0.244711 0.432918 -0.867582
vn -0.786510 0.432918 -0.440437
vn -0.786510 0.432918 -0.440437
vn -0.786510 0.432918 -0.440437
vn -0.786510 0.432918 -0.440437
vn -0.867582 0.432918 0.244711
vn -0.867582 0.432918 0.244711
vn -0.867582 0.432918 0.244711
vn -0.867582 0.432918 0.244711
vn -0.440437 0.432918 0.786509
vn -0.440437 0.432918 0.786509
vn -0.440437 0.432918 0.786509
vn -0.440437 0.432918 0.786509
vn 0.244711 0.432918 0.867582
vn 0.244711 0.432918 0.867582
vn 0.244711 0.432918 0.867582
vn 0.244711 0.432918 0.867582
vn 0.289289 0.664229 0.689284
vn 0.289289 0.664229 0.689284
vn 0.226789 0.810291 0.540366
vn 0.226789 0.810291 0.540366
vn 0.691955 0.664229 0.282839
vn 0.691955 0.664229 0.282839
vn 0.542460 0.810291 0.221733
vn 0.542460 0.810291 0.221733
vn 0.689284 0.664229 -0.289289
vn 0.689284 0.664229 -0.289289
vn 0.540366 0.810291 -0.226789
vn 0.540366 0.810291 -0.226789
vn 0.282839 0.664229 -0.691955
vn 0.282839 0.664229 -0.691955
vn 0.221732 0.810291 -0.542460
vn 0.221732 0.810291 -0.542461
vn -0.289289 0.664229 -0.689284
vn -0.289289 0.664229 -0.689284
vn -0.226789 0.810291 -0.540366
vn -0.226789 0.810291 -0.540366
vn -0.691955 0.664229 -0.282839
vn -0.691955 0.664229 -0.282839
vn -0.542461 0.810291 -0.221733
vn -0.542461 0.810291 -0.221733
vn -0.689284 0.664229 0.289289
vn -0.689284 0.664229 0.289289
vn -0.540366 0.810291 0.226789
vn -0.540366 0.810291 0.226789
vn -0.282839 0.664229 0.691956
vn -0.282839 0.664229 0.691955
vn -0.221732 0.810291 0.542461
vn -0.221732 0.810291 0.542461
vn 0.081454 0.977599 0.194078
vn 0.081454 0.977599 0.194078
vn 0.081454 0.977599 0.194078
vn 0.194830 0.977599 0.079638
vn 0.194830 0.977599 0.079638
vn 0.194830 0.977599 0.079638
vn 0.194078 0.977599 -0.081454
vn 0.194078 0.977599 -0.081454
vn 0.194078 0.977599 -0.081454
vn 0.079637 0.977599 -0.194831
vn 0.079637 0.977599 -0.194831
vn 0.079637 0.977599 -0.194831
vn -0.081454 0.977599 -0.194078
vn -0.081454 0.977599 -0.194078
vn -0.081454 0.977599 -0.194078
vn -0.194830 0.977599 -0.079637
vn -0.194830 0.977599 -0.079637
vn -0.194830 0.977599 -0.079637
vn -0.194078 0.977599 0.081453
vn -0.194078 0.977599 0.081453
vn -0.194078 0.977599 0.081453
vn -0.079637 0.977599 0.194830
vn -0.079637 0.977599 0.194830
vn -0.079637 0.977599 0.194830
vn -0.367586 0.236995 0.899285
vn -0.343795 0.417597 0.841082
vn -0.343795 0.417597 0.841082
vn -0.367586 0.236995 0.899285
vn 0.351635 0.417597 0.837834
vn 0.375968 0.236995 0.895813
vn 0.375968 0.236995 0.895813
vn 0.351635 0.417597 0.837834
vn 0.841081 0.417597 0.343795
vn 0.899285 0.236995 0.367586
vn 0.899285 0.236995 0.367586
vn 0.841081 0.417597 0.343795
vn 0.837834 0.417597 -0.351635
vn 0.895813 0.236994 -0.375968
vn 0.895813 0.236994 -0.375968
vn 0.837834 0.417597 -0.351635
vn 0.343795 0.417597 -0.841081
vn 0.367586 0.236995 -0.899285
vn 0.367586 0.236995 -0.899285
vn 0.343795 0.417597 -0.841081
vn -0.351635 0.417597 -0.837834
vn -0.375968 0.236995 -0.895813
vn -0.375968 0.236995 -0.895813
vn -0.351635 0.417597 -0.837834
vn -0.841081 0.417597 -0.343795
vn -0.899285 0.236995 -0.367586
vn -0.899285 0.236995 -0.367586
vn -0.841081 0.417597 -0.343795
vn -0.837834 0.417597 0.351635
vn -0.895813 0.236995 0.375968
vn -0.895813 0.236995 0.375968
vn -0.837834 0.417597 0.351635
vn 0.384852 0.105068 0.916979
vn 0.384852 0.105068 0.916979
vn 0.920533 0.105068 0.376271
vn 0.920533 0.105068 0.376271
vn 0.916979 0.105067 -0.384851
vn 0.916979 0.105067 -0.384852
vn 0.376271 0.105068 -0.920533
vn 0.376271 0.105068 -0.920533
vn -0.384852 0.105067 -0.916979
vn -0.384852 0.105067 -0.916979
vn -0.920533 0.105066 -0.376271
vn -0.920533 0.105066 -0.376271
vn -0.916979 0.105067 0.384852
vn -0.916979 0.105067 0.384852
vn -0.376271 0.105068 0.920533
vn -0.376271 0.105068 0.920533
vn 0.746994 0.664229 -0.028284
vn 0.746994 0.664229 -0.028284
vn 0.585607 0.810292 -0.022173
vn 0.585607 0.810292 -0.022173
vn 0.508205 0.664229 -0.548204
vn 0.508205 0.664229 -0.548204
vn 0.398408 0.810291 -0.429766
vn 0.398408 0.810291 -0.429766
vn -0.028284 0.664229 -0.746994
vn -0.028284 0.664229 -0.746994
vn -0.022173 0.810291 -0.585608
vn -0.022173 0.810291 -0.585608
vn -0.548204 0.664229 -0.508205
vn -0.548204 0.664229 -0.508205
vn -0.429766 0.810291 -0.398408
vn -0.429766 0.810291 -0.398408
vn -0.746994 0.664229 0.028284
vn -0.746994 0.664229 0.028284
vn -0.585608 0.810291 0.022173
vn -0.585608 0.810291 0.022173
vn -0.508205 0.664229 0.548204
vn -0.508205 0.664229 0.548204
vn -0.398408 0.810291 0.429766
vn -0.398408 0.810291 0.429766
vn 0.028284 0.664229 0.746994
vn 0.028284 0.664229 0.746994
vn 0.022173 0.810291 0.585608
vn 0.022173 0.810291 0.585608
vn 0.548204 0.664229 0.508205
vn 0.548204 0.664229 0.508205
vn 0.429766 0.810291 0.398408
vn 0.429766 0.810291 0.398408
vn 0.210327 0.977599 -0.007963
vn 0.210327 0.977599 -0.007963
vn 0.210327 0.977599 -0.007963
vn 0.143093 0.977599 -0.154355
vn 0.143093 0.977599 -0.154355
vn 0.143093 0.977599 -0.154355
vn -0.007964 0.977598 -0.210328
vn -0.007964 0.977598 -0.210328
vn -0.007964 0.977598 -0.210328
vn -0.154355 0.977598 -0.143093
vn -0.154355 0.977598 -0.143093
vn -0.154355 0.977598 -0.143093
vn -0.210327 0.977598 0.007964
vn -0.210328 0.977598 0.007964
vn -0.210328 0.977598 0.007964
vn -0.143093 0.977599 0.154354
vn -0.143093 0.977599 0.154354
vn -0.143093 0.977599 0.154354
vn 0.007964 0.977599 0.210327
vn 0.007964 0.977599 0.210327
vn 0.007964 0.977599 0.210327
vn 0.154355 0.977599 0.143093
vn 0.154355 0.977599 0.143093
vn 0.154355 0.977599 0.143093
vn 0.712462 0.236995 0.660478
vn 0.666350 0.417597 0.617730
vn 0.666350 0.417597 0.617730
vn 0.712462 0.236995 0.660478
vn 0.907982 0.417596 -0.034380
vn 0.970815 0.236995 -0.036759
vn 0.970815 0.236995 -0.036759
vn 0.907982 0.417596 -0.034380
vn 0.617730 0.417597 -0.666350
vn 0.660478 0.236995 -0.712462
vn 0.660478 0.236995 -0.712462
vn 0.617730 0.417597 -0.666350
vn -0.034380 0.417597 -0.907982
vn -0.036759 0.236995 -0.970815
vn -0.036759 0.236995 -0.970815
vn -0.034380 0.417597 -0.907982
vn -0.666350 0.417597 -0.617730
vn -0.712462 0.236995 -0.660478
vn -0.712462 0.236995 -0.660478
vn -0.666350 0.417597 -0.617730
vn -0.907982 0.417597 0.034379
vn -0.970815 0.236995 0.036758
vn -0.970815 0.236995 0.036758
vn -0.907982 0.417597 0.034379
vn -0.617730 0.417597 0.666350
vn -0.660478 0.236995 0.712462
vn -0.660478 0.236995 0.712462
vn -0.617730 0.417597 0.666350
vn 0.034379 0.417597 0.907982
vn 0.036759 0.236995 0.970815
vn 0.036759 0.236995 0.970815
vn 0.034379 0.417597 0.907982
vn 0.993753 0.105069 -0.037627
vn 0.993753 0.105069 -0.037627
vn 0.676083 0.105068 -0.729296
vn 0.676083 0.105068 -0.729296
vn -0.037627 0.105069 -0.993753
vn -0.037627 0.105069 -0.993753
vn -0.729296 0.105068 -0.676083
vn -0.729296 0.105068 -0.676083
vn -0.993753 0.105068 0.037627
vn -0.993753 0.105068 0.037627
vn -0.676083 0.105067 0.729296
vn -0.676083 0.105067 0.729296
vn 0.037627 0.105068 0.993753
vn 0.037627 0.105068 0.993753
vn 0.729296 0.105069 0.676083
vn 0.729296 0.105069 0.676083
s off
g polySurface263
usemtl ARBUSTOS02:aiStandardSurface1SG
f 1466/1495/3092 1459/1496/3093 1451/1497/3094 1458/1498/3095
f 1459/1496/3096 1460/1499/3097 1452/1500/3098 1451/1497/3099
f 1460/1499/3100 1461/1501/3101 1453/1502/3102 1452/1500/3103
f 1461/1501/3104 1462/1503/3105 1454/1504/3106 1453/1502/3107
f 1462/1503/3108 1463/1505/3109 1455/1506/3110 1454/1504/3111
f 1463/1505/3112 1464/1507/3113 1456/1508/3114 1455/1506/3115
f 1464/1507/3116 1465/1509/3117 1457/1510/3118 1456/1508/3119
f 1465/1509/3120 1466/1495/3121 1458/1498/3122 1457/1510/3123
s 1
f 1475/1511/3124 1476/1512/3125 1484/1513/3126 1483/1514/3127
s 2
f 1476/1512/3128 1477/1515/3129 1485/1516/3130 1484/1513/3131
s 3
f 1477/1515/3132 1478/1517/3133 1486/1518/3134 1485/1516/3135
s 4
f 1478/1517/3136 1479/1519/3137 1487/1520/3138 1486/1518/3139
s 5
f 1479/1519/3140 1480/1521/3141 1488/1522/3142 1487/1520/3143
s 6
f 1480/1521/3144 1481/1523/3145 1489/1524/3146 1488/1522/3147
s 7
f 1481/1523/3148 1482/1525/3149 1490/1526/3150 1489/1524/3151
s 8
f 1482/1525/3152 1475/1511/3153 1483/1514/3154 1490/1526/3155
s off
f 1483/1514/3156 1484/1513/3157 1491/1527/3158
f 1484/1513/3159 1485/1516/3160 1491/1527/3161
f 1485/1516/3162 1486/1518/3163 1491/1527/3164
f 1486/1518/3165 1487/1520/3166 1491/1527/3167
f 1487/1520/3168 1488/1522/3169 1491/1527/3170
f 1488/1522/3171 1489/1524/3172 1491/1527/3173
f 1489/1524/3174 1490/1526/3175 1491/1527/3176
f 1490/1526/3177 1483/1514/3178 1491/1527/3179
s 8
f 1492/1528/3180 1493/1529/3181 1507/1530/3182 1506/1531/3183
s 1
f 1493/1529/3184 1492/1528/3185 1494/1532/3186 1495/1533/3187
s 2
f 1495/1533/3188 1494/1532/3189 1496/1534/3190 1497/1535/3191
s 3
f 1497/1535/3192 1496/1534/3193 1498/1536/3194 1499/1537/3195
s 4
f 1499/1537/3196 1498/1536/3197 1500/1538/3198 1501/1539/3199
s 5
f 1501/1539/3200 1500/1538/3201 1502/1540/3202 1503/1541/3203
s 6
f 1503/1541/3204 1502/1540/3205 1504/1542/3206 1505/1543/3207
s 7
f 1505/1543/3208 1504/1542/3209 1506/1531/3210 1507/1530/3211
s 1
f 1467/1544/3212 1468/1545/3213 1494/1532/3186 1492/1528/3185
s 2
f 1468/1545/3214 1469/1546/3215 1496/1534/3190 1494/1532/3189
s 3
f 1469/1546/3216 1470/1547/3217 1498/1536/3194 1496/1534/3193
s 4
f 1470/1547/3218 1471/1548/3219 1500/1538/3198 1498/1536/3197
s 5
f 1471/1548/3220 1472/1549/3221 1502/1540/3202 1500/1538/3201
s 6
f 1472/1549/3222 1473/1550/3223 1504/1542/3206 1502/1540/3205
s 7
f 1473/1550/3224 1474/1551/3225 1506/1531/3210 1504/1542/3209
s 8
f 1474/1551/3226 1467/1544/3227 1492/1528/3180 1506/1531/3183
s 1
f 1493/1529/3184 1495/1533/3187 1476/1512/3125 1475/1511/3124
s 2
f 1495/1533/3188 1497/1535/3191 1477/1515/3129 1476/1512/3128
s 3
f 1497/1535/3192 1499/1537/3195 1478/1517/3133 1477/1515/3132
s 4
f 1499/1537/3196 1501/1539/3199 1479/1519/3137 1478/1517/3136
s 5
f 1501/1539/3200 1503/1541/3203 1480/1521/3141 1479/1519/3140
s 6
f 1503/1541/3204 1505/1543/3207 1481/1523/3145 1480/1521/3144
s 7
f 1505/1543/3208 1507/1530/3211 1482/1525/3149 1481/1523/3148
s 8
f 1507/1530/3182 1493/1529/3181 1475/1511/3153 1482/1525/3152
s 16
f 1516/1552/3228 1517/1553/3229 1525/1554/3230 1524/1555/3231
s 17
f 1517/1553/3232 1518/1556/3233 1526/1557/3234 1525/1554/3235
s 18
f 1518/1556/3236 1519/1558/3237 1527/1559/3238 1526/1557/3239
s 19
f 1519/1558/3240 1520/1560/3241 1528/1561/3242 1527/1559/3243
s 20
f 1520/1560/3244 1521/1562/3245 1529/1563/3246 1528/1561/3247
s 21
f 1521/1562/3248 1522/1564/3249 1530/1565/3250 1529/1563/3251
s 22
f 1522/1564/3252 1523/1566/3253 1531/1567/3254 1530/1565/3255
s 23
f 1523/1566/3256 1516/1552/3257 1524/1555/3258 1531/1567/3259
s off
f 1524/1555/3260 1525/1554/3261 1532/1568/3262
f 1525/1554/3263 1526/1557/3264 1532/1568/3265
f 1526/1557/3266 1527/1559/3267 1532/1568/3268
f 1527/1559/3269 1528/1561/3270 1532/1568/3271
f 1528/1561/3272 1529/1563/3273 1532/1568/3274
f 1529/1563/3275 1530/1565/3276 1532/1568/3277
f 1530/1565/3278 1531/1567/3279 1532/1568/3280
f 1531/1567/3281 1524/1555/3282 1532/1568/3283
s 23
f 1533/1569/3284 1534/1570/3285 1548/1571/3286 1547/1572/3287
s 16
f 1534/1570/3288 1533/1569/3289 1535/1573/3290 1536/1574/3291
s 17
f 1536/1574/3292 1535/1573/3293 1537/1575/3294 1538/1576/3295
s 18
f 1538/1576/3296 1537/1575/3297 1539/1577/3298 1540/1578/3299
s 19
f 1540/1578/3300 1539/1577/3301 1541/1579/3302 1542/1580/3303
s 20
f 1542/1580/3304 1541/1579/3305 1543/1581/3306 1544/1582/3307
s 21
f 1544/1582/3308 1543/1581/3309 1545/1583/3310 1546/1584/3311
s 22
f 1546/1584/3312 1545/1583/3313 1547/1572/3314 1548/1571/3315
s 16
f 1508/1585/3316 1509/1586/3317 1535/1573/3290 1533/1569/3289
s 17
f 1509/1586/3318 1510/1587/3319 1537/1575/3294 1535/1573/3293
s 18
f 1510/1587/3320 1511/1588/3321 1539/1577/3298 1537/1575/3297
s 19
f 1511/1588/3322 1512/1589/3323 1541/1579/3302 1539/1577/3301
s 20
f 1512/1589/3324 1513/1590/3325 1543/1581/3306 1541/1579/3305
s 21
f 1513/1590/3326 1514/1591/3327 1545/1583/3310 1543/1581/3309
s 22
f 1514/1591/3328 1515/1592/3329 1547/1572/3314 1545/1583/3313
s 23
f 1515/1592/3330 1508/1585/3331 1533/1569/3284 1547/1572/3287
s 16
f 1534/1570/3288 1536/1574/3291 1517/1553/3229 1516/1552/3228
s 17
f 1536/1574/3292 1538/1576/3295 1518/1556/3233 1517/1553/3232
s 18
f 1538/1576/3296 1540/1578/3299 1519/1558/3237 1518/1556/3236
s 19
f 1540/1578/3300 1542/1580/3303 1520/1560/3241 1519/1558/3240
s 20
f 1542/1580/3304 1544/1582/3307 1521/1562/3245 1520/1560/3244
s 21
f 1544/1582/3308 1546/1584/3311 1522/1564/3249 1521/1562/3248
s 22
f 1546/1584/3312 1548/1571/3315 1523/1566/3253 1522/1564/3252
s 23
f 1548/1571/3286 1534/1570/3285 1516/1552/3257 1523/1566/3256
g default
v -43.170749 2.236428 -1.233607
v -41.022153 2.236428 -0.813836
v -39.206044 2.236428 -2.036299
v -38.786272 2.236428 -4.184895
v -40.008735 2.236428 -6.001004
v -42.157331 2.236428 -6.420775
v -43.973441 2.236428 -5.198312
v -44.393212 2.236428 -3.049717
v -42.730121 4.299596 -1.897946
v -41.180341 4.299596 -1.595165
v -39.870382 4.299596 -2.476927
v -39.567601 4.299596 -4.026707
v -40.449363 4.299596 -5.336666
v -41.999144 4.299596 -5.639447
v -43.309102 4.299596 -4.757685
v -43.611883 4.299596 -3.207904
v -42.206911 4.932087 -2.686795
v -41.368176 4.932087 -2.522931
v -40.659231 4.932087 -3.000137
v -40.495367 4.932087 -3.838872
v -40.972573 4.932087 -4.547816
v -41.811309 4.932087 -4.711681
v -42.520253 4.932087 -4.234474
v -42.684117 4.932087 -3.395739
v -41.589742 5.154188 -3.617306
v -43.127831 2.915409 -1.298315
v -42.939894 3.731605 -1.581669
v -41.037561 2.915409 -0.889939
v -41.105031 3.731605 -1.223192
v -39.270751 2.915409 -2.079217
v -39.554106 3.731605 -2.267154
v -38.862376 2.915409 -4.169487
v -39.195628 3.731605 -4.102017
v -40.051653 2.915409 -5.936297
v -40.239591 3.731605 -5.652942
v -42.141923 2.915409 -6.344673
v -42.074453 3.731605 -6.011420
v -43.908733 2.915409 -5.155395
v -43.625379 3.731605 -4.967457
v -44.317109 2.915409 -3.065125
v -43.983856 3.731605 -3.132595
v -41.704986 0.611084 -6.583888
v -43.768922 0.611084 -5.633506
v -44.556324 0.611084 -3.502062
v -43.605942 0.611084 -1.438126
v -41.474499 0.611084 -0.650724
v -39.410563 0.611084 -1.601105
v -38.623161 0.611084 -3.732549
v -39.573542 0.611084 -5.796486
v -41.672868 2.752492 -5.757099
v -43.161583 2.752492 -5.071590
v -43.729536 2.752492 -3.534180
v -43.044026 2.752492 -2.045465
v -41.506617 2.752492 -1.477512
v -40.017901 2.752492 -2.163022
v -39.449949 2.752492 -3.700431
v -40.135458 2.752492 -5.189147
v -41.634729 3.408968 -4.775354
v -42.440416 3.408968 -4.404358
v -42.747790 3.408968 -3.572318
v -42.376795 3.408968 -2.766631
v -41.544755 3.408968 -2.459258
v -40.739068 3.408968 -2.830253
v -40.431694 3.408968 -3.662293
v -40.802689 3.408968 -4.467980
v -41.589742 3.639492 -3.617305
v -41.701858 1.315813 -6.503357
v -41.688158 2.162961 -6.150714
v -43.709766 1.315813 -5.578774
v -43.450723 2.162961 -5.339105
v -44.475794 1.315813 -3.505190
v -44.123151 2.162961 -3.518889
v -43.551211 1.315813 -1.497282
v -43.311542 2.162961 -1.756325
v -41.477627 1.315813 -0.731254
v -41.491326 2.162961 -1.083897
v -39.469718 1.315813 -1.655837
v -39.728761 2.162961 -1.895506
v -38.703691 1.315813 -3.729421
v -39.056334 2.162961 -3.715722
v -39.628274 1.315813 -5.737330
v -39.867943 2.162961 -5.478287
v -44.332384 -0.622867 -4.248250
v -43.975228 -0.622867 -2.124110
v -42.220687 -0.622867 -0.874664
v -40.096547 -0.622867 -1.231820
v -38.847100 -0.622867 -2.986361
v -39.204256 -0.622867 -5.110501
v -40.958797 -0.622867 -6.359947
v -43.082938 -0.622867 -6.002791
v -43.568008 1.407072 -4.072406
v -43.310392 1.407072 -2.540265
v -42.044842 1.407072 -1.639040
v -40.512701 1.407072 -1.896656
v -39.611476 1.407072 -3.162206
v -39.869093 1.407072 -4.694347
v -41.134642 1.407072 -5.595572
v -42.666783 1.407072 -5.337955
v -42.660372 2.029376 -3.863604
v -42.520951 2.029376 -3.034415
v -41.836040 2.029376 -2.546676
v -41.006852 2.029376 -2.686097
v -40.519113 2.029376 -3.371007
v -40.658533 2.029376 -4.200196
v -41.343444 2.029376 -4.687936
v -42.172633 2.029376 -4.548515
v -41.589742 2.247900 -3.617306
v -44.257933 0.045178 -4.231123
v -43.931910 0.848228 -4.156121
v -43.910472 0.045178 -2.164645
v -43.626905 0.848229 -2.342143
v -42.203559 0.045178 -0.949115
v -42.128558 0.848228 -1.275138
v -40.137081 0.045178 -1.296576
v -40.314580 0.848228 -1.580143
v -38.921552 0.045178 -3.003489
v -39.247575 0.848228 -3.078490
v -39.269013 0.045178 -5.069967
v -39.552579 0.848228 -4.892468
v -40.975925 0.045178 -6.285497
v -41.050927 0.848228 -5.959474
v -43.042404 0.045178 -5.938035
v -42.864905 0.848228 -5.654469
v -42.187533 0.756455 -1.972332
v -40.849272 0.756455 -2.031431
v -39.944768 0.756455 -3.019515
v -40.003868 0.756455 -4.357776
v -40.991951 0.756455 -5.262280
v -42.330212 0.756455 -5.203180
v -43.234716 0.756455 -4.215097
v -43.175617 0.756455 -2.876835
v -42.396014 -0.417779 -1.398643
v -40.591031 -0.417779 -1.478355
v -39.371080 -0.417779 -2.811034
v -39.450791 -0.417779 -4.616017
v -40.783471 -0.417779 -5.835969
v -42.588453 -0.417779 -5.756257
v -43.808405 -0.417779 -4.423578
v -43.728694 -0.417779 -2.618595
vt 0.731045 0.815879
vt 0.654263 0.888941
vt 0.627940 0.824175
vt 0.666630 0.788719
vt 0.548329 0.886292
vt 0.575509 0.821883
vt 0.475290 0.809521
vt 0.540055 0.783193
vt 0.477927 0.703592
vt 0.542342 0.730767
vt 0.554691 0.630552
vt 0.581029 0.695314
vt 0.660620 0.633182
vt 0.633456 0.697601
vt 0.733668 0.709944
vt 0.668912 0.736290
vt 0.604486 0.759745
vt 0.823678 0.857320
vt 0.771262 0.832252
vt 0.773680 0.693076
vt 0.828469 0.673731
vt 0.690465 0.983740
vt 0.671130 0.928948
vt 0.506877 0.978923
vt 0.531955 0.926511
vt 0.380479 0.845710
vt 0.435274 0.826381
vt 0.385291 0.662146
vt 0.437708 0.687221
vt 0.518484 0.535746
vt 0.537824 0.590538
vt 0.702048 0.540540
vt 0.676985 0.592961
vt 0.866943 0.875638
vt 0.708097 1.018723
vt 0.488546 1.013617
vt 0.336928 0.863339
vt 0.342028 0.643822
vt 0.500845 0.492199
vt 0.720362 0.497273
vt 0.872013 0.656086
vt 0.851230 0.309250
vt 0.774448 0.380702
vt 0.748125 0.317363
vt 0.786815 0.282689
vt 0.668514 0.378112
vt 0.695694 0.315122
vt 0.595475 0.303032
vt 0.660240 0.277284
vt 0.598112 0.199438
vt 0.662527 0.226013
vt 0.674876 0.128007
vt 0.701214 0.191342
vt 0.780805 0.130579
vt 0.753641 0.193579
vt 0.853854 0.205650
vt 0.789097 0.231415
vt 0.724671 0.254353
vt 0.943863 0.349777
vt 0.891447 0.325262
vt 0.893865 0.189153
vt 0.948654 0.170235
vt 0.810650 0.473412
vt 0.791315 0.419827
vt 0.627062 0.468701
vt 0.652140 0.417443
vt 0.500664 0.338423
vt 0.555459 0.319520
vt 0.505476 0.158905
vt 0.557893 0.183427
vt 0.638669 0.035291
vt 0.658009 0.088875
vt 0.822233 0.039979
vt 0.797170 0.091244
vt 0.987128 0.367692
vt 0.828282 0.516000
vt 0.608731 0.511007
vt 0.457113 0.355664
vt 0.462213 0.140985
vt 0.621030 -0.007296
vt 0.840548 -0.002335
vt 0.992198 0.152979
vt 0.851230 0.309250
vt 0.774448 0.380702
vt 0.748125 0.317363
vt 0.786815 0.282689
vt 0.668514 0.378112
vt 0.695694 0.315122
vt 0.595475 0.303032
vt 0.660240 0.277284
vt 0.598112 0.199438
vt 0.662527 0.226013
vt 0.674876 0.128007
vt 0.701214 0.191342
vt 0.780805 0.130579
vt 0.753641 0.193579
vt 0.853854 0.205650
vt 0.789097 0.231415
vt 0.724671 0.254353
vt 0.943863 0.349777
vt 0.891447 0.325262
vt 0.893865 0.189153
vt 0.948654 0.170235
vt 0.810650 0.473412
vt 0.791315 0.419827
vt 0.627062 0.468701
vt 0.652140 0.417443
vt 0.500664 0.338423
vt 0.555459 0.319520
vt 0.505476 0.158905
vt 0.557893 0.183427
vt 0.638669 0.035291
vt 0.658009 0.088875
vt 0.822233 0.039979
vt 0.797170 0.091244
vt 0.987128 0.367692
vt 0.828282 0.516000
vt 0.608731 0.511007
vt 0.457113 0.355664
vt 0.462213 0.140985
vt 0.621030 -0.007296
vt 0.840548 -0.002335
vt 0.992198 0.152979
vt 0.948654 0.170235
vt 0.943863 0.349777
vt 0.851230 0.309250
vt 0.853854 0.205650
vt 0.810650 0.473412
vt 0.774448 0.380702
vt 0.627062 0.468701
vt 0.668514 0.378112
vt 0.500664 0.338423
vt 0.595475 0.303032
vt 0.505476 0.158905
vt 0.598112 0.199438
vt 0.638669 0.035291
vt 0.674876 0.128007
vt 0.822233 0.039979
vt 0.780805 0.130579
vn -0.143335 0.664229 0.733658
vn -0.143335 0.664229 0.733658
vn -0.112368 0.810291 0.575154
vn -0.112368 0.810291 0.575154
vn 0.417422 0.664229 0.620128
vn 0.417422 0.664229 0.620128
vn 0.327239 0.810291 0.486151
vn 0.327239 0.810291 0.486151
vn 0.733658 0.664229 0.143335
vn 0.733658 0.664229 0.143335
vn 0.575154 0.810291 0.112368
vn 0.575154 0.810291 0.112368
vn 0.620128 0.664229 -0.417422
vn 0.620128 0.664229 -0.417422
vn 0.486151 0.810291 -0.327239
vn 0.486151 0.810291 -0.327239
vn 0.143335 0.664229 -0.733659
vn 0.143335 0.664229 -0.733659
vn 0.112368 0.810291 -0.575154
vn 0.112368 0.810291 -0.575154
vn -0.417422 0.664229 -0.620128
vn -0.417422 0.664229 -0.620128
vn -0.327239 0.810291 -0.486151
vn -0.327239 0.810291 -0.486151
vn -0.733659 0.664229 -0.143335
vn -0.733659 0.664229 -0.143335
vn -0.575154 0.810291 -0.112368
vn -0.575154 0.810291 -0.112368
vn -0.620128 0.664229 0.417422
vn -0.620128 0.664229 0.417422
vn -0.486151 0.810291 0.327239
vn -0.486151 0.810291 0.327239
vn -0.040358 0.977599 0.206572
vn -0.040358 0.977599 0.206572
vn -0.040358 0.977599 0.206572
vn 0.117531 0.977599 0.174606
vn 0.117531 0.977599 0.174606
vn 0.117531 0.977599 0.174606
vn 0.206573 0.977599 0.040359
vn 0.206573 0.977599 0.040359
vn 0.206573 0.977599 0.040359
vn 0.174607 0.977599 -0.117531
vn 0.174607 0.977599 -0.117531
vn 0.174607 0.977599 -0.117531
vn 0.040358 0.977599 -0.206572
vn 0.040358 0.977599 -0.206572
vn 0.040358 0.977599 -0.206572
vn -0.117532 0.977599 -0.174606
vn -0.117532 0.977599 -0.174606
vn -0.117532 0.977599 -0.174606
vn -0.206573 0.977599 -0.040359
vn -0.206573 0.977599 -0.040359
vn -0.206573 0.977599 -0.040359
vn -0.174606 0.977599 0.117532
vn -0.174606 0.977599 0.117532
vn -0.174606 0.977599 0.117532
vn -0.805937 0.236995 0.542494
vn -0.753775 0.417597 0.507382
vn -0.753775 0.417597 0.507382
vn -0.805937 0.236995 0.542494
vn -0.174226 0.417597 0.891773
vn -0.186282 0.236995 0.953484
vn -0.186282 0.236995 0.953484
vn -0.174226 0.417597 0.891773
vn 0.507382 0.417597 0.753775
vn 0.542494 0.236995 0.805937
vn 0.542493 0.236995 0.805937
vn 0.507382 0.417597 0.753775
vn 0.891773 0.417597 0.174226
vn 0.953484 0.236995 0.186282
vn 0.953484 0.236995 0.186282
vn 0.891773 0.417597 0.174226
vn 0.753775 0.417597 -0.507382
vn 0.805937 0.236995 -0.542494
vn 0.805937 0.236995 -0.542494
vn 0.753775 0.417597 -0.507382
vn 0.174226 0.417597 -0.891773
vn 0.186282 0.236995 -0.953484
vn 0.186282 0.236995 -0.953484
vn 0.174226 0.417597 -0.891773
vn -0.507382 0.417597 -0.753774
vn -0.542494 0.236995 -0.805937
vn -0.542494 0.236995 -0.805937
vn -0.507382 0.417597 -0.753774
vn -0.891773 0.417597 -0.174226
vn -0.953484 0.236995 -0.186282
vn -0.953484 0.236995 -0.186282
vn -0.891773 0.417597 -0.174226
vn -0.190683 0.105068 0.976013
vn -0.190683 0.105068 0.976012
vn 0.555311 0.105068 0.824979
vn 0.555311 0.105068 0.824979
vn 0.976013 0.105068 0.190684
vn 0.976013 0.105068 0.190684
vn 0.824979 0.105068 -0.555311
vn 0.824979 0.105068 -0.555311
vn 0.190684 0.105068 -0.976013
vn 0.190684 0.105068 -0.976013
vn -0.555311 0.105067 -0.824979
vn -0.555311 0.105067 -0.824979
vn -0.976013 0.105068 -0.190684
vn -0.976013 0.105068 -0.190684
vn -0.824979 0.105068 0.555311
vn -0.824979 0.105068 0.555311
vn -0.312660 0.664229 -0.679002
vn -0.312660 0.664229 -0.679002
vn -0.245111 0.810291 -0.532306
vn -0.245111 0.810291 -0.532306
vn -0.701211 0.664229 -0.259043
vn -0.701211 0.664229 -0.259043
vn -0.549717 0.810291 -0.203077
vn -0.549717 0.810291 -0.203077
vn -0.679002 0.664229 0.312660
vn -0.679002 0.664229 0.312660
vn -0.532306 0.810291 0.245111
vn -0.532306 0.810291 0.245111
vn -0.259043 0.664229 0.701211
vn -0.259043 0.664229 0.701211
vn -0.203077 0.810291 0.549717
vn -0.203077 0.810291 0.549717
vn 0.312660 0.664229 0.679002
vn 0.312660 0.664229 0.679002
vn 0.245111 0.810291 0.532305
vn 0.245111 0.810291 0.532305
vn 0.701211 0.664229 0.259043
vn 0.701211 0.664229 0.259043
vn 0.549717 0.810291 0.203078
vn 0.549717 0.810291 0.203078
vn 0.679002 0.664229 -0.312660
vn 0.679002 0.664229 -0.312660
vn 0.532306 0.810291 -0.245111
vn 0.532306 0.810291 -0.245111
vn 0.259043 0.664229 -0.701211
vn 0.259043 0.664229 -0.701211
vn 0.203077 0.810291 -0.549717
vn 0.203077 0.810291 -0.549717
vn -0.088034 0.977599 -0.191182
vn -0.088034 0.977599 -0.191182
vn -0.088034 0.977599 -0.191182
vn -0.197436 0.977599 -0.072937
vn -0.197436 0.977599 -0.072937
vn -0.197436 0.977599 -0.072937
vn -0.191183 0.977599 0.088034
vn -0.191183 0.977599 0.088034
vn -0.191183 0.977599 0.088034
vn -0.072937 0.977599 0.197436
vn -0.072937 0.977599 0.197436
vn -0.072937 0.977599 0.197436
vn 0.088034 0.977599 0.191183
vn 0.088034 0.977599 0.191183
vn 0.088034 0.977599 0.191183
vn 0.197436 0.977599 0.072938
vn 0.197436 0.977599 0.072938
vn 0.197436 0.977599 0.072938
vn 0.191183 0.977599 -0.088034
vn 0.191183 0.977599 -0.088034
vn 0.191183 0.977599 -0.088034
vn 0.072937 0.977599 -0.197436
vn 0.072937 0.977599 -0.197436
vn 0.072937 0.977599 -0.197436
vn 0.336659 0.236995 -0.911314
vn 0.314870 0.417597 -0.852332
vn 0.314870 0.417597 -0.852332
vn 0.336659 0.236995 -0.911314
vn -0.380043 0.417597 -0.825336
vn -0.406343 0.236995 -0.882451
vn -0.406343 0.236995 -0.882451
vn -0.380043 0.417597 -0.825336
vn -0.852332 0.417597 -0.314870
vn -0.911314 0.236995 -0.336659
vn -0.911314 0.236995 -0.336659
vn -0.852332 0.417597 -0.314870
vn -0.825336 0.417597 0.380043
vn -0.882451 0.236995 0.406343
vn -0.882451 0.236995 0.406343
vn -0.825336 0.417597 0.380043
vn -0.314870 0.417597 0.852332
vn -0.336659 0.236995 0.911314
vn -0.336660 0.236995 0.911314
vn -0.314870 0.417597 0.852332
vn 0.380043 0.417597 0.825337
vn 0.406342 0.236995 0.882451
vn 0.406342 0.236995 0.882451
vn 0.380043 0.417597 0.825337
vn 0.852332 0.417597 0.314870
vn 0.911314 0.236995 0.336659
vn 0.911314 0.236995 0.336659
vn 0.852332 0.417597 0.314870
vn 0.825336 0.417597 -0.380043
vn 0.882451 0.236995 -0.406342
vn 0.882451 0.236995 -0.406342
vn 0.825336 0.417597 -0.380043
vn -0.415943 0.105068 -0.903300
vn -0.415943 0.105068 -0.903300
vn -0.932846 0.105068 -0.344614
vn -0.932846 0.105068 -0.344614
vn -0.903301 0.105068 0.415943
vn -0.903301 0.105068 0.415943
vn -0.344614 0.105068 0.932846
vn -0.344614 0.105068 0.932846
vn 0.415943 0.105068 0.903301
vn 0.415943 0.105068 0.903301
vn 0.932846 0.105068 0.344614
vn 0.932846 0.105068 0.344614
vn 0.903301 0.105068 -0.415943
vn 0.903301 0.105068 -0.415943
vn 0.344614 0.105068 -0.932846
vn 0.344614 0.105068 -0.932846
vn -0.737181 0.664229 0.123951
vn -0.737181 0.664229 0.123951
vn -0.577915 0.810291 0.097172
vn -0.577916 0.810291 0.097172
vn -0.433619 0.664229 0.608912
vn -0.433619 0.664229 0.608912
vn -0.339937 0.810291 0.477359
vn -0.339937 0.810291 0.477359
vn 0.123951 0.664229 0.737181
vn 0.123951 0.664229 0.737181
vn 0.097172 0.810291 0.577915
vn 0.097172 0.810291 0.577915
vn 0.608912 0.664229 0.433620
vn 0.608912 0.664229 0.433620
vn 0.477359 0.810291 0.339937
vn 0.477359 0.810291 0.339937
vn 0.737181 0.664229 -0.123951
vn 0.737181 0.664229 -0.123951
vn 0.577915 0.810291 -0.097171
vn 0.577915 0.810291 -0.097171
vn 0.433620 0.664229 -0.608912
vn 0.433620 0.664229 -0.608912
vn 0.339937 0.810291 -0.477359
vn 0.339937 0.810291 -0.477359
vn -0.123951 0.664229 -0.737181
vn -0.123951 0.664229 -0.737181
vn -0.097172 0.810291 -0.577916
vn -0.097172 0.810291 -0.577916
vn -0.608912 0.664229 -0.433619
vn -0.608912 0.664229 -0.433619
vn -0.477359 0.810291 -0.339938
vn -0.477359 0.810291 -0.339938
vn -0.207564 0.977599 0.034900
vn -0.207564 0.977599 0.034900
vn -0.207564 0.977599 0.034900
vn -0.122092 0.977599 0.171448
vn -0.122092 0.977599 0.171448
vn -0.122092 0.977599 0.171448
vn 0.034900 0.977598 0.207565
vn 0.034900 0.977598 0.207565
vn 0.034900 0.977598 0.207565
vn 0.171448 0.977599 0.122092
vn 0.171448 0.977599 0.122092
vn 0.171448 0.977599 0.122092
vn 0.207564 0.977599 -0.034900
vn 0.207564 0.977599 -0.034900
vn 0.207564 0.977599 -0.034900
vn 0.122092 0.977598 -0.171449
vn 0.122092 0.977598 -0.171449
vn 0.122092 0.977599 -0.171449
vn -0.034900 0.977599 -0.207564
vn -0.034900 0.977599 -0.207564
vn -0.034900 0.977599 -0.207564
vn -0.171448 0.977599 -0.122092
vn -0.171448 0.977599 -0.122092
vn -0.171448 0.977599 -0.122092
vn -0.791360 0.236995 -0.563545
vn -0.740142 0.417597 -0.527071
vn -0.740142 0.417597 -0.527070
vn -0.791360 0.236995 -0.563544
vn -0.896054 0.417597 0.150664
vn -0.958062 0.236995 0.161090
vn -0.958062 0.236995 0.161090
vn -0.896054 0.417597 0.150664
vn -0.527071 0.417597 0.740141
vn -0.563545 0.236995 0.791360
vn -0.563545 0.236995 0.791360
vn -0.527071 0.417597 0.740141
vn 0.150664 0.417597 0.896054
vn 0.161090 0.236995 0.958062
vn 0.161090 0.236995 0.958062
vn 0.150664 0.417597 0.896054
vn 0.740141 0.417597 0.527071
vn 0.791360 0.236995 0.563545
vn 0.791360 0.236995 0.563545
vn 0.740141 0.417597 0.527071
vn 0.896054 0.417597 -0.150664
vn 0.958062 0.236995 -0.161090
vn 0.958062 0.236995 -0.161090
vn 0.896054 0.417597 -0.150664
vn 0.527071 0.417597 -0.740141
vn 0.563545 0.236995 -0.791360
vn 0.563545 0.236995 -0.791360
vn 0.527071 0.417597 -0.740141
vn -0.150664 0.417597 -0.896054
vn -0.161090 0.236995 -0.958062
vn -0.161090 0.236995 -0.958062
vn -0.150664 0.417597 -0.896054
vn -0.980699 0.105069 0.164896
vn -0.980699 0.105069 0.164896
vn -0.576860 0.105068 0.810058
vn -0.576860 0.105068 0.810058
vn 0.164896 0.105068 0.980699
vn 0.164896 0.105068 0.980699
vn 0.810058 0.105068 0.576860
vn 0.810058 0.105068 0.576860
vn 0.980699 0.105068 -0.164896
vn 0.980699 0.105068 -0.164896
vn 0.576860 0.105068 -0.810058
vn 0.576860 0.105068 -0.810058
vn -0.164896 0.105067 -0.980699
vn -0.164896 0.105067 -0.980699
vn -0.810058 0.105068 -0.576860
vn -0.810058 0.105068 -0.576860
vn -0.608667 0.432918 0.664911
vn -0.608667 0.432918 0.664911
vn -0.608667 0.432918 0.664911
vn -0.608667 0.432918 0.664911
vn 0.039770 0.432918 0.900556
vn 0.039770 0.432918 0.900556
vn 0.039770 0.432918 0.900556
vn 0.039770 0.432918 0.900556
vn 0.664911 0.432918 0.608667
vn 0.664911 0.432918 0.608667
vn 0.664911 0.432918 0.608667
vn 0.664911 0.432918 0.608667
vn 0.900556 0.432918 -0.039770
vn 0.900556 0.432918 -0.039770
vn 0.900556 0.432918 -0.039770
vn 0.900556 0.432918 -0.039770
vn 0.608667 0.432918 -0.664911
vn 0.608668 0.432918 -0.664911
vn 0.608668 0.432918 -0.664911
vn 0.608667 0.432918 -0.664911
vn -0.039770 0.432918 -0.900556
vn -0.039770 0.432918 -0.900556
vn -0.039770 0.432918 -0.900556
vn -0.039770 0.432918 -0.900556
vn -0.664910 0.432918 -0.608667
vn -0.664910 0.432918 -0.608667
vn -0.664910 0.432918 -0.608667
vn -0.664910 0.432918 -0.608667
vn -0.900555 0.432918 0.039770
vn -0.900556 0.432918 0.039770
vn -0.900556 0.432918 0.039770
vn -0.900555 0.432918 0.039770
s 1
g polySurface262
usemtl ARBUSTOS02:aiStandardSurface1SG
f 1557/1593/3332 1558/1594/3333 1566/1595/3334 1565/1596/3335
s 2
f 1558/1594/3336 1559/1597/3337 1567/1598/3338 1566/1595/3339
s 3
f 1559/1597/3340 1560/1599/3341 1568/1600/3342 1567/1598/3343
s 4
f 1560/1599/3344 1561/1601/3345 1569/1602/3346 1568/1600/3347
s 5
f 1561/1601/3348 1562/1603/3349 1570/1604/3350 1569/1602/3351
s 6
f 1562/1603/3352 1563/1605/3353 1571/1606/3354 1570/1604/3355
s 7
f 1563/1605/3356 1564/1607/3357 1572/1608/3358 1571/1606/3359
s 8
f 1564/1607/3360 1557/1593/3361 1565/1596/3362 1572/1608/3363
s off
f 1565/1596/3364 1566/1595/3365 1573/1609/3366
f 1566/1595/3367 1567/1598/3368 1573/1609/3369
f 1567/1598/3370 1568/1600/3371 1573/1609/3372
f 1568/1600/3373 1569/1602/3374 1573/1609/3375
f 1569/1602/3376 1570/1604/3377 1573/1609/3378
f 1570/1604/3379 1571/1606/3380 1573/1609/3381
f 1571/1606/3382 1572/1608/3383 1573/1609/3384
f 1572/1608/3385 1565/1596/3386 1573/1609/3387
s 8
f 1574/1610/3388 1575/1611/3389 1589/1612/3390 1588/1613/3391
s 1
f 1575/1611/3392 1574/1610/3393 1576/1614/3394 1577/1615/3395
s 2
f 1577/1615/3396 1576/1614/3397 1578/1616/3398 1579/1617/3399
s 3
f 1579/1617/3400 1578/1616/3401 1580/1618/3402 1581/1619/3403
s 4
f 1581/1619/3404 1580/1618/3405 1582/1620/3406 1583/1621/3407
s 5
f 1583/1621/3408 1582/1620/3409 1584/1622/3410 1585/1623/3411
s 6
f 1585/1623/3412 1584/1622/3413 1586/1624/3414 1587/1625/3415
s 7
f 1587/1625/3416 1586/1624/3417 1588/1613/3418 1589/1612/3419
s 1
f 1549/1626/3420 1550/1627/3421 1576/1614/3394 1574/1610/3393
s 2
f 1550/1627/3422 1551/1628/3423 1578/1616/3398 1576/1614/3397
s 3
f 1551/1628/3424 1552/1629/3425 1580/1618/3402 1578/1616/3401
s 4
f 1552/1629/3426 1553/1630/3427 1582/1620/3406 1580/1618/3405
s 5
f 1553/1630/3428 1554/1631/3429 1584/1622/3410 1582/1620/3409
s 6
f 1554/1631/3430 1555/1632/3431 1586/1624/3414 1584/1622/3413
s 7
f 1555/1632/3432 1556/1633/3433 1588/1613/3418 1586/1624/3417
s 8
f 1556/1633/3434 1549/1626/3435 1574/1610/3388 1588/1613/3391
s 1
f 1575/1611/3392 1577/1615/3395 1558/1594/3333 1557/1593/3332
s 2
f 1577/1615/3396 1579/1617/3399 1559/1597/3337 1558/1594/3336
s 3
f 1579/1617/3400 1581/1619/3403 1560/1599/3341 1559/1597/3340
s 4
f 1581/1619/3404 1583/1621/3407 1561/1601/3345 1560/1599/3344
s 5
f 1583/1621/3408 1585/1623/3411 1562/1603/3349 1561/1601/3348
s 6
f 1585/1623/3412 1587/1625/3415 1563/1605/3353 1562/1603/3352
s 7
f 1587/1625/3416 1589/1612/3419 1564/1607/3357 1563/1605/3356
s 8
f 1589/1612/3390 1575/1611/3389 1557/1593/3361 1564/1607/3360
s 16
f 1598/1634/3436 1599/1635/3437 1607/1636/3438 1606/1637/3439
s 17
f 1599/1635/3440 1600/1638/3441 1608/1639/3442 1607/1636/3443
s 18
f 1600/1638/3444 1601/1640/3445 1609/1641/3446 1608/1639/3447
s 19
f 1601/1640/3448 1602/1642/3449 1610/1643/3450 1609/1641/3451
s 20
f 1602/1642/3452 1603/1644/3453 1611/1645/3454 1610/1643/3455
s 21
f 1603/1644/3456 1604/1646/3457 1612/1647/3458 1611/1645/3459
s 22
f 1604/1646/3460 1605/1648/3461 1613/1649/3462 1612/1647/3463
s 23
f 1605/1648/3464 1598/1634/3465 1606/1637/3466 1613/1649/3467
s off
f 1606/1637/3468 1607/1636/3469 1614/1650/3470
f 1607/1636/3471 1608/1639/3472 1614/1650/3473
f 1608/1639/3474 1609/1641/3475 1614/1650/3476
f 1609/1641/3477 1610/1643/3478 1614/1650/3479
f 1610/1643/3480 1611/1645/3481 1614/1650/3482
f 1611/1645/3483 1612/1647/3484 1614/1650/3485
f 1612/1647/3486 1613/1649/3487 1614/1650/3488
f 1613/1649/3489 1606/1637/3490 1614/1650/3491
s 23
f 1615/1651/3492 1616/1652/3493 1630/1653/3494 1629/1654/3495
s 16
f 1616/1652/3496 1615/1651/3497 1617/1655/3498 1618/1656/3499
s 17
f 1618/1656/3500 1617/1655/3501 1619/1657/3502 1620/1658/3503
s 18
f 1620/1658/3504 1619/1657/3505 1621/1659/3506 1622/1660/3507
s 19
f 1622/1660/3508 1621/1659/3509 1623/1661/3510 1624/1662/3511
s 20
f 1624/1662/3512 1623/1661/3513 1625/1663/3514 1626/1664/3515
s 21
f 1626/1664/3516 1625/1663/3517 1627/1665/3518 1628/1666/3519
s 22
f 1628/1666/3520 1627/1665/3521 1629/1654/3522 1630/1653/3523
s 16
f 1590/1667/3524 1591/1668/3525 1617/1655/3498 1615/1651/3497
s 17
f 1591/1668/3526 1592/1669/3527 1619/1657/3502 1617/1655/3501
s 18
f 1592/1669/3528 1593/1670/3529 1621/1659/3506 1619/1657/3505
s 19
f 1593/1670/3530 1594/1671/3531 1623/1661/3510 1621/1659/3509
s 20
f 1594/1671/3532 1595/1672/3533 1625/1663/3514 1623/1661/3513
s 21
f 1595/1672/3534 1596/1673/3535 1627/1665/3518 1625/1663/3517
s 22
f 1596/1673/3536 1597/1674/3537 1629/1654/3522 1627/1665/3521
s 23
f 1597/1674/3538 1590/1667/3539 1615/1651/3492 1629/1654/3495
s 16
f 1616/1652/3496 1618/1656/3499 1599/1635/3437 1598/1634/3436
s 17
f 1618/1656/3500 1620/1658/3503 1600/1638/3441 1599/1635/3440
s 18
f 1620/1658/3504 1622/1660/3507 1601/1640/3445 1600/1638/3444
s 19
f 1622/1660/3508 1624/1662/3511 1602/1642/3449 1601/1640/3448
s 20
f 1624/1662/3512 1626/1664/3515 1603/1644/3453 1602/1642/3452
s 21
f 1626/1664/3516 1628/1666/3519 1604/1646/3457 1603/1644/3456
s 22
f 1628/1666/3520 1630/1653/3523 1605/1648/3461 1604/1646/3460
s 23
f 1630/1653/3494 1616/1652/3493 1598/1634/3465 1605/1648/3464
s 31
f 1639/1675/3540 1640/1676/3541 1648/1677/3542 1647/1678/3543
s 32
f 1640/1676/3544 1641/1679/3545 1649/1680/3546 1648/1677/3547
s 33
f 1641/1679/3548 1642/1681/3549 1650/1682/3550 1649/1680/3551
s 34
f 1642/1681/3552 1643/1683/3553 1651/1684/3554 1650/1682/3555
s 35
f 1643/1683/3556 1644/1685/3557 1652/1686/3558 1651/1684/3559
s 36
f 1644/1685/3560 1645/1687/3561 1653/1688/3562 1652/1686/3563
s 37
f 1645/1687/3564 1646/1689/3565 1654/1690/3566 1653/1688/3567
s 38
f 1646/1689/3568 1639/1675/3569 1647/1678/3570 1654/1690/3571
s off
f 1647/1678/3572 1648/1677/3573 1655/1691/3574
f 1648/1677/3575 1649/1680/3576 1655/1691/3577
f 1649/1680/3578 1650/1682/3579 1655/1691/3580
f 1650/1682/3581 1651/1684/3582 1655/1691/3583
f 1651/1684/3584 1652/1686/3585 1655/1691/3586
f 1652/1686/3587 1653/1688/3588 1655/1691/3589
f 1653/1688/3590 1654/1690/3591 1655/1691/3592
f 1654/1690/3593 1647/1678/3594 1655/1691/3595
s 38
f 1656/1692/3596 1657/1693/3597 1671/1694/3598 1670/1695/3599
s 31
f 1657/1693/3600 1656/1692/3601 1658/1696/3602 1659/1697/3603
s 32
f 1659/1697/3604 1658/1696/3605 1660/1698/3606 1661/1699/3607
s 33
f 1661/1699/3608 1660/1698/3609 1662/1700/3610 1663/1701/3611
s 34
f 1663/1701/3612 1662/1700/3613 1664/1702/3614 1665/1703/3615
s 35
f 1665/1703/3616 1664/1702/3617 1666/1704/3618 1667/1705/3619
s 36
f 1667/1705/3620 1666/1704/3621 1668/1706/3622 1669/1707/3623
s 37
f 1669/1707/3624 1668/1706/3625 1670/1695/3626 1671/1694/3627
s 31
f 1631/1708/3628 1632/1709/3629 1658/1696/3602 1656/1692/3601
s 32
f 1632/1709/3630 1633/1710/3631 1660/1698/3606 1658/1696/3605
s 33
f 1633/1710/3632 1634/1711/3633 1662/1700/3610 1660/1698/3609
s 34
f 1634/1711/3634 1635/1712/3635 1664/1702/3614 1662/1700/3613
s 35
f 1635/1712/3636 1636/1713/3637 1666/1704/3618 1664/1702/3617
s 36
f 1636/1713/3638 1637/1714/3639 1668/1706/3622 1666/1704/3621
s 37
f 1637/1714/3640 1638/1715/3641 1670/1695/3626 1668/1706/3625
s 38
f 1638/1715/3642 1631/1708/3643 1656/1692/3596 1670/1695/3599
s 31
f 1657/1693/3600 1659/1697/3603 1640/1676/3541 1639/1675/3540
s 32
f 1659/1697/3604 1661/1699/3607 1641/1679/3545 1640/1676/3544
s 33
f 1661/1699/3608 1663/1701/3611 1642/1681/3549 1641/1679/3548
s 34
f 1663/1701/3612 1665/1703/3615 1643/1683/3553 1642/1681/3552
s 35
f 1665/1703/3616 1667/1705/3619 1644/1685/3557 1643/1683/3556
s 36
f 1667/1705/3620 1669/1707/3623 1645/1687/3561 1644/1685/3560
s 37
f 1669/1707/3624 1671/1694/3627 1646/1689/3565 1645/1687/3564
s 38
f 1671/1694/3598 1657/1693/3597 1639/1675/3569 1646/1689/3568
s off
f 1687/1716/3644 1680/1717/3645 1672/1718/3646 1679/1719/3647
f 1680/1717/3648 1681/1720/3649 1673/1721/3650 1672/1718/3651
f 1681/1720/3652 1682/1722/3653 1674/1723/3654 1673/1721/3655
f 1682/1722/3656 1683/1724/3657 1675/1725/3658 1674/1723/3659
f 1683/1724/3660 1684/1726/3661 1676/1727/3662 1675/1725/3663
f 1684/1726/3664 1685/1728/3665 1677/1729/3666 1676/1727/3667
f 1685/1728/3668 1686/1730/3669 1678/1731/3670 1677/1729/3671
f 1686/1730/3672 1687/1716/3673 1679/1719/3674 1678/1731/3675
g default
v -27.523574 15.502584 11.345193
v -32.686813 12.795453 10.798372
v -34.748361 12.249924 15.104456
v -32.598087 13.290187 20.100857
v -27.745129 15.200515 20.940317
v -25.866102 17.339970 16.405150
v -29.254310 16.446707 12.972253
v -32.516734 14.654744 12.538100
v -33.770466 14.422598 15.420652
v -32.257328 15.435309 18.816424
v -29.177173 16.523137 19.273968
v -28.251777 17.754307 16.319048
v -30.700781 16.926719 14.538422
v -32.072182 16.338127 14.462543
v -32.782320 16.027300 15.802100
v -32.153380 16.549079 17.332985
v -30.751015 16.936265 17.441323
v -30.118765 17.158369 16.029817
v -31.655846 16.779233 15.930999
v -28.494024 16.028391 20.099053
v -32.423429 14.592313 19.468971
v -34.230739 13.537744 15.275326
v -32.685420 13.893312 11.673179
v -28.542283 16.089914 12.304164
v -27.307143 17.672600 16.523295
v -29.851973 16.790257 18.490887
v -32.226765 15.966541 18.188940
v -33.414528 15.126221 15.559265
v -32.346306 15.358767 13.320543
v -29.858209 16.642954 13.586452
v -29.020063 17.568667 16.138722
vt 0.470300 0.495706
vt 0.825341 0.516409
vt 0.780512 0.569406
vt 0.502710 0.553181
vt 0.937223 0.751374
vt 0.855545 0.752710
vt 0.746864 0.991999
vt 0.697296 0.934597
vt 0.399753 0.993955
vt 0.440642 0.938571
vt 0.283408 0.742264
vt 0.368273 0.746781
vt 0.528326 0.602813
vt 0.743287 0.611548
vt 0.708762 0.648668
vt 0.551428 0.641252
vt 0.798271 0.753625
vt 0.753648 0.755041
vt 0.667324 0.891867
vt 0.653190 0.857588
vt 0.477591 0.895059
vt 0.514134 0.859073
vt 0.432008 0.744437
vt 0.480620 0.741674
vt 0.580653 0.694005
vt 0.660276 0.699508
vt 0.623812 0.752660
vt 0.692523 0.759174
vt 0.637901 0.815375
vt 0.565692 0.811713
vt 0.545418 0.741423
vn -0.054752 0.801758 -0.595135
vn -0.559137 0.556837 -0.614246
vn -0.569629 0.575787 -0.586509
vn -0.048263 0.822686 -0.566443
vn -0.939317 0.342022 -0.026550
vn -0.926379 0.375915 0.022571
vn -0.699320 0.410056 0.585496
vn -0.659999 0.462698 0.591872
vn -0.061294 0.683494 0.727378
vn -0.046484 0.732980 0.678660
vn 0.239012 0.970874 -0.016655
vn 0.203003 0.978086 0.046240
vn -0.126295 0.846422 -0.517320
vn -0.565639 0.654981 -0.501052
vn -0.565604 0.678180 -0.469216
vn -0.235745 0.859413 -0.453689
vn -0.885136 0.465302 0.005382
vn -0.864076 0.502091 -0.035743
vn -0.640358 0.576941 0.507032
vn -0.640413 0.642532 0.420742
vn -0.170892 0.817283 0.550313
vn -0.255997 0.877487 0.405564
vn 0.031651 0.999437 -0.011103
vn -0.154348 0.987635 -0.027440
vn -0.264550 0.896738 -0.354787
vn -0.539580 0.743685 -0.394698
vn -0.379626 0.923946 -0.046980
vn -0.788328 0.613696 -0.043779
vn -0.600903 0.751479 0.272387
vn -0.271371 0.924808 0.266624
vn -0.204320 0.978568 -0.025645
s 1
g all2 polySurface257 polySurface151_polySurface175
usemtl aiStandardSurface1SG
f 1688/1732/3676 1689/1733/3677 1710/1734/3678 1711/1735/3679
f 1689/1733/3677 1690/1736/3680 1709/1737/3681 1710/1734/3678
f 1690/1736/3680 1691/1738/3682 1708/1739/3683 1709/1737/3681
f 1691/1738/3682 1692/1740/3684 1707/1741/3685 1708/1739/3683
f 1692/1740/3684 1693/1742/3686 1712/1743/3687 1707/1741/3685
f 1693/1742/3686 1688/1732/3676 1711/1735/3679 1712/1743/3687
f 1694/1744/3688 1695/1745/3689 1716/1746/3690 1717/1747/3691
f 1695/1745/3689 1696/1748/3692 1715/1749/3693 1716/1746/3690
f 1696/1748/3692 1697/1750/3694 1714/1751/3695 1715/1749/3693
f 1697/1750/3694 1698/1752/3696 1713/1753/3697 1714/1751/3695
f 1698/1752/3696 1699/1754/3698 1718/1755/3699 1713/1753/3697
f 1699/1754/3698 1694/1744/3688 1717/1747/3691 1718/1755/3699
f 1700/1756/3700 1701/1757/3701 1706/1758/3702
f 1701/1757/3701 1702/1759/3703 1706/1758/3702
f 1702/1759/3703 1703/1760/3704 1706/1758/3702
f 1703/1760/3704 1704/1761/3705 1706/1758/3702
f 1704/1761/3705 1705/1762/3706 1706/1758/3702
f 1705/1762/3706 1700/1756/3700 1706/1758/3702
f 1708/1739/3683 1707/1741/3685 1698/1752/3696 1697/1750/3694
f 1709/1737/3681 1708/1739/3683 1697/1750/3694 1696/1748/3692
f 1710/1734/3678 1709/1737/3681 1696/1748/3692 1695/1745/3689
f 1711/1735/3679 1710/1734/3678 1695/1745/3689 1694/1744/3688
f 1712/1743/3687 1711/1735/3679 1694/1744/3688 1699/1754/3698
f 1707/1741/3685 1712/1743/3687 1699/1754/3698 1698/1752/3696
f 1714/1751/3695 1713/1753/3697 1704/1761/3705 1703/1760/3704
f 1715/1749/3693 1714/1751/3695 1703/1760/3704 1702/1759/3703
f 1716/1746/3690 1715/1749/3693 1702/1759/3703 1701/1757/3701
f 1717/1747/3691 1716/1746/3690 1701/1757/3701 1700/1756/3700
f 1718/1755/3699 1717/1747/3691 1700/1756/3700 1705/1762/3706
f 1713/1753/3697 1718/1755/3699 1705/1762/3706 1704/1761/3705
g default
v -26.800836 9.526939 25.223725
v -22.907381 13.333225 23.514417
v -24.300614 17.685387 20.532665
v -29.540877 17.697107 18.212510
v -33.018540 13.676873 19.607016
v -31.566385 9.849518 24.042037
v -27.894014 12.083418 25.968714
v -25.281843 14.627918 24.442283
v -26.344762 17.248462 22.337993
v -29.859821 17.249918 20.740010
v -32.038356 14.822470 21.395508
v -31.145888 12.334647 24.950300
v -28.318753 14.160343 25.676415
v -27.440015 15.410960 24.874219
v -27.984800 16.590463 23.574659
v -29.536511 16.596888 22.802788
v -30.351043 15.398860 23.264401
v -29.769422 14.223953 25.013515
v -29.006830 15.615510 24.505528
v -32.599582 14.342652 20.689608
v -29.830473 17.537442 19.642650
v -25.435579 17.523757 21.631775
v -24.176691 14.084032 24.158034
v -27.415537 10.892789 25.746649
v -31.407938 11.189846 24.705754
v -31.343105 15.055753 22.086021
v -29.709149 17.023391 21.583124
v -27.030783 17.013216 22.839183
v -26.213873 14.999986 24.569073
v -28.065949 12.980682 25.979818
v -30.575047 13.125517 25.157299
vt 0.450017 0.505605
vt 0.764923 0.506858
vt 0.729464 0.570653
vt 0.482486 0.571702
vt 0.919128 0.748155
vt 0.849226 0.747972
vt 0.762146 1.008479
vt 0.714355 0.961366
vt 0.447965 1.004344
vt 0.486553 0.964565
vt 0.306840 0.739337
vt 0.380702 0.743910
vt 0.511022 0.621976
vt 0.700685 0.617959
vt 0.677084 0.658735
vt 0.537323 0.652045
vt 0.780295 0.764314
vt 0.735761 0.770267
vt 0.692528 0.911587
vt 0.677460 0.875568
vt 0.518923 0.933388
vt 0.542529 0.894777
vt 0.435330 0.752196
vt 0.478675 0.746267
vt 0.570706 0.691731
vt 0.641366 0.705334
vt 0.606864 0.763187
vt 0.679142 0.771669
vt 0.643407 0.836575
vt 0.573923 0.833437
vt 0.537504 0.747839
vn 0.177294 -0.238432 0.954839
vn 0.553283 0.271527 0.787497
vn 0.517807 0.296812 0.802358
vn 0.127661 -0.193792 0.972701
vn 0.297159 0.875153 0.381843
vn 0.247327 0.882430 0.400182
vn -0.364970 0.930592 0.028200
vn -0.422609 0.903911 0.065927
vn -0.939142 0.314685 0.137790
vn -0.921811 0.339723 0.186691
vn -0.710544 -0.229648 0.665124
vn -0.703945 -0.150443 0.694139
vn 0.063381 -0.018724 0.997814
vn 0.403921 0.390945 0.827049
vn 0.344262 0.493972 0.798420
vn 0.042809 0.176934 0.983291
vn 0.138718 0.866299 0.479879
vn 0.091433 0.860502 0.501175
vn -0.417638 0.874646 0.246116
vn -0.418476 0.840855 0.343281
vn -0.813766 0.472240 0.338784
vn -0.702715 0.556717 0.443010
vn -0.678521 0.117134 0.725182
vn -0.581654 0.313301 0.750680
vn -0.004134 0.356010 0.934473
vn 0.234370 0.574397 0.784308
vn -0.355706 0.647481 0.673975
vn 0.017345 0.845900 0.533059
vn -0.443536 0.801425 0.401241
vn -0.679227 0.559859 0.474562
vn -0.548131 0.437647 0.712753
s 1
g all2 polySurface151_polySurface175 polySurface256
usemtl aiStandardSurface1SG
f 1719/1763/3707 1720/1764/3708 1741/1765/3709 1742/1766/3710
f 1720/1764/3708 1721/1767/3711 1740/1768/3712 1741/1765/3709
f 1721/1767/3711 1722/1769/3713 1739/1770/3714 1740/1768/3712
f 1722/1769/3713 1723/1771/3715 1738/1772/3716 1739/1770/3714
f 1723/1771/3715 1724/1773/3717 1743/1774/3718 1738/1772/3716
f 1724/1773/3717 1719/1763/3707 1742/1766/3710 1743/1774/3718
f 1725/1775/3719 1726/1776/3720 1747/1777/3721 1748/1778/3722
f 1726/1776/3720 1727/1779/3723 1746/1780/3724 1747/1777/3721
f 1727/1779/3723 1728/1781/3725 1745/1782/3726 1746/1780/3724
f 1728/1781/3725 1729/1783/3727 1744/1784/3728 1745/1782/3726
f 1729/1783/3727 1730/1785/3729 1749/1786/3730 1744/1784/3728
f 1730/1785/3729 1725/1775/3719 1748/1778/3722 1749/1786/3730
f 1731/1787/3731 1732/1788/3732 1737/1789/3733
f 1732/1788/3732 1733/1790/3734 1737/1789/3733
f 1733/1790/3734 1734/1791/3735 1737/1789/3733
f 1734/1791/3735 1735/1792/3736 1737/1789/3733
f 1735/1792/3736 1736/1793/3737 1737/1789/3733
f 1736/1793/3737 1731/1787/3731 1737/1789/3733
f 1739/1770/3714 1738/1772/3716 1729/1783/3727 1728/1781/3725
f 1740/1768/3712 1739/1770/3714 1728/1781/3725 1727/1779/3723
f 1741/1765/3709 1740/1768/3712 1727/1779/3723 1726/1776/3720
f 1742/1766/3710 1741/1765/3709 1726/1776/3720 1725/1775/3719
f 1743/1774/3718 1742/1766/3710 1725/1775/3719 1730/1785/3729
f 1738/1772/3716 1743/1774/3718 1730/1785/3729 1729/1783/3727
f 1745/1782/3726 1744/1784/3728 1735/1792/3736 1734/1791/3735
f 1746/1780/3724 1745/1782/3726 1734/1791/3735 1733/1790/3734
f 1747/1777/3721 1746/1780/3724 1733/1790/3734 1732/1788/3732
f 1748/1778/3722 1747/1777/3721 1732/1788/3732 1731/1787/3731
f 1749/1786/3730 1748/1778/3722 1731/1787/3731 1736/1793/3737
f 1744/1784/3728 1749/1786/3730 1736/1793/3737 1735/1792/3736
g default
v -22.334971 16.104591 14.103134
v -27.266515 15.890751 12.370065
v -31.151317 15.860173 16.157406
v -29.864990 16.425872 21.483671
v -24.950105 16.902540 23.318021
v -21.293134 16.756375 19.397083
v -23.706126 17.997996 15.176268
v -26.862330 17.957583 14.110572
v -29.350362 17.678780 16.711825
v -28.568243 18.088938 20.281745
v -25.488097 18.239262 21.370773
v -23.090905 18.206532 18.629123
v -24.966571 18.833235 16.425551
v -26.454289 18.831691 16.014252
v -27.602240 18.697215 17.217807
v -27.255482 18.999546 18.851128
v -25.793808 18.974568 19.251023
v -24.663465 18.829661 18.004090
v -26.119780 19.037965 17.591379
v -25.258682 17.716175 22.328277
v -29.217079 17.426749 20.890460
v -30.245979 16.956815 16.433172
v -27.078749 17.216561 13.225235
v -23.080662 17.263987 14.623408
v -22.270067 17.603571 18.983927
v -25.622668 18.624699 20.461810
v -28.019593 18.555095 19.673754
v -28.613240 18.160052 16.924613
v -26.701986 18.378544 14.909357
v -24.221385 18.447452 15.683249
v -23.735048 18.548527 18.346466
vt 0.480136 0.507800
vt 0.782891 0.486090
vt 0.736536 0.552312
vt 0.516754 0.546202
vt 0.935120 0.737878
vt 0.871835 0.730671
vt 0.759854 0.989926
vt 0.721916 0.934793
vt 0.459916 0.993017
vt 0.496696 0.939309
vt 0.319596 0.730528
vt 0.395013 0.734324
vt 0.540275 0.592097
vt 0.704764 0.596849
vt 0.682991 0.631945
vt 0.557758 0.627658
vt 0.804811 0.734262
vt 0.753289 0.738201
vt 0.692686 0.890369
vt 0.671654 0.852195
vt 0.523795 0.886484
vt 0.546866 0.852411
vt 0.451478 0.735765
vt 0.490414 0.734525
vt 0.580322 0.673121
vt 0.653353 0.677470
vt 0.614196 0.738090
vt 0.690470 0.742503
vt 0.645845 0.804611
vt 0.574091 0.803348
vt 0.540811 0.734435
vn 0.539346 0.624888 -0.564465
vn -0.204412 0.592601 -0.779127
vn -0.192499 0.651636 -0.733699
vn 0.517861 0.665057 -0.538070
vn -0.738886 0.613590 -0.278485
vn -0.709600 0.661286 -0.243245
vn -0.621871 0.673934 0.398861
vn -0.572911 0.721956 0.388011
vn 0.132677 0.781803 0.609246
vn 0.114229 0.806325 0.580337
vn 0.658069 0.743165 0.121040
vn 0.636217 0.764147 0.106331
vn 0.436820 0.794304 -0.422221
vn -0.173554 0.811807 -0.557537
vn -0.168510 0.895254 -0.412461
vn 0.313286 0.895230 -0.316884
vn -0.589119 0.787329 -0.181803
vn -0.502512 0.850431 -0.155721
vn -0.463921 0.836666 0.291149
vn -0.379014 0.901095 0.210655
vn 0.104358 0.882910 0.457797
vn 0.089171 0.931965 0.351412
vn 0.540399 0.835520 0.099374
vn 0.413113 0.907224 0.079256
vn 0.198811 0.956511 -0.213453
vn -0.147065 0.944533 -0.293647
vn -0.014014 0.998169 -0.058838
vn -0.396226 0.906564 -0.145422
vn -0.273196 0.955667 0.109839
vn 0.087713 0.972680 0.214942
vn 0.277781 0.959811 0.039996
s 1
g all2 polySurface151_polySurface175 polySurface255
usemtl aiStandardSurface1SG
f 1750/1794/3738 1751/1795/3739 1772/1796/3740 1773/1797/3741
f 1751/1795/3739 1752/1798/3742 1771/1799/3743 1772/1796/3740
f 1752/1798/3742 1753/1800/3744 1770/1801/3745 1771/1799/3743
f 1753/1800/3744 1754/1802/3746 1769/1803/3747 1770/1801/3745
f 1754/1802/3746 1755/1804/3748 1774/1805/3749 1769/1803/3747
f 1755/1804/3748 1750/1794/3738 1773/1797/3741 1774/1805/3749
f 1756/1806/3750 1757/1807/3751 1778/1808/3752 1779/1809/3753
f 1757/1807/3751 1758/1810/3754 1777/1811/3755 1778/1808/3752
f 1758/1810/3754 1759/1812/3756 1776/1813/3757 1777/1811/3755
f 1759/1812/3756 1760/1814/3758 1775/1815/3759 1776/1813/3757
f 1760/1814/3758 1761/1816/3760 1780/1817/3761 1775/1815/3759
f 1761/1816/3760 1756/1806/3750 1779/1809/3753 1780/1817/3761
f 1762/1818/3762 1763/1819/3763 1768/1820/3764
f 1763/1819/3763 1764/1821/3765 1768/1820/3764
f 1764/1821/3765 1765/1822/3766 1768/1820/3764
f 1765/1822/3766 1766/1823/3767 1768/1820/3764
f 1766/1823/3767 1767/1824/3768 1768/1820/3764
f 1767/1824/3768 1762/1818/3762 1768/1820/3764
f 1770/1801/3745 1769/1803/3747 1760/1814/3758 1759/1812/3756
f 1771/1799/3743 1770/1801/3745 1759/1812/3756 1758/1810/3754
f 1772/1796/3740 1771/1799/3743 1758/1810/3754 1757/1807/3751
f 1773/1797/3741 1772/1796/3740 1757/1807/3751 1756/1806/3750
f 1774/1805/3749 1773/1797/3741 1756/1806/3750 1761/1816/3760
f 1769/1803/3747 1774/1805/3749 1761/1816/3760 1760/1814/3758
f 1776/1813/3757 1775/1815/3759 1766/1823/3767 1765/1822/3766
f 1777/1811/3755 1776/1813/3757 1765/1822/3766 1764/1821/3765
f 1778/1808/3752 1777/1811/3755 1764/1821/3765 1763/1819/3763
f 1779/1809/3753 1778/1808/3752 1763/1819/3763 1762/1818/3762
f 1780/1817/3761 1779/1809/3753 1762/1818/3762 1767/1824/3768
f 1775/1815/3759 1780/1817/3761 1767/1824/3768 1766/1823/3767
g default
v -25.025042 9.689080 9.214348
v -28.765887 12.371071 11.970847
v -27.224695 16.042427 15.482040
v -21.862825 15.726191 16.717460
v -18.084130 12.948100 14.396060
v -19.852381 10.416513 10.130396
v -24.361508 12.466755 8.820707
v -26.802006 14.161866 10.833802
v -25.596949 16.338945 13.232751
v -21.956403 16.360617 14.323201
v -19.641180 14.757906 12.995709
v -20.916108 12.985539 9.462502
v -23.704558 14.548324 9.378048
v -24.701502 15.375540 10.122204
v -24.207996 16.338932 11.658957
v -22.550672 16.541675 12.048840
v -21.621947 15.547719 11.396316
v -22.159049 14.665298 9.828026
v -23.126278 15.816101 10.354567
v -18.871282 14.062577 13.543519
v -21.883049 16.074908 15.303757
v -26.350762 16.144058 14.152698
v -27.769442 13.420747 11.270278
v -24.692719 11.183961 8.917767
v -20.374106 11.816802 9.688210
v -20.444318 15.196522 12.228045
v -22.207586 16.675947 13.284389
v -25.010111 16.549369 12.579674
v -25.903808 14.832712 10.457629
v -24.064751 13.429556 8.937398
v -21.424041 13.764320 9.533349
vt 0.463785 0.495201
vt 0.789571 0.497125
vt 0.745370 0.557499
vt 0.500096 0.557286
vt 0.932622 0.744715
vt 0.852047 0.740967
vt 0.756152 0.989365
vt 0.717974 0.930005
vt 0.440089 0.999528
vt 0.490146 0.939953
vt 0.303520 0.745507
vt 0.384557 0.743156
vt 0.530038 0.606874
vt 0.714416 0.602812
vt 0.684045 0.643890
vt 0.552174 0.643339
vt 0.792424 0.745094
vt 0.748274 0.748817
vt 0.703574 0.879384
vt 0.678596 0.844975
vt 0.528031 0.905931
vt 0.553025 0.861734
vt 0.448208 0.741584
vt 0.491587 0.741074
vt 0.579998 0.685820
vt 0.646109 0.686345
vt 0.614144 0.741969
vt 0.691846 0.746896
vt 0.650868 0.805050
vt 0.582319 0.807967
vt 0.545520 0.740867
vn -0.237939 -0.121701 -0.963625
vn -0.717623 0.335076 -0.610526
vn -0.696965 0.367167 -0.615978
vn -0.214743 -0.081992 -0.973223
vn -0.395651 0.915468 -0.073340
vn -0.404622 0.910993 -0.079827
vn 0.318324 0.924761 0.208537
vn 0.312174 0.926744 0.209027
vn 0.862836 0.462341 -0.204338
vn 0.835016 0.518171 -0.185058
vn 0.631197 0.008891 -0.775572
vn 0.592265 0.044921 -0.804490
vn -0.194827 0.064533 -0.978712
vn -0.631877 0.453896 -0.628260
vn -0.546026 0.556394 -0.626324
vn -0.166180 0.263316 -0.950289
vn -0.397786 0.915892 -0.053917
vn -0.338889 0.933889 -0.114040
vn 0.276655 0.944543 0.176923
vn 0.260985 0.965300 0.009097
vn 0.755064 0.609872 -0.240695
vn 0.654759 0.676478 -0.337148
vn 0.546586 0.202586 -0.812528
vn 0.480332 0.415254 -0.772557
vn -0.065668 0.437879 -0.896632
vn -0.344660 0.661451 -0.666102
vn 0.156866 0.781451 -0.603927
vn -0.208154 0.915639 -0.343913
vn 0.246254 0.924516 -0.290910
vn 0.539658 0.708507 -0.454738
vn 0.400341 0.551167 -0.732081
s 1
g all2 polySurface151_polySurface175 polySurface254
usemtl aiStandardSurface1SG
f 1781/1825/3769 1782/1826/3770 1803/1827/3771 1804/1828/3772
f 1782/1826/3770 1783/1829/3773 1802/1830/3774 1803/1827/3771
f 1783/1829/3773 1784/1831/3775 1801/1832/3776 1802/1830/3774
f 1784/1831/3775 1785/1833/3777 1800/1834/3778 1801/1832/3776
f 1785/1833/3777 1786/1835/3779 1805/1836/3780 1800/1834/3778
f 1786/1835/3779 1781/1825/3769 1804/1828/3772 1805/1836/3780
f 1787/1837/3781 1788/1838/3782 1809/1839/3783 1810/1840/3784
f 1788/1838/3782 1789/1841/3785 1808/1842/3786 1809/1839/3783
f 1789/1841/3785 1790/1843/3787 1807/1844/3788 1808/1842/3786
f 1790/1843/3787 1791/1845/3789 1806/1846/3790 1807/1844/3788
f 1791/1845/3789 1792/1847/3791 1811/1848/3792 1806/1846/3790
f 1792/1847/3791 1787/1837/3781 1810/1840/3784 1811/1848/3792
f 1793/1849/3793 1794/1850/3794 1799/1851/3795
f 1794/1850/3794 1795/1852/3796 1799/1851/3795
f 1795/1852/3796 1796/1853/3797 1799/1851/3795
f 1796/1853/3797 1797/1854/3798 1799/1851/3795
f 1797/1854/3798 1798/1855/3799 1799/1851/3795
f 1798/1855/3799 1793/1849/3793 1799/1851/3795
f 1801/1832/3776 1800/1834/3778 1791/1845/3789 1790/1843/3787
f 1802/1830/3774 1801/1832/3776 1790/1843/3787 1789/1841/3785
f 1803/1827/3771 1802/1830/3774 1789/1841/3785 1788/1838/3782
f 1804/1828/3772 1803/1827/3771 1788/1838/3782 1787/1837/3781
f 1805/1836/3780 1804/1828/3772 1787/1837/3781 1792/1847/3791
f 1800/1834/3778 1805/1836/3780 1792/1847/3791 1791/1845/3789
f 1807/1844/3788 1806/1846/3790 1797/1854/3798 1796/1853/3797
f 1808/1842/3786 1807/1844/3788 1796/1853/3797 1795/1852/3796
f 1809/1839/3783 1808/1842/3786 1795/1852/3796 1794/1850/3794
f 1810/1840/3784 1809/1839/3783 1794/1850/3794 1793/1849/3793
f 1811/1848/3792 1810/1840/3784 1793/1849/3793 1798/1855/3799
f 1806/1846/3790 1811/1848/3792 1798/1855/3799 1797/1854/3798
g default
v -17.345832 10.182745 17.521529
v -19.893909 13.360310 13.803211
v -24.768633 17.107012 15.292073
v -26.492702 17.371980 20.751099
v -24.656358 14.068495 24.703147
v -20.102037 10.879522 23.045627
v -18.314857 12.970081 18.682520
v -20.165193 14.953560 16.079475
v -22.686762 17.170705 17.140312
v -23.891691 17.378352 20.803145
v -22.841236 15.450771 23.206944
v -19.355602 13.409839 22.089579
v -19.414688 14.850996 19.162771
v -20.168245 15.842520 18.083445
v -21.357454 16.819704 18.600000
v -21.882693 16.967530 20.231241
v -21.219627 15.973387 21.231698
v -19.874627 14.946711 20.712229
v -20.595010 16.097374 19.582627
v -23.633818 14.889757 24.025255
v -25.031139 17.492464 20.876623
v -23.542047 17.273504 16.293333
v -20.160407 14.320213 15.150637
v -17.944588 11.645992 18.217862
v -19.592506 12.289646 22.603460
v -22.202350 15.700169 22.353894
v -23.038143 17.257173 20.575917
v -22.100075 17.061511 17.780741
v -20.179872 15.368406 16.950471
v -18.744736 13.797404 18.922784
v -19.541156 14.077269 21.523846
vt 0.453530 0.497472
vt 0.754748 0.510543
vt 0.730544 0.576431
vt 0.488310 0.564778
vt 0.924716 0.758101
vt 0.845418 0.756719
vt 0.757196 0.987563
vt 0.719527 0.928979
vt 0.454951 1.004290
vt 0.493468 0.950890
vt 0.310652 0.759590
vt 0.388960 0.754168
vt 0.523386 0.617264
vt 0.709995 0.620406
vt 0.688681 0.655542
vt 0.548691 0.650279
vt 0.785106 0.757131
vt 0.744957 0.755864
vt 0.685753 0.894001
vt 0.670884 0.860239
vt 0.526987 0.906606
vt 0.552240 0.867418
vt 0.449080 0.750482
vt 0.489855 0.749314
vt 0.583680 0.692080
vt 0.659652 0.698117
vt 0.629518 0.747423
vt 0.698322 0.749226
vt 0.654912 0.809542
vt 0.580485 0.811350
vt 0.545646 0.747868
vn 0.954094 0.293133 0.061469
vn 0.738785 0.589566 -0.326509
vn 0.679282 0.620135 -0.392438
vn 0.965224 0.245171 0.090742
vn 0.183295 0.930696 -0.316555
vn 0.215497 0.930320 -0.296760
vn -0.107683 0.956133 0.272422
vn -0.046117 0.951262 0.304916
vn 0.197448 0.451001 0.870409
vn 0.226910 0.490593 0.841327
vn 0.698771 0.084814 0.710300
vn 0.732284 0.127653 0.668928
vn 0.957682 0.287637 0.010536
vn 0.711322 0.598126 -0.369142
vn 0.708773 0.649490 -0.275325
vn 0.875192 0.483768 0.002639
vn 0.316220 0.922716 -0.220453
vn 0.372504 0.912198 -0.170691
vn 0.151065 0.943815 0.293925
vn 0.274270 0.921343 0.275506
vn 0.357440 0.602981 0.713198
vn 0.453433 0.701199 0.550198
vn 0.766728 0.306290 0.564193
vn 0.722575 0.549707 0.419175
vn 0.836148 0.547394 0.034866
vn 0.712105 0.678840 -0.179117
vn 0.672441 0.718503 0.177698
vn 0.456772 0.884542 -0.094576
vn 0.385861 0.882899 0.267585
vn 0.522542 0.692795 0.496976
vn 0.718667 0.590781 0.366737
s 1
g all2 polySurface151_polySurface175 polySurface253
usemtl aiStandardSurface1SG
f 1812/1856/3800 1813/1857/3801 1834/1858/3802 1835/1859/3803
f 1813/1857/3801 1814/1860/3804 1833/1861/3805 1834/1858/3802
f 1814/1860/3804 1815/1862/3806 1832/1863/3807 1833/1861/3805
f 1815/1862/3806 1816/1864/3808 1831/1865/3809 1832/1863/3807
f 1816/1864/3808 1817/1866/3810 1836/1867/3811 1831/1865/3809
f 1817/1866/3810 1812/1856/3800 1835/1859/3803 1836/1867/3811
f 1818/1868/3812 1819/1869/3813 1840/1870/3814 1841/1871/3815
f 1819/1869/3813 1820/1872/3816 1839/1873/3817 1840/1870/3814
f 1820/1872/3816 1821/1874/3818 1838/1875/3819 1839/1873/3817
f 1821/1874/3818 1822/1876/3820 1837/1877/3821 1838/1875/3819
f 1822/1876/3820 1823/1878/3822 1842/1879/3823 1837/1877/3821
f 1823/1878/3822 1818/1868/3812 1841/1871/3815 1842/1879/3823
f 1824/1880/3824 1825/1881/3825 1830/1882/3826
f 1825/1881/3825 1826/1883/3827 1830/1882/3826
f 1826/1883/3827 1827/1884/3828 1830/1882/3826
f 1827/1884/3828 1828/1885/3829 1830/1882/3826
f 1828/1885/3829 1829/1886/3830 1830/1882/3826
f 1829/1886/3830 1824/1880/3824 1830/1882/3826
f 1832/1863/3807 1831/1865/3809 1822/1876/3820 1821/1874/3818
f 1833/1861/3805 1832/1863/3807 1821/1874/3818 1820/1872/3816
f 1834/1858/3802 1833/1861/3805 1820/1872/3816 1819/1869/3813
f 1835/1859/3803 1834/1858/3802 1819/1869/3813 1818/1868/3812
f 1836/1867/3811 1835/1859/3803 1818/1868/3812 1823/1878/3822
f 1831/1865/3809 1836/1867/3811 1823/1878/3822 1822/1876/3820
f 1838/1875/3819 1837/1877/3821 1828/1885/3829 1827/1884/3828
f 1839/1873/3817 1838/1875/3819 1827/1884/3828 1826/1883/3827
f 1840/1870/3814 1839/1873/3817 1826/1883/3827 1825/1881/3825
f 1841/1871/3815 1840/1870/3814 1825/1881/3825 1824/1880/3824
f 1842/1879/3823 1841/1871/3815 1824/1880/3824 1829/1886/3830
f 1837/1877/3821 1842/1879/3823 1829/1886/3830 1828/1885/3829
g default
v -29.834340 6.918829 19.294070
v -26.024548 7.307185 21.964497
v -24.279416 11.072296 23.241870
v -26.499730 14.547277 22.291017
v -30.507044 14.406666 19.599864
v -32.264667 11.021863 18.002478
v -29.941970 8.019668 20.750236
v -27.320765 8.173903 22.553118
v -26.168526 10.693322 23.428292
v -27.672990 12.975121 22.731705
v -30.333919 12.864695 20.923624
v -31.566028 10.743967 19.907186
v -29.856388 9.153739 21.892468
v -28.519633 9.177044 22.804913
v -27.951257 10.402983 23.307239
v -28.733539 11.575226 22.955039
v -30.042104 11.746782 21.824158
v -30.670959 10.435642 21.538149
v -29.506469 10.400342 22.666945
vt 0.584666 0.025813
vt 0.879358 0.035369
vt 0.821739 0.126555
vt 0.640415 0.118434
vt 1.018876 0.279029
vt 0.905512 0.277594
vt 0.863715 0.513130
vt 0.807966 0.420510
vt 0.569036 0.503582
vt 0.626647 0.412391
vt 0.429506 0.259929
vt 0.542870 0.261355
vt 0.770376 0.204838
vt 0.687332 0.199489
vt 0.807235 0.274822
vt 0.761050 0.339456
vt 0.678007 0.334106
vt 0.641147 0.264122
vt 0.724191 0.269472
vn -0.666928 -0.624488 0.406474
vn -0.069907 -0.617935 0.783116
vn -0.128598 -0.605285 0.785553
vn -0.648270 -0.614581 0.449485
vn 0.082621 -0.001125 0.996580
vn 0.055707 -0.047833 0.997301
vn -0.264818 0.445387 0.855279
vn -0.276500 0.426156 0.861358
vn -0.697306 0.436395 0.568615
vn -0.686682 0.426123 0.588971
vn -0.932898 -0.072588 0.352749
vn -0.921073 -0.100636 0.376162
vn -0.282115 -0.481748 0.829657
vn -0.649688 -0.495726 0.576334
vn -0.112258 -0.059204 0.991914
vn -0.350749 0.328203 0.877073
vn -0.669518 0.356056 0.651897
vn -0.848515 -0.109857 0.517642
vn -0.572417 -0.057331 0.817956
s 1
g polySurface151 all2 polySurface252
usemtl aiStandardSurface1SG
f 1843/1887/3831 1844/1888/3832 1850/1889/3833 1849/1890/3834
f 1844/1888/3832 1845/1891/3835 1851/1892/3836 1850/1889/3833
f 1845/1891/3835 1846/1893/3837 1852/1894/3838 1851/1892/3836
f 1846/1893/3837 1847/1895/3839 1853/1896/3840 1852/1894/3838
f 1847/1895/3839 1848/1897/3841 1854/1898/3842 1853/1896/3840
f 1848/1897/3841 1843/1887/3831 1849/1890/3834 1854/1898/3842
f 1849/1890/3834 1850/1889/3833 1856/1899/3843 1855/1900/3844
f 1850/1889/3833 1851/1892/3836 1857/1901/3845 1856/1899/3843
f 1851/1892/3836 1852/1894/3838 1858/1902/3846 1857/1901/3845
f 1852/1894/3838 1853/1896/3840 1859/1903/3847 1858/1902/3846
f 1853/1896/3840 1854/1898/3842 1860/1904/3848 1859/1903/3847
f 1854/1898/3842 1849/1890/3834 1855/1900/3844 1860/1904/3848
f 1855/1900/3844 1856/1899/3843 1861/1905/3849
f 1856/1899/3843 1857/1901/3845 1861/1905/3849
f 1857/1901/3845 1858/1902/3846 1861/1905/3849
f 1858/1902/3846 1859/1903/3847 1861/1905/3849
f 1859/1903/3847 1860/1904/3848 1861/1905/3849
f 1860/1904/3848 1855/1900/3844 1861/1905/3849
g default
v -20.561882 5.831045 15.250375
v -21.660482 7.181306 11.129398
v -22.696231 11.809508 10.226128
v -22.804391 14.449917 13.615728
v -22.045463 13.075813 18.237604
v -21.074455 8.621500 18.723614
v -20.014565 7.391491 14.797423
v -20.607881 8.337245 12.027230
v -21.252039 12.004134 11.232446
v -21.366193 13.893416 13.569948
v -20.966896 12.327078 16.782274
v -20.369942 9.321084 17.142143
v -19.447335 9.030005 14.384945
v -19.675605 9.744488 12.865407
v -20.072769 11.599174 12.517428
v -20.214123 12.610990 13.702787
v -20.025573 11.770576 15.242060
v -19.607929 10.005686 15.564707
v -19.431461 10.799255 13.992717
vt 0.558929 0.032311
vt 0.848222 0.025513
vt 0.796762 0.118027
vt 0.618637 0.120013
vt 0.998298 0.256624
vt 0.887134 0.261435
vt 0.859095 0.494529
vt 0.799387 0.406828
vt 0.569816 0.501334
vt 0.621267 0.408817
vt 0.419727 0.270231
vt 0.530891 0.265411
vt 0.750725 0.197553
vt 0.669056 0.196865
vt 0.790681 0.264109
vt 0.748969 0.329977
vt 0.667302 0.329289
vt 0.627345 0.262732
vt 0.709013 0.263421
vn 0.939532 -0.342316 0.009929
vn 0.750557 -0.223454 -0.621878
vn 0.772389 -0.221564 -0.595251
vn 0.938163 -0.345986 -0.011979
vn 0.550723 0.278198 -0.786963
vn 0.583974 0.355812 -0.729639
vn 0.479367 0.864390 -0.151778
vn 0.561525 0.814536 -0.145673
vn 0.750472 0.535369 0.387519
vn 0.763534 0.521789 0.380462
vn 0.904922 0.025462 0.424816
vn 0.907202 0.016244 0.420382
vn 0.841052 -0.140886 -0.522286
vn 0.956485 -0.291440 -0.014145
vn 0.777955 0.263318 -0.570482
vn 0.780923 0.620052 -0.075458
vn 0.828651 0.452048 0.330137
vn 0.921843 0.035154 0.385966
vn 0.978496 0.201963 -0.041920
s 1
g polySurface151 all2 polySurface251
usemtl aiStandardSurface1SG
f 1862/1906/3850 1863/1907/3851 1869/1908/3852 1868/1909/3853
f 1863/1907/3851 1864/1910/3854 1870/1911/3855 1869/1908/3852
f 1864/1910/3854 1865/1912/3856 1871/1913/3857 1870/1911/3855
f 1865/1912/3856 1866/1914/3858 1872/1915/3859 1871/1913/3857
f 1866/1914/3858 1867/1916/3860 1873/1917/3861 1872/1915/3859
f 1867/1916/3860 1862/1906/3850 1868/1909/3853 1873/1917/3861
f 1868/1909/3853 1869/1908/3852 1875/1918/3862 1874/1919/3863
f 1869/1908/3852 1870/1911/3855 1876/1920/3864 1875/1918/3862
f 1870/1911/3855 1871/1913/3857 1877/1921/3865 1876/1920/3864
f 1871/1913/3857 1872/1915/3859 1878/1922/3866 1877/1921/3865
f 1872/1915/3859 1873/1917/3861 1879/1923/3867 1878/1922/3866
f 1873/1917/3861 1868/1909/3853 1874/1919/3863 1879/1923/3867
f 1874/1919/3863 1875/1918/3862 1880/1924/3868
f 1875/1918/3862 1876/1920/3864 1880/1924/3868
f 1876/1920/3864 1877/1921/3865 1880/1924/3868
f 1877/1921/3865 1878/1922/3866 1880/1924/3868
f 1878/1922/3866 1879/1923/3867 1880/1924/3868
f 1879/1923/3867 1874/1919/3863 1880/1924/3868
g default
v -32.342252 10.519285 14.195795
v -31.443720 7.391284 15.349714
v -28.647387 6.603188 18.085649
v -26.750043 9.281204 19.486005
v -32.098180 10.570704 15.744372
v -31.468853 8.520021 16.541681
v -29.617657 7.923667 18.383596
v -28.358945 9.675320 19.325694
v -31.672638 10.569217 17.164103
v -31.354274 9.515726 17.583512
v -30.423427 9.246143 18.497232
v -29.795586 10.113712 18.970371
v -30.945628 10.437851 18.299525
vt 1.018876 0.279029
vt 0.905512 0.277594
vt 0.863715 0.513130
vt 0.807966 0.420510
vt 0.569036 0.503582
vt 0.626647 0.412391
vt 0.429506 0.259929
vt 0.542870 0.261355
vt 0.807235 0.274822
vt 0.761050 0.339456
vt 0.678007 0.334106
vt 0.641147 0.264122
vt 0.724191 0.269472
vn -0.960624 -0.218968 0.171037
vn -0.827724 -0.427632 0.363324
vn -0.833188 -0.403948 0.377656
vn -0.957644 -0.209383 0.197678
vn -0.448814 -0.489447 0.747668
vn -0.478405 -0.471954 0.740533
vn -0.185573 -0.352768 0.917125
vn -0.216975 -0.332728 0.917722
vn -0.826840 -0.320122 0.462448
vn -0.935698 -0.162082 0.313368
vn -0.545487 -0.364112 0.754895
vn -0.339551 -0.246263 0.907777
vn -0.707612 -0.119641 0.696399
s 1
g polySurface151 all2 polySurface195
usemtl aiStandardSurface1SG
f 1881/1925/3869 1882/1927/3870 1886/1928/3871 1885/1926/3872
f 1882/1927/3870 1883/1929/3873 1887/1930/3874 1886/1928/3871
f 1883/1929/3873 1884/1931/3875 1888/1932/3876 1887/1930/3874
f 1885/1926/3872 1886/1928/3871 1890/1934/3877 1889/1933/3878
f 1886/1928/3871 1887/1930/3874 1891/1935/3879 1890/1934/3877
f 1887/1930/3874 1888/1932/3876 1892/1936/3880 1891/1935/3879
f 1889/1933/3878 1890/1934/3877 1893/1937/3881
f 1890/1934/3877 1891/1935/3879 1893/1937/3881
f 1891/1935/3879 1892/1936/3880 1893/1937/3881
g default
v -25.672647 10.519285 16.556697
v -27.047877 7.391284 16.059072
v -30.872033 6.603188 15.234059
v -33.223770 9.281204 15.060147
v -26.704385 10.570704 15.376366
v -27.661786 8.520021 15.037047
v -30.209771 7.923667 14.464901
v -31.776906 9.675320 14.338449
v -27.821021 10.569217 14.401766
v -28.313912 9.515726 14.216517
v -29.588490 9.246143 13.939365
v -30.371889 10.113712 13.873563
v -29.041254 10.437851 13.828393
vt 1.018876 0.279029
vt 0.905512 0.277594
vt 0.863715 0.513130
vt 0.807966 0.420510
vt 0.569036 0.503582
vt 0.626647 0.412391
vt 0.429506 0.259929
vt 0.542870 0.261355
vt 0.807235 0.274822
vt 0.761050 0.339456
vt 0.678007 0.334106
vt 0.641147 0.264122
vt 0.724191 0.269472
vn 0.721729 -0.218968 -0.656628
vn 0.506804 -0.427632 -0.748519
vn 0.503791 -0.403948 -0.763558
vn 0.705011 -0.209383 -0.677583
vn -0.018635 -0.489448 -0.871834
vn 0.010206 -0.471954 -0.881564
vn -0.331687 -0.352768 -0.874950
vn -0.305434 -0.332728 -0.892190
vn 0.453234 -0.320121 -0.831926
vn 0.624791 -0.162082 -0.763784
vn 0.059317 -0.364112 -0.929464
vn -0.196411 -0.246263 -0.949093
vn 0.227677 -0.119642 -0.966359
s 1
g polySurface151 all2 polySurface194
usemtl aiStandardSurface1SG
f 1894/1938/3882 1895/1940/3883 1899/1941/3884 1898/1939/3885
f 1895/1940/3883 1896/1942/3886 1900/1943/3887 1899/1941/3884
f 1896/1942/3886 1897/1944/3888 1901/1945/3889 1900/1943/3887
f 1898/1939/3885 1899/1941/3884 1903/1947/3890 1902/1946/3891
f 1899/1941/3884 1900/1943/3887 1904/1948/3892 1903/1947/3890
f 1900/1943/3887 1901/1945/3889 1905/1949/3893 1904/1948/3892
f 1902/1946/3891 1903/1947/3890 1906/1950/3894
f 1903/1947/3890 1904/1948/3892 1906/1950/3894
f 1904/1948/3892 1905/1949/3893 1906/1950/3894
g default
v -29.901554 10.182631 12.338277
v -29.784399 7.323303 14.270582
v -28.855327 7.136103 18.147140
v -27.943924 10.116264 19.885147
v -30.507772 10.470481 13.756003
v -30.418194 8.604646 15.078006
v -29.820245 8.411390 17.681912
v -29.222818 10.365662 18.849859
v -30.892578 10.701045 15.168621
v -30.855917 9.743546 15.853423
v -30.548306 9.674504 17.147504
v -30.252087 10.643673 17.733751
v -30.873143 10.785038 16.520490
vt 1.018876 0.279029
vt 0.905512 0.277594
vt 0.863715 0.513130
vt 0.807966 0.420510
vt 0.569036 0.503582
vt 0.626647 0.412391
vt 0.429506 0.259929
vt 0.542870 0.261355
vt 0.807235 0.274822
vt 0.761050 0.339456
vt 0.678007 0.334106
vt 0.641147 0.264122
vt 0.724191 0.269472
vn -0.909706 -0.261797 -0.322332
vn -0.900487 -0.430901 -0.058710
vn -0.912368 -0.405887 -0.053296
vn -0.921059 -0.248344 -0.299958
vn -0.781181 -0.409938 0.470857
vn -0.802370 -0.395830 0.446679
vn -0.644683 -0.231860 0.728440
vn -0.671446 -0.214274 0.709399
vn -0.950490 -0.310658 0.007820
vn -0.962634 -0.183665 -0.199006
vn -0.865589 -0.292207 0.406657
vn -0.769350 -0.139234 0.623470
vn -0.969566 -0.070929 0.234330
s 1
g polySurface151 all2 polySurface193
usemtl aiStandardSurface1SG
f 1907/1951/3895 1908/1953/3896 1912/1954/3897 1911/1952/3898
f 1908/1953/3896 1909/1955/3899 1913/1956/3900 1912/1954/3897
f 1909/1955/3899 1910/1957/3901 1914/1958/3902 1913/1956/3900
f 1911/1952/3898 1912/1954/3897 1916/1960/3903 1915/1959/3904
f 1912/1954/3897 1913/1956/3900 1917/1961/3905 1916/1960/3903
f 1913/1956/3900 1914/1958/3902 1918/1962/3906 1917/1961/3905
f 1915/1959/3904 1916/1960/3903 1919/1963/3907
f 1916/1960/3903 1917/1961/3905 1919/1963/3907
f 1917/1961/3905 1918/1962/3906 1919/1963/3907
g default
v -26.356172 9.928660 13.140507
v -27.217279 7.069333 14.874296
v -28.343046 6.882133 18.698367
v -28.418693 9.862293 20.659388
v -27.588119 10.216511 14.067737
v -28.169080 8.350675 15.258618
v -28.947906 8.157420 17.814259
v -29.011781 10.111691 19.124579
v -28.625543 10.447074 15.100846
v -28.934929 9.489576 15.712874
v -29.312932 9.420533 16.988172
v -29.348165 10.389703 17.644060
v -29.282202 10.531068 16.282678
vt 1.018876 0.279029
vt 0.905512 0.277594
vt 0.863715 0.513130
vt 0.807966 0.420510
vt 0.569036 0.503582
vt 0.626647 0.412391
vt 0.429506 0.259929
vt 0.542870 0.261355
vt 0.807235 0.274822
vt 0.761050 0.339456
vt 0.678007 0.334106
vt 0.641147 0.264122
vt 0.724191 0.269472
vn -0.628180 -0.261797 -0.732702
vn -0.751525 -0.430901 -0.499534
vn -0.764524 -0.405887 -0.500759
vn -0.649171 -0.248344 -0.718959
vn -0.911914 -0.409938 0.019071
vn -0.918240 -0.395830 -0.012449
vn -0.921892 -0.231860 0.310414
vn -0.935610 -0.214274 0.280571
vn -0.828026 -0.310658 -0.466760
vn -0.735514 -0.183665 -0.652140
vn -0.953116 -0.292207 -0.078647
vn -0.977688 -0.139234 0.157290
vn -0.957415 -0.070929 -0.279867
s 1
g polySurface151 all2 polySurface192
usemtl aiStandardSurface1SG
f 1920/1964/3908 1921/1966/3909 1925/1967/3910 1924/1965/3911
f 1921/1966/3909 1922/1968/3912 1926/1969/3913 1925/1967/3910
f 1922/1968/3912 1923/1970/3914 1927/1971/3915 1926/1969/3913
f 1924/1965/3911 1925/1967/3910 1929/1973/3916 1928/1972/3917
f 1925/1967/3910 1926/1969/3913 1930/1974/3918 1929/1973/3916
f 1926/1969/3913 1927/1971/3915 1931/1975/3919 1930/1974/3918
f 1928/1972/3917 1929/1973/3916 1932/1976/3920
f 1929/1973/3916 1930/1974/3918 1932/1976/3920
f 1930/1974/3918 1931/1975/3919 1932/1976/3920
g default
v -31.104517 8.489289 21.903369
v -27.168162 9.285695 24.283991
v -24.910825 12.992453 24.151322
v -26.713308 16.170384 22.015620
v -30.815087 15.622345 19.526503
v -33.050228 12.156662 19.224906
v -31.011786 10.036826 22.873100
v -28.319171 10.467993 24.518946
v -26.823202 12.957625 24.449169
v -28.055902 15.025067 22.979005
v -30.782587 14.637914 21.312512
v -32.313375 12.478361 21.108199
v -30.736453 11.478813 23.538684
v -29.370545 11.644963 24.391153
v -28.631792 12.882356 24.428730
v -29.274140 13.947717 23.678693
v -30.596661 13.881292 22.552997
v -31.397076 12.649287 22.747538
v -30.134583 12.779522 23.634667
vt 0.584666 0.025813
vt 0.879358 0.035369
vt 0.821739 0.126555
vt 0.640415 0.118434
vt 1.018876 0.279029
vt 0.905512 0.277594
vt 0.863715 0.513130
vt 0.807966 0.420510
vt 0.569036 0.503582
vt 0.626647 0.412391
vt 0.429506 0.259929
vt 0.542870 0.261355
vt 0.770376 0.204838
vt 0.687332 0.199489
vt 0.807235 0.274822
vt 0.761050 0.339456
vt 0.678007 0.334106
vt 0.641147 0.264122
vt 0.724191 0.269472
vn -0.722766 -0.346687 0.597844
vn -0.114497 -0.286941 0.951081
vn -0.170974 -0.266582 0.948526
vn -0.701230 -0.324815 0.634643
vn 0.123296 0.339474 0.932500
vn 0.090765 0.300030 0.949602
vn -0.170701 0.749312 0.639838
vn -0.184450 0.735192 0.652282
vn -0.612449 0.697225 0.372537
vn -0.602364 0.693481 0.395275
vn -0.919086 0.180857 0.350103
vn -0.909922 0.161565 0.382018
vn -0.315709 -0.101502 0.943412
vn -0.679736 -0.155431 0.716799
vn -0.092914 0.310726 0.945948
vn -0.283786 0.645677 0.708920
vn -0.590505 0.640638 0.490802
vn -0.825257 0.195830 0.529718
vn -0.540343 0.310455 0.782079
s 1
g polySurface151 all2 polySurface191
usemtl aiStandardSurface1SG
f 1933/1977/3921 1934/1978/3922 1940/1979/3923 1939/1980/3924
f 1934/1978/3922 1935/1981/3925 1941/1982/3926 1940/1979/3923
f 1935/1981/3925 1936/1983/3927 1942/1984/3928 1941/1982/3926
f 1936/1983/3927 1937/1985/3929 1943/1986/3930 1942/1984/3928
f 1937/1985/3929 1938/1987/3931 1944/1988/3932 1943/1986/3930
f 1938/1987/3931 1933/1977/3921 1939/1980/3924 1944/1988/3932
f 1939/1980/3924 1940/1979/3923 1946/1989/3933 1945/1990/3934
f 1940/1979/3923 1941/1982/3926 1947/1991/3935 1946/1989/3933
f 1941/1982/3926 1942/1984/3928 1948/1992/3936 1947/1991/3935
f 1942/1984/3928 1943/1986/3930 1949/1993/3937 1948/1992/3936
f 1943/1986/3930 1944/1988/3932 1950/1994/3938 1949/1993/3937
f 1944/1988/3932 1939/1980/3924 1945/1990/3934 1950/1994/3938
f 1945/1990/3934 1946/1989/3933 1951/1995/3939
f 1946/1989/3933 1947/1991/3935 1951/1995/3939
f 1947/1991/3935 1948/1992/3936 1951/1995/3939
f 1948/1992/3936 1949/1993/3937 1951/1995/3939
f 1949/1993/3937 1950/1994/3938 1951/1995/3939
f 1950/1994/3938 1945/1990/3934 1951/1995/3939
g default
v -31.348453 11.313309 12.060858
v -31.089817 8.460919 13.572692
v -30.901499 7.930510 17.273083
v -30.898583 10.576341 19.322532
v -32.197060 11.304165 13.262549
v -32.027198 9.436977 14.307385
v -31.912670 9.014881 16.781372
v -31.915957 10.746250 18.151023
v -32.834536 11.276357 14.497565
v -32.756918 10.315947 15.037743
v -32.695213 10.132499 16.271892
v -32.698139 10.990212 16.957539
v -33.070212 11.182584 15.742498
vt 1.018876 0.279029
vt 0.905512 0.277594
vt 0.863715 0.513130
vt 0.807966 0.420510
vt 0.569036 0.503582
vt 0.626647 0.412391
vt 0.429506 0.259929
vt 0.542870 0.261355
vt 0.807235 0.274822
vt 0.761050 0.339456
vt 0.678007 0.334106
vt 0.641147 0.264122
vt 0.724191 0.269472
vn -0.768674 -0.357222 -0.530597
vn -0.778278 -0.557176 -0.289550
vn -0.795365 -0.535363 -0.284219
vn -0.786317 -0.348951 -0.509842
vn -0.766763 -0.590154 0.252571
vn -0.785249 -0.576438 0.226062
vn -0.716384 -0.429530 0.549816
vn -0.741855 -0.414010 0.527491
vn -0.861187 -0.456736 -0.223044
vn -0.857345 -0.306198 -0.413766
vn -0.857784 -0.479763 0.184483
vn -0.833941 -0.344533 0.431090
vn -0.966392 -0.256462 0.017711
s 1
g polySurface151 all2 polySurface190
usemtl aiStandardSurface1SG
f 1952/1996/3940 1953/1998/3941 1957/1999/3942 1956/1997/3943
f 1953/1998/3941 1954/2000/3944 1958/2001/3945 1957/1999/3942
f 1954/2000/3944 1955/2002/3946 1959/2003/3947 1958/2001/3945
f 1956/1997/3943 1957/1999/3942 1961/2005/3948 1960/2004/3949
f 1957/1999/3942 1958/2001/3945 1962/2006/3950 1961/2005/3948
f 1958/2001/3945 1959/2003/3947 1963/2007/3951 1962/2006/3950
f 1960/2004/3949 1961/2005/3948 1964/2008/3952
f 1961/2005/3948 1962/2006/3950 1964/2008/3952
f 1962/2006/3950 1963/2007/3951 1964/2008/3952
g default
v -21.579830 8.257106 15.443366
v -23.410942 5.969351 14.004116
v -26.868975 6.533428 13.214458
v -28.384674 9.605641 14.116833
v -22.475464 8.971977 14.421760
v -23.731829 7.489955 13.469667
v -25.993696 7.817609 12.897837
v -26.960127 9.846160 13.477699
v -23.376937 9.602214 13.580188
v -24.029735 8.843934 13.080934
v -25.150306 9.031305 12.813108
v -25.612710 10.042232 13.097641
v -24.396669 10.004879 13.077696
vt 1.018876 0.279029
vt 0.905512 0.277594
vt 0.863715 0.513130
vt 0.807966 0.420510
vt 0.569036 0.503582
vt 0.626647 0.412391
vt 0.429506 0.259929
vt 0.542870 0.261355
vt 0.807235 0.274822
vt 0.761050 0.339456
vt 0.678007 0.334106
vt 0.641147 0.264122
vt 0.724191 0.269472
vn 0.693633 -0.117247 -0.710722
vn 0.442552 -0.232042 -0.866201
vn 0.438554 -0.214059 -0.872840
vn 0.684011 -0.105304 -0.721831
vn -0.116871 -0.145636 -0.982411
vn -0.107944 -0.117347 -0.987207
vn -0.417040 0.060588 -0.906866
vn -0.385113 0.079491 -0.919440
vn 0.425358 -0.118427 -0.897243
vn 0.634756 -0.040347 -0.771658
vn -0.024943 -0.015458 -0.999569
vn -0.250087 0.153905 -0.955913
vn 0.242045 0.167578 -0.955684
s 1
g polySurface151 all2 polySurface189
usemtl aiStandardSurface1SG
f 1965/2009/3953 1966/2011/3954 1970/2012/3955 1969/2010/3956
f 1966/2011/3954 1967/2013/3957 1971/2014/3958 1970/2012/3955
f 1967/2013/3957 1968/2015/3959 1972/2016/3960 1971/2014/3958
f 1969/2010/3956 1970/2012/3955 1974/2018/3961 1973/2017/3962
f 1970/2012/3955 1971/2014/3958 1975/2019/3963 1974/2018/3961
f 1971/2014/3958 1972/2016/3960 1976/2020/3964 1975/2019/3963
f 1973/2017/3962 1974/2018/3961 1977/2021/3965
f 1974/2018/3961 1975/2019/3963 1977/2021/3965
f 1975/2019/3963 1976/2020/3964 1977/2021/3965
g default
v -19.017256 8.624645 18.351249
v -19.269239 7.060065 14.165898
v -20.383561 9.981513 10.477837
v -21.616993 14.035381 11.399697
v -21.808812 15.813569 15.941406
v -20.690641 12.771516 19.184178
v -18.385584 9.687116 17.152403
v -18.415346 8.692052 14.335609
v -19.211333 10.992558 11.338020
v -20.165148 13.834741 11.903910
v -21.322160 14.565824 15.632579
v -20.631361 12.520935 17.837822
v -17.896379 10.838529 15.884805
v -17.839313 10.464641 14.229577
v -18.417416 11.646897 12.710701
v -18.975876 13.115154 12.956986
v -20.031957 13.394217 14.904049
v -19.567089 12.271507 16.301423
v -18.082964 12.003417 14.430644
vt 0.558929 0.032311
vt 0.848222 0.025513
vt 0.796762 0.118027
vt 0.618637 0.120013
vt 0.998298 0.256624
vt 0.887134 0.261435
vt 0.859095 0.494529
vt 0.799387 0.406828
vt 0.569816 0.501334
vt 0.621267 0.408817
vt 0.419727 0.270231
vt 0.530891 0.265411
vt 0.750725 0.197553
vt 0.669056 0.196865
vt 0.790681 0.264109
vt 0.748969 0.329977
vt 0.667302 0.329289
vt 0.627345 0.262732
vt 0.709013 0.263421
vn 0.962821 -0.018254 0.269521
vn 0.864921 -0.432443 -0.254763
vn 0.891077 -0.395674 -0.222312
vn 0.952075 0.007525 0.305772
vn 0.678610 -0.140178 -0.720998
vn 0.705763 -0.039558 -0.707342
vn 0.542137 0.612795 -0.574951
vn 0.601743 0.628385 -0.492988
vn 0.793926 0.603195 -0.076404
vn 0.762130 0.646898 0.026071
vn 0.897414 0.380734 0.222911
vn 0.852081 0.446070 0.273823
vn 0.952838 -0.213517 -0.215664
vn 0.922600 0.170641 0.345965
vn 0.867487 0.056841 -0.494201
vn 0.731906 0.652005 -0.197999
vn 0.639668 0.738138 0.214424
vn 0.684969 0.580503 0.440265
vn 0.819990 0.554771 0.140876
s 1
g polySurface151 all2 polySurface187
usemtl aiStandardSurface1SG
f 1978/2022/3966 1979/2023/3967 1985/2024/3968 1984/2025/3969
f 1979/2023/3967 1980/2026/3970 1986/2027/3971 1985/2024/3968
f 1980/2026/3970 1981/2028/3972 1987/2029/3973 1986/2027/3971
f 1981/2028/3972 1982/2030/3974 1988/2031/3975 1987/2029/3973
f 1982/2030/3974 1983/2032/3976 1989/2033/3977 1988/2031/3975
f 1983/2032/3976 1978/2022/3966 1984/2025/3969 1989/2033/3977
f 1984/2025/3969 1985/2024/3968 1991/2034/3978 1990/2035/3979
f 1985/2024/3968 1986/2027/3971 1992/2036/3980 1991/2034/3978
f 1986/2027/3971 1987/2029/3973 1993/2037/3981 1992/2036/3980
f 1987/2029/3973 1988/2031/3975 1994/2038/3982 1993/2037/3981
f 1988/2031/3975 1989/2033/3977 1995/2039/3983 1994/2038/3982
f 1989/2033/3977 1984/2025/3969 1990/2035/3979 1995/2039/3983
f 1990/2035/3979 1991/2034/3978 1996/2040/3984
f 1991/2034/3978 1992/2036/3980 1996/2040/3984
f 1992/2036/3980 1993/2037/3981 1996/2040/3984
f 1993/2037/3981 1994/2038/3982 1996/2040/3984
f 1994/2038/3982 1995/2039/3983 1996/2040/3984
f 1995/2039/3983 1990/2035/3979 1996/2040/3984
g default
v -29.863376 10.484085 15.922206
v -26.346587 9.975499 13.171011
v -21.846412 9.713364 14.720371
v -21.144491 10.134014 19.171721
v -28.553519 9.285669 16.433025
v -26.257951 8.957143 14.849198
v -23.212617 8.752037 15.809557
v -22.678886 9.012075 18.623527
v -27.175013 8.345719 16.964705
v -26.079419 8.175974 16.385389
v -24.575190 8.085687 16.895386
v -24.218670 8.200733 18.067012
v -25.724550 7.898241 17.512883
vt 1.018876 0.279029
vt 0.905512 0.277594
vt 0.863715 0.513130
vt 0.807966 0.420510
vt 0.569036 0.503582
vt 0.626647 0.412391
vt 0.429506 0.259929
vt 0.542870 0.261355
vt 0.807235 0.274822
vt 0.761050 0.339456
vt 0.678007 0.334106
vt 0.641147 0.264122
vt 0.724191 0.269472
vn -0.459142 -0.753819 -0.470048
vn -0.139764 -0.835537 -0.531360
vn -0.149160 -0.847706 -0.509065
vn -0.444472 -0.769825 -0.458055
vn 0.373768 -0.877170 -0.301448
vn 0.342556 -0.890047 -0.300786
vn 0.580438 -0.813995 -0.022455
vn 0.554904 -0.831641 -0.021335
vn -0.117801 -0.901977 -0.415403
vn -0.369877 -0.844846 -0.386557
vn 0.245164 -0.937424 -0.247246
vn 0.428399 -0.903515 -0.011633
vn -0.002440 -0.989286 -0.145968
s 1
g polySurface151 all2 polySurface174
usemtl aiStandardSurface1SG
f 1997/2041/3985 1998/2043/3986 2002/2044/3987 2001/2042/3988
f 1998/2043/3986 1999/2045/3989 2003/2046/3990 2002/2044/3987
f 1999/2045/3989 2000/2047/3991 2004/2048/3992 2003/2046/3990
f 2001/2042/3988 2002/2044/3987 2006/2050/3993 2005/2049/3994
f 2002/2044/3987 2003/2046/3990 2007/2051/3995 2006/2050/3993
f 2003/2046/3990 2004/2048/3992 2008/2052/3996 2007/2051/3995
f 2005/2049/3994 2006/2050/3993 2009/2053/3997
f 2006/2050/3993 2007/2051/3995 2009/2053/3997
f 2007/2051/3995 2008/2052/3996 2009/2053/3997
g default
v -29.839546 10.484087 15.919757
v -29.761210 9.975495 22.413888
v -25.366395 9.713355 24.246536
v -21.114819 10.133991 19.153565
v -28.509604 9.285672 16.376572
v -28.278884 8.957138 20.344715
v -25.379616 8.752026 21.697816
v -22.630309 9.012056 18.554540
v -27.115208 8.345725 16.865528
v -26.855372 8.175976 18.533401
v -25.393043 8.085681 19.156056
v -24.156454 8.200753 17.961352
v -25.657280 7.898252 17.393632
vt 1.018876 0.279029
vt 0.905512 0.277594
vt 0.863715 0.513130
vt 0.807966 0.420510
vt 0.569036 0.503582
vt 0.626647 0.412391
vt 0.429506 0.259929
vt 0.542870 0.261355
vt 0.807235 0.274822
vt 0.761050 0.339456
vt 0.678007 0.334106
vt 0.641147 0.264122
vt 0.724191 0.269472
vn -0.633599 -0.772461 -0.043091
vn -0.609969 -0.791430 -0.039712
vn -0.427567 -0.893404 0.137897
vn -0.368245 -0.906046 0.208511
vn 0.139596 -0.933368 0.330663
vn 0.065930 -0.935604 0.346842
vn 0.435580 -0.846711 0.305534
vn 0.460714 -0.826571 0.323301
vn -0.503830 -0.863218 -0.031776
vn -0.349214 -0.930888 0.107230
vn 0.095135 -0.964255 0.247310
vn 0.335106 -0.913656 0.230081
vn -0.070675 -0.996367 0.047521
s 1
g polySurface151 all2 polySurface173
usemtl aiStandardSurface1SG
f 2010/2054/3998 2014/2055/3999 2015/2057/4000 2011/2056/4001
f 2011/2056/4001 2015/2057/4000 2016/2059/4002 2012/2058/4003
f 2012/2058/4003 2016/2059/4002 2017/2061/4004 2013/2060/4005
f 2014/2055/3999 2018/2062/4006 2019/2063/4007 2015/2057/4000
f 2015/2057/4000 2019/2063/4007 2020/2064/4008 2016/2059/4002
f 2016/2059/4002 2020/2064/4008 2021/2065/4009 2017/2061/4004
f 2018/2062/4006 2022/2066/4010 2019/2063/4007
f 2019/2063/4007 2022/2066/4010 2020/2064/4008
f 2020/2064/4008 2022/2066/4010 2021/2065/4009
g default
v -22.470691 9.601469 16.019814
v -24.532299 7.155848 16.673220
v -28.047539 7.719656 17.147507
v -29.315703 11.025103 17.021421
v -23.758888 9.873345 15.230185
v -25.166291 8.288721 15.665503
v -27.484571 8.595789 15.951289
v -28.297094 10.766753 15.841859
v -24.972523 10.154022 14.624873
v -25.706614 9.338929 14.841954
v -26.850935 9.520189 14.984058
v -27.240154 10.597663 14.918438
v -26.137788 10.404607 14.440873
vt 1.018876 0.279029
vt 0.905512 0.277594
vt 0.863715 0.513130
vt 0.807966 0.420510
vt 0.569036 0.503582
vt 0.626647 0.412391
vt 0.429506 0.259929
vt 0.542870 0.261355
vt 0.807235 0.274822
vt 0.761050 0.339456
vt 0.678007 0.334106
vt 0.641147 0.264122
vt 0.724191 0.269472
vn 0.353528 -0.515209 -0.780755
vn 0.071396 -0.656328 -0.751090
vn 0.063583 -0.643051 -0.763179
vn 0.339283 -0.508598 -0.791338
vn -0.492211 -0.564094 -0.662968
vn -0.488356 -0.542508 -0.683515
vn -0.751968 -0.310703 -0.581385
vn -0.729544 -0.303799 -0.612757
vn 0.033801 -0.568449 -0.822024
vn 0.268899 -0.468167 -0.841732
vn -0.426180 -0.468827 -0.773674
vn -0.627490 -0.271813 -0.729640
vn -0.180374 -0.320804 -0.929812
s 1
g polySurface151 all2 polySurface171
usemtl aiStandardSurface1SG
f 2023/2067/4011 2024/2069/4012 2028/2070/4013 2027/2068/4014
f 2024/2069/4012 2025/2071/4015 2029/2072/4016 2028/2070/4013
f 2025/2071/4015 2026/2073/4017 2030/2074/4018 2029/2072/4016
f 2027/2068/4014 2028/2070/4013 2032/2076/4019 2031/2075/4020
f 2028/2070/4013 2029/2072/4016 2033/2077/4021 2032/2076/4019
f 2029/2072/4016 2030/2074/4018 2034/2078/4022 2033/2077/4021
f 2031/2075/4020 2032/2076/4019 2035/2079/4023
f 2032/2076/4019 2033/2077/4021 2035/2079/4023
f 2033/2077/4021 2034/2078/4022 2035/2079/4023
g default
v -19.884893 9.739262 18.753518
v -21.592387 7.293640 17.426254
v -23.976880 7.857447 14.800220
v -24.592357 11.162894 13.684278
v -19.965256 10.011138 17.244709
v -21.122067 8.426514 16.332527
v -22.672387 8.733582 14.585357
v -23.043135 10.904545 13.854115
v -20.155126 10.291814 15.901852
v -20.750292 9.476721 15.420405
v -21.516396 9.657981 14.558577
v -21.683123 10.735456 14.200807
v -20.664540 10.542399 14.837805
vt 1.018876 0.279029
vt 0.905512 0.277594
vt 0.863715 0.513130
vt 0.807966 0.420510
vt 0.569036 0.503582
vt 0.626647 0.412391
vt 0.429506 0.259929
vt 0.542870 0.261355
vt 0.807235 0.274822
vt 0.761050 0.339456
vt 0.678007 0.334106
vt 0.641147 0.264122
vt 0.724191 0.269472
vn 0.843533 -0.515209 -0.151698
vn 0.659074 -0.656327 -0.367227
vn 0.664599 -0.643051 -0.380518
vn 0.844169 -0.508598 -0.169432
vn 0.266815 -0.564094 -0.781414
vn 0.285923 -0.542508 -0.789894
vn 0.052288 -0.310703 -0.949068
vn 0.090845 -0.303799 -0.948395
vn 0.696169 -0.568449 -0.438423
vn 0.845750 -0.468167 -0.255982
vn 0.395442 -0.468828 -0.789826
vn 0.244992 -0.271813 -0.930643
vn 0.663457 -0.320804 -0.675951
s 1
g polySurface151 all2 polySurface170
usemtl aiStandardSurface1SG
f 2036/2080/4024 2037/2082/4025 2041/2083/4026 2040/2081/4027
f 2037/2082/4025 2038/2084/4028 2042/2085/4029 2041/2083/4026
f 2038/2084/4028 2039/2086/4030 2043/2087/4031 2042/2085/4029
f 2040/2081/4027 2041/2083/4026 2045/2089/4032 2044/2088/4033
f 2041/2083/4026 2042/2085/4029 2046/2090/4034 2045/2089/4032
f 2042/2085/4029 2043/2087/4031 2047/2091/4035 2046/2090/4034
f 2044/2088/4033 2045/2089/4032 2048/2092/4036
f 2045/2089/4032 2046/2090/4034 2048/2092/4036
f 2046/2090/4034 2047/2091/4035 2048/2092/4036
g default
v -24.227978 9.739262 22.980669
v -23.821018 7.293640 20.856628
v -22.564450 7.857447 17.539566
v -21.849785 11.162894 16.484392
v -22.920266 10.011138 22.223800
v -22.632996 8.426514 20.778891
v -21.780551 8.733582 18.604166
v -21.297467 10.904545 17.941746
v -21.810137 10.291814 21.444744
v -21.651525 9.476721 20.695840
v -21.231664 9.657981 19.621885
v -20.988646 10.735456 19.310854
v -21.093534 10.542399 20.507632
vt 1.018876 0.279029
vt 0.905512 0.277594
vt 0.863715 0.513130
vt 0.807966 0.420510
vt 0.569036 0.503582
vt 0.626647 0.412391
vt 0.429506 0.259929
vt 0.542870 0.261355
vt 0.807235 0.274822
vt 0.761050 0.339456
vt 0.678007 0.334106
vt 0.641147 0.264122
vt 0.724191 0.269472
vn 0.518265 -0.515209 0.682613
vn 0.626505 -0.656327 0.420387
vn 0.640856 -0.643051 0.419273
vn 0.534354 -0.508598 0.675125
vn 0.817351 -0.564094 -0.117195
vn 0.833585 -0.542508 -0.104023
vn 0.869282 -0.310703 -0.384465
vn 0.886194 -0.303799 -0.349809
vn 0.706782 -0.568449 0.421100
vn 0.612180 -0.468168 0.637224
vn 0.883266 -0.468828 -0.006421
vn 0.940389 -0.271813 -0.204415
vn 0.903541 -0.320804 0.284077
s 1
g polySurface151 all2 polySurface169
usemtl aiStandardSurface1SG
f 2049/2093/4037 2050/2095/4038 2054/2096/4039 2053/2094/4040
f 2050/2095/4038 2051/2097/4041 2055/2098/4042 2054/2096/4039
f 2051/2097/4041 2052/2099/4043 2056/2100/4044 2055/2098/4042
f 2053/2094/4040 2054/2096/4039 2058/2102/4045 2057/2101/4046
f 2054/2096/4039 2055/2098/4042 2059/2103/4047 2058/2102/4045
f 2055/2098/4042 2056/2100/4044 2060/2104/4048 2059/2103/4047
f 2057/2101/4046 2058/2102/4045 2061/2105/4049
f 2058/2102/4045 2059/2103/4047 2061/2105/4049
f 2059/2103/4047 2060/2104/4048 2061/2105/4049
g default
v -27.415084 11.808394 24.008768
v -25.199545 7.136952 23.796483
v -21.574767 7.017137 21.042196
v -20.485815 10.449374 18.533121
v -22.979437 15.084896 18.773930
v -26.318113 15.227109 21.498929
v -25.675139 12.144523 23.888328
v -24.292945 8.658767 23.756867
v -21.805773 8.542900 21.913290
v -20.854414 11.045740 20.217015
v -22.304069 14.556156 20.355310
v -24.664793 14.626298 22.185843
v -23.953263 11.904435 23.570023
v -23.318491 10.237532 23.510279
v -22.059698 10.066155 22.586902
v -21.477144 11.486260 21.727592
v -22.109895 13.238900 21.787116
v -23.330771 13.266804 22.706530
v -22.499068 11.528511 22.905339
vt 0.432601 0.259594
vt 0.581502 0.005108
vt 0.634186 0.099232
vt 0.540597 0.254748
vt 0.862204 -0.001361
vt 0.806894 0.097605
vt 0.994008 0.246642
vt 0.886013 0.251488
vt 0.845120 0.501121
vt 0.792428 0.407002
vt 0.564419 0.507604
vt 0.619721 0.408634
vt 0.678511 0.181705
vt 0.634215 0.252152
vt 0.757602 0.182671
vt 0.792397 0.254084
vt 0.748101 0.324531
vt 0.669010 0.323565
vt 0.713306 0.253118
vn 0.000888 0.270669 0.962672
vn 0.334715 -0.183386 0.924303
vn 0.318984 -0.147338 0.936238
vn 0.046648 0.315613 0.947741
vn 0.802114 -0.224968 0.553175
vn 0.784065 -0.213522 0.582795
vn 0.976744 0.184835 0.108656
vn 0.968173 0.194311 0.157747
vn 0.637933 0.766298 0.076342
vn 0.690916 0.703942 0.164622
vn 0.055520 0.806077 0.589200
vn 0.162476 0.783420 0.599879
vn 0.386080 -0.068561 0.919914
vn 0.236785 0.257026 0.936948
vn 0.752132 -0.134764 0.645087
vn 0.907877 0.165113 0.385353
vn 0.738178 0.500449 0.452377
vn 0.365455 0.558041 0.745005
vn 0.606047 0.193786 0.771462
s 1
g polySurface151 all2 polySurface168
usemtl aiStandardSurface1SG
f 2062/2106/4050 2063/2107/4051 2069/2108/4052 2068/2109/4053
f 2063/2107/4051 2064/2110/4054 2070/2111/4055 2069/2108/4052
f 2064/2110/4054 2065/2112/4056 2071/2113/4057 2070/2111/4055
f 2065/2112/4056 2066/2114/4058 2072/2115/4059 2071/2113/4057
f 2066/2114/4058 2067/2116/4060 2073/2117/4061 2072/2115/4059
f 2067/2116/4060 2062/2106/4050 2068/2109/4053 2073/2117/4061
f 2068/2109/4053 2069/2108/4052 2075/2118/4062 2074/2119/4063
f 2069/2108/4052 2070/2111/4055 2076/2120/4064 2075/2118/4062
f 2070/2111/4055 2071/2113/4057 2077/2121/4065 2076/2120/4064
f 2071/2113/4057 2072/2115/4059 2078/2122/4066 2077/2121/4065
f 2072/2115/4059 2073/2117/4061 2079/2123/4067 2078/2122/4066
f 2073/2117/4061 2068/2109/4053 2074/2119/4063 2079/2123/4067
f 2074/2119/4063 2075/2118/4062 2080/2124/4068
f 2075/2118/4062 2076/2120/4064 2080/2124/4068
f 2076/2120/4064 2077/2121/4065 2080/2124/4068
f 2077/2121/4065 2078/2122/4066 2080/2124/4068
f 2078/2122/4066 2079/2123/4067 2080/2124/4068
f 2079/2123/4067 2074/2119/4063 2080/2124/4068
g default
v -30.601662 10.952911 18.318016
v -29.351577 7.824909 19.077078
v -25.765223 7.036813 20.640051
v -23.493969 9.714829 21.274333
v -29.822960 11.004330 19.678635
v -28.951279 8.953647 20.200101
v -26.566166 8.357292 21.263499
v -25.054744 10.108946 21.696523
v -28.920454 11.002843 20.854308
v -28.473775 9.949352 21.133122
v -27.278886 9.679769 21.656191
v -26.523849 10.547337 21.875195
v -27.837260 10.871477 21.657064
vt 1.018876 0.279029
vt 0.905512 0.277594
vt 0.863715 0.513130
vt 0.807966 0.420510
vt 0.569036 0.503582
vt 0.626647 0.412391
vt 0.429506 0.259929
vt 0.542870 0.261355
vt 0.807235 0.274822
vt 0.761050 0.339456
vt 0.678007 0.334106
vt 0.641147 0.264122
vt 0.724191 0.269472
vn -0.837049 -0.218968 0.501400
vn -0.644467 -0.427633 0.633872
vn -0.644478 -0.403948 0.649210
vn -0.824792 -0.209383 0.525240
vn -0.153665 -0.489447 0.858387
vn -0.183859 -0.471954 0.862239
vn 0.152625 -0.352768 0.923180
vn 0.123487 -0.332728 0.934903
vn -0.608398 -0.320121 0.726206
vn -0.763147 -0.162082 0.625569
vn -0.241452 -0.364112 0.899513
vn 0.005383 -0.246263 0.969188
vn -0.413782 -0.119642 0.902480
s 1
g polySurface151 all2 polySurface166
usemtl aiStandardSurface1SG
f 2081/2125/4069 2082/2127/4070 2086/2128/4071 2085/2126/4072
f 2082/2127/4070 2083/2129/4073 2087/2130/4074 2086/2128/4071
f 2083/2129/4073 2084/2131/4075 2088/2132/4076 2087/2130/4074
f 2085/2126/4072 2086/2128/4071 2090/2134/4077 2089/2133/4078
f 2086/2128/4071 2087/2130/4074 2091/2135/4079 2090/2134/4077
f 2087/2130/4074 2088/2132/4076 2092/2136/4080 2091/2135/4079
f 2089/2133/4078 2090/2134/4077 2093/2137/4081
f 2090/2134/4077 2091/2135/4079 2093/2137/4081
f 2091/2135/4079 2092/2136/4080 2093/2137/4081
g default
v -24.889470 10.187929 13.272935
v -26.926742 7.428957 13.674029
v -30.822865 7.482762 14.536144
v -32.466078 10.605671 15.065270
v -26.285155 10.452991 12.608021
v -27.675827 8.656245 12.881501
v -30.294898 8.622367 13.442339
v -31.400656 10.671190 13.788487
v -27.681615 10.686367 12.169661
v -28.401492 9.763476 12.300623
v -29.702301 9.774643 12.586646
v -30.257700 10.790938 12.758102
v -29.029644 10.818444 12.150798
vt 1.018876 0.279029
vt 0.905512 0.277594
vt 0.863715 0.513130
vt 0.807966 0.420510
vt 0.569036 0.503582
vt 0.626647 0.412391
vt 0.429506 0.259929
vt 0.542870 0.261355
vt 0.807235 0.274822
vt 0.761050 0.339456
vt 0.678007 0.334106
vt 0.641147 0.264122
vt 0.724191 0.269472
vn 0.328047 -0.375209 -0.866951
vn 0.058300 -0.532984 -0.844115
vn 0.054008 -0.509324 -0.858879
vn 0.306377 -0.362385 -0.880233
vn -0.472109 -0.480304 -0.739204
vn -0.447072 -0.469555 -0.761344
vn -0.725304 -0.279014 -0.629353
vn -0.705178 -0.265274 -0.657536
vn -0.002925 -0.417044 -0.908881
vn 0.208583 -0.299462 -0.931029
vn -0.402214 -0.375293 -0.835092
vn -0.614902 -0.204942 -0.761508
vn -0.220160 -0.173437 -0.959921
s 1
g polySurface151 all2 polySurface165
usemtl aiStandardSurface1SG
f 2094/2138/4082 2095/2140/4083 2099/2141/4084 2098/2139/4085
f 2095/2140/4083 2096/2142/4086 2100/2143/4087 2099/2141/4084
f 2096/2142/4086 2097/2144/4088 2101/2145/4089 2100/2143/4087
f 2098/2139/4085 2099/2141/4084 2103/2147/4090 2102/2146/4091
f 2099/2141/4084 2100/2143/4087 2104/2148/4092 2103/2147/4090
f 2100/2143/4087 2101/2145/4089 2105/2149/4093 2104/2148/4092
f 2102/2146/4091 2103/2147/4090 2106/2150/4094
f 2103/2147/4090 2104/2148/4092 2106/2150/4094
f 2104/2148/4092 2105/2149/4093 2106/2150/4094
g default
v -22.268801 8.682367 10.448943
v -26.081266 10.437818 10.237164
v -27.570285 14.163403 11.901782
v -24.914074 15.884415 14.877114
v -21.412259 14.641634 16.301870
v -19.899250 10.903117 13.495675
v -22.261311 10.369419 10.114650
v -24.725478 11.731005 10.232848
v -25.664602 14.349869 11.444532
v -23.714885 15.422085 13.318369
v -21.657143 14.374894 14.150222
v -20.565827 12.045349 11.926601
v -22.291970 12.121104 10.390110
v -23.509258 12.818037 10.336214
v -23.935874 14.226522 11.017869
v -23.018735 14.987444 12.092485
v -21.852486 14.470550 12.396110
v -21.422759 12.994171 11.241308
v -22.403509 13.989694 10.951922
vt 0.575719 0.023626
vt 0.865051 0.028492
vt 0.809904 0.118857
vt 0.631844 0.113662
vt 1.005691 0.265464
vt 0.894423 0.265791
vt 0.857013 0.497565
vt 0.800888 0.407530
vt 0.567694 0.492706
vt 0.622832 0.402338
vt 0.427042 0.255742
vt 0.538309 0.255406
vt 0.760699 0.196463
vt 0.679125 0.192485
vt 0.797940 0.264576
vt 0.753608 0.328709
vt 0.672035 0.324729
vt 0.634793 0.256617
vt 0.716366 0.260596
vn 0.488768 -0.159647 -0.857682
vn -0.166213 0.126727 -0.977913
vn -0.147616 0.158605 -0.976245
vn 0.448374 -0.101356 -0.888081
vn -0.239557 0.649437 -0.721695
vn -0.219138 0.681878 -0.697868
vn 0.112034 0.962955 -0.245289
vn 0.141166 0.959854 -0.242390
vn 0.674834 0.731802 -0.095208
vn 0.719880 0.686946 -0.099387
vn 0.925291 0.231027 -0.300771
vn 0.899817 0.199935 -0.387757
vn -0.058009 0.267327 -0.961858
vn 0.378304 0.139794 -0.915065
vn -0.136664 0.645774 -0.751198
vn 0.173047 0.930586 -0.322589
vn 0.706395 0.689736 -0.158966
vn 0.795557 0.356165 -0.490139
vn 0.373259 0.567770 -0.733699
s 1
g polySurface151 all2 polySurface160
usemtl aiStandardSurface1SG
f 2107/2151/4095 2108/2152/4096 2114/2153/4097 2113/2154/4098
f 2108/2152/4096 2109/2155/4099 2115/2156/4100 2114/2153/4097
f 2109/2155/4099 2110/2157/4101 2116/2158/4102 2115/2156/4100
f 2110/2157/4101 2111/2159/4103 2117/2160/4104 2116/2158/4102
f 2111/2159/4103 2112/2161/4105 2118/2162/4106 2117/2160/4104
f 2112/2161/4105 2107/2151/4095 2113/2154/4098 2118/2162/4106
f 2113/2154/4098 2114/2153/4097 2120/2163/4107 2119/2164/4108
f 2114/2153/4097 2115/2156/4100 2121/2165/4109 2120/2163/4107
f 2115/2156/4100 2116/2158/4102 2122/2166/4110 2121/2165/4109
f 2116/2158/4102 2117/2160/4104 2123/2167/4111 2122/2166/4110
f 2117/2160/4104 2118/2162/4106 2124/2168/4112 2123/2167/4111
f 2118/2162/4106 2113/2154/4098 2119/2164/4108 2124/2168/4112
f 2119/2164/4108 2120/2163/4107 2125/2169/4113
f 2120/2163/4107 2121/2165/4109 2125/2169/4113
f 2121/2165/4109 2122/2166/4110 2125/2169/4113
f 2122/2166/4110 2123/2167/4111 2125/2169/4113
f 2123/2167/4111 2124/2168/4112 2125/2169/4113
f 2124/2168/4112 2119/2164/4108 2125/2169/4113
g default
v -31.457795 9.478303 10.235117
v -33.702870 9.407250 13.315443
v -33.754892 11.907031 15.829329
v -31.857299 14.723175 15.188715
v -29.490288 15.020498 12.046241
v -28.171218 12.696950 10.799081
v -32.123270 10.711320 10.610187
v -33.795061 10.573056 12.619271
v -33.844097 12.256399 14.290323
v -32.539162 14.098107 13.832315
v -30.641828 14.277354 11.932919
v -29.526102 12.855772 10.673862
v -32.615741 11.817882 11.095843
v -33.600478 11.706486 12.028412
v -33.683186 12.545832 12.849671
v -33.016307 13.496435 12.607452
v -31.665679 13.671828 11.839592
v -31.284013 12.854364 10.687975
v -33.110657 12.735329 11.657783
vt 0.584666 0.025813
vt 0.879358 0.035369
vt 0.821739 0.126555
vt 0.640415 0.118434
vt 1.018876 0.279029
vt 0.905512 0.277594
vt 0.863715 0.513130
vt 0.807966 0.420510
vt 0.569036 0.503582
vt 0.626647 0.412391
vt 0.429506 0.259929
vt 0.542870 0.261355
vt 0.770376 0.204838
vt 0.687332 0.199489
vt 0.807235 0.274822
vt 0.761050 0.339456
vt 0.678007 0.334106
vt 0.641147 0.264122
vt 0.724191 0.269472
vn -0.370580 -0.056132 -0.927103
vn -0.940195 -0.195796 -0.278742
vn -0.927883 -0.162322 -0.335687
vn -0.425347 -0.063528 -0.902798
vn -0.937739 0.328469 0.112933
vn -0.951842 0.298380 0.070479
vn -0.638789 0.766386 -0.067835
vn -0.640962 0.762319 -0.089649
vn -0.253822 0.756596 -0.602608
vn -0.289113 0.795834 -0.532035
vn -0.033973 0.323152 -0.945737
vn -0.056915 0.328880 -0.942655
vn -0.890225 -0.004979 -0.455494
vn -0.481880 0.033984 -0.875578
vn -0.933315 0.348165 -0.087769
vn -0.637838 0.738109 -0.219902
vn -0.304084 0.788657 -0.534371
vn -0.197837 0.379794 -0.903669
vn -0.608822 0.469129 -0.639730
s 1
g polySurface151 all2 polySurface159
usemtl aiStandardSurface1SG
f 2126/2170/4114 2127/2171/4115 2133/2172/4116 2132/2173/4117
f 2127/2171/4115 2128/2174/4118 2134/2175/4119 2133/2172/4116
f 2128/2174/4118 2129/2176/4120 2135/2177/4121 2134/2175/4119
f 2129/2176/4120 2130/2178/4122 2136/2179/4123 2135/2177/4121
f 2130/2178/4122 2131/2180/4124 2137/2181/4125 2136/2179/4123
f 2131/2180/4124 2126/2170/4114 2132/2173/4117 2137/2181/4125
f 2132/2173/4117 2133/2172/4116 2139/2182/4126 2138/2183/4127
f 2133/2172/4116 2134/2175/4119 2140/2184/4128 2139/2182/4126
f 2134/2175/4119 2135/2177/4121 2141/2185/4129 2140/2184/4128
f 2135/2177/4121 2136/2179/4123 2142/2186/4130 2141/2185/4129
f 2136/2179/4123 2137/2181/4125 2143/2187/4131 2142/2186/4130
f 2137/2181/4125 2132/2173/4117 2138/2183/4127 2143/2187/4131
f 2138/2183/4127 2139/2182/4126 2144/2188/4132
f 2139/2182/4126 2140/2184/4128 2144/2188/4132
f 2140/2184/4128 2141/2185/4129 2144/2188/4132
f 2141/2185/4129 2142/2186/4130 2144/2188/4132
f 2142/2186/4130 2143/2187/4131 2144/2188/4132
f 2143/2187/4131 2138/2183/4127 2144/2188/4132
g default
v -22.262456 7.264736 12.664087
v -26.563199 8.300366 11.998017
v -28.230250 12.726896 12.965336
v -25.457067 15.471807 14.767492
v -20.846651 14.391802 15.952194
v -19.598682 10.112656 14.879132
v -22.578362 8.860224 12.121563
v -25.411281 9.611838 11.547025
v -26.728619 13.137168 12.120927
v -24.839092 15.093130 13.405539
v -21.634370 13.720664 14.287570
v -20.788157 10.827093 13.629516
v -22.856334 10.537224 11.585820
v -24.386600 11.155423 11.201502
v -25.034450 12.932047 11.579111
v -24.116440 13.967070 12.310420
v -22.573953 13.219961 12.727275
v -21.948288 11.533839 12.328649
v -23.361392 12.277584 11.565743
vt 0.558929 0.032311
vt 0.848222 0.025513
vt 0.796762 0.118027
vt 0.618637 0.120013
vt 0.998298 0.256624
vt 0.887134 0.261435
vt 0.859095 0.494529
vt 0.799387 0.406828
vt 0.569816 0.501334
vt 0.621267 0.408817
vt 0.419727 0.270231
vt 0.530891 0.265411
vt 0.750725 0.197553
vt 0.669056 0.196865
vt 0.790681 0.264109
vt 0.748969 0.329977
vt 0.667302 0.329289
vt 0.627345 0.262732
vt 0.709013 0.263421
vn 0.437712 -0.224684 -0.870589
vn -0.222477 -0.155830 -0.962404
vn -0.189394 -0.150201 -0.970345
vn 0.417713 -0.229393 -0.879144
vn -0.500829 0.310536 -0.807922
vn -0.442012 0.393915 -0.805889
vn -0.010981 0.909333 -0.415923
vn 0.033797 0.870146 -0.491633
vn 0.619427 0.638253 -0.457104
vn 0.619816 0.626085 -0.473124
vn 0.764104 0.152914 -0.626708
vn 0.761898 0.143867 -0.631517
vn -0.101747 -0.058828 -0.993069
vn 0.418646 -0.173157 -0.891489
vn -0.208081 0.332358 -0.919913
vn 0.207454 0.706877 -0.676230
vn 0.608288 0.562778 -0.559703
vn 0.735391 0.162986 -0.657751
vn 0.358805 0.317690 -0.877685
s 1
g polySurface151 all2 polySurface157
usemtl aiStandardSurface1SG
f 2145/2189/4133 2146/2190/4134 2152/2191/4135 2151/2192/4136
f 2146/2190/4134 2147/2193/4137 2153/2194/4138 2152/2191/4135
f 2147/2193/4137 2148/2195/4139 2154/2196/4140 2153/2194/4138
f 2148/2195/4139 2149/2197/4141 2155/2198/4142 2154/2196/4140
f 2149/2197/4141 2150/2199/4143 2156/2200/4144 2155/2198/4142
f 2150/2199/4143 2145/2189/4133 2151/2192/4136 2156/2200/4144
f 2151/2192/4136 2152/2191/4135 2158/2201/4145 2157/2202/4146
f 2152/2191/4135 2153/2194/4138 2159/2203/4147 2158/2201/4145
f 2153/2194/4138 2154/2196/4140 2160/2204/4148 2159/2203/4147
f 2154/2196/4140 2155/2198/4142 2161/2205/4149 2160/2204/4148
f 2155/2198/4142 2156/2200/4144 2162/2206/4150 2161/2205/4149
f 2156/2200/4144 2151/2192/4136 2157/2202/4146 2162/2206/4150
f 2157/2202/4146 2158/2201/4145 2163/2207/4151
f 2158/2201/4145 2159/2203/4147 2163/2207/4151
f 2159/2203/4147 2160/2204/4148 2163/2207/4151
f 2160/2204/4148 2161/2205/4149 2163/2207/4151
f 2161/2205/4149 2162/2206/4150 2163/2207/4151
f 2162/2206/4150 2157/2202/4146 2163/2207/4151
g default
v -23.060711 11.863398 23.694293
v -21.184697 8.597779 21.738318
v -20.589637 8.868258 17.231412
v -22.062029 12.299597 14.925009
v -24.106612 15.491308 17.094421
v -24.526252 15.282479 21.380782
v -21.979960 12.438655 22.407456
v -20.774773 10.149612 21.170508
v -20.340180 10.384457 18.114044
v -21.200915 12.845956 16.411007
v -22.450040 15.139102 17.701192
v -22.810610 14.956867 20.661863
v -21.047076 12.970234 20.991229
v -20.471125 11.756497 20.412390
v -20.245674 11.885654 18.872997
v -20.618732 13.198882 17.943032
v -21.193922 14.416513 18.520542
v -21.399040 14.316617 20.032105
v -20.517944 13.248771 19.504774
vt 0.432601 0.259594
vt 0.581502 0.005108
vt 0.634186 0.099232
vt 0.540597 0.254748
vt 0.862204 -0.001361
vt 0.806894 0.097605
vt 0.994008 0.246642
vt 0.886013 0.251488
vt 0.845120 0.501121
vt 0.792428 0.407002
vt 0.564419 0.507604
vt 0.619721 0.408634
vt 0.678511 0.181705
vt 0.634215 0.252152
vt 0.757602 0.182671
vt 0.792397 0.254084
vt 0.748101 0.324531
vt 0.669010 0.323565
vt 0.713306 0.253118
vn 0.618191 0.358555 0.699484
vn 0.913425 -0.099937 0.394547
vn 0.916029 -0.073758 0.394273
vn 0.632838 0.375316 0.677240
vn 0.977529 -0.086864 -0.192074
vn 0.984419 -0.076802 -0.158179
vn 0.737649 0.361889 -0.570010
vn 0.763214 0.365938 -0.532535
vn 0.342911 0.903462 -0.257234
vn 0.420595 0.866945 -0.267406
vn 0.346362 0.832431 0.432540
vn 0.379424 0.842305 0.382831
vn 0.936170 0.018309 0.351069
vn 0.717791 0.387017 0.578786
vn 0.996263 0.003630 -0.086299
vn 0.871846 0.336069 -0.356290
vn 0.639929 0.754490 -0.145724
vn 0.567518 0.742353 0.356138
vn 0.918372 0.363535 0.156319
s 1
g polySurface151 all2 polySurface155
usemtl aiStandardSurface1SG
f 2164/2208/4152 2165/2209/4153 2171/2210/4154 2170/2211/4155
f 2165/2209/4153 2166/2212/4156 2172/2213/4157 2171/2210/4154
f 2166/2212/4156 2167/2214/4158 2173/2215/4159 2172/2213/4157
f 2167/2214/4158 2168/2216/4160 2174/2217/4161 2173/2215/4159
f 2168/2216/4160 2169/2218/4162 2175/2219/4163 2174/2217/4161
f 2169/2218/4162 2164/2208/4152 2170/2211/4155 2175/2219/4163
f 2170/2211/4155 2171/2210/4154 2177/2220/4164 2176/2221/4165
f 2171/2210/4154 2172/2213/4157 2178/2222/4166 2177/2220/4164
f 2172/2213/4157 2173/2215/4159 2179/2223/4167 2178/2222/4166
f 2173/2215/4159 2174/2217/4161 2180/2224/4168 2179/2223/4167
f 2174/2217/4161 2175/2219/4163 2181/2225/4169 2180/2224/4168
f 2175/2219/4163 2170/2211/4155 2176/2221/4165 2181/2225/4169
f 2176/2221/4165 2177/2220/4164 2182/2226/4170
f 2177/2220/4164 2178/2222/4166 2182/2226/4170
f 2178/2222/4166 2179/2223/4167 2182/2226/4170
f 2179/2223/4167 2180/2224/4168 2182/2226/4170
f 2180/2224/4168 2181/2225/4169 2182/2226/4170
f 2181/2225/4169 2176/2221/4165 2182/2226/4170
g default
v -32.365241 8.952631 18.891279
v -29.088288 8.817785 20.834784
v -27.034312 11.625576 21.519424
v -28.338288 14.697077 20.620847
v -31.736545 15.059839 18.653529
v -33.762811 12.539222 17.683244
v -32.189153 9.934263 20.002610
v -29.954064 9.749215 21.319687
v -28.590739 11.631686 21.795199
v -29.488813 13.651666 21.148935
v -31.749286 13.877685 19.826649
v -33.124473 12.318147 19.212844
v -31.873664 10.893638 20.846701
v -30.742745 10.754631 21.516560
v -30.068289 11.673883 21.809633
v -30.536801 12.713432 21.482707
v -31.629364 12.990944 20.620467
v -32.351331 12.025783 20.512101
v -31.306379 11.856236 21.203623
vt 0.584666 0.025813
vt 0.879358 0.035369
vt 0.821739 0.126555
vt 0.640415 0.118434
vt 1.018876 0.279029
vt 0.905512 0.277594
vt 0.863715 0.513130
vt 0.807966 0.420510
vt 0.569036 0.503582
vt 0.626647 0.412391
vt 0.429506 0.259929
vt 0.542870 0.261355
vt 0.770376 0.204838
vt 0.687332 0.199489
vt 0.807235 0.274822
vt 0.761050 0.339456
vt 0.678007 0.334106
vt 0.641147 0.264122
vt 0.724191 0.269472
vn -0.738152 -0.453173 0.499766
vn -0.122756 -0.535181 0.835771
vn -0.177656 -0.511288 0.840846
vn -0.714642 -0.444007 0.540504
vn 0.159070 0.054190 0.985779
vn 0.124013 0.013735 0.992185
vn -0.108468 0.548150 0.829317
vn -0.123035 0.532023 0.837743
vn -0.556150 0.602416 0.572531
vn -0.546073 0.591767 0.592972
vn -0.899267 0.134436 0.416228
vn -0.891108 0.106378 0.441146
vn -0.310240 -0.342380 0.886864
vn -0.680027 -0.306411 0.666090
vn -0.058458 0.036984 0.997605
vn -0.227808 0.436855 0.870207
vn -0.536827 0.513494 0.669433
vn -0.802348 0.092042 0.589717
vn -0.506788 0.112081 0.854754
s 1
g polySurface151 all2 polySurface185
usemtl aiStandardSurface1SG
f 2183/2227/4171 2184/2228/4172 2190/2229/4173 2189/2230/4174
f 2184/2228/4172 2185/2231/4175 2191/2232/4176 2190/2229/4173
f 2185/2231/4175 2186/2233/4177 2192/2234/4178 2191/2232/4176
f 2186/2233/4177 2187/2235/4179 2193/2236/4180 2192/2234/4178
f 2187/2235/4179 2188/2237/4181 2194/2238/4182 2193/2236/4180
f 2188/2237/4181 2183/2227/4171 2189/2230/4174 2194/2238/4182
f 2189/2230/4174 2190/2229/4173 2196/2239/4183 2195/2240/4184
f 2190/2229/4173 2191/2232/4176 2197/2241/4185 2196/2239/4183
f 2191/2232/4176 2192/2234/4178 2198/2242/4186 2197/2241/4185
f 2192/2234/4178 2193/2236/4180 2199/2243/4187 2198/2242/4186
f 2193/2236/4180 2194/2238/4182 2200/2244/4188 2199/2243/4187
f 2194/2238/4182 2189/2230/4174 2195/2240/4184 2200/2244/4188
f 2195/2240/4184 2196/2239/4183 2201/2245/4189
f 2196/2239/4183 2197/2241/4185 2201/2245/4189
f 2197/2241/4185 2198/2242/4186 2201/2245/4189
f 2198/2242/4186 2199/2243/4187 2201/2245/4189
f 2199/2243/4187 2200/2244/4188 2201/2245/4189
f 2200/2244/4188 2195/2240/4184 2201/2245/4189
g default
v -34.020943 9.162870 15.149796
v -33.255946 8.858879 18.872185
v -31.602905 11.334316 20.798557
v -30.984438 14.328349 19.187602
v -31.749689 14.867975 15.357030
v -33.105305 12.603008 13.251575
v -34.409913 10.309910 16.023104
v -33.907946 10.011338 18.557555
v -32.820275 11.676937 19.850308
v -32.401587 13.641502 18.723495
v -32.905309 13.982876 16.166350
v -33.814749 12.600387 14.765744
v -34.526326 11.354038 16.815990
v -34.287304 11.160096 18.101395
v -33.792970 11.984778 18.780616
v -33.585635 12.998140 18.199965
v -33.626555 13.277556 16.809132
v -34.294032 12.456379 16.222056
v -34.135291 12.253056 17.459930
vt 0.584666 0.025813
vt 0.879358 0.035369
vt 0.821739 0.126555
vt 0.640415 0.118434
vt 1.018876 0.279029
vt 0.905512 0.277594
vt 0.863715 0.513130
vt 0.807966 0.420510
vt 0.569036 0.503582
vt 0.626647 0.412391
vt 0.429506 0.259929
vt 0.542870 0.261355
vt 0.770376 0.204838
vt 0.687332 0.199489
vt 0.807235 0.274822
vt 0.761050 0.339456
vt 0.678007 0.334106
vt 0.641147 0.264122
vt 0.724191 0.269472
vn -0.961502 -0.197562 -0.191004
vn -0.813276 -0.315251 0.489080
vn -0.846411 -0.281401 0.452108
vn -0.971938 -0.184333 -0.146145
vn -0.569153 0.232394 0.788706
vn -0.607946 0.201151 0.768076
vn -0.499470 0.721706 0.479238
vn -0.519429 0.710602 0.474592
vn -0.600159 0.799524 -0.023862
vn -0.610750 0.791820 -0.002385
vn -0.846695 0.378141 -0.374322
vn -0.866499 0.355002 -0.350932
vn -0.919246 -0.085656 0.384251
vn -0.998808 -0.031721 -0.037101
vn -0.725619 0.257269 0.638193
vn -0.637552 0.644776 0.421654
vn -0.679765 0.731153 0.057739
vn -0.915788 0.356819 -0.184425
vn -0.900607 0.379347 0.212139
s 1
g polySurface151 all2 polySurface184
usemtl aiStandardSurface1SG
f 2202/2246/4190 2203/2247/4191 2209/2248/4192 2208/2249/4193
f 2203/2247/4191 2204/2250/4194 2210/2251/4195 2209/2248/4192
f 2204/2250/4194 2205/2252/4196 2211/2253/4197 2210/2251/4195
f 2205/2252/4196 2206/2254/4198 2212/2255/4199 2211/2253/4197
f 2206/2254/4198 2207/2256/4200 2213/2257/4201 2212/2255/4199
f 2207/2256/4200 2202/2246/4190 2208/2249/4193 2213/2257/4201
f 2208/2249/4193 2209/2248/4192 2215/2258/4202 2214/2259/4203
f 2209/2248/4192 2210/2251/4195 2216/2260/4204 2215/2258/4202
f 2210/2251/4195 2211/2253/4197 2217/2261/4205 2216/2260/4204
f 2211/2253/4197 2212/2255/4199 2218/2262/4206 2217/2261/4205
f 2212/2255/4199 2213/2257/4201 2219/2263/4207 2218/2262/4206
f 2213/2257/4201 2208/2249/4193 2214/2259/4203 2219/2263/4207
f 2214/2259/4203 2215/2258/4202 2220/2264/4208
f 2215/2258/4202 2216/2260/4204 2220/2264/4208
f 2216/2260/4204 2217/2261/4205 2220/2264/4208
f 2217/2261/4205 2218/2262/4206 2220/2264/4208
f 2218/2262/4206 2219/2263/4207 2220/2264/4208
f 2219/2263/4207 2214/2259/4203 2220/2264/4208
g default
v -28.799121 12.118159 11.106237
v -31.842985 12.203733 13.863554
v -31.417446 14.335287 16.664738
v -28.907641 16.694907 16.390896
v -25.709640 16.812978 13.588886
v -25.755690 14.759166 10.909250
v -29.295636 13.454938 11.549131
v -31.642465 13.433012 13.314986
v -31.368743 14.874171 15.179549
v -29.663723 16.407209 14.962247
v -27.287749 16.466156 13.184977
v -27.282843 15.218816 11.411795
v -29.789694 14.598970 12.134964
v -30.930456 14.552698 12.878855
v -31.093838 15.286087 13.786748
v -29.773650 16.079586 13.834783
v -28.705533 16.128544 12.901567
v -28.852416 15.466201 11.959436
v -30.264566 15.427896 12.679695
vt 0.584666 0.025813
vt 0.879358 0.035369
vt 0.821739 0.126555
vt 0.640415 0.118434
vt 1.018876 0.279029
vt 0.905512 0.277594
vt 0.863715 0.513130
vt 0.807966 0.420510
vt 0.569036 0.503582
vt 0.626647 0.412391
vt 0.429506 0.259929
vt 0.542870 0.261355
vt 0.770376 0.204838
vt 0.687332 0.199489
vt 0.807235 0.274822
vt 0.761050 0.339456
vt 0.678007 0.334106
vt 0.641147 0.264122
vt 0.724191 0.269472
vn -0.443245 0.072327 -0.893478
vn -0.905525 0.029758 -0.423247
vn -0.876785 0.075148 -0.474974
vn -0.457828 0.091595 -0.884310
vn -0.842082 0.519668 0.144375
vn -0.856771 0.510450 0.073380
vn -0.377662 0.925925 0.005902
vn -0.423445 0.905914 -0.003857
vn -0.072194 0.920046 -0.385101
vn -0.096981 0.927296 -0.361547
vn -0.126456 0.552322 -0.823984
vn -0.153326 0.541650 -0.826502
vn -0.760486 0.235169 -0.605274
vn -0.466407 0.195839 -0.862619
vn -0.785882 0.596914 -0.161505
vn -0.406317 0.898575 -0.165738
vn -0.172717 0.896420 -0.408166
vn -0.249766 0.556050 -0.792733
vn -0.504724 0.655244 -0.562057
s 1
g polySurface151 all2 polySurface183
usemtl aiStandardSurface1SG
f 2221/2265/4209 2222/2266/4210 2228/2267/4211 2227/2268/4212
f 2222/2266/4210 2223/2269/4213 2229/2270/4214 2228/2267/4211
f 2223/2269/4213 2224/2271/4215 2230/2272/4216 2229/2270/4214
f 2224/2271/4215 2225/2273/4217 2231/2274/4218 2230/2272/4216
f 2225/2273/4217 2226/2275/4219 2232/2276/4220 2231/2274/4218
f 2226/2275/4219 2221/2265/4209 2227/2268/4212 2232/2276/4220
f 2227/2268/4212 2228/2267/4211 2234/2277/4221 2233/2278/4222
f 2228/2267/4211 2229/2270/4214 2235/2279/4223 2234/2277/4221
f 2229/2270/4214 2230/2272/4216 2236/2280/4224 2235/2279/4223
f 2230/2272/4216 2231/2274/4218 2237/2281/4225 2236/2280/4224
f 2231/2274/4218 2232/2276/4220 2238/2282/4226 2237/2281/4225
f 2232/2276/4220 2227/2268/4212 2233/2278/4222 2238/2282/4226
f 2233/2278/4222 2234/2277/4221 2239/2283/4227
f 2234/2277/4221 2235/2279/4223 2239/2283/4227
f 2235/2279/4223 2236/2280/4224 2239/2283/4227
f 2236/2280/4224 2237/2281/4225 2239/2283/4227
f 2237/2281/4225 2238/2282/4226 2239/2283/4227
f 2238/2282/4226 2233/2278/4222 2239/2283/4227
g default
v -26.807900 8.930096 10.857728
v -30.500841 8.626105 11.754161
v -32.367421 11.101542 13.474431
v -30.735561 14.095575 14.035420
v -26.934514 14.635201 13.134899
v -24.878422 12.370235 11.705519
v -27.694444 10.077136 10.499952
v -30.209514 9.778564 11.091419
v -31.462909 11.444163 12.224221
v -30.321967 13.408728 12.602713
v -27.784280 13.750102 12.008686
v -26.416782 12.367614 11.050182
v -28.490958 11.121264 10.411710
v -29.767085 10.927322 10.696134
v -30.428361 11.752004 11.214228
v -29.840726 12.765367 11.400856
v -28.452217 13.044783 11.310672
v -27.889164 12.223606 10.622809
v -29.120636 12.020282 10.825318
vt 0.584666 0.025813
vt 0.879358 0.035369
vt 0.821739 0.126555
vt 0.640415 0.118434
vt 1.018876 0.279029
vt 0.905512 0.277594
vt 0.863715 0.513130
vt 0.807966 0.420510
vt 0.569036 0.503582
vt 0.626647 0.412391
vt 0.429506 0.259929
vt 0.542870 0.261355
vt 0.770376 0.204838
vt 0.687332 0.199489
vt 0.807235 0.274822
vt 0.761050 0.339456
vt 0.678007 0.334106
vt 0.641147 0.264122
vt 0.724191 0.269472
vn 0.156810 -0.197562 -0.967667
vn -0.517594 -0.315251 -0.795433
vn -0.481820 -0.281401 -0.829857
vn 0.111609 -0.184333 -0.976507
vn -0.808381 0.232394 -0.540845
vn -0.789138 0.201151 -0.580344
vn -0.496638 0.721706 -0.482174
vn -0.492702 0.710602 -0.502284
vn 0.002578 0.799525 -0.600628
vn -0.019260 0.791820 -0.610451
vn 0.344081 0.378141 -0.859429
vn 0.320004 0.355002 -0.878391
vn -0.416587 -0.085656 -0.905052
vn 0.001682 -0.031721 -0.999495
vn -0.663507 0.257269 -0.702546
vn -0.443983 0.644776 -0.622208
vn -0.081793 0.731154 -0.677292
vn 0.151855 0.356819 -0.921749
vn -0.243922 0.379346 -0.892524
s 1
g polySurface151 all2 polySurface182
usemtl aiStandardSurface1SG
f 2240/2284/4228 2241/2285/4229 2247/2286/4230 2246/2287/4231
f 2241/2285/4229 2242/2288/4232 2248/2289/4233 2247/2286/4230
f 2242/2288/4232 2243/2290/4234 2249/2291/4235 2248/2289/4233
f 2243/2290/4234 2244/2292/4236 2250/2293/4237 2249/2291/4235
f 2244/2292/4236 2245/2294/4238 2251/2295/4239 2250/2293/4237
f 2245/2294/4238 2240/2284/4228 2246/2287/4231 2251/2295/4239
f 2246/2287/4231 2247/2286/4230 2253/2296/4240 2252/2297/4241
f 2247/2286/4230 2248/2289/4233 2254/2298/4242 2253/2296/4240
f 2248/2289/4233 2249/2291/4235 2255/2299/4243 2254/2298/4242
f 2249/2291/4235 2250/2293/4237 2256/2300/4244 2255/2299/4243
f 2250/2293/4237 2251/2295/4239 2257/2301/4245 2256/2300/4244
f 2251/2295/4239 2246/2287/4231 2252/2297/4241 2257/2301/4245
f 2252/2297/4241 2253/2296/4240 2258/2302/4246
f 2253/2296/4240 2254/2298/4242 2258/2302/4246
f 2254/2298/4242 2255/2299/4243 2258/2302/4246
f 2255/2299/4243 2256/2300/4244 2258/2302/4246
f 2256/2300/4244 2257/2301/4245 2258/2302/4246
f 2257/2301/4245 2252/2297/4241 2258/2302/4246
g default
v -25.179615 12.302135 25.235225
v -22.552247 9.036515 24.212664
v -20.254294 9.306994 20.290202
v -20.855058 12.738333 17.541336
v -23.581455 15.930044 18.746920
v -25.632131 15.721214 22.534230
v -23.665880 12.877392 24.475614
v -21.954050 10.588348 23.848513
v -20.367034 10.823193 21.200453
v -20.628478 13.284692 19.248743
v -22.290342 15.577839 19.949179
v -23.771953 15.395603 22.537695
v -22.190094 13.408969 23.557247
v -21.379917 12.195232 23.267724
v -20.574562 12.324390 21.936574
v -20.624113 13.637618 20.909891
v -21.437974 14.855248 21.196663
v -22.214667 14.755353 22.509731
v -21.129479 13.687507 22.391263
vt 0.432601 0.259594
vt 0.581502 0.005108
vt 0.634186 0.099232
vt 0.540597 0.254748
vt 0.862204 -0.001361
vt 0.806894 0.097605
vt 0.994008 0.246642
vt 0.886013 0.251488
vt 0.845120 0.501121
vt 0.792428 0.407002
vt 0.564419 0.507604
vt 0.619721 0.408634
vt 0.678511 0.181705
vt 0.634215 0.252152
vt 0.757602 0.182671
vt 0.792397 0.254084
vt 0.748101 0.324531
vt 0.669010 0.323565
vt 0.713306 0.253118
vn 0.284836 0.367851 0.885186
vn 0.677441 -0.088508 0.730233
vn 0.680600 -0.063346 0.729912
vn 0.306379 0.381736 0.872015
vn 0.979600 -0.071921 0.187644
vn 0.973044 -0.063925 0.221585
vn 0.892386 0.374690 -0.251504
vn 0.902158 0.377037 -0.209652
vn 0.415731 0.903411 -0.104964
vn 0.489849 0.867563 -0.085923
vn 0.149796 0.832230 0.533811
vn 0.197668 0.842598 0.500955
vn 0.713771 0.031657 0.699663
vn 0.417246 0.398893 0.816572
vn 0.957355 0.019638 0.288247
vn 0.935290 0.353517 -0.016089
vn 0.638889 0.762440 0.102497
vn 0.371713 0.749144 0.548282
vn 0.771150 0.403568 0.492403
s 1
g polySurface151 all2 polySurface178
usemtl aiStandardSurface1SG
f 2259/2303/4247 2260/2304/4248 2266/2305/4249 2265/2306/4250
f 2260/2304/4248 2261/2307/4251 2267/2308/4252 2266/2305/4249
f 2261/2307/4251 2262/2309/4253 2268/2310/4254 2267/2308/4252
f 2262/2309/4253 2263/2311/4255 2269/2312/4256 2268/2310/4254
f 2263/2311/4255 2264/2313/4257 2270/2314/4258 2269/2312/4256
f 2264/2313/4257 2259/2303/4247 2265/2306/4250 2270/2314/4258
f 2265/2306/4250 2266/2305/4249 2272/2315/4259 2271/2316/4260
f 2266/2305/4249 2267/2308/4252 2273/2317/4261 2272/2315/4259
f 2267/2308/4252 2268/2310/4254 2274/2318/4262 2273/2317/4261
f 2268/2310/4254 2269/2312/4256 2275/2319/4263 2274/2318/4262
f 2269/2312/4256 2270/2314/4258 2276/2320/4264 2275/2319/4263
f 2270/2314/4258 2265/2306/4250 2271/2316/4260 2276/2320/4264
f 2271/2316/4260 2272/2315/4259 2277/2321/4265
f 2272/2315/4259 2273/2317/4261 2277/2321/4265
f 2273/2317/4261 2274/2318/4262 2277/2321/4265
f 2274/2318/4262 2275/2319/4263 2277/2321/4265
f 2275/2319/4263 2276/2320/4264 2277/2321/4265
f 2276/2320/4264 2271/2316/4260 2277/2321/4265
g default
v -20.915435 13.008254 13.431712
v -24.965544 12.941125 12.312135
v -28.309234 15.360951 13.665759
v -27.434900 17.610756 17.277386
v -24.145185 17.821189 19.506879
v -20.534411 15.561331 17.062016
v -21.630824 14.499356 13.231580
v -24.437435 14.532387 12.855875
v -26.705810 16.268334 13.881167
v -25.942570 17.704519 16.322837
v -23.853653 17.575013 17.587580
v -21.388990 16.259661 15.686988
v -22.654582 15.610218 13.966982
v -24.034702 15.646308 13.693150
v -25.208063 16.567557 14.338504
v -24.989621 17.493725 15.628168
v -23.813887 17.487857 16.212106
v -22.531449 16.504951 15.184619
v -23.831256 16.837056 14.867369
vt 0.575719 0.023626
vt 0.865051 0.028492
vt 0.809904 0.118857
vt 0.631844 0.113662
vt 1.005691 0.265464
vt 0.894423 0.265791
vt 0.857013 0.497565
vt 0.800888 0.407530
vt 0.567694 0.492706
vt 0.622832 0.402338
vt 0.427042 0.255742
vt 0.538309 0.255406
vt 0.760699 0.196463
vt 0.679125 0.192485
vt 0.797940 0.264576
vt 0.753608 0.328709
vt 0.672035 0.324729
vt 0.634793 0.256617
vt 0.716366 0.260596
vn 0.628184 0.284204 -0.724301
vn 0.038334 0.263111 -0.964004
vn 0.054939 0.351474 -0.934584
vn 0.552618 0.364395 -0.749553
vn -0.243465 0.624338 -0.742244
vn -0.209780 0.679845 -0.702711
vn -0.205800 0.944356 -0.256588
vn -0.143234 0.955581 -0.257584
vn 0.267462 0.963516 -0.010051
vn 0.318469 0.947642 -0.023502
vn 0.703825 0.697635 -0.133928
vn 0.681381 0.693618 -0.233697
vn 0.115813 0.616887 -0.778484
vn 0.265122 0.679158 -0.684437
vn 0.024432 0.738270 -0.674063
vn 0.021461 0.927622 -0.372904
vn 0.287163 0.939931 -0.184574
vn 0.400676 0.829115 -0.389907
vn 0.212253 0.787918 -0.578044
s 1
g polySurface151 all2 polySurface177
usemtl aiStandardSurface1SG
f 2278/2322/4266 2279/2323/4267 2285/2324/4268 2284/2325/4269
f 2279/2323/4267 2280/2326/4270 2286/2327/4271 2285/2324/4268
f 2280/2326/4270 2281/2328/4272 2287/2329/4273 2286/2327/4271
f 2281/2328/4272 2282/2330/4274 2288/2331/4275 2287/2329/4273
f 2282/2330/4274 2283/2332/4276 2289/2333/4277 2288/2331/4275
f 2283/2332/4276 2278/2322/4266 2284/2325/4269 2289/2333/4277
f 2284/2325/4269 2285/2324/4268 2291/2334/4278 2290/2335/4279
f 2285/2324/4268 2286/2327/4271 2292/2336/4280 2291/2334/4278
f 2286/2327/4271 2287/2329/4273 2293/2337/4281 2292/2336/4280
f 2287/2329/4273 2288/2331/4275 2294/2338/4282 2293/2337/4281
f 2288/2331/4275 2289/2333/4277 2295/2339/4283 2294/2338/4282
f 2289/2333/4277 2284/2325/4269 2290/2335/4279 2295/2339/4283
f 2290/2335/4279 2291/2334/4278 2296/2340/4284
f 2291/2334/4278 2292/2336/4280 2296/2340/4284
f 2292/2336/4280 2293/2337/4281 2296/2340/4284
f 2293/2337/4281 2294/2338/4282 2296/2340/4284
f 2294/2338/4282 2295/2339/4283 2296/2340/4284
f 2295/2339/4283 2290/2335/4279 2296/2340/4284
g default
v -29.668232 15.495627 19.464593
v -29.450466 13.291340 23.273314
v -25.926905 13.411134 24.887715
v -23.011146 14.920660 23.103256
v -23.381326 17.009186 19.149764
v -26.751014 16.999316 17.692109
v -28.732707 16.315108 20.325144
v -28.711193 14.579247 23.007130
v -26.332307 14.659949 24.144277
v -24.227713 15.877208 22.972616
v -24.279504 17.606042 20.237638
v -26.601379 17.538727 19.199495
v -27.782606 16.679103 21.434010
v -27.786306 15.840425 22.701205
v -26.611465 15.814162 23.339415
v -25.469637 16.565069 22.726334
v -25.347227 17.362789 21.132686
v -26.530749 17.311041 20.593556
v -26.639271 16.612205 22.083763
vt 0.432601 0.259594
vt 0.581502 0.005108
vt 0.634186 0.099232
vt 0.540597 0.254748
vt 0.862204 -0.001361
vt 0.806894 0.097605
vt 0.994008 0.246642
vt 0.886013 0.251488
vt 0.845120 0.501121
vt 0.792428 0.407002
vt 0.564419 0.507604
vt 0.619721 0.408634
vt 0.678511 0.181705
vt 0.634215 0.252152
vt 0.757602 0.182671
vt 0.792397 0.254084
vt 0.748101 0.324531
vt 0.669010 0.323565
vt 0.713306 0.253118
vn -0.721110 0.684150 0.109264
vn -0.619009 0.476291 0.624480
vn -0.628653 0.502040 0.593929
vn -0.668688 0.734441 0.115987
vn -0.078487 0.467024 0.880754
vn -0.109525 0.482354 0.869103
vn 0.472180 0.625828 0.620794
vn 0.420503 0.660327 0.622210
vn 0.454827 0.890578 0.001487
vn 0.399391 0.909688 0.113819
vn -0.262608 0.918476 -0.295700
vn -0.221135 0.955443 -0.195523
vn -0.544675 0.600115 0.585825
vn -0.534579 0.783843 0.315937
vn -0.164979 0.580877 0.797097
vn 0.138437 0.754257 0.641819
vn 0.085906 0.923707 0.373345
vn -0.272808 0.944451 0.183271
vn -0.226269 0.854704 0.467209
s 1
g polySurface151 all2 polySurface176
usemtl aiStandardSurface1SG
f 2297/2341/4285 2298/2342/4286 2304/2343/4287 2303/2344/4288
f 2298/2342/4286 2299/2345/4289 2305/2346/4290 2304/2343/4287
f 2299/2345/4289 2300/2347/4291 2306/2348/4292 2305/2346/4290
f 2300/2347/4291 2301/2349/4293 2307/2350/4294 2306/2348/4292
f 2301/2349/4293 2302/2351/4295 2308/2352/4296 2307/2350/4294
f 2302/2351/4295 2297/2341/4285 2303/2344/4288 2308/2352/4296
f 2303/2344/4288 2304/2343/4287 2310/2353/4297 2309/2354/4298
f 2304/2343/4287 2305/2346/4290 2311/2355/4299 2310/2353/4297
f 2305/2346/4290 2306/2348/4292 2312/2356/4300 2311/2355/4299
f 2306/2348/4292 2307/2350/4294 2313/2357/4301 2312/2356/4300
f 2307/2350/4294 2308/2352/4296 2314/2358/4302 2313/2357/4301
f 2308/2352/4296 2303/2344/4288 2309/2354/4298 2314/2358/4302
f 2309/2354/4298 2310/2353/4297 2315/2359/4303
f 2310/2353/4297 2311/2355/4299 2315/2359/4303
f 2311/2355/4299 2312/2356/4300 2315/2359/4303
f 2312/2356/4300 2313/2357/4301 2315/2359/4303
f 2313/2357/4301 2314/2358/4302 2315/2359/4303
f 2314/2358/4302 2309/2354/4298 2315/2359/4303
g default
v -49.234317 3.015624 -1.236124
v -46.766478 3.015624 -0.753983
v -44.680527 3.015624 -2.158082
v -44.198384 3.015624 -4.625922
v -45.602484 3.015624 -6.711873
v -48.070323 3.015624 -7.194015
v -50.156275 3.015624 -5.789915
v -50.638417 3.015624 -3.322076
v -48.728220 5.385344 -1.999172
v -46.948169 5.385344 -1.651403
v -45.443573 5.385344 -2.664180
v -45.095804 5.385344 -4.444230
v -46.108581 5.385344 -5.948826
v -47.888632 5.385344 -6.296595
v -49.393227 5.385344 -5.283819
v -49.740996 5.385344 -3.503768
v -48.127270 6.111811 -2.905230
v -47.163913 6.111811 -2.717019
v -46.349632 6.111811 -3.265130
v -46.161420 6.111811 -4.228486
v -46.709531 6.111811 -5.042767
v -47.672888 6.111811 -5.230979
v -48.487169 6.111811 -4.682868
v -48.675380 6.111811 -3.719512
v -47.418400 6.366913 -3.973999
v -49.185022 3.795490 -1.310446
v -48.969161 4.732958 -1.635902
v -46.784175 3.795490 -0.841393
v -46.861670 4.732959 -1.224162
v -44.754848 3.795490 -2.207377
v -45.080304 4.732958 -2.423238
v -44.285795 3.795490 -4.608224
v -44.668563 4.732958 -4.530729
v -45.651778 3.795490 -6.637551
v -45.867640 4.732958 -6.312095
v -48.052626 3.795490 -7.106605
v -47.975131 4.732958 -6.723837
v -50.081953 3.795490 -5.740621
v -49.756497 4.732958 -5.524759
v -50.551006 3.795490 -3.339773
v -50.168238 4.732958 -3.417268
v -47.550767 1.148783 -7.381363
v -49.921368 1.148783 -6.289771
v -50.825764 1.148783 -3.841632
v -49.734173 1.148783 -1.471031
v -47.286033 1.148783 -0.566635
v -44.915433 1.148783 -1.658227
v -44.011037 1.148783 -4.106366
v -45.102628 1.148783 -6.476967
v -47.513877 3.608366 -6.431728
v -49.223789 3.608366 -5.644364
v -49.876130 3.608366 -3.878523
v -49.088766 3.608366 -2.168610
v -47.322924 3.608366 -1.516269
v -45.613011 3.608366 -2.303634
v -44.960671 3.608366 -4.069475
v -45.748035 3.608366 -5.779388
v -47.470072 4.362384 -5.304112
v -48.395470 4.362384 -4.877994
v -48.748514 4.362384 -3.922327
v -48.322396 4.362384 -2.996929
v -47.366729 4.362384 -2.643886
v -46.441331 4.362384 -3.070004
v -46.088287 4.362384 -4.025670
v -46.514405 4.362384 -4.951068
v -47.418400 4.627159 -3.973999
v -47.547174 1.958222 -7.288867
v -47.531439 2.931241 -6.883828
v -49.853423 1.958222 -6.226907
v -49.555891 2.931242 -5.951628
v -50.733269 1.958222 -3.845225
v -50.328229 2.931241 -3.860960
v -49.671309 1.958222 -1.538977
v -49.396029 2.931241 -1.836509
v -47.289626 1.958222 -0.659131
v -47.305361 2.931241 -1.064171
v -44.983378 1.958222 -1.721090
v -45.280910 2.931241 -1.996369
v -44.103532 1.958222 -4.102772
v -44.508572 2.931241 -4.087038
v -45.165492 1.958222 -6.409021
v -45.440771 2.931241 -6.111489
v -50.568551 -0.268512 -4.698691
v -50.158328 -0.268512 -2.258941
v -48.143093 -0.268512 -0.823849
v -45.703342 -0.268512 -1.234072
v -44.268250 -0.268512 -3.249307
v -44.678473 -0.268512 -5.689057
v -46.693708 -0.268512 -7.124149
v -49.133458 -0.268512 -6.713926
v -49.690602 2.063040 -4.496719
v -49.394708 2.063040 -2.736928
v -47.941120 2.063040 -1.701797
v -46.181330 2.063040 -1.997691
v -45.146198 2.063040 -3.451279
v -45.442093 2.063040 -5.211069
v -46.895680 2.063040 -6.246201
v -48.655471 2.063040 -5.950307
v -48.648107 2.777808 -4.256893
v -48.487970 2.777808 -3.304501
v -47.701294 2.777808 -2.744292
v -46.748903 2.777808 -2.904429
v -46.188694 2.777808 -3.691105
v -46.348830 2.777808 -4.643497
v -47.135506 2.777808 -5.203706
v -48.087898 2.777808 -5.043569
v -47.418400 3.028801 -3.973999
v -50.483037 0.498793 -4.679018
v -50.108573 1.421162 -4.592873
v -50.083950 0.498793 -2.305498
v -49.758250 1.421163 -2.509370
v -48.123420 0.498793 -0.909362
v -48.037274 1.421162 -1.283826
v -45.749899 0.498793 -1.308450
v -45.953771 1.421162 -1.634149
v -44.353763 0.498793 -3.268979
v -44.728228 1.421162 -3.355125
v -44.752851 0.498793 -5.642500
v -45.078550 1.421162 -5.438629
v -46.713381 0.498793 -7.038637
v -46.799526 1.421162 -6.664172
v -49.086902 0.498793 -6.639548
v -48.883030 1.421162 -6.313849
v -48.105012 1.315753 -2.084611
v -46.567909 1.315753 -2.152492
v -45.529012 1.315753 -3.287387
v -45.596893 1.315753 -4.824491
v -46.731788 1.315753 -5.863388
v -48.268892 1.315753 -5.795507
v -49.307789 1.315753 -4.660612
v -49.239908 1.315753 -3.123508
v -48.344470 -0.032951 -1.425682
v -46.271298 -0.032951 -1.517237
v -44.870083 -0.032951 -3.047929
v -44.961639 -0.032951 -5.121101
v -46.492331 -0.032951 -6.522316
v -48.565502 -0.032951 -6.430761
v -49.966718 -0.032951 -4.900069
v -49.875162 -0.032951 -2.826897
vt 0.731045 0.815879
vt 0.654263 0.888941
vt 0.627940 0.824175
vt 0.666630 0.788719
vt 0.548329 0.886292
vt 0.575509 0.821883
vt 0.475290 0.809521
vt 0.540055 0.783193
vt 0.477927 0.703592
vt 0.542342 0.730767
vt 0.554691 0.630552
vt 0.581029 0.695314
vt 0.660620 0.633182
vt 0.633456 0.697601
vt 0.733668 0.709944
vt 0.668912 0.736290
vt 0.604486 0.759745
vt 0.823678 0.857320
vt 0.771262 0.832252
vt 0.773680 0.693076
vt 0.828469 0.673731
vt 0.690465 0.983740
vt 0.671130 0.928948
vt 0.506877 0.978923
vt 0.531955 0.926511
vt 0.380479 0.845710
vt 0.435274 0.826381
vt 0.385291 0.662146
vt 0.437708 0.687221
vt 0.518484 0.535746
vt 0.537824 0.590538
vt 0.702048 0.540540
vt 0.676985 0.592961
vt 0.866943 0.875638
vt 0.708097 1.018723
vt 0.488546 1.013617
vt 0.336928 0.863339
vt 0.342028 0.643822
vt 0.500845 0.492199
vt 0.720362 0.497273
vt 0.872013 0.656086
vt 0.851230 0.309250
vt 0.774448 0.380702
vt 0.748125 0.317363
vt 0.786815 0.282689
vt 0.668514 0.378112
vt 0.695694 0.315122
vt 0.595475 0.303032
vt 0.660240 0.277284
vt 0.598112 0.199438
vt 0.662527 0.226013
vt 0.674876 0.128007
vt 0.701214 0.191342
vt 0.780805 0.130579
vt 0.753641 0.193579
vt 0.853854 0.205650
vt 0.789097 0.231415
vt 0.724671 0.254353
vt 0.943863 0.349777
vt 0.891447 0.325262
vt 0.893865 0.189153
vt 0.948654 0.170235
vt 0.810650 0.473412
vt 0.791315 0.419827
vt 0.627062 0.468701
vt 0.652140 0.417443
vt 0.500664 0.338423
vt 0.555459 0.319520
vt 0.505476 0.158905
vt 0.557893 0.183427
vt 0.638669 0.035291
vt 0.658009 0.088875
vt 0.822233 0.039979
vt 0.797170 0.091244
vt 0.987128 0.367692
vt 0.828282 0.516000
vt 0.608731 0.511007
vt 0.457113 0.355664
vt 0.462213 0.140985
vt 0.621030 -0.007296
vt 0.840548 -0.002335
vt 0.992198 0.152979
vt 0.851230 0.309250
vt 0.774448 0.380702
vt 0.748125 0.317363
vt 0.786815 0.282689
vt 0.668514 0.378112
vt 0.695694 0.315122
vt 0.595475 0.303032
vt 0.660240 0.277284
vt 0.598112 0.199438
vt 0.662527 0.226013
vt 0.674876 0.128007
vt 0.701214 0.191342
vt 0.780805 0.130579
vt 0.753641 0.193579
vt 0.853854 0.205650
vt 0.789097 0.231415
vt 0.724671 0.254353
vt 0.943863 0.349777
vt 0.891447 0.325262
vt 0.893865 0.189153
vt 0.948654 0.170235
vt 0.810650 0.473412
vt 0.791315 0.419827
vt 0.627062 0.468701
vt 0.652140 0.417443
vt 0.500664 0.338423
vt 0.555459 0.319520
vt 0.505476 0.158905
vt 0.557893 0.183427
vt 0.638669 0.035291
vt 0.658009 0.088875
vt 0.822233 0.039979
vt 0.797170 0.091244
vt 0.987128 0.367692
vt 0.828282 0.516000
vt 0.608731 0.511007
vt 0.457113 0.355664
vt 0.462213 0.140985
vt 0.621030 -0.007296
vt 0.840548 -0.002335
vt 0.992198 0.152979
vt 0.948654 0.170235
vt 0.943863 0.349777
vt 0.851230 0.309250
vt 0.853854 0.205650
vt 0.810650 0.473412
vt 0.774448 0.380702
vt 0.627062 0.468701
vt 0.668514 0.378112
vt 0.500664 0.338423
vt 0.595475 0.303032
vt 0.505476 0.158905
vt 0.598112 0.199438
vt 0.638669 0.035291
vt 0.674876 0.128007
vt 0.822233 0.039979
vt 0.780805 0.130579
vn -0.143335 0.664229 0.733658
vn -0.143335 0.664229 0.733658
vn -0.112368 0.810291 0.575154
vn -0.112368 0.810291 0.575154
vn 0.417422 0.664229 0.620128
vn 0.417422 0.664229 0.620128
vn 0.327239 0.810291 0.486151
vn 0.327239 0.810291 0.486151
vn 0.733658 0.664229 0.143335
vn 0.733658 0.664229 0.143335
vn 0.575154 0.810291 0.112368
vn 0.575154 0.810291 0.112368
vn 0.620128 0.664229 -0.417422
vn 0.620128 0.664229 -0.417422
vn 0.486151 0.810291 -0.327239
vn 0.486151 0.810291 -0.327239
vn 0.143335 0.664229 -0.733659
vn 0.143335 0.664229 -0.733659
vn 0.112368 0.810291 -0.575154
vn 0.112368 0.810291 -0.575154
vn -0.417422 0.664229 -0.620128
vn -0.417422 0.664229 -0.620128
vn -0.327239 0.810291 -0.486151
vn -0.327239 0.810291 -0.486151
vn -0.733659 0.664229 -0.143335
vn -0.733659 0.664229 -0.143335
vn -0.575154 0.810291 -0.112368
vn -0.575154 0.810291 -0.112368
vn -0.620128 0.664229 0.417422
vn -0.620128 0.664229 0.417422
vn -0.486151 0.810291 0.327239
vn -0.486151 0.810291 0.327239
vn -0.040358 0.977599 0.206572
vn -0.040358 0.977599 0.206572
vn -0.040358 0.977599 0.206572
vn 0.117531 0.977599 0.174606
vn 0.117531 0.977599 0.174606
vn 0.117531 0.977599 0.174606
vn 0.206573 0.977599 0.040359
vn 0.206573 0.977599 0.040359
vn 0.206573 0.977599 0.040359
vn 0.174607 0.977599 -0.117531
vn 0.174607 0.977599 -0.117531
vn 0.174607 0.977599 -0.117531
vn 0.040358 0.977599 -0.206572
vn 0.040358 0.977599 -0.206572
vn 0.040358 0.977599 -0.206572
vn -0.117532 0.977599 -0.174606
vn -0.117532 0.977599 -0.174606
vn -0.117532 0.977599 -0.174606
vn -0.206573 0.977599 -0.040359
vn -0.206573 0.977599 -0.040359
vn -0.206573 0.977599 -0.040359
vn -0.174606 0.977599 0.117532
vn -0.174606 0.977599 0.117532
vn -0.174606 0.977599 0.117532
vn -0.805937 0.236995 0.542494
vn -0.753775 0.417597 0.507382
vn -0.753775 0.417597 0.507382
vn -0.805937 0.236995 0.542494
vn -0.174226 0.417597 0.891773
vn -0.186282 0.236995 0.953484
vn -0.186282 0.236995 0.953484
vn -0.174226 0.417597 0.891773
vn 0.507382 0.417597 0.753775
vn 0.542494 0.236995 0.805937
vn 0.542493 0.236995 0.805937
vn 0.507382 0.417597 0.753775
vn 0.891773 0.417597 0.174226
vn 0.953484 0.236995 0.186282
vn 0.953484 0.236995 0.186282
vn 0.891773 0.417597 0.174226
vn 0.753775 0.417597 -0.507382
vn 0.805937 0.236995 -0.542494
vn 0.805937 0.236995 -0.542494
vn 0.753775 0.417597 -0.507382
vn 0.174226 0.417597 -0.891773
vn 0.186282 0.236995 -0.953484
vn 0.186282 0.236995 -0.953484
vn 0.174226 0.417597 -0.891773
vn -0.507382 0.417597 -0.753774
vn -0.542494 0.236995 -0.805937
vn -0.542494 0.236995 -0.805937
vn -0.507382 0.417597 -0.753774
vn -0.891773 0.417597 -0.174226
vn -0.953484 0.236995 -0.186282
vn -0.953484 0.236995 -0.186282
vn -0.891773 0.417597 -0.174226
vn -0.190683 0.105068 0.976013
vn -0.190684 0.105068 0.976013
vn 0.555311 0.105068 0.824979
vn 0.555311 0.105068 0.824979
vn 0.976013 0.105068 0.190684
vn 0.976013 0.105068 0.190684
vn 0.824979 0.105068 -0.555311
vn 0.824979 0.105068 -0.555311
vn 0.190684 0.105068 -0.976013
vn 0.190684 0.105068 -0.976013
vn -0.555311 0.105067 -0.824979
vn -0.555311 0.105067 -0.824979
vn -0.976013 0.105068 -0.190684
vn -0.976013 0.105068 -0.190684
vn -0.824979 0.105068 0.555311
vn -0.824979 0.105068 0.555311
vn -0.312660 0.664229 -0.679002
vn -0.312660 0.664229 -0.679002
vn -0.245111 0.810291 -0.532306
vn -0.245111 0.810291 -0.532306
vn -0.701211 0.664229 -0.259043
vn -0.701211 0.664229 -0.259043
vn -0.549717 0.810291 -0.203077
vn -0.549717 0.810291 -0.203077
vn -0.679002 0.664229 0.312660
vn -0.679002 0.664229 0.312660
vn -0.532306 0.810291 0.245111
vn -0.532306 0.810291 0.245111
vn -0.259043 0.664229 0.701211
vn -0.259043 0.664229 0.701211
vn -0.203077 0.810291 0.549717
vn -0.203077 0.810291 0.549717
vn 0.312660 0.664229 0.679002
vn 0.312660 0.664229 0.679002
vn 0.245111 0.810291 0.532305
vn 0.245111 0.810291 0.532305
vn 0.701211 0.664229 0.259043
vn 0.701211 0.664229 0.259043
vn 0.549717 0.810291 0.203078
vn 0.549717 0.810291 0.203078
vn 0.679002 0.664229 -0.312660
vn 0.679002 0.664229 -0.312660
vn 0.532306 0.810291 -0.245111
vn 0.532306 0.810291 -0.245111
vn 0.259043 0.664229 -0.701211
vn 0.259043 0.664229 -0.701211
vn 0.203077 0.810291 -0.549717
vn 0.203077 0.810291 -0.549717
vn -0.088034 0.977599 -0.191182
vn -0.088034 0.977599 -0.191182
vn -0.088034 0.977599 -0.191182
vn -0.197436 0.977599 -0.072937
vn -0.197436 0.977599 -0.072937
vn -0.197436 0.977599 -0.072937
vn -0.191183 0.977599 0.088034
vn -0.191183 0.977599 0.088034
vn -0.191183 0.977599 0.088034
vn -0.072937 0.977599 0.197436
vn -0.072937 0.977599 0.197436
vn -0.072937 0.977599 0.197436
vn 0.088034 0.977599 0.191183
vn 0.088034 0.977599 0.191183
vn 0.088034 0.977599 0.191183
vn 0.197436 0.977599 0.072938
vn 0.197436 0.977599 0.072938
vn 0.197436 0.977599 0.072938
vn 0.191183 0.977599 -0.088034
vn 0.191183 0.977599 -0.088034
vn 0.191183 0.977599 -0.088034
vn 0.072937 0.977599 -0.197436
vn 0.072937 0.977599 -0.197436
vn 0.072937 0.977599 -0.197436
vn 0.336659 0.236995 -0.911314
vn 0.314870 0.417597 -0.852332
vn 0.314870 0.417597 -0.852332
vn 0.336659 0.236995 -0.911314
vn -0.380043 0.417597 -0.825336
vn -0.406343 0.236995 -0.882451
vn -0.406343 0.236995 -0.882451
vn -0.380043 0.417597 -0.825336
vn -0.852332 0.417597 -0.314870
vn -0.911314 0.236995 -0.336659
vn -0.911314 0.236995 -0.336659
vn -0.852332 0.417597 -0.314870
vn -0.825336 0.417597 0.380043
vn -0.882451 0.236995 0.406343
vn -0.882451 0.236995 0.406343
vn -0.825336 0.417597 0.380043
vn -0.314870 0.417597 0.852332
vn -0.336659 0.236995 0.911314
vn -0.336659 0.236995 0.911314
vn -0.314870 0.417597 0.852332
vn 0.380043 0.417597 0.825337
vn 0.406342 0.236995 0.882451
vn 0.406342 0.236995 0.882451
vn 0.380043 0.417597 0.825337
vn 0.852332 0.417597 0.314870
vn 0.911314 0.236995 0.336659
vn 0.911314 0.236995 0.336659
vn 0.852332 0.417597 0.314870
vn 0.825336 0.417597 -0.380043
vn 0.882451 0.236995 -0.406342
vn 0.882451 0.236995 -0.406342
vn 0.825336 0.417597 -0.380043
vn -0.415943 0.105068 -0.903300
vn -0.415943 0.105068 -0.903300
vn -0.932846 0.105068 -0.344614
vn -0.932846 0.105068 -0.344614
vn -0.903301 0.105068 0.415943
vn -0.903301 0.105068 0.415943
vn -0.344614 0.105068 0.932846
vn -0.344614 0.105068 0.932846
vn 0.415943 0.105068 0.903301
vn 0.415943 0.105068 0.903301
vn 0.932846 0.105068 0.344614
vn 0.932846 0.105068 0.344614
vn 0.903301 0.105068 -0.415943
vn 0.903301 0.105068 -0.415943
vn 0.344614 0.105068 -0.932846
vn 0.344614 0.105068 -0.932846
vn -0.737181 0.664229 0.123951
vn -0.737181 0.664229 0.123951
vn -0.577916 0.810291 0.097172
vn -0.577916 0.810291 0.097172
vn -0.433619 0.664229 0.608912
vn -0.433619 0.664229 0.608912
vn -0.339937 0.810291 0.477359
vn -0.339937 0.810291 0.477359
vn 0.123951 0.664229 0.737181
vn 0.123951 0.664229 0.737181
vn 0.097172 0.810291 0.577915
vn 0.097172 0.810291 0.577915
vn 0.608912 0.664229 0.433620
vn 0.608912 0.664229 0.433620
vn 0.477359 0.810291 0.339937
vn 0.477359 0.810291 0.339937
vn 0.737181 0.664229 -0.123951
vn 0.737181 0.664229 -0.123951
vn 0.577915 0.810291 -0.097171
vn 0.577916 0.810291 -0.097171
vn 0.433620 0.664229 -0.608912
vn 0.433620 0.664229 -0.608912
vn 0.339937 0.810291 -0.477359
vn 0.339937 0.810291 -0.477359
vn -0.123951 0.664229 -0.737181
vn -0.123951 0.664229 -0.737181
vn -0.097172 0.810291 -0.577916
vn -0.097172 0.810291 -0.577916
vn -0.608912 0.664229 -0.433619
vn -0.608912 0.664229 -0.433619
vn -0.477359 0.810291 -0.339937
vn -0.477359 0.810291 -0.339938
vn -0.207564 0.977599 0.034900
vn -0.207564 0.977599 0.034900
vn -0.207564 0.977599 0.034900
vn -0.122092 0.977599 0.171448
vn -0.122092 0.977599 0.171448
vn -0.122092 0.977599 0.171448
vn 0.034900 0.977598 0.207565
vn 0.034900 0.977598 0.207565
vn 0.034900 0.977598 0.207565
vn 0.171448 0.977599 0.122092
vn 0.171448 0.977599 0.122092
vn 0.171448 0.977599 0.122092
vn 0.207564 0.977599 -0.034900
vn 0.207564 0.977599 -0.034900
vn 0.207564 0.977599 -0.034900
vn 0.122092 0.977598 -0.171449
vn 0.122092 0.977598 -0.171449
vn 0.122092 0.977598 -0.171449
vn -0.034900 0.977599 -0.207564
vn -0.034900 0.977599 -0.207564
vn -0.034900 0.977599 -0.207564
vn -0.171448 0.977599 -0.122092
vn -0.171448 0.977599 -0.122092
vn -0.171448 0.977599 -0.122092
vn -0.791360 0.236995 -0.563545
vn -0.740142 0.417597 -0.527071
vn -0.740142 0.417597 -0.527070
vn -0.791360 0.236995 -0.563544
vn -0.896054 0.417597 0.150664
vn -0.958062 0.236995 0.161090
vn -0.958062 0.236995 0.161090
vn -0.896054 0.417597 0.150664
vn -0.527071 0.417597 0.740142
vn -0.563545 0.236995 0.791360
vn -0.563545 0.236995 0.791360
vn -0.527071 0.417597 0.740142
vn 0.150664 0.417597 0.896054
vn 0.161090 0.236995 0.958062
vn 0.161090 0.236995 0.958062
vn 0.150664 0.417597 0.896054
vn 0.740142 0.417597 0.527071
vn 0.791360 0.236995 0.563545
vn 0.791360 0.236995 0.563545
vn 0.740141 0.417597 0.527071
vn 0.896054 0.417597 -0.150664
vn 0.958062 0.236995 -0.161090
vn 0.958062 0.236995 -0.161090
vn 0.896054 0.417597 -0.150664
vn 0.527071 0.417597 -0.740141
vn 0.563545 0.236995 -0.791360
vn 0.563545 0.236995 -0.791360
vn 0.527071 0.417597 -0.740142
vn -0.150664 0.417597 -0.896054
vn -0.161090 0.236995 -0.958062
vn -0.161090 0.236995 -0.958062
vn -0.150664 0.417597 -0.896054
vn -0.980699 0.105069 0.164896
vn -0.980699 0.105069 0.164896
vn -0.576860 0.105068 0.810058
vn -0.576860 0.105068 0.810058
vn 0.164896 0.105068 0.980699
vn 0.164896 0.105068 0.980699
vn 0.810058 0.105068 0.576860
vn 0.810058 0.105068 0.576860
vn 0.980699 0.105068 -0.164896
vn 0.980699 0.105068 -0.164896
vn 0.576860 0.105068 -0.810058
vn 0.576860 0.105068 -0.810058
vn -0.164896 0.105067 -0.980699
vn -0.164896 0.105067 -0.980699
vn -0.810058 0.105068 -0.576860
vn -0.810058 0.105068 -0.576860
vn -0.608667 0.432918 0.664911
vn -0.608667 0.432918 0.664911
vn -0.608667 0.432918 0.664911
vn -0.608667 0.432918 0.664911
vn 0.039770 0.432918 0.900556
vn 0.039770 0.432918 0.900556
vn 0.039770 0.432918 0.900556
vn 0.039770 0.432918 0.900556
vn 0.664911 0.432918 0.608667
vn 0.664911 0.432918 0.608667
vn 0.664911 0.432918 0.608667
vn 0.664911 0.432918 0.608667
vn 0.900556 0.432918 -0.039770
vn 0.900556 0.432918 -0.039770
vn 0.900556 0.432918 -0.039770
vn 0.900556 0.432918 -0.039770
vn 0.608667 0.432918 -0.664911
vn 0.608667 0.432918 -0.664910
vn 0.608667 0.432918 -0.664910
vn 0.608667 0.432918 -0.664911
vn -0.039770 0.432918 -0.900556
vn -0.039770 0.432918 -0.900556
vn -0.039770 0.432918 -0.900556
vn -0.039770 0.432918 -0.900556
vn -0.664910 0.432918 -0.608667
vn -0.664910 0.432918 -0.608667
vn -0.664910 0.432918 -0.608667
vn -0.664910 0.432918 -0.608667
vn -0.900555 0.432918 0.039770
vn -0.900555 0.432918 0.039770
vn -0.900555 0.432918 0.039770
vn -0.900555 0.432918 0.039770
s 1
g polySurface261
usemtl ARBUSTOS02:aiStandardSurface1SG
f 2324/2360/4304 2325/2361/4305 2333/2362/4306 2332/2363/4307
s 2
f 2325/2361/4308 2326/2364/4309 2334/2365/4310 2333/2362/4311
s 3
f 2326/2364/4312 2327/2366/4313 2335/2367/4314 2334/2365/4315
s 4
f 2327/2366/4316 2328/2368/4317 2336/2369/4318 2335/2367/4319
s 5
f 2328/2368/4320 2329/2370/4321 2337/2371/4322 2336/2369/4323
s 6
f 2329/2370/4324 2330/2372/4325 2338/2373/4326 2337/2371/4327
s 7
f 2330/2372/4328 2331/2374/4329 2339/2375/4330 2338/2373/4331
s 8
f 2331/2374/4332 2324/2360/4333 2332/2363/4334 2339/2375/4335
s off
f 2332/2363/4336 2333/2362/4337 2340/2376/4338
f 2333/2362/4339 2334/2365/4340 2340/2376/4341
f 2334/2365/4342 2335/2367/4343 2340/2376/4344
f 2335/2367/4345 2336/2369/4346 2340/2376/4347
f 2336/2369/4348 2337/2371/4349 2340/2376/4350
f 2337/2371/4351 2338/2373/4352 2340/2376/4353
f 2338/2373/4354 2339/2375/4355 2340/2376/4356
f 2339/2375/4357 2332/2363/4358 2340/2376/4359
s 8
f 2341/2377/4360 2342/2378/4361 2356/2379/4362 2355/2380/4363
s 1
f 2342/2378/4364 2341/2377/4365 2343/2381/4366 2344/2382/4367
s 2
f 2344/2382/4368 2343/2381/4369 2345/2383/4370 2346/2384/4371
s 3
f 2346/2384/4372 2345/2383/4373 2347/2385/4374 2348/2386/4375
s 4
f 2348/2386/4376 2347/2385/4377 2349/2387/4378 2350/2388/4379
s 5
f 2350/2388/4380 2349/2387/4381 2351/2389/4382 2352/2390/4383
s 6
f 2352/2390/4384 2351/2389/4385 2353/2391/4386 2354/2392/4387
s 7
f 2354/2392/4388 2353/2391/4389 2355/2380/4390 2356/2379/4391
s 1
f 2316/2393/4392 2317/2394/4393 2343/2381/4366 2341/2377/4365
s 2
f 2317/2394/4394 2318/2395/4395 2345/2383/4370 2343/2381/4369
s 3
f 2318/2395/4396 2319/2396/4397 2347/2385/4374 2345/2383/4373
s 4
f 2319/2396/4398 2320/2397/4399 2349/2387/4378 2347/2385/4377
s 5
f 2320/2397/4400 2321/2398/4401 2351/2389/4382 2349/2387/4381
s 6
f 2321/2398/4402 2322/2399/4403 2353/2391/4386 2351/2389/4385
s 7
f 2322/2399/4404 2323/2400/4405 2355/2380/4390 2353/2391/4389
s 8
f 2323/2400/4406 2316/2393/4407 2341/2377/4360 2355/2380/4363
s 1
f 2342/2378/4364 2344/2382/4367 2325/2361/4305 2324/2360/4304
s 2
f 2344/2382/4368 2346/2384/4371 2326/2364/4309 2325/2361/4308
s 3
f 2346/2384/4372 2348/2386/4375 2327/2366/4313 2326/2364/4312
s 4
f 2348/2386/4376 2350/2388/4379 2328/2368/4317 2327/2366/4316
s 5
f 2350/2388/4380 2352/2390/4383 2329/2370/4321 2328/2368/4320
s 6
f 2352/2390/4384 2354/2392/4387 2330/2372/4325 2329/2370/4324
s 7
f 2354/2392/4388 2356/2379/4391 2331/2374/4329 2330/2372/4328
s 8
f 2356/2379/4362 2342/2378/4361 2324/2360/4333 2331/2374/4332
s 16
f 2365/2401/4408 2366/2402/4409 2374/2403/4410 2373/2404/4411
s 17
f 2366/2402/4412 2367/2405/4413 2375/2406/4414 2374/2403/4415
s 18
f 2367/2405/4416 2368/2407/4417 2376/2408/4418 2375/2406/4419
s 19
f 2368/2407/4420 2369/2409/4421 2377/2410/4422 2376/2408/4423
s 20
f 2369/2409/4424 2370/2411/4425 2378/2412/4426 2377/2410/4427
s 21
f 2370/2411/4428 2371/2413/4429 2379/2414/4430 2378/2412/4431
s 22
f 2371/2413/4432 2372/2415/4433 2380/2416/4434 2379/2414/4435
s 23
f 2372/2415/4436 2365/2401/4437 2373/2404/4438 2380/2416/4439
s off
f 2373/2404/4440 2374/2403/4441 2381/2417/4442
f 2374/2403/4443 2375/2406/4444 2381/2417/4445
f 2375/2406/4446 2376/2408/4447 2381/2417/4448
f 2376/2408/4449 2377/2410/4450 2381/2417/4451
f 2377/2410/4452 2378/2412/4453 2381/2417/4454
f 2378/2412/4455 2379/2414/4456 2381/2417/4457
f 2379/2414/4458 2380/2416/4459 2381/2417/4460
f 2380/2416/4461 2373/2404/4462 2381/2417/4463
s 23
f 2382/2418/4464 2383/2419/4465 2397/2420/4466 2396/2421/4467
s 16
f 2383/2419/4468 2382/2418/4469 2384/2422/4470 2385/2423/4471
s 17
f 2385/2423/4472 2384/2422/4473 2386/2424/4474 2387/2425/4475
s 18
f 2387/2425/4476 2386/2424/4477 2388/2426/4478 2389/2427/4479
s 19
f 2389/2427/4480 2388/2426/4481 2390/2428/4482 2391/2429/4483
s 20
f 2391/2429/4484 2390/2428/4485 2392/2430/4486 2393/2431/4487
s 21
f 2393/2431/4488 2392/2430/4489 2394/2432/4490 2395/2433/4491
s 22
f 2395/2433/4492 2394/2432/4493 2396/2421/4494 2397/2420/4495
s 16
f 2357/2434/4496 2358/2435/4497 2384/2422/4470 2382/2418/4469
s 17
f 2358/2435/4498 2359/2436/4499 2386/2424/4474 2384/2422/4473
s 18
f 2359/2436/4500 2360/2437/4501 2388/2426/4478 2386/2424/4477
s 19
f 2360/2437/4502 2361/2438/4503 2390/2428/4482 2388/2426/4481
s 20
f 2361/2438/4504 2362/2439/4505 2392/2430/4486 2390/2428/4485
s 21
f 2362/2439/4506 2363/2440/4507 2394/2432/4490 2392/2430/4489
s 22
f 2363/2440/4508 2364/2441/4509 2396/2421/4494 2394/2432/4493
s 23
f 2364/2441/4510 2357/2434/4511 2382/2418/4464 2396/2421/4467
s 16
f 2383/2419/4468 2385/2423/4471 2366/2402/4409 2365/2401/4408
s 17
f 2385/2423/4472 2387/2425/4475 2367/2405/4413 2366/2402/4412
s 18
f 2387/2425/4476 2389/2427/4479 2368/2407/4417 2367/2405/4416
s 19
f 2389/2427/4480 2391/2429/4483 2369/2409/4421 2368/2407/4420
s 20
f 2391/2429/4484 2393/2431/4487 2370/2411/4425 2369/2409/4424
s 21
f 2393/2431/4488 2395/2433/4491 2371/2413/4429 2370/2411/4428
s 22
f 2395/2433/4492 2397/2420/4495 2372/2415/4433 2371/2413/4432
s 23
f 2397/2420/4466 2383/2419/4465 2365/2401/4437 2372/2415/4436
s 31
f 2406/2442/4512 2407/2443/4513 2415/2444/4514 2414/2445/4515
s 32
f 2407/2443/4516 2408/2446/4517 2416/2447/4518 2415/2444/4519
s 33
f 2408/2446/4520 2409/2448/4521 2417/2449/4522 2416/2447/4523
s 34
f 2409/2448/4524 2410/2450/4525 2418/2451/4526 2417/2449/4527
s 35
f 2410/2450/4528 2411/2452/4529 2419/2453/4530 2418/2451/4531
s 36
f 2411/2452/4532 2412/2454/4533 2420/2455/4534 2419/2453/4535
s 37
f 2412/2454/4536 2413/2456/4537 2421/2457/4538 2420/2455/4539
s 38
f 2413/2456/4540 2406/2442/4541 2414/2445/4542 2421/2457/4543
s off
f 2414/2445/4544 2415/2444/4545 2422/2458/4546
f 2415/2444/4547 2416/2447/4548 2422/2458/4549
f 2416/2447/4550 2417/2449/4551 2422/2458/4552
f 2417/2449/4553 2418/2451/4554 2422/2458/4555
f 2418/2451/4556 2419/2453/4557 2422/2458/4558
f 2419/2453/4559 2420/2455/4560 2422/2458/4561
f 2420/2455/4562 2421/2457/4563 2422/2458/4564
f 2421/2457/4565 2414/2445/4566 2422/2458/4567
s 38
f 2423/2459/4568 2424/2460/4569 2438/2461/4570 2437/2462/4571
s 31
f 2424/2460/4572 2423/2459/4573 2425/2463/4574 2426/2464/4575
s 32
f 2426/2464/4576 2425/2463/4577 2427/2465/4578 2428/2466/4579
s 33
f 2428/2466/4580 2427/2465/4581 2429/2467/4582 2430/2468/4583
s 34
f 2430/2468/4584 2429/2467/4585 2431/2469/4586 2432/2470/4587
s 35
f 2432/2470/4588 2431/2469/4589 2433/2471/4590 2434/2472/4591
s 36
f 2434/2472/4592 2433/2471/4593 2435/2473/4594 2436/2474/4595
s 37
f 2436/2474/4596 2435/2473/4597 2437/2462/4598 2438/2461/4599
s 31
f 2398/2475/4600 2399/2476/4601 2425/2463/4574 2423/2459/4573
s 32
f 2399/2476/4602 2400/2477/4603 2427/2465/4578 2425/2463/4577
s 33
f 2400/2477/4604 2401/2478/4605 2429/2467/4582 2427/2465/4581
s 34
f 2401/2478/4606 2402/2479/4607 2431/2469/4586 2429/2467/4585
s 35
f 2402/2479/4608 2403/2480/4609 2433/2471/4590 2431/2469/4589
s 36
f 2403/2480/4610 2404/2481/4611 2435/2473/4594 2433/2471/4593
s 37
f 2404/2481/4612 2405/2482/4613 2437/2462/4598 2435/2473/4597
s 38
f 2405/2482/4614 2398/2475/4615 2423/2459/4568 2437/2462/4571
s 31
f 2424/2460/4572 2426/2464/4575 2407/2443/4513 2406/2442/4512
s 32
f 2426/2464/4576 2428/2466/4579 2408/2446/4517 2407/2443/4516
s 33
f 2428/2466/4580 2430/2468/4583 2409/2448/4521 2408/2446/4520
s 34
f 2430/2468/4584 2432/2470/4587 2410/2450/4525 2409/2448/4524
s 35
f 2432/2470/4588 2434/2472/4591 2411/2452/4529 2410/2450/4528
s 36
f 2434/2472/4592 2436/2474/4595 2412/2454/4533 2411/2452/4532
s 37
f 2436/2474/4596 2438/2461/4599 2413/2456/4537 2412/2454/4536
s 38
f 2438/2461/4570 2424/2460/4569 2406/2442/4541 2413/2456/4540
s off
f 2454/2483/4616 2447/2484/4617 2439/2485/4618 2446/2486/4619
f 2447/2484/4620 2448/2487/4621 2440/2488/4622 2439/2485/4623
f 2448/2487/4624 2449/2489/4625 2441/2490/4626 2440/2488/4627
f 2449/2489/4628 2450/2491/4629 2442/2492/4630 2441/2490/4631
f 2450/2491/4632 2451/2493/4633 2443/2494/4634 2442/2492/4635
f 2451/2493/4636 2452/2495/4637 2444/2496/4638 2443/2494/4639
f 2452/2495/4640 2453/2497/4641 2445/2498/4642 2444/2496/4643
f 2453/2497/4644 2454/2483/4645 2446/2486/4646 2445/2498/4647
g default
v -47.401244 16.837445 6.192842
v -43.221500 13.897214 9.978360
v -38.655867 13.304712 7.520429
v -37.343401 14.434548 1.760235
v -41.063565 16.509366 -2.083366
v -45.615738 18.833040 0.692406
v -44.841094 17.862863 5.873486
v -42.256850 15.916601 8.343156
v -39.311356 15.664466 6.616921
v -38.464719 16.764378 2.668930
v -40.874078 17.945873 0.295436
v -43.577848 19.283054 2.295380
v -42.569322 18.384206 5.425552
v -41.414737 17.744933 6.370165
v -39.934059 17.407342 5.649604
v -39.505692 17.974049 3.903837
v -40.666660 18.394574 2.910921
v -42.125070 18.635802 3.744474
v -40.839818 18.224020 4.815290
v -40.945161 17.408527 -0.865821
v -37.901200 15.848795 2.202780
v -39.000591 14.703421 7.039112
v -42.662625 15.089606 9.209976
v -45.893520 17.475347 6.003742
v -44.275831 19.194311 1.511384
v -40.783428 18.235994 1.414497
v -38.893282 17.341351 3.199870
v -39.534882 16.428674 6.267422
v -41.905409 16.681245 7.547581
v -43.918035 18.076007 5.721281
v -43.019265 19.081430 2.945482
vt 0.470300 0.495706
vt 0.825341 0.516409
vt 0.780512 0.569406
vt 0.502710 0.553181
vt 0.937223 0.751374
vt 0.855545 0.752710
vt 0.746864 0.991999
vt 0.697296 0.934597
vt 0.399753 0.993955
vt 0.440642 0.938571
vt 0.283408 0.742264
vt 0.368273 0.746781
vt 0.528326 0.602813
vt 0.743287 0.611548
vt 0.708762 0.648668
vt 0.551428 0.641252
vt 0.798271 0.753625
vt 0.753648 0.755041
vt 0.667324 0.891867
vt 0.653190 0.857588
vt 0.477591 0.895059
vt 0.514134 0.859073
vt 0.432008 0.744437
vt 0.480620 0.741674
vt 0.580653 0.694005
vt 0.660276 0.699508
vt 0.623812 0.752660
vt 0.692523 0.759174
vt 0.637901 0.815375
vt 0.565692 0.811713
vt 0.545418 0.741423
vn -0.306601 0.801758 0.513010
vn 0.089562 0.556837 0.825779
vn 0.114388 0.575787 0.809559
vn -0.294929 0.822686 0.486008
vn 0.743103 0.342022 0.575168
vn 0.761609 0.375915 0.527862
vn 0.910038 0.410056 -0.060702
vn 0.882034 0.462698 -0.089033
vn 0.478296 0.683494 -0.551424
vn 0.437614 0.732980 -0.520801
vn -0.202885 0.970874 -0.127442
vn -0.136722 0.978086 -0.157020
vn -0.202940 0.846421 0.492327
vn 0.161540 0.654981 0.738177
vn 0.180280 0.678180 0.712440
vn -0.077018 0.859413 0.505448
vn 0.718162 0.465302 0.517434
vn 0.676907 0.502091 0.538240
vn 0.816156 0.576941 -0.032079
vn 0.765333 0.642532 0.037655
vn 0.462448 0.817283 -0.343788
vn 0.445865 0.877487 -0.176695
vn -0.032112 0.999437 -0.009689
vn 0.108503 0.987635 0.113152
vn 0.004551 0.896738 0.442538
vn 0.203186 0.743685 0.636905
vn 0.278957 0.923946 0.261736
vn 0.610982 0.613696 0.500078
vn 0.645963 0.751479 0.134202
vn 0.376380 0.924808 -0.055400
vn 0.149927 0.978568 0.141161
s 1
g all1 polySurface257 polySurface151_polySurface175
usemtl aiStandardSurface1SG
f 2455/2499/4648 2456/2500/4649 2477/2501/4650 2478/2502/4651
f 2456/2500/4649 2457/2503/4652 2476/2504/4653 2477/2501/4650
f 2457/2503/4652 2458/2505/4654 2475/2506/4655 2476/2504/4653
f 2458/2505/4654 2459/2507/4656 2474/2508/4657 2475/2506/4655
f 2459/2507/4656 2460/2509/4658 2479/2510/4659 2474/2508/4657
f 2460/2509/4658 2455/2499/4648 2478/2502/4651 2479/2510/4659
f 2461/2511/4660 2462/2512/4661 2483/2513/4662 2484/2514/4663
f 2462/2512/4661 2463/2515/4664 2482/2516/4665 2483/2513/4662
f 2463/2515/4664 2464/2517/4666 2481/2518/4667 2482/2516/4665
f 2464/2517/4666 2465/2519/4668 2480/2520/4669 2481/2518/4667
f 2465/2519/4668 2466/2521/4670 2485/2522/4671 2480/2520/4669
f 2466/2521/4670 2461/2511/4660 2484/2514/4663 2485/2522/4671
f 2467/2523/4672 2468/2524/4673 2473/2525/4674
f 2468/2524/4673 2469/2526/4675 2473/2525/4674
f 2469/2526/4675 2470/2527/4676 2473/2525/4674
f 2470/2527/4676 2471/2528/4677 2473/2525/4674
f 2471/2528/4677 2472/2529/4678 2473/2525/4674
f 2472/2529/4678 2467/2523/4672 2473/2525/4674
f 2475/2506/4655 2474/2508/4657 2465/2519/4668 2464/2517/4666
f 2476/2504/4653 2475/2506/4655 2464/2517/4666 2463/2515/4664
f 2477/2501/4650 2476/2504/4653 2463/2515/4664 2462/2512/4661
f 2478/2502/4651 2477/2501/4650 2462/2512/4661 2461/2511/4660
f 2479/2510/4659 2478/2502/4651 2461/2511/4660 2466/2521/4670
f 2474/2508/4657 2479/2510/4659 2466/2521/4670 2465/2519/4668
f 2481/2518/4667 2480/2520/4669 2471/2528/4677 2470/2527/4676
f 2482/2516/4665 2481/2518/4667 2470/2527/4676 2469/2526/4675
f 2483/2513/4662 2482/2516/4665 2469/2526/4675 2468/2524/4673
f 2484/2514/4663 2483/2513/4662 2468/2524/4673 2467/2523/4672
f 2485/2522/4671 2484/2514/4663 2467/2523/4672 2472/2529/4678
f 2480/2520/4669 2485/2522/4671 2472/2529/4678 2471/2528/4677
g default
v -39.149554 10.347263 -6.445900
v -43.659776 14.481292 -7.439073
v -44.346529 19.208200 -3.931081
v -41.234593 19.220929 1.459545
v -37.290709 14.854530 2.462690
v -35.725190 10.697617 -2.358018
v -37.713499 13.123870 -6.399589
v -40.982528 15.887465 -6.732860
v -41.397278 18.733653 -4.206173
v -39.336535 18.735235 -0.553693
v -37.005564 16.098769 0.266033
v -35.512586 13.396731 -3.424087
v -37.528009 15.379629 -5.871207
v -38.812558 16.737932 -5.730033
v -39.166650 18.018996 -4.241095
v -38.299485 18.025975 -2.570424
v -37.289326 16.724790 -2.453904
v -36.679722 15.448717 -4.360832
v -37.674005 16.960095 -4.403413
v -36.965141 15.577636 1.244664
v -40.064871 19.047516 0.390259
v -42.647086 19.032653 -4.168696
v -42.134099 15.296748 -7.191057
v -38.275458 11.830720 -6.511111
v -35.439253 12.153355 -3.041761
v -37.173424 16.352139 -0.784909
v -38.928919 18.489202 -1.389848
v -40.474525 18.478151 -4.206654
v -40.083656 16.291570 -6.247361
v -37.555546 14.098392 -6.299249
v -35.880868 14.255699 -3.971174
vt 0.450017 0.505605
vt 0.764923 0.506858
vt 0.729464 0.570653
vt 0.482486 0.571702
vt 0.919128 0.748155
vt 0.849226 0.747972
vt 0.762146 1.008479
vt 0.714355 0.961366
vt 0.447965 1.004344
vt 0.486553 0.964565
vt 0.306840 0.739337
vt 0.380702 0.743910
vt 0.511022 0.621976
vt 0.700685 0.617959
vt 0.677084 0.658735
vt 0.537323 0.652045
vt 0.780295 0.764314
vt 0.735761 0.770267
vt 0.692528 0.911587
vt 0.677460 0.875568
vt 0.518923 0.933388
vt 0.542529 0.894777
vt 0.435330 0.752196
vt 0.478675 0.746267
vt 0.570706 0.691731
vt 0.641366 0.705334
vt 0.606864 0.763187
vt 0.679142 0.771669
vt 0.643407 0.836575
vt 0.573923 0.833437
vt 0.537504 0.747839
vn 0.419658 -0.238432 -0.875807
vn 0.017298 0.271527 -0.962275
vn 0.054715 0.296812 -0.953367
vn 0.470280 -0.193792 -0.860977
vn -0.014943 0.875153 -0.483616
vn 0.036121 0.882430 -0.469054
vn 0.311437 0.930592 0.192368
vn 0.380236 0.903911 0.195871
vn 0.839839 0.314685 0.442316
vn 0.854667 0.339723 0.392597
vn 0.966044 -0.229648 -0.118408
vn 0.977818 -0.150443 -0.145735
vn 0.537007 -0.018724 -0.843370
vn 0.161264 0.390945 -0.906177
vn 0.192578 0.493972 -0.847883
vn 0.545064 0.176934 -0.819512
vn 0.170833 0.866299 -0.469406
vn 0.221582 0.860502 -0.458735
vn 0.482440 0.874646 0.047389
vn 0.540395 0.840855 -0.030604
vn 0.857049 0.472240 0.206050
vn 0.828786 0.556717 0.056395
vn 0.975581 0.117134 -0.185798
vn 0.912366 0.313301 -0.263497
vn 0.554206 0.356010 -0.752405
vn 0.273027 0.574397 -0.771703
vn 0.684634 0.647481 -0.334732
vn 0.300225 0.845900 -0.440816
vn 0.594805 0.801425 -0.062650
vn 0.828412 0.559859 0.017062
vn 0.862929 0.437647 -0.252622
s 1
g all1 polySurface151_polySurface175 polySurface256
usemtl aiStandardSurface1SG
f 2486/2530/4679 2487/2531/4680 2508/2532/4681 2509/2533/4682
f 2487/2531/4680 2488/2534/4683 2507/2535/4684 2508/2532/4681
f 2488/2534/4683 2489/2536/4685 2506/2537/4686 2507/2535/4684
f 2489/2536/4685 2490/2538/4687 2505/2539/4688 2506/2537/4686
f 2490/2538/4687 2491/2540/4689 2510/2541/4690 2505/2539/4688
f 2491/2540/4689 2486/2530/4679 2509/2533/4682 2510/2541/4690
f 2492/2542/4691 2493/2543/4692 2514/2544/4693 2515/2545/4694
f 2493/2543/4692 2494/2546/4695 2513/2547/4696 2514/2544/4693
f 2494/2546/4695 2495/2548/4697 2512/2549/4698 2513/2547/4696
f 2495/2548/4697 2496/2550/4699 2511/2551/4700 2512/2549/4698
f 2496/2550/4699 2497/2552/4701 2516/2553/4702 2511/2551/4700
f 2497/2552/4701 2492/2542/4691 2515/2545/4694 2516/2553/4702
f 2498/2554/4703 2499/2555/4704 2504/2556/4705
f 2499/2555/4704 2500/2557/4706 2504/2556/4705
f 2500/2557/4706 2501/2558/4707 2504/2556/4705
f 2501/2558/4707 2502/2559/4708 2504/2556/4705
f 2502/2559/4708 2503/2560/4709 2504/2556/4705
f 2503/2560/4709 2498/2554/4703 2504/2556/4705
f 2506/2537/4686 2505/2539/4688 2496/2550/4699 2495/2548/4697
f 2507/2535/4684 2506/2537/4686 2495/2548/4697 2494/2546/4695
f 2508/2532/4681 2507/2535/4684 2494/2546/4695 2493/2543/4692
f 2509/2533/4682 2508/2532/4681 2493/2543/4692 2492/2542/4691
f 2510/2541/4690 2509/2533/4682 2492/2542/4691 2497/2552/4701
f 2505/2539/4688 2510/2541/4690 2497/2552/4701 2496/2550/4699
f 2512/2549/4698 2511/2551/4700 2502/2559/4708 2501/2558/4707
f 2513/2547/4696 2512/2549/4698 2501/2558/4707 2500/2557/4706
f 2514/2544/4693 2513/2547/4696 2500/2557/4706 2499/2555/4704
f 2515/2545/4694 2514/2544/4693 2499/2555/4704 2498/2554/4703
f 2516/2553/4702 2515/2545/4694 2498/2554/4703 2503/2560/4709
f 2511/2551/4700 2516/2553/4702 2503/2560/4709 2502/2559/4708
g default
v -50.187565 17.491289 0.451210
v -46.970592 17.259035 5.129112
v -41.137497 17.225824 4.293631
v -38.855870 17.840233 -1.202818
v -41.993383 18.357945 -5.958911
v -47.712131 18.199194 -4.860352
v -48.297537 19.547726 0.387606
v -46.210830 19.503833 3.343337
v -42.362554 19.201024 2.654158
v -40.763077 19.646499 -0.978582
v -42.768118 19.809766 -3.906086
v -46.626587 19.774218 -3.035572
v -46.391858 20.454884 0.098580
v -45.349979 20.453207 1.411938
v -43.572272 20.307151 1.091006
v -42.830754 20.635515 -0.563962
v -43.857085 20.608386 -1.850641
v -45.647117 20.451002 -1.480378
v -44.633693 20.677242 -0.185887
v -42.356346 19.241638 -4.893014
v -39.804105 18.927292 -1.097205
v -41.755213 18.416894 3.472049
v -46.587799 18.699005 4.258630
v -49.200244 18.750514 0.472190
v -47.119567 19.119339 -3.872395
v -43.232022 20.228391 -3.022470
v -41.633690 20.152795 -0.796450
v -42.873012 19.723736 1.995529
v -45.840080 19.961042 2.539881
v -47.520891 20.035883 0.272714
v -46.242435 20.145661 -2.375176
vt 0.480136 0.507800
vt 0.782891 0.486090
vt 0.736536 0.552312
vt 0.516754 0.546202
vt 0.935120 0.737878
vt 0.871835 0.730671
vt 0.759854 0.989926
vt 0.721916 0.934793
vt 0.459916 0.993017
vt 0.496696 0.939309
vt 0.319596 0.730528
vt 0.395013 0.734324
vt 0.540275 0.592097
vt 0.704764 0.596849
vt 0.682991 0.631945
vt 0.557758 0.627658
vt 0.804811 0.734262
vt 0.753289 0.738201
vt 0.692686 0.890369
vt 0.671654 0.852195
vt 0.523795 0.886484
vt 0.546866 0.852411
vt 0.451478 0.735765
vt 0.490414 0.734525
vt 0.580322 0.673121
vt 0.653353 0.677470
vt 0.614196 0.738090
vt 0.690470 0.742503
vt 0.645845 0.804611
vt 0.574091 0.803348
vt 0.540811 0.734435
vn -0.768418 0.624888 0.138018
vn -0.294172 0.592601 0.749858
vn -0.277016 0.651636 0.706139
vn -0.735503 0.665057 0.129362
vn 0.432687 0.613590 0.660522
vn 0.429804 0.661286 0.614792
vn 0.737456 0.673934 0.044400
vn 0.691512 0.721956 0.024303
vn 0.251974 0.781803 -0.570345
vn 0.249834 0.806325 -0.536118
vn -0.460218 0.743165 -0.485701
vn -0.451237 0.764147 -0.460938
vn -0.601748 0.794304 0.083556
vn -0.188472 0.811807 0.552673
vn -0.107026 0.895254 0.432511
vn -0.439865 0.895230 0.071290
vn 0.368703 0.787328 0.494138
vn 0.314119 0.850431 0.422014
vn 0.546373 0.836666 0.038296
vn 0.430337 0.901095 0.053265
vn 0.185571 0.882910 -0.431315
vn 0.135125 0.931965 -0.336427
vn -0.377940 0.835520 -0.398834
vn -0.286981 0.907224 -0.307548
vn -0.286423 0.956510 0.055224
vn -0.054308 0.944533 0.323894
vn -0.023365 0.998169 0.055789
vn 0.234336 0.906563 0.351040
vn 0.285430 0.955667 0.072323
vn 0.055855 0.972680 -0.225330
vn -0.200806 0.959811 -0.196058
s 1
g all1 polySurface151_polySurface175 polySurface255
usemtl aiStandardSurface1SG
f 2517/2561/4710 2518/2562/4711 2539/2563/4712 2540/2564/4713
f 2518/2562/4711 2519/2565/4714 2538/2566/4715 2539/2563/4712
f 2519/2565/4714 2520/2567/4716 2537/2568/4717 2538/2566/4715
f 2520/2567/4716 2521/2569/4718 2536/2570/4719 2537/2568/4717
f 2521/2569/4718 2522/2571/4720 2541/2572/4721 2536/2570/4719
f 2522/2571/4720 2517/2561/4710 2540/2564/4713 2541/2572/4721
f 2523/2573/4722 2524/2574/4723 2545/2575/4724 2546/2576/4725
f 2524/2574/4723 2525/2577/4726 2544/2578/4727 2545/2575/4724
f 2525/2577/4726 2526/2579/4728 2543/2580/4729 2544/2578/4727
f 2526/2579/4728 2527/2581/4730 2542/2582/4731 2543/2580/4729
f 2527/2581/4730 2528/2583/4732 2547/2584/4733 2542/2582/4731
f 2528/2583/4732 2523/2573/4722 2546/2576/4725 2547/2584/4733
f 2529/2585/4734 2530/2586/4735 2535/2587/4736
f 2530/2586/4735 2531/2588/4737 2535/2587/4736
f 2531/2588/4737 2532/2589/4738 2535/2587/4736
f 2532/2589/4738 2533/2590/4739 2535/2587/4736
f 2533/2590/4739 2534/2591/4740 2535/2587/4736
f 2534/2591/4740 2529/2585/4734 2535/2587/4736
f 2537/2568/4717 2536/2570/4719 2527/2581/4730 2526/2579/4728
f 2538/2566/4715 2537/2568/4717 2526/2579/4728 2525/2577/4726
f 2539/2563/4712 2538/2566/4715 2525/2577/4726 2524/2574/4723
f 2540/2564/4713 2539/2563/4712 2524/2574/4723 2523/2573/4722
f 2541/2572/4721 2540/2564/4713 2523/2573/4722 2528/2583/4732
f 2536/2570/4719 2541/2572/4721 2528/2583/4732 2527/2581/4730
f 2543/2580/4729 2542/2582/4731 2533/2590/4739 2532/2589/4738
f 2544/2578/4727 2543/2580/4729 2532/2589/4738 2531/2588/4737
f 2545/2575/4724 2544/2578/4727 2531/2588/4737 2530/2586/4735
f 2546/2576/4725 2545/2575/4724 2530/2586/4735 2529/2585/4734
f 2547/2584/4733 2546/2576/4725 2529/2585/4734 2534/2591/4740
f 2542/2582/4731 2547/2584/4733 2534/2591/4740 2533/2590/4739
g default
v -50.957552 10.523365 6.462598
v -45.910753 13.436290 6.439333
v -45.014831 17.423771 2.372117
v -48.927963 17.080306 -2.144701
v -53.729395 14.063005 -2.527394
v -54.909164 11.313435 2.347114
v -51.791718 13.540213 6.383119
v -48.361714 15.381283 6.179512
v -47.883010 17.745822 3.303309
v -50.378795 17.769359 0.015760
v -53.259932 16.028646 -0.301924
v -54.403549 14.103668 3.614129
v -52.011238 15.801018 5.473536
v -50.660145 16.699462 5.458963
v -50.109201 17.745808 3.794760
v -51.313592 17.966008 2.391600
v -52.546168 16.886466 2.369458
v -53.079055 15.928064 4.089241
v -51.893360 17.177957 4.246564
v -53.584647 15.273446 -1.275461
v -49.815347 17.459049 -0.891473
v -46.632671 17.534154 2.978847
v -47.233502 14.576350 6.415984
v -51.438995 12.146964 6.510025
v -54.734551 12.834296 3.069091
v -53.046816 16.505029 0.885779
v -50.823527 18.111841 1.087958
v -48.815992 17.974364 3.500548
v -49.390573 16.109893 5.934465
v -51.977359 14.585917 6.090743
v -53.912566 14.949506 3.877178
vt 0.463785 0.495201
vt 0.789571 0.497125
vt 0.745370 0.557499
vt 0.500096 0.557286
vt 0.932622 0.744715
vt 0.852047 0.740967
vt 0.756152 0.989365
vt 0.717974 0.930005
vt 0.440089 0.999528
vt 0.490146 0.939953
vt 0.303520 0.745507
vt 0.384557 0.743156
vt 0.530038 0.606874
vt 0.714416 0.602812
vt 0.684045 0.643890
vt 0.552174 0.643339
vt 0.792424 0.745094
vt 0.748274 0.748817
vt 0.703574 0.879384
vt 0.678596 0.844975
vt 0.528031 0.905931
vt 0.553025 0.861734
vt 0.448208 0.741584
vt 0.491587 0.741074
vt 0.579998 0.685820
vt 0.646109 0.686345
vt 0.614144 0.741969
vt 0.691846 0.746896
vt 0.650868 0.805050
vt 0.582319 0.807967
vt 0.545520 0.740867
vn -0.375851 -0.121701 0.918654
vn 0.219775 0.335076 0.916200
vn 0.199874 0.367167 0.908427
vn -0.400246 -0.081992 0.912733
vn 0.276363 0.915468 0.292476
vn 0.279785 0.910993 0.303004
vn -0.134202 0.924761 -0.356100
vn -0.128945 0.926744 -0.352871
vn -0.817432 0.462341 -0.343578
vn -0.783594 0.518171 -0.342752
vn -0.967058 0.008891 0.254399
vn -0.952658 0.044921 0.300708
vn -0.419569 0.064533 0.905426
vn 0.140058 0.453896 0.879978
vn 0.071851 0.556394 0.827806
vn -0.425953 0.263316 0.865580
vn 0.289537 0.915892 0.278046
vn 0.206520 0.933889 0.291891
vn -0.119179 0.944542 -0.306000
vn -0.205454 0.965300 -0.161197
vn -0.751809 0.609872 -0.250679
vn -0.727643 0.676478 -0.113637
vn -0.920498 0.202586 0.334129
vn -0.843417 0.415254 0.340898
vn -0.475514 0.437879 0.762986
vn -0.114256 0.661451 0.741234
vn -0.482724 0.781451 0.395364
vn -0.034593 0.915639 0.400510
vn -0.370407 0.924516 0.089824
vn -0.703986 0.708507 0.049200
vn -0.754941 0.551167 0.355357
s 1
g all1 polySurface151_polySurface175 polySurface254
usemtl aiStandardSurface1SG
f 2548/2592/4741 2549/2593/4742 2570/2594/4743 2571/2595/4744
f 2549/2593/4742 2550/2596/4745 2569/2597/4746 2570/2594/4743
f 2550/2596/4745 2551/2598/4747 2568/2599/4748 2569/2597/4746
f 2551/2598/4747 2552/2600/4749 2567/2601/4750 2568/2599/4748
f 2552/2600/4749 2553/2602/4751 2572/2603/4752 2567/2601/4750
f 2553/2602/4751 2548/2592/4741 2571/2595/4744 2572/2603/4752
f 2554/2604/4753 2555/2605/4754 2576/2606/4755 2577/2607/4756
f 2555/2605/4754 2556/2608/4757 2575/2609/4758 2576/2606/4755
f 2556/2608/4757 2557/2610/4759 2574/2611/4760 2575/2609/4758
f 2557/2610/4759 2558/2612/4761 2573/2613/4762 2574/2611/4760
f 2558/2612/4761 2559/2614/4763 2578/2615/4764 2573/2613/4762
f 2559/2614/4763 2554/2604/4753 2577/2607/4756 2578/2615/4764
f 2560/2616/4765 2561/2617/4766 2566/2618/4767
f 2561/2617/4766 2562/2619/4768 2566/2618/4767
f 2562/2619/4768 2563/2620/4769 2566/2618/4767
f 2563/2620/4769 2564/2621/4770 2566/2618/4767
f 2564/2621/4770 2565/2622/4771 2566/2618/4767
f 2565/2622/4771 2560/2616/4765 2566/2618/4767
f 2568/2599/4748 2567/2601/4750 2558/2612/4761 2557/2610/4759
f 2569/2597/4746 2568/2599/4748 2557/2610/4759 2556/2608/4757
f 2570/2594/4743 2569/2597/4746 2556/2608/4757 2555/2605/4754
f 2571/2595/4744 2570/2594/4743 2555/2605/4754 2554/2604/4753
f 2572/2603/4752 2571/2595/4744 2554/2604/4753 2559/2614/4763
f 2567/2601/4750 2572/2603/4752 2559/2614/4763 2558/2612/4761
f 2574/2611/4760 2573/2613/4762 2564/2621/4770 2563/2620/4769
f 2575/2609/4758 2574/2611/4760 2563/2620/4769 2562/2619/4768
f 2576/2606/4755 2575/2609/4758 2562/2619/4768 2561/2617/4766
f 2577/2607/4756 2576/2606/4755 2561/2617/4766 2560/2616/4765
f 2578/2615/4764 2577/2607/4756 2560/2616/4765 2565/2622/4771
f 2573/2613/4762 2578/2615/4764 2565/2622/4771 2564/2621/4770
g default
v -52.376034 11.059537 -5.742149
v -52.521200 14.510709 -0.848557
v -47.291227 18.580023 0.966280
v -42.283499 18.867807 -2.719229
v -41.364264 15.279872 -7.362190
v -46.421123 11.816311 -8.823920
v -50.782554 14.086879 -6.140297
v -50.825812 16.241146 -2.671893
v -47.934368 18.649200 -1.988153
v -44.532113 18.874727 -4.430195
v -43.914667 16.781171 -7.211669
v -47.688103 14.564503 -8.463061
v -49.510161 16.129751 -5.857464
v -49.540087 17.206651 -4.428076
v -48.166037 18.267976 -4.119869
v -46.660824 18.428531 -5.214714
v -46.602004 17.348786 -6.516972
v -48.114600 16.233708 -6.922368
v -48.205819 17.483449 -5.470110
v -42.695387 16.171850 -7.422142
v -43.485400 18.998665 -3.765124
v -47.726285 18.760851 -0.697476
v -51.424702 15.553265 -1.860064
v -51.404900 12.648778 -5.969706
v -47.151246 13.347855 -8.762224
v -45.021345 17.052044 -6.872314
v -45.426437 18.743113 -4.777327
v -48.039048 18.530605 -2.925647
v -50.255275 16.691714 -3.426643
v -50.251580 14.985440 -6.075855
v -47.887523 15.289402 -7.847927
vt 0.453530 0.497472
vt 0.754748 0.510543
vt 0.730544 0.576431
vt 0.488310 0.564778
vt 0.924716 0.758101
vt 0.845418 0.756719
vt 0.757196 0.987563
vt 0.719527 0.928979
vt 0.454951 1.004290
vt 0.493468 0.950890
vt 0.310652 0.759590
vt 0.388960 0.754168
vt 0.523386 0.617264
vt 0.709995 0.620406
vt 0.688681 0.655542
vt 0.548691 0.650279
vt 0.785106 0.757131
vt 0.744957 0.755864
vt 0.685753 0.894001
vt 0.670884 0.860239
vt 0.526987 0.906606
vt 0.552240 0.867418
vt 0.449080 0.750482
vt 0.489855 0.749314
vt 0.583680 0.692080
vt 0.659652 0.698117
vt 0.629518 0.747423
vt 0.698322 0.749226
vt 0.654912 0.809542
vt 0.580485 0.811350
vt 0.545646 0.747868
vn -0.734455 0.293133 -0.612085
vn -0.789246 0.589566 -0.171764
vn -0.780046 0.620135 -0.083432
vn -0.726190 0.245171 -0.642293
vn -0.334668 0.930696 0.147653
vn -0.349010 0.930320 0.112680
vn 0.247574 0.956133 -0.156577
vn 0.216998 0.951262 -0.219117
vn 0.353607 0.451001 -0.819488
vn 0.312665 0.490593 -0.813363
vn -0.145730 0.084814 -0.985682
vn -0.197190 0.127653 -0.972019
vn -0.767378 0.287637 -0.573058
vn -0.792194 0.598126 -0.121137
vn -0.734830 0.649490 -0.195418
vn -0.705401 0.483768 -0.518052
vn -0.385390 0.922716 -0.008334
vn -0.401520 0.912198 -0.081709
vn 0.051241 0.943815 -0.326477
vn -0.059138 0.921343 -0.384227
vn 0.131696 0.602981 -0.786810
vn -0.041932 0.701199 -0.711731
vn -0.286754 0.306290 -0.907721
vn -0.336576 0.549707 -0.764552
vn -0.654864 0.547394 -0.521068
vn -0.680808 0.678840 -0.275095
vn -0.438428 0.718503 -0.539940
vn -0.424720 0.884542 -0.192868
vn -0.153948 0.882899 -0.443610
vn -0.129131 0.692795 -0.709479
vn -0.364330 0.590781 -0.719890
s 1
g all1 polySurface151_polySurface175 polySurface253
usemtl aiStandardSurface1SG
f 2579/2623/4772 2580/2624/4773 2601/2625/4774 2602/2626/4775
f 2580/2624/4773 2581/2627/4776 2600/2628/4777 2601/2625/4774
f 2581/2627/4776 2582/2629/4778 2599/2630/4779 2600/2628/4777
f 2582/2629/4778 2583/2631/4780 2598/2632/4781 2599/2630/4779
f 2583/2631/4780 2584/2633/4782 2603/2634/4783 2598/2632/4781
f 2584/2633/4782 2579/2623/4772 2602/2626/4775 2603/2634/4783
f 2585/2635/4784 2586/2636/4785 2607/2637/4786 2608/2638/4787
f 2586/2636/4785 2587/2639/4788 2606/2640/4789 2607/2637/4786
f 2587/2639/4788 2588/2641/4790 2605/2642/4791 2606/2640/4789
f 2588/2641/4790 2589/2643/4792 2604/2644/4793 2605/2642/4791
f 2589/2643/4792 2590/2645/4794 2609/2646/4795 2604/2644/4793
f 2590/2645/4794 2585/2635/4784 2608/2638/4787 2609/2646/4795
f 2591/2647/4796 2592/2648/4797 2597/2649/4798
f 2592/2648/4797 2593/2650/4799 2597/2649/4798
f 2593/2650/4799 2594/2651/4800 2597/2649/4798
f 2594/2651/4800 2595/2652/4801 2597/2649/4798
f 2595/2652/4801 2596/2653/4802 2597/2649/4798
f 2596/2653/4802 2591/2647/4796 2597/2649/4798
f 2599/2630/4779 2598/2632/4781 2589/2643/4792 2588/2641/4790
f 2600/2628/4777 2599/2630/4779 2588/2641/4790 2587/2639/4788
f 2601/2625/4774 2600/2628/4777 2587/2639/4788 2586/2636/4785
f 2602/2626/4775 2601/2625/4774 2586/2636/4785 2585/2635/4784
f 2603/2634/4783 2602/2626/4775 2585/2635/4784 2590/2645/4794
f 2598/2632/4781 2603/2634/4783 2590/2645/4794 2589/2643/4792
f 2605/2642/4791 2604/2644/4793 2595/2652/4801 2594/2651/4800
f 2606/2640/4789 2605/2642/4791 2594/2651/4800 2593/2650/4799
f 2607/2637/4786 2606/2640/4789 2593/2650/4799 2592/2648/4797
f 2608/2638/4787 2607/2637/4786 2592/2648/4797 2591/2647/4796
f 2609/2646/4795 2608/2638/4787 2591/2647/4796 2596/2653/4802
f 2604/2644/4793 2609/2646/4795 2596/2653/4802 2595/2652/4801
g default
v -40.284657 7.514580 0.698554
v -41.917343 7.936376 -4.083513
v -42.630551 12.025683 -6.321512
v -41.291397 15.799881 -4.065740
v -39.498691 15.647163 0.860973
v -38.979412 11.970908 3.387725
v -39.257917 8.710207 -0.510070
v -40.403270 8.877722 -3.770019
v -40.853828 11.614078 -5.275557
v -39.979914 14.092352 -3.701185
v -38.803038 13.972419 -0.411241
v -38.372853 11.669084 1.269368
v -38.601683 9.941928 -1.566974
v -39.190259 9.967240 -3.223347
v -39.367295 11.298739 -4.027955
v -38.906475 12.571919 -3.218103
v -38.482486 12.758247 -1.388138
v -38.113892 11.334210 -0.734590
v -38.412816 11.295871 -2.470480
vt 0.584666 0.025813
vt 0.879358 0.035369
vt 0.821739 0.126555
vt 0.640415 0.118434
vt 1.018876 0.279029
vt 0.905512 0.277594
vt 0.863715 0.513130
vt 0.807966 0.420510
vt 0.569036 0.503582
vt 0.626647 0.412391
vt 0.429506 0.259929
vt 0.542870 0.261355
vt 0.770376 0.204838
vt 0.687332 0.199489
vt 0.807235 0.274822
vt 0.761050 0.339456
vt 0.678007 0.334106
vt 0.641147 0.264122
vt 0.724191 0.269472
vn 0.778340 -0.624489 0.064812
vn 0.518111 -0.617935 -0.591370
vn 0.566957 -0.605285 -0.558740
vn 0.788623 -0.614581 0.019069
vn 0.520739 -0.001125 -0.853715
vn 0.542904 -0.047833 -0.838431
vn 0.718094 0.445387 -0.534763
vn 0.731115 0.426156 -0.532787
vn 0.898460 0.436395 -0.048254
vn 0.901878 0.426123 -0.070960
vn 0.961513 -0.072588 0.264997
vn 0.965762 -0.100636 0.239113
vn 0.716963 -0.481748 -0.503869
vn 0.864546 -0.495726 -0.082560
vn 0.675406 -0.059204 -0.735066
vn 0.800355 0.328203 -0.501711
vn 0.925108 0.356056 -0.131908
vn 0.990554 -0.109857 0.082058
vn 0.944563 -0.057331 -0.323287
s 1
g polySurface151 all1 polySurface252
usemtl aiStandardSurface1SG
f 2610/2654/4803 2611/2655/4804 2617/2656/4805 2616/2657/4806
f 2611/2655/4804 2612/2658/4807 2618/2659/4808 2617/2656/4805
f 2612/2658/4807 2613/2660/4809 2619/2661/4810 2618/2659/4808
f 2613/2660/4809 2614/2662/4811 2620/2663/4812 2619/2661/4810
f 2614/2662/4811 2615/2664/4813 2621/2665/4814 2620/2663/4812
f 2615/2664/4813 2610/2654/4803 2616/2657/4806 2621/2665/4814
f 2616/2657/4806 2617/2656/4805 2623/2666/4815 2622/2667/4816
f 2617/2656/4805 2618/2659/4808 2624/2668/4817 2623/2666/4815
f 2618/2659/4808 2619/2661/4810 2625/2669/4818 2624/2668/4817
f 2619/2661/4810 2620/2663/4812 2626/2670/4819 2625/2669/4818
f 2620/2663/4812 2621/2665/4814 2627/2671/4820 2626/2670/4819
f 2621/2665/4814 2616/2657/4806 2622/2667/4816 2627/2671/4820
f 2622/2667/4816 2623/2666/4815 2628/2672/4821
f 2623/2666/4815 2624/2668/4817 2628/2672/4821
f 2624/2668/4817 2625/2669/4818 2628/2672/4821
f 2625/2669/4818 2626/2670/4819 2628/2672/4821
f 2626/2670/4819 2627/2671/4820 2628/2672/4821
f 2627/2671/4820 2622/2667/4816 2628/2672/4821
g default
v -51.008619 6.333132 -1.690520
v -52.683254 7.799657 2.628304
v -52.352885 12.826374 4.083908
v -50.087793 15.694137 1.179371
v -47.794453 14.201715 -3.361430
v -48.335174 9.363860 -4.409510
v -51.778798 8.027941 -1.643555
v -53.031890 9.055130 1.166682
v -52.975616 13.037759 2.276391
v -51.378874 15.089718 0.298725
v -49.672487 13.388510 -2.775185
v -49.965804 10.123682 -3.473109
v -52.540535 9.807540 -1.644847
v -53.313156 10.583543 -0.165566
v -53.187508 12.597929 0.394010
v -52.304565 13.696868 -0.555433
v -51.484461 12.784090 -2.026598
v -51.644296 10.867233 -2.577063
v -52.805586 11.729132 -1.310899
vt 0.558929 0.032311
vt 0.848222 0.025513
vt 0.796762 0.118027
vt 0.618637 0.120013
vt 0.998298 0.256624
vt 0.887134 0.261435
vt 0.859095 0.494529
vt 0.799387 0.406828
vt 0.569816 0.501334
vt 0.621267 0.408817
vt 0.419727 0.270231
vt 0.530891 0.265411
vt 0.750725 0.197553
vt 0.669056 0.196865
vt 0.790681 0.264109
vt 0.748969 0.329977
vt 0.667302 0.329289
vt 0.627345 0.262732
vt 0.709013 0.263421
vn -0.753075 -0.342316 -0.561869
vn -0.972873 -0.223454 0.059887
vn -0.974812 -0.221564 0.025509
vn -0.764884 -0.345986 -0.543365
vn -0.908768 0.278198 0.311039
vn -0.901836 0.355812 0.245133
vn -0.476692 0.864390 -0.159982
vn -0.539458 0.814536 -0.213345
vn -0.377771 0.535369 -0.755426
vn -0.392482 0.521789 -0.757426
vn -0.480545 0.025462 -0.876600
vn -0.485001 0.016244 -0.874363
vn -0.987263 -0.140886 -0.073906
vn -0.780961 -0.291440 -0.552416
vn -0.964707 0.263318 0.002221
vn -0.675291 0.620052 -0.399396
vn -0.474748 0.452048 -0.755160
vn -0.517115 0.035154 -0.855193
vn -0.815114 0.201963 -0.542955
s 1
g polySurface151 all1 polySurface251
usemtl aiStandardSurface1SG
f 2629/2673/4822 2630/2674/4823 2636/2675/4824 2635/2676/4825
f 2630/2674/4823 2631/2677/4826 2637/2678/4827 2636/2675/4824
f 2631/2677/4826 2632/2679/4828 2638/2680/4829 2637/2678/4827
f 2632/2679/4828 2633/2681/4830 2639/2682/4831 2638/2680/4829
f 2633/2681/4830 2634/2683/4832 2640/2684/4833 2639/2682/4831
f 2634/2683/4832 2629/2673/4822 2635/2676/4825 2640/2684/4833
f 2635/2676/4825 2636/2675/4824 2642/2685/4834 2641/2686/4835
f 2636/2675/4824 2637/2678/4827 2643/2687/4836 2642/2685/4834
f 2637/2678/4827 2638/2680/4829 2644/2688/4837 2643/2687/4836
f 2638/2680/4829 2639/2682/4831 2645/2689/4838 2644/2688/4837
f 2639/2682/4831 2640/2684/4833 2646/2690/4839 2645/2689/4838
f 2640/2684/4833 2635/2676/4825 2641/2686/4835 2646/2690/4839
f 2641/2686/4835 2642/2685/4834 2647/2691/4840
f 2642/2685/4834 2643/2687/4836 2647/2691/4840
f 2643/2687/4836 2644/2688/4837 2647/2691/4840
f 2644/2688/4837 2645/2689/4838 2647/2691/4840
f 2645/2689/4838 2646/2690/4839 2647/2691/4840
f 2646/2690/4839 2641/2686/4835 2647/2691/4840
g default
v -49.991983 8.968090 -1.208092
v -49.306984 6.483346 1.226974
v -46.778740 7.095994 4.133777
v -44.871228 10.432742 4.312530
v -49.860306 9.744515 0.261622
v -49.367643 8.134883 1.901309
v -47.749363 8.490749 3.851157
v -46.530229 10.693970 3.961188
v -49.608238 10.429020 1.577125
v -49.355169 9.605447 2.433090
v -48.543539 9.808952 3.385510
v -47.955686 10.906925 3.431937
v -49.035322 10.866357 2.670861
vt 1.018876 0.279029
vt 0.905512 0.277594
vt 0.863715 0.513130
vt 0.807966 0.420510
vt 0.569036 0.503582
vt 0.626647 0.412391
vt 0.429506 0.259929
vt 0.542870 0.261355
vt 0.807235 0.274822
vt 0.761050 0.339456
vt 0.678007 0.334106
vt 0.641147 0.264122
vt 0.724191 0.269472
vn -0.979264 -0.117247 0.165210
vn -0.868102 -0.232042 0.438812
vn -0.868785 -0.214059 0.446532
vn -0.978040 -0.105304 0.179855
vn -0.484720 -0.145636 0.862459
vn -0.494758 -0.117347 0.861071
vn -0.197719 0.060588 0.978385
vn -0.230920 0.079491 0.969720
vn -0.872512 -0.118427 0.474023
vn -0.967627 -0.040347 0.249140
vn -0.569092 -0.015458 0.822129
vn -0.361491 0.153905 0.919585
vn -0.758887 0.167578 0.629291
s 1
g polySurface151 all1 polySurface189
usemtl aiStandardSurface1SG
f 2648/2692/4841 2649/2694/4842 2653/2695/4843 2652/2693/4844
f 2649/2694/4842 2650/2696/4845 2654/2697/4846 2653/2695/4843
f 2650/2696/4845 2651/2698/4847 2655/2699/4848 2654/2697/4846
f 2652/2693/4844 2653/2695/4843 2657/2701/4849 2656/2700/4850
f 2653/2695/4843 2654/2697/4846 2658/2702/4851 2657/2701/4849
f 2654/2697/4846 2655/2699/4848 2659/2703/4852 2658/2702/4851
f 2656/2700/4850 2657/2701/4849 2660/2704/4853
f 2657/2701/4849 2658/2702/4851 2660/2704/4853
f 2658/2702/4851 2659/2703/4852 2660/2704/4853
g default
v -50.378418 9.367276 -5.399951
v -52.837029 7.667977 -1.566698
v -54.220695 10.840978 2.382384
v -52.548349 15.243907 2.363320
v -49.472220 17.175208 -1.498430
v -48.377028 13.871216 -5.059312
v -51.700165 10.521232 -4.752601
v -53.477514 9.440487 -2.262297
v -54.698387 11.939080 0.877200
v -53.499268 15.025991 0.991413
v -50.096900 15.820024 -1.539069
v -49.291044 13.599059 -3.916073
v -52.940941 11.771788 -3.953719
v -54.050771 11.365707 -2.538079
v -54.516050 12.649762 -0.835396
v -53.868413 14.244443 -0.693913
v -51.695272 14.547536 -1.725966
v -51.208441 13.328153 -3.249552
v -53.708275 13.036980 -2.558482
vt 0.558929 0.032311
vt 0.848222 0.025513
vt 0.796762 0.118027
vt 0.618637 0.120013
vt 0.998298 0.256624
vt 0.887134 0.261435
vt 0.859095 0.494529
vt 0.799387 0.406828
vt 0.569816 0.501334
vt 0.621267 0.408817
vt 0.419727 0.270231
vt 0.530891 0.265411
vt 0.750725 0.197553
vt 0.669056 0.196865
vt 0.790681 0.264109
vt 0.748969 0.329977
vt 0.667302 0.329289
vt 0.627345 0.262732
vt 0.709013 0.263421
vn -0.618860 -0.018254 -0.785289
vn -0.848841 -0.432443 -0.304075
vn -0.850840 -0.395674 -0.345707
vn -0.588809 0.007525 -0.808237
vn -0.973187 -0.140178 0.182366
vn -0.987070 -0.039558 0.155329
vn -0.776854 0.612795 0.144844
vn -0.776685 0.628385 0.043498
vn -0.686352 0.603195 -0.406297
vn -0.600260 0.646898 -0.470330
vn -0.593502 0.380734 -0.709082
vn -0.526872 0.446070 -0.723483
vn -0.896809 -0.213517 -0.387484
vn -0.541307 0.170641 -0.823328
vn -0.992061 0.056841 -0.112176
vn -0.707933 0.652005 -0.271516
vn -0.390305 0.738138 -0.550286
vn -0.293766 0.580503 -0.759420
vn -0.579320 0.554771 -0.597175
s 1
g polySurface151 all1 polySurface187
usemtl aiStandardSurface1SG
f 2661/2705/4854 2662/2706/4855 2668/2707/4856 2667/2708/4857
f 2662/2706/4855 2663/2709/4858 2669/2710/4859 2668/2707/4856
f 2663/2709/4858 2664/2711/4860 2670/2712/4861 2669/2710/4859
f 2664/2711/4860 2665/2713/4862 2671/2714/4863 2670/2712/4861
f 2665/2713/4862 2666/2715/4864 2672/2716/4865 2671/2714/4863
f 2666/2715/4864 2661/2705/4854 2667/2708/4857 2672/2716/4865
f 2667/2708/4857 2668/2707/4856 2674/2717/4866 2673/2718/4867
f 2668/2707/4856 2669/2710/4859 2675/2719/4868 2674/2717/4866
f 2669/2710/4859 2670/2712/4861 2676/2720/4869 2675/2719/4868
f 2670/2712/4861 2671/2714/4863 2677/2721/4870 2676/2720/4869
f 2671/2714/4863 2672/2716/4865 2678/2722/4871 2677/2721/4870
f 2672/2716/4865 2667/2708/4857 2673/2718/4867 2678/2722/4871
f 2673/2718/4867 2674/2717/4866 2679/2723/4872
f 2674/2717/4866 2675/2719/4868 2679/2723/4872
f 2675/2719/4868 2676/2720/4869 2679/2723/4872
f 2676/2720/4869 2677/2721/4870 2679/2723/4872
f 2677/2721/4870 2678/2722/4871 2679/2723/4872
f 2678/2722/4871 2673/2718/4867 2679/2723/4872
g default
v -38.322119 9.723504 2.672349
v -39.952743 9.577047 -1.130818
v -41.316408 12.626604 -3.046534
v -40.747712 15.962579 -1.423315
v -39.025911 16.356577 2.478409
v -37.869441 13.618920 4.626988
v -37.765073 10.789660 1.584608
v -38.882714 10.588678 -1.001921
v -39.774347 12.633240 -2.291973
v -39.400216 14.827152 -1.149993
v -38.263640 15.072633 1.457357
v -37.450142 13.378809 2.876331
v -37.501428 11.831643 0.642071
v -38.064735 11.680666 -0.669688
v -38.468813 12.679071 -1.358630
v -38.267089 13.808131 -0.771844
v -37.860606 14.109538 0.684139
v -37.296587 13.061271 1.241452
v -37.770602 12.877126 -0.034271
vt 0.584666 0.025813
vt 0.879358 0.035369
vt 0.821739 0.126555
vt 0.640415 0.118434
vt 1.018876 0.279029
vt 0.905512 0.277594
vt 0.863715 0.513130
vt 0.807966 0.420510
vt 0.569036 0.503582
vt 0.626647 0.412391
vt 0.429506 0.259929
vt 0.542870 0.261355
vt 0.770376 0.204838
vt 0.687332 0.199489
vt 0.807235 0.274822
vt 0.761050 0.339456
vt 0.678007 0.334106
vt 0.641147 0.264122
vt 0.724191 0.269472
vn 0.890868 -0.453172 0.031438
vn 0.591841 -0.535181 -0.602749
vn 0.639180 -0.511288 -0.574486
vn 0.895892 -0.444007 -0.015328
vn 0.452618 0.054190 -0.890056
vn 0.484713 0.013735 -0.874566
vn 0.576495 0.548149 -0.605959
vn 0.593229 0.532023 -0.604178
vn 0.786747 0.602416 -0.134628
vn 0.790657 0.591767 -0.157080
vn 0.971767 0.134436 0.193895
vn 0.979866 0.106378 0.168957
vn 0.773404 -0.342380 -0.533500
vn 0.941963 -0.306411 -0.137178
vn 0.635302 0.036984 -0.771377
vn 0.696999 0.436855 -0.568638
vn 0.828261 0.513494 -0.224293
vn 0.995749 0.092042 -0.003379
vn 0.913242 0.112080 -0.391699
s 1
g polySurface151 all1 polySurface185
usemtl aiStandardSurface1SG
f 2680/2724/4873 2681/2725/4874 2687/2726/4875 2686/2727/4876
f 2681/2725/4874 2682/2728/4877 2688/2729/4878 2687/2726/4875
f 2682/2728/4877 2683/2730/4879 2689/2731/4880 2688/2729/4878
f 2683/2730/4879 2684/2732/4881 2690/2733/4882 2689/2731/4880
f 2684/2732/4881 2685/2734/4883 2691/2735/4884 2690/2733/4882
f 2685/2734/4883 2680/2724/4873 2686/2727/4876 2691/2735/4884
f 2686/2727/4876 2687/2726/4875 2693/2736/4885 2692/2737/4886
f 2687/2726/4875 2688/2729/4878 2694/2738/4887 2693/2736/4885
f 2688/2729/4878 2689/2731/4880 2695/2739/4888 2694/2738/4887
f 2689/2731/4880 2690/2733/4882 2696/2740/4889 2695/2739/4888
f 2690/2733/4882 2691/2735/4884 2697/2741/4890 2696/2740/4889
f 2691/2735/4884 2686/2727/4876 2692/2737/4886 2697/2741/4890
f 2692/2737/4886 2693/2736/4885 2698/2742/4891
f 2693/2736/4885 2694/2738/4887 2698/2742/4891
f 2694/2738/4887 2695/2739/4888 2698/2742/4891
f 2695/2739/4888 2696/2740/4889 2698/2742/4891
f 2696/2740/4889 2697/2741/4890 2698/2742/4891
f 2697/2741/4890 2692/2737/4886 2698/2742/4891
g default
v -39.265021 9.951846 7.014920
v -37.552905 9.621679 3.259376
v -37.769797 12.310265 0.510956
v -39.343813 15.562101 1.528314
v -41.124971 16.148193 5.378931
v -41.283676 13.688199 8.094040
v -38.364631 11.197652 6.497782
v -37.182330 10.873371 3.952855
v -37.308885 12.682388 2.122304
v -38.397655 14.816113 2.842821
v -39.592945 15.186882 5.408782
v -39.691811 13.685352 7.219843
v -37.754851 12.331685 5.876696
v -37.141567 12.121044 4.595941
v -37.140386 13.016736 3.683543
v -37.694050 14.117354 4.060218
v -38.548634 14.420829 5.306632
v -38.338916 13.528944 6.249043
v -37.685631 13.308114 5.061389
vt 0.584666 0.025813
vt 0.879358 0.035369
vt 0.821739 0.126555
vt 0.640415 0.118434
vt 1.018876 0.279029
vt 0.905512 0.277594
vt 0.863715 0.513130
vt 0.807966 0.420510
vt 0.569036 0.503582
vt 0.626647 0.412391
vt 0.429506 0.259929
vt 0.542870 0.261355
vt 0.770376 0.204838
vt 0.687332 0.199489
vt 0.807235 0.274822
vt 0.761050 0.339456
vt 0.678007 0.334106
vt 0.641147 0.264122
vt 0.724191 0.269472
vn 0.664080 -0.197562 0.721088
vn 0.945252 -0.315251 0.084355
vn 0.950223 -0.281401 0.133753
vn 0.698954 -0.184333 0.691003
vn 0.924684 0.232394 -0.301583
vn 0.943858 0.201151 -0.262051
vn 0.685967 0.721706 -0.092681
vn 0.699350 0.710602 -0.077162
vn 0.470726 0.799524 0.373066
vn 0.491941 0.791819 0.361961
vn 0.463277 0.378141 0.801489
vn 0.493062 0.355002 0.794269
vn 0.969056 -0.085656 0.231502
vn 0.784939 -0.031721 0.618761
vn 0.962346 0.257269 -0.087767
vn 0.763559 0.644776 0.035233
vn 0.583133 0.731153 0.354077
vn 0.631031 0.356819 0.688825
vn 0.852541 0.379346 0.359542
s 1
g polySurface151 all1 polySurface184
usemtl aiStandardSurface1SG
f 2699/2743/4892 2700/2744/4893 2706/2745/4894 2705/2746/4895
f 2700/2744/4893 2701/2747/4896 2707/2748/4897 2706/2745/4894
f 2701/2747/4896 2702/2749/4898 2708/2750/4899 2707/2748/4897
f 2702/2749/4898 2703/2751/4900 2709/2752/4901 2708/2750/4899
f 2703/2751/4900 2704/2753/4902 2710/2754/4903 2709/2752/4901
f 2704/2753/4902 2699/2743/4892 2705/2746/4895 2710/2754/4903
f 2705/2746/4895 2706/2745/4894 2712/2755/4904 2711/2756/4905
f 2706/2745/4894 2707/2748/4897 2713/2757/4906 2712/2755/4904
f 2707/2748/4897 2708/2750/4899 2714/2758/4907 2713/2757/4906
f 2708/2750/4899 2709/2752/4901 2715/2759/4908 2714/2758/4907
f 2709/2752/4901 2710/2754/4903 2716/2760/4909 2715/2759/4908
f 2710/2754/4903 2705/2746/4895 2711/2756/4905 2716/2760/4909
f 2711/2756/4905 2712/2755/4904 2717/2761/4910
f 2712/2755/4904 2713/2757/4906 2717/2761/4910
f 2713/2757/4906 2714/2758/4907 2717/2761/4910
f 2714/2758/4907 2715/2759/4908 2717/2761/4910
f 2715/2759/4908 2716/2760/4909 2717/2761/4910
f 2716/2760/4909 2711/2756/4905 2717/2761/4910
g default
v -46.435165 13.161602 7.219157
v -41.999322 13.254544 6.748930
v -40.579193 15.569637 4.018924
v -42.956440 18.132433 2.652264
v -47.556127 18.260672 3.063014
v -49.231369 16.030014 5.443414
v -45.715995 14.613485 7.148489
v -42.526465 14.589671 7.101820
v -41.572818 16.154922 5.290738
v -43.207806 17.819963 4.389739
v -46.430213 17.883985 4.427763
v -47.569802 16.529243 5.980282
v -44.907464 15.856025 6.950844
v -43.430364 15.805769 7.028584
v -42.705744 16.602306 6.336671
v -43.833225 17.464130 5.449275
v -45.367807 17.517303 5.584145
v -45.842145 16.797930 6.504744
v -44.142080 16.756326 6.776974
vt 0.584666 0.025813
vt 0.879358 0.035369
vt 0.821739 0.126555
vt 0.640415 0.118434
vt 1.018876 0.279029
vt 0.905512 0.277594
vt 0.863715 0.513130
vt 0.807966 0.420510
vt 0.569036 0.503582
vt 0.626647 0.412391
vt 0.429506 0.259929
vt 0.542870 0.261355
vt 0.770376 0.204838
vt 0.687332 0.199489
vt 0.807235 0.274822
vt 0.761050 0.339456
vt 0.678007 0.334106
vt 0.641147 0.264122
vt 0.724191 0.269472
vn -0.168658 0.072327 0.983017
vn 0.481957 0.029758 0.875689
vn 0.428249 0.075148 0.900531
vn -0.151475 0.091595 0.984208
vn 0.765319 0.519668 0.379779
vn 0.735333 0.510450 0.445787
vn 0.308545 0.925925 0.217862
vn 0.339773 0.905914 0.252734
vn -0.168698 0.920047 0.353632
vn -0.134791 0.927296 0.349218
vn -0.383586 0.552322 0.740137
vn -0.363366 0.541650 0.758011
vn 0.257495 0.235169 0.937226
vn -0.131758 0.195839 0.971744
vn 0.539608 0.596914 0.593732
vn 0.230511 0.898575 0.373400
vn -0.101095 0.896420 0.431521
vn -0.265557 0.556050 0.787583
vn 0.076374 0.655244 0.751546
s 1
g polySurface151 all1 polySurface183
usemtl aiStandardSurface1SG
f 2718/2762/4911 2719/2763/4912 2725/2764/4913 2724/2765/4914
f 2719/2763/4912 2720/2766/4915 2726/2767/4916 2725/2764/4913
f 2720/2766/4915 2721/2768/4917 2727/2769/4918 2726/2767/4916
f 2721/2768/4917 2722/2770/4919 2728/2771/4920 2727/2769/4918
f 2722/2770/4919 2723/2772/4921 2729/2773/4922 2728/2771/4920
f 2723/2772/4921 2718/2762/4911 2724/2765/4914 2729/2773/4922
f 2724/2765/4914 2725/2764/4913 2731/2774/4923 2730/2775/4924
f 2725/2764/4913 2726/2767/4916 2732/2776/4925 2731/2774/4923
f 2726/2767/4916 2727/2769/4918 2733/2777/4926 2732/2776/4925
f 2727/2769/4918 2728/2771/4920 2734/2778/4927 2733/2777/4926
f 2728/2771/4920 2729/2773/4922 2735/2779/4928 2734/2778/4927
f 2729/2773/4922 2724/2765/4914 2730/2775/4924 2735/2779/4928
f 2730/2775/4924 2731/2774/4923 2736/2780/4929
f 2731/2774/4923 2732/2776/4925 2736/2780/4929
f 2732/2776/4925 2733/2777/4926 2736/2780/4929
f 2733/2777/4926 2734/2778/4927 2736/2780/4929
f 2734/2778/4927 2735/2779/4928 2736/2780/4929
f 2735/2779/4928 2730/2775/4924 2736/2780/4929
g default
v -48.341224 9.699029 6.162296
v -44.527365 9.368862 7.740246
v -41.788358 12.057448 7.426090
v -42.860858 15.309285 5.889117
v -46.772178 15.895375 4.245537
v -49.491206 13.435382 4.183152
v -47.792503 10.944835 7.043794
v -45.207276 10.620554 8.135165
v -43.382360 12.429571 7.943816
v -44.141009 14.563296 6.881264
v -46.747717 14.934064 5.777659
v -48.561144 13.432536 5.743037
v -47.150197 12.078868 7.631181
v -45.848514 11.868227 8.198692
v -44.936647 12.763918 8.167538
v -45.332706 13.864538 7.627570
v -46.608623 14.168013 6.817694
v -47.543010 13.276128 7.060678
v -46.332950 13.055297 7.671465
vt 0.584666 0.025813
vt 0.879358 0.035369
vt 0.821739 0.126555
vt 0.640415 0.118434
vt 1.018876 0.279029
vt 0.905512 0.277594
vt 0.863715 0.513130
vt 0.807966 0.420510
vt 0.569036 0.503582
vt 0.626647 0.412391
vt 0.429506 0.259929
vt 0.542870 0.261355
vt 0.770376 0.204838
vt 0.687332 0.199489
vt 0.807235 0.274822
vt 0.761050 0.339456
vt 0.678007 0.334106
vt 0.641147 0.264122
vt 0.724191 0.269472
vn -0.697101 -0.197562 0.689217
vn -0.050804 -0.315251 0.947648
vn -0.099995 -0.281401 0.954366
vn -0.665799 -0.184333 0.723003
vn 0.334163 0.232394 0.913416
vn 0.295335 0.201151 0.933978
vn 0.116932 0.721706 0.682252
vn 0.101898 0.710602 0.696177
vn -0.356149 0.799524 0.483651
vn -0.344299 0.791820 0.504460
vn -0.784567 0.378141 0.491389
vn -0.776297 0.355002 0.520900
vn -0.197015 -0.085656 0.976652
vn -0.590555 -0.031721 0.806374
vn 0.121817 0.257268 0.958631
vn -0.008150 0.644776 0.764328
vn -0.333189 0.731154 0.595314
vn -0.666030 0.356819 0.655046
vn -0.329103 0.379346 0.864747
s 1
g polySurface151 all1 polySurface182
usemtl aiStandardSurface1SG
f 2737/2781/4930 2738/2782/4931 2744/2783/4932 2743/2784/4933
f 2738/2782/4931 2739/2785/4934 2745/2786/4935 2744/2783/4932
f 2739/2785/4934 2740/2787/4936 2746/2788/4937 2745/2786/4935
f 2740/2787/4936 2741/2789/4938 2747/2790/4939 2746/2788/4937
f 2741/2789/4938 2742/2791/4940 2748/2792/4941 2747/2790/4939
f 2742/2791/4940 2737/2781/4930 2743/2784/4933 2748/2792/4941
f 2743/2784/4933 2744/2783/4932 2750/2793/4942 2749/2794/4943
f 2744/2783/4932 2745/2786/4935 2751/2795/4944 2750/2793/4942
f 2745/2786/4935 2746/2788/4937 2752/2796/4945 2751/2795/4944
f 2746/2788/4937 2747/2790/4939 2753/2797/4946 2752/2796/4945
f 2747/2790/4939 2748/2792/4941 2754/2798/4947 2753/2797/4946
f 2748/2792/4941 2743/2784/4933 2749/2794/4943 2754/2798/4947
f 2749/2794/4943 2750/2793/4942 2755/2799/4948
f 2750/2793/4942 2751/2795/4944 2755/2799/4948
f 2751/2795/4944 2752/2796/4945 2755/2799/4948
f 2752/2796/4945 2753/2797/4946 2755/2799/4948
f 2753/2797/4946 2754/2798/4947 2755/2799/4948
f 2754/2798/4947 2749/2794/4943 2755/2799/4948
g default
v -40.564532 13.361419 -7.493980
v -43.524289 9.814611 -8.279040
v -48.051712 10.108379 -6.309029
v -49.284614 13.835176 -3.512735
v -46.120795 17.301712 -2.824843
v -41.896848 17.074900 -4.834601
v -42.378915 13.986209 -7.796727
v -44.282253 11.500065 -8.342558
v -47.370011 11.755131 -7.035435
v -48.390227 14.428580 -5.155757
v -46.483773 16.919179 -4.706256
v -43.526612 16.721252 -6.028624
v -44.261649 14.563558 -7.935894
v -45.157807 13.245311 -8.200606
v -46.716638 13.385590 -7.548383
v -47.330502 14.811895 -6.615922
v -46.432874 16.134369 -6.346437
v -44.910765 16.025873 -7.001148
v -45.938679 14.866080 -7.592006
vt 0.432601 0.259594
vt 0.581502 0.005108
vt 0.634186 0.099232
vt 0.540597 0.254748
vt 0.862204 -0.001361
vt 0.806894 0.097605
vt 0.994008 0.246642
vt 0.886013 0.251488
vt 0.845120 0.501121
vt 0.792428 0.407002
vt 0.564419 0.507604
vt 0.619721 0.408634
vt 0.678511 0.181705
vt 0.634215 0.252152
vt 0.757602 0.182671
vt 0.792397 0.254084
vt 0.748101 0.324531
vt 0.669010 0.323565
vt 0.713306 0.253118
vn 0.291728 0.367851 -0.882938
vn -0.116751 -0.088508 -0.989210
vn -0.119491 -0.063346 -0.990812
vn 0.266563 0.381736 -0.884998
vn -0.680680 -0.071921 -0.729042
vn -0.655375 -0.063925 -0.752594
vn -0.869105 0.374690 -0.322898
vn -0.852327 0.377037 -0.362465
vn -0.397692 0.903411 -0.160284
vn -0.446338 0.867563 -0.219357
vn 0.193677 0.832230 -0.519502
vn 0.135639 0.842598 -0.521182
vn -0.164118 0.031657 -0.985933
vn 0.144325 0.398893 -0.905569
vn -0.603405 0.019638 -0.797193
vn -0.764986 0.353517 -0.538351
vn -0.455656 0.762440 -0.459416
vn 0.022949 0.749144 -0.662010
vn -0.332645 0.403568 -0.852338
s 1
g polySurface151 all1 polySurface178
usemtl aiStandardSurface1SG
f 2756/2800/4949 2757/2801/4950 2763/2802/4951 2762/2803/4952
f 2757/2801/4950 2758/2804/4953 2764/2805/4954 2763/2802/4951
f 2758/2804/4953 2759/2806/4955 2765/2807/4956 2764/2805/4954
f 2759/2806/4955 2760/2808/4957 2766/2809/4958 2765/2807/4956
f 2760/2808/4957 2761/2810/4959 2767/2811/4960 2766/2809/4958
f 2761/2810/4959 2756/2800/4949 2762/2803/4952 2767/2811/4960
f 2762/2803/4952 2763/2802/4951 2769/2812/4961 2768/2813/4962
f 2763/2802/4951 2764/2805/4954 2770/2814/4963 2769/2812/4961
f 2764/2805/4954 2765/2807/4956 2771/2815/4964 2770/2814/4963
f 2765/2807/4956 2766/2809/4958 2772/2816/4965 2771/2815/4964
f 2766/2809/4958 2767/2811/4960 2773/2817/4966 2772/2816/4965
f 2767/2811/4960 2762/2803/4952 2768/2813/4962 2773/2817/4966
f 2768/2813/4962 2769/2812/4961 2774/2818/4967
f 2769/2812/4961 2770/2814/4963 2774/2818/4967
f 2770/2814/4963 2771/2815/4964 2774/2818/4967
f 2771/2815/4964 2772/2816/4965 2774/2818/4967
f 2772/2816/4965 2773/2817/4966 2774/2818/4967
f 2773/2817/4966 2768/2813/4962 2774/2818/4967
g default
v -51.862841 14.128339 0.131404
v -49.026384 14.055430 3.706732
v -45.226215 16.683616 4.659968
v -43.680937 19.127143 0.931597
v -45.139654 19.355695 -3.130646
v -49.872812 16.901250 -3.297510
v -51.363347 15.747833 0.765015
v -49.141579 15.783709 2.891571
v -46.495027 17.669130 3.444388
v -45.601351 19.228979 0.813580
v -46.624259 19.088322 -1.633448
v -50.003433 17.659711 -1.544014
v -49.994333 16.954347 0.775291
v -48.958839 16.993545 1.899157
v -47.516229 17.994118 2.084218
v -46.882163 19.000034 0.812904
v -47.539798 18.993661 -0.452168
v -49.322766 17.926121 -0.371810
v -48.385531 18.286822 0.738727
vt 0.575719 0.023626
vt 0.865051 0.028492
vt 0.809904 0.118857
vt 0.631844 0.113662
vt 1.005691 0.265464
vt 0.894423 0.265791
vt 0.857013 0.497565
vt 0.800888 0.407530
vt 0.567694 0.492706
vt 0.622832 0.402338
vt 0.427042 0.255742
vt 0.538309 0.255406
vt 0.760699 0.196463
vt 0.679125 0.192485
vt 0.797940 0.264576
vt 0.753608 0.328709
vt 0.672035 0.324729
vt 0.634793 0.256617
vt 0.716366 0.260596
vn -0.934402 0.284204 0.214760
vn -0.599239 0.263111 0.756099
vn -0.595310 0.351474 0.722545
vn -0.888247 0.364394 0.279703
vn -0.240884 0.624338 0.743086
vn -0.244789 0.679845 0.691295
vn 0.014983 0.944356 0.328583
vn -0.036144 0.955581 0.292505
vn -0.221973 0.963516 -0.149548
vn -0.271104 0.947642 -0.168751
vn -0.647480 0.697635 -0.306717
vn -0.688164 0.693618 -0.212895
vn -0.552462 0.616887 0.560567
vn -0.617630 0.679158 0.396582
vn -0.417091 0.738270 0.530087
vn -0.237160 0.927622 0.288570
vn -0.340768 0.939931 -0.020187
vn -0.553503 0.829115 0.078761
vn -0.512206 0.787917 0.341806
s 1
g polySurface151 all1 polySurface177
usemtl aiStandardSurface1SG
f 2775/2819/4968 2776/2820/4969 2782/2821/4970 2781/2822/4971
f 2776/2820/4969 2777/2823/4972 2783/2824/4973 2782/2821/4970
f 2777/2823/4972 2778/2825/4974 2784/2826/4975 2783/2824/4973
f 2778/2825/4974 2779/2827/4976 2785/2828/4977 2784/2826/4975
f 2779/2827/4976 2780/2829/4978 2786/2830/4979 2785/2828/4977
f 2780/2829/4978 2775/2819/4968 2781/2822/4971 2786/2830/4979
f 2781/2822/4971 2782/2821/4970 2788/2831/4980 2787/2832/4981
f 2782/2821/4970 2783/2824/4973 2789/2833/4982 2788/2831/4980
f 2783/2824/4973 2784/2826/4975 2790/2834/4983 2789/2833/4982
f 2784/2826/4975 2785/2828/4977 2791/2835/4984 2790/2834/4983
f 2785/2828/4977 2786/2830/4979 2792/2836/4985 2791/2835/4984
f 2786/2830/4979 2781/2822/4971 2787/2832/4981 2792/2836/4985
f 2787/2832/4981 2788/2831/4980 2793/2837/4986
f 2788/2831/4980 2789/2833/4982 2793/2837/4986
f 2789/2833/4982 2790/2834/4983 2793/2837/4986
f 2790/2834/4983 2791/2835/4984 2793/2837/4986
f 2791/2835/4984 2792/2836/4985 2793/2837/4986
f 2792/2836/4985 2787/2832/4981 2793/2837/4986
g default
v -40.321211 16.829889 0.442598
v -38.073719 14.435800 -3.038320
v -40.131409 14.565909 -6.710646
v -43.831987 16.205414 -7.011915
v -46.038451 18.473774 -3.306402
v -44.015402 18.463054 0.129889
v -40.591002 17.719932 -0.911358
v -38.892728 15.834603 -3.278111
v -40.251728 15.922255 -5.798848
v -42.848302 17.244326 -6.118390
v -44.553942 19.122023 -3.685762
v -43.181573 19.048911 -1.288384
v -40.714596 18.115269 -2.492501
v -39.900025 17.204376 -3.601876
v -40.522130 17.175852 -4.913990
v -41.916413 17.991416 -5.107176
v -43.044143 18.857824 -3.787399
v -42.350987 18.801621 -2.556653
v -41.301669 18.042611 -3.794570
vt 0.432601 0.259594
vt 0.581502 0.005108
vt 0.634186 0.099232
vt 0.540597 0.254748
vt 0.862204 -0.001361
vt 0.806894 0.097605
vt 0.994008 0.246642
vt 0.886013 0.251488
vt 0.845120 0.501121
vt 0.792428 0.407002
vt 0.564419 0.507604
vt 0.619721 0.408634
vt 0.678511 0.181705
vt 0.634215 0.252152
vt 0.757602 0.182671
vt 0.792397 0.254084
vt 0.748101 0.324531
vt 0.669010 0.323565
vt 0.713306 0.253118
vn 0.646903 0.684150 0.336830
vn 0.868146 0.476291 -0.139536
vn 0.857926 0.502040 -0.109173
vn 0.608522 0.734441 0.300496
vn 0.582599 0.467024 -0.665182
vn 0.600802 0.482354 -0.637473
vn -0.015459 0.625828 -0.779808
vn 0.027118 0.660327 -0.750489
vn -0.366521 0.890578 -0.269319
vn -0.255522 0.909688 -0.327378
vn 0.037815 0.918476 0.393664
vn 0.063367 0.955442 0.288295
vn 0.785314 0.600115 -0.152130
vn 0.618061 0.783843 0.059925
vn 0.603150 0.580877 -0.546619
vn 0.266523 0.754257 -0.600052
vn 0.150692 0.923707 -0.352219
vn 0.328404 0.944451 0.012778
vn 0.458190 0.854704 -0.244014
s 1
g polySurface151 all1 polySurface176
usemtl aiStandardSurface1SG
f 2794/2838/4987 2795/2839/4988 2801/2840/4989 2800/2841/4990
f 2795/2839/4988 2796/2842/4991 2802/2843/4992 2801/2840/4989
f 2796/2842/4991 2797/2844/4993 2803/2845/4994 2802/2843/4992
f 2797/2844/4993 2798/2846/4995 2804/2847/4996 2803/2845/4994
f 2798/2846/4995 2799/2848/4997 2805/2849/4998 2804/2847/4996
f 2799/2848/4997 2794/2838/4987 2800/2841/4990 2805/2849/4998
f 2800/2841/4990 2801/2840/4989 2807/2850/4999 2806/2851/5000
f 2801/2840/4989 2802/2843/4992 2808/2852/5001 2807/2850/4999
f 2802/2843/4992 2803/2845/4994 2809/2853/5002 2808/2852/5001
f 2803/2845/4994 2804/2847/4996 2810/2854/5003 2809/2853/5002
f 2804/2847/4996 2805/2849/4998 2811/2855/5004 2810/2854/5003
f 2805/2849/4998 2800/2841/4990 2806/2851/5000 2811/2855/5004
f 2806/2851/5000 2807/2850/4999 2812/2856/5005
f 2807/2850/4999 2808/2852/5001 2812/2856/5005
f 2808/2852/5001 2809/2853/5002 2812/2856/5005
f 2809/2853/5002 2810/2854/5003 2812/2856/5005
f 2810/2854/5003 2811/2855/5004 2812/2856/5005
f 2811/2855/5004 2806/2851/5000 2812/2856/5005
g default
v -41.348584 11.425055 6.777104
v -41.398090 8.027716 5.189453
v -42.099698 7.171760 0.998784
v -42.867707 10.080368 -1.444565
v -40.571234 11.480902 5.262228
v -40.612880 9.253643 4.159799
v -41.057693 8.605939 1.358605
v -41.558814 10.508420 -0.273817
v -40.035587 11.479287 3.744205
v -40.046369 10.335084 3.172414
v -40.278014 10.042288 1.774805
v -40.525907 10.984560 0.957731
v -39.946455 11.336610 2.282600
vt 1.018876 0.279029
vt 0.905512 0.277594
vt 0.863715 0.513130
vt 0.807966 0.420510
vt 0.569036 0.503582
vt 0.626647 0.412391
vt 0.429506 0.259929
vt 0.542870 0.261355
vt 0.807235 0.274822
vt 0.761050 0.339456
vt 0.678007 0.334106
vt 0.641147 0.264122
vt 0.724191 0.269472
vn 0.876792 -0.218968 0.428123
vn 0.882790 -0.427632 0.194455
vn 0.895652 -0.403948 0.186099
vn 0.890089 -0.209383 0.404847
vn 0.803285 -0.489447 -0.339373
vn 0.822982 -0.471954 -0.316166
vn 0.690540 -0.352768 -0.631434
vn 0.716258 -0.332728 -0.613406
vn 0.940509 -0.320121 0.113864
vn 0.940560 -0.162082 0.298458
vn 0.885635 -0.364112 -0.288223
vn 0.809409 -0.246263 -0.533114
vn 0.982112 -0.119641 -0.145400
s 1
g polySurface151 all1 polySurface195
usemtl aiStandardSurface1SG
f 2813/2857/5006 2814/2859/5007 2818/2860/5008 2817/2858/5009
f 2814/2859/5007 2815/2861/5010 2819/2862/5011 2818/2860/5008
f 2815/2861/5010 2816/2863/5012 2820/2864/5013 2819/2862/5011
f 2817/2858/5009 2818/2860/5008 2822/2866/5014 2821/2865/5015
f 2818/2860/5008 2819/2862/5011 2823/2867/5016 2822/2866/5014
f 2819/2862/5011 2820/2864/5013 2824/2868/5017 2823/2867/5016
f 2821/2865/5015 2822/2866/5014 2825/2869/5018
f 2822/2866/5014 2823/2867/5016 2825/2869/5018
f 2823/2867/5016 2824/2868/5017 2825/2869/5018
g default
v -45.688433 11.425055 0.435589
v -44.800512 8.027716 1.752664
v -41.973695 7.171760 4.924896
v -40.021801 10.080368 6.583179
v -45.538971 11.480902 2.131698
v -44.916268 9.253643 3.042370
v -43.047170 8.605939 5.175683
v -41.753242 10.508420 6.289986
v -45.183307 11.479287 3.701670
v -44.869486 10.335084 4.179769
v -43.928712 10.042288 5.238973
v -43.283546 10.984560 5.798277
v -44.479867 11.336610 4.985963
vt 1.018876 0.279029
vt 0.905512 0.277594
vt 0.863715 0.513130
vt 0.807966 0.420510
vt 0.569036 0.503582
vt 0.626647 0.412391
vt 0.429506 0.259929
vt 0.542870 0.261355
vt 0.807235 0.274822
vt 0.761050 0.339456
vt 0.678007 0.334106
vt 0.641147 0.264122
vt 0.724191 0.269472
vn -0.970071 -0.218968 0.104951
vn -0.850630 -0.427632 0.305875
vn -0.857061 -0.403948 0.319800
vn -0.968920 -0.209383 0.131733
vn -0.498887 -0.489447 0.715229
vn -0.527921 -0.471954 0.706087
vn -0.247850 -0.352768 0.902289
vn -0.279219 -0.332728 0.900738
vn -0.856526 -0.320121 0.404828
vn -0.954935 -0.162082 0.248654
vn -0.595828 -0.364112 0.715829
vn -0.400829 -0.246263 0.882434
vn -0.753574 -0.119642 0.646384
s 1
g polySurface151 all1 polySurface194
usemtl aiStandardSurface1SG
f 2826/2870/5019 2827/2872/5020 2831/2873/5021 2830/2871/5022
f 2827/2872/5020 2828/2874/5023 2832/2875/5024 2831/2873/5021
f 2828/2874/5023 2829/2876/5025 2833/2877/5026 2832/2875/5024
f 2830/2871/5022 2831/2873/5021 2835/2879/5027 2834/2878/5028
f 2831/2873/5021 2832/2875/5024 2836/2880/5029 2835/2879/5027
f 2832/2875/5024 2833/2877/5026 2837/2881/5030 2836/2880/5029
f 2834/2878/5028 2835/2879/5027 2838/2882/5031
f 2835/2879/5027 2836/2880/5029 2838/2882/5031
f 2836/2880/5029 2837/2881/5030 2838/2882/5031
g default
v -44.679154 11.059413 6.844091
v -43.544774 7.953881 5.073819
v -41.877897 7.750563 1.077970
v -41.564732 10.987332 -1.030358
v -43.239599 11.372050 5.988414
v -42.471773 9.345555 4.771234
v -41.329212 9.135659 2.103919
v -41.105569 11.258205 0.696744
v -41.997567 11.622466 4.995460
v -41.591285 10.582521 4.371192
v -41.032621 10.507534 3.038912
v -40.917156 11.560154 2.334926
v -41.149080 11.713692 3.796985
vt 1.018876 0.279029
vt 0.905512 0.277594
vt 0.863715 0.513130
vt 0.807966 0.420510
vt 0.569036 0.503582
vt 0.626647 0.412391
vt 0.429506 0.259929
vt 0.542870 0.261355
vt 0.807235 0.274822
vt 0.761050 0.339456
vt 0.678007 0.334106
vt 0.641147 0.264122
vt 0.724191 0.269472
vn 0.544823 -0.261797 0.796637
vn 0.692780 -0.430901 0.578256
vn 0.705568 -0.405887 0.580887
vn 0.567183 -0.248344 0.785257
vn 0.908584 -0.409938 0.080156
vn 0.911447 -0.395830 0.112177
vn 0.950168 -0.231860 -0.208377
vn 0.960562 -0.214274 -0.177220
vn 0.772390 -0.310658 0.553991
vn 0.660277 -0.183665 0.728218
vn 0.938921 -0.292207 0.181773
vn 0.988992 -0.139234 -0.050095
vn 0.921325 -0.070929 0.382268
s 1
g polySurface151 all1 polySurface193
usemtl aiStandardSurface1SG
f 2839/2883/5032 2840/2885/5033 2844/2886/5034 2843/2884/5035
f 2840/2885/5033 2841/2887/5036 2845/2888/5037 2844/2886/5034
f 2841/2887/5036 2842/2889/5038 2846/2890/5039 2845/2888/5037
f 2843/2884/5035 2844/2886/5034 2848/2892/5040 2847/2891/5041
f 2844/2886/5034 2845/2888/5037 2849/2893/5042 2848/2892/5040
f 2845/2888/5037 2846/2890/5039 2850/2894/5043 2849/2893/5042
f 2847/2891/5041 2848/2892/5040 2851/2895/5044
f 2848/2892/5040 2849/2893/5042 2851/2895/5044
f 2849/2893/5042 2850/2894/5043 2851/2895/5044
g default
v -47.275982 10.783574 3.870333
v -45.410447 7.678043 2.900558
v -41.974410 7.474724 0.266374
v -40.652495 10.711493 -1.405648
v -45.601501 11.096211 3.845607
v -44.329344 9.069716 3.172776
v -42.009803 8.859820 1.429289
v -41.114828 10.982365 0.320607
v -44.029890 11.346627 3.603446
v -43.366606 10.306682 3.264582
v -42.218460 10.231695 2.387747
v -41.767615 11.284315 1.834876
v -42.697115 11.437853 2.987020
vt 1.018876 0.279029
vt 0.905512 0.277594
vt 0.863715 0.513130
vt 0.807966 0.420510
vt 0.569036 0.503582
vt 0.626647 0.412391
vt 0.429506 0.259929
vt 0.542870 0.261355
vt 0.807235 0.274822
vt 0.761050 0.339456
vt 0.678007 0.334106
vt 0.641147 0.264122
vt 0.724191 0.269472
vn 0.075504 -0.261797 0.962165
vn 0.312590 -0.430901 0.846529
vn 0.322367 -0.405887 0.855181
vn 0.100561 -0.248344 0.963438
vn 0.747861 -0.409938 0.522163
vn 0.734390 -0.395830 0.551353
vn 0.927666 -0.231860 0.292705
vn 0.921156 -0.214274 0.324899
vn 0.393705 -0.310658 0.865152
vn 0.209695 -0.183665 0.960362
vn 0.723539 -0.292207 0.625385
vn 0.882471 -0.139234 0.449287
vn 0.608394 -0.070929 0.790459
s 1
g polySurface151 all1 polySurface192
usemtl aiStandardSurface1SG
f 2852/2896/5045 2853/2898/5046 2857/2899/5047 2856/2897/5048
f 2853/2898/5046 2854/2900/5049 2858/2901/5050 2857/2899/5047
f 2854/2900/5049 2855/2902/5051 2859/2903/5052 2858/2901/5050
f 2856/2897/5048 2857/2899/5047 2861/2905/5053 2860/2904/5054
f 2857/2899/5047 2858/2901/5050 2862/2906/5055 2861/2905/5053
f 2858/2901/5050 2859/2903/5052 2863/2907/5056 2862/2906/5055
f 2860/2904/5054 2861/2905/5053 2864/2908/5057
f 2861/2905/5053 2862/2906/5055 2864/2908/5057
f 2862/2906/5055 2863/2907/5056 2864/2908/5057
g default
v -37.499687 9.220265 -0.777419
v -39.428957 10.085246 -5.386265
v -41.494320 14.111177 -6.715137
v -41.280343 17.562746 -3.687384
v -39.275407 16.967518 1.122560
v -37.507555 13.203420 2.818214
v -36.960170 10.901054 -1.687562
v -38.268715 11.369347 -4.855460
v -39.625844 14.073350 -5.752042
v -39.485640 16.318810 -3.672988
v -38.160423 15.898322 -0.465162
v -36.948233 13.552819 0.694179
v -36.775585 12.467205 -2.447779
v -37.428136 12.647661 -4.070199
v -38.052206 13.991600 -4.576156
v -37.968870 15.148695 -3.506862
v -37.529317 15.076551 -1.672511
v -36.702536 13.738462 -1.330721
v -37.242168 13.879912 -2.917337
vt 0.584666 0.025813
vt 0.879358 0.035369
vt 0.821739 0.126555
vt 0.640415 0.118434
vt 1.018876 0.279029
vt 0.905512 0.277594
vt 0.863715 0.513130
vt 0.807966 0.420510
vt 0.569036 0.503582
vt 0.626647 0.412391
vt 0.429506 0.259929
vt 0.542870 0.261355
vt 0.770376 0.204838
vt 0.687332 0.199489
vt 0.807235 0.274822
vt 0.761050 0.339456
vt 0.678007 0.334106
vt 0.641147 0.264122
vt 0.724191 0.269472
vn 0.936256 -0.346687 -0.056857
vn 0.653144 -0.286941 -0.700762
vn 0.697259 -0.266582 -0.665406
vn 0.940553 -0.324815 -0.099276
vn 0.450107 0.339474 -0.825930
vn 0.486467 0.300030 -0.820568
vn 0.515069 0.749312 -0.416217
vn 0.533510 0.735192 -0.418163
vn 0.714327 0.697225 0.060110
vn 0.719586 0.693481 0.035797
vn 0.948796 0.180857 0.258992
vn 0.960208 0.161565 0.227810
vn 0.811156 -0.101502 -0.575954
vn 0.971621 -0.155431 -0.178311
vn 0.632683 0.310726 -0.709339
vn 0.647139 0.645677 -0.405356
vn 0.766319 0.640638 -0.048358
vn 0.978886 0.195830 0.058593
vn 0.897505 0.310455 -0.313213
s 1
g polySurface151 all1 polySurface191
usemtl aiStandardSurface1SG
f 2865/2909/5058 2866/2910/5059 2872/2911/5060 2871/2912/5061
f 2866/2910/5059 2867/2913/5062 2873/2914/5063 2872/2911/5060
f 2867/2913/5062 2868/2915/5064 2874/2916/5065 2873/2914/5063
f 2868/2915/5064 2869/2917/5066 2875/2918/5067 2874/2916/5065
f 2869/2917/5066 2870/2919/5068 2876/2920/5069 2875/2918/5067
f 2870/2919/5068 2865/2909/5058 2871/2912/5061 2876/2920/5069
f 2871/2912/5061 2872/2911/5060 2878/2921/5070 2877/2922/5071
f 2872/2911/5060 2873/2914/5063 2879/2923/5072 2878/2921/5070
f 2873/2914/5063 2874/2916/5065 2880/2924/5073 2879/2923/5072
f 2874/2916/5065 2875/2918/5067 2881/2925/5074 2880/2924/5073
f 2875/2918/5067 2876/2920/5069 2882/2926/5075 2881/2925/5074
f 2876/2920/5069 2871/2912/5061 2877/2922/5071 2882/2926/5075
f 2877/2922/5071 2878/2921/5070 2883/2927/5076
f 2878/2921/5070 2879/2923/5072 2883/2927/5076
f 2879/2923/5072 2880/2924/5073 2883/2927/5076
f 2880/2924/5073 2881/2925/5074 2883/2927/5076
f 2881/2925/5074 2882/2926/5075 2883/2927/5076
f 2882/2926/5075 2877/2922/5071 2883/2927/5076
g default
v -43.587369 12.287449 8.013858
v -42.846321 9.189453 6.521894
v -40.642353 8.613372 3.154871
v -39.332746 11.487025 1.354968
v -42.073478 12.277518 7.502906
v -41.553543 10.249554 6.477489
v -40.070045 9.791113 4.233667
v -39.190239 11.671563 3.034140
v -40.723481 12.247316 6.827539
v -40.445727 11.204208 6.303931
v -39.709695 11.004965 5.181673
v -39.268140 11.936532 4.582010
v -39.719644 12.145468 5.886218
vt 1.018876 0.279029
vt 0.905512 0.277594
vt 0.863715 0.513130
vt 0.807966 0.420510
vt 0.569036 0.503582
vt 0.626647 0.412391
vt 0.429506 0.259929
vt 0.542870 0.261355
vt 0.807235 0.274822
vt 0.761050 0.339456
vt 0.678007 0.334106
vt 0.641147 0.264122
vt 0.724191 0.269472
vn 0.308130 -0.357222 0.881730
vn 0.457984 -0.557176 0.692680
vn 0.474929 -0.535363 0.698447
vn 0.334617 -0.348951 0.875366
vn 0.768260 -0.590154 0.247982
vn 0.767565 -0.576438 0.280293
vn 0.902789 -0.429530 -0.021822
vn 0.910203 -0.414009 0.011226
vn 0.564161 -0.456736 0.687833
vn 0.448628 -0.306198 0.839629
vn 0.801646 -0.479763 0.356638
vn 0.927760 -0.344533 0.143380
vn 0.791066 -0.256462 0.555376
s 1
g polySurface151 all1 polySurface190
usemtl aiStandardSurface1SG
f 2884/2928/5077 2885/2930/5078 2889/2931/5079 2888/2929/5080
f 2885/2930/5078 2886/2932/5081 2890/2933/5082 2889/2931/5079
f 2886/2932/5081 2887/2934/5083 2891/2935/5084 2890/2933/5082
f 2888/2929/5080 2889/2931/5079 2893/2937/5085 2892/2936/5086
f 2889/2931/5079 2890/2933/5082 2894/2938/5087 2893/2937/5085
f 2890/2933/5082 2891/2935/5084 2895/2939/5088 2894/2938/5087
f 2892/2936/5086 2893/2937/5085 2896/2940/5089
f 2893/2937/5085 2894/2938/5087 2896/2940/5089
f 2894/2938/5087 2895/2939/5088 2896/2940/5089
g default
v -35.967572 26.776056 2.974601
v -31.033236 24.801513 4.057659
v -30.295767 19.673908 2.930894
v -35.344182 16.398839 0.888303
v -39.883306 19.728807 0.723507
v -40.407528 24.761789 1.483806
v -35.503078 25.676740 1.336859
v -32.212917 24.085409 2.055672
v -31.769741 20.621103 1.291737
v -34.951364 18.575330 -0.073757
v -38.036136 20.701560 -0.253456
v -38.396871 24.057077 0.265909
v -35.056414 24.140100 -0.014089
v -33.400747 23.332780 0.317216
v -33.180532 21.634305 -0.015273
v -34.674116 20.725759 -0.640701
v -36.294817 21.649488 -0.844102
v -36.490616 23.325162 -0.570627
v -34.727120 22.533115 -0.763016
v -31.033236 24.801513 4.057659
v -32.212917 24.085409 2.055672
v -35.503078 25.676740 1.336859
v -30.295767 19.673908 2.930894
v -31.769741 20.621103 1.291737
v -35.344182 16.398839 0.888303
v -34.951364 18.575330 -0.073757
v -39.883306 19.728807 0.723507
v -38.036136 20.701560 -0.253456
v -40.407528 24.761789 1.483806
v -38.396871 24.057077 0.265909
v -33.400747 23.332780 0.317216
v -35.056414 24.140100 -0.014089
v -33.180532 21.634305 -0.015273
v -34.674116 20.725759 -0.640701
v -36.294817 21.649488 -0.844102
v -36.490616 23.325162 -0.570627
v -34.727120 22.533115 -0.763016
vt 0.574124 0.489598
vt 0.627949 0.398441
vt 0.806066 0.401043
vt 0.430050 0.254698
vt 0.541301 0.252751
vt 0.575335 0.020458
vt 0.632764 0.109667
vt 0.864694 0.021106
vt 0.810876 0.112267
vt 1.008780 0.255999
vt 0.897529 0.257954
vt 0.676020 0.320126
vt 0.757644 0.322917
vt 0.637791 0.252563
vt 0.681186 0.187792
vt 0.762808 0.190583
vt 0.801038 0.258146
vt 0.719415 0.255355
vt 0.860054 0.490253
vt 0.802625 0.401043
vt 0.624508 0.398441
vt 0.570683 0.489598
vt 0.537859 0.252751
vt 0.426609 0.254698
vt 0.629323 0.109667
vt 0.571894 0.020458
vt 0.807435 0.112267
vt 0.861253 0.021106
vt 0.894087 0.257954
vt 1.005338 0.255999
vt 0.754202 0.322917
vt 0.672579 0.320126
vt 0.634350 0.252563
vt 0.677745 0.187792
vt 0.759367 0.190583
vt 0.797596 0.258146
vt 0.715973 0.255355
vt 0.574124 0.489598
vt 0.430050 0.254698
vt 0.575335 0.020458
vt 0.864694 0.021106
vt 1.008780 0.255999
vn -0.792908 -0.232867 0.563090
vn -0.738158 -0.319033 0.594425
vn -0.700987 0.104075 0.705540
vn -0.727903 0.077283 0.681311
vn -0.205612 0.404253 0.891237
vn -0.183594 0.432444 0.882771
vn 0.338882 0.154910 0.927988
vn 0.381064 0.154752 0.911505
vn 0.411645 -0.198608 0.889440
vn 0.497106 -0.079368 0.864052
vn -0.198887 -0.682172 0.703623
vn -0.208393 -0.653051 0.728078
vn -0.600125 -0.453277 0.659083
vn -0.640259 0.027307 0.767673
vn -0.238912 0.272624 0.931986
vn 0.199453 0.089035 0.975854
vn 0.202853 -0.386568 0.899676
vn -0.262103 -0.198237 0.944460
vn 0.152022 0.806030 -0.572019
vn 0.666099 0.504034 -0.549784
vn 0.646893 0.509255 -0.567617
vn 0.162748 0.774978 -0.610674
vn 0.727903 -0.077282 -0.681311
vn 0.700987 -0.104074 -0.705540
vn 0.183594 -0.432444 -0.882772
vn 0.205612 -0.404253 -0.891237
vn -0.381064 -0.154752 -0.911505
vn -0.338882 -0.154910 -0.927988
vn -0.365798 0.447379 -0.816115
vn -0.335586 0.436499 -0.834776
vn 0.600125 0.453277 -0.659083
vn 0.208393 0.653051 -0.728078
vn 0.640259 -0.027307 -0.767673
vn 0.238912 -0.272624 -0.931986
vn -0.199453 -0.089035 -0.975854
vn -0.202853 0.386568 -0.899676
vn 0.262103 0.198237 -0.944460
vn 0.000000 0.000000 -0.000000
vn 0.000000 0.000000 -0.000000
vn 0.000000 0.000000 -0.000000
vn 0.000000 0.000000 -0.000000
vn 0.000000 0.000000 -0.000000
vn 0.000000 0.000000 -0.000000
vn 0.000000 0.000000 -0.000000
vn 0.000000 0.000000 -0.000000
vn 0.000000 0.000000 -0.000000
vn 0.000000 0.000000 -0.000000
vn 0.000000 0.000000 -0.000000
vn 0.000000 0.000000 -0.000000
vn 0.000000 0.000000 -0.000000
vn 0.000000 0.000000 -0.000000
vn 0.000000 0.000000 -0.000000
vn 0.000000 0.000000 -0.000000
s 1
g polySurface153 polySurface151 all
usemtl aiStandardSurface1SG
f 2916/2941/5090 2917/2942/5091 2920/2945/5092 2919/2944/5093
f 2919/2944/5093 2920/2945/5092 2922/2947/5094 2921/2946/5095
f 2921/2946/5095 2922/2947/5094 2924/2949/5096 2923/2948/5097
f 2923/2948/5097 2924/2949/5096 2926/2951/5098 2925/2950/5099
f 2918/2943/5100 2928/2953/5101 2927/2952/5102 2917/2942/5091
f 2917/2942/5091 2927/2952/5102 2929/2954/5103 2920/2945/5092
f 2920/2945/5092 2929/2954/5103 2930/2955/5104 2922/2947/5094
f 2922/2947/5094 2930/2955/5104 2931/2956/5105 2924/2949/5096
f 2924/2949/5096 2931/2956/5105 2932/2957/5106 2926/2951/5098
f 2926/2951/5098 2932/2957/5106 2928/2953/5101 2918/2943/5100
f 2928/2953/5101 2933/2958/5107 2927/2952/5102
f 2927/2952/5102 2933/2958/5107 2929/2954/5103
f 2929/2954/5103 2933/2958/5107 2930/2955/5104
f 2930/2955/5104 2933/2958/5107 2931/2956/5105
f 2931/2956/5105 2933/2958/5107 2932/2957/5106
f 2932/2957/5106 2933/2958/5107 2928/2953/5101
s 3
f 2897/2959/5108 2898/2962/5109 2904/2961/5110 2903/2960/5111
f 2898/2962/5109 2899/2964/5112 2905/2963/5113 2904/2961/5110
f 2899/2964/5112 2900/2966/5114 2906/2965/5115 2905/2963/5113
f 2900/2966/5114 2901/2968/5116 2907/2967/5117 2906/2965/5115
f 2901/2968/5116 2902/2970/5118 2908/2969/5119 2907/2967/5117
f 2902/2970/5118 2897/2959/5108 2903/2960/5111 2908/2969/5119
f 2903/2960/5111 2904/2961/5110 2910/2972/5120 2909/2971/5121
f 2904/2961/5110 2905/2963/5113 2911/2973/5122 2910/2972/5120
f 2905/2963/5113 2906/2965/5115 2912/2974/5123 2911/2973/5122
f 2906/2965/5115 2907/2967/5117 2913/2975/5124 2912/2974/5123
f 2907/2967/5117 2908/2969/5119 2914/2976/5125 2913/2975/5124
f 2908/2969/5119 2903/2960/5111 2909/2971/5121 2914/2976/5125
f 2909/2971/5121 2910/2972/5120 2915/2977/5126
f 2910/2972/5120 2911/2973/5122 2915/2977/5126
f 2911/2973/5122 2912/2974/5123 2915/2977/5126
f 2912/2974/5123 2913/2975/5124 2915/2977/5126
f 2913/2975/5124 2914/2976/5125 2915/2977/5126
f 2914/2976/5125 2909/2971/5121 2915/2977/5126
s off
f 2898/2978/5127 2916/2941/5128 2919/2944/5129 2899/2979/5130
f 2899/2979/5131 2919/2944/5132 2921/2946/5133 2900/2980/5134
f 2900/2980/5135 2921/2946/5136 2923/2948/5137 2901/2981/5138
f 2901/2981/5139 2923/2948/5140 2925/2950/5141 2902/2982/5142
g default
v -29.885321 -0.099215 3.417649
v -33.625038 -0.124089 1.693004
v -36.778878 -0.140160 3.287462
v -38.642902 -0.124089 7.078465
v -38.018611 -0.099215 10.949851
v -34.238750 -0.110879 14.526664
v -30.230685 -0.115894 13.057917
v -28.386807 -0.110879 7.401482
v -31.317601 2.620858 5.048782
v -33.663544 2.504616 4.109635
v -35.890773 2.470784 4.979767
v -36.969530 2.504616 7.291646
v -36.318455 2.620858 9.693657
v -33.951714 2.631634 10.942520
v -31.486072 2.636270 10.043015
v -30.382226 2.631634 7.503271
v -33.050007 5.483828 5.976574
v -34.736847 4.877798 5.298808
v -36.420364 5.529376 5.859877
v -36.741394 5.456144 7.355419
v -36.148276 5.490412 8.895415
v -34.655276 5.493021 9.579244
v -33.117028 5.494009 9.009655
v -32.429917 5.493021 7.520186
v -34.118536 7.143369 6.317314
v -34.939604 6.270461 5.810672
v -36.320232 7.049885 6.229168
v -36.921601 7.170409 7.347529
v -36.678343 7.827762 8.496098
v -35.628146 8.049140 9.006644
v -34.474087 8.047219 8.580129
v -33.889393 7.824732 7.465320
v -34.852029 13.227706 6.398670
v -35.585862 13.086793 5.801020
v -36.625969 13.086794 6.257659
v -37.372562 13.227086 7.330069
v -36.987180 13.360345 8.374262
v -35.976024 13.360593 8.839997
v -34.931573 13.360868 8.454296
v -34.466073 13.360593 7.442885
v -35.509778 5.487246 4.178050
v -36.162590 7.058159 1.999264
v -36.090304 9.507572 0.786766
v -35.649552 14.420135 0.657382
v -36.844274 6.046454 4.747391
v -37.276845 7.512372 2.796733
v -36.882377 9.706004 1.827776
v -36.189081 14.781515 1.699092
v -36.153204 7.103694 5.211154
v -36.276005 8.092007 3.388327
v -35.778815 10.194838 2.270813
v -34.940031 15.038598 2.094881
v -35.061785 6.361237 4.749679
v -35.535005 7.835671 2.559324
v -35.085766 10.026739 1.481591
v -34.329072 14.762691 1.187221
v -37.318016 10.615077 8.421518
v -37.625643 10.195089 7.320221
v -36.958501 10.065612 6.222672
v -35.732097 9.639191 5.786900
v -34.950537 10.180575 6.334761
v -34.650373 10.613533 7.435759
v -35.181084 10.735380 8.503739
v -36.285501 10.736306 8.911769
v -35.433306 8.928440 1.639183
v -36.082886 9.166745 2.466077
v -37.156923 8.498622 2.030966
v -36.235058 8.209015 1.017457
v -35.405037 6.816107 3.649239
v -36.261513 7.249682 4.305750
v -37.127731 6.398707 3.859388
v -35.940409 5.932957 3.084052
vt 0.005648 0.174176
vt 0.024593 0.079702
vt 0.099146 0.121993
vt 0.089870 0.180282
vt 0.498231 0.409983
vt 0.418599 0.433782
vt 0.390421 0.360089
vt 0.446315 0.342806
vt 0.328941 0.432650
vt 0.324980 0.360497
vt 0.253209 0.431865
vt 0.262151 0.348891
vt 0.148076 0.432170
vt 0.197444 0.330453
vt 0.081833 0.375810
vt 0.142296 0.295065
vt 0.028457 0.265088
vt 0.104105 0.240282
vt 0.161431 0.122616
vt 0.171204 0.168615
vt 0.363848 0.293361
vt 0.402662 0.300707
vt 0.327588 0.287147
vt 0.286592 0.275533
vt 0.246659 0.261314
vt 0.210671 0.239354
vt 0.184523 0.207585
vt 0.191950 0.128875
vt 0.214712 0.149249
vt 0.340062 0.247732
vt 0.367113 0.263080
vt 0.319270 0.221853
vt 0.294658 0.204978
vt 0.268120 0.188547
vt 0.242166 0.168757
vt 0.249951 0.091510
vt 0.271753 0.103889
vt 0.381030 0.296528
vt 0.398020 0.205514
vt 0.415789 0.229521
vt 0.376134 0.187977
vt 0.360365 0.167386
vt 0.340017 0.152060
vt 0.318140 0.136404
vt 0.296113 0.118946
vt 0.177787 0.912019
vt 0.105964 0.892606
vt 0.111820 0.848842
vt 0.169456 0.859703
vt 0.116118 0.773561
vt 0.165200 0.764889
vt 0.115276 0.687774
vt 0.163742 0.685556
vt 0.118232 0.514400
vt 0.161870 0.523220
vt 0.050194 0.870492
vt 0.064351 0.841801
vt 0.073050 0.764047
vt 0.074193 0.669127
vt 0.072558 0.499683
vt 0.283767 0.862984
vt 0.231321 0.891444
vt 0.211294 0.860998
vt 0.258652 0.841427
vt 0.208297 0.755578
vt 0.243206 0.770595
vt 0.206337 0.669075
vt 0.244579 0.676352
vt 0.213154 0.507172
vt 0.253712 0.505289
vt 0.398217 0.115905
vt 0.418072 0.132018
vt 0.442726 0.150632
vt 0.465981 0.165101
vt 0.308553 0.041112
vt 0.324971 0.055277
vt 0.343855 0.070171
vt 0.361102 0.086184
vt 0.378527 0.101600
vt 0.201771 0.707682
vt 0.077710 0.712635
vt 0.236032 0.722150
vt 0.119608 0.729936
vt 0.165536 0.722897
vt 0.206354 0.817448
vt 0.071916 0.812108
vt 0.246536 0.814833
vt 0.117342 0.818319
vt 0.166852 0.818035
vn 0.552205 0.633856 -0.541569
vn 0.011505 0.654682 -0.755817
vn 0.030462 0.586583 -0.809316
vn 0.577831 0.610668 -0.541476
vn -0.552130 0.593036 -0.586055
vn -0.626067 0.465101 -0.625876
vn -0.826509 0.551145 -0.114555
vn -0.912813 0.398912 -0.087420
vn -0.619919 0.654271 0.433162
vn -0.670338 0.541950 0.506889
vn -0.092140 0.771041 0.630084
vn -0.088945 0.695783 0.712723
vn 0.451115 0.737189 0.503038
vn 0.572056 0.666471 0.478089
vn 0.793289 0.608305 0.025643
vn 0.798005 0.601895 0.030177
vn 0.017849 0.286274 -0.957982
vn 0.571835 0.539423 -0.618084
vn -0.874976 -0.067956 -0.479374
vn -0.999810 0.019369 -0.002216
vn -0.740333 0.128389 0.659866
vn -0.053032 0.348997 0.935622
vn 0.586718 0.516409 0.623766
vn 0.818704 0.573735 0.023494
vn 0.364555 0.318789 -0.874914
vn 0.661498 0.331079 -0.672909
vn -0.986142 -0.157124 -0.053255
vn -0.732129 0.018566 -0.680913
vn -0.741800 -0.107005 0.662029
vn -0.057426 0.111485 0.992106
vn 0.633072 0.328572 0.700899
vn 0.912743 0.407949 0.021875
vn 0.015788 0.012064 -0.999803
vn 0.780367 0.096294 -0.617864
vn -0.656437 -0.041146 -0.753258
vn -0.987329 -0.073682 -0.140542
vn -0.779032 -0.022515 0.626580
vn -0.087760 0.023648 0.995861
vn 0.654084 0.074480 0.752746
vn 0.993288 0.102440 0.053722
vn -0.865083 -0.501129 -0.022396
vn 0.153575 -0.887966 -0.433510
vn -0.923287 -0.376854 -0.074306
vn 0.047465 -0.798971 -0.599494
vn 0.020126 -0.666395 -0.745327
vn -0.989946 -0.108346 -0.090935
vn -0.987072 0.064621 -0.146673
vn -0.097759 -0.424019 -0.900362
vn -0.304790 -0.035106 -0.951772
vn -0.988388 0.146681 0.039669
vn -0.881867 0.128928 0.453530
vn -0.222185 -0.014418 -0.974898
vn -0.202596 0.948490 0.243561
vn -0.136312 0.843535 0.519489
vn -0.054972 0.691499 0.720282
vn 0.117936 0.404498 0.906903
vn 0.152823 0.016114 0.988122
vn 0.277948 -0.012123 0.960520
vn 0.888080 0.416219 -0.195133
vn 0.974616 0.190205 -0.118090
vn 0.999738 0.000546 -0.022905
vn 0.970280 -0.193256 -0.145631
vn 0.921365 -0.162608 -0.353052
vn 0.984624 -0.150648 -0.088434
vn -0.743200 0.091899 0.662728
vn -0.981584 0.100468 -0.162480
vn -0.620521 0.061538 -0.781771
vn 0.103405 0.013545 -0.994547
vn 0.844591 -0.031712 -0.534472
vn 0.994727 -0.060481 0.082831
vn 0.690480 -0.047372 0.721799
vn -0.015658 0.027082 0.999511
s 1
g polySurface151 all polySurface154
usemtl aiStandardSurface1SG
f 2934/2983/5143 2935/2984/5144 2943/2985/5145 2942/2986/5146
f 2935/2987/5144 2936/2988/5147 2944/2989/5148 2943/2990/5145
f 2936/2988/5147 2937/2991/5149 2945/2992/5150 2944/2989/5148
f 2937/2991/5149 2938/2993/5151 2946/2994/5152 2945/2992/5150
f 2938/2993/5151 2939/2995/5153 2947/2996/5154 2946/2994/5152
f 2939/2995/5153 2940/2997/5155 2948/2998/5156 2947/2996/5154
f 2940/2997/5155 2941/2999/5157 2949/3000/5158 2948/2998/5156
f 2941/2999/5157 2934/2983/5143 2942/2986/5146 2949/3000/5158
f 2942/2986/5146 2943/2985/5145 2951/3001/5159 2950/3002/5160
f 2943/2990/5145 2944/2989/5148 2952/3003/5161 2951/3004/5159
f 2944/2989/5148 2945/2992/5150 2953/3005/5162 2952/3003/5161
f 2945/2992/5150 2946/2994/5152 2954/3006/5163 2953/3005/5162
f 2946/2994/5152 2947/2996/5154 2955/3007/5164 2954/3006/5163
f 2947/2996/5154 2948/2998/5156 2956/3008/5165 2955/3007/5164
f 2948/2998/5156 2949/3000/5158 2957/3009/5166 2956/3008/5165
f 2949/3000/5158 2942/2986/5146 2950/3002/5160 2957/3009/5166
f 2950/3002/5160 2951/3001/5159 2959/3010/5167 2958/3011/5168
f 2952/3003/5161 2953/3005/5162 2961/3012/5169 2960/3013/5170
f 2953/3005/5162 2954/3006/5163 2962/3014/5171 2961/3012/5169
f 2954/3006/5163 2955/3007/5164 2963/3015/5172 2962/3014/5171
f 2955/3007/5164 2956/3008/5165 2964/3016/5173 2963/3015/5172
f 2956/3008/5165 2957/3009/5166 2965/3017/5174 2964/3016/5173
f 2957/3009/5166 2950/3002/5160 2958/3011/5168 2965/3017/5174
f 2958/3011/5168 2959/3010/5167 2993/3018/5175 2994/3019/5176
f 2959/3020/5167 2960/3013/5170 2992/3021/5177 2993/3022/5175
f 2960/3013/5170 2961/3012/5169 2991/3023/5178 2992/3021/5177
f 2961/3012/5169 2962/3014/5171 2990/3024/5179 2991/3023/5178
f 2962/3014/5171 2963/3015/5172 2997/3025/5180 2990/3024/5179
f 2963/3015/5172 2964/3016/5173 2996/3026/5181 2997/3025/5180
f 2964/3016/5173 2965/3017/5174 2995/3027/5182 2996/3026/5181
f 2965/3017/5174 2958/3011/5168 2994/3019/5176 2995/3027/5182
g textureEditorIsolateSelectSet polySurface151 all polySurface154
f 2951/3028/5159 2952/3029/5161 2978/3030/5183 2974/3031/5184
f 2974/3031/5184 2978/3030/5183 3004/3070/5185 3005/3071/5186
f 2975/3033/5187 2979/3032/5188 3000/3065/5189 3001/3066/5190
f 2976/3035/5191 2980/3034/5192 2981/3036/5193 2977/3037/5194
f 2952/3029/5161 2960/3038/5170 2982/3039/5195 2978/3030/5183
f 2978/3030/5183 2982/3039/5195 3003/3068/5196 3004/3070/5185
f 2979/3032/5188 2983/3040/5197 2999/3063/5198 3000/3065/5189
f 2980/3034/5192 2984/3041/5199 2985/3042/5200 2981/3036/5193
f 2960/3043/5170 2959/3044/5167 2986/3045/5201 2982/3046/5195
f 2982/3046/5195 2986/3045/5201 3002/3067/5202 3003/3069/5196
f 2983/3048/5197 2987/3047/5203 2998/3062/5204 2999/3064/5198
f 2984/3050/5199 2988/3049/5205 2989/3051/5206 2985/3052/5200
f 2959/3044/5167 2951/3028/5159 2974/3031/5184 2986/3045/5201
f 2986/3045/5201 2974/3031/5184 3005/3071/5186 3002/3067/5202
f 2987/3047/5203 2975/3033/5187 3001/3066/5190 2998/3062/5204
f 2988/3049/5205 2976/3035/5191 2977/3037/5194 2989/3051/5206
g polySurface151 all polySurface154
f 2991/3023/5178 2990/3024/5179 2970/3053/5207 2969/3054/5208
f 2992/3021/5177 2991/3023/5178 2969/3054/5208 2968/3055/5209
f 2993/3022/5175 2992/3021/5177 2968/3055/5209 2967/3056/5210
f 2994/3019/5176 2993/3018/5175 2967/3057/5210 2966/3058/5211
f 2995/3027/5182 2994/3019/5176 2966/3058/5211 2973/3059/5212
f 2996/3026/5181 2995/3027/5182 2973/3059/5212 2972/3060/5213
f 2997/3025/5180 2996/3026/5181 2972/3060/5213 2971/3061/5214
f 2990/3024/5179 2997/3025/5180 2971/3061/5214 2970/3053/5207
g textureEditorIsolateSelectSet polySurface151 all polySurface154
f 2999/3064/5198 2998/3062/5204 2988/3049/5205 2984/3050/5199
f 3000/3065/5189 2999/3063/5198 2984/3041/5199 2980/3034/5192
f 3001/3066/5190 3000/3065/5189 2980/3034/5192 2976/3035/5191
f 2998/3062/5204 3001/3066/5190 2976/3035/5191 2988/3049/5205
f 3003/3069/5196 3002/3067/5202 2987/3047/5203 2983/3048/5197
f 3004/3070/5185 3003/3068/5196 2983/3040/5197 2979/3032/5188
f 3005/3071/5186 3004/3070/5185 2979/3032/5188 2975/3033/5187
f 3002/3067/5202 3005/3071/5186 2975/3033/5187 2987/3047/5203
g default
v -26.836198 15.319906 1.445977
v -28.960812 10.764398 1.596279
v -34.538617 9.616643 2.757978
v -37.771744 13.516809 3.916231
v -28.907035 15.394791 0.484559
v -30.381933 12.408249 0.598665
v -34.111618 11.539741 1.342807
v -36.272331 14.090785 2.100577
v -30.969304 15.392625 -0.152847
v -31.734855 13.858359 -0.108159
v -33.595205 13.465747 0.276132
v -34.676859 14.729244 0.651488
v -32.932366 15.201309 -0.194967
vt 1.018876 0.279029
vt 0.905512 0.277594
vt 0.863715 0.513130
vt 0.807966 0.420510
vt 0.569036 0.503582
vt 0.626647 0.412391
vt 0.429506 0.259929
vt 0.542870 0.261355
vt 0.807235 0.274822
vt 0.761050 0.339456
vt 0.678007 0.334106
vt 0.641147 0.264122
vt 0.724191 0.269472
vn 0.393206 -0.218968 -0.892996
vn 0.159484 -0.427632 -0.889773
vn 0.150627 -0.403948 -0.902296
vn 0.369424 -0.209383 -0.905365
vn -0.370793 -0.489447 -0.789274
vn -0.348381 -0.471954 -0.809871
vn -0.658180 -0.352768 -0.665097
vn -0.641180 -0.332728 -0.691506
vn 0.076678 -0.320122 -0.944268
vn 0.261127 -0.162082 -0.951600
vn -0.322931 -0.364112 -0.873578
vn -0.564625 -0.246263 -0.787752
vn -0.184024 -0.119641 -0.975613
s 1
g polySurface151 all polySurface195
usemtl aiStandardSurface1SG
f 3006/3072/5215 3007/3074/5216 3011/3075/5217 3010/3073/5218
f 3007/3074/5216 3008/3076/5219 3012/3077/5220 3011/3075/5217
f 3008/3076/5219 3009/3078/5221 3013/3079/5222 3012/3077/5220
f 3010/3073/5218 3011/3075/5217 3015/3081/5223 3014/3080/5224
f 3011/3075/5217 3012/3077/5220 3016/3082/5225 3015/3081/5223
f 3012/3077/5220 3013/3079/5222 3017/3083/5226 3016/3082/5225
f 3014/3080/5224 3015/3081/5223 3018/3084/5227
f 3015/3081/5223 3016/3082/5225 3018/3084/5227
f 3016/3082/5225 3017/3083/5226 3018/3084/5227
g default
v -35.103412 15.319906 7.596171
v -33.385678 10.764398 6.336822
v -29.284838 9.616643 2.381502
v -27.166204 13.516809 -0.321471
v -32.838768 15.394791 7.306206
v -31.651528 12.408249 6.423706
v -28.892041 11.539741 3.806546
v -27.467467 14.090785 2.013927
v -30.754035 15.392625 6.746631
v -30.130047 13.858359 6.300869
v -28.760618 13.465747 4.984342
v -28.045351 14.729244 4.090327
v -29.070466 15.201309 5.736195
vt 1.018876 0.279029
vt 0.905512 0.277594
vt 0.863715 0.513130
vt 0.807966 0.420510
vt 0.569036 0.503582
vt 0.626647 0.412391
vt 0.429506 0.259929
vt 0.542870 0.261355
vt 0.807235 0.274822
vt 0.761050 0.339456
vt 0.678007 0.334106
vt 0.641147 0.264122
vt 0.724191 0.269472
vn 0.143132 -0.218968 0.965177
vn 0.339189 -0.427632 0.837903
vn 0.353356 -0.403948 0.843780
vn 0.169848 -0.209383 0.962970
vn 0.734350 -0.489448 0.470288
vn 0.726360 -0.471954 0.499660
vn 0.911363 -0.352768 0.212068
vn 0.911050 -0.332728 0.243474
vn 0.438297 -0.320121 0.839891
vn 0.286126 -0.162082 0.944384
vn 0.738773 -0.364112 0.567130
vn 0.897558 -0.246263 0.365711
vn 0.675605 -0.119642 0.727492
s 1
g polySurface151 all polySurface194
usemtl aiStandardSurface1SG
f 3019/3085/5228 3020/3087/5229 3024/3088/5230 3023/3086/5231
f 3020/3087/5229 3021/3089/5232 3025/3090/5233 3024/3088/5230
f 3021/3089/5232 3022/3091/5234 3026/3092/5235 3025/3090/5233
f 3023/3086/5231 3024/3088/5230 3028/3094/5236 3027/3093/5237
f 3024/3088/5230 3025/3090/5233 3029/3095/5238 3028/3094/5236
f 3025/3090/5233 3026/3092/5235 3030/3096/5239 3029/3095/5238
f 3027/3093/5237 3028/3094/5236 3031/3097/5240
f 3028/3094/5236 3029/3095/5238 3031/3097/5240
f 3029/3095/5238 3030/3096/5239 3031/3097/5240
g default
v -26.570293 14.829614 5.904935
v -29.002208 10.665393 4.478653
v -34.444249 10.392762 2.456608
v -37.285678 14.732960 2.148519
v -27.792918 15.248830 4.021389
v -29.464380 12.531494 3.056985
v -33.098641 12.250044 1.667185
v -34.995887 15.096175 1.441960
v -29.189029 15.584614 2.409755
v -30.046949 14.190148 1.898410
v -31.861567 14.089597 1.220342
v -32.810916 15.501060 1.102869
v -30.839694 15.706939 1.336287
vt 1.018876 0.279029
vt 0.905512 0.277594
vt 0.863715 0.513130
vt 0.807966 0.420510
vt 0.569036 0.503582
vt 0.626647 0.412391
vt 0.429506 0.259929
vt 0.542870 0.261355
vt 0.807235 0.274822
vt 0.761050 0.339456
vt 0.678007 0.334106
vt 0.641147 0.264122
vt 0.724191 0.269472
vn 0.774527 -0.261797 -0.575821
vn 0.550481 -0.430901 -0.715049
vn 0.552605 -0.405887 -0.727931
vn 0.762274 -0.248344 -0.597715
vn 0.044256 -0.409938 -0.911039
vn 0.076139 -0.395830 -0.915162
vn -0.245692 -0.231860 -0.941210
vn -0.214970 -0.214274 -0.952825
vn 0.523095 -0.310658 -0.793640
vn 0.701608 -0.183665 -0.688486
vn 0.144597 -0.292207 -0.945360
vn -0.089065 -0.139234 -0.986246
vn 0.345631 -0.070929 -0.935686
s 1
g polySurface151 all polySurface193
usemtl aiStandardSurface1SG
f 3032/3098/5241 3033/3100/5242 3037/3101/5243 3036/3099/5244
f 3033/3100/5242 3034/3102/5245 3038/3103/5246 3037/3101/5243
f 3034/3102/5245 3035/3104/5247 3039/3105/5248 3038/3103/5246
f 3036/3099/5244 3037/3101/5243 3041/3107/5249 3040/3106/5250
f 3037/3101/5243 3038/3103/5246 3042/3108/5251 3041/3107/5249
f 3038/3103/5246 3039/3105/5248 3043/3109/5252 3042/3108/5251
f 3040/3106/5250 3041/3107/5249 3044/3110/5253
f 3041/3107/5249 3042/3108/5251 3044/3110/5253
f 3042/3108/5251 3043/3109/5252 3044/3110/5253
g default
v -30.417370 14.459740 9.541604
v -31.815400 10.295521 7.093338
v -35.526570 10.022889 2.628848
v -37.836763 14.363087 0.946097
v -30.539062 14.878956 7.299340
v -31.507845 12.161620 5.630413
v -33.966554 11.880170 2.614763
v -35.499369 14.726300 1.474258
v -30.946646 15.214741 5.206408
v -31.435757 13.820274 4.335622
v -32.671319 13.719724 2.843642
v -33.435933 15.131186 2.268814
v -31.843060 15.337066 3.453277
vt 1.018876 0.279029
vt 0.905512 0.277594
vt 0.863715 0.513130
vt 0.807966 0.420510
vt 0.569036 0.503582
vt 0.626647 0.412391
vt 0.429506 0.259929
vt 0.542870 0.261355
vt 0.807235 0.274822
vt 0.761050 0.339456
vt 0.678007 0.334106
vt 0.641147 0.264122
vt 0.724191 0.269472
vn 0.958438 -0.261797 -0.113396
vn 0.833541 -0.430901 -0.345736
vn 0.841801 -0.405887 -0.355848
vn 0.958722 -0.248344 -0.138484
vn 0.492258 -0.409938 -0.767875
vn 0.521957 -0.395830 -0.755566
vn 0.255888 -0.231860 -0.938490
vn 0.288312 -0.214274 -0.933254
vn 0.848950 -0.310658 -0.427523
vn 0.951344 -0.183665 -0.247412
vn 0.596359 -0.292207 -0.747643
vn 0.414130 -0.139234 -0.899506
vn 0.765847 -0.070929 -0.639099
s 1
g polySurface151 all polySurface192
usemtl aiStandardSurface1SG
f 3045/3111/5254 3046/3113/5255 3050/3114/5256 3049/3112/5257
f 3046/3113/5255 3047/3115/5258 3051/3116/5259 3050/3114/5256
f 3047/3115/5258 3048/3117/5260 3052/3118/5261 3051/3116/5259
f 3049/3112/5257 3050/3114/5256 3054/3120/5262 3053/3119/5263
f 3050/3114/5256 3051/3116/5259 3055/3121/5264 3054/3120/5262
f 3051/3116/5259 3052/3118/5261 3056/3122/5265 3055/3121/5264
f 3053/3119/5263 3054/3120/5262 3057/3123/5266
f 3054/3120/5262 3055/3121/5264 3057/3123/5266
f 3055/3121/5264 3056/3122/5265 3057/3123/5266
g default
v -37.161774 12.363493 -3.311453
v -43.234948 13.523350 -0.482741
v -44.906214 18.921738 2.354843
v -40.860764 23.549962 1.908006
v -34.522150 22.751817 -1.032725
v -32.343710 17.704522 -3.491082
v -38.409774 14.617270 -3.986194
v -42.585108 15.245206 -2.065376
v -43.714624 18.871015 -0.199593
v -40.936397 21.881963 -0.497408
v -36.708446 21.318128 -2.442674
v -35.219204 18.173034 -4.128156
v -39.438122 16.717328 -4.193304
v -41.577425 16.959302 -3.233168
v -42.222330 18.761396 -2.370241
v -40.794033 20.312950 -2.538454
v -38.359506 20.216211 -3.224413
v -37.945282 18.421963 -4.350261
v -40.042586 18.611633 -3.543314
vt 0.584666 0.025813
vt 0.879358 0.035369
vt 0.821739 0.126555
vt 0.640415 0.118434
vt 1.018876 0.279029
vt 0.905512 0.277594
vt 0.863715 0.513130
vt 0.807966 0.420510
vt 0.569036 0.503582
vt 0.626647 0.412391
vt 0.429506 0.259929
vt 0.542870 0.261355
vt 0.770376 0.204838
vt 0.687332 0.199489
vt 0.807235 0.274822
vt 0.761050 0.339456
vt 0.678007 0.334106
vt 0.641147 0.264122
vt 0.724191 0.269472
vn -0.093741 -0.346687 -0.933285
vn -0.725979 -0.286941 -0.624996
vn -0.692390 -0.266582 -0.670470
vn -0.136297 -0.324815 -0.935905
vn -0.843041 0.339474 -0.417180
vn -0.839117 0.300030 -0.453723
vn -0.436209 0.749312 -0.498251
vn -0.438881 0.735192 -0.516601
vn 0.031888 0.697225 -0.716143
vn 0.007386 0.693481 -0.720437
vn 0.221367 0.180857 -0.958273
vn 0.189759 0.161565 -0.968446
vn -0.607500 -0.101502 -0.787808
vn -0.216496 -0.155431 -0.963831
vn -0.733742 0.310726 -0.604212
vn -0.430566 0.645677 -0.630646
vn -0.078546 0.640638 -0.763815
vn 0.019937 0.195830 -0.980435
vn -0.348370 0.310455 -0.884453
s 1
g polySurface151 all polySurface191
usemtl aiStandardSurface1SG
f 3058/3124/5267 3059/3125/5268 3065/3126/5269 3064/3127/5270
f 3059/3125/5268 3060/3128/5271 3066/3129/5272 3065/3126/5269
f 3060/3128/5271 3061/3130/5273 3067/3131/5274 3066/3129/5272
f 3061/3130/5273 3062/3132/5275 3068/3133/5276 3067/3131/5274
f 3062/3132/5275 3063/3134/5277 3069/3135/5278 3068/3133/5276
f 3063/3134/5277 3058/3124/5267 3064/3127/5270 3069/3135/5278
f 3064/3127/5270 3065/3126/5269 3071/3136/5279 3070/3137/5280
f 3065/3126/5269 3066/3129/5272 3072/3138/5281 3071/3136/5279
f 3066/3129/5272 3067/3131/5274 3073/3139/5282 3072/3138/5281
f 3067/3131/5274 3068/3133/5276 3074/3140/5283 3073/3139/5282
f 3068/3133/5276 3069/3135/5278 3075/3141/5284 3074/3140/5283
f 3069/3135/5278 3064/3127/5270 3070/3137/5280 3075/3141/5284
f 3070/3137/5280 3071/3136/5279 3076/3142/5285
f 3071/3136/5279 3072/3138/5281 3076/3142/5285
f 3072/3138/5281 3073/3139/5282 3076/3142/5285
f 3073/3139/5282 3074/3140/5283 3076/3142/5285
f 3074/3140/5283 3075/3141/5284 3076/3142/5285
f 3075/3141/5284 3070/3137/5280 3076/3142/5285
g default
v -25.060711 16.476293 4.380227
v -27.098930 12.322176 3.466235
v -31.726839 11.549707 0.691304
v -34.207723 15.403001 -0.968190
v -25.825386 16.462977 2.378848
v -27.226801 13.743671 1.736441
v -30.311671 13.128945 -0.132565
v -31.965403 15.650449 -1.247940
v -26.801683 16.422478 0.605760
v -27.517936 15.023771 0.261301
v -29.060534 14.756604 -0.665524
v -29.887353 16.005746 -1.225429
v -28.116015 16.285910 -0.689457
vt 1.018876 0.279029
vt 0.905512 0.277594
vt 0.863715 0.513130
vt 0.807966 0.420510
vt 0.569036 0.503582
vt 0.626647 0.412391
vt 0.429506 0.259929
vt 0.542870 0.261355
vt 0.807235 0.274822
vt 0.761050 0.339456
vt 0.678007 0.334106
vt 0.641147 0.264122
vt 0.724191 0.269472
vn 0.868891 -0.357222 -0.342669
vn 0.674077 -0.557176 -0.484949
vn 0.679171 -0.535363 -0.502109
vn 0.861486 -0.348951 -0.368884
vn 0.217487 -0.590154 -0.777443
vn 0.249799 -0.576438 -0.778023
vn -0.057414 -0.429531 -0.901225
vn -0.024684 -0.414010 -0.909938
vn 0.665046 -0.456736 -0.590852
vn 0.821280 -0.306198 -0.481396
vn 0.324741 -0.479763 -0.815089
vn 0.106675 -0.344533 -0.932694
vn 0.523741 -0.256462 -0.812356
s 1
g polySurface151 all polySurface190
usemtl aiStandardSurface1SG
f 3077/3143/5286 3078/3145/5287 3082/3146/5288 3081/3144/5289
f 3078/3145/5287 3079/3147/5290 3083/3148/5291 3082/3146/5288
f 3079/3147/5290 3080/3149/5292 3084/3150/5293 3083/3148/5291
f 3081/3144/5289 3082/3146/5288 3086/3152/5294 3085/3151/5295
f 3082/3146/5288 3083/3148/5291 3087/3153/5296 3086/3152/5294
f 3083/3148/5291 3084/3150/5293 3088/3154/5297 3087/3153/5296
f 3085/3151/5295 3086/3152/5294 3089/3155/5298
f 3086/3152/5294 3087/3153/5296 3089/3155/5298
f 3087/3153/5296 3088/3154/5297 3089/3155/5298
g default
v -37.078104 12.025350 13.449263
v -33.851684 8.693547 12.402670
v -30.090690 9.515049 8.861436
v -29.952073 13.989308 6.296181
v -35.115856 13.066462 13.195101
v -32.944960 10.908100 12.448279
v -30.418026 11.385282 10.176882
v -30.335078 14.339591 8.537593
v -33.366596 13.984317 12.787790
v -32.233108 12.879984 12.403441
v -30.999925 13.152866 11.265596
v -30.968810 14.625143 10.475500
v -31.931444 14.570744 11.962314
vt 1.018876 0.279029
vt 0.905512 0.277594
vt 0.863715 0.513130
vt 0.807966 0.420510
vt 0.569036 0.503582
vt 0.626647 0.412391
vt 0.429506 0.259929
vt 0.542870 0.261355
vt 0.807235 0.274822
vt 0.761050 0.339456
vt 0.678007 0.334106
vt 0.641147 0.264122
vt 0.724191 0.269472
vn 0.203706 -0.117247 0.971986
vn 0.472711 -0.232042 0.850118
vn 0.480452 -0.214059 0.850497
vn 0.218292 -0.105304 0.970185
vn 0.880907 -0.145636 0.450325
vn 0.879916 -0.117347 0.460410
vn 0.985422 0.060588 0.158974
vn 0.978074 0.079491 0.192491
vn 0.508069 -0.118427 0.853136
vn 0.287112 -0.040347 0.957047
vn 0.843936 -0.015458 0.536221
vn 0.933128 0.153905 0.324939
vn 0.658735 0.167578 0.733476
s 1
g polySurface151 all polySurface189
usemtl aiStandardSurface1SG
f 3090/3156/5299 3091/3158/5300 3095/3159/5301 3094/3157/5302
f 3091/3158/5300 3092/3160/5303 3096/3161/5304 3095/3159/5301
f 3092/3160/5303 3093/3162/5305 3097/3163/5306 3096/3161/5304
f 3094/3157/5302 3095/3159/5301 3099/3165/5307 3098/3164/5308
f 3095/3159/5301 3096/3161/5304 3100/3166/5309 3099/3165/5307
f 3096/3161/5304 3097/3163/5306 3101/3167/5310 3100/3166/5309
f 3098/3164/5308 3099/3165/5307 3102/3168/5311
f 3099/3165/5307 3100/3166/5309 3102/3168/5311
f 3100/3166/5309 3101/3167/5310 3102/3168/5311
g default
v -42.674173 12.560621 14.188737
v -37.408113 10.282023 17.280194
v -32.043711 14.536714 18.925249
v -32.157704 20.440620 16.685547
v -37.494607 23.030309 12.768208
v -42.323618 18.599973 11.489137
v -41.736908 14.107965 15.925457
v -38.306244 12.658789 18.175146
v -34.035183 16.009163 19.644899
v -33.945575 20.148416 18.032205
v -37.516017 21.213138 13.607342
v -40.743494 18.235036 12.653326
v -40.600893 15.784841 17.545671
v -38.645434 15.240324 18.957815
v -36.339468 16.962120 19.491171
v -36.184154 19.100435 18.615944
v -37.681896 19.506853 15.758823
v -39.749038 17.871778 15.187119
v -38.690886 17.481342 18.499999
vt 0.558929 0.032311
vt 0.848222 0.025513
vt 0.796762 0.118027
vt 0.618637 0.120013
vt 0.998298 0.256624
vt 0.887134 0.261435
vt 0.859095 0.494529
vt 0.799387 0.406828
vt 0.569816 0.501334
vt 0.621267 0.408817
vt 0.419727 0.270231
vt 0.530891 0.265411
vt 0.750725 0.197553
vt 0.669056 0.196865
vt 0.790681 0.264109
vt 0.748969 0.329977
vt 0.667302 0.329289
vt 0.627345 0.262732
vt 0.709013 0.263421
vn -0.760268 -0.018254 0.649353
vn -0.270357 -0.432443 0.860174
vn -0.311878 -0.395674 0.863814
vn -0.784384 0.007525 0.620231
vn 0.220610 -0.140178 0.965236
vn 0.194141 -0.039558 0.980176
vn 0.175372 0.612795 0.770536
vn 0.074099 0.628385 0.774365
vn -0.378909 0.603195 0.701843
vn -0.446288 0.646899 0.618344
vn -0.685121 0.380734 0.621009
vn -0.702139 0.446070 0.554998
vn -0.351810 -0.213517 0.911395
vn -0.801336 0.170641 0.573360
vn -0.072959 0.056841 0.995714
vn -0.243382 0.652005 0.718091
vn -0.534463 0.738138 0.411706
vn -0.747242 0.580503 0.323491
vn -0.573860 0.554771 0.602423
s 1
g polySurface151 all polySurface187
usemtl aiStandardSurface1SG
f 3103/3169/5312 3104/3170/5313 3110/3171/5314 3109/3172/5315
f 3104/3170/5313 3105/3173/5316 3111/3174/5317 3110/3171/5314
f 3105/3173/5316 3106/3175/5318 3112/3176/5319 3111/3174/5317
f 3106/3175/5318 3107/3177/5320 3113/3178/5321 3112/3176/5319
f 3107/3177/5320 3108/3179/5322 3114/3180/5323 3113/3178/5321
f 3108/3179/5322 3103/3169/5312 3109/3172/5315 3114/3180/5323
f 3109/3172/5315 3110/3171/5314 3116/3181/5324 3115/3182/5325
f 3110/3171/5314 3111/3174/5317 3117/3183/5326 3116/3181/5324
f 3111/3174/5317 3112/3176/5319 3118/3184/5327 3117/3183/5326
f 3112/3176/5319 3113/3178/5321 3119/3185/5328 3118/3184/5327
f 3113/3178/5321 3114/3180/5323 3120/3186/5329 3119/3185/5328
f 3114/3180/5323 3109/3172/5315 3115/3182/5325 3120/3186/5329
f 3115/3182/5325 3116/3181/5324 3121/3187/5330
f 3116/3181/5324 3117/3183/5326 3121/3187/5330
f 3117/3183/5326 3118/3184/5327 3121/3187/5330
f 3118/3184/5327 3119/3185/5328 3121/3187/5330
f 3119/3185/5328 3120/3186/5329 3121/3187/5330
f 3120/3186/5329 3115/3182/5325 3121/3187/5330
g default
v -25.974882 17.648448 8.237908
v -26.839530 17.773075 2.319366
v -30.572468 20.877393 0.560980
v -32.277870 24.313858 3.818442
v -31.484248 24.485813 9.959658
v -28.206241 21.494714 12.078351
v -26.107603 19.595285 7.278058
v -26.338826 19.563352 3.007001
v -28.815862 21.662204 1.825034
v -29.936601 23.894865 4.063343
v -29.715223 23.980712 8.378909
v -27.574792 22.164133 9.823687
v -26.415183 21.261411 6.205192
v -26.389145 21.194023 4.221972
v -27.354538 22.262104 3.287678
v -28.483893 23.417726 4.845280
v -28.222022 23.489027 6.894273
v -26.963460 22.524415 7.481129
v -26.688626 22.468629 5.188881
vt 0.584666 0.025813
vt 0.879358 0.035369
vt 0.821739 0.126555
vt 0.640415 0.118434
vt 1.018876 0.279029
vt 0.905512 0.277594
vt 0.863715 0.513130
vt 0.807966 0.420510
vt 0.569036 0.503582
vt 0.626647 0.412391
vt 0.429506 0.259929
vt 0.542870 0.261355
vt 0.770376 0.204838
vt 0.687332 0.199489
vt 0.807235 0.274822
vt 0.761050 0.339456
vt 0.678007 0.334106
vt 0.641147 0.264122
vt 0.724191 0.269472
vn 0.988905 0.072327 0.129754
vn 0.855998 0.029758 -0.516122
vn 0.882939 0.075148 -0.463435
vn 0.989417 0.091595 0.112536
vn 0.349297 0.519668 -0.779703
vn 0.416436 0.510450 -0.752344
vn 0.205522 0.925925 -0.316898
vn 0.239136 0.905914 -0.349477
vn 0.360011 0.920047 0.154618
vn 0.354262 0.927296 0.120912
vn 0.754691 0.552322 0.354094
vn 0.771753 0.541650 0.333185
vn 0.926340 0.235169 -0.294262
vn 0.976185 0.195839 0.093327
vn 0.571986 0.596914 -0.562607
vn 0.364017 0.898575 -0.245059
vn 0.435173 0.896420 0.083996
vn 0.797445 0.556050 0.234286
vn 0.747949 0.655244 -0.105957
s 1
g polySurface151 all polySurface183
usemtl aiStandardSurface1SG
f 3122/3188/5331 3123/3189/5332 3129/3190/5333 3128/3191/5334
f 3123/3189/5332 3124/3192/5335 3130/3193/5336 3129/3190/5333
f 3124/3192/5335 3125/3194/5337 3131/3195/5338 3130/3193/5336
f 3125/3194/5337 3126/3196/5339 3132/3197/5340 3131/3195/5338
f 3126/3196/5339 3127/3198/5341 3133/3199/5342 3132/3197/5340
f 3127/3198/5341 3122/3188/5331 3128/3191/5334 3133/3199/5342
f 3128/3191/5334 3129/3190/5333 3135/3200/5343 3134/3201/5344
f 3129/3190/5333 3130/3193/5336 3136/3202/5345 3135/3200/5343
f 3130/3193/5336 3131/3195/5338 3137/3203/5346 3136/3202/5345
f 3131/3195/5338 3132/3197/5340 3138/3204/5347 3137/3203/5346
f 3132/3197/5340 3133/3199/5342 3139/3205/5348 3138/3204/5347
f 3133/3199/5342 3128/3191/5334 3134/3201/5344 3139/3205/5348
f 3134/3201/5344 3135/3200/5343 3140/3206/5349
f 3135/3200/5343 3136/3202/5345 3140/3206/5349
f 3136/3202/5345 3137/3203/5346 3140/3206/5349
f 3137/3203/5346 3138/3204/5347 3140/3206/5349
f 3138/3204/5347 3139/3205/5348 3140/3206/5349
f 3139/3205/5348 3134/3201/5344 3140/3206/5349
g default
v -27.290118 13.005469 10.847660
v -25.377597 12.562746 5.654162
v -25.943388 16.167883 2.000889
v -27.945994 20.528285 3.519179
v -29.941294 21.314176 8.846732
v -29.881073 18.015562 12.493151
v -26.138054 14.675976 10.065828
v -24.812502 14.241147 6.544261
v -25.165400 16.666865 4.109248
v -26.548948 19.527986 5.181929
v -27.889758 20.025150 8.732924
v -27.840236 18.011745 11.164495
v -25.385009 16.196606 9.174160
v -24.693469 15.914156 7.400070
v -24.783439 17.115193 6.179944
v -25.485973 18.591018 6.739166
v -26.503612 18.997949 8.491551
v -26.128628 17.802017 9.730649
v -25.374258 17.505904 8.077032
vt 0.584666 0.025813
vt 0.879358 0.035369
vt 0.821739 0.126555
vt 0.640415 0.118434
vt 1.018876 0.279029
vt 0.905512 0.277594
vt 0.863715 0.513130
vt 0.807966 0.420510
vt 0.569036 0.503582
vt 0.626647 0.412391
vt 0.429506 0.259929
vt 0.542870 0.261355
vt 0.770376 0.204838
vt 0.687332 0.199489
vt 0.807235 0.274822
vt 0.761050 0.339456
vt 0.678007 0.334106
vt 0.641147 0.264122
vt 0.724191 0.269472
vn 0.716176 -0.197562 0.669373
vn 0.948914 -0.315251 0.013386
vn 0.957567 -0.281401 0.062274
vn 0.748701 -0.184333 0.636764
vn 0.899524 0.232394 -0.369931
vn 0.921603 0.201151 -0.331944
vn 0.677108 0.721706 -0.143751
vn 0.691616 0.710602 -0.129278
vn 0.497323 0.799524 0.336795
vn 0.517648 0.791820 0.324134
vn 0.521953 0.378141 0.764575
vn 0.551114 0.355002 0.755147
vn 0.983662 -0.085656 0.158339
vn 0.829039 -0.031721 0.558290
vn 0.953080 0.257269 -0.159533
vn 0.764055 0.644776 -0.022004
vn 0.607993 0.731154 0.309449
vn 0.680806 0.356819 0.639674
vn 0.877055 0.379346 0.294739
s 1
g polySurface151 all polySurface182
usemtl aiStandardSurface1SG
f 3141/3207/5350 3142/3208/5351 3148/3209/5352 3147/3210/5353
f 3142/3208/5351 3143/3211/5354 3149/3212/5355 3148/3209/5352
f 3143/3211/5354 3144/3213/5356 3150/3214/5357 3149/3212/5355
f 3144/3213/5356 3145/3215/5358 3151/3216/5359 3150/3214/5357
f 3145/3215/5358 3146/3217/5360 3152/3218/5361 3151/3216/5359
f 3146/3217/5360 3141/3207/5350 3147/3210/5353 3152/3218/5361
f 3147/3210/5353 3148/3209/5352 3154/3219/5362 3153/3220/5363
f 3148/3209/5352 3149/3212/5355 3155/3221/5364 3154/3219/5362
f 3149/3212/5355 3150/3214/5357 3156/3222/5365 3155/3221/5364
f 3150/3214/5357 3151/3216/5359 3157/3223/5366 3156/3222/5365
f 3151/3216/5359 3152/3218/5361 3158/3224/5367 3157/3223/5366
f 3152/3218/5361 3147/3210/5353 3153/3220/5363 3158/3224/5367
f 3153/3220/5363 3154/3219/5362 3159/3225/5368
f 3154/3219/5362 3155/3221/5364 3159/3225/5368
f 3155/3221/5364 3156/3222/5365 3159/3225/5368
f 3156/3222/5365 3157/3223/5366 3159/3225/5368
f 3157/3223/5366 3158/3224/5367 3159/3225/5368
f 3158/3224/5367 3153/3220/5363 3159/3225/5368
g default
v -32.496067 13.038288 -2.391965
v -37.505538 12.841903 -0.006009
v -40.000208 16.931068 1.922434
v -37.855397 21.404291 1.074609
v -32.718696 21.932603 -1.438724
v -29.901065 18.261669 -3.101871
v -33.982950 14.467901 -3.080799
v -37.389428 14.198404 -1.446515
v -39.070759 16.939966 -0.183621
v -37.560453 19.881792 -0.745304
v -34.127080 20.210958 -2.406059
v -32.268877 17.939702 -3.571082
v -35.259762 15.865100 -3.384196
v -36.987544 15.662655 -2.560066
v -37.889260 17.001420 -1.982220
v -37.113716 18.515382 -2.283536
v -35.184401 18.919540 -2.905173
v -34.467509 17.513915 -3.690356
v -36.151731 17.266993 -2.987770
vt 0.584666 0.025813
vt 0.879358 0.035369
vt 0.821739 0.126555
vt 0.640415 0.118434
vt 1.018876 0.279029
vt 0.905512 0.277594
vt 0.863715 0.513130
vt 0.807966 0.420510
vt 0.569036 0.503582
vt 0.626647 0.412391
vt 0.429506 0.259929
vt 0.542870 0.261355
vt 0.770376 0.204838
vt 0.687332 0.199489
vt 0.807235 0.274822
vt 0.761050 0.339456
vt 0.678007 0.334106
vt 0.641147 0.264122
vt 0.724191 0.269472
vn -0.003725 -0.453173 -0.891415
vn -0.625624 -0.535181 -0.567606
vn -0.599250 -0.511288 -0.616023
vn -0.050653 -0.444007 -0.894590
vn -0.907216 0.054190 -0.417159
vn -0.893004 0.013735 -0.449840
vn -0.628226 0.548150 -0.552145
vn -0.627106 0.532023 -0.568936
vn -0.165555 0.602416 -0.780824
vn -0.188144 0.591767 -0.783846
vn 0.155415 0.134436 -0.978659
vn 0.130176 0.106378 -0.985768
vn -0.563590 -0.342380 -0.751759
vn -0.174225 -0.306411 -0.935819
vn -0.795835 0.036984 -0.604383
vn -0.595688 0.436855 -0.674028
vn -0.256788 0.513494 -0.818770
vn -0.042652 0.092042 -0.994841
vn -0.427415 0.112081 -0.897081
s 1
g polySurface151 all polySurface185
usemtl aiStandardSurface1SG
f 3160/3226/5369 3161/3227/5370 3167/3228/5371 3166/3229/5372
f 3161/3227/5370 3162/3230/5373 3168/3231/5374 3167/3228/5371
f 3162/3230/5373 3163/3232/5375 3169/3233/5376 3168/3231/5374
f 3163/3232/5375 3164/3234/5377 3170/3235/5378 3169/3233/5376
f 3164/3234/5377 3165/3236/5379 3171/3237/5380 3170/3235/5378
f 3165/3236/5379 3160/3226/5369 3166/3229/5372 3171/3237/5380
f 3166/3229/5372 3167/3228/5371 3173/3238/5381 3172/3239/5382
f 3167/3228/5371 3168/3231/5374 3174/3240/5383 3173/3238/5381
f 3168/3231/5374 3169/3233/5376 3175/3241/5384 3174/3240/5383
f 3169/3233/5376 3170/3235/5378 3176/3242/5385 3175/3241/5384
f 3170/3235/5378 3171/3237/5380 3177/3243/5386 3176/3242/5385
f 3171/3237/5380 3166/3229/5372 3172/3239/5382 3177/3243/5386
f 3172/3239/5382 3173/3238/5381 3178/3244/5387
f 3173/3238/5381 3174/3240/5383 3178/3244/5387
f 3174/3240/5383 3175/3241/5384 3178/3244/5387
f 3175/3241/5384 3176/3242/5385 3178/3244/5387
f 3176/3242/5385 3177/3243/5386 3178/3244/5387
f 3177/3243/5386 3172/3239/5382 3178/3244/5387
g default
v -26.627757 13.344472 -1.358284
v -31.750215 12.901750 -3.453653
v -35.421245 16.506887 -3.017685
v -33.974877 20.867288 -0.962530
v -28.721382 21.653181 1.220317
v -25.075120 18.354564 1.289358
v -27.368270 15.014980 -2.537331
v -30.840650 14.580150 -3.986850
v -33.286640 17.005868 -3.720466
v -32.263663 19.866989 -2.299773
v -28.762414 20.364154 -0.833964
v -26.330616 18.350748 -0.797283
v -28.232691 16.535610 -3.321503
v -29.981160 16.253160 -4.075479
v -31.203708 17.454196 -4.028804
v -30.669734 18.930021 -3.306894
v -28.954514 19.336952 -2.227792
v -27.702906 18.141019 -2.558629
v -29.328750 17.844907 -3.371126
vt 0.584666 0.025813
vt 0.879358 0.035369
vt 0.821739 0.126555
vt 0.640415 0.118434
vt 1.018876 0.279029
vt 0.905512 0.277594
vt 0.863715 0.513130
vt 0.807966 0.420510
vt 0.569036 0.503582
vt 0.626647 0.412391
vt 0.429506 0.259929
vt 0.542870 0.261355
vt 0.770376 0.204838
vt 0.687332 0.199489
vt 0.807235 0.274822
vt 0.761050 0.339456
vt 0.678007 0.334106
vt 0.641147 0.264122
vt 0.724191 0.269472
vn 0.694333 -0.197562 -0.692005
vn 0.047006 -0.315251 -0.947843
vn 0.096169 -0.281401 -0.954759
vn 0.662896 -0.184333 -0.725665
vn -0.337821 0.232394 -0.912069
vn -0.299075 0.201151 -0.932787
vn -0.119666 0.721706 -0.681777
vn -0.104687 0.710602 -0.695763
vn 0.354208 0.799524 -0.485074
vn 0.342275 0.791820 -0.505836
vn 0.782592 0.378141 -0.494530
vn 0.774203 0.355002 -0.524007
vn 0.193100 -0.085656 -0.977433
vn 0.587319 -0.031721 -0.808734
vn -0.125657 0.257269 -0.958135
vn 0.005088 0.644776 -0.764355
vn 0.330801 0.731153 -0.596645
vn 0.663399 0.356819 -0.657710
vn 0.325635 0.379347 -0.866059
s 1
g polySurface151 all polySurface184
usemtl aiStandardSurface1SG
f 3179/3245/5388 3180/3246/5389 3186/3247/5390 3185/3248/5391
f 3180/3246/5389 3181/3249/5392 3187/3250/5393 3186/3247/5390
f 3181/3249/5392 3182/3251/5394 3188/3252/5395 3187/3250/5393
f 3182/3251/5394 3183/3253/5396 3189/3254/5397 3188/3252/5395
f 3183/3253/5396 3184/3255/5398 3190/3256/5399 3189/3254/5397
f 3184/3255/5398 3179/3245/5388 3185/3248/5391 3190/3256/5399
f 3185/3248/5391 3186/3247/5390 3192/3257/5400 3191/3258/5401
f 3186/3247/5390 3187/3250/5393 3193/3259/5402 3192/3257/5400
f 3187/3250/5393 3188/3252/5395 3194/3260/5403 3193/3259/5402
f 3188/3252/5395 3189/3254/5397 3195/3261/5404 3194/3260/5403
f 3189/3254/5397 3190/3256/5399 3196/3262/5405 3195/3261/5404
f 3190/3256/5399 3185/3248/5391 3191/3258/5401 3196/3262/5405
f 3191/3258/5401 3192/3257/5400 3197/3263/5406
f 3192/3257/5400 3193/3259/5402 3197/3263/5406
f 3193/3259/5402 3194/3260/5403 3197/3263/5406
f 3194/3260/5403 3195/3261/5404 3197/3263/5406
f 3195/3261/5404 3196/3262/5405 3197/3263/5406
f 3196/3262/5405 3191/3258/5401 3197/3263/5406
g default
v -30.935527 15.268642 3.042935
v -30.462039 14.527955 9.528444
v -35.987427 14.146191 13.713542
v -41.940277 14.758810 10.950378
v -32.616172 13.523312 4.212518
v -32.563491 13.044858 8.273875
v -36.196039 12.746149 11.177494
v -40.032232 13.124860 9.539576
v -34.377749 12.154402 5.448194
v -34.566166 11.907192 7.243245
v -36.403539 11.775701 8.648560
v -38.109752 11.943250 8.129008
v -36.217668 11.502712 6.757505
vt 1.018876 0.279029
vt 0.905512 0.277594
vt 0.863715 0.513130
vt 0.807966 0.420510
vt 0.569036 0.503582
vt 0.626647 0.412391
vt 0.429506 0.259929
vt 0.542870 0.261355
vt 0.807235 0.274822
vt 0.761050 0.339456
vt 0.678007 0.334106
vt 0.641147 0.264122
vt 0.724191 0.269472
vn 0.646148 -0.753819 -0.119371
vn 0.519112 -0.835537 0.180001
vn 0.505833 -0.847706 0.159776
vn 0.628015 -0.769825 -0.113871
vn 0.042067 -0.877170 0.478334
vn 0.058909 -0.890047 0.452047
vn -0.304758 -0.813995 0.494505
vn -0.291461 -0.831641 0.472678
vn 0.410585 -0.901977 0.133630
vn 0.527081 -0.844846 -0.091765
vn 0.068713 -0.937424 0.341342
vn -0.229032 -0.903515 0.362222
vn 0.122571 -0.989286 0.079303
s 1
g polySurface151 all polySurface174
usemtl aiStandardSurface1SG
f 3198/3264/5407 3199/3266/5408 3203/3267/5409 3202/3265/5410
f 3199/3266/5408 3200/3268/5411 3204/3269/5412 3203/3267/5409
f 3200/3268/5411 3201/3270/5413 3205/3271/5414 3204/3269/5412
f 3202/3265/5410 3203/3267/5409 3207/3273/5415 3206/3272/5416
f 3203/3267/5409 3204/3269/5412 3208/3274/5417 3207/3273/5415
f 3204/3269/5412 3205/3271/5414 3209/3275/5418 3208/3274/5417
f 3206/3272/5416 3207/3273/5415 3210/3276/5419
f 3207/3273/5415 3208/3274/5417 3210/3276/5419
f 3208/3274/5417 3209/3275/5418 3210/3276/5419
g default
v -30.951903 15.268645 3.073741
v -38.869198 14.527950 -2.101173
v -44.651692 14.146178 1.726635
v -41.942397 14.758778 11.000995
v -32.583535 13.523317 4.311435
v -37.569659 13.044852 1.370516
v -41.558647 12.746134 3.778800
v -39.988220 13.124832 9.654301
v -34.306336 12.154412 5.600997
v -36.534236 11.907195 4.561839
v -38.473854 11.775692 5.825068
v -38.032456 11.943280 8.289987
v -36.128037 11.502728 6.935625
vt 1.018876 0.279029
vt 0.905512 0.277594
vt 0.863715 0.513130
vt 0.807966 0.420510
vt 0.569036 0.503582
vt 0.626647 0.412391
vt 0.429506 0.259929
vt 0.542870 0.261355
vt 0.807235 0.274822
vt 0.761050 0.339456
vt 0.678007 0.334106
vt 0.641147 0.264122
vt 0.724191 0.269472
vn 0.388807 -0.772461 -0.502128
vn 0.372835 -0.791430 -0.484389
vn 0.123720 -0.893404 -0.431883
vn 0.032030 -0.906046 -0.421966
vn -0.352360 -0.933368 -0.068317
vn -0.324750 -0.935604 -0.138503
vn -0.496408 -0.846711 0.191469
vn -0.525165 -0.826571 0.202440
vn 0.307108 -0.863218 -0.400673
vn 0.105530 -0.930888 -0.349731
vn -0.258371 -0.964255 -0.058795
vn -0.377771 -0.913656 0.150075
vn -0.000083 -0.996367 -0.085166
s 1
g polySurface151 all polySurface173
usemtl aiStandardSurface1SG
f 3211/3277/5420 3215/3278/5421 3216/3280/5422 3212/3279/5423
f 3212/3279/5423 3216/3280/5422 3217/3282/5424 3213/3281/5425
f 3213/3281/5425 3217/3282/5424 3218/3284/5426 3214/3283/5427
f 3215/3278/5421 3219/3285/5428 3220/3286/5429 3216/3280/5422
f 3216/3280/5422 3220/3286/5429 3221/3287/5430 3217/3282/5424
f 3217/3282/5424 3221/3287/5430 3222/3288/5431 3218/3284/5426
f 3219/3285/5428 3223/3289/5432 3220/3286/5429
f 3220/3286/5429 3223/3289/5432 3221/3287/5430
f 3221/3287/5430 3223/3289/5432 3222/3288/5431
g default
v -45.998932 17.916383 1.150249
v -46.894263 13.160453 5.157433
v -44.015270 13.554368 11.119356
v -40.203418 18.551647 12.623379
v -39.449070 23.199939 8.347919
v -42.365269 22.895807 2.794712
v -46.308609 18.754167 3.597281
v -46.939280 15.420487 6.176357
v -45.024607 15.762506 10.244391
v -42.452142 19.347345 11.511923
v -41.950704 22.687000 8.933766
v -43.878896 22.421598 5.041522
v -46.395497 19.528337 6.127243
v -46.702777 17.760694 7.341970
v -45.746443 17.948795 9.396092
v -44.464607 19.861333 10.169266
v -44.151011 21.634645 8.952317
v -45.108735 21.489162 6.947530
v -45.846038 19.933990 8.356042
vt 0.432601 0.259594
vt 0.581502 0.005108
vt 0.634186 0.099232
vt 0.540597 0.254748
vt 0.862204 -0.001361
vt 0.806894 0.097605
vt 0.994008 0.246642
vt 0.886013 0.251488
vt 0.845120 0.501121
vt 0.792428 0.407002
vt 0.564419 0.507604
vt 0.619721 0.408634
vt 0.678511 0.181705
vt 0.634215 0.252152
vt 0.757602 0.182671
vt 0.792397 0.254084
vt 0.748101 0.324531
vt 0.669010 0.323565
vt 0.713306 0.253118
vn -0.893758 0.367851 -0.256676
vn -0.983835 -0.088508 0.155678
vn -0.985328 -0.063346 0.158479
vn -0.894823 0.381736 -0.231448
vn -0.701627 -0.071921 0.708906
vn -0.726158 -0.063925 0.684550
vn -0.288367 0.374690 0.881165
vn -0.328565 0.377037 0.865961
vn -0.144473 0.903411 0.403704
vn -0.201581 0.867563 0.454643
vn -0.526737 0.832230 -0.173036
vn -0.526127 0.842598 -0.114976
vn -0.978692 0.031657 0.202878
vn -0.910557 0.398893 -0.108494
vn -0.772773 0.019638 0.634379
vn -0.507759 0.353517 0.785625
vn -0.441086 0.762440 0.473422
vn -0.662400 0.749144 0.003181
vn -0.838554 0.403568 0.366005
s 1
g polySurface151 all polySurface178
usemtl aiStandardSurface1SG
f 3224/3290/5433 3225/3291/5434 3231/3292/5435 3230/3293/5436
f 3225/3291/5434 3226/3294/5437 3232/3295/5438 3231/3292/5435
f 3226/3294/5437 3227/3296/5439 3233/3297/5440 3232/3295/5438
f 3227/3296/5439 3228/3298/5441 3234/3299/5442 3233/3297/5440
f 3228/3298/5441 3229/3300/5443 3235/3301/5444 3234/3299/5442
f 3229/3300/5443 3224/3290/5433 3230/3293/5436 3235/3301/5444
f 3230/3293/5436 3231/3292/5435 3237/3302/5445 3236/3303/5446
f 3231/3292/5435 3232/3295/5438 3238/3304/5447 3237/3302/5445
f 3232/3295/5438 3233/3297/5440 3239/3305/5448 3238/3304/5447
f 3233/3297/5440 3234/3299/5442 3240/3306/5449 3239/3305/5448
f 3234/3299/5442 3235/3301/5444 3241/3307/5450 3240/3306/5449
f 3235/3301/5444 3230/3293/5436 3236/3303/5446 3241/3307/5450
f 3236/3303/5446 3237/3302/5445 3242/3308/5451
f 3237/3302/5445 3238/3304/5447 3242/3308/5451
f 3238/3304/5447 3239/3305/5448 3242/3308/5451
f 3239/3305/5448 3240/3306/5449 3242/3308/5451
f 3240/3306/5449 3241/3307/5450 3242/3308/5451
f 3241/3307/5450 3236/3303/5446 3242/3308/5451
g default
v -35.184417 18.944750 15.885107
v -30.543994 18.846986 11.895552
v -29.467780 22.371132 6.753438
v -34.545007 25.647667 4.880173
v -39.910696 25.954134 7.049500
v -39.883936 22.662959 13.400099
v -34.361884 21.116337 15.182343
v -31.630104 21.164442 12.093010
v -31.029380 23.692612 8.517760
v -34.601564 25.784220 7.459501
v -37.826139 25.595612 8.959479
v -37.527587 23.679982 13.482371
v -34.420523 22.734156 13.347511
v -32.969466 22.786717 11.900652
v -32.797808 24.128390 9.957968
v -34.534728 25.477227 9.175647
v -36.194966 25.468682 10.123695
v -35.992997 24.037213 12.508375
v -34.554602 24.520878 11.193874
vt 0.575719 0.023626
vt 0.865051 0.028492
vt 0.809904 0.118857
vt 0.631844 0.113662
vt 1.005691 0.265464
vt 0.894423 0.265791
vt 0.857013 0.497565
vt 0.800888 0.407530
vt 0.567694 0.492706
vt 0.622832 0.402338
vt 0.427042 0.255742
vt 0.538309 0.255406
vt 0.760699 0.196463
vt 0.679125 0.192485
vt 0.797940 0.264576
vt 0.753608 0.328709
vt 0.672035 0.324729
vt 0.634793 0.256617
vt 0.716366 0.260596
vn 0.251449 0.284204 0.925204
vn 0.779146 0.263111 0.568950
vn 0.745464 0.351474 0.566348
vn 0.314521 0.364394 0.876523
vn 0.752009 0.624338 0.211387
vn 0.700412 0.679845 0.217332
vn 0.327737 0.944356 -0.027931
vn 0.293703 0.955581 0.024578
vn -0.140677 0.963516 0.227699
vn -0.157927 0.947642 0.277549
vn -0.280939 0.697635 0.659074
vn -0.185586 0.693618 0.696026
vn 0.581922 0.616887 0.529922
vn 0.420635 0.679158 0.601507
vn 0.546126 0.738270 0.395858
vn 0.297700 0.927622 0.225593
vn -0.006730 0.939931 0.341299
vn 0.100531 0.829115 0.549966
vn 0.361743 0.787917 0.498325
s 1
g polySurface151 all polySurface177
usemtl aiStandardSurface1SG
f 3243/3309/5452 3244/3310/5453 3250/3311/5454 3249/3312/5455
f 3244/3310/5453 3245/3313/5456 3251/3314/5457 3250/3311/5454
f 3245/3313/5456 3246/3315/5458 3252/3316/5459 3251/3314/5457
f 3246/3315/5458 3247/3317/5460 3253/3318/5461 3252/3316/5459
f 3247/3317/5460 3248/3319/5462 3254/3320/5463 3253/3318/5461
f 3248/3319/5462 3243/3309/5452 3249/3312/5455 3254/3320/5463
f 3249/3312/5455 3250/3311/5454 3256/3321/5464 3255/3322/5465
f 3250/3311/5454 3251/3314/5457 3257/3323/5466 3256/3321/5464
f 3251/3314/5457 3252/3316/5459 3258/3324/5467 3257/3323/5466
f 3252/3316/5459 3253/3318/5461 3259/3325/5468 3258/3324/5467
f 3253/3318/5461 3254/3320/5463 3260/3326/5469 3259/3325/5468
f 3254/3320/5463 3249/3312/5455 3255/3322/5465 3260/3326/5469
f 3255/3322/5465 3256/3321/5464 3261/3327/5470
f 3256/3321/5464 3257/3323/5466 3261/3327/5470
f 3257/3323/5466 3258/3324/5467 3261/3327/5470
f 3258/3324/5467 3259/3325/5468 3261/3327/5470
f 3259/3325/5468 3260/3326/5469 3261/3327/5470
f 3260/3326/5469 3255/3322/5465 3261/3327/5470
g default
v -35.377892 22.567270 0.404470
v -40.160706 19.357027 -2.422753
v -44.972282 19.531490 0.528494
v -45.180219 21.729909 5.502687
v -40.098648 24.771562 8.263059
v -35.601495 24.757188 5.370711
v -37.177736 23.760732 0.837563
v -40.438676 21.232686 -1.312712
v -43.744236 21.350219 0.641479
v -44.035046 23.122991 4.137428
v -40.685452 25.640802 6.294088
v -37.545884 25.542766 4.328507
v -39.289710 24.290842 1.086787
v -40.819200 23.069421 0.054050
v -42.544347 23.031173 0.956981
v -42.729447 24.124767 2.835344
v -40.901484 25.286537 4.276542
v -39.289116 25.211173 3.282716
v -41.003251 24.193414 1.942249
vt 0.432601 0.259594
vt 0.581502 0.005108
vt 0.634186 0.099232
vt 0.540597 0.254748
vt 0.862204 -0.001361
vt 0.806894 0.097605
vt 0.994008 0.246642
vt 0.886013 0.251488
vt 0.845120 0.501121
vt 0.792428 0.407002
vt 0.564419 0.507604
vt 0.619721 0.408634
vt 0.678511 0.181705
vt 0.634215 0.252152
vt 0.757602 0.182671
vt 0.792397 0.254084
vt 0.748101 0.324531
vt 0.669010 0.323565
vt 0.713306 0.253118
vn 0.311052 0.684150 -0.659686
vn -0.173670 0.476291 -0.861966
vn -0.142927 0.502040 -0.852953
vn 0.276260 0.734441 -0.619900
vn -0.687644 0.467024 -0.555909
vn -0.660675 0.482354 -0.575190
vn -0.778591 0.625828 0.046205
vn -0.750974 0.660327 0.002505
vn -0.254653 0.890578 0.376858
vn -0.317045 0.909688 0.268236
vn 0.391866 0.918476 -0.053312
vn 0.285572 0.955442 -0.074689
vn -0.182987 0.600115 -0.778702
vn 0.035500 0.783843 -0.619944
vn -0.569984 0.580877 -0.581120
vn -0.610097 0.754257 -0.242647
vn -0.357889 0.923707 -0.136682
vn -0.000186 0.944451 -0.328652
vn -0.261897 0.854704 -0.448209
s 1
g polySurface151 all polySurface176
usemtl aiStandardSurface1SG
f 3262/3328/5471 3263/3329/5472 3269/3330/5473 3268/3331/5474
f 3263/3329/5472 3264/3332/5475 3270/3333/5476 3269/3330/5473
f 3264/3332/5475 3265/3334/5477 3271/3335/5478 3270/3333/5476
f 3265/3334/5477 3266/3336/5479 3272/3337/5480 3271/3335/5478
f 3266/3336/5479 3267/3338/5481 3273/3339/5482 3272/3337/5480
f 3267/3338/5481 3262/3328/5471 3268/3331/5474 3273/3339/5482
f 3268/3331/5474 3269/3330/5473 3275/3340/5483 3274/3341/5484
f 3269/3330/5473 3270/3333/5476 3276/3342/5485 3275/3340/5483
f 3270/3333/5476 3271/3335/5478 3277/3343/5486 3276/3342/5485
f 3271/3335/5478 3272/3337/5480 3278/3344/5487 3277/3343/5486
f 3272/3337/5480 3273/3339/5482 3279/3345/5488 3278/3344/5487
f 3273/3339/5482 3268/3331/5474 3274/3341/5484 3279/3345/5488
f 3274/3341/5484 3275/3340/5483 3280/3346/5489
f 3275/3340/5483 3276/3342/5485 3280/3346/5489
f 3276/3342/5485 3277/3343/5486 3280/3346/5489
f 3277/3343/5486 3278/3344/5487 3280/3346/5489
f 3278/3344/5487 3279/3345/5488 3280/3346/5489
f 3279/3345/5488 3274/3341/5484 3280/3346/5489
g default
v -44.044570 14.183908 4.130573
v -41.806071 10.622194 6.346283
v -38.814194 11.443302 10.557546
v -38.118025 16.257235 12.278052
v -44.190385 14.579858 6.326226
v -42.676077 12.272069 7.846107
v -40.737770 12.719272 10.641696
v -40.328664 15.880984 11.763435
v -44.149039 14.988625 8.300933
v -43.372051 13.801553 9.100448
v -42.413951 14.065534 10.479670
v -42.234999 15.634729 11.025950
v -43.597222 15.353569 9.927981
vt 1.018876 0.279029
vt 0.905512 0.277594
vt 0.863715 0.513130
vt 0.807966 0.420510
vt 0.569036 0.503582
vt 0.626647 0.412391
vt 0.429506 0.259929
vt 0.542870 0.261355
vt 0.807235 0.274822
vt 0.761050 0.339456
vt 0.678007 0.334106
vt 0.641147 0.264122
vt 0.724191 0.269472
vn -0.855603 -0.515209 0.050031
vn -0.698160 -0.656327 0.286018
vn -0.705231 -0.643051 0.298556
vn -0.858349 -0.508598 0.067563
vn -0.358089 -0.564094 0.744023
vn -0.378071 -0.542508 0.750164
vn -0.165083 -0.310703 0.936062
vn -0.203285 -0.303799 0.930796
vn -0.743480 -0.568449 0.352283
vn -0.870239 -0.468168 0.153307
vn -0.486801 -0.468828 0.737038
vn -0.354215 -0.271813 0.894790
vn -0.739325 -0.320804 0.592016
s 1
g polySurface151 all polySurface169
usemtl aiStandardSurface1SG
f 3281/3347/5490 3282/3349/5491 3286/3350/5492 3285/3348/5493
f 3282/3349/5491 3283/3351/5494 3287/3352/5495 3286/3350/5492
f 3283/3351/5494 3284/3353/5496 3288/3354/5497 3287/3352/5495
f 3285/3348/5493 3286/3350/5492 3290/3356/5498 3289/3355/5499
f 3286/3350/5492 3287/3352/5495 3291/3357/5500 3290/3356/5498
f 3287/3352/5495 3288/3354/5497 3292/3358/5501 3291/3357/5500
f 3289/3355/5499 3290/3356/5498 3293/3359/5502
f 3290/3356/5498 3291/3357/5500 3293/3359/5502
f 3291/3357/5500 3292/3358/5501 3293/3359/5502
g default
v -42.701740 17.197318 -0.558028
v -44.242806 10.393998 2.293611
v -43.853204 10.219504 8.912227
v -41.702463 15.218090 12.265143
v -39.970242 21.969097 9.054058
v -40.556580 22.176210 2.805207
v -43.967959 17.686843 1.643920
v -44.930554 12.610315 3.422161
v -44.719220 12.441571 7.926009
v -43.439794 16.086615 10.452983
v -42.430723 21.199058 8.587611
v -42.728888 21.301210 4.247267
v -44.980228 17.337188 3.984572
v -45.423061 14.909571 4.800718
v -45.327811 14.659983 7.072322
v -44.761311 16.728173 8.474124
v -44.319851 19.280654 7.660601
v -44.441076 19.321292 5.438068
v -45.356390 16.789706 6.282572
vt 0.432601 0.259594
vt 0.581502 0.005108
vt 0.634186 0.099232
vt 0.540597 0.254748
vt 0.862204 -0.001361
vt 0.806894 0.097605
vt 0.994008 0.246642
vt 0.886013 0.251488
vt 0.845120 0.501121
vt 0.792428 0.407002
vt 0.564419 0.507604
vt 0.619721 0.408634
vt 0.678511 0.181705
vt 0.634215 0.252152
vt 0.757602 0.182671
vt 0.792397 0.254084
vt 0.748101 0.324531
vt 0.669010 0.323565
vt 0.713306 0.253118
vn -0.799894 0.270669 -0.535639
vn -0.954032 -0.183386 -0.237052
vn -0.955177 -0.147338 -0.256764
vn -0.812991 0.315613 -0.489320
vn -0.906271 -0.224968 0.357857
vn -0.920811 -0.213522 0.326366
vn -0.634445 0.184835 0.750544
vn -0.670433 0.194311 0.716074
vn -0.418834 0.766298 0.487201
vn -0.521662 0.703942 0.482011
vn -0.520204 0.806077 -0.282184
vn -0.588664 0.783420 -0.199318
vn -0.979006 -0.068561 -0.191953
vn -0.909968 0.257026 -0.325417
vn -0.954745 -0.134764 0.265141
vn -0.825841 0.165113 0.539189
vn -0.786945 0.500449 0.360927
vn -0.822271 0.558041 -0.111625
vn -0.978293 0.193786 0.073420
s 1
g polySurface151 all polySurface168
usemtl aiStandardSurface1SG
f 3294/3360/5503 3295/3361/5504 3301/3362/5505 3300/3363/5506
f 3295/3361/5504 3296/3364/5507 3302/3365/5508 3301/3362/5505
f 3296/3364/5507 3297/3366/5509 3303/3367/5510 3302/3365/5508
f 3297/3366/5509 3298/3368/5511 3304/3369/5512 3303/3367/5510
f 3298/3368/5511 3299/3370/5513 3305/3371/5514 3304/3369/5512
f 3299/3370/5513 3294/3360/5503 3300/3363/5506 3305/3371/5514
f 3300/3363/5506 3301/3362/5505 3307/3372/5515 3306/3373/5516
f 3301/3362/5505 3302/3365/5508 3308/3374/5517 3307/3372/5515
f 3302/3365/5508 3303/3367/5510 3309/3375/5518 3308/3374/5517
f 3303/3367/5510 3304/3369/5512 3310/3376/5519 3309/3375/5518
f 3304/3369/5512 3305/3371/5514 3311/3377/5520 3310/3376/5519
f 3305/3371/5514 3300/3363/5506 3306/3373/5516 3311/3377/5520
f 3306/3373/5516 3307/3372/5515 3312/3378/5521
f 3307/3372/5515 3308/3374/5517 3312/3378/5521
f 3308/3374/5517 3309/3375/5518 3312/3378/5521
f 3309/3375/5518 3310/3376/5519 3312/3378/5521
f 3310/3376/5519 3311/3377/5520 3312/3378/5521
f 3311/3377/5520 3306/3373/5516 3312/3378/5521
g default
v -33.233839 15.951422 0.206007
v -35.166196 11.395915 1.101868
v -39.966530 10.248160 4.170783
v -42.576609 14.148325 6.402856
v -35.511192 16.026308 0.043665
v -36.849154 13.039767 0.674697
v -40.070579 12.171257 2.696261
v -41.820700 14.722303 4.172735
v -37.665337 16.024142 0.181120
v -38.364980 14.489875 0.495072
v -39.967149 14.097265 1.515678
v -40.844677 15.360760 2.251077
v -39.515113 15.832825 0.839696
vt 1.018876 0.279029
vt 0.905512 0.277594
vt 0.863715 0.513130
vt 0.807966 0.420510
vt 0.569036 0.503582
vt 0.626647 0.412391
vt 0.429506 0.259929
vt 0.542870 0.261355
vt 0.807235 0.274822
vt 0.761050 0.339456
vt 0.678007 0.334106
vt 0.641147 0.264122
vt 0.724191 0.269472
vn 0.050022 -0.218968 -0.974449
vn -0.167284 -0.427632 -0.888339
vn -0.180014 -0.403948 -0.896895
vn 0.023395 -0.209383 -0.977554
vn -0.627183 -0.489447 -0.605874
vn -0.613558 -0.471954 -0.633093
vn -0.851643 -0.352768 -0.387633
vn -0.845143 -0.332728 -0.418361
vn -0.264055 -0.320121 -0.909834
vn -0.094265 -0.162082 -0.982265
vn -0.612421 -0.364112 -0.701686
vn -0.807809 -0.246263 -0.535537
vn -0.518867 -0.119642 -0.846441
s 1
g polySurface151 all polySurface166
usemtl aiStandardSurface1SG
f 3313/3379/5522 3314/3381/5523 3318/3382/5524 3317/3380/5525
f 3314/3381/5523 3315/3383/5526 3319/3384/5527 3318/3382/5524
f 3315/3383/5526 3316/3385/5528 3320/3386/5529 3319/3384/5527
f 3317/3380/5525 3318/3382/5524 3322/3388/5530 3321/3387/5531
f 3318/3382/5524 3319/3384/5527 3323/3389/5532 3322/3388/5530
f 3319/3384/5527 3320/3386/5529 3324/3390/5533 3323/3389/5532
f 3321/3387/5531 3322/3388/5530 3325/3391/5534
f 3322/3388/5530 3323/3389/5532 3325/3391/5534
f 3323/3389/5532 3324/3390/5533 3325/3391/5534
g default
v -37.052351 13.983232 11.904136
v -36.169664 10.421518 8.880708
v -33.890812 11.242627 4.244664
v -32.709280 16.056560 2.813311
v -35.052101 14.379182 10.986987
v -34.436521 12.071393 8.931694
v -32.900976 12.518596 5.896163
v -32.109315 15.680309 5.002328
v -33.335260 14.787950 10.010445
v -33.002112 13.600878 8.946517
v -32.245409 13.864859 7.447313
v -31.850220 15.434053 7.029855
v -32.167186 15.152893 8.750529
vt 1.018876 0.279029
vt 0.905512 0.277594
vt 0.863715 0.513130
vt 0.807966 0.420510
vt 0.569036 0.503582
vt 0.626647 0.412391
vt 0.429506 0.259929
vt 0.542870 0.261355
vt 0.807235 0.274822
vt 0.761050 0.339456
vt 0.678007 0.334106
vt 0.641147 0.264122
vt 0.724191 0.269472
vn 0.451359 -0.515209 0.728584
vn 0.583922 -0.656328 0.477775
vn 0.598314 -0.643051 0.478023
vn 0.468084 -0.508598 0.722652
vn 0.824773 -0.564094 -0.039341
vn 0.839687 -0.542508 -0.024692
vn 0.901756 -0.310703 -0.300498
vn 0.915314 -0.303799 -0.264398
vn 0.663772 -0.568449 0.486079
vn 0.549147 -0.468167 0.692284
vn 0.879912 -0.468827 0.077173
vn 0.955511 -0.271813 -0.114528
vn 0.872612 -0.320804 0.368285
s 1
g polySurface151 all polySurface171
usemtl aiStandardSurface1SG
f 3326/3392/5535 3327/3394/5536 3331/3395/5537 3330/3393/5538
f 3327/3394/5536 3328/3396/5539 3332/3397/5540 3331/3395/5537
f 3328/3396/5539 3329/3398/5541 3333/3399/5542 3332/3397/5540
f 3330/3393/5538 3331/3395/5537 3335/3401/5543 3334/3400/5544
f 3331/3395/5537 3332/3397/5540 3336/3402/5545 3335/3401/5543
f 3332/3397/5540 3333/3399/5542 3337/3403/5546 3336/3402/5545
f 3334/3400/5544 3335/3401/5543 3338/3404/5547
f 3335/3401/5543 3336/3402/5545 3338/3404/5547
f 3336/3402/5545 3337/3403/5546 3338/3404/5547
g default
v -42.456619 14.183908 12.813033
v -39.465937 10.622194 11.825066
v -34.355230 11.443302 11.072250
v -32.506228 16.257235 11.233447
v -40.566716 14.579858 13.940165
v -38.524870 12.272069 13.281354
v -35.153912 12.719272 12.824200
v -33.968735 15.880984 12.969198
v -38.788652 14.988625 14.800203
v -37.723464 13.801553 14.471103
v -36.059552 14.065534 14.243937
v -35.491589 15.634729 14.332617
v -37.088475 15.353569 15.047558
vt 1.018876 0.279029
vt 0.905512 0.277594
vt 0.863715 0.513130
vt 0.807966 0.420510
vt 0.569036 0.503582
vt 0.626647 0.412391
vt 0.429506 0.259929
vt 0.542870 0.261355
vt 0.807235 0.274822
vt 0.761050 0.339456
vt 0.678007 0.334106
vt 0.641147 0.264122
vt 0.724191 0.269472
vn -0.344026 -0.515209 0.784988
vn -0.062275 -0.656327 0.751902
vn -0.054316 -0.643051 0.763895
vn -0.329653 -0.508598 0.795397
vn 0.500220 -0.564094 0.656946
vn 0.496616 -0.542508 0.677538
vn 0.758969 -0.310703 0.572215
vn 0.736927 -0.303799 0.603858
vn -0.023822 -0.568449 0.822374
vn -0.258664 -0.468167 0.844934
vn 0.435538 -0.468828 0.768445
vn 0.636299 -0.271813 0.721970
vn 0.191645 -0.320804 0.927554
s 1
g polySurface151 all polySurface170
usemtl aiStandardSurface1SG
f 3339/3405/5548 3340/3407/5549 3344/3408/5550 3343/3406/5551
f 3340/3407/5549 3341/3409/5552 3345/3410/5553 3344/3408/5550
f 3341/3409/5552 3342/3411/5554 3346/3412/5555 3345/3410/5553
f 3343/3406/5551 3344/3408/5550 3348/3414/5556 3347/3413/5557
f 3344/3408/5550 3345/3410/5553 3349/3415/5558 3348/3414/5556
f 3345/3410/5553 3346/3412/5555 3350/3416/5559 3349/3415/5558
f 3347/3413/5557 3348/3414/5556 3351/3417/5560
f 3348/3414/5556 3349/3415/5558 3351/3417/5560
f 3349/3415/5558 3350/3416/5559 3351/3417/5560
g default
v -31.767675 14.837330 11.207915
v -30.599601 10.819264 8.418656
v -28.480707 10.897623 3.007285
v -27.787227 15.445715 0.590694
v -29.831030 15.223358 10.059574
v -29.033307 12.606641 8.155838
v -27.586322 12.557304 4.533352
v -27.107674 15.541135 2.915214
v -28.167741 15.563238 8.726459
v -27.741979 14.219172 7.749601
v -27.032344 14.235436 5.944364
v -26.789018 15.715531 5.133561
v -27.051073 15.755590 7.111516
vt 1.018876 0.279029
vt 0.905512 0.277594
vt 0.863715 0.513130
vt 0.807966 0.420510
vt 0.569036 0.503582
vt 0.626647 0.412391
vt 0.429506 0.259929
vt 0.542870 0.261355
vt 0.807235 0.274822
vt 0.761050 0.339456
vt 0.678007 0.334106
vt 0.641147 0.264122
vt 0.724191 0.269472
vn 0.537133 -0.375209 0.755451
vn 0.668466 -0.532984 0.518731
vn 0.683117 -0.509324 0.523393
vn 0.560236 -0.362385 0.744857
vn 0.876878 -0.480304 0.019828
vn 0.881314 -0.469555 0.052955
vn 0.926733 -0.279014 -0.251630
vn 0.938922 -0.265274 -0.219215
vn 0.756361 -0.417044 0.503976
vn 0.656906 -0.299462 0.691951
vn 0.917560 -0.375293 0.131295
vn 0.974961 -0.204942 -0.086319
vn 0.919782 -0.173437 0.352023
s 1
g polySurface151 all polySurface165
usemtl aiStandardSurface1SG
f 3352/3418/5561 3353/3420/5562 3357/3421/5563 3356/3419/5564
f 3353/3420/5562 3354/3422/5565 3358/3423/5566 3357/3421/5563
f 3354/3422/5565 3355/3424/5567 3359/3425/5568 3358/3423/5566
f 3356/3419/5564 3357/3421/5563 3361/3427/5569 3360/3426/5570
f 3357/3421/5563 3358/3423/5566 3362/3428/5571 3361/3427/5569
f 3358/3423/5566 3359/3425/5568 3363/3429/5572 3362/3428/5571
f 3360/3426/5570 3361/3427/5569 3364/3430/5573
f 3361/3427/5569 3362/3428/5571 3364/3430/5573
f 3362/3428/5571 3363/3429/5572 3364/3430/5573
g default
v -30.478994 12.644685 16.668765
v -27.129260 15.201260 12.229976
v -27.934119 20.627067 9.078468
v -33.687737 23.133487 9.876452
v -38.252319 21.323545 12.955285
v -36.086352 15.878905 17.062137
v -30.080792 15.101647 16.949084
v -28.224193 17.084610 13.873112
v -28.927502 20.898630 11.754156
v -32.775736 22.460166 12.591541
v -35.451495 20.935075 14.405083
v -33.647887 17.542409 17.529228
v -30.389043 17.652736 16.688485
v -29.336098 18.667724 15.260081
v -29.814286 20.718992 14.191023
v -31.858092 21.827171 14.428176
v -33.171635 21.074384 15.592214
v -32.123767 18.924240 17.048969
v -30.977966 20.374084 16.097713
vt 0.575719 0.023626
vt 0.865051 0.028492
vt 0.809904 0.118857
vt 0.631844 0.113662
vt 1.005691 0.265464
vt 0.894423 0.265791
vt 0.857013 0.497565
vt 0.800888 0.407530
vt 0.567694 0.492706
vt 0.622832 0.402338
vt 0.427042 0.255742
vt 0.538309 0.255406
vt 0.760699 0.196463
vt 0.679125 0.192485
vt 0.797940 0.264576
vt 0.753608 0.328709
vt 0.672035 0.324729
vt 0.634793 0.256617
vt 0.716366 0.260596
vn 0.439887 -0.159647 0.883749
vn 0.904664 0.126727 0.406845
vn 0.892917 0.158605 0.421359
vn 0.487637 -0.101356 0.867143
vn 0.732767 0.649437 0.203183
vn 0.701605 0.681878 0.206863
vn 0.141264 0.962955 0.229701
vn 0.122626 0.959854 0.252278
vn -0.296940 0.731802 0.613427
vn -0.318568 0.686946 0.653161
vn -0.265789 0.231027 0.935939
vn -0.179363 0.199935 0.963252
vn 0.831044 0.267327 0.487752
vn 0.549085 0.139794 0.823992
vn 0.699938 0.645774 0.305063
vn 0.171460 0.930586 0.323436
vn -0.261580 0.689736 0.675159
vn -0.036254 0.356165 0.933720
vn 0.401291 0.567770 0.718751
s 1
g polySurface151 all polySurface160
usemtl aiStandardSurface1SG
f 3365/3431/5574 3366/3432/5575 3372/3433/5576 3371/3434/5577
f 3366/3432/5575 3367/3435/5578 3373/3436/5579 3372/3433/5576
f 3367/3435/5578 3368/3437/5580 3374/3438/5581 3373/3436/5579
f 3368/3437/5580 3369/3439/5582 3375/3440/5583 3374/3438/5581
f 3369/3439/5582 3370/3441/5584 3376/3442/5585 3375/3440/5583
f 3370/3441/5584 3365/3431/5574 3371/3434/5577 3376/3442/5585
f 3371/3434/5577 3372/3433/5576 3378/3443/5586 3377/3444/5587
f 3372/3433/5576 3373/3436/5579 3379/3445/5588 3378/3443/5586
f 3373/3436/5579 3374/3438/5581 3380/3446/5589 3379/3445/5588
f 3374/3438/5581 3375/3440/5583 3381/3447/5590 3380/3446/5589
f 3375/3440/5583 3376/3442/5585 3382/3448/5591 3381/3447/5590
f 3376/3442/5585 3371/3434/5577 3377/3444/5587 3382/3448/5591
f 3377/3444/5587 3378/3443/5586 3383/3449/5592
f 3378/3443/5586 3379/3445/5588 3383/3449/5592
f 3379/3445/5588 3380/3446/5589 3383/3449/5592
f 3380/3446/5589 3381/3447/5590 3383/3449/5592
f 3381/3447/5590 3382/3448/5591 3383/3449/5592
f 3382/3448/5591 3377/3444/5587 3383/3449/5592
g default
v -22.764011 13.803857 5.729487
v -24.667467 13.700378 0.514864
v -27.665442 17.340969 -1.587939
v -28.430509 21.442298 1.226757
v -26.550838 21.875308 6.639276
v -26.112931 18.491378 9.246509
v -22.677606 15.599578 4.620339
v -23.750737 15.398216 0.968278
v -25.731847 17.849775 -0.446996
v -26.236839 20.531972 1.502788
v -25.479376 20.793022 5.338606
v -24.862079 18.722681 7.709577
v -22.865323 17.211135 3.630681
v -23.194071 17.048902 1.683050
v -24.120154 18.271295 0.916617
v -24.368362 19.655719 1.919661
v -24.535709 19.911155 4.176132
v -23.452694 18.720630 5.572182
v -23.143312 18.547271 2.576166
vt 0.584666 0.025813
vt 0.879358 0.035369
vt 0.821739 0.126555
vt 0.640415 0.118434
vt 1.018876 0.279029
vt 0.905512 0.277594
vt 0.863715 0.513130
vt 0.807966 0.420510
vt 0.569036 0.503582
vt 0.626647 0.412391
vt 0.429506 0.259929
vt 0.542870 0.261355
vt 0.770376 0.204838
vt 0.687332 0.199489
vt 0.807235 0.274822
vt 0.761050 0.339456
vt 0.678007 0.334106
vt 0.641147 0.264122
vt 0.724191 0.269472
vn 0.976340 -0.056132 0.208830
vn 0.755318 -0.195796 -0.625427
vn 0.795745 -0.162322 -0.583474
vn 0.986672 -0.063528 0.149809
vn 0.428705 0.328469 -0.841618
vn 0.471816 0.298380 -0.829674
vn 0.412247 0.766386 -0.492651
vn 0.431572 0.762320 -0.482302
vn 0.641826 0.756596 0.124985
vn 0.602886 0.795834 0.056358
vn 0.804265 0.323152 0.498729
vn 0.814489 0.328879 0.477961
vn 0.874251 -0.004979 -0.485449
vn 0.995567 0.033984 0.087698
vn 0.592902 0.348165 -0.726118
vn 0.537993 0.738109 -0.407134
vn 0.613167 0.788658 0.045228
vn 0.860632 0.379794 0.339218
vn 0.870448 0.469129 -0.149122
s 1
g polySurface151 all polySurface159
usemtl aiStandardSurface1SG
f 3384/3450/5593 3385/3451/5594 3391/3452/5595 3390/3453/5596
f 3385/3451/5594 3386/3454/5597 3392/3455/5598 3391/3452/5595
f 3386/3454/5597 3387/3456/5599 3393/3457/5600 3392/3455/5598
f 3387/3456/5599 3388/3458/5601 3394/3459/5602 3393/3457/5600
f 3388/3458/5601 3389/3460/5603 3395/3461/5604 3394/3459/5602
f 3389/3460/5603 3384/3450/5593 3390/3453/5596 3395/3461/5604
f 3390/3453/5596 3391/3452/5595 3397/3462/5605 3396/3463/5606
f 3391/3452/5595 3392/3455/5598 3398/3464/5607 3397/3462/5605
f 3392/3455/5598 3393/3457/5600 3399/3465/5608 3398/3464/5607
f 3393/3457/5600 3394/3459/5602 3400/3466/5609 3399/3465/5608
f 3394/3459/5602 3395/3461/5604 3401/3467/5610 3400/3466/5609
f 3395/3461/5604 3390/3453/5596 3396/3463/5606 3401/3467/5610
f 3396/3463/5606 3397/3462/5605 3402/3468/5611
f 3397/3462/5605 3398/3464/5607 3402/3468/5611
f 3398/3464/5607 3399/3465/5608 3402/3468/5611
f 3399/3465/5608 3400/3466/5609 3402/3468/5611
f 3400/3466/5609 3401/3467/5610 3402/3468/5611
f 3401/3467/5610 3396/3463/5606 3402/3468/5611
g default
v -33.163046 10.580099 14.878964
v -28.867699 12.088353 10.218305
v -28.684809 18.534990 7.417314
v -33.114555 22.532579 9.308730
v -38.288397 20.959699 13.923052
v -38.003342 14.727706 16.303027
v -32.250598 12.903710 14.937150
v -29.257009 13.998332 11.977345
v -28.882111 19.132495 9.918518
v -31.968921 21.981088 11.161238
v -35.636078 19.982278 14.321173
v -35.526912 15.768186 15.878524
v -31.377133 15.346032 15.035711
v -29.670624 16.246354 13.496924
v -29.601591 18.833765 12.407032
v -31.230923 20.341135 12.923816
v -32.986699 19.253072 14.450980
v -33.012312 16.797465 15.531096
v -30.943025 17.880628 14.441206
vt 0.558929 0.032311
vt 0.848222 0.025513
vt 0.796762 0.118027
vt 0.618637 0.120013
vt 0.998298 0.256624
vt 0.887134 0.261435
vt 0.859095 0.494529
vt 0.799387 0.406828
vt 0.569816 0.501334
vt 0.621267 0.408817
vt 0.419727 0.270231
vt 0.530891 0.265411
vt 0.750725 0.197553
vt 0.669056 0.196865
vt 0.790681 0.264109
vt 0.748969 0.329977
vt 0.667302 0.329289
vt 0.627345 0.262732
vt 0.709013 0.263421
vn 0.479052 -0.224684 0.848544
vn 0.923134 -0.155830 0.351483
vn 0.911296 -0.150201 0.383379
vn 0.497299 -0.229393 0.836704
vn 0.949944 0.310536 0.034266
vn 0.915484 0.393915 0.081975
vn 0.351499 0.909333 0.222623
vn 0.389419 0.870146 0.301990
vn 0.034449 0.638253 0.769056
vn 0.047535 0.626085 0.778305
vn 0.094677 0.152914 0.983694
vn 0.099899 0.143867 0.984542
vn 0.881331 -0.058828 0.468822
vn 0.507030 -0.173157 0.844356
vn 0.879830 0.332358 0.339762
vn 0.445950 0.706877 0.549047
vn 0.125853 0.562777 0.816972
vn 0.136453 0.162986 0.977147
vn 0.528909 0.317690 0.786974
s 1
g polySurface151 all polySurface157
usemtl aiStandardSurface1SG
f 3403/3469/5612 3404/3470/5613 3410/3471/5614 3409/3472/5615
f 3404/3470/5613 3405/3473/5616 3411/3474/5617 3410/3471/5614
f 3405/3473/5616 3406/3475/5618 3412/3476/5619 3411/3474/5617
f 3406/3475/5618 3407/3477/5620 3413/3478/5621 3412/3476/5619
f 3407/3477/5620 3408/3479/5622 3414/3480/5623 3413/3478/5621
f 3408/3479/5622 3403/3469/5612 3409/3472/5615 3414/3480/5623
f 3409/3472/5615 3410/3471/5614 3416/3481/5624 3415/3482/5625
f 3410/3471/5614 3411/3474/5617 3417/3483/5626 3416/3481/5624
f 3411/3474/5617 3412/3476/5619 3418/3484/5627 3417/3483/5626
f 3412/3476/5619 3413/3478/5621 3419/3485/5628 3418/3484/5627
f 3413/3478/5621 3414/3480/5623 3420/3486/5629 3419/3485/5628
f 3414/3480/5623 3409/3472/5615 3415/3482/5625 3420/3486/5629
f 3415/3482/5625 3416/3481/5624 3421/3487/5630
f 3416/3481/5624 3417/3483/5626 3421/3487/5630
f 3417/3483/5626 3418/3484/5627 3421/3487/5630
f 3418/3484/5627 3419/3485/5628 3421/3487/5630
f 3419/3485/5628 3420/3486/5629 3421/3487/5630
f 3420/3486/5629 3415/3482/5625 3421/3487/5630
g default
v -45.854774 17.277423 4.963149
v -45.011588 12.521494 8.819094
v -40.043984 12.915410 13.195855
v -36.059946 17.912687 13.286732
v -37.024470 22.560979 9.053732
v -41.867700 22.256849 5.068078
v -45.175500 18.115207 7.314366
v -44.657533 14.781528 9.775587
v -41.313823 15.123547 12.781328
v -38.555799 18.708385 13.122318
v -39.102495 22.048040 10.564758
v -42.390424 21.782640 7.726269
v -44.219761 18.889379 9.591752
v -43.987092 17.121736 10.757980
v -42.308356 17.309836 12.279768
v -40.880978 19.222373 12.583226
v -41.112658 20.995687 11.418996
v -42.774236 20.850202 9.944381
v -42.851468 19.295030 11.437842
vt 0.432601 0.259594
vt 0.581502 0.005108
vt 0.634186 0.099232
vt 0.540597 0.254748
vt 0.862204 -0.001361
vt 0.806894 0.097605
vt 0.994008 0.246642
vt 0.886013 0.251488
vt 0.845120 0.501121
vt 0.792428 0.407002
vt 0.564419 0.507604
vt 0.619721 0.408634
vt 0.678511 0.181705
vt 0.634215 0.252152
vt 0.757602 0.182671
vt 0.792397 0.254084
vt 0.748101 0.324531
vt 0.669010 0.323565
vt 0.713306 0.253118
vn -0.925288 0.358555 0.123609
vn -0.836567 -0.099937 0.538673
vn -0.837790 -0.073758 0.540988
vn -0.914978 0.375316 0.148165
vn -0.385156 -0.086864 0.918754
vn -0.417142 -0.076802 0.905591
vn 0.062335 0.361889 0.930135
vn 0.016972 0.365938 0.930484
vn 0.022545 0.903462 0.428076
vn -0.012292 0.866945 0.498252
vn -0.552164 0.832431 0.046618
vn -0.529306 0.842305 0.101768
vn -0.813136 0.018309 0.581785
vn -0.880556 0.387017 0.273567
vn -0.483430 0.003630 0.875376
vn -0.189908 0.336069 0.922493
vn -0.235543 0.754490 0.612588
vn -0.611942 0.742353 0.272834
vn -0.641499 0.363535 0.675515
s 1
g polySurface151 all polySurface155
usemtl aiStandardSurface1SG
f 3422/3488/5631 3423/3489/5632 3429/3490/5633 3428/3491/5634
f 3423/3489/5632 3424/3492/5635 3430/3493/5636 3429/3490/5633
f 3424/3492/5635 3425/3494/5637 3431/3495/5638 3430/3493/5636
f 3425/3494/5637 3426/3496/5639 3432/3497/5640 3431/3495/5638
f 3426/3496/5639 3427/3498/5641 3433/3499/5642 3432/3497/5640
f 3427/3498/5641 3422/3488/5631 3428/3491/5634 3433/3499/5642
f 3428/3491/5634 3429/3490/5633 3435/3500/5643 3434/3501/5644
f 3429/3490/5633 3430/3493/5636 3436/3502/5645 3435/3500/5643
f 3430/3493/5636 3431/3495/5638 3437/3503/5646 3436/3502/5645
f 3431/3495/5638 3432/3497/5640 3438/3504/5647 3437/3503/5646
f 3432/3497/5640 3433/3499/5642 3439/3505/5648 3438/3504/5647
f 3433/3499/5642 3428/3491/5634 3434/3501/5644 3439/3505/5648
f 3434/3501/5644 3435/3500/5643 3440/3506/5649
f 3435/3500/5643 3436/3502/5645 3440/3506/5649
f 3436/3502/5645 3437/3503/5646 3440/3506/5649
f 3437/3503/5646 3438/3504/5647 3440/3506/5649
f 3438/3504/5647 3439/3505/5648 3440/3506/5649
f 3439/3505/5648 3434/3501/5644 3440/3506/5649
g default
v -44.660376 10.294439 9.685636
v -40.718526 10.217268 8.420599
v -39.063362 12.932294 6.248407
v -41.138327 15.990924 5.595496
v -45.226946 16.313848 6.836987
v -47.182698 13.790230 7.086616
v -43.836397 11.633626 9.782650
v -41.083369 11.483456 9.090395
v -39.970453 13.311744 7.655732
v -41.408548 15.312034 7.222067
v -44.289224 15.506716 7.673685
v -46.074194 13.962727 8.063942
v -43.093397 12.835469 9.671877
v -41.632381 12.714481 9.484189
v -41.034005 13.626099 8.816631
v -41.774158 14.658555 8.602165
v -43.450724 14.849050 8.411086
v -44.522896 13.961198 9.177067
v -42.299411 13.831913 9.495742
vt 0.584666 0.025813
vt 0.879358 0.035369
vt 0.821739 0.126555
vt 0.640415 0.118434
vt 1.018876 0.279029
vt 0.905512 0.277594
vt 0.863715 0.513130
vt 0.807966 0.420510
vt 0.569036 0.503582
vt 0.626647 0.412391
vt 0.429506 0.259929
vt 0.542870 0.261355
vt 0.770376 0.204838
vt 0.687332 0.199489
vt 0.807235 0.274822
vt 0.761050 0.339456
vt 0.678007 0.334106
vt 0.641147 0.264122
vt 0.724191 0.269472
vn -0.247177 -0.056132 0.967343
vn 0.595148 -0.195796 0.779399
vn 0.551633 -0.162322 0.818140
vn -0.188610 -0.063528 0.979995
vn 0.824053 0.328469 0.461567
vn 0.810419 0.298380 0.504174
vn 0.476008 0.766386 0.431358
vn 0.464904 0.762319 0.450259
vn -0.150203 0.756596 0.636397
vn -0.080094 0.795834 0.600194
vn -0.530064 0.323152 0.783968
vn -0.509715 0.328879 0.795003
vn 0.450588 -0.004979 0.892718
vn -0.126898 0.033984 0.991333
vn 0.702167 0.348165 0.621081
vn 0.385598 0.738109 0.553633
vn -0.069378 0.788657 0.610906
vn -0.372900 0.379794 0.846583
vn 0.114673 0.469129 0.875653
s 1
g polySurface151 all1 polySurface159
usemtl aiStandardSurface1SG
f 3441/3507/5650 3442/3508/5651 3448/3509/5652 3447/3510/5653
f 3442/3508/5651 3443/3511/5654 3449/3512/5655 3448/3509/5652
f 3443/3511/5654 3444/3513/5656 3450/3514/5657 3449/3512/5655
f 3444/3513/5656 3445/3515/5658 3451/3516/5659 3450/3514/5657
f 3445/3515/5658 3446/3517/5660 3452/3518/5661 3451/3516/5659
f 3446/3517/5660 3441/3507/5650 3447/3510/5653 3452/3518/5661
f 3447/3510/5653 3448/3509/5652 3454/3519/5662 3453/3520/5663
f 3448/3509/5652 3449/3512/5655 3455/3521/5664 3454/3519/5662
f 3449/3512/5655 3450/3514/5657 3456/3522/5665 3455/3521/5664
f 3450/3514/5657 3451/3516/5659 3457/3523/5666 3456/3522/5665
f 3451/3516/5659 3452/3518/5661 3458/3524/5667 3457/3523/5666
f 3452/3518/5661 3447/3510/5653 3453/3520/5663 3458/3524/5667
f 3453/3520/5663 3454/3519/5662 3459/3525/5668
f 3454/3519/5662 3455/3521/5664 3459/3525/5668
f 3455/3521/5664 3456/3522/5665 3459/3525/5668
f 3456/3522/5665 3457/3523/5666 3459/3525/5668
f 3457/3523/5666 3458/3524/5667 3459/3525/5668
f 3458/3524/5667 3453/3520/5663 3459/3525/5668
g default
v -51.172538 7.890271 1.667296
v -47.825834 9.015075 5.005219
v -45.743957 13.822754 5.223898
v -47.023109 16.804018 1.867281
v -50.309443 15.631018 -2.123921
v -52.091349 10.983414 -1.981510
v -51.242738 9.623140 2.345527
v -49.125192 10.439472 4.663368
v -47.602013 14.268353 5.003297
v -48.437269 16.392735 2.666498
v -50.684136 14.902092 -0.159163
v -51.847861 11.759367 -0.123625
v -51.341877 11.444539 2.993520
v -50.245393 12.115968 4.310450
v -49.435253 14.045570 4.393951
v -49.772425 15.169714 3.164596
v -50.858798 14.358275 1.811296
v -51.662931 12.526968 1.760438
v -50.911630 13.334754 3.334499
vt 0.558929 0.032311
vt 0.848222 0.025513
vt 0.796762 0.118027
vt 0.618637 0.120013
vt 0.998298 0.256624
vt 0.887134 0.261435
vt 0.859095 0.494529
vt 0.799387 0.406828
vt 0.569816 0.501334
vt 0.621267 0.408817
vt 0.419727 0.270231
vt 0.530891 0.265411
vt 0.750725 0.197553
vt 0.669056 0.196865
vt 0.790681 0.264109
vt 0.748969 0.329977
vt 0.667302 0.329289
vt 0.627345 0.262732
vt 0.709013 0.263421
vn -0.866779 -0.224684 0.445210
vn -0.387621 -0.155830 0.908552
vn -0.419025 -0.150201 0.895465
vn -0.855668 -0.229393 0.463910
vn -0.071709 0.310536 0.947853
vn -0.118021 0.393915 0.911538
vn -0.236314 0.909333 0.342445
vn -0.317115 0.870146 0.377205
vn -0.769816 0.638253 0.004088
vn -0.779574 0.626085 0.016799
vn -0.986663 0.152914 0.055803
vn -0.987716 0.143867 0.060988
vn -0.503220 -0.058828 0.862154
vn -0.863698 -0.173157 0.473331
vn -0.374201 0.332358 0.865744
vn -0.566209 0.706877 0.423947
vn -0.821300 0.562777 0.093531
vn -0.981769 0.162986 0.097805
vn -0.807223 0.317690 0.497457
s 1
g polySurface151 all1 polySurface157
usemtl aiStandardSurface1SG
f 3460/3526/5669 3461/3527/5670 3467/3528/5671 3466/3529/5672
f 3461/3527/5670 3462/3530/5673 3468/3531/5674 3467/3528/5671
f 3462/3530/5673 3463/3532/5675 3469/3533/5676 3468/3531/5674
f 3463/3532/5675 3464/3534/5677 3470/3535/5678 3469/3533/5676
f 3464/3534/5677 3465/3536/5679 3471/3537/5680 3470/3535/5678
f 3465/3536/5679 3460/3526/5669 3466/3529/5672 3471/3537/5680
f 3466/3529/5672 3467/3528/5671 3473/3538/5681 3472/3539/5682
f 3467/3528/5671 3468/3531/5674 3474/3540/5683 3473/3538/5681
f 3468/3531/5674 3469/3533/5676 3475/3541/5684 3474/3540/5683
f 3469/3533/5676 3470/3535/5678 3476/3542/5685 3475/3541/5684
f 3470/3535/5678 3471/3537/5680 3477/3543/5686 3476/3542/5685
f 3471/3537/5680 3466/3529/5672 3472/3539/5682 3477/3543/5686
f 3472/3539/5682 3473/3538/5681 3478/3544/5687
f 3473/3538/5681 3474/3540/5683 3478/3544/5687
f 3474/3540/5683 3475/3541/5684 3478/3544/5687
f 3475/3541/5684 3476/3542/5685 3478/3544/5687
f 3476/3542/5685 3477/3543/5686 3478/3544/5687
f 3477/3543/5686 3472/3539/5682 3478/3544/5687
g default
v -43.410089 12.884904 -7.498713
v -46.308284 9.338097 -6.983807
v -49.715905 9.631865 -3.410767
v -49.900817 13.358662 -0.444595
v -46.718077 16.825198 -1.038829
v -43.605562 16.598388 -4.530692
v -45.182162 13.509695 -7.061691
v -47.031463 11.023552 -6.748107
v -49.369653 11.278618 -4.344839
v -49.704882 13.952066 -2.299631
v -47.782945 16.442665 -2.631789
v -45.571030 16.244739 -4.998409
v -46.907349 14.087045 -6.416478
v -47.783249 12.768798 -6.277401
v -48.966643 12.909077 -5.071197
v -49.234763 14.335381 -4.016462
v -48.360381 15.657857 -4.154860
v -47.212644 15.549359 -5.349667
v -48.323276 14.389566 -5.451150
vt 0.432601 0.259594
vt 0.581502 0.005108
vt 0.634186 0.099232
vt 0.540597 0.254748
vt 0.862204 -0.001361
vt 0.806894 0.097605
vt 0.994008 0.246642
vt 0.886013 0.251488
vt 0.845120 0.501121
vt 0.792428 0.407002
vt 0.564419 0.507604
vt 0.619721 0.408634
vt 0.678511 0.181705
vt 0.634215 0.252152
vt 0.757602 0.182671
vt 0.792397 0.254084
vt 0.748101 0.324531
vt 0.669010 0.323565
vt 0.713306 0.253118
vn -0.087017 0.358555 -0.929444
vn -0.505257 -0.099937 -0.857163
vn -0.507522 -0.073758 -0.858476
vn -0.111960 0.375316 -0.920110
vn -0.902847 -0.086864 -0.421095
vn -0.888432 -0.076802 -0.452536
vn -0.931870 0.361889 0.025599
vn -0.930430 0.365938 -0.019742
vn -0.428632 0.903461 0.005643
vn -0.497380 0.866945 -0.031935
vn -0.024802 0.832431 -0.553573
vn -0.080812 0.842305 -0.532908
vn -0.549260 0.018309 -0.835451
vn -0.238622 0.387017 -0.890661
vn -0.855626 0.003630 -0.517581
vn -0.914284 0.336069 -0.226146
vn -0.602821 0.754490 -0.259522
vn -0.248484 0.742353 -0.622227
vn -0.649687 0.363535 -0.667645
s 1
g polySurface151 all1 polySurface155
usemtl aiStandardSurface1SG
f 3479/3545/5688 3480/3546/5689 3486/3547/5690 3485/3548/5691
f 3480/3546/5689 3481/3549/5692 3487/3550/5693 3486/3547/5690
f 3481/3549/5692 3482/3551/5694 3488/3552/5695 3487/3550/5693
f 3482/3551/5694 3483/3553/5696 3489/3554/5697 3488/3552/5695
f 3483/3553/5696 3484/3555/5698 3490/3556/5699 3489/3554/5697
f 3484/3555/5698 3479/3545/5688 3485/3548/5691 3490/3556/5699
f 3485/3548/5691 3486/3547/5690 3492/3557/5700 3491/3558/5701
f 3486/3547/5690 3487/3550/5693 3493/3559/5702 3492/3557/5700
f 3487/3550/5693 3488/3552/5695 3494/3560/5703 3493/3559/5702
f 3488/3552/5695 3489/3554/5697 3495/3561/5704 3494/3560/5703
f 3489/3554/5697 3490/3556/5699 3496/3562/5705 3495/3561/5704
f 3490/3556/5699 3485/3548/5691 3491/3558/5701 3496/3562/5705
f 3491/3558/5701 3492/3557/5700 3497/3563/5706
f 3492/3557/5700 3493/3559/5702 3497/3563/5706
f 3493/3559/5702 3494/3560/5703 3497/3563/5706
f 3494/3560/5703 3495/3561/5704 3497/3563/5706
f 3495/3561/5704 3496/3562/5705 3497/3563/5706
f 3496/3562/5705 3491/3558/5701 3497/3563/5706
g default
v -27.298906 22.577402 9.586601
v -22.447903 18.634834 3.786112
v -25.982663 17.840345 -2.201202
v -33.769937 19.355347 -3.655069
v -38.723069 22.137480 1.532718
v -34.763159 25.253304 7.485187
v -27.862203 23.952389 6.173247
v -24.689868 21.342638 2.580100
v -27.158569 21.004549 -1.275152
v -32.493106 22.479425 -2.200720
v -35.545827 24.063698 1.153019
v -32.723180 25.856730 4.669917
v -28.582526 24.651461 3.153079
v -27.377940 23.794256 1.556137
v -28.421705 23.341579 -0.389655
v -30.783446 24.101479 -0.871275
v -32.052411 24.665363 0.736776
v -30.858432 24.988827 2.646756
v -29.491665 24.436666 0.868061
v -37.097990 23.343168 1.309678
v -33.147486 21.251717 -2.931103
v -26.609329 19.715879 -1.713863
v -23.506989 20.233717 3.077936
v -27.632016 23.432768 7.576462
v -33.736709 25.737734 5.646583
v -34.051236 24.452723 0.972373
v -31.759053 23.253092 -1.654587
v -27.615027 22.029280 -0.957174
v -25.774416 22.367952 2.151296
v -28.114956 24.238195 4.944526
v -31.881677 25.586370 3.887111
vt 0.470300 0.495706
vt 0.825341 0.516409
vt 0.780512 0.569406
vt 0.502710 0.553181
vt 0.937223 0.751374
vt 0.855545 0.752710
vt 0.746864 0.991999
vt 0.697296 0.934597
vt 0.399753 0.993955
vt 0.440642 0.938571
vt 0.283408 0.742264
vt 0.368273 0.746781
vt 0.528326 0.602813
vt 0.743287 0.611548
vt 0.708762 0.648668
vt 0.551428 0.641252
vt 0.798271 0.753625
vt 0.753648 0.755041
vt 0.667324 0.891867
vt 0.653190 0.857588
vt 0.477591 0.895059
vt 0.514134 0.859073
vt 0.432008 0.744437
vt 0.480620 0.741674
vt 0.580653 0.694005
vt 0.660276 0.699508
vt 0.623812 0.752660
vt 0.692523 0.759174
vt 0.637901 0.815375
vt 0.565692 0.811713
vt 0.545418 0.741423
vn 0.524704 0.801758 0.286128
vn 0.821604 0.556837 -0.122063
vn 0.804417 0.575787 -0.146230
vn 0.497263 0.822686 0.275530
vn 0.545410 0.342022 -0.765212
vn 0.497411 0.375915 -0.781837
vn -0.096550 0.410056 -0.906936
vn -0.123754 0.462698 -0.877836
vn -0.569860 0.683494 -0.456174
vn -0.537657 0.732980 -0.416732
vn -0.119341 0.970874 0.207754
vn -0.151505 0.978086 0.142809
vn 0.499949 0.846422 0.183363
vn 0.731231 0.654981 -0.190531
vn 0.704775 0.678180 -0.208241
vn 0.508092 0.859413 0.057022
vn 0.488705 0.465302 -0.738012
vn 0.511121 0.502091 -0.697610
vn -0.064246 0.576941 -0.814256
vn 0.007439 0.642532 -0.766223
vn -0.361761 0.817283 -0.448528
vn -0.194144 0.877487 -0.438548
vn -0.008415 0.999437 0.032470
vn 0.108784 0.987635 -0.112881
vn 0.442014 0.896738 -0.022003
vn 0.628395 0.743685 -0.228150
vn 0.250530 0.923946 -0.289064
vn 0.475590 0.613696 -0.630231
vn 0.108618 0.751479 -0.650754
vn -0.070203 0.924808 -0.373902
vn 0.135138 0.978568 -0.155378
s 1
g all polySurface257 polySurface151_polySurface175
usemtl aiStandardSurface1SG
f 3498/3564/5707 3499/3565/5708 3520/3566/5709 3521/3567/5710
f 3499/3565/5708 3500/3568/5711 3519/3569/5712 3520/3566/5709
f 3500/3568/5711 3501/3570/5713 3518/3571/5714 3519/3569/5712
f 3501/3570/5713 3502/3572/5715 3517/3573/5716 3518/3571/5714
f 3502/3572/5715 3503/3574/5717 3522/3575/5718 3517/3573/5716
f 3503/3574/5717 3498/3564/5707 3521/3567/5710 3522/3575/5718
f 3504/3576/5719 3505/3577/5720 3526/3578/5721 3527/3579/5722
f 3505/3577/5720 3506/3580/5723 3525/3581/5724 3526/3578/5721
f 3506/3580/5723 3507/3582/5725 3524/3583/5726 3525/3581/5724
f 3507/3582/5725 3508/3584/5727 3523/3585/5728 3524/3583/5726
f 3508/3584/5727 3509/3586/5729 3528/3587/5730 3523/3585/5728
f 3509/3586/5729 3504/3576/5719 3527/3579/5722 3528/3587/5730
f 3510/3588/5731 3511/3589/5732 3516/3590/5733
f 3511/3589/5732 3512/3591/5734 3516/3590/5733
f 3512/3591/5734 3513/3592/5735 3516/3590/5733
f 3513/3592/5735 3514/3593/5736 3516/3590/5733
f 3514/3593/5736 3515/3594/5737 3516/3590/5733
f 3515/3594/5737 3510/3588/5731 3516/3590/5733
f 3518/3571/5714 3517/3573/5716 3508/3584/5727 3507/3582/5725
f 3519/3569/5712 3518/3571/5714 3507/3582/5725 3506/3580/5723
f 3520/3566/5709 3519/3569/5712 3506/3580/5723 3505/3577/5720
f 3521/3567/5710 3520/3566/5709 3505/3577/5720 3504/3576/5719
f 3522/3575/5718 3521/3567/5710 3504/3576/5719 3509/3586/5729
f 3517/3573/5716 3522/3575/5718 3509/3586/5729 3508/3584/5727
f 3524/3583/5726 3523/3585/5728 3514/3593/5736 3513/3592/5735
f 3525/3581/5724 3524/3583/5726 3513/3592/5735 3512/3591/5734
f 3526/3578/5721 3525/3581/5724 3512/3591/5734 3511/3589/5732
f 3527/3579/5722 3526/3578/5721 3511/3589/5732 3510/3588/5731
f 3528/3587/5730 3527/3579/5722 3510/3588/5731 3515/3594/5737
f 3523/3585/5728 3528/3587/5730 3515/3594/5737 3514/3593/5736
g default
v -44.669488 13.874689 -0.801057
v -45.761659 19.418026 5.294540
v -41.025116 25.756357 6.029158
v -33.967016 25.773426 1.574489
v -32.831531 19.918503 -3.762822
v -39.373409 14.344481 -5.605434
v -44.683390 17.597853 -2.727621
v -44.957029 21.303570 1.670050
v -41.549685 25.120035 2.092122
v -36.764863 25.122156 -0.862165
v -35.789827 21.586908 -4.028697
v -40.813037 17.963734 -5.833911
v -43.985242 20.622610 -3.004097
v -43.728150 22.443964 -1.290448
v -41.714452 24.161749 -0.894763
v -39.521850 24.171106 -2.145004
v -39.419156 22.426342 -3.504639
v -42.006416 20.715250 -4.220567
v -42.010882 22.741863 -2.886114
v -34.480736 20.888119 -4.134618
v -35.461577 25.540895 0.063779
v -41.433369 25.520966 3.764708
v -45.510044 20.511475 3.237228
v -44.803093 15.863863 -1.968776
v -40.304652 16.296486 -5.952388
v -37.189065 21.926653 -3.748204
v -37.906752 24.792250 -1.364090
v -41.599133 24.777431 0.855786
v -44.354070 21.845436 0.440008
v -44.557303 18.904594 -2.944562
v -41.526579 19.115528 -5.311529
vt 0.450017 0.505605
vt 0.764923 0.506858
vt 0.729464 0.570653
vt 0.482486 0.571702
vt 0.919128 0.748155
vt 0.849226 0.747972
vt 0.762146 1.008479
vt 0.714355 0.961366
vt 0.447965 1.004344
vt 0.486553 0.964565
vt 0.306840 0.739337
vt 0.380702 0.743910
vt 0.511022 0.621976
vt 0.700685 0.617959
vt 0.677084 0.658735
vt 0.537323 0.652045
vt 0.780295 0.764314
vt 0.735761 0.770267
vt 0.692528 0.911587
vt 0.677460 0.875568
vt 0.518923 0.933388
vt 0.542529 0.894777
vt 0.435330 0.752196
vt 0.478675 0.746267
vt 0.570706 0.691731
vt 0.641366 0.705334
vt 0.606864 0.763187
vt 0.679142 0.771669
vt 0.643407 0.836575
vt 0.573923 0.833437
vt 0.537504 0.747839
vn -0.891678 -0.238432 -0.384787
vn -0.962209 0.271527 0.020671
vn -0.954783 0.296812 -0.017069
vn -0.878856 -0.193792 -0.435955
vn -0.482650 0.875153 0.034006
vn -0.470114 0.882430 -0.017592
vn 0.179934 0.930592 -0.318782
vn 0.180721 0.903911 -0.387666
vn 0.408845 0.314685 -0.856632
vn 0.358581 0.339723 -0.869487
vn -0.156420 -0.229648 -0.960622
vn -0.184190 -0.150443 -0.971309
vn -0.863895 -0.018724 -0.503324
vn -0.911832 0.390945 -0.125396
vn -0.854819 0.493972 -0.158985
vn -0.840373 0.176934 -0.512316
vn -0.475779 0.866299 -0.152185
vn -0.467118 0.860502 -0.203316
vn 0.028323 0.874646 -0.483934
vn -0.051895 0.840855 -0.538768
vn 0.172085 0.472240 -0.864509
vn 0.023661 0.556717 -0.830365
vn -0.224133 0.117134 -0.967494
vn -0.299279 0.313301 -0.901263
vn -0.773679 0.356010 -0.524097
vn -0.781871 0.574397 -0.242376
vn -0.361476 0.647481 -0.670898
vn -0.452314 0.845900 -0.282604
vn -0.086062 0.801425 -0.591871
vn -0.015627 0.559859 -0.828441
vn -0.286463 0.437647 -0.852293
s 1
g all polySurface151_polySurface175 polySurface256
usemtl aiStandardSurface1SG
f 3529/3595/5738 3530/3596/5739 3551/3597/5740 3552/3598/5741
f 3530/3596/5739 3531/3599/5742 3550/3600/5743 3551/3597/5740
f 3531/3599/5742 3532/3601/5744 3549/3602/5745 3550/3600/5743
f 3532/3601/5744 3533/3603/5746 3548/3604/5747 3549/3602/5745
f 3533/3603/5746 3534/3605/5748 3553/3606/5749 3548/3604/5747
f 3534/3605/5748 3529/3595/5738 3552/3598/5741 3553/3606/5749
f 3535/3607/5750 3536/3608/5751 3557/3609/5752 3558/3610/5753
f 3536/3608/5751 3537/3611/5754 3556/3612/5755 3557/3609/5752
f 3537/3611/5754 3538/3613/5756 3555/3614/5757 3556/3612/5755
f 3538/3613/5756 3539/3615/5758 3554/3616/5759 3555/3614/5757
f 3539/3615/5758 3540/3617/5760 3559/3618/5761 3554/3616/5759
f 3540/3617/5760 3535/3607/5750 3558/3610/5753 3559/3618/5761
f 3541/3619/5762 3542/3620/5763 3547/3621/5764
f 3542/3620/5763 3543/3622/5765 3547/3621/5764
f 3543/3622/5765 3544/3623/5766 3547/3621/5764
f 3544/3623/5766 3545/3624/5767 3547/3621/5764
f 3545/3624/5767 3546/3625/5768 3547/3621/5764
f 3546/3625/5768 3541/3619/5762 3547/3621/5764
f 3549/3602/5745 3548/3604/5747 3539/3615/5758 3538/3613/5756
f 3550/3600/5743 3549/3602/5745 3538/3613/5756 3537/3611/5754
f 3551/3597/5740 3550/3600/5743 3537/3611/5754 3536/3608/5751
f 3552/3598/5741 3551/3597/5740 3536/3608/5751 3535/3607/5750
f 3553/3606/5749 3552/3598/5741 3535/3607/5750 3540/3617/5760
f 3548/3604/5747 3553/3606/5749 3540/3617/5760 3539/3615/5758
f 3555/3614/5757 3554/3616/5759 3545/3624/5767 3544/3623/5766
f 3556/3612/5755 3555/3614/5757 3544/3623/5766 3543/3622/5765
f 3557/3609/5752 3556/3612/5755 3543/3622/5765 3542/3620/5763
f 3558/3610/5753 3557/3609/5752 3542/3620/5763 3541/3619/5762
f 3559/3618/5761 3558/3610/5753 3541/3619/5762 3546/3625/5768
f 3554/3616/5759 3559/3618/5761 3546/3625/5768 3545/3624/5767
g default
v -34.844526 23.454144 13.623555
v -28.746933 23.142714 9.065847
v -30.174871 23.098181 1.294500
v -37.660022 23.922045 -1.471858
v -43.866582 24.616247 2.983520
v -42.092205 24.403378 10.587745
v -35.029709 26.211630 11.094545
v -31.179806 26.152773 8.142321
v -32.306744 25.746735 3.022617
v -37.258705 26.344074 1.071675
v -41.075108 26.563000 3.912985
v -39.704667 26.515333 9.036755
v -35.517754 27.428041 8.556487
v -33.813142 27.425793 7.091051
v -34.337168 27.229946 4.726145
v -36.593813 27.670250 3.820144
v -38.263502 27.633873 5.263338
v -37.672728 27.422836 7.642149
v -35.991889 27.726202 6.215836
v -42.419232 25.801195 3.413465
v -37.468363 25.379686 -0.206941
v -31.243005 24.695292 2.165607
v -29.933504 25.073576 8.598998
v -34.868634 25.142645 12.299573
v -40.799820 25.637203 9.741539
v -39.866649 27.124336 4.487817
v -36.968627 27.022968 2.228542
v -33.162217 26.447641 3.741394
v -32.275934 26.765846 7.688062
v -35.224725 26.866201 10.060025
v -38.840146 27.013403 8.487117
vt 0.480136 0.507800
vt 0.782891 0.486090
vt 0.736536 0.552312
vt 0.516754 0.546202
vt 0.935120 0.737878
vt 0.871835 0.730671
vt 0.759854 0.989926
vt 0.721916 0.934793
vt 0.459916 0.993017
vt 0.496696 0.939309
vt 0.319596 0.730528
vt 0.395013 0.734324
vt 0.540275 0.592097
vt 0.704764 0.596849
vt 0.682991 0.631945
vt 0.557758 0.627658
vt 0.804811 0.734262
vt 0.753289 0.738201
vt 0.692686 0.890369
vt 0.671654 0.852195
vt 0.523795 0.886484
vt 0.546866 0.852411
vt 0.451478 0.735765
vt 0.490414 0.734525
vt 0.580322 0.673121
vt 0.653353 0.677470
vt 0.614196 0.738090
vt 0.690470 0.742503
vt 0.645845 0.804611
vt 0.574091 0.803348
vt 0.540811 0.734435
vn 0.168219 0.624888 0.762376
vn 0.760877 0.592601 0.264366
vn 0.716516 0.651636 0.248948
vn 0.158272 0.665057 0.729828
vn 0.642941 0.613590 -0.458404
vn 0.597361 0.661286 -0.453719
vn 0.015278 0.673934 -0.738634
vn -0.002991 0.721956 -0.691933
vn -0.579840 0.781803 -0.229282
vn -0.545555 0.806325 -0.228493
vn -0.467170 0.743165 0.479018
vn -0.442781 0.764148 0.469067
vn 0.107226 0.794304 0.597984
vn 0.559676 0.811807 0.166527
vn 0.436395 0.895254 0.089883
vn 0.088584 0.895230 0.436711
vn 0.479210 0.787329 -0.387906
vn 0.409296 0.850431 -0.330520
vn 0.016716 0.836666 -0.547459
vn 0.036250 0.901095 -0.432103
vn -0.438299 0.882910 -0.168414
vn -0.341495 0.931965 -0.121750
vn -0.383616 0.835520 0.393377
vn -0.295990 0.907224 0.298888
vn 0.066478 0.956511 0.284022
vn 0.325784 0.944533 0.041490
vn 0.056667 0.998169 0.021146
vn 0.341524 0.906564 -0.248000
vn 0.061008 0.955667 -0.288060
vn -0.227358 0.972680 -0.046923
vn -0.187985 0.959812 0.208383
s 1
g all polySurface151_polySurface175 polySurface255
usemtl aiStandardSurface1SG
f 3560/3626/5769 3561/3627/5770 3582/3628/5771 3583/3629/5772
f 3561/3627/5770 3562/3630/5773 3581/3631/5774 3582/3628/5771
f 3562/3630/5773 3563/3632/5775 3580/3633/5776 3581/3631/5774
f 3563/3632/5775 3564/3634/5777 3579/3635/5778 3580/3633/5776
f 3564/3634/5777 3565/3636/5779 3584/3637/5780 3579/3635/5778
f 3565/3636/5779 3560/3626/5769 3583/3629/5772 3584/3637/5780
f 3566/3638/5781 3567/3639/5782 3588/3640/5783 3589/3641/5784
f 3567/3639/5782 3568/3642/5785 3587/3643/5786 3588/3640/5783
f 3568/3642/5785 3569/3644/5787 3586/3645/5788 3587/3643/5786
f 3569/3644/5787 3570/3646/5789 3585/3647/5790 3586/3645/5788
f 3570/3646/5789 3571/3648/5791 3590/3649/5792 3585/3647/5790
f 3571/3648/5791 3566/3638/5781 3589/3641/5784 3590/3649/5792
f 3572/3650/5793 3573/3651/5794 3578/3652/5795
f 3573/3651/5794 3574/3653/5796 3578/3652/5795
f 3574/3653/5796 3575/3654/5797 3578/3652/5795
f 3575/3654/5797 3576/3655/5798 3578/3652/5795
f 3576/3655/5798 3577/3656/5799 3578/3652/5795
f 3577/3656/5799 3572/3650/5793 3578/3652/5795
f 3580/3633/5776 3579/3635/5778 3570/3646/5789 3569/3644/5787
f 3581/3631/5774 3580/3633/5776 3569/3644/5787 3568/3642/5785
f 3582/3628/5771 3581/3631/5774 3568/3642/5785 3567/3639/5782
f 3583/3629/5772 3582/3628/5771 3567/3639/5782 3566/3638/5781
f 3584/3637/5780 3583/3629/5772 3566/3638/5781 3571/3648/5791
f 3579/3635/5778 3584/3637/5780 3571/3648/5791 3570/3646/5789
f 3586/3645/5788 3585/3647/5790 3576/3655/5798 3575/3654/5797
f 3587/3643/5786 3586/3645/5788 3575/3654/5797 3574/3653/5796
f 3588/3640/5783 3587/3643/5786 3574/3653/5796 3573/3651/5794
f 3589/3641/5784 3588/3640/5783 3573/3651/5794 3572/3650/5793
f 3590/3649/5792 3589/3641/5784 3572/3650/5793 3577/3656/5799
f 3585/3647/5790 3590/3649/5792 3577/3656/5799 3576/3655/5798
g default
v -26.749379 14.110826 14.337291
v -27.047473 18.016779 7.576514
v -32.544361 23.363609 6.591216
v -38.389306 22.903055 12.073160
v -38.648115 18.857143 18.526651
v -32.054555 15.170233 19.849567
v -26.811750 18.156130 15.459161
v -27.265967 20.624828 10.874203
v -31.144997 23.795448 10.384926
v -35.417854 23.827009 13.902807
v -35.691125 21.492880 17.779932
v -30.383673 18.911669 19.105101
v -28.018855 21.187653 15.801396
v -28.109839 22.392380 13.991889
v -30.368779 23.795429 13.341719
v -32.185119 24.090696 15.029649
v -32.149595 22.643135 16.682300
v -29.817141 21.358009 17.305336
v -29.669062 23.033997 15.708349
v -36.978355 20.480228 18.266495
v -36.663221 23.410913 13.195849
v -31.645861 23.511621 8.726807
v -27.008798 19.545490 9.350049
v -26.660370 16.287916 14.979850
v -31.096442 17.209562 19.577426
v -34.111039 22.131664 17.431570
v -33.957737 24.286245 14.441980
v -30.831380 24.101902 11.624561
v -27.539879 21.601824 12.265690
v -27.193675 19.558319 15.723358
v -30.057192 20.045856 18.433340
vt 0.463785 0.495201
vt 0.789571 0.497125
vt 0.745370 0.557499
vt 0.500096 0.557286
vt 0.932622 0.744715
vt 0.852047 0.740967
vt 0.756152 0.989365
vt 0.717974 0.930005
vt 0.440089 0.999528
vt 0.490146 0.939953
vt 0.303520 0.745507
vt 0.384557 0.743156
vt 0.530038 0.606874
vt 0.714416 0.602812
vt 0.684045 0.643890
vt 0.552174 0.643339
vt 0.792424 0.745094
vt 0.748274 0.748817
vt 0.703574 0.879384
vt 0.678596 0.844975
vt 0.528031 0.905931
vt 0.553025 0.861734
vt 0.448208 0.741584
vt 0.491587 0.741074
vt 0.579998 0.685820
vt 0.646109 0.686345
vt 0.614144 0.741969
vt 0.691846 0.746896
vt 0.650868 0.805050
vt 0.582319 0.807967
vt 0.545520 0.740867
vn 0.932764 -0.121701 0.339323
vn 0.906819 0.335076 -0.255742
vn 0.899836 0.367167 -0.235550
vn 0.927809 -0.081992 0.363933
vn 0.281348 0.915468 -0.287684
vn 0.291733 0.910993 -0.291518
vn -0.350530 0.924761 0.148143
vn -0.347510 0.926744 0.142763
vn -0.311068 0.462341 0.830348
vn -0.311578 0.518171 0.796504
vn 0.292345 0.008891 0.956272
vn 0.338050 0.044921 0.940055
vn 0.921271 0.064533 0.383530
vn 0.873769 0.453896 -0.174658
vn 0.824328 0.556394 -0.104446
vn 0.881707 0.263316 0.391481
vn 0.266409 0.915892 -0.300279
vn 0.283518 0.933889 -0.217873
vn -0.301061 0.944543 0.131156
vn -0.152968 0.965300 0.211652
vn -0.220831 0.609872 0.761111
vn -0.084849 0.676478 0.731559
vn 0.370176 0.202586 0.906603
vn 0.373900 0.415254 0.829315
vn 0.781148 0.437879 0.445050
vn 0.745164 0.661451 0.084930
vn 0.414097 0.781451 0.466753
vn 0.401562 0.915639 0.018769
vn 0.104364 0.924516 0.366576
vn 0.076929 0.708507 0.701498
vn 0.384857 0.551167 0.740337
s 1
g all polySurface151_polySurface175 polySurface254
usemtl aiStandardSurface1SG
f 3591/3657/5800 3592/3658/5801 3613/3659/5802 3614/3660/5803
f 3592/3658/5801 3593/3661/5804 3612/3662/5805 3613/3659/5802
f 3593/3661/5804 3594/3663/5806 3611/3664/5807 3612/3662/5805
f 3594/3663/5806 3595/3665/5808 3610/3666/5809 3611/3664/5807
f 3595/3665/5808 3596/3667/5810 3615/3668/5811 3610/3666/5809
f 3596/3667/5810 3591/3657/5800 3614/3660/5803 3615/3668/5811
f 3597/3669/5812 3598/3670/5813 3619/3671/5814 3620/3672/5815
f 3598/3670/5813 3599/3673/5816 3618/3674/5817 3619/3671/5814
f 3599/3673/5816 3600/3675/5818 3617/3676/5819 3618/3674/5817
f 3600/3675/5818 3601/3677/5820 3616/3678/5821 3617/3676/5819
f 3601/3677/5820 3602/3679/5822 3621/3680/5823 3616/3678/5821
f 3602/3679/5822 3597/3669/5812 3620/3672/5815 3621/3680/5823
f 3603/3681/5824 3604/3682/5825 3609/3683/5826
f 3604/3682/5825 3605/3684/5827 3609/3683/5826
f 3605/3684/5827 3606/3685/5828 3609/3683/5826
f 3606/3685/5828 3607/3686/5829 3609/3683/5826
f 3607/3686/5829 3608/3687/5830 3609/3683/5826
f 3608/3687/5830 3603/3681/5824 3609/3683/5826
f 3611/3664/5807 3610/3666/5809 3601/3677/5820 3600/3675/5818
f 3612/3662/5805 3611/3664/5807 3600/3675/5818 3599/3673/5816
f 3613/3659/5802 3612/3662/5805 3599/3673/5816 3598/3670/5813
f 3614/3660/5803 3613/3659/5802 3598/3670/5813 3597/3669/5812
f 3615/3668/5811 3614/3660/5803 3597/3669/5812 3602/3679/5822
f 3610/3666/5809 3615/3668/5811 3602/3679/5822 3601/3677/5820
f 3617/3676/5819 3616/3678/5821 3607/3686/5829 3606/3685/5828
f 3618/3674/5817 3617/3676/5819 3606/3685/5828 3605/3684/5827
f 3619/3671/5814 3618/3674/5817 3605/3684/5827 3604/3682/5825
f 3620/3672/5815 3619/3671/5814 3604/3682/5825 3603/3681/5824
f 3621/3680/5823 3620/3672/5815 3603/3681/5824 3608/3687/5830
f 3616/3678/5821 3621/3680/5823 3608/3687/5830 3607/3686/5829
g default
v -43.027018 14.829781 16.883363
v -36.462607 19.457472 16.819046
v -34.307590 24.914032 9.715624
v -39.510515 25.299923 3.200891
v -45.780055 20.488846 2.214807
v -47.471115 15.844542 9.067605
v -43.644759 18.889156 14.769380
v -38.995293 21.777822 14.643897
v -38.232103 25.006792 10.733602
v -41.684044 25.309202 6.304213
v -45.443488 22.501944 5.624032
v -46.920604 19.529604 10.746096
v -43.333099 21.628452 13.049592
v -41.416334 23.072472 13.014089
v -41.076053 24.495607 11.156752
v -42.622603 24.710896 9.197881
v -44.370559 23.263062 9.187947
v -44.833732 21.767849 11.236056
v -42.883084 23.443632 11.281468
v -45.789980 21.684902 4.001498
v -40.848301 25.475391 4.866588
v -36.513782 25.156506 10.386536
v -37.875879 20.855440 15.403389
v -43.383275 16.960800 15.594214
v -47.349834 17.898195 10.042605
v -44.930267 22.865158 7.088878
v -42.101852 25.132721 7.520842
v -39.482678 24.847767 10.923442
v -40.036728 22.381990 13.919376
v -43.586499 20.094040 14.054541
v -46.085862 20.501625 10.980758
vt 0.453530 0.497472
vt 0.754748 0.510543
vt 0.730544 0.576431
vt 0.488310 0.564778
vt 0.924716 0.758101
vt 0.845418 0.756719
vt 0.757196 0.987563
vt 0.719527 0.928979
vt 0.454951 1.004290
vt 0.493468 0.950890
vt 0.310652 0.759590
vt 0.388960 0.754168
vt 0.523386 0.617264
vt 0.709995 0.620406
vt 0.688681 0.655542
vt 0.548691 0.650279
vt 0.785106 0.757131
vt 0.744957 0.755864
vt 0.685753 0.894001
vt 0.670884 0.860239
vt 0.526987 0.906606
vt 0.552240 0.867418
vt 0.449080 0.750482
vt 0.489855 0.749314
vt 0.583680 0.692080
vt 0.659652 0.698117
vt 0.629518 0.747423
vt 0.698322 0.749226
vt 0.654912 0.809542
vt 0.580485 0.811350
vt 0.545646 0.747868
vn -0.582640 0.293133 0.758026
vn -0.140500 0.589566 0.795406
vn -0.052599 0.620135 0.782730
vn -0.613149 0.245171 0.750959
vn 0.160739 0.930696 0.328584
vn 0.126359 0.930320 0.344294
vn -0.166220 0.956133 -0.241206
vn -0.227506 0.951262 -0.208187
vn -0.832797 0.451001 -0.321009
vn -0.825062 0.490593 -0.280340
vn -0.979167 0.084814 0.184495
vn -0.963485 0.127653 0.235377
vn -0.542344 0.287637 0.789384
vn -0.089796 0.598126 0.796355
vn -0.166282 0.649490 0.741966
vn -0.489826 0.483768 0.725285
vn 0.006874 0.922716 0.385419
vn -0.065808 0.912198 0.404431
vn -0.328244 0.943815 -0.038324
vn -0.381595 0.921343 0.074248
vn -0.791392 0.602981 -0.100559
vn -0.709523 0.701199 0.069973
vn -0.895705 0.306290 0.322334
vn -0.750681 0.549707 0.366470
vn -0.494833 0.547394 0.674907
vn -0.248028 0.678840 0.691128
vn -0.522226 0.718503 0.459383
vn -0.175966 0.884542 0.431997
vn -0.437193 0.882899 0.171326
vn -0.703833 0.692795 0.157015
vn -0.704959 0.590781 0.392441
s 1
g all polySurface151_polySurface175 polySurface253
usemtl aiStandardSurface1SG
f 3622/3688/5831 3623/3689/5832 3644/3690/5833 3645/3691/5834
f 3623/3689/5832 3624/3692/5835 3643/3693/5836 3644/3690/5833
f 3624/3692/5835 3625/3694/5837 3642/3695/5838 3643/3693/5836
f 3625/3694/5837 3626/3696/5839 3641/3697/5840 3642/3695/5838
f 3626/3696/5839 3627/3698/5841 3646/3699/5842 3641/3697/5840
f 3627/3698/5841 3622/3688/5831 3645/3691/5834 3646/3699/5842
f 3628/3700/5843 3629/3701/5844 3650/3702/5845 3651/3703/5846
f 3629/3701/5844 3630/3704/5847 3649/3705/5848 3650/3702/5845
f 3630/3704/5847 3631/3706/5849 3648/3707/5850 3649/3705/5848
f 3631/3706/5849 3632/3708/5851 3647/3709/5852 3648/3707/5850
f 3632/3708/5851 3633/3710/5853 3652/3711/5854 3647/3709/5852
f 3633/3710/5853 3628/3700/5843 3651/3703/5846 3652/3711/5854
f 3634/3712/5855 3635/3713/5856 3640/3714/5857
f 3635/3713/5856 3636/3715/5858 3640/3714/5857
f 3636/3715/5858 3637/3716/5859 3640/3714/5857
f 3637/3716/5859 3638/3717/5860 3640/3714/5857
f 3638/3717/5860 3639/3718/5861 3640/3714/5857
f 3639/3718/5861 3634/3712/5855 3640/3714/5857
f 3642/3695/5838 3641/3697/5840 3632/3708/5851 3631/3706/5849
f 3643/3693/5836 3642/3695/5838 3631/3706/5849 3630/3704/5847
f 3644/3690/5833 3643/3693/5836 3630/3704/5847 3629/3701/5844
f 3645/3691/5834 3644/3690/5833 3629/3701/5844 3628/3700/5843
f 3646/3699/5842 3645/3691/5834 3628/3700/5843 3633/3710/5853
f 3641/3697/5840 3646/3699/5842 3633/3710/5853 3632/3708/5851
f 3648/3707/5850 3647/3709/5852 3638/3717/5860 3637/3716/5859
f 3649/3705/5848 3648/3707/5850 3637/3716/5859 3636/3715/5858
f 3650/3702/5845 3649/3705/5848 3636/3715/5858 3635/3713/5856
f 3651/3703/5846 3650/3702/5845 3635/3713/5856 3634/3712/5855
f 3652/3711/5854 3651/3703/5846 3634/3712/5855 3639/3718/5861
f 3647/3709/5852 3652/3711/5854 3639/3718/5861 3638/3717/5860
g default
v -35.036880 10.076333 0.341956
v -41.357831 10.641920 2.782448
v -44.318717 16.125290 3.856415
v -41.367125 21.186128 1.942829
v -34.860830 20.981347 -0.719719
v -31.502799 16.051841 -1.549120
v -36.710571 11.679553 -0.969810
v -41.017872 11.904176 0.737221
v -43.011253 15.573367 1.420534
v -40.948036 18.896496 0.166342
v -36.602212 18.735676 -1.584511
v -34.373183 15.647124 -2.249786
v -38.161384 13.331174 -1.793173
v -40.349564 13.365114 -0.916958
v -41.418263 15.150528 -0.637199
v -40.357546 16.857740 -1.297467
v -37.928073 17.107587 -1.962339
v -37.071903 15.198091 -2.490769
v -39.381945 15.146682 -1.998442
vt 0.584666 0.025813
vt 0.879358 0.035369
vt 0.821739 0.126555
vt 0.640415 0.118434
vt 1.018876 0.279029
vt 0.905512 0.277594
vt 0.863715 0.513130
vt 0.807966 0.420510
vt 0.569036 0.503582
vt 0.626647 0.412391
vt 0.429506 0.259929
vt 0.542870 0.261355
vt 0.770376 0.204838
vt 0.687332 0.199489
vt 0.807235 0.274822
vt 0.761050 0.339456
vt 0.678007 0.334106
vt 0.641147 0.264122
vt 0.724191 0.269472
vn 0.034061 -0.624488 -0.780291
vn -0.611345 -0.617935 -0.494382
vn -0.580668 -0.605285 -0.544477
vn -0.012052 -0.614581 -0.788762
vn -0.873591 -0.001125 -0.486660
vn -0.859192 -0.047833 -0.509412
vn -0.562671 0.445387 -0.696443
vn -0.561210 0.426156 -0.709531
vn -0.083654 0.436395 -0.895858
vn -0.106478 0.426123 -0.898377
vn 0.226866 -0.072588 -0.971217
vn 0.200834 -0.100636 -0.974442
vn -0.531756 -0.481747 -0.696530
vn -0.116597 -0.495726 -0.860616
vn -0.761134 -0.059204 -0.645887
vn -0.532889 0.328203 -0.779943
vn -0.168294 0.356056 -0.919185
vn 0.042923 -0.109857 -0.993020
vn -0.360292 -0.057331 -0.931076
s 1
g polySurface151 all polySurface252
usemtl aiStandardSurface1SG
f 3653/3719/5862 3654/3720/5863 3660/3721/5864 3659/3722/5865
f 3654/3720/5863 3655/3723/5866 3661/3724/5867 3660/3721/5864
f 3655/3723/5866 3656/3725/5868 3662/3726/5869 3661/3724/5867
f 3656/3725/5868 3657/3727/5870 3663/3728/5871 3662/3726/5869
f 3657/3727/5870 3658/3729/5872 3664/3730/5873 3663/3728/5871
f 3658/3729/5872 3653/3719/5862 3659/3722/5865 3664/3730/5873
f 3659/3722/5865 3660/3721/5864 3666/3731/5874 3665/3732/5875
f 3660/3721/5864 3661/3724/5867 3667/3733/5876 3666/3731/5874
f 3661/3724/5867 3662/3726/5869 3668/3734/5877 3667/3733/5876
f 3662/3726/5869 3663/3728/5871 3669/3735/5878 3668/3734/5877
f 3663/3728/5871 3664/3730/5873 3670/3736/5879 3669/3735/5878
f 3664/3730/5873 3659/3722/5865 3665/3732/5875 3670/3736/5879
f 3665/3732/5875 3666/3731/5874 3671/3737/5880
f 3666/3731/5874 3667/3733/5876 3671/3737/5880
f 3667/3733/5876 3668/3734/5877 3671/3737/5880
f 3668/3734/5877 3669/3735/5878 3671/3737/5880
f 3669/3735/5878 3670/3736/5879 3671/3737/5880
f 3670/3736/5879 3665/3732/5875 3671/3737/5880
g default
v -37.670721 8.492123 14.836929
v -31.795527 10.458594 16.852286
v -29.862694 17.198940 16.332652
v -33.874169 21.044336 13.451363
v -40.079503 19.043141 10.618767
v -41.455186 12.556040 11.398691
v -37.567060 10.764700 15.866378
v -33.735459 12.142062 17.396715
v -32.251579 17.482387 17.262623
v -34.985827 20.233867 15.227808
v -39.194689 17.952711 13.104066
v -40.114296 13.574889 13.533982
v -37.528503 13.150973 16.887067
v -35.505609 14.191519 17.844033
v -34.762500 16.892617 17.646087
v -36.081321 18.366189 16.513282
v -38.095852 17.142241 15.492266
v -38.824945 14.571919 15.735536
v -37.067041 15.727644 17.224537
vt 0.558929 0.032311
vt 0.848222 0.025513
vt 0.796762 0.118027
vt 0.618637 0.120013
vt 0.998298 0.256624
vt 0.887134 0.261435
vt 0.859095 0.494529
vt 0.799387 0.406828
vt 0.569816 0.501334
vt 0.621267 0.408817
vt 0.419727 0.270231
vt 0.530891 0.265411
vt 0.750725 0.197553
vt 0.669056 0.196865
vt 0.790681 0.264109
vt 0.748969 0.329977
vt 0.667302 0.329289
vt 0.627345 0.262732
vt 0.709013 0.263421
vn -0.531728 -0.342316 0.774651
vn 0.098214 -0.223454 0.969754
vn 0.063939 -0.221564 0.973047
vn -0.512773 -0.345986 0.785721
vn 0.346642 0.278198 0.895793
vn 0.280514 0.355812 0.891465
vn -0.141055 0.864390 0.482631
vn -0.191901 0.814536 0.547453
vn -0.739938 0.535369 0.407273
vn -0.741355 0.521789 0.422052
vn -0.856964 0.025462 0.514747
vn -0.854552 0.016244 0.519111
vn -0.034908 -0.140886 0.989410
vn -0.521182 -0.291440 0.802142
vn 0.040270 0.263318 0.963868
vn -0.372450 0.620052 0.690519
vn -0.735847 0.452048 0.504165
vn -0.834131 0.035154 0.550444
vn -0.510382 0.201963 0.835895
s 1
g polySurface151 all polySurface251
usemtl aiStandardSurface1SG
f 3672/3738/5881 3673/3739/5882 3679/3740/5883 3678/3741/5884
f 3673/3739/5882 3674/3742/5885 3680/3743/5886 3679/3740/5883
f 3674/3742/5885 3675/3744/5887 3681/3745/5888 3680/3743/5886
f 3675/3744/5887 3676/3746/5889 3682/3747/5890 3681/3745/5888
f 3676/3746/5889 3677/3748/5891 3683/3749/5892 3682/3747/5890
f 3677/3748/5891 3672/3738/5881 3678/3741/5884 3683/3749/5892
f 3678/3741/5884 3679/3740/5883 3685/3750/5893 3684/3751/5894
f 3679/3740/5883 3680/3743/5886 3686/3752/5895 3685/3750/5893
f 3680/3743/5886 3681/3745/5888 3687/3753/5896 3686/3752/5895
f 3681/3745/5888 3682/3747/5890 3688/3754/5897 3687/3753/5896
f 3682/3747/5890 3683/3749/5892 3689/3755/5898 3688/3754/5897
f 3683/3749/5892 3678/3741/5884 3684/3751/5894 3689/3755/5898
f 3684/3751/5894 3685/3750/5893 3690/3756/5899
f 3685/3750/5893 3686/3752/5895 3690/3756/5899
f 3686/3752/5895 3687/3753/5896 3690/3756/5899
f 3687/3753/5896 3688/3754/5897 3690/3756/5899
f 3688/3754/5897 3689/3755/5898 3690/3756/5899
f 3689/3755/5898 3684/3751/5894 3690/3756/5899
