version 1
nodes
  0 "nw4f_root"  -1
  1 "AllRoot"   0
  2 "JointRoot"   1
  3 "Hip"   2
  4 "LegL1"   3
  5 "LegL2"   4
  6 "FootL"   5
  7 "ToeL"   6
  8 "LegR1"   3
  9 "LegR2"   8
 10 "FootR"   9
 11 "ToeR"  10
 12 "Spine1"   2
 13 "Spine2"  12
 14 "Bag"  13
 15 "Head"  13
 16 "JoeUnder"  15
 17 "ShoulderL"  13
 18 "ArmL1"  17
 19 "ArmL1Sub"  18
 20 "ArmL2"  18
 21 "ArmL2Sub"  20
 22 "HandL"  20
 23 "ShoulderR"  13
 24 "ArmR1"  23
 25 "ArmR1Sub"  24
 26 "ArmR2"  24
 27 "ArmR2Sub"  26
 28 "HandR"  26
 29 "LuigiUnused_LHand4"  -1
end
skeleton
time 0
  0 0.000000 0.000000 0.000000 1.570796 -0.000000 0.000000
  1 0.000000 0.000000 0.000000 0.000000 -0.000000 0.000000
  2 0.000000 68.028503 -3.990591 0.000000 -0.000000 0.000000
  3 0.000000 -2.000000 0.000001 -1.570796 -3.141592 1.570796
  4 4.029991 2.576941 -10.147688 0.000000 -0.000000 0.000000
  5 26.211063 0.000204 -0.000088 0.000000 -0.000000 0.000000
  6 22.942825 0.000005 0.000004 0.000000 0.000000 1.134464
  7 12.169998 0.000008 0.000000 -0.000000 0.000000 0.436332
  8 4.029991 2.576937 10.147690 0.000000 -0.000000 0.000000
  9 26.211067 0.000200 0.000096 0.000000 -0.000000 0.000000
 10 22.942818 0.000005 0.000004 0.000000 0.000000 1.134464
 11 12.170002 0.000010 0.000000 -0.000000 0.000000 0.436332
 12 0.000000 4.277161 -0.000000 1.570796 -0.000000 1.570796
 13 13.929802 0.000000 0.000000 0.000000 -0.000000 0.000000
 14 22.639145 -16.116180 0.000000 -1.570796 -1.570451 0.000000
 15 20.107773 0.000587 -0.000000 0.000000 0.000000 1.570796
 16 0.073432 -15.880157 -0.000000 -3.141592 0.000000 0.575263
 17 10.084557 0.778702 3.123569 -1.570796 -1.570451 0.000000
 18 12.086020 0.000000 0.000000 0.000000 0.000000 0.000000
 19 5.370699 0.000000 0.000001 -0.000000 0.000000 0.000000
 20 12.261209 0.000000 0.000001 -0.000000 0.000000 0.000000
 21 8.518942 0.000023 -0.000006 -0.000000 0.000001 -0.000000
 22 19.602606 0.000038 0.000000 -0.000000 0.000001 -0.000000
 23 10.084557 0.778702 -3.123570 1.570796 1.570451 0.000000
 24 12.086014 0.000000 0.000000 -0.000000 0.000000 0.000000
 25 5.370700 0.000000 0.000000 0.000000 0.000000 -0.000000
 26 12.261210 0.000000 -0.000001 0.000000 0.000001 -0.000000
 27 8.518951 0.000000 0.000006 0.000000 -0.000000 0.000000
 28 19.602608 0.000000 0.000000 0.000000 -0.000000 0.000000
 29 0.000000 0.000000 0.000000 0.000000 -0.000000 0.000000
end
triangles
MarioHand_alb.png
 29 66.057907 -2.858260 104.745010 0.242607 -0.305285 0.920838 0.728038 0.467384 1 22 1.000000
 29 68.513840 -3.398306 102.815636 0.351717 0.845723 0.401308 0.710613 0.501701 1 22 1.000000
 29 65.770264 -2.784644 101.334229 0.951188 -0.287521 -0.112129 0.683604 0.474388 1 22 1.000000
MarioHand_alb.png
 29 65.805428 3.198270 102.429626 0.244902 0.969497 -0.009918 0.587182 0.028794 1 22 1.000000
 29 65.468262 3.113581 99.460602 0.661341 0.207408 -0.720839 0.627543 0.030091 1 22 1.000000
 29 68.073853 3.271407 102.481873 0.080108 -0.989094 0.123595 0.586419 0.057710 1 22 1.000000
MarioHand_alb.png
 29 58.166866 8.409189 104.197327 0.064459 -0.341936 -0.937510 0.126024 0.804623 1 22 1.000000
 29 60.578278 8.872711 105.413612 0.496588 -0.299497 -0.814679 0.129351 0.836851 1 22 1.000000
 29 60.227821 8.297356 105.613190 0.428740 -0.639868 -0.637770 0.120699 0.833371 1 22 1.000000
MarioHand_alb.png
 29 58.166866 8.409189 104.197327 0.064459 -0.341936 -0.937510 0.126024 0.804623 1 22 1.000000
 29 56.016651 8.263659 105.457199 -0.332976 -0.645546 -0.687311 0.116213 0.779187 1 22 1.000000
 29 55.672310 8.833571 105.234245 -0.385772 -0.311365 -0.868465 0.123690 0.774762 1 22 1.000000
MarioHand_alb.png
 29 58.166866 8.409189 104.197327 0.064459 -0.341936 -0.937510 0.126024 0.804623 1 22 1.000000
 29 56.022778 9.408927 105.034691 -0.314995 0.058728 -0.947274 0.131807 0.777768 1 22 1.000000
 29 57.061813 9.871284 104.907379 -0.152621 0.320696 -0.934805 0.140795 0.788968 1 22 1.000000
MarioHand_alb.png
 29 58.166866 8.409189 104.197327 0.064459 -0.341936 -0.937510 0.126024 0.804623 1 22 1.000000
 29 59.193581 9.887636 105.002914 0.259854 0.336551 -0.905102 0.145052 0.819120 1 22 1.000000
 29 60.233948 9.442625 105.190674 0.425970 0.076270 -0.901517 0.137346 0.832349 1 22 1.000000
MarioHand_alb.png
 29 57.057014 7.818653 105.644974 -0.305187 -0.316917 0.898011 0.026749 0.897826 1 22 1.000000
 29 56.621323 9.061601 105.869118 -0.402886 0.311225 0.860710 0.023239 0.912490 1 22 1.000000
 29 56.016651 8.263659 105.457199 -0.418575 -0.170177 0.892096 0.014343 0.904021 1 22 1.000000
MarioHand_alb.png
 29 56.022778 9.408927 105.034691 -0.418478 0.704680 0.572976 0.014343 0.920958 1 22 1.000000
 29 56.621323 9.061601 105.869118 -0.402886 0.311225 0.860710 0.023239 0.912490 1 22 1.000000
 29 57.061813 9.871284 104.907379 -0.291809 0.819734 0.492832 0.026749 0.927169 1 22 1.000000
MarioHand_alb.png
 29 59.193581 9.887636 105.002914 0.205227 0.822147 0.530996 0.060639 0.927169 1 22 1.000000
 29 59.581917 9.085223 105.977348 0.283370 0.320460 0.903885 0.064149 0.912490 1 22 1.000000
 29 60.233948 9.442625 105.190674 0.328812 0.710169 0.622530 0.073045 0.920958 1 22 1.000000
MarioHand_alb.png
 29 60.227821 8.297356 105.613190 0.315042 -0.152563 0.936735 0.073045 0.904021 1 22 1.000000
 29 59.581917 9.085223 105.977348 0.283370 0.320460 0.903885 0.064149 0.912490 1 22 1.000000
 29 59.188789 7.835011 105.740517 0.196064 -0.299341 0.933785 0.060639 0.897826 1 22 1.000000
MarioHand_alb.png
 29 58.105400 9.768345 105.667931 -0.046539 0.826156 0.561516 0.043687 0.922713 1 22 1.000000
 29 58.131592 10.004710 104.900879 -0.033568 0.954595 0.296010 0.043687 0.929427 1 22 1.000000
 29 57.061813 9.871284 104.907379 -0.291809 0.819734 0.492832 0.026749 0.927169 1 22 1.000000
MarioHand_alb.png
 29 58.105400 9.768345 105.667931 -0.046539 0.826156 0.561516 0.043687 0.922713 1 22 1.000000
 29 59.193581 9.887636 105.002914 0.205227 0.822147 0.530996 0.060639 0.927169 1 22 1.000000
 29 58.131592 10.004710 104.900879 -0.033568 0.954595 0.296010 0.043687 0.929427 1 22 1.000000
MarioHand_alb.png
 29 58.097836 8.378485 106.178528 -0.060664 -0.276230 0.959175 0.043687 0.902281 1 22 1.000000
 29 58.119034 7.701585 105.746994 -0.052631 -0.540326 0.839808 0.043687 0.895552 1 22 1.000000
 29 59.188789 7.835011 105.740517 0.196064 -0.299341 0.933785 0.060639 0.897826 1 22 1.000000
MarioHand_alb.png
 29 58.097836 8.378485 106.178528 -0.060664 -0.276230 0.959175 0.043687 0.902281 1 22 1.000000
 29 57.057014 7.818653 105.644974 -0.305187 -0.316917 0.898011 0.026749 0.897826 1 22 1.000000
 29 58.119034 7.701585 105.746994 -0.052631 -0.540326 0.839808 0.043687 0.895552 1 22 1.000000
MarioHand_alb.png
 29 60.459366 3.504579 106.273285 0.493012 -0.002003 -0.870021 0.080049 0.771603 1 22 1.000000
 29 58.069679 3.492923 104.919441 0.056441 -0.003909 -0.998398 0.079652 0.742016 1 22 1.000000
 29 60.129509 4.117122 106.252625 0.430657 0.354367 -0.830035 0.087785 0.768002 1 22 1.000000
MarioHand_alb.png
 29 58.069679 3.492923 104.919441 0.056441 -0.003909 -0.998398 0.079652 0.742016 1 22 1.000000
 29 60.459366 3.504579 106.273285 0.493012 -0.002003 -0.870021 0.080049 0.771603 1 22 1.000000
 29 60.132545 2.890305 106.256470 0.432695 -0.356645 -0.827997 0.072221 0.768200 1 22 1.000000
MarioHand_alb.png
 29 58.069679 3.492923 104.919441 0.056441 -0.003909 -0.998398 0.079652 0.742016 1 22 1.000000
 29 60.132545 2.890305 106.256470 0.432695 -0.356645 -0.827997 0.072221 0.768200 1 22 1.000000
 29 59.236603 2.438885 106.206696 0.257899 -0.620140 -0.740887 0.064927 0.758129 1 22 1.000000
MarioHand_alb.png
 29 58.069679 3.492923 104.919441 0.056441 -0.003909 -0.998398 0.079652 0.742016 1 22 1.000000
 29 56.785889 2.432409 106.066856 -0.168585 -0.622371 -0.764352 0.063508 0.724529 1 22 1.000000
 29 55.887787 2.879087 106.014252 -0.335003 -0.360067 -0.870704 0.070726 0.712642 1 22 1.000000
MarioHand_alb.png
 29 58.069679 3.492923 104.919441 0.056441 -0.003909 -0.998398 0.079652 0.742016 1 22 1.000000
 29 55.884766 4.105906 106.010376 -0.336405 0.353950 -0.872669 0.087816 0.712413 1 22 1.000000
 29 56.780670 4.557322 106.060158 -0.171684 0.616536 -0.768380 0.095338 0.724102 1 22 1.000000
MarioHand_alb.png
 29 58.069679 3.492923 104.919441 0.056441 -0.003909 -0.998398 0.079652 0.742016 1 22 1.000000
 29 59.231392 4.563795 106.200027 0.254097 0.616166 -0.745503 0.094804 0.757733 1 22 1.000000
 29 60.129509 4.117122 106.252625 0.430657 0.354367 -0.830035 0.087785 0.768002 1 22 1.000000
MarioHand_alb.png
 29 57.971111 4.240333 106.757057 -0.046924 0.587308 0.808002 0.145403 0.910002 1 22 1.000000
 29 58.005646 4.724921 106.129570 -0.037388 0.792962 0.608122 0.145403 0.916732 1 22 1.000000
 29 56.780670 4.557322 106.060158 -0.291425 0.579131 0.761367 0.128420 0.914458 1 22 1.000000
MarioHand_alb.png
 29 57.971111 4.240333 106.757057 -0.046924 0.587308 0.808002 0.145403 0.910002 1 22 1.000000
 29 59.231392 4.563795 106.200027 0.199475 0.581453 0.788747 0.162371 0.914458 1 22 1.000000
 29 58.005646 4.724921 106.129570 -0.037388 0.792962 0.608122 0.145403 0.916732 1 22 1.000000
MarioHand_alb.png
 29 57.974762 2.759641 106.761726 -0.045008 -0.582384 0.811667 0.145403 0.889525 1 22 1.000000
 29 58.011684 2.271286 106.137291 -0.033189 -0.788468 0.614180 0.145403 0.882795 1 22 1.000000
 29 59.236603 2.438885 106.206696 0.201414 -0.575395 0.792687 0.162371 0.885069 1 22 1.000000
MarioHand_alb.png
 29 57.974762 2.759641 106.761726 -0.045008 -0.582384 0.811667 0.145403 0.889525 1 22 1.000000
 29 56.785889 2.432409 106.066856 -0.287657 -0.575814 0.765305 0.128420 0.885069 1 22 1.000000
 29 58.011684 2.271286 106.137291 -0.033189 -0.788468 0.614180 0.145403 0.882795 1 22 1.000000
MarioHand_alb.png
 29 58.024071 -1.630620 104.278275 0.132717 0.259891 -0.956474 0.028763 0.796063 1 22 1.000000
 29 60.302753 -1.952513 105.777443 0.557571 0.234522 -0.796313 0.031662 0.825483 1 22 1.000000
 29 59.992123 -2.539985 105.570526 0.504188 -0.121113 -0.855060 0.023590 0.822782 1 22 1.000000
MarioHand_alb.png
 29 58.024071 -1.630620 104.278275 0.132717 0.259891 -0.956474 0.028763 0.796063 1 22 1.000000
 29 59.992123 -2.539985 105.570526 0.504188 -0.121113 -0.855060 0.023590 0.822782 1 22 1.000000
 29 59.113152 -2.962170 105.329514 0.330288 -0.402919 -0.853561 0.015473 0.813352 1 22 1.000000
MarioHand_alb.png
 29 58.024071 -1.630620 104.278275 0.132717 0.259891 -0.956474 0.028763 0.796063 1 22 1.000000
 29 55.439415 -1.893792 105.109116 -0.318946 0.244718 -0.915635 0.025452 0.762387 1 22 1.000000
 29 55.750053 -1.306323 105.316032 -0.272356 0.573213 -0.772819 0.034363 0.765911 1 22 1.000000
MarioHand_alb.png
 29 58.024071 -1.630620 104.278275 0.132717 0.259891 -0.956474 0.028763 0.796063 1 22 1.000000
 29 55.750053 -1.306323 105.316032 -0.272356 0.573213 -0.772819 0.034363 0.765911 1 22 1.000000
 29 56.629044 -0.884137 105.557068 -0.121306 0.794452 -0.595088 0.042863 0.776913 1 22 1.000000
MarioHand_alb.png
 29 58.024071 -1.630620 104.278275 0.132717 0.259891 -0.956474 0.028763 0.796063 1 22 1.000000
 29 59.060703 -0.913498 105.891212 0.295270 0.788568 -0.539422 0.045182 0.810422 1 22 1.000000
 29 59.961830 -1.357189 105.894829 0.481428 0.561598 -0.672930 0.039063 0.821256 1 22 1.000000
MarioHand_alb.png
 29 57.768555 -1.375658 106.237625 -0.123217 0.348218 0.929280 0.065263 0.870832 1 22 1.000000
 29 57.840790 -0.740353 105.767601 -0.101478 0.599022 0.794277 0.065263 0.877577 1 22 1.000000
 29 56.629044 -0.884137 105.557068 -0.361732 0.354244 0.862358 0.048280 0.875303 1 22 1.000000
MarioHand_alb.png
 29 57.768555 -1.375658 106.237625 -0.123217 0.348218 0.929280 0.065263 0.870832 1 22 1.000000
 29 59.060703 -0.913498 105.891212 0.125096 0.348120 0.929066 0.082246 0.875303 1 22 1.000000
 29 57.840790 -0.740353 105.767601 -0.101478 0.599022 0.794277 0.065263 0.877577 1 22 1.000000
MarioHand_alb.png
 29 57.805107 -2.803220 105.846199 -0.094222 -0.778714 0.620263 0.065263 0.850355 1 22 1.000000
 29 57.901375 -3.105954 105.118988 -0.062562 -0.924452 0.376132 0.065263 0.843626 1 22 1.000000
 29 59.113152 -2.962170 105.329514 0.152595 -0.766909 0.623350 0.082246 0.845899 1 22 1.000000
MarioHand_alb.png
 29 57.805107 -2.803220 105.846199 -0.094222 -0.778714 0.620263 0.065263 0.850355 1 22 1.000000
 29 56.681488 -2.932806 104.995346 -0.334183 -0.761448 0.555445 0.048280 0.845899 1 22 1.000000
 29 57.901375 -3.105954 105.118988 -0.062562 -0.924452 0.376132 0.065263 0.843626 1 22 1.000000
MarioHand_alb.png
 29 60.578278 8.872711 105.413612 0.496588 -0.299497 -0.814679 0.129351 0.836851 1 22 1.000000
 29 58.166866 8.409189 104.197327 0.064459 -0.341936 -0.937510 0.126024 0.804623 1 22 1.000000
 29 60.233948 9.442625 105.190674 0.425970 0.076270 -0.901517 0.137346 0.832349 1 22 1.000000
MarioHand_alb.png
 29 58.166866 8.409189 104.197327 0.064459 -0.341936 -0.937510 0.126024 0.804623 1 22 1.000000
 29 57.057014 7.818653 105.644974 -0.172418 -0.849310 -0.498943 0.109575 0.791959 1 22 1.000000
 29 56.016651 8.263659 105.457199 -0.332976 -0.645546 -0.687311 0.116213 0.779187 1 22 1.000000
MarioHand_alb.png
 29 59.188789 7.835011 105.740517 0.254832 -0.845086 -0.469990 0.111543 0.821118 1 22 1.000000
 29 58.166866 8.409189 104.197327 0.064459 -0.341936 -0.937510 0.126024 0.804623 1 22 1.000000
 29 60.227821 8.297356 105.613190 0.428740 -0.639868 -0.637770 0.120699 0.833371 1 22 1.000000
MarioHand_alb.png
 29 58.166866 8.409189 104.197327 0.064459 -0.341936 -0.937510 0.126024 0.804623 1 22 1.000000
 29 55.672310 8.833571 105.234245 -0.385772 -0.311365 -0.868465 0.123690 0.774762 1 22 1.000000
 29 56.022778 9.408927 105.034691 -0.314995 0.058728 -0.947274 0.131807 0.777768 1 22 1.000000
MarioHand_alb.png
 29 60.302753 -1.952513 105.777443 0.557571 0.234522 -0.796313 0.031662 0.825483 1 22 1.000000
 29 58.024071 -1.630620 104.278275 0.132717 0.259891 -0.956474 0.028763 0.796063 1 22 1.000000
 29 59.961830 -1.357189 105.894829 0.481428 0.561598 -0.672930 0.039063 0.821256 1 22 1.000000
MarioHand_alb.png
 29 58.024071 -1.630620 104.278275 0.132717 0.259891 -0.956474 0.028763 0.796063 1 22 1.000000
 29 56.681488 -2.932806 104.995346 -0.097639 -0.401163 -0.910788 0.011200 0.780026 1 22 1.000000
 29 55.780319 -2.489127 104.991745 -0.260257 -0.115532 -0.958602 0.017380 0.767575 1 22 1.000000
MarioHand_alb.png
 29 58.024071 -1.630620 104.278275 0.132717 0.259891 -0.956474 0.028763 0.796063 1 22 1.000000
 29 59.113152 -2.962170 105.329514 0.330288 -0.402919 -0.853561 0.015473 0.813352 1 22 1.000000
 29 57.901375 -3.105954 105.118988 0.111403 -0.499406 -0.859176 0.009796 0.797604 1 22 1.000000
MarioHand_alb.png
 29 57.901375 -3.105954 105.118988 0.111403 -0.499406 -0.859176 0.009796 0.797604 1 22 1.000000
 29 56.681488 -2.932806 104.995346 -0.097639 -0.401163 -0.910788 0.011200 0.780026 1 22 1.000000
 29 58.024071 -1.630620 104.278275 0.132717 0.259891 -0.956474 0.028763 0.796063 1 22 1.000000
MarioHand_alb.png
 29 58.024071 -1.630620 104.278275 0.132717 0.259891 -0.956474 0.028763 0.796063 1 22 1.000000
 29 55.780319 -2.489127 104.991745 -0.260257 -0.115532 -0.958602 0.017380 0.767575 1 22 1.000000
 29 55.439415 -1.893792 105.109116 -0.318946 0.244718 -0.915635 0.025452 0.762387 1 22 1.000000
MarioHand_alb.png
 29 58.069679 3.492923 104.919441 0.056441 -0.003909 -0.998398 0.079652 0.742016 1 22 1.000000
 29 55.887787 2.879087 106.014252 -0.335003 -0.360067 -0.870704 0.070726 0.712642 1 22 1.000000
 29 55.557934 3.491624 105.993553 -0.393318 -0.003910 -0.919394 0.079210 0.708141 1 22 1.000000
MarioHand_alb.png
 29 59.236603 2.438885 106.206696 0.257899 -0.620140 -0.740887 0.064927 0.758129 1 22 1.000000
 29 58.011684 2.271286 106.137291 0.043106 -0.706426 -0.706473 0.060624 0.741924 1 22 1.000000
 29 58.069679 3.492923 104.919441 0.056441 -0.003909 -0.998398 0.079652 0.742016 1 22 1.000000
MarioHand_alb.png
 29 58.011684 2.271286 106.137291 0.043106 -0.706426 -0.706473 0.060624 0.741924 1 22 1.000000
 29 56.785889 2.432409 106.066856 -0.168585 -0.622371 -0.764352 0.063508 0.724529 1 22 1.000000
 29 58.069679 3.492923 104.919441 0.056441 -0.003909 -0.998398 0.079652 0.742016 1 22 1.000000
MarioHand_alb.png
 29 55.884766 4.105906 106.010376 -0.336405 0.353950 -0.872669 0.087816 0.712413 1 22 1.000000
 29 58.069679 3.492923 104.919441 0.056441 -0.003909 -0.998398 0.079652 0.742016 1 22 1.000000
 29 55.557934 3.491624 105.993553 -0.393318 -0.003910 -0.919394 0.079210 0.708141 1 22 1.000000
MarioHand_alb.png
 29 58.069679 3.492923 104.919441 0.056441 -0.003909 -0.998398 0.079652 0.742016 1 22 1.000000
 29 56.780670 4.557322 106.060158 -0.171684 0.616536 -0.768380 0.095338 0.724102 1 22 1.000000
 29 58.005646 4.724921 106.129570 0.038911 0.700489 -0.712601 0.098680 0.741421 1 22 1.000000
MarioHand_alb.png
 29 58.069679 3.492923 104.919441 0.056441 -0.003909 -0.998398 0.079652 0.742016 1 22 1.000000
 29 58.005646 4.724921 106.129570 0.038911 0.700489 -0.712601 0.098680 0.741421 1 22 1.000000
 29 59.231392 4.563795 106.200027 0.254097 0.616166 -0.745503 0.094804 0.757733 1 22 1.000000
MarioHand_alb.png
 29 59.188789 7.835011 105.740517 0.254832 -0.845086 -0.469990 0.111543 0.821118 1 22 1.000000
 29 58.119034 7.701585 105.746994 0.041196 -0.907835 -0.417299 0.107530 0.806531 1 22 1.000000
 29 58.166866 8.409189 104.197327 0.064459 -0.341936 -0.937510 0.126024 0.804623 1 22 1.000000
MarioHand_alb.png
 29 58.119034 7.701585 105.746994 0.041196 -0.907835 -0.417299 0.107530 0.806531 1 22 1.000000
 29 57.057014 7.818653 105.644974 -0.172418 -0.849310 -0.498943 0.109575 0.791959 1 22 1.000000
 29 58.166866 8.409189 104.197327 0.064459 -0.341936 -0.937510 0.126024 0.804623 1 22 1.000000
MarioHand_alb.png
 29 57.061813 9.871284 104.907379 -0.152621 0.320696 -0.934805 0.140795 0.788968 1 22 1.000000
 29 58.131592 10.004710 104.900879 0.060259 0.406842 -0.911509 0.145708 0.803189 1 22 1.000000
 29 58.166866 8.409189 104.197327 0.064459 -0.341936 -0.937510 0.126024 0.804623 1 22 1.000000
MarioHand_alb.png
 29 58.131592 10.004710 104.900879 0.060259 0.406842 -0.911509 0.145708 0.803189 1 22 1.000000
 29 59.193581 9.887636 105.002914 0.259854 0.336551 -0.905102 0.145052 0.819120 1 22 1.000000
 29 58.166866 8.409189 104.197327 0.064459 -0.341936 -0.937510 0.126024 0.804623 1 22 1.000000
MarioHand_alb.png
 29 56.629044 -0.884137 105.557068 -0.121306 0.794452 -0.595088 0.042863 0.776913 1 22 1.000000
 29 57.840790 -0.740353 105.767601 0.080490 0.859320 -0.505066 0.047654 0.793866 1 22 1.000000
 29 58.024071 -1.630620 104.278275 0.132717 0.259891 -0.956474 0.028763 0.796063 1 22 1.000000
MarioHand_alb.png
 29 57.840790 -0.740353 105.767601 0.080490 0.859320 -0.505066 0.047654 0.793866 1 22 1.000000
 29 59.060703 -0.913498 105.891212 0.295270 0.788568 -0.539422 0.045182 0.810422 1 22 1.000000
 29 58.024071 -1.630620 104.278275 0.132717 0.259891 -0.956474 0.028763 0.796063 1 22 1.000000
MarioHand_alb.png
 29 45.047020 -4.799056 96.311371 -0.993320 0.115391 0.000000 0.295109 0.956008 1 22 1.000000
 29 48.421810 3.410853 96.311356 -0.999992 -0.003911 0.000000 0.295109 0.995850 1 22 1.000000
 29 45.044765 -4.150402 93.362770 -0.992556 0.111577 0.048827 0.295109 0.956008 1 22 1.000000
MarioHand_alb.png
 29 48.421810 3.410853 96.311356 -0.999992 -0.003911 0.000000 0.295109 0.995850 1 22 1.000000
 29 45.038631 -2.394428 90.845993 -0.992513 0.084180 0.088495 0.295109 0.956008 1 22 1.000000
 29 45.044765 -4.150402 93.362770 -0.992556 0.111577 0.048827 0.295109 0.956008 1 22 1.000000
MarioHand_alb.png
 29 48.421810 3.410853 96.311356 -0.999992 -0.003911 0.000000 0.295109 0.995850 1 22 1.000000
 29 45.029301 0.278881 89.192825 -0.991780 0.045009 0.119777 0.295109 0.956008 1 22 1.000000
 29 45.038631 -2.394428 90.845993 -0.992513 0.084180 0.088495 0.295109 0.956008 1 22 1.000000
MarioHand_alb.png
 29 48.421810 3.410853 96.311356 -0.999992 -0.003911 0.000000 0.295109 0.995850 1 22 1.000000
 29 45.018372 3.410859 88.582153 -0.992323 -0.003911 0.123611 0.295109 0.956008 1 22 1.000000
 29 45.029301 0.278881 89.192825 -0.991780 0.045009 0.119777 0.295109 0.956008 1 22 1.000000
MarioHand_alb.png
 29 48.421810 3.410853 96.311356 -0.999992 -0.003911 0.000000 0.295109 0.995850 1 22 1.000000
 29 45.029301 0.278881 103.429871 -0.991780 0.045009 -0.119777 0.295109 0.956008 1 22 1.000000
 29 45.018372 3.410861 104.040565 -0.992323 -0.003911 -0.123611 0.295109 0.956008 1 22 1.000000
MarioHand_alb.png
 29 45.038628 -2.394428 101.776726 -0.992519 0.084109 -0.088495 0.295109 0.956008 1 22 1.000000
 29 45.029301 0.278881 103.429871 -0.991780 0.045009 -0.119777 0.295109 0.956008 1 22 1.000000
 29 48.421810 3.410853 96.311356 -0.999992 -0.003911 0.000000 0.295109 0.995850 1 22 1.000000
MarioHand_alb.png
 29 45.038628 -2.394428 101.776726 -0.992519 0.084109 -0.088495 0.295109 0.956008 1 22 1.000000
 29 48.421810 3.410853 96.311356 -0.999992 -0.003911 0.000000 0.295109 0.995850 1 22 1.000000
 29 45.044762 -4.150399 99.259949 -0.992556 0.111577 -0.048827 0.295109 0.956008 1 22 1.000000
MarioHand_alb.png
 29 48.421810 3.410853 96.311356 -0.999992 -0.003911 0.000000 0.295109 0.995850 1 22 1.000000
 29 45.047020 -4.799056 96.311371 -0.993320 0.115391 0.000000 0.295109 0.956008 1 22 1.000000
 29 45.044762 -4.150399 99.259949 -0.992556 0.111577 -0.048827 0.295109 0.956008 1 22 1.000000
MarioHand_alb.png
 29 45.007439 6.542836 103.429871 -0.992211 -0.050927 -0.113679 0.295109 0.956008 1 22 1.000000
 29 48.421810 3.410853 96.311356 -0.999992 -0.003911 0.000000 0.295109 0.995850 1 22 1.000000
 29 45.018372 3.410861 104.040565 -0.992323 -0.003911 -0.123611 0.295109 0.956008 1 22 1.000000
MarioHand_alb.png
 29 45.007439 6.542836 103.429871 -0.992211 -0.050927 -0.113679 0.295109 0.956008 1 22 1.000000
 29 44.998108 9.216144 101.776726 -0.993510 -0.082220 -0.078596 0.295109 0.956008 1 22 1.000000
 29 48.421810 3.410853 96.311356 -0.999992 -0.003911 0.000000 0.295109 0.995850 1 22 1.000000
MarioHand_alb.png
 29 48.421810 3.410853 96.311356 -0.999992 -0.003911 0.000000 0.295109 0.995850 1 22 1.000000
 29 44.998108 9.216144 101.776726 -0.993510 -0.082220 -0.078596 0.295109 0.956008 1 22 1.000000
 29 44.991978 10.972116 99.259949 -0.993758 -0.103667 -0.041200 0.295109 0.956008 1 22 1.000000
MarioHand_alb.png
 29 48.421810 3.410853 96.311356 -0.999992 -0.003911 0.000000 0.295109 0.995850 1 22 1.000000
 29 44.991978 10.972116 99.259949 -0.993758 -0.103667 -0.041200 0.295109 0.956008 1 22 1.000000
 29 44.989716 11.620769 96.311356 -0.994601 -0.103771 0.000000 0.295109 0.956008 1 22 1.000000
MarioHand_alb.png
 29 44.989716 11.620769 96.311356 -0.994601 -0.103771 0.000000 0.295109 0.956008 1 22 1.000000
 29 44.991978 10.972115 93.362762 -0.993789 -0.103671 0.040438 0.295109 0.956008 1 22 1.000000
 29 48.421810 3.410853 96.311356 -0.999992 -0.003911 0.000000 0.295109 0.995850 1 22 1.000000
MarioHand_alb.png
 29 44.991978 10.972115 93.362762 -0.993789 -0.103671 0.040438 0.295109 0.956008 1 22 1.000000
 29 44.998104 9.216145 90.845993 -0.993510 -0.082220 0.078596 0.295109 0.956008 1 22 1.000000
 29 48.421810 3.410853 96.311356 -0.999992 -0.003911 0.000000 0.295109 0.995850 1 22 1.000000
MarioHand_alb.png
 29 48.421810 3.410853 96.311356 -0.999992 -0.003911 0.000000 0.295109 0.995850 1 22 1.000000
 29 44.998104 9.216145 90.845993 -0.993510 -0.082220 0.078596 0.295109 0.956008 1 22 1.000000
 29 45.007439 6.542838 89.192825 -0.992211 -0.050927 0.113679 0.295109 0.956008 1 22 1.000000
MarioHand_alb.png
 29 48.421810 3.410853 96.311356 -0.999992 -0.003911 0.000000 0.295109 0.995850 1 22 1.000000
 29 45.007439 6.542838 89.192825 -0.992211 -0.050927 0.113679 0.295109 0.956008 1 22 1.000000
 29 45.018372 3.410859 88.582153 -0.992323 -0.003911 0.123611 0.295109 0.956008 1 22 1.000000
MarioHand_alb.png
 29 67.116241 -5.335710 97.008408 -0.007631 0.184099 -0.982878 0.897078 0.508721 1 22 1.000000
 29 65.061844 -7.899656 97.629257 0.227371 -0.780635 -0.582162 0.861540 0.470741 1 22 1.000000
 29 64.954102 -4.702853 96.703148 0.637342 0.121171 -0.760994 0.905791 0.474098 1 22 1.000000
MarioHand_alb.png
 29 66.916855 -7.866354 97.734467 -0.163248 -0.665294 -0.728515 0.860609 0.504814 1 22 1.000000
 29 65.061844 -7.899656 97.629257 0.227371 -0.780635 -0.582162 0.861540 0.470741 1 22 1.000000
 29 67.116241 -5.335710 97.008408 -0.007631 0.184099 -0.982878 0.897078 0.508721 1 22 1.000000
MarioHand_alb.png
 29 68.960190 -5.683673 96.407784 -0.003815 0.172342 -0.985030 0.895842 0.540932 1 22 1.000000
 29 66.916855 -7.866354 97.734467 -0.163248 -0.665294 -0.728515 0.860609 0.504814 1 22 1.000000
 29 67.116241 -5.335710 97.008408 -0.007631 0.184099 -0.982878 0.897078 0.508721 1 22 1.000000
MarioHand_alb.png
 29 66.916855 -7.866354 97.734467 -0.163248 -0.665294 -0.728515 0.860609 0.504814 1 22 1.000000
 29 64.883324 -8.246508 99.972008 -0.101471 -0.993820 0.045013 0.829679 0.469001 1 22 1.000000
 29 65.061844 -7.899656 97.629257 0.227371 -0.780635 -0.582162 0.861540 0.470741 1 22 1.000000
MarioHand_alb.png
 29 68.760605 -8.302788 97.384506 -0.167849 -0.653848 -0.737773 0.858152 0.537148 1 22 1.000000
 29 66.916855 -7.866354 97.734467 -0.163248 -0.665294 -0.728515 0.860609 0.504814 1 22 1.000000
 29 68.960190 -5.683673 96.407784 -0.003815 0.172342 -0.985030 0.895842 0.540932 1 22 1.000000
MarioHand_alb.png
 29 70.499367 -6.109867 96.915764 0.117532 0.141096 -0.982995 0.891951 0.572778 1 22 1.000000
 29 68.760605 -8.302788 97.384506 -0.167849 -0.653848 -0.737773 0.858152 0.537148 1 22 1.000000
 29 68.960190 -5.683673 96.407784 -0.003815 0.172342 -0.985030 0.895842 0.540932 1 22 1.000000
MarioHand_alb.png
 29 66.916855 -7.866354 97.734467 -0.163248 -0.665294 -0.728515 0.860609 0.504814 1 22 1.000000
 29 66.993134 -8.729272 100.017143 -0.192265 -0.970577 -0.144962 0.826246 0.502129 1 22 1.000000
 29 64.883324 -8.246508 99.972008 -0.101471 -0.993820 0.045013 0.829679 0.469001 1 22 1.000000
MarioHand_alb.png
 29 68.760605 -8.302788 97.384506 -0.167849 -0.653848 -0.737773 0.858152 0.537148 1 22 1.000000
 29 66.993134 -8.729272 100.017143 -0.192265 -0.970577 -0.144962 0.826246 0.502129 1 22 1.000000
 29 66.916855 -7.866354 97.734467 -0.163248 -0.665294 -0.728515 0.860609 0.504814 1 22 1.000000
MarioHand_alb.png
 29 70.569580 -8.633030 97.610695 -0.177012 -0.736280 -0.653115 0.856214 0.568063 1 22 1.000000
 29 68.760605 -8.302788 97.384506 -0.167849 -0.653848 -0.737773 0.858152 0.537148 1 22 1.000000
 29 70.499367 -6.109867 96.915764 0.117532 0.141096 -0.982995 0.891951 0.572778 1 22 1.000000
MarioHand_alb.png
 29 70.830994 -6.154533 97.018944 -0.864527 0.262105 -0.428830 0.887480 0.603784 1 22 1.000000
 29 70.569580 -8.633030 97.610695 -0.177012 -0.736280 -0.653115 0.856214 0.568063 1 22 1.000000
 29 70.499367 -6.109867 96.915764 0.117532 0.141096 -0.982995 0.891951 0.572778 1 22 1.000000
MarioHand_alb.png
 29 68.760605 -8.302788 97.384506 -0.167849 -0.653848 -0.737773 0.858152 0.537148 1 22 1.000000
 29 69.127144 -9.179466 99.659172 -0.203707 -0.967895 -0.147249 0.824231 0.534081 1 22 1.000000
 29 66.993134 -8.729272 100.017143 -0.192265 -0.970577 -0.144962 0.826246 0.502129 1 22 1.000000
MarioHand_alb.png
 29 70.569580 -8.633030 97.610695 -0.177012 -0.736280 -0.653115 0.856214 0.568063 1 22 1.000000
 29 69.127144 -9.179466 99.659172 -0.203707 -0.967895 -0.147249 0.824231 0.534081 1 22 1.000000
 29 68.760605 -8.302788 97.384506 -0.167849 -0.653848 -0.737773 0.858152 0.537148 1 22 1.000000
MarioHand_alb.png
 29 66.993134 -8.729272 100.017143 -0.192265 -0.970577 -0.144962 0.826246 0.502129 1 22 1.000000
 29 67.328476 -8.650415 101.679306 -0.156399 -0.917602 0.365439 0.804120 0.501015 1 22 1.000000
 29 64.883324 -8.246508 99.972008 -0.101471 -0.993820 0.045013 0.829679 0.469001 1 22 1.000000
MarioHand_alb.png
 29 69.127144 -9.179466 99.659172 -0.203707 -0.967895 -0.147249 0.824231 0.534081 1 22 1.000000
 29 67.328476 -8.650415 101.679306 -0.156399 -0.917602 0.365439 0.804120 0.501015 1 22 1.000000
 29 66.993134 -8.729272 100.017143 -0.192265 -0.970577 -0.144962 0.826246 0.502129 1 22 1.000000
MarioHand_alb.png
 29 67.328476 -8.650415 101.679306 -0.156399 -0.917602 0.365439 0.804120 0.501015 1 22 1.000000
 29 65.132019 -7.639612 102.380402 -0.119014 -0.868385 0.481398 0.797391 0.467536 1 22 1.000000
 29 64.883324 -8.246508 99.972008 -0.101471 -0.993820 0.045013 0.829679 0.469001 1 22 1.000000
MarioHand_alb.png
 29 70.569580 -8.633030 97.610695 -0.177012 -0.736280 -0.653115 0.856214 0.568063 1 22 1.000000
 29 71.331909 -9.610528 99.292885 -0.186155 -0.976359 -0.109862 0.823102 0.564050 1 22 1.000000
 29 69.127144 -9.179466 99.659172 -0.203707 -0.967895 -0.147249 0.824231 0.534081 1 22 1.000000
MarioHand_alb.png
 29 67.328476 -8.650415 101.679306 -0.156399 -0.917602 0.365439 0.804120 0.501015 1 22 1.000000
 29 67.759056 -7.748384 102.976074 -0.028988 -0.647742 0.761309 0.781476 0.500496 1 22 1.000000
 29 65.132019 -7.639612 102.380402 -0.119014 -0.868385 0.481398 0.797391 0.467536 1 22 1.000000
MarioHand_alb.png
 29 67.759056 -7.748384 102.976074 -0.028988 -0.647742 0.761309 0.781476 0.500496 1 22 1.000000
 29 65.573318 -5.793909 103.777527 0.054922 -0.440043 0.896296 0.764584 0.467765 1 22 1.000000
 29 65.132019 -7.639612 102.380402 -0.119014 -0.868385 0.481398 0.797391 0.467536 1 22 1.000000
MarioHand_alb.png
 29 69.127144 -9.179466 99.659172 -0.203707 -0.967895 -0.147249 0.824231 0.534081 1 22 1.000000
 29 69.590164 -9.080893 101.174805 -0.086209 -0.922553 0.376116 0.802090 0.532219 1 22 1.000000
 29 67.328476 -8.650415 101.679306 -0.156399 -0.917602 0.365439 0.804120 0.501015 1 22 1.000000
MarioHand_alb.png
 29 71.331909 -9.610528 99.292885 -0.186155 -0.976359 -0.109862 0.823102 0.564050 1 22 1.000000
 29 69.590164 -9.080893 101.174805 -0.086209 -0.922553 0.376116 0.802090 0.532219 1 22 1.000000
 29 69.127144 -9.179466 99.659172 -0.203707 -0.967895 -0.147249 0.824231 0.534081 1 22 1.000000
MarioHand_alb.png
 29 67.328476 -8.650415 101.679306 -0.156399 -0.917602 0.365439 0.804120 0.501015 1 22 1.000000
 29 70.091125 -8.202833 102.408997 0.068655 -0.661475 0.746818 0.779660 0.530648 1 22 1.000000
 29 67.759056 -7.748384 102.976074 -0.028988 -0.647742 0.761309 0.781476 0.500496 1 22 1.000000
MarioHand_alb.png
 29 69.590164 -9.080893 101.174805 -0.086209 -0.922553 0.376116 0.802090 0.532219 1 22 1.000000
 29 70.091125 -8.202833 102.408997 0.068655 -0.661475 0.746818 0.779660 0.530648 1 22 1.000000
 29 67.328476 -8.650415 101.679306 -0.156399 -0.917602 0.365439 0.804120 0.501015 1 22 1.000000
MarioHand_alb.png
 29 67.759056 -7.748384 102.976074 -0.028988 -0.647742 0.761309 0.781476 0.500496 1 22 1.000000
 29 68.156616 -6.384227 103.672798 0.103755 -0.297534 0.949057 0.759289 0.499962 1 22 1.000000
 29 65.573318 -5.793909 103.777527 0.054922 -0.440043 0.896296 0.764584 0.467765 1 22 1.000000
MarioHand_alb.png
 29 72.134727 -9.532557 100.577293 0.038909 -0.917117 0.396715 0.801282 0.561624 1 22 1.000000
 29 70.091125 -8.202833 102.408997 0.068655 -0.661475 0.746818 0.779660 0.530648 1 22 1.000000
 29 69.590164 -9.080893 101.174805 -0.086209 -0.922553 0.376116 0.802090 0.532219 1 22 1.000000
MarioHand_alb.png
 29 71.331909 -9.610528 99.292885 -0.186155 -0.976359 -0.109862 0.823102 0.564050 1 22 1.000000
 29 72.134727 -9.532557 100.577293 0.038909 -0.917117 0.396715 0.801282 0.561624 1 22 1.000000
 29 69.590164 -9.080893 101.174805 -0.086209 -0.922553 0.376116 0.802090 0.532219 1 22 1.000000
MarioHand_alb.png
 29 70.091125 -8.202833 102.408997 0.068655 -0.661475 0.746818 0.779660 0.530648 1 22 1.000000
 29 70.482162 -6.930374 103.104759 0.206030 -0.291876 0.934002 0.758495 0.529381 1 22 1.000000
 29 67.759056 -7.748384 102.976074 -0.028988 -0.647742 0.761309 0.781476 0.500496 1 22 1.000000
MarioHand_alb.png
 29 70.482162 -6.930374 103.104759 0.206030 -0.291876 0.934002 0.758495 0.529381 1 22 1.000000
 29 68.156616 -6.384227 103.672798 0.103755 -0.297534 0.949057 0.759289 0.499962 1 22 1.000000
 29 67.759056 -7.748384 102.976074 -0.028988 -0.647742 0.761309 0.781476 0.500496 1 22 1.000000
MarioHand_alb.png
 29 72.134727 -9.532557 100.577293 0.038909 -0.917117 0.396715 0.801282 0.561624 1 22 1.000000
 29 72.855804 -8.696354 101.659805 0.244874 -0.663296 0.707160 0.779156 0.559640 1 22 1.000000
 29 70.091125 -8.202833 102.408997 0.068655 -0.661475 0.746818 0.779660 0.530648 1 22 1.000000
MarioHand_alb.png
 29 72.855804 -8.696354 101.659805 0.244874 -0.663296 0.707160 0.779156 0.559640 1 22 1.000000
 29 70.482162 -6.930374 103.104759 0.206030 -0.291876 0.934002 0.758495 0.529381 1 22 1.000000
 29 70.091125 -8.202833 102.408997 0.068655 -0.661475 0.746818 0.779660 0.530648 1 22 1.000000
MarioHand_alb.png
 29 68.156616 -6.384227 103.672798 0.103755 -0.297534 0.949057 0.759289 0.499962 1 22 1.000000
 29 68.520943 -4.738876 103.874161 0.307514 0.137065 0.941620 0.735119 0.499413 1 22 1.000000
 29 65.573318 -5.793909 103.777527 0.054922 -0.440043 0.896296 0.764584 0.467765 1 22 1.000000
MarioHand_alb.png
 29 65.573318 -5.793909 103.777527 0.054922 -0.440043 0.896296 0.764584 0.467765 1 22 1.000000
 29 68.520943 -4.738876 103.874161 0.307514 0.137065 0.941620 0.735119 0.499413 1 22 1.000000
 29 66.057907 -2.858260 104.745010 0.242607 -0.305285 0.920838 0.728038 0.467384 1 22 1.000000
MarioHand_alb.png
 29 68.520943 -4.738876 103.874161 0.307514 0.137065 0.941620 0.735119 0.499413 1 22 1.000000
 29 68.513840 -3.398306 102.815636 0.351717 0.845723 0.401308 0.710613 0.501701 1 22 1.000000
 29 66.057907 -2.858260 104.745010 0.242607 -0.305285 0.920838 0.728038 0.467384 1 22 1.000000
MarioHand_alb.png
 29 70.703362 -5.315001 103.205284 0.318884 0.230771 0.919270 0.735439 0.528206 1 22 1.000000
 29 68.520943 -4.738876 103.874161 0.307514 0.137065 0.941620 0.735119 0.499413 1 22 1.000000
 29 68.156616 -6.384227 103.672798 0.103755 -0.297534 0.949057 0.759289 0.499962 1 22 1.000000
MarioHand_alb.png
 29 70.482162 -6.930374 103.104759 0.206030 -0.291876 0.934002 0.758495 0.529381 1 22 1.000000
 29 70.703362 -5.315001 103.205284 0.318884 0.230771 0.919270 0.735439 0.528206 1 22 1.000000
 29 68.156616 -6.384227 103.672798 0.103755 -0.297534 0.949057 0.759289 0.499962 1 22 1.000000
MarioHand_alb.png
 29 70.625847 -4.005102 102.194656 0.325051 0.738614 0.590586 0.712093 0.530465 1 22 1.000000
 29 68.513840 -3.398306 102.815636 0.351717 0.845723 0.401308 0.710613 0.501701 1 22 1.000000
 29 68.520943 -4.738876 103.874161 0.307514 0.137065 0.941620 0.735119 0.499413 1 22 1.000000
MarioHand_alb.png
 29 70.703362 -5.315001 103.205284 0.318884 0.230771 0.919270 0.735439 0.528206 1 22 1.000000
 29 70.625847 -4.005102 102.194656 0.325051 0.738614 0.590586 0.712093 0.530465 1 22 1.000000
 29 68.520943 -4.738876 103.874161 0.307514 0.137065 0.941620 0.735119 0.499413 1 22 1.000000
MarioHand_alb.png
 29 70.482162 -6.930374 103.104759 0.206030 -0.291876 0.934002 0.758495 0.529381 1 22 1.000000
 29 73.763184 -5.799868 102.216667 0.477586 0.207609 0.853704 0.735759 0.558495 1 22 1.000000
 29 70.703362 -5.315001 103.205284 0.318884 0.230771 0.919270 0.735439 0.528206 1 22 1.000000
MarioHand_alb.png
 29 70.703362 -5.315001 103.205284 0.318884 0.230771 0.919270 0.735439 0.528206 1 22 1.000000
 29 73.398300 -4.459037 101.492035 0.405139 0.654249 0.638608 0.713176 0.561318 1 22 1.000000
 29 70.625847 -4.005102 102.194656 0.325051 0.738614 0.590586 0.712093 0.530465 1 22 1.000000
MarioHand_alb.png
 29 73.763184 -5.799868 102.216667 0.477586 0.207609 0.853704 0.735759 0.558495 1 22 1.000000
 29 73.398300 -4.459037 101.492035 0.405139 0.654249 0.638608 0.713176 0.561318 1 22 1.000000
 29 70.703362 -5.315001 103.205284 0.318884 0.230771 0.919270 0.735439 0.528206 1 22 1.000000
MarioHand_alb.png
 29 70.289230 -3.408149 100.703285 0.229645 0.972987 0.023651 0.689326 0.534783 1 22 1.000000
 29 68.513840 -3.398306 102.815636 0.351717 0.845723 0.401308 0.710613 0.501701 1 22 1.000000
 29 70.625847 -4.005102 102.194656 0.325051 0.738614 0.590586 0.712093 0.530465 1 22 1.000000
MarioHand_alb.png
 29 73.584030 -7.402824 102.198631 0.422717 -0.283751 0.860695 0.758007 0.558129 1 22 1.000000
 29 73.763184 -5.799868 102.216667 0.477586 0.207609 0.853704 0.735759 0.558495 1 22 1.000000
 29 70.482162 -6.930374 103.104759 0.206030 -0.291876 0.934002 0.758495 0.529381 1 22 1.000000
MarioHand_alb.png
 29 73.584030 -7.402824 102.198631 0.422717 -0.283751 0.860695 0.758007 0.558129 1 22 1.000000
 29 70.482162 -6.930374 103.104759 0.206030 -0.291876 0.934002 0.758495 0.529381 1 22 1.000000
 29 72.855804 -8.696354 101.659805 0.244874 -0.663296 0.707160 0.779156 0.559640 1 22 1.000000
MarioHand_alb.png
 29 70.289230 -3.408149 100.703285 0.229645 0.972987 0.023651 0.689326 0.534783 1 22 1.000000
 29 68.226601 -2.955042 101.040550 0.193788 0.979047 0.062561 0.685939 0.506310 1 22 1.000000
 29 68.513840 -3.398306 102.815636 0.351717 0.845723 0.401308 0.710613 0.501701 1 22 1.000000
MarioHand_alb.png
 29 68.513840 -3.398306 102.815636 0.351717 0.845723 0.401308 0.710613 0.501701 1 22 1.000000
 29 68.226601 -2.955042 101.040550 0.193788 0.979047 0.062561 0.685939 0.506310 1 22 1.000000
 29 65.770264 -2.784644 101.334229 0.951188 -0.287521 -0.112129 0.683604 0.474388 1 22 1.000000
MarioHand_alb.png
 29 72.713364 -3.791808 100.444176 0.187684 0.978234 0.088501 0.691905 0.564828 1 22 1.000000
 29 70.289230 -3.408149 100.703285 0.229645 0.972987 0.023651 0.689326 0.534783 1 22 1.000000
 29 70.625847 -4.005102 102.194656 0.325051 0.738614 0.590586 0.712093 0.530465 1 22 1.000000
MarioHand_alb.png
 29 72.713364 -3.791808 100.444176 0.187684 0.978234 0.088501 0.691905 0.564828 1 22 1.000000
 29 70.625847 -4.005102 102.194656 0.325051 0.738614 0.590586 0.712093 0.530465 1 22 1.000000
 29 73.398300 -4.459037 101.492035 0.405139 0.654249 0.638608 0.713176 0.561318 1 22 1.000000
MarioHand_alb.png
 29 68.226601 -2.955042 101.040550 0.193788 0.979047 0.062561 0.685939 0.506310 1 22 1.000000
 29 67.816536 -3.028633 98.520035 0.141144 0.874589 -0.463866 0.650813 0.510475 1 22 1.000000
 29 65.770264 -2.784644 101.334229 0.951188 -0.287521 -0.112129 0.683604 0.474388 1 22 1.000000
MarioHand_alb.png
 29 67.816536 -3.028633 98.520035 0.141144 0.874589 -0.463866 0.650813 0.510475 1 22 1.000000
 29 65.679405 -2.566155 98.622284 0.584996 0.064473 -0.808469 0.647517 0.480171 1 22 1.000000
 29 65.770264 -2.784644 101.334229 0.951188 -0.287521 -0.112129 0.683604 0.474388 1 22 1.000000
MarioHand_alb.png
 29 67.116241 -5.335710 97.008408 -0.007631 0.184099 -0.982878 0.613565 0.515877 1 22 1.000000
 29 64.954102 -4.702853 96.703148 0.637342 0.121171 -0.760994 0.605982 0.481102 1 22 1.000000
 29 65.679405 -2.566155 98.622284 0.584996 0.064473 -0.808469 0.647517 0.480171 1 22 1.000000
MarioHand_alb.png
 29 67.816536 -3.028633 98.520035 0.141144 0.874589 -0.463866 0.650813 0.510475 1 22 1.000000
 29 67.116241 -5.335710 97.008408 -0.007631 0.184099 -0.982878 0.613565 0.515877 1 22 1.000000
 29 65.679405 -2.566155 98.622284 0.584996 0.064473 -0.808469 0.647517 0.480171 1 22 1.000000
MarioHand_alb.png
 29 69.714165 -3.546031 98.266129 0.176240 0.830298 -0.528720 0.654704 0.540658 1 22 1.000000
 29 67.816536 -3.028633 98.520035 0.141144 0.874589 -0.463866 0.650813 0.510475 1 22 1.000000
 29 68.226601 -2.955042 101.040550 0.193788 0.979047 0.062561 0.685939 0.506310 1 22 1.000000
MarioHand_alb.png
 29 69.714165 -3.546031 98.266129 0.176240 0.830298 -0.528720 0.654704 0.540658 1 22 1.000000
 29 67.116241 -5.335710 97.008408 -0.007631 0.184099 -0.982878 0.613565 0.515877 1 22 1.000000
 29 67.816536 -3.028633 98.520035 0.141144 0.874589 -0.463866 0.650813 0.510475 1 22 1.000000
MarioHand_alb.png
 29 70.289230 -3.408149 100.703285 0.229645 0.972987 0.023651 0.689326 0.534783 1 22 1.000000
 29 69.714165 -3.546031 98.266129 0.176240 0.830298 -0.528720 0.654704 0.540658 1 22 1.000000
 29 68.226601 -2.955042 101.040550 0.193788 0.979047 0.062561 0.685939 0.506310 1 22 1.000000
MarioHand_alb.png
 29 68.960190 -5.683673 96.407784 -0.003815 0.172342 -0.985030 0.615396 0.547707 1 22 1.000000
 29 67.116241 -5.335710 97.008408 -0.007631 0.184099 -0.982878 0.613565 0.515877 1 22 1.000000
 29 69.714165 -3.546031 98.266129 0.176240 0.830298 -0.528720 0.654704 0.540658 1 22 1.000000
MarioHand_alb.png
 29 70.499367 -6.109867 96.915764 0.117532 0.141096 -0.982995 0.620249 0.578958 1 22 1.000000
 29 68.960190 -5.683673 96.407784 -0.003815 0.172342 -0.985030 0.615396 0.547707 1 22 1.000000
 29 69.714165 -3.546031 98.266129 0.176240 0.830298 -0.528720 0.654704 0.540658 1 22 1.000000
MarioHand_alb.png
 29 71.522713 -3.994162 98.402390 0.133515 0.898893 -0.417331 0.657938 0.571283 1 22 1.000000
 29 69.714165 -3.546031 98.266129 0.176240 0.830298 -0.528720 0.654704 0.540658 1 22 1.000000
 29 70.289230 -3.408149 100.703285 0.229645 0.972987 0.023651 0.689326 0.534783 1 22 1.000000
MarioHand_alb.png
 29 70.499367 -6.109867 96.915764 0.117532 0.141096 -0.982995 0.620249 0.578958 1 22 1.000000
 29 69.714165 -3.546031 98.266129 0.176240 0.830298 -0.528720 0.654704 0.540658 1 22 1.000000
 29 71.522713 -3.994162 98.402390 0.133515 0.898893 -0.417331 0.657938 0.571283 1 22 1.000000
MarioHand_alb.png
 29 71.522713 -3.994162 98.402390 0.133515 0.898893 -0.417331 0.657938 0.571283 1 22 1.000000
 29 70.289230 -3.408149 100.703285 0.229645 0.972987 0.023651 0.689326 0.534783 1 22 1.000000
 29 72.713364 -3.791808 100.444176 0.187684 0.978234 0.088501 0.691905 0.564828 1 22 1.000000
MarioHand_alb.png
 29 70.830994 -6.154533 97.018944 -0.864527 0.262105 -0.428830 0.627024 0.609140 1 22 1.000000
 29 70.499367 -6.109867 96.915764 0.117532 0.141096 -0.982995 0.620249 0.578958 1 22 1.000000
 29 71.522713 -3.994162 98.402390 0.133515 0.898893 -0.417331 0.657938 0.571283 1 22 1.000000
MarioHand_alb.png
 29 74.106049 -3.868244 99.299004 0.173952 0.975451 0.135042 0.694194 0.593301 1 22 1.000000
 29 71.522713 -3.994162 98.402390 0.133515 0.898893 -0.417331 0.657938 0.571283 1 22 1.000000
 29 72.713364 -3.791808 100.444176 0.187684 0.978234 0.088501 0.691905 0.564828 1 22 1.000000
MarioHand_alb.png
 29 74.106049 -3.868244 99.299004 0.173952 0.975451 0.135042 0.694194 0.593301 1 22 1.000000
 29 72.713364 -3.791808 100.444176 0.187684 0.978234 0.088501 0.691905 0.564828 1 22 1.000000
 29 73.398300 -4.459037 101.492035 0.405139 0.654249 0.638608 0.713176 0.561318 1 22 1.000000
MarioHand_alb.png
 29 72.466736 -4.144782 97.704102 -0.289921 0.953497 -0.082399 0.661585 0.600534 1 22 1.000000
 29 70.830994 -6.154533 97.018944 -0.864527 0.262105 -0.428830 0.627024 0.609140 1 22 1.000000
 29 71.522713 -3.994162 98.402390 0.133515 0.898893 -0.417331 0.657938 0.571283 1 22 1.000000
MarioHand_alb.png
 29 72.466736 -4.144782 97.704102 -0.289921 0.953497 -0.082399 0.661585 0.600534 1 22 1.000000
 29 71.522713 -3.994162 98.402390 0.133515 0.898893 -0.417331 0.657938 0.571283 1 22 1.000000
 29 74.106049 -3.868244 99.299004 0.173952 0.975451 0.135042 0.694194 0.593301 1 22 1.000000
MarioHand_alb.png
 29 72.284843 -3.997173 96.496796 -0.526422 0.849333 -0.038909 0.667018 0.629404 1 22 1.000000
 29 70.830994 -6.154533 97.018944 -0.864527 0.262105 -0.428830 0.627024 0.609140 1 22 1.000000
 29 72.466736 -4.144782 97.704102 -0.289921 0.953497 -0.082399 0.661585 0.600534 1 22 1.000000
MarioHand_alb.png
 29 72.284843 -3.997173 96.496796 -0.526422 0.849333 -0.038909 0.667018 0.629404 1 22 1.000000
 29 70.871536 -5.972990 95.859169 -0.954253 0.221019 -0.201377 0.635569 0.639704 1 22 1.000000
 29 70.830994 -6.154533 97.018944 -0.864527 0.262105 -0.428830 0.627024 0.609140 1 22 1.000000
MarioHand_alb.png
 29 72.284843 -3.997173 96.496796 -0.526422 0.849333 -0.038909 0.667018 0.629404 1 22 1.000000
 29 71.670982 -5.840734 93.976379 -0.832281 0.236868 -0.501200 0.648524 0.670115 1 22 1.000000
 29 70.871536 -5.972990 95.859169 -0.954253 0.221019 -0.201377 0.635569 0.639704 1 22 1.000000
MarioHand_alb.png
 29 74.655930 -3.718123 97.327362 0.078584 0.991332 0.105287 0.697932 0.621729 1 22 1.000000
 29 72.466736 -4.144782 97.704102 -0.289921 0.953497 -0.082399 0.661585 0.600534 1 22 1.000000
 29 74.106049 -3.868244 99.299004 0.173952 0.975451 0.135042 0.694194 0.593301 1 22 1.000000
MarioHand_alb.png
 29 74.655930 -3.718123 97.327362 0.078584 0.991332 0.105287 0.697932 0.621729 1 22 1.000000
 29 72.284843 -3.997173 96.496796 -0.526422 0.849333 -0.038909 0.667018 0.629404 1 22 1.000000
 29 72.466736 -4.144782 97.704102 -0.289921 0.953497 -0.082399 0.661585 0.600534 1 22 1.000000
MarioHand_alb.png
 29 72.949905 -3.933206 94.562782 -0.426483 0.854419 -0.296783 0.676280 0.657664 1 22 1.000000
 29 71.670982 -5.840734 93.976379 -0.832281 0.236868 -0.501200 0.648524 0.670115 1 22 1.000000
 29 72.284843 -3.997173 96.496796 -0.526422 0.849333 -0.038909 0.667018 0.629404 1 22 1.000000
MarioHand_alb.png
 29 73.016731 -5.905772 92.636841 -0.531642 0.220819 -0.817677 0.668009 0.692836 1 22 1.000000
 29 71.670982 -5.840734 93.976379 -0.832281 0.236868 -0.501200 0.648524 0.670115 1 22 1.000000
 29 72.949905 -3.933206 94.562782 -0.426483 0.854419 -0.296783 0.676280 0.657664 1 22 1.000000
MarioHand_alb.png
 29 75.223915 -3.559545 95.366814 0.080109 0.993562 -0.080109 0.704662 0.651240 1 22 1.000000
 29 72.284843 -3.997173 96.496796 -0.526422 0.849333 -0.038909 0.667018 0.629404 1 22 1.000000
 29 74.655930 -3.718123 97.327362 0.078584 0.991332 0.105287 0.697932 0.621729 1 22 1.000000
MarioHand_alb.png
 29 75.223915 -3.559545 95.366814 0.080109 0.993562 -0.080109 0.704662 0.651240 1 22 1.000000
 29 72.949905 -3.933206 94.562782 -0.426483 0.854419 -0.296783 0.676280 0.657664 1 22 1.000000
 29 72.284843 -3.997173 96.496796 -0.526422 0.849333 -0.038909 0.667018 0.629404 1 22 1.000000
MarioHand_alb.png
 29 73.951332 -4.511807 93.065361 -0.205228 0.723447 -0.659170 0.688640 0.681010 1 22 1.000000
 29 73.016731 -5.905772 92.636841 -0.531642 0.220819 -0.817677 0.668009 0.692836 1 22 1.000000
 29 72.949905 -3.933206 94.562782 -0.426483 0.854419 -0.296783 0.676280 0.657664 1 22 1.000000
MarioHand_alb.png
 29 73.951332 -4.511807 93.065361 -0.205228 0.723447 -0.659170 0.688640 0.681010 1 22 1.000000
 29 72.949905 -3.933206 94.562782 -0.426483 0.854419 -0.296783 0.676280 0.657664 1 22 1.000000
 29 75.223915 -3.559545 95.366814 0.080109 0.993562 -0.080109 0.704662 0.651240 1 22 1.000000
MarioHand_alb.png
 29 75.493797 -6.355391 92.452881 0.321249 0.076402 -0.943908 0.699931 0.711192 1 22 1.000000
 29 73.016731 -5.905772 92.636841 -0.531642 0.220819 -0.817677 0.668009 0.692836 1 22 1.000000
 29 73.951332 -4.511807 93.065361 -0.205228 0.723447 -0.659170 0.688640 0.681010 1 22 1.000000
MarioHand_alb.png
 29 75.613113 -4.238750 93.652931 0.250248 0.800909 -0.543985 0.714885 0.678691 1 22 1.000000
 29 75.493797 -6.355391 92.452881 0.321249 0.076402 -0.943908 0.699931 0.711192 1 22 1.000000
 29 73.951332 -4.511807 93.065361 -0.205228 0.723447 -0.659170 0.688640 0.681010 1 22 1.000000
MarioHand_alb.png
 29 75.613113 -4.238750 93.652931 0.250248 0.800909 -0.543985 0.714885 0.678691 1 22 1.000000
 29 73.951332 -4.511807 93.065361 -0.205228 0.723447 -0.659170 0.688640 0.681010 1 22 1.000000
 29 75.223915 -3.559545 95.366814 0.080109 0.993562 -0.080109 0.704662 0.651240 1 22 1.000000
MarioHand_alb.png
 29 76.606949 -4.217742 95.785812 0.647775 0.755546 0.097662 0.721431 0.645609 1 22 1.000000
 29 75.223915 -3.559545 95.366814 0.080109 0.993562 -0.080109 0.704662 0.651240 1 22 1.000000
 29 74.655930 -3.718123 97.327362 0.078584 0.991332 0.105287 0.697932 0.621729 1 22 1.000000
MarioHand_alb.png
 29 75.613113 -4.238750 93.652931 0.250248 0.800909 -0.543985 0.714885 0.678691 1 22 1.000000
 29 75.223915 -3.559545 95.366814 0.080109 0.993562 -0.080109 0.704662 0.651240 1 22 1.000000
 29 76.606949 -4.217742 95.785812 0.647775 0.755546 0.097662 0.721431 0.645609 1 22 1.000000
MarioHand_alb.png
 29 76.011711 -4.353092 97.743744 0.630241 0.726475 0.273918 0.716701 0.617273 1 22 1.000000
 29 74.655930 -3.718123 97.327362 0.078584 0.991332 0.105287 0.697932 0.621729 1 22 1.000000
 29 74.106049 -3.868244 99.299004 0.173952 0.975451 0.135042 0.694194 0.593301 1 22 1.000000
MarioHand_alb.png
 29 76.606949 -4.217742 95.785812 0.647775 0.755546 0.097662 0.721431 0.645609 1 22 1.000000
 29 74.655930 -3.718123 97.327362 0.078584 0.991332 0.105287 0.697932 0.621729 1 22 1.000000
 29 76.011711 -4.353092 97.743744 0.630241 0.726475 0.273918 0.716701 0.617273 1 22 1.000000
MarioHand_alb.png
 29 76.968430 -5.292406 94.031212 0.760463 0.414841 -0.499602 0.736843 0.668162 1 22 1.000000
 29 75.613113 -4.238750 93.652931 0.250248 0.800909 -0.543985 0.714885 0.678691 1 22 1.000000
 29 76.606949 -4.217742 95.785812 0.647775 0.755546 0.097662 0.721431 0.645609 1 22 1.000000
MarioHand_alb.png
 29 75.493797 -6.355391 92.452881 0.321249 0.076402 -0.943908 0.758190 0.694240 1 22 1.000000
 29 75.613113 -4.238750 93.652931 0.250248 0.800909 -0.543985 0.714885 0.678691 1 22 1.000000
 29 76.968430 -5.292406 94.031212 0.760463 0.414841 -0.499602 0.736843 0.668162 1 22 1.000000
MarioHand_alb.png
 29 76.968430 -5.292406 94.031212 0.760463 0.414841 -0.499602 0.736843 0.668162 1 22 1.000000
 29 76.606949 -4.217742 95.785812 0.647775 0.755546 0.097662 0.721431 0.645609 1 22 1.000000
 29 77.491982 -5.592905 95.983093 0.934625 0.316723 0.161747 0.739178 0.641215 1 22 1.000000
MarioHand_alb.png
 29 77.491982 -5.592905 95.983093 0.934625 0.316723 0.161747 0.739178 0.641215 1 22 1.000000
 29 76.606949 -4.217742 95.785812 0.647775 0.755546 0.097662 0.721431 0.645609 1 22 1.000000
 29 76.011711 -4.353092 97.743744 0.630241 0.726475 0.273918 0.716701 0.617273 1 22 1.000000
MarioHand_alb.png
 29 75.493797 -6.355391 92.452881 0.321249 0.076402 -0.943908 0.758190 0.694240 1 22 1.000000
 29 76.968430 -5.292406 94.031212 0.760463 0.414841 -0.499602 0.736843 0.668162 1 22 1.000000
 29 77.368713 -6.944864 94.036888 0.861137 -0.089908 -0.500360 0.758022 0.663630 1 22 1.000000
MarioHand_alb.png
 29 77.368713 -6.944864 94.036888 0.861137 -0.089908 -0.500360 0.758022 0.663630 1 22 1.000000
 29 76.968430 -5.292406 94.031212 0.760463 0.414841 -0.499602 0.736843 0.668162 1 22 1.000000
 29 77.491982 -5.592905 95.983093 0.934625 0.316723 0.161747 0.739178 0.641215 1 22 1.000000
MarioHand_alb.png
 29 75.493797 -6.355391 92.452881 0.321249 0.076402 -0.943908 0.758190 0.694240 1 22 1.000000
 29 77.368713 -6.944864 94.036888 0.861137 -0.089908 -0.500360 0.758022 0.663630 1 22 1.000000
 29 76.389130 -8.342323 93.592827 0.582941 -0.505209 -0.636352 0.780209 0.667903 1 22 1.000000
MarioHand_alb.png
 29 75.493797 -6.355391 92.452881 0.321249 0.076402 -0.943908 0.758190 0.694240 1 22 1.000000
 29 76.389130 -8.342323 93.592827 0.582941 -0.505209 -0.636352 0.780209 0.667903 1 22 1.000000
 29 74.760086 -8.675392 93.011719 0.070186 -0.610596 -0.788826 0.802594 0.678203 1 22 1.000000
MarioHand_alb.png
 29 77.368713 -6.944864 94.036888 0.861137 -0.089908 -0.500360 0.758022 0.663630 1 22 1.000000
 29 77.491982 -5.592905 95.983093 0.934625 0.316723 0.161747 0.739178 0.641215 1 22 1.000000
 29 77.626312 -7.262637 95.892235 0.969355 -0.197818 0.145670 0.757809 0.639490 1 22 1.000000
MarioHand_alb.png
 29 76.389130 -8.342323 93.592827 0.582941 -0.505209 -0.636352 0.780209 0.667903 1 22 1.000000
 29 77.368713 -6.944864 94.036888 0.861137 -0.089908 -0.500360 0.758022 0.663630 1 22 1.000000
 29 76.920609 -8.764444 95.533203 0.738487 -0.673354 0.035093 0.776684 0.641154 1 22 1.000000
MarioHand_alb.png
 29 77.368713 -6.944864 94.036888 0.861137 -0.089908 -0.500360 0.758022 0.663630 1 22 1.000000
 29 77.626312 -7.262637 95.892235 0.969355 -0.197818 0.145670 0.757809 0.639490 1 22 1.000000
 29 76.920609 -8.764444 95.533203 0.738487 -0.673354 0.035093 0.776684 0.641154 1 22 1.000000
MarioHand_alb.png
 29 77.491982 -5.592905 95.983093 0.934625 0.316723 0.161747 0.739178 0.641215 1 22 1.000000
 29 76.011711 -4.353092 97.743744 0.630241 0.726475 0.273918 0.716701 0.617273 1 22 1.000000
 29 76.912430 -5.758811 97.939507 0.892450 0.269833 0.361557 0.737087 0.613901 1 22 1.000000
MarioHand_alb.png
 29 77.491982 -5.592905 95.983093 0.934625 0.316723 0.161747 0.739178 0.641215 1 22 1.000000
 29 76.912430 -5.758811 97.939507 0.892450 0.269833 0.361557 0.737087 0.613901 1 22 1.000000
 29 77.626312 -7.262637 95.892235 0.969355 -0.197818 0.145670 0.757809 0.639490 1 22 1.000000
MarioHand_alb.png
 29 76.011711 -4.353092 97.743744 0.630241 0.726475 0.273918 0.716701 0.617273 1 22 1.000000
 29 74.106049 -3.868244 99.299004 0.173952 0.975451 0.135042 0.694194 0.593301 1 22 1.000000
 29 75.157982 -4.511849 100.007805 0.598900 0.671474 0.436396 0.714412 0.589548 1 22 1.000000
MarioHand_alb.png
 29 76.011711 -4.353092 97.743744 0.630241 0.726475 0.273918 0.716701 0.617273 1 22 1.000000
 29 75.157982 -4.511849 100.007805 0.598900 0.671474 0.436396 0.714412 0.589548 1 22 1.000000
 29 76.912430 -5.758811 97.939507 0.892450 0.269833 0.361557 0.737087 0.613901 1 22 1.000000
MarioHand_alb.png
 29 75.157982 -4.511849 100.007805 0.598900 0.671474 0.436396 0.714412 0.589548 1 22 1.000000
 29 74.106049 -3.868244 99.299004 0.173952 0.975451 0.135042 0.694194 0.593301 1 22 1.000000
 29 73.398300 -4.459037 101.492035 0.405139 0.654249 0.638608 0.713176 0.561318 1 22 1.000000
MarioHand_alb.png
 29 75.157982 -4.511849 100.007805 0.598900 0.671474 0.436396 0.714412 0.589548 1 22 1.000000
 29 73.398300 -4.459037 101.492035 0.405139 0.654249 0.638608 0.713176 0.561318 1 22 1.000000
 29 73.763184 -5.799868 102.216667 0.477586 0.207609 0.853704 0.735759 0.558495 1 22 1.000000
MarioHand_alb.png
 29 75.793404 -5.949808 100.420204 0.784770 0.209158 0.583429 0.736538 0.586816 1 22 1.000000
 29 75.157982 -4.511849 100.007805 0.598900 0.671474 0.436396 0.714412 0.589548 1 22 1.000000
 29 73.763184 -5.799868 102.216667 0.477586 0.207609 0.853704 0.735759 0.558495 1 22 1.000000
MarioHand_alb.png
 29 76.912430 -5.758811 97.939507 0.892450 0.269833 0.361557 0.737087 0.613901 1 22 1.000000
 29 75.157982 -4.511849 100.007805 0.598900 0.671474 0.436396 0.714412 0.589548 1 22 1.000000
 29 75.793404 -5.949808 100.420204 0.784770 0.209158 0.583429 0.736538 0.586816 1 22 1.000000
MarioHand_alb.png
 29 75.793404 -5.949808 100.420204 0.784770 0.209158 0.583429 0.736538 0.586816 1 22 1.000000
 29 73.763184 -5.799868 102.216667 0.477586 0.207609 0.853704 0.735759 0.558495 1 22 1.000000
 29 73.584030 -7.402824 102.198631 0.422717 -0.283751 0.860695 0.758007 0.558129 1 22 1.000000
MarioHand_alb.png
 29 77.003471 -7.424154 97.831505 0.908028 -0.225099 0.353292 0.757641 0.612909 1 22 1.000000
 29 76.912430 -5.758811 97.939507 0.892450 0.269833 0.361557 0.737087 0.613901 1 22 1.000000
 29 75.793404 -5.949808 100.420204 0.784770 0.209158 0.583429 0.736538 0.586816 1 22 1.000000
MarioHand_alb.png
 29 77.626312 -7.262637 95.892235 0.969355 -0.197818 0.145670 0.757809 0.639490 1 22 1.000000
 29 76.912430 -5.758811 97.939507 0.892450 0.269833 0.361557 0.737087 0.613901 1 22 1.000000
 29 77.003471 -7.424154 97.831505 0.908028 -0.225099 0.353292 0.757641 0.612909 1 22 1.000000
MarioHand_alb.png
 29 75.793404 -5.949808 100.420204 0.784770 0.209158 0.583429 0.736538 0.586816 1 22 1.000000
 29 73.584030 -7.402824 102.198631 0.422717 -0.283751 0.860695 0.758007 0.558129 1 22 1.000000
 29 75.752380 -7.548051 100.368095 0.759256 -0.268315 0.592906 0.757671 0.586267 1 22 1.000000
MarioHand_alb.png
 29 77.003471 -7.424154 97.831505 0.908028 -0.225099 0.353292 0.757641 0.612909 1 22 1.000000
 29 75.793404 -5.949808 100.420204 0.784770 0.209158 0.583429 0.736538 0.586816 1 22 1.000000
 29 75.752380 -7.548051 100.368095 0.759256 -0.268315 0.592906 0.757671 0.586267 1 22 1.000000
MarioHand_alb.png
 29 75.752380 -7.548051 100.368095 0.759256 -0.268315 0.592906 0.757671 0.586267 1 22 1.000000
 29 73.584030 -7.402824 102.198631 0.422717 -0.283751 0.860695 0.758007 0.558129 1 22 1.000000
 29 75.174416 -8.916245 99.957535 0.565337 -0.676821 0.471495 0.778195 0.587213 1 22 1.000000
MarioHand_alb.png
 29 77.003471 -7.424154 97.831505 0.908028 -0.225099 0.353292 0.757641 0.612909 1 22 1.000000
 29 75.752380 -7.548051 100.368095 0.759256 -0.268315 0.592906 0.757671 0.586267 1 22 1.000000
 29 75.174416 -8.916245 99.957535 0.565337 -0.676821 0.471495 0.778195 0.587213 1 22 1.000000
MarioHand_alb.png
 29 73.584030 -7.402824 102.198631 0.422717 -0.283751 0.860695 0.758007 0.558129 1 22 1.000000
 29 72.855804 -8.696354 101.659805 0.244874 -0.663296 0.707160 0.779156 0.559640 1 22 1.000000
 29 75.174416 -8.916245 99.957535 0.565337 -0.676821 0.471495 0.778195 0.587213 1 22 1.000000
MarioHand_alb.png
 29 76.337357 -8.838799 97.492493 0.693531 -0.677795 0.244147 0.777417 0.614038 1 22 1.000000
 29 77.626312 -7.262637 95.892235 0.969355 -0.197818 0.145670 0.757809 0.639490 1 22 1.000000
 29 77.003471 -7.424154 97.831505 0.908028 -0.225099 0.353292 0.757641 0.612909 1 22 1.000000
MarioHand_alb.png
 29 76.337357 -8.838799 97.492493 0.693531 -0.677795 0.244147 0.777417 0.614038 1 22 1.000000
 29 77.003471 -7.424154 97.831505 0.908028 -0.225099 0.353292 0.757641 0.612909 1 22 1.000000
 29 75.174416 -8.916245 99.957535 0.565337 -0.676821 0.471495 0.778195 0.587213 1 22 1.000000
MarioHand_alb.png
 29 76.920609 -8.764444 95.533203 0.738487 -0.673354 0.035093 0.776684 0.641154 1 22 1.000000
 29 77.626312 -7.262637 95.892235 0.969355 -0.197818 0.145670 0.757809 0.639490 1 22 1.000000
 29 76.337357 -8.838799 97.492493 0.693531 -0.677795 0.244147 0.777417 0.614038 1 22 1.000000
MarioHand_alb.png
 29 74.076561 -9.762286 99.198288 0.256335 -0.934650 0.246417 0.800107 0.589487 1 22 1.000000
 29 75.174416 -8.916245 99.957535 0.565337 -0.676821 0.471495 0.778195 0.587213 1 22 1.000000
 29 72.855804 -8.696354 101.659805 0.244874 -0.663296 0.707160 0.779156 0.559640 1 22 1.000000
MarioHand_alb.png
 29 76.337357 -8.838799 97.492493 0.693531 -0.677795 0.244147 0.777417 0.614038 1 22 1.000000
 29 75.174416 -8.916245 99.957535 0.565337 -0.676821 0.471495 0.778195 0.587213 1 22 1.000000
 29 74.076561 -9.762286 99.198288 0.256335 -0.934650 0.246417 0.800107 0.589487 1 22 1.000000
MarioHand_alb.png
 29 74.076561 -9.762286 99.198288 0.256335 -0.934650 0.246417 0.800107 0.589487 1 22 1.000000
 29 72.855804 -8.696354 101.659805 0.244874 -0.663296 0.707160 0.779156 0.559640 1 22 1.000000
 29 72.134727 -9.532557 100.577293 0.038909 -0.917117 0.396715 0.801282 0.561624 1 22 1.000000
MarioHand_alb.png
 29 74.943466 -9.722943 96.948303 0.299081 -0.951413 0.073244 0.798596 0.617121 1 22 1.000000
 29 76.920609 -8.764444 95.533203 0.738487 -0.673354 0.035093 0.776684 0.641154 1 22 1.000000
 29 76.337357 -8.838799 97.492493 0.693531 -0.677795 0.244147 0.777417 0.614038 1 22 1.000000
MarioHand_alb.png
 29 74.943466 -9.722943 96.948303 0.299081 -0.951413 0.073244 0.798596 0.617121 1 22 1.000000
 29 76.337357 -8.838799 97.492493 0.693531 -0.677795 0.244147 0.777417 0.614038 1 22 1.000000
 29 74.076561 -9.762286 99.198288 0.256335 -0.934650 0.246417 0.800107 0.589487 1 22 1.000000
MarioHand_alb.png
 29 74.076561 -9.762286 99.198288 0.256335 -0.934650 0.246417 0.800107 0.589487 1 22 1.000000
 29 72.134727 -9.532557 100.577293 0.038909 -0.917117 0.396715 0.801282 0.561624 1 22 1.000000
 29 72.814758 -9.837836 98.362282 -0.174720 -0.981658 -0.076297 0.821576 0.592447 1 22 1.000000
MarioHand_alb.png
 29 74.943466 -9.722943 96.948303 0.299081 -0.951413 0.073244 0.798596 0.617121 1 22 1.000000
 29 74.076561 -9.762286 99.198288 0.256335 -0.934650 0.246417 0.800107 0.589487 1 22 1.000000
 29 72.814758 -9.837836 98.362282 -0.174720 -0.981658 -0.076297 0.821576 0.592447 1 22 1.000000
MarioHand_alb.png
 29 72.814758 -9.837836 98.362282 -0.174720 -0.981658 -0.076297 0.821576 0.592447 1 22 1.000000
 29 72.134727 -9.532557 100.577293 0.038909 -0.917117 0.396715 0.801282 0.561624 1 22 1.000000
 29 71.331909 -9.610528 99.292885 -0.186155 -0.976359 -0.109862 0.823102 0.564050 1 22 1.000000
MarioHand_alb.png
 29 75.579063 -9.596322 95.010559 0.328816 -0.937620 -0.112911 0.794705 0.645380 1 22 1.000000
 29 76.920609 -8.764444 95.533203 0.738487 -0.673354 0.035093 0.776684 0.641154 1 22 1.000000
 29 74.943466 -9.722943 96.948303 0.299081 -0.951413 0.073244 0.798596 0.617121 1 22 1.000000
MarioHand_alb.png
 29 76.389130 -8.342323 93.592827 0.582941 -0.505209 -0.636352 0.780209 0.667903 1 22 1.000000
 29 76.920609 -8.764444 95.533203 0.738487 -0.673354 0.035093 0.776684 0.641154 1 22 1.000000
 29 75.579063 -9.596322 95.010559 0.328816 -0.937620 -0.112911 0.794705 0.645380 1 22 1.000000
MarioHand_alb.png
 29 76.389130 -8.342323 93.592827 0.582941 -0.505209 -0.636352 0.780209 0.667903 1 22 1.000000
 29 75.579063 -9.596322 95.010559 0.328816 -0.937620 -0.112911 0.794705 0.645380 1 22 1.000000
 29 74.760086 -8.675392 93.011719 0.070186 -0.610596 -0.788826 0.802594 0.678203 1 22 1.000000
MarioHand_alb.png
 29 73.394531 -9.787108 96.415916 -0.229640 -0.967481 -0.106046 0.818418 0.620798 1 22 1.000000
 29 74.943466 -9.722943 96.948303 0.299081 -0.951413 0.073244 0.798596 0.617121 1 22 1.000000
 29 72.814758 -9.837836 98.362282 -0.174720 -0.981658 -0.076297 0.821576 0.592447 1 22 1.000000
MarioHand_alb.png
 29 73.394531 -9.787108 96.415916 -0.229640 -0.967481 -0.106046 0.818418 0.620798 1 22 1.000000
 29 75.579063 -9.596322 95.010559 0.328816 -0.937620 -0.112911 0.794705 0.645380 1 22 1.000000
 29 74.943466 -9.722943 96.948303 0.299081 -0.951413 0.073244 0.798596 0.617121 1 22 1.000000
MarioHand_alb.png
 29 72.814758 -9.837836 98.362282 -0.174720 -0.981658 -0.076297 0.821576 0.592447 1 22 1.000000
 29 71.331909 -9.610528 99.292885 -0.186155 -0.976359 -0.109862 0.823102 0.564050 1 22 1.000000
 29 71.572037 -8.661189 96.961143 -0.624047 -0.719981 -0.303632 0.853712 0.597482 1 22 1.000000
MarioHand_alb.png
 29 73.394531 -9.787108 96.415916 -0.229640 -0.967481 -0.106046 0.818418 0.620798 1 22 1.000000
 29 72.814758 -9.837836 98.362282 -0.174720 -0.981658 -0.076297 0.821576 0.592447 1 22 1.000000
 29 71.572037 -8.661189 96.961143 -0.624047 -0.719981 -0.303632 0.853712 0.597482 1 22 1.000000
MarioHand_alb.png
 29 71.572037 -8.661189 96.961143 -0.624047 -0.719981 -0.303632 0.853712 0.597482 1 22 1.000000
 29 71.331909 -9.610528 99.292885 -0.186155 -0.976359 -0.109862 0.823102 0.564050 1 22 1.000000
 29 70.569580 -8.633030 97.610695 -0.177012 -0.736280 -0.653115 0.856214 0.568063 1 22 1.000000
MarioHand_alb.png
 29 70.830994 -6.154533 97.018944 -0.864527 0.262105 -0.428830 0.887480 0.603784 1 22 1.000000
 29 71.572037 -8.661189 96.961143 -0.624047 -0.719981 -0.303632 0.853712 0.597482 1 22 1.000000
 29 70.569580 -8.633030 97.610695 -0.177012 -0.736280 -0.653115 0.856214 0.568063 1 22 1.000000
MarioHand_alb.png
 29 74.054535 -9.641550 94.487831 -0.175483 -0.931394 -0.318921 0.812039 0.650004 1 22 1.000000
 29 75.579063 -9.596322 95.010559 0.328816 -0.937620 -0.112911 0.794705 0.645380 1 22 1.000000
 29 73.394531 -9.787108 96.415916 -0.229640 -0.967481 -0.106046 0.818418 0.620798 1 22 1.000000
MarioHand_alb.png
 29 74.760086 -8.675392 93.011719 0.070186 -0.610596 -0.788826 0.802594 0.678203 1 22 1.000000
 29 75.579063 -9.596322 95.010559 0.328816 -0.937620 -0.112911 0.794705 0.645380 1 22 1.000000
 29 74.054535 -9.641550 94.487831 -0.175483 -0.931394 -0.318921 0.812039 0.650004 1 22 1.000000
MarioHand_alb.png
 29 73.394531 -9.787108 96.415916 -0.229640 -0.967481 -0.106046 0.818418 0.620798 1 22 1.000000
 29 71.572037 -8.661189 96.961143 -0.624047 -0.719981 -0.303632 0.853712 0.597482 1 22 1.000000
 29 71.395905 -8.430884 95.842384 -0.851490 -0.467996 -0.236525 0.849088 0.626520 1 22 1.000000
MarioHand_alb.png
 29 71.395905 -8.430884 95.842384 -0.851490 -0.467996 -0.236525 0.849088 0.626520 1 22 1.000000
 29 71.572037 -8.661189 96.961143 -0.624047 -0.719981 -0.303632 0.853712 0.597482 1 22 1.000000
 29 70.830994 -6.154533 97.018944 -0.864527 0.262105 -0.428830 0.887480 0.603784 1 22 1.000000
MarioHand_alb.png
 29 74.054535 -9.641550 94.487831 -0.175483 -0.931394 -0.318921 0.812039 0.650004 1 22 1.000000
 29 73.394531 -9.787108 96.415916 -0.229640 -0.967481 -0.106046 0.818418 0.620798 1 22 1.000000
 29 71.395905 -8.430884 95.842384 -0.851490 -0.467996 -0.236525 0.849088 0.626520 1 22 1.000000
MarioHand_alb.png
 29 70.871536 -5.972990 95.859169 -0.954253 0.221019 -0.201377 0.880919 0.635096 1 22 1.000000
 29 71.395905 -8.430884 95.842384 -0.851490 -0.467996 -0.236525 0.849088 0.626520 1 22 1.000000
 29 70.830994 -6.154533 97.018944 -0.864527 0.262105 -0.428830 0.887480 0.603784 1 22 1.000000
MarioHand_alb.png
 29 71.670982 -5.840734 93.976379 -0.832281 0.236868 -0.501200 0.869551 0.666270 1 22 1.000000
 29 71.395905 -8.430884 95.842384 -0.851490 -0.467996 -0.236525 0.849088 0.626520 1 22 1.000000
 29 70.871536 -5.972990 95.859169 -0.954253 0.221019 -0.201377 0.880919 0.635096 1 22 1.000000
MarioHand_alb.png
 29 74.054535 -9.641550 94.487831 -0.175483 -0.931394 -0.318921 0.812039 0.650004 1 22 1.000000
 29 71.395905 -8.430884 95.842384 -0.851490 -0.467996 -0.236525 0.849088 0.626520 1 22 1.000000
 29 72.124664 -8.225361 93.942444 -0.756927 -0.391244 -0.523440 0.840482 0.655085 1 22 1.000000
MarioHand_alb.png
 29 72.124664 -8.225361 93.942444 -0.756927 -0.391244 -0.523440 0.840482 0.655085 1 22 1.000000
 29 71.395905 -8.430884 95.842384 -0.851490 -0.467996 -0.236525 0.849088 0.626520 1 22 1.000000
 29 71.670982 -5.840734 93.976379 -0.832281 0.236868 -0.501200 0.869551 0.666270 1 22 1.000000
MarioHand_alb.png
 29 74.760086 -8.675392 93.011719 0.070186 -0.610596 -0.788826 0.802594 0.678203 1 22 1.000000
 29 74.054535 -9.641550 94.487831 -0.175483 -0.931394 -0.318921 0.812039 0.650004 1 22 1.000000
 29 72.124664 -8.225361 93.942444 -0.756927 -0.391244 -0.523440 0.840482 0.655085 1 22 1.000000
MarioHand_alb.png
 29 72.124664 -8.225361 93.942444 -0.756927 -0.391244 -0.523440 0.840482 0.655085 1 22 1.000000
 29 71.670982 -5.840734 93.976379 -0.832281 0.236868 -0.501200 0.869551 0.666270 1 22 1.000000
 29 73.016731 -5.905772 92.636841 -0.531642 0.220819 -0.817677 0.851331 0.690013 1 22 1.000000
MarioHand_alb.png
 29 74.760086 -8.675392 93.011719 0.070186 -0.610596 -0.788826 0.802594 0.678203 1 22 1.000000
 29 72.124664 -8.225361 93.942444 -0.756927 -0.391244 -0.523440 0.840482 0.655085 1 22 1.000000
 29 73.349792 -7.640479 92.613174 -0.430458 -0.266270 -0.862442 0.829709 0.678981 1 22 1.000000
MarioHand_alb.png
 29 73.349792 -7.640479 92.613174 -0.430458 -0.266270 -0.862442 0.829709 0.678981 1 22 1.000000
 29 72.124664 -8.225361 93.942444 -0.756927 -0.391244 -0.523440 0.840482 0.655085 1 22 1.000000
 29 73.016731 -5.905772 92.636841 -0.531642 0.220819 -0.817677 0.851331 0.690013 1 22 1.000000
MarioHand_alb.png
 29 74.760086 -8.675392 93.011719 0.070186 -0.610596 -0.788826 0.802594 0.678203 1 22 1.000000
 29 73.349792 -7.640479 92.613174 -0.430458 -0.266270 -0.862442 0.829709 0.678981 1 22 1.000000
 29 75.493797 -6.355391 92.452881 0.321249 0.076402 -0.943908 0.820615 0.710201 1 22 1.000000
MarioHand_alb.png
 29 73.349792 -7.640479 92.613174 -0.430458 -0.266270 -0.862442 0.829709 0.678981 1 22 1.000000
 29 73.016731 -5.905772 92.636841 -0.531642 0.220819 -0.817677 0.851331 0.690013 1 22 1.000000
 29 75.493797 -6.355391 92.452881 0.321249 0.076402 -0.943908 0.820615 0.710201 1 22 1.000000
MarioHand_alb.png
 29 67.445305 6.128111 97.847916 0.209871 -0.144906 -0.966931 0.666743 0.072892 1 22 1.000000
 29 65.468262 3.113581 99.460602 0.661341 0.207408 -0.720839 0.627543 0.030091 1 22 1.000000
 29 65.522072 5.959197 97.280945 0.734115 -0.070493 -0.675356 0.674754 0.041138 1 22 1.000000
MarioHand_alb.png
 29 67.445305 6.128111 97.847916 0.209871 -0.144906 -0.966931 0.666743 0.072892 1 22 1.000000
 29 67.705307 3.370852 99.784119 0.209823 -0.746229 -0.631757 0.622583 0.062257 1 22 1.000000
 29 65.468262 3.113581 99.460602 0.661341 0.207408 -0.720839 0.627543 0.030091 1 22 1.000000
MarioHand_alb.png
 29 69.244057 6.366260 98.196548 0.121322 -0.154610 -0.980498 0.661418 0.104524 1 22 1.000000
 29 67.705307 3.370852 99.784119 0.209823 -0.746229 -0.631757 0.622583 0.062257 1 22 1.000000
 29 67.445305 6.128111 97.847916 0.209871 -0.144906 -0.966931 0.666743 0.072892 1 22 1.000000
MarioHand_alb.png
 29 65.468262 3.113581 99.460602 0.661341 0.207408 -0.720839 0.627543 0.030091 1 22 1.000000
 29 67.705307 3.370852 99.784119 0.209823 -0.746229 -0.631757 0.622583 0.062257 1 22 1.000000
 29 68.073853 3.271407 102.481873 0.080108 -0.989094 0.123595 0.586419 0.057710 1 22 1.000000
MarioHand_alb.png
 29 69.836357 3.830165 99.985779 0.162509 -0.712263 -0.682841 0.619257 0.095415 1 22 1.000000
 29 67.705307 3.370852 99.784119 0.209823 -0.746229 -0.631757 0.622583 0.062257 1 22 1.000000
 29 69.244057 6.366260 98.196548 0.121322 -0.154610 -0.980498 0.661418 0.104524 1 22 1.000000
MarioHand_alb.png
 29 70.781357 6.551508 98.278458 -0.127387 -0.156469 -0.979433 0.654856 0.137652 1 22 1.000000
 29 69.836357 3.830165 99.985779 0.162509 -0.712263 -0.682841 0.619257 0.095415 1 22 1.000000
 29 69.244057 6.366260 98.196548 0.121322 -0.154610 -0.980498 0.661418 0.104524 1 22 1.000000
MarioHand_alb.png
 29 70.288231 3.488763 102.138626 0.132753 -0.988873 0.067139 0.584222 0.089067 1 22 1.000000
 29 68.073853 3.271407 102.481873 0.080108 -0.989094 0.123595 0.586419 0.057710 1 22 1.000000
 29 67.705307 3.370852 99.784119 0.209823 -0.746229 -0.631757 0.622583 0.062257 1 22 1.000000
MarioHand_alb.png
 29 69.836357 3.830165 99.985779 0.162509 -0.712263 -0.682841 0.619257 0.095415 1 22 1.000000
 29 70.288231 3.488763 102.138626 0.132753 -0.988873 0.067139 0.584222 0.089067 1 22 1.000000
 29 67.705307 3.370852 99.784119 0.209823 -0.746229 -0.631757 0.622583 0.062257 1 22 1.000000
MarioHand_alb.png
 29 71.600662 4.155492 99.730255 -0.039672 -0.807736 -0.588208 0.616129 0.128161 1 22 1.000000
 29 69.836357 3.830165 99.985779 0.162509 -0.712263 -0.682841 0.619257 0.095415 1 22 1.000000
 29 70.781357 6.551508 98.278458 -0.127387 -0.156469 -0.979433 0.654856 0.137652 1 22 1.000000
MarioHand_alb.png
 29 71.600662 4.155492 99.730255 -0.039672 -0.807736 -0.588208 0.616129 0.128161 1 22 1.000000
 29 70.288231 3.488763 102.138626 0.132753 -0.988873 0.067139 0.584222 0.089067 1 22 1.000000
 29 69.836357 3.830165 99.985779 0.162509 -0.712263 -0.682841 0.619257 0.095415 1 22 1.000000
MarioHand_alb.png
 29 71.900124 6.673671 97.946831 -0.611789 -0.150563 -0.776560 0.646815 0.170977 1 22 1.000000
 29 71.600662 4.155492 99.730255 -0.039672 -0.807736 -0.588208 0.616129 0.128161 1 22 1.000000
 29 70.781357 6.551508 98.278458 -0.127387 -0.156469 -0.979433 0.654856 0.137652 1 22 1.000000
MarioHand_alb.png
 29 70.288231 3.488763 102.138626 0.132753 -0.988873 0.067139 0.584222 0.089067 1 22 1.000000
 29 68.200211 3.783787 104.213791 0.183112 -0.849728 0.494401 0.559823 0.054444 1 22 1.000000
 29 68.073853 3.271407 102.481873 0.080108 -0.989094 0.123595 0.586419 0.057710 1 22 1.000000
MarioHand_alb.png
 29 68.200211 3.783787 104.213791 0.183112 -0.849728 0.494401 0.559823 0.054444 1 22 1.000000
 29 65.805428 3.198270 102.429626 0.244902 0.969497 -0.009918 0.587182 0.028794 1 22 1.000000
 29 68.073853 3.271407 102.481873 0.080108 -0.989094 0.123595 0.586419 0.057710 1 22 1.000000
MarioHand_alb.png
 29 68.200211 3.783787 104.213791 0.183112 -0.849728 0.494401 0.559823 0.054444 1 22 1.000000
 29 65.804329 3.520475 105.515320 0.223499 0.064552 0.972564 0.547555 0.020462 1 22 1.000000
 29 65.805428 3.198270 102.429626 0.244902 0.969497 -0.009918 0.587182 0.028794 1 22 1.000000
MarioHand_alb.png
 29 68.179993 5.212444 105.318123 0.138847 -0.197590 0.970402 0.534234 0.052644 1 22 1.000000
 29 65.804329 3.520475 105.515320 0.223499 0.064552 0.972564 0.547555 0.020462 1 22 1.000000
 29 68.200211 3.783787 104.213791 0.183112 -0.849728 0.494401 0.559823 0.054444 1 22 1.000000
MarioHand_alb.png
 29 68.179993 5.212444 105.318123 0.138847 -0.197590 0.970402 0.534234 0.052644 1 22 1.000000
 29 65.559784 6.753955 105.188232 0.119006 0.199488 0.972647 0.506096 0.022171 1 22 1.000000
 29 65.804329 3.520475 105.515320 0.223499 0.064552 0.972564 0.547555 0.020462 1 22 1.000000
MarioHand_alb.png
 29 70.541115 3.928438 104.005440 0.182343 -0.770857 0.610353 0.558129 0.085878 1 22 1.000000
 29 68.200211 3.783787 104.213791 0.183112 -0.849728 0.494401 0.559823 0.054444 1 22 1.000000
 29 70.288231 3.488763 102.138626 0.132753 -0.988873 0.067139 0.584222 0.089067 1 22 1.000000
MarioHand_alb.png
 29 70.541115 3.928438 104.005440 0.182343 -0.770857 0.610353 0.558129 0.085878 1 22 1.000000
 29 68.179993 5.212444 105.318123 0.138847 -0.197590 0.970402 0.534234 0.052644 1 22 1.000000
 29 68.200211 3.783787 104.213791 0.183112 -0.849728 0.494401 0.559823 0.054444 1 22 1.000000
MarioHand_alb.png
 29 71.600662 4.155492 99.730255 -0.039672 -0.807736 -0.588208 0.616129 0.128161 1 22 1.000000
 29 72.639145 3.822873 101.721054 0.109864 -0.993380 0.033570 0.581292 0.121340 1 22 1.000000
 29 70.288231 3.488763 102.138626 0.132753 -0.988873 0.067139 0.584222 0.089067 1 22 1.000000
MarioHand_alb.png
 29 72.639145 3.822873 101.721054 0.109864 -0.993380 0.033570 0.581292 0.121340 1 22 1.000000
 29 70.541115 3.928438 104.005440 0.182343 -0.770857 0.610353 0.558129 0.085878 1 22 1.000000
 29 70.288231 3.488763 102.138626 0.132753 -0.988873 0.067139 0.584222 0.089067 1 22 1.000000
MarioHand_alb.png
 29 72.911209 4.308810 99.037148 -0.292207 -0.873282 -0.389863 0.611154 0.160403 1 22 1.000000
 29 71.600662 4.155492 99.730255 -0.039672 -0.807736 -0.588208 0.616129 0.128161 1 22 1.000000
 29 71.900124 6.673671 97.946831 -0.611789 -0.150563 -0.776560 0.646815 0.170977 1 22 1.000000
MarioHand_alb.png
 29 72.911209 4.308810 99.037148 -0.292207 -0.873282 -0.389863 0.611154 0.160403 1 22 1.000000
 29 72.639145 3.822873 101.721054 0.109864 -0.993380 0.033570 0.581292 0.121340 1 22 1.000000
 29 71.600662 4.155492 99.730255 -0.039672 -0.807736 -0.588208 0.616129 0.128161 1 22 1.000000
MarioHand_alb.png
 29 73.679749 4.394865 97.687935 -0.512690 -0.824253 -0.240324 0.605158 0.188998 1 22 1.000000
 29 72.911209 4.308810 99.037148 -0.292207 -0.873282 -0.389863 0.611154 0.160403 1 22 1.000000
 29 71.900124 6.673671 97.946831 -0.611789 -0.150563 -0.776560 0.646815 0.170977 1 22 1.000000
MarioHand_alb.png
 29 73.679749 4.394865 97.687935 -0.512690 -0.824253 -0.240324 0.605158 0.188998 1 22 1.000000
 29 71.900124 6.673671 97.946831 -0.611789 -0.150563 -0.776560 0.646815 0.170977 1 22 1.000000
 29 72.663651 6.701238 96.843063 -0.903659 -0.113625 -0.412905 0.637446 0.201129 1 22 1.000000
MarioHand_alb.png
 29 74.525299 3.918054 100.725952 0.082397 -0.994487 0.064850 0.578073 0.152712 1 22 1.000000
 29 72.639145 3.822873 101.721054 0.109864 -0.993380 0.033570 0.581292 0.121340 1 22 1.000000
 29 72.911209 4.308810 99.037148 -0.292207 -0.873282 -0.389863 0.611154 0.160403 1 22 1.000000
MarioHand_alb.png
 29 74.122993 4.497907 95.920837 -0.506600 -0.764288 -0.399024 0.595956 0.215961 1 22 1.000000
 29 73.679749 4.394865 97.687935 -0.512690 -0.824253 -0.240324 0.605158 0.188998 1 22 1.000000
 29 72.663651 6.701238 96.843063 -0.903659 -0.113625 -0.412905 0.637446 0.201129 1 22 1.000000
MarioHand_alb.png
 29 74.122993 4.497907 95.920837 -0.506600 -0.764288 -0.399024 0.595956 0.215961 1 22 1.000000
 29 72.663651 6.701238 96.843063 -0.903659 -0.113625 -0.412905 0.637446 0.201129 1 22 1.000000
 29 73.134705 6.642212 95.282990 -0.823859 -0.109562 -0.556105 0.623575 0.229175 1 22 1.000000
MarioHand_alb.png
 29 74.122993 4.497907 95.920837 -0.506600 -0.764288 -0.399024 0.595956 0.215961 1 22 1.000000
 29 73.134705 6.642212 95.282990 -0.823859 -0.109562 -0.556105 0.623575 0.229175 1 22 1.000000
 29 74.678131 6.645739 94.123016 -0.415087 -0.113596 -0.902662 0.604318 0.251789 1 22 1.000000
MarioHand_alb.png
 29 75.581787 3.821966 99.049889 0.047302 -0.998652 0.021362 0.573419 0.180728 1 22 1.000000
 29 72.911209 4.308810 99.037148 -0.292207 -0.873282 -0.389863 0.611154 0.160403 1 22 1.000000
 29 73.679749 4.394865 97.687935 -0.512690 -0.824253 -0.240324 0.605158 0.188998 1 22 1.000000
MarioHand_alb.png
 29 75.581787 3.821966 99.049889 0.047302 -0.998652 0.021362 0.573419 0.180728 1 22 1.000000
 29 74.525299 3.918054 100.725952 0.082397 -0.994487 0.064850 0.578073 0.152712 1 22 1.000000
 29 72.911209 4.308810 99.037148 -0.292207 -0.873282 -0.389863 0.611154 0.160403 1 22 1.000000
MarioHand_alb.png
 29 76.225685 3.841919 97.063690 0.033569 -0.987002 -0.157165 0.567193 0.208698 1 22 1.000000
 29 73.679749 4.394865 97.687935 -0.512690 -0.824253 -0.240324 0.605158 0.188998 1 22 1.000000
 29 74.122993 4.497907 95.920837 -0.506600 -0.764288 -0.399024 0.595956 0.215961 1 22 1.000000
MarioHand_alb.png
 29 76.225685 3.841919 97.063690 0.033569 -0.987002 -0.157165 0.567193 0.208698 1 22 1.000000
 29 75.581787 3.821966 99.049889 0.047302 -0.998652 0.021362 0.573419 0.180728 1 22 1.000000
 29 73.679749 4.394865 97.687935 -0.512690 -0.824253 -0.240324 0.605158 0.188998 1 22 1.000000
MarioHand_alb.png
 29 75.411194 5.048868 94.596489 -0.168589 -0.651183 -0.739959 0.583658 0.239170 1 22 1.000000
 29 74.122993 4.497907 95.920837 -0.506600 -0.764288 -0.399024 0.595956 0.215961 1 22 1.000000
 29 74.678131 6.645739 94.123016 -0.415087 -0.113596 -0.902662 0.604318 0.251789 1 22 1.000000
MarioHand_alb.png
 29 75.411194 5.048868 94.596489 -0.168589 -0.651183 -0.739959 0.583658 0.239170 1 22 1.000000
 29 74.678131 6.645739 94.123016 -0.415087 -0.113596 -0.902662 0.604318 0.251789 1 22 1.000000
 29 77.161247 6.854755 94.482094 0.463680 -0.048904 -0.884652 0.572961 0.269306 1 22 1.000000
MarioHand_alb.png
 29 76.942413 4.552672 95.429756 0.257890 -0.787309 -0.560034 0.557076 0.236805 1 22 1.000000
 29 75.411194 5.048868 94.596489 -0.168589 -0.651183 -0.739959 0.583658 0.239170 1 22 1.000000
 29 77.161247 6.854755 94.482094 0.463680 -0.048904 -0.884652 0.572961 0.269306 1 22 1.000000
MarioHand_alb.png
 29 76.942413 4.552672 95.429756 0.257890 -0.787309 -0.560034 0.557076 0.236805 1 22 1.000000
 29 74.122993 4.497907 95.920837 -0.506600 -0.764288 -0.399024 0.595956 0.215961 1 22 1.000000
 29 75.411194 5.048868 94.596489 -0.168589 -0.651183 -0.739959 0.583658 0.239170 1 22 1.000000
MarioHand_alb.png
 29 76.942413 4.552672 95.429756 0.257890 -0.787309 -0.560034 0.557076 0.236805 1 22 1.000000
 29 76.225685 3.841919 97.063690 0.033569 -0.987002 -0.157165 0.567193 0.208698 1 22 1.000000
 29 74.122993 4.497907 95.920837 -0.506600 -0.764288 -0.399024 0.595956 0.215961 1 22 1.000000
MarioHand_alb.png
 29 77.616516 4.439268 97.762978 0.582866 -0.807735 0.088498 0.549142 0.203143 1 22 1.000000
 29 75.581787 3.821966 99.049889 0.047302 -0.998652 0.021362 0.573419 0.180728 1 22 1.000000
 29 76.225685 3.841919 97.063690 0.033569 -0.987002 -0.157165 0.567193 0.208698 1 22 1.000000
MarioHand_alb.png
 29 76.942413 4.552672 95.429756 0.257890 -0.787309 -0.560034 0.557076 0.236805 1 22 1.000000
 29 77.616516 4.439268 97.762978 0.582866 -0.807735 0.088498 0.549142 0.203143 1 22 1.000000
 29 76.225685 3.841919 97.063690 0.033569 -0.987002 -0.157165 0.567193 0.208698 1 22 1.000000
MarioHand_alb.png
 29 76.910599 4.383269 99.923943 0.537885 -0.794620 0.281531 0.552834 0.175814 1 22 1.000000
 29 74.525299 3.918054 100.725952 0.082397 -0.994487 0.064850 0.578073 0.152712 1 22 1.000000
 29 75.581787 3.821966 99.049889 0.047302 -0.998652 0.021362 0.573419 0.180728 1 22 1.000000
MarioHand_alb.png
 29 77.616516 4.439268 97.762978 0.582866 -0.807735 0.088498 0.549142 0.203143 1 22 1.000000
 29 76.910599 4.383269 99.923943 0.537885 -0.794620 0.281531 0.552834 0.175814 1 22 1.000000
 29 75.581787 3.821966 99.049889 0.047302 -0.998652 0.021362 0.573419 0.180728 1 22 1.000000
MarioHand_alb.png
 29 78.370895 5.437009 96.133286 0.789521 -0.452163 -0.414975 0.534966 0.226062 1 22 1.000000
 29 77.616516 4.439268 97.762978 0.582866 -0.807735 0.088498 0.549142 0.203143 1 22 1.000000
 29 76.942413 4.552672 95.429756 0.257890 -0.787309 -0.560034 0.557076 0.236805 1 22 1.000000
MarioHand_alb.png
 29 77.161247 6.854755 94.482094 0.463680 -0.048904 -0.884652 0.513207 0.252415 1 22 1.000000
 29 78.370895 5.437009 96.133286 0.789521 -0.452163 -0.414975 0.534966 0.226062 1 22 1.000000
 29 76.942413 4.552672 95.429756 0.257890 -0.787309 -0.560034 0.557076 0.236805 1 22 1.000000
MarioHand_alb.png
 29 78.572906 5.642983 98.176514 0.899645 -0.371800 0.228917 0.531472 0.199420 1 22 1.000000
 29 76.910599 4.383269 99.923943 0.537885 -0.794620 0.281531 0.552834 0.175814 1 22 1.000000
 29 77.616516 4.439268 97.762978 0.582866 -0.807735 0.088498 0.549142 0.203143 1 22 1.000000
MarioHand_alb.png
 29 78.370895 5.437009 96.133286 0.789521 -0.452163 -0.414975 0.534966 0.226062 1 22 1.000000
 29 78.572906 5.642983 98.176514 0.899645 -0.371800 0.228917 0.531472 0.199420 1 22 1.000000
 29 77.616516 4.439268 97.762978 0.582866 -0.807735 0.088498 0.549142 0.203143 1 22 1.000000
MarioHand_alb.png
 29 76.910599 4.383269 99.923943 0.537885 -0.794620 0.281531 0.552834 0.175814 1 22 1.000000
 29 75.484413 4.430709 102.047836 0.424922 -0.779183 0.460777 0.555459 0.148333 1 22 1.000000
 29 74.525299 3.918054 100.725952 0.082397 -0.994487 0.064850 0.578073 0.152712 1 22 1.000000
MarioHand_alb.png
 29 74.525299 3.918054 100.725952 0.082397 -0.994487 0.064850 0.578073 0.152712 1 22 1.000000
 29 75.484413 4.430709 102.047836 0.424922 -0.779183 0.460777 0.555459 0.148333 1 22 1.000000
 29 72.639145 3.822873 101.721054 0.109864 -0.993380 0.033570 0.581292 0.121340 1 22 1.000000
MarioHand_alb.png
 29 77.161247 6.854755 94.482094 0.463680 -0.048904 -0.884652 0.513207 0.252415 1 22 1.000000
 29 78.873955 7.144896 96.304451 0.929820 0.037185 -0.366131 0.512703 0.222461 1 22 1.000000
 29 78.370895 5.437009 96.133286 0.789521 -0.452163 -0.414975 0.534966 0.226062 1 22 1.000000
MarioHand_alb.png
 29 78.370895 5.437009 96.133286 0.789521 -0.452163 -0.414975 0.534966 0.226062 1 22 1.000000
 29 78.873955 7.144896 96.304451 0.929820 0.037185 -0.366131 0.512703 0.222461 1 22 1.000000
 29 78.572906 5.642983 98.176514 0.899645 -0.371800 0.228917 0.531472 0.199420 1 22 1.000000
MarioHand_alb.png
 29 77.161247 6.854755 94.482094 0.463680 -0.048904 -0.884652 0.513207 0.252415 1 22 1.000000
 29 78.107468 8.659263 95.817894 0.728410 0.475278 -0.493488 0.490959 0.227451 1 22 1.000000
 29 78.873955 7.144896 96.304451 0.929820 0.037185 -0.366131 0.512703 0.222461 1 22 1.000000
MarioHand_alb.png
 29 77.161247 6.854755 94.482094 0.463680 -0.048904 -0.884652 0.513207 0.252415 1 22 1.000000
 29 76.608315 9.257011 94.995926 0.263948 0.643374 -0.718611 0.468421 0.238315 1 22 1.000000
 29 78.107468 8.659263 95.817894 0.728410 0.475278 -0.493488 0.490959 0.227451 1 22 1.000000
MarioHand_alb.png
 29 78.873955 7.144896 96.304451 0.929820 0.037185 -0.366131 0.512703 0.222461 1 22 1.000000
 29 78.795387 7.315637 98.226006 0.957324 0.090107 0.274611 0.512383 0.198337 1 22 1.000000
 29 78.572906 5.642983 98.176514 0.899645 -0.371800 0.228917 0.531472 0.199420 1 22 1.000000
MarioHand_alb.png
 29 78.873955 7.144896 96.304451 0.929820 0.037185 -0.366131 0.512703 0.222461 1 22 1.000000
 29 78.107468 8.659263 95.817894 0.728410 0.475278 -0.493488 0.490959 0.227451 1 22 1.000000
 29 78.388199 8.779665 97.934273 0.816411 0.554130 0.162519 0.494850 0.200015 1 22 1.000000
MarioHand_alb.png
 29 78.873955 7.144896 96.304451 0.929820 0.037185 -0.366131 0.512703 0.222461 1 22 1.000000
 29 78.388199 8.779665 97.934273 0.816411 0.554130 0.162519 0.494850 0.200015 1 22 1.000000
 29 78.795387 7.315637 98.226006 0.957324 0.090107 0.274611 0.512383 0.198337 1 22 1.000000
MarioHand_alb.png
 29 78.572906 5.642983 98.176514 0.899645 -0.371800 0.228917 0.531472 0.199420 1 22 1.000000
 29 77.767776 5.665801 100.500282 0.823852 -0.316954 0.469901 0.533028 0.172992 1 22 1.000000
 29 76.910599 4.383269 99.923943 0.537885 -0.794620 0.281531 0.552834 0.175814 1 22 1.000000
MarioHand_alb.png
 29 78.572906 5.642983 98.176514 0.899645 -0.371800 0.228917 0.531472 0.199420 1 22 1.000000
 29 78.795387 7.315637 98.226006 0.957324 0.090107 0.274611 0.512383 0.198337 1 22 1.000000
 29 77.767776 5.665801 100.500282 0.823852 -0.316954 0.469901 0.533028 0.172992 1 22 1.000000
MarioHand_alb.png
 29 76.910599 4.383269 99.923943 0.537885 -0.794620 0.281531 0.552834 0.175814 1 22 1.000000
 29 77.767776 5.665801 100.500282 0.823852 -0.316954 0.469901 0.533028 0.172992 1 22 1.000000
 29 75.484413 4.430709 102.047836 0.424922 -0.779183 0.460777 0.555459 0.148333 1 22 1.000000
MarioHand_alb.png
 29 78.107468 8.659263 95.817894 0.728410 0.475278 -0.493488 0.490959 0.227451 1 22 1.000000
 29 77.138084 9.936652 97.209229 0.473764 0.880012 -0.033568 0.474830 0.205295 1 22 1.000000
 29 78.388199 8.779665 97.934273 0.816411 0.554130 0.162519 0.494850 0.200015 1 22 1.000000
MarioHand_alb.png
 29 78.107468 8.659263 95.817894 0.728410 0.475278 -0.493488 0.490959 0.227451 1 22 1.000000
 29 76.608315 9.257011 94.995926 0.263948 0.643374 -0.718611 0.468421 0.238315 1 22 1.000000
 29 77.138084 9.936652 97.209229 0.473764 0.880012 -0.033568 0.474830 0.205295 1 22 1.000000
MarioHand_alb.png
 29 78.388199 8.779665 97.934273 0.816411 0.554130 0.162519 0.494850 0.200015 1 22 1.000000
 29 77.483711 9.028515 100.152008 0.735411 0.551558 0.393643 0.491722 0.174395 1 22 1.000000
 29 78.795387 7.315637 98.226006 0.957324 0.090107 0.274611 0.512383 0.198337 1 22 1.000000
MarioHand_alb.png
 29 78.388199 8.779665 97.934273 0.816411 0.554130 0.162519 0.494850 0.200015 1 22 1.000000
 29 77.138084 9.936652 97.209229 0.473764 0.880012 -0.033568 0.474830 0.205295 1 22 1.000000
 29 76.318542 10.203915 99.306938 0.421126 0.892603 0.160974 0.469306 0.178531 1 22 1.000000
MarioHand_alb.png
 29 78.388199 8.779665 97.934273 0.816411 0.554130 0.162519 0.494850 0.200015 1 22 1.000000
 29 76.318542 10.203915 99.306938 0.421126 0.892603 0.160974 0.469306 0.178531 1 22 1.000000
 29 77.483711 9.028515 100.152008 0.735411 0.551558 0.393643 0.491722 0.174395 1 22 1.000000
MarioHand_alb.png
 29 78.795387 7.315637 98.226006 0.957324 0.090107 0.274611 0.512383 0.198337 1 22 1.000000
 29 77.866135 7.453291 100.482224 0.857303 0.121178 0.500348 0.511620 0.172824 1 22 1.000000
 29 77.767776 5.665801 100.500282 0.823852 -0.316954 0.469901 0.533028 0.172992 1 22 1.000000
MarioHand_alb.png
 29 78.795387 7.315637 98.226006 0.957324 0.090107 0.274611 0.512383 0.198337 1 22 1.000000
 29 77.483711 9.028515 100.152008 0.735411 0.551558 0.393643 0.491722 0.174395 1 22 1.000000
 29 77.866135 7.453291 100.482224 0.857303 0.121178 0.500348 0.511620 0.172824 1 22 1.000000
MarioHand_alb.png
 29 77.767776 5.665801 100.500282 0.823852 -0.316954 0.469901 0.533028 0.172992 1 22 1.000000
 29 76.047203 5.734562 102.816841 0.631748 -0.260272 0.730173 0.533791 0.146242 1 22 1.000000
 29 75.484413 4.430709 102.047836 0.424922 -0.779183 0.460777 0.555459 0.148333 1 22 1.000000
MarioHand_alb.png
 29 77.866135 7.453291 100.482224 0.857303 0.121178 0.500348 0.511620 0.172824 1 22 1.000000
 29 76.018082 7.538438 102.765152 0.640087 0.148769 0.753762 0.510689 0.146273 1 22 1.000000
 29 77.767776 5.665801 100.500282 0.823852 -0.316954 0.469901 0.533028 0.172992 1 22 1.000000
MarioHand_alb.png
 29 77.767776 5.665801 100.500282 0.823852 -0.316954 0.469901 0.533028 0.172992 1 22 1.000000
 29 76.018082 7.538438 102.765152 0.640087 0.148769 0.753762 0.510689 0.146273 1 22 1.000000
 29 76.047203 5.734562 102.816841 0.631748 -0.260272 0.730173 0.533791 0.146242 1 22 1.000000
MarioHand_alb.png
 29 77.483711 9.028515 100.152008 0.735411 0.551558 0.393643 0.491722 0.174395 1 22 1.000000
 29 75.731361 9.142780 102.395035 0.550082 0.536349 0.640109 0.489128 0.147799 1 22 1.000000
 29 77.866135 7.453291 100.482224 0.857303 0.121178 0.500348 0.511620 0.172824 1 22 1.000000
MarioHand_alb.png
 29 77.866135 7.453291 100.482224 0.857303 0.121178 0.500348 0.511620 0.172824 1 22 1.000000
 29 75.731361 9.142780 102.395035 0.550082 0.536349 0.640109 0.489128 0.147799 1 22 1.000000
 29 76.018082 7.538438 102.765152 0.640087 0.148769 0.753762 0.510689 0.146273 1 22 1.000000
MarioHand_alb.png
 29 76.047203 5.734562 102.816841 0.631748 -0.260272 0.730173 0.533791 0.146242 1 22 1.000000
 29 73.181412 4.318126 103.383652 0.292977 -0.748943 0.594348 0.556832 0.117525 1 22 1.000000
 29 75.484413 4.430709 102.047836 0.424922 -0.779183 0.460777 0.555459 0.148333 1 22 1.000000
MarioHand_alb.png
 29 75.484413 4.430709 102.047836 0.424922 -0.779183 0.460777 0.555459 0.148333 1 22 1.000000
 29 73.181412 4.318126 103.383652 0.292977 -0.748943 0.594348 0.556832 0.117525 1 22 1.000000
 29 72.639145 3.822873 101.721054 0.109864 -0.993380 0.033570 0.581292 0.121340 1 22 1.000000
MarioHand_alb.png
 29 73.181412 4.318126 103.383652 0.292977 -0.748943 0.594348 0.556832 0.117525 1 22 1.000000
 29 70.541115 3.928438 104.005440 0.182343 -0.770857 0.610353 0.558129 0.085878 1 22 1.000000
 29 72.639145 3.822873 101.721054 0.109864 -0.993380 0.033570 0.581292 0.121340 1 22 1.000000
MarioHand_alb.png
 29 76.047203 5.734562 102.816841 0.631748 -0.260272 0.730173 0.533791 0.146242 1 22 1.000000
 29 73.459038 5.676544 104.301193 0.367652 -0.242559 0.897773 0.533974 0.116075 1 22 1.000000
 29 73.181412 4.318126 103.383652 0.292977 -0.748943 0.594348 0.556832 0.117525 1 22 1.000000
MarioHand_alb.png
 29 76.047203 5.734562 102.816841 0.631748 -0.260272 0.730173 0.533791 0.146242 1 22 1.000000
 29 76.018082 7.538438 102.765152 0.640087 0.148769 0.753762 0.510689 0.146273 1 22 1.000000
 29 73.459038 5.676544 104.301193 0.367652 -0.242559 0.897773 0.533974 0.116075 1 22 1.000000
MarioHand_alb.png
 29 73.181412 4.318126 103.383652 0.292977 -0.748943 0.594348 0.556832 0.117525 1 22 1.000000
 29 70.596863 5.462893 104.953255 0.197588 -0.254232 0.946744 0.534157 0.084382 1 22 1.000000
 29 70.541115 3.928438 104.005440 0.182343 -0.770857 0.610353 0.558129 0.085878 1 22 1.000000
MarioHand_alb.png
 29 73.459038 5.676544 104.301193 0.367652 -0.242559 0.897773 0.533974 0.116075 1 22 1.000000
 29 70.596863 5.462893 104.953255 0.197588 -0.254232 0.946744 0.534157 0.084382 1 22 1.000000
 29 73.181412 4.318126 103.383652 0.292977 -0.748943 0.594348 0.556832 0.117525 1 22 1.000000
MarioHand_alb.png
 29 70.596863 5.462893 104.953255 0.197588 -0.254232 0.946744 0.534157 0.084382 1 22 1.000000
 29 68.179993 5.212444 105.318123 0.138847 -0.197590 0.970402 0.534234 0.052644 1 22 1.000000
 29 70.541115 3.928438 104.005440 0.182343 -0.770857 0.610353 0.558129 0.085878 1 22 1.000000
MarioHand_alb.png
 29 76.018082 7.538438 102.765152 0.640087 0.148769 0.753762 0.510689 0.146273 1 22 1.000000
 29 73.354019 7.490582 104.251427 0.347938 0.158518 0.924019 0.509789 0.116060 1 22 1.000000
 29 73.459038 5.676544 104.301193 0.367652 -0.242559 0.897773 0.533974 0.116075 1 22 1.000000
MarioHand_alb.png
 29 70.596863 5.462893 104.953255 0.197588 -0.254232 0.946744 0.534157 0.084382 1 22 1.000000
 29 68.062164 7.142212 105.195107 0.061027 0.162484 0.984822 0.507057 0.054124 1 22 1.000000
 29 68.179993 5.212444 105.318123 0.138847 -0.197590 0.970402 0.534234 0.052644 1 22 1.000000
MarioHand_alb.png
 29 68.062164 7.142212 105.195107 0.061027 0.162484 0.984822 0.507057 0.054124 1 22 1.000000
 29 65.559784 6.753955 105.188232 0.119006 0.199488 0.972647 0.506096 0.022171 1 22 1.000000
 29 68.179993 5.212444 105.318123 0.138847 -0.197590 0.970402 0.534234 0.052644 1 22 1.000000
MarioHand_alb.png
 29 73.459038 5.676544 104.301193 0.367652 -0.242559 0.897773 0.533974 0.116075 1 22 1.000000
 29 70.460678 7.311659 104.944237 0.164792 0.158593 0.973495 0.508614 0.084611 1 22 1.000000
 29 70.596863 5.462893 104.953255 0.197588 -0.254232 0.946744 0.534157 0.084382 1 22 1.000000
MarioHand_alb.png
 29 70.460678 7.311659 104.944237 0.164792 0.158593 0.973495 0.508614 0.084611 1 22 1.000000
 29 68.062164 7.142212 105.195107 0.061027 0.162484 0.984822 0.507057 0.054124 1 22 1.000000
 29 70.596863 5.462893 104.953255 0.197588 -0.254232 0.946744 0.534157 0.084382 1 22 1.000000
MarioHand_alb.png
 29 73.459038 5.676544 104.301193 0.367652 -0.242559 0.897773 0.533974 0.116075 1 22 1.000000
 29 73.354019 7.490582 104.251427 0.347938 0.158518 0.924019 0.509789 0.116060 1 22 1.000000
 29 70.460678 7.311659 104.944237 0.164792 0.158593 0.973495 0.508614 0.084611 1 22 1.000000
MarioHand_alb.png
 29 68.062164 7.142212 105.195107 0.061027 0.162484 0.984822 0.507057 0.054124 1 22 1.000000
 29 67.902435 8.955808 104.700790 0.023648 0.524079 0.851342 0.481025 0.055833 1 22 1.000000
 29 65.559784 6.753955 105.188232 0.119006 0.199488 0.972647 0.506096 0.022171 1 22 1.000000
MarioHand_alb.png
 29 67.902435 8.955808 104.700790 0.023648 0.524079 0.851342 0.481025 0.055833 1 22 1.000000
 29 65.501045 9.739097 104.111115 0.111370 0.318662 0.941303 0.463905 0.019776 1 22 1.000000
 29 65.559784 6.753955 105.188232 0.119006 0.199488 0.972647 0.506096 0.022171 1 22 1.000000
MarioHand_alb.png
 29 76.018082 7.538438 102.765152 0.640087 0.148769 0.753762 0.510689 0.146273 1 22 1.000000
 29 73.155006 9.099044 103.831207 0.283800 0.533938 0.796472 0.487282 0.117800 1 22 1.000000
 29 73.354019 7.490582 104.251427 0.347938 0.158518 0.924019 0.509789 0.116060 1 22 1.000000
MarioHand_alb.png
 29 73.354019 7.490582 104.251427 0.347938 0.158518 0.924019 0.509789 0.116060 1 22 1.000000
 29 73.155006 9.099044 103.831207 0.283800 0.533938 0.796472 0.487282 0.117800 1 22 1.000000
 29 70.460678 7.311659 104.944237 0.164792 0.158593 0.973495 0.508614 0.084611 1 22 1.000000
MarioHand_alb.png
 29 75.731361 9.142780 102.395035 0.550082 0.536349 0.640109 0.489128 0.147799 1 22 1.000000
 29 73.155006 9.099044 103.831207 0.283800 0.533938 0.796472 0.487282 0.117800 1 22 1.000000
 29 76.018082 7.538438 102.765152 0.640087 0.148769 0.753762 0.510689 0.146273 1 22 1.000000
MarioHand_alb.png
 29 70.460678 7.311659 104.944237 0.164792 0.158593 0.973495 0.508614 0.084611 1 22 1.000000
 29 70.280098 9.073266 104.413818 0.113664 0.555257 0.823875 0.483330 0.086351 1 22 1.000000
 29 68.062164 7.142212 105.195107 0.061027 0.162484 0.984822 0.507057 0.054124 1 22 1.000000
MarioHand_alb.png
 29 73.155006 9.099044 103.831207 0.283800 0.533938 0.796472 0.487282 0.117800 1 22 1.000000
 29 70.280098 9.073266 104.413818 0.113664 0.555257 0.823875 0.483330 0.086351 1 22 1.000000
 29 70.460678 7.311659 104.944237 0.164792 0.158593 0.973495 0.508614 0.084611 1 22 1.000000
MarioHand_alb.png
 29 70.280098 9.073266 104.413818 0.113664 0.555257 0.823875 0.483330 0.086351 1 22 1.000000
 29 67.902435 8.955808 104.700790 0.023648 0.524079 0.851342 0.481025 0.055833 1 22 1.000000
 29 68.062164 7.142212 105.195107 0.061027 0.162484 0.984822 0.507057 0.054124 1 22 1.000000
MarioHand_alb.png
 29 75.731361 9.142780 102.395035 0.550082 0.536349 0.640109 0.489128 0.147799 1 22 1.000000
 29 72.649551 10.307143 102.526146 0.138851 0.888229 0.437916 0.462074 0.121004 1 22 1.000000
 29 73.155006 9.099044 103.831207 0.283800 0.533938 0.796472 0.487282 0.117800 1 22 1.000000
MarioHand_alb.png
 29 73.155006 9.099044 103.831207 0.283800 0.533938 0.796472 0.487282 0.117800 1 22 1.000000
 29 72.649551 10.307143 102.526146 0.138851 0.888229 0.437916 0.462074 0.121004 1 22 1.000000
 29 70.280098 9.073266 104.413818 0.113664 0.555257 0.823875 0.483330 0.086351 1 22 1.000000
MarioHand_alb.png
 29 70.280098 9.073266 104.413818 0.113664 0.555257 0.823875 0.483330 0.086351 1 22 1.000000
 29 70.028107 10.156774 103.021782 0.031282 0.900307 0.434131 0.458793 0.089326 1 22 1.000000
 29 67.902435 8.955808 104.700790 0.023648 0.524079 0.851342 0.481025 0.055833 1 22 1.000000
MarioHand_alb.png
 29 72.649551 10.307143 102.526146 0.138851 0.888229 0.437916 0.462074 0.121004 1 22 1.000000
 29 70.028107 10.156774 103.021782 0.031282 0.900307 0.434131 0.458793 0.089326 1 22 1.000000
 29 70.280098 9.073266 104.413818 0.113664 0.555257 0.823875 0.483330 0.086351 1 22 1.000000
MarioHand_alb.png
 29 67.902435 8.955808 104.700790 0.023648 0.524079 0.851342 0.481025 0.055833 1 22 1.000000
 29 67.644569 10.074652 103.223282 -0.037384 0.946532 0.320438 0.455360 0.057572 1 22 1.000000
 29 65.501045 9.739097 104.111115 0.111370 0.318662 0.941303 0.463905 0.019776 1 22 1.000000
MarioHand_alb.png
 29 70.028107 10.156774 103.021782 0.031282 0.900307 0.434131 0.458793 0.089326 1 22 1.000000
 29 67.644569 10.074652 103.223282 -0.037384 0.946532 0.320438 0.455360 0.057572 1 22 1.000000
 29 67.902435 8.955808 104.700790 0.023648 0.524079 0.851342 0.481025 0.055833 1 22 1.000000
MarioHand_alb.png
 29 67.644569 10.074652 103.223282 -0.037384 0.946532 0.320438 0.455360 0.057572 1 22 1.000000
 29 65.258362 9.581031 101.310104 -0.991026 -0.050925 0.123592 0.424949 0.025208 1 22 1.000000
 29 65.501045 9.739097 104.111115 0.111370 0.318662 0.941303 0.463905 0.019776 1 22 1.000000
MarioHand_alb.png
 29 74.920547 10.312696 101.300560 0.305185 0.893716 0.328837 0.465248 0.151324 1 22 1.000000
 29 72.649551 10.307143 102.526146 0.138851 0.888229 0.437916 0.462074 0.121004 1 22 1.000000
 29 75.731361 9.142780 102.395035 0.550082 0.536349 0.640109 0.489128 0.147799 1 22 1.000000
MarioHand_alb.png
 29 77.483711 9.028515 100.152008 0.735411 0.551558 0.393643 0.491722 0.174395 1 22 1.000000
 29 74.920547 10.312696 101.300560 0.305185 0.893716 0.328837 0.465248 0.151324 1 22 1.000000
 29 75.731361 9.142780 102.395035 0.550082 0.536349 0.640109 0.489128 0.147799 1 22 1.000000
MarioHand_alb.png
 29 76.318542 10.203915 99.306938 0.421126 0.892603 0.160974 0.469306 0.178531 1 22 1.000000
 29 74.920547 10.312696 101.300560 0.305185 0.893716 0.328837 0.465248 0.151324 1 22 1.000000
 29 77.483711 9.028515 100.152008 0.735411 0.551558 0.393643 0.491722 0.174395 1 22 1.000000
MarioHand_alb.png
 29 67.644569 10.074652 103.223282 -0.037384 0.946532 0.320438 0.455360 0.057572 1 22 1.000000
 29 67.460472 10.230260 101.537186 -0.092315 0.978174 -0.186155 0.430381 0.060716 1 22 1.000000
 29 65.258362 9.581031 101.310104 -0.991026 -0.050925 0.123592 0.424949 0.025208 1 22 1.000000
MarioHand_alb.png
 29 67.460472 10.230260 101.537186 -0.092315 0.978174 -0.186155 0.430381 0.060716 1 22 1.000000
 29 64.845123 9.140253 98.587616 0.703172 0.295435 -0.646735 0.386694 0.028458 1 22 1.000000
 29 65.258362 9.581031 101.310104 -0.991026 -0.050925 0.123592 0.424949 0.025208 1 22 1.000000
MarioHand_alb.png
 29 76.318542 10.203915 99.306938 0.421126 0.892603 0.160974 0.469306 0.178531 1 22 1.000000
 29 73.896454 10.418177 99.988953 -0.103760 0.984094 -0.144195 0.443198 0.156115 1 22 1.000000
 29 74.920547 10.312696 101.300560 0.305185 0.893716 0.328837 0.465248 0.151324 1 22 1.000000
MarioHand_alb.png
 29 74.920547 10.312696 101.300560 0.305185 0.893716 0.328837 0.465248 0.151324 1 22 1.000000
 29 73.896454 10.418177 99.988953 -0.103760 0.984094 -0.144195 0.443198 0.156115 1 22 1.000000
 29 72.649551 10.307143 102.526146 0.138851 0.888229 0.437916 0.462074 0.121004 1 22 1.000000
MarioHand_alb.png
 29 67.460472 10.230260 101.537186 -0.092315 0.978174 -0.186155 0.430381 0.060716 1 22 1.000000
 29 67.272743 8.993969 98.816658 0.099950 0.611243 -0.785107 0.390997 0.066712 1 22 1.000000
 29 64.845123 9.140253 98.587616 0.703172 0.295435 -0.646735 0.386694 0.028458 1 22 1.000000
MarioHand_alb.png
 29 67.272743 8.993969 98.816658 0.099950 0.611243 -0.785107 0.390997 0.066712 1 22 1.000000
 29 65.522072 5.959197 97.280945 0.734115 -0.070493 -0.675356 0.343725 0.044251 1 22 1.000000
 29 64.845123 9.140253 98.587616 0.703172 0.295435 -0.646735 0.386694 0.028458 1 22 1.000000
MarioHand_alb.png
 29 67.272743 8.993969 98.816658 0.099950 0.611243 -0.785107 0.390997 0.066712 1 22 1.000000
 29 67.445305 6.128111 97.847916 0.209871 -0.144906 -0.966931 0.351675 0.076249 1 22 1.000000
 29 65.522072 5.959197 97.280945 0.734115 -0.070493 -0.675356 0.343725 0.044251 1 22 1.000000
MarioHand_alb.png
 29 67.272743 8.993969 98.816658 0.099950 0.611243 -0.785107 0.390997 0.066712 1 22 1.000000
 29 69.244057 6.366260 98.196548 0.121322 -0.154610 -0.980498 0.358267 0.107881 1 22 1.000000
 29 67.445305 6.128111 97.847916 0.209871 -0.144906 -0.966931 0.351675 0.076249 1 22 1.000000
MarioHand_alb.png
 29 69.333725 9.126350 99.105766 0.002289 0.631797 -0.775131 0.396826 0.100038 1 22 1.000000
 29 69.244057 6.366260 98.196548 0.121322 -0.154610 -0.980498 0.358267 0.107881 1 22 1.000000
 29 67.272743 8.993969 98.816658 0.099950 0.611243 -0.785107 0.390997 0.066712 1 22 1.000000
MarioHand_alb.png
 29 67.460472 10.230260 101.537186 -0.092315 0.978174 -0.186155 0.430381 0.060716 1 22 1.000000
 29 69.333725 9.126350 99.105766 0.002289 0.631797 -0.775131 0.396826 0.100038 1 22 1.000000
 29 67.272743 8.993969 98.816658 0.099950 0.611243 -0.785107 0.390997 0.066712 1 22 1.000000
MarioHand_alb.png
 29 69.333725 9.126350 99.105766 0.002289 0.631797 -0.775131 0.396826 0.100038 1 22 1.000000
 29 70.781357 6.551508 98.278458 -0.127387 -0.156469 -0.979433 0.365957 0.141146 1 22 1.000000
 29 69.244057 6.366260 98.196548 0.121322 -0.154610 -0.980498 0.358267 0.107881 1 22 1.000000
MarioHand_alb.png
 29 69.807953 10.357269 101.240471 -0.048828 0.973993 -0.221254 0.434684 0.093614 1 22 1.000000
 29 67.460472 10.230260 101.537186 -0.092315 0.978174 -0.186155 0.430381 0.060716 1 22 1.000000
 29 67.644569 10.074652 103.223282 -0.037384 0.946532 0.320438 0.455360 0.057572 1 22 1.000000
MarioHand_alb.png
 29 69.807953 10.357269 101.240471 -0.048828 0.973993 -0.221254 0.434684 0.093614 1 22 1.000000
 29 69.333725 9.126350 99.105766 0.002289 0.631797 -0.775131 0.396826 0.100038 1 22 1.000000
 29 67.460472 10.230260 101.537186 -0.092315 0.978174 -0.186155 0.430381 0.060716 1 22 1.000000
MarioHand_alb.png
 29 70.028107 10.156774 103.021782 0.031282 0.900307 0.434131 0.458793 0.089326 1 22 1.000000
 29 69.807953 10.357269 101.240471 -0.048828 0.973993 -0.221254 0.434684 0.093614 1 22 1.000000
 29 67.644569 10.074652 103.223282 -0.037384 0.946532 0.320438 0.455360 0.057572 1 22 1.000000
MarioHand_alb.png
 29 69.333725 9.126350 99.105766 0.002289 0.631797 -0.775131 0.396826 0.100038 1 22 1.000000
 29 71.115234 9.237757 99.051300 -0.184637 0.604170 -0.775169 0.402975 0.132525 1 22 1.000000
 29 70.781357 6.551508 98.278458 -0.127387 -0.156469 -0.979433 0.365957 0.141146 1 22 1.000000
MarioHand_alb.png
 29 69.807953 10.357269 101.240471 -0.048828 0.973993 -0.221254 0.434684 0.093614 1 22 1.000000
 29 71.115234 9.237757 99.051300 -0.184637 0.604170 -0.775169 0.402975 0.132525 1 22 1.000000
 29 69.333725 9.126350 99.105766 0.002289 0.631797 -0.775131 0.396826 0.100038 1 22 1.000000
MarioHand_alb.png
 29 71.900124 6.673671 97.946831 -0.611789 -0.150563 -0.776560 0.375494 0.174319 1 22 1.000000
 29 70.781357 6.551508 98.278458 -0.127387 -0.156469 -0.979433 0.365957 0.141146 1 22 1.000000
 29 71.115234 9.237757 99.051300 -0.184637 0.604170 -0.775169 0.402975 0.132525 1 22 1.000000
MarioHand_alb.png
 29 70.028107 10.156774 103.021782 0.031282 0.900307 0.434131 0.458793 0.089326 1 22 1.000000
 29 72.066185 10.408147 100.836952 -0.090023 0.976142 -0.197593 0.438270 0.125307 1 22 1.000000
 29 69.807953 10.357269 101.240471 -0.048828 0.973993 -0.221254 0.434684 0.093614 1 22 1.000000
MarioHand_alb.png
 29 69.807953 10.357269 101.240471 -0.048828 0.973993 -0.221254 0.434684 0.093614 1 22 1.000000
 29 72.066185 10.408147 100.836952 -0.090023 0.976142 -0.197593 0.438270 0.125307 1 22 1.000000
 29 71.115234 9.237757 99.051300 -0.184637 0.604170 -0.775169 0.402975 0.132525 1 22 1.000000
MarioHand_alb.png
 29 72.649551 10.307143 102.526146 0.138851 0.888229 0.437916 0.462074 0.121004 1 22 1.000000
 29 72.066185 10.408147 100.836952 -0.090023 0.976142 -0.197593 0.438270 0.125307 1 22 1.000000
 29 70.028107 10.156774 103.021782 0.031282 0.900307 0.434131 0.458793 0.089326 1 22 1.000000
MarioHand_alb.png
 29 73.896454 10.418177 99.988953 -0.103760 0.984094 -0.144195 0.443198 0.156115 1 22 1.000000
 29 72.066185 10.408147 100.836952 -0.090023 0.976142 -0.197593 0.438270 0.125307 1 22 1.000000
 29 72.649551 10.307143 102.526146 0.138851 0.888229 0.437916 0.462074 0.121004 1 22 1.000000
MarioHand_alb.png
 29 72.066185 10.408147 100.836952 -0.090023 0.976142 -0.197593 0.438270 0.125307 1 22 1.000000
 29 72.450134 9.305489 98.465553 -0.463897 0.685164 -0.561560 0.410300 0.164309 1 22 1.000000
 29 71.115234 9.237757 99.051300 -0.184637 0.604170 -0.775169 0.402975 0.132525 1 22 1.000000
MarioHand_alb.png
 29 73.896454 10.418177 99.988953 -0.103760 0.984094 -0.144195 0.443198 0.156115 1 22 1.000000
 29 72.450134 9.305489 98.465553 -0.463897 0.685164 -0.561560 0.410300 0.164309 1 22 1.000000
 29 72.066185 10.408147 100.836952 -0.090023 0.976142 -0.197593 0.438270 0.125307 1 22 1.000000
MarioHand_alb.png
 29 71.900124 6.673671 97.946831 -0.611789 -0.150563 -0.776560 0.375494 0.174319 1 22 1.000000
 29 71.115234 9.237757 99.051300 -0.184637 0.604170 -0.775169 0.402975 0.132525 1 22 1.000000
 29 72.450134 9.305489 98.465553 -0.463897 0.685164 -0.561560 0.410300 0.164309 1 22 1.000000
MarioHand_alb.png
 29 74.984352 10.372764 98.403175 -0.141140 0.978160 -0.152584 0.449439 0.183719 1 22 1.000000
 29 72.450134 9.305489 98.465553 -0.463897 0.685164 -0.561560 0.410300 0.164309 1 22 1.000000
 29 73.896454 10.418177 99.988953 -0.103760 0.984094 -0.144195 0.443198 0.156115 1 22 1.000000
MarioHand_alb.png
 29 76.318542 10.203915 99.306938 0.421126 0.892603 0.160974 0.469306 0.178531 1 22 1.000000
 29 74.984352 10.372764 98.403175 -0.141140 0.978160 -0.152584 0.449439 0.183719 1 22 1.000000
 29 73.896454 10.418177 99.988953 -0.103760 0.984094 -0.144195 0.443198 0.156115 1 22 1.000000
MarioHand_alb.png
 29 76.318542 10.203915 99.306938 0.421126 0.892603 0.160974 0.469306 0.178531 1 22 1.000000
 29 77.138084 9.936652 97.209229 0.473764 0.880012 -0.033568 0.474830 0.205295 1 22 1.000000
 29 74.984352 10.372764 98.403175 -0.141140 0.978160 -0.152584 0.449439 0.183719 1 22 1.000000
MarioHand_alb.png
 29 73.284531 9.245625 97.201935 -0.653147 0.661921 -0.367776 0.418448 0.192035 1 22 1.000000
 29 71.900124 6.673671 97.946831 -0.611789 -0.150563 -0.776560 0.375494 0.174319 1 22 1.000000
 29 72.450134 9.305489 98.465553 -0.463897 0.685164 -0.561560 0.410300 0.164309 1 22 1.000000
MarioHand_alb.png
 29 74.984352 10.372764 98.403175 -0.141140 0.978160 -0.152584 0.449439 0.183719 1 22 1.000000
 29 73.284531 9.245625 97.201935 -0.653147 0.661921 -0.367776 0.418448 0.192035 1 22 1.000000
 29 72.450134 9.305489 98.465553 -0.463897 0.685164 -0.561560 0.410300 0.164309 1 22 1.000000
MarioHand_alb.png
 29 72.663651 6.701238 96.843063 -0.903659 -0.113625 -0.412905 0.386343 0.204105 1 22 1.000000
 29 71.900124 6.673671 97.946831 -0.611789 -0.150563 -0.776560 0.375494 0.174319 1 22 1.000000
 29 73.284531 9.245625 97.201935 -0.653147 0.661921 -0.367776 0.418448 0.192035 1 22 1.000000
MarioHand_alb.png
 29 77.138084 9.936652 97.209229 0.473764 0.880012 -0.033568 0.474830 0.205295 1 22 1.000000
 29 75.738777 10.165146 96.460655 -0.123599 0.949500 -0.288398 0.457633 0.211017 1 22 1.000000
 29 74.984352 10.372764 98.403175 -0.141140 0.978160 -0.152584 0.449439 0.183719 1 22 1.000000
MarioHand_alb.png
 29 75.738777 10.165146 96.460655 -0.123599 0.949500 -0.288398 0.457633 0.211017 1 22 1.000000
 29 73.284531 9.245625 97.201935 -0.653147 0.661921 -0.367776 0.418448 0.192035 1 22 1.000000
 29 74.984352 10.372764 98.403175 -0.141140 0.978160 -0.152584 0.449439 0.183719 1 22 1.000000
MarioHand_alb.png
 29 77.138084 9.936652 97.209229 0.473764 0.880012 -0.033568 0.474830 0.205295 1 22 1.000000
 29 76.608315 9.257011 94.995926 0.263948 0.643374 -0.718611 0.468421 0.238315 1 22 1.000000
 29 75.738777 10.165146 96.460655 -0.123599 0.949500 -0.288398 0.457633 0.211017 1 22 1.000000
MarioHand_alb.png
 29 73.803703 8.993831 95.506195 -0.660036 0.560172 -0.500559 0.429206 0.218128 1 22 1.000000
 29 72.663651 6.701238 96.843063 -0.903659 -0.113625 -0.412905 0.386343 0.204105 1 22 1.000000
 29 73.284531 9.245625 97.201935 -0.653147 0.661921 -0.367776 0.418448 0.192035 1 22 1.000000
MarioHand_alb.png
 29 75.738777 10.165146 96.460655 -0.123599 0.949500 -0.288398 0.457633 0.211017 1 22 1.000000
 29 73.803703 8.993831 95.506195 -0.660036 0.560172 -0.500559 0.429206 0.218128 1 22 1.000000
 29 73.284531 9.245625 97.201935 -0.653147 0.661921 -0.367776 0.418448 0.192035 1 22 1.000000
MarioHand_alb.png
 29 75.738777 10.165146 96.460655 -0.123599 0.949500 -0.288398 0.457633 0.211017 1 22 1.000000
 29 76.608315 9.257011 94.995926 0.263948 0.643374 -0.718611 0.468421 0.238315 1 22 1.000000
 29 73.803703 8.993831 95.506195 -0.660036 0.560172 -0.500559 0.429206 0.218128 1 22 1.000000
MarioHand_alb.png
 29 73.134705 6.642212 95.282990 -0.823859 -0.109562 -0.556105 0.401404 0.231785 1 22 1.000000
 29 72.663651 6.701238 96.843063 -0.903659 -0.113625 -0.412905 0.386343 0.204105 1 22 1.000000
 29 73.803703 8.993831 95.506195 -0.660036 0.560172 -0.500559 0.429206 0.218128 1 22 1.000000
MarioHand_alb.png
 29 74.678131 6.645739 94.123016 -0.415087 -0.113596 -0.902662 0.421439 0.254170 1 22 1.000000
 29 73.134705 6.642212 95.282990 -0.823859 -0.109562 -0.556105 0.401404 0.231785 1 22 1.000000
 29 73.803703 8.993831 95.506195 -0.660036 0.560172 -0.500559 0.429206 0.218128 1 22 1.000000
MarioHand_alb.png
 29 76.608315 9.257011 94.995926 0.263948 0.643374 -0.718611 0.468421 0.238315 1 22 1.000000
 29 75.174011 8.388811 94.288452 -0.262380 0.357721 -0.896210 0.442176 0.241367 1 22 1.000000
 29 73.803703 8.993831 95.506195 -0.660036 0.560172 -0.500559 0.429206 0.218128 1 22 1.000000
MarioHand_alb.png
 29 75.174011 8.388811 94.288452 -0.262380 0.357721 -0.896210 0.442176 0.241367 1 22 1.000000
 29 74.678131 6.645739 94.123016 -0.415087 -0.113596 -0.902662 0.421439 0.254170 1 22 1.000000
 29 73.803703 8.993831 95.506195 -0.660036 0.560172 -0.500559 0.429206 0.218128 1 22 1.000000
MarioHand_alb.png
 29 76.608315 9.257011 94.995926 0.263948 0.643374 -0.718611 0.468421 0.238315 1 22 1.000000
 29 77.161247 6.854755 94.482094 0.463680 -0.048904 -0.884652 0.453056 0.271351 1 22 1.000000
 29 75.174011 8.388811 94.288452 -0.262380 0.357721 -0.896210 0.442176 0.241367 1 22 1.000000
MarioHand_alb.png
 29 77.161247 6.854755 94.482094 0.463680 -0.048904 -0.884652 0.453056 0.271351 1 22 1.000000
 29 74.678131 6.645739 94.123016 -0.415087 -0.113596 -0.902662 0.421439 0.254170 1 22 1.000000
 29 75.174011 8.388811 94.288452 -0.262380 0.357721 -0.896210 0.442176 0.241367 1 22 1.000000
MarioHand_alb.png
 29 60.761490 -10.935354 87.187210 -0.158662 0.146648 -0.976381 0.689021 0.120623 1 22 1.000000
 29 58.668915 -11.881344 87.845352 -0.440270 -0.334495 -0.833232 0.699260 0.148775 1 22 1.000000
 29 59.607674 -10.156182 87.315422 0.015253 0.007817 -0.999853 0.678325 0.134173 1 22 1.000000
MarioHand_alb.png
 29 60.093502 -12.942617 87.548065 -0.422924 -0.403189 -0.811526 0.709712 0.134325 1 22 1.000000
 29 58.668915 -11.881344 87.845352 -0.440270 -0.334495 -0.833232 0.699260 0.148775 1 22 1.000000
 29 60.761490 -10.935354 87.187210 -0.158662 0.146648 -0.976381 0.689021 0.120623 1 22 1.000000
MarioHand_alb.png
 29 61.651943 -11.606441 86.681305 -0.268147 0.137030 -0.953583 0.699947 0.105364 1 22 1.000000
 29 60.093502 -12.942617 87.548065 -0.422924 -0.403189 -0.811526 0.709712 0.134325 1 22 1.000000
 29 60.761490 -10.935354 87.187210 -0.158662 0.146648 -0.976381 0.689021 0.120623 1 22 1.000000
MarioHand_alb.png
 29 60.093502 -12.942617 87.548065 -0.422924 -0.403189 -0.811526 0.709712 0.134325 1 22 1.000000
 29 58.369011 -13.274328 89.271484 -0.608820 -0.688738 -0.393673 0.721340 0.163119 1 22 1.000000
 29 58.668915 -11.881344 87.845352 -0.440270 -0.334495 -0.833232 0.699260 0.148775 1 22 1.000000
MarioHand_alb.png
 29 61.622398 -13.336018 87.122040 -0.324983 -0.434646 -0.839922 0.718654 0.117357 1 22 1.000000
 29 60.093502 -12.942617 87.548065 -0.422924 -0.403189 -0.811526 0.709712 0.134325 1 22 1.000000
 29 61.651943 -11.606441 86.681305 -0.268147 0.137030 -0.953583 0.699947 0.105364 1 22 1.000000
MarioHand_alb.png
 29 63.077591 -11.832233 86.317421 -0.201380 0.168294 -0.964947 0.710704 0.088212 1 22 1.000000
 29 61.622398 -13.336018 87.122040 -0.324983 -0.434646 -0.839922 0.718654 0.117357 1 22 1.000000
 29 61.651943 -11.606441 86.681305 -0.268147 0.137030 -0.953583 0.699947 0.105364 1 22 1.000000
MarioHand_alb.png
 29 60.093502 -12.942617 87.548065 -0.422924 -0.403189 -0.811526 0.709712 0.134325 1 22 1.000000
 29 60.002663 -14.244558 88.770584 -0.483685 -0.756044 -0.440962 0.729671 0.146929 1 22 1.000000
 29 58.369011 -13.274328 89.271484 -0.608820 -0.688738 -0.393673 0.721340 0.163119 1 22 1.000000
MarioHand_alb.png
 29 61.622398 -13.336018 87.122040 -0.324983 -0.434646 -0.839922 0.718654 0.117357 1 22 1.000000
 29 60.002663 -14.244558 88.770584 -0.483685 -0.756044 -0.440962 0.729671 0.146929 1 22 1.000000
 29 60.093502 -12.942617 87.548065 -0.422924 -0.403189 -0.811526 0.709712 0.134325 1 22 1.000000
MarioHand_alb.png
 29 60.002663 -14.244558 88.770584 -0.483685 -0.756044 -0.440962 0.729671 0.146929 1 22 1.000000
 29 58.709030 -13.860849 91.214188 -0.563783 -0.823550 0.062558 0.745403 0.176287 1 22 1.000000
 29 58.369011 -13.274328 89.271484 -0.608820 -0.688738 -0.393673 0.721340 0.163119 1 22 1.000000
MarioHand_alb.png
 29 63.152328 -13.460880 86.743973 -0.236870 -0.453906 -0.858989 0.728145 0.100252 1 22 1.000000
 29 61.622398 -13.336018 87.122040 -0.324983 -0.434646 -0.839922 0.718654 0.117357 1 22 1.000000
 29 63.077591 -11.832233 86.317421 -0.201380 0.168294 -0.964947 0.710704 0.088212 1 22 1.000000
MarioHand_alb.png
 29 64.697998 -11.905589 85.972946 -0.121334 0.211094 -0.969906 0.723568 0.069093 1 22 1.000000
 29 63.152328 -13.460880 86.743973 -0.236870 -0.453906 -0.858989 0.728145 0.100252 1 22 1.000000
 29 63.077591 -11.832233 86.317421 -0.201380 0.168294 -0.964947 0.710704 0.088212 1 22 1.000000
MarioHand_alb.png
 29 61.622398 -13.336018 87.122040 -0.324983 -0.434646 -0.839922 0.718654 0.117357 1 22 1.000000
 29 61.703213 -14.765398 88.247429 -0.285705 -0.804283 -0.521058 0.737987 0.130220 1 22 1.000000
 29 60.002663 -14.244558 88.770584 -0.483685 -0.756044 -0.440962 0.729671 0.146929 1 22 1.000000
MarioHand_alb.png
 29 64.697998 -11.905589 85.972946 -0.121334 0.211094 -0.969906 0.723568 0.069093 1 22 1.000000
 29 64.710487 -13.497704 86.338486 -0.152588 -0.445940 -0.881961 0.738872 0.081651 1 22 1.000000
 29 63.152328 -13.460880 86.743973 -0.236870 -0.453906 -0.858989 0.728145 0.100252 1 22 1.000000
MarioHand_alb.png
 29 63.390869 -14.854515 87.848450 -0.172427 -0.810348 -0.560005 0.746456 0.112993 1 22 1.000000
 29 61.703213 -14.765398 88.247429 -0.285705 -0.804283 -0.521058 0.737987 0.130220 1 22 1.000000
 29 61.622398 -13.336018 87.122040 -0.324983 -0.434646 -0.839922 0.718654 0.117357 1 22 1.000000
MarioHand_alb.png
 29 63.152328 -13.460880 86.743973 -0.236870 -0.453906 -0.858989 0.728145 0.100252 1 22 1.000000
 29 63.390869 -14.854515 87.848450 -0.172427 -0.810348 -0.560005 0.746456 0.112993 1 22 1.000000
 29 61.622398 -13.336018 87.122040 -0.324983 -0.434646 -0.839922 0.718654 0.117357 1 22 1.000000
MarioHand_alb.png
 29 66.596420 -13.389765 86.112846 0.043476 -0.420747 -0.906136 0.754055 0.061204 1 22 1.000000
 29 64.710487 -13.497704 86.338486 -0.152588 -0.445940 -0.881961 0.738872 0.081651 1 22 1.000000
 29 64.697998 -11.905589 85.972946 -0.121334 0.211094 -0.969906 0.723568 0.069093 1 22 1.000000
MarioHand_alb.png
 29 66.609566 -12.021390 85.822403 0.115996 0.227318 -0.966888 0.744121 0.048646 1 22 1.000000
 29 66.596420 -13.389765 86.112846 0.043476 -0.420747 -0.906136 0.754055 0.061204 1 22 1.000000
 29 64.697998 -11.905589 85.972946 -0.121334 0.211094 -0.969906 0.723568 0.069093 1 22 1.000000
MarioHand_alb.png
 29 66.609566 -12.021390 85.822403 0.115996 0.227318 -0.966888 0.744121 0.048646 1 22 1.000000
 29 68.288727 -12.363173 86.580383 0.583638 0.123308 -0.802597 0.771634 0.040482 1 22 1.000000
 29 66.596420 -13.389765 86.112846 0.043476 -0.420747 -0.906136 0.754055 0.061204 1 22 1.000000
MarioHand_alb.png
 29 64.710487 -13.497704 86.338486 -0.152588 -0.445940 -0.881961 0.738872 0.081651 1 22 1.000000
 29 64.938889 -14.882717 87.429245 -0.085453 -0.806371 -0.585203 0.755428 0.094514 1 22 1.000000
 29 63.152328 -13.460880 86.743973 -0.236870 -0.453906 -0.858989 0.728145 0.100252 1 22 1.000000
MarioHand_alb.png
 29 63.152328 -13.460880 86.743973 -0.236870 -0.453906 -0.858989 0.728145 0.100252 1 22 1.000000
 29 64.938889 -14.882717 87.429245 -0.085453 -0.806371 -0.585203 0.755428 0.094514 1 22 1.000000
 29 63.390869 -14.854515 87.848450 -0.172427 -0.810348 -0.560005 0.746456 0.112993 1 22 1.000000
MarioHand_alb.png
 29 66.596420 -13.389765 86.112846 0.043476 -0.420747 -0.906136 0.754055 0.061204 1 22 1.000000
 29 66.794044 -14.656761 87.083252 0.095367 -0.778574 -0.620265 0.767269 0.073930 1 22 1.000000
 29 64.710487 -13.497704 86.338486 -0.152588 -0.445940 -0.881961 0.738872 0.081651 1 22 1.000000
MarioHand_alb.png
 29 66.794044 -14.656761 87.083252 0.095367 -0.778574 -0.620265 0.767269 0.073930 1 22 1.000000
 29 64.938889 -14.882717 87.429245 -0.085453 -0.806371 -0.585203 0.755428 0.094514 1 22 1.000000
 29 64.710487 -13.497704 86.338486 -0.152588 -0.445940 -0.881961 0.738872 0.081651 1 22 1.000000
MarioHand_alb.png
 29 66.596420 -13.389765 86.112846 0.043476 -0.420747 -0.906136 0.754055 0.061204 1 22 1.000000
 29 68.288727 -12.363173 86.580383 0.583638 0.123308 -0.802597 0.771634 0.040482 1 22 1.000000
 29 68.309868 -13.645041 87.013763 0.612776 -0.442507 -0.654747 0.778744 0.054658 1 22 1.000000
MarioHand_alb.png
 29 66.596420 -13.389765 86.112846 0.043476 -0.420747 -0.906136 0.754055 0.061204 1 22 1.000000
 29 68.309868 -13.645041 87.013763 0.612776 -0.442507 -0.654747 0.778744 0.054658 1 22 1.000000
 29 66.794044 -14.656761 87.083252 0.095367 -0.778574 -0.620265 0.767269 0.073930 1 22 1.000000
MarioHand_alb.png
 29 68.288727 -12.363173 86.580383 0.583638 0.123308 -0.802597 0.771634 0.040482 1 22 1.000000
 29 69.326828 -12.640601 88.272469 0.961926 -0.054828 -0.267753 0.802533 0.046403 1 22 1.000000
 29 68.309868 -13.645041 87.013763 0.612776 -0.442507 -0.654747 0.778744 0.054658 1 22 1.000000
MarioHand_alb.png
 29 68.309868 -13.645041 87.013763 0.612776 -0.442507 -0.654747 0.778744 0.054658 1 22 1.000000
 29 68.607956 -14.412291 88.275879 0.692808 -0.675736 -0.251791 0.792569 0.065644 1 22 1.000000
 29 66.794044 -14.656761 87.083252 0.095367 -0.778574 -0.620265 0.767269 0.073930 1 22 1.000000
MarioHand_alb.png
 29 68.309868 -13.645041 87.013763 0.612776 -0.442507 -0.654747 0.778744 0.054658 1 22 1.000000
 29 69.326828 -12.640601 88.272469 0.961926 -0.054828 -0.267753 0.802533 0.046403 1 22 1.000000
 29 68.607956 -14.412291 88.275879 0.692808 -0.675736 -0.251791 0.792569 0.065644 1 22 1.000000
MarioHand_alb.png
 29 66.794044 -14.656761 87.083252 0.095367 -0.778574 -0.620265 0.767269 0.073930 1 22 1.000000
 29 67.172409 -15.275616 88.580231 0.212096 -0.967114 -0.140380 0.782650 0.083970 1 22 1.000000
 29 64.938889 -14.882717 87.429245 -0.085453 -0.806371 -0.585203 0.755428 0.094514 1 22 1.000000
MarioHand_alb.png
 29 66.794044 -14.656761 87.083252 0.095367 -0.778574 -0.620265 0.767269 0.073930 1 22 1.000000
 29 68.607956 -14.412291 88.275879 0.692808 -0.675736 -0.251791 0.792569 0.065644 1 22 1.000000
 29 67.172409 -15.275616 88.580231 0.212096 -0.967114 -0.140380 0.782650 0.083970 1 22 1.000000
MarioHand_alb.png
 29 69.326828 -12.640601 88.272469 0.961926 -0.054828 -0.267753 0.802533 0.046403 1 22 1.000000
 29 69.036377 -13.907450 89.672928 0.829172 -0.539877 0.144934 0.811292 0.068940 1 22 1.000000
 29 68.607956 -14.412291 88.275879 0.692808 -0.675736 -0.251791 0.792569 0.065644 1 22 1.000000
MarioHand_alb.png
 29 69.326828 -12.640601 88.272469 0.961926 -0.054828 -0.267753 0.802533 0.046403 1 22 1.000000
 29 69.289772 -12.828085 90.255234 0.933486 -0.074359 0.350820 0.828031 0.066392 1 22 1.000000
 29 69.036377 -13.907450 89.672928 0.829172 -0.539877 0.144934 0.811292 0.068940 1 22 1.000000
MarioHand_alb.png
 29 68.607956 -14.412291 88.275879 0.692808 -0.675736 -0.251791 0.792569 0.065644 1 22 1.000000
 29 69.036377 -13.907450 89.672928 0.829172 -0.539877 0.144934 0.811292 0.068940 1 22 1.000000
 29 67.642838 -14.926737 90.202530 0.341017 -0.879243 0.332625 0.799893 0.089937 1 22 1.000000
MarioHand_alb.png
 29 68.607956 -14.412291 88.275879 0.692808 -0.675736 -0.251791 0.792569 0.065644 1 22 1.000000
 29 67.642838 -14.926737 90.202530 0.341017 -0.879243 0.332625 0.799893 0.089937 1 22 1.000000
 29 67.172409 -15.275616 88.580231 0.212096 -0.967114 -0.140380 0.782650 0.083970 1 22 1.000000
MarioHand_alb.png
 29 69.036377 -13.907450 89.672928 0.829172 -0.539877 0.144934 0.811292 0.068940 1 22 1.000000
 29 69.289772 -12.828085 90.255234 0.933486 -0.074359 0.350820 0.828031 0.066392 1 22 1.000000
 29 68.064491 -13.904591 91.373093 0.463826 -0.580736 0.669038 0.816175 0.092271 1 22 1.000000
MarioHand_alb.png
 29 69.036377 -13.907450 89.672928 0.829172 -0.539877 0.144934 0.811292 0.068940 1 22 1.000000
 29 68.064491 -13.904591 91.373093 0.463826 -0.580736 0.669038 0.816175 0.092271 1 22 1.000000
 29 67.642838 -14.926737 90.202530 0.341017 -0.879243 0.332625 0.799893 0.089937 1 22 1.000000
MarioHand_alb.png
 29 64.938889 -14.882717 87.429245 -0.085453 -0.806371 -0.585203 0.755428 0.094514 1 22 1.000000
 29 67.172409 -15.275616 88.580231 0.212096 -0.967114 -0.140380 0.782650 0.083970 1 22 1.000000
 29 65.345619 -15.514017 89.032135 0.041200 -0.994139 -0.099948 0.773022 0.105165 1 22 1.000000
MarioHand_alb.png
 29 64.938889 -14.882717 87.429245 -0.085453 -0.806371 -0.585203 0.755428 0.094514 1 22 1.000000
 29 65.345619 -15.514017 89.032135 0.041200 -0.994139 -0.099948 0.773022 0.105165 1 22 1.000000
 29 63.390869 -14.854515 87.848450 -0.172427 -0.810348 -0.560005 0.746456 0.112993 1 22 1.000000
MarioHand_alb.png
 29 67.172409 -15.275616 88.580231 0.212096 -0.967114 -0.140380 0.782650 0.083970 1 22 1.000000
 29 67.642838 -14.926737 90.202530 0.341017 -0.879243 0.332625 0.799893 0.089937 1 22 1.000000
 29 65.850769 -15.168617 90.757195 0.178531 -0.906008 0.383766 0.791897 0.112734 1 22 1.000000
MarioHand_alb.png
 29 67.172409 -15.275616 88.580231 0.212096 -0.967114 -0.140380 0.782650 0.083970 1 22 1.000000
 29 65.850769 -15.168617 90.757195 0.178531 -0.906008 0.383766 0.791897 0.112734 1 22 1.000000
 29 65.345619 -15.514017 89.032135 0.041200 -0.994139 -0.099948 0.773022 0.105165 1 22 1.000000
MarioHand_alb.png
 29 67.642838 -14.926737 90.202530 0.341017 -0.879243 0.332625 0.799893 0.089937 1 22 1.000000
 29 68.064491 -13.904591 91.373093 0.463826 -0.580736 0.669038 0.816175 0.092271 1 22 1.000000
 29 66.307907 -13.971251 92.182693 0.298295 -0.595254 0.746118 0.811978 0.117830 1 22 1.000000
MarioHand_alb.png
 29 67.642838 -14.926737 90.202530 0.341017 -0.879243 0.332625 0.799893 0.089937 1 22 1.000000
 29 66.307907 -13.971251 92.182693 0.298295 -0.595254 0.746118 0.811978 0.117830 1 22 1.000000
 29 65.850769 -15.168617 90.757195 0.178531 -0.906008 0.383766 0.791897 0.112734 1 22 1.000000
MarioHand_alb.png
 29 63.390869 -14.854515 87.848450 -0.172427 -0.810348 -0.560005 0.746456 0.112993 1 22 1.000000
 29 65.345619 -15.514017 89.032135 0.041200 -0.994139 -0.099948 0.773022 0.105165 1 22 1.000000
 29 63.781120 -15.490391 89.444618 -0.043487 -0.995327 -0.086210 0.765164 0.123995 1 22 1.000000
MarioHand_alb.png
 29 63.390869 -14.854515 87.848450 -0.172427 -0.810348 -0.560005 0.746456 0.112993 1 22 1.000000
 29 63.781120 -15.490391 89.444618 -0.043487 -0.995327 -0.086210 0.765164 0.123995 1 22 1.000000
 29 61.703213 -14.765398 88.247429 -0.285705 -0.804283 -0.521058 0.737987 0.130220 1 22 1.000000
MarioHand_alb.png
 29 65.345619 -15.514017 89.032135 0.041200 -0.994139 -0.099948 0.773022 0.105165 1 22 1.000000
 29 65.850769 -15.168617 90.757195 0.178531 -0.906008 0.383766 0.791897 0.112734 1 22 1.000000
 29 64.305901 -15.177834 91.228569 0.106052 -0.910785 0.399029 0.785992 0.132738 1 22 1.000000
MarioHand_alb.png
 29 65.345619 -15.514017 89.032135 0.041200 -0.994139 -0.099948 0.773022 0.105165 1 22 1.000000
 29 64.305901 -15.177834 91.228569 0.106052 -0.910785 0.399029 0.785992 0.132738 1 22 1.000000
 29 63.781120 -15.490391 89.444618 -0.043487 -0.995327 -0.086210 0.765164 0.123995 1 22 1.000000
MarioHand_alb.png
 29 63.781120 -15.490391 89.444618 -0.043487 -0.995327 -0.086210 0.765164 0.123995 1 22 1.000000
 29 62.057663 -15.431034 89.928032 -0.180054 -0.981808 -0.060272 0.758114 0.142000 1 22 1.000000
 29 61.703213 -14.765398 88.247429 -0.285705 -0.804283 -0.521058 0.737987 0.130220 1 22 1.000000
MarioHand_alb.png
 29 61.703213 -14.765398 88.247429 -0.285705 -0.804283 -0.521058 0.737987 0.130220 1 22 1.000000
 29 62.057663 -15.431034 89.928032 -0.180054 -0.981808 -0.060272 0.758114 0.142000 1 22 1.000000
 29 60.002663 -14.244558 88.770584 -0.483685 -0.756044 -0.440962 0.729671 0.146929 1 22 1.000000
MarioHand_alb.png
 29 63.781120 -15.490391 89.444618 -0.043487 -0.995327 -0.086210 0.765164 0.123995 1 22 1.000000
 29 62.646385 -15.146641 91.748833 -0.004196 -0.909796 0.415035 0.780621 0.151446 1 22 1.000000
 29 62.057663 -15.431034 89.928032 -0.180054 -0.981808 -0.060272 0.758114 0.142000 1 22 1.000000
MarioHand_alb.png
 29 63.781120 -15.490391 89.444618 -0.043487 -0.995327 -0.086210 0.765164 0.123995 1 22 1.000000
 29 64.305901 -15.177834 91.228569 0.106052 -0.910785 0.399029 0.785992 0.132738 1 22 1.000000
 29 62.646385 -15.146641 91.748833 -0.004196 -0.909796 0.415035 0.780621 0.151446 1 22 1.000000
MarioHand_alb.png
 29 60.002663 -14.244558 88.770584 -0.483685 -0.756044 -0.440962 0.729671 0.146929 1 22 1.000000
 29 62.057663 -15.431034 89.928032 -0.180054 -0.981808 -0.060272 0.758114 0.142000 1 22 1.000000
 29 60.289665 -14.920532 90.585266 -0.411209 -0.911487 0.009918 0.751705 0.159503 1 22 1.000000
MarioHand_alb.png
 29 62.057663 -15.431034 89.928032 -0.180054 -0.981808 -0.060272 0.758114 0.142000 1 22 1.000000
 29 62.646385 -15.146641 91.748833 -0.004196 -0.909796 0.415035 0.780621 0.151446 1 22 1.000000
 29 60.289665 -14.920532 90.585266 -0.411209 -0.911487 0.009918 0.751705 0.159503 1 22 1.000000
MarioHand_alb.png
 29 60.002663 -14.244558 88.770584 -0.483685 -0.756044 -0.440962 0.729671 0.146929 1 22 1.000000
 29 60.289665 -14.920532 90.585266 -0.411209 -0.911487 0.009918 0.751705 0.159503 1 22 1.000000
 29 58.709030 -13.860849 91.214188 -0.563783 -0.823550 0.062558 0.745403 0.176287 1 22 1.000000
MarioHand_alb.png
 29 60.289665 -14.920532 90.585266 -0.411209 -0.911487 0.009918 0.751705 0.159503 1 22 1.000000
 29 60.933121 -14.648571 92.431526 -0.209436 -0.844515 0.492880 0.775662 0.169375 1 22 1.000000
 29 58.709030 -13.860849 91.214188 -0.563783 -0.823550 0.062558 0.745403 0.176287 1 22 1.000000
MarioHand_alb.png
 29 62.646385 -15.146641 91.748833 -0.004196 -0.909796 0.415035 0.780621 0.151446 1 22 1.000000
 29 60.933121 -14.648571 92.431526 -0.209436 -0.844515 0.492880 0.775662 0.169375 1 22 1.000000
 29 60.289665 -14.920532 90.585266 -0.411209 -0.911487 0.009918 0.751705 0.159503 1 22 1.000000
MarioHand_alb.png
 29 58.709030 -13.860849 91.214188 -0.563783 -0.823550 0.062558 0.745403 0.176287 1 22 1.000000
 29 60.933121 -14.648571 92.431526 -0.209436 -0.844515 0.492880 0.775662 0.169375 1 22 1.000000
 29 59.346321 -13.654352 92.971268 -0.332657 -0.791491 0.512719 0.770260 0.186221 1 22 1.000000
MarioHand_alb.png
 29 64.305901 -15.177834 91.228569 0.106052 -0.910785 0.399029 0.785992 0.132738 1 22 1.000000
 29 63.306107 -13.883005 93.108604 0.177760 -0.604328 0.776652 0.805219 0.157504 1 22 1.000000
 29 62.646385 -15.146641 91.748833 -0.004196 -0.909796 0.415035 0.780621 0.151446 1 22 1.000000
MarioHand_alb.png
 29 62.646385 -15.146641 91.748833 -0.004196 -0.909796 0.415035 0.780621 0.151446 1 22 1.000000
 29 63.306107 -13.883005 93.108604 0.177760 -0.604328 0.776652 0.805219 0.157504 1 22 1.000000
 29 60.933121 -14.648571 92.431526 -0.209436 -0.844515 0.492880 0.775662 0.169375 1 22 1.000000
MarioHand_alb.png
 29 60.933121 -14.648571 92.431526 -0.209436 -0.844515 0.492880 0.775662 0.169375 1 22 1.000000
 29 61.766193 -13.441650 93.701347 0.046922 -0.571268 0.819421 0.801846 0.176150 1 22 1.000000
 29 59.346321 -13.654352 92.971268 -0.332657 -0.791491 0.512719 0.770260 0.186221 1 22 1.000000
MarioHand_alb.png
 29 63.306107 -13.883005 93.108604 0.177760 -0.604328 0.776652 0.805219 0.157504 1 22 1.000000
 29 61.766193 -13.441650 93.701347 0.046922 -0.571268 0.819421 0.801846 0.176150 1 22 1.000000
 29 60.933121 -14.648571 92.431526 -0.209436 -0.844515 0.492880 0.775662 0.169375 1 22 1.000000
MarioHand_alb.png
 29 59.346321 -13.654352 92.971268 -0.332657 -0.791491 0.512719 0.770260 0.186221 1 22 1.000000
 29 61.766193 -13.441650 93.701347 0.046922 -0.571268 0.819421 0.801846 0.176150 1 22 1.000000
 29 60.355053 -12.281630 94.361465 0.062565 -0.530469 0.845393 0.798184 0.193179 1 22 1.000000
MarioHand_alb.png
 29 64.305901 -15.177834 91.228569 0.106052 -0.910785 0.399029 0.785992 0.132738 1 22 1.000000
 29 64.808800 -13.936213 92.650169 0.227391 -0.599191 0.767635 0.808530 0.138399 1 22 1.000000
 29 63.306107 -13.883005 93.108604 0.177760 -0.604328 0.776652 0.805219 0.157504 1 22 1.000000
MarioHand_alb.png
 29 65.850769 -15.168617 90.757195 0.178531 -0.906008 0.383766 0.791897 0.112734 1 22 1.000000
 29 64.808800 -13.936213 92.650169 0.227391 -0.599191 0.767635 0.808530 0.138399 1 22 1.000000
 29 64.305901 -15.177834 91.228569 0.106052 -0.910785 0.399029 0.785992 0.132738 1 22 1.000000
MarioHand_alb.png
 29 65.850769 -15.168617 90.757195 0.178531 -0.906008 0.383766 0.791897 0.112734 1 22 1.000000
 29 66.307907 -13.971251 92.182693 0.298295 -0.595254 0.746118 0.811978 0.117830 1 22 1.000000
 29 64.808800 -13.936213 92.650169 0.227391 -0.599191 0.767635 0.808530 0.138399 1 22 1.000000
MarioHand_alb.png
 29 63.306107 -13.883005 93.108604 0.177760 -0.604328 0.776652 0.805219 0.157504 1 22 1.000000
 29 63.703491 -12.134419 93.725868 0.379997 -0.172353 0.908789 0.829404 0.160021 1 22 1.000000
 29 61.766193 -13.441650 93.701347 0.046922 -0.571268 0.819421 0.801846 0.176150 1 22 1.000000
MarioHand_alb.png
 29 63.306107 -13.883005 93.108604 0.177760 -0.604328 0.776652 0.805219 0.157504 1 22 1.000000
 29 64.808800 -13.936213 92.650169 0.227391 -0.599191 0.767635 0.808530 0.138399 1 22 1.000000
 29 63.703491 -12.134419 93.725868 0.379997 -0.172353 0.908789 0.829404 0.160021 1 22 1.000000
MarioHand_alb.png
 29 61.766193 -13.441650 93.701347 0.046922 -0.571268 0.819421 0.801846 0.176150 1 22 1.000000
 29 62.525856 -11.281172 94.447098 0.379880 -0.178021 0.907745 0.828428 0.179232 1 22 1.000000
 29 60.355053 -12.281630 94.361465 0.062565 -0.530469 0.845393 0.798184 0.193179 1 22 1.000000
MarioHand_alb.png
 29 61.766193 -13.441650 93.701347 0.046922 -0.571268 0.819421 0.801846 0.176150 1 22 1.000000
 29 63.703491 -12.134419 93.725868 0.379997 -0.172353 0.908789 0.829404 0.160021 1 22 1.000000
 29 62.525856 -11.281172 94.447098 0.379880 -0.178021 0.907745 0.828428 0.179232 1 22 1.000000
MarioHand_alb.png
 29 60.355053 -12.281630 94.361465 0.062565 -0.530469 0.845393 0.798184 0.193179 1 22 1.000000
 29 62.525856 -11.281172 94.447098 0.379880 -0.178021 0.907745 0.828428 0.179232 1 22 1.000000
 29 61.294182 -10.395634 95.038986 0.481062 -0.639477 0.599707 0.825513 0.197269 1 22 1.000000
MarioHand_alb.png
 29 62.525856 -11.281172 94.447098 0.379880 -0.178021 0.907745 0.828428 0.179232 1 22 1.000000
 29 63.423073 -8.390337 93.801964 0.968839 -0.140939 0.203685 0.869474 0.183352 1 22 1.000000
 29 61.294182 -10.395634 95.038986 0.481062 -0.639477 0.599707 0.825513 0.197269 1 22 1.000000
MarioHand_alb.png
 29 62.525856 -11.281172 94.447098 0.379880 -0.178021 0.907745 0.828428 0.179232 1 22 1.000000
 29 64.089874 -9.242548 93.329071 0.764920 0.299142 0.570449 0.866117 0.169467 1 22 1.000000
 29 63.423073 -8.390337 93.801964 0.968839 -0.140939 0.203685 0.869474 0.183352 1 22 1.000000
MarioHand_alb.png
 29 62.525856 -11.281172 94.447098 0.379880 -0.178021 0.907745 0.828428 0.179232 1 22 1.000000
 29 63.703491 -12.134419 93.725868 0.379997 -0.172353 0.908789 0.829404 0.160021 1 22 1.000000
 29 64.089874 -9.242548 93.329071 0.764920 0.299142 0.570449 0.866117 0.169467 1 22 1.000000
MarioHand_alb.png
 29 63.423073 -8.390337 93.801964 0.968839 -0.140939 0.203685 0.869474 0.183352 1 22 1.000000
 29 64.089874 -9.242548 93.329071 0.764920 0.299142 0.570449 0.866117 0.169467 1 22 1.000000
 29 63.291512 -7.886957 90.647438 0.778163 0.594113 -0.203696 0.907774 0.162814 1 22 1.000000
MarioHand_alb.png
 29 63.423073 -8.390337 93.801964 0.968839 -0.140939 0.203685 0.869474 0.183352 1 22 1.000000
 29 63.291512 -7.886957 90.647438 0.778163 0.594113 -0.203696 0.907774 0.162814 1 22 1.000000
 29 62.766357 -6.804211 91.059151 0.874204 0.350139 -0.336408 0.916075 0.178088 1 22 1.000000
MarioHand_alb.png
 29 63.291512 -7.886957 90.647438 0.778163 0.594113 -0.203696 0.907774 0.162814 1 22 1.000000
 29 61.546864 -7.628983 88.260551 0.526403 0.250518 -0.812491 0.949355 0.156390 1 22 1.000000
 29 62.766357 -6.804211 91.059151 0.874204 0.350139 -0.336408 0.916075 0.178088 1 22 1.000000
MarioHand_alb.png
 29 63.703491 -12.134419 93.725868 0.379997 -0.172353 0.908789 0.829404 0.160021 1 22 1.000000
 29 64.658844 -9.734402 92.790932 0.575379 0.470166 0.669240 0.864363 0.154147 1 22 1.000000
 29 64.089874 -9.242548 93.329071 0.764920 0.299142 0.570449 0.866117 0.169467 1 22 1.000000
MarioHand_alb.png
 29 64.658844 -9.734402 92.790932 0.575379 0.470166 0.669240 0.864363 0.154147 1 22 1.000000
 29 63.291512 -7.886957 90.647438 0.778163 0.594113 -0.203696 0.907774 0.162814 1 22 1.000000
 29 64.089874 -9.242548 93.329071 0.764920 0.299142 0.570449 0.866117 0.169467 1 22 1.000000
MarioHand_alb.png
 29 64.808800 -13.936213 92.650169 0.227391 -0.599191 0.767635 0.808530 0.138399 1 22 1.000000
 29 65.080635 -12.259136 93.256180 0.340922 -0.029364 0.939633 0.830106 0.140688 1 22 1.000000
 29 63.703491 -12.134419 93.725868 0.379997 -0.172353 0.908789 0.829404 0.160021 1 22 1.000000
MarioHand_alb.png
 29 65.080635 -12.259136 93.256180 0.340922 -0.029364 0.939633 0.830106 0.140688 1 22 1.000000
 29 64.658844 -9.734402 92.790932 0.575379 0.470166 0.669240 0.864363 0.154147 1 22 1.000000
 29 63.703491 -12.134419 93.725868 0.379997 -0.172353 0.908789 0.829404 0.160021 1 22 1.000000
MarioHand_alb.png
 29 66.307907 -13.971251 92.182693 0.298295 -0.595254 0.746118 0.811978 0.117830 1 22 1.000000
 29 65.080635 -12.259136 93.256180 0.340922 -0.029364 0.939633 0.830106 0.140688 1 22 1.000000
 29 64.808800 -13.936213 92.650169 0.227391 -0.599191 0.767635 0.808530 0.138399 1 22 1.000000
MarioHand_alb.png
 29 63.291512 -7.886957 90.647438 0.778163 0.594113 -0.203696 0.907774 0.162814 1 22 1.000000
 29 61.983398 -8.612263 88.179840 0.338723 0.512852 -0.788828 0.939925 0.141283 1 22 1.000000
 29 61.546864 -7.628983 88.260551 0.526403 0.250518 -0.812491 0.949355 0.156390 1 22 1.000000
MarioHand_alb.png
 29 61.546864 -7.628983 88.260551 0.526403 0.250518 -0.812491 0.949355 0.156390 1 22 1.000000
 29 61.983398 -8.612263 88.179840 0.338723 0.512852 -0.788828 0.939925 0.141283 1 22 1.000000
 29 59.607674 -10.156182 87.315422 0.015253 0.007817 -0.999853 0.978897 0.133257 1 22 1.000000
MarioHand_alb.png
 29 61.983398 -8.612263 88.179840 0.338723 0.512852 -0.788828 0.939925 0.141283 1 22 1.000000
 29 60.761490 -10.935354 87.187210 -0.158662 0.146648 -0.976381 0.968811 0.119097 1 22 1.000000
 29 59.607674 -10.156182 87.315422 0.015253 0.007817 -0.999853 0.978897 0.133257 1 22 1.000000
MarioHand_alb.png
 29 64.658844 -9.734402 92.790932 0.575379 0.470166 0.669240 0.864363 0.154147 1 22 1.000000
 29 63.770744 -8.548857 90.202072 0.422675 0.897708 -0.124361 0.900816 0.144747 1 22 1.000000
 29 63.291512 -7.886957 90.647438 0.778163 0.594113 -0.203696 0.907774 0.162814 1 22 1.000000
MarioHand_alb.png
 29 63.291512 -7.886957 90.647438 0.778163 0.594113 -0.203696 0.907774 0.162814 1 22 1.000000
 29 63.770744 -8.548857 90.202072 0.422675 0.897708 -0.124361 0.900816 0.144747 1 22 1.000000
 29 61.983398 -8.612263 88.179840 0.338723 0.512852 -0.788828 0.939925 0.141283 1 22 1.000000
MarioHand_alb.png
 29 61.983398 -8.612263 88.179840 0.338723 0.512852 -0.788828 0.939925 0.141283 1 22 1.000000
 29 62.780022 -9.243789 87.670601 0.000000 0.669986 -0.742373 0.930632 0.124849 1 22 1.000000
 29 60.761490 -10.935354 87.187210 -0.158662 0.146648 -0.976381 0.968811 0.119097 1 22 1.000000
MarioHand_alb.png
 29 63.770744 -8.548857 90.202072 0.422675 0.897708 -0.124361 0.900816 0.144747 1 22 1.000000
 29 62.780022 -9.243789 87.670601 0.000000 0.669986 -0.742373 0.930632 0.124849 1 22 1.000000
 29 61.983398 -8.612263 88.179840 0.338723 0.512852 -0.788828 0.939925 0.141283 1 22 1.000000
MarioHand_alb.png
 29 62.780022 -9.243789 87.670601 0.000000 0.669986 -0.742373 0.930632 0.124849 1 22 1.000000
 29 61.651943 -11.606441 86.681305 -0.268147 0.137030 -0.953583 0.958816 0.102769 1 22 1.000000
 29 60.761490 -10.935354 87.187210 -0.158662 0.146648 -0.976381 0.968811 0.119097 1 22 1.000000
MarioHand_alb.png
 29 62.780022 -9.243789 87.670601 0.000000 0.669986 -0.742373 0.930632 0.124849 1 22 1.000000
 29 63.077591 -11.832233 86.317421 -0.201380 0.168294 -0.964947 0.947860 0.085130 1 22 1.000000
 29 61.651943 -11.606441 86.681305 -0.268147 0.137030 -0.953583 0.958816 0.102769 1 22 1.000000
MarioHand_alb.png
 29 63.785881 -9.415030 87.449158 -0.062560 0.739853 -0.669854 0.921279 0.108019 1 22 1.000000
 29 63.077591 -11.832233 86.317421 -0.201380 0.168294 -0.964947 0.947860 0.085130 1 22 1.000000
 29 62.780022 -9.243789 87.670601 0.000000 0.669986 -0.742373 0.930632 0.124849 1 22 1.000000
MarioHand_alb.png
 29 63.770744 -8.548857 90.202072 0.422675 0.897708 -0.124361 0.900816 0.144747 1 22 1.000000
 29 63.785881 -9.415030 87.449158 -0.062560 0.739853 -0.669854 0.921279 0.108019 1 22 1.000000
 29 62.780022 -9.243789 87.670601 0.000000 0.669986 -0.742373 0.930632 0.124849 1 22 1.000000
MarioHand_alb.png
 29 64.697998 -11.905589 85.972946 -0.121334 0.211094 -0.969906 0.933593 0.066575 1 22 1.000000
 29 63.077591 -11.832233 86.317421 -0.201380 0.168294 -0.964947 0.947860 0.085130 1 22 1.000000
 29 63.785881 -9.415030 87.449158 -0.062560 0.739853 -0.669854 0.921279 0.108019 1 22 1.000000
MarioHand_alb.png
 29 64.658844 -9.734402 92.790932 0.575379 0.470166 0.669240 0.864363 0.154147 1 22 1.000000
 29 65.453735 -9.743997 92.408981 0.321244 0.638958 0.698953 0.862409 0.136461 1 22 1.000000
 29 63.770744 -8.548857 90.202072 0.422675 0.897708 -0.124361 0.900816 0.144747 1 22 1.000000
MarioHand_alb.png
 29 65.080635 -12.259136 93.256180 0.340922 -0.029364 0.939633 0.830106 0.140688 1 22 1.000000
 29 65.453735 -9.743997 92.408981 0.321244 0.638958 0.698953 0.862409 0.136461 1 22 1.000000
 29 64.658844 -9.734402 92.790932 0.575379 0.470166 0.669240 0.864363 0.154147 1 22 1.000000
MarioHand_alb.png
 29 64.704689 -8.677435 89.918320 0.131221 0.991311 0.009155 0.893858 0.126696 1 22 1.000000
 29 63.785881 -9.415030 87.449158 -0.062560 0.739853 -0.669854 0.921279 0.108019 1 22 1.000000
 29 63.770744 -8.548857 90.202072 0.422675 0.897708 -0.124361 0.900816 0.144747 1 22 1.000000
MarioHand_alb.png
 29 64.704689 -8.677435 89.918320 0.131221 0.991311 0.009155 0.893858 0.126696 1 22 1.000000
 29 63.770744 -8.548857 90.202072 0.422675 0.897708 -0.124361 0.900816 0.144747 1 22 1.000000
 29 65.453735 -9.743997 92.408981 0.321244 0.638958 0.698953 0.862409 0.136461 1 22 1.000000
MarioHand_alb.png
 29 65.233459 -9.599243 87.123581 0.023652 0.751604 -0.659191 0.910567 0.090059 1 22 1.000000
 29 64.697998 -11.905589 85.972946 -0.121334 0.211094 -0.969906 0.933593 0.066575 1 22 1.000000
 29 63.785881 -9.415030 87.449158 -0.062560 0.739853 -0.669854 0.921279 0.108019 1 22 1.000000
MarioHand_alb.png
 29 64.704689 -8.677435 89.918320 0.131221 0.991311 0.009155 0.893858 0.126696 1 22 1.000000
 29 65.233459 -9.599243 87.123581 0.023652 0.751604 -0.659191 0.910567 0.090059 1 22 1.000000
 29 63.785881 -9.415030 87.449158 -0.062560 0.739853 -0.669854 0.921279 0.108019 1 22 1.000000
MarioHand_alb.png
 29 66.609566 -12.021390 85.822403 0.115996 0.227318 -0.966888 0.910689 0.048432 1 22 1.000000
 29 64.697998 -11.905589 85.972946 -0.121334 0.211094 -0.969906 0.933593 0.066575 1 22 1.000000
 29 65.233459 -9.599243 87.123581 0.023652 0.751604 -0.659191 0.910567 0.090059 1 22 1.000000
MarioHand_alb.png
 29 66.009735 -8.800827 89.570908 0.232696 0.972363 -0.019073 0.885847 0.108125 1 22 1.000000
 29 64.704689 -8.677435 89.918320 0.131221 0.991311 0.009155 0.893858 0.126696 1 22 1.000000
 29 65.453735 -9.743997 92.408981 0.321244 0.638958 0.698953 0.862409 0.136461 1 22 1.000000
MarioHand_alb.png
 29 66.009735 -8.800827 89.570908 0.232696 0.972363 -0.019073 0.885847 0.108125 1 22 1.000000
 29 65.233459 -9.599243 87.123581 0.023652 0.751604 -0.659191 0.910567 0.090059 1 22 1.000000
 29 64.704689 -8.677435 89.918320 0.131221 0.991311 0.009155 0.893858 0.126696 1 22 1.000000
MarioHand_alb.png
 29 66.581795 -12.370830 92.722084 0.424983 0.023366 0.904900 0.830228 0.119783 1 22 1.000000
 29 65.453735 -9.743997 92.408981 0.321244 0.638958 0.698953 0.862409 0.136461 1 22 1.000000
 29 65.080635 -12.259136 93.256180 0.340922 -0.029364 0.939633 0.830106 0.140688 1 22 1.000000
MarioHand_alb.png
 29 66.581795 -12.370830 92.722084 0.424983 0.023366 0.904900 0.830228 0.119783 1 22 1.000000
 29 65.080635 -12.259136 93.256180 0.340922 -0.029364 0.939633 0.830106 0.140688 1 22 1.000000
 29 66.307907 -13.971251 92.182693 0.298295 -0.595254 0.746118 0.811978 0.117830 1 22 1.000000
MarioHand_alb.png
 29 66.746620 -9.861809 91.859970 0.422728 0.638384 0.643248 0.858610 0.116259 1 22 1.000000
 29 66.009735 -8.800827 89.570908 0.232696 0.972363 -0.019073 0.885847 0.108125 1 22 1.000000
 29 65.453735 -9.743997 92.408981 0.321244 0.638958 0.698953 0.862409 0.136461 1 22 1.000000
MarioHand_alb.png
 29 66.581795 -12.370830 92.722084 0.424983 0.023366 0.904900 0.830228 0.119783 1 22 1.000000
 29 66.746620 -9.861809 91.859970 0.422728 0.638384 0.643248 0.858610 0.116259 1 22 1.000000
 29 65.453735 -9.743997 92.408981 0.321244 0.638958 0.698953 0.862409 0.136461 1 22 1.000000
MarioHand_alb.png
 29 66.009735 -8.800827 89.570908 0.232696 0.972363 -0.019073 0.885847 0.108125 1 22 1.000000
 29 67.761909 -9.401333 89.047424 0.493609 0.865247 -0.087736 0.875486 0.086549 1 22 1.000000
 29 65.233459 -9.599243 87.123581 0.023652 0.751604 -0.659191 0.910567 0.090059 1 22 1.000000
MarioHand_alb.png
 29 66.746620 -9.861809 91.859970 0.422728 0.638384 0.643248 0.858610 0.116259 1 22 1.000000
 29 67.761909 -9.401333 89.047424 0.493609 0.865247 -0.087736 0.875486 0.086549 1 22 1.000000
 29 66.009735 -8.800827 89.570908 0.232696 0.972363 -0.019073 0.885847 0.108125 1 22 1.000000
MarioHand_alb.png
 29 68.293488 -12.649332 91.757408 0.600446 0.011826 0.799578 0.829511 0.093034 1 22 1.000000
 29 66.581795 -12.370830 92.722084 0.424983 0.023366 0.904900 0.830228 0.119783 1 22 1.000000
 29 66.307907 -13.971251 92.182693 0.298295 -0.595254 0.746118 0.811978 0.117830 1 22 1.000000
MarioHand_alb.png
 29 68.064491 -13.904591 91.373093 0.463826 -0.580736 0.669038 0.816175 0.092271 1 22 1.000000
 29 68.293488 -12.649332 91.757408 0.600446 0.011826 0.799578 0.829511 0.093034 1 22 1.000000
 29 66.307907 -13.971251 92.182693 0.298295 -0.595254 0.746118 0.811978 0.117830 1 22 1.000000
MarioHand_alb.png
 29 68.064491 -13.904591 91.373093 0.463826 -0.580736 0.669038 0.816175 0.092271 1 22 1.000000
 29 69.289772 -12.828085 90.255234 0.933486 -0.074359 0.350820 0.828031 0.066392 1 22 1.000000
 29 68.293488 -12.649332 91.757408 0.600446 0.011826 0.799578 0.829511 0.093034 1 22 1.000000
MarioHand_alb.png
 29 66.581795 -12.370830 92.722084 0.424983 0.023366 0.904900 0.830228 0.119783 1 22 1.000000
 29 68.259453 -10.398026 91.057205 0.629504 0.579048 0.518101 0.852766 0.093965 1 22 1.000000
 29 66.746620 -9.861809 91.859970 0.422728 0.638384 0.643248 0.858610 0.116259 1 22 1.000000
MarioHand_alb.png
 29 68.293488 -12.649332 91.757408 0.600446 0.011826 0.799578 0.829511 0.093034 1 22 1.000000
 29 68.259453 -10.398026 91.057205 0.629504 0.579048 0.518101 0.852766 0.093965 1 22 1.000000
 29 66.581795 -12.370830 92.722084 0.424983 0.023366 0.904900 0.830228 0.119783 1 22 1.000000
MarioHand_alb.png
 29 68.293488 -12.649332 91.757408 0.600446 0.011826 0.799578 0.829511 0.093034 1 22 1.000000
 29 69.289772 -12.828085 90.255234 0.933486 -0.074359 0.350820 0.828031 0.066392 1 22 1.000000
 29 68.259453 -10.398026 91.057205 0.629504 0.579048 0.518101 0.852766 0.093965 1 22 1.000000
MarioHand_alb.png
 29 66.746620 -9.861809 91.859970 0.422728 0.638384 0.643248 0.858610 0.116259 1 22 1.000000
 29 68.259453 -10.398026 91.057205 0.629504 0.579048 0.518101 0.852766 0.093965 1 22 1.000000
 29 67.761909 -9.401333 89.047424 0.493609 0.865247 -0.087736 0.875486 0.086549 1 22 1.000000
MarioHand_alb.png
 29 69.289772 -12.828085 90.255234 0.933486 -0.074359 0.350820 0.828031 0.066392 1 22 1.000000
 29 69.214935 -11.480931 89.876785 0.897309 0.410694 0.161760 0.846128 0.070695 1 22 1.000000
 29 68.259453 -10.398026 91.057205 0.629504 0.579048 0.518101 0.852766 0.093965 1 22 1.000000
MarioHand_alb.png
 29 69.289772 -12.828085 90.255234 0.933486 -0.074359 0.350820 0.828031 0.066392 1 22 1.000000
 29 69.326828 -12.640601 88.272469 0.961926 -0.054828 -0.267753 0.853178 0.046799 1 22 1.000000
 29 69.214935 -11.480931 89.876785 0.897309 0.410694 0.161760 0.846128 0.070695 1 22 1.000000
MarioHand_alb.png
 29 69.214935 -11.480931 89.876785 0.897309 0.410694 0.161760 0.846128 0.070695 1 22 1.000000
 29 68.900764 -10.766860 88.589523 0.794866 0.582895 -0.168585 0.864485 0.066621 1 22 1.000000
 29 68.259453 -10.398026 91.057205 0.629504 0.579048 0.518101 0.852766 0.093965 1 22 1.000000
MarioHand_alb.png
 29 69.326828 -12.640601 88.272469 0.961926 -0.054828 -0.267753 0.853178 0.046799 1 22 1.000000
 29 68.900764 -10.766860 88.589523 0.794866 0.582895 -0.168585 0.864485 0.066621 1 22 1.000000
 29 69.214935 -11.480931 89.876785 0.897309 0.410694 0.161760 0.846128 0.070695 1 22 1.000000
MarioHand_alb.png
 29 68.900764 -10.766860 88.589523 0.794866 0.582895 -0.168585 0.864485 0.066621 1 22 1.000000
 29 67.761909 -9.401333 89.047424 0.493609 0.865247 -0.087736 0.875486 0.086549 1 22 1.000000
 29 68.259453 -10.398026 91.057205 0.629504 0.579048 0.518101 0.852766 0.093965 1 22 1.000000
MarioHand_alb.png
 29 69.326828 -12.640601 88.272469 0.961926 -0.054828 -0.267753 0.853178 0.046799 1 22 1.000000
 29 68.487709 -11.193395 87.206375 0.641449 0.468978 -0.607126 0.878462 0.054826 1 22 1.000000
 29 68.900764 -10.766860 88.589523 0.794866 0.582895 -0.168585 0.864485 0.066621 1 22 1.000000
MarioHand_alb.png
 29 69.326828 -12.640601 88.272469 0.961926 -0.054828 -0.267753 0.853178 0.046799 1 22 1.000000
 29 68.288727 -12.363173 86.580383 0.583638 0.123308 -0.802597 0.883482 0.040330 1 22 1.000000
 29 68.487709 -11.193395 87.206375 0.641449 0.468978 -0.607126 0.878462 0.054826 1 22 1.000000
MarioHand_alb.png
 29 68.487709 -11.193395 87.206375 0.641449 0.468978 -0.607126 0.878462 0.054826 1 22 1.000000
 29 68.288727 -12.363173 86.580383 0.583638 0.123308 -0.802597 0.883482 0.040330 1 22 1.000000
 29 66.609566 -12.021390 85.822403 0.115996 0.227318 -0.966888 0.910689 0.048432 1 22 1.000000
MarioHand_alb.png
 29 68.900764 -10.766860 88.589523 0.794866 0.582895 -0.168585 0.864485 0.066621 1 22 1.000000
 29 67.111801 -10.132837 86.884109 0.281539 0.688491 -0.668368 0.895399 0.069520 1 22 1.000000
 29 67.761909 -9.401333 89.047424 0.493609 0.865247 -0.087736 0.875486 0.086549 1 22 1.000000
MarioHand_alb.png
 29 68.487709 -11.193395 87.206375 0.641449 0.468978 -0.607126 0.878462 0.054826 1 22 1.000000
 29 67.111801 -10.132837 86.884109 0.281539 0.688491 -0.668368 0.895399 0.069520 1 22 1.000000
 29 68.900764 -10.766860 88.589523 0.794866 0.582895 -0.168585 0.864485 0.066621 1 22 1.000000
MarioHand_alb.png
 29 68.487709 -11.193395 87.206375 0.641449 0.468978 -0.607126 0.878462 0.054826 1 22 1.000000
 29 66.609566 -12.021390 85.822403 0.115996 0.227318 -0.966888 0.910689 0.048432 1 22 1.000000
 29 67.111801 -10.132837 86.884109 0.281539 0.688491 -0.668368 0.895399 0.069520 1 22 1.000000
MarioHand_alb.png
 29 67.761909 -9.401333 89.047424 0.493609 0.865247 -0.087736 0.875486 0.086549 1 22 1.000000
 29 67.111801 -10.132837 86.884109 0.281539 0.688491 -0.668368 0.895399 0.069520 1 22 1.000000
 29 65.233459 -9.599243 87.123581 0.023652 0.751604 -0.659191 0.910567 0.090059 1 22 1.000000
MarioHand_alb.png
 29 67.111801 -10.132837 86.884109 0.281539 0.688491 -0.668368 0.895399 0.069520 1 22 1.000000
 29 66.609566 -12.021390 85.822403 0.115996 0.227318 -0.966888 0.910689 0.048432 1 22 1.000000
 29 65.233459 -9.599243 87.123581 0.023652 0.751604 -0.659191 0.910567 0.090059 1 22 1.000000
MarioHand_alb.png
 29 50.977901 13.337015 97.218842 -0.395582 0.912376 0.105285 0.552071 0.536172 1 22 1.000000
 29 49.153870 12.531140 96.311356 -0.187690 0.982226 0.002289 0.551141 0.566003 1 22 1.000000
 29 49.153870 11.830955 99.494179 -0.203318 0.898813 0.388325 0.509422 0.551141 1 22 1.000000
MarioHand_alb.png
 29 51.074528 12.312136 100.614471 -0.391377 0.812221 0.432574 0.506844 0.520638 1 22 1.000000
 29 50.977901 13.337015 97.218842 -0.395582 0.912376 0.105285 0.552071 0.536172 1 22 1.000000
 29 49.153870 11.830955 99.494179 -0.203318 0.898813 0.388325 0.509422 0.551141 1 22 1.000000
MarioHand_alb.png
 29 53.507767 14.288552 97.757835 -0.293339 0.944482 0.148005 0.561028 0.498756 1 22 1.000000
 29 50.977901 13.337015 97.218842 -0.395582 0.912376 0.105285 0.552071 0.536172 1 22 1.000000
 29 51.074528 12.312136 100.614471 -0.391377 0.812221 0.432574 0.506844 0.520638 1 22 1.000000
MarioHand_alb.png
 29 51.074528 12.312136 100.614471 -0.391377 0.812221 0.432574 0.506844 0.520638 1 22 1.000000
 29 49.153870 11.830955 99.494179 -0.203318 0.898813 0.388325 0.509422 0.551141 1 22 1.000000
 29 49.153870 9.935480 102.210899 -0.205224 0.661065 0.721717 0.463920 0.542000 1 22 1.000000
MarioHand_alb.png
 29 53.633217 13.012156 101.324135 -0.279985 0.831467 0.479865 0.512337 0.483894 1 22 1.000000
 29 53.507767 14.288552 97.757835 -0.293339 0.944482 0.148005 0.561028 0.498756 1 22 1.000000
 29 51.074528 12.312136 100.614471 -0.391377 0.812221 0.432574 0.506844 0.520638 1 22 1.000000
MarioHand_alb.png
 29 56.770218 15.020341 98.209000 -0.144575 0.978362 0.148008 0.570321 0.451881 1 22 1.000000
 29 53.507767 14.288552 97.757835 -0.293339 0.944482 0.148005 0.561028 0.498756 1 22 1.000000
 29 53.633217 13.012156 101.324135 -0.279985 0.831467 0.479865 0.512337 0.483894 1 22 1.000000
MarioHand_alb.png
 29 51.206535 10.250942 103.457214 -0.369565 0.561117 0.740655 0.460960 0.509667 1 22 1.000000
 29 51.074528 12.312136 100.614471 -0.391377 0.812221 0.432574 0.506844 0.520638 1 22 1.000000
 29 49.153870 9.935480 102.210899 -0.205224 0.661065 0.721717 0.463920 0.542000 1 22 1.000000
MarioHand_alb.png
 29 53.633217 13.012156 101.324135 -0.279985 0.831467 0.479865 0.512337 0.483894 1 22 1.000000
 29 51.074528 12.312136 100.614471 -0.391377 0.812221 0.432574 0.506844 0.520638 1 22 1.000000
 29 51.206535 10.250942 103.457214 -0.369565 0.561117 0.740655 0.460960 0.509667 1 22 1.000000
MarioHand_alb.png
 29 51.206535 10.250942 103.457214 -0.369565 0.561117 0.740655 0.460960 0.509667 1 22 1.000000
 29 49.153870 9.935480 102.210899 -0.205224 0.661065 0.721717 0.463920 0.542000 1 22 1.000000
 29 49.153873 7.049798 103.995399 -0.123233 0.326779 0.937032 0.415885 0.536736 1 22 1.000000
MarioHand_alb.png
 29 56.659893 13.640993 101.699409 -0.174331 0.835987 0.520322 0.520577 0.442542 1 22 1.000000
 29 56.770218 15.020341 98.209000 -0.144575 0.978362 0.148008 0.570321 0.451881 1 22 1.000000
 29 53.633217 13.012156 101.324135 -0.279985 0.831467 0.479865 0.512337 0.483894 1 22 1.000000
MarioHand_alb.png
 29 59.599792 15.145891 99.041046 -0.025557 0.982905 0.182334 0.570550 0.408133 1 22 1.000000
 29 56.770218 15.020341 98.209000 -0.144575 0.978362 0.148008 0.570321 0.451881 1 22 1.000000
 29 56.659893 13.640993 101.699409 -0.174331 0.835987 0.520322 0.520577 0.442542 1 22 1.000000
MarioHand_alb.png
 29 53.869514 10.703904 104.202827 -0.228484 0.551089 0.802556 0.464836 0.472633 1 22 1.000000
 29 53.633217 13.012156 101.324135 -0.279985 0.831467 0.479865 0.512337 0.483894 1 22 1.000000
 29 51.206535 10.250942 103.457214 -0.369565 0.561117 0.740655 0.460960 0.509667 1 22 1.000000
MarioHand_alb.png
 29 56.659893 13.640993 101.699409 -0.174331 0.835987 0.520322 0.520577 0.442542 1 22 1.000000
 29 53.633217 13.012156 101.324135 -0.279985 0.831467 0.479865 0.512337 0.483894 1 22 1.000000
 29 53.869514 10.703904 104.202827 -0.228484 0.551089 0.802556 0.464836 0.472633 1 22 1.000000
MarioHand_alb.png
 29 51.428913 7.090026 104.809433 -0.291348 0.240439 0.925908 0.414908 0.503975 1 22 1.000000
 29 51.206535 10.250942 103.457214 -0.369565 0.561117 0.740655 0.460960 0.509667 1 22 1.000000
 29 49.153873 7.049798 103.995399 -0.123233 0.326779 0.937032 0.415885 0.536736 1 22 1.000000
MarioHand_alb.png
 29 53.869514 10.703904 104.202827 -0.228484 0.551089 0.802556 0.464836 0.472633 1 22 1.000000
 29 51.206535 10.250942 103.457214 -0.369565 0.561117 0.740655 0.460960 0.509667 1 22 1.000000
 29 51.428913 7.090026 104.809433 -0.291348 0.240439 0.925908 0.414908 0.503975 1 22 1.000000
MarioHand_alb.png
 29 51.428913 7.090026 104.809433 -0.291348 0.240439 0.925908 0.414908 0.503975 1 22 1.000000
 29 49.153873 7.049798 103.995399 -0.123233 0.326779 0.937032 0.415885 0.536736 1 22 1.000000
 29 49.160122 3.669013 104.654579 -0.038902 0.003909 0.999235 0.367300 0.533974 1 22 1.000000
MarioHand_alb.png
 29 59.649704 13.875654 102.075699 -0.082015 0.820249 0.566097 0.524025 0.401785 1 22 1.000000
 29 59.599792 15.145891 99.041046 -0.025557 0.982905 0.182334 0.570550 0.408133 1 22 1.000000
 29 56.659893 13.640993 101.699409 -0.174331 0.835987 0.520322 0.520577 0.442542 1 22 1.000000
MarioHand_alb.png
 29 62.072472 14.855075 99.806770 0.135039 0.980179 0.144957 0.563638 0.365408 1 22 1.000000
 29 59.599792 15.145891 99.041046 -0.025557 0.982905 0.182334 0.570550 0.408133 1 22 1.000000
 29 59.649704 13.875654 102.075699 -0.082015 0.820249 0.566097 0.524025 0.401785 1 22 1.000000
MarioHand_alb.png
 29 56.790443 11.092913 104.456444 -0.111778 0.536858 0.836235 0.471458 0.433967 1 22 1.000000
 29 56.659893 13.640993 101.699409 -0.174331 0.835987 0.520322 0.520577 0.442542 1 22 1.000000
 29 53.869514 10.703904 104.202827 -0.228484 0.551089 0.802556 0.464836 0.472633 1 22 1.000000
MarioHand_alb.png
 29 59.649704 13.875654 102.075699 -0.082015 0.820249 0.566097 0.524025 0.401785 1 22 1.000000
 29 56.659893 13.640993 101.699409 -0.174331 0.835987 0.520322 0.520577 0.442542 1 22 1.000000
 29 56.790443 11.092913 104.456444 -0.111778 0.536858 0.836235 0.471458 0.433967 1 22 1.000000
MarioHand_alb.png
 29 62.380386 13.802828 102.480804 -0.027464 0.803220 0.595049 0.523690 0.364019 1 22 1.000000
 29 62.072472 14.855075 99.806770 0.135039 0.980179 0.144957 0.563638 0.365408 1 22 1.000000
 29 59.649704 13.875654 102.075699 -0.082015 0.820249 0.566097 0.524025 0.401785 1 22 1.000000
MarioHand_alb.png
 29 62.380386 13.802828 102.480804 -0.027464 0.803220 0.595049 0.523690 0.364019 1 22 1.000000
 29 63.798492 14.697459 100.263069 -0.005722 0.999667 0.025178 0.558145 0.341192 1 22 1.000000
 29 62.072472 14.855075 99.806770 0.135039 0.980179 0.144957 0.563638 0.365408 1 22 1.000000
MarioHand_alb.png
 29 64.200157 13.886861 102.391701 -0.074006 0.829798 0.553135 0.522744 0.337209 1 22 1.000000
 29 63.798492 14.697459 100.263069 -0.005722 0.999667 0.025178 0.558145 0.341192 1 22 1.000000
 29 62.380386 13.802828 102.480804 -0.027464 0.803220 0.595049 0.523690 0.364019 1 22 1.000000
MarioHand_alb.png
 29 62.380386 13.802828 102.480804 -0.027464 0.803220 0.595049 0.523690 0.364019 1 22 1.000000
 29 59.649704 13.875654 102.075699 -0.082015 0.820249 0.566097 0.524025 0.401785 1 22 1.000000
 29 60.008335 11.418450 104.442001 -0.031278 0.504549 0.862816 0.479072 0.391501 1 22 1.000000
MarioHand_alb.png
 29 60.008335 11.418450 104.442001 -0.031278 0.504549 0.862816 0.479072 0.391501 1 22 1.000000
 29 59.649704 13.875654 102.075699 -0.082015 0.820249 0.566097 0.524025 0.401785 1 22 1.000000
 29 56.790443 11.092913 104.456444 -0.111778 0.536858 0.836235 0.471458 0.433967 1 22 1.000000
MarioHand_alb.png
 29 62.928871 11.543922 104.306419 0.047298 0.457437 0.887983 0.483955 0.355123 1 22 1.000000
 29 64.200157 13.886861 102.391701 -0.074006 0.829798 0.553135 0.522744 0.337209 1 22 1.000000
 29 62.380386 13.802828 102.480804 -0.027464 0.803220 0.595049 0.523690 0.364019 1 22 1.000000
MarioHand_alb.png
 29 62.928871 11.543922 104.306419 0.047298 0.457437 0.887983 0.483955 0.355123 1 22 1.000000
 29 62.380386 13.802828 102.480804 -0.027464 0.803220 0.595049 0.523690 0.364019 1 22 1.000000
 29 60.008335 11.418450 104.442001 -0.031278 0.504549 0.862816 0.479072 0.391501 1 22 1.000000
MarioHand_alb.png
 29 65.128311 11.996615 103.907753 0.058754 0.368265 0.927863 0.487724 0.329793 1 22 1.000000
 29 64.200157 13.886861 102.391701 -0.074006 0.829798 0.553135 0.522744 0.337209 1 22 1.000000
 29 62.928871 11.543922 104.306419 0.047298 0.457437 0.887983 0.483955 0.355123 1 22 1.000000
MarioHand_alb.png
 29 65.128311 11.996615 103.907753 0.058754 0.368265 0.927863 0.487724 0.329793 1 22 1.000000
 29 62.928871 11.543922 104.306419 0.047298 0.457437 0.887983 0.483955 0.355123 1 22 1.000000
 29 65.501045 9.739097 104.111115 0.111370 0.318662 0.941303 0.457099 0.318410 1 22 1.000000
MarioHand_alb.png
 29 62.928871 11.543922 104.306419 0.047298 0.457437 0.887983 0.483955 0.355123 1 22 1.000000
 29 63.272888 7.998653 105.457863 0.115927 0.254068 0.960214 0.432380 0.345754 1 22 1.000000
 29 65.501045 9.739097 104.111115 0.111370 0.318662 0.941303 0.457099 0.318410 1 22 1.000000
MarioHand_alb.png
 29 65.501045 9.739097 104.111115 0.111370 0.318662 0.941303 0.457099 0.318410 1 22 1.000000
 29 63.272888 7.998653 105.457863 0.115927 0.254068 0.960214 0.432380 0.345754 1 22 1.000000
 29 65.559784 6.753955 105.188232 0.119006 0.199488 0.972647 0.414572 0.310140 1 22 1.000000
MarioHand_alb.png
 29 62.928871 11.543922 104.306419 0.047298 0.457437 0.887983 0.483955 0.355123 1 22 1.000000
 29 60.008335 11.418450 104.442001 -0.031278 0.504549 0.862816 0.479072 0.391501 1 22 1.000000
 29 60.365425 7.708312 105.732124 0.013735 0.237123 0.971383 0.427146 0.382696 1 22 1.000000
MarioHand_alb.png
 29 62.928871 11.543922 104.306419 0.047298 0.457437 0.887983 0.483955 0.355123 1 22 1.000000
 29 60.365425 7.708312 105.732124 0.013735 0.237123 0.971383 0.427146 0.382696 1 22 1.000000
 29 63.272888 7.998653 105.457863 0.115927 0.254068 0.960214 0.432380 0.345754 1 22 1.000000
MarioHand_alb.png
 29 63.272888 7.998653 105.457863 0.115927 0.254068 0.960214 0.432380 0.345754 1 22 1.000000
 29 63.304977 4.161115 106.085869 0.113710 0.076411 0.990571 0.380224 0.340810 1 22 1.000000
 29 65.559784 6.753955 105.188232 0.119006 0.199488 0.972647 0.414572 0.310140 1 22 1.000000
MarioHand_alb.png
 29 60.365425 7.708312 105.732124 0.013735 0.237123 0.971383 0.427146 0.382696 1 22 1.000000
 29 63.304977 4.161115 106.085869 0.113710 0.076411 0.990571 0.380224 0.340810 1 22 1.000000
 29 63.272888 7.998653 105.457863 0.115927 0.254068 0.960214 0.432380 0.345754 1 22 1.000000
MarioHand_alb.png
 29 65.559784 6.753955 105.188232 0.119006 0.199488 0.972647 0.414572 0.310140 1 22 1.000000
 29 63.304977 4.161115 106.085869 0.113710 0.076411 0.990571 0.380224 0.340810 1 22 1.000000
 29 65.804329 3.520475 105.515320 0.223499 0.064552 0.972564 0.370718 0.305089 1 22 1.000000
MarioHand_alb.png
 29 63.304977 4.161115 106.085869 0.113710 0.076411 0.990571 0.380224 0.340810 1 22 1.000000
 29 65.698730 0.337868 105.534775 0.109836 -0.103681 0.988527 0.328939 0.303883 1 22 1.000000
 29 65.804329 3.520475 105.515320 0.223499 0.064552 0.972564 0.370718 0.305089 1 22 1.000000
MarioHand_alb.png
 29 60.008335 11.418450 104.442001 -0.031278 0.504549 0.862816 0.479072 0.391501 1 22 1.000000
 29 57.260319 7.564303 105.729698 -0.070567 0.221143 0.972685 0.422675 0.424262 1 22 1.000000
 29 60.365425 7.708312 105.732124 0.013735 0.237123 0.971383 0.427146 0.382696 1 22 1.000000
MarioHand_alb.png
 29 60.008335 11.418450 104.442001 -0.031278 0.504549 0.862816 0.479072 0.391501 1 22 1.000000
 29 56.790443 11.092913 104.456444 -0.111778 0.536858 0.836235 0.471458 0.433967 1 22 1.000000
 29 57.260319 7.564303 105.729698 -0.070567 0.221143 0.972685 0.422675 0.424262 1 22 1.000000
MarioHand_alb.png
 29 60.365425 7.708312 105.732124 0.013735 0.237123 0.971383 0.427146 0.382696 1 22 1.000000
 29 60.673012 4.065640 106.277756 0.009921 0.058764 0.998223 0.378058 0.376608 1 22 1.000000
 29 63.304977 4.161115 106.085869 0.113710 0.076411 0.990571 0.380224 0.340810 1 22 1.000000
MarioHand_alb.png
 29 56.790443 11.092913 104.456444 -0.111778 0.536858 0.836235 0.471458 0.433967 1 22 1.000000
 29 54.061317 7.393639 105.414925 -0.174007 0.215600 0.960853 0.418769 0.467338 1 22 1.000000
 29 57.260319 7.564303 105.729698 -0.070567 0.221143 0.972685 0.422675 0.424262 1 22 1.000000
MarioHand_alb.png
 29 56.790443 11.092913 104.456444 -0.111778 0.536858 0.836235 0.471458 0.433967 1 22 1.000000
 29 53.869514 10.703904 104.202827 -0.228484 0.551089 0.802556 0.464836 0.472633 1 22 1.000000
 29 54.061317 7.393639 105.414925 -0.174007 0.215600 0.960853 0.418769 0.467338 1 22 1.000000
MarioHand_alb.png
 29 53.869514 10.703904 104.202827 -0.228484 0.551089 0.802556 0.464836 0.472633 1 22 1.000000
 29 51.428913 7.090026 104.809433 -0.291348 0.240439 0.925908 0.414908 0.503975 1 22 1.000000
 29 54.061317 7.393639 105.414925 -0.174007 0.215600 0.960853 0.418769 0.467338 1 22 1.000000
MarioHand_alb.png
 29 60.365425 7.708312 105.732124 0.013735 0.237123 0.971383 0.427146 0.382696 1 22 1.000000
 29 57.260319 7.564303 105.729698 -0.070567 0.221143 0.972685 0.422675 0.424262 1 22 1.000000
 29 57.411522 3.917519 106.140877 -0.083898 0.027410 0.996097 0.374609 0.419944 1 22 1.000000
MarioHand_alb.png
 29 57.260319 7.564303 105.729698 -0.070567 0.221143 0.972685 0.422675 0.424262 1 22 1.000000
 29 54.061317 7.393639 105.414925 -0.174007 0.215600 0.960853 0.418769 0.467338 1 22 1.000000
 29 57.411522 3.917519 106.140877 -0.083898 0.027410 0.996097 0.374609 0.419944 1 22 1.000000
MarioHand_alb.png
 29 60.365425 7.708312 105.732124 0.013735 0.237123 0.971383 0.427146 0.382696 1 22 1.000000
 29 57.411522 3.917519 106.140877 -0.083898 0.027410 0.996097 0.374609 0.419944 1 22 1.000000
 29 60.673012 4.065640 106.277756 0.009921 0.058764 0.998223 0.378058 0.376608 1 22 1.000000
MarioHand_alb.png
 29 54.061317 7.393639 105.414925 -0.174007 0.215600 0.960853 0.418769 0.467338 1 22 1.000000
 29 51.428913 7.090026 104.809433 -0.291348 0.240439 0.925908 0.414908 0.503975 1 22 1.000000
 29 54.173664 3.696593 105.728462 -0.160563 0.001907 0.987024 0.369955 0.464149 1 22 1.000000
MarioHand_alb.png
 29 57.411522 3.917519 106.140877 -0.083898 0.027410 0.996097 0.374609 0.419944 1 22 1.000000
 29 54.061317 7.393639 105.414925 -0.174007 0.215600 0.960853 0.418769 0.467338 1 22 1.000000
 29 54.173664 3.696593 105.728462 -0.160563 0.001907 0.987024 0.369955 0.464149 1 22 1.000000
MarioHand_alb.png
 29 54.173664 3.696593 105.728462 -0.160563 0.001907 0.987024 0.369955 0.464149 1 22 1.000000
 29 51.428913 7.090026 104.809433 -0.291348 0.240439 0.925908 0.414908 0.503975 1 22 1.000000
 29 51.494305 3.598825 105.257225 -0.240728 -0.009776 0.970543 0.367361 0.501091 1 22 1.000000
MarioHand_alb.png
 29 51.428913 7.090026 104.809433 -0.291348 0.240439 0.925908 0.414908 0.503975 1 22 1.000000
 29 49.160122 3.669013 104.654579 -0.038902 0.003909 0.999235 0.367300 0.533974 1 22 1.000000
 29 51.494305 3.598825 105.257225 -0.240728 -0.009776 0.970543 0.367361 0.501091 1 22 1.000000
MarioHand_alb.png
 29 57.411522 3.917519 106.140877 -0.083898 0.027410 0.996097 0.374609 0.419944 1 22 1.000000
 29 54.173664 3.696593 105.728462 -0.160563 0.001907 0.987024 0.369955 0.464149 1 22 1.000000
 29 57.442070 0.657047 105.916069 -0.109867 -0.133149 0.984988 0.331746 0.418189 1 22 1.000000
MarioHand_alb.png
 29 51.494305 3.598825 105.257225 -0.240728 -0.009776 0.970543 0.367361 0.501091 1 22 1.000000
 29 49.160122 3.669013 104.654579 -0.038902 0.003909 0.999235 0.367300 0.533974 1 22 1.000000
 29 51.566525 0.607700 104.789070 -0.240639 -0.193571 0.951117 0.326329 0.499443 1 22 1.000000
MarioHand_alb.png
 29 49.160122 3.669013 104.654579 -0.038902 0.003909 0.999235 0.367300 0.533974 1 22 1.000000
 29 49.153866 0.288224 103.995399 0.049224 -0.305565 0.950898 0.318761 0.533455 1 22 1.000000
 29 51.566525 0.607700 104.789070 -0.240639 -0.193571 0.951117 0.326329 0.499443 1 22 1.000000
MarioHand_alb.png
 29 54.173664 3.696593 105.728462 -0.160563 0.001907 0.987024 0.369955 0.464149 1 22 1.000000
 29 51.494305 3.598825 105.257225 -0.240728 -0.009776 0.970543 0.367361 0.501091 1 22 1.000000
 29 54.250473 0.664012 105.425797 -0.172065 -0.154646 0.972871 0.329656 0.462028 1 22 1.000000
MarioHand_alb.png
 29 51.494305 3.598825 105.257225 -0.240728 -0.009776 0.970543 0.367361 0.501091 1 22 1.000000
 29 51.566525 0.607700 104.789070 -0.240639 -0.193571 0.951117 0.326329 0.499443 1 22 1.000000
 29 54.250473 0.664012 105.425797 -0.172065 -0.154646 0.972871 0.329656 0.462028 1 22 1.000000
MarioHand_alb.png
 29 54.173664 3.696593 105.728462 -0.160563 0.001907 0.987024 0.369955 0.464149 1 22 1.000000
 29 54.250473 0.664012 105.425797 -0.172065 -0.154646 0.972871 0.329656 0.462028 1 22 1.000000
 29 57.442070 0.657047 105.916069 -0.109867 -0.133149 0.984988 0.331746 0.418189 1 22 1.000000
MarioHand_alb.png
 29 51.566525 0.607700 104.789070 -0.240639 -0.193571 0.951117 0.326329 0.499443 1 22 1.000000
 29 49.153866 0.288224 103.995399 0.049224 -0.305565 0.950898 0.318761 0.533455 1 22 1.000000
 29 51.531204 -1.940191 103.899521 -0.346440 -0.424871 0.836340 0.289647 0.499779 1 22 1.000000
MarioHand_alb.png
 29 49.153866 0.288224 103.995399 0.049224 -0.305565 0.950898 0.318761 0.533455 1 22 1.000000
 29 49.153862 -2.597459 102.210899 0.050729 -0.666508 0.743770 0.270665 0.536034 1 22 1.000000
 29 51.531204 -1.940191 103.899521 -0.346440 -0.424871 0.836340 0.289647 0.499779 1 22 1.000000
MarioHand_alb.png
 29 54.250473 0.664012 105.425797 -0.172065 -0.154646 0.972871 0.329656 0.462028 1 22 1.000000
 29 51.566525 0.607700 104.789070 -0.240639 -0.193571 0.951117 0.326329 0.499443 1 22 1.000000
 29 54.258968 -1.967412 104.733238 -0.219292 -0.307354 0.925983 0.293660 0.461326 1 22 1.000000
MarioHand_alb.png
 29 51.566525 0.607700 104.789070 -0.240639 -0.193571 0.951117 0.326329 0.499443 1 22 1.000000
 29 51.531204 -1.940191 103.899521 -0.346440 -0.424871 0.836340 0.289647 0.499779 1 22 1.000000
 29 54.258968 -1.967412 104.733238 -0.219292 -0.307354 0.925983 0.293660 0.461326 1 22 1.000000
MarioHand_alb.png
 29 51.531204 -1.940191 103.899521 -0.346440 -0.424871 0.836340 0.289647 0.499779 1 22 1.000000
 29 49.153862 -2.597459 102.210899 0.050729 -0.666508 0.743770 0.270665 0.536034 1 22 1.000000
 29 51.576797 -4.334665 102.283020 -0.450549 -0.624607 0.637864 0.250446 0.500832 1 22 1.000000
MarioHand_alb.png
 29 49.153862 -2.597459 102.210899 0.050729 -0.666508 0.743770 0.270665 0.536034 1 22 1.000000
 29 49.153862 -4.492933 99.494171 -0.033188 -0.895019 0.444792 0.224308 0.543908 1 22 1.000000
 29 51.576797 -4.334665 102.283020 -0.450549 -0.624607 0.637864 0.250446 0.500832 1 22 1.000000
MarioHand_alb.png
 29 54.258968 -1.967412 104.733238 -0.219292 -0.307354 0.925983 0.293660 0.461326 1 22 1.000000
 29 51.531204 -1.940191 103.899521 -0.346440 -0.424871 0.836340 0.289647 0.499779 1 22 1.000000
 29 54.218437 -4.587863 103.566360 -0.307512 -0.538624 0.784424 0.255756 0.461769 1 22 1.000000
MarioHand_alb.png
 29 51.531204 -1.940191 103.899521 -0.346440 -0.424871 0.836340 0.289647 0.499779 1 22 1.000000
 29 51.576797 -4.334665 102.283020 -0.450549 -0.624607 0.637864 0.250446 0.500832 1 22 1.000000
 29 54.218437 -4.587863 103.566360 -0.307512 -0.538624 0.784424 0.255756 0.461769 1 22 1.000000
MarioHand_alb.png
 29 54.250473 0.664012 105.425797 -0.172065 -0.154646 0.972871 0.329656 0.462028 1 22 1.000000
 29 54.258968 -1.967412 104.733238 -0.219292 -0.307354 0.925983 0.293660 0.461326 1 22 1.000000
 29 57.304020 -2.193831 105.318298 -0.140749 -0.289675 0.946720 0.293553 0.419318 1 22 1.000000
MarioHand_alb.png
 29 57.442070 0.657047 105.916069 -0.109867 -0.133149 0.984988 0.331746 0.418189 1 22 1.000000
 29 54.250473 0.664012 105.425797 -0.172065 -0.154646 0.972871 0.329656 0.462028 1 22 1.000000
 29 57.304020 -2.193831 105.318298 -0.140749 -0.289675 0.946720 0.293553 0.419318 1 22 1.000000
MarioHand_alb.png
 29 54.258968 -1.967412 104.733238 -0.219292 -0.307354 0.925983 0.293660 0.461326 1 22 1.000000
 29 54.218437 -4.587863 103.566360 -0.307512 -0.538624 0.784424 0.255756 0.461769 1 22 1.000000
 29 56.996010 -5.040452 104.183273 -0.183831 -0.527942 0.829146 0.253574 0.423453 1 22 1.000000
MarioHand_alb.png
 29 57.304020 -2.193831 105.318298 -0.140749 -0.289675 0.946720 0.293553 0.419318 1 22 1.000000
 29 54.258968 -1.967412 104.733238 -0.219292 -0.307354 0.925983 0.293660 0.461326 1 22 1.000000
 29 56.996010 -5.040452 104.183273 -0.183831 -0.527942 0.829146 0.253574 0.423453 1 22 1.000000
MarioHand_alb.png
 29 54.218437 -4.587863 103.566360 -0.307512 -0.538624 0.784424 0.255756 0.461769 1 22 1.000000
 29 51.576797 -4.334665 102.283020 -0.450549 -0.624607 0.637864 0.250446 0.500832 1 22 1.000000
 29 53.649517 -6.697956 101.024269 -0.375715 -0.723584 0.579020 0.213260 0.473793 1 22 1.000000
MarioHand_alb.png
 29 57.442070 0.657047 105.916069 -0.109867 -0.133149 0.984988 0.331746 0.418189 1 22 1.000000
 29 57.304020 -2.193831 105.318298 -0.140749 -0.289675 0.946720 0.293553 0.419318 1 22 1.000000
 29 60.412910 -2.383395 105.545792 -0.040815 -0.285752 0.957434 0.291997 0.377310 1 22 1.000000
MarioHand_alb.png
 29 56.996010 -5.040452 104.183273 -0.183831 -0.527942 0.829146 0.253574 0.423453 1 22 1.000000
 29 54.218437 -4.587863 103.566360 -0.307512 -0.538624 0.784424 0.255756 0.461769 1 22 1.000000
 29 56.542084 -7.441603 101.930939 -0.218979 -0.726273 0.651595 0.211231 0.432349 1 22 1.000000
MarioHand_alb.png
 29 54.218437 -4.587863 103.566360 -0.307512 -0.538624 0.784424 0.255756 0.461769 1 22 1.000000
 29 53.649517 -6.697956 101.024269 -0.375715 -0.723584 0.579020 0.213260 0.473793 1 22 1.000000
 29 56.542084 -7.441603 101.930939 -0.218979 -0.726273 0.651595 0.211231 0.432349 1 22 1.000000
MarioHand_alb.png
 29 57.304020 -2.193831 105.318298 -0.140749 -0.289675 0.946720 0.293553 0.419318 1 22 1.000000
 29 56.996010 -5.040452 104.183273 -0.183831 -0.527942 0.829146 0.253574 0.423453 1 22 1.000000
 29 60.286224 -5.224834 104.416504 -0.062560 -0.513165 0.856007 0.251514 0.379675 1 22 1.000000
MarioHand_alb.png
 29 60.412910 -2.383395 105.545792 -0.040815 -0.285752 0.957434 0.291997 0.377310 1 22 1.000000
 29 57.304020 -2.193831 105.318298 -0.140749 -0.289675 0.946720 0.293553 0.419318 1 22 1.000000
 29 60.286224 -5.224834 104.416504 -0.062560 -0.513165 0.856007 0.251514 0.379675 1 22 1.000000
MarioHand_alb.png
 29 56.996010 -5.040452 104.183273 -0.183831 -0.527942 0.829146 0.253574 0.423453 1 22 1.000000
 29 56.542084 -7.441603 101.930939 -0.218979 -0.726273 0.651595 0.211231 0.432349 1 22 1.000000
 29 60.031151 -7.636578 102.376762 -0.035095 -0.770656 0.636285 0.209598 0.385321 1 22 1.000000
MarioHand_alb.png
 29 60.286224 -5.224834 104.416504 -0.062560 -0.513165 0.856007 0.251514 0.379675 1 22 1.000000
 29 56.996010 -5.040452 104.183273 -0.183831 -0.527942 0.829146 0.253574 0.423453 1 22 1.000000
 29 60.031151 -7.636578 102.376762 -0.035095 -0.770656 0.636285 0.209598 0.385321 1 22 1.000000
MarioHand_alb.png
 29 56.542084 -7.441603 101.930939 -0.218979 -0.726273 0.651595 0.211231 0.432349 1 22 1.000000
 29 53.649517 -6.697956 101.024269 -0.375715 -0.723584 0.579020 0.213260 0.473793 1 22 1.000000
 29 56.052872 -8.766309 99.372955 -0.217431 -0.864099 0.453935 0.174701 0.444327 1 22 1.000000
MarioHand_alb.png
 29 60.031151 -7.636578 102.376762 -0.035095 -0.770656 0.636285 0.209598 0.385321 1 22 1.000000
 29 56.542084 -7.441603 101.930939 -0.218979 -0.726273 0.651595 0.211231 0.432349 1 22 1.000000
 29 56.052872 -8.766309 99.372955 -0.217431 -0.864099 0.453935 0.174701 0.444327 1 22 1.000000
MarioHand_alb.png
 29 51.576797 -4.334665 102.283020 -0.450549 -0.624607 0.637864 0.250446 0.500832 1 22 1.000000
 29 51.084862 -5.996005 99.788780 -0.551596 -0.729549 0.404351 0.211322 0.512932 1 22 1.000000
 29 53.649517 -6.697956 101.024269 -0.375715 -0.723584 0.579020 0.213260 0.473793 1 22 1.000000
MarioHand_alb.png
 29 51.576797 -4.334665 102.283020 -0.450549 -0.624607 0.637864 0.250446 0.500832 1 22 1.000000
 29 49.153862 -4.492933 99.494171 -0.033188 -0.895019 0.444792 0.224308 0.543908 1 22 1.000000
 29 51.084862 -5.996005 99.788780 -0.551596 -0.729549 0.404351 0.211322 0.512932 1 22 1.000000
MarioHand_alb.png
 29 53.649517 -6.697956 101.024269 -0.375715 -0.723584 0.579020 0.213260 0.473793 1 22 1.000000
 29 51.084862 -5.996005 99.788780 -0.551596 -0.729549 0.404351 0.211322 0.512932 1 22 1.000000
 29 53.139912 -8.531209 97.505783 -0.483704 -0.816250 0.315857 0.162081 0.491920 1 22 1.000000
MarioHand_alb.png
 29 53.649517 -6.697956 101.024269 -0.375715 -0.723584 0.579020 0.213260 0.473793 1 22 1.000000
 29 53.139912 -8.531209 97.505783 -0.483704 -0.816250 0.315857 0.162081 0.491920 1 22 1.000000
 29 56.052872 -8.766309 99.372955 -0.217431 -0.864099 0.453935 0.174701 0.444327 1 22 1.000000
MarioHand_alb.png
 29 49.153862 -4.492933 99.494171 -0.033188 -0.895019 0.444792 0.224308 0.543908 1 22 1.000000
 29 50.661953 -7.043684 95.723648 -0.702284 -0.708578 0.068664 0.158923 0.534676 1 22 1.000000
 29 51.084862 -5.996005 99.788780 -0.551596 -0.729549 0.404351 0.211322 0.512932 1 22 1.000000
MarioHand_alb.png
 29 51.084862 -5.996005 99.788780 -0.551596 -0.729549 0.404351 0.211322 0.512932 1 22 1.000000
 29 50.661953 -7.043684 95.723648 -0.702284 -0.708578 0.068664 0.158923 0.534676 1 22 1.000000
 29 53.139912 -8.531209 97.505783 -0.483704 -0.816250 0.315857 0.162081 0.491920 1 22 1.000000
MarioHand_alb.png
 29 49.153862 -4.492933 99.494171 -0.033188 -0.895019 0.444792 0.224308 0.543908 1 22 1.000000
 29 49.153862 -5.193117 96.311356 -0.091929 -0.995671 0.013732 0.181735 0.558999 1 22 1.000000
 29 50.661953 -7.043684 95.723648 -0.702284 -0.708578 0.068664 0.158923 0.534676 1 22 1.000000
MarioHand_alb.png
 29 50.661953 -7.043684 95.723648 -0.702284 -0.708578 0.068664 0.158923 0.534676 1 22 1.000000
 29 49.153862 -5.193117 96.311356 -0.091929 -0.995671 0.013732 0.181735 0.558999 1 22 1.000000
 29 49.153862 -4.494936 93.128540 -0.252534 -0.892451 -0.373841 0.146151 0.585962 1 22 1.000000
MarioHand_alb.png
 29 50.661953 -7.043684 95.723648 -0.702284 -0.708578 0.068664 0.158923 0.534676 1 22 1.000000
 29 49.153862 -4.494936 93.128540 -0.252534 -0.892451 -0.373841 0.146151 0.585962 1 22 1.000000
 29 50.563145 -6.706992 92.293129 -0.761818 -0.621147 -0.183874 0.119387 0.559411 1 22 1.000000
MarioHand_alb.png
 29 50.661953 -7.043684 95.723648 -0.702284 -0.708578 0.068664 0.158923 0.534676 1 22 1.000000
 29 50.563145 -6.706992 92.293129 -0.761818 -0.621147 -0.183874 0.119387 0.559411 1 22 1.000000
 29 52.796352 -8.946208 94.686554 -0.590519 -0.803762 0.072480 0.127489 0.507881 1 22 1.000000
MarioHand_alb.png
 29 53.139912 -8.531209 97.505783 -0.483704 -0.816250 0.315857 0.162081 0.491920 1 22 1.000000
 29 50.661953 -7.043684 95.723648 -0.702284 -0.708578 0.068664 0.158923 0.534676 1 22 1.000000
 29 52.796352 -8.946208 94.686554 -0.590519 -0.803762 0.072480 0.127489 0.507881 1 22 1.000000
MarioHand_alb.png
 29 52.796352 -8.946208 94.686554 -0.590519 -0.803762 0.072480 0.127489 0.507881 1 22 1.000000
 29 50.563145 -6.706992 92.293129 -0.761818 -0.621147 -0.183874 0.119387 0.559411 1 22 1.000000
 29 52.491539 -8.571442 91.233498 -0.661510 -0.712916 -0.232711 0.087922 0.533257 1 22 1.000000
MarioHand_alb.png
 29 53.139912 -8.531209 97.505783 -0.483704 -0.816250 0.315857 0.162081 0.491920 1 22 1.000000
 29 52.796352 -8.946208 94.686554 -0.590519 -0.803762 0.072480 0.127489 0.507881 1 22 1.000000
 29 55.905205 -10.122442 96.542633 -0.360122 -0.855385 0.372329 0.134386 0.459648 1 22 1.000000
MarioHand_alb.png
 29 56.052872 -8.766309 99.372955 -0.217431 -0.864099 0.453935 0.174701 0.444327 1 22 1.000000
 29 53.139912 -8.531209 97.505783 -0.483704 -0.816250 0.315857 0.162081 0.491920 1 22 1.000000
 29 55.905205 -10.122442 96.542633 -0.360122 -0.855385 0.372329 0.134386 0.459648 1 22 1.000000
MarioHand_alb.png
 29 52.796352 -8.946208 94.686554 -0.590519 -0.803762 0.072480 0.127489 0.507881 1 22 1.000000
 29 52.491539 -8.571442 91.233498 -0.661510 -0.712916 -0.232711 0.087922 0.533257 1 22 1.000000
 29 55.230701 -10.546227 93.878334 -0.547426 -0.823523 0.148778 0.100938 0.476234 1 22 1.000000
MarioHand_alb.png
 29 55.905205 -10.122442 96.542633 -0.360122 -0.855385 0.372329 0.134386 0.459648 1 22 1.000000
 29 52.796352 -8.946208 94.686554 -0.590519 -0.803762 0.072480 0.127489 0.507881 1 22 1.000000
 29 55.230701 -10.546227 93.878334 -0.547426 -0.823523 0.148778 0.100938 0.476234 1 22 1.000000
MarioHand_alb.png
 29 55.230701 -10.546227 93.878334 -0.547426 -0.823523 0.148778 0.100938 0.476234 1 22 1.000000
 29 52.491539 -8.571442 91.233498 -0.661510 -0.712916 -0.232711 0.087922 0.533257 1 22 1.000000
 29 54.780865 -10.398161 90.697601 -0.632116 -0.741697 -0.224311 0.063996 0.499779 1 22 1.000000
MarioHand_alb.png
 29 55.230701 -10.546227 93.878334 -0.547426 -0.823523 0.148778 0.100938 0.476234 1 22 1.000000
 29 54.780865 -10.398161 90.697601 -0.632116 -0.741697 -0.224311 0.063996 0.499779 1 22 1.000000
 29 56.569305 -11.986382 90.516418 -0.675939 -0.718472 -0.164026 0.046311 0.466056 1 22 1.000000
MarioHand_alb.png
 29 59.102711 -9.234436 98.809486 0.091932 -0.892047 0.442495 0.159213 0.405127 1 22 1.000000
 29 56.052872 -8.766309 99.372955 -0.217431 -0.864099 0.453935 0.174701 0.444327 1 22 1.000000
 29 55.905205 -10.122442 96.542633 -0.360122 -0.855385 0.372329 0.134386 0.459648 1 22 1.000000
MarioHand_alb.png
 29 60.031151 -7.636578 102.376762 -0.035095 -0.770656 0.636285 0.209598 0.385321 1 22 1.000000
 29 56.052872 -8.766309 99.372955 -0.217431 -0.864099 0.453935 0.174701 0.444327 1 22 1.000000
 29 59.102711 -9.234436 98.809486 0.091932 -0.892047 0.442495 0.159213 0.405127 1 22 1.000000
MarioHand_alb.png
 29 58.325489 -11.918154 94.983521 -0.168227 -0.845617 0.506588 0.103441 0.430396 1 22 1.000000
 29 55.905205 -10.122442 96.542633 -0.360122 -0.855385 0.372329 0.134386 0.459648 1 22 1.000000
 29 55.230701 -10.546227 93.878334 -0.547426 -0.823523 0.148778 0.100938 0.476234 1 22 1.000000
MarioHand_alb.png
 29 59.102711 -9.234436 98.809486 0.091932 -0.892047 0.442495 0.159213 0.405127 1 22 1.000000
 29 55.905205 -10.122442 96.542633 -0.360122 -0.855385 0.372329 0.134386 0.459648 1 22 1.000000
 29 58.325489 -11.918154 94.983521 -0.168227 -0.845617 0.506588 0.103441 0.430396 1 22 1.000000
MarioHand_alb.png
 29 55.230701 -10.546227 93.878334 -0.547426 -0.823523 0.148778 0.100938 0.476234 1 22 1.000000
 29 56.569305 -11.986382 90.516418 -0.675939 -0.718472 -0.164026 0.046311 0.466056 1 22 1.000000
 29 57.317013 -12.363590 92.975975 -0.573346 -0.790974 0.213622 0.076204 0.446952 1 22 1.000000
MarioHand_alb.png
 29 58.325489 -11.918154 94.983521 -0.168227 -0.845617 0.506588 0.103441 0.430396 1 22 1.000000
 29 55.230701 -10.546227 93.878334 -0.547426 -0.823523 0.148778 0.100938 0.476234 1 22 1.000000
 29 57.317013 -12.363590 92.975975 -0.573346 -0.790974 0.213622 0.076204 0.446952 1 22 1.000000
MarioHand_alb.png
 29 58.709030 -13.860849 91.214188 -0.563783 -0.823550 0.062558 0.047776 0.428840 1 22 1.000000
 29 56.569305 -11.986382 90.516418 -0.675939 -0.718472 -0.164026 0.046311 0.466056 1 22 1.000000
 29 58.369011 -13.274328 89.271484 -0.608820 -0.688738 -0.393673 0.023697 0.441871 1 22 1.000000
MarioHand_alb.png
 29 57.317013 -12.363590 92.975975 -0.573346 -0.790974 0.213622 0.076204 0.446952 1 22 1.000000
 29 56.569305 -11.986382 90.516418 -0.675939 -0.718472 -0.164026 0.046311 0.466056 1 22 1.000000
 29 58.709030 -13.860849 91.214188 -0.563783 -0.823550 0.062558 0.047776 0.428840 1 22 1.000000
MarioHand_alb.png
 29 59.346321 -13.654352 92.971268 -0.332657 -0.791491 0.512719 0.070771 0.417075 1 22 1.000000
 29 57.317013 -12.363590 92.975975 -0.573346 -0.790974 0.213622 0.076204 0.446952 1 22 1.000000
 29 58.709030 -13.860849 91.214188 -0.563783 -0.823550 0.062558 0.047776 0.428840 1 22 1.000000
MarioHand_alb.png
 29 58.325489 -11.918154 94.983521 -0.168227 -0.845617 0.506588 0.103441 0.430396 1 22 1.000000
 29 57.317013 -12.363590 92.975975 -0.573346 -0.790974 0.213622 0.076204 0.446952 1 22 1.000000
 29 59.346321 -13.654352 92.971268 -0.332657 -0.791491 0.512719 0.070771 0.417075 1 22 1.000000
MarioHand_alb.png
 29 58.325489 -11.918154 94.983521 -0.168227 -0.845617 0.506588 0.103441 0.430396 1 22 1.000000
 29 59.346321 -13.654352 92.971268 -0.332657 -0.791491 0.512719 0.070771 0.417075 1 22 1.000000
 29 60.355053 -12.281630 94.361465 0.062565 -0.530469 0.845393 0.092897 0.401892 1 22 1.000000
MarioHand_alb.png
 29 61.294182 -10.395634 95.038986 0.481062 -0.639477 0.599707 0.112230 0.383856 1 22 1.000000
 29 58.325489 -11.918154 94.983521 -0.168227 -0.845617 0.506588 0.103441 0.430396 1 22 1.000000
 29 60.355053 -12.281630 94.361465 0.062565 -0.530469 0.845393 0.092897 0.401892 1 22 1.000000
MarioHand_alb.png
 29 59.102711 -9.234436 98.809486 0.091932 -0.892047 0.442495 0.159213 0.405127 1 22 1.000000
 29 58.325489 -11.918154 94.983521 -0.168227 -0.845617 0.506588 0.103441 0.430396 1 22 1.000000
 29 61.294182 -10.395634 95.038986 0.481062 -0.639477 0.599707 0.112230 0.383856 1 22 1.000000
MarioHand_alb.png
 29 61.294182 -10.395634 95.038986 0.481062 -0.639477 0.599707 0.112230 0.383856 1 22 1.000000
 29 63.423073 -8.390337 93.801964 0.968839 -0.140939 0.203685 0.100038 0.344030 1 22 1.000000
 29 63.862984 -7.845394 95.706291 0.833139 -0.526243 -0.170137 0.121752 0.337270 1 22 1.000000
MarioHand_alb.png
 29 62.194977 -8.840482 97.151047 0.443635 -0.863809 0.238792 0.141619 0.364279 1 22 1.000000
 29 61.294182 -10.395634 95.038986 0.481062 -0.639477 0.599707 0.112230 0.383856 1 22 1.000000
 29 63.862984 -7.845394 95.706291 0.833139 -0.526243 -0.170137 0.121752 0.337270 1 22 1.000000
MarioHand_alb.png
 29 59.102711 -9.234436 98.809486 0.091932 -0.892047 0.442495 0.159213 0.405127 1 22 1.000000
 29 61.294182 -10.395634 95.038986 0.481062 -0.639477 0.599707 0.112230 0.383856 1 22 1.000000
 29 62.194977 -8.840482 97.151047 0.443635 -0.863809 0.238792 0.141619 0.364279 1 22 1.000000
MarioHand_alb.png
 29 62.194977 -8.840482 97.151047 0.443635 -0.863809 0.238792 0.141619 0.364279 1 22 1.000000
 29 63.862984 -7.845394 95.706291 0.833139 -0.526243 -0.170137 0.121752 0.337270 1 22 1.000000
 29 65.061844 -7.899656 97.629257 0.227371 -0.780635 -0.582162 0.151095 0.315785 1 22 1.000000
MarioHand_alb.png
 29 62.282272 -8.145994 99.770645 0.111390 -0.963127 0.244906 0.176455 0.352682 1 22 1.000000
 29 59.102711 -9.234436 98.809486 0.091932 -0.892047 0.442495 0.159213 0.405127 1 22 1.000000
 29 62.194977 -8.840482 97.151047 0.443635 -0.863809 0.238792 0.141619 0.364279 1 22 1.000000
MarioHand_alb.png
 29 62.282272 -8.145994 99.770645 0.111390 -0.963127 0.244906 0.176455 0.352682 1 22 1.000000
 29 62.194977 -8.840482 97.151047 0.443635 -0.863809 0.238792 0.141619 0.364279 1 22 1.000000
 29 65.061844 -7.899656 97.629257 0.227371 -0.780635 -0.582162 0.151095 0.315785 1 22 1.000000
MarioHand_alb.png
 29 60.031151 -7.636578 102.376762 -0.035095 -0.770656 0.636285 0.209598 0.385321 1 22 1.000000
 29 59.102711 -9.234436 98.809486 0.091932 -0.892047 0.442495 0.159213 0.405127 1 22 1.000000
 29 62.282272 -8.145994 99.770645 0.111390 -0.963127 0.244906 0.176455 0.352682 1 22 1.000000
MarioHand_alb.png
 29 62.282272 -8.145994 99.770645 0.111390 -0.963127 0.244906 0.176455 0.352682 1 22 1.000000
 29 65.061844 -7.899656 97.629257 0.227371 -0.780635 -0.582162 0.151095 0.315785 1 22 1.000000
 29 64.883324 -8.246508 99.972008 -0.101471 -0.993820 0.045013 0.182452 0.315709 1 22 1.000000
MarioHand_alb.png
 29 60.031151 -7.636578 102.376762 -0.035095 -0.770656 0.636285 0.209598 0.385321 1 22 1.000000
 29 62.282272 -8.145994 99.770645 0.111390 -0.963127 0.244906 0.176455 0.352682 1 22 1.000000
 29 62.863113 -7.406099 102.716263 -0.013734 -0.824203 0.566127 0.214893 0.346059 1 22 1.000000
MarioHand_alb.png
 29 62.863113 -7.406099 102.716263 -0.013734 -0.824203 0.566127 0.214893 0.346059 1 22 1.000000
 29 62.282272 -8.145994 99.770645 0.111390 -0.963127 0.244906 0.176455 0.352682 1 22 1.000000
 29 64.883324 -8.246508 99.972008 -0.101471 -0.993820 0.045013 0.182452 0.315709 1 22 1.000000
MarioHand_alb.png
 29 62.863113 -7.406099 102.716263 -0.013734 -0.824203 0.566127 0.214893 0.346059 1 22 1.000000
 29 64.883324 -8.246508 99.972008 -0.101471 -0.993820 0.045013 0.182452 0.315709 1 22 1.000000
 29 65.132019 -7.639612 102.380402 -0.119014 -0.868385 0.481398 0.214389 0.313329 1 22 1.000000
MarioHand_alb.png
 29 60.286224 -5.224834 104.416504 -0.062560 -0.513165 0.856007 0.251514 0.379675 1 22 1.000000
 29 60.031151 -7.636578 102.376762 -0.035095 -0.770656 0.636285 0.209598 0.385321 1 22 1.000000
 29 62.863113 -7.406099 102.716263 -0.013734 -0.824203 0.566127 0.214893 0.346059 1 22 1.000000
MarioHand_alb.png
 29 65.573318 -5.793909 103.777527 0.054922 -0.440043 0.896296 0.247776 0.308751 1 22 1.000000
 29 62.863113 -7.406099 102.716263 -0.013734 -0.824203 0.566127 0.214893 0.346059 1 22 1.000000
 29 65.132019 -7.639612 102.380402 -0.119014 -0.868385 0.481398 0.214389 0.313329 1 22 1.000000
MarioHand_alb.png
 29 60.286224 -5.224834 104.416504 -0.062560 -0.513165 0.856007 0.251514 0.379675 1 22 1.000000
 29 62.863113 -7.406099 102.716263 -0.013734 -0.824203 0.566127 0.214893 0.346059 1 22 1.000000
 29 63.109558 -5.354327 104.358978 0.025183 -0.499173 0.866136 0.250080 0.342580 1 22 1.000000
MarioHand_alb.png
 29 65.573318 -5.793909 103.777527 0.054922 -0.440043 0.896296 0.247776 0.308751 1 22 1.000000
 29 63.109558 -5.354327 104.358978 0.025183 -0.499173 0.866136 0.250080 0.342580 1 22 1.000000
 29 62.863113 -7.406099 102.716263 -0.013734 -0.824203 0.566127 0.214893 0.346059 1 22 1.000000
MarioHand_alb.png
 29 63.242180 -2.584131 105.479340 0.076297 -0.285828 0.955239 0.290410 0.340825 1 22 1.000000
 29 60.286224 -5.224834 104.416504 -0.062560 -0.513165 0.856007 0.251514 0.379675 1 22 1.000000
 29 63.109558 -5.354327 104.358978 0.025183 -0.499173 0.866136 0.250080 0.342580 1 22 1.000000
MarioHand_alb.png
 29 63.242180 -2.584131 105.479340 0.076297 -0.285828 0.955239 0.290410 0.340825 1 22 1.000000
 29 63.109558 -5.354327 104.358978 0.025183 -0.499173 0.866136 0.250080 0.342580 1 22 1.000000
 29 65.573318 -5.793909 103.777527 0.054922 -0.440043 0.896296 0.247776 0.308751 1 22 1.000000
MarioHand_alb.png
 29 66.057907 -2.858260 104.745010 0.242607 -0.305285 0.920838 0.286763 0.302037 1 22 1.000000
 29 63.242180 -2.584131 105.479340 0.076297 -0.285828 0.955239 0.290410 0.340825 1 22 1.000000
 29 65.573318 -5.793909 103.777527 0.054922 -0.440043 0.896296 0.247776 0.308751 1 22 1.000000
MarioHand_alb.png
 29 60.412910 -2.383395 105.545792 -0.040815 -0.285752 0.957434 0.291997 0.377310 1 22 1.000000
 29 60.286224 -5.224834 104.416504 -0.062560 -0.513165 0.856007 0.251514 0.379675 1 22 1.000000
 29 63.242180 -2.584131 105.479340 0.076297 -0.285828 0.955239 0.290410 0.340825 1 22 1.000000
MarioHand_alb.png
 29 65.698730 0.337868 105.534775 0.109836 -0.103681 0.988527 0.328939 0.303883 1 22 1.000000
 29 63.242180 -2.584131 105.479340 0.076297 -0.285828 0.955239 0.290410 0.340825 1 22 1.000000
 29 66.057907 -2.858260 104.745010 0.242607 -0.305285 0.920838 0.286763 0.302037 1 22 1.000000
MarioHand_alb.png
 29 63.213486 0.424311 106.056335 0.091527 -0.099843 0.990785 0.330449 0.340002 1 22 1.000000
 29 63.242180 -2.584131 105.479340 0.076297 -0.285828 0.955239 0.290410 0.340825 1 22 1.000000
 29 65.698730 0.337868 105.534775 0.109836 -0.103681 0.988527 0.328939 0.303883 1 22 1.000000
MarioHand_alb.png
 29 63.213486 0.424311 106.056335 0.091527 -0.099843 0.990785 0.330449 0.340002 1 22 1.000000
 29 60.412910 -2.383395 105.545792 -0.040815 -0.285752 0.957434 0.291997 0.377310 1 22 1.000000
 29 63.242180 -2.584131 105.479340 0.076297 -0.285828 0.955239 0.290410 0.340825 1 22 1.000000
MarioHand_alb.png
 29 63.304977 4.161115 106.085869 0.113710 0.076411 0.990571 0.380224 0.340810 1 22 1.000000
 29 63.213486 0.424311 106.056335 0.091527 -0.099843 0.990785 0.330449 0.340002 1 22 1.000000
 29 65.698730 0.337868 105.534775 0.109836 -0.103681 0.988527 0.328939 0.303883 1 22 1.000000
MarioHand_alb.png
 29 60.673012 4.065640 106.277756 0.009921 0.058764 0.998223 0.378058 0.376608 1 22 1.000000
 29 63.213486 0.424311 106.056335 0.091527 -0.099843 0.990785 0.330449 0.340002 1 22 1.000000
 29 63.304977 4.161115 106.085869 0.113710 0.076411 0.990571 0.380224 0.340810 1 22 1.000000
MarioHand_alb.png
 29 60.603313 0.542608 106.168823 -0.017552 -0.111573 0.993601 0.331640 0.375402 1 22 1.000000
 29 60.412910 -2.383395 105.545792 -0.040815 -0.285752 0.957434 0.291997 0.377310 1 22 1.000000
 29 63.213486 0.424311 106.056335 0.091527 -0.099843 0.990785 0.330449 0.340002 1 22 1.000000
MarioHand_alb.png
 29 60.673012 4.065640 106.277756 0.009921 0.058764 0.998223 0.378058 0.376608 1 22 1.000000
 29 60.603313 0.542608 106.168823 -0.017552 -0.111573 0.993601 0.331640 0.375402 1 22 1.000000
 29 63.213486 0.424311 106.056335 0.091527 -0.099843 0.990785 0.330449 0.340002 1 22 1.000000
MarioHand_alb.png
 29 60.603313 0.542608 106.168823 -0.017552 -0.111573 0.993601 0.331640 0.375402 1 22 1.000000
 29 57.442070 0.657047 105.916069 -0.109867 -0.133149 0.984988 0.331746 0.418189 1 22 1.000000
 29 60.412910 -2.383395 105.545792 -0.040815 -0.285752 0.957434 0.291997 0.377310 1 22 1.000000
MarioHand_alb.png
 29 57.411522 3.917519 106.140877 -0.083898 0.027410 0.996097 0.374609 0.419944 1 22 1.000000
 29 60.603313 0.542608 106.168823 -0.017552 -0.111573 0.993601 0.331640 0.375402 1 22 1.000000
 29 60.673012 4.065640 106.277756 0.009921 0.058764 0.998223 0.378058 0.376608 1 22 1.000000
MarioHand_alb.png
 29 57.411522 3.917519 106.140877 -0.083898 0.027410 0.996097 0.374609 0.419944 1 22 1.000000
 29 57.442070 0.657047 105.916069 -0.109867 -0.133149 0.984988 0.331746 0.418189 1 22 1.000000
 29 60.603313 0.542608 106.168823 -0.017552 -0.111573 0.993601 0.331640 0.375402 1 22 1.000000
MarioHand_alb.png
 29 49.153866 0.286232 88.627319 -0.031275 -0.266123 -0.963432 0.252018 0.893233 1 22 1.000000
 29 48.257687 3.474372 87.442894 0.324907 -0.003909 -0.945738 0.206943 0.908217 1 22 1.000000
 29 49.160374 3.667027 87.968140 0.133154 0.052818 -0.989687 0.206943 0.893233 1 22 1.000000
MarioHand_alb.png
 29 48.257687 -0.119253 88.143578 0.366204 -0.342634 -0.865157 0.252018 0.908217 1 22 1.000000
 29 48.257687 3.474372 87.442894 0.324907 -0.003909 -0.945738 0.206943 0.908217 1 22 1.000000
 29 49.153866 0.286232 88.627319 -0.031275 -0.266123 -0.963432 0.252018 0.893233 1 22 1.000000
MarioHand_alb.png
 29 49.153866 -2.599457 90.411804 -0.308965 -0.635096 -0.707951 0.293767 0.893233 1 22 1.000000
 29 48.257687 -0.119253 88.143578 0.366204 -0.342634 -0.865157 0.252018 0.908217 1 22 1.000000
 29 49.153866 0.286232 88.627319 -0.031275 -0.266123 -0.963432 0.252018 0.893233 1 22 1.000000
MarioHand_alb.png
 29 47.136063 3.405865 87.253021 -0.068644 -0.005816 -0.997624 0.206943 0.924254 1 22 1.000000
 29 48.257687 3.474372 87.442894 0.324907 -0.003909 -0.945738 0.206943 0.908217 1 22 1.000000
 29 48.257687 -0.119253 88.143578 0.366204 -0.342634 -0.865157 0.252018 0.908217 1 22 1.000000
MarioHand_alb.png
 29 49.153866 -2.599457 90.411804 -0.308965 -0.635096 -0.707951 0.293767 0.893233 1 22 1.000000
 29 48.257687 -3.186602 90.040405 0.403191 -0.630010 -0.663720 0.293767 0.908217 1 22 1.000000
 29 48.257687 -0.119253 88.143578 0.366204 -0.342634 -0.865157 0.252018 0.908217 1 22 1.000000
MarioHand_alb.png
 29 49.153862 -4.494936 93.128540 -0.252534 -0.892451 -0.373841 0.337987 0.893233 1 22 1.000000
 29 48.257687 -3.186602 90.040405 0.403191 -0.630010 -0.663720 0.293767 0.908217 1 22 1.000000
 29 49.153866 -2.599457 90.411804 -0.308965 -0.635096 -0.707951 0.293767 0.893233 1 22 1.000000
MarioHand_alb.png
 29 47.136063 3.405865 87.253021 -0.068644 -0.005816 -0.997624 0.206943 0.924254 1 22 1.000000
 29 48.257687 -0.119253 88.143578 0.366204 -0.342634 -0.865157 0.252018 0.908217 1 22 1.000000
 29 47.148880 -0.264701 87.968704 -0.068646 -0.367491 -0.927490 0.252018 0.924254 1 22 1.000000
MarioHand_alb.png
 29 48.257687 -3.186602 90.040405 0.403191 -0.630010 -0.663720 0.293767 0.908217 1 22 1.000000
 29 47.148880 -0.264701 87.968704 -0.068646 -0.367491 -0.927490 0.252018 0.924254 1 22 1.000000
 29 48.257687 -0.119253 88.143578 0.366204 -0.342634 -0.865157 0.252018 0.908217 1 22 1.000000
MarioHand_alb.png
 29 49.153862 -4.494936 93.128540 -0.252534 -0.892451 -0.373841 0.337987 0.893233 1 22 1.000000
 29 48.257683 -5.201406 92.928162 0.430318 -0.827065 -0.361650 0.337987 0.908217 1 22 1.000000
 29 48.257687 -3.186602 90.040405 0.403191 -0.630010 -0.663720 0.293767 0.908217 1 22 1.000000
MarioHand_alb.png
 29 49.153862 -5.193117 96.311356 -0.091929 -0.995671 0.013732 0.389715 0.893233 1 22 1.000000
 29 48.257683 -5.201406 92.928162 0.430318 -0.827065 -0.361650 0.337987 0.908217 1 22 1.000000
 29 49.153862 -4.494936 93.128540 -0.252534 -0.892451 -0.373841 0.337987 0.893233 1 22 1.000000
MarioHand_alb.png
 29 47.159805 -3.397723 89.906158 -0.068666 -0.688734 -0.721755 0.293767 0.924254 1 22 1.000000
 29 47.148880 -0.264701 87.968704 -0.068646 -0.367491 -0.927490 0.252018 0.924254 1 22 1.000000
 29 48.257687 -3.186602 90.040405 0.403191 -0.630010 -0.663720 0.293767 0.908217 1 22 1.000000
MarioHand_alb.png
 29 47.159805 -3.397723 89.906158 -0.068666 -0.688734 -0.721755 0.293767 0.924254 1 22 1.000000
 29 48.257687 -3.186602 90.040405 0.403191 -0.630010 -0.663720 0.293767 0.908217 1 22 1.000000
 29 48.257683 -5.201406 92.928162 0.430318 -0.827065 -0.361650 0.337987 0.908217 1 22 1.000000
MarioHand_alb.png
 29 45.830860 -0.058116 88.302704 -0.508090 -0.310650 -0.803331 0.252018 0.940383 1 22 1.000000
 29 47.136063 3.405865 87.253021 -0.068644 -0.005816 -0.997624 0.206943 0.924254 1 22 1.000000
 29 47.148880 -0.264701 87.968704 -0.068646 -0.367491 -0.927490 0.252018 0.924254 1 22 1.000000
MarioHand_alb.png
 29 45.830860 3.465494 87.615677 -0.505148 0.003911 -0.863024 0.206943 0.940383 1 22 1.000000
 29 47.136063 3.405865 87.253021 -0.068644 -0.005816 -0.997624 0.206943 0.924254 1 22 1.000000
 29 45.830860 -0.058116 88.302704 -0.508090 -0.310650 -0.803331 0.252018 0.940383 1 22 1.000000
MarioHand_alb.png
 29 45.018372 3.410859 88.582153 -0.992323 -0.003911 0.123611 0.206943 0.956008 1 22 1.000000
 29 45.830860 3.465494 87.615677 -0.505148 0.003911 -0.863024 0.206943 0.940383 1 22 1.000000
 29 45.830860 -0.058116 88.302704 -0.508090 -0.310650 -0.803331 0.252018 0.940383 1 22 1.000000
MarioHand_alb.png
 29 45.029301 0.278881 89.192825 -0.991780 0.045009 0.119777 0.252018 0.956008 1 22 1.000000
 29 45.018372 3.410859 88.582153 -0.992323 -0.003911 0.123611 0.206943 0.956008 1 22 1.000000
 29 45.830860 -0.058116 88.302704 -0.508090 -0.310650 -0.803331 0.252018 0.940383 1 22 1.000000
MarioHand_alb.png
 29 45.038631 -2.394428 90.845993 -0.992513 0.084180 0.088495 0.293767 0.956008 1 22 1.000000
 29 45.029301 0.278881 89.192825 -0.991780 0.045009 0.119777 0.252018 0.956008 1 22 1.000000
 29 45.830860 -0.058116 88.302704 -0.508090 -0.310650 -0.803331 0.252018 0.940383 1 22 1.000000
MarioHand_alb.png
 29 45.830860 -0.058116 88.302704 -0.508090 -0.310650 -0.803331 0.252018 0.940383 1 22 1.000000
 29 47.148880 -0.264701 87.968704 -0.068646 -0.367491 -0.927490 0.252018 0.924254 1 22 1.000000
 29 45.830860 -3.065701 90.162590 -0.515761 -0.586120 -0.624864 0.293767 0.940383 1 22 1.000000
MarioHand_alb.png
 29 45.038631 -2.394428 90.845993 -0.992513 0.084180 0.088495 0.293767 0.956008 1 22 1.000000
 29 45.830860 -0.058116 88.302704 -0.508090 -0.310650 -0.803331 0.252018 0.940383 1 22 1.000000
 29 45.830860 -3.065701 90.162590 -0.515761 -0.586120 -0.624864 0.293767 0.940383 1 22 1.000000
MarioHand_alb.png
 29 47.159805 -3.397723 89.906158 -0.068666 -0.688734 -0.721755 0.293767 0.924254 1 22 1.000000
 29 45.830860 -3.065701 90.162590 -0.515761 -0.586120 -0.624864 0.293767 0.940383 1 22 1.000000
 29 47.148880 -0.264701 87.968704 -0.068646 -0.367491 -0.927490 0.252018 0.924254 1 22 1.000000
MarioHand_alb.png
 29 45.044765 -4.150402 93.362770 -0.992556 0.111577 0.048827 0.337987 0.956008 1 22 1.000000
 29 45.038631 -2.394428 90.845993 -0.992513 0.084180 0.088495 0.293767 0.956008 1 22 1.000000
 29 45.830860 -3.065701 90.162590 -0.515761 -0.586120 -0.624864 0.293767 0.940383 1 22 1.000000
MarioHand_alb.png
 29 45.044765 -4.150402 93.362770 -0.992556 0.111577 0.048827 0.337987 0.956008 1 22 1.000000
 29 45.830860 -3.065701 90.162590 -0.515761 -0.586120 -0.624864 0.293767 0.940383 1 22 1.000000
 29 45.830856 -5.041247 92.994072 -0.524500 -0.778453 -0.344835 0.337987 0.940383 1 22 1.000000
MarioHand_alb.png
 29 45.830856 -5.041247 92.994072 -0.524500 -0.778453 -0.344835 0.337987 0.940383 1 22 1.000000
 29 45.830860 -3.065701 90.162590 -0.515761 -0.586120 -0.624864 0.293767 0.940383 1 22 1.000000
 29 47.159805 -3.397723 89.906158 -0.068666 -0.688734 -0.721755 0.293767 0.924254 1 22 1.000000
MarioHand_alb.png
 29 45.047020 -4.799056 96.311371 -0.993320 0.115391 0.000000 0.389715 0.956008 1 22 1.000000
 29 45.044765 -4.150402 93.362770 -0.992556 0.111577 0.048827 0.337987 0.956008 1 22 1.000000
 29 45.830856 -5.041247 92.994072 -0.524500 -0.778453 -0.344835 0.337987 0.940383 1 22 1.000000
MarioHand_alb.png
 29 47.166996 -5.455662 92.855721 -0.068663 -0.915036 -0.397485 0.337987 0.924254 1 22 1.000000
 29 45.830856 -5.041247 92.994072 -0.524500 -0.778453 -0.344835 0.337987 0.940383 1 22 1.000000
 29 47.159805 -3.397723 89.906158 -0.068666 -0.688734 -0.721755 0.293767 0.924254 1 22 1.000000
MarioHand_alb.png
 29 47.166996 -5.455662 92.855721 -0.068663 -0.915036 -0.397485 0.337987 0.924254 1 22 1.000000
 29 47.159805 -3.397723 89.906158 -0.068666 -0.688734 -0.721755 0.293767 0.924254 1 22 1.000000
 29 48.257683 -5.201406 92.928162 0.430318 -0.827065 -0.361650 0.337987 0.908217 1 22 1.000000
MarioHand_alb.png
 29 45.047020 -4.799056 96.311371 -0.993320 0.115391 0.000000 0.389715 0.956008 1 22 1.000000
 29 45.830856 -5.041247 92.994072 -0.524500 -0.778453 -0.344835 0.337987 0.940383 1 22 1.000000
 29 45.830856 -5.771013 96.311371 -0.526798 -0.849991 0.000000 0.389914 0.940383 1 22 1.000000
MarioHand_alb.png
 29 45.830856 -5.771013 96.311371 -0.526798 -0.849991 0.000000 0.389914 0.940383 1 22 1.000000
 29 45.830856 -5.041247 92.994072 -0.524500 -0.778453 -0.344835 0.337987 0.940383 1 22 1.000000
 29 47.166996 -5.455662 92.855721 -0.068663 -0.915036 -0.397485 0.337987 0.924254 1 22 1.000000
MarioHand_alb.png
 29 48.257683 -5.945670 96.311356 0.440219 -0.897890 0.000000 0.389914 0.908217 1 22 1.000000
 29 47.166996 -5.455662 92.855721 -0.068663 -0.915036 -0.397485 0.337987 0.924254 1 22 1.000000
 29 48.257683 -5.201406 92.928162 0.430318 -0.827065 -0.361650 0.337987 0.908217 1 22 1.000000
MarioHand_alb.png
 29 49.153862 -5.193117 96.311356 -0.091929 -0.995671 0.013732 0.389715 0.893233 1 22 1.000000
 29 48.257683 -5.945670 96.311356 0.440219 -0.897890 0.000000 0.389914 0.908217 1 22 1.000000
 29 48.257683 -5.201406 92.928162 0.430318 -0.827065 -0.361650 0.337987 0.908217 1 22 1.000000
MarioHand_alb.png
 29 45.830856 -5.771013 96.311371 -0.526798 -0.849991 0.000000 0.389914 0.940383 1 22 1.000000
 29 47.166996 -5.455662 92.855721 -0.068663 -0.915036 -0.397485 0.337987 0.924254 1 22 1.000000
 29 47.169643 -6.215860 96.311356 -0.068665 -0.997640 0.000000 0.389960 0.924254 1 22 1.000000
MarioHand_alb.png
 29 48.257683 -5.945670 96.311356 0.440219 -0.897890 0.000000 0.389914 0.908217 1 22 1.000000
 29 47.169643 -6.215860 96.311356 -0.068665 -0.997640 0.000000 0.389960 0.924254 1 22 1.000000
 29 47.166996 -5.455662 92.855721 -0.068663 -0.915036 -0.397485 0.337987 0.924254 1 22 1.000000
MarioHand_alb.png
 29 45.047020 -4.799056 96.311371 -0.993320 0.115391 0.000000 0.389715 0.956008 1 22 1.000000
 29 45.830856 -5.771013 96.311371 -0.526798 -0.849991 0.000000 0.389914 0.940383 1 22 1.000000
 29 45.830856 -5.041251 99.628654 -0.524500 -0.778453 0.344835 0.441459 0.940383 1 22 1.000000
MarioHand_alb.png
 29 45.044762 -4.150399 99.259949 -0.992556 0.111577 -0.048827 0.441459 0.956008 1 22 1.000000
 29 45.047020 -4.799056 96.311371 -0.993320 0.115391 0.000000 0.389715 0.956008 1 22 1.000000
 29 45.830856 -5.041251 99.628654 -0.524500 -0.778453 0.344835 0.441459 0.940383 1 22 1.000000
MarioHand_alb.png
 29 47.166996 -5.455664 99.766998 -0.068663 -0.915036 0.397485 0.441459 0.924254 1 22 1.000000
 29 45.830856 -5.771013 96.311371 -0.526798 -0.849991 0.000000 0.389914 0.940383 1 22 1.000000
 29 47.169643 -6.215860 96.311356 -0.068665 -0.997640 0.000000 0.389960 0.924254 1 22 1.000000
MarioHand_alb.png
 29 47.166996 -5.455664 99.766998 -0.068663 -0.915036 0.397485 0.441459 0.924254 1 22 1.000000
 29 47.169643 -6.215860 96.311356 -0.068665 -0.997640 0.000000 0.389960 0.924254 1 22 1.000000
 29 48.257683 -5.945670 96.311356 0.440219 -0.897890 0.000000 0.389914 0.908217 1 22 1.000000
MarioHand_alb.png
 29 45.830856 -5.041251 99.628654 -0.524500 -0.778453 0.344835 0.441459 0.940383 1 22 1.000000
 29 45.830856 -5.771013 96.311371 -0.526798 -0.849991 0.000000 0.389914 0.940383 1 22 1.000000
 29 47.166996 -5.455664 99.766998 -0.068663 -0.915036 0.397485 0.441459 0.924254 1 22 1.000000
MarioHand_alb.png
 29 48.257687 -5.201405 99.694565 0.430679 -0.826550 0.362396 0.441459 0.908217 1 22 1.000000
 29 48.257683 -5.945670 96.311356 0.440219 -0.897890 0.000000 0.389914 0.908217 1 22 1.000000
 29 49.153862 -5.193117 96.311356 -0.091929 -0.995671 0.013732 0.389715 0.893233 1 22 1.000000
MarioHand_alb.png
 29 48.257687 -5.201405 99.694565 0.430679 -0.826550 0.362396 0.441459 0.908217 1 22 1.000000
 29 47.166996 -5.455664 99.766998 -0.068663 -0.915036 0.397485 0.441459 0.924254 1 22 1.000000
 29 48.257683 -5.945670 96.311356 0.440219 -0.897890 0.000000 0.389914 0.908217 1 22 1.000000
MarioHand_alb.png
 29 49.153862 -4.492933 99.494171 -0.033188 -0.895019 0.444792 0.441459 0.893233 1 22 1.000000
 29 48.257687 -5.201405 99.694565 0.430679 -0.826550 0.362396 0.441459 0.908217 1 22 1.000000
 29 49.153862 -5.193117 96.311356 -0.091929 -0.995671 0.013732 0.389715 0.893233 1 22 1.000000
MarioHand_alb.png
 29 45.830856 -5.041251 99.628654 -0.524500 -0.778453 0.344835 0.441459 0.940383 1 22 1.000000
 29 47.166996 -5.455664 99.766998 -0.068663 -0.915036 0.397485 0.441459 0.924254 1 22 1.000000
 29 47.159809 -3.397721 102.716576 -0.068276 -0.688071 0.722424 0.488807 0.924254 1 22 1.000000
MarioHand_alb.png
 29 47.159809 -3.397721 102.716576 -0.068276 -0.688071 0.722424 0.488807 0.924254 1 22 1.000000
 29 47.166996 -5.455664 99.766998 -0.068663 -0.915036 0.397485 0.441459 0.924254 1 22 1.000000
 29 48.257687 -5.201405 99.694565 0.430679 -0.826550 0.362396 0.441459 0.908217 1 22 1.000000
MarioHand_alb.png
 29 45.830856 -3.065702 102.460129 -0.516969 -0.585786 0.624178 0.488807 0.940383 1 22 1.000000
 29 45.044762 -4.150399 99.259949 -0.992556 0.111577 -0.048827 0.441459 0.956008 1 22 1.000000
 29 45.830856 -5.041251 99.628654 -0.524500 -0.778453 0.344835 0.441459 0.940383 1 22 1.000000
MarioHand_alb.png
 29 45.830856 -3.065702 102.460129 -0.516969 -0.585786 0.624178 0.488807 0.940383 1 22 1.000000
 29 45.830856 -5.041251 99.628654 -0.524500 -0.778453 0.344835 0.441459 0.940383 1 22 1.000000
 29 47.159809 -3.397721 102.716576 -0.068276 -0.688071 0.722424 0.488807 0.924254 1 22 1.000000
MarioHand_alb.png
 29 45.038628 -2.394428 101.776726 -0.992519 0.084109 -0.088495 0.488807 0.956008 1 22 1.000000
 29 45.044762 -4.150399 99.259949 -0.992556 0.111577 -0.048827 0.441459 0.956008 1 22 1.000000
 29 45.830856 -3.065702 102.460129 -0.516969 -0.585786 0.624178 0.488807 0.940383 1 22 1.000000
MarioHand_alb.png
 29 48.257687 -3.186603 102.582321 0.403191 -0.630010 0.663720 0.488807 0.908217 1 22 1.000000
 29 48.257687 -5.201405 99.694565 0.430679 -0.826550 0.362396 0.441459 0.908217 1 22 1.000000
 29 49.153862 -4.492933 99.494171 -0.033188 -0.895019 0.444792 0.441459 0.893233 1 22 1.000000
MarioHand_alb.png
 29 47.159809 -3.397721 102.716576 -0.068276 -0.688071 0.722424 0.488807 0.924254 1 22 1.000000
 29 48.257687 -5.201405 99.694565 0.430679 -0.826550 0.362396 0.441459 0.908217 1 22 1.000000
 29 48.257687 -3.186603 102.582321 0.403191 -0.630010 0.663720 0.488807 0.908217 1 22 1.000000
MarioHand_alb.png
 29 49.153862 -2.597459 102.210899 0.050729 -0.666508 0.743770 0.488807 0.893233 1 22 1.000000
 29 48.257687 -3.186603 102.582321 0.403191 -0.630010 0.663720 0.488807 0.908217 1 22 1.000000
 29 49.153862 -4.492933 99.494171 -0.033188 -0.895019 0.444792 0.441459 0.893233 1 22 1.000000
MarioHand_alb.png
 29 45.830856 -3.065702 102.460129 -0.516969 -0.585786 0.624178 0.488807 0.940383 1 22 1.000000
 29 47.159809 -3.397721 102.716576 -0.068276 -0.688071 0.722424 0.488807 0.924254 1 22 1.000000
 29 47.148880 -0.264698 104.654007 -0.068302 -0.368199 0.927235 0.530831 0.924254 1 22 1.000000
MarioHand_alb.png
 29 47.148880 -0.264698 104.654007 -0.068302 -0.368199 0.927235 0.530831 0.924254 1 22 1.000000
 29 47.159809 -3.397721 102.716576 -0.068276 -0.688071 0.722424 0.488807 0.924254 1 22 1.000000
 29 48.257687 -3.186603 102.582321 0.403191 -0.630010 0.663720 0.488807 0.908217 1 22 1.000000
MarioHand_alb.png
 29 45.830860 -0.058114 104.320000 -0.508084 -0.310685 0.803322 0.530831 0.940383 1 22 1.000000
 29 45.038628 -2.394428 101.776726 -0.992519 0.084109 -0.088495 0.488807 0.956008 1 22 1.000000
 29 45.830856 -3.065702 102.460129 -0.516969 -0.585786 0.624178 0.488807 0.940383 1 22 1.000000
MarioHand_alb.png
 29 45.830860 -0.058114 104.320000 -0.508084 -0.310685 0.803322 0.530831 0.940383 1 22 1.000000
 29 45.830856 -3.065702 102.460129 -0.516969 -0.585786 0.624178 0.488807 0.940383 1 22 1.000000
 29 47.148880 -0.264698 104.654007 -0.068302 -0.368199 0.927235 0.530831 0.924254 1 22 1.000000
MarioHand_alb.png
 29 45.029301 0.278881 103.429871 -0.991780 0.045009 -0.119777 0.530831 0.956008 1 22 1.000000
 29 45.038628 -2.394428 101.776726 -0.992519 0.084109 -0.088495 0.488807 0.956008 1 22 1.000000
 29 45.830860 -0.058114 104.320000 -0.508084 -0.310685 0.803322 0.530831 0.940383 1 22 1.000000
MarioHand_alb.png
 29 45.018372 3.410861 104.040565 -0.992323 -0.003911 -0.123611 0.573602 0.956008 1 22 1.000000
 29 45.029301 0.278881 103.429871 -0.991780 0.045009 -0.119777 0.530831 0.956008 1 22 1.000000
 29 45.830860 -0.058114 104.320000 -0.508084 -0.310685 0.803322 0.530831 0.940383 1 22 1.000000
MarioHand_alb.png
 29 48.257690 -0.119251 104.479141 0.366213 -0.342567 0.865179 0.530831 0.908217 1 22 1.000000
 29 48.257687 -3.186603 102.582321 0.403191 -0.630010 0.663720 0.488807 0.908217 1 22 1.000000
 29 49.153862 -2.597459 102.210899 0.050729 -0.666508 0.743770 0.488807 0.893233 1 22 1.000000
MarioHand_alb.png
 29 47.148880 -0.264698 104.654007 -0.068302 -0.368199 0.927235 0.530831 0.924254 1 22 1.000000
 29 48.257687 -3.186603 102.582321 0.403191 -0.630010 0.663720 0.488807 0.908217 1 22 1.000000
 29 48.257690 -0.119251 104.479141 0.366213 -0.342567 0.865179 0.530831 0.908217 1 22 1.000000
MarioHand_alb.png
 29 49.153866 0.288224 103.995399 0.049224 -0.305565 0.950898 0.530831 0.893233 1 22 1.000000
 29 48.257690 -0.119251 104.479141 0.366213 -0.342567 0.865179 0.530831 0.908217 1 22 1.000000
 29 49.153862 -2.597459 102.210899 0.050729 -0.666508 0.743770 0.488807 0.893233 1 22 1.000000
MarioHand_alb.png
 29 45.830860 -0.058114 104.320000 -0.508084 -0.310685 0.803322 0.530831 0.940383 1 22 1.000000
 29 47.148880 -0.264698 104.654007 -0.068302 -0.368199 0.927235 0.530831 0.924254 1 22 1.000000
 29 47.136070 3.405865 105.369698 -0.068644 -0.005863 0.997624 0.573602 0.924254 1 22 1.000000
MarioHand_alb.png
 29 47.136070 3.405865 105.369698 -0.068644 -0.005863 0.997624 0.573602 0.924254 1 22 1.000000
 29 47.148880 -0.264698 104.654007 -0.068302 -0.368199 0.927235 0.530831 0.924254 1 22 1.000000
 29 48.257690 -0.119251 104.479141 0.366213 -0.342567 0.865179 0.530831 0.908217 1 22 1.000000
MarioHand_alb.png
 29 45.018372 3.410861 104.040565 -0.992323 -0.003911 -0.123611 0.573602 0.956008 1 22 1.000000
 29 45.830860 -0.058114 104.320000 -0.508084 -0.310685 0.803322 0.530831 0.940383 1 22 1.000000
 29 45.830860 3.465495 105.007050 -0.505148 0.003911 0.863024 0.573602 0.940383 1 22 1.000000
MarioHand_alb.png
 29 45.830860 3.465495 105.007050 -0.505148 0.003911 0.863024 0.573602 0.940383 1 22 1.000000
 29 45.830860 -0.058114 104.320000 -0.508084 -0.310685 0.803322 0.530831 0.940383 1 22 1.000000
 29 47.136070 3.405865 105.369698 -0.068644 -0.005863 0.997624 0.573602 0.924254 1 22 1.000000
MarioHand_alb.png
 29 45.007439 6.542836 103.429871 -0.992211 -0.050927 -0.113679 0.622583 0.956008 1 22 1.000000
 29 45.018372 3.410861 104.040565 -0.992323 -0.003911 -0.123611 0.573602 0.956008 1 22 1.000000
 29 45.830860 3.465495 105.007050 -0.505148 0.003911 0.863024 0.573602 0.940383 1 22 1.000000
MarioHand_alb.png
 29 48.257690 3.474375 105.179825 0.325141 -0.003912 0.945657 0.573602 0.908217 1 22 1.000000
 29 48.257690 -0.119251 104.479141 0.366213 -0.342567 0.865179 0.530831 0.908217 1 22 1.000000
 29 49.153866 0.288224 103.995399 0.049224 -0.305565 0.950898 0.530831 0.893233 1 22 1.000000
MarioHand_alb.png
 29 47.136070 3.405865 105.369698 -0.068644 -0.005863 0.997624 0.573602 0.924254 1 22 1.000000
 29 48.257690 -0.119251 104.479141 0.366213 -0.342567 0.865179 0.530831 0.908217 1 22 1.000000
 29 48.257690 3.474375 105.179825 0.325141 -0.003912 0.945657 0.573602 0.908217 1 22 1.000000
MarioHand_alb.png
 29 49.160122 3.669013 104.654579 -0.038902 0.003909 0.999235 0.573602 0.893233 1 22 1.000000
 29 48.257690 3.474375 105.179825 0.325141 -0.003912 0.945657 0.573602 0.908217 1 22 1.000000
 29 49.153866 0.288224 103.995399 0.049224 -0.305565 0.950898 0.530831 0.893233 1 22 1.000000
MarioHand_alb.png
 29 45.830860 3.465495 105.007050 -0.505148 0.003911 0.863024 0.573602 0.940383 1 22 1.000000
 29 47.136070 3.405865 105.369698 -0.068644 -0.005863 0.997624 0.573602 0.924254 1 22 1.000000
 29 47.123257 7.076429 104.654007 -0.070587 0.358180 0.930981 0.622583 0.924254 1 22 1.000000
MarioHand_alb.png
 29 47.123257 7.076429 104.654007 -0.070587 0.358180 0.930981 0.622583 0.924254 1 22 1.000000
 29 47.136070 3.405865 105.369698 -0.068644 -0.005863 0.997624 0.573602 0.924254 1 22 1.000000
 29 48.257690 3.474375 105.179825 0.325141 -0.003912 0.945657 0.573602 0.908217 1 22 1.000000
MarioHand_alb.png
 29 45.007439 6.542836 103.429871 -0.992211 -0.050927 -0.113679 0.622583 0.956008 1 22 1.000000
 29 45.830860 3.465495 105.007050 -0.505148 0.003911 0.863024 0.573602 0.940383 1 22 1.000000
 29 45.830864 6.989101 104.320000 -0.506600 0.316816 0.801863 0.622583 0.940383 1 22 1.000000
MarioHand_alb.png
 29 45.830860 3.465495 105.007050 -0.505148 0.003911 0.863024 0.573602 0.940383 1 22 1.000000
 29 47.123257 7.076429 104.654007 -0.070587 0.358180 0.930981 0.622583 0.924254 1 22 1.000000
 29 45.830864 6.989101 104.320000 -0.506600 0.316816 0.801863 0.622583 0.940383 1 22 1.000000
MarioHand_alb.png
 29 45.007439 6.542836 103.429871 -0.992211 -0.050927 -0.113679 0.622583 0.956008 1 22 1.000000
 29 45.830864 6.989101 104.320000 -0.506600 0.316816 0.801863 0.622583 0.940383 1 22 1.000000
 29 44.998108 9.216144 101.776726 -0.993510 -0.082220 -0.078596 0.669917 0.956008 1 22 1.000000
MarioHand_alb.png
 29 48.257694 7.067998 104.479141 0.285746 0.344497 0.894243 0.622583 0.908217 1 22 1.000000
 29 48.257690 3.474375 105.179825 0.325141 -0.003912 0.945657 0.573602 0.908217 1 22 1.000000
 29 49.160122 3.669013 104.654579 -0.038902 0.003909 0.999235 0.573602 0.893233 1 22 1.000000
MarioHand_alb.png
 29 47.123257 7.076429 104.654007 -0.070587 0.358180 0.930981 0.622583 0.924254 1 22 1.000000
 29 48.257690 3.474375 105.179825 0.325141 -0.003912 0.945657 0.573602 0.908217 1 22 1.000000
 29 48.257694 7.067998 104.479141 0.285746 0.344497 0.894243 0.622583 0.908217 1 22 1.000000
MarioHand_alb.png
 29 48.257694 7.067998 104.479141 0.285746 0.344497 0.894243 0.622583 0.908217 1 22 1.000000
 29 49.160122 3.669013 104.654579 -0.038902 0.003909 0.999235 0.573602 0.893233 1 22 1.000000
 29 49.153873 7.049798 103.995399 -0.123233 0.326779 0.937032 0.622583 0.893233 1 22 1.000000
MarioHand_alb.png
 29 45.830864 6.989101 104.320000 -0.506600 0.316816 0.801863 0.622583 0.940383 1 22 1.000000
 29 47.123257 7.076429 104.654007 -0.070587 0.358180 0.930981 0.622583 0.924254 1 22 1.000000
 29 47.112324 10.209453 102.716576 -0.072478 0.681101 0.728593 0.669917 0.924254 1 22 1.000000
MarioHand_alb.png
 29 47.123257 7.076429 104.654007 -0.070587 0.358180 0.930981 0.622583 0.924254 1 22 1.000000
 29 48.257694 7.067998 104.479141 0.285746 0.344497 0.894243 0.622583 0.908217 1 22 1.000000
 29 47.112324 10.209453 102.716576 -0.072478 0.681101 0.728593 0.669917 0.924254 1 22 1.000000
MarioHand_alb.png
 29 45.830864 6.989101 104.320000 -0.506600 0.316816 0.801863 0.622583 0.940383 1 22 1.000000
 29 45.830864 9.996692 102.460129 -0.513122 0.591616 0.621850 0.669917 0.940383 1 22 1.000000
 29 44.998108 9.216144 101.776726 -0.993510 -0.082220 -0.078596 0.669917 0.956008 1 22 1.000000
MarioHand_alb.png
 29 45.830864 6.989101 104.320000 -0.506600 0.316816 0.801863 0.622583 0.940383 1 22 1.000000
 29 47.112324 10.209453 102.716576 -0.072478 0.681101 0.728593 0.669917 0.924254 1 22 1.000000
 29 45.830864 9.996692 102.460129 -0.513122 0.591616 0.621850 0.669917 0.940383 1 22 1.000000
MarioHand_alb.png
 29 44.998108 9.216144 101.776726 -0.993510 -0.082220 -0.078596 0.669917 0.956008 1 22 1.000000
 29 45.830864 9.996692 102.460129 -0.513122 0.591616 0.621850 0.669917 0.940383 1 22 1.000000
 29 44.991978 10.972116 99.259949 -0.993758 -0.103667 -0.041200 0.710567 0.956008 1 22 1.000000
MarioHand_alb.png
 29 48.257694 7.067998 104.479141 0.285746 0.344497 0.894243 0.622583 0.908217 1 22 1.000000
 29 49.153873 7.049798 103.995399 -0.123233 0.326779 0.937032 0.622583 0.893233 1 22 1.000000
 29 48.257694 10.135349 102.582314 0.256351 0.659664 0.706490 0.669917 0.908217 1 22 1.000000
MarioHand_alb.png
 29 47.112324 10.209453 102.716576 -0.072478 0.681101 0.728593 0.669917 0.924254 1 22 1.000000
 29 48.257694 7.067998 104.479141 0.285746 0.344497 0.894243 0.622583 0.908217 1 22 1.000000
 29 48.257694 10.135349 102.582314 0.256351 0.659664 0.706490 0.669917 0.908217 1 22 1.000000
MarioHand_alb.png
 29 48.257694 10.135349 102.582314 0.256351 0.659664 0.706490 0.669917 0.908217 1 22 1.000000
 29 49.153873 7.049798 103.995399 -0.123233 0.326779 0.937032 0.622583 0.893233 1 22 1.000000
 29 49.153870 9.935480 102.210899 -0.205224 0.661065 0.721717 0.669917 0.893233 1 22 1.000000
MarioHand_alb.png
 29 47.112324 10.209453 102.716576 -0.072478 0.681101 0.728593 0.669917 0.924254 1 22 1.000000
 29 47.105137 12.267390 99.766998 -0.076294 0.912090 0.402830 0.710567 0.924254 1 22 1.000000
 29 45.830864 9.996692 102.460129 -0.513122 0.591616 0.621850 0.669917 0.940383 1 22 1.000000
MarioHand_alb.png
 29 47.112324 10.209453 102.716576 -0.072478 0.681101 0.728593 0.669917 0.924254 1 22 1.000000
 29 48.257694 10.135349 102.582314 0.256351 0.659664 0.706490 0.669917 0.908217 1 22 1.000000
 29 47.105137 12.267390 99.766998 -0.076294 0.912090 0.402830 0.710567 0.924254 1 22 1.000000
MarioHand_alb.png
 29 45.830864 9.996692 102.460129 -0.513122 0.591616 0.621850 0.669917 0.940383 1 22 1.000000
 29 45.830864 11.972239 99.628647 -0.518803 0.783259 0.342563 0.710567 0.940383 1 22 1.000000
 29 44.991978 10.972116 99.259949 -0.993758 -0.103667 -0.041200 0.710567 0.956008 1 22 1.000000
MarioHand_alb.png
 29 45.830864 9.996692 102.460129 -0.513122 0.591616 0.621850 0.669917 0.940383 1 22 1.000000
 29 47.105137 12.267390 99.766998 -0.076294 0.912090 0.402830 0.710567 0.924254 1 22 1.000000
 29 45.830864 11.972239 99.628647 -0.518803 0.783259 0.342563 0.710567 0.940383 1 22 1.000000
MarioHand_alb.png
 29 44.991978 10.972116 99.259949 -0.993758 -0.103667 -0.041200 0.710567 0.956008 1 22 1.000000
 29 45.830864 11.972239 99.628647 -0.518803 0.783259 0.342563 0.710567 0.940383 1 22 1.000000
 29 44.989716 11.620769 96.311356 -0.994601 -0.103771 0.000000 0.755230 0.956008 1 22 1.000000
MarioHand_alb.png
 29 48.257694 10.135349 102.582314 0.256351 0.659664 0.706490 0.669917 0.908217 1 22 1.000000
 29 49.153870 9.935480 102.210899 -0.205224 0.661065 0.721717 0.669917 0.893233 1 22 1.000000
 29 48.257694 12.150150 99.694565 0.234981 0.888712 0.393669 0.710567 0.908217 1 22 1.000000
MarioHand_alb.png
 29 47.105137 12.267390 99.766998 -0.076294 0.912090 0.402830 0.710567 0.924254 1 22 1.000000
 29 48.257694 10.135349 102.582314 0.256351 0.659664 0.706490 0.669917 0.908217 1 22 1.000000
 29 48.257694 12.150150 99.694565 0.234981 0.888712 0.393669 0.710567 0.908217 1 22 1.000000
MarioHand_alb.png
 29 48.257694 12.150150 99.694565 0.234981 0.888712 0.393669 0.710567 0.908217 1 22 1.000000
 29 49.153870 9.935480 102.210899 -0.205224 0.661065 0.721717 0.669917 0.893233 1 22 1.000000
 29 49.153870 11.830955 99.494179 -0.203318 0.898813 0.388325 0.710567 0.893233 1 22 1.000000
MarioHand_alb.png
 29 47.105137 12.267390 99.766998 -0.076294 0.912090 0.402830 0.710567 0.924254 1 22 1.000000
 29 47.102489 13.027592 96.311356 -0.076295 0.997085 0.000000 0.755230 0.924254 1 22 1.000000
 29 45.830864 11.972239 99.628647 -0.518803 0.783259 0.342563 0.710567 0.940383 1 22 1.000000
MarioHand_alb.png
 29 47.105137 12.267390 99.766998 -0.076294 0.912090 0.402830 0.710567 0.924254 1 22 1.000000
 29 48.257694 12.150150 99.694565 0.234981 0.888712 0.393669 0.710567 0.908217 1 22 1.000000
 29 47.102489 13.027592 96.311356 -0.076295 0.997085 0.000000 0.755230 0.924254 1 22 1.000000
MarioHand_alb.png
 29 45.830864 11.972239 99.628647 -0.518803 0.783259 0.342563 0.710567 0.940383 1 22 1.000000
 29 45.830864 12.701998 96.311356 -0.522245 0.852796 0.000000 0.755230 0.940383 1 22 1.000000
 29 44.989716 11.620769 96.311356 -0.994601 -0.103771 0.000000 0.755230 0.956008 1 22 1.000000
MarioHand_alb.png
 29 45.830864 11.972239 99.628647 -0.518803 0.783259 0.342563 0.710567 0.940383 1 22 1.000000
 29 47.102489 13.027592 96.311356 -0.076295 0.997085 0.000000 0.755230 0.924254 1 22 1.000000
 29 45.830864 12.701998 96.311356 -0.522245 0.852796 0.000000 0.755230 0.940383 1 22 1.000000
MarioHand_alb.png
 29 44.989716 11.620769 96.311356 -0.994601 -0.103771 0.000000 0.755230 0.956008 1 22 1.000000
 29 45.830864 12.701998 96.311356 -0.522245 0.852796 0.000000 0.755230 0.940383 1 22 1.000000
 29 45.830864 11.972238 92.994072 -0.518784 0.782943 -0.343313 0.799878 0.940383 1 22 1.000000
MarioHand_alb.png
 29 45.830864 12.701998 96.311356 -0.522245 0.852796 0.000000 0.755230 0.940383 1 22 1.000000
 29 47.102489 13.027592 96.311356 -0.076295 0.997085 0.000000 0.755230 0.924254 1 22 1.000000
 29 45.830864 11.972238 92.994072 -0.518784 0.782943 -0.343313 0.799878 0.940383 1 22 1.000000
MarioHand_alb.png
 29 44.989716 11.620769 96.311356 -0.994601 -0.103771 0.000000 0.755230 0.956008 1 22 1.000000
 29 45.830864 11.972238 92.994072 -0.518784 0.782943 -0.343313 0.799878 0.940383 1 22 1.000000
 29 44.991978 10.972115 93.362762 -0.993789 -0.103671 0.040438 0.799878 0.956008 1 22 1.000000
MarioHand_alb.png
 29 48.257694 12.150150 99.694565 0.234981 0.888712 0.393669 0.710567 0.908217 1 22 1.000000
 29 49.153870 11.830955 99.494179 -0.203318 0.898813 0.388325 0.710567 0.893233 1 22 1.000000
 29 48.257698 12.894416 96.311356 0.229273 0.973362 0.000000 0.755230 0.908217 1 22 1.000000
MarioHand_alb.png
 29 48.257694 12.150150 99.694565 0.234981 0.888712 0.393669 0.710567 0.908217 1 22 1.000000
 29 48.257698 12.894416 96.311356 0.229273 0.973362 0.000000 0.755230 0.908217 1 22 1.000000
 29 47.102489 13.027592 96.311356 -0.076295 0.997085 0.000000 0.755230 0.924254 1 22 1.000000
MarioHand_alb.png
 29 49.153870 11.830955 99.494179 -0.203318 0.898813 0.388325 0.710567 0.893233 1 22 1.000000
 29 49.153870 12.531140 96.311356 -0.187690 0.982226 0.002289 0.755230 0.893233 1 22 1.000000
 29 48.257698 12.894416 96.311356 0.229273 0.973362 0.000000 0.755230 0.908217 1 22 1.000000
MarioHand_alb.png
 29 49.153870 12.531140 96.311356 -0.187690 0.982226 0.002289 0.755230 0.893233 1 22 1.000000
 29 49.153870 11.828990 93.128517 -0.125119 0.922085 -0.366202 0.799878 0.893233 1 22 1.000000
 29 48.257698 12.894416 96.311356 0.229273 0.973362 0.000000 0.755230 0.908217 1 22 1.000000
MarioHand_alb.png
 29 49.153870 11.828990 93.128517 -0.125119 0.922085 -0.366202 0.799878 0.893233 1 22 1.000000
 29 48.257694 12.150149 92.928146 0.234992 0.889039 -0.392924 0.799878 0.908217 1 22 1.000000
 29 48.257698 12.894416 96.311356 0.229273 0.973362 0.000000 0.755230 0.908217 1 22 1.000000
MarioHand_alb.png
 29 48.257698 12.894416 96.311356 0.229273 0.973362 0.000000 0.755230 0.908217 1 22 1.000000
 29 48.257694 12.150149 92.928146 0.234992 0.889039 -0.392924 0.799878 0.908217 1 22 1.000000
 29 47.102489 13.027592 96.311356 -0.076295 0.997085 0.000000 0.755230 0.924254 1 22 1.000000
MarioHand_alb.png
 29 49.153870 11.828990 93.128517 -0.125119 0.922085 -0.366202 0.799878 0.893233 1 22 1.000000
 29 49.153870 9.933512 90.411804 -0.052646 0.667900 -0.742387 0.844251 0.893233 1 22 1.000000
 29 48.257694 12.150149 92.928146 0.234992 0.889039 -0.392924 0.799878 0.908217 1 22 1.000000
MarioHand_alb.png
 29 48.257694 12.150149 92.928146 0.234992 0.889039 -0.392924 0.799878 0.908217 1 22 1.000000
 29 47.105133 12.267389 92.855728 -0.076293 0.911415 -0.404353 0.799878 0.924254 1 22 1.000000
 29 47.102489 13.027592 96.311356 -0.076295 0.997085 0.000000 0.755230 0.924254 1 22 1.000000
MarioHand_alb.png
 29 45.830864 11.972238 92.994072 -0.518784 0.782943 -0.343313 0.799878 0.940383 1 22 1.000000
 29 47.102489 13.027592 96.311356 -0.076295 0.997085 0.000000 0.755230 0.924254 1 22 1.000000
 29 47.105133 12.267389 92.855728 -0.076293 0.911415 -0.404353 0.799878 0.924254 1 22 1.000000
MarioHand_alb.png
 29 49.153870 9.933512 90.411804 -0.052646 0.667900 -0.742387 0.844251 0.893233 1 22 1.000000
 29 48.257694 10.135345 90.040405 0.256351 0.659664 -0.706490 0.844251 0.908217 1 22 1.000000
 29 48.257694 12.150149 92.928146 0.234992 0.889039 -0.392924 0.799878 0.908217 1 22 1.000000
MarioHand_alb.png
 29 48.257694 12.150149 92.928146 0.234992 0.889039 -0.392924 0.799878 0.908217 1 22 1.000000
 29 48.257694 10.135345 90.040405 0.256351 0.659664 -0.706490 0.844251 0.908217 1 22 1.000000
 29 47.105133 12.267389 92.855728 -0.076293 0.911415 -0.404353 0.799878 0.924254 1 22 1.000000
MarioHand_alb.png
 29 49.153870 9.933512 90.411804 -0.052646 0.667900 -0.742387 0.844251 0.893233 1 22 1.000000
 29 49.153870 7.047823 88.627319 0.090013 0.279859 -0.955812 0.886946 0.893233 1 22 1.000000
 29 48.257694 10.135345 90.040405 0.256351 0.659664 -0.706490 0.844251 0.908217 1 22 1.000000
MarioHand_alb.png
 29 45.830864 11.972238 92.994072 -0.518784 0.782943 -0.343313 0.799878 0.940383 1 22 1.000000
 29 47.105133 12.267389 92.855728 -0.076293 0.911415 -0.404353 0.799878 0.924254 1 22 1.000000
 29 45.830864 9.996689 90.162590 -0.513023 0.591025 -0.622493 0.844251 0.940383 1 22 1.000000
MarioHand_alb.png
 29 45.830864 11.972238 92.994072 -0.518784 0.782943 -0.343313 0.799878 0.940383 1 22 1.000000
 29 45.830864 9.996689 90.162590 -0.513023 0.591025 -0.622493 0.844251 0.940383 1 22 1.000000
 29 44.991978 10.972115 93.362762 -0.993789 -0.103671 0.040438 0.799878 0.956008 1 22 1.000000
MarioHand_alb.png
 29 44.991978 10.972115 93.362762 -0.993789 -0.103671 0.040438 0.799878 0.956008 1 22 1.000000
 29 45.830864 9.996689 90.162590 -0.513023 0.591025 -0.622493 0.844251 0.940383 1 22 1.000000
 29 44.998104 9.216145 90.845993 -0.993510 -0.082220 0.078596 0.844251 0.956008 1 22 1.000000
MarioHand_alb.png
 29 47.105133 12.267389 92.855728 -0.076293 0.911415 -0.404353 0.799878 0.924254 1 22 1.000000
 29 48.257694 10.135345 90.040405 0.256351 0.659664 -0.706490 0.844251 0.908217 1 22 1.000000
 29 47.112320 10.209452 89.906151 -0.072478 0.681101 -0.728593 0.844251 0.924254 1 22 1.000000
MarioHand_alb.png
 29 45.830864 9.996689 90.162590 -0.513023 0.591025 -0.622493 0.844251 0.940383 1 22 1.000000
 29 47.105133 12.267389 92.855728 -0.076293 0.911415 -0.404353 0.799878 0.924254 1 22 1.000000
 29 47.112320 10.209452 89.906151 -0.072478 0.681101 -0.728593 0.844251 0.924254 1 22 1.000000
MarioHand_alb.png
 29 49.153870 7.047823 88.627319 0.090013 0.279859 -0.955812 0.886946 0.893233 1 22 1.000000
 29 48.257694 7.067995 88.143578 0.285736 0.344581 -0.894214 0.886946 0.908217 1 22 1.000000
 29 48.257694 10.135345 90.040405 0.256351 0.659664 -0.706490 0.844251 0.908217 1 22 1.000000
MarioHand_alb.png
 29 48.257694 7.067995 88.143578 0.285736 0.344581 -0.894214 0.886946 0.908217 1 22 1.000000
 29 47.112320 10.209452 89.906151 -0.072478 0.681101 -0.728593 0.844251 0.924254 1 22 1.000000
 29 48.257694 10.135345 90.040405 0.256351 0.659664 -0.706490 0.844251 0.908217 1 22 1.000000
MarioHand_alb.png
 29 49.153870 7.047823 88.627319 0.090013 0.279859 -0.955812 0.886946 0.893233 1 22 1.000000
 29 49.160374 3.667027 87.968140 0.133154 0.052818 -0.989687 0.930816 0.893233 1 22 1.000000
 29 48.257694 7.067995 88.143578 0.285736 0.344581 -0.894214 0.886946 0.908217 1 22 1.000000
MarioHand_alb.png
 29 48.257687 3.474372 87.442894 0.324907 -0.003909 -0.945738 0.930816 0.908217 1 22 1.000000
 29 48.257694 7.067995 88.143578 0.285736 0.344581 -0.894214 0.886946 0.908217 1 22 1.000000
 29 49.160374 3.667027 87.968140 0.133154 0.052818 -0.989687 0.930816 0.893233 1 22 1.000000
MarioHand_alb.png
 29 45.830864 9.996689 90.162590 -0.513023 0.591025 -0.622493 0.844251 0.940383 1 22 1.000000
 29 45.830864 6.989100 88.302719 -0.506332 0.316791 -0.802042 0.886946 0.940383 1 22 1.000000
 29 44.998104 9.216145 90.845993 -0.993510 -0.082220 0.078596 0.844251 0.956008 1 22 1.000000
MarioHand_alb.png
 29 45.830864 9.996689 90.162590 -0.513023 0.591025 -0.622493 0.844251 0.940383 1 22 1.000000
 29 47.112320 10.209452 89.906151 -0.072478 0.681101 -0.728593 0.844251 0.924254 1 22 1.000000
 29 45.830864 6.989100 88.302719 -0.506332 0.316791 -0.802042 0.886946 0.940383 1 22 1.000000
MarioHand_alb.png
 29 44.998104 9.216145 90.845993 -0.993510 -0.082220 0.078596 0.844251 0.956008 1 22 1.000000
 29 45.830864 6.989100 88.302719 -0.506332 0.316791 -0.802042 0.886946 0.940383 1 22 1.000000
 29 45.007439 6.542838 89.192825 -0.992211 -0.050927 0.113679 0.886946 0.956008 1 22 1.000000
MarioHand_alb.png
 29 47.123253 7.076427 87.968712 -0.070209 0.358106 -0.931037 0.886946 0.924254 1 22 1.000000
 29 47.112320 10.209452 89.906151 -0.072478 0.681101 -0.728593 0.844251 0.924254 1 22 1.000000
 29 48.257694 7.067995 88.143578 0.285736 0.344581 -0.894214 0.886946 0.908217 1 22 1.000000
MarioHand_alb.png
 29 47.123253 7.076427 87.968712 -0.070209 0.358106 -0.931037 0.886946 0.924254 1 22 1.000000
 29 48.257694 7.067995 88.143578 0.285736 0.344581 -0.894214 0.886946 0.908217 1 22 1.000000
 29 48.257687 3.474372 87.442894 0.324907 -0.003909 -0.945738 0.930816 0.908217 1 22 1.000000
MarioHand_alb.png
 29 45.830864 6.989100 88.302719 -0.506332 0.316791 -0.802042 0.886946 0.940383 1 22 1.000000
 29 47.112320 10.209452 89.906151 -0.072478 0.681101 -0.728593 0.844251 0.924254 1 22 1.000000
 29 47.123253 7.076427 87.968712 -0.070209 0.358106 -0.931037 0.886946 0.924254 1 22 1.000000
MarioHand_alb.png
 29 47.136063 3.405865 87.253021 -0.068644 -0.005816 -0.997624 0.930816 0.924254 1 22 1.000000
 29 47.123253 7.076427 87.968712 -0.070209 0.358106 -0.931037 0.886946 0.924254 1 22 1.000000
 29 48.257687 3.474372 87.442894 0.324907 -0.003909 -0.945738 0.930816 0.908217 1 22 1.000000
MarioHand_alb.png
 29 45.830860 3.465494 87.615677 -0.505148 0.003911 -0.863024 0.930816 0.940383 1 22 1.000000
 29 47.123253 7.076427 87.968712 -0.070209 0.358106 -0.931037 0.886946 0.924254 1 22 1.000000
 29 47.136063 3.405865 87.253021 -0.068644 -0.005816 -0.997624 0.930816 0.924254 1 22 1.000000
MarioHand_alb.png
 29 45.830864 6.989100 88.302719 -0.506332 0.316791 -0.802042 0.886946 0.940383 1 22 1.000000
 29 47.123253 7.076427 87.968712 -0.070209 0.358106 -0.931037 0.886946 0.924254 1 22 1.000000
 29 45.830860 3.465494 87.615677 -0.505148 0.003911 -0.863024 0.930816 0.940383 1 22 1.000000
MarioHand_alb.png
 29 45.830864 6.989100 88.302719 -0.506332 0.316791 -0.802042 0.886946 0.940383 1 22 1.000000
 29 45.830860 3.465494 87.615677 -0.505148 0.003911 -0.863024 0.930816 0.940383 1 22 1.000000
 29 45.007439 6.542838 89.192825 -0.992211 -0.050927 0.113679 0.886946 0.956008 1 22 1.000000
MarioHand_alb.png
 29 45.007439 6.542838 89.192825 -0.992211 -0.050927 0.113679 0.886946 0.956008 1 22 1.000000
 29 45.830860 3.465494 87.615677 -0.505148 0.003911 -0.863024 0.930816 0.940383 1 22 1.000000
 29 45.018372 3.410859 88.582153 -0.992323 -0.003911 0.123611 0.930816 0.956008 1 22 1.000000
MarioHand_alb.png
 29 60.233948 9.442625 105.190674 0.328812 0.710169 0.622530 0.073045 0.920958 1 22 1.000000
 29 59.581917 9.085223 105.977348 0.283370 0.320460 0.903885 0.064149 0.912490 1 22 1.000000
 29 60.578278 8.872711 105.413612 0.494798 0.293560 0.817923 0.077577 0.912490 1 22 1.000000
MarioHand_alb.png
 29 59.581917 9.085223 105.977348 0.283370 0.320460 0.903885 0.064149 0.912490 1 22 1.000000
 29 60.227821 8.297356 105.613190 0.315042 -0.152563 0.936735 0.073045 0.904021 1 22 1.000000
 29 60.578278 8.872711 105.413612 0.494798 0.293560 0.817923 0.077577 0.912490 1 22 1.000000
MarioHand_alb.png
 29 59.581917 9.085223 105.977348 0.283370 0.320460 0.903885 0.064149 0.912490 1 22 1.000000
 29 58.097836 8.378485 106.178528 -0.060664 -0.276230 0.959175 0.043687 0.902281 1 22 1.000000
 29 59.188789 7.835011 105.740517 0.196064 -0.299341 0.933785 0.060639 0.897826 1 22 1.000000
MarioHand_alb.png
 29 59.581917 9.085223 105.977348 0.283370 0.320460 0.903885 0.064149 0.912490 1 22 1.000000
 29 59.193581 9.887636 105.002914 0.205227 0.822147 0.530996 0.060639 0.927169 1 22 1.000000
 29 58.105400 9.768345 105.667931 -0.046539 0.826156 0.561516 0.043687 0.922713 1 22 1.000000
MarioHand_alb.png
 29 59.581917 9.085223 105.977348 0.283370 0.320460 0.903885 0.064149 0.912490 1 22 1.000000
 29 58.088375 9.196757 106.258774 -0.062962 0.341042 0.937937 0.043687 0.912490 1 22 1.000000
 29 58.097836 8.378485 106.178528 -0.060664 -0.276230 0.959175 0.043687 0.902281 1 22 1.000000
MarioHand_alb.png
 29 59.581917 9.085223 105.977348 0.283370 0.320460 0.903885 0.064149 0.912490 1 22 1.000000
 29 58.105400 9.768345 105.667931 -0.046539 0.826156 0.561516 0.043687 0.922713 1 22 1.000000
 29 58.088375 9.196757 106.258774 -0.062962 0.341042 0.937937 0.043687 0.912490 1 22 1.000000
MarioHand_alb.png
 29 58.097836 8.378485 106.178528 -0.060664 -0.276230 0.959175 0.043687 0.902281 1 22 1.000000
 29 58.088375 9.196757 106.258774 -0.062962 0.341042 0.937937 0.043687 0.912490 1 22 1.000000
 29 56.621323 9.061601 105.869118 -0.402886 0.311225 0.860710 0.023239 0.912490 1 22 1.000000
MarioHand_alb.png
 29 58.105400 9.768345 105.667931 -0.046539 0.826156 0.561516 0.043687 0.922713 1 22 1.000000
 29 56.621323 9.061601 105.869118 -0.402886 0.311225 0.860710 0.023239 0.912490 1 22 1.000000
 29 58.088375 9.196757 106.258774 -0.062962 0.341042 0.937937 0.043687 0.912490 1 22 1.000000
MarioHand_alb.png
 29 58.097836 8.378485 106.178528 -0.060664 -0.276230 0.959175 0.043687 0.902281 1 22 1.000000
 29 56.621323 9.061601 105.869118 -0.402886 0.311225 0.860710 0.023239 0.912490 1 22 1.000000
 29 57.057014 7.818653 105.644974 -0.305187 -0.316917 0.898011 0.026749 0.897826 1 22 1.000000
MarioHand_alb.png
 29 58.105400 9.768345 105.667931 -0.046539 0.826156 0.561516 0.043687 0.922713 1 22 1.000000
 29 57.061813 9.871284 104.907379 -0.291809 0.819734 0.492832 0.026749 0.927169 1 22 1.000000
 29 56.621323 9.061601 105.869118 -0.402886 0.311225 0.860710 0.023239 0.912490 1 22 1.000000
MarioHand_alb.png
 29 56.621323 9.061601 105.869118 -0.402886 0.311225 0.860710 0.023239 0.912490 1 22 1.000000
 29 55.672310 8.833571 105.234245 -0.600412 0.279703 0.749180 0.009812 0.912490 1 22 1.000000
 29 56.016651 8.263659 105.457199 -0.418575 -0.170177 0.892096 0.014343 0.904021 1 22 1.000000
MarioHand_alb.png
 29 56.621323 9.061601 105.869118 -0.402886 0.311225 0.860710 0.023239 0.912490 1 22 1.000000
 29 56.022778 9.408927 105.034691 -0.418478 0.704680 0.572976 0.014343 0.920958 1 22 1.000000
 29 55.672310 8.833571 105.234245 -0.600412 0.279703 0.749180 0.009812 0.912490 1 22 1.000000
MarioHand_alb.png
 29 50.563145 -6.706992 92.293129 -0.761818 -0.621147 -0.183874 0.196765 0.591791 1 22 1.000000
 29 49.153862 -4.494936 93.128540 -0.252534 -0.892451 -0.373841 0.218082 0.565331 1 22 1.000000
 29 49.153866 -2.599457 90.411804 -0.308965 -0.635096 -0.707951 0.255116 0.583200 1 22 1.000000
MarioHand_alb.png
 29 50.563145 -6.706992 92.293129 -0.761818 -0.621147 -0.183874 0.196765 0.591791 1 22 1.000000
 29 49.153866 -2.599457 90.411804 -0.308965 -0.635096 -0.707951 0.255116 0.583200 1 22 1.000000
 29 50.679043 -5.082780 89.322647 -0.739303 -0.463685 -0.488291 0.231800 0.612299 1 22 1.000000
MarioHand_alb.png
 29 50.679043 -5.082780 89.322647 -0.739303 -0.463685 -0.488291 0.231800 0.612299 1 22 1.000000
 29 49.153866 -2.599457 90.411804 -0.308965 -0.635096 -0.707951 0.255116 0.583200 1 22 1.000000
 29 49.153866 0.286232 88.627319 -0.031275 -0.266123 -0.963432 0.296605 0.591165 1 22 1.000000
MarioHand_alb.png
 29 52.782768 -6.977262 88.562851 -0.538327 -0.509236 -0.671478 0.213489 0.643076 1 22 1.000000
 29 50.563145 -6.706992 92.293129 -0.761818 -0.621147 -0.183874 0.196765 0.591791 1 22 1.000000
 29 50.679043 -5.082780 89.322647 -0.739303 -0.463685 -0.488291 0.231800 0.612299 1 22 1.000000
MarioHand_alb.png
 29 52.491539 -8.571442 91.233498 -0.661510 -0.712916 -0.232711 0.180346 0.625772 1 22 1.000000
 29 50.563145 -6.706992 92.293129 -0.761818 -0.621147 -0.183874 0.196765 0.591791 1 22 1.000000
 29 52.782768 -6.977262 88.562851 -0.538327 -0.509236 -0.671478 0.213489 0.643076 1 22 1.000000
MarioHand_alb.png
 29 50.679043 -5.082780 89.322647 -0.739303 -0.463685 -0.488291 0.231800 0.612299 1 22 1.000000
 29 49.153866 0.286232 88.627319 -0.031275 -0.266123 -0.963432 0.296605 0.591165 1 22 1.000000
 29 50.948059 -2.743579 87.949982 -0.531736 -0.205361 -0.821635 0.263813 0.619120 1 22 1.000000
MarioHand_alb.png
 29 55.073109 -8.684518 88.309616 -0.407449 -0.483941 -0.774459 0.194919 0.672801 1 22 1.000000
 29 52.491539 -8.571442 91.233498 -0.661510 -0.712916 -0.232711 0.180346 0.625772 1 22 1.000000
 29 52.782768 -6.977262 88.562851 -0.538327 -0.509236 -0.671478 0.213489 0.643076 1 22 1.000000
MarioHand_alb.png
 29 54.780865 -10.398161 90.697601 -0.632116 -0.741697 -0.224312 0.162478 0.659998 1 22 1.000000
 29 52.491539 -8.571442 91.233498 -0.661510 -0.712916 -0.232711 0.180346 0.625772 1 22 1.000000
 29 55.073109 -8.684518 88.309616 -0.407449 -0.483941 -0.774459 0.194919 0.672801 1 22 1.000000
MarioHand_alb.png
 29 52.782768 -6.977262 88.562851 -0.538327 -0.509236 -0.671478 0.213489 0.643076 1 22 1.000000
 29 50.679043 -5.082780 89.322647 -0.739303 -0.463685 -0.488291 0.231800 0.612299 1 22 1.000000
 29 53.661129 -4.254546 86.951332 -0.279516 -0.197530 -0.939602 0.249622 0.654063 1 22 1.000000
MarioHand_alb.png
 29 50.679043 -5.082780 89.322647 -0.739303 -0.463685 -0.488291 0.231800 0.612299 1 22 1.000000
 29 50.948059 -2.743579 87.949982 -0.531736 -0.205361 -0.821635 0.263813 0.619120 1 22 1.000000
 29 53.661129 -4.254546 86.951332 -0.279516 -0.197530 -0.939602 0.249622 0.654063 1 22 1.000000
MarioHand_alb.png
 29 49.153866 0.286232 88.627319 -0.031275 -0.266123 -0.963432 0.296605 0.591165 1 22 1.000000
 29 51.694759 0.282261 87.503174 -0.235056 0.048932 -0.970749 0.300679 0.625284 1 22 1.000000
 29 50.948059 -2.743579 87.949982 -0.531736 -0.205361 -0.821635 0.263813 0.619120 1 22 1.000000
MarioHand_alb.png
 29 53.661129 -4.254546 86.951332 -0.279516 -0.197530 -0.939602 0.249622 0.654063 1 22 1.000000
 29 50.948059 -2.743579 87.949982 -0.531736 -0.205361 -0.821635 0.263813 0.619120 1 22 1.000000
 29 51.694759 0.282261 87.503174 -0.235056 0.048932 -0.970749 0.300679 0.625284 1 22 1.000000
MarioHand_alb.png
 29 49.153866 0.286232 88.627319 -0.031275 -0.266123 -0.963432 0.296605 0.591165 1 22 1.000000
 29 49.160374 3.667027 87.968140 0.133154 0.052818 -0.989687 0.339940 0.590387 1 22 1.000000
 29 51.694759 0.282261 87.503174 -0.235056 0.048932 -0.970749 0.300679 0.625284 1 22 1.000000
MarioHand_alb.png
 29 52.782768 -6.977262 88.562851 -0.538327 -0.509236 -0.671478 0.213489 0.643076 1 22 1.000000
 29 53.661129 -4.254546 86.951332 -0.279516 -0.197530 -0.939602 0.249622 0.654063 1 22 1.000000
 29 56.481384 -5.327899 86.683243 -0.035101 -0.138877 -0.989688 0.238514 0.687938 1 22 1.000000
MarioHand_alb.png
 29 55.073109 -8.684518 88.309616 -0.407449 -0.483941 -0.774459 0.194919 0.672801 1 22 1.000000
 29 52.782768 -6.977262 88.562851 -0.538327 -0.509236 -0.671478 0.213489 0.643076 1 22 1.000000
 29 56.481384 -5.327899 86.683243 -0.035101 -0.138877 -0.989688 0.238514 0.687938 1 22 1.000000
MarioHand_alb.png
 29 53.661129 -4.254546 86.951332 -0.279516 -0.197530 -0.939602 0.249622 0.654063 1 22 1.000000
 29 51.694759 0.282261 87.503174 -0.235056 0.048932 -0.970749 0.300679 0.625284 1 22 1.000000
 29 54.695721 -0.282015 87.010811 0.170131 0.233060 -0.957465 0.296239 0.662318 1 22 1.000000
MarioHand_alb.png
 29 56.481384 -5.327899 86.683243 -0.035101 -0.138877 -0.989688 0.238514 0.687938 1 22 1.000000
 29 53.661129 -4.254546 86.951332 -0.279516 -0.197530 -0.939602 0.249622 0.654063 1 22 1.000000
 29 54.695721 -0.282015 87.010811 0.170131 0.233060 -0.957465 0.296239 0.662318 1 22 1.000000
MarioHand_alb.png
 29 51.694759 0.282261 87.503174 -0.235056 0.048932 -0.970749 0.300679 0.625284 1 22 1.000000
 29 49.160374 3.667027 87.968140 0.133154 0.052818 -0.989687 0.339940 0.590387 1 22 1.000000
 29 51.814220 3.031269 88.125656 0.017927 0.121339 -0.992449 0.335088 0.623926 1 22 1.000000
MarioHand_alb.png
 29 51.694759 0.282261 87.503174 -0.235056 0.048932 -0.970749 0.300679 0.625284 1 22 1.000000
 29 51.814220 3.031269 88.125656 0.017927 0.121339 -0.992449 0.335088 0.623926 1 22 1.000000
 29 54.695721 -0.282015 87.010811 0.170131 0.233060 -0.957465 0.296239 0.662318 1 22 1.000000
MarioHand_alb.png
 29 49.160374 3.667027 87.968140 0.133154 0.052818 -0.989687 0.339940 0.590387 1 22 1.000000
 29 51.900436 6.159244 88.088776 -0.011444 0.107671 -0.994121 0.372946 0.621180 1 22 1.000000
 29 51.814220 3.031269 88.125656 0.017927 0.121339 -0.992449 0.335088 0.623926 1 22 1.000000
MarioHand_alb.png
 29 49.160374 3.667027 87.968140 0.133154 0.052818 -0.989687 0.339940 0.590387 1 22 1.000000
 29 49.153870 7.047823 88.627319 0.090013 0.279859 -0.955812 0.384298 0.586343 1 22 1.000000
 29 51.900436 6.159244 88.088776 -0.011444 0.107671 -0.994121 0.372946 0.621180 1 22 1.000000
MarioHand_alb.png
 29 54.695721 -0.282015 87.010811 0.170131 0.233060 -0.957465 0.296239 0.662318 1 22 1.000000
 29 51.814220 3.031269 88.125656 0.017927 0.121339 -0.992449 0.335088 0.623926 1 22 1.000000
 29 54.854000 2.981237 88.249260 0.219288 0.144730 -0.964866 0.337591 0.661814 1 22 1.000000
MarioHand_alb.png
 29 49.153870 7.047823 88.627319 0.090013 0.279859 -0.955812 0.384298 0.586343 1 22 1.000000
 29 51.852093 9.446747 88.975388 -0.158667 0.409064 -0.898605 0.414084 0.619074 1 22 1.000000
 29 51.900436 6.159244 88.088776 -0.011444 0.107671 -0.994121 0.372946 0.621180 1 22 1.000000
MarioHand_alb.png
 29 49.153870 7.047823 88.627319 0.090013 0.279859 -0.955812 0.384298 0.586343 1 22 1.000000
 29 49.153870 9.933512 90.411804 -0.052646 0.667900 -0.742387 0.430045 0.584100 1 22 1.000000
 29 51.852093 9.446747 88.975388 -0.158667 0.409064 -0.898605 0.414084 0.619074 1 22 1.000000
MarioHand_alb.png
 29 51.814220 3.031269 88.125656 0.017927 0.121339 -0.992449 0.335088 0.623926 1 22 1.000000
 29 51.900436 6.159244 88.088776 -0.011444 0.107671 -0.994121 0.372946 0.621180 1 22 1.000000
 29 54.983723 5.590391 88.253212 0.178082 0.043090 -0.983072 0.368551 0.658930 1 22 1.000000
MarioHand_alb.png
 29 51.814220 3.031269 88.125656 0.017927 0.121339 -0.992449 0.335088 0.623926 1 22 1.000000
 29 54.983723 5.590391 88.253212 0.178082 0.043090 -0.983072 0.368551 0.658930 1 22 1.000000
 29 54.854000 2.981237 88.249260 0.219288 0.144730 -0.964866 0.337591 0.661814 1 22 1.000000
MarioHand_alb.png
 29 51.900436 6.159244 88.088776 -0.011444 0.107671 -0.994121 0.372946 0.621180 1 22 1.000000
 29 51.852093 9.446747 88.975388 -0.158667 0.409064 -0.898605 0.414084 0.619074 1 22 1.000000
 29 54.713394 8.560638 88.652092 0.138839 0.219128 -0.965767 0.403021 0.652689 1 22 1.000000
MarioHand_alb.png
 29 51.900436 6.159244 88.088776 -0.011444 0.107671 -0.994121 0.372946 0.621180 1 22 1.000000
 29 54.713394 8.560638 88.652092 0.138839 0.219128 -0.965767 0.403021 0.652689 1 22 1.000000
 29 54.983723 5.590391 88.253212 0.178082 0.043090 -0.983072 0.368551 0.658930 1 22 1.000000
MarioHand_alb.png
 29 49.153870 9.933512 90.411804 -0.052646 0.667900 -0.742387 0.430045 0.584100 1 22 1.000000
 29 51.631001 11.700502 90.535156 -0.320838 0.719024 -0.616497 0.446860 0.617304 1 22 1.000000
 29 51.852093 9.446747 88.975388 -0.158667 0.409064 -0.898605 0.414084 0.619074 1 22 1.000000
MarioHand_alb.png
 29 49.153870 9.933512 90.411804 -0.052646 0.667900 -0.742387 0.430045 0.584100 1 22 1.000000
 29 49.153870 11.828990 93.128517 -0.125119 0.922085 -0.366202 0.474983 0.584146 1 22 1.000000
 29 51.631001 11.700502 90.535156 -0.320838 0.719024 -0.616497 0.446860 0.617304 1 22 1.000000
MarioHand_alb.png
 29 51.852093 9.446747 88.975388 -0.158667 0.409064 -0.898605 0.414084 0.619074 1 22 1.000000
 29 54.501698 11.326427 89.745964 0.021747 0.562665 -0.826399 0.436606 0.650004 1 22 1.000000
 29 54.713394 8.560638 88.652092 0.138839 0.219128 -0.965767 0.403021 0.652689 1 22 1.000000
MarioHand_alb.png
 29 51.852093 9.446747 88.975388 -0.158667 0.409064 -0.898605 0.414084 0.619074 1 22 1.000000
 29 51.631001 11.700502 90.535156 -0.320838 0.719024 -0.616497 0.446860 0.617304 1 22 1.000000
 29 54.501698 11.326427 89.745964 0.021747 0.562665 -0.826399 0.436606 0.650004 1 22 1.000000
MarioHand_alb.png
 29 51.631001 11.700502 90.535156 -0.320838 0.719024 -0.616497 0.446860 0.617304 1 22 1.000000
 29 49.153870 11.828990 93.128517 -0.125119 0.922085 -0.366202 0.474983 0.584146 1 22 1.000000
 29 51.088848 13.077468 94.004448 -0.383746 0.902051 -0.197595 0.491844 0.609995 1 22 1.000000
MarioHand_alb.png
 29 49.153870 11.828990 93.128517 -0.125119 0.922085 -0.366202 0.474983 0.584146 1 22 1.000000
 29 49.153870 12.531140 96.311356 -0.187690 0.982226 0.002289 0.516793 0.582803 1 22 1.000000
 29 51.088848 13.077468 94.004448 -0.383746 0.902051 -0.197595 0.491844 0.609995 1 22 1.000000
MarioHand_alb.png
 29 51.088848 13.077468 94.004448 -0.383746 0.902051 -0.197595 0.491844 0.609995 1 22 1.000000
 29 49.153870 12.531140 96.311356 -0.187690 0.982226 0.002289 0.516793 0.582803 1 22 1.000000
 29 50.977901 13.337015 97.218842 -0.395582 0.912376 0.105285 0.531395 0.606363 1 22 1.000000
MarioHand_alb.png
 29 51.631001 11.700502 90.535156 -0.320838 0.719024 -0.616497 0.446860 0.617304 1 22 1.000000
 29 51.088848 13.077468 94.004448 -0.383746 0.902051 -0.197595 0.491844 0.609995 1 22 1.000000
 29 54.173820 13.334320 91.657867 -0.105280 0.823355 -0.557676 0.467948 0.647822 1 22 1.000000
MarioHand_alb.png
 29 51.631001 11.700502 90.535156 -0.320838 0.719024 -0.616497 0.446860 0.617304 1 22 1.000000
 29 54.173820 13.334320 91.657867 -0.105280 0.823355 -0.557676 0.467948 0.647822 1 22 1.000000
 29 54.501698 11.326427 89.745964 0.021747 0.562665 -0.826399 0.436606 0.650004 1 22 1.000000
MarioHand_alb.png
 29 51.088848 13.077468 94.004448 -0.383746 0.902051 -0.197595 0.491844 0.609995 1 22 1.000000
 29 50.977901 13.337015 97.218842 -0.395582 0.912376 0.105285 0.531395 0.606363 1 22 1.000000
 29 53.753830 14.228868 94.445206 -0.237278 0.953882 -0.183872 0.501747 0.644175 1 22 1.000000
MarioHand_alb.png
 29 51.088848 13.077468 94.004448 -0.383746 0.902051 -0.197595 0.491844 0.609995 1 22 1.000000
 29 53.753830 14.228868 94.445206 -0.237278 0.953882 -0.183872 0.501747 0.644175 1 22 1.000000
 29 54.173820 13.334320 91.657867 -0.105280 0.823355 -0.557676 0.467948 0.647822 1 22 1.000000
MarioHand_alb.png
 29 53.753830 14.228868 94.445206 -0.237278 0.953882 -0.183872 0.501747 0.644175 1 22 1.000000
 29 50.977901 13.337015 97.218842 -0.395582 0.912376 0.105285 0.531395 0.606363 1 22 1.000000
 29 53.507767 14.288552 97.757835 -0.293339 0.944482 0.148005 0.541833 0.640787 1 22 1.000000
MarioHand_alb.png
 29 54.501698 11.326427 89.745964 0.021747 0.562665 -0.826399 0.436606 0.650004 1 22 1.000000
 29 54.173820 13.334320 91.657867 -0.105280 0.823355 -0.557676 0.467948 0.647822 1 22 1.000000
 29 57.686188 13.700947 92.047310 0.127028 0.796405 -0.591272 0.471641 0.686824 1 22 1.000000
MarioHand_alb.png
 29 57.686188 13.700947 92.047310 0.127028 0.796405 -0.591272 0.471641 0.686824 1 22 1.000000
 29 54.173820 13.334320 91.657867 -0.105280 0.823355 -0.557676 0.467948 0.647822 1 22 1.000000
 29 53.753830 14.228868 94.445206 -0.237278 0.953882 -0.183872 0.501747 0.644175 1 22 1.000000
MarioHand_alb.png
 29 57.151623 14.967724 94.850128 -0.029373 0.973900 -0.225069 0.506401 0.685313 1 22 1.000000
 29 53.753830 14.228868 94.445206 -0.237278 0.953882 -0.183872 0.501747 0.644175 1 22 1.000000
 29 53.507767 14.288552 97.757835 -0.293339 0.944482 0.148005 0.541833 0.640787 1 22 1.000000
MarioHand_alb.png
 29 57.686188 13.700947 92.047310 0.127028 0.796405 -0.591272 0.471641 0.686824 1 22 1.000000
 29 53.753830 14.228868 94.445206 -0.237278 0.953882 -0.183872 0.501747 0.644175 1 22 1.000000
 29 57.151623 14.967724 94.850128 -0.029373 0.973900 -0.225069 0.506401 0.685313 1 22 1.000000
MarioHand_alb.png
 29 57.151623 14.967724 94.850128 -0.029373 0.973900 -0.225069 0.506401 0.685313 1 22 1.000000
 29 53.507767 14.288552 97.757835 -0.293339 0.944482 0.148005 0.541833 0.640787 1 22 1.000000
 29 56.770218 15.020341 98.209000 -0.144575 0.978362 0.148008 0.546899 0.685481 1 22 1.000000
MarioHand_alb.png
 29 58.180031 11.365086 90.208382 0.268121 0.489235 -0.829916 0.439185 0.690486 1 22 1.000000
 29 54.501698 11.326427 89.745964 0.021747 0.562665 -0.826399 0.436606 0.650004 1 22 1.000000
 29 57.686188 13.700947 92.047310 0.127028 0.796405 -0.591272 0.471641 0.686824 1 22 1.000000
MarioHand_alb.png
 29 54.713394 8.560638 88.652092 0.138839 0.219128 -0.965767 0.403021 0.652689 1 22 1.000000
 29 54.501698 11.326427 89.745964 0.021747 0.562665 -0.826399 0.436606 0.650004 1 22 1.000000
 29 58.180031 11.365086 90.208382 0.268121 0.489235 -0.829916 0.439185 0.690486 1 22 1.000000
MarioHand_alb.png
 29 60.787842 13.250275 93.069923 0.436786 0.683217 -0.585178 0.473533 0.724361 1 22 1.000000
 29 57.686188 13.700947 92.047310 0.127028 0.796405 -0.591272 0.471641 0.686824 1 22 1.000000
 29 57.151623 14.967724 94.850128 -0.029373 0.973900 -0.225069 0.506401 0.685313 1 22 1.000000
MarioHand_alb.png
 29 58.180031 11.365086 90.208382 0.268121 0.489235 -0.829916 0.439185 0.690486 1 22 1.000000
 29 57.686188 13.700947 92.047310 0.127028 0.796405 -0.591272 0.471641 0.686824 1 22 1.000000
 29 60.787842 13.250275 93.069923 0.436786 0.683217 -0.585178 0.473533 0.724361 1 22 1.000000
MarioHand_alb.png
 29 57.151623 14.967724 94.850128 -0.029373 0.973900 -0.225069 0.506401 0.685313 1 22 1.000000
 29 56.770218 15.020341 98.209000 -0.144575 0.978362 0.148008 0.546899 0.685481 1 22 1.000000
 29 60.292511 14.778109 95.571228 0.183864 0.951364 -0.247187 0.506844 0.724590 1 22 1.000000
MarioHand_alb.png
 29 60.787842 13.250275 93.069923 0.436786 0.683217 -0.585178 0.473533 0.724361 1 22 1.000000
 29 57.151623 14.967724 94.850128 -0.029373 0.973900 -0.225069 0.506401 0.685313 1 22 1.000000
 29 60.292511 14.778109 95.571228 0.183864 0.951364 -0.247187 0.506844 0.724590 1 22 1.000000
MarioHand_alb.png
 29 60.292511 14.778109 95.571228 0.183864 0.951364 -0.247187 0.506844 0.724590 1 22 1.000000
 29 56.770218 15.020341 98.209000 -0.144575 0.978362 0.148008 0.546899 0.685481 1 22 1.000000
 29 59.599792 15.145891 99.041046 -0.025557 0.982905 0.182334 0.548486 0.726848 1 22 1.000000
MarioHand_alb.png
 29 60.292511 14.778109 95.571228 0.183864 0.951364 -0.247187 0.506844 0.724590 1 22 1.000000
 29 59.599792 15.145891 99.041046 -0.025557 0.982905 0.182334 0.548486 0.726848 1 22 1.000000
 29 62.072472 14.855075 99.806770 0.135039 0.980179 0.144957 0.545815 0.766827 1 22 1.000000
MarioHand_alb.png
 29 60.787842 13.250275 93.069923 0.436786 0.683217 -0.585178 0.473533 0.724361 1 22 1.000000
 29 60.292511 14.778109 95.571228 0.183864 0.951364 -0.247187 0.506844 0.724590 1 22 1.000000
 29 62.437996 14.094621 96.592766 0.593535 0.744398 -0.305922 0.506813 0.758251 1 22 1.000000
MarioHand_alb.png
 29 60.292511 14.778109 95.571228 0.183864 0.951364 -0.247187 0.506844 0.724590 1 22 1.000000
 29 62.072472 14.855075 99.806770 0.135039 0.980179 0.144957 0.545815 0.766827 1 22 1.000000
 29 62.437996 14.094621 96.592766 0.593535 0.744398 -0.305922 0.506813 0.758251 1 22 1.000000
MarioHand_alb.png
 29 63.541748 13.389935 97.763237 0.426510 0.747728 -0.508913 0.507713 0.783444 1 22 1.000000
 29 62.072472 14.855075 99.806770 0.135039 0.980179 0.144957 0.545815 0.766827 1 22 1.000000
 29 63.798492 14.697459 100.263069 -0.005722 0.999667 0.025178 0.543160 0.788983 1 22 1.000000
MarioHand_alb.png
 29 62.437996 14.094621 96.592766 0.593535 0.744398 -0.305922 0.506813 0.758251 1 22 1.000000
 29 62.072472 14.855075 99.806770 0.135039 0.980179 0.144957 0.545815 0.766827 1 22 1.000000
 29 63.541748 13.389935 97.763237 0.426510 0.747728 -0.508913 0.507713 0.783444 1 22 1.000000
MarioHand_alb.png
 29 62.950970 12.513419 94.845238 0.797576 0.428158 -0.424916 0.478218 0.758221 1 22 1.000000
 29 62.437996 14.094621 96.592766 0.593535 0.744398 -0.305922 0.506813 0.758251 1 22 1.000000
 29 63.541748 13.389935 97.763237 0.426510 0.747728 -0.508913 0.507713 0.783444 1 22 1.000000
MarioHand_alb.png
 29 60.787842 13.250275 93.069923 0.436786 0.683217 -0.585178 0.473533 0.724361 1 22 1.000000
 29 62.437996 14.094621 96.592766 0.593535 0.744398 -0.305922 0.506813 0.758251 1 22 1.000000
 29 62.950970 12.513419 94.845238 0.797576 0.428158 -0.424916 0.478218 0.758221 1 22 1.000000
MarioHand_alb.png
 29 62.950970 12.513419 94.845238 0.797576 0.428158 -0.424916 0.478218 0.758221 1 22 1.000000
 29 63.541748 13.389935 97.763237 0.426510 0.747728 -0.508913 0.507713 0.783444 1 22 1.000000
 29 64.079361 11.326065 97.255577 0.842200 0.264332 -0.469923 0.479530 0.793866 1 22 1.000000
MarioHand_alb.png
 29 61.206970 10.871336 91.524010 0.573234 0.367663 -0.732275 0.442512 0.727443 1 22 1.000000
 29 60.787842 13.250275 93.069923 0.436786 0.683217 -0.585178 0.473533 0.724361 1 22 1.000000
 29 62.950970 12.513419 94.845238 0.797576 0.428158 -0.424916 0.478218 0.758221 1 22 1.000000
MarioHand_alb.png
 29 61.206970 10.871336 91.524010 0.573234 0.367663 -0.732275 0.442512 0.727443 1 22 1.000000
 29 58.180031 11.365086 90.208382 0.268121 0.489235 -0.829916 0.439185 0.690486 1 22 1.000000
 29 60.787842 13.250275 93.069923 0.436786 0.683217 -0.585178 0.473533 0.724361 1 22 1.000000
MarioHand_alb.png
 29 63.528061 10.077231 93.925369 0.839476 0.262122 -0.475996 0.447501 0.765850 1 22 1.000000
 29 62.950970 12.513419 94.845238 0.797576 0.428158 -0.424916 0.478218 0.758221 1 22 1.000000
 29 64.079361 11.326065 97.255577 0.842200 0.264332 -0.469923 0.479530 0.793866 1 22 1.000000
MarioHand_alb.png
 29 61.206970 10.871336 91.524010 0.573234 0.367663 -0.732275 0.442512 0.727443 1 22 1.000000
 29 62.950970 12.513419 94.845238 0.797576 0.428158 -0.424916 0.478218 0.758221 1 22 1.000000
 29 63.528061 10.077231 93.925369 0.839476 0.262122 -0.475996 0.447501 0.765850 1 22 1.000000
MarioHand_alb.png
 29 63.528061 10.077231 93.925369 0.839476 0.262122 -0.475996 0.447501 0.765850 1 22 1.000000
 29 64.079361 11.326065 97.255577 0.842200 0.264332 -0.469923 0.479530 0.793866 1 22 1.000000
 29 64.845123 9.140253 98.587616 0.703172 0.295435 -0.646735 0.461097 0.826154 1 22 1.000000
MarioHand_alb.png
 29 65.522072 5.959197 97.280945 0.734115 -0.070493 -0.675356 0.417395 0.826032 1 22 1.000000
 29 63.528061 10.077231 93.925369 0.839476 0.262122 -0.475996 0.447501 0.765850 1 22 1.000000
 29 64.845123 9.140253 98.587616 0.703172 0.295435 -0.646735 0.461097 0.826154 1 22 1.000000
MarioHand_alb.png
 29 58.369591 8.406942 89.416451 0.348774 0.150919 -0.924976 0.405966 0.694896 1 22 1.000000
 29 58.180031 11.365086 90.208382 0.268121 0.489235 -0.829916 0.439185 0.690486 1 22 1.000000
 29 61.206970 10.871336 91.524010 0.573234 0.367663 -0.732275 0.442512 0.727443 1 22 1.000000
MarioHand_alb.png
 29 58.369591 8.406942 89.416451 0.348774 0.150919 -0.924976 0.405966 0.694896 1 22 1.000000
 29 54.713394 8.560638 88.652092 0.138839 0.219128 -0.965767 0.403021 0.652689 1 22 1.000000
 29 58.180031 11.365086 90.208382 0.268121 0.489235 -0.829916 0.439185 0.690486 1 22 1.000000
MarioHand_alb.png
 29 54.983723 5.590391 88.253212 0.178082 0.043090 -0.983072 0.368551 0.658930 1 22 1.000000
 29 54.713394 8.560638 88.652092 0.138839 0.219128 -0.965767 0.403021 0.652689 1 22 1.000000
 29 58.369591 8.406942 89.416451 0.348774 0.150919 -0.924976 0.405966 0.694896 1 22 1.000000
MarioHand_alb.png
 29 61.484585 7.946098 90.776543 0.627899 0.091839 -0.772857 0.409125 0.733120 1 22 1.000000
 29 61.206970 10.871336 91.524010 0.573234 0.367663 -0.732275 0.442512 0.727443 1 22 1.000000
 29 63.528061 10.077231 93.925369 0.839476 0.262122 -0.475996 0.447501 0.765850 1 22 1.000000
MarioHand_alb.png
 29 58.369591 8.406942 89.416451 0.348774 0.150919 -0.924976 0.405966 0.694896 1 22 1.000000
 29 61.206970 10.871336 91.524010 0.573234 0.367663 -0.732275 0.442512 0.727443 1 22 1.000000
 29 61.484585 7.946098 90.776543 0.627899 0.091839 -0.772857 0.409125 0.733120 1 22 1.000000
MarioHand_alb.png
 29 58.236961 5.217323 89.111160 0.385563 -0.031368 -0.922148 0.369833 0.699092 1 22 1.000000
 29 54.983723 5.590391 88.253212 0.178082 0.043090 -0.983072 0.368551 0.658930 1 22 1.000000
 29 58.369591 8.406942 89.416451 0.348774 0.150919 -0.924976 0.405966 0.694896 1 22 1.000000
MarioHand_alb.png
 29 58.236961 5.217323 89.111160 0.385563 -0.031368 -0.922148 0.369833 0.699092 1 22 1.000000
 29 58.369591 8.406942 89.416451 0.348774 0.150919 -0.924976 0.405966 0.694896 1 22 1.000000
 29 61.484585 7.946098 90.776543 0.627899 0.091839 -0.772857 0.409125 0.733120 1 22 1.000000
MarioHand_alb.png
 29 54.854000 2.981237 88.249260 0.219288 0.144730 -0.964866 0.337591 0.661814 1 22 1.000000
 29 54.983723 5.590391 88.253212 0.178082 0.043090 -0.983072 0.368551 0.658930 1 22 1.000000
 29 58.236961 5.217323 89.111160 0.385563 -0.031368 -0.922148 0.369833 0.699092 1 22 1.000000
MarioHand_alb.png
 29 61.484585 7.946098 90.776543 0.627899 0.091839 -0.772857 0.409125 0.733120 1 22 1.000000
 29 63.528061 10.077231 93.925369 0.839476 0.262122 -0.475996 0.447501 0.765850 1 22 1.000000
 29 63.751835 7.168353 93.722092 0.825619 0.035196 -0.563130 0.414359 0.776150 1 22 1.000000
MarioHand_alb.png
 29 63.751835 7.168353 93.722092 0.825619 0.035196 -0.563130 0.414359 0.776150 1 22 1.000000
 29 63.528061 10.077231 93.925369 0.839476 0.262122 -0.475996 0.447501 0.765850 1 22 1.000000
 29 65.522072 5.959197 97.280945 0.734115 -0.070493 -0.675356 0.417395 0.826032 1 22 1.000000
MarioHand_alb.png
 29 58.236961 5.217323 89.111160 0.385563 -0.031368 -0.922148 0.369833 0.699092 1 22 1.000000
 29 61.484585 7.946098 90.776543 0.627899 0.091839 -0.772857 0.409125 0.733120 1 22 1.000000
 29 61.267212 4.680322 90.833290 0.643821 -0.144650 -0.751379 0.373129 0.740444 1 22 1.000000
MarioHand_alb.png
 29 61.484585 7.946098 90.776543 0.627899 0.091839 -0.772857 0.409125 0.733120 1 22 1.000000
 29 63.751835 7.168353 93.722092 0.825619 0.035196 -0.563130 0.414359 0.776150 1 22 1.000000
 29 61.267212 4.680322 90.833290 0.643821 -0.144650 -0.751379 0.373129 0.740444 1 22 1.000000
MarioHand_alb.png
 29 57.924141 2.149680 89.250603 0.508710 0.113354 -0.853443 0.333333 0.703883 1 22 1.000000
 29 54.854000 2.981237 88.249260 0.219288 0.144730 -0.964866 0.337591 0.661814 1 22 1.000000
 29 58.236961 5.217323 89.111160 0.385563 -0.031368 -0.922148 0.369833 0.699092 1 22 1.000000
MarioHand_alb.png
 29 57.924141 2.149680 89.250603 0.508710 0.113354 -0.853443 0.333333 0.703883 1 22 1.000000
 29 58.236961 5.217323 89.111160 0.385563 -0.031368 -0.922148 0.369833 0.699092 1 22 1.000000
 29 61.267212 4.680322 90.833290 0.643821 -0.144650 -0.751379 0.373129 0.740444 1 22 1.000000
MarioHand_alb.png
 29 57.924141 2.149680 89.250603 0.508710 0.113354 -0.853443 0.333333 0.703883 1 22 1.000000
 29 54.695721 -0.282015 87.010811 0.170131 0.233060 -0.957465 0.296239 0.662318 1 22 1.000000
 29 54.854000 2.981237 88.249260 0.219288 0.144730 -0.964866 0.337591 0.661814 1 22 1.000000
MarioHand_alb.png
 29 63.751835 7.168353 93.722092 0.825619 0.035196 -0.563130 0.414359 0.776150 1 22 1.000000
 29 65.522072 5.959197 97.280945 0.734115 -0.070493 -0.675356 0.417395 0.826032 1 22 1.000000
 29 63.719524 4.148190 93.940361 0.802296 -0.150693 -0.577592 0.378836 0.787900 1 22 1.000000
MarioHand_alb.png
 29 63.751835 7.168353 93.722092 0.825619 0.035196 -0.563130 0.414359 0.776150 1 22 1.000000
 29 63.719524 4.148190 93.940361 0.802296 -0.150693 -0.577592 0.378836 0.787900 1 22 1.000000
 29 61.267212 4.680322 90.833290 0.643821 -0.144650 -0.751379 0.373129 0.740444 1 22 1.000000
MarioHand_alb.png
 29 65.468262 3.113581 99.460602 0.661341 0.207408 -0.720839 0.386069 0.858091 1 22 1.000000
 29 63.719524 4.148190 93.940361 0.802296 -0.150693 -0.577592 0.378836 0.787900 1 22 1.000000
 29 65.522072 5.959197 97.280945 0.734115 -0.070493 -0.675356 0.417395 0.826032 1 22 1.000000
MarioHand_alb.png
 29 66.022629 0.501100 97.677048 0.654654 0.087972 -0.750792 0.347478 0.848371 1 22 1.000000
 29 63.719524 4.148190 93.940361 0.802296 -0.150693 -0.577592 0.378836 0.787900 1 22 1.000000
 29 65.468262 3.113581 99.460602 0.661341 0.207408 -0.720839 0.386069 0.858091 1 22 1.000000
MarioHand_alb.png
 29 60.510269 1.664890 91.595314 0.712610 -0.023509 -0.701166 0.336233 0.748180 1 22 1.000000
 29 61.267212 4.680322 90.833290 0.643821 -0.144650 -0.751379 0.373129 0.740444 1 22 1.000000
 29 63.719524 4.148190 93.940361 0.802296 -0.150693 -0.577592 0.378836 0.787900 1 22 1.000000
MarioHand_alb.png
 29 57.924141 2.149680 89.250603 0.508710 0.113354 -0.853443 0.333333 0.703883 1 22 1.000000
 29 61.267212 4.680322 90.833290 0.643821 -0.144650 -0.751379 0.373129 0.740444 1 22 1.000000
 29 60.510269 1.664890 91.595314 0.712610 -0.023509 -0.701166 0.336233 0.748180 1 22 1.000000
MarioHand_alb.png
 29 63.039150 1.145862 94.459747 0.753420 -0.093891 -0.650802 0.341253 0.795438 1 22 1.000000
 29 63.719524 4.148190 93.940361 0.802296 -0.150693 -0.577592 0.378836 0.787900 1 22 1.000000
 29 66.022629 0.501100 97.677048 0.654654 0.087972 -0.750792 0.347478 0.848371 1 22 1.000000
MarioHand_alb.png
 29 60.510269 1.664890 91.595314 0.712610 -0.023509 -0.701166 0.336233 0.748180 1 22 1.000000
 29 63.719524 4.148190 93.940361 0.802296 -0.150693 -0.577592 0.378836 0.787900 1 22 1.000000
 29 63.039150 1.145862 94.459747 0.753420 -0.093891 -0.650802 0.341253 0.795438 1 22 1.000000
MarioHand_alb.png
 29 57.977592 -1.360754 87.893951 0.496638 0.277535 -0.822390 0.287846 0.704051 1 22 1.000000
 29 54.695721 -0.282015 87.010811 0.170131 0.233060 -0.957465 0.296239 0.662318 1 22 1.000000
 29 57.924141 2.149680 89.250603 0.508710 0.113354 -0.853443 0.333333 0.703883 1 22 1.000000
MarioHand_alb.png
 29 56.481384 -5.327899 86.683243 -0.035101 -0.138877 -0.989688 0.238514 0.687938 1 22 1.000000
 29 54.695721 -0.282015 87.010811 0.170131 0.233060 -0.957465 0.296239 0.662318 1 22 1.000000
 29 57.977592 -1.360754 87.893951 0.496638 0.277535 -0.822390 0.287846 0.704051 1 22 1.000000
MarioHand_alb.png
 29 60.994736 -1.314394 91.073036 0.767117 0.213332 -0.604996 0.299733 0.756054 1 22 1.000000
 29 57.924141 2.149680 89.250603 0.508710 0.113354 -0.853443 0.333333 0.703883 1 22 1.000000
 29 60.510269 1.664890 91.595314 0.712610 -0.023509 -0.701166 0.336233 0.748180 1 22 1.000000
MarioHand_alb.png
 29 57.977592 -1.360754 87.893951 0.496638 0.277535 -0.822390 0.287846 0.704051 1 22 1.000000
 29 57.924141 2.149680 89.250603 0.508710 0.113354 -0.853443 0.333333 0.703883 1 22 1.000000
 29 60.994736 -1.314394 91.073036 0.767117 0.213332 -0.604996 0.299733 0.756054 1 22 1.000000
MarioHand_alb.png
 29 60.994736 -1.314394 91.073036 0.767117 0.213332 -0.604996 0.299733 0.756054 1 22 1.000000
 29 60.510269 1.664890 91.595314 0.712610 -0.023509 -0.701166 0.336233 0.748180 1 22 1.000000
 29 63.039150 1.145862 94.459747 0.753420 -0.093891 -0.650802 0.341253 0.795438 1 22 1.000000
MarioHand_alb.png
 29 56.481384 -5.327899 86.683243 -0.035101 -0.138877 -0.989688 0.238514 0.687938 1 22 1.000000
 29 57.977592 -1.360754 87.893951 0.496638 0.277535 -0.822390 0.287846 0.704051 1 22 1.000000
 29 60.080124 -4.827200 87.971237 0.563089 0.238531 -0.791223 0.247639 0.731731 1 22 1.000000
MarioHand_alb.png
 29 60.080124 -4.827200 87.971237 0.563089 0.238531 -0.791223 0.247639 0.731731 1 22 1.000000
 29 57.977592 -1.360754 87.893951 0.496638 0.277535 -0.822390 0.287846 0.704051 1 22 1.000000
 29 60.994736 -1.314394 91.073036 0.767117 0.213332 -0.604996 0.299733 0.756054 1 22 1.000000
MarioHand_alb.png
 29 63.039150 1.145862 94.459747 0.753420 -0.093891 -0.650802 0.341253 0.795438 1 22 1.000000
 29 66.022629 0.501100 97.677048 0.654654 0.087972 -0.750792 0.347478 0.848371 1 22 1.000000
 29 63.193771 -1.614635 94.425011 0.819829 0.099784 -0.563847 0.306157 0.804303 1 22 1.000000
MarioHand_alb.png
 29 60.994736 -1.314394 91.073036 0.767117 0.213332 -0.604996 0.299733 0.756054 1 22 1.000000
 29 63.039150 1.145862 94.459747 0.753420 -0.093891 -0.650802 0.341253 0.795438 1 22 1.000000
 29 63.193771 -1.614635 94.425011 0.819829 0.099784 -0.563847 0.306157 0.804303 1 22 1.000000
MarioHand_alb.png
 29 66.022629 0.501100 97.677048 0.654654 0.087972 -0.750792 0.347478 0.848371 1 22 1.000000
 29 65.679405 -2.566155 98.622284 0.584996 0.064473 -0.808469 0.313024 0.864622 1 22 1.000000
 29 63.193771 -1.614635 94.425011 0.819829 0.099784 -0.563847 0.306157 0.804303 1 22 1.000000
MarioHand_alb.png
 29 64.954102 -4.702853 96.703148 0.637342 0.121171 -0.760994 0.279179 0.850584 1 22 1.000000
 29 63.193771 -1.614635 94.425011 0.819829 0.099784 -0.563847 0.306157 0.804303 1 22 1.000000
 29 65.679405 -2.566155 98.622284 0.584996 0.064473 -0.808469 0.313024 0.864622 1 22 1.000000
MarioHand_alb.png
 29 61.646088 -4.169943 91.259323 0.837726 0.226979 -0.496685 0.267933 0.771298 1 22 1.000000
 29 60.994736 -1.314394 91.073036 0.767117 0.213332 -0.604996 0.299733 0.756054 1 22 1.000000
 29 63.193771 -1.614635 94.425011 0.819829 0.099784 -0.563847 0.306157 0.804303 1 22 1.000000
MarioHand_alb.png
 29 60.080124 -4.827200 87.971237 0.563089 0.238531 -0.791223 0.247639 0.731731 1 22 1.000000
 29 60.994736 -1.314394 91.073036 0.767117 0.213332 -0.604996 0.299733 0.756054 1 22 1.000000
 29 61.646088 -4.169943 91.259323 0.837726 0.226979 -0.496685 0.267933 0.771298 1 22 1.000000
MarioHand_alb.png
 29 63.468861 -4.844750 93.913940 0.881719 0.107497 -0.459364 0.269032 0.813626 1 22 1.000000
 29 63.193771 -1.614635 94.425011 0.819829 0.099784 -0.563847 0.306157 0.804303 1 22 1.000000
 29 64.954102 -4.702853 96.703148 0.637342 0.121171 -0.760994 0.279179 0.850584 1 22 1.000000
MarioHand_alb.png
 29 61.646088 -4.169943 91.259323 0.837726 0.226979 -0.496685 0.267933 0.771298 1 22 1.000000
 29 63.193771 -1.614635 94.425011 0.819829 0.099784 -0.563847 0.306157 0.804303 1 22 1.000000
 29 63.468861 -4.844750 93.913940 0.881719 0.107497 -0.459364 0.269032 0.813626 1 22 1.000000
MarioHand_alb.png
 29 63.862984 -7.845394 95.706291 0.833139 -0.526243 -0.170137 0.241749 0.843839 1 22 1.000000
 29 64.954102 -4.702853 96.703148 0.637342 0.121171 -0.760994 0.279179 0.850584 1 22 1.000000
 29 65.061844 -7.899656 97.629257 0.227371 -0.780635 -0.582162 0.249042 0.875486 1 22 1.000000
MarioHand_alb.png
 29 63.468861 -4.844750 93.913940 0.881719 0.107497 -0.459364 0.269032 0.813626 1 22 1.000000
 29 64.954102 -4.702853 96.703148 0.637342 0.121171 -0.760994 0.279179 0.850584 1 22 1.000000
 29 63.862984 -7.845394 95.706291 0.833139 -0.526243 -0.170137 0.241749 0.843839 1 22 1.000000
MarioHand_alb.png
 29 63.468861 -4.844750 93.913940 0.881719 0.107497 -0.459364 0.269032 0.813626 1 22 1.000000
 29 63.862984 -7.845394 95.706291 0.833139 -0.526243 -0.170137 0.241749 0.843839 1 22 1.000000
 29 63.423073 -8.390337 93.801964 0.968839 -0.140939 0.203685 0.233616 0.825773 1 22 1.000000
MarioHand_alb.png
 29 62.766357 -6.804211 91.059151 0.874204 0.350139 -0.336408 0.241413 0.788861 1 22 1.000000
 29 63.468861 -4.844750 93.913940 0.881719 0.107497 -0.459364 0.269032 0.813626 1 22 1.000000
 29 63.423073 -8.390337 93.801964 0.968839 -0.140939 0.203685 0.233616 0.825773 1 22 1.000000
MarioHand_alb.png
 29 61.646088 -4.169943 91.259323 0.837726 0.226979 -0.496685 0.267933 0.771298 1 22 1.000000
 29 63.468861 -4.844750 93.913940 0.881719 0.107497 -0.459364 0.269032 0.813626 1 22 1.000000
 29 62.766357 -6.804211 91.059151 0.874204 0.350139 -0.336408 0.241413 0.788861 1 22 1.000000
MarioHand_alb.png
 29 61.546864 -7.628983 88.260551 0.526403 0.250518 -0.812491 0.217624 0.761868 1 22 1.000000
 29 61.646088 -4.169943 91.259323 0.837726 0.226979 -0.496685 0.267933 0.771298 1 22 1.000000
 29 62.766357 -6.804211 91.059151 0.874204 0.350139 -0.336408 0.241413 0.788861 1 22 1.000000
MarioHand_alb.png
 29 61.546864 -7.628983 88.260551 0.526403 0.250518 -0.812491 0.217624 0.761868 1 22 1.000000
 29 60.080124 -4.827200 87.971237 0.563089 0.238531 -0.791223 0.247639 0.731731 1 22 1.000000
 29 61.646088 -4.169943 91.259323 0.837726 0.226979 -0.496685 0.267933 0.771298 1 22 1.000000
MarioHand_alb.png
 29 58.291008 -7.541601 87.136871 0.058758 -0.111507 -0.992025 0.214008 0.715053 1 22 1.000000
 29 60.080124 -4.827200 87.971237 0.563089 0.238531 -0.791223 0.247639 0.731731 1 22 1.000000
 29 61.546864 -7.628983 88.260551 0.526403 0.250518 -0.812491 0.217624 0.761868 1 22 1.000000
MarioHand_alb.png
 29 58.291008 -7.541601 87.136871 0.058758 -0.111507 -0.992025 0.214008 0.715053 1 22 1.000000
 29 56.481384 -5.327899 86.683243 -0.035101 -0.138877 -0.989688 0.238514 0.687938 1 22 1.000000
 29 60.080124 -4.827200 87.971237 0.563089 0.238531 -0.791223 0.247639 0.731731 1 22 1.000000
MarioHand_alb.png
 29 59.607674 -10.156182 87.315422 0.015253 0.007817 -0.999853 0.186007 0.742763 1 22 1.000000
 29 58.291008 -7.541601 87.136871 0.058758 -0.111507 -0.992025 0.214008 0.715053 1 22 1.000000
 29 61.546864 -7.628983 88.260551 0.526403 0.250518 -0.812491 0.217624 0.761868 1 22 1.000000
MarioHand_alb.png
 29 55.073109 -8.684518 88.309616 -0.407449 -0.483941 -0.774459 0.194919 0.672801 1 22 1.000000
 29 56.481384 -5.327899 86.683243 -0.035101 -0.138877 -0.989688 0.238514 0.687938 1 22 1.000000
 29 58.291008 -7.541601 87.136871 0.058758 -0.111507 -0.992025 0.214008 0.715053 1 22 1.000000
MarioHand_alb.png
 29 56.751434 -10.616809 88.503929 -0.473051 -0.463514 -0.749252 0.173526 0.702617 1 22 1.000000
 29 58.291008 -7.541601 87.136871 0.058758 -0.111507 -0.992025 0.214008 0.715053 1 22 1.000000
 29 59.607674 -10.156182 87.315422 0.015253 0.007817 -0.999853 0.186007 0.742763 1 22 1.000000
MarioHand_alb.png
 29 56.751434 -10.616809 88.503929 -0.473051 -0.463514 -0.749252 0.173526 0.702617 1 22 1.000000
 29 55.073109 -8.684518 88.309616 -0.407449 -0.483941 -0.774459 0.194919 0.672801 1 22 1.000000
 29 58.291008 -7.541601 87.136871 0.058758 -0.111507 -0.992025 0.214008 0.715053 1 22 1.000000
MarioHand_alb.png
 29 58.668915 -11.881344 87.845352 -0.440270 -0.334495 -0.833232 0.163043 0.732021 1 22 1.000000
 29 56.751434 -10.616809 88.503929 -0.473051 -0.463514 -0.749252 0.173526 0.702617 1 22 1.000000
 29 59.607674 -10.156182 87.315422 0.015253 0.007817 -0.999853 0.186007 0.742763 1 22 1.000000
MarioHand_alb.png
 29 56.751434 -10.616809 88.503929 -0.473051 -0.463514 -0.749252 0.173526 0.702617 1 22 1.000000
 29 54.780865 -10.398161 90.697601 -0.632116 -0.741697 -0.224312 0.162478 0.659998 1 22 1.000000
 29 55.073109 -8.684518 88.309616 -0.407449 -0.483941 -0.774459 0.194919 0.672801 1 22 1.000000
MarioHand_alb.png
 29 58.668915 -11.881344 87.845352 -0.440270 -0.334495 -0.833232 0.163043 0.732021 1 22 1.000000
 29 58.369011 -13.274328 89.271484 -0.608820 -0.688738 -0.393673 0.140261 0.721492 1 22 1.000000
 29 56.751434 -10.616809 88.503929 -0.473051 -0.463514 -0.749252 0.173526 0.702617 1 22 1.000000
MarioHand_alb.png
 29 56.751434 -10.616809 88.503929 -0.473051 -0.463514 -0.749252 0.173526 0.702617 1 22 1.000000
 29 56.569305 -11.986382 90.516418 -0.675939 -0.718472 -0.164026 0.146059 0.691539 1 22 1.000000
 29 54.780865 -10.398161 90.697601 -0.632116 -0.741697 -0.224312 0.162478 0.659998 1 22 1.000000
MarioHand_alb.png
 29 58.369011 -13.274328 89.271484 -0.608820 -0.688738 -0.393673 0.140261 0.721492 1 22 1.000000
 29 56.569305 -11.986382 90.516418 -0.675939 -0.718472 -0.164026 0.146059 0.691539 1 22 1.000000
 29 56.751434 -10.616809 88.503929 -0.473051 -0.463514 -0.749252 0.173526 0.702617 1 22 1.000000
MarioHand_alb.png
 29 60.129509 4.117122 106.252625 0.332592 0.436337 0.836058 0.174807 0.908247 1 22 1.000000
 29 59.451851 3.503901 106.843796 0.282371 0.003911 0.959297 0.165896 0.899763 1 22 1.000000
 29 60.459366 3.504579 106.273285 0.493009 0.003911 0.870016 0.179355 0.899763 1 22 1.000000
MarioHand_alb.png
 29 59.451851 3.503901 106.843796 0.282371 0.003911 0.959297 0.165896 0.899763 1 22 1.000000
 29 60.132545 2.890305 106.256470 0.334845 -0.430355 0.838256 0.174807 0.891279 1 22 1.000000
 29 60.459366 3.504579 106.273285 0.493009 0.003911 0.870016 0.179355 0.899763 1 22 1.000000
MarioHand_alb.png
 29 59.451851 3.503901 106.843796 0.282371 0.003911 0.959297 0.165896 0.899763 1 22 1.000000
 29 59.236603 2.438885 106.206696 0.201414 -0.575395 0.792687 0.162371 0.885069 1 22 1.000000
 29 60.132545 2.890305 106.256470 0.334845 -0.430355 0.838256 0.174807 0.891279 1 22 1.000000
MarioHand_alb.png
 29 59.451851 3.503901 106.843796 0.282371 0.003911 0.959297 0.165896 0.899763 1 22 1.000000
 29 57.974762 2.759641 106.761726 -0.045008 -0.582384 0.811667 0.145403 0.889525 1 22 1.000000
 29 59.236603 2.438885 106.206696 0.201414 -0.575395 0.792687 0.162371 0.885069 1 22 1.000000
MarioHand_alb.png
 29 59.451851 3.503901 106.843796 0.282371 0.003911 0.959297 0.165896 0.899763 1 22 1.000000
 29 60.129509 4.117122 106.252625 0.332592 0.436337 0.836058 0.174807 0.908247 1 22 1.000000
 29 59.231392 4.563795 106.200027 0.199475 0.581453 0.788747 0.162371 0.914458 1 22 1.000000
MarioHand_alb.png
 29 59.451851 3.503901 106.843796 0.282371 0.003911 0.959297 0.165896 0.899763 1 22 1.000000
 29 59.231392 4.563795 106.200027 0.199475 0.581453 0.788747 0.162371 0.914458 1 22 1.000000
 29 57.971111 4.240333 106.757057 -0.046924 0.587308 0.808002 0.145403 0.910002 1 22 1.000000
MarioHand_alb.png
 29 59.451851 3.503901 106.843796 0.282371 0.003911 0.959297 0.165896 0.899763 1 22 1.000000
 29 57.952522 3.501061 107.116570 -0.056441 0.003909 0.998398 0.145403 0.899763 1 22 1.000000
 29 57.974762 2.759641 106.761726 -0.045008 -0.582384 0.811667 0.145403 0.889525 1 22 1.000000
MarioHand_alb.png
 29 59.451851 3.503901 106.843796 0.282371 0.003911 0.959297 0.165896 0.899763 1 22 1.000000
 29 57.971111 4.240333 106.757057 -0.046924 0.587308 0.808002 0.145403 0.910002 1 22 1.000000
 29 57.952522 3.501061 107.116570 -0.056441 0.003909 0.998398 0.145403 0.899763 1 22 1.000000
MarioHand_alb.png
 29 57.952522 3.501061 107.116570 -0.056441 0.003909 0.998398 0.145403 0.899763 1 22 1.000000
 29 56.494011 3.496081 106.674995 -0.387647 0.001955 0.921806 0.124910 0.899763 1 22 1.000000
 29 57.974762 2.759641 106.761726 -0.045008 -0.582384 0.811667 0.145403 0.889525 1 22 1.000000
MarioHand_alb.png
 29 57.952522 3.501061 107.116570 -0.056441 0.003909 0.998398 0.145403 0.899763 1 22 1.000000
 29 57.971111 4.240333 106.757057 -0.046924 0.587308 0.808002 0.145403 0.910002 1 22 1.000000
 29 56.494011 3.496081 106.674995 -0.387647 0.001955 0.921806 0.124910 0.899763 1 22 1.000000
MarioHand_alb.png
 29 57.974762 2.759641 106.761726 -0.045008 -0.582384 0.811667 0.145403 0.889525 1 22 1.000000
 29 56.494011 3.496081 106.674995 -0.387647 0.001955 0.921806 0.124910 0.899763 1 22 1.000000
 29 56.785889 2.432409 106.066856 -0.287657 -0.575814 0.765305 0.128420 0.885069 1 22 1.000000
MarioHand_alb.png
 29 56.494011 3.496081 106.674995 -0.387647 0.001955 0.921806 0.124910 0.899763 1 22 1.000000
 29 55.887787 2.879087 106.014252 -0.426534 -0.432590 0.794314 0.115984 0.891279 1 22 1.000000
 29 56.785889 2.432409 106.066856 -0.287657 -0.575814 0.765305 0.128420 0.885069 1 22 1.000000
MarioHand_alb.png
 29 57.971111 4.240333 106.757057 -0.046924 0.587308 0.808002 0.145403 0.910002 1 22 1.000000
 29 56.780670 4.557322 106.060158 -0.291425 0.579131 0.761367 0.128420 0.914458 1 22 1.000000
 29 56.494011 3.496081 106.674995 -0.387647 0.001955 0.921806 0.124910 0.899763 1 22 1.000000
MarioHand_alb.png
 29 56.494011 3.496081 106.674995 -0.387647 0.001955 0.921806 0.124910 0.899763 1 22 1.000000
 29 56.780670 4.557322 106.060158 -0.291425 0.579131 0.761367 0.128420 0.914458 1 22 1.000000
 29 55.884766 4.105906 106.010376 -0.428319 0.434040 0.792561 0.115984 0.908247 1 22 1.000000
MarioHand_alb.png
 29 56.494011 3.496081 106.674995 -0.387647 0.001955 0.921806 0.124910 0.899763 1 22 1.000000
 29 55.557934 3.491624 105.993553 -0.589078 0.001955 0.808074 0.111437 0.899763 1 22 1.000000
 29 55.887787 2.879087 106.014252 -0.426534 -0.432590 0.794314 0.115984 0.891279 1 22 1.000000
MarioHand_alb.png
 29 56.494011 3.496081 106.674995 -0.387647 0.001955 0.921806 0.124910 0.899763 1 22 1.000000
 29 55.884766 4.105906 106.010376 -0.428319 0.434040 0.792561 0.115984 0.908247 1 22 1.000000
 29 55.557934 3.491624 105.993553 -0.589078 0.001955 0.808074 0.111437 0.899763 1 22 1.000000
MarioHand_alb.png
 29 55.780319 -2.489127 104.991745 -0.477228 -0.630009 0.612652 0.035859 0.852110 1 22 1.000000
 29 56.681488 -2.932806 104.995346 -0.334183 -0.761448 0.555445 0.048280 0.845899 1 22 1.000000
 29 56.319389 -2.071729 105.840263 -0.458222 -0.246852 0.853872 0.044770 0.860594 1 22 1.000000
MarioHand_alb.png
 29 56.681488 -2.932806 104.995346 -0.334183 -0.761448 0.555445 0.048280 0.845899 1 22 1.000000
 29 57.805107 -2.803220 105.846199 -0.094222 -0.778714 0.620263 0.065263 0.850355 1 22 1.000000
 29 56.319389 -2.071729 105.840263 -0.458222 -0.246852 0.853872 0.044770 0.860594 1 22 1.000000
MarioHand_alb.png
 29 56.319389 -2.071729 105.840263 -0.458222 -0.246852 0.853872 0.044770 0.860594 1 22 1.000000
 29 56.629044 -0.884137 105.557068 -0.361732 0.354244 0.862358 0.048280 0.875303 1 22 1.000000
 29 55.750053 -1.306323 105.316032 -0.499116 0.205640 0.841781 0.035859 0.869078 1 22 1.000000
MarioHand_alb.png
 29 56.319389 -2.071729 105.840263 -0.458222 -0.246852 0.853872 0.044770 0.860594 1 22 1.000000
 29 57.768555 -1.375658 106.237625 -0.123217 0.348218 0.929280 0.065263 0.870832 1 22 1.000000
 29 56.629044 -0.884137 105.557068 -0.361732 0.354244 0.862358 0.048280 0.875303 1 22 1.000000
MarioHand_alb.png
 29 56.319389 -2.071729 105.840263 -0.458222 -0.246852 0.853872 0.044770 0.860594 1 22 1.000000
 29 55.439415 -1.893792 105.109116 -0.649620 -0.217168 0.728582 0.031296 0.860594 1 22 1.000000
 29 55.780319 -2.489127 104.991745 -0.477228 -0.630009 0.612652 0.035859 0.852110 1 22 1.000000
MarioHand_alb.png
 29 56.319389 -2.071729 105.840263 -0.458222 -0.246852 0.853872 0.044770 0.860594 1 22 1.000000
 29 55.750053 -1.306323 105.316032 -0.499116 0.205640 0.841781 0.035859 0.869078 1 22 1.000000
 29 55.439415 -1.893792 105.109116 -0.649620 -0.217168 0.728582 0.031296 0.860594 1 22 1.000000
MarioHand_alb.png
 29 56.319389 -2.071729 105.840263 -0.458222 -0.246852 0.853872 0.044770 0.860594 1 22 1.000000
 29 57.738747 -2.184326 106.383492 -0.135045 -0.265989 0.954470 0.065263 0.860594 1 22 1.000000
 29 57.768555 -1.375658 106.237625 -0.123217 0.348218 0.929280 0.065263 0.870832 1 22 1.000000
MarioHand_alb.png
 29 56.319389 -2.071729 105.840263 -0.458222 -0.246852 0.853872 0.044770 0.860594 1 22 1.000000
 29 57.805107 -2.803220 105.846199 -0.094222 -0.778714 0.620263 0.065263 0.850355 1 22 1.000000
 29 57.738747 -2.184326 106.383492 -0.135045 -0.265989 0.954470 0.065263 0.860594 1 22 1.000000
MarioHand_alb.png
 29 57.768555 -1.375658 106.237625 -0.123217 0.348218 0.929280 0.065263 0.870832 1 22 1.000000
 29 57.738747 -2.184326 106.383492 -0.135045 -0.265989 0.954470 0.065263 0.860594 1 22 1.000000
 29 59.254257 -2.107163 106.243568 0.205198 -0.254209 0.945131 0.085756 0.860594 1 22 1.000000
MarioHand_alb.png
 29 57.805107 -2.803220 105.846199 -0.094222 -0.778714 0.620263 0.065263 0.850355 1 22 1.000000
 29 59.254257 -2.107163 106.243568 0.205198 -0.254209 0.945131 0.085756 0.860594 1 22 1.000000
 29 57.738747 -2.184326 106.383492 -0.135045 -0.265989 0.954470 0.065263 0.860594 1 22 1.000000
MarioHand_alb.png
 29 57.768555 -1.375658 106.237625 -0.123217 0.348218 0.929280 0.065263 0.870832 1 22 1.000000
 29 59.254257 -2.107163 106.243568 0.205198 -0.254209 0.945131 0.085756 0.860594 1 22 1.000000
 29 59.060703 -0.913498 105.891212 0.125096 0.348120 0.929066 0.082246 0.875303 1 22 1.000000
MarioHand_alb.png
 29 59.254257 -2.107163 106.243568 0.205198 -0.254209 0.945131 0.085756 0.860594 1 22 1.000000
 29 59.961830 -1.357189 105.894829 0.256363 0.197923 0.946100 0.094667 0.869078 1 22 1.000000
 29 59.060703 -0.913498 105.891212 0.125096 0.348120 0.929066 0.082246 0.875303 1 22 1.000000
MarioHand_alb.png
 29 57.805107 -2.803220 105.846199 -0.094222 -0.778714 0.620263 0.065263 0.850355 1 22 1.000000
 29 59.113152 -2.962170 105.329514 0.152595 -0.766909 0.623350 0.082246 0.845899 1 22 1.000000
 29 59.254257 -2.107163 106.243568 0.205198 -0.254209 0.945131 0.085756 0.860594 1 22 1.000000
MarioHand_alb.png
 29 59.113152 -2.962170 105.329514 0.152595 -0.766909 0.623350 0.082246 0.845899 1 22 1.000000
 29 59.992123 -2.539985 105.570526 0.278138 -0.640571 0.715757 0.094667 0.852110 1 22 1.000000
 29 59.254257 -2.107163 106.243568 0.205198 -0.254209 0.945131 0.085756 0.860594 1 22 1.000000
MarioHand_alb.png
 29 59.254257 -2.107163 106.243568 0.205198 -0.254209 0.945131 0.085756 0.860594 1 22 1.000000
 29 59.992123 -2.539985 105.570526 0.278138 -0.640571 0.715757 0.094667 0.852110 1 22 1.000000
 29 60.302753 -1.952513 105.777443 0.423077 -0.229016 0.876674 0.099229 0.860594 1 22 1.000000
MarioHand_alb.png
 29 59.254257 -2.107163 106.243568 0.205198 -0.254209 0.945131 0.085756 0.860594 1 22 1.000000
 29 60.302753 -1.952513 105.777443 0.423077 -0.229016 0.876674 0.099229 0.860594 1 22 1.000000
 29 59.961830 -1.357189 105.894829 0.256363 0.197923 0.946100 0.094667 0.869078 1 22 1.000000
MarioHand_alb.png
 29 68.071632 -2.383778 99.066017 0.099946 -0.788744 -0.606543 0.079576 0.244602 1 22 1.000000
 29 65.679405 -2.566155 98.622284 0.584996 0.064473 -0.808469 0.072404 0.280751 1 22 1.000000
 29 66.022629 0.501100 97.677048 0.654654 0.087972 -0.750792 0.031403 0.268055 1 22 1.000000
MarioHand_alb.png
 29 68.093338 0.388947 98.264977 0.092347 0.127155 -0.987575 0.040955 0.237339 1 22 1.000000
 29 68.071632 -2.383778 99.066017 0.099946 -0.788744 -0.606543 0.079576 0.244602 1 22 1.000000
 29 66.022629 0.501100 97.677048 0.654654 0.087972 -0.750792 0.031403 0.268055 1 22 1.000000
MarioHand_alb.png
 29 68.071632 -2.383778 99.066017 0.099946 -0.788744 -0.606543 0.079576 0.244602 1 22 1.000000
 29 65.770264 -2.784644 101.334229 0.951188 -0.287521 -0.112129 0.108888 0.283192 1 22 1.000000
 29 65.679405 -2.566155 98.622284 0.584996 0.064473 -0.808469 0.072404 0.280751 1 22 1.000000
MarioHand_alb.png
 29 70.595619 -2.246934 99.098732 0.070955 -0.775043 -0.627912 0.083787 0.206149 1 22 1.000000
 29 68.071632 -2.383778 99.066017 0.099946 -0.788744 -0.606543 0.079576 0.244602 1 22 1.000000
 29 68.093338 0.388947 98.264977 0.092347 0.127155 -0.987575 0.040955 0.237339 1 22 1.000000
MarioHand_alb.png
 29 70.595619 -2.246934 99.098732 0.070955 -0.775043 -0.627912 0.083787 0.206149 1 22 1.000000
 29 68.093338 0.388947 98.264977 0.092347 0.127155 -0.987575 0.040955 0.237339 1 22 1.000000
 29 70.524826 0.299458 98.080383 0.076299 0.094002 -0.992644 0.047181 0.199695 1 22 1.000000
MarioHand_alb.png
 29 72.300919 0.310846 98.591873 0.171710 0.076357 -0.982184 0.053422 0.164736 1 22 1.000000
 29 70.595619 -2.246934 99.098732 0.070955 -0.775043 -0.627912 0.083787 0.206149 1 22 1.000000
 29 70.524826 0.299458 98.080383 0.076299 0.094002 -0.992644 0.047181 0.199695 1 22 1.000000
MarioHand_alb.png
 29 68.248741 -2.539516 101.816284 0.051117 -0.997934 -0.038910 0.117159 0.246723 1 22 1.000000
 29 65.770264 -2.784644 101.334229 0.951188 -0.287521 -0.112129 0.108888 0.283192 1 22 1.000000
 29 68.071632 -2.383778 99.066017 0.099946 -0.788744 -0.606543 0.079576 0.244602 1 22 1.000000
MarioHand_alb.png
 29 70.595619 -2.246934 99.098732 0.070955 -0.775043 -0.627912 0.083787 0.206149 1 22 1.000000
 29 68.248741 -2.539516 101.816284 0.051117 -0.997934 -0.038910 0.117159 0.246723 1 22 1.000000
 29 68.071632 -2.383778 99.066017 0.099946 -0.788744 -0.606543 0.079576 0.244602 1 22 1.000000
MarioHand_alb.png
 29 68.248741 -2.539516 101.816284 0.051117 -0.997934 -0.038910 0.117159 0.246723 1 22 1.000000
 29 68.360748 -2.505651 103.792282 0.093842 -0.964411 0.247194 0.144915 0.248829 1 22 1.000000
 29 65.770264 -2.784644 101.334229 0.951188 -0.287521 -0.112129 0.108888 0.283192 1 22 1.000000
MarioHand_alb.png
 29 65.770264 -2.784644 101.334229 0.951188 -0.287521 -0.112129 0.108888 0.283192 1 22 1.000000
 29 68.360748 -2.505651 103.792282 0.093842 -0.964411 0.247194 0.144915 0.248829 1 22 1.000000
 29 66.057907 -2.858260 104.745010 0.242607 -0.305285 0.920838 0.155764 0.284443 1 22 1.000000
MarioHand_alb.png
 29 70.705002 -2.575724 101.824028 0.017548 -0.998832 -0.045013 0.121355 0.209827 1 22 1.000000
 29 68.248741 -2.539516 101.816284 0.051117 -0.997934 -0.038910 0.117159 0.246723 1 22 1.000000
 29 70.595619 -2.246934 99.098732 0.070955 -0.775043 -0.627912 0.083787 0.206149 1 22 1.000000
MarioHand_alb.png
 29 70.705002 -2.575724 101.824028 0.017548 -0.998832 -0.045013 0.121355 0.209827 1 22 1.000000
 29 68.360748 -2.505651 103.792282 0.093842 -0.964411 0.247194 0.144915 0.248829 1 22 1.000000
 29 68.248741 -2.539516 101.816284 0.051117 -0.997934 -0.038910 0.117159 0.246723 1 22 1.000000
MarioHand_alb.png
 29 72.524460 -2.115834 99.516350 0.103761 -0.796925 -0.595101 0.088670 0.171633 1 22 1.000000
 29 70.595619 -2.246934 99.098732 0.070955 -0.775043 -0.627912 0.083787 0.206149 1 22 1.000000
 29 72.300919 0.310846 98.591873 0.171710 0.076357 -0.982184 0.053422 0.164736 1 22 1.000000
MarioHand_alb.png
 29 72.524460 -2.115834 99.516350 0.103761 -0.796925 -0.595101 0.088670 0.171633 1 22 1.000000
 29 70.705002 -2.575724 101.824028 0.017548 -0.998832 -0.045013 0.121355 0.209827 1 22 1.000000
 29 70.595619 -2.246934 99.098732 0.070955 -0.775043 -0.627912 0.083787 0.206149 1 22 1.000000
MarioHand_alb.png
 29 73.645622 0.333737 98.826096 -0.324370 0.058691 -0.944108 0.062165 0.125048 1 22 1.000000
 29 72.524460 -2.115834 99.516350 0.103761 -0.796925 -0.595101 0.088670 0.171633 1 22 1.000000
 29 72.300919 0.310846 98.591873 0.171710 0.076357 -0.982184 0.053422 0.164736 1 22 1.000000
MarioHand_alb.png
 29 68.360748 -2.505651 103.792282 0.093842 -0.964411 0.247194 0.144915 0.248829 1 22 1.000000
 29 68.348785 -1.518510 105.316292 0.042718 -0.476739 0.878006 0.170428 0.249943 1 22 1.000000
 29 66.057907 -2.858260 104.745010 0.242607 -0.305285 0.920838 0.155764 0.284443 1 22 1.000000
MarioHand_alb.png
 29 66.057907 -2.858260 104.745010 0.242607 -0.305285 0.920838 0.155764 0.284443 1 22 1.000000
 29 68.348785 -1.518510 105.316292 0.042718 -0.476739 0.878006 0.170428 0.249943 1 22 1.000000
 29 65.698730 0.337868 105.534775 0.109836 -0.103681 0.988527 0.195315 0.286320 1 22 1.000000
MarioHand_alb.png
 29 70.705002 -2.575724 101.824028 0.017548 -0.998832 -0.045013 0.121355 0.209827 1 22 1.000000
 29 70.949753 -2.428025 103.687149 0.021362 -0.942000 0.334933 0.147143 0.212131 1 22 1.000000
 29 68.360748 -2.505651 103.792282 0.093842 -0.964411 0.247194 0.144915 0.248829 1 22 1.000000
MarioHand_alb.png
 29 68.360748 -2.505651 103.792282 0.093842 -0.964411 0.247194 0.144915 0.248829 1 22 1.000000
 29 70.949753 -2.428025 103.687149 0.021362 -0.942000 0.334933 0.147143 0.212131 1 22 1.000000
 29 68.348785 -1.518510 105.316292 0.042718 -0.476739 0.878006 0.170428 0.249943 1 22 1.000000
MarioHand_alb.png
 29 73.190521 -2.607883 101.933830 0.005341 -0.998476 -0.054932 0.124804 0.175952 1 22 1.000000
 29 70.705002 -2.575724 101.824028 0.017548 -0.998832 -0.045013 0.121355 0.209827 1 22 1.000000
 29 72.524460 -2.115834 99.516350 0.103761 -0.796925 -0.595101 0.088670 0.171633 1 22 1.000000
MarioHand_alb.png
 29 73.190521 -2.607883 101.933830 0.005341 -0.998476 -0.054932 0.124804 0.175952 1 22 1.000000
 29 70.949753 -2.428025 103.687149 0.021362 -0.942000 0.334933 0.147143 0.212131 1 22 1.000000
 29 70.705002 -2.575724 101.824028 0.017548 -0.998832 -0.045013 0.121355 0.209827 1 22 1.000000
MarioHand_alb.png
 29 73.645622 0.333737 98.826096 -0.324370 0.058691 -0.944108 0.062165 0.125048 1 22 1.000000
 29 74.160683 -2.013633 99.535095 -0.221259 -0.822378 -0.524155 0.095506 0.133227 1 22 1.000000
 29 72.524460 -2.115834 99.516350 0.103761 -0.796925 -0.595101 0.088670 0.171633 1 22 1.000000
MarioHand_alb.png
 29 73.190521 -2.607883 101.933830 0.005341 -0.998476 -0.054932 0.124804 0.175952 1 22 1.000000
 29 72.524460 -2.115834 99.516350 0.103761 -0.796925 -0.595101 0.088670 0.171633 1 22 1.000000
 29 74.160683 -2.013633 99.535095 -0.221259 -0.822378 -0.524155 0.095506 0.133227 1 22 1.000000
MarioHand_alb.png
 29 75.138031 -1.952091 98.477104 -0.634058 -0.702359 -0.323515 0.103441 0.100328 1 22 1.000000
 29 74.160683 -2.013633 99.535095 -0.221259 -0.822378 -0.524155 0.095506 0.133227 1 22 1.000000
 29 73.645622 0.333737 98.826096 -0.324370 0.058691 -0.944108 0.062165 0.125048 1 22 1.000000
MarioHand_alb.png
 29 74.458160 0.351513 97.898163 -0.926568 0.021532 -0.375512 0.071824 0.090394 1 22 1.000000
 29 75.138031 -1.952091 98.477104 -0.634058 -0.702359 -0.323515 0.103441 0.100328 1 22 1.000000
 29 73.645622 0.333737 98.826096 -0.324370 0.058691 -0.944108 0.062165 0.125048 1 22 1.000000
MarioHand_alb.png
 29 75.251778 -2.650177 101.399025 -0.015259 -0.999345 -0.032806 0.129335 0.138506 1 22 1.000000
 29 73.190521 -2.607883 101.933830 0.005341 -0.998476 -0.054932 0.124804 0.175952 1 22 1.000000
 29 74.160683 -2.013633 99.535095 -0.221259 -0.822378 -0.524155 0.095506 0.133227 1 22 1.000000
MarioHand_alb.png
 29 75.537407 -1.812595 96.498482 -0.703433 -0.585582 -0.402834 0.114229 0.069535 1 22 1.000000
 29 75.138031 -1.952091 98.477104 -0.634058 -0.702359 -0.323515 0.103441 0.100328 1 22 1.000000
 29 74.458160 0.351513 97.898163 -0.926568 0.021532 -0.375512 0.071824 0.090394 1 22 1.000000
MarioHand_alb.png
 29 75.537407 -1.812595 96.498482 -0.703433 -0.585582 -0.402834 0.114229 0.069535 1 22 1.000000
 29 74.458160 0.351513 97.898163 -0.926568 0.021532 -0.375512 0.071824 0.090394 1 22 1.000000
 29 74.704613 0.363512 96.063515 -0.885861 0.005863 -0.463913 0.085740 0.057664 1 22 1.000000
MarioHand_alb.png
 29 76.123558 0.366583 94.841103 -0.440181 0.001955 -0.897907 0.103166 0.034180 1 22 1.000000
 29 75.537407 -1.812595 96.498482 -0.703433 -0.585582 -0.402834 0.114229 0.069535 1 22 1.000000
 29 74.704613 0.363512 96.063515 -0.885861 0.005863 -0.463913 0.085740 0.057664 1 22 1.000000
MarioHand_alb.png
 29 76.585129 -2.768144 99.615845 -0.035858 -0.998658 -0.037384 0.135424 0.106584 1 22 1.000000
 29 74.160683 -2.013633 99.535095 -0.221259 -0.822378 -0.524155 0.095506 0.133227 1 22 1.000000
 29 75.138031 -1.952091 98.477104 -0.634058 -0.702359 -0.323515 0.103441 0.100328 1 22 1.000000
MarioHand_alb.png
 29 76.585129 -2.768144 99.615845 -0.035858 -0.998658 -0.037384 0.135424 0.106584 1 22 1.000000
 29 75.251778 -2.650177 101.399025 -0.015259 -0.999345 -0.032806 0.129335 0.138506 1 22 1.000000
 29 74.160683 -2.013633 99.535095 -0.221259 -0.822378 -0.524155 0.095506 0.133227 1 22 1.000000
MarioHand_alb.png
 29 76.778549 -1.344946 95.183205 -0.236492 -0.479159 -0.845268 0.125582 0.045960 1 22 1.000000
 29 75.537407 -1.812595 96.498482 -0.703433 -0.585582 -0.402834 0.114229 0.069535 1 22 1.000000
 29 76.123558 0.366583 94.841103 -0.440181 0.001955 -0.897907 0.103166 0.034180 1 22 1.000000
MarioHand_alb.png
 29 76.778549 -1.344946 95.183205 -0.236492 -0.479159 -0.845268 0.125582 0.045960 1 22 1.000000
 29 76.123558 0.366583 94.841103 -0.440181 0.001955 -0.897907 0.103166 0.034180 1 22 1.000000
 29 78.741302 0.368039 95.285812 0.467536 0.001954 -0.883972 0.136248 0.014069 1 22 1.000000
MarioHand_alb.png
 29 78.357079 -2.053884 96.014343 0.301340 -0.699780 -0.647690 0.153567 0.047578 1 22 1.000000
 29 76.778549 -1.344946 95.183205 -0.236492 -0.479159 -0.845268 0.125582 0.045960 1 22 1.000000
 29 78.741302 0.368039 95.285812 0.467536 0.001954 -0.883972 0.136248 0.014069 1 22 1.000000
MarioHand_alb.png
 29 78.357079 -2.053884 96.014343 0.301340 -0.699780 -0.647690 0.153567 0.047578 1 22 1.000000
 29 75.537407 -1.812595 96.498482 -0.703433 -0.585582 -0.402834 0.114229 0.069535 1 22 1.000000
 29 76.778549 -1.344946 95.183205 -0.236492 -0.479159 -0.845268 0.125582 0.045960 1 22 1.000000
MarioHand_alb.png
 29 77.544395 -2.713970 97.555222 0.017548 -0.987172 -0.158691 0.143786 0.075166 1 22 1.000000
 29 75.138031 -1.952091 98.477104 -0.634058 -0.702359 -0.323515 0.103441 0.100328 1 22 1.000000
 29 75.537407 -1.812595 96.498482 -0.703433 -0.585582 -0.402834 0.114229 0.069535 1 22 1.000000
MarioHand_alb.png
 29 78.357079 -2.053884 96.014343 0.301340 -0.699780 -0.647690 0.153567 0.047578 1 22 1.000000
 29 77.544395 -2.713970 97.555222 0.017548 -0.987172 -0.158691 0.143786 0.075166 1 22 1.000000
 29 75.537407 -1.812595 96.498482 -0.703433 -0.585582 -0.402834 0.114229 0.069535 1 22 1.000000
MarioHand_alb.png
 29 77.544395 -2.713970 97.555222 0.017548 -0.987172 -0.158691 0.143786 0.075166 1 22 1.000000
 29 76.585129 -2.768144 99.615845 -0.035858 -0.998658 -0.037384 0.135424 0.106584 1 22 1.000000
 29 75.138031 -1.952091 98.477104 -0.634058 -0.702359 -0.323515 0.103441 0.100328 1 22 1.000000
MarioHand_alb.png
 29 78.357079 -2.053884 96.014343 0.301340 -0.699780 -0.647690 0.153567 0.047578 1 22 1.000000
 29 78.978317 -2.303801 98.312172 0.474551 -0.876575 0.080109 0.162249 0.080827 1 22 1.000000
 29 77.544395 -2.713970 97.555222 0.017548 -0.987172 -0.158691 0.143786 0.075166 1 22 1.000000
MarioHand_alb.png
 29 77.544395 -2.713970 97.555222 0.017548 -0.987172 -0.158691 0.143786 0.075166 1 22 1.000000
 29 77.923111 -2.447944 100.240906 0.402836 -0.889810 0.214388 0.156237 0.110994 1 22 1.000000
 29 76.585129 -2.768144 99.615845 -0.035858 -0.998658 -0.037384 0.135424 0.106584 1 22 1.000000
MarioHand_alb.png
 29 78.978317 -2.303801 98.312172 0.474551 -0.876575 0.080109 0.162249 0.080827 1 22 1.000000
 29 77.923111 -2.447944 100.240906 0.402836 -0.889810 0.214388 0.156237 0.110994 1 22 1.000000
 29 77.544395 -2.713970 97.555222 0.017548 -0.987172 -0.158691 0.143786 0.075166 1 22 1.000000
MarioHand_alb.png
 29 77.923111 -2.447944 100.240906 0.402836 -0.889810 0.214388 0.156237 0.110994 1 22 1.000000
 29 76.535347 -2.459379 102.443344 0.299830 -0.878344 0.372308 0.151995 0.142123 1 22 1.000000
 29 76.585129 -2.768144 99.615845 -0.035858 -0.998658 -0.037384 0.135424 0.106584 1 22 1.000000
MarioHand_alb.png
 29 76.585129 -2.768144 99.615845 -0.035858 -0.998658 -0.037384 0.135424 0.106584 1 22 1.000000
 29 76.535347 -2.459379 102.443344 0.299830 -0.878344 0.372308 0.151995 0.142123 1 22 1.000000
 29 75.251778 -2.650177 101.399025 -0.015259 -0.999345 -0.032806 0.129335 0.138506 1 22 1.000000
MarioHand_alb.png
 29 78.978317 -2.303801 98.312172 0.474551 -0.876575 0.080109 0.162249 0.080827 1 22 1.000000
 29 79.029503 -1.372733 100.826904 0.752837 -0.496183 0.432481 0.176440 0.114183 1 22 1.000000
 29 77.923111 -2.447944 100.240906 0.402836 -0.889810 0.214388 0.156237 0.110994 1 22 1.000000
MarioHand_alb.png
 29 77.923111 -2.447944 100.240906 0.402836 -0.889810 0.214388 0.156237 0.110994 1 22 1.000000
 29 79.029503 -1.372733 100.826904 0.752837 -0.496183 0.432481 0.176440 0.114183 1 22 1.000000
 29 76.535347 -2.459379 102.443344 0.299830 -0.878344 0.372308 0.151995 0.142123 1 22 1.000000
MarioHand_alb.png
 29 79.880844 -1.344247 96.819374 0.755171 -0.478775 -0.447763 0.176287 0.058839 1 22 1.000000
 29 78.978317 -2.303801 98.312172 0.474551 -0.876575 0.080109 0.162249 0.080827 1 22 1.000000
 29 78.357079 -2.053884 96.014343 0.301340 -0.699780 -0.647690 0.153567 0.047578 1 22 1.000000
MarioHand_alb.png
 29 78.741302 0.368039 95.285812 0.467536 0.001954 -0.883972 0.199527 0.031968 1 22 1.000000
 29 79.880844 -1.344247 96.819374 0.755171 -0.478775 -0.447763 0.176287 0.058839 1 22 1.000000
 29 78.357079 -2.053884 96.014343 0.301340 -0.699780 -0.647690 0.153567 0.047578 1 22 1.000000
MarioHand_alb.png
 29 79.880844 -1.344247 96.819374 0.755171 -0.478775 -0.447763 0.176287 0.058839 1 22 1.000000
 29 79.988403 -1.253542 98.863968 0.824038 -0.501266 0.263997 0.179797 0.085298 1 22 1.000000
 29 78.978317 -2.303801 98.312172 0.474551 -0.876575 0.080109 0.162249 0.080827 1 22 1.000000
MarioHand_alb.png
 29 79.988403 -1.253542 98.863968 0.824038 -0.501266 0.263997 0.179797 0.085298 1 22 1.000000
 29 79.029503 -1.372733 100.826904 0.752837 -0.496183 0.432481 0.176440 0.114183 1 22 1.000000
 29 78.978317 -2.303801 98.312172 0.474551 -0.876575 0.080109 0.162249 0.080827 1 22 1.000000
MarioHand_alb.png
 29 78.741302 0.368039 95.285812 0.467536 0.001954 -0.883972 0.199527 0.031968 1 22 1.000000
 29 80.586685 0.366581 97.194984 0.936698 0.003909 -0.350117 0.199374 0.063401 1 22 1.000000
 29 79.880844 -1.344247 96.819374 0.755171 -0.478775 -0.447763 0.176287 0.058839 1 22 1.000000
MarioHand_alb.png
 29 79.880844 -1.344247 96.819374 0.755171 -0.478775 -0.447763 0.176287 0.058839 1 22 1.000000
 29 80.586685 0.366581 97.194984 0.936698 0.003909 -0.350117 0.199374 0.063401 1 22 1.000000
 29 79.988403 -1.253542 98.863968 0.824038 -0.501266 0.263997 0.179797 0.085298 1 22 1.000000
MarioHand_alb.png
 29 78.741302 0.368039 95.285812 0.467536 0.001954 -0.883972 0.199527 0.031968 1 22 1.000000
 29 79.837990 2.067166 96.803429 0.751609 0.487711 -0.444098 0.222538 0.058854 1 22 1.000000
 29 80.586685 0.366581 97.194984 0.936698 0.003909 -0.350117 0.199374 0.063401 1 22 1.000000
MarioHand_alb.png
 29 78.741302 0.368039 95.285812 0.467536 0.001954 -0.883972 0.199527 0.031968 1 22 1.000000
 29 78.353172 2.787046 96.021744 0.299082 0.700687 -0.647756 0.245212 0.048173 1 22 1.000000
 29 79.837990 2.067166 96.803429 0.751609 0.487711 -0.444098 0.222538 0.058854 1 22 1.000000
MarioHand_alb.png
 29 80.586685 0.366581 97.194984 0.936698 0.003909 -0.350117 0.199374 0.063401 1 22 1.000000
 29 80.379227 0.363509 99.056335 0.940137 -0.017629 0.340342 0.199115 0.086870 1 22 1.000000
 29 79.988403 -1.253542 98.863968 0.824038 -0.501266 0.263997 0.179797 0.085298 1 22 1.000000
MarioHand_alb.png
 29 80.586685 0.366581 97.194984 0.936698 0.003909 -0.350117 0.199374 0.063401 1 22 1.000000
 29 79.837990 2.067166 96.803429 0.751609 0.487711 -0.444098 0.222538 0.058854 1 22 1.000000
 29 80.021118 1.948125 98.870567 0.820881 0.517008 0.242602 0.218097 0.085801 1 22 1.000000
MarioHand_alb.png
 29 80.586685 0.366581 97.194984 0.936698 0.003909 -0.350117 0.199374 0.063401 1 22 1.000000
 29 80.021118 1.948125 98.870567 0.820881 0.517008 0.242602 0.218097 0.085801 1 22 1.000000
 29 80.379227 0.363509 99.056335 0.940137 -0.017629 0.340342 0.199115 0.086870 1 22 1.000000
MarioHand_alb.png
 29 79.988403 -1.253542 98.863968 0.824038 -0.501266 0.263997 0.179797 0.085298 1 22 1.000000
 29 80.379227 0.363509 99.056335 0.940137 -0.017629 0.340342 0.199115 0.086870 1 22 1.000000
 29 79.422302 0.359153 101.035141 0.862993 -0.029305 0.504366 0.198535 0.115465 1 22 1.000000
MarioHand_alb.png
 29 80.379227 0.363509 99.056335 0.940137 -0.017629 0.340342 0.199115 0.086870 1 22 1.000000
 29 80.021118 1.948125 98.870567 0.820881 0.517008 0.242602 0.218097 0.085801 1 22 1.000000
 29 79.422302 0.359153 101.035141 0.862993 -0.029305 0.504366 0.198535 0.115465 1 22 1.000000
MarioHand_alb.png
 29 79.988403 -1.253542 98.863968 0.824038 -0.501266 0.263997 0.179797 0.085298 1 22 1.000000
 29 79.422302 0.359153 101.035141 0.862993 -0.029305 0.504366 0.198535 0.115465 1 22 1.000000
 29 79.029503 -1.372733 100.826904 0.752837 -0.496183 0.432481 0.176440 0.114183 1 22 1.000000
MarioHand_alb.png
 29 79.837990 2.067166 96.803429 0.751609 0.487711 -0.444098 0.222538 0.058854 1 22 1.000000
 29 78.833496 3.103284 98.246468 0.489056 0.869605 0.067903 0.237812 0.080934 1 22 1.000000
 29 80.021118 1.948125 98.870567 0.820881 0.517008 0.242602 0.218097 0.085801 1 22 1.000000
MarioHand_alb.png
 29 79.837990 2.067166 96.803429 0.751609 0.487711 -0.444098 0.222538 0.058854 1 22 1.000000
 29 78.353172 2.787046 96.021744 0.299082 0.700687 -0.647756 0.245212 0.048173 1 22 1.000000
 29 78.833496 3.103284 98.246468 0.489056 0.869605 0.067903 0.237812 0.080934 1 22 1.000000
MarioHand_alb.png
 29 80.021118 1.948125 98.870567 0.820881 0.517008 0.242602 0.218097 0.085801 1 22 1.000000
 29 79.120331 2.063450 100.880646 0.767489 0.487286 0.416550 0.220188 0.114855 1 22 1.000000
 29 79.422302 0.359153 101.035141 0.862993 -0.029305 0.504366 0.198535 0.115465 1 22 1.000000
MarioHand_alb.png
 29 80.021118 1.948125 98.870567 0.820881 0.517008 0.242602 0.218097 0.085801 1 22 1.000000
 29 78.833496 3.103284 98.246468 0.489056 0.869605 0.067903 0.237812 0.080934 1 22 1.000000
 29 77.902420 3.211839 100.241501 0.433355 0.876461 0.209811 0.242206 0.111681 1 22 1.000000
MarioHand_alb.png
 29 80.021118 1.948125 98.870567 0.820881 0.517008 0.242602 0.218097 0.085801 1 22 1.000000
 29 77.902420 3.211839 100.241501 0.433355 0.876461 0.209811 0.242206 0.111681 1 22 1.000000
 29 79.120331 2.063450 100.880646 0.767489 0.487286 0.416550 0.220188 0.114855 1 22 1.000000
MarioHand_alb.png
 29 79.422302 0.359153 101.035141 0.862993 -0.029305 0.504366 0.198535 0.115465 1 22 1.000000
 29 77.673523 0.355633 103.510574 0.633798 -0.037110 0.772608 0.197986 0.145922 1 22 1.000000
 29 79.029503 -1.372733 100.826904 0.752837 -0.496183 0.432481 0.176440 0.114183 1 22 1.000000
MarioHand_alb.png
 29 79.422302 0.359153 101.035141 0.862993 -0.029305 0.504366 0.198535 0.115465 1 22 1.000000
 29 79.120331 2.063450 100.880646 0.767489 0.487286 0.416550 0.220188 0.114855 1 22 1.000000
 29 77.673523 0.355633 103.510574 0.633798 -0.037110 0.772608 0.197986 0.145922 1 22 1.000000
MarioHand_alb.png
 29 77.673523 0.355633 103.510574 0.633798 -0.037110 0.772608 0.197986 0.145922 1 22 1.000000
 29 77.415611 -1.389636 103.266014 0.563727 -0.463738 0.683491 0.174228 0.144747 1 22 1.000000
 29 79.029503 -1.372733 100.826904 0.752837 -0.496183 0.432481 0.176440 0.114183 1 22 1.000000
MarioHand_alb.png
 29 76.535347 -2.459379 102.443344 0.299830 -0.878344 0.372308 0.151995 0.142123 1 22 1.000000
 29 79.029503 -1.372733 100.826904 0.752837 -0.496183 0.432481 0.176440 0.114183 1 22 1.000000
 29 77.415611 -1.389636 103.266014 0.563727 -0.463738 0.683491 0.174228 0.144747 1 22 1.000000
MarioHand_alb.png
 29 79.120331 2.063450 100.880646 0.767489 0.487286 0.416550 0.220188 0.114855 1 22 1.000000
 29 77.525841 2.138901 103.376724 0.579030 0.432437 0.691174 0.221851 0.145327 1 22 1.000000
 29 77.673523 0.355633 103.510574 0.633798 -0.037110 0.772608 0.197986 0.145922 1 22 1.000000
MarioHand_alb.png
 29 77.673523 0.355633 103.510574 0.633798 -0.037110 0.772608 0.197986 0.145922 1 22 1.000000
 29 74.319107 0.353659 105.166389 0.293722 -0.037192 0.955167 0.197894 0.181872 1 22 1.000000
 29 77.415611 -1.389636 103.266014 0.563727 -0.463738 0.683491 0.174228 0.144747 1 22 1.000000
MarioHand_alb.png
 29 77.525841 2.138901 103.376724 0.579030 0.432437 0.691174 0.221851 0.145327 1 22 1.000000
 29 74.319107 0.353659 105.166389 0.293722 -0.037192 0.955167 0.197894 0.181872 1 22 1.000000
 29 77.673523 0.355633 103.510574 0.633798 -0.037110 0.772608 0.197986 0.145922 1 22 1.000000
MarioHand_alb.png
 29 76.535347 -2.459379 102.443344 0.299830 -0.878344 0.372308 0.151995 0.142123 1 22 1.000000
 29 77.415611 -1.389636 103.266014 0.563727 -0.463738 0.683491 0.174228 0.144747 1 22 1.000000
 29 74.196320 -1.420824 104.813049 0.247986 -0.479758 0.841627 0.172808 0.181033 1 22 1.000000
MarioHand_alb.png
 29 74.196320 -1.420824 104.813049 0.247986 -0.479758 0.841627 0.172808 0.181033 1 22 1.000000
 29 77.415611 -1.389636 103.266014 0.563727 -0.463738 0.683491 0.174228 0.144747 1 22 1.000000
 29 74.319107 0.353659 105.166389 0.293722 -0.037192 0.955167 0.197894 0.181872 1 22 1.000000
MarioHand_alb.png
 29 79.120331 2.063450 100.880646 0.767489 0.487286 0.416550 0.220188 0.114855 1 22 1.000000
 29 76.627266 3.204655 102.541260 0.308990 0.875162 0.372314 0.244282 0.143114 1 22 1.000000
 29 77.525841 2.138901 103.376724 0.579030 0.432437 0.691174 0.221851 0.145327 1 22 1.000000
MarioHand_alb.png
 29 77.902420 3.211839 100.241501 0.433355 0.876461 0.209811 0.242206 0.111681 1 22 1.000000
 29 76.627266 3.204655 102.541260 0.308990 0.875162 0.372314 0.244282 0.143114 1 22 1.000000
 29 79.120331 2.063450 100.880646 0.767489 0.487286 0.416550 0.220188 0.114855 1 22 1.000000
MarioHand_alb.png
 29 77.525841 2.138901 103.376724 0.579030 0.432437 0.691174 0.221851 0.145327 1 22 1.000000
 29 74.239815 2.163649 104.928757 0.264022 0.422931 0.866846 0.223148 0.181552 1 22 1.000000
 29 74.319107 0.353659 105.166389 0.293722 -0.037192 0.955167 0.197894 0.181872 1 22 1.000000
MarioHand_alb.png
 29 77.525841 2.138901 103.376724 0.579030 0.432437 0.691174 0.221851 0.145327 1 22 1.000000
 29 76.627266 3.204655 102.541260 0.308990 0.875162 0.372314 0.244282 0.143114 1 22 1.000000
 29 74.239815 2.163649 104.928757 0.264022 0.422931 0.866846 0.223148 0.181552 1 22 1.000000
MarioHand_alb.png
 29 74.196320 -1.420824 104.813049 0.247986 -0.479758 0.841627 0.172808 0.181033 1 22 1.000000
 29 74.319107 0.353659 105.166389 0.293722 -0.037192 0.955167 0.197894 0.181872 1 22 1.000000
 29 71.185486 0.346801 105.500656 0.082393 -0.044910 0.995588 0.197452 0.214984 1 22 1.000000
MarioHand_alb.png
 29 74.319107 0.353659 105.166389 0.293722 -0.037192 0.955167 0.197894 0.181872 1 22 1.000000
 29 74.239815 2.163649 104.928757 0.264022 0.422931 0.866846 0.223148 0.181552 1 22 1.000000
 29 71.185486 0.346801 105.500656 0.082393 -0.044910 0.995588 0.197452 0.214984 1 22 1.000000
MarioHand_alb.png
 29 73.767532 -2.484389 103.576218 0.099182 -0.908185 0.406647 0.149004 0.178759 1 22 1.000000
 29 76.535347 -2.459379 102.443344 0.299830 -0.878344 0.372308 0.151995 0.142123 1 22 1.000000
 29 74.196320 -1.420824 104.813049 0.247986 -0.479758 0.841627 0.172808 0.181033 1 22 1.000000
MarioHand_alb.png
 29 75.251778 -2.650177 101.399025 -0.015259 -0.999345 -0.032806 0.129335 0.138506 1 22 1.000000
 29 76.535347 -2.459379 102.443344 0.299830 -0.878344 0.372308 0.151995 0.142123 1 22 1.000000
 29 73.767532 -2.484389 103.576218 0.099182 -0.908185 0.406647 0.149004 0.178759 1 22 1.000000
MarioHand_alb.png
 29 75.251778 -2.650177 101.399025 -0.015259 -0.999345 -0.032806 0.129335 0.138506 1 22 1.000000
 29 73.767532 -2.484389 103.576218 0.099182 -0.908185 0.406647 0.149004 0.178759 1 22 1.000000
 29 73.190521 -2.607883 101.933830 0.005341 -0.998476 -0.054932 0.124804 0.175952 1 22 1.000000
MarioHand_alb.png
 29 73.190521 -2.607883 101.933830 0.005341 -0.998476 -0.054932 0.124804 0.175952 1 22 1.000000
 29 73.767532 -2.484389 103.576218 0.099182 -0.908185 0.406647 0.149004 0.178759 1 22 1.000000
 29 70.949753 -2.428025 103.687149 0.021362 -0.942000 0.334933 0.147143 0.212131 1 22 1.000000
MarioHand_alb.png
 29 73.767532 -2.484389 103.576218 0.099182 -0.908185 0.406647 0.149004 0.178759 1 22 1.000000
 29 74.196320 -1.420824 104.813049 0.247986 -0.479758 0.841627 0.172808 0.181033 1 22 1.000000
 29 71.146973 -1.445039 105.191093 0.067131 -0.516534 0.853631 0.172030 0.214084 1 22 1.000000
MarioHand_alb.png
 29 73.767532 -2.484389 103.576218 0.099182 -0.908185 0.406647 0.149004 0.178759 1 22 1.000000
 29 71.146973 -1.445039 105.191093 0.067131 -0.516534 0.853631 0.172030 0.214084 1 22 1.000000
 29 70.949753 -2.428025 103.687149 0.021362 -0.942000 0.334933 0.147143 0.212131 1 22 1.000000
MarioHand_alb.png
 29 74.196320 -1.420824 104.813049 0.247986 -0.479758 0.841627 0.172808 0.181033 1 22 1.000000
 29 71.185486 0.346801 105.500656 0.082393 -0.044910 0.995588 0.197452 0.214984 1 22 1.000000
 29 71.146973 -1.445039 105.191093 0.067131 -0.516534 0.853631 0.172030 0.214084 1 22 1.000000
MarioHand_alb.png
 29 71.146973 -1.445039 105.191093 0.067131 -0.516534 0.853631 0.172030 0.214084 1 22 1.000000
 29 68.348785 -1.518510 105.316292 0.042718 -0.476739 0.878006 0.170428 0.249943 1 22 1.000000
 29 70.949753 -2.428025 103.687149 0.021362 -0.942000 0.334933 0.147143 0.212131 1 22 1.000000
MarioHand_alb.png
 29 71.146973 -1.445039 105.191093 0.067131 -0.516534 0.853631 0.172030 0.214084 1 22 1.000000
 29 68.393211 0.326223 105.553772 0.025178 -0.058659 0.997961 0.196521 0.250904 1 22 1.000000
 29 68.348785 -1.518510 105.316292 0.042718 -0.476739 0.878006 0.170428 0.249943 1 22 1.000000
MarioHand_alb.png
 29 71.185486 0.346801 105.500656 0.082393 -0.044910 0.995588 0.197452 0.214984 1 22 1.000000
 29 68.393211 0.326223 105.553772 0.025178 -0.058659 0.997961 0.196521 0.250904 1 22 1.000000
 29 71.146973 -1.445039 105.191093 0.067131 -0.516534 0.853631 0.172030 0.214084 1 22 1.000000
MarioHand_alb.png
 29 68.348785 -1.518510 105.316292 0.042718 -0.476739 0.878006 0.170428 0.249943 1 22 1.000000
 29 68.393211 0.326223 105.553772 0.025178 -0.058659 0.997961 0.196521 0.250904 1 22 1.000000
 29 65.698730 0.337868 105.534775 0.109836 -0.103681 0.988527 0.195315 0.286320 1 22 1.000000
MarioHand_alb.png
 29 71.185486 0.346801 105.500656 0.082393 -0.044910 0.995588 0.197452 0.214984 1 22 1.000000
 29 71.164879 2.203167 105.345276 0.080114 0.440389 0.894226 0.223377 0.215000 1 22 1.000000
 29 68.393211 0.326223 105.553772 0.025178 -0.058659 0.997961 0.196521 0.250904 1 22 1.000000
MarioHand_alb.png
 29 71.185486 0.346801 105.500656 0.082393 -0.044910 0.995588 0.197452 0.214984 1 22 1.000000
 29 74.239815 2.163649 104.928757 0.264022 0.422931 0.866846 0.223148 0.181552 1 22 1.000000
 29 71.164879 2.203167 105.345276 0.080114 0.440389 0.894226 0.223377 0.215000 1 22 1.000000
MarioHand_alb.png
 29 65.698730 0.337868 105.534775 0.109836 -0.103681 0.988527 0.195315 0.286320 1 22 1.000000
 29 68.393211 0.326223 105.553772 0.025178 -0.058659 0.997961 0.196521 0.250904 1 22 1.000000
 29 68.371300 2.210530 105.561630 0.074017 0.363504 0.928648 0.223255 0.251057 1 22 1.000000
MarioHand_alb.png
 29 71.164879 2.203167 105.345276 0.080114 0.440389 0.894226 0.223377 0.215000 1 22 1.000000
 29 68.371300 2.210530 105.561630 0.074017 0.363504 0.928648 0.223255 0.251057 1 22 1.000000
 29 68.393211 0.326223 105.553772 0.025178 -0.058659 0.997961 0.196521 0.250904 1 22 1.000000
MarioHand_alb.png
 29 65.698730 0.337868 105.534775 0.109836 -0.103681 0.988527 0.195315 0.286320 1 22 1.000000
 29 68.371300 2.210530 105.561630 0.074017 0.363504 0.928648 0.223255 0.251057 1 22 1.000000
 29 65.804329 3.520475 105.515320 0.223499 0.064552 0.972564 0.234424 0.288930 1 22 1.000000
MarioHand_alb.png
 29 68.371300 2.210530 105.561630 0.074017 0.363504 0.928648 0.223255 0.251057 1 22 1.000000
 29 68.386444 3.127223 104.204002 0.072479 0.966835 0.244903 0.247395 0.250568 1 22 1.000000
 29 65.804329 3.520475 105.515320 0.223499 0.064552 0.972564 0.234424 0.288930 1 22 1.000000
MarioHand_alb.png
 29 71.164879 2.203167 105.345276 0.080114 0.440389 0.894226 0.223377 0.215000 1 22 1.000000
 29 68.386444 3.127223 104.204002 0.072479 0.966835 0.244903 0.247395 0.250568 1 22 1.000000
 29 68.371300 2.210530 105.561630 0.074017 0.363504 0.928648 0.223255 0.251057 1 22 1.000000
MarioHand_alb.png
 29 65.804329 3.520475 105.515320 0.223499 0.064552 0.972564 0.234424 0.288930 1 22 1.000000
 29 68.386444 3.127223 104.204002 0.072479 0.966835 0.244903 0.247395 0.250568 1 22 1.000000
 29 65.805428 3.198270 102.429626 0.244902 0.969497 -0.009918 0.274846 0.283162 1 22 1.000000
MarioHand_alb.png
 29 74.239815 2.163649 104.928757 0.264022 0.422931 0.866846 0.223148 0.181552 1 22 1.000000
 29 73.827568 3.154093 103.781563 0.113680 0.906482 0.406653 0.245426 0.179919 1 22 1.000000
 29 71.164879 2.203167 105.345276 0.080114 0.440389 0.894226 0.223377 0.215000 1 22 1.000000
MarioHand_alb.png
 29 74.239815 2.163649 104.928757 0.264022 0.422931 0.866846 0.223148 0.181552 1 22 1.000000
 29 76.627266 3.204655 102.541260 0.308990 0.875162 0.372314 0.244282 0.143114 1 22 1.000000
 29 73.827568 3.154093 103.781563 0.113680 0.906482 0.406653 0.245426 0.179919 1 22 1.000000
MarioHand_alb.png
 29 70.998856 3.186800 104.052803 0.023651 0.940581 0.338744 0.245777 0.213520 1 22 1.000000
 29 68.386444 3.127223 104.204002 0.072479 0.966835 0.244903 0.247395 0.250568 1 22 1.000000
 29 71.164879 2.203167 105.345276 0.080114 0.440389 0.894226 0.223377 0.215000 1 22 1.000000
MarioHand_alb.png
 29 73.827568 3.154093 103.781563 0.113680 0.906482 0.406653 0.245426 0.179919 1 22 1.000000
 29 70.998856 3.186800 104.052803 0.023651 0.940581 0.338744 0.245777 0.213520 1 22 1.000000
 29 71.164879 2.203167 105.345276 0.080114 0.440389 0.894226 0.223377 0.215000 1 22 1.000000
MarioHand_alb.png
 29 68.386444 3.127223 104.204002 0.072479 0.966835 0.244903 0.247395 0.250568 1 22 1.000000
 29 68.212601 3.137867 102.512077 0.007629 0.999214 -0.038910 0.271336 0.249348 1 22 1.000000
 29 65.805428 3.198270 102.429626 0.244902 0.969497 -0.009918 0.274846 0.283162 1 22 1.000000
MarioHand_alb.png
 29 70.998856 3.186800 104.052803 0.023651 0.940581 0.338744 0.245777 0.213520 1 22 1.000000
 29 70.760895 3.218166 102.327477 -0.002289 0.998488 -0.054931 0.269459 0.211353 1 22 1.000000
 29 68.386444 3.127223 104.204002 0.072479 0.966835 0.244903 0.247395 0.250568 1 22 1.000000
MarioHand_alb.png
 29 70.760895 3.218166 102.327477 -0.002289 0.998488 -0.054931 0.269459 0.211353 1 22 1.000000
 29 68.212601 3.137867 102.512077 0.007629 0.999214 -0.038910 0.271336 0.249348 1 22 1.000000
 29 68.386444 3.127223 104.204002 0.072479 0.966835 0.244903 0.247395 0.250568 1 22 1.000000
MarioHand_alb.png
 29 73.827568 3.154093 103.781563 0.113680 0.906482 0.406653 0.245426 0.179919 1 22 1.000000
 29 73.274788 3.274761 102.284607 -0.003815 0.998034 -0.062560 0.267750 0.177462 1 22 1.000000
 29 70.998856 3.186800 104.052803 0.023651 0.940581 0.338744 0.245777 0.213520 1 22 1.000000
MarioHand_alb.png
 29 73.274788 3.274761 102.284607 -0.003815 0.998034 -0.062560 0.267750 0.177462 1 22 1.000000
 29 70.760895 3.218166 102.327477 -0.002289 0.998488 -0.054931 0.269459 0.211353 1 22 1.000000
 29 70.998856 3.186800 104.052803 0.023651 0.940581 0.338744 0.245777 0.213520 1 22 1.000000
MarioHand_alb.png
 29 67.923485 2.989543 99.681290 0.051117 0.857046 -0.512697 0.309957 0.248524 1 22 1.000000
 29 65.805428 3.198270 102.429626 0.244902 0.969497 -0.009918 0.274846 0.283162 1 22 1.000000
 29 68.212601 3.137867 102.512077 0.007629 0.999214 -0.038910 0.271336 0.249348 1 22 1.000000
MarioHand_alb.png
 29 67.923485 2.989543 99.681290 0.051117 0.857046 -0.512697 0.309957 0.248524 1 22 1.000000
 29 65.468262 3.113581 99.460602 0.661341 0.207408 -0.720839 0.314824 0.284916 1 22 1.000000
 29 65.805428 3.198270 102.429626 0.244902 0.969497 -0.009918 0.274846 0.283162 1 22 1.000000
MarioHand_alb.png
 29 67.923485 2.989543 99.681290 0.051117 0.857046 -0.512697 0.309957 0.248524 1 22 1.000000
 29 66.022629 0.501100 97.677048 0.654654 0.087972 -0.750792 0.356176 0.271916 1 22 1.000000
 29 65.468262 3.113581 99.460602 0.661341 0.207408 -0.720839 0.314824 0.284916 1 22 1.000000
MarioHand_alb.png
 29 68.093338 0.388947 98.264977 0.092347 0.127155 -0.987575 0.349599 0.240528 1 22 1.000000
 29 66.022629 0.501100 97.677048 0.654654 0.087972 -0.750792 0.356176 0.271916 1 22 1.000000
 29 67.923485 2.989543 99.681290 0.051117 0.857046 -0.512697 0.309957 0.248524 1 22 1.000000
MarioHand_alb.png
 29 70.620178 2.930761 99.613556 0.041199 0.823830 -0.565337 0.306676 0.207782 1 22 1.000000
 29 67.923485 2.989543 99.681290 0.051117 0.857046 -0.512697 0.309957 0.248524 1 22 1.000000
 29 68.212601 3.137867 102.512077 0.007629 0.999214 -0.038910 0.271336 0.249348 1 22 1.000000
MarioHand_alb.png
 29 70.620178 2.930761 99.613556 0.041199 0.823830 -0.565337 0.306676 0.207782 1 22 1.000000
 29 68.093338 0.388947 98.264977 0.092347 0.127155 -0.987575 0.349599 0.240528 1 22 1.000000
 29 67.923485 2.989543 99.681290 0.051117 0.857046 -0.512697 0.309957 0.248524 1 22 1.000000
MarioHand_alb.png
 29 70.620178 2.930761 99.613556 0.041199 0.823830 -0.565337 0.306676 0.207782 1 22 1.000000
 29 68.212601 3.137867 102.512077 0.007629 0.999214 -0.038910 0.271336 0.249348 1 22 1.000000
 29 70.760895 3.218166 102.327477 -0.002289 0.998488 -0.054931 0.269459 0.211353 1 22 1.000000
MarioHand_alb.png
 29 70.620178 2.930761 99.613556 0.041199 0.823830 -0.565337 0.306676 0.207782 1 22 1.000000
 29 70.524826 0.299458 98.080383 0.076299 0.094002 -0.992644 0.347814 0.202472 1 22 1.000000
 29 68.093338 0.388947 98.264977 0.092347 0.127155 -0.987575 0.349599 0.240528 1 22 1.000000
MarioHand_alb.png
 29 72.300919 0.310846 98.591873 0.171710 0.076357 -0.982184 0.342641 0.167529 1 22 1.000000
 29 70.524826 0.299458 98.080383 0.076299 0.094002 -0.992644 0.347814 0.202472 1 22 1.000000
 29 70.620178 2.930761 99.613556 0.041199 0.823830 -0.565337 0.306676 0.207782 1 22 1.000000
MarioHand_alb.png
 29 72.606155 2.790528 99.857361 0.058746 0.824854 -0.562285 0.304097 0.173358 1 22 1.000000
 29 70.620178 2.930761 99.613556 0.041199 0.823830 -0.565337 0.306676 0.207782 1 22 1.000000
 29 70.760895 3.218166 102.327477 -0.002289 0.998488 -0.054931 0.269459 0.211353 1 22 1.000000
MarioHand_alb.png
 29 72.606155 2.790528 99.857361 0.058746 0.824854 -0.562285 0.304097 0.173358 1 22 1.000000
 29 72.300919 0.310846 98.591873 0.171710 0.076357 -0.982184 0.342641 0.167529 1 22 1.000000
 29 70.620178 2.930761 99.613556 0.041199 0.823830 -0.565337 0.306676 0.207782 1 22 1.000000
MarioHand_alb.png
 29 72.606155 2.790528 99.857361 0.058746 0.824854 -0.562285 0.304097 0.173358 1 22 1.000000
 29 70.760895 3.218166 102.327477 -0.002289 0.998488 -0.054931 0.269459 0.211353 1 22 1.000000
 29 73.274788 3.274761 102.284607 -0.003815 0.998034 -0.062560 0.267750 0.177462 1 22 1.000000
MarioHand_alb.png
 29 73.645622 0.333737 98.826096 -0.324370 0.058691 -0.944108 0.334783 0.127611 1 22 1.000000
 29 72.300919 0.310846 98.591873 0.171710 0.076357 -0.982184 0.342641 0.167529 1 22 1.000000
 29 72.606155 2.790528 99.857361 0.058746 0.824854 -0.562285 0.304097 0.173358 1 22 1.000000
MarioHand_alb.png
 29 74.279861 2.720378 99.713120 -0.236514 0.845277 -0.479133 0.299168 0.134844 1 22 1.000000
 29 72.606155 2.790528 99.857361 0.058746 0.824854 -0.562285 0.304097 0.173358 1 22 1.000000
 29 73.274788 3.274761 102.284607 -0.003815 0.998034 -0.062560 0.267750 0.177462 1 22 1.000000
MarioHand_alb.png
 29 73.645622 0.333737 98.826096 -0.324370 0.058691 -0.944108 0.334783 0.127611 1 22 1.000000
 29 72.606155 2.790528 99.857361 0.058746 0.824854 -0.562285 0.304097 0.173358 1 22 1.000000
 29 74.279861 2.720378 99.713120 -0.236514 0.845277 -0.479133 0.299168 0.134844 1 22 1.000000
MarioHand_alb.png
 29 73.827568 3.154093 103.781563 0.113680 0.906482 0.406653 0.245426 0.179919 1 22 1.000000
 29 75.454582 3.337783 101.517685 -0.045013 0.997866 -0.047302 0.265705 0.140002 1 22 1.000000
 29 73.274788 3.274761 102.284607 -0.003815 0.998034 -0.062560 0.267750 0.177462 1 22 1.000000
MarioHand_alb.png
 29 74.279861 2.720378 99.713120 -0.236514 0.845277 -0.479133 0.299168 0.134844 1 22 1.000000
 29 73.274788 3.274761 102.284607 -0.003815 0.998034 -0.062560 0.267750 0.177462 1 22 1.000000
 29 75.454582 3.337783 101.517685 -0.045013 0.997866 -0.047302 0.265705 0.140002 1 22 1.000000
MarioHand_alb.png
 29 76.627266 3.204655 102.541260 0.308990 0.875162 0.372314 0.244282 0.143114 1 22 1.000000
 29 75.454582 3.337783 101.517685 -0.045013 0.997866 -0.047302 0.265705 0.140002 1 22 1.000000
 29 73.827568 3.154093 103.781563 0.113680 0.906482 0.406653 0.245426 0.179919 1 22 1.000000
MarioHand_alb.png
 29 75.202225 2.671934 98.539902 -0.575990 0.776729 -0.254809 0.293416 0.101747 1 22 1.000000
 29 73.645622 0.333737 98.826096 -0.324370 0.058691 -0.944108 0.334783 0.127611 1 22 1.000000
 29 74.279861 2.720378 99.713120 -0.236514 0.845277 -0.479133 0.299168 0.134844 1 22 1.000000
MarioHand_alb.png
 29 74.458160 0.351513 97.898163 -0.926568 0.021532 -0.375512 0.326070 0.092760 1 22 1.000000
 29 73.645622 0.333737 98.826096 -0.324370 0.058691 -0.944108 0.334783 0.127611 1 22 1.000000
 29 75.202225 2.671934 98.539902 -0.575990 0.776729 -0.254809 0.293416 0.101747 1 22 1.000000
MarioHand_alb.png
 29 76.874329 3.477180 99.976929 -0.086212 0.995425 -0.041199 0.261616 0.107607 1 22 1.000000
 29 74.279861 2.720378 99.713120 -0.236514 0.845277 -0.479133 0.299168 0.134844 1 22 1.000000
 29 75.454582 3.337783 101.517685 -0.045013 0.997866 -0.047302 0.265705 0.140002 1 22 1.000000
MarioHand_alb.png
 29 76.874329 3.477180 99.976929 -0.086212 0.995425 -0.041199 0.261616 0.107607 1 22 1.000000
 29 75.454582 3.337783 101.517685 -0.045013 0.997866 -0.047302 0.265705 0.140002 1 22 1.000000
 29 76.627266 3.204655 102.541260 0.308990 0.875162 0.372314 0.244282 0.143114 1 22 1.000000
MarioHand_alb.png
 29 75.202225 2.671934 98.539902 -0.575990 0.776729 -0.254809 0.293416 0.101747 1 22 1.000000
 29 74.279861 2.720378 99.713120 -0.236514 0.845277 -0.479133 0.299168 0.134844 1 22 1.000000
 29 76.874329 3.477180 99.976929 -0.086212 0.995425 -0.041199 0.261616 0.107607 1 22 1.000000
MarioHand_alb.png
 29 77.902420 3.211839 100.241501 0.433355 0.876461 0.209811 0.242206 0.111681 1 22 1.000000
 29 76.874329 3.477180 99.976929 -0.086212 0.995425 -0.041199 0.261616 0.107607 1 22 1.000000
 29 76.627266 3.204655 102.541260 0.308990 0.875162 0.372314 0.244282 0.143114 1 22 1.000000
MarioHand_alb.png
 29 78.833496 3.103284 98.246468 0.489056 0.869605 0.067903 0.237812 0.080934 1 22 1.000000
 29 76.874329 3.477180 99.976929 -0.086212 0.995425 -0.041199 0.261616 0.107607 1 22 1.000000
 29 77.902420 3.211839 100.241501 0.433355 0.876461 0.209811 0.242206 0.111681 1 22 1.000000
MarioHand_alb.png
 29 78.833496 3.103284 98.246468 0.489056 0.869605 0.067903 0.237812 0.080934 1 22 1.000000
 29 77.539444 3.440988 97.564629 -0.115968 0.981104 -0.154878 0.254444 0.075853 1 22 1.000000
 29 76.874329 3.477180 99.976929 -0.086212 0.995425 -0.041199 0.261616 0.107607 1 22 1.000000
MarioHand_alb.png
 29 77.539444 3.440988 97.564629 -0.115968 0.981104 -0.154878 0.254444 0.075853 1 22 1.000000
 29 75.202225 2.671934 98.539902 -0.575990 0.776729 -0.254809 0.293416 0.101747 1 22 1.000000
 29 76.874329 3.477180 99.976929 -0.086212 0.995425 -0.041199 0.261616 0.107607 1 22 1.000000
MarioHand_alb.png
 29 78.833496 3.103284 98.246468 0.489056 0.869605 0.067903 0.237812 0.080934 1 22 1.000000
 29 78.353172 2.787046 96.021744 0.299082 0.700687 -0.647756 0.245212 0.048173 1 22 1.000000
 29 77.539444 3.440988 97.564629 -0.115968 0.981104 -0.154878 0.254444 0.075853 1 22 1.000000
MarioHand_alb.png
 29 75.533897 2.539618 96.505135 -0.667575 0.655821 -0.352480 0.284077 0.070710 1 22 1.000000
 29 75.202225 2.671934 98.539902 -0.575990 0.776729 -0.254809 0.293416 0.101747 1 22 1.000000
 29 77.539444 3.440988 97.564629 -0.115968 0.981104 -0.154878 0.254444 0.075853 1 22 1.000000
MarioHand_alb.png
 29 78.353172 2.787046 96.021744 0.299082 0.700687 -0.647756 0.245212 0.048173 1 22 1.000000
 29 75.533897 2.539618 96.505135 -0.667575 0.655821 -0.352480 0.284077 0.070710 1 22 1.000000
 29 77.539444 3.440988 97.564629 -0.115968 0.981104 -0.154878 0.254444 0.075853 1 22 1.000000
MarioHand_alb.png
 29 75.533897 2.539618 96.505135 -0.667575 0.655821 -0.352480 0.284077 0.070710 1 22 1.000000
 29 74.458160 0.351513 97.898163 -0.926568 0.021532 -0.375512 0.326070 0.092760 1 22 1.000000
 29 75.202225 2.671934 98.539902 -0.575990 0.776729 -0.254809 0.293416 0.101747 1 22 1.000000
MarioHand_alb.png
 29 74.704613 0.363512 96.063515 -0.885861 0.005863 -0.463913 0.312840 0.059632 1 22 1.000000
 29 74.458160 0.351513 97.898163 -0.926568 0.021532 -0.375512 0.326070 0.092760 1 22 1.000000
 29 75.533897 2.539618 96.505135 -0.667575 0.655821 -0.352480 0.284077 0.070710 1 22 1.000000
MarioHand_alb.png
 29 76.123558 0.366583 94.841103 -0.440181 0.001955 -0.897907 0.295811 0.035798 1 22 1.000000
 29 74.704613 0.363512 96.063515 -0.885861 0.005863 -0.463913 0.312840 0.059632 1 22 1.000000
 29 75.533897 2.539618 96.505135 -0.667575 0.655821 -0.352480 0.284077 0.070710 1 22 1.000000
MarioHand_alb.png
 29 78.353172 2.787046 96.021744 0.299082 0.700687 -0.647756 0.245212 0.048173 1 22 1.000000
 29 76.775795 2.078109 95.188438 -0.238839 0.481660 -0.843185 0.273259 0.046983 1 22 1.000000
 29 75.533897 2.539618 96.505135 -0.667575 0.655821 -0.352480 0.284077 0.070710 1 22 1.000000
MarioHand_alb.png
 29 76.775795 2.078109 95.188438 -0.238839 0.481660 -0.843185 0.273259 0.046983 1 22 1.000000
 29 76.123558 0.366583 94.841103 -0.440181 0.001955 -0.897907 0.295811 0.035798 1 22 1.000000
 29 75.533897 2.539618 96.505135 -0.667575 0.655821 -0.352480 0.284077 0.070710 1 22 1.000000
MarioHand_alb.png
 29 78.353172 2.787046 96.021744 0.299082 0.700687 -0.647756 0.245212 0.048173 1 22 1.000000
 29 78.741302 0.368039 95.285812 0.467536 0.001954 -0.883972 0.263172 0.015045 1 22 1.000000
 29 76.775795 2.078109 95.188438 -0.238839 0.481660 -0.843185 0.273259 0.046983 1 22 1.000000
MarioHand_alb.png
 29 78.741302 0.368039 95.285812 0.467536 0.001954 -0.883972 0.263172 0.015045 1 22 1.000000
 29 76.123558 0.366583 94.841103 -0.440181 0.001955 -0.897907 0.295811 0.035798 1 22 1.000000
 29 76.775795 2.078109 95.188438 -0.238839 0.481660 -0.843185 0.273259 0.046983 1 22 1.000000
MarioHand_alb.png
 29 65.358505 15.000263 99.857033 -0.261687 0.957008 -0.125122 0.676936 0.274189 1 22 1.000000
 29 63.798492 14.697459 100.263069 -0.005722 0.999667 0.025178 0.669795 0.249866 1 22 1.000000
 29 65.964615 14.668140 101.580353 -0.131224 0.899588 0.416559 0.698543 0.269673 1 22 1.000000
MarioHand_alb.png
 29 67.138779 15.435054 99.459991 -0.260928 0.955208 -0.139619 0.682094 0.301030 1 22 1.000000
 29 65.358505 15.000263 99.857033 -0.261687 0.957008 -0.125122 0.676936 0.274189 1 22 1.000000
 29 65.964615 14.668140 101.580353 -0.131224 0.899588 0.416559 0.698543 0.269673 1 22 1.000000
MarioHand_alb.png
 29 64.200157 13.886861 102.391701 -0.074006 0.829798 0.553135 0.703426 0.242115 1 22 1.000000
 29 65.964615 14.668140 101.580353 -0.131224 0.899588 0.416559 0.698543 0.269673 1 22 1.000000
 29 63.798492 14.697459 100.263069 -0.005722 0.999667 0.025178 0.669795 0.249866 1 22 1.000000
MarioHand_alb.png
 29 67.781776 15.162283 101.009705 -0.070953 0.892820 0.444789 0.704234 0.296056 1 22 1.000000
 29 67.138779 15.435054 99.459991 -0.260928 0.955208 -0.139619 0.682094 0.301030 1 22 1.000000
 29 65.964615 14.668140 101.580353 -0.131224 0.899588 0.416559 0.698543 0.269673 1 22 1.000000
MarioHand_alb.png
 29 69.101524 15.926260 99.035217 -0.237282 0.971254 -0.019074 0.688640 0.329915 1 22 1.000000
 29 67.138779 15.435054 99.459991 -0.260928 0.955208 -0.139619 0.682094 0.301030 1 22 1.000000
 29 67.781776 15.162283 101.009705 -0.070953 0.892820 0.444789 0.704234 0.296056 1 22 1.000000
MarioHand_alb.png
 29 66.573151 13.704329 102.974648 0.021360 0.639851 0.768202 0.722560 0.264103 1 22 1.000000
 29 65.964615 14.668140 101.580353 -0.131224 0.899588 0.416559 0.698543 0.269673 1 22 1.000000
 29 64.200157 13.886861 102.391701 -0.074006 0.829798 0.553135 0.703426 0.242115 1 22 1.000000
MarioHand_alb.png
 29 66.573151 13.704329 102.974648 0.021360 0.639851 0.768202 0.722560 0.264103 1 22 1.000000
 29 64.200157 13.886861 102.391701 -0.074006 0.829798 0.553135 0.703426 0.242115 1 22 1.000000
 29 65.128311 11.996615 103.907753 0.058754 0.368265 0.927863 0.738369 0.236393 1 22 1.000000
MarioHand_alb.png
 29 68.491631 14.271263 102.297493 0.144948 0.639202 0.755256 0.726696 0.290105 1 22 1.000000
 29 67.781776 15.162283 101.009705 -0.070953 0.892820 0.444789 0.704234 0.296056 1 22 1.000000
 29 65.964615 14.668140 101.580353 -0.131224 0.899588 0.416559 0.698543 0.269673 1 22 1.000000
MarioHand_alb.png
 29 68.491631 14.271263 102.297493 0.144948 0.639202 0.755256 0.726696 0.290105 1 22 1.000000
 29 65.964615 14.668140 101.580353 -0.131224 0.899588 0.416559 0.698543 0.269673 1 22 1.000000
 29 66.573151 13.704329 102.974648 0.021360 0.639851 0.768202 0.722560 0.264103 1 22 1.000000
MarioHand_alb.png
 29 70.122482 15.700340 100.233597 0.076295 0.889693 0.450139 0.710582 0.324132 1 22 1.000000
 29 69.101524 15.926260 99.035217 -0.237282 0.971254 -0.019074 0.688640 0.329915 1 22 1.000000
 29 67.781776 15.162283 101.009705 -0.070953 0.892820 0.444789 0.704234 0.296056 1 22 1.000000
MarioHand_alb.png
 29 70.122482 15.700340 100.233597 0.076295 0.889693 0.450139 0.710582 0.324132 1 22 1.000000
 29 67.781776 15.162283 101.009705 -0.070953 0.892820 0.444789 0.704234 0.296056 1 22 1.000000
 29 68.491631 14.271263 102.297493 0.144948 0.639202 0.755256 0.726696 0.290105 1 22 1.000000
MarioHand_alb.png
 29 70.314552 16.231300 97.892334 -0.241096 0.970487 -0.005341 0.697047 0.358618 1 22 1.000000
 29 69.101524 15.926260 99.035217 -0.237282 0.971254 -0.019074 0.688640 0.329915 1 22 1.000000
 29 70.122482 15.700340 100.233597 0.076295 0.889693 0.450139 0.710582 0.324132 1 22 1.000000
MarioHand_alb.png
 29 66.573151 13.704329 102.974648 0.021360 0.639851 0.768202 0.722560 0.264103 1 22 1.000000
 29 65.128311 11.996615 103.907753 0.058754 0.368265 0.927863 0.738369 0.236393 1 22 1.000000
 29 67.091362 12.358699 103.605469 0.228811 0.254362 0.939652 0.743694 0.259678 1 22 1.000000
MarioHand_alb.png
 29 71.743408 16.075829 98.727737 0.262470 0.914638 0.307486 0.718334 0.351095 1 22 1.000000
 29 70.314552 16.231300 97.892334 -0.241096 0.970487 -0.005341 0.697047 0.358618 1 22 1.000000
 29 70.122482 15.700340 100.233597 0.076295 0.889693 0.450139 0.710582 0.324132 1 22 1.000000
MarioHand_alb.png
 29 67.614235 10.568507 103.637901 0.377730 -0.231026 0.896631 0.769512 0.255802 1 22 1.000000
 29 67.091362 12.358699 103.605469 0.228811 0.254362 0.939652 0.743694 0.259678 1 22 1.000000
 29 65.128311 11.996615 103.907753 0.058754 0.368265 0.927863 0.738369 0.236393 1 22 1.000000
MarioHand_alb.png
 29 65.501045 9.739097 104.111115 0.111370 0.318662 0.941303 0.771618 0.235294 1 22 1.000000
 29 67.614235 10.568507 103.637901 0.377730 -0.231026 0.896631 0.769512 0.255802 1 22 1.000000
 29 65.128311 11.996615 103.907753 0.058754 0.368265 0.927863 0.738369 0.236393 1 22 1.000000
MarioHand_alb.png
 29 69.025894 12.795826 102.899261 0.340970 0.244476 0.907728 0.748653 0.283925 1 22 1.000000
 29 66.573151 13.704329 102.974648 0.021360 0.639851 0.768202 0.722560 0.264103 1 22 1.000000
 29 67.091362 12.358699 103.605469 0.228811 0.254362 0.939652 0.743694 0.259678 1 22 1.000000
MarioHand_alb.png
 29 69.025894 12.795826 102.899261 0.340970 0.244476 0.907728 0.748653 0.283925 1 22 1.000000
 29 67.091362 12.358699 103.605469 0.228811 0.254362 0.939652 0.743694 0.259678 1 22 1.000000
 29 67.614235 10.568507 103.637901 0.377730 -0.231026 0.896631 0.769512 0.255802 1 22 1.000000
MarioHand_alb.png
 29 68.491631 14.271263 102.297493 0.144948 0.639202 0.755256 0.726696 0.290105 1 22 1.000000
 29 66.573151 13.704329 102.974648 0.021360 0.639851 0.768202 0.722560 0.264103 1 22 1.000000
 29 69.025894 12.795826 102.899261 0.340970 0.244476 0.907728 0.748653 0.283925 1 22 1.000000
MarioHand_alb.png
 29 71.077644 14.771957 101.196510 0.350143 0.614276 0.707152 0.732525 0.317418 1 22 1.000000
 29 70.122482 15.700340 100.233597 0.076295 0.889693 0.450139 0.710582 0.324132 1 22 1.000000
 29 68.491631 14.271263 102.297493 0.144948 0.639202 0.755256 0.726696 0.290105 1 22 1.000000
MarioHand_alb.png
 29 71.077644 14.771957 101.196510 0.350143 0.614276 0.707152 0.732525 0.317418 1 22 1.000000
 29 68.491631 14.271263 102.297493 0.144948 0.639202 0.755256 0.726696 0.290105 1 22 1.000000
 29 69.025894 12.795826 102.899261 0.340970 0.244476 0.907728 0.748653 0.283925 1 22 1.000000
MarioHand_alb.png
 29 71.743408 16.075829 98.727737 0.262470 0.914638 0.307486 0.718334 0.351095 1 22 1.000000
 29 70.122482 15.700340 100.233597 0.076295 0.889693 0.450139 0.710582 0.324132 1 22 1.000000
 29 71.077644 14.771957 101.196510 0.350143 0.614276 0.707152 0.732525 0.317418 1 22 1.000000
MarioHand_alb.png
 29 69.390175 11.051065 102.825668 0.447776 -0.234854 0.862751 0.772381 0.279042 1 22 1.000000
 29 69.025894 12.795826 102.899261 0.340970 0.244476 0.907728 0.748653 0.283925 1 22 1.000000
 29 67.614235 10.568507 103.637901 0.377730 -0.231026 0.896631 0.769512 0.255802 1 22 1.000000
MarioHand_alb.png
 29 71.695053 13.305588 101.618179 0.536988 0.232835 0.810822 0.753567 0.311208 1 22 1.000000
 29 71.077644 14.771957 101.196510 0.350143 0.614276 0.707152 0.732525 0.317418 1 22 1.000000
 29 69.025894 12.795826 102.899261 0.340970 0.244476 0.907728 0.748653 0.283925 1 22 1.000000
MarioHand_alb.png
 29 71.695053 13.305588 101.618179 0.536988 0.232835 0.810822 0.753567 0.311208 1 22 1.000000
 29 69.025894 12.795826 102.899261 0.340970 0.244476 0.907728 0.748653 0.283925 1 22 1.000000
 29 69.390175 11.051065 102.825668 0.447776 -0.234854 0.862751 0.772381 0.279042 1 22 1.000000
MarioHand_alb.png
 29 72.980103 15.122811 99.342224 0.600413 0.627973 0.495131 0.739742 0.343679 1 22 1.000000
 29 71.743408 16.075829 98.727737 0.262470 0.914638 0.307486 0.718334 0.351095 1 22 1.000000
 29 71.077644 14.771957 101.196510 0.350143 0.614276 0.707152 0.732525 0.317418 1 22 1.000000
MarioHand_alb.png
 29 72.980103 15.122811 99.342224 0.600413 0.627973 0.495131 0.739742 0.343679 1 22 1.000000
 29 71.077644 14.771957 101.196510 0.350143 0.614276 0.707152 0.732525 0.317418 1 22 1.000000
 29 71.695053 13.305588 101.618179 0.536988 0.232835 0.810822 0.753567 0.311208 1 22 1.000000
MarioHand_alb.png
 29 67.626373 9.163351 102.480652 0.289912 -0.823580 0.487511 0.794736 0.255497 1 22 1.000000
 29 69.390175 11.051065 102.825668 0.447776 -0.234854 0.862751 0.772381 0.279042 1 22 1.000000
 29 67.614235 10.568507 103.637901 0.377730 -0.231026 0.896631 0.769512 0.255802 1 22 1.000000
MarioHand_alb.png
 29 67.626373 9.163351 102.480652 0.289912 -0.823580 0.487511 0.794736 0.255497 1 22 1.000000
 29 67.614235 10.568507 103.637901 0.377730 -0.231026 0.896631 0.769512 0.255802 1 22 1.000000
 29 65.501045 9.739097 104.111115 0.111370 0.318662 0.941303 0.771618 0.235294 1 22 1.000000
MarioHand_alb.png
 29 73.641769 13.641808 99.590553 0.794713 0.234620 0.559808 0.759518 0.337530 1 22 1.000000
 29 72.980103 15.122811 99.342224 0.600413 0.627973 0.495131 0.739742 0.343679 1 22 1.000000
 29 71.695053 13.305588 101.618179 0.536988 0.232835 0.810822 0.753567 0.311208 1 22 1.000000
MarioHand_alb.png
 29 67.626373 9.163351 102.480652 0.289912 -0.823580 0.487511 0.794736 0.255497 1 22 1.000000
 29 65.501045 9.739097 104.111115 0.111370 0.318662 0.941303 0.771618 0.235294 1 22 1.000000
 29 67.323456 8.693122 100.686066 0.012206 -0.999884 -0.009155 0.822416 0.255192 1 22 1.000000
MarioHand_alb.png
 29 65.501045 9.739097 104.111115 0.111370 0.318662 0.941303 0.771618 0.235294 1 22 1.000000
 29 65.258362 9.581031 101.310104 -0.991026 -0.050925 0.123592 0.813535 0.228641 1 22 1.000000
 29 67.323456 8.693122 100.686066 0.012206 -0.999884 -0.009155 0.822416 0.255192 1 22 1.000000
MarioHand_alb.png
 29 65.258362 9.581031 101.310104 -0.991026 -0.050925 0.123592 0.813535 0.228641 1 22 1.000000
 29 64.845123 9.140253 98.587616 0.703172 0.295435 -0.646735 0.856977 0.232593 1 22 1.000000
 29 67.323456 8.693122 100.686066 0.012206 -0.999884 -0.009155 0.822416 0.255192 1 22 1.000000
MarioHand_alb.png
 29 69.364288 9.628185 101.729401 0.406650 -0.750929 0.520329 0.796918 0.276814 1 22 1.000000
 29 69.390175 11.051065 102.825668 0.447776 -0.234854 0.862751 0.772381 0.279042 1 22 1.000000
 29 67.626373 9.163351 102.480652 0.289912 -0.823580 0.487511 0.794736 0.255497 1 22 1.000000
MarioHand_alb.png
 29 69.364288 9.628185 101.729401 0.406650 -0.750929 0.520329 0.796918 0.276814 1 22 1.000000
 29 67.626373 9.163351 102.480652 0.289912 -0.823580 0.487511 0.794736 0.255497 1 22 1.000000
 29 67.323456 8.693122 100.686066 0.012206 -0.999884 -0.009155 0.822416 0.255192 1 22 1.000000
MarioHand_alb.png
 29 67.323456 8.693122 100.686066 0.012206 -0.999884 -0.009155 0.822416 0.255192 1 22 1.000000
 29 64.845123 9.140253 98.587616 0.703172 0.295435 -0.646735 0.856977 0.232593 1 22 1.000000
 29 66.227783 9.465282 98.483101 0.009918 -0.786124 -0.617989 0.858351 0.254963 1 22 1.000000
MarioHand_alb.png
 29 64.845123 9.140253 98.587616 0.703172 0.295435 -0.646735 0.856977 0.232593 1 22 1.000000
 29 64.079361 11.326065 97.255577 0.842200 0.264332 -0.469923 0.899718 0.235935 1 22 1.000000
 29 66.227783 9.465282 98.483101 0.009918 -0.786124 -0.617989 0.858351 0.254963 1 22 1.000000
MarioHand_alb.png
 29 69.364288 9.628185 101.729401 0.406650 -0.750929 0.520329 0.796918 0.276814 1 22 1.000000
 29 67.323456 8.693122 100.686066 0.012206 -0.999884 -0.009155 0.822416 0.255192 1 22 1.000000
 29 68.747467 8.986062 100.143341 0.205236 -0.970483 -0.126651 0.822080 0.276143 1 22 1.000000
MarioHand_alb.png
 29 66.227783 9.465282 98.483101 0.009918 -0.786124 -0.617989 0.858351 0.254963 1 22 1.000000
 29 64.079361 11.326065 97.255577 0.842200 0.264332 -0.469923 0.899718 0.235935 1 22 1.000000
 29 65.243469 11.524595 97.070053 -0.210500 -0.183520 -0.960214 0.895689 0.256504 1 22 1.000000
MarioHand_alb.png
 29 67.323456 8.693122 100.686066 0.012206 -0.999884 -0.009155 0.822416 0.255192 1 22 1.000000
 29 66.227783 9.465282 98.483101 0.009918 -0.786124 -0.617989 0.858351 0.254963 1 22 1.000000
 29 67.561111 9.784206 97.952362 0.048827 -0.744325 -0.666030 0.857832 0.276448 1 22 1.000000
MarioHand_alb.png
 29 66.227783 9.465282 98.483101 0.009918 -0.786124 -0.617989 0.858351 0.254963 1 22 1.000000
 29 65.243469 11.524595 97.070053 -0.210500 -0.183520 -0.960214 0.895689 0.256504 1 22 1.000000
 29 67.561111 9.784206 97.952362 0.048827 -0.744325 -0.666030 0.857832 0.276448 1 22 1.000000
MarioHand_alb.png
 29 68.747467 8.986062 100.143341 0.205236 -0.970483 -0.126651 0.822080 0.276143 1 22 1.000000
 29 67.323456 8.693122 100.686066 0.012206 -0.999884 -0.009155 0.822416 0.255192 1 22 1.000000
 29 67.561111 9.784206 97.952362 0.048827 -0.744325 -0.666030 0.857832 0.276448 1 22 1.000000
MarioHand_alb.png
 29 64.079361 11.326065 97.255577 0.842200 0.264332 -0.469923 0.899718 0.235935 1 22 1.000000
 29 64.930832 13.634153 97.678391 -0.302871 0.639691 -0.706445 0.926528 0.261326 1 22 1.000000
 29 65.243469 11.524595 97.070053 -0.210500 -0.183520 -0.960214 0.895689 0.256504 1 22 1.000000
MarioHand_alb.png
 29 64.079361 11.326065 97.255577 0.842200 0.264332 -0.469923 0.899718 0.235935 1 22 1.000000
 29 63.541748 13.389935 97.763237 0.426510 0.747728 -0.508913 0.929747 0.237446 1 22 1.000000
 29 64.930832 13.634153 97.678391 -0.302871 0.639691 -0.706445 0.926528 0.261326 1 22 1.000000
MarioHand_alb.png
 29 63.541748 13.389935 97.763237 0.426510 0.747728 -0.508913 0.929747 0.237446 1 22 1.000000
 29 63.798492 14.697459 100.263069 -0.005722 0.999667 0.025178 0.966781 0.245304 1 22 1.000000
 29 64.930832 13.634153 97.678391 -0.302871 0.639691 -0.706445 0.926528 0.261326 1 22 1.000000
MarioHand_alb.png
 29 64.930832 13.634153 97.678391 -0.302871 0.639691 -0.706445 0.926528 0.261326 1 22 1.000000
 29 63.798492 14.697459 100.263069 -0.005722 0.999667 0.025178 0.966781 0.245304 1 22 1.000000
 29 65.358505 15.000263 99.857033 -0.261687 0.957008 -0.125122 0.962692 0.270115 1 22 1.000000
MarioHand_alb.png
 29 65.243469 11.524595 97.070053 -0.210500 -0.183520 -0.960214 0.895689 0.256504 1 22 1.000000
 29 64.930832 13.634153 97.678391 -0.302871 0.639691 -0.706445 0.926528 0.261326 1 22 1.000000
 29 66.648224 11.965878 96.542488 -0.107588 -0.164435 -0.980503 0.894499 0.281544 1 22 1.000000
MarioHand_alb.png
 29 67.561111 9.784206 97.952362 0.048827 -0.744325 -0.666030 0.857832 0.276448 1 22 1.000000
 29 65.243469 11.524595 97.070053 -0.210500 -0.183520 -0.960214 0.895689 0.256504 1 22 1.000000
 29 66.648224 11.965878 96.542488 -0.107588 -0.164435 -0.980503 0.894499 0.281544 1 22 1.000000
MarioHand_alb.png
 29 64.930832 13.634153 97.678391 -0.302871 0.639691 -0.706445 0.926528 0.261326 1 22 1.000000
 29 65.358505 15.000263 99.857033 -0.261687 0.957008 -0.125122 0.962692 0.270115 1 22 1.000000
 29 66.494919 14.131763 97.248962 -0.259405 0.625910 -0.735490 0.924163 0.288533 1 22 1.000000
MarioHand_alb.png
 29 66.648224 11.965878 96.542488 -0.107588 -0.164435 -0.980503 0.894499 0.281544 1 22 1.000000
 29 64.930832 13.634153 97.678391 -0.302871 0.639691 -0.706445 0.926528 0.261326 1 22 1.000000
 29 66.494919 14.131763 97.248962 -0.259405 0.625910 -0.735490 0.924163 0.288533 1 22 1.000000
MarioHand_alb.png
 29 66.494919 14.131763 97.248962 -0.259405 0.625910 -0.735490 0.924163 0.288533 1 22 1.000000
 29 65.358505 15.000263 99.857033 -0.261687 0.957008 -0.125122 0.962692 0.270115 1 22 1.000000
 29 67.138779 15.435054 99.459991 -0.260928 0.955208 -0.139619 0.958877 0.297200 1 22 1.000000
MarioHand_alb.png
 29 67.561111 9.784206 97.952362 0.048827 -0.744325 -0.666030 0.857832 0.276448 1 22 1.000000
 29 66.648224 11.965878 96.542488 -0.107588 -0.164435 -0.980503 0.894499 0.281544 1 22 1.000000
 29 67.945473 12.300288 96.809448 -0.054170 -0.154499 -0.986507 0.891188 0.309285 1 22 1.000000
MarioHand_alb.png
 29 66.648224 11.965878 96.542488 -0.107588 -0.164435 -0.980503 0.894499 0.281544 1 22 1.000000
 29 66.494919 14.131763 97.248962 -0.259405 0.625910 -0.735490 0.924163 0.288533 1 22 1.000000
 29 67.945473 12.300288 96.809448 -0.054170 -0.154499 -0.986507 0.891188 0.309285 1 22 1.000000
MarioHand_alb.png
 29 66.494919 14.131763 97.248962 -0.259405 0.625910 -0.735490 0.924163 0.288533 1 22 1.000000
 29 67.138779 15.435054 99.459991 -0.260928 0.955208 -0.139619 0.958877 0.297200 1 22 1.000000
 29 67.968292 14.577674 97.347519 -0.317390 0.708596 -0.630202 0.921157 0.317021 1 22 1.000000
MarioHand_alb.png
 29 67.945473 12.300288 96.809448 -0.054170 -0.154499 -0.986507 0.891188 0.309285 1 22 1.000000
 29 66.494919 14.131763 97.248962 -0.259405 0.625910 -0.735490 0.924163 0.288533 1 22 1.000000
 29 67.968292 14.577674 97.347519 -0.317390 0.708596 -0.630202 0.921157 0.317021 1 22 1.000000
MarioHand_alb.png
 29 67.968292 14.577674 97.347519 -0.317390 0.708596 -0.630202 0.921157 0.317021 1 22 1.000000
 29 67.138779 15.435054 99.459991 -0.260928 0.955208 -0.139619 0.958877 0.297200 1 22 1.000000
 29 69.101524 15.926260 99.035217 -0.237282 0.971254 -0.019074 0.954803 0.327001 1 22 1.000000
MarioHand_alb.png
 29 67.561111 9.784206 97.952362 0.048827 -0.744325 -0.666030 0.857832 0.276448 1 22 1.000000
 29 67.945473 12.300288 96.809448 -0.054170 -0.154499 -0.986507 0.891188 0.309285 1 22 1.000000
 29 69.144211 10.198345 97.800476 0.012207 -0.814085 -0.580617 0.857145 0.303471 1 22 1.000000
MarioHand_alb.png
 29 68.747467 8.986062 100.143341 0.205236 -0.970483 -0.126651 0.822080 0.276143 1 22 1.000000
 29 67.561111 9.784206 97.952362 0.048827 -0.744325 -0.666030 0.857832 0.276448 1 22 1.000000
 29 69.144211 10.198345 97.800476 0.012207 -0.814085 -0.580617 0.857145 0.303471 1 22 1.000000
MarioHand_alb.png
 29 67.945473 12.300288 96.809448 -0.054170 -0.154499 -0.986507 0.891188 0.309285 1 22 1.000000
 29 67.968292 14.577674 97.347519 -0.317390 0.708596 -0.630202 0.921157 0.317021 1 22 1.000000
 29 68.320580 12.382465 96.628235 -0.866532 -0.261924 -0.424875 0.886854 0.335775 1 22 1.000000
MarioHand_alb.png
 29 67.945473 12.300288 96.809448 -0.054170 -0.154499 -0.986507 0.891188 0.309285 1 22 1.000000
 29 68.320580 12.382465 96.628235 -0.866532 -0.261924 -0.424875 0.886854 0.335775 1 22 1.000000
 29 69.144211 10.198345 97.800476 0.012207 -0.814085 -0.580617 0.857145 0.303471 1 22 1.000000
MarioHand_alb.png
 29 67.968292 14.577674 97.347519 -0.317390 0.708596 -0.630202 0.921157 0.317021 1 22 1.000000
 29 69.101524 15.926260 99.035217 -0.237282 0.971254 -0.019074 0.954803 0.327001 1 22 1.000000
 29 68.581398 14.804043 96.929657 -0.699645 0.650624 -0.295270 0.916793 0.344335 1 22 1.000000
MarioHand_alb.png
 29 67.968292 14.577674 97.347519 -0.317390 0.708596 -0.630202 0.921157 0.317021 1 22 1.000000
 29 68.581398 14.804043 96.929657 -0.699645 0.650624 -0.295270 0.916793 0.344335 1 22 1.000000
 29 68.320580 12.382465 96.628235 -0.866532 -0.261924 -0.424875 0.886854 0.335775 1 22 1.000000
MarioHand_alb.png
 29 69.101524 15.926260 99.035217 -0.237282 0.971254 -0.019074 0.954803 0.327001 1 22 1.000000
 29 70.314552 16.231300 97.892334 -0.241096 0.970487 -0.005341 0.948531 0.356588 1 22 1.000000
 29 68.581398 14.804043 96.929657 -0.699645 0.650624 -0.295270 0.916793 0.344335 1 22 1.000000
MarioHand_alb.png
 29 68.581398 14.804043 96.929657 -0.699645 0.650624 -0.295270 0.916793 0.344335 1 22 1.000000
 29 70.314552 16.231300 97.892334 -0.241096 0.970487 -0.005341 0.948531 0.356588 1 22 1.000000
 29 70.736076 16.271063 96.518295 -0.276163 0.954365 -0.113669 0.941192 0.377310 1 22 1.000000
MarioHand_alb.png
 29 68.581398 14.804043 96.929657 -0.699645 0.650624 -0.295270 0.916793 0.344335 1 22 1.000000
 29 70.736076 16.271063 96.518295 -0.276163 0.954365 -0.113669 0.941192 0.377310 1 22 1.000000
 29 68.826172 14.845705 95.831284 -0.798958 0.558584 -0.222823 0.911772 0.363714 1 22 1.000000
MarioHand_alb.png
 29 68.320580 12.382465 96.628235 -0.866532 -0.261924 -0.424875 0.886854 0.335775 1 22 1.000000
 29 68.581398 14.804043 96.929657 -0.699645 0.650624 -0.295270 0.916793 0.344335 1 22 1.000000
 29 68.826172 14.845705 95.831284 -0.798958 0.558584 -0.222823 0.911772 0.363714 1 22 1.000000
MarioHand_alb.png
 29 68.826172 14.845705 95.831284 -0.798958 0.558584 -0.222823 0.911772 0.363714 1 22 1.000000
 29 70.736076 16.271063 96.518295 -0.276163 0.954365 -0.113669 0.941192 0.377310 1 22 1.000000
 29 71.066307 16.075768 95.111336 -0.226579 0.909749 -0.347879 0.929763 0.396536 1 22 1.000000
MarioHand_alb.png
 29 68.826172 14.845705 95.831284 -0.798958 0.558584 -0.222823 0.911772 0.363714 1 22 1.000000
 29 71.066307 16.075768 95.111336 -0.226579 0.909749 -0.347879 0.929763 0.396536 1 22 1.000000
 29 69.206512 14.753080 94.609749 -0.709722 0.528762 -0.465517 0.904067 0.382452 1 22 1.000000
MarioHand_alb.png
 29 71.531082 15.363613 93.907005 -0.057988 0.687270 -0.724084 0.913741 0.412390 1 22 1.000000
 29 69.206512 14.753080 94.609749 -0.709722 0.528762 -0.465517 0.904067 0.382452 1 22 1.000000
 29 71.066307 16.075768 95.111336 -0.226579 0.909749 -0.347879 0.929763 0.396536 1 22 1.000000
MarioHand_alb.png
 29 68.320580 12.382465 96.628235 -0.866532 -0.261924 -0.424875 0.886854 0.335775 1 22 1.000000
 29 68.826172 14.845705 95.831284 -0.798958 0.558584 -0.222823 0.911772 0.363714 1 22 1.000000
 29 68.447174 12.400202 95.615623 -0.947520 -0.227058 -0.225055 0.882628 0.355383 1 22 1.000000
MarioHand_alb.png
 29 68.447174 12.400202 95.615623 -0.947520 -0.227058 -0.225055 0.882628 0.355383 1 22 1.000000
 29 68.826172 14.845705 95.831284 -0.798958 0.558584 -0.222823 0.911772 0.363714 1 22 1.000000
 29 69.206512 14.753080 94.609749 -0.709722 0.528762 -0.465517 0.904067 0.382452 1 22 1.000000
MarioHand_alb.png
 29 71.531082 15.363613 93.907005 -0.057988 0.687270 -0.724084 0.913741 0.412390 1 22 1.000000
 29 70.126984 14.364313 93.527924 -0.415087 0.404500 -0.814913 0.893721 0.399542 1 22 1.000000
 29 69.206512 14.753080 94.609749 -0.709722 0.528762 -0.465517 0.904067 0.382452 1 22 1.000000
MarioHand_alb.png
 29 72.175903 13.122330 93.320221 0.209880 0.011734 -0.977657 0.882872 0.427802 1 22 1.000000
 29 70.126984 14.364313 93.527924 -0.415087 0.404500 -0.814913 0.893721 0.399542 1 22 1.000000
 29 71.531082 15.363613 93.907005 -0.057988 0.687270 -0.724084 0.913741 0.412390 1 22 1.000000
MarioHand_alb.png
 29 69.823784 12.629581 93.415588 -0.508989 -0.135164 -0.850095 0.867964 0.396200 1 22 1.000000
 29 70.126984 14.364313 93.527924 -0.415087 0.404500 -0.814913 0.893721 0.399542 1 22 1.000000
 29 72.175903 13.122330 93.320221 0.209880 0.011734 -0.977657 0.882872 0.427802 1 22 1.000000
MarioHand_alb.png
 29 68.803383 12.451081 94.460587 -0.843784 -0.197690 -0.498946 0.876387 0.375738 1 22 1.000000
 29 69.206512 14.753080 94.609749 -0.709722 0.528762 -0.465517 0.904067 0.382452 1 22 1.000000
 29 70.126984 14.364313 93.527924 -0.415087 0.404500 -0.814913 0.893721 0.399542 1 22 1.000000
MarioHand_alb.png
 29 69.823784 12.629581 93.415588 -0.508989 -0.135164 -0.850095 0.867964 0.396200 1 22 1.000000
 29 68.803383 12.451081 94.460587 -0.843784 -0.197690 -0.498946 0.876387 0.375738 1 22 1.000000
 29 70.126984 14.364313 93.527924 -0.415087 0.404500 -0.814913 0.893721 0.399542 1 22 1.000000
MarioHand_alb.png
 29 68.447174 12.400202 95.615623 -0.947520 -0.227058 -0.225055 0.882628 0.355383 1 22 1.000000
 29 69.206512 14.753080 94.609749 -0.709722 0.528762 -0.465517 0.904067 0.382452 1 22 1.000000
 29 68.803383 12.451081 94.460587 -0.843784 -0.197690 -0.498946 0.876387 0.375738 1 22 1.000000
MarioHand_alb.png
 29 69.823784 12.629581 93.415588 -0.508989 -0.135164 -0.850095 0.867964 0.396200 1 22 1.000000
 29 70.799141 11.175603 93.635735 -0.203722 -0.588942 -0.782077 0.846891 0.385855 1 22 1.000000
 29 68.803383 12.451081 94.460587 -0.843784 -0.197690 -0.498946 0.876387 0.375738 1 22 1.000000
MarioHand_alb.png
 29 72.175903 13.122330 93.320221 0.209880 0.011734 -0.977657 0.824582 0.410803 1 22 1.000000
 29 70.799141 11.175603 93.635735 -0.203722 -0.588942 -0.782077 0.846891 0.385855 1 22 1.000000
 29 69.823784 12.629581 93.415588 -0.508989 -0.135164 -0.850095 0.867964 0.396200 1 22 1.000000
MarioHand_alb.png
 29 70.089218 10.521111 94.749893 -0.438669 -0.796279 -0.416545 0.851270 0.366690 1 22 1.000000
 29 68.447174 12.400202 95.615623 -0.947520 -0.227058 -0.225055 0.882628 0.355383 1 22 1.000000
 29 68.803383 12.451081 94.460587 -0.843784 -0.197690 -0.498946 0.876387 0.375738 1 22 1.000000
MarioHand_alb.png
 29 70.089218 10.521111 94.749893 -0.438669 -0.796279 -0.416545 0.851270 0.366690 1 22 1.000000
 29 68.803383 12.451081 94.460587 -0.843784 -0.197690 -0.498946 0.876387 0.375738 1 22 1.000000
 29 70.799141 11.175603 93.635735 -0.203722 -0.588942 -0.782077 0.846891 0.385855 1 22 1.000000
MarioHand_alb.png
 29 69.855080 10.342649 96.008553 -0.502755 -0.849018 -0.162499 0.853803 0.347829 1 22 1.000000
 29 68.447174 12.400202 95.615623 -0.947520 -0.227058 -0.225055 0.882628 0.355383 1 22 1.000000
 29 70.089218 10.521111 94.749893 -0.438669 -0.796279 -0.416545 0.851270 0.366690 1 22 1.000000
MarioHand_alb.png
 29 69.855080 10.342649 96.008553 -0.502755 -0.849018 -0.162499 0.853803 0.347829 1 22 1.000000
 29 68.320580 12.382465 96.628235 -0.866532 -0.261924 -0.424875 0.886854 0.335775 1 22 1.000000
 29 68.447174 12.400202 95.615623 -0.947520 -0.227058 -0.225055 0.882628 0.355383 1 22 1.000000
MarioHand_alb.png
 29 72.315895 10.094141 95.311050 0.148768 -0.944006 -0.294483 0.824948 0.363149 1 22 1.000000
 29 70.089218 10.521111 94.749893 -0.438669 -0.796279 -0.416545 0.851270 0.366690 1 22 1.000000
 29 70.799141 11.175603 93.635735 -0.203722 -0.588942 -0.782077 0.846891 0.385855 1 22 1.000000
MarioHand_alb.png
 29 72.315895 10.094141 95.311050 0.148768 -0.944006 -0.294483 0.824948 0.363149 1 22 1.000000
 29 69.855080 10.342649 96.008553 -0.502755 -0.849018 -0.162499 0.853803 0.347829 1 22 1.000000
 29 70.089218 10.521111 94.749893 -0.438669 -0.796279 -0.416545 0.851270 0.366690 1 22 1.000000
MarioHand_alb.png
 29 72.175903 13.122330 93.320221 0.209880 0.011734 -0.977657 0.824582 0.410803 1 22 1.000000
 29 72.481659 10.854091 94.059502 0.221254 -0.702196 -0.676733 0.824964 0.381796 1 22 1.000000
 29 70.799141 11.175603 93.635735 -0.203722 -0.588942 -0.782077 0.846891 0.385855 1 22 1.000000
MarioHand_alb.png
 29 72.481659 10.854091 94.059502 0.221254 -0.702196 -0.676733 0.824964 0.381796 1 22 1.000000
 29 72.315895 10.094141 95.311050 0.148768 -0.944006 -0.294483 0.824948 0.363149 1 22 1.000000
 29 70.799141 11.175603 93.635735 -0.203722 -0.588942 -0.782077 0.846891 0.385855 1 22 1.000000
MarioHand_alb.png
 29 72.175903 13.122330 93.320221 0.209880 0.011734 -0.977657 0.824582 0.410803 1 22 1.000000
 29 73.440704 11.337136 94.314407 0.614877 -0.524477 -0.588940 0.810773 0.383841 1 22 1.000000
 29 72.481659 10.854091 94.059502 0.221254 -0.702196 -0.676733 0.824964 0.381796 1 22 1.000000
MarioHand_alb.png
 29 73.440704 11.337136 94.314407 0.614877 -0.524477 -0.588940 0.810773 0.383841 1 22 1.000000
 29 72.315895 10.094141 95.311050 0.148768 -0.944006 -0.294483 0.824948 0.363149 1 22 1.000000
 29 72.481659 10.854091 94.059502 0.221254 -0.702196 -0.676733 0.824964 0.381796 1 22 1.000000
MarioHand_alb.png
 29 74.120499 12.283326 94.507233 0.817700 -0.215104 -0.533946 0.796201 0.389044 1 22 1.000000
 29 73.440704 11.337136 94.314407 0.614877 -0.524477 -0.588940 0.810773 0.383841 1 22 1.000000
 29 72.175903 13.122330 93.320221 0.209880 0.011734 -0.977657 0.824582 0.410803 1 22 1.000000
MarioHand_alb.png
 29 74.188972 13.588125 94.550941 0.837067 0.148700 -0.526505 0.780499 0.398138 1 22 1.000000
 29 74.120499 12.283326 94.507233 0.817700 -0.215104 -0.533946 0.796201 0.389044 1 22 1.000000
 29 72.175903 13.122330 93.320221 0.209880 0.011734 -0.977657 0.824582 0.410803 1 22 1.000000
MarioHand_alb.png
 29 73.440704 11.337136 94.314407 0.614877 -0.524477 -0.588940 0.810773 0.383841 1 22 1.000000
 29 73.681915 10.812321 95.675842 0.692784 -0.700414 -0.171670 0.806439 0.365194 1 22 1.000000
 29 72.315895 10.094141 95.311050 0.148768 -0.944006 -0.294483 0.824948 0.363149 1 22 1.000000
MarioHand_alb.png
 29 74.120499 12.283326 94.507233 0.817700 -0.215104 -0.533946 0.796201 0.389044 1 22 1.000000
 29 73.681915 10.812321 95.675842 0.692784 -0.700414 -0.171670 0.806439 0.365194 1 22 1.000000
 29 73.440704 11.337136 94.314407 0.614877 -0.524477 -0.588940 0.810773 0.383841 1 22 1.000000
MarioHand_alb.png
 29 72.184616 9.855464 96.762375 0.141140 -0.986743 -0.080107 0.824018 0.344640 1 22 1.000000
 29 69.855080 10.342649 96.008553 -0.502755 -0.849018 -0.162499 0.853803 0.347829 1 22 1.000000
 29 72.315895 10.094141 95.311050 0.148768 -0.944006 -0.294483 0.824948 0.363149 1 22 1.000000
MarioHand_alb.png
 29 73.681915 10.812321 95.675842 0.692784 -0.700414 -0.171670 0.806439 0.365194 1 22 1.000000
 29 72.184616 9.855464 96.762375 0.141140 -0.986743 -0.080107 0.824018 0.344640 1 22 1.000000
 29 72.315895 10.094141 95.311050 0.148768 -0.944006 -0.294483 0.824948 0.363149 1 22 1.000000
MarioHand_alb.png
 29 69.742172 10.307515 97.187172 -0.360855 -0.896702 -0.256337 0.855268 0.329213 1 22 1.000000
 29 68.320580 12.382465 96.628235 -0.866532 -0.261924 -0.424875 0.886854 0.335775 1 22 1.000000
 29 69.855080 10.342649 96.008553 -0.502755 -0.849018 -0.162499 0.853803 0.347829 1 22 1.000000
MarioHand_alb.png
 29 72.184616 9.855464 96.762375 0.141140 -0.986743 -0.080107 0.824018 0.344640 1 22 1.000000
 29 69.742172 10.307515 97.187172 -0.360855 -0.896702 -0.256337 0.855268 0.329213 1 22 1.000000
 29 69.855080 10.342649 96.008553 -0.502755 -0.849018 -0.162499 0.853803 0.347829 1 22 1.000000
MarioHand_alb.png
 29 69.144211 10.198345 97.800476 0.012207 -0.814085 -0.580617 0.857145 0.303471 1 22 1.000000
 29 68.320580 12.382465 96.628235 -0.866532 -0.261924 -0.424875 0.886854 0.335775 1 22 1.000000
 29 69.742172 10.307515 97.187172 -0.360855 -0.896702 -0.256337 0.855268 0.329213 1 22 1.000000
MarioHand_alb.png
 29 74.512886 12.078346 95.895744 0.956424 -0.275715 -0.096100 0.789242 0.370443 1 22 1.000000
 29 73.681915 10.812321 95.675842 0.692784 -0.700414 -0.171670 0.806439 0.365194 1 22 1.000000
 29 74.120499 12.283326 94.507233 0.817700 -0.215104 -0.533946 0.796201 0.389044 1 22 1.000000
MarioHand_alb.png
 29 74.512886 12.078346 95.895744 0.956424 -0.275715 -0.096100 0.789242 0.370443 1 22 1.000000
 29 74.120499 12.283326 94.507233 0.817700 -0.215104 -0.533946 0.796201 0.389044 1 22 1.000000
 29 74.188972 13.588125 94.550941 0.837067 0.148700 -0.526505 0.780499 0.398138 1 22 1.000000
MarioHand_alb.png
 29 73.600090 10.649750 97.268303 0.707172 -0.704597 0.058740 0.803143 0.346334 1 22 1.000000
 29 72.184616 9.855464 96.762375 0.141140 -0.986743 -0.080107 0.824018 0.344640 1 22 1.000000
 29 73.681915 10.812321 95.675842 0.692784 -0.700414 -0.171670 0.806439 0.365194 1 22 1.000000
MarioHand_alb.png
 29 73.600090 10.649750 97.268303 0.707172 -0.704597 0.058740 0.803143 0.346334 1 22 1.000000
 29 73.681915 10.812321 95.675842 0.692784 -0.700414 -0.171670 0.806439 0.365194 1 22 1.000000
 29 74.512886 12.078346 95.895744 0.956424 -0.275715 -0.096100 0.789242 0.370443 1 22 1.000000
MarioHand_alb.png
 29 71.890656 9.743402 98.204781 0.201425 -0.979373 -0.016022 0.823240 0.326421 1 22 1.000000
 29 69.742172 10.307515 97.187172 -0.360855 -0.896702 -0.256337 0.855268 0.329213 1 22 1.000000
 29 72.184616 9.855464 96.762375 0.141140 -0.986743 -0.080107 0.824018 0.344640 1 22 1.000000
MarioHand_alb.png
 29 73.600090 10.649750 97.268303 0.707172 -0.704597 0.058740 0.803143 0.346334 1 22 1.000000
 29 71.890656 9.743402 98.204781 0.201425 -0.979373 -0.016022 0.823240 0.326421 1 22 1.000000
 29 72.184616 9.855464 96.762375 0.141140 -0.986743 -0.080107 0.824018 0.344640 1 22 1.000000
MarioHand_alb.png
 29 70.728371 9.452324 99.558311 0.231170 -0.972458 -0.029755 0.822248 0.301381 1 22 1.000000
 29 69.144211 10.198345 97.800476 0.012207 -0.814085 -0.580617 0.857145 0.303471 1 22 1.000000
 29 69.742172 10.307515 97.187172 -0.360855 -0.896702 -0.256337 0.855268 0.329213 1 22 1.000000
MarioHand_alb.png
 29 71.890656 9.743402 98.204781 0.201425 -0.979373 -0.016022 0.823240 0.326421 1 22 1.000000
 29 70.728371 9.452324 99.558311 0.231170 -0.972458 -0.029755 0.822248 0.301381 1 22 1.000000
 29 69.742172 10.307515 97.187172 -0.360855 -0.896702 -0.256337 0.855268 0.329213 1 22 1.000000
MarioHand_alb.png
 29 70.728371 9.452324 99.558311 0.231170 -0.972458 -0.029755 0.822248 0.301381 1 22 1.000000
 29 68.747467 8.986062 100.143341 0.205236 -0.970483 -0.126651 0.822080 0.276143 1 22 1.000000
 29 69.144211 10.198345 97.800476 0.012207 -0.814085 -0.580617 0.857145 0.303471 1 22 1.000000
MarioHand_alb.png
 29 70.728371 9.452324 99.558311 0.231170 -0.972458 -0.029755 0.822248 0.301381 1 22 1.000000
 29 69.364288 9.628185 101.729401 0.406650 -0.750929 0.520329 0.796918 0.276814 1 22 1.000000
 29 68.747467 8.986062 100.143341 0.205236 -0.970483 -0.126651 0.822080 0.276143 1 22 1.000000
MarioHand_alb.png
 29 71.574020 10.136454 100.769707 0.508832 -0.703173 0.496626 0.798795 0.302281 1 22 1.000000
 29 69.364288 9.628185 101.729401 0.406650 -0.750929 0.520329 0.796918 0.276814 1 22 1.000000
 29 70.728371 9.452324 99.558311 0.231170 -0.972458 -0.029755 0.822248 0.301381 1 22 1.000000
MarioHand_alb.png
 29 71.890656 9.743402 98.204781 0.201425 -0.979373 -0.016022 0.823240 0.326421 1 22 1.000000
 29 71.574020 10.136454 100.769707 0.508832 -0.703173 0.496626 0.798795 0.302281 1 22 1.000000
 29 70.728371 9.452324 99.558311 0.231170 -0.972458 -0.029755 0.822248 0.301381 1 22 1.000000
MarioHand_alb.png
 29 71.574020 10.136454 100.769707 0.508832 -0.703173 0.496626 0.798795 0.302281 1 22 1.000000
 29 69.390175 11.051065 102.825668 0.447776 -0.234854 0.862751 0.772381 0.279042 1 22 1.000000
 29 69.364288 9.628185 101.729401 0.406650 -0.750929 0.520329 0.796918 0.276814 1 22 1.000000
MarioHand_alb.png
 29 73.161560 10.505996 99.043938 0.667536 -0.679171 0.305160 0.800641 0.327733 1 22 1.000000
 29 71.890656 9.743402 98.204781 0.201425 -0.979373 -0.016022 0.823240 0.326421 1 22 1.000000
 29 73.600090 10.649750 97.268303 0.707172 -0.704597 0.058740 0.803143 0.346334 1 22 1.000000
MarioHand_alb.png
 29 73.161560 10.505996 99.043938 0.667536 -0.679171 0.305160 0.800641 0.327733 1 22 1.000000
 29 71.574020 10.136454 100.769707 0.508832 -0.703173 0.496626 0.798795 0.302281 1 22 1.000000
 29 71.890656 9.743402 98.204781 0.201425 -0.979373 -0.016022 0.823240 0.326421 1 22 1.000000
MarioHand_alb.png
 29 71.954834 11.560102 101.564774 0.605064 -0.211448 0.767585 0.776028 0.305470 1 22 1.000000
 29 69.390175 11.051065 102.825668 0.447776 -0.234854 0.862751 0.772381 0.279042 1 22 1.000000
 29 71.574020 10.136454 100.769707 0.508832 -0.703173 0.496626 0.798795 0.302281 1 22 1.000000
MarioHand_alb.png
 29 73.161560 10.505996 99.043938 0.667536 -0.679171 0.305160 0.800641 0.327733 1 22 1.000000
 29 71.954834 11.560102 101.564774 0.605064 -0.211448 0.767585 0.776028 0.305470 1 22 1.000000
 29 71.574020 10.136454 100.769707 0.508832 -0.703173 0.496626 0.798795 0.302281 1 22 1.000000
MarioHand_alb.png
 29 71.954834 11.560102 101.564774 0.605064 -0.211448 0.767585 0.776028 0.305470 1 22 1.000000
 29 71.695053 13.305588 101.618179 0.536988 0.232835 0.810822 0.753567 0.311208 1 22 1.000000
 29 69.390175 11.051065 102.825668 0.447776 -0.234854 0.862751 0.772381 0.279042 1 22 1.000000
MarioHand_alb.png
 29 74.420639 12.020236 97.582932 0.952174 -0.240523 0.188451 0.784070 0.350683 1 22 1.000000
 29 73.161560 10.505996 99.043938 0.667536 -0.679171 0.305160 0.800641 0.327733 1 22 1.000000
 29 73.600090 10.649750 97.268303 0.707172 -0.704597 0.058740 0.803143 0.346334 1 22 1.000000
MarioHand_alb.png
 29 74.420639 12.020236 97.582932 0.952174 -0.240523 0.188451 0.784070 0.350683 1 22 1.000000
 29 73.600090 10.649750 97.268303 0.707172 -0.704597 0.058740 0.803143 0.346334 1 22 1.000000
 29 74.512886 12.078346 95.895744 0.956424 -0.275715 -0.096100 0.789242 0.370443 1 22 1.000000
MarioHand_alb.png
 29 73.781364 11.905620 99.517288 0.839258 -0.199419 0.505844 0.780301 0.331640 1 22 1.000000
 29 71.954834 11.560102 101.564774 0.605064 -0.211448 0.767585 0.776028 0.305470 1 22 1.000000
 29 73.161560 10.505996 99.043938 0.667536 -0.679171 0.305160 0.800641 0.327733 1 22 1.000000
MarioHand_alb.png
 29 73.781364 11.905620 99.517288 0.839258 -0.199419 0.505844 0.780301 0.331640 1 22 1.000000
 29 71.695053 13.305588 101.618179 0.536988 0.232835 0.810822 0.753567 0.311208 1 22 1.000000
 29 71.954834 11.560102 101.564774 0.605064 -0.211448 0.767585 0.776028 0.305470 1 22 1.000000
MarioHand_alb.png
 29 74.420639 12.020236 97.582932 0.952174 -0.240523 0.188451 0.784070 0.350683 1 22 1.000000
 29 73.781364 11.905620 99.517288 0.839258 -0.199419 0.505844 0.780301 0.331640 1 22 1.000000
 29 73.161560 10.505996 99.043938 0.667536 -0.679171 0.305160 0.800641 0.327733 1 22 1.000000
MarioHand_alb.png
 29 73.781364 11.905620 99.517288 0.839258 -0.199419 0.505844 0.780301 0.331640 1 22 1.000000
 29 73.641769 13.641808 99.590553 0.794713 0.234620 0.559808 0.759518 0.337530 1 22 1.000000
 29 71.695053 13.305588 101.618179 0.536988 0.232835 0.810822 0.753567 0.311208 1 22 1.000000
MarioHand_alb.png
 29 74.586647 13.719529 95.964096 0.979377 0.190021 -0.068648 0.771618 0.376806 1 22 1.000000
 29 74.420639 12.020236 97.582932 0.952174 -0.240523 0.188451 0.784070 0.350683 1 22 1.000000
 29 74.512886 12.078346 95.895744 0.956424 -0.275715 -0.096100 0.789242 0.370443 1 22 1.000000
MarioHand_alb.png
 29 74.586647 13.719529 95.964096 0.979377 0.190021 -0.068648 0.771618 0.376806 1 22 1.000000
 29 74.512886 12.078346 95.895744 0.956424 -0.275715 -0.096100 0.789242 0.370443 1 22 1.000000
 29 74.188972 13.588125 94.550941 0.837067 0.148700 -0.526505 0.780499 0.398138 1 22 1.000000
MarioHand_alb.png
 29 74.420639 12.020236 97.582932 0.952174 -0.240523 0.188451 0.784070 0.350683 1 22 1.000000
 29 74.400986 13.737679 97.646881 0.946497 0.212886 0.242535 0.764981 0.356756 1 22 1.000000
 29 73.781364 11.905620 99.517288 0.839258 -0.199419 0.505844 0.780301 0.331640 1 22 1.000000
MarioHand_alb.png
 29 74.400986 13.737679 97.646881 0.946497 0.212886 0.242535 0.764981 0.356756 1 22 1.000000
 29 73.641769 13.641808 99.590553 0.794713 0.234620 0.559808 0.759518 0.337530 1 22 1.000000
 29 73.781364 11.905620 99.517288 0.839258 -0.199419 0.505844 0.780301 0.331640 1 22 1.000000
MarioHand_alb.png
 29 74.586647 13.719529 95.964096 0.979377 0.190021 -0.068648 0.771618 0.376806 1 22 1.000000
 29 74.400986 13.737679 97.646881 0.946497 0.212886 0.242535 0.764981 0.356756 1 22 1.000000
 29 74.420639 12.020236 97.582932 0.952174 -0.240523 0.188451 0.784070 0.350683 1 22 1.000000
MarioHand_alb.png
 29 74.400986 13.737679 97.646881 0.946497 0.212886 0.242535 0.764981 0.356756 1 22 1.000000
 29 72.980103 15.122811 99.342224 0.600413 0.627973 0.495131 0.739742 0.343679 1 22 1.000000
 29 73.641769 13.641808 99.590553 0.794713 0.234620 0.559808 0.759518 0.337530 1 22 1.000000
MarioHand_alb.png
 29 74.400986 13.737679 97.646881 0.946497 0.212886 0.242535 0.764981 0.356756 1 22 1.000000
 29 73.732162 15.227272 97.480255 0.732450 0.650813 0.199898 0.746166 0.362524 1 22 1.000000
 29 72.980103 15.122811 99.342224 0.600413 0.627973 0.495131 0.739742 0.343679 1 22 1.000000
MarioHand_alb.png
 29 74.586647 13.719529 95.964096 0.979377 0.190021 -0.068648 0.771618 0.376806 1 22 1.000000
 29 73.732162 15.227272 97.480255 0.732450 0.650813 0.199898 0.746166 0.362524 1 22 1.000000
 29 74.400986 13.737679 97.646881 0.946497 0.212886 0.242535 0.764981 0.356756 1 22 1.000000
MarioHand_alb.png
 29 73.732162 15.227272 97.480255 0.732450 0.650813 0.199898 0.746166 0.362524 1 22 1.000000
 29 71.743408 16.075829 98.727737 0.262470 0.914638 0.307486 0.718334 0.351095 1 22 1.000000
 29 72.980103 15.122811 99.342224 0.600413 0.627973 0.495131 0.739742 0.343679 1 22 1.000000
MarioHand_alb.png
 29 74.586647 13.719529 95.964096 0.979377 0.190021 -0.068648 0.771618 0.376806 1 22 1.000000
 29 73.967133 15.107972 95.844147 0.771291 0.628343 -0.101466 0.754299 0.380926 1 22 1.000000
 29 73.732162 15.227272 97.480255 0.732450 0.650813 0.199898 0.746166 0.362524 1 22 1.000000
MarioHand_alb.png
 29 74.586647 13.719529 95.964096 0.979377 0.190021 -0.068648 0.771618 0.376806 1 22 1.000000
 29 74.188972 13.588125 94.550941 0.837067 0.148700 -0.526505 0.780499 0.398138 1 22 1.000000
 29 73.967133 15.107972 95.844147 0.771291 0.628343 -0.101466 0.754299 0.380926 1 22 1.000000
MarioHand_alb.png
 29 73.732162 15.227272 97.480255 0.732450 0.650813 0.199898 0.746166 0.362524 1 22 1.000000
 29 72.337280 16.160990 97.047821 0.332653 0.940546 0.068667 0.725582 0.370108 1 22 1.000000
 29 71.743408 16.075829 98.727737 0.262470 0.914638 0.307486 0.718334 0.351095 1 22 1.000000
MarioHand_alb.png
 29 73.732162 15.227272 97.480255 0.732450 0.650813 0.199898 0.746166 0.362524 1 22 1.000000
 29 73.967133 15.107972 95.844147 0.771291 0.628343 -0.101466 0.754299 0.380926 1 22 1.000000
 29 72.337280 16.160990 97.047821 0.332653 0.940546 0.068667 0.725582 0.370108 1 22 1.000000
MarioHand_alb.png
 29 71.743408 16.075829 98.727737 0.262470 0.914638 0.307486 0.718334 0.351095 1 22 1.000000
 29 72.337280 16.160990 97.047821 0.332653 0.940546 0.068667 0.725582 0.370108 1 22 1.000000
 29 70.314552 16.231300 97.892334 -0.241096 0.970487 -0.005341 0.697047 0.358618 1 22 1.000000
MarioHand_alb.png
 29 70.314552 16.231300 97.892334 -0.241096 0.970487 -0.005341 0.697047 0.358618 1 22 1.000000
 29 72.337280 16.160990 97.047821 0.332653 0.940546 0.068667 0.725582 0.370108 1 22 1.000000
 29 70.736076 16.271063 96.518295 -0.276163 0.954365 -0.113669 0.705592 0.379049 1 22 1.000000
MarioHand_alb.png
 29 73.967133 15.107972 95.844147 0.771291 0.628343 -0.101466 0.754299 0.380926 1 22 1.000000
 29 74.188972 13.588125 94.550941 0.837067 0.148700 -0.526505 0.780499 0.398138 1 22 1.000000
 29 73.620995 14.677652 94.427597 0.678192 0.475936 -0.559947 0.761532 0.399847 1 22 1.000000
MarioHand_alb.png
 29 73.620995 14.677652 94.427597 0.678192 0.475936 -0.559947 0.761532 0.399847 1 22 1.000000
 29 74.188972 13.588125 94.550941 0.837067 0.148700 -0.526505 0.780499 0.398138 1 22 1.000000
 29 72.175903 13.122330 93.320221 0.209880 0.011734 -0.977657 0.764721 0.429969 1 22 1.000000
MarioHand_alb.png
 29 72.337280 16.160990 97.047821 0.332653 0.940546 0.068667 0.725582 0.370108 1 22 1.000000
 29 73.967133 15.107972 95.844147 0.771291 0.628343 -0.101466 0.754299 0.380926 1 22 1.000000
 29 72.647369 15.982637 95.513893 0.363155 0.909698 -0.201413 0.735424 0.387945 1 22 1.000000
MarioHand_alb.png
 29 72.337280 16.160990 97.047821 0.332653 0.940546 0.068667 0.725582 0.370108 1 22 1.000000
 29 72.647369 15.982637 95.513893 0.363155 0.909698 -0.201413 0.735424 0.387945 1 22 1.000000
 29 70.736076 16.271063 96.518295 -0.276163 0.954365 -0.113669 0.705592 0.379049 1 22 1.000000
MarioHand_alb.png
 29 73.967133 15.107972 95.844147 0.771291 0.628343 -0.101466 0.754299 0.380926 1 22 1.000000
 29 73.620995 14.677652 94.427597 0.678192 0.475936 -0.559947 0.761532 0.399847 1 22 1.000000
 29 72.647369 15.982637 95.513893 0.363155 0.909698 -0.201413 0.735424 0.387945 1 22 1.000000
MarioHand_alb.png
 29 70.736076 16.271063 96.518295 -0.276163 0.954365 -0.113669 0.705592 0.379049 1 22 1.000000
 29 72.647369 15.982637 95.513893 0.363155 0.909698 -0.201413 0.735424 0.387945 1 22 1.000000
 29 71.066307 16.075768 95.111336 -0.226579 0.909749 -0.347879 0.717464 0.398520 1 22 1.000000
MarioHand_alb.png
 29 73.620995 14.677652 94.427597 0.678192 0.475936 -0.559947 0.761532 0.399847 1 22 1.000000
 29 72.175903 13.122330 93.320221 0.209880 0.011734 -0.977657 0.764721 0.429969 1 22 1.000000
 29 72.735931 15.308311 94.213966 0.381488 0.685343 -0.620300 0.746731 0.404288 1 22 1.000000
MarioHand_alb.png
 29 72.647369 15.982637 95.513893 0.363155 0.909698 -0.201413 0.735424 0.387945 1 22 1.000000
 29 73.620995 14.677652 94.427597 0.678192 0.475936 -0.559947 0.761532 0.399847 1 22 1.000000
 29 72.735931 15.308311 94.213966 0.381488 0.685343 -0.620300 0.746731 0.404288 1 22 1.000000
MarioHand_alb.png
 29 72.647369 15.982637 95.513893 0.363155 0.909698 -0.201413 0.735424 0.387945 1 22 1.000000
 29 72.735931 15.308311 94.213966 0.381488 0.685343 -0.620300 0.746731 0.404288 1 22 1.000000
 29 71.066307 16.075768 95.111336 -0.226579 0.909749 -0.347879 0.717464 0.398520 1 22 1.000000
MarioHand_alb.png
 29 72.735931 15.308311 94.213966 0.381488 0.685343 -0.620300 0.746731 0.404288 1 22 1.000000
 29 72.175903 13.122330 93.320221 0.209880 0.011734 -0.977657 0.764721 0.429969 1 22 1.000000
 29 71.531082 15.363613 93.907005 -0.057988 0.687270 -0.724084 0.733684 0.414237 1 22 1.000000
MarioHand_alb.png
 29 71.066307 16.075768 95.111336 -0.226579 0.909749 -0.347879 0.717464 0.398520 1 22 1.000000
 29 72.735931 15.308311 94.213966 0.381488 0.685343 -0.620300 0.746731 0.404288 1 22 1.000000
 29 71.531082 15.363613 93.907005 -0.057988 0.687270 -0.724084 0.733684 0.414237 1 22 1.000000
end
