version 1
nodes
  0 "nw4f_root"  -1
  1 "AllRoot"   0
  2 "JointRoot"   1
  3 "Hip"   2
  4 "LegL1"   3
  5 "LegL2"   4
  6 "FootL"   5
  7 "ToeL"   6
  8 "LegR1"   3
  9 "LegR2"   8
 10 "FootR"   9
 11 "ToeR"  10
 12 "Spine1"   2
 13 "Spine2"  12
 14 "Bag"  13
 15 "Head"  13
 16 "JoeUnder"  15
 17 "ShoulderL"  13
 18 "ArmL1"  17
 19 "ArmL1Sub"  18
 20 "ArmL2"  18
 21 "ArmL2Sub"  20
 22 "HandL"  20
 23 "ShoulderR"  13
 24 "ArmR1"  23
 25 "ArmR1Sub"  24
 26 "ArmR2"  24
 27 "ArmR2Sub"  26
 28 "HandR"  26
 29 "LuigiUnused_LHand1"  -1
end
skeleton
time 0
  0 0.000000 0.000000 0.000000 1.570796 -0.000000 0.000000
  1 0.000000 0.000000 0.000000 0.000000 -0.000000 0.000000
  2 0.000000 68.028503 -3.990591 0.000000 -0.000000 0.000000
  3 0.000000 -2.000000 0.000001 -1.570796 -3.141592 1.570796
  4 4.029991 2.576941 -10.147688 0.000000 -0.000000 0.000000
  5 26.211063 0.000204 -0.000088 0.000000 -0.000000 0.000000
  6 22.942825 0.000005 0.000004 0.000000 0.000000 1.134464
  7 12.169998 0.000008 0.000000 -0.000000 0.000000 0.436332
  8 4.029991 2.576937 10.147690 0.000000 -0.000000 0.000000
  9 26.211067 0.000200 0.000096 0.000000 -0.000000 0.000000
 10 22.942818 0.000005 0.000004 0.000000 0.000000 1.134464
 11 12.170002 0.000010 0.000000 -0.000000 0.000000 0.436332
 12 0.000000 4.277161 -0.000000 1.570796 -0.000000 1.570796
 13 13.929802 0.000000 0.000000 0.000000 -0.000000 0.000000
 14 22.639145 -16.116180 0.000000 -1.570796 -1.570451 0.000000
 15 20.107773 0.000587 -0.000000 0.000000 0.000000 1.570796
 16 0.073432 -15.880157 -0.000000 -3.141592 0.000000 0.575263
 17 10.084557 0.778702 3.123569 -1.570796 -1.570451 0.000000
 18 12.086020 0.000000 0.000000 0.000000 0.000000 0.000000
 19 5.370699 0.000000 0.000001 -0.000000 0.000000 0.000000
 20 12.261209 0.000000 0.000001 -0.000000 0.000000 0.000000
 21 8.518942 0.000023 -0.000006 -0.000000 0.000001 -0.000000
 22 19.602606 0.000038 0.000000 -0.000000 0.000001 -0.000000
 23 10.084557 0.778702 -3.123570 1.570796 1.570451 0.000000
 24 12.086014 0.000000 0.000000 -0.000000 0.000000 0.000000
 25 5.370700 0.000000 0.000000 0.000000 0.000000 -0.000000
 26 12.261210 0.000000 -0.000001 0.000000 0.000001 -0.000000
 27 8.518951 0.000000 0.000006 0.000000 -0.000000 0.000000
 28 19.602608 0.000000 0.000000 0.000000 -0.000000 0.000000
 29 0.000000 0.000000 0.000000 0.000000 -0.000000 0.000000
end
triangles
MarioHand_alb.png
 29 65.300919 3.077584 100.851646 -0.054932 0.994423 0.090027 0.587182 0.028794 1 22 1.000000
 29 63.279919 3.128185 98.876953 0.654865 0.252106 -0.712457 0.627543 0.030091 1 22 1.000000
 29 67.810043 2.786524 99.233002 0.062561 -0.991370 0.115204 0.586419 0.057710 1 22 1.000000
MarioHand_alb.png
 29 58.166866 8.409189 104.197327 0.064459 -0.341936 -0.937510 0.126024 0.804623 1 22 1.000000
 29 60.578278 8.872711 105.413612 0.496588 -0.299497 -0.814679 0.129351 0.836851 1 22 1.000000
 29 60.227821 8.297356 105.613190 0.428740 -0.639868 -0.637770 0.120699 0.833371 1 22 1.000000
MarioHand_alb.png
 29 58.166866 8.409189 104.197327 0.064459 -0.341936 -0.937510 0.126024 0.804623 1 22 1.000000
 29 56.016651 8.263659 105.457199 -0.332976 -0.645546 -0.687311 0.116213 0.779187 1 22 1.000000
 29 55.672310 8.833571 105.234245 -0.385772 -0.311365 -0.868465 0.123690 0.774762 1 22 1.000000
MarioHand_alb.png
 29 58.166866 8.409189 104.197327 0.064459 -0.341936 -0.937510 0.126024 0.804623 1 22 1.000000
 29 56.022778 9.408927 105.034691 -0.314995 0.058728 -0.947274 0.131807 0.777768 1 22 1.000000
 29 57.061813 9.871284 104.907379 -0.152621 0.320696 -0.934805 0.140795 0.788968 1 22 1.000000
MarioHand_alb.png
 29 58.166866 8.409189 104.197327 0.064459 -0.341936 -0.937510 0.126024 0.804623 1 22 1.000000
 29 59.193581 9.887636 105.002914 0.259854 0.336551 -0.905102 0.145052 0.819120 1 22 1.000000
 29 60.233948 9.442625 105.190674 0.425970 0.076270 -0.901517 0.137346 0.832349 1 22 1.000000
MarioHand_alb.png
 29 57.057014 7.818653 105.644974 -0.305187 -0.316917 0.898011 0.026749 0.897826 1 22 1.000000
 29 56.621323 9.061601 105.869118 -0.402886 0.311225 0.860710 0.023239 0.912490 1 22 1.000000
 29 56.016651 8.263659 105.457199 -0.418575 -0.170177 0.892096 0.014343 0.904021 1 22 1.000000
MarioHand_alb.png
 29 56.022778 9.408927 105.034691 -0.418478 0.704680 0.572976 0.014343 0.920958 1 22 1.000000
 29 56.621323 9.061601 105.869118 -0.402886 0.311225 0.860710 0.023239 0.912490 1 22 1.000000
 29 57.061813 9.871284 104.907379 -0.291809 0.819734 0.492832 0.026749 0.927169 1 22 1.000000
MarioHand_alb.png
 29 59.193581 9.887636 105.002914 0.205227 0.822147 0.530996 0.060639 0.927169 1 22 1.000000
 29 59.581917 9.085223 105.977348 0.283370 0.320460 0.903885 0.064149 0.912490 1 22 1.000000
 29 60.233948 9.442625 105.190674 0.328812 0.710169 0.622530 0.073045 0.920958 1 22 1.000000
MarioHand_alb.png
 29 60.227821 8.297356 105.613190 0.315042 -0.152563 0.936735 0.073045 0.904021 1 22 1.000000
 29 59.581917 9.085223 105.977348 0.283370 0.320460 0.903885 0.064149 0.912490 1 22 1.000000
 29 59.188789 7.835011 105.740517 0.196064 -0.299341 0.933785 0.060639 0.897826 1 22 1.000000
MarioHand_alb.png
 29 58.105400 9.768345 105.667931 -0.046539 0.826156 0.561516 0.043687 0.922713 1 22 1.000000
 29 58.131592 10.004710 104.900879 -0.033568 0.954595 0.296010 0.043687 0.929427 1 22 1.000000
 29 57.061813 9.871284 104.907379 -0.291809 0.819734 0.492832 0.026749 0.927169 1 22 1.000000
MarioHand_alb.png
 29 58.105400 9.768345 105.667931 -0.046539 0.826156 0.561516 0.043687 0.922713 1 22 1.000000
 29 59.193581 9.887636 105.002914 0.205227 0.822147 0.530996 0.060639 0.927169 1 22 1.000000
 29 58.131592 10.004710 104.900879 -0.033568 0.954595 0.296010 0.043687 0.929427 1 22 1.000000
MarioHand_alb.png
 29 58.097836 8.378485 106.178528 -0.060664 -0.276230 0.959175 0.043687 0.902281 1 22 1.000000
 29 58.119034 7.701585 105.746994 -0.052631 -0.540326 0.839808 0.043687 0.895552 1 22 1.000000
 29 59.188789 7.835011 105.740517 0.196064 -0.299341 0.933785 0.060639 0.897826 1 22 1.000000
MarioHand_alb.png
 29 58.097836 8.378485 106.178528 -0.060664 -0.276230 0.959175 0.043687 0.902281 1 22 1.000000
 29 57.057014 7.818653 105.644974 -0.305187 -0.316917 0.898011 0.026749 0.897826 1 22 1.000000
 29 58.119034 7.701585 105.746994 -0.052631 -0.540326 0.839808 0.043687 0.895552 1 22 1.000000
MarioHand_alb.png
 29 60.459366 3.504579 106.273285 0.493012 -0.002003 -0.870021 0.080049 0.771603 1 22 1.000000
 29 58.069679 3.492923 104.919441 0.056441 -0.003909 -0.998398 0.079652 0.742016 1 22 1.000000
 29 60.129509 4.117122 106.252625 0.430657 0.354367 -0.830035 0.087785 0.768002 1 22 1.000000
MarioHand_alb.png
 29 58.069679 3.492923 104.919441 0.056441 -0.003909 -0.998398 0.079652 0.742016 1 22 1.000000
 29 60.459366 3.504579 106.273285 0.493012 -0.002003 -0.870021 0.080049 0.771603 1 22 1.000000
 29 60.132545 2.890305 106.256470 0.432695 -0.356645 -0.827997 0.072221 0.768200 1 22 1.000000
MarioHand_alb.png
 29 58.069679 3.492923 104.919441 0.056441 -0.003909 -0.998398 0.079652 0.742016 1 22 1.000000
 29 60.132545 2.890305 106.256470 0.432695 -0.356645 -0.827997 0.072221 0.768200 1 22 1.000000
 29 59.236603 2.438885 106.206696 0.257899 -0.620140 -0.740887 0.064927 0.758129 1 22 1.000000
MarioHand_alb.png
 29 58.069679 3.492923 104.919441 0.056441 -0.003909 -0.998398 0.079652 0.742016 1 22 1.000000
 29 56.785889 2.432409 106.066856 -0.168585 -0.622371 -0.764352 0.063508 0.724529 1 22 1.000000
 29 55.887787 2.879087 106.014252 -0.335003 -0.360067 -0.870704 0.070726 0.712642 1 22 1.000000
MarioHand_alb.png
 29 58.069679 3.492923 104.919441 0.056441 -0.003909 -0.998398 0.079652 0.742016 1 22 1.000000
 29 55.884766 4.105906 106.010376 -0.336405 0.353950 -0.872669 0.087816 0.712413 1 22 1.000000
 29 56.780670 4.557322 106.060158 -0.171684 0.616536 -0.768380 0.095338 0.724102 1 22 1.000000
MarioHand_alb.png
 29 58.069679 3.492923 104.919441 0.056441 -0.003909 -0.998398 0.079652 0.742016 1 22 1.000000
 29 59.231392 4.563795 106.200027 0.254097 0.616166 -0.745503 0.094804 0.757733 1 22 1.000000
 29 60.129509 4.117122 106.252625 0.430657 0.354367 -0.830035 0.087785 0.768002 1 22 1.000000
MarioHand_alb.png
 29 57.971111 4.240333 106.757057 -0.046924 0.587308 0.808002 0.145403 0.910002 1 22 1.000000
 29 58.005646 4.724921 106.129570 -0.037388 0.792962 0.608122 0.145403 0.916732 1 22 1.000000
 29 56.780670 4.557322 106.060158 -0.291425 0.579131 0.761367 0.128420 0.914458 1 22 1.000000
MarioHand_alb.png
 29 57.971111 4.240333 106.757057 -0.046924 0.587308 0.808002 0.145403 0.910002 1 22 1.000000
 29 59.231392 4.563795 106.200027 0.199475 0.581453 0.788747 0.162371 0.914458 1 22 1.000000
 29 58.005646 4.724921 106.129570 -0.037388 0.792962 0.608122 0.145403 0.916732 1 22 1.000000
MarioHand_alb.png
 29 57.974762 2.759641 106.761726 -0.045008 -0.582384 0.811667 0.145403 0.889525 1 22 1.000000
 29 58.011684 2.271286 106.137291 -0.033189 -0.788468 0.614180 0.145403 0.882795 1 22 1.000000
 29 59.236603 2.438885 106.206696 0.201414 -0.575395 0.792687 0.162371 0.885069 1 22 1.000000
MarioHand_alb.png
 29 57.974762 2.759641 106.761726 -0.045008 -0.582384 0.811667 0.145403 0.889525 1 22 1.000000
 29 56.785889 2.432409 106.066856 -0.287657 -0.575814 0.765305 0.128420 0.885069 1 22 1.000000
 29 58.011684 2.271286 106.137291 -0.033189 -0.788468 0.614180 0.145403 0.882795 1 22 1.000000
MarioHand_alb.png
 29 58.024071 -1.630620 104.278275 0.132717 0.259891 -0.956474 0.028763 0.796063 1 22 1.000000
 29 60.302753 -1.952513 105.777443 0.557571 0.234522 -0.796313 0.031662 0.825483 1 22 1.000000
 29 59.992123 -2.539985 105.570526 0.504188 -0.121113 -0.855060 0.023590 0.822782 1 22 1.000000
MarioHand_alb.png
 29 58.024071 -1.630620 104.278275 0.132717 0.259891 -0.956474 0.028763 0.796063 1 22 1.000000
 29 59.992123 -2.539985 105.570526 0.504188 -0.121113 -0.855060 0.023590 0.822782 1 22 1.000000
 29 59.113152 -2.962170 105.329514 0.330288 -0.402919 -0.853561 0.015473 0.813352 1 22 1.000000
MarioHand_alb.png
 29 58.024071 -1.630620 104.278275 0.132717 0.259891 -0.956474 0.028763 0.796063 1 22 1.000000
 29 55.439415 -1.893792 105.109116 -0.318946 0.244718 -0.915635 0.025452 0.762387 1 22 1.000000
 29 55.750053 -1.306323 105.316032 -0.272356 0.573213 -0.772819 0.034363 0.765911 1 22 1.000000
MarioHand_alb.png
 29 58.024071 -1.630620 104.278275 0.132717 0.259891 -0.956474 0.028763 0.796063 1 22 1.000000
 29 55.750053 -1.306323 105.316032 -0.272356 0.573213 -0.772819 0.034363 0.765911 1 22 1.000000
 29 56.629044 -0.884137 105.557068 -0.121306 0.794452 -0.595088 0.042863 0.776913 1 22 1.000000
MarioHand_alb.png
 29 58.024071 -1.630620 104.278275 0.132717 0.259891 -0.956474 0.028763 0.796063 1 22 1.000000
 29 59.060703 -0.913498 105.891212 0.295270 0.788568 -0.539422 0.045182 0.810422 1 22 1.000000
 29 59.961830 -1.357189 105.894829 0.481428 0.561598 -0.672930 0.039063 0.821256 1 22 1.000000
MarioHand_alb.png
 29 57.768555 -1.375658 106.237625 -0.123217 0.348218 0.929280 0.065263 0.870832 1 22 1.000000
 29 57.840790 -0.740353 105.767601 -0.101478 0.599022 0.794277 0.065263 0.877577 1 22 1.000000
 29 56.629044 -0.884137 105.557068 -0.361732 0.354244 0.862358 0.048280 0.875303 1 22 1.000000
MarioHand_alb.png
 29 57.768555 -1.375658 106.237625 -0.123217 0.348218 0.929280 0.065263 0.870832 1 22 1.000000
 29 59.060703 -0.913498 105.891212 0.125096 0.348120 0.929066 0.082246 0.875303 1 22 1.000000
 29 57.840790 -0.740353 105.767601 -0.101478 0.599022 0.794277 0.065263 0.877577 1 22 1.000000
MarioHand_alb.png
 29 57.805107 -2.803220 105.846199 -0.094222 -0.778714 0.620263 0.065263 0.850355 1 22 1.000000
 29 57.901375 -3.105954 105.118988 -0.062562 -0.924452 0.376132 0.065263 0.843626 1 22 1.000000
 29 59.113152 -2.962170 105.329514 0.152595 -0.766909 0.623350 0.082246 0.845899 1 22 1.000000
MarioHand_alb.png
 29 57.805107 -2.803220 105.846199 -0.094222 -0.778714 0.620263 0.065263 0.850355 1 22 1.000000
 29 56.681488 -2.932806 104.995346 -0.334183 -0.761448 0.555445 0.048280 0.845899 1 22 1.000000
 29 57.901375 -3.105954 105.118988 -0.062562 -0.924452 0.376132 0.065263 0.843626 1 22 1.000000
MarioHand_alb.png
 29 60.578278 8.872711 105.413612 0.496588 -0.299497 -0.814679 0.129351 0.836851 1 22 1.000000
 29 58.166866 8.409189 104.197327 0.064459 -0.341936 -0.937510 0.126024 0.804623 1 22 1.000000
 29 60.233948 9.442625 105.190674 0.425970 0.076270 -0.901517 0.137346 0.832349 1 22 1.000000
MarioHand_alb.png
 29 58.166866 8.409189 104.197327 0.064459 -0.341936 -0.937510 0.126024 0.804623 1 22 1.000000
 29 57.057014 7.818653 105.644974 -0.172418 -0.849310 -0.498943 0.109575 0.791959 1 22 1.000000
 29 56.016651 8.263659 105.457199 -0.332976 -0.645546 -0.687311 0.116213 0.779187 1 22 1.000000
MarioHand_alb.png
 29 59.188789 7.835011 105.740517 0.254832 -0.845086 -0.469990 0.111543 0.821118 1 22 1.000000
 29 58.166866 8.409189 104.197327 0.064459 -0.341936 -0.937510 0.126024 0.804623 1 22 1.000000
 29 60.227821 8.297356 105.613190 0.428740 -0.639868 -0.637770 0.120699 0.833371 1 22 1.000000
MarioHand_alb.png
 29 58.166866 8.409189 104.197327 0.064459 -0.341936 -0.937510 0.126024 0.804623 1 22 1.000000
 29 55.672310 8.833571 105.234245 -0.385772 -0.311365 -0.868465 0.123690 0.774762 1 22 1.000000
 29 56.022778 9.408927 105.034691 -0.314995 0.058728 -0.947274 0.131807 0.777768 1 22 1.000000
MarioHand_alb.png
 29 60.302753 -1.952513 105.777443 0.557571 0.234522 -0.796313 0.031662 0.825483 1 22 1.000000
 29 58.024071 -1.630620 104.278275 0.132717 0.259891 -0.956474 0.028763 0.796063 1 22 1.000000
 29 59.961830 -1.357189 105.894829 0.481428 0.561598 -0.672930 0.039063 0.821256 1 22 1.000000
MarioHand_alb.png
 29 58.024071 -1.630620 104.278275 0.132717 0.259891 -0.956474 0.028763 0.796063 1 22 1.000000
 29 56.681488 -2.932806 104.995346 -0.097639 -0.401163 -0.910788 0.011200 0.780026 1 22 1.000000
 29 55.780319 -2.489127 104.991745 -0.260257 -0.115532 -0.958602 0.017380 0.767575 1 22 1.000000
MarioHand_alb.png
 29 58.024071 -1.630620 104.278275 0.132717 0.259891 -0.956474 0.028763 0.796063 1 22 1.000000
 29 59.113152 -2.962170 105.329514 0.330288 -0.402919 -0.853561 0.015473 0.813352 1 22 1.000000
 29 57.901375 -3.105954 105.118988 0.111403 -0.499406 -0.859176 0.009796 0.797604 1 22 1.000000
MarioHand_alb.png
 29 57.901375 -3.105954 105.118988 0.111403 -0.499406 -0.859176 0.009796 0.797604 1 22 1.000000
 29 56.681488 -2.932806 104.995346 -0.097639 -0.401163 -0.910788 0.011200 0.780026 1 22 1.000000
 29 58.024071 -1.630620 104.278275 0.132717 0.259891 -0.956474 0.028763 0.796063 1 22 1.000000
MarioHand_alb.png
 29 58.024071 -1.630620 104.278275 0.132717 0.259891 -0.956474 0.028763 0.796063 1 22 1.000000
 29 55.780319 -2.489127 104.991745 -0.260257 -0.115532 -0.958602 0.017380 0.767575 1 22 1.000000
 29 55.439415 -1.893792 105.109116 -0.318946 0.244718 -0.915635 0.025452 0.762387 1 22 1.000000
MarioHand_alb.png
 29 58.069679 3.492923 104.919441 0.056441 -0.003909 -0.998398 0.079652 0.742016 1 22 1.000000
 29 55.887787 2.879087 106.014252 -0.335003 -0.360067 -0.870704 0.070726 0.712642 1 22 1.000000
 29 55.557934 3.491624 105.993553 -0.393318 -0.003910 -0.919394 0.079210 0.708141 1 22 1.000000
MarioHand_alb.png
 29 59.236603 2.438885 106.206696 0.257899 -0.620140 -0.740887 0.064927 0.758129 1 22 1.000000
 29 58.011684 2.271286 106.137291 0.043106 -0.706426 -0.706473 0.060624 0.741924 1 22 1.000000
 29 58.069679 3.492923 104.919441 0.056441 -0.003909 -0.998398 0.079652 0.742016 1 22 1.000000
MarioHand_alb.png
 29 58.011684 2.271286 106.137291 0.043106 -0.706426 -0.706473 0.060624 0.741924 1 22 1.000000
 29 56.785889 2.432409 106.066856 -0.168585 -0.622371 -0.764352 0.063508 0.724529 1 22 1.000000
 29 58.069679 3.492923 104.919441 0.056441 -0.003909 -0.998398 0.079652 0.742016 1 22 1.000000
MarioHand_alb.png
 29 55.884766 4.105906 106.010376 -0.336405 0.353950 -0.872669 0.087816 0.712413 1 22 1.000000
 29 58.069679 3.492923 104.919441 0.056441 -0.003909 -0.998398 0.079652 0.742016 1 22 1.000000
 29 55.557934 3.491624 105.993553 -0.393318 -0.003910 -0.919394 0.079210 0.708141 1 22 1.000000
MarioHand_alb.png
 29 58.069679 3.492923 104.919441 0.056441 -0.003909 -0.998398 0.079652 0.742016 1 22 1.000000
 29 56.780670 4.557322 106.060158 -0.171684 0.616536 -0.768380 0.095338 0.724102 1 22 1.000000
 29 58.005646 4.724921 106.129570 0.038911 0.700489 -0.712601 0.098680 0.741421 1 22 1.000000
MarioHand_alb.png
 29 58.069679 3.492923 104.919441 0.056441 -0.003909 -0.998398 0.079652 0.742016 1 22 1.000000
 29 58.005646 4.724921 106.129570 0.038911 0.700489 -0.712601 0.098680 0.741421 1 22 1.000000
 29 59.231392 4.563795 106.200027 0.254097 0.616166 -0.745503 0.094804 0.757733 1 22 1.000000
MarioHand_alb.png
 29 63.049026 11.249261 98.126198 0.970455 0.195693 -0.141143 0.899718 0.235935 1 22 1.000000
 29 62.556286 13.297711 98.308815 0.434517 0.782722 -0.445580 0.929747 0.237446 1 22 1.000000
 29 63.236061 13.173475 97.315491 -0.700778 0.614469 -0.362406 0.926528 0.261326 1 22 1.000000
MarioHand_alb.png
 29 62.816956 11.029358 97.103889 -0.917463 -0.234707 -0.321207 0.895689 0.256504 1 22 1.000000
 29 63.049026 11.249261 98.126198 0.970455 0.195693 -0.141143 0.899718 0.235935 1 22 1.000000
 29 63.236061 13.173475 97.315491 -0.700778 0.614469 -0.362406 0.926528 0.261326 1 22 1.000000
MarioHand_alb.png
 29 64.245369 8.872521 97.924728 -0.520353 -0.770706 -0.367757 0.858351 0.254963 1 22 1.000000
 29 63.049026 11.249261 98.126198 0.970455 0.195693 -0.141143 0.899718 0.235935 1 22 1.000000
 29 62.816956 11.029358 97.103889 -0.917463 -0.234707 -0.321207 0.895689 0.256504 1 22 1.000000
MarioHand_alb.png
 29 64.245369 8.872521 97.924728 -0.520353 -0.770706 -0.367757 0.858351 0.254963 1 22 1.000000
 29 62.833691 8.969271 98.408142 0.847239 0.207423 -0.489041 0.856977 0.232593 1 22 1.000000
 29 63.049026 11.249261 98.126198 0.970455 0.195693 -0.141143 0.899718 0.235935 1 22 1.000000
MarioHand_alb.png
 29 64.737488 8.880832 96.625572 -0.559984 -0.696547 -0.448598 0.857832 0.276448 1 22 1.000000
 29 64.245369 8.872521 97.924728 -0.520353 -0.770706 -0.367757 0.858351 0.254963 1 22 1.000000
 29 62.816956 11.029358 97.103889 -0.917463 -0.234707 -0.321207 0.895689 0.256504 1 22 1.000000
MarioHand_alb.png
 29 66.406464 7.960999 98.707611 -0.112151 -0.980938 0.158690 0.822416 0.255192 1 22 1.000000
 29 62.833691 8.969271 98.408142 0.847239 0.207423 -0.489041 0.856977 0.232593 1 22 1.000000
 29 64.245369 8.872521 97.924728 -0.520353 -0.770706 -0.367757 0.858351 0.254963 1 22 1.000000
MarioHand_alb.png
 29 66.406464 7.960999 98.707611 -0.112151 -0.980938 0.158690 0.822416 0.255192 1 22 1.000000
 29 64.245369 8.872521 97.924728 -0.520353 -0.770706 -0.367757 0.858351 0.254963 1 22 1.000000
 29 64.737488 8.880832 96.625572 -0.559984 -0.696547 -0.448598 0.857832 0.276448 1 22 1.000000
MarioHand_alb.png
 29 66.406464 7.960999 98.707611 -0.112151 -0.980938 0.158690 0.822416 0.255192 1 22 1.000000
 29 64.839371 9.316024 100.200706 -0.673946 0.333061 0.659444 0.813535 0.228641 1 22 1.000000
 29 62.833691 8.969271 98.408142 0.847239 0.207423 -0.489041 0.856977 0.232593 1 22 1.000000
MarioHand_alb.png
 29 66.725609 9.406266 102.185570 0.608804 0.242702 0.755284 0.771618 0.235294 1 22 1.000000
 29 64.839371 9.316024 100.200706 -0.673946 0.333061 0.659444 0.813535 0.228641 1 22 1.000000
 29 66.406464 7.960999 98.707611 -0.112151 -0.980938 0.158690 0.822416 0.255192 1 22 1.000000
MarioHand_alb.png
 29 64.737488 8.880832 96.625572 -0.559984 -0.696547 -0.448598 0.857832 0.276448 1 22 1.000000
 29 62.816956 11.029358 97.103889 -0.917463 -0.234707 -0.321207 0.895689 0.256504 1 22 1.000000
 29 63.434677 11.153548 95.888519 -0.709835 -0.170116 -0.683517 0.894499 0.281544 1 22 1.000000
MarioHand_alb.png
 29 62.816956 11.029358 97.103889 -0.917463 -0.234707 -0.321207 0.895689 0.256504 1 22 1.000000
 29 63.236061 13.173475 97.315491 -0.700778 0.614469 -0.362406 0.926528 0.261326 1 22 1.000000
 29 63.434677 11.153548 95.888519 -0.709835 -0.170116 -0.683517 0.894499 0.281544 1 22 1.000000
MarioHand_alb.png
 29 67.697449 8.466950 99.866669 0.491336 -0.805574 0.331118 0.794736 0.255497 1 22 1.000000
 29 66.725609 9.406266 102.185570 0.608804 0.242702 0.755284 0.771618 0.235294 1 22 1.000000
 29 66.406464 7.960999 98.707611 -0.112151 -0.980938 0.158690 0.822416 0.255192 1 22 1.000000
MarioHand_alb.png
 29 63.434677 11.153548 95.888519 -0.709835 -0.170116 -0.683517 0.894499 0.281544 1 22 1.000000
 29 63.236061 13.173475 97.315491 -0.700778 0.614469 -0.362406 0.926528 0.261326 1 22 1.000000
 29 64.069878 13.324757 96.057220 -0.612548 0.543799 -0.573644 0.924163 0.288533 1 22 1.000000
MarioHand_alb.png
 29 68.520004 9.880183 100.490662 0.837506 -0.242461 0.489689 0.769512 0.255802 1 22 1.000000
 29 66.725609 9.406266 102.185570 0.608804 0.242702 0.755284 0.771618 0.235294 1 22 1.000000
 29 67.697449 8.466950 99.866669 0.491336 -0.805574 0.331118 0.794736 0.255497 1 22 1.000000
MarioHand_alb.png
 29 68.520004 9.880183 100.490662 0.837506 -0.242461 0.489689 0.769512 0.255802 1 22 1.000000
 29 66.615639 11.758200 102.204674 0.534908 0.321440 0.781377 0.738369 0.236393 1 22 1.000000
 29 66.725609 9.406266 102.185570 0.608804 0.242702 0.755284 0.771618 0.235294 1 22 1.000000
MarioHand_alb.png
 29 63.236061 13.173475 97.315491 -0.700778 0.614469 -0.362406 0.926528 0.261326 1 22 1.000000
 29 64.998199 14.487152 98.262695 -0.160215 0.983508 -0.083922 0.962692 0.270115 1 22 1.000000
 29 64.069878 13.324757 96.057220 -0.612548 0.543799 -0.573644 0.924163 0.288533 1 22 1.000000
MarioHand_alb.png
 29 63.236061 13.173475 97.315491 -0.700778 0.614469 -0.362406 0.926528 0.261326 1 22 1.000000
 29 62.556286 13.297711 98.308815 0.434517 0.782722 -0.445580 0.929747 0.237446 1 22 1.000000
 29 64.998199 14.487152 98.262695 -0.160215 0.983508 -0.083922 0.962692 0.270115 1 22 1.000000
MarioHand_alb.png
 29 64.998199 14.487152 98.262695 -0.160215 0.983508 -0.083922 0.962692 0.270115 1 22 1.000000
 29 62.556286 13.297711 98.308815 0.434517 0.782722 -0.445580 0.929747 0.237446 1 22 1.000000
 29 64.139618 14.594780 99.891563 0.173951 0.982765 0.062561 0.966781 0.245304 1 22 1.000000
MarioHand_alb.png
 29 66.188591 14.534466 96.751343 -0.135038 0.984559 -0.111388 0.958877 0.297200 1 22 1.000000
 29 64.069878 13.324757 96.057220 -0.612548 0.543799 -0.573644 0.924163 0.288533 1 22 1.000000
 29 64.998199 14.487152 98.262695 -0.160215 0.983508 -0.083922 0.962692 0.270115 1 22 1.000000
MarioHand_alb.png
 29 65.819412 13.467092 94.742325 -0.451756 0.534552 -0.714262 0.921157 0.317021 1 22 1.000000
 29 64.069878 13.324757 96.057220 -0.612548 0.543799 -0.573644 0.924163 0.288533 1 22 1.000000
 29 66.188591 14.534466 96.751343 -0.135038 0.984559 -0.111388 0.958877 0.297200 1 22 1.000000
MarioHand_alb.png
 29 67.286324 14.547796 94.368866 0.037384 0.994885 -0.093843 0.954803 0.327001 1 22 1.000000
 29 65.819412 13.467092 94.742325 -0.451756 0.534552 -0.714262 0.921157 0.317021 1 22 1.000000
 29 66.188591 14.534466 96.751343 -0.135038 0.984559 -0.111388 0.958877 0.297200 1 22 1.000000
MarioHand_alb.png
 29 66.744888 14.534777 93.005157 0.099186 0.993100 -0.062563 0.948531 0.356588 1 22 1.000000
 29 65.819412 13.467092 94.742325 -0.451756 0.534552 -0.714262 0.921157 0.317021 1 22 1.000000
 29 67.286324 14.547796 94.368866 0.037384 0.994885 -0.093843 0.954803 0.327001 1 22 1.000000
MarioHand_alb.png
 29 66.337837 13.600361 94.706680 0.041199 0.856209 0.514984 0.916793 0.344335 1 22 1.000000
 29 65.819412 13.467092 94.742325 -0.451756 0.534552 -0.714262 0.921157 0.317021 1 22 1.000000
 29 66.744888 14.534777 93.005157 0.099186 0.993100 -0.062563 0.948531 0.356588 1 22 1.000000
MarioHand_alb.png
 29 65.170876 14.445480 92.777458 -0.072478 0.997052 0.025177 0.941192 0.377310 1 22 1.000000
 29 66.337837 13.600361 94.706680 0.041199 0.856209 0.514984 0.916793 0.344335 1 22 1.000000
 29 66.744888 14.534777 93.005157 0.099186 0.993100 -0.062563 0.948531 0.356588 1 22 1.000000
MarioHand_alb.png
 29 65.087090 13.580523 94.931580 0.066371 0.726169 0.684306 0.911772 0.363714 1 22 1.000000
 29 66.337837 13.600361 94.706680 0.041199 0.856209 0.514984 0.916793 0.344335 1 22 1.000000
 29 65.170876 14.445480 92.777458 -0.072478 0.997052 0.025177 0.941192 0.377310 1 22 1.000000
MarioHand_alb.png
 29 63.551884 14.167370 92.982422 -0.305562 0.949111 0.076295 0.929763 0.396536 1 22 1.000000
 29 65.087090 13.580523 94.931580 0.066371 0.726169 0.684306 0.911772 0.363714 1 22 1.000000
 29 65.170876 14.445480 92.777458 -0.072478 0.997052 0.025177 0.941192 0.377310 1 22 1.000000
MarioHand_alb.png
 29 65.087090 13.580523 94.931580 0.066371 0.726169 0.684306 0.911772 0.363714 1 22 1.000000
 29 66.274178 11.328344 95.457642 0.631468 0.029362 0.774845 0.886854 0.335775 1 22 1.000000
 29 66.337837 13.600361 94.706680 0.041199 0.856209 0.514984 0.916793 0.344335 1 22 1.000000
MarioHand_alb.png
 29 66.274178 11.328344 95.457642 0.631468 0.029362 0.774845 0.886854 0.335775 1 22 1.000000
 29 65.819412 13.467092 94.742325 -0.451756 0.534552 -0.714262 0.921157 0.317021 1 22 1.000000
 29 66.337837 13.600361 94.706680 0.041199 0.856209 0.514984 0.916793 0.344335 1 22 1.000000
MarioHand_alb.png
 29 63.699791 13.400230 95.184593 -0.205243 0.704809 0.679058 0.904067 0.382452 1 22 1.000000
 29 65.087090 13.580523 94.931580 0.066371 0.726169 0.684306 0.911772 0.363714 1 22 1.000000
 29 63.551884 14.167370 92.982422 -0.305562 0.949111 0.076295 0.929763 0.396536 1 22 1.000000
MarioHand_alb.png
 29 62.255806 13.358324 93.097229 -0.710268 0.698443 0.087734 0.913741 0.412390 1 22 1.000000
 29 63.699791 13.400230 95.184593 -0.205243 0.704809 0.679058 0.904067 0.382452 1 22 1.000000
 29 63.551884 14.167370 92.982422 -0.305562 0.949111 0.076295 0.929763 0.396536 1 22 1.000000
MarioHand_alb.png
 29 65.386475 11.248998 94.974579 -0.412780 -0.142775 -0.899571 0.891188 0.309285 1 22 1.000000
 29 64.069878 13.324757 96.057220 -0.612548 0.543799 -0.573644 0.924163 0.288533 1 22 1.000000
 29 65.819412 13.467092 94.742325 -0.451756 0.534552 -0.714262 0.921157 0.317021 1 22 1.000000
MarioHand_alb.png
 29 65.386475 11.248998 94.974579 -0.412780 -0.142775 -0.899571 0.891188 0.309285 1 22 1.000000
 29 65.819412 13.467092 94.742325 -0.451756 0.534552 -0.714262 0.921157 0.317021 1 22 1.000000
 29 66.274178 11.328344 95.457642 0.631468 0.029362 0.774845 0.886854 0.335775 1 22 1.000000
MarioHand_alb.png
 29 63.434677 11.153548 95.888519 -0.709835 -0.170116 -0.683517 0.894499 0.281544 1 22 1.000000
 29 64.069878 13.324757 96.057220 -0.612548 0.543799 -0.573644 0.924163 0.288533 1 22 1.000000
 29 65.386475 11.248998 94.974579 -0.412780 -0.142775 -0.899571 0.891188 0.309285 1 22 1.000000
MarioHand_alb.png
 29 64.737488 8.880832 96.625572 -0.559984 -0.696547 -0.448598 0.857832 0.276448 1 22 1.000000
 29 63.434677 11.153548 95.888519 -0.709835 -0.170116 -0.683517 0.894499 0.281544 1 22 1.000000
 29 65.386475 11.248998 94.974579 -0.412780 -0.142775 -0.899571 0.891188 0.309285 1 22 1.000000
MarioHand_alb.png
 29 62.255806 13.358324 93.097229 -0.710268 0.698443 0.087734 0.913741 0.412390 1 22 1.000000
 29 62.367111 12.778477 94.760109 -0.674489 0.518361 0.525705 0.893721 0.399542 1 22 1.000000
 29 63.699791 13.400230 95.184593 -0.205243 0.704809 0.679058 0.904067 0.382452 1 22 1.000000
MarioHand_alb.png
 29 61.644707 11.027183 93.261497 -0.994951 -0.041107 0.091560 0.882872 0.427802 1 22 1.000000
 29 62.367111 12.778477 94.760109 -0.674489 0.518361 0.525705 0.893721 0.399542 1 22 1.000000
 29 62.255806 13.358324 93.097229 -0.710268 0.698443 0.087734 0.913741 0.412390 1 22 1.000000
MarioHand_alb.png
 29 62.476387 11.191263 95.523438 -0.639824 0.013735 0.768399 0.867964 0.396200 1 22 1.000000
 29 62.367111 12.778477 94.760109 -0.674489 0.518361 0.525705 0.893721 0.399542 1 22 1.000000
 29 61.644707 11.027183 93.261497 -0.994951 -0.041107 0.091560 0.882872 0.427802 1 22 1.000000
MarioHand_alb.png
 29 63.844929 11.294201 96.198280 -0.111775 0.047018 0.992621 0.876387 0.375738 1 22 1.000000
 29 63.699791 13.400230 95.184593 -0.205243 0.704809 0.679058 0.904067 0.382452 1 22 1.000000
 29 62.367111 12.778477 94.760109 -0.674489 0.518361 0.525705 0.893721 0.399542 1 22 1.000000
MarioHand_alb.png
 29 62.476387 11.191263 95.523438 -0.639824 0.013735 0.768399 0.867964 0.396200 1 22 1.000000
 29 63.844929 11.294201 96.198280 -0.111775 0.047018 0.992621 0.876387 0.375738 1 22 1.000000
 29 62.367111 12.778477 94.760109 -0.674489 0.518361 0.525705 0.893721 0.399542 1 22 1.000000
MarioHand_alb.png
 29 65.141975 11.324704 95.908821 0.231102 0.049004 0.971695 0.882628 0.355383 1 22 1.000000
 29 65.087090 13.580523 94.931580 0.066371 0.726169 0.684306 0.911772 0.363714 1 22 1.000000
 29 63.699791 13.400230 95.184593 -0.205243 0.704809 0.679058 0.904067 0.382452 1 22 1.000000
MarioHand_alb.png
 29 63.844929 11.294201 96.198280 -0.111775 0.047018 0.992621 0.876387 0.375738 1 22 1.000000
 29 65.141975 11.324704 95.908821 0.231102 0.049004 0.971695 0.882628 0.355383 1 22 1.000000
 29 63.699791 13.400230 95.184593 -0.205243 0.704809 0.679058 0.904067 0.382452 1 22 1.000000
MarioHand_alb.png
 29 65.141975 11.324704 95.908821 0.231102 0.049004 0.971695 0.882628 0.355383 1 22 1.000000
 29 66.274178 11.328344 95.457642 0.631468 0.029362 0.774845 0.886854 0.335775 1 22 1.000000
 29 65.087090 13.580523 94.931580 0.066371 0.726169 0.684306 0.911772 0.363714 1 22 1.000000
MarioHand_alb.png
 29 62.476387 11.191263 95.523438 -0.639824 0.013735 0.768399 0.867964 0.396200 1 22 1.000000
 29 62.519524 9.526445 94.940033 -0.626738 -0.518881 0.581345 0.846891 0.385855 1 22 1.000000
 29 63.844929 11.294201 96.198280 -0.111775 0.047018 0.992621 0.876387 0.375738 1 22 1.000000
MarioHand_alb.png
 29 61.644707 11.027183 93.261497 -0.994951 -0.041107 0.091560 0.824582 0.410803 1 22 1.000000
 29 62.519524 9.526445 94.940033 -0.626738 -0.518881 0.581345 0.846891 0.385855 1 22 1.000000
 29 62.476387 11.191263 95.523438 -0.639824 0.013735 0.768399 0.867964 0.396200 1 22 1.000000
MarioHand_alb.png
 29 63.901878 9.086774 95.432854 -0.135046 -0.637653 0.758394 0.851270 0.366690 1 22 1.000000
 29 65.141975 11.324704 95.908821 0.231102 0.049004 0.971695 0.882628 0.355383 1 22 1.000000
 29 63.844929 11.294201 96.198280 -0.111775 0.047018 0.992621 0.876387 0.375738 1 22 1.000000
MarioHand_alb.png
 29 63.901878 9.086774 95.432854 -0.135046 -0.637653 0.758394 0.851270 0.366690 1 22 1.000000
 29 63.844929 11.294201 96.198280 -0.111775 0.047018 0.992621 0.876387 0.375738 1 22 1.000000
 29 62.519524 9.526445 94.940033 -0.626738 -0.518881 0.581345 0.846891 0.385855 1 22 1.000000
MarioHand_alb.png
 29 65.306999 8.966837 95.110901 0.135060 -0.642965 0.753893 0.853803 0.347829 1 22 1.000000
 29 65.141975 11.324704 95.908821 0.231102 0.049004 0.971695 0.882628 0.355383 1 22 1.000000
 29 63.901878 9.086774 95.432854 -0.135046 -0.637653 0.758394 0.851270 0.366690 1 22 1.000000
MarioHand_alb.png
 29 65.306999 8.966837 95.110901 0.135060 -0.642965 0.753893 0.853803 0.347829 1 22 1.000000
 29 66.274178 11.328344 95.457642 0.631468 0.029362 0.774845 0.886854 0.335775 1 22 1.000000
 29 65.141975 11.324704 95.908821 0.231102 0.049004 0.971695 0.882628 0.355383 1 22 1.000000
MarioHand_alb.png
 29 63.838585 8.070036 93.331055 -0.216676 -0.956350 0.196077 0.824948 0.363149 1 22 1.000000
 29 63.901878 9.086774 95.432854 -0.135046 -0.637653 0.758394 0.851270 0.366690 1 22 1.000000
 29 62.519524 9.526445 94.940033 -0.626738 -0.518881 0.581345 0.846891 0.385855 1 22 1.000000
MarioHand_alb.png
 29 63.838585 8.070036 93.331055 -0.216676 -0.956350 0.196077 0.824948 0.363149 1 22 1.000000
 29 65.306999 8.966837 95.110901 0.135060 -0.642965 0.753893 0.853803 0.347829 1 22 1.000000
 29 63.901878 9.086774 95.432854 -0.135046 -0.637653 0.758394 0.851270 0.366690 1 22 1.000000
MarioHand_alb.png
 29 61.644707 11.027183 93.261497 -0.994951 -0.041107 0.091560 0.824582 0.410803 1 22 1.000000
 29 62.471359 8.759254 93.351654 -0.637464 -0.749144 0.180062 0.824964 0.381796 1 22 1.000000
 29 62.519524 9.526445 94.940033 -0.626738 -0.518881 0.581345 0.846891 0.385855 1 22 1.000000
MarioHand_alb.png
 29 62.471359 8.759254 93.351654 -0.637464 -0.749144 0.180062 0.824964 0.381796 1 22 1.000000
 29 63.838585 8.070036 93.331055 -0.216676 -0.956350 0.196077 0.824948 0.363149 1 22 1.000000
 29 62.519524 9.526445 94.940033 -0.626738 -0.518881 0.581345 0.846891 0.385855 1 22 1.000000
MarioHand_alb.png
 29 62.406509 8.963284 92.268959 -0.678618 -0.684531 -0.266260 0.810773 0.383841 1 22 1.000000
 29 62.471359 8.759254 93.351654 -0.637464 -0.749144 0.180062 0.824964 0.381796 1 22 1.000000
 29 61.644707 11.027183 93.261497 -0.994951 -0.041107 0.091560 0.824582 0.410803 1 22 1.000000
MarioHand_alb.png
 29 62.406509 8.963284 92.268959 -0.678618 -0.684531 -0.266260 0.810773 0.383841 1 22 1.000000
 29 63.838585 8.070036 93.331055 -0.216676 -0.956350 0.196077 0.824948 0.363149 1 22 1.000000
 29 62.471359 8.759254 93.351654 -0.637464 -0.749144 0.180062 0.824964 0.381796 1 22 1.000000
MarioHand_alb.png
 29 62.406509 8.963284 92.268959 -0.678618 -0.684531 -0.266260 0.810773 0.383841 1 22 1.000000
 29 61.644707 11.027183 93.261497 -0.994951 -0.041107 0.091560 0.824582 0.410803 1 22 1.000000
 29 62.326679 9.689060 91.340805 -0.710318 -0.434316 -0.553911 0.796201 0.389044 1 22 1.000000
MarioHand_alb.png
 29 62.250790 10.926317 90.925446 -0.735418 -0.080103 -0.672862 0.780499 0.398138 1 22 1.000000
 29 62.326679 9.689060 91.340805 -0.710318 -0.434316 -0.553911 0.796201 0.389044 1 22 1.000000
 29 61.644707 11.027183 93.261497 -0.994951 -0.041107 0.091560 0.824582 0.410803 1 22 1.000000
MarioHand_alb.png
 29 63.745651 8.389660 91.780548 -0.263967 -0.863996 -0.428756 0.806439 0.365194 1 22 1.000000
 29 63.838585 8.070036 93.331055 -0.216676 -0.956350 0.196077 0.824948 0.363149 1 22 1.000000
 29 62.406509 8.963284 92.268959 -0.678618 -0.684531 -0.266260 0.810773 0.383841 1 22 1.000000
MarioHand_alb.png
 29 63.745651 8.389660 91.780548 -0.263967 -0.863996 -0.428756 0.806439 0.365194 1 22 1.000000
 29 62.406509 8.963284 92.268959 -0.678618 -0.684531 -0.266260 0.810773 0.383841 1 22 1.000000
 29 62.326679 9.689060 91.340805 -0.710318 -0.434316 -0.553911 0.796201 0.389044 1 22 1.000000
MarioHand_alb.png
 29 65.480461 7.876896 93.049858 -0.011443 -0.991085 0.132742 0.824018 0.344640 1 22 1.000000
 29 65.306999 8.966837 95.110901 0.135060 -0.642965 0.753893 0.853803 0.347829 1 22 1.000000
 29 63.838585 8.070036 93.331055 -0.216676 -0.956350 0.196077 0.824948 0.363149 1 22 1.000000
MarioHand_alb.png
 29 63.745651 8.389660 91.780548 -0.263967 -0.863996 -0.428756 0.806439 0.365194 1 22 1.000000
 29 65.480461 7.876896 93.049858 -0.011443 -0.991085 0.132742 0.824018 0.344640 1 22 1.000000
 29 63.838585 8.070036 93.331055 -0.216676 -0.956350 0.196077 0.824948 0.363149 1 22 1.000000
MarioHand_alb.png
 29 66.604179 8.960033 94.789917 0.007629 -0.817430 0.575977 0.855268 0.329213 1 22 1.000000
 29 66.274178 11.328344 95.457642 0.631468 0.029362 0.774845 0.886854 0.335775 1 22 1.000000
 29 65.306999 8.966837 95.110901 0.135060 -0.642965 0.753893 0.853803 0.347829 1 22 1.000000
MarioHand_alb.png
 29 66.604179 8.960033 94.789917 0.007629 -0.817430 0.575977 0.855268 0.329213 1 22 1.000000
 29 65.306999 8.966837 95.110901 0.135060 -0.642965 0.753893 0.853803 0.347829 1 22 1.000000
 29 65.480461 7.876896 93.049858 -0.011443 -0.991085 0.132742 0.824018 0.344640 1 22 1.000000
MarioHand_alb.png
 29 66.303253 8.948153 94.930664 -0.461629 -0.671938 -0.579135 0.857145 0.303471 1 22 1.000000
 29 66.274178 11.328344 95.457642 0.631468 0.029362 0.774845 0.886854 0.335775 1 22 1.000000
 29 66.604179 8.960033 94.789917 0.007629 -0.817430 0.575977 0.855268 0.329213 1 22 1.000000
MarioHand_alb.png
 29 66.303253 8.948153 94.930664 -0.461629 -0.671938 -0.579135 0.857145 0.303471 1 22 1.000000
 29 65.386475 11.248998 94.974579 -0.412780 -0.142775 -0.899571 0.891188 0.309285 1 22 1.000000
 29 66.274178 11.328344 95.457642 0.631468 0.029362 0.774845 0.886854 0.335775 1 22 1.000000
MarioHand_alb.png
 29 64.737488 8.880832 96.625572 -0.559984 -0.696547 -0.448598 0.857832 0.276448 1 22 1.000000
 29 65.386475 11.248998 94.974579 -0.412780 -0.142775 -0.899571 0.891188 0.309285 1 22 1.000000
 29 66.303253 8.948153 94.930664 -0.461629 -0.671938 -0.579135 0.857145 0.303471 1 22 1.000000
MarioHand_alb.png
 29 67.098152 7.864733 93.205338 0.109862 -0.993911 0.008392 0.823240 0.326421 1 22 1.000000
 29 66.604179 8.960033 94.789917 0.007629 -0.817430 0.575977 0.855268 0.329213 1 22 1.000000
 29 65.480461 7.876896 93.049858 -0.011443 -0.991085 0.132742 0.824018 0.344640 1 22 1.000000
MarioHand_alb.png
 29 67.098152 7.864733 93.205338 0.109862 -0.993911 0.008392 0.823240 0.326421 1 22 1.000000
 29 66.303253 8.948153 94.930664 -0.461629 -0.671938 -0.579135 0.857145 0.303471 1 22 1.000000
 29 66.604179 8.960033 94.789917 0.007629 -0.817430 0.575977 0.855268 0.329213 1 22 1.000000
MarioHand_alb.png
 29 66.973923 7.920826 97.256805 -0.068661 -0.995677 -0.062558 0.822080 0.276143 1 22 1.000000
 29 64.737488 8.880832 96.625572 -0.559984 -0.696547 -0.448598 0.857832 0.276448 1 22 1.000000
 29 66.303253 8.948153 94.930664 -0.461629 -0.671938 -0.579135 0.857145 0.303471 1 22 1.000000
MarioHand_alb.png
 29 66.406464 7.960999 98.707611 -0.112151 -0.980938 0.158690 0.822416 0.255192 1 22 1.000000
 29 64.737488 8.880832 96.625572 -0.559984 -0.696547 -0.448598 0.857832 0.276448 1 22 1.000000
 29 66.973923 7.920826 97.256805 -0.068661 -0.995677 -0.062558 0.822080 0.276143 1 22 1.000000
MarioHand_alb.png
 29 66.973923 7.920826 97.256805 -0.068661 -0.995677 -0.062558 0.822080 0.276143 1 22 1.000000
 29 66.303253 8.948153 94.930664 -0.461629 -0.671938 -0.579135 0.857145 0.303471 1 22 1.000000
 29 67.874649 7.890510 94.667328 0.057986 -0.996450 -0.061038 0.822248 0.301381 1 22 1.000000
MarioHand_alb.png
 29 67.098152 7.864733 93.205338 0.109862 -0.993911 0.008392 0.823240 0.326421 1 22 1.000000
 29 67.874649 7.890510 94.667328 0.057986 -0.996450 -0.061038 0.822248 0.301381 1 22 1.000000
 29 66.303253 8.948153 94.930664 -0.461629 -0.671938 -0.579135 0.857145 0.303471 1 22 1.000000
MarioHand_alb.png
 29 68.597786 8.465728 97.594513 0.658483 -0.737741 0.148788 0.796918 0.276814 1 22 1.000000
 29 66.406464 7.960999 98.707611 -0.112151 -0.980938 0.158690 0.822416 0.255192 1 22 1.000000
 29 66.973923 7.920826 97.256805 -0.068661 -0.995677 -0.062558 0.822080 0.276143 1 22 1.000000
MarioHand_alb.png
 29 68.597786 8.465728 97.594513 0.658483 -0.737741 0.148788 0.796918 0.276814 1 22 1.000000
 29 66.973923 7.920826 97.256805 -0.068661 -0.995677 -0.062558 0.822080 0.276143 1 22 1.000000
 29 67.874649 7.890510 94.667328 0.057986 -0.996450 -0.061038 0.822248 0.301381 1 22 1.000000
MarioHand_alb.png
 29 67.697449 8.466950 99.866669 0.491336 -0.805574 0.331118 0.794736 0.255497 1 22 1.000000
 29 66.406464 7.960999 98.707611 -0.112151 -0.980938 0.158690 0.822416 0.255192 1 22 1.000000
 29 68.597786 8.465728 97.594513 0.658483 -0.737741 0.148788 0.796918 0.276814 1 22 1.000000
MarioHand_alb.png
 29 68.926727 8.382812 94.429100 0.725620 -0.679267 -0.109873 0.798795 0.302281 1 22 1.000000
 29 67.874649 7.890510 94.667328 0.057986 -0.996450 -0.061038 0.822248 0.301381 1 22 1.000000
 29 67.098152 7.864733 93.205338 0.109862 -0.993911 0.008392 0.823240 0.326421 1 22 1.000000
MarioHand_alb.png
 29 68.926727 8.382812 94.429100 0.725620 -0.679267 -0.109873 0.798795 0.302281 1 22 1.000000
 29 68.597786 8.465728 97.594513 0.658483 -0.737741 0.148788 0.796918 0.276814 1 22 1.000000
 29 67.874649 7.890510 94.667328 0.057986 -0.996450 -0.061038 0.822248 0.301381 1 22 1.000000
MarioHand_alb.png
 29 69.513802 9.890423 98.106667 0.950754 -0.240645 0.195339 0.772381 0.279042 1 22 1.000000
 29 67.697449 8.466950 99.866669 0.491336 -0.805574 0.331118 0.794736 0.255497 1 22 1.000000
 29 68.597786 8.465728 97.594513 0.658483 -0.737741 0.148788 0.796918 0.276814 1 22 1.000000
MarioHand_alb.png
 29 69.513802 9.890423 98.106667 0.950754 -0.240645 0.195339 0.772381 0.279042 1 22 1.000000
 29 68.520004 9.880183 100.490662 0.837506 -0.242461 0.489689 0.769512 0.255802 1 22 1.000000
 29 67.697449 8.466950 99.866669 0.491336 -0.805574 0.331118 0.794736 0.255497 1 22 1.000000
MarioHand_alb.png
 29 68.926727 8.382812 94.429100 0.725620 -0.679267 -0.109873 0.798795 0.302281 1 22 1.000000
 29 69.600266 9.693351 94.210274 0.951237 -0.228941 -0.206724 0.776028 0.305470 1 22 1.000000
 29 68.597786 8.465728 97.594513 0.658483 -0.737741 0.148788 0.796918 0.276814 1 22 1.000000
MarioHand_alb.png
 29 69.600266 9.693351 94.210274 0.951237 -0.228941 -0.206724 0.776028 0.305470 1 22 1.000000
 29 69.513802 9.890423 98.106667 0.950754 -0.240645 0.195339 0.772381 0.279042 1 22 1.000000
 29 68.597786 8.465728 97.594513 0.658483 -0.737741 0.148788 0.796918 0.276814 1 22 1.000000
MarioHand_alb.png
 29 67.620079 8.290714 92.193970 0.505044 -0.702637 -0.501230 0.800641 0.327733 1 22 1.000000
 29 68.926727 8.382812 94.429100 0.725620 -0.679267 -0.109873 0.798795 0.302281 1 22 1.000000
 29 67.098152 7.864733 93.205338 0.109862 -0.993911 0.008392 0.823240 0.326421 1 22 1.000000
MarioHand_alb.png
 29 67.620079 8.290714 92.193970 0.505044 -0.702637 -0.501230 0.800641 0.327733 1 22 1.000000
 29 69.600266 9.693351 94.210274 0.951237 -0.228941 -0.206724 0.776028 0.305470 1 22 1.000000
 29 68.926727 8.382812 94.429100 0.725620 -0.679267 -0.109873 0.798795 0.302281 1 22 1.000000
MarioHand_alb.png
 29 65.557228 8.265352 91.518509 0.064849 -0.831588 -0.551594 0.803143 0.346334 1 22 1.000000
 29 67.620079 8.290714 92.193970 0.505044 -0.702637 -0.501230 0.800641 0.327733 1 22 1.000000
 29 67.098152 7.864733 93.205338 0.109862 -0.993911 0.008392 0.823240 0.326421 1 22 1.000000
MarioHand_alb.png
 29 65.557228 8.265352 91.518509 0.064849 -0.831588 -0.551594 0.803143 0.346334 1 22 1.000000
 29 67.098152 7.864733 93.205338 0.109862 -0.993911 0.008392 0.823240 0.326421 1 22 1.000000
 29 65.480461 7.876896 93.049858 -0.011443 -0.991085 0.132742 0.824018 0.344640 1 22 1.000000
MarioHand_alb.png
 29 65.557228 8.265352 91.518509 0.064849 -0.831588 -0.551594 0.803143 0.346334 1 22 1.000000
 29 65.480461 7.876896 93.049858 -0.011443 -0.991085 0.132742 0.824018 0.344640 1 22 1.000000
 29 63.745651 8.389660 91.780548 -0.263967 -0.863996 -0.428756 0.806439 0.365194 1 22 1.000000
MarioHand_alb.png
 29 67.823517 9.487391 91.444153 0.665237 -0.293330 -0.686598 0.780301 0.331640 1 22 1.000000
 29 69.600266 9.693351 94.210274 0.951237 -0.228941 -0.206724 0.776028 0.305470 1 22 1.000000
 29 67.620079 8.290714 92.193970 0.505044 -0.702637 -0.501230 0.800641 0.327733 1 22 1.000000
MarioHand_alb.png
 29 67.823517 9.487391 91.444153 0.665237 -0.293330 -0.686598 0.780301 0.331640 1 22 1.000000
 29 67.620079 8.290714 92.193970 0.505044 -0.702637 -0.501230 0.800641 0.327733 1 22 1.000000
 29 65.557228 8.265352 91.518509 0.064849 -0.831588 -0.551594 0.803143 0.346334 1 22 1.000000
MarioHand_alb.png
 29 65.557228 8.265352 91.518509 0.064849 -0.831588 -0.551594 0.803143 0.346334 1 22 1.000000
 29 63.745651 8.389660 91.780548 -0.263967 -0.863996 -0.428756 0.806439 0.365194 1 22 1.000000
 29 63.623802 9.382196 90.622215 -0.266245 -0.518663 -0.812467 0.789242 0.370443 1 22 1.000000
MarioHand_alb.png
 29 63.745651 8.389660 91.780548 -0.263967 -0.863996 -0.428756 0.806439 0.365194 1 22 1.000000
 29 62.326679 9.689060 91.340805 -0.710318 -0.434316 -0.553911 0.796201 0.389044 1 22 1.000000
 29 63.623802 9.382196 90.622215 -0.266245 -0.518663 -0.812467 0.789242 0.370443 1 22 1.000000
MarioHand_alb.png
 29 63.623802 9.382196 90.622215 -0.266245 -0.518663 -0.812467 0.789242 0.370443 1 22 1.000000
 29 62.326679 9.689060 91.340805 -0.710318 -0.434316 -0.553911 0.796201 0.389044 1 22 1.000000
 29 62.250790 10.926317 90.925446 -0.735418 -0.080103 -0.672862 0.780499 0.398138 1 22 1.000000
MarioHand_alb.png
 29 65.560318 9.367582 90.402267 0.186141 -0.436267 -0.880354 0.784070 0.350683 1 22 1.000000
 29 65.557228 8.265352 91.518509 0.064849 -0.831588 -0.551594 0.803143 0.346334 1 22 1.000000
 29 63.623802 9.382196 90.622215 -0.266245 -0.518663 -0.812467 0.789242 0.370443 1 22 1.000000
MarioHand_alb.png
 29 65.560318 9.367582 90.402267 0.186141 -0.436267 -0.880354 0.784070 0.350683 1 22 1.000000
 29 67.823517 9.487391 91.444153 0.665237 -0.293330 -0.686598 0.780301 0.331640 1 22 1.000000
 29 65.557228 8.265352 91.518509 0.064849 -0.831588 -0.551594 0.803143 0.346334 1 22 1.000000
MarioHand_alb.png
 29 63.545486 10.941750 90.107155 -0.266272 -0.080111 -0.960563 0.771618 0.376806 1 22 1.000000
 29 63.623802 9.382196 90.622215 -0.266245 -0.518663 -0.812467 0.789242 0.370443 1 22 1.000000
 29 62.250790 10.926317 90.925446 -0.735418 -0.080103 -0.672862 0.780499 0.398138 1 22 1.000000
MarioHand_alb.png
 29 63.545486 10.941750 90.107155 -0.266272 -0.080111 -0.960563 0.771618 0.376806 1 22 1.000000
 29 65.560318 9.367582 90.402267 0.186141 -0.436267 -0.880354 0.784070 0.350683 1 22 1.000000
 29 63.623802 9.382196 90.622215 -0.266245 -0.518663 -0.812467 0.789242 0.370443 1 22 1.000000
MarioHand_alb.png
 29 67.823517 9.487391 91.444153 0.665237 -0.293330 -0.686598 0.780301 0.331640 1 22 1.000000
 29 69.619766 11.450738 94.083839 0.965877 0.105571 -0.236510 0.753567 0.311208 1 22 1.000000
 29 69.600266 9.693351 94.210274 0.951237 -0.228941 -0.206724 0.776028 0.305470 1 22 1.000000
MarioHand_alb.png
 29 69.600266 9.693351 94.210274 0.951237 -0.228941 -0.206724 0.776028 0.305470 1 22 1.000000
 29 69.619766 11.450738 94.083839 0.965877 0.105571 -0.236510 0.753567 0.311208 1 22 1.000000
 29 69.513802 9.890423 98.106667 0.950754 -0.240645 0.195339 0.772381 0.279042 1 22 1.000000
MarioHand_alb.png
 29 65.560318 9.367582 90.402267 0.186141 -0.436267 -0.880354 0.784070 0.350683 1 22 1.000000
 29 67.808983 11.200924 91.180191 0.694986 0.023649 -0.718635 0.759518 0.337530 1 22 1.000000
 29 67.823517 9.487391 91.444153 0.665237 -0.293330 -0.686598 0.780301 0.331640 1 22 1.000000
MarioHand_alb.png
 29 67.808983 11.200924 91.180191 0.694986 0.023649 -0.718635 0.759518 0.337530 1 22 1.000000
 29 69.619766 11.450738 94.083839 0.965877 0.105571 -0.236510 0.753567 0.311208 1 22 1.000000
 29 67.823517 9.487391 91.444153 0.665237 -0.293330 -0.686598 0.780301 0.331640 1 22 1.000000
MarioHand_alb.png
 29 63.545486 10.941750 90.107155 -0.266272 -0.080111 -0.960563 0.771618 0.376806 1 22 1.000000
 29 65.509201 11.027922 89.982376 0.228845 -0.041192 -0.972591 0.764981 0.356756 1 22 1.000000
 29 65.560318 9.367582 90.402267 0.186141 -0.436267 -0.880354 0.784070 0.350683 1 22 1.000000
MarioHand_alb.png
 29 65.509201 11.027922 89.982376 0.228845 -0.041192 -0.972591 0.764981 0.356756 1 22 1.000000
 29 67.808983 11.200924 91.180191 0.694986 0.023649 -0.718635 0.759518 0.337530 1 22 1.000000
 29 65.560318 9.367582 90.402267 0.186141 -0.436267 -0.880354 0.784070 0.350683 1 22 1.000000
MarioHand_alb.png
 29 63.545486 10.941750 90.107155 -0.266272 -0.080111 -0.960563 0.771618 0.376806 1 22 1.000000
 29 63.502636 12.446659 90.350853 -0.288047 0.395445 -0.872154 0.754299 0.380926 1 22 1.000000
 29 65.509201 11.027922 89.982376 0.228845 -0.041192 -0.972591 0.764981 0.356756 1 22 1.000000
MarioHand_alb.png
 29 63.545486 10.941750 90.107155 -0.266272 -0.080111 -0.960563 0.771618 0.376806 1 22 1.000000
 29 62.250790 10.926317 90.925446 -0.735418 -0.080103 -0.672862 0.780499 0.398138 1 22 1.000000
 29 63.502636 12.446659 90.350853 -0.288047 0.395445 -0.872154 0.754299 0.380926 1 22 1.000000
MarioHand_alb.png
 29 65.509201 11.027922 89.982376 0.228845 -0.041192 -0.972591 0.764981 0.356756 1 22 1.000000
 29 65.415054 12.641592 90.230927 0.175506 0.385732 -0.905764 0.746166 0.362524 1 22 1.000000
 29 67.808983 11.200924 91.180191 0.694986 0.023649 -0.718635 0.759518 0.337530 1 22 1.000000
MarioHand_alb.png
 29 65.509201 11.027922 89.982376 0.228845 -0.041192 -0.972591 0.764981 0.356756 1 22 1.000000
 29 63.502636 12.446659 90.350853 -0.288047 0.395445 -0.872154 0.754299 0.380926 1 22 1.000000
 29 65.415054 12.641592 90.230927 0.175506 0.385732 -0.905764 0.746166 0.362524 1 22 1.000000
MarioHand_alb.png
 29 63.502636 12.446659 90.350853 -0.288047 0.395445 -0.872154 0.754299 0.380926 1 22 1.000000
 29 62.250790 10.926317 90.925446 -0.735418 -0.080103 -0.672862 0.780499 0.398138 1 22 1.000000
 29 62.212029 12.129517 91.200546 -0.746902 0.285715 -0.600421 0.761532 0.399847 1 22 1.000000
MarioHand_alb.png
 29 62.212029 12.129517 91.200546 -0.746902 0.285715 -0.600421 0.761532 0.399847 1 22 1.000000
 29 62.250790 10.926317 90.925446 -0.735418 -0.080103 -0.672862 0.780499 0.398138 1 22 1.000000
 29 61.644707 11.027183 93.261497 -0.994951 -0.041107 0.091560 0.764721 0.429969 1 22 1.000000
MarioHand_alb.png
 29 63.502636 12.446659 90.350853 -0.288047 0.395445 -0.872154 0.754299 0.380926 1 22 1.000000
 29 62.212029 12.129517 91.200546 -0.746902 0.285715 -0.600421 0.761532 0.399847 1 22 1.000000
 29 63.495056 13.647602 91.434181 -0.320418 0.780829 -0.536319 0.735424 0.387945 1 22 1.000000
MarioHand_alb.png
 29 65.415054 12.641592 90.230927 0.175506 0.385732 -0.905764 0.746166 0.362524 1 22 1.000000
 29 63.502636 12.446659 90.350853 -0.288047 0.395445 -0.872154 0.754299 0.380926 1 22 1.000000
 29 63.495056 13.647602 91.434181 -0.320418 0.780829 -0.536319 0.735424 0.387945 1 22 1.000000
MarioHand_alb.png
 29 62.212029 12.129517 91.200546 -0.746902 0.285715 -0.600421 0.761532 0.399847 1 22 1.000000
 29 61.644707 11.027183 93.261497 -0.994951 -0.041107 0.091560 0.764721 0.429969 1 22 1.000000
 29 62.211487 12.977318 91.913246 -0.736609 0.573914 -0.357814 0.746731 0.404288 1 22 1.000000
MarioHand_alb.png
 29 63.495056 13.647602 91.434181 -0.320418 0.780829 -0.536319 0.735424 0.387945 1 22 1.000000
 29 62.212029 12.129517 91.200546 -0.746902 0.285715 -0.600421 0.761532 0.399847 1 22 1.000000
 29 62.211487 12.977318 91.913246 -0.736609 0.573914 -0.357814 0.746731 0.404288 1 22 1.000000
MarioHand_alb.png
 29 62.211487 12.977318 91.913246 -0.736609 0.573914 -0.357814 0.746731 0.404288 1 22 1.000000
 29 61.644707 11.027183 93.261497 -0.994951 -0.041107 0.091560 0.764721 0.429969 1 22 1.000000
 29 62.255806 13.358324 93.097229 -0.710268 0.698443 0.087734 0.733684 0.414237 1 22 1.000000
MarioHand_alb.png
 29 62.211487 12.977318 91.913246 -0.736609 0.573914 -0.357814 0.746731 0.404288 1 22 1.000000
 29 62.255806 13.358324 93.097229 -0.710268 0.698443 0.087734 0.733684 0.414237 1 22 1.000000
 29 63.551884 14.167370 92.982422 -0.305562 0.949111 0.076295 0.717464 0.398520 1 22 1.000000
MarioHand_alb.png
 29 63.495056 13.647602 91.434181 -0.320418 0.780829 -0.536319 0.735424 0.387945 1 22 1.000000
 29 62.211487 12.977318 91.913246 -0.736609 0.573914 -0.357814 0.746731 0.404288 1 22 1.000000
 29 63.551884 14.167370 92.982422 -0.305562 0.949111 0.076295 0.717464 0.398520 1 22 1.000000
MarioHand_alb.png
 29 63.495056 13.647602 91.434181 -0.320418 0.780829 -0.536319 0.735424 0.387945 1 22 1.000000
 29 63.551884 14.167370 92.982422 -0.305562 0.949111 0.076295 0.717464 0.398520 1 22 1.000000
 29 65.170876 14.445480 92.777458 -0.072478 0.997052 0.025177 0.705592 0.379049 1 22 1.000000
MarioHand_alb.png
 29 63.495056 13.647602 91.434181 -0.320418 0.780829 -0.536319 0.735424 0.387945 1 22 1.000000
 29 65.170876 14.445480 92.777458 -0.072478 0.997052 0.025177 0.705592 0.379049 1 22 1.000000
 29 65.285629 13.912943 91.302925 0.036621 0.778668 -0.626367 0.725582 0.370108 1 22 1.000000
MarioHand_alb.png
 29 65.415054 12.641592 90.230927 0.175506 0.385732 -0.905764 0.746166 0.362524 1 22 1.000000
 29 63.495056 13.647602 91.434181 -0.320418 0.780829 -0.536319 0.735424 0.387945 1 22 1.000000
 29 65.285629 13.912943 91.302925 0.036621 0.778668 -0.626367 0.725582 0.370108 1 22 1.000000
MarioHand_alb.png
 29 65.170876 14.445480 92.777458 -0.072478 0.997052 0.025177 0.705592 0.379049 1 22 1.000000
 29 66.744888 14.534777 93.005157 0.099186 0.993100 -0.062564 0.697047 0.358618 1 22 1.000000
 29 65.285629 13.912943 91.302925 0.036621 0.778668 -0.626367 0.725582 0.370108 1 22 1.000000
MarioHand_alb.png
 29 67.808983 11.200924 91.180191 0.694986 0.023649 -0.718635 0.759518 0.337530 1 22 1.000000
 29 65.415054 12.641592 90.230927 0.175506 0.385732 -0.905764 0.746166 0.362524 1 22 1.000000
 29 67.634323 12.799456 91.353302 0.634710 0.348633 -0.689637 0.739742 0.343679 1 22 1.000000
MarioHand_alb.png
 29 65.415054 12.641592 90.230927 0.175506 0.385732 -0.905764 0.746166 0.362524 1 22 1.000000
 29 65.285629 13.912943 91.302925 0.036621 0.778668 -0.626367 0.725582 0.370108 1 22 1.000000
 29 67.634323 12.799456 91.353302 0.634710 0.348633 -0.689637 0.739742 0.343679 1 22 1.000000
MarioHand_alb.png
 29 67.808983 11.200924 91.180191 0.694986 0.023649 -0.718635 0.759518 0.337530 1 22 1.000000
 29 67.634323 12.799456 91.353302 0.634710 0.348633 -0.689637 0.739742 0.343679 1 22 1.000000
 29 69.619766 11.450738 94.083839 0.965877 0.105571 -0.236510 0.753567 0.311208 1 22 1.000000
MarioHand_alb.png
 29 66.744888 14.534777 93.005157 0.099186 0.993100 -0.062564 0.697047 0.358618 1 22 1.000000
 29 67.286644 14.032579 92.058929 0.458492 0.714343 -0.528677 0.718334 0.351095 1 22 1.000000
 29 65.285629 13.912943 91.302925 0.036621 0.778668 -0.626367 0.725582 0.370108 1 22 1.000000
MarioHand_alb.png
 29 65.285629 13.912943 91.302925 0.036621 0.778668 -0.626367 0.725582 0.370108 1 22 1.000000
 29 67.286644 14.032579 92.058929 0.458492 0.714343 -0.528677 0.718334 0.351095 1 22 1.000000
 29 67.634323 12.799456 91.353302 0.634710 0.348633 -0.689637 0.739742 0.343679 1 22 1.000000
MarioHand_alb.png
 29 66.744888 14.534777 93.005157 0.099186 0.993100 -0.062564 0.697047 0.358618 1 22 1.000000
 29 68.350029 14.115061 94.176567 0.620288 0.777172 -0.106052 0.710582 0.324132 1 22 1.000000
 29 67.286644 14.032579 92.058929 0.458492 0.714343 -0.528677 0.718334 0.351095 1 22 1.000000
MarioHand_alb.png
 29 66.744888 14.534777 93.005157 0.099186 0.993100 -0.062564 0.697047 0.358618 1 22 1.000000
 29 67.286324 14.547796 94.368866 0.037384 0.994885 -0.093843 0.688640 0.329915 1 22 1.000000
 29 68.350029 14.115061 94.176567 0.620288 0.777172 -0.106052 0.710582 0.324132 1 22 1.000000
MarioHand_alb.png
 29 67.286644 14.032579 92.058929 0.458492 0.714343 -0.528677 0.718334 0.351095 1 22 1.000000
 29 69.218140 13.010404 94.069077 0.878234 0.434443 -0.199911 0.732525 0.317418 1 22 1.000000
 29 67.634323 12.799456 91.353302 0.634710 0.348633 -0.689637 0.739742 0.343679 1 22 1.000000
MarioHand_alb.png
 29 67.286644 14.032579 92.058929 0.458492 0.714343 -0.528677 0.718334 0.351095 1 22 1.000000
 29 68.350029 14.115061 94.176567 0.620288 0.777172 -0.106052 0.710582 0.324132 1 22 1.000000
 29 69.218140 13.010404 94.069077 0.878234 0.434443 -0.199911 0.732525 0.317418 1 22 1.000000
MarioHand_alb.png
 29 67.634323 12.799456 91.353302 0.634710 0.348633 -0.689637 0.739742 0.343679 1 22 1.000000
 29 69.218140 13.010404 94.069077 0.878234 0.434443 -0.199911 0.732525 0.317418 1 22 1.000000
 29 69.619766 11.450738 94.083839 0.965877 0.105571 -0.236510 0.753567 0.311208 1 22 1.000000
MarioHand_alb.png
 29 67.286324 14.547796 94.368866 0.037384 0.994885 -0.093843 0.688640 0.329915 1 22 1.000000
 29 67.651924 14.185143 97.358734 0.466154 0.873372 0.141143 0.704234 0.296056 1 22 1.000000
 29 68.350029 14.115061 94.176567 0.620288 0.777172 -0.106052 0.710582 0.324132 1 22 1.000000
MarioHand_alb.png
 29 67.286324 14.547796 94.368866 0.037384 0.994885 -0.093843 0.688640 0.329915 1 22 1.000000
 29 66.188591 14.534466 96.751343 -0.135038 0.984559 -0.111388 0.682094 0.301030 1 22 1.000000
 29 67.651924 14.185143 97.358734 0.466154 0.873372 0.141143 0.704234 0.296056 1 22 1.000000
MarioHand_alb.png
 29 69.218140 13.010404 94.069077 0.878234 0.434443 -0.199911 0.732525 0.317418 1 22 1.000000
 29 68.350029 14.115061 94.176567 0.620288 0.777172 -0.106052 0.710582 0.324132 1 22 1.000000
 29 68.920036 13.207545 97.824539 0.810107 0.557712 0.180787 0.726696 0.290105 1 22 1.000000
MarioHand_alb.png
 29 68.350029 14.115061 94.176567 0.620288 0.777172 -0.106052 0.710582 0.324132 1 22 1.000000
 29 67.651924 14.185143 97.358734 0.466154 0.873372 0.141143 0.704234 0.296056 1 22 1.000000
 29 68.920036 13.207545 97.824539 0.810107 0.557712 0.180787 0.726696 0.290105 1 22 1.000000
MarioHand_alb.png
 29 69.218140 13.010404 94.069077 0.878234 0.434443 -0.199911 0.732525 0.317418 1 22 1.000000
 29 68.920036 13.207545 97.824539 0.810107 0.557712 0.180787 0.726696 0.290105 1 22 1.000000
 29 69.619766 11.450738 94.083839 0.965877 0.105571 -0.236510 0.753567 0.311208 1 22 1.000000
MarioHand_alb.png
 29 66.188591 14.534466 96.751343 -0.135038 0.984559 -0.111388 0.682094 0.301030 1 22 1.000000
 29 66.583786 14.168840 99.456467 0.328837 0.909356 0.254829 0.698543 0.269673 1 22 1.000000
 29 67.651924 14.185143 97.358734 0.466154 0.873372 0.141143 0.704234 0.296056 1 22 1.000000
MarioHand_alb.png
 29 67.651924 14.185143 97.358734 0.466154 0.873372 0.141143 0.704234 0.296056 1 22 1.000000
 29 66.583786 14.168840 99.456467 0.328837 0.909356 0.254829 0.698543 0.269673 1 22 1.000000
 29 68.920036 13.207545 97.824539 0.810107 0.557712 0.180787 0.726696 0.290105 1 22 1.000000
MarioHand_alb.png
 29 66.188591 14.534466 96.751343 -0.135038 0.984559 -0.111388 0.682094 0.301030 1 22 1.000000
 29 64.998199 14.487152 98.262695 -0.160215 0.983508 -0.083922 0.676936 0.274189 1 22 1.000000
 29 66.583786 14.168840 99.456467 0.328837 0.909356 0.254829 0.698543 0.269673 1 22 1.000000
MarioHand_alb.png
 29 64.998199 14.487152 98.262695 -0.160215 0.983508 -0.083922 0.676936 0.274189 1 22 1.000000
 29 64.139618 14.594780 99.891563 0.173951 0.982765 0.062561 0.669795 0.249866 1 22 1.000000
 29 66.583786 14.168840 99.456467 0.328837 0.909356 0.254829 0.698543 0.269673 1 22 1.000000
MarioHand_alb.png
 29 64.139618 14.594780 99.891563 0.173951 0.982765 0.062561 0.669795 0.249866 1 22 1.000000
 29 65.195686 13.740108 101.297272 0.326548 0.794529 0.511947 0.703426 0.242115 1 22 1.000000
 29 66.583786 14.168840 99.456467 0.328837 0.909356 0.254829 0.698543 0.269673 1 22 1.000000
MarioHand_alb.png
 29 65.195686 13.740108 101.297272 0.326548 0.794529 0.511947 0.703426 0.242115 1 22 1.000000
 29 67.730087 13.142344 100.208481 0.634088 0.624836 0.455536 0.722560 0.264103 1 22 1.000000
 29 66.583786 14.168840 99.456467 0.328837 0.909356 0.254829 0.698543 0.269673 1 22 1.000000
MarioHand_alb.png
 29 68.920036 13.207545 97.824539 0.810107 0.557712 0.180787 0.726696 0.290105 1 22 1.000000
 29 66.583786 14.168840 99.456467 0.328837 0.909356 0.254829 0.698543 0.269673 1 22 1.000000
 29 67.730087 13.142344 100.208481 0.634088 0.624836 0.455536 0.722560 0.264103 1 22 1.000000
MarioHand_alb.png
 29 65.195686 13.740108 101.297272 0.326548 0.794529 0.511947 0.703426 0.242115 1 22 1.000000
 29 66.615639 11.758200 102.204674 0.534908 0.321440 0.781377 0.738369 0.236393 1 22 1.000000
 29 67.730087 13.142344 100.208481 0.634088 0.624836 0.455536 0.722560 0.264103 1 22 1.000000
MarioHand_alb.png
 29 68.322922 11.737935 100.530678 0.829436 0.226817 0.510481 0.743694 0.259678 1 22 1.000000
 29 67.730087 13.142344 100.208481 0.634088 0.624836 0.455536 0.722560 0.264103 1 22 1.000000
 29 66.615639 11.758200 102.204674 0.534908 0.321440 0.781377 0.738369 0.236393 1 22 1.000000
MarioHand_alb.png
 29 68.920036 13.207545 97.824539 0.810107 0.557712 0.180787 0.726696 0.290105 1 22 1.000000
 29 67.730087 13.142344 100.208481 0.634088 0.624836 0.455536 0.722560 0.264103 1 22 1.000000
 29 68.322922 11.737935 100.530678 0.829436 0.226817 0.510481 0.743694 0.259678 1 22 1.000000
MarioHand_alb.png
 29 68.322922 11.737935 100.530678 0.829436 0.226817 0.510481 0.743694 0.259678 1 22 1.000000
 29 66.615639 11.758200 102.204674 0.534908 0.321440 0.781377 0.738369 0.236393 1 22 1.000000
 29 68.520004 9.880183 100.490662 0.837506 -0.242461 0.489689 0.769512 0.255802 1 22 1.000000
MarioHand_alb.png
 29 69.525635 11.673802 98.092850 0.964809 0.177803 0.193725 0.748653 0.283925 1 22 1.000000
 29 68.920036 13.207545 97.824539 0.810107 0.557712 0.180787 0.726696 0.290105 1 22 1.000000
 29 68.322922 11.737935 100.530678 0.829436 0.226817 0.510481 0.743694 0.259678 1 22 1.000000
MarioHand_alb.png
 29 69.525635 11.673802 98.092850 0.964809 0.177803 0.193725 0.748653 0.283925 1 22 1.000000
 29 68.322922 11.737935 100.530678 0.829436 0.226817 0.510481 0.743694 0.259678 1 22 1.000000
 29 68.520004 9.880183 100.490662 0.837506 -0.242461 0.489689 0.769512 0.255802 1 22 1.000000
MarioHand_alb.png
 29 69.619766 11.450738 94.083839 0.965877 0.105571 -0.236510 0.753567 0.311208 1 22 1.000000
 29 68.920036 13.207545 97.824539 0.810107 0.557712 0.180787 0.726696 0.290105 1 22 1.000000
 29 69.525635 11.673802 98.092850 0.964809 0.177803 0.193725 0.748653 0.283925 1 22 1.000000
MarioHand_alb.png
 29 69.525635 11.673802 98.092850 0.964809 0.177803 0.193725 0.748653 0.283925 1 22 1.000000
 29 68.520004 9.880183 100.490662 0.837506 -0.242461 0.489689 0.769512 0.255802 1 22 1.000000
 29 69.513802 9.890423 98.106667 0.950754 -0.240645 0.195339 0.772381 0.279042 1 22 1.000000
MarioHand_alb.png
 29 69.619766 11.450738 94.083839 0.965877 0.105571 -0.236510 0.753567 0.311208 1 22 1.000000
 29 69.525635 11.673802 98.092850 0.964809 0.177803 0.193725 0.748653 0.283925 1 22 1.000000
 29 69.513802 9.890423 98.106667 0.950754 -0.240645 0.195339 0.772381 0.279042 1 22 1.000000
MarioHand_alb.png
 29 59.188789 7.835011 105.740517 0.254832 -0.845086 -0.469990 0.111543 0.821118 1 22 1.000000
 29 58.119034 7.701585 105.746994 0.041196 -0.907835 -0.417299 0.107530 0.806531 1 22 1.000000
 29 58.166866 8.409189 104.197327 0.064459 -0.341936 -0.937510 0.126024 0.804623 1 22 1.000000
MarioHand_alb.png
 29 58.119034 7.701585 105.746994 0.041196 -0.907835 -0.417299 0.107530 0.806531 1 22 1.000000
 29 57.057014 7.818653 105.644974 -0.172418 -0.849310 -0.498943 0.109575 0.791959 1 22 1.000000
 29 58.166866 8.409189 104.197327 0.064459 -0.341936 -0.937510 0.126024 0.804623 1 22 1.000000
MarioHand_alb.png
 29 57.061813 9.871284 104.907379 -0.152621 0.320696 -0.934805 0.140795 0.788968 1 22 1.000000
 29 58.131592 10.004710 104.900879 0.060259 0.406842 -0.911509 0.145708 0.803189 1 22 1.000000
 29 58.166866 8.409189 104.197327 0.064459 -0.341936 -0.937510 0.126024 0.804623 1 22 1.000000
MarioHand_alb.png
 29 58.131592 10.004710 104.900879 0.060259 0.406842 -0.911509 0.145708 0.803189 1 22 1.000000
 29 59.193581 9.887636 105.002914 0.259854 0.336551 -0.905102 0.145052 0.819120 1 22 1.000000
 29 58.166866 8.409189 104.197327 0.064459 -0.341936 -0.937510 0.126024 0.804623 1 22 1.000000
MarioHand_alb.png
 29 56.629044 -0.884137 105.557068 -0.121306 0.794452 -0.595088 0.042863 0.776913 1 22 1.000000
 29 57.840790 -0.740353 105.767601 0.080490 0.859320 -0.505066 0.047654 0.793866 1 22 1.000000
 29 58.024071 -1.630620 104.278275 0.132717 0.259891 -0.956474 0.028763 0.796063 1 22 1.000000
MarioHand_alb.png
 29 57.840790 -0.740353 105.767601 0.080490 0.859320 -0.505066 0.047654 0.793866 1 22 1.000000
 29 59.060703 -0.913498 105.891212 0.295270 0.788568 -0.539422 0.045182 0.810422 1 22 1.000000
 29 58.024071 -1.630620 104.278275 0.132717 0.259891 -0.956474 0.028763 0.796063 1 22 1.000000
MarioHand_alb.png
 29 45.047020 -4.799056 96.311371 -0.993320 0.115391 0.000000 0.295109 0.956008 1 22 1.000000
 29 48.421810 3.410853 96.311356 -0.999992 -0.003911 0.000000 0.295109 0.995850 1 22 1.000000
 29 45.044765 -4.150402 93.362770 -0.992556 0.111577 0.048827 0.295109 0.956008 1 22 1.000000
MarioHand_alb.png
 29 48.421810 3.410853 96.311356 -0.999992 -0.003911 0.000000 0.295109 0.995850 1 22 1.000000
 29 45.038631 -2.394428 90.845993 -0.992513 0.084180 0.088495 0.295109 0.956008 1 22 1.000000
 29 45.044765 -4.150402 93.362770 -0.992556 0.111577 0.048827 0.295109 0.956008 1 22 1.000000
MarioHand_alb.png
 29 48.421810 3.410853 96.311356 -0.999992 -0.003911 0.000000 0.295109 0.995850 1 22 1.000000
 29 45.029301 0.278881 89.192825 -0.991780 0.045009 0.119777 0.295109 0.956008 1 22 1.000000
 29 45.038631 -2.394428 90.845993 -0.992513 0.084180 0.088495 0.295109 0.956008 1 22 1.000000
MarioHand_alb.png
 29 48.421810 3.410853 96.311356 -0.999992 -0.003911 0.000000 0.295109 0.995850 1 22 1.000000
 29 45.018372 3.410859 88.582153 -0.992323 -0.003911 0.123611 0.295109 0.956008 1 22 1.000000
 29 45.029301 0.278881 89.192825 -0.991780 0.045009 0.119777 0.295109 0.956008 1 22 1.000000
MarioHand_alb.png
 29 48.421810 3.410853 96.311356 -0.999992 -0.003911 0.000000 0.295109 0.995850 1 22 1.000000
 29 45.029301 0.278881 103.429871 -0.991780 0.045009 -0.119777 0.295109 0.956008 1 22 1.000000
 29 45.018372 3.410861 104.040565 -0.992323 -0.003911 -0.123611 0.295109 0.956008 1 22 1.000000
MarioHand_alb.png
 29 45.038628 -2.394428 101.776726 -0.992519 0.084109 -0.088495 0.295109 0.956008 1 22 1.000000
 29 45.029301 0.278881 103.429871 -0.991780 0.045009 -0.119777 0.295109 0.956008 1 22 1.000000
 29 48.421810 3.410853 96.311356 -0.999992 -0.003911 0.000000 0.295109 0.995850 1 22 1.000000
MarioHand_alb.png
 29 45.038628 -2.394428 101.776726 -0.992519 0.084109 -0.088495 0.295109 0.956008 1 22 1.000000
 29 48.421810 3.410853 96.311356 -0.999992 -0.003911 0.000000 0.295109 0.995850 1 22 1.000000
 29 45.044762 -4.150399 99.259949 -0.992556 0.111577 -0.048827 0.295109 0.956008 1 22 1.000000
MarioHand_alb.png
 29 48.421810 3.410853 96.311356 -0.999992 -0.003911 0.000000 0.295109 0.995850 1 22 1.000000
 29 45.047020 -4.799056 96.311371 -0.993320 0.115391 0.000000 0.295109 0.956008 1 22 1.000000
 29 45.044762 -4.150399 99.259949 -0.992556 0.111577 -0.048827 0.295109 0.956008 1 22 1.000000
MarioHand_alb.png
 29 45.007439 6.542836 103.429871 -0.992211 -0.050927 -0.113679 0.295109 0.956008 1 22 1.000000
 29 48.421810 3.410853 96.311356 -0.999992 -0.003911 0.000000 0.295109 0.995850 1 22 1.000000
 29 45.018372 3.410861 104.040565 -0.992323 -0.003911 -0.123611 0.295109 0.956008 1 22 1.000000
MarioHand_alb.png
 29 45.007439 6.542836 103.429871 -0.992211 -0.050927 -0.113679 0.295109 0.956008 1 22 1.000000
 29 44.998108 9.216144 101.776726 -0.993510 -0.082220 -0.078596 0.295109 0.956008 1 22 1.000000
 29 48.421810 3.410853 96.311356 -0.999992 -0.003911 0.000000 0.295109 0.995850 1 22 1.000000
MarioHand_alb.png
 29 48.421810 3.410853 96.311356 -0.999992 -0.003911 0.000000 0.295109 0.995850 1 22 1.000000
 29 44.998108 9.216144 101.776726 -0.993510 -0.082220 -0.078596 0.295109 0.956008 1 22 1.000000
 29 44.991978 10.972116 99.259949 -0.993758 -0.103667 -0.041200 0.295109 0.956008 1 22 1.000000
MarioHand_alb.png
 29 48.421810 3.410853 96.311356 -0.999992 -0.003911 0.000000 0.295109 0.995850 1 22 1.000000
 29 44.991978 10.972116 99.259949 -0.993758 -0.103667 -0.041200 0.295109 0.956008 1 22 1.000000
 29 44.989716 11.620769 96.311356 -0.994601 -0.103771 0.000000 0.295109 0.956008 1 22 1.000000
MarioHand_alb.png
 29 44.989716 11.620769 96.311356 -0.994601 -0.103771 0.000000 0.295109 0.956008 1 22 1.000000
 29 44.991978 10.972115 93.362762 -0.993789 -0.103671 0.040438 0.295109 0.956008 1 22 1.000000
 29 48.421810 3.410853 96.311356 -0.999992 -0.003911 0.000000 0.295109 0.995850 1 22 1.000000
MarioHand_alb.png
 29 44.991978 10.972115 93.362762 -0.993789 -0.103671 0.040438 0.295109 0.956008 1 22 1.000000
 29 44.998104 9.216145 90.845993 -0.993510 -0.082220 0.078596 0.295109 0.956008 1 22 1.000000
 29 48.421810 3.410853 96.311356 -0.999992 -0.003911 0.000000 0.295109 0.995850 1 22 1.000000
MarioHand_alb.png
 29 48.421810 3.410853 96.311356 -0.999992 -0.003911 0.000000 0.295109 0.995850 1 22 1.000000
 29 44.998104 9.216145 90.845993 -0.993510 -0.082220 0.078596 0.295109 0.956008 1 22 1.000000
 29 45.007439 6.542838 89.192825 -0.992211 -0.050927 0.113679 0.295109 0.956008 1 22 1.000000
MarioHand_alb.png
 29 48.421810 3.410853 96.311356 -0.999992 -0.003911 0.000000 0.295109 0.995850 1 22 1.000000
 29 45.007439 6.542838 89.192825 -0.992211 -0.050927 0.113679 0.295109 0.956008 1 22 1.000000
 29 45.018372 3.410859 88.582153 -0.992323 -0.003911 0.123611 0.295109 0.956008 1 22 1.000000
MarioHand_alb.png
 29 60.978458 -8.742829 86.222641 -0.495066 0.276043 -0.823839 0.689021 0.120623 1 22 1.000000
 29 59.906532 -10.019733 86.384483 -0.391050 -0.305115 -0.868323 0.699260 0.148775 1 22 1.000000
 29 59.664425 -8.570662 86.624863 -0.141138 0.291812 -0.946005 0.678325 0.134173 1 22 1.000000
MarioHand_alb.png
 29 61.901424 -9.828012 85.448227 -0.258281 -0.359858 -0.896545 0.709712 0.134325 1 22 1.000000
 29 59.906532 -10.019733 86.384483 -0.391050 -0.305115 -0.868323 0.699260 0.148775 1 22 1.000000
 29 60.978458 -8.742829 86.222641 -0.495066 0.276043 -0.823839 0.689021 0.120623 1 22 1.000000
MarioHand_alb.png
 29 61.799713 -7.669406 85.353477 -0.646093 0.168198 -0.744495 0.699947 0.105364 1 22 1.000000
 29 61.901424 -9.828012 85.448227 -0.258281 -0.359858 -0.896545 0.709712 0.134325 1 22 1.000000
 29 60.978458 -8.742829 86.222641 -0.495066 0.276043 -0.823839 0.689021 0.120623 1 22 1.000000
MarioHand_alb.png
 29 61.901424 -9.828012 85.448227 -0.258281 -0.359858 -0.896545 0.709712 0.134325 1 22 1.000000
 29 60.775162 -11.537031 87.138809 -0.188061 -0.780187 -0.596608 0.721340 0.163119 1 22 1.000000
 29 59.906532 -10.019733 86.384483 -0.391050 -0.305115 -0.868323 0.699260 0.148775 1 22 1.000000
MarioHand_alb.png
 29 63.241386 -8.511051 84.926613 -0.106026 -0.176106 -0.978645 0.718654 0.117357 1 22 1.000000
 29 61.901424 -9.828012 85.448227 -0.258281 -0.359858 -0.896545 0.709712 0.134325 1 22 1.000000
 29 61.799713 -7.669406 85.353477 -0.646093 0.168198 -0.744495 0.699947 0.105364 1 22 1.000000
MarioHand_alb.png
 29 62.631920 -6.420474 85.241554 -0.534020 0.283698 -0.796453 0.710704 0.088212 1 22 1.000000
 29 63.241386 -8.511051 84.926613 -0.106026 -0.176106 -0.978645 0.718654 0.117357 1 22 1.000000
 29 61.799713 -7.669406 85.353477 -0.646093 0.168198 -0.744495 0.699947 0.105364 1 22 1.000000
MarioHand_alb.png
 29 61.901424 -9.828012 85.448227 -0.258281 -0.359858 -0.896545 0.709712 0.134325 1 22 1.000000
 29 62.875458 -10.983950 86.080170 0.023268 -0.711194 -0.702611 0.729671 0.146929 1 22 1.000000
 29 60.775162 -11.537031 87.138809 -0.188061 -0.780187 -0.596608 0.721340 0.163119 1 22 1.000000
MarioHand_alb.png
 29 63.241386 -8.511051 84.926613 -0.106026 -0.176106 -0.978645 0.718654 0.117357 1 22 1.000000
 29 62.875458 -10.983950 86.080170 0.023268 -0.711194 -0.702611 0.729671 0.146929 1 22 1.000000
 29 61.901424 -9.828012 85.448227 -0.258281 -0.359858 -0.896545 0.709712 0.134325 1 22 1.000000
MarioHand_alb.png
 29 64.114487 -7.024281 84.860611 -0.021368 -0.009826 -0.999723 0.728145 0.100252 1 22 1.000000
 29 63.241386 -8.511051 84.926613 -0.106026 -0.176106 -0.978645 0.718654 0.117357 1 22 1.000000
 29 62.631920 -6.420474 85.241554 -0.534020 0.283698 -0.796453 0.710704 0.088212 1 22 1.000000
MarioHand_alb.png
 29 63.430557 -4.795683 85.323380 -0.549619 0.383417 -0.742233 0.723568 0.069093 1 22 1.000000
 29 64.114487 -7.024281 84.860611 -0.021368 -0.009826 -0.999723 0.728145 0.100252 1 22 1.000000
 29 62.631920 -6.420474 85.241554 -0.534020 0.283698 -0.796453 0.710704 0.088212 1 22 1.000000
MarioHand_alb.png
 29 63.241386 -8.511051 84.926613 -0.106026 -0.176106 -0.978645 0.718654 0.117357 1 22 1.000000
 29 64.652275 -9.473516 85.281143 0.263986 -0.465790 -0.844601 0.737987 0.130220 1 22 1.000000
 29 62.875458 -10.983950 86.080170 0.023268 -0.711194 -0.702611 0.729671 0.146929 1 22 1.000000
MarioHand_alb.png
 29 64.114487 -7.024281 84.860611 -0.021368 -0.009826 -0.999723 0.728145 0.100252 1 22 1.000000
 29 64.652275 -9.473516 85.281143 0.263986 -0.465790 -0.844601 0.737987 0.130220 1 22 1.000000
 29 63.241386 -8.511051 84.926613 -0.106026 -0.176106 -0.978645 0.718654 0.117357 1 22 1.000000
MarioHand_alb.png
 29 62.875458 -10.983950 86.080170 0.023268 -0.711194 -0.702611 0.729671 0.146929 1 22 1.000000
 29 63.974976 -11.759748 87.441696 0.266257 -0.876397 -0.401293 0.751705 0.159503 1 22 1.000000
 29 60.775162 -11.537031 87.138809 -0.188061 -0.780187 -0.596608 0.721340 0.163119 1 22 1.000000
MarioHand_alb.png
 29 63.974976 -11.759748 87.441696 0.266257 -0.876397 -0.401293 0.751705 0.159503 1 22 1.000000
 29 61.706596 -12.426148 88.796524 0.017929 -0.965194 -0.260920 0.745403 0.176287 1 22 1.000000
 29 60.775162 -11.537031 87.138809 -0.188061 -0.780187 -0.596608 0.721340 0.163119 1 22 1.000000
MarioHand_alb.png
 29 64.652275 -9.473516 85.281143 0.263986 -0.465790 -0.844601 0.737987 0.130220 1 22 1.000000
 29 65.862915 -10.148905 86.482857 0.551560 -0.645203 -0.528673 0.758114 0.142000 1 22 1.000000
 29 62.875458 -10.983950 86.080170 0.023268 -0.711194 -0.702611 0.729671 0.146929 1 22 1.000000
MarioHand_alb.png
 29 65.862915 -10.148905 86.482857 0.551560 -0.645203 -0.528673 0.758114 0.142000 1 22 1.000000
 29 63.974976 -11.759748 87.441696 0.266257 -0.876397 -0.401293 0.751705 0.159503 1 22 1.000000
 29 62.875458 -10.983950 86.080170 0.023268 -0.711194 -0.702611 0.729671 0.146929 1 22 1.000000
MarioHand_alb.png
 29 63.974976 -11.759748 87.441696 0.266257 -0.876397 -0.401293 0.751705 0.159503 1 22 1.000000
 29 64.752884 -11.848521 89.233604 0.466157 -0.884344 0.025177 0.775662 0.169375 1 22 1.000000
 29 61.706596 -12.426148 88.796524 0.017929 -0.965194 -0.260920 0.745403 0.176287 1 22 1.000000
MarioHand_alb.png
 29 64.752884 -11.848521 89.233604 0.466157 -0.884344 0.025177 0.775662 0.169375 1 22 1.000000
 29 62.678635 -12.404466 90.348549 0.264367 -0.954373 0.138860 0.770260 0.186221 1 22 1.000000
 29 61.706596 -12.426148 88.796524 0.017929 -0.965194 -0.260920 0.745403 0.176287 1 22 1.000000
MarioHand_alb.png
 29 65.862915 -10.148905 86.482857 0.551560 -0.645203 -0.528673 0.758114 0.142000 1 22 1.000000
 29 66.541740 -10.338826 88.277145 0.740850 -0.663122 -0.106817 0.780621 0.151446 1 22 1.000000
 29 63.974976 -11.759748 87.441696 0.266257 -0.876397 -0.401293 0.751705 0.159503 1 22 1.000000
MarioHand_alb.png
 29 63.974976 -11.759748 87.441696 0.266257 -0.876397 -0.401293 0.751705 0.159503 1 22 1.000000
 29 66.541740 -10.338826 88.277145 0.740850 -0.663122 -0.106817 0.780621 0.151446 1 22 1.000000
 29 64.752884 -11.848521 89.233604 0.466157 -0.884344 0.025177 0.775662 0.169375 1 22 1.000000
MarioHand_alb.png
 29 64.752884 -11.848521 89.233604 0.466157 -0.884344 0.025177 0.775662 0.169375 1 22 1.000000
 29 65.038750 -11.152848 90.822144 0.576813 -0.683154 0.447870 0.801846 0.176150 1 22 1.000000
 29 62.678635 -12.404466 90.348549 0.264367 -0.954373 0.138860 0.770260 0.186221 1 22 1.000000
MarioHand_alb.png
 29 62.678635 -12.404466 90.348549 0.264367 -0.954373 0.138860 0.770260 0.186221 1 22 1.000000
 29 65.038750 -11.152848 90.822144 0.576813 -0.683154 0.447870 0.801846 0.176150 1 22 1.000000
 29 62.554199 -11.462476 92.560478 0.485614 -0.679402 0.550083 0.798184 0.193179 1 22 1.000000
MarioHand_alb.png
 29 66.541740 -10.338826 88.277145 0.740850 -0.663122 -0.106817 0.780621 0.151446 1 22 1.000000
 29 66.430733 -9.894211 90.111877 0.775250 -0.507422 0.376179 0.805219 0.157504 1 22 1.000000
 29 64.752884 -11.848521 89.233604 0.466157 -0.884344 0.025177 0.775662 0.169375 1 22 1.000000
MarioHand_alb.png
 29 66.430733 -9.894211 90.111877 0.775250 -0.507422 0.376179 0.805219 0.157504 1 22 1.000000
 29 65.038750 -11.152848 90.822144 0.576813 -0.683154 0.447870 0.801846 0.176150 1 22 1.000000
 29 64.752884 -11.848521 89.233604 0.466157 -0.884344 0.025177 0.775662 0.169375 1 22 1.000000
MarioHand_alb.png
 29 62.554199 -11.462476 92.560478 0.485614 -0.679402 0.550083 0.798184 0.193179 1 22 1.000000
 29 65.038750 -11.152848 90.822144 0.576813 -0.683154 0.447870 0.801846 0.176150 1 22 1.000000
 29 64.010666 -9.726535 92.861595 0.635606 -0.283657 0.718014 0.828428 0.179232 1 22 1.000000
MarioHand_alb.png
 29 62.554199 -11.462476 92.560478 0.485614 -0.679402 0.550083 0.798184 0.193179 1 22 1.000000
 29 64.010666 -9.726535 92.861595 0.635606 -0.283657 0.718014 0.828428 0.179232 1 22 1.000000
 29 62.328304 -9.746504 94.077881 0.704900 -0.546317 0.452387 0.825513 0.197269 1 22 1.000000
MarioHand_alb.png
 29 64.010666 -9.726535 92.861595 0.635606 -0.283657 0.718014 0.828428 0.179232 1 22 1.000000
 29 63.421745 -7.009660 93.355843 0.966915 0.156575 0.201393 0.869474 0.183352 1 22 1.000000
 29 62.328304 -9.746504 94.077881 0.704900 -0.546317 0.452387 0.825513 0.197269 1 22 1.000000
MarioHand_alb.png
 29 65.500519 -9.199883 91.523567 0.680557 -0.215154 0.700394 0.829404 0.160021 1 22 1.000000
 29 64.010666 -9.726535 92.861595 0.635606 -0.283657 0.718014 0.828428 0.179232 1 22 1.000000
 29 65.038750 -11.152848 90.822144 0.576813 -0.683154 0.447870 0.801846 0.176150 1 22 1.000000
MarioHand_alb.png
 29 66.430733 -9.894211 90.111877 0.775250 -0.507422 0.376179 0.805219 0.157504 1 22 1.000000
 29 65.500519 -9.199883 91.523567 0.680557 -0.215154 0.700394 0.829404 0.160021 1 22 1.000000
 29 65.038750 -11.152848 90.822144 0.576813 -0.683154 0.447870 0.801846 0.176150 1 22 1.000000
MarioHand_alb.png
 29 64.163315 -7.157563 92.436531 0.724590 0.391088 0.567468 0.866117 0.169467 1 22 1.000000
 29 63.421745 -7.009660 93.355843 0.966915 0.156575 0.201393 0.869474 0.183352 1 22 1.000000
 29 64.010666 -9.726535 92.861595 0.635606 -0.283657 0.718014 0.828428 0.179232 1 22 1.000000
MarioHand_alb.png
 29 65.500519 -9.199883 91.523567 0.680557 -0.215154 0.700394 0.829404 0.160021 1 22 1.000000
 29 64.163315 -7.157563 92.436531 0.724590 0.391088 0.567468 0.866117 0.169467 1 22 1.000000
 29 64.010666 -9.726535 92.861595 0.635606 -0.283657 0.718014 0.828428 0.179232 1 22 1.000000
MarioHand_alb.png
 29 64.163315 -7.157563 92.436531 0.724590 0.391088 0.567468 0.866117 0.169467 1 22 1.000000
 29 61.924900 -5.446894 91.196251 0.759532 0.610849 -0.223549 0.916075 0.178088 1 22 1.000000
 29 63.421745 -7.009660 93.355843 0.966915 0.156575 0.201393 0.869474 0.183352 1 22 1.000000
MarioHand_alb.png
 29 64.163315 -7.157563 92.436531 0.724590 0.391088 0.567468 0.866117 0.169467 1 22 1.000000
 29 62.290192 -5.907969 90.454338 0.524153 0.829813 -0.191503 0.907774 0.162814 1 22 1.000000
 29 61.924900 -5.446894 91.196251 0.759532 0.610849 -0.223549 0.916075 0.178088 1 22 1.000000
MarioHand_alb.png
 29 62.290192 -5.907969 90.454338 0.524153 0.829813 -0.191503 0.907774 0.162814 1 22 1.000000
 29 60.318939 -5.664365 88.474030 0.417380 0.487580 -0.766851 0.949355 0.156390 1 22 1.000000
 29 61.924900 -5.446894 91.196251 0.759532 0.610849 -0.223549 0.916075 0.178088 1 22 1.000000
MarioHand_alb.png
 29 65.500519 -9.199883 91.523567 0.680557 -0.215154 0.700394 0.829404 0.160021 1 22 1.000000
 29 64.414635 -6.987907 91.750000 0.389908 0.297772 0.871380 0.864363 0.154147 1 22 1.000000
 29 64.163315 -7.157563 92.436531 0.724590 0.391088 0.567468 0.866117 0.169467 1 22 1.000000
MarioHand_alb.png
 29 64.414635 -6.987907 91.750000 0.389908 0.297772 0.871380 0.864363 0.154147 1 22 1.000000
 29 62.290192 -5.907969 90.454338 0.524153 0.829813 -0.191503 0.907774 0.162814 1 22 1.000000
 29 64.163315 -7.157563 92.436531 0.724590 0.391088 0.567468 0.866117 0.169467 1 22 1.000000
MarioHand_alb.png
 29 62.290192 -5.907969 90.454338 0.524153 0.829813 -0.191503 0.907774 0.162814 1 22 1.000000
 29 60.986702 -6.989448 87.942734 -0.285324 0.704346 -0.649990 0.939925 0.141283 1 22 1.000000
 29 60.318939 -5.664365 88.474030 0.417380 0.487580 -0.766851 0.949355 0.156390 1 22 1.000000
MarioHand_alb.png
 29 60.986702 -6.989448 87.942734 -0.285324 0.704346 -0.649990 0.939925 0.141283 1 22 1.000000
 29 59.664425 -8.570662 86.624863 -0.141138 0.291812 -0.946005 0.978897 0.133257 1 22 1.000000
 29 60.318939 -5.664365 88.474030 0.417380 0.487580 -0.766851 0.949355 0.156390 1 22 1.000000
MarioHand_alb.png
 29 60.986702 -6.989448 87.942734 -0.285324 0.704346 -0.649990 0.939925 0.141283 1 22 1.000000
 29 60.978458 -8.742829 86.222641 -0.495066 0.276043 -0.823839 0.968811 0.119097 1 22 1.000000
 29 59.664425 -8.570662 86.624863 -0.141138 0.291812 -0.946005 0.978897 0.133257 1 22 1.000000
MarioHand_alb.png
 29 60.986702 -6.989448 87.942734 -0.285324 0.704346 -0.649990 0.939925 0.141283 1 22 1.000000
 29 61.799713 -7.669406 85.353477 -0.646093 0.168198 -0.744495 0.958816 0.102769 1 22 1.000000
 29 60.978458 -8.742829 86.222641 -0.495066 0.276043 -0.823839 0.968811 0.119097 1 22 1.000000
MarioHand_alb.png
 29 62.272545 -6.068760 89.910225 -0.748012 0.520957 0.411197 0.900816 0.144747 1 22 1.000000
 29 60.986702 -6.989448 87.942734 -0.285324 0.704346 -0.649990 0.939925 0.141283 1 22 1.000000
 29 62.290192 -5.907969 90.454338 0.524153 0.829813 -0.191503 0.907774 0.162814 1 22 1.000000
MarioHand_alb.png
 29 64.414635 -6.987907 91.750000 0.389908 0.297772 0.871380 0.864363 0.154147 1 22 1.000000
 29 62.272545 -6.068760 89.910225 -0.748012 0.520957 0.411197 0.900816 0.144747 1 22 1.000000
 29 62.290192 -5.907969 90.454338 0.524153 0.829813 -0.191503 0.907774 0.162814 1 22 1.000000
MarioHand_alb.png
 29 61.313232 -6.121840 87.317902 -0.876700 0.395430 -0.273921 0.930632 0.124849 1 22 1.000000
 29 61.799713 -7.669406 85.353477 -0.646093 0.168198 -0.744495 0.958816 0.102769 1 22 1.000000
 29 60.986702 -6.989448 87.942734 -0.285324 0.704346 -0.649990 0.939925 0.141283 1 22 1.000000
MarioHand_alb.png
 29 62.272545 -6.068760 89.910225 -0.748012 0.520957 0.411197 0.900816 0.144747 1 22 1.000000
 29 61.313232 -6.121840 87.317902 -0.876700 0.395430 -0.273921 0.930632 0.124849 1 22 1.000000
 29 60.986702 -6.989448 87.942734 -0.285324 0.704346 -0.649990 0.939925 0.141283 1 22 1.000000
MarioHand_alb.png
 29 61.313232 -6.121840 87.317902 -0.876700 0.395430 -0.273921 0.930632 0.124849 1 22 1.000000
 29 62.631920 -6.420474 85.241554 -0.534020 0.283698 -0.796453 0.947860 0.085130 1 22 1.000000
 29 61.799713 -7.669406 85.353477 -0.646093 0.168198 -0.744495 0.958816 0.102769 1 22 1.000000
MarioHand_alb.png
 29 61.586319 -5.461074 87.416855 -0.892318 0.406960 -0.195326 0.921279 0.108019 1 22 1.000000
 29 62.631920 -6.420474 85.241554 -0.534020 0.283698 -0.796453 0.947860 0.085130 1 22 1.000000
 29 61.313232 -6.121840 87.317902 -0.876700 0.395430 -0.273921 0.930632 0.124849 1 22 1.000000
MarioHand_alb.png
 29 62.272545 -6.068760 89.910225 -0.748012 0.520957 0.411197 0.900816 0.144747 1 22 1.000000
 29 61.586319 -5.461074 87.416855 -0.892318 0.406960 -0.195326 0.921279 0.108019 1 22 1.000000
 29 61.313232 -6.121840 87.317902 -0.876700 0.395430 -0.273921 0.930632 0.124849 1 22 1.000000
MarioHand_alb.png
 29 61.586319 -5.461074 87.416855 -0.892318 0.406960 -0.195326 0.921279 0.108019 1 22 1.000000
 29 63.430557 -4.795683 85.323380 -0.549619 0.383417 -0.742233 0.933593 0.066575 1 22 1.000000
 29 62.631920 -6.420474 85.241554 -0.534020 0.283698 -0.796453 0.947860 0.085130 1 22 1.000000
MarioHand_alb.png
 29 64.364029 -6.358502 91.769455 -0.222737 0.054921 0.973330 0.862409 0.136461 1 22 1.000000
 29 62.272545 -6.068760 89.910225 -0.748012 0.520957 0.411197 0.900816 0.144747 1 22 1.000000
 29 64.414635 -6.987907 91.750000 0.389908 0.297772 0.871380 0.864363 0.154147 1 22 1.000000
MarioHand_alb.png
 29 62.273411 -4.117963 87.469765 -0.838058 0.518875 -0.168603 0.910567 0.090059 1 22 1.000000
 29 63.430557 -4.795683 85.323380 -0.549619 0.383417 -0.742233 0.933593 0.066575 1 22 1.000000
 29 61.586319 -5.461074 87.416855 -0.892318 0.406960 -0.195326 0.921279 0.108019 1 22 1.000000
MarioHand_alb.png
 29 64.481781 -3.094220 85.591988 -0.445625 0.581497 -0.680647 0.910689 0.048432 1 22 1.000000
 29 63.430557 -4.795683 85.323380 -0.549619 0.383417 -0.742233 0.933593 0.066575 1 22 1.000000
 29 62.273411 -4.117963 87.469765 -0.838058 0.518875 -0.168603 0.910567 0.090059 1 22 1.000000
MarioHand_alb.png
 29 62.403275 -5.492532 89.973885 -0.807872 0.244402 0.536293 0.893858 0.126696 1 22 1.000000
 29 61.586319 -5.461074 87.416855 -0.892318 0.406960 -0.195326 0.921279 0.108019 1 22 1.000000
 29 62.272545 -6.068760 89.910225 -0.748012 0.520957 0.411197 0.900816 0.144747 1 22 1.000000
MarioHand_alb.png
 29 62.403275 -5.492532 89.973885 -0.807872 0.244402 0.536293 0.893858 0.126696 1 22 1.000000
 29 62.273411 -4.117963 87.469765 -0.838058 0.518875 -0.168603 0.910567 0.090059 1 22 1.000000
 29 61.586319 -5.461074 87.416855 -0.892318 0.406960 -0.195326 0.921279 0.108019 1 22 1.000000
MarioHand_alb.png
 29 64.364029 -6.358502 91.769455 -0.222737 0.054921 0.973330 0.862409 0.136461 1 22 1.000000
 29 62.403275 -5.492532 89.973885 -0.807872 0.244402 0.536293 0.893858 0.126696 1 22 1.000000
 29 62.272545 -6.068760 89.910225 -0.748012 0.520957 0.411197 0.900816 0.144747 1 22 1.000000
MarioHand_alb.png
 29 63.548969 -2.482880 87.516121 -0.655372 0.739416 -0.154116 0.895399 0.069520 1 22 1.000000
 29 64.481781 -3.094220 85.591988 -0.445625 0.581497 -0.680647 0.910689 0.048432 1 22 1.000000
 29 62.273411 -4.117963 87.469765 -0.838058 0.518875 -0.168603 0.910567 0.090059 1 22 1.000000
MarioHand_alb.png
 29 62.819916 -4.249308 90.090469 -0.723918 0.447777 0.524822 0.885847 0.108125 1 22 1.000000
 29 62.273411 -4.117963 87.469765 -0.838058 0.518875 -0.168603 0.910567 0.090059 1 22 1.000000
 29 62.403275 -5.492532 89.973885 -0.807872 0.244402 0.536293 0.893858 0.126696 1 22 1.000000
MarioHand_alb.png
 29 62.819916 -4.249308 90.090469 -0.723918 0.447777 0.524822 0.885847 0.108125 1 22 1.000000
 29 63.548969 -2.482880 87.516121 -0.655372 0.739416 -0.154116 0.895399 0.069520 1 22 1.000000
 29 62.273411 -4.117963 87.469765 -0.838058 0.518875 -0.168603 0.910567 0.090059 1 22 1.000000
MarioHand_alb.png
 29 64.757416 -4.998418 91.694130 -0.157209 0.234669 0.959279 0.858610 0.116259 1 22 1.000000
 29 62.819916 -4.249308 90.090469 -0.723918 0.447777 0.524822 0.885847 0.108125 1 22 1.000000
 29 62.403275 -5.492532 89.973885 -0.807872 0.244402 0.536293 0.893858 0.126696 1 22 1.000000
MarioHand_alb.png
 29 64.757416 -4.998418 91.694130 -0.157209 0.234669 0.959279 0.858610 0.116259 1 22 1.000000
 29 62.403275 -5.492532 89.973885 -0.807872 0.244402 0.536293 0.893858 0.126696 1 22 1.000000
 29 64.364029 -6.358502 91.769455 -0.222737 0.054921 0.973330 0.862409 0.136461 1 22 1.000000
MarioHand_alb.png
 29 63.970642 -2.628586 89.848274 -0.516517 0.712238 0.475318 0.875486 0.086549 1 22 1.000000
 29 63.548969 -2.482880 87.516121 -0.655372 0.739416 -0.154116 0.895399 0.069520 1 22 1.000000
 29 62.819916 -4.249308 90.090469 -0.723918 0.447777 0.524822 0.885847 0.108125 1 22 1.000000
MarioHand_alb.png
 29 64.757416 -4.998418 91.694130 -0.157209 0.234669 0.959279 0.858610 0.116259 1 22 1.000000
 29 63.970642 -2.628586 89.848274 -0.516517 0.712238 0.475318 0.875486 0.086549 1 22 1.000000
 29 62.819916 -4.249308 90.090469 -0.723918 0.447777 0.524822 0.885847 0.108125 1 22 1.000000
MarioHand_alb.png
 29 65.228897 -1.784041 87.602623 -0.272369 0.952885 -0.133514 0.878462 0.054826 1 22 1.000000
 29 64.481781 -3.094220 85.591988 -0.445625 0.581497 -0.680647 0.910689 0.048432 1 22 1.000000
 29 63.548969 -2.482880 87.516121 -0.655372 0.739416 -0.154116 0.895399 0.069520 1 22 1.000000
MarioHand_alb.png
 29 65.228897 -1.784041 87.602623 -0.272369 0.952885 -0.133514 0.878462 0.054826 1 22 1.000000
 29 65.875404 -2.078662 86.464005 -0.082396 0.867069 -0.491327 0.883482 0.040330 1 22 1.000000
 29 64.481781 -3.094220 85.591988 -0.445625 0.581497 -0.680647 0.910689 0.048432 1 22 1.000000
MarioHand_alb.png
 29 67.170021 -2.019080 88.004242 0.438690 0.898385 -0.021362 0.853178 0.046799 1 22 1.000000
 29 65.875404 -2.078662 86.464005 -0.082396 0.867069 -0.491327 0.883482 0.040330 1 22 1.000000
 29 65.228897 -1.784041 87.602623 -0.272369 0.952885 -0.133514 0.878462 0.054826 1 22 1.000000
MarioHand_alb.png
 29 65.530396 -1.893543 89.073288 -0.146485 0.929405 0.338746 0.864485 0.066621 1 22 1.000000
 29 65.228897 -1.784041 87.602623 -0.272369 0.952885 -0.133514 0.878462 0.054826 1 22 1.000000
 29 63.548969 -2.482880 87.516121 -0.655372 0.739416 -0.154116 0.895399 0.069520 1 22 1.000000
MarioHand_alb.png
 29 67.170021 -2.019080 88.004242 0.438690 0.898385 -0.021362 0.853178 0.046799 1 22 1.000000
 29 65.228897 -1.784041 87.602623 -0.272369 0.952885 -0.133514 0.878462 0.054826 1 22 1.000000
 29 65.530396 -1.893543 89.073288 -0.146485 0.929405 0.338746 0.864485 0.066621 1 22 1.000000
MarioHand_alb.png
 29 65.530396 -1.893543 89.073288 -0.146485 0.929405 0.338746 0.864485 0.066621 1 22 1.000000
 29 63.548969 -2.482880 87.516121 -0.655372 0.739416 -0.154116 0.895399 0.069520 1 22 1.000000
 29 63.970642 -2.628586 89.848274 -0.516517 0.712238 0.475318 0.875486 0.086549 1 22 1.000000
MarioHand_alb.png
 29 67.170021 -2.019080 88.004242 0.438690 0.898385 -0.021362 0.853178 0.046799 1 22 1.000000
 29 65.530396 -1.893543 89.073288 -0.146485 0.929405 0.338746 0.864485 0.066621 1 22 1.000000
 29 66.671898 -2.436466 89.890572 0.156403 0.808291 0.567630 0.846128 0.070695 1 22 1.000000
MarioHand_alb.png
 29 67.917259 -2.999874 89.579269 0.639975 0.582480 0.501148 0.828031 0.066392 1 22 1.000000
 29 67.170021 -2.019080 88.004242 0.438690 0.898385 -0.021362 0.853178 0.046799 1 22 1.000000
 29 66.671898 -2.436466 89.890572 0.156403 0.808291 0.567630 0.846128 0.070695 1 22 1.000000
MarioHand_alb.png
 29 65.661057 -3.429709 91.182816 -0.022128 0.473423 0.880557 0.852766 0.093965 1 22 1.000000
 29 65.530396 -1.893543 89.073288 -0.146485 0.929405 0.338746 0.864485 0.066621 1 22 1.000000
 29 63.970642 -2.628586 89.848274 -0.516517 0.712238 0.475318 0.875486 0.086549 1 22 1.000000
MarioHand_alb.png
 29 65.661057 -3.429709 91.182816 -0.022128 0.473423 0.880557 0.852766 0.093965 1 22 1.000000
 29 66.671898 -2.436466 89.890572 0.156403 0.808291 0.567630 0.846128 0.070695 1 22 1.000000
 29 65.530396 -1.893543 89.073288 -0.146485 0.929405 0.338746 0.864485 0.066621 1 22 1.000000
MarioHand_alb.png
 29 65.661057 -3.429709 91.182816 -0.022128 0.473423 0.880557 0.852766 0.093965 1 22 1.000000
 29 63.970642 -2.628586 89.848274 -0.516517 0.712238 0.475318 0.875486 0.086549 1 22 1.000000
 29 64.757416 -4.998418 91.694130 -0.157209 0.234669 0.959279 0.858610 0.116259 1 22 1.000000
MarioHand_alb.png
 29 67.917259 -2.999874 89.579269 0.639975 0.582480 0.501148 0.828031 0.066392 1 22 1.000000
 29 66.671898 -2.436466 89.890572 0.156403 0.808291 0.567630 0.846128 0.070695 1 22 1.000000
 29 65.661057 -3.429709 91.182816 -0.022128 0.473423 0.880557 0.852766 0.093965 1 22 1.000000
MarioHand_alb.png
 29 66.890366 -6.315159 91.242599 0.469198 -0.045108 0.881940 0.830228 0.119783 1 22 1.000000
 29 65.661057 -3.429709 91.182816 -0.022128 0.473423 0.880557 0.852766 0.093965 1 22 1.000000
 29 64.757416 -4.998418 91.694130 -0.157209 0.234669 0.959279 0.858610 0.116259 1 22 1.000000
MarioHand_alb.png
 29 66.890366 -6.315159 91.242599 0.469198 -0.045108 0.881940 0.830228 0.119783 1 22 1.000000
 29 64.757416 -4.998418 91.694130 -0.157209 0.234669 0.959279 0.858610 0.116259 1 22 1.000000
 29 64.364029 -6.358502 91.769455 -0.222737 0.054921 0.973330 0.862409 0.136461 1 22 1.000000
MarioHand_alb.png
 29 67.715439 -4.481191 90.698303 0.535385 0.140615 0.832821 0.829511 0.093034 1 22 1.000000
 29 67.917259 -2.999874 89.579269 0.639975 0.582480 0.501148 0.828031 0.066392 1 22 1.000000
 29 65.661057 -3.429709 91.182816 -0.022128 0.473423 0.880557 0.852766 0.093965 1 22 1.000000
MarioHand_alb.png
 29 67.715439 -4.481191 90.698303 0.535385 0.140615 0.832821 0.829511 0.093034 1 22 1.000000
 29 65.661057 -3.429709 91.182816 -0.022128 0.473423 0.880557 0.852766 0.093965 1 22 1.000000
 29 66.890366 -6.315159 91.242599 0.469198 -0.045108 0.881940 0.830228 0.119783 1 22 1.000000
MarioHand_alb.png
 29 68.490242 -4.939064 89.715477 0.908558 -0.121389 0.399735 0.816175 0.092271 1 22 1.000000
 29 67.917259 -2.999874 89.579269 0.639975 0.582480 0.501148 0.828031 0.066392 1 22 1.000000
 29 67.715439 -4.481191 90.698303 0.535385 0.140615 0.832821 0.829511 0.093034 1 22 1.000000
MarioHand_alb.png
 29 66.890366 -6.315159 91.242599 0.469198 -0.045108 0.881940 0.830228 0.119783 1 22 1.000000
 29 64.364029 -6.358502 91.769455 -0.222737 0.054921 0.973330 0.862409 0.136461 1 22 1.000000
 29 66.186798 -7.867969 91.375732 0.497564 -0.164646 0.851658 0.830106 0.140688 1 22 1.000000
MarioHand_alb.png
 29 66.186798 -7.867969 91.375732 0.497564 -0.164646 0.851658 0.830106 0.140688 1 22 1.000000
 29 64.364029 -6.358502 91.769455 -0.222737 0.054921 0.973330 0.862409 0.136461 1 22 1.000000
 29 64.414635 -6.987907 91.750000 0.389908 0.297772 0.871380 0.864363 0.154147 1 22 1.000000
MarioHand_alb.png
 29 66.186798 -7.867969 91.375732 0.497564 -0.164646 0.851658 0.830106 0.140688 1 22 1.000000
 29 64.414635 -6.987907 91.750000 0.389908 0.297772 0.871380 0.864363 0.154147 1 22 1.000000
 29 65.500519 -9.199883 91.523567 0.680557 -0.215154 0.700394 0.829404 0.160021 1 22 1.000000
MarioHand_alb.png
 29 66.430733 -9.894211 90.111877 0.775250 -0.507422 0.376179 0.805219 0.157504 1 22 1.000000
 29 66.186798 -7.867969 91.375732 0.497564 -0.164646 0.851658 0.830106 0.140688 1 22 1.000000
 29 65.500519 -9.199883 91.523567 0.680557 -0.215154 0.700394 0.829404 0.160021 1 22 1.000000
MarioHand_alb.png
 29 67.872375 -6.861073 89.952065 0.862648 -0.289266 0.414926 0.811978 0.117830 1 22 1.000000
 29 67.715439 -4.481191 90.698303 0.535385 0.140615 0.832821 0.829511 0.093034 1 22 1.000000
 29 66.890366 -6.315159 91.242599 0.469198 -0.045108 0.881940 0.830228 0.119783 1 22 1.000000
MarioHand_alb.png
 29 68.490242 -4.939064 89.715477 0.908558 -0.121389 0.399735 0.816175 0.092271 1 22 1.000000
 29 67.715439 -4.481191 90.698303 0.535385 0.140615 0.832821 0.829511 0.093034 1 22 1.000000
 29 67.872375 -6.861073 89.952065 0.862648 -0.289266 0.414926 0.811978 0.117830 1 22 1.000000
MarioHand_alb.png
 29 67.201462 -8.370302 90.009583 0.836151 -0.373922 0.401291 0.808530 0.138399 1 22 1.000000
 29 66.890366 -6.315159 91.242599 0.469198 -0.045108 0.881940 0.830228 0.119783 1 22 1.000000
 29 66.186798 -7.867969 91.375732 0.497564 -0.164646 0.851658 0.830106 0.140688 1 22 1.000000
MarioHand_alb.png
 29 67.201462 -8.370302 90.009583 0.836151 -0.373922 0.401291 0.808530 0.138399 1 22 1.000000
 29 66.186798 -7.867969 91.375732 0.497564 -0.164646 0.851658 0.830106 0.140688 1 22 1.000000
 29 66.430733 -9.894211 90.111877 0.775250 -0.507422 0.376179 0.805219 0.157504 1 22 1.000000
MarioHand_alb.png
 29 67.872375 -6.861073 89.952065 0.862648 -0.289266 0.414926 0.811978 0.117830 1 22 1.000000
 29 66.890366 -6.315159 91.242599 0.469198 -0.045108 0.881940 0.830228 0.119783 1 22 1.000000
 29 67.201462 -8.370302 90.009583 0.836151 -0.373922 0.401291 0.808530 0.138399 1 22 1.000000
MarioHand_alb.png
 29 67.499489 -8.600739 88.092857 0.889609 -0.447761 -0.090029 0.785992 0.132738 1 22 1.000000
 29 67.201462 -8.370302 90.009583 0.836151 -0.373922 0.401291 0.808530 0.138399 1 22 1.000000
 29 66.430733 -9.894211 90.111877 0.775250 -0.507422 0.376179 0.805219 0.157504 1 22 1.000000
MarioHand_alb.png
 29 67.499489 -8.600739 88.092857 0.889609 -0.447761 -0.090029 0.785992 0.132738 1 22 1.000000
 29 66.430733 -9.894211 90.111877 0.775250 -0.507422 0.376179 0.805219 0.157504 1 22 1.000000
 29 66.541740 -10.338826 88.277145 0.740850 -0.663122 -0.106817 0.780621 0.151446 1 22 1.000000
MarioHand_alb.png
 29 65.862915 -10.148905 86.482857 0.551560 -0.645203 -0.528673 0.758114 0.142000 1 22 1.000000
 29 67.499489 -8.600739 88.092857 0.889609 -0.447761 -0.090029 0.785992 0.132738 1 22 1.000000
 29 66.541740 -10.338826 88.277145 0.740850 -0.663122 -0.106817 0.780621 0.151446 1 22 1.000000
MarioHand_alb.png
 29 68.157478 -7.034589 88.064163 0.937607 -0.340540 -0.070187 0.791897 0.112734 1 22 1.000000
 29 67.872375 -6.861073 89.952065 0.862648 -0.289266 0.414926 0.811978 0.117830 1 22 1.000000
 29 67.201462 -8.370302 90.009583 0.836151 -0.373922 0.401291 0.808530 0.138399 1 22 1.000000
MarioHand_alb.png
 29 68.157478 -7.034589 88.064163 0.937607 -0.340540 -0.070187 0.791897 0.112734 1 22 1.000000
 29 67.201462 -8.370302 90.009583 0.836151 -0.373922 0.401291 0.808530 0.138399 1 22 1.000000
 29 67.499489 -8.600739 88.092857 0.889609 -0.447761 -0.090029 0.785992 0.132738 1 22 1.000000
MarioHand_alb.png
 29 68.731483 -5.135350 88.135544 0.981783 -0.179936 -0.061028 0.799893 0.089937 1 22 1.000000
 29 68.490242 -4.939064 89.715477 0.908558 -0.121389 0.399735 0.816175 0.092271 1 22 1.000000
 29 67.872375 -6.861073 89.952065 0.862648 -0.289266 0.414926 0.811978 0.117830 1 22 1.000000
MarioHand_alb.png
 29 68.731483 -5.135350 88.135544 0.981783 -0.179936 -0.061028 0.799893 0.089937 1 22 1.000000
 29 67.872375 -6.861073 89.952065 0.862648 -0.289266 0.414926 0.811978 0.117830 1 22 1.000000
 29 68.157478 -7.034589 88.064163 0.937607 -0.340540 -0.070187 0.791897 0.112734 1 22 1.000000
MarioHand_alb.png
 29 68.475662 -3.330736 88.508194 0.905847 0.418726 0.064104 0.811292 0.068940 1 22 1.000000
 29 67.917259 -2.999874 89.579269 0.639975 0.582480 0.501148 0.828031 0.066392 1 22 1.000000
 29 68.490242 -4.939064 89.715477 0.908558 -0.121389 0.399735 0.816175 0.092271 1 22 1.000000
MarioHand_alb.png
 29 68.475662 -3.330736 88.508194 0.905847 0.418726 0.064104 0.811292 0.068940 1 22 1.000000
 29 68.490242 -4.939064 89.715477 0.908558 -0.121389 0.399735 0.816175 0.092271 1 22 1.000000
 29 68.731483 -5.135350 88.135544 0.981783 -0.179936 -0.061028 0.799893 0.089937 1 22 1.000000
MarioHand_alb.png
 29 67.170021 -2.019080 88.004242 0.438690 0.898385 -0.021362 0.802533 0.046403 1 22 1.000000
 29 67.917259 -2.999874 89.579269 0.639975 0.582480 0.501148 0.828031 0.066392 1 22 1.000000
 29 68.475662 -3.330736 88.508194 0.905847 0.418726 0.064104 0.811292 0.068940 1 22 1.000000
MarioHand_alb.png
 29 68.225067 -3.255243 86.984467 0.816548 0.433195 -0.381565 0.792569 0.065644 1 22 1.000000
 29 68.475662 -3.330736 88.508194 0.905847 0.418726 0.064104 0.811292 0.068940 1 22 1.000000
 29 68.731483 -5.135350 88.135544 0.981783 -0.179936 -0.061028 0.799893 0.089937 1 22 1.000000
MarioHand_alb.png
 29 67.170021 -2.019080 88.004242 0.438690 0.898385 -0.021362 0.802533 0.046403 1 22 1.000000
 29 68.475662 -3.330736 88.508194 0.905847 0.418726 0.064104 0.811292 0.068940 1 22 1.000000
 29 68.225067 -3.255243 86.984467 0.816548 0.433195 -0.381565 0.792569 0.065644 1 22 1.000000
MarioHand_alb.png
 29 68.262894 -4.942910 86.486809 0.837770 -0.113496 -0.534097 0.782650 0.083970 1 22 1.000000
 29 68.731483 -5.135350 88.135544 0.981783 -0.179936 -0.061028 0.799893 0.089937 1 22 1.000000
 29 68.157478 -7.034589 88.064163 0.937607 -0.340540 -0.070187 0.791897 0.112734 1 22 1.000000
MarioHand_alb.png
 29 68.225067 -3.255243 86.984467 0.816548 0.433195 -0.381565 0.792569 0.065644 1 22 1.000000
 29 68.731483 -5.135350 88.135544 0.981783 -0.179936 -0.061028 0.799893 0.089937 1 22 1.000000
 29 68.262894 -4.942910 86.486809 0.837770 -0.113496 -0.534097 0.782650 0.083970 1 22 1.000000
MarioHand_alb.png
 29 67.056839 -2.691282 86.217819 0.451688 0.626125 -0.635567 0.778744 0.054658 1 22 1.000000
 29 67.170021 -2.019080 88.004242 0.438690 0.898385 -0.021362 0.802533 0.046403 1 22 1.000000
 29 68.225067 -3.255243 86.984467 0.816548 0.433195 -0.381565 0.792569 0.065644 1 22 1.000000
MarioHand_alb.png
 29 65.875404 -2.078662 86.464005 -0.082396 0.867069 -0.491327 0.771634 0.040482 1 22 1.000000
 29 67.170021 -2.019080 88.004242 0.438690 0.898385 -0.021362 0.802533 0.046403 1 22 1.000000
 29 67.056839 -2.691282 86.217819 0.451688 0.626125 -0.635567 0.778744 0.054658 1 22 1.000000
MarioHand_alb.png
 29 67.056839 -2.691282 86.217819 0.451688 0.626125 -0.635567 0.778744 0.054658 1 22 1.000000
 29 68.225067 -3.255243 86.984467 0.816548 0.433195 -0.381565 0.792569 0.065644 1 22 1.000000
 29 67.099525 -4.395192 85.431458 0.473899 0.062576 -0.878353 0.767269 0.073930 1 22 1.000000
MarioHand_alb.png
 29 67.099525 -4.395192 85.431458 0.473899 0.062576 -0.878353 0.767269 0.073930 1 22 1.000000
 29 68.225067 -3.255243 86.984467 0.816548 0.433195 -0.381565 0.792569 0.065644 1 22 1.000000
 29 68.262894 -4.942910 86.486809 0.837770 -0.113496 -0.534097 0.782650 0.083970 1 22 1.000000
MarioHand_alb.png
 29 65.670761 -3.702669 85.175385 0.066378 0.269994 -0.960571 0.754055 0.061204 1 22 1.000000
 29 65.875404 -2.078662 86.464005 -0.082396 0.867069 -0.491327 0.771634 0.040482 1 22 1.000000
 29 67.056839 -2.691282 86.217819 0.451688 0.626125 -0.635567 0.778744 0.054658 1 22 1.000000
MarioHand_alb.png
 29 65.670761 -3.702669 85.175385 0.066378 0.269994 -0.960571 0.754055 0.061204 1 22 1.000000
 29 67.056839 -2.691282 86.217819 0.451688 0.626125 -0.635567 0.778744 0.054658 1 22 1.000000
 29 67.099525 -4.395192 85.431458 0.473899 0.062576 -0.878353 0.767269 0.073930 1 22 1.000000
MarioHand_alb.png
 29 64.481781 -3.094220 85.591988 -0.445625 0.581497 -0.680647 0.744121 0.048646 1 22 1.000000
 29 65.875404 -2.078662 86.464005 -0.082396 0.867069 -0.491327 0.771634 0.040482 1 22 1.000000
 29 65.670761 -3.702669 85.175385 0.066378 0.269994 -0.960571 0.754055 0.061204 1 22 1.000000
MarioHand_alb.png
 29 64.481781 -3.094220 85.591988 -0.445625 0.581497 -0.680647 0.744121 0.048646 1 22 1.000000
 29 65.670761 -3.702669 85.175385 0.066378 0.269994 -0.960571 0.754055 0.061204 1 22 1.000000
 29 63.430557 -4.795683 85.323380 -0.549619 0.383417 -0.742233 0.723568 0.069093 1 22 1.000000
MarioHand_alb.png
 29 65.670761 -3.702669 85.175385 0.066378 0.269994 -0.960571 0.754055 0.061204 1 22 1.000000
 29 64.837105 -5.491607 84.868530 0.000000 0.095916 -0.995389 0.738872 0.081651 1 22 1.000000
 29 63.430557 -4.795683 85.323380 -0.549619 0.383417 -0.742233 0.723568 0.069093 1 22 1.000000
MarioHand_alb.png
 29 65.670761 -3.702669 85.175385 0.066378 0.269994 -0.960571 0.754055 0.061204 1 22 1.000000
 29 67.099525 -4.395192 85.431458 0.473899 0.062576 -0.878353 0.767269 0.073930 1 22 1.000000
 29 64.837105 -5.491607 84.868530 0.000000 0.095916 -0.995389 0.738872 0.081651 1 22 1.000000
MarioHand_alb.png
 29 63.430557 -4.795683 85.323380 -0.549619 0.383417 -0.742233 0.723568 0.069093 1 22 1.000000
 29 64.837105 -5.491607 84.868530 0.000000 0.095916 -0.995389 0.738872 0.081651 1 22 1.000000
 29 64.114487 -7.024281 84.860611 -0.021368 -0.009826 -0.999723 0.728145 0.100252 1 22 1.000000
MarioHand_alb.png
 29 67.099525 -4.395192 85.431458 0.473899 0.062576 -0.878353 0.767269 0.073930 1 22 1.000000
 29 66.414757 -6.251157 85.176666 0.417337 -0.105765 -0.902576 0.755428 0.094514 1 22 1.000000
 29 64.837105 -5.491607 84.868530 0.000000 0.095916 -0.995389 0.738872 0.081651 1 22 1.000000
MarioHand_alb.png
 29 64.837105 -5.491607 84.868530 0.000000 0.095916 -0.995389 0.738872 0.081651 1 22 1.000000
 29 66.414757 -6.251157 85.176666 0.417337 -0.105765 -0.902576 0.755428 0.094514 1 22 1.000000
 29 64.114487 -7.024281 84.860611 -0.021368 -0.009826 -0.999723 0.728145 0.100252 1 22 1.000000
MarioHand_alb.png
 29 67.099525 -4.395192 85.431458 0.473899 0.062576 -0.878353 0.767269 0.073930 1 22 1.000000
 29 68.262894 -4.942910 86.486809 0.837770 -0.113496 -0.534097 0.782650 0.083970 1 22 1.000000
 29 66.414757 -6.251157 85.176666 0.417337 -0.105765 -0.902576 0.755428 0.094514 1 22 1.000000
MarioHand_alb.png
 29 64.114487 -7.024281 84.860611 -0.021368 -0.009826 -0.999723 0.728145 0.100252 1 22 1.000000
 29 66.414757 -6.251157 85.176666 0.417337 -0.105765 -0.902576 0.755428 0.094514 1 22 1.000000
 29 65.708694 -7.784027 85.178581 0.377571 -0.232740 -0.896255 0.746456 0.112993 1 22 1.000000
MarioHand_alb.png
 29 64.114487 -7.024281 84.860611 -0.021368 -0.009826 -0.999723 0.728145 0.100252 1 22 1.000000
 29 65.708694 -7.784027 85.178581 0.377571 -0.232740 -0.896255 0.746456 0.112993 1 22 1.000000
 29 64.652275 -9.473516 85.281143 0.263986 -0.465790 -0.844601 0.737987 0.130220 1 22 1.000000
MarioHand_alb.png
 29 65.708694 -7.784027 85.178581 0.377571 -0.232740 -0.896255 0.746456 0.112993 1 22 1.000000
 29 65.862915 -10.148905 86.482857 0.551560 -0.645203 -0.528673 0.758114 0.142000 1 22 1.000000
 29 64.652275 -9.473516 85.281143 0.263986 -0.465790 -0.844601 0.737987 0.130220 1 22 1.000000
MarioHand_alb.png
 29 66.414757 -6.251157 85.176666 0.417337 -0.105765 -0.902576 0.755428 0.094514 1 22 1.000000
 29 68.262894 -4.942910 86.486809 0.837770 -0.113496 -0.534097 0.782650 0.083970 1 22 1.000000
 29 67.635941 -6.825526 86.322128 0.786878 -0.276285 -0.551806 0.773022 0.105165 1 22 1.000000
MarioHand_alb.png
 29 66.414757 -6.251157 85.176666 0.417337 -0.105765 -0.902576 0.755428 0.094514 1 22 1.000000
 29 67.635941 -6.825526 86.322128 0.786878 -0.276285 -0.551806 0.773022 0.105165 1 22 1.000000
 29 65.708694 -7.784027 85.178581 0.377571 -0.232740 -0.896255 0.746456 0.112993 1 22 1.000000
MarioHand_alb.png
 29 68.262894 -4.942910 86.486809 0.837770 -0.113496 -0.534097 0.782650 0.083970 1 22 1.000000
 29 68.157478 -7.034589 88.064163 0.937607 -0.340540 -0.070187 0.791897 0.112734 1 22 1.000000
 29 67.635941 -6.825526 86.322128 0.786878 -0.276285 -0.551806 0.773022 0.105165 1 22 1.000000
MarioHand_alb.png
 29 67.635941 -6.825526 86.322128 0.786878 -0.276285 -0.551806 0.773022 0.105165 1 22 1.000000
 29 68.157478 -7.034589 88.064163 0.937607 -0.340540 -0.070187 0.791897 0.112734 1 22 1.000000
 29 67.499489 -8.600739 88.092857 0.889609 -0.447761 -0.090029 0.785992 0.132738 1 22 1.000000
MarioHand_alb.png
 29 65.708694 -7.784027 85.178581 0.377571 -0.232740 -0.896255 0.746456 0.112993 1 22 1.000000
 29 66.922829 -8.371387 86.312271 0.722545 -0.405335 -0.560029 0.765164 0.123995 1 22 1.000000
 29 65.862915 -10.148905 86.482857 0.551560 -0.645203 -0.528673 0.758114 0.142000 1 22 1.000000
MarioHand_alb.png
 29 65.708694 -7.784027 85.178581 0.377571 -0.232740 -0.896255 0.746456 0.112993 1 22 1.000000
 29 67.635941 -6.825526 86.322128 0.786878 -0.276285 -0.551806 0.773022 0.105165 1 22 1.000000
 29 66.922829 -8.371387 86.312271 0.722545 -0.405335 -0.560029 0.765164 0.123995 1 22 1.000000
MarioHand_alb.png
 29 66.922829 -8.371387 86.312271 0.722545 -0.405335 -0.560029 0.765164 0.123995 1 22 1.000000
 29 67.499489 -8.600739 88.092857 0.889609 -0.447761 -0.090029 0.785992 0.132738 1 22 1.000000
 29 65.862915 -10.148905 86.482857 0.551560 -0.645203 -0.528673 0.758114 0.142000 1 22 1.000000
MarioHand_alb.png
 29 67.635941 -6.825526 86.322128 0.786878 -0.276285 -0.551806 0.773022 0.105165 1 22 1.000000
 29 67.499489 -8.600739 88.092857 0.889609 -0.447761 -0.090029 0.785992 0.132738 1 22 1.000000
 29 66.922829 -8.371387 86.312271 0.722545 -0.405335 -0.560029 0.765164 0.123995 1 22 1.000000
MarioHand_alb.png
 29 50.977901 13.337015 97.218842 -0.395582 0.912376 0.105285 0.552071 0.536172 1 22 1.000000
 29 49.153870 12.531140 96.311356 -0.187690 0.982226 0.002289 0.551141 0.566003 1 22 1.000000
 29 49.153870 11.830955 99.494179 -0.203318 0.898813 0.388325 0.509422 0.551141 1 22 1.000000
MarioHand_alb.png
 29 51.074528 12.312136 100.614471 -0.391377 0.812221 0.432574 0.506844 0.520638 1 22 1.000000
 29 50.977901 13.337015 97.218842 -0.395582 0.912376 0.105285 0.552071 0.536172 1 22 1.000000
 29 49.153870 11.830955 99.494179 -0.203318 0.898813 0.388325 0.509422 0.551141 1 22 1.000000
MarioHand_alb.png
 29 53.507767 14.288552 97.757835 -0.293339 0.944482 0.148005 0.561028 0.498756 1 22 1.000000
 29 50.977901 13.337015 97.218842 -0.395582 0.912376 0.105285 0.552071 0.536172 1 22 1.000000
 29 51.074528 12.312136 100.614471 -0.391377 0.812221 0.432574 0.506844 0.520638 1 22 1.000000
MarioHand_alb.png
 29 51.074528 12.312136 100.614471 -0.391377 0.812221 0.432574 0.506844 0.520638 1 22 1.000000
 29 49.153870 11.830955 99.494179 -0.203318 0.898813 0.388325 0.509422 0.551141 1 22 1.000000
 29 49.153870 9.935480 102.210899 -0.205224 0.661065 0.721717 0.463920 0.542000 1 22 1.000000
MarioHand_alb.png
 29 53.633217 13.012156 101.324135 -0.279985 0.831467 0.479865 0.512337 0.483894 1 22 1.000000
 29 53.507767 14.288552 97.757835 -0.293339 0.944482 0.148005 0.561028 0.498756 1 22 1.000000
 29 51.074528 12.312136 100.614471 -0.391377 0.812221 0.432574 0.506844 0.520638 1 22 1.000000
MarioHand_alb.png
 29 56.770218 15.020341 98.209000 -0.158315 0.977358 0.140385 0.570321 0.451881 1 22 1.000000
 29 53.507767 14.288552 97.757835 -0.293339 0.944482 0.148005 0.561028 0.498756 1 22 1.000000
 29 53.633217 13.012156 101.324135 -0.279985 0.831467 0.479865 0.512337 0.483894 1 22 1.000000
MarioHand_alb.png
 29 51.206535 10.250942 103.457214 -0.369565 0.561117 0.740655 0.460960 0.509667 1 22 1.000000
 29 51.074528 12.312136 100.614471 -0.391377 0.812221 0.432574 0.506844 0.520638 1 22 1.000000
 29 49.153870 9.935480 102.210899 -0.205224 0.661065 0.721717 0.463920 0.542000 1 22 1.000000
MarioHand_alb.png
 29 53.633217 13.012156 101.324135 -0.279985 0.831467 0.479865 0.512337 0.483894 1 22 1.000000
 29 51.074528 12.312136 100.614471 -0.391377 0.812221 0.432574 0.506844 0.520638 1 22 1.000000
 29 51.206535 10.250942 103.457214 -0.369565 0.561117 0.740655 0.460960 0.509667 1 22 1.000000
MarioHand_alb.png
 29 51.206535 10.250942 103.457214 -0.369565 0.561117 0.740655 0.460960 0.509667 1 22 1.000000
 29 49.153870 9.935480 102.210899 -0.205224 0.661065 0.721717 0.463920 0.542000 1 22 1.000000
 29 49.153873 7.049798 103.995399 -0.123233 0.326779 0.937032 0.415885 0.536736 1 22 1.000000
MarioHand_alb.png
 29 56.659893 13.640993 101.699409 -0.189593 0.826371 0.530251 0.520577 0.442542 1 22 1.000000
 29 56.770218 15.020341 98.209000 -0.158315 0.977358 0.140385 0.570321 0.451881 1 22 1.000000
 29 53.633217 13.012156 101.324135 -0.279985 0.831467 0.479865 0.512337 0.483894 1 22 1.000000
MarioHand_alb.png
 29 59.683899 15.299544 99.548050 -0.060655 0.974016 0.218207 0.570550 0.408133 1 22 1.000000
 29 56.770218 15.020341 98.209000 -0.158315 0.977358 0.140385 0.570321 0.451881 1 22 1.000000
 29 56.659893 13.640993 101.699409 -0.189593 0.826371 0.530251 0.520577 0.442542 1 22 1.000000
MarioHand_alb.png
 29 53.869514 10.703904 104.202827 -0.228484 0.551089 0.802556 0.464836 0.472633 1 22 1.000000
 29 53.633217 13.012156 101.324135 -0.279985 0.831467 0.479865 0.512337 0.483894 1 22 1.000000
 29 51.206535 10.250942 103.457214 -0.369565 0.561117 0.740655 0.460960 0.509667 1 22 1.000000
MarioHand_alb.png
 29 56.659893 13.640993 101.699409 -0.189593 0.826371 0.530251 0.520577 0.442542 1 22 1.000000
 29 53.633217 13.012156 101.324135 -0.279985 0.831467 0.479865 0.512337 0.483894 1 22 1.000000
 29 53.869514 10.703904 104.202827 -0.228484 0.551089 0.802556 0.464836 0.472633 1 22 1.000000
MarioHand_alb.png
 29 51.428913 7.090026 104.809433 -0.291348 0.240439 0.925908 0.414908 0.503975 1 22 1.000000
 29 51.206535 10.250942 103.457214 -0.369565 0.561117 0.740655 0.460960 0.509667 1 22 1.000000
 29 49.153873 7.049798 103.995399 -0.123233 0.326779 0.937032 0.415885 0.536736 1 22 1.000000
MarioHand_alb.png
 29 53.869514 10.703904 104.202827 -0.228484 0.551089 0.802556 0.464836 0.472633 1 22 1.000000
 29 51.206535 10.250942 103.457214 -0.369565 0.561117 0.740655 0.460960 0.509667 1 22 1.000000
 29 51.428913 7.090026 104.809433 -0.291348 0.240439 0.925908 0.414908 0.503975 1 22 1.000000
MarioHand_alb.png
 29 51.428913 7.090026 104.809433 -0.291348 0.240439 0.925908 0.414908 0.503975 1 22 1.000000
 29 49.153873 7.049798 103.995399 -0.123233 0.326779 0.937032 0.415885 0.536736 1 22 1.000000
 29 49.160122 3.669013 104.654579 -0.038902 0.003909 0.999235 0.367300 0.533974 1 22 1.000000
MarioHand_alb.png
 29 59.649704 13.875654 102.075699 -0.095750 0.786316 0.610360 0.524025 0.401785 1 22 1.000000
 29 59.683899 15.299544 99.548050 -0.060655 0.974016 0.218207 0.570550 0.408133 1 22 1.000000
 29 56.659893 13.640993 101.699409 -0.189593 0.826371 0.530251 0.520577 0.442542 1 22 1.000000
MarioHand_alb.png
 29 62.169304 14.995401 100.255173 0.162508 0.965127 0.205233 0.563638 0.365408 1 22 1.000000
 29 59.683899 15.299544 99.548050 -0.060655 0.974016 0.218207 0.570550 0.408133 1 22 1.000000
 29 59.649704 13.875654 102.075699 -0.095750 0.786316 0.610360 0.524025 0.401785 1 22 1.000000
MarioHand_alb.png
 29 56.790443 11.092913 104.456444 -0.111778 0.536858 0.836235 0.471458 0.433967 1 22 1.000000
 29 56.659893 13.640993 101.699409 -0.189593 0.826371 0.530251 0.520577 0.442542 1 22 1.000000
 29 53.869514 10.703904 104.202827 -0.228484 0.551089 0.802556 0.464836 0.472633 1 22 1.000000
MarioHand_alb.png
 29 59.649704 13.875654 102.075699 -0.095750 0.786316 0.610360 0.524025 0.401785 1 22 1.000000
 29 56.659893 13.640993 101.699409 -0.189593 0.826371 0.530251 0.520577 0.442542 1 22 1.000000
 29 56.790443 11.092913 104.456444 -0.111778 0.536858 0.836235 0.471458 0.433967 1 22 1.000000
MarioHand_alb.png
 29 62.834747 13.869514 102.464989 0.080487 0.755661 0.649998 0.523690 0.364019 1 22 1.000000
 29 62.169304 14.995401 100.255173 0.162508 0.965127 0.205233 0.563638 0.365408 1 22 1.000000
 29 59.649704 13.875654 102.075699 -0.095750 0.786316 0.610360 0.524025 0.401785 1 22 1.000000
MarioHand_alb.png
 29 62.834747 13.869514 102.464989 0.080487 0.755661 0.649998 0.523690 0.364019 1 22 1.000000
 29 64.139618 14.594780 99.891563 0.173951 0.982765 0.062561 0.558145 0.341192 1 22 1.000000
 29 62.169304 14.995401 100.255173 0.162508 0.965127 0.205233 0.563638 0.365408 1 22 1.000000
MarioHand_alb.png
 29 65.195686 13.740108 101.297272 0.326548 0.794529 0.511947 0.522744 0.337209 1 22 1.000000
 29 64.139618 14.594780 99.891563 0.173951 0.982765 0.062561 0.558145 0.341192 1 22 1.000000
 29 62.834747 13.869514 102.464989 0.080487 0.755661 0.649998 0.523690 0.364019 1 22 1.000000
MarioHand_alb.png
 29 62.834747 13.869514 102.464989 0.080487 0.755661 0.649998 0.523690 0.364019 1 22 1.000000
 29 59.649704 13.875654 102.075699 -0.095750 0.786316 0.610360 0.524025 0.401785 1 22 1.000000
 29 60.008335 11.418450 104.442001 0.000000 0.490985 0.871168 0.479072 0.391501 1 22 1.000000
MarioHand_alb.png
 29 60.008335 11.418450 104.442001 0.000000 0.490985 0.871168 0.479072 0.391501 1 22 1.000000
 29 59.649704 13.875654 102.075699 -0.095750 0.786316 0.610360 0.524025 0.401785 1 22 1.000000
 29 56.790443 11.092913 104.456444 -0.111778 0.536858 0.836235 0.471458 0.433967 1 22 1.000000
MarioHand_alb.png
 29 63.558723 11.578515 104.076927 0.209044 0.436494 0.875085 0.483955 0.355123 1 22 1.000000
 29 65.195686 13.740108 101.297272 0.326548 0.794529 0.511947 0.522744 0.337209 1 22 1.000000
 29 62.834747 13.869514 102.464989 0.080487 0.755661 0.649998 0.523690 0.364019 1 22 1.000000
MarioHand_alb.png
 29 63.558723 11.578515 104.076927 0.209044 0.436494 0.875085 0.483955 0.355123 1 22 1.000000
 29 62.834747 13.869514 102.464989 0.080487 0.755661 0.649998 0.523690 0.364019 1 22 1.000000
 29 60.008335 11.418450 104.442001 0.000000 0.490985 0.871168 0.479072 0.391501 1 22 1.000000
MarioHand_alb.png
 29 66.615639 11.758200 102.204674 0.534908 0.321440 0.781377 0.487724 0.329793 1 22 1.000000
 29 65.195686 13.740108 101.297272 0.326548 0.794529 0.511947 0.522744 0.337209 1 22 1.000000
 29 63.558723 11.578515 104.076927 0.209044 0.436494 0.875085 0.483955 0.355123 1 22 1.000000
MarioHand_alb.png
 29 66.615639 11.758200 102.204674 0.534908 0.321440 0.781377 0.487724 0.329793 1 22 1.000000
 29 63.558723 11.578515 104.076927 0.209044 0.436494 0.875085 0.483955 0.355123 1 22 1.000000
 29 66.725609 9.406266 102.185570 0.608804 0.242702 0.755284 0.457099 0.318410 1 22 1.000000
MarioHand_alb.png
 29 60.008335 11.418450 104.442001 0.000000 0.490985 0.871168 0.479072 0.391501 1 22 1.000000
 29 56.790443 11.092913 104.456444 -0.111778 0.536858 0.836235 0.471458 0.433967 1 22 1.000000
 29 57.260319 7.564303 105.729698 -0.072466 0.221022 0.972573 0.422675 0.424262 1 22 1.000000
MarioHand_alb.png
 29 63.558723 11.578515 104.076927 0.209044 0.436494 0.875085 0.483955 0.355123 1 22 1.000000
 29 64.182869 7.951479 105.064682 0.328849 0.248830 0.911011 0.432380 0.345754 1 22 1.000000
 29 66.725609 9.406266 102.185570 0.608804 0.242702 0.755284 0.457099 0.318410 1 22 1.000000
MarioHand_alb.png
 29 66.725609 9.406266 102.185570 0.608804 0.242702 0.755284 0.457099 0.318410 1 22 1.000000
 29 64.182869 7.951479 105.064682 0.328849 0.248830 0.911011 0.432380 0.345754 1 22 1.000000
 29 67.005157 6.402846 102.936790 0.688317 0.138980 0.711973 0.414572 0.310140 1 22 1.000000
MarioHand_alb.png
 29 63.558723 11.578515 104.076927 0.209044 0.436494 0.875085 0.483955 0.355123 1 22 1.000000
 29 60.008335 11.418450 104.442001 0.000000 0.490985 0.871168 0.479072 0.391501 1 22 1.000000
 29 60.365425 7.708312 105.732124 0.060666 0.238945 0.969136 0.427146 0.382696 1 22 1.000000
MarioHand_alb.png
 29 63.558723 11.578515 104.076927 0.209044 0.436494 0.875085 0.483955 0.355123 1 22 1.000000
 29 60.365425 7.708312 105.732124 0.060666 0.238945 0.969136 0.427146 0.382696 1 22 1.000000
 29 64.182869 7.951479 105.064682 0.328849 0.248830 0.911011 0.432380 0.345754 1 22 1.000000
MarioHand_alb.png
 29 60.008335 11.418450 104.442001 0.000000 0.490985 0.871168 0.479072 0.391501 1 22 1.000000
 29 57.260319 7.564303 105.729698 -0.072466 0.221022 0.972573 0.422675 0.424262 1 22 1.000000
 29 60.365425 7.708312 105.732124 0.060666 0.238945 0.969136 0.427146 0.382696 1 22 1.000000
MarioHand_alb.png
 29 64.182869 7.951479 105.064682 0.328849 0.248830 0.911011 0.432380 0.345754 1 22 1.000000
 29 64.463829 4.076598 105.563324 0.396619 0.070457 0.915275 0.380224 0.340810 1 22 1.000000
 29 67.005157 6.402846 102.936790 0.688317 0.138980 0.711973 0.414572 0.310140 1 22 1.000000
MarioHand_alb.png
 29 67.005157 6.402846 102.936790 0.688317 0.138980 0.711973 0.414572 0.310140 1 22 1.000000
 29 64.463829 4.076598 105.563324 0.396619 0.070457 0.915275 0.380224 0.340810 1 22 1.000000
 29 67.304153 3.243572 102.826469 0.715794 0.009777 0.698243 0.370718 0.305089 1 22 1.000000
MarioHand_alb.png
 29 64.463829 4.076598 105.563324 0.396619 0.070457 0.915275 0.380224 0.340810 1 22 1.000000
 29 67.189735 0.218869 102.806877 0.681299 -0.070524 0.728600 0.328939 0.303883 1 22 1.000000
 29 67.304153 3.243572 102.826469 0.715794 0.009777 0.698243 0.370718 0.305089 1 22 1.000000
MarioHand_alb.png
 29 60.365425 7.708312 105.732124 0.060666 0.238945 0.969136 0.427146 0.382696 1 22 1.000000
 29 61.433434 4.047698 106.390182 0.090049 0.068395 0.993586 0.378058 0.376608 1 22 1.000000
 29 64.182869 7.951479 105.064682 0.328849 0.248830 0.911011 0.432380 0.345754 1 22 1.000000
MarioHand_alb.png
 29 64.182869 7.951479 105.064682 0.328849 0.248830 0.911011 0.432380 0.345754 1 22 1.000000
 29 61.433434 4.047698 106.390182 0.090049 0.068395 0.993586 0.378058 0.376608 1 22 1.000000
 29 64.463829 4.076598 105.563324 0.396619 0.070457 0.915275 0.380224 0.340810 1 22 1.000000
MarioHand_alb.png
 29 64.463829 4.076598 105.563324 0.396619 0.070457 0.915275 0.380224 0.340810 1 22 1.000000
 29 64.053810 0.370789 105.680298 0.363844 -0.131042 0.922196 0.330449 0.340002 1 22 1.000000
 29 67.189735 0.218869 102.806877 0.681299 -0.070524 0.728600 0.328939 0.303883 1 22 1.000000
MarioHand_alb.png
 29 61.433434 4.047698 106.390182 0.090049 0.068395 0.993586 0.378058 0.376608 1 22 1.000000
 29 64.053810 0.370789 105.680298 0.363844 -0.131042 0.922196 0.330449 0.340002 1 22 1.000000
 29 64.463829 4.076598 105.563324 0.396619 0.070457 0.915275 0.380224 0.340810 1 22 1.000000
MarioHand_alb.png
 29 64.053810 0.370789 105.680298 0.363844 -0.131042 0.922196 0.330449 0.340002 1 22 1.000000
 29 64.544189 -2.581232 104.783112 0.343338 -0.277579 0.897256 0.290410 0.340825 1 22 1.000000
 29 67.189735 0.218869 102.806877 0.681299 -0.070524 0.728600 0.328939 0.303883 1 22 1.000000
MarioHand_alb.png
 29 67.189735 0.218869 102.806877 0.681299 -0.070524 0.728600 0.328939 0.303883 1 22 1.000000
 29 64.544189 -2.581232 104.783112 0.343338 -0.277579 0.897256 0.290410 0.340825 1 22 1.000000
 29 66.761520 -2.576787 102.853523 0.686560 -0.148564 0.711734 0.286763 0.302037 1 22 1.000000
MarioHand_alb.png
 29 66.761520 -2.576787 102.853523 0.686560 -0.148564 0.711734 0.286763 0.302037 1 22 1.000000
 29 64.544189 -2.581232 104.783112 0.343338 -0.277579 0.897256 0.290410 0.340825 1 22 1.000000
 29 66.577164 -5.208707 101.821541 0.639443 -0.395550 0.659282 0.247776 0.308751 1 22 1.000000
MarioHand_alb.png
 29 61.433434 4.047698 106.390182 0.090049 0.068395 0.993586 0.378058 0.376608 1 22 1.000000
 29 60.967918 0.522083 106.236847 0.054935 -0.132963 0.989597 0.331640 0.375402 1 22 1.000000
 29 64.053810 0.370789 105.680298 0.363844 -0.131042 0.922196 0.330449 0.340002 1 22 1.000000
MarioHand_alb.png
 29 64.544189 -2.581232 104.783112 0.343338 -0.277579 0.897256 0.290410 0.340825 1 22 1.000000
 29 63.582047 -5.299505 104.095276 0.228861 -0.469260 0.852888 0.250080 0.342580 1 22 1.000000
 29 66.577164 -5.208707 101.821541 0.639443 -0.395550 0.659282 0.247776 0.308751 1 22 1.000000
MarioHand_alb.png
 29 60.365425 7.708312 105.732124 0.060666 0.238945 0.969136 0.427146 0.382696 1 22 1.000000
 29 57.411522 3.917519 106.140877 -0.087739 0.031281 0.995652 0.374609 0.419944 1 22 1.000000
 29 61.433434 4.047698 106.390182 0.090049 0.068395 0.993586 0.378058 0.376608 1 22 1.000000
MarioHand_alb.png
 29 57.411522 3.917519 106.140877 -0.087739 0.031281 0.995652 0.374609 0.419944 1 22 1.000000
 29 60.967918 0.522083 106.236847 0.054935 -0.132963 0.989597 0.331640 0.375402 1 22 1.000000
 29 61.433434 4.047698 106.390182 0.090049 0.068395 0.993586 0.378058 0.376608 1 22 1.000000
MarioHand_alb.png
 29 60.365425 7.708312 105.732124 0.060666 0.238945 0.969136 0.427146 0.382696 1 22 1.000000
 29 57.260319 7.564303 105.729698 -0.072466 0.221022 0.972573 0.422675 0.424262 1 22 1.000000
 29 57.411522 3.917519 106.140877 -0.087739 0.031281 0.995652 0.374609 0.419944 1 22 1.000000
MarioHand_alb.png
 29 64.053810 0.370789 105.680298 0.363844 -0.131042 0.922196 0.330449 0.340002 1 22 1.000000
 29 60.412910 -2.383395 105.545792 0.029761 -0.291314 0.956165 0.291997 0.377310 1 22 1.000000
 29 64.544189 -2.581232 104.783112 0.343338 -0.277579 0.897256 0.290410 0.340825 1 22 1.000000
MarioHand_alb.png
 29 60.967918 0.522083 106.236847 0.054935 -0.132963 0.989597 0.331640 0.375402 1 22 1.000000
 29 60.412910 -2.383395 105.545792 0.029761 -0.291314 0.956165 0.291997 0.377310 1 22 1.000000
 29 64.053810 0.370789 105.680298 0.363844 -0.131042 0.922196 0.330449 0.340002 1 22 1.000000
MarioHand_alb.png
 29 64.544189 -2.581232 104.783112 0.343338 -0.277579 0.897256 0.290410 0.340825 1 22 1.000000
 29 60.412910 -2.383395 105.545792 0.029761 -0.291314 0.956165 0.291997 0.377310 1 22 1.000000
 29 63.582047 -5.299505 104.095276 0.228861 -0.469260 0.852888 0.250080 0.342580 1 22 1.000000
MarioHand_alb.png
 29 57.411522 3.917519 106.140877 -0.087739 0.031281 0.995652 0.374609 0.419944 1 22 1.000000
 29 57.442070 0.657047 105.916069 -0.113664 -0.131078 0.984835 0.331746 0.418189 1 22 1.000000
 29 60.967918 0.522083 106.236847 0.054935 -0.132963 0.989597 0.331640 0.375402 1 22 1.000000
MarioHand_alb.png
 29 60.967918 0.522083 106.236847 0.054935 -0.132963 0.989597 0.331640 0.375402 1 22 1.000000
 29 57.442070 0.657047 105.916069 -0.113664 -0.131078 0.984835 0.331746 0.418189 1 22 1.000000
 29 60.412910 -2.383395 105.545792 0.029761 -0.291314 0.956165 0.291997 0.377310 1 22 1.000000
MarioHand_alb.png
 29 57.260319 7.564303 105.729698 -0.072466 0.221022 0.972573 0.422675 0.424262 1 22 1.000000
 29 54.061317 7.393639 105.414925 -0.174007 0.215600 0.960853 0.418769 0.467338 1 22 1.000000
 29 57.411522 3.917519 106.140877 -0.087739 0.031281 0.995652 0.374609 0.419944 1 22 1.000000
MarioHand_alb.png
 29 56.790443 11.092913 104.456444 -0.111778 0.536858 0.836235 0.471458 0.433967 1 22 1.000000
 29 54.061317 7.393639 105.414925 -0.174007 0.215600 0.960853 0.418769 0.467338 1 22 1.000000
 29 57.260319 7.564303 105.729698 -0.072466 0.221022 0.972573 0.422675 0.424262 1 22 1.000000
MarioHand_alb.png
 29 56.790443 11.092913 104.456444 -0.111778 0.536858 0.836235 0.471458 0.433967 1 22 1.000000
 29 53.869514 10.703904 104.202827 -0.228484 0.551089 0.802556 0.464836 0.472633 1 22 1.000000
 29 54.061317 7.393639 105.414925 -0.174007 0.215600 0.960853 0.418769 0.467338 1 22 1.000000
MarioHand_alb.png
 29 53.869514 10.703904 104.202827 -0.228484 0.551089 0.802556 0.464836 0.472633 1 22 1.000000
 29 51.428913 7.090026 104.809433 -0.291348 0.240439 0.925908 0.414908 0.503975 1 22 1.000000
 29 54.061317 7.393639 105.414925 -0.174007 0.215600 0.960853 0.418769 0.467338 1 22 1.000000
MarioHand_alb.png
 29 57.411522 3.917519 106.140877 -0.087739 0.031281 0.995652 0.374609 0.419944 1 22 1.000000
 29 54.061317 7.393639 105.414925 -0.174007 0.215600 0.960853 0.418769 0.467338 1 22 1.000000
 29 54.173664 3.696593 105.728462 -0.160563 0.001907 0.987024 0.369955 0.464149 1 22 1.000000
MarioHand_alb.png
 29 54.061317 7.393639 105.414925 -0.174007 0.215600 0.960853 0.418769 0.467338 1 22 1.000000
 29 51.428913 7.090026 104.809433 -0.291348 0.240439 0.925908 0.414908 0.503975 1 22 1.000000
 29 54.173664 3.696593 105.728462 -0.160563 0.001907 0.987024 0.369955 0.464149 1 22 1.000000
MarioHand_alb.png
 29 57.411522 3.917519 106.140877 -0.087739 0.031281 0.995652 0.374609 0.419944 1 22 1.000000
 29 54.173664 3.696593 105.728462 -0.160563 0.001907 0.987024 0.369955 0.464149 1 22 1.000000
 29 57.442070 0.657047 105.916069 -0.113664 -0.131078 0.984835 0.331746 0.418189 1 22 1.000000
MarioHand_alb.png
 29 54.173664 3.696593 105.728462 -0.160563 0.001907 0.987024 0.369955 0.464149 1 22 1.000000
 29 51.428913 7.090026 104.809433 -0.291348 0.240439 0.925908 0.414908 0.503975 1 22 1.000000
 29 51.494305 3.598825 105.257225 -0.240728 -0.009776 0.970543 0.367361 0.501091 1 22 1.000000
MarioHand_alb.png
 29 51.428913 7.090026 104.809433 -0.291348 0.240439 0.925908 0.414908 0.503975 1 22 1.000000
 29 49.160122 3.669013 104.654579 -0.038902 0.003909 0.999235 0.367300 0.533974 1 22 1.000000
 29 51.494305 3.598825 105.257225 -0.240728 -0.009776 0.970543 0.367361 0.501091 1 22 1.000000
MarioHand_alb.png
 29 54.173664 3.696593 105.728462 -0.160563 0.001907 0.987024 0.369955 0.464149 1 22 1.000000
 29 54.250473 0.664012 105.425797 -0.172065 -0.154646 0.972871 0.329656 0.462028 1 22 1.000000
 29 57.442070 0.657047 105.916069 -0.113664 -0.131078 0.984835 0.331746 0.418189 1 22 1.000000
MarioHand_alb.png
 29 54.173664 3.696593 105.728462 -0.160563 0.001907 0.987024 0.369955 0.464149 1 22 1.000000
 29 51.494305 3.598825 105.257225 -0.240728 -0.009776 0.970543 0.367361 0.501091 1 22 1.000000
 29 54.250473 0.664012 105.425797 -0.172065 -0.154646 0.972871 0.329656 0.462028 1 22 1.000000
MarioHand_alb.png
 29 51.494305 3.598825 105.257225 -0.240728 -0.009776 0.970543 0.367361 0.501091 1 22 1.000000
 29 49.160122 3.669013 104.654579 -0.038902 0.003909 0.999235 0.367300 0.533974 1 22 1.000000
 29 51.566525 0.607700 104.789070 -0.240639 -0.193571 0.951117 0.326329 0.499443 1 22 1.000000
MarioHand_alb.png
 29 51.494305 3.598825 105.257225 -0.240728 -0.009776 0.970543 0.367361 0.501091 1 22 1.000000
 29 51.566525 0.607700 104.789070 -0.240639 -0.193571 0.951117 0.326329 0.499443 1 22 1.000000
 29 54.250473 0.664012 105.425797 -0.172065 -0.154646 0.972871 0.329656 0.462028 1 22 1.000000
MarioHand_alb.png
 29 49.160122 3.669013 104.654579 -0.038902 0.003909 0.999235 0.367300 0.533974 1 22 1.000000
 29 49.153866 0.288224 103.995399 0.049224 -0.305565 0.950898 0.318761 0.533455 1 22 1.000000
 29 51.566525 0.607700 104.789070 -0.240639 -0.193571 0.951117 0.326329 0.499443 1 22 1.000000
MarioHand_alb.png
 29 57.442070 0.657047 105.916069 -0.113664 -0.131078 0.984835 0.331746 0.418189 1 22 1.000000
 29 54.250473 0.664012 105.425797 -0.172065 -0.154646 0.972871 0.329656 0.462028 1 22 1.000000
 29 57.304020 -2.193831 105.318298 -0.140749 -0.289675 0.946720 0.293553 0.419318 1 22 1.000000
MarioHand_alb.png
 29 57.442070 0.657047 105.916069 -0.113664 -0.131078 0.984835 0.331746 0.418189 1 22 1.000000
 29 57.304020 -2.193831 105.318298 -0.140749 -0.289675 0.946720 0.293553 0.419318 1 22 1.000000
 29 60.412910 -2.383395 105.545792 0.029761 -0.291314 0.956165 0.291997 0.377310 1 22 1.000000
MarioHand_alb.png
 29 54.250473 0.664012 105.425797 -0.172065 -0.154646 0.972871 0.329656 0.462028 1 22 1.000000
 29 51.566525 0.607700 104.789070 -0.240639 -0.193571 0.951117 0.326329 0.499443 1 22 1.000000
 29 54.258968 -1.967412 104.733238 -0.219292 -0.307354 0.925983 0.293660 0.461326 1 22 1.000000
MarioHand_alb.png
 29 54.250473 0.664012 105.425797 -0.172065 -0.154646 0.972871 0.329656 0.462028 1 22 1.000000
 29 54.258968 -1.967412 104.733238 -0.219292 -0.307354 0.925983 0.293660 0.461326 1 22 1.000000
 29 57.304020 -2.193831 105.318298 -0.140749 -0.289675 0.946720 0.293553 0.419318 1 22 1.000000
MarioHand_alb.png
 29 51.566525 0.607700 104.789070 -0.240639 -0.193571 0.951117 0.326329 0.499443 1 22 1.000000
 29 49.153866 0.288224 103.995399 0.049224 -0.305565 0.950898 0.318761 0.533455 1 22 1.000000
 29 51.531204 -1.940191 103.899521 -0.346440 -0.424871 0.836340 0.289647 0.499779 1 22 1.000000
MarioHand_alb.png
 29 51.566525 0.607700 104.789070 -0.240639 -0.193571 0.951117 0.326329 0.499443 1 22 1.000000
 29 51.531204 -1.940191 103.899521 -0.346440 -0.424871 0.836340 0.289647 0.499779 1 22 1.000000
 29 54.258968 -1.967412 104.733238 -0.219292 -0.307354 0.925983 0.293660 0.461326 1 22 1.000000
MarioHand_alb.png
 29 49.153866 0.288224 103.995399 0.049224 -0.305565 0.950898 0.318761 0.533455 1 22 1.000000
 29 49.153862 -2.597459 102.210899 0.050729 -0.666508 0.743770 0.270665 0.536034 1 22 1.000000
 29 51.531204 -1.940191 103.899521 -0.346440 -0.424871 0.836340 0.289647 0.499779 1 22 1.000000
MarioHand_alb.png
 29 57.304020 -2.193831 105.318298 -0.140749 -0.289675 0.946720 0.293553 0.419318 1 22 1.000000
 29 60.286224 -5.224834 104.416504 -0.007628 -0.495056 0.868828 0.251514 0.379675 1 22 1.000000
 29 60.412910 -2.383395 105.545792 0.029761 -0.291314 0.956165 0.291997 0.377310 1 22 1.000000
MarioHand_alb.png
 29 60.286224 -5.224834 104.416504 -0.007628 -0.495056 0.868828 0.251514 0.379675 1 22 1.000000
 29 63.582047 -5.299505 104.095276 0.228861 -0.469260 0.852888 0.250080 0.342580 1 22 1.000000
 29 60.412910 -2.383395 105.545792 0.029761 -0.291314 0.956165 0.291997 0.377310 1 22 1.000000
MarioHand_alb.png
 29 57.304020 -2.193831 105.318298 -0.140749 -0.289675 0.946720 0.293553 0.419318 1 22 1.000000
 29 54.258968 -1.967412 104.733238 -0.219292 -0.307354 0.925983 0.293660 0.461326 1 22 1.000000
 29 56.996010 -5.040452 104.183273 -0.186184 -0.525456 0.830200 0.253574 0.423453 1 22 1.000000
MarioHand_alb.png
 29 57.304020 -2.193831 105.318298 -0.140749 -0.289675 0.946720 0.293553 0.419318 1 22 1.000000
 29 56.996010 -5.040452 104.183273 -0.186184 -0.525456 0.830200 0.253574 0.423453 1 22 1.000000
 29 60.286224 -5.224834 104.416504 -0.007628 -0.495056 0.868828 0.251514 0.379675 1 22 1.000000
MarioHand_alb.png
 29 54.258968 -1.967412 104.733238 -0.219292 -0.307354 0.925983 0.293660 0.461326 1 22 1.000000
 29 51.531204 -1.940191 103.899521 -0.346440 -0.424871 0.836340 0.289647 0.499779 1 22 1.000000
 29 54.218437 -4.587863 103.566360 -0.307512 -0.538624 0.784424 0.255756 0.461769 1 22 1.000000
MarioHand_alb.png
 29 54.258968 -1.967412 104.733238 -0.219292 -0.307354 0.925983 0.293660 0.461326 1 22 1.000000
 29 54.218437 -4.587863 103.566360 -0.307512 -0.538624 0.784424 0.255756 0.461769 1 22 1.000000
 29 56.996010 -5.040452 104.183273 -0.186184 -0.525456 0.830200 0.253574 0.423453 1 22 1.000000
MarioHand_alb.png
 29 51.531204 -1.940191 103.899521 -0.346440 -0.424871 0.836340 0.289647 0.499779 1 22 1.000000
 29 49.153862 -2.597459 102.210899 0.050729 -0.666508 0.743770 0.270665 0.536034 1 22 1.000000
 29 51.576797 -4.334665 102.283020 -0.450549 -0.624607 0.637864 0.250446 0.500832 1 22 1.000000
MarioHand_alb.png
 29 51.531204 -1.940191 103.899521 -0.346440 -0.424871 0.836340 0.289647 0.499779 1 22 1.000000
 29 51.576797 -4.334665 102.283020 -0.450549 -0.624607 0.637864 0.250446 0.500832 1 22 1.000000
 29 54.218437 -4.587863 103.566360 -0.307512 -0.538624 0.784424 0.255756 0.461769 1 22 1.000000
MarioHand_alb.png
 29 49.153862 -2.597459 102.210899 0.050729 -0.666508 0.743770 0.270665 0.536034 1 22 1.000000
 29 49.153862 -4.492933 99.494171 -0.033188 -0.895019 0.444792 0.224308 0.543908 1 22 1.000000
 29 51.576797 -4.334665 102.283020 -0.450549 -0.624607 0.637864 0.250446 0.500832 1 22 1.000000
MarioHand_alb.png
 29 56.996010 -5.040452 104.183273 -0.186184 -0.525456 0.830200 0.253574 0.423453 1 22 1.000000
 29 54.218437 -4.587863 103.566360 -0.307512 -0.538624 0.784424 0.255756 0.461769 1 22 1.000000
 29 56.542084 -7.441603 101.930939 -0.222785 -0.723764 0.653095 0.211231 0.432349 1 22 1.000000
MarioHand_alb.png
 29 51.576797 -4.334665 102.283020 -0.450549 -0.624607 0.637864 0.250446 0.500832 1 22 1.000000
 29 49.153862 -4.492933 99.494171 -0.033188 -0.895019 0.444792 0.224308 0.543908 1 22 1.000000
 29 51.084862 -5.996005 99.788780 -0.563841 -0.718821 0.406668 0.211322 0.512932 1 22 1.000000
MarioHand_alb.png
 29 54.218437 -4.587863 103.566360 -0.307512 -0.538624 0.784424 0.255756 0.461769 1 22 1.000000
 29 51.576797 -4.334665 102.283020 -0.450549 -0.624607 0.637864 0.250446 0.500832 1 22 1.000000
 29 53.649517 -6.697956 101.024269 -0.373451 -0.715431 0.590502 0.213260 0.473793 1 22 1.000000
MarioHand_alb.png
 29 51.576797 -4.334665 102.283020 -0.450549 -0.624607 0.637864 0.250446 0.500832 1 22 1.000000
 29 51.084862 -5.996005 99.788780 -0.563841 -0.718821 0.406668 0.211322 0.512932 1 22 1.000000
 29 53.649517 -6.697956 101.024269 -0.373451 -0.715431 0.590502 0.213260 0.473793 1 22 1.000000
MarioHand_alb.png
 29 54.218437 -4.587863 103.566360 -0.307512 -0.538624 0.784424 0.255756 0.461769 1 22 1.000000
 29 53.649517 -6.697956 101.024269 -0.373451 -0.715431 0.590502 0.213260 0.473793 1 22 1.000000
 29 56.542084 -7.441603 101.930939 -0.222785 -0.723764 0.653095 0.211231 0.432349 1 22 1.000000
MarioHand_alb.png
 29 49.153862 -4.492933 99.494171 -0.033188 -0.895019 0.444792 0.224308 0.543908 1 22 1.000000
 29 50.661953 -7.043684 95.723648 -0.723258 -0.686351 0.076293 0.158923 0.534676 1 22 1.000000
 29 51.084862 -5.996005 99.788780 -0.563841 -0.718821 0.406668 0.211322 0.512932 1 22 1.000000
MarioHand_alb.png
 29 49.153862 -4.492933 99.494171 -0.033188 -0.895019 0.444792 0.224308 0.543908 1 22 1.000000
 29 49.153862 -5.193117 96.311356 -0.091929 -0.995671 0.013732 0.181735 0.558999 1 22 1.000000
 29 50.661953 -7.043684 95.723648 -0.723258 -0.686351 0.076293 0.158923 0.534676 1 22 1.000000
MarioHand_alb.png
 29 50.661953 -7.043684 95.723648 -0.723258 -0.686351 0.076293 0.158923 0.534676 1 22 1.000000
 29 49.153862 -5.193117 96.311356 -0.091929 -0.995671 0.013732 0.181735 0.558999 1 22 1.000000
 29 49.153862 -4.494936 93.128540 -0.252534 -0.892451 -0.373841 0.146151 0.585962 1 22 1.000000
MarioHand_alb.png
 29 50.661953 -7.043684 95.723648 -0.723258 -0.686351 0.076293 0.158923 0.534676 1 22 1.000000
 29 49.153862 -4.494936 93.128540 -0.252534 -0.892451 -0.373841 0.146151 0.585962 1 22 1.000000
 29 50.563145 -6.706992 92.293129 -0.783126 -0.597262 -0.173180 0.119387 0.559411 1 22 1.000000
MarioHand_alb.png
 29 53.649517 -6.697956 101.024269 -0.373451 -0.715431 0.590502 0.213260 0.473793 1 22 1.000000
 29 51.084862 -5.996005 99.788780 -0.563841 -0.718821 0.406668 0.211322 0.512932 1 22 1.000000
 29 53.370789 -8.935120 97.471672 -0.467671 -0.818615 0.333397 0.162081 0.491920 1 22 1.000000
MarioHand_alb.png
 29 51.084862 -5.996005 99.788780 -0.563841 -0.718821 0.406668 0.211322 0.512932 1 22 1.000000
 29 50.661953 -7.043684 95.723648 -0.723258 -0.686351 0.076293 0.158923 0.534676 1 22 1.000000
 29 53.370789 -8.935120 97.471672 -0.467671 -0.818615 0.333397 0.162081 0.491920 1 22 1.000000
MarioHand_alb.png
 29 50.661953 -7.043684 95.723648 -0.723258 -0.686351 0.076293 0.158923 0.534676 1 22 1.000000
 29 50.563145 -6.706992 92.293129 -0.783126 -0.597262 -0.173180 0.119387 0.559411 1 22 1.000000
 29 52.979832 -9.323035 94.676865 -0.585559 -0.806431 0.082398 0.127489 0.507881 1 22 1.000000
MarioHand_alb.png
 29 53.370789 -8.935120 97.471672 -0.467671 -0.818615 0.333397 0.162081 0.491920 1 22 1.000000
 29 50.661953 -7.043684 95.723648 -0.723258 -0.686351 0.076293 0.158923 0.534676 1 22 1.000000
 29 52.979832 -9.323035 94.676865 -0.585559 -0.806431 0.082398 0.127489 0.507881 1 22 1.000000
MarioHand_alb.png
 29 52.979832 -9.323035 94.676865 -0.585559 -0.806431 0.082398 0.127489 0.507881 1 22 1.000000
 29 50.563145 -6.706992 92.293129 -0.783126 -0.597262 -0.173180 0.119387 0.559411 1 22 1.000000
 29 52.571678 -8.920264 91.286728 -0.669088 -0.713624 -0.207516 0.087922 0.533257 1 22 1.000000
MarioHand_alb.png
 29 53.649517 -6.697956 101.024269 -0.373451 -0.715431 0.590502 0.213260 0.473793 1 22 1.000000
 29 53.370789 -8.935120 97.471672 -0.467671 -0.818615 0.333397 0.162081 0.491920 1 22 1.000000
 29 56.052872 -8.766309 99.372955 -0.209423 -0.846751 0.489035 0.174701 0.444327 1 22 1.000000
MarioHand_alb.png
 29 56.542084 -7.441603 101.930939 -0.222785 -0.723764 0.653095 0.211231 0.432349 1 22 1.000000
 29 53.649517 -6.697956 101.024269 -0.373451 -0.715431 0.590502 0.213260 0.473793 1 22 1.000000
 29 56.052872 -8.766309 99.372955 -0.209423 -0.846751 0.489035 0.174701 0.444327 1 22 1.000000
MarioHand_alb.png
 29 53.370789 -8.935120 97.471672 -0.467671 -0.818615 0.333397 0.162081 0.491920 1 22 1.000000
 29 52.979832 -9.323035 94.676865 -0.585559 -0.806431 0.082398 0.127489 0.507881 1 22 1.000000
 29 56.801212 -10.798141 96.105385 -0.207147 -0.918907 0.335709 0.134386 0.459648 1 22 1.000000
MarioHand_alb.png
 29 56.052872 -8.766309 99.372955 -0.209423 -0.846751 0.489035 0.174701 0.444327 1 22 1.000000
 29 53.370789 -8.935120 97.471672 -0.467671 -0.818615 0.333397 0.162081 0.491920 1 22 1.000000
 29 56.801212 -10.798141 96.105385 -0.207147 -0.918907 0.335709 0.134386 0.459648 1 22 1.000000
MarioHand_alb.png
 29 52.979832 -9.323035 94.676865 -0.585559 -0.806431 0.082398 0.127489 0.507881 1 22 1.000000
 29 52.571678 -8.920264 91.286728 -0.669088 -0.713624 -0.207516 0.087922 0.533257 1 22 1.000000
 29 55.654327 -10.942556 93.708130 -0.389086 -0.914066 0.114437 0.100938 0.476234 1 22 1.000000
MarioHand_alb.png
 29 56.801212 -10.798141 96.105385 -0.207147 -0.918907 0.335709 0.134386 0.459648 1 22 1.000000
 29 52.979832 -9.323035 94.676865 -0.585559 -0.806431 0.082398 0.127489 0.507881 1 22 1.000000
 29 55.654327 -10.942556 93.708130 -0.389086 -0.914066 0.114437 0.100938 0.476234 1 22 1.000000
MarioHand_alb.png
 29 55.654327 -10.942556 93.708130 -0.389086 -0.914066 0.114437 0.100938 0.476234 1 22 1.000000
 29 52.571678 -8.920264 91.286728 -0.669088 -0.713624 -0.207516 0.087922 0.533257 1 22 1.000000
 29 55.138794 -10.757281 90.547424 -0.499319 -0.841576 -0.205984 0.063996 0.499779 1 22 1.000000
MarioHand_alb.png
 29 56.542084 -7.441603 101.930939 -0.222785 -0.723764 0.653095 0.211231 0.432349 1 22 1.000000
 29 56.052872 -8.766309 99.372955 -0.209423 -0.846751 0.489035 0.174701 0.444327 1 22 1.000000
 29 60.142281 -7.667165 102.443924 -0.019837 -0.753709 0.656909 0.209598 0.385321 1 22 1.000000
MarioHand_alb.png
 29 56.996010 -5.040452 104.183273 -0.186184 -0.525456 0.830200 0.253574 0.423453 1 22 1.000000
 29 56.542084 -7.441603 101.930939 -0.222785 -0.723764 0.653095 0.211231 0.432349 1 22 1.000000
 29 60.142281 -7.667165 102.443924 -0.019837 -0.753709 0.656909 0.209598 0.385321 1 22 1.000000
MarioHand_alb.png
 29 56.996010 -5.040452 104.183273 -0.186184 -0.525456 0.830200 0.253574 0.423453 1 22 1.000000
 29 60.142281 -7.667165 102.443924 -0.019837 -0.753709 0.656909 0.209598 0.385321 1 22 1.000000
 29 60.286224 -5.224834 104.416504 -0.007628 -0.495056 0.868828 0.251514 0.379675 1 22 1.000000
MarioHand_alb.png
 29 55.654327 -10.942556 93.708130 -0.389086 -0.914066 0.114437 0.100938 0.476234 1 22 1.000000
 29 55.138794 -10.757281 90.547424 -0.499319 -0.841576 -0.205984 0.063996 0.499779 1 22 1.000000
 29 59.713310 -12.530927 91.359222 -0.226977 -0.970662 0.079347 0.076204 0.446952 1 22 1.000000
MarioHand_alb.png
 29 59.713310 -12.530927 91.359222 -0.226977 -0.970662 0.079347 0.076204 0.446952 1 22 1.000000
 29 55.138794 -10.757281 90.547424 -0.499319 -0.841576 -0.205984 0.063996 0.499779 1 22 1.000000
 29 58.426064 -12.001369 89.220352 -0.377262 -0.897380 -0.228875 0.046311 0.466056 1 22 1.000000
MarioHand_alb.png
 29 61.706596 -12.426148 88.796524 0.017929 -0.965194 -0.260920 0.047776 0.428840 1 22 1.000000
 29 58.426064 -12.001369 89.220352 -0.377262 -0.897380 -0.228875 0.046311 0.466056 1 22 1.000000
 29 60.775162 -11.537031 87.138809 -0.188061 -0.780187 -0.596608 0.023697 0.441871 1 22 1.000000
MarioHand_alb.png
 29 59.713310 -12.530927 91.359222 -0.226977 -0.970662 0.079347 0.076204 0.446952 1 22 1.000000
 29 58.426064 -12.001369 89.220352 -0.377262 -0.897380 -0.228875 0.046311 0.466056 1 22 1.000000
 29 61.706596 -12.426148 88.796524 0.017929 -0.965194 -0.260920 0.047776 0.428840 1 22 1.000000
MarioHand_alb.png
 29 62.678635 -12.404466 90.348549 0.264367 -0.954373 0.138860 0.070771 0.417075 1 22 1.000000
 29 59.713310 -12.530927 91.359222 -0.226977 -0.970662 0.079347 0.076204 0.446952 1 22 1.000000
 29 61.706596 -12.426148 88.796524 0.017929 -0.965194 -0.260920 0.047776 0.428840 1 22 1.000000
MarioHand_alb.png
 29 60.696171 -12.161712 93.389069 0.098037 -0.927153 0.361630 0.103441 0.430396 1 22 1.000000
 29 55.654327 -10.942556 93.708130 -0.389086 -0.914066 0.114437 0.100938 0.476234 1 22 1.000000
 29 59.713310 -12.530927 91.359222 -0.226977 -0.970662 0.079347 0.076204 0.446952 1 22 1.000000
MarioHand_alb.png
 29 60.696171 -12.161712 93.389069 0.098037 -0.927153 0.361630 0.103441 0.430396 1 22 1.000000
 29 59.713310 -12.530927 91.359222 -0.226977 -0.970662 0.079347 0.076204 0.446952 1 22 1.000000
 29 62.678635 -12.404466 90.348549 0.264367 -0.954373 0.138860 0.070771 0.417075 1 22 1.000000
MarioHand_alb.png
 29 56.801212 -10.798141 96.105385 -0.207147 -0.918907 0.335709 0.134386 0.459648 1 22 1.000000
 29 55.654327 -10.942556 93.708130 -0.389086 -0.914066 0.114437 0.100938 0.476234 1 22 1.000000
 29 60.696171 -12.161712 93.389069 0.098037 -0.927153 0.361630 0.103441 0.430396 1 22 1.000000
MarioHand_alb.png
 29 60.696171 -12.161712 93.389069 0.098037 -0.927153 0.361630 0.103441 0.430396 1 22 1.000000
 29 62.678635 -12.404466 90.348549 0.264367 -0.954373 0.138860 0.070771 0.417075 1 22 1.000000
 29 62.554199 -11.462476 92.560478 0.485614 -0.679402 0.550083 0.092897 0.401892 1 22 1.000000
MarioHand_alb.png
 29 62.328304 -9.746504 94.077881 0.704900 -0.546317 0.452387 0.112230 0.383856 1 22 1.000000
 29 60.696171 -12.161712 93.389069 0.098037 -0.927153 0.361630 0.103441 0.430396 1 22 1.000000
 29 62.554199 -11.462476 92.560478 0.485614 -0.679402 0.550083 0.092897 0.401892 1 22 1.000000
MarioHand_alb.png
 29 59.235134 -9.313516 98.896729 0.125124 -0.895797 0.426488 0.159213 0.405127 1 22 1.000000
 29 56.801212 -10.798141 96.105385 -0.207147 -0.918907 0.335709 0.134386 0.459648 1 22 1.000000
 29 60.696171 -12.161712 93.389069 0.098037 -0.927153 0.361630 0.103441 0.430396 1 22 1.000000
MarioHand_alb.png
 29 59.235134 -9.313516 98.896729 0.125124 -0.895797 0.426488 0.159213 0.405127 1 22 1.000000
 29 60.696171 -12.161712 93.389069 0.098037 -0.927153 0.361630 0.103441 0.430396 1 22 1.000000
 29 62.328304 -9.746504 94.077881 0.704900 -0.546317 0.452387 0.112230 0.383856 1 22 1.000000
MarioHand_alb.png
 29 56.052872 -8.766309 99.372955 -0.209423 -0.846751 0.489035 0.174701 0.444327 1 22 1.000000
 29 56.801212 -10.798141 96.105385 -0.207147 -0.918907 0.335709 0.134386 0.459648 1 22 1.000000
 29 59.235134 -9.313516 98.896729 0.125124 -0.895797 0.426488 0.159213 0.405127 1 22 1.000000
MarioHand_alb.png
 29 60.142281 -7.667165 102.443924 -0.019837 -0.753709 0.656909 0.209598 0.385321 1 22 1.000000
 29 56.052872 -8.766309 99.372955 -0.209423 -0.846751 0.489035 0.174701 0.444327 1 22 1.000000
 29 59.235134 -9.313516 98.896729 0.125124 -0.895797 0.426488 0.159213 0.405127 1 22 1.000000
MarioHand_alb.png
 29 62.328304 -9.746504 94.077881 0.704900 -0.546317 0.452387 0.112230 0.383856 1 22 1.000000
 29 63.421745 -7.009660 93.355843 0.966915 0.156575 0.201393 0.100038 0.344030 1 22 1.000000
 29 63.917274 -7.066138 95.425652 0.979748 -0.179983 -0.087750 0.121752 0.337270 1 22 1.000000
MarioHand_alb.png
 29 62.379166 -8.478234 97.035263 0.580618 -0.798255 0.160223 0.141619 0.364279 1 22 1.000000
 29 62.328304 -9.746504 94.077881 0.704900 -0.546317 0.452387 0.112230 0.383856 1 22 1.000000
 29 63.917274 -7.066138 95.425652 0.979748 -0.179983 -0.087750 0.121752 0.337270 1 22 1.000000
MarioHand_alb.png
 29 59.235134 -9.313516 98.896729 0.125124 -0.895797 0.426488 0.159213 0.405127 1 22 1.000000
 29 62.328304 -9.746504 94.077881 0.704900 -0.546317 0.452387 0.112230 0.383856 1 22 1.000000
 29 62.379166 -8.478234 97.035263 0.580618 -0.798255 0.160223 0.141619 0.364279 1 22 1.000000
MarioHand_alb.png
 29 62.379166 -8.478234 97.035263 0.580618 -0.798255 0.160223 0.141619 0.364279 1 22 1.000000
 29 63.917274 -7.066138 95.425652 0.979748 -0.179983 -0.087750 0.121752 0.337270 1 22 1.000000
 29 64.076096 -7.215114 97.019485 0.029756 -0.889348 -0.456262 0.151095 0.315785 1 22 1.000000
MarioHand_alb.png
 29 62.460346 -8.186444 99.989723 0.239178 -0.951752 0.192258 0.176455 0.352682 1 22 1.000000
 29 59.235134 -9.313516 98.896729 0.125124 -0.895797 0.426488 0.159213 0.405127 1 22 1.000000
 29 62.379166 -8.478234 97.035263 0.580618 -0.798255 0.160223 0.141619 0.364279 1 22 1.000000
MarioHand_alb.png
 29 62.460346 -8.186444 99.989723 0.239178 -0.951752 0.192258 0.176455 0.352682 1 22 1.000000
 29 62.379166 -8.478234 97.035263 0.580618 -0.798255 0.160223 0.141619 0.364279 1 22 1.000000
 29 64.076096 -7.215114 97.019485 0.029756 -0.889348 -0.456262 0.151095 0.315785 1 22 1.000000
MarioHand_alb.png
 29 60.142281 -7.667165 102.443924 -0.019837 -0.753709 0.656909 0.209598 0.385321 1 22 1.000000
 29 59.235134 -9.313516 98.896729 0.125124 -0.895797 0.426488 0.159213 0.405127 1 22 1.000000
 29 62.460346 -8.186444 99.989723 0.239178 -0.951752 0.192258 0.176455 0.352682 1 22 1.000000
MarioHand_alb.png
 29 62.460346 -8.186444 99.989723 0.239178 -0.951752 0.192258 0.176455 0.352682 1 22 1.000000
 29 64.076096 -7.215114 97.019485 0.029756 -0.889348 -0.456262 0.151095 0.315785 1 22 1.000000
 29 64.676399 -7.714336 98.778946 0.133515 -0.989917 0.047302 0.182452 0.315709 1 22 1.000000
MarioHand_alb.png
 29 60.142281 -7.667165 102.443924 -0.019837 -0.753709 0.656909 0.209598 0.385321 1 22 1.000000
 29 62.460346 -8.186444 99.989723 0.239178 -0.951752 0.192258 0.176455 0.352682 1 22 1.000000
 29 63.370964 -7.374090 102.511276 0.212865 -0.793094 0.570692 0.214893 0.346059 1 22 1.000000
MarioHand_alb.png
 29 63.370964 -7.374090 102.511276 0.212865 -0.793094 0.570692 0.214893 0.346059 1 22 1.000000
 29 62.460346 -8.186444 99.989723 0.239178 -0.951752 0.192258 0.176455 0.352682 1 22 1.000000
 29 64.676399 -7.714336 98.778946 0.133515 -0.989917 0.047302 0.182452 0.315709 1 22 1.000000
MarioHand_alb.png
 29 60.286224 -5.224834 104.416504 -0.007628 -0.495056 0.868828 0.251514 0.379675 1 22 1.000000
 29 60.142281 -7.667165 102.443924 -0.019837 -0.753709 0.656909 0.209598 0.385321 1 22 1.000000
 29 63.370964 -7.374090 102.511276 0.212865 -0.793094 0.570692 0.214893 0.346059 1 22 1.000000
MarioHand_alb.png
 29 63.370964 -7.374090 102.511276 0.212865 -0.793094 0.570692 0.214893 0.346059 1 22 1.000000
 29 64.676399 -7.714336 98.778946 0.133515 -0.989917 0.047302 0.182452 0.315709 1 22 1.000000
 29 66.278290 -7.108444 100.535080 0.387564 -0.820807 0.419606 0.214389 0.313329 1 22 1.000000
MarioHand_alb.png
 29 60.286224 -5.224834 104.416504 -0.007628 -0.495056 0.868828 0.251514 0.379675 1 22 1.000000
 29 63.370964 -7.374090 102.511276 0.212865 -0.793094 0.570692 0.214893 0.346059 1 22 1.000000
 29 63.582047 -5.299505 104.095276 0.228861 -0.469260 0.852888 0.250080 0.342580 1 22 1.000000
MarioHand_alb.png
 29 66.577164 -5.208707 101.821541 0.639443 -0.395550 0.659282 0.247776 0.308751 1 22 1.000000
 29 63.370964 -7.374090 102.511276 0.212865 -0.793094 0.570692 0.214893 0.346059 1 22 1.000000
 29 66.278290 -7.108444 100.535080 0.387564 -0.820807 0.419606 0.214389 0.313329 1 22 1.000000
MarioHand_alb.png
 29 66.577164 -5.208707 101.821541 0.639443 -0.395550 0.659282 0.247776 0.308751 1 22 1.000000
 29 63.582047 -5.299505 104.095276 0.228861 -0.469260 0.852888 0.250080 0.342580 1 22 1.000000
 29 63.370964 -7.374090 102.511276 0.212865 -0.793094 0.570692 0.214893 0.346059 1 22 1.000000
MarioHand_alb.png
 29 49.153866 0.286232 88.627319 -0.031275 -0.266123 -0.963432 0.252018 0.893233 1 22 1.000000
 29 48.257687 3.474372 87.442894 0.324907 -0.003909 -0.945738 0.206943 0.908217 1 22 1.000000
 29 49.160374 3.667027 87.968140 0.133154 0.052818 -0.989687 0.206943 0.893233 1 22 1.000000
MarioHand_alb.png
 29 48.257687 -0.119253 88.143578 0.366204 -0.342634 -0.865157 0.252018 0.908217 1 22 1.000000
 29 48.257687 3.474372 87.442894 0.324907 -0.003909 -0.945738 0.206943 0.908217 1 22 1.000000
 29 49.153866 0.286232 88.627319 -0.031275 -0.266123 -0.963432 0.252018 0.893233 1 22 1.000000
MarioHand_alb.png
 29 49.153866 -2.599457 90.411804 -0.308965 -0.635096 -0.707951 0.293767 0.893233 1 22 1.000000
 29 48.257687 -0.119253 88.143578 0.366204 -0.342634 -0.865157 0.252018 0.908217 1 22 1.000000
 29 49.153866 0.286232 88.627319 -0.031275 -0.266123 -0.963432 0.252018 0.893233 1 22 1.000000
MarioHand_alb.png
 29 47.136063 3.405865 87.253021 -0.068644 -0.005816 -0.997624 0.206943 0.924254 1 22 1.000000
 29 48.257687 3.474372 87.442894 0.324907 -0.003909 -0.945738 0.206943 0.908217 1 22 1.000000
 29 48.257687 -0.119253 88.143578 0.366204 -0.342634 -0.865157 0.252018 0.908217 1 22 1.000000
MarioHand_alb.png
 29 49.153866 -2.599457 90.411804 -0.308965 -0.635096 -0.707951 0.293767 0.893233 1 22 1.000000
 29 48.257687 -3.186602 90.040405 0.403191 -0.630010 -0.663720 0.293767 0.908217 1 22 1.000000
 29 48.257687 -0.119253 88.143578 0.366204 -0.342634 -0.865157 0.252018 0.908217 1 22 1.000000
MarioHand_alb.png
 29 49.153862 -4.494936 93.128540 -0.252534 -0.892451 -0.373841 0.337987 0.893233 1 22 1.000000
 29 48.257687 -3.186602 90.040405 0.403191 -0.630010 -0.663720 0.293767 0.908217 1 22 1.000000
 29 49.153866 -2.599457 90.411804 -0.308965 -0.635096 -0.707951 0.293767 0.893233 1 22 1.000000
MarioHand_alb.png
 29 47.136063 3.405865 87.253021 -0.068644 -0.005816 -0.997624 0.206943 0.924254 1 22 1.000000
 29 48.257687 -0.119253 88.143578 0.366204 -0.342634 -0.865157 0.252018 0.908217 1 22 1.000000
 29 47.148880 -0.264701 87.968704 -0.068646 -0.367491 -0.927490 0.252018 0.924254 1 22 1.000000
MarioHand_alb.png
 29 48.257687 -3.186602 90.040405 0.403191 -0.630010 -0.663720 0.293767 0.908217 1 22 1.000000
 29 47.148880 -0.264701 87.968704 -0.068646 -0.367491 -0.927490 0.252018 0.924254 1 22 1.000000
 29 48.257687 -0.119253 88.143578 0.366204 -0.342634 -0.865157 0.252018 0.908217 1 22 1.000000
MarioHand_alb.png
 29 49.153862 -4.494936 93.128540 -0.252534 -0.892451 -0.373841 0.337987 0.893233 1 22 1.000000
 29 48.257683 -5.201406 92.928162 0.430318 -0.827065 -0.361650 0.337987 0.908217 1 22 1.000000
 29 48.257687 -3.186602 90.040405 0.403191 -0.630010 -0.663720 0.293767 0.908217 1 22 1.000000
MarioHand_alb.png
 29 49.153862 -5.193117 96.311356 -0.091929 -0.995671 0.013732 0.389715 0.893233 1 22 1.000000
 29 48.257683 -5.201406 92.928162 0.430318 -0.827065 -0.361650 0.337987 0.908217 1 22 1.000000
 29 49.153862 -4.494936 93.128540 -0.252534 -0.892451 -0.373841 0.337987 0.893233 1 22 1.000000
MarioHand_alb.png
 29 47.159805 -3.397723 89.906158 -0.068666 -0.688734 -0.721755 0.293767 0.924254 1 22 1.000000
 29 47.148880 -0.264701 87.968704 -0.068646 -0.367491 -0.927490 0.252018 0.924254 1 22 1.000000
 29 48.257687 -3.186602 90.040405 0.403191 -0.630010 -0.663720 0.293767 0.908217 1 22 1.000000
MarioHand_alb.png
 29 47.159805 -3.397723 89.906158 -0.068666 -0.688734 -0.721755 0.293767 0.924254 1 22 1.000000
 29 48.257687 -3.186602 90.040405 0.403191 -0.630010 -0.663720 0.293767 0.908217 1 22 1.000000
 29 48.257683 -5.201406 92.928162 0.430318 -0.827065 -0.361650 0.337987 0.908217 1 22 1.000000
MarioHand_alb.png
 29 45.830860 -0.058116 88.302704 -0.508090 -0.310650 -0.803331 0.252018 0.940383 1 22 1.000000
 29 47.136063 3.405865 87.253021 -0.068644 -0.005816 -0.997624 0.206943 0.924254 1 22 1.000000
 29 47.148880 -0.264701 87.968704 -0.068646 -0.367491 -0.927490 0.252018 0.924254 1 22 1.000000
MarioHand_alb.png
 29 45.830860 3.465494 87.615677 -0.505148 0.003911 -0.863024 0.206943 0.940383 1 22 1.000000
 29 47.136063 3.405865 87.253021 -0.068644 -0.005816 -0.997624 0.206943 0.924254 1 22 1.000000
 29 45.830860 -0.058116 88.302704 -0.508090 -0.310650 -0.803331 0.252018 0.940383 1 22 1.000000
MarioHand_alb.png
 29 45.018372 3.410859 88.582153 -0.992323 -0.003911 0.123611 0.206943 0.956008 1 22 1.000000
 29 45.830860 3.465494 87.615677 -0.505148 0.003911 -0.863024 0.206943 0.940383 1 22 1.000000
 29 45.830860 -0.058116 88.302704 -0.508090 -0.310650 -0.803331 0.252018 0.940383 1 22 1.000000
MarioHand_alb.png
 29 45.029301 0.278881 89.192825 -0.991780 0.045009 0.119777 0.252018 0.956008 1 22 1.000000
 29 45.018372 3.410859 88.582153 -0.992323 -0.003911 0.123611 0.206943 0.956008 1 22 1.000000
 29 45.830860 -0.058116 88.302704 -0.508090 -0.310650 -0.803331 0.252018 0.940383 1 22 1.000000
MarioHand_alb.png
 29 45.038631 -2.394428 90.845993 -0.992513 0.084180 0.088495 0.293767 0.956008 1 22 1.000000
 29 45.029301 0.278881 89.192825 -0.991780 0.045009 0.119777 0.252018 0.956008 1 22 1.000000
 29 45.830860 -0.058116 88.302704 -0.508090 -0.310650 -0.803331 0.252018 0.940383 1 22 1.000000
MarioHand_alb.png
 29 45.830860 -0.058116 88.302704 -0.508090 -0.310650 -0.803331 0.252018 0.940383 1 22 1.000000
 29 47.148880 -0.264701 87.968704 -0.068646 -0.367491 -0.927490 0.252018 0.924254 1 22 1.000000
 29 45.830860 -3.065701 90.162590 -0.515761 -0.586120 -0.624864 0.293767 0.940383 1 22 1.000000
MarioHand_alb.png
 29 45.038631 -2.394428 90.845993 -0.992513 0.084180 0.088495 0.293767 0.956008 1 22 1.000000
 29 45.830860 -0.058116 88.302704 -0.508090 -0.310650 -0.803331 0.252018 0.940383 1 22 1.000000
 29 45.830860 -3.065701 90.162590 -0.515761 -0.586120 -0.624864 0.293767 0.940383 1 22 1.000000
MarioHand_alb.png
 29 47.159805 -3.397723 89.906158 -0.068666 -0.688734 -0.721755 0.293767 0.924254 1 22 1.000000
 29 45.830860 -3.065701 90.162590 -0.515761 -0.586120 -0.624864 0.293767 0.940383 1 22 1.000000
 29 47.148880 -0.264701 87.968704 -0.068646 -0.367491 -0.927490 0.252018 0.924254 1 22 1.000000
MarioHand_alb.png
 29 45.044765 -4.150402 93.362770 -0.992556 0.111577 0.048827 0.337987 0.956008 1 22 1.000000
 29 45.038631 -2.394428 90.845993 -0.992513 0.084180 0.088495 0.293767 0.956008 1 22 1.000000
 29 45.830860 -3.065701 90.162590 -0.515761 -0.586120 -0.624864 0.293767 0.940383 1 22 1.000000
MarioHand_alb.png
 29 45.044765 -4.150402 93.362770 -0.992556 0.111577 0.048827 0.337987 0.956008 1 22 1.000000
 29 45.830860 -3.065701 90.162590 -0.515761 -0.586120 -0.624864 0.293767 0.940383 1 22 1.000000
 29 45.830856 -5.041247 92.994072 -0.524500 -0.778453 -0.344835 0.337987 0.940383 1 22 1.000000
MarioHand_alb.png
 29 45.830856 -5.041247 92.994072 -0.524500 -0.778453 -0.344835 0.337987 0.940383 1 22 1.000000
 29 45.830860 -3.065701 90.162590 -0.515761 -0.586120 -0.624864 0.293767 0.940383 1 22 1.000000
 29 47.159805 -3.397723 89.906158 -0.068666 -0.688734 -0.721755 0.293767 0.924254 1 22 1.000000
MarioHand_alb.png
 29 45.047020 -4.799056 96.311371 -0.993320 0.115391 0.000000 0.389715 0.956008 1 22 1.000000
 29 45.044765 -4.150402 93.362770 -0.992556 0.111577 0.048827 0.337987 0.956008 1 22 1.000000
 29 45.830856 -5.041247 92.994072 -0.524500 -0.778453 -0.344835 0.337987 0.940383 1 22 1.000000
MarioHand_alb.png
 29 47.166996 -5.455662 92.855721 -0.068663 -0.915036 -0.397485 0.337987 0.924254 1 22 1.000000
 29 45.830856 -5.041247 92.994072 -0.524500 -0.778453 -0.344835 0.337987 0.940383 1 22 1.000000
 29 47.159805 -3.397723 89.906158 -0.068666 -0.688734 -0.721755 0.293767 0.924254 1 22 1.000000
MarioHand_alb.png
 29 47.166996 -5.455662 92.855721 -0.068663 -0.915036 -0.397485 0.337987 0.924254 1 22 1.000000
 29 47.159805 -3.397723 89.906158 -0.068666 -0.688734 -0.721755 0.293767 0.924254 1 22 1.000000
 29 48.257683 -5.201406 92.928162 0.430318 -0.827065 -0.361650 0.337987 0.908217 1 22 1.000000
MarioHand_alb.png
 29 45.047020 -4.799056 96.311371 -0.993320 0.115391 0.000000 0.389715 0.956008 1 22 1.000000
 29 45.830856 -5.041247 92.994072 -0.524500 -0.778453 -0.344835 0.337987 0.940383 1 22 1.000000
 29 45.830856 -5.771013 96.311371 -0.526798 -0.849991 0.000000 0.389914 0.940383 1 22 1.000000
MarioHand_alb.png
 29 45.830856 -5.771013 96.311371 -0.526798 -0.849991 0.000000 0.389914 0.940383 1 22 1.000000
 29 45.830856 -5.041247 92.994072 -0.524500 -0.778453 -0.344835 0.337987 0.940383 1 22 1.000000
 29 47.166996 -5.455662 92.855721 -0.068663 -0.915036 -0.397485 0.337987 0.924254 1 22 1.000000
MarioHand_alb.png
 29 48.257683 -5.945670 96.311356 0.440219 -0.897890 0.000000 0.389914 0.908217 1 22 1.000000
 29 47.166996 -5.455662 92.855721 -0.068663 -0.915036 -0.397485 0.337987 0.924254 1 22 1.000000
 29 48.257683 -5.201406 92.928162 0.430318 -0.827065 -0.361650 0.337987 0.908217 1 22 1.000000
MarioHand_alb.png
 29 49.153862 -5.193117 96.311356 -0.091929 -0.995671 0.013732 0.389715 0.893233 1 22 1.000000
 29 48.257683 -5.945670 96.311356 0.440219 -0.897890 0.000000 0.389914 0.908217 1 22 1.000000
 29 48.257683 -5.201406 92.928162 0.430318 -0.827065 -0.361650 0.337987 0.908217 1 22 1.000000
MarioHand_alb.png
 29 45.830856 -5.771013 96.311371 -0.526798 -0.849991 0.000000 0.389914 0.940383 1 22 1.000000
 29 47.166996 -5.455662 92.855721 -0.068663 -0.915036 -0.397485 0.337987 0.924254 1 22 1.000000
 29 47.169643 -6.215860 96.311356 -0.068665 -0.997640 0.000000 0.389960 0.924254 1 22 1.000000
MarioHand_alb.png
 29 48.257683 -5.945670 96.311356 0.440219 -0.897890 0.000000 0.389914 0.908217 1 22 1.000000
 29 47.169643 -6.215860 96.311356 -0.068665 -0.997640 0.000000 0.389960 0.924254 1 22 1.000000
 29 47.166996 -5.455662 92.855721 -0.068663 -0.915036 -0.397485 0.337987 0.924254 1 22 1.000000
MarioHand_alb.png
 29 45.047020 -4.799056 96.311371 -0.993320 0.115391 0.000000 0.389715 0.956008 1 22 1.000000
 29 45.830856 -5.771013 96.311371 -0.526798 -0.849991 0.000000 0.389914 0.940383 1 22 1.000000
 29 45.830856 -5.041251 99.628654 -0.524500 -0.778453 0.344835 0.441459 0.940383 1 22 1.000000
MarioHand_alb.png
 29 45.044762 -4.150399 99.259949 -0.992556 0.111577 -0.048827 0.441459 0.956008 1 22 1.000000
 29 45.047020 -4.799056 96.311371 -0.993320 0.115391 0.000000 0.389715 0.956008 1 22 1.000000
 29 45.830856 -5.041251 99.628654 -0.524500 -0.778453 0.344835 0.441459 0.940383 1 22 1.000000
MarioHand_alb.png
 29 47.166996 -5.455664 99.766998 -0.068663 -0.915036 0.397485 0.441459 0.924254 1 22 1.000000
 29 45.830856 -5.771013 96.311371 -0.526798 -0.849991 0.000000 0.389914 0.940383 1 22 1.000000
 29 47.169643 -6.215860 96.311356 -0.068665 -0.997640 0.000000 0.389960 0.924254 1 22 1.000000
MarioHand_alb.png
 29 47.166996 -5.455664 99.766998 -0.068663 -0.915036 0.397485 0.441459 0.924254 1 22 1.000000
 29 47.169643 -6.215860 96.311356 -0.068665 -0.997640 0.000000 0.389960 0.924254 1 22 1.000000
 29 48.257683 -5.945670 96.311356 0.440219 -0.897890 0.000000 0.389914 0.908217 1 22 1.000000
MarioHand_alb.png
 29 45.830856 -5.041251 99.628654 -0.524500 -0.778453 0.344835 0.441459 0.940383 1 22 1.000000
 29 45.830856 -5.771013 96.311371 -0.526798 -0.849991 0.000000 0.389914 0.940383 1 22 1.000000
 29 47.166996 -5.455664 99.766998 -0.068663 -0.915036 0.397485 0.441459 0.924254 1 22 1.000000
MarioHand_alb.png
 29 48.257687 -5.201405 99.694565 0.430679 -0.826550 0.362396 0.441459 0.908217 1 22 1.000000
 29 48.257683 -5.945670 96.311356 0.440219 -0.897890 0.000000 0.389914 0.908217 1 22 1.000000
 29 49.153862 -5.193117 96.311356 -0.091929 -0.995671 0.013732 0.389715 0.893233 1 22 1.000000
MarioHand_alb.png
 29 48.257687 -5.201405 99.694565 0.430679 -0.826550 0.362396 0.441459 0.908217 1 22 1.000000
 29 47.166996 -5.455664 99.766998 -0.068663 -0.915036 0.397485 0.441459 0.924254 1 22 1.000000
 29 48.257683 -5.945670 96.311356 0.440219 -0.897890 0.000000 0.389914 0.908217 1 22 1.000000
MarioHand_alb.png
 29 49.153862 -4.492933 99.494171 -0.033188 -0.895019 0.444792 0.441459 0.893233 1 22 1.000000
 29 48.257687 -5.201405 99.694565 0.430679 -0.826550 0.362396 0.441459 0.908217 1 22 1.000000
 29 49.153862 -5.193117 96.311356 -0.091929 -0.995671 0.013732 0.389715 0.893233 1 22 1.000000
MarioHand_alb.png
 29 45.830856 -5.041251 99.628654 -0.524500 -0.778453 0.344835 0.441459 0.940383 1 22 1.000000
 29 47.166996 -5.455664 99.766998 -0.068663 -0.915036 0.397485 0.441459 0.924254 1 22 1.000000
 29 47.159809 -3.397721 102.716576 -0.068276 -0.688071 0.722424 0.488807 0.924254 1 22 1.000000
MarioHand_alb.png
 29 47.159809 -3.397721 102.716576 -0.068276 -0.688071 0.722424 0.488807 0.924254 1 22 1.000000
 29 47.166996 -5.455664 99.766998 -0.068663 -0.915036 0.397485 0.441459 0.924254 1 22 1.000000
 29 48.257687 -5.201405 99.694565 0.430679 -0.826550 0.362396 0.441459 0.908217 1 22 1.000000
MarioHand_alb.png
 29 45.830856 -3.065702 102.460129 -0.516969 -0.585786 0.624178 0.488807 0.940383 1 22 1.000000
 29 45.044762 -4.150399 99.259949 -0.992556 0.111577 -0.048827 0.441459 0.956008 1 22 1.000000
 29 45.830856 -5.041251 99.628654 -0.524500 -0.778453 0.344835 0.441459 0.940383 1 22 1.000000
MarioHand_alb.png
 29 45.830856 -3.065702 102.460129 -0.516969 -0.585786 0.624178 0.488807 0.940383 1 22 1.000000
 29 45.830856 -5.041251 99.628654 -0.524500 -0.778453 0.344835 0.441459 0.940383 1 22 1.000000
 29 47.159809 -3.397721 102.716576 -0.068276 -0.688071 0.722424 0.488807 0.924254 1 22 1.000000
MarioHand_alb.png
 29 45.038628 -2.394428 101.776726 -0.992519 0.084109 -0.088495 0.488807 0.956008 1 22 1.000000
 29 45.044762 -4.150399 99.259949 -0.992556 0.111577 -0.048827 0.441459 0.956008 1 22 1.000000
 29 45.830856 -3.065702 102.460129 -0.516969 -0.585786 0.624178 0.488807 0.940383 1 22 1.000000
MarioHand_alb.png
 29 48.257687 -3.186603 102.582321 0.403191 -0.630010 0.663720 0.488807 0.908217 1 22 1.000000
 29 48.257687 -5.201405 99.694565 0.430679 -0.826550 0.362396 0.441459 0.908217 1 22 1.000000
 29 49.153862 -4.492933 99.494171 -0.033188 -0.895019 0.444792 0.441459 0.893233 1 22 1.000000
MarioHand_alb.png
 29 47.159809 -3.397721 102.716576 -0.068276 -0.688071 0.722424 0.488807 0.924254 1 22 1.000000
 29 48.257687 -5.201405 99.694565 0.430679 -0.826550 0.362396 0.441459 0.908217 1 22 1.000000
 29 48.257687 -3.186603 102.582321 0.403191 -0.630010 0.663720 0.488807 0.908217 1 22 1.000000
MarioHand_alb.png
 29 49.153862 -2.597459 102.210899 0.050729 -0.666508 0.743770 0.488807 0.893233 1 22 1.000000
 29 48.257687 -3.186603 102.582321 0.403191 -0.630010 0.663720 0.488807 0.908217 1 22 1.000000
 29 49.153862 -4.492933 99.494171 -0.033188 -0.895019 0.444792 0.441459 0.893233 1 22 1.000000
MarioHand_alb.png
 29 45.830856 -3.065702 102.460129 -0.516969 -0.585786 0.624178 0.488807 0.940383 1 22 1.000000
 29 47.159809 -3.397721 102.716576 -0.068276 -0.688071 0.722424 0.488807 0.924254 1 22 1.000000
 29 47.148880 -0.264698 104.654007 -0.068302 -0.368199 0.927235 0.530831 0.924254 1 22 1.000000
MarioHand_alb.png
 29 47.148880 -0.264698 104.654007 -0.068302 -0.368199 0.927235 0.530831 0.924254 1 22 1.000000
 29 47.159809 -3.397721 102.716576 -0.068276 -0.688071 0.722424 0.488807 0.924254 1 22 1.000000
 29 48.257687 -3.186603 102.582321 0.403191 -0.630010 0.663720 0.488807 0.908217 1 22 1.000000
MarioHand_alb.png
 29 45.830860 -0.058114 104.320000 -0.508084 -0.310685 0.803322 0.530831 0.940383 1 22 1.000000
 29 45.038628 -2.394428 101.776726 -0.992519 0.084109 -0.088495 0.488807 0.956008 1 22 1.000000
 29 45.830856 -3.065702 102.460129 -0.516969 -0.585786 0.624178 0.488807 0.940383 1 22 1.000000
MarioHand_alb.png
 29 45.830860 -0.058114 104.320000 -0.508084 -0.310685 0.803322 0.530831 0.940383 1 22 1.000000
 29 45.830856 -3.065702 102.460129 -0.516969 -0.585786 0.624178 0.488807 0.940383 1 22 1.000000
 29 47.148880 -0.264698 104.654007 -0.068302 -0.368199 0.927235 0.530831 0.924254 1 22 1.000000
MarioHand_alb.png
 29 45.029301 0.278881 103.429871 -0.991780 0.045009 -0.119777 0.530831 0.956008 1 22 1.000000
 29 45.038628 -2.394428 101.776726 -0.992519 0.084109 -0.088495 0.488807 0.956008 1 22 1.000000
 29 45.830860 -0.058114 104.320000 -0.508084 -0.310685 0.803322 0.530831 0.940383 1 22 1.000000
MarioHand_alb.png
 29 45.018372 3.410861 104.040565 -0.992323 -0.003911 -0.123611 0.573602 0.956008 1 22 1.000000
 29 45.029301 0.278881 103.429871 -0.991780 0.045009 -0.119777 0.530831 0.956008 1 22 1.000000
 29 45.830860 -0.058114 104.320000 -0.508084 -0.310685 0.803322 0.530831 0.940383 1 22 1.000000
MarioHand_alb.png
 29 48.257690 -0.119251 104.479141 0.366213 -0.342567 0.865179 0.530831 0.908217 1 22 1.000000
 29 48.257687 -3.186603 102.582321 0.403191 -0.630010 0.663720 0.488807 0.908217 1 22 1.000000
 29 49.153862 -2.597459 102.210899 0.050729 -0.666508 0.743770 0.488807 0.893233 1 22 1.000000
MarioHand_alb.png
 29 47.148880 -0.264698 104.654007 -0.068302 -0.368199 0.927235 0.530831 0.924254 1 22 1.000000
 29 48.257687 -3.186603 102.582321 0.403191 -0.630010 0.663720 0.488807 0.908217 1 22 1.000000
 29 48.257690 -0.119251 104.479141 0.366213 -0.342567 0.865179 0.530831 0.908217 1 22 1.000000
MarioHand_alb.png
 29 49.153866 0.288224 103.995399 0.049224 -0.305565 0.950898 0.530831 0.893233 1 22 1.000000
 29 48.257690 -0.119251 104.479141 0.366213 -0.342567 0.865179 0.530831 0.908217 1 22 1.000000
 29 49.153862 -2.597459 102.210899 0.050729 -0.666508 0.743770 0.488807 0.893233 1 22 1.000000
MarioHand_alb.png
 29 45.830860 -0.058114 104.320000 -0.508084 -0.310685 0.803322 0.530831 0.940383 1 22 1.000000
 29 47.148880 -0.264698 104.654007 -0.068302 -0.368199 0.927235 0.530831 0.924254 1 22 1.000000
 29 47.136070 3.405865 105.369698 -0.068644 -0.005863 0.997624 0.573602 0.924254 1 22 1.000000
MarioHand_alb.png
 29 47.136070 3.405865 105.369698 -0.068644 -0.005863 0.997624 0.573602 0.924254 1 22 1.000000
 29 47.148880 -0.264698 104.654007 -0.068302 -0.368199 0.927235 0.530831 0.924254 1 22 1.000000
 29 48.257690 -0.119251 104.479141 0.366213 -0.342567 0.865179 0.530831 0.908217 1 22 1.000000
MarioHand_alb.png
 29 45.018372 3.410861 104.040565 -0.992323 -0.003911 -0.123611 0.573602 0.956008 1 22 1.000000
 29 45.830860 -0.058114 104.320000 -0.508084 -0.310685 0.803322 0.530831 0.940383 1 22 1.000000
 29 45.830860 3.465495 105.007050 -0.505148 0.003911 0.863024 0.573602 0.940383 1 22 1.000000
MarioHand_alb.png
 29 45.830860 3.465495 105.007050 -0.505148 0.003911 0.863024 0.573602 0.940383 1 22 1.000000
 29 45.830860 -0.058114 104.320000 -0.508084 -0.310685 0.803322 0.530831 0.940383 1 22 1.000000
 29 47.136070 3.405865 105.369698 -0.068644 -0.005863 0.997624 0.573602 0.924254 1 22 1.000000
MarioHand_alb.png
 29 45.007439 6.542836 103.429871 -0.992211 -0.050927 -0.113679 0.622583 0.956008 1 22 1.000000
 29 45.018372 3.410861 104.040565 -0.992323 -0.003911 -0.123611 0.573602 0.956008 1 22 1.000000
 29 45.830860 3.465495 105.007050 -0.505148 0.003911 0.863024 0.573602 0.940383 1 22 1.000000
MarioHand_alb.png
 29 48.257690 3.474375 105.179825 0.325141 -0.003912 0.945657 0.573602 0.908217 1 22 1.000000
 29 48.257690 -0.119251 104.479141 0.366213 -0.342567 0.865179 0.530831 0.908217 1 22 1.000000
 29 49.153866 0.288224 103.995399 0.049224 -0.305565 0.950898 0.530831 0.893233 1 22 1.000000
MarioHand_alb.png
 29 47.136070 3.405865 105.369698 -0.068644 -0.005863 0.997624 0.573602 0.924254 1 22 1.000000
 29 48.257690 -0.119251 104.479141 0.366213 -0.342567 0.865179 0.530831 0.908217 1 22 1.000000
 29 48.257690 3.474375 105.179825 0.325141 -0.003912 0.945657 0.573602 0.908217 1 22 1.000000
MarioHand_alb.png
 29 49.160122 3.669013 104.654579 -0.038902 0.003909 0.999235 0.573602 0.893233 1 22 1.000000
 29 48.257690 3.474375 105.179825 0.325141 -0.003912 0.945657 0.573602 0.908217 1 22 1.000000
 29 49.153866 0.288224 103.995399 0.049224 -0.305565 0.950898 0.530831 0.893233 1 22 1.000000
MarioHand_alb.png
 29 45.830860 3.465495 105.007050 -0.505148 0.003911 0.863024 0.573602 0.940383 1 22 1.000000
 29 47.136070 3.405865 105.369698 -0.068644 -0.005863 0.997624 0.573602 0.924254 1 22 1.000000
 29 47.123257 7.076429 104.654007 -0.070587 0.358180 0.930981 0.622583 0.924254 1 22 1.000000
MarioHand_alb.png
 29 47.123257 7.076429 104.654007 -0.070587 0.358180 0.930981 0.622583 0.924254 1 22 1.000000
 29 47.136070 3.405865 105.369698 -0.068644 -0.005863 0.997624 0.573602 0.924254 1 22 1.000000
 29 48.257690 3.474375 105.179825 0.325141 -0.003912 0.945657 0.573602 0.908217 1 22 1.000000
MarioHand_alb.png
 29 45.007439 6.542836 103.429871 -0.992211 -0.050927 -0.113679 0.622583 0.956008 1 22 1.000000
 29 45.830860 3.465495 105.007050 -0.505148 0.003911 0.863024 0.573602 0.940383 1 22 1.000000
 29 45.830864 6.989101 104.320000 -0.506600 0.316816 0.801863 0.622583 0.940383 1 22 1.000000
MarioHand_alb.png
 29 45.830860 3.465495 105.007050 -0.505148 0.003911 0.863024 0.573602 0.940383 1 22 1.000000
 29 47.123257 7.076429 104.654007 -0.070587 0.358180 0.930981 0.622583 0.924254 1 22 1.000000
 29 45.830864 6.989101 104.320000 -0.506600 0.316816 0.801863 0.622583 0.940383 1 22 1.000000
MarioHand_alb.png
 29 45.007439 6.542836 103.429871 -0.992211 -0.050927 -0.113679 0.622583 0.956008 1 22 1.000000
 29 45.830864 6.989101 104.320000 -0.506600 0.316816 0.801863 0.622583 0.940383 1 22 1.000000
 29 44.998108 9.216144 101.776726 -0.993510 -0.082220 -0.078596 0.669917 0.956008 1 22 1.000000
MarioHand_alb.png
 29 48.257694 7.067998 104.479141 0.285746 0.344497 0.894243 0.622583 0.908217 1 22 1.000000
 29 48.257690 3.474375 105.179825 0.325141 -0.003912 0.945657 0.573602 0.908217 1 22 1.000000
 29 49.160122 3.669013 104.654579 -0.038902 0.003909 0.999235 0.573602 0.893233 1 22 1.000000
MarioHand_alb.png
 29 47.123257 7.076429 104.654007 -0.070587 0.358180 0.930981 0.622583 0.924254 1 22 1.000000
 29 48.257690 3.474375 105.179825 0.325141 -0.003912 0.945657 0.573602 0.908217 1 22 1.000000
 29 48.257694 7.067998 104.479141 0.285746 0.344497 0.894243 0.622583 0.908217 1 22 1.000000
MarioHand_alb.png
 29 48.257694 7.067998 104.479141 0.285746 0.344497 0.894243 0.622583 0.908217 1 22 1.000000
 29 49.160122 3.669013 104.654579 -0.038902 0.003909 0.999235 0.573602 0.893233 1 22 1.000000
 29 49.153873 7.049798 103.995399 -0.123233 0.326779 0.937032 0.622583 0.893233 1 22 1.000000
MarioHand_alb.png
 29 45.830864 6.989101 104.320000 -0.506600 0.316816 0.801863 0.622583 0.940383 1 22 1.000000
 29 47.123257 7.076429 104.654007 -0.070587 0.358180 0.930981 0.622583 0.924254 1 22 1.000000
 29 47.112324 10.209453 102.716576 -0.072478 0.681101 0.728593 0.669917 0.924254 1 22 1.000000
MarioHand_alb.png
 29 47.123257 7.076429 104.654007 -0.070587 0.358180 0.930981 0.622583 0.924254 1 22 1.000000
 29 48.257694 7.067998 104.479141 0.285746 0.344497 0.894243 0.622583 0.908217 1 22 1.000000
 29 47.112324 10.209453 102.716576 -0.072478 0.681101 0.728593 0.669917 0.924254 1 22 1.000000
MarioHand_alb.png
 29 45.830864 6.989101 104.320000 -0.506600 0.316816 0.801863 0.622583 0.940383 1 22 1.000000
 29 45.830864 9.996692 102.460129 -0.513122 0.591616 0.621850 0.669917 0.940383 1 22 1.000000
 29 44.998108 9.216144 101.776726 -0.993510 -0.082220 -0.078596 0.669917 0.956008 1 22 1.000000
MarioHand_alb.png
 29 45.830864 6.989101 104.320000 -0.506600 0.316816 0.801863 0.622583 0.940383 1 22 1.000000
 29 47.112324 10.209453 102.716576 -0.072478 0.681101 0.728593 0.669917 0.924254 1 22 1.000000
 29 45.830864 9.996692 102.460129 -0.513122 0.591616 0.621850 0.669917 0.940383 1 22 1.000000
MarioHand_alb.png
 29 44.998108 9.216144 101.776726 -0.993510 -0.082220 -0.078596 0.669917 0.956008 1 22 1.000000
 29 45.830864 9.996692 102.460129 -0.513122 0.591616 0.621850 0.669917 0.940383 1 22 1.000000
 29 44.991978 10.972116 99.259949 -0.993758 -0.103667 -0.041200 0.710567 0.956008 1 22 1.000000
MarioHand_alb.png
 29 48.257694 7.067998 104.479141 0.285746 0.344497 0.894243 0.622583 0.908217 1 22 1.000000
 29 49.153873 7.049798 103.995399 -0.123233 0.326779 0.937032 0.622583 0.893233 1 22 1.000000
 29 48.257694 10.135349 102.582314 0.256351 0.659664 0.706490 0.669917 0.908217 1 22 1.000000
MarioHand_alb.png
 29 47.112324 10.209453 102.716576 -0.072478 0.681101 0.728593 0.669917 0.924254 1 22 1.000000
 29 48.257694 7.067998 104.479141 0.285746 0.344497 0.894243 0.622583 0.908217 1 22 1.000000
 29 48.257694 10.135349 102.582314 0.256351 0.659664 0.706490 0.669917 0.908217 1 22 1.000000
MarioHand_alb.png
 29 48.257694 10.135349 102.582314 0.256351 0.659664 0.706490 0.669917 0.908217 1 22 1.000000
 29 49.153873 7.049798 103.995399 -0.123233 0.326779 0.937032 0.622583 0.893233 1 22 1.000000
 29 49.153870 9.935480 102.210899 -0.205224 0.661065 0.721717 0.669917 0.893233 1 22 1.000000
MarioHand_alb.png
 29 47.112324 10.209453 102.716576 -0.072478 0.681101 0.728593 0.669917 0.924254 1 22 1.000000
 29 47.105137 12.267390 99.766998 -0.076294 0.912090 0.402830 0.710567 0.924254 1 22 1.000000
 29 45.830864 9.996692 102.460129 -0.513122 0.591616 0.621850 0.669917 0.940383 1 22 1.000000
MarioHand_alb.png
 29 47.112324 10.209453 102.716576 -0.072478 0.681101 0.728593 0.669917 0.924254 1 22 1.000000
 29 48.257694 10.135349 102.582314 0.256351 0.659664 0.706490 0.669917 0.908217 1 22 1.000000
 29 47.105137 12.267390 99.766998 -0.076294 0.912090 0.402830 0.710567 0.924254 1 22 1.000000
MarioHand_alb.png
 29 45.830864 9.996692 102.460129 -0.513122 0.591616 0.621850 0.669917 0.940383 1 22 1.000000
 29 45.830864 11.972239 99.628647 -0.518803 0.783259 0.342563 0.710567 0.940383 1 22 1.000000
 29 44.991978 10.972116 99.259949 -0.993758 -0.103667 -0.041200 0.710567 0.956008 1 22 1.000000
MarioHand_alb.png
 29 45.830864 9.996692 102.460129 -0.513122 0.591616 0.621850 0.669917 0.940383 1 22 1.000000
 29 47.105137 12.267390 99.766998 -0.076294 0.912090 0.402830 0.710567 0.924254 1 22 1.000000
 29 45.830864 11.972239 99.628647 -0.518803 0.783259 0.342563 0.710567 0.940383 1 22 1.000000
MarioHand_alb.png
 29 44.991978 10.972116 99.259949 -0.993758 -0.103667 -0.041200 0.710567 0.956008 1 22 1.000000
 29 45.830864 11.972239 99.628647 -0.518803 0.783259 0.342563 0.710567 0.940383 1 22 1.000000
 29 44.989716 11.620769 96.311356 -0.994601 -0.103771 0.000000 0.755230 0.956008 1 22 1.000000
MarioHand_alb.png
 29 48.257694 10.135349 102.582314 0.256351 0.659664 0.706490 0.669917 0.908217 1 22 1.000000
 29 49.153870 9.935480 102.210899 -0.205224 0.661065 0.721717 0.669917 0.893233 1 22 1.000000
 29 48.257694 12.150150 99.694565 0.234981 0.888712 0.393669 0.710567 0.908217 1 22 1.000000
MarioHand_alb.png
 29 47.105137 12.267390 99.766998 -0.076294 0.912090 0.402830 0.710567 0.924254 1 22 1.000000
 29 48.257694 10.135349 102.582314 0.256351 0.659664 0.706490 0.669917 0.908217 1 22 1.000000
 29 48.257694 12.150150 99.694565 0.234981 0.888712 0.393669 0.710567 0.908217 1 22 1.000000
MarioHand_alb.png
 29 48.257694 12.150150 99.694565 0.234981 0.888712 0.393669 0.710567 0.908217 1 22 1.000000
 29 49.153870 9.935480 102.210899 -0.205224 0.661065 0.721717 0.669917 0.893233 1 22 1.000000
 29 49.153870 11.830955 99.494179 -0.203318 0.898813 0.388325 0.710567 0.893233 1 22 1.000000
MarioHand_alb.png
 29 47.105137 12.267390 99.766998 -0.076294 0.912090 0.402830 0.710567 0.924254 1 22 1.000000
 29 47.102489 13.027592 96.311356 -0.076295 0.997085 0.000000 0.755230 0.924254 1 22 1.000000
 29 45.830864 11.972239 99.628647 -0.518803 0.783259 0.342563 0.710567 0.940383 1 22 1.000000
MarioHand_alb.png
 29 47.105137 12.267390 99.766998 -0.076294 0.912090 0.402830 0.710567 0.924254 1 22 1.000000
 29 48.257694 12.150150 99.694565 0.234981 0.888712 0.393669 0.710567 0.908217 1 22 1.000000
 29 47.102489 13.027592 96.311356 -0.076295 0.997085 0.000000 0.755230 0.924254 1 22 1.000000
MarioHand_alb.png
 29 45.830864 11.972239 99.628647 -0.518803 0.783259 0.342563 0.710567 0.940383 1 22 1.000000
 29 45.830864 12.701998 96.311356 -0.522245 0.852796 0.000000 0.755230 0.940383 1 22 1.000000
 29 44.989716 11.620769 96.311356 -0.994601 -0.103771 0.000000 0.755230 0.956008 1 22 1.000000
MarioHand_alb.png
 29 45.830864 11.972239 99.628647 -0.518803 0.783259 0.342563 0.710567 0.940383 1 22 1.000000
 29 47.102489 13.027592 96.311356 -0.076295 0.997085 0.000000 0.755230 0.924254 1 22 1.000000
 29 45.830864 12.701998 96.311356 -0.522245 0.852796 0.000000 0.755230 0.940383 1 22 1.000000
MarioHand_alb.png
 29 44.989716 11.620769 96.311356 -0.994601 -0.103771 0.000000 0.755230 0.956008 1 22 1.000000
 29 45.830864 12.701998 96.311356 -0.522245 0.852796 0.000000 0.755230 0.940383 1 22 1.000000
 29 45.830864 11.972238 92.994072 -0.518784 0.782943 -0.343313 0.799878 0.940383 1 22 1.000000
MarioHand_alb.png
 29 45.830864 12.701998 96.311356 -0.522245 0.852796 0.000000 0.755230 0.940383 1 22 1.000000
 29 47.102489 13.027592 96.311356 -0.076295 0.997085 0.000000 0.755230 0.924254 1 22 1.000000
 29 45.830864 11.972238 92.994072 -0.518784 0.782943 -0.343313 0.799878 0.940383 1 22 1.000000
MarioHand_alb.png
 29 44.989716 11.620769 96.311356 -0.994601 -0.103771 0.000000 0.755230 0.956008 1 22 1.000000
 29 45.830864 11.972238 92.994072 -0.518784 0.782943 -0.343313 0.799878 0.940383 1 22 1.000000
 29 44.991978 10.972115 93.362762 -0.993789 -0.103671 0.040438 0.799878 0.956008 1 22 1.000000
MarioHand_alb.png
 29 48.257694 12.150150 99.694565 0.234981 0.888712 0.393669 0.710567 0.908217 1 22 1.000000
 29 49.153870 11.830955 99.494179 -0.203318 0.898813 0.388325 0.710567 0.893233 1 22 1.000000
 29 48.257698 12.894416 96.311356 0.229273 0.973362 0.000000 0.755230 0.908217 1 22 1.000000
MarioHand_alb.png
 29 48.257694 12.150150 99.694565 0.234981 0.888712 0.393669 0.710567 0.908217 1 22 1.000000
 29 48.257698 12.894416 96.311356 0.229273 0.973362 0.000000 0.755230 0.908217 1 22 1.000000
 29 47.102489 13.027592 96.311356 -0.076295 0.997085 0.000000 0.755230 0.924254 1 22 1.000000
MarioHand_alb.png
 29 49.153870 11.830955 99.494179 -0.203318 0.898813 0.388325 0.710567 0.893233 1 22 1.000000
 29 49.153870 12.531140 96.311356 -0.187690 0.982226 0.002289 0.755230 0.893233 1 22 1.000000
 29 48.257698 12.894416 96.311356 0.229273 0.973362 0.000000 0.755230 0.908217 1 22 1.000000
MarioHand_alb.png
 29 49.153870 12.531140 96.311356 -0.187690 0.982226 0.002289 0.755230 0.893233 1 22 1.000000
 29 49.153870 11.828990 93.128517 -0.125119 0.922085 -0.366202 0.799878 0.893233 1 22 1.000000
 29 48.257698 12.894416 96.311356 0.229273 0.973362 0.000000 0.755230 0.908217 1 22 1.000000
MarioHand_alb.png
 29 49.153870 11.828990 93.128517 -0.125119 0.922085 -0.366202 0.799878 0.893233 1 22 1.000000
 29 48.257694 12.150149 92.928146 0.234992 0.889039 -0.392924 0.799878 0.908217 1 22 1.000000
 29 48.257698 12.894416 96.311356 0.229273 0.973362 0.000000 0.755230 0.908217 1 22 1.000000
MarioHand_alb.png
 29 48.257698 12.894416 96.311356 0.229273 0.973362 0.000000 0.755230 0.908217 1 22 1.000000
 29 48.257694 12.150149 92.928146 0.234992 0.889039 -0.392924 0.799878 0.908217 1 22 1.000000
 29 47.102489 13.027592 96.311356 -0.076295 0.997085 0.000000 0.755230 0.924254 1 22 1.000000
MarioHand_alb.png
 29 49.153870 11.828990 93.128517 -0.125119 0.922085 -0.366202 0.799878 0.893233 1 22 1.000000
 29 49.153870 9.933512 90.411804 -0.052646 0.667900 -0.742387 0.844251 0.893233 1 22 1.000000
 29 48.257694 12.150149 92.928146 0.234992 0.889039 -0.392924 0.799878 0.908217 1 22 1.000000
MarioHand_alb.png
 29 48.257694 12.150149 92.928146 0.234992 0.889039 -0.392924 0.799878 0.908217 1 22 1.000000
 29 47.105133 12.267389 92.855728 -0.076293 0.911415 -0.404353 0.799878 0.924254 1 22 1.000000
 29 47.102489 13.027592 96.311356 -0.076295 0.997085 0.000000 0.755230 0.924254 1 22 1.000000
MarioHand_alb.png
 29 45.830864 11.972238 92.994072 -0.518784 0.782943 -0.343313 0.799878 0.940383 1 22 1.000000
 29 47.102489 13.027592 96.311356 -0.076295 0.997085 0.000000 0.755230 0.924254 1 22 1.000000
 29 47.105133 12.267389 92.855728 -0.076293 0.911415 -0.404353 0.799878 0.924254 1 22 1.000000
MarioHand_alb.png
 29 49.153870 9.933512 90.411804 -0.052646 0.667900 -0.742387 0.844251 0.893233 1 22 1.000000
 29 48.257694 10.135345 90.040405 0.256351 0.659664 -0.706490 0.844251 0.908217 1 22 1.000000
 29 48.257694 12.150149 92.928146 0.234992 0.889039 -0.392924 0.799878 0.908217 1 22 1.000000
MarioHand_alb.png
 29 48.257694 12.150149 92.928146 0.234992 0.889039 -0.392924 0.799878 0.908217 1 22 1.000000
 29 48.257694 10.135345 90.040405 0.256351 0.659664 -0.706490 0.844251 0.908217 1 22 1.000000
 29 47.105133 12.267389 92.855728 -0.076293 0.911415 -0.404353 0.799878 0.924254 1 22 1.000000
MarioHand_alb.png
 29 49.153870 9.933512 90.411804 -0.052646 0.667900 -0.742387 0.844251 0.893233 1 22 1.000000
 29 49.153870 7.047823 88.627319 0.090013 0.279859 -0.955812 0.886946 0.893233 1 22 1.000000
 29 48.257694 10.135345 90.040405 0.256351 0.659664 -0.706490 0.844251 0.908217 1 22 1.000000
MarioHand_alb.png
 29 45.830864 11.972238 92.994072 -0.518784 0.782943 -0.343313 0.799878 0.940383 1 22 1.000000
 29 47.105133 12.267389 92.855728 -0.076293 0.911415 -0.404353 0.799878 0.924254 1 22 1.000000
 29 45.830864 9.996689 90.162590 -0.513023 0.591025 -0.622493 0.844251 0.940383 1 22 1.000000
MarioHand_alb.png
 29 45.830864 11.972238 92.994072 -0.518784 0.782943 -0.343313 0.799878 0.940383 1 22 1.000000
 29 45.830864 9.996689 90.162590 -0.513023 0.591025 -0.622493 0.844251 0.940383 1 22 1.000000
 29 44.991978 10.972115 93.362762 -0.993789 -0.103671 0.040438 0.799878 0.956008 1 22 1.000000
MarioHand_alb.png
 29 44.991978 10.972115 93.362762 -0.993789 -0.103671 0.040438 0.799878 0.956008 1 22 1.000000
 29 45.830864 9.996689 90.162590 -0.513023 0.591025 -0.622493 0.844251 0.940383 1 22 1.000000
 29 44.998104 9.216145 90.845993 -0.993510 -0.082220 0.078596 0.844251 0.956008 1 22 1.000000
MarioHand_alb.png
 29 47.105133 12.267389 92.855728 -0.076293 0.911415 -0.404353 0.799878 0.924254 1 22 1.000000
 29 48.257694 10.135345 90.040405 0.256351 0.659664 -0.706490 0.844251 0.908217 1 22 1.000000
 29 47.112320 10.209452 89.906151 -0.072478 0.681101 -0.728593 0.844251 0.924254 1 22 1.000000
MarioHand_alb.png
 29 45.830864 9.996689 90.162590 -0.513023 0.591025 -0.622493 0.844251 0.940383 1 22 1.000000
 29 47.105133 12.267389 92.855728 -0.076293 0.911415 -0.404353 0.799878 0.924254 1 22 1.000000
 29 47.112320 10.209452 89.906151 -0.072478 0.681101 -0.728593 0.844251 0.924254 1 22 1.000000
MarioHand_alb.png
 29 49.153870 7.047823 88.627319 0.090013 0.279859 -0.955812 0.886946 0.893233 1 22 1.000000
 29 48.257694 7.067995 88.143578 0.285736 0.344581 -0.894214 0.886946 0.908217 1 22 1.000000
 29 48.257694 10.135345 90.040405 0.256351 0.659664 -0.706490 0.844251 0.908217 1 22 1.000000
MarioHand_alb.png
 29 48.257694 7.067995 88.143578 0.285736 0.344581 -0.894214 0.886946 0.908217 1 22 1.000000
 29 47.112320 10.209452 89.906151 -0.072478 0.681101 -0.728593 0.844251 0.924254 1 22 1.000000
 29 48.257694 10.135345 90.040405 0.256351 0.659664 -0.706490 0.844251 0.908217 1 22 1.000000
MarioHand_alb.png
 29 49.153870 7.047823 88.627319 0.090013 0.279859 -0.955812 0.886946 0.893233 1 22 1.000000
 29 49.160374 3.667027 87.968140 0.133154 0.052818 -0.989687 0.930816 0.893233 1 22 1.000000
 29 48.257694 7.067995 88.143578 0.285736 0.344581 -0.894214 0.886946 0.908217 1 22 1.000000
MarioHand_alb.png
 29 48.257687 3.474372 87.442894 0.324907 -0.003909 -0.945738 0.930816 0.908217 1 22 1.000000
 29 48.257694 7.067995 88.143578 0.285736 0.344581 -0.894214 0.886946 0.908217 1 22 1.000000
 29 49.160374 3.667027 87.968140 0.133154 0.052818 -0.989687 0.930816 0.893233 1 22 1.000000
MarioHand_alb.png
 29 45.830864 9.996689 90.162590 -0.513023 0.591025 -0.622493 0.844251 0.940383 1 22 1.000000
 29 45.830864 6.989100 88.302719 -0.506332 0.316791 -0.802042 0.886946 0.940383 1 22 1.000000
 29 44.998104 9.216145 90.845993 -0.993510 -0.082220 0.078596 0.844251 0.956008 1 22 1.000000
MarioHand_alb.png
 29 45.830864 9.996689 90.162590 -0.513023 0.591025 -0.622493 0.844251 0.940383 1 22 1.000000
 29 47.112320 10.209452 89.906151 -0.072478 0.681101 -0.728593 0.844251 0.924254 1 22 1.000000
 29 45.830864 6.989100 88.302719 -0.506332 0.316791 -0.802042 0.886946 0.940383 1 22 1.000000
MarioHand_alb.png
 29 44.998104 9.216145 90.845993 -0.993510 -0.082220 0.078596 0.844251 0.956008 1 22 1.000000
 29 45.830864 6.989100 88.302719 -0.506332 0.316791 -0.802042 0.886946 0.940383 1 22 1.000000
 29 45.007439 6.542838 89.192825 -0.992211 -0.050927 0.113679 0.886946 0.956008 1 22 1.000000
MarioHand_alb.png
 29 47.123253 7.076427 87.968712 -0.070209 0.358106 -0.931037 0.886946 0.924254 1 22 1.000000
 29 47.112320 10.209452 89.906151 -0.072478 0.681101 -0.728593 0.844251 0.924254 1 22 1.000000
 29 48.257694 7.067995 88.143578 0.285736 0.344581 -0.894214 0.886946 0.908217 1 22 1.000000
MarioHand_alb.png
 29 47.123253 7.076427 87.968712 -0.070209 0.358106 -0.931037 0.886946 0.924254 1 22 1.000000
 29 48.257694 7.067995 88.143578 0.285736 0.344581 -0.894214 0.886946 0.908217 1 22 1.000000
 29 48.257687 3.474372 87.442894 0.324907 -0.003909 -0.945738 0.930816 0.908217 1 22 1.000000
MarioHand_alb.png
 29 45.830864 6.989100 88.302719 -0.506332 0.316791 -0.802042 0.886946 0.940383 1 22 1.000000
 29 47.112320 10.209452 89.906151 -0.072478 0.681101 -0.728593 0.844251 0.924254 1 22 1.000000
 29 47.123253 7.076427 87.968712 -0.070209 0.358106 -0.931037 0.886946 0.924254 1 22 1.000000
MarioHand_alb.png
 29 47.136063 3.405865 87.253021 -0.068644 -0.005816 -0.997624 0.930816 0.924254 1 22 1.000000
 29 47.123253 7.076427 87.968712 -0.070209 0.358106 -0.931037 0.886946 0.924254 1 22 1.000000
 29 48.257687 3.474372 87.442894 0.324907 -0.003909 -0.945738 0.930816 0.908217 1 22 1.000000
MarioHand_alb.png
 29 45.830860 3.465494 87.615677 -0.505148 0.003911 -0.863024 0.930816 0.940383 1 22 1.000000
 29 47.123253 7.076427 87.968712 -0.070209 0.358106 -0.931037 0.886946 0.924254 1 22 1.000000
 29 47.136063 3.405865 87.253021 -0.068644 -0.005816 -0.997624 0.930816 0.924254 1 22 1.000000
MarioHand_alb.png
 29 45.830864 6.989100 88.302719 -0.506332 0.316791 -0.802042 0.886946 0.940383 1 22 1.000000
 29 47.123253 7.076427 87.968712 -0.070209 0.358106 -0.931037 0.886946 0.924254 1 22 1.000000
 29 45.830860 3.465494 87.615677 -0.505148 0.003911 -0.863024 0.930816 0.940383 1 22 1.000000
MarioHand_alb.png
 29 45.830864 6.989100 88.302719 -0.506332 0.316791 -0.802042 0.886946 0.940383 1 22 1.000000
 29 45.830860 3.465494 87.615677 -0.505148 0.003911 -0.863024 0.930816 0.940383 1 22 1.000000
 29 45.007439 6.542838 89.192825 -0.992211 -0.050927 0.113679 0.886946 0.956008 1 22 1.000000
MarioHand_alb.png
 29 45.007439 6.542838 89.192825 -0.992211 -0.050927 0.113679 0.886946 0.956008 1 22 1.000000
 29 45.830860 3.465494 87.615677 -0.505148 0.003911 -0.863024 0.930816 0.940383 1 22 1.000000
 29 45.018372 3.410859 88.582153 -0.992323 -0.003911 0.123611 0.930816 0.956008 1 22 1.000000
MarioHand_alb.png
 29 60.233948 9.442625 105.190674 0.328812 0.710169 0.622530 0.073045 0.920958 1 22 1.000000
 29 59.581917 9.085223 105.977348 0.283370 0.320460 0.903885 0.064149 0.912490 1 22 1.000000
 29 60.578278 8.872711 105.413612 0.494798 0.293560 0.817923 0.077577 0.912490 1 22 1.000000
MarioHand_alb.png
 29 59.581917 9.085223 105.977348 0.283370 0.320460 0.903885 0.064149 0.912490 1 22 1.000000
 29 60.227821 8.297356 105.613190 0.315042 -0.152563 0.936735 0.073045 0.904021 1 22 1.000000
 29 60.578278 8.872711 105.413612 0.494798 0.293560 0.817923 0.077577 0.912490 1 22 1.000000
MarioHand_alb.png
 29 59.581917 9.085223 105.977348 0.283370 0.320460 0.903885 0.064149 0.912490 1 22 1.000000
 29 58.097836 8.378485 106.178528 -0.060664 -0.276230 0.959175 0.043687 0.902281 1 22 1.000000
 29 59.188789 7.835011 105.740517 0.196064 -0.299341 0.933785 0.060639 0.897826 1 22 1.000000
MarioHand_alb.png
 29 59.581917 9.085223 105.977348 0.283370 0.320460 0.903885 0.064149 0.912490 1 22 1.000000
 29 59.193581 9.887636 105.002914 0.205227 0.822147 0.530996 0.060639 0.927169 1 22 1.000000
 29 58.105400 9.768345 105.667931 -0.046539 0.826156 0.561516 0.043687 0.922713 1 22 1.000000
MarioHand_alb.png
 29 59.581917 9.085223 105.977348 0.283370 0.320460 0.903885 0.064149 0.912490 1 22 1.000000
 29 58.088375 9.196757 106.258774 -0.062962 0.341042 0.937937 0.043687 0.912490 1 22 1.000000
 29 58.097836 8.378485 106.178528 -0.060664 -0.276230 0.959175 0.043687 0.902281 1 22 1.000000
MarioHand_alb.png
 29 59.581917 9.085223 105.977348 0.283370 0.320460 0.903885 0.064149 0.912490 1 22 1.000000
 29 58.105400 9.768345 105.667931 -0.046539 0.826156 0.561516 0.043687 0.922713 1 22 1.000000
 29 58.088375 9.196757 106.258774 -0.062962 0.341042 0.937937 0.043687 0.912490 1 22 1.000000
MarioHand_alb.png
 29 58.097836 8.378485 106.178528 -0.060664 -0.276230 0.959175 0.043687 0.902281 1 22 1.000000
 29 58.088375 9.196757 106.258774 -0.062962 0.341042 0.937937 0.043687 0.912490 1 22 1.000000
 29 56.621323 9.061601 105.869118 -0.402886 0.311225 0.860710 0.023239 0.912490 1 22 1.000000
MarioHand_alb.png
 29 58.105400 9.768345 105.667931 -0.046539 0.826156 0.561516 0.043687 0.922713 1 22 1.000000
 29 56.621323 9.061601 105.869118 -0.402886 0.311225 0.860710 0.023239 0.912490 1 22 1.000000
 29 58.088375 9.196757 106.258774 -0.062962 0.341042 0.937937 0.043687 0.912490 1 22 1.000000
MarioHand_alb.png
 29 58.097836 8.378485 106.178528 -0.060664 -0.276230 0.959175 0.043687 0.902281 1 22 1.000000
 29 56.621323 9.061601 105.869118 -0.402886 0.311225 0.860710 0.023239 0.912490 1 22 1.000000
 29 57.057014 7.818653 105.644974 -0.305187 -0.316917 0.898011 0.026749 0.897826 1 22 1.000000
MarioHand_alb.png
 29 58.105400 9.768345 105.667931 -0.046539 0.826156 0.561516 0.043687 0.922713 1 22 1.000000
 29 57.061813 9.871284 104.907379 -0.291809 0.819734 0.492832 0.026749 0.927169 1 22 1.000000
 29 56.621323 9.061601 105.869118 -0.402886 0.311225 0.860710 0.023239 0.912490 1 22 1.000000
MarioHand_alb.png
 29 56.621323 9.061601 105.869118 -0.402886 0.311225 0.860710 0.023239 0.912490 1 22 1.000000
 29 55.672310 8.833571 105.234245 -0.600412 0.279703 0.749180 0.009812 0.912490 1 22 1.000000
 29 56.016651 8.263659 105.457199 -0.418575 -0.170177 0.892096 0.014343 0.904021 1 22 1.000000
MarioHand_alb.png
 29 56.621323 9.061601 105.869118 -0.402886 0.311225 0.860710 0.023239 0.912490 1 22 1.000000
 29 56.022778 9.408927 105.034691 -0.418478 0.704680 0.572976 0.014343 0.920958 1 22 1.000000
 29 55.672310 8.833571 105.234245 -0.600412 0.279703 0.749180 0.009812 0.912490 1 22 1.000000
MarioHand_alb.png
 29 65.725281 -2.281155 97.768684 -0.312807 -0.872497 -0.375368 0.079576 0.244602 1 22 1.000000
 29 62.848106 -2.209622 97.792397 0.402802 0.236589 -0.884181 0.072404 0.280751 1 22 1.000000
 29 64.311890 0.637884 97.824921 0.512605 0.099701 -0.852816 0.031403 0.268055 1 22 1.000000
MarioHand_alb.png
 29 65.435951 0.508018 97.394501 -0.682941 0.176279 -0.708885 0.040955 0.237339 1 22 1.000000
 29 65.725281 -2.281155 97.768684 -0.312807 -0.872497 -0.375368 0.079576 0.244602 1 22 1.000000
 29 64.311890 0.637884 97.824921 0.512605 0.099701 -0.852816 0.031403 0.268055 1 22 1.000000
MarioHand_alb.png
 29 64.686569 -2.411322 99.685646 -0.389856 0.913152 0.119017 0.108888 0.283192 1 22 1.000000
 29 62.848106 -2.209622 97.792397 0.402802 0.236589 -0.884181 0.072404 0.280751 1 22 1.000000
 29 65.725281 -2.281155 97.768684 -0.312807 -0.872497 -0.375368 0.079576 0.244602 1 22 1.000000
MarioHand_alb.png
 29 66.255814 -2.086545 95.903160 -0.632452 -0.770681 -0.077817 0.083787 0.206149 1 22 1.000000
 29 65.725281 -2.281155 97.768684 -0.312807 -0.872497 -0.375368 0.079576 0.244602 1 22 1.000000
 29 65.435951 0.508018 97.394501 -0.682941 0.176279 -0.708885 0.040955 0.237339 1 22 1.000000
MarioHand_alb.png
 29 65.554138 0.488667 95.665260 -0.993180 0.107553 -0.045006 0.047181 0.199695 1 22 1.000000
 29 66.255814 -2.086545 95.903160 -0.632452 -0.770681 -0.077817 0.083787 0.206149 1 22 1.000000
 29 65.435951 0.508018 97.394501 -0.682941 0.176279 -0.708885 0.040955 0.237339 1 22 1.000000
MarioHand_alb.png
 29 64.686569 -2.411322 99.685646 -0.389856 0.913152 0.119017 0.108888 0.283192 1 22 1.000000
 29 65.725281 -2.281155 97.768684 -0.312807 -0.872497 -0.375368 0.079576 0.244602 1 22 1.000000
 29 67.762672 -2.529420 99.764725 -0.013733 -0.999485 -0.028992 0.117159 0.246723 1 22 1.000000
MarioHand_alb.png
 29 65.998322 -1.897869 94.235771 -0.704969 -0.709105 -0.013733 0.088670 0.171633 1 22 1.000000
 29 66.255814 -2.086545 95.903160 -0.632452 -0.770681 -0.077817 0.083787 0.206149 1 22 1.000000
 29 65.554138 0.488667 95.665260 -0.993180 0.107553 -0.045006 0.047181 0.199695 1 22 1.000000
MarioHand_alb.png
 29 65.485458 0.540297 94.421593 -0.995282 0.091854 0.031269 0.053422 0.164736 1 22 1.000000
 29 65.998322 -1.897869 94.235771 -0.704969 -0.709105 -0.013733 0.088670 0.171633 1 22 1.000000
 29 65.554138 0.488667 95.665260 -0.993180 0.107553 -0.045006 0.047181 0.199695 1 22 1.000000
MarioHand_alb.png
 29 65.776825 0.585018 93.608475 -0.911824 0.090014 0.400592 0.062165 0.125048 1 22 1.000000
 29 65.998322 -1.897869 94.235771 -0.704969 -0.709105 -0.013733 0.088670 0.171633 1 22 1.000000
 29 65.485458 0.540297 94.421593 -0.995282 0.091854 0.031269 0.053422 0.164736 1 22 1.000000
MarioHand_alb.png
 29 66.255814 -2.086545 95.903160 -0.632452 -0.770681 -0.077817 0.083787 0.206149 1 22 1.000000
 29 67.974388 -2.496968 96.426796 -0.056458 -0.997647 -0.038910 0.121355 0.209827 1 22 1.000000
 29 65.725281 -2.281155 97.768684 -0.312807 -0.872497 -0.375368 0.079576 0.244602 1 22 1.000000
MarioHand_alb.png
 29 67.974388 -2.496968 96.426796 -0.056458 -0.997647 -0.038910 0.121355 0.209827 1 22 1.000000
 29 67.762672 -2.529420 99.764725 -0.013733 -0.999485 -0.028992 0.117159 0.246723 1 22 1.000000
 29 65.725281 -2.281155 97.768684 -0.312807 -0.872497 -0.375368 0.079576 0.244602 1 22 1.000000
MarioHand_alb.png
 29 65.998322 -1.897869 94.235771 -0.704969 -0.709105 -0.013733 0.088670 0.171633 1 22 1.000000
 29 68.025085 -2.424901 93.509300 -0.070190 -0.996889 -0.035858 0.124804 0.175952 1 22 1.000000
 29 66.255814 -2.086545 95.903160 -0.632452 -0.770681 -0.077817 0.083787 0.206149 1 22 1.000000
MarioHand_alb.png
 29 68.025085 -2.424901 93.509300 -0.070190 -0.996889 -0.035858 0.124804 0.175952 1 22 1.000000
 29 67.974388 -2.496968 96.426796 -0.056458 -0.997647 -0.038910 0.121355 0.209827 1 22 1.000000
 29 66.255814 -2.086545 95.903160 -0.632452 -0.770681 -0.077817 0.083787 0.206149 1 22 1.000000
MarioHand_alb.png
 29 65.776825 0.585018 93.608475 -0.911824 0.090014 0.400592 0.062165 0.125048 1 22 1.000000
 29 66.018021 -1.746298 92.915039 -0.342560 -0.909831 0.234223 0.095506 0.133227 1 22 1.000000
 29 65.998322 -1.897869 94.235771 -0.704969 -0.709105 -0.013733 0.088670 0.171633 1 22 1.000000
MarioHand_alb.png
 29 66.018021 -1.746298 92.915039 -0.342560 -0.909831 0.234223 0.095506 0.133227 1 22 1.000000
 29 68.025085 -2.424901 93.509300 -0.070190 -0.996889 -0.035858 0.124804 0.175952 1 22 1.000000
 29 65.998322 -1.897869 94.235771 -0.704969 -0.709105 -0.013733 0.088670 0.171633 1 22 1.000000
MarioHand_alb.png
 29 69.677818 -2.393526 96.263077 0.437929 -0.899009 0.000000 0.147143 0.212131 1 22 1.000000
 29 67.762672 -2.529420 99.764725 -0.013733 -0.999485 -0.028992 0.117159 0.246723 1 22 1.000000
 29 67.974388 -2.496968 96.426796 -0.056458 -0.997647 -0.038910 0.121355 0.209827 1 22 1.000000
MarioHand_alb.png
 29 68.025085 -2.424901 93.509300 -0.070190 -0.996889 -0.035858 0.124804 0.175952 1 22 1.000000
 29 69.677818 -2.393526 96.263077 0.437929 -0.899009 0.000000 0.147143 0.212131 1 22 1.000000
 29 67.974388 -2.496968 96.426796 -0.056458 -0.997647 -0.038910 0.121355 0.209827 1 22 1.000000
MarioHand_alb.png
 29 68.685966 -2.532529 100.807732 0.351714 -0.922295 0.160217 0.144915 0.248829 1 22 1.000000
 29 64.686569 -2.411322 99.685646 -0.389856 0.913152 0.119017 0.108888 0.283192 1 22 1.000000
 29 67.762672 -2.529420 99.764725 -0.013733 -0.999485 -0.028992 0.117159 0.246723 1 22 1.000000
MarioHand_alb.png
 29 68.685966 -2.532529 100.807732 0.351714 -0.922295 0.160217 0.144915 0.248829 1 22 1.000000
 29 67.762672 -2.529420 99.764725 -0.013733 -0.999485 -0.028992 0.117159 0.246723 1 22 1.000000
 29 69.677818 -2.393526 96.263077 0.437929 -0.899009 0.000000 0.147143 0.212131 1 22 1.000000
MarioHand_alb.png
 29 66.761520 -2.576787 102.853523 0.686560 -0.148564 0.711734 0.155764 0.284443 1 22 1.000000
 29 64.686569 -2.411322 99.685646 -0.389856 0.913152 0.119017 0.108888 0.283192 1 22 1.000000
 29 68.685966 -2.532529 100.807732 0.351714 -0.922295 0.160217 0.144915 0.248829 1 22 1.000000
MarioHand_alb.png
 29 69.423279 -1.605900 100.298660 0.812730 -0.419386 0.404457 0.170428 0.249943 1 22 1.000000
 29 66.761520 -2.576787 102.853523 0.686560 -0.148564 0.711734 0.155764 0.284443 1 22 1.000000
 29 68.685966 -2.532529 100.807732 0.351714 -0.922295 0.160217 0.144915 0.248829 1 22 1.000000
MarioHand_alb.png
 29 69.423279 -1.605900 100.298660 0.812730 -0.419386 0.404457 0.170428 0.249943 1 22 1.000000
 29 68.685966 -2.532529 100.807732 0.351714 -0.922295 0.160217 0.144915 0.248829 1 22 1.000000
 29 69.677818 -2.393526 96.263077 0.437929 -0.899009 0.000000 0.147143 0.212131 1 22 1.000000
MarioHand_alb.png
 29 69.423279 -1.605900 100.298660 0.812730 -0.419386 0.404457 0.170428 0.249943 1 22 1.000000
 29 67.189735 0.218869 102.806877 0.681299 -0.070524 0.728600 0.195315 0.286320 1 22 1.000000
 29 66.761520 -2.576787 102.853523 0.686560 -0.148564 0.711734 0.155764 0.284443 1 22 1.000000
MarioHand_alb.png
 29 69.039673 -2.296957 92.575272 0.439457 -0.860223 -0.258639 0.149004 0.178759 1 22 1.000000
 29 69.677818 -2.393526 96.263077 0.437929 -0.899009 0.000000 0.147143 0.212131 1 22 1.000000
 29 68.025085 -2.424901 93.509300 -0.070190 -0.996889 -0.035858 0.124804 0.175952 1 22 1.000000
MarioHand_alb.png
 29 71.078659 -1.447273 96.163193 0.892498 -0.449801 0.033564 0.172030 0.214084 1 22 1.000000
 29 69.423279 -1.605900 100.298660 0.812730 -0.419386 0.404457 0.170428 0.249943 1 22 1.000000
 29 69.677818 -2.393526 96.263077 0.437929 -0.899009 0.000000 0.147143 0.212131 1 22 1.000000
MarioHand_alb.png
 29 69.039673 -2.296957 92.575272 0.439457 -0.860223 -0.258639 0.149004 0.178759 1 22 1.000000
 29 71.078659 -1.447273 96.163193 0.892498 -0.449801 0.033564 0.172030 0.214084 1 22 1.000000
 29 69.677818 -2.393526 96.263077 0.437929 -0.899009 0.000000 0.147143 0.212131 1 22 1.000000
MarioHand_alb.png
 29 69.927818 0.228479 100.235687 0.884292 -0.091972 0.457787 0.196521 0.250904 1 22 1.000000
 29 67.189735 0.218869 102.806877 0.681299 -0.070524 0.728600 0.195315 0.286320 1 22 1.000000
 29 69.423279 -1.605900 100.298660 0.812730 -0.419386 0.404457 0.170428 0.249943 1 22 1.000000
MarioHand_alb.png
 29 71.078659 -1.447273 96.163193 0.892498 -0.449801 0.033564 0.172030 0.214084 1 22 1.000000
 29 69.927818 0.228479 100.235687 0.884292 -0.091972 0.457787 0.196521 0.250904 1 22 1.000000
 29 69.423279 -1.605900 100.298660 0.812730 -0.419386 0.404457 0.170428 0.249943 1 22 1.000000
MarioHand_alb.png
 29 66.945656 -2.356225 91.440300 -0.025177 -0.997477 -0.066376 0.129335 0.138506 1 22 1.000000
 29 69.039673 -2.296957 92.575272 0.439457 -0.860223 -0.258639 0.149004 0.178759 1 22 1.000000
 29 68.025085 -2.424901 93.509300 -0.070190 -0.996889 -0.035858 0.124804 0.175952 1 22 1.000000
MarioHand_alb.png
 29 66.945656 -2.356225 91.440300 -0.025177 -0.997477 -0.066376 0.129335 0.138506 1 22 1.000000
 29 68.025085 -2.424901 93.509300 -0.070190 -0.996889 -0.035858 0.124804 0.175952 1 22 1.000000
 29 66.018021 -1.746298 92.915039 -0.342560 -0.909831 0.234223 0.095506 0.133227 1 22 1.000000
MarioHand_alb.png
 29 70.058472 -1.242664 92.030693 0.787252 -0.414890 -0.456179 0.172808 0.181033 1 22 1.000000
 29 71.078659 -1.447273 96.163193 0.892498 -0.449801 0.033564 0.172030 0.214084 1 22 1.000000
 29 69.039673 -2.296957 92.575272 0.439457 -0.860223 -0.258639 0.149004 0.178759 1 22 1.000000
MarioHand_alb.png
 29 66.981079 -2.115655 90.098969 0.207522 -0.813541 -0.543219 0.151995 0.142123 1 22 1.000000
 29 69.039673 -2.296957 92.575272 0.439457 -0.860223 -0.258639 0.149004 0.178759 1 22 1.000000
 29 66.945656 -2.356225 91.440300 -0.025177 -0.997477 -0.066376 0.129335 0.138506 1 22 1.000000
MarioHand_alb.png
 29 66.981079 -2.115655 90.098969 0.207522 -0.813541 -0.543219 0.151995 0.142123 1 22 1.000000
 29 70.058472 -1.242664 92.030693 0.787252 -0.414890 -0.456179 0.172808 0.181033 1 22 1.000000
 29 69.039673 -2.296957 92.575272 0.439457 -0.860223 -0.258639 0.149004 0.178759 1 22 1.000000
MarioHand_alb.png
 29 64.777374 -2.419651 91.743973 -0.019836 -0.999754 -0.009918 0.135424 0.106584 1 22 1.000000
 29 66.945656 -2.356225 91.440300 -0.025177 -0.997477 -0.066376 0.129335 0.138506 1 22 1.000000
 29 66.018021 -1.746298 92.915039 -0.342560 -0.909831 0.234223 0.095506 0.133227 1 22 1.000000
MarioHand_alb.png
 29 64.777374 -2.419651 91.743973 -0.019836 -0.999754 -0.009918 0.135424 0.106584 1 22 1.000000
 29 66.981079 -2.115655 90.098969 0.207522 -0.813541 -0.543219 0.151995 0.142123 1 22 1.000000
 29 66.945656 -2.356225 91.440300 -0.025177 -0.997477 -0.066376 0.129335 0.138506 1 22 1.000000
MarioHand_alb.png
 29 64.777374 -2.419651 91.743973 -0.019836 -0.999754 -0.009918 0.135424 0.106584 1 22 1.000000
 29 66.018021 -1.746298 92.915039 -0.342560 -0.909831 0.234223 0.095506 0.133227 1 22 1.000000
 29 65.404015 -1.674989 93.154427 0.422685 -0.640011 0.641657 0.103441 0.100328 1 22 1.000000
MarioHand_alb.png
 29 65.404015 -1.674989 93.154427 0.422685 -0.640011 0.641657 0.103441 0.100328 1 22 1.000000
 29 66.018021 -1.746298 92.915039 -0.342560 -0.909831 0.234223 0.095506 0.133227 1 22 1.000000
 29 65.776825 0.585018 93.608475 -0.911824 0.090014 0.400592 0.062165 0.125048 1 22 1.000000
MarioHand_alb.png
 29 65.483261 0.598605 93.957275 0.633292 -0.039163 0.772921 0.071824 0.090394 1 22 1.000000
 29 65.404015 -1.674989 93.154427 0.422685 -0.640011 0.641657 0.103441 0.100328 1 22 1.000000
 29 65.776825 0.585018 93.608475 -0.911824 0.090014 0.400592 0.062165 0.125048 1 22 1.000000
MarioHand_alb.png
 29 64.111656 -2.030758 90.472008 -0.141143 -0.850101 -0.507352 0.156237 0.110994 1 22 1.000000
 29 66.981079 -2.115655 90.098969 0.207522 -0.813541 -0.543219 0.151995 0.142123 1 22 1.000000
 29 64.777374 -2.419651 91.743973 -0.019836 -0.999754 -0.009918 0.135424 0.106584 1 22 1.000000
MarioHand_alb.png
 29 63.146343 -1.531639 94.881271 0.305167 -0.600297 0.739267 0.114229 0.069535 1 22 1.000000
 29 65.404015 -1.674989 93.154427 0.422685 -0.640011 0.641657 0.103441 0.100328 1 22 1.000000
 29 65.483261 0.598605 93.957275 0.633292 -0.039163 0.772921 0.071824 0.090394 1 22 1.000000
MarioHand_alb.png
 29 63.146343 -1.531639 94.881271 0.305167 -0.600297 0.739267 0.114229 0.069535 1 22 1.000000
 29 65.483261 0.598605 93.957275 0.633292 -0.039163 0.772921 0.071824 0.090394 1 22 1.000000
 29 63.511284 0.599216 95.853096 0.410429 -0.042995 0.910878 0.085740 0.057664 1 22 1.000000
MarioHand_alb.png
 29 61.555122 0.664664 95.781532 -0.281565 -0.027416 0.959151 0.103166 0.034180 1 22 1.000000
 29 63.146343 -1.531639 94.881271 0.305167 -0.600297 0.739267 0.114229 0.069535 1 22 1.000000
 29 63.511284 0.599216 95.853096 0.410429 -0.042995 0.910878 0.085740 0.057664 1 22 1.000000
MarioHand_alb.png
 29 62.405411 -2.329018 92.696686 -0.121309 -0.989852 0.074006 0.143786 0.075166 1 22 1.000000
 29 64.777374 -2.419651 91.743973 -0.019836 -0.999754 -0.009918 0.135424 0.106584 1 22 1.000000
 29 65.404015 -1.674989 93.154427 0.422685 -0.640011 0.641657 0.103441 0.100328 1 22 1.000000
MarioHand_alb.png
 29 62.405411 -2.329018 92.696686 -0.121309 -0.989852 0.074006 0.143786 0.075166 1 22 1.000000
 29 65.404015 -1.674989 93.154427 0.422685 -0.640011 0.641657 0.103441 0.100328 1 22 1.000000
 29 63.146343 -1.531639 94.881271 0.305167 -0.600297 0.739267 0.114229 0.069535 1 22 1.000000
MarioHand_alb.png
 29 62.405411 -2.329018 92.696686 -0.121309 -0.989852 0.074006 0.143786 0.075166 1 22 1.000000
 29 64.111656 -2.030758 90.472008 -0.141143 -0.850101 -0.507352 0.156237 0.110994 1 22 1.000000
 29 64.777374 -2.419651 91.743973 -0.019836 -0.999754 -0.009918 0.135424 0.106584 1 22 1.000000
MarioHand_alb.png
 29 61.268089 -1.011275 95.017181 -0.407003 -0.506942 0.759841 0.125582 0.045960 1 22 1.000000
 29 63.146343 -1.531639 94.881271 0.305167 -0.600297 0.739267 0.114229 0.069535 1 22 1.000000
 29 61.555122 0.664664 95.781532 -0.281565 -0.027416 0.959151 0.103166 0.034180 1 22 1.000000
MarioHand_alb.png
 29 61.268089 -1.011275 95.017181 -0.407003 -0.506942 0.759841 0.125582 0.045960 1 22 1.000000
 29 61.555122 0.664664 95.781532 -0.281565 -0.027416 0.959151 0.103166 0.034180 1 22 1.000000
 29 59.936386 0.795452 93.663277 -0.949410 0.017618 0.313545 0.136248 0.014069 1 22 1.000000
MarioHand_alb.png
 29 60.685345 -1.638418 93.298973 -0.671021 -0.706451 0.225072 0.153567 0.047578 1 22 1.000000
 29 61.268089 -1.011275 95.017181 -0.407003 -0.506942 0.759841 0.125582 0.045960 1 22 1.000000
 29 59.936386 0.795452 93.663277 -0.949410 0.017618 0.313545 0.136248 0.014069 1 22 1.000000
MarioHand_alb.png
 29 60.685345 -1.638418 93.298973 -0.671021 -0.706451 0.225072 0.153567 0.047578 1 22 1.000000
 29 63.146343 -1.531639 94.881271 0.305167 -0.600297 0.739267 0.114229 0.069535 1 22 1.000000
 29 61.268089 -1.011275 95.017181 -0.407003 -0.506942 0.759841 0.125582 0.045960 1 22 1.000000
MarioHand_alb.png
 29 60.685345 -1.638418 93.298973 -0.671021 -0.706451 0.225072 0.153567 0.047578 1 22 1.000000
 29 62.405411 -2.329018 92.696686 -0.121309 -0.989852 0.074006 0.143786 0.075166 1 22 1.000000
 29 63.146343 -1.531639 94.881271 0.305167 -0.600297 0.739267 0.114229 0.069535 1 22 1.000000
MarioHand_alb.png
 29 60.685345 -1.638418 93.298973 -0.671021 -0.706451 0.225072 0.153567 0.047578 1 22 1.000000
 29 61.909603 -1.845776 91.174202 -0.305559 -0.853973 -0.421145 0.162249 0.080827 1 22 1.000000
 29 62.405411 -2.329018 92.696686 -0.121309 -0.989852 0.074006 0.143786 0.075166 1 22 1.000000
MarioHand_alb.png
 29 61.909603 -1.845776 91.174202 -0.305559 -0.853973 -0.421145 0.162249 0.080827 1 22 1.000000
 29 64.111656 -2.030758 90.472008 -0.141143 -0.850101 -0.507352 0.156237 0.110994 1 22 1.000000
 29 62.405411 -2.329018 92.696686 -0.121309 -0.989852 0.074006 0.143786 0.075166 1 22 1.000000
MarioHand_alb.png
 29 60.167282 -0.851448 91.690918 -0.857230 -0.458181 -0.235004 0.176287 0.058839 1 22 1.000000
 29 61.909603 -1.845776 91.174202 -0.305559 -0.853973 -0.421145 0.162249 0.080827 1 22 1.000000
 29 60.685345 -1.638418 93.298973 -0.671021 -0.706451 0.225072 0.153567 0.047578 1 22 1.000000
MarioHand_alb.png
 29 59.936386 0.795452 93.663277 -0.949410 0.017618 0.313545 0.199527 0.031968 1 22 1.000000
 29 60.167282 -0.851448 91.690918 -0.857230 -0.458181 -0.235004 0.176287 0.058839 1 22 1.000000
 29 60.685345 -1.638418 93.298973 -0.671021 -0.706451 0.225072 0.153567 0.047578 1 22 1.000000
MarioHand_alb.png
 29 61.909603 -1.845776 91.174202 -0.305559 -0.853973 -0.421145 0.162249 0.080827 1 22 1.000000
 29 63.753647 -0.900047 89.324440 -0.172078 -0.430671 -0.885952 0.176440 0.114183 1 22 1.000000
 29 64.111656 -2.030758 90.472008 -0.141143 -0.850101 -0.507352 0.156237 0.110994 1 22 1.000000
MarioHand_alb.png
 29 60.167282 -0.851448 91.690918 -0.857230 -0.458181 -0.235004 0.176287 0.058839 1 22 1.000000
 29 61.597244 -0.744841 90.116745 -0.416614 -0.462115 -0.782868 0.179797 0.085298 1 22 1.000000
 29 61.909603 -1.845776 91.174202 -0.305559 -0.853973 -0.421145 0.162249 0.080827 1 22 1.000000
MarioHand_alb.png
 29 61.597244 -0.744841 90.116745 -0.416614 -0.462115 -0.782868 0.179797 0.085298 1 22 1.000000
 29 63.753647 -0.900047 89.324440 -0.172078 -0.430671 -0.885952 0.176440 0.114183 1 22 1.000000
 29 61.909603 -1.845776 91.174202 -0.305559 -0.853973 -0.421145 0.162249 0.080827 1 22 1.000000
MarioHand_alb.png
 29 59.936386 0.795452 93.663277 -0.949410 0.017618 0.313545 0.199527 0.031968 1 22 1.000000
 29 59.971409 0.893591 90.996147 -0.907808 0.048925 -0.416524 0.199374 0.063401 1 22 1.000000
 29 60.167282 -0.851448 91.690918 -0.857230 -0.458181 -0.235004 0.176287 0.058839 1 22 1.000000
MarioHand_alb.png
 29 60.167282 -0.851448 91.690918 -0.857230 -0.458181 -0.235004 0.176287 0.058839 1 22 1.000000
 29 59.971409 0.893591 90.996147 -0.907808 0.048925 -0.416524 0.199374 0.063401 1 22 1.000000
 29 61.597244 -0.744841 90.116745 -0.416614 -0.462115 -0.782868 0.179797 0.085298 1 22 1.000000
MarioHand_alb.png
 29 59.936386 0.795452 93.663277 -0.949410 0.017618 0.313545 0.199527 0.031968 1 22 1.000000
 29 60.291344 2.553792 91.860580 -0.822762 0.532655 -0.198348 0.222538 0.058854 1 22 1.000000
 29 59.971409 0.893591 90.996147 -0.907808 0.048925 -0.416524 0.199374 0.063401 1 22 1.000000
MarioHand_alb.png
 29 59.936386 0.795452 93.663277 -0.949410 0.017618 0.313545 0.199527 0.031968 1 22 1.000000
 29 60.841194 3.196671 93.478706 -0.627895 0.725598 0.281523 0.245212 0.048173 1 22 1.000000
 29 60.291344 2.553792 91.860580 -0.822762 0.532655 -0.198348 0.222538 0.058854 1 22 1.000000
MarioHand_alb.png
 29 59.971409 0.893591 90.996147 -0.907808 0.048925 -0.416524 0.199374 0.063401 1 22 1.000000
 29 61.497688 0.890284 89.768776 -0.436002 0.029324 -0.899468 0.199115 0.086870 1 22 1.000000
 29 61.597244 -0.744841 90.116745 -0.416614 -0.462115 -0.782868 0.179797 0.085298 1 22 1.000000
MarioHand_alb.png
 29 59.971409 0.893591 90.996147 -0.907808 0.048925 -0.416524 0.199374 0.063401 1 22 1.000000
 29 60.291344 2.553792 91.860580 -0.822762 0.532655 -0.198348 0.222538 0.058854 1 22 1.000000
 29 61.675320 2.454686 90.210213 -0.399378 0.557489 -0.727807 0.218097 0.085801 1 22 1.000000
MarioHand_alb.png
 29 59.971409 0.893591 90.996147 -0.907808 0.048925 -0.416524 0.199374 0.063401 1 22 1.000000
 29 61.675320 2.454686 90.210213 -0.399378 0.557489 -0.727807 0.218097 0.085801 1 22 1.000000
 29 61.497688 0.890284 89.768776 -0.436002 0.029324 -0.899468 0.199115 0.086870 1 22 1.000000
MarioHand_alb.png
 29 61.597244 -0.744841 90.116745 -0.416614 -0.462115 -0.782868 0.179797 0.085298 1 22 1.000000
 29 61.497688 0.890284 89.768776 -0.436002 0.029324 -0.899468 0.199115 0.086870 1 22 1.000000
 29 63.667824 0.849958 88.967789 -0.164750 0.015624 -0.986212 0.198535 0.115465 1 22 1.000000
MarioHand_alb.png
 29 61.497688 0.890284 89.768776 -0.436002 0.029324 -0.899468 0.199115 0.086870 1 22 1.000000
 29 61.675320 2.454686 90.210213 -0.399378 0.557489 -0.727807 0.218097 0.085801 1 22 1.000000
 29 63.667824 0.849958 88.967789 -0.164750 0.015624 -0.986212 0.198535 0.115465 1 22 1.000000
MarioHand_alb.png
 29 61.597244 -0.744841 90.116745 -0.416614 -0.462115 -0.782868 0.179797 0.085298 1 22 1.000000
 29 63.667824 0.849958 88.967789 -0.164750 0.015624 -0.986212 0.198535 0.115465 1 22 1.000000
 29 63.753647 -0.900047 89.324440 -0.172078 -0.430671 -0.885952 0.176440 0.114183 1 22 1.000000
MarioHand_alb.png
 29 60.291344 2.553792 91.860580 -0.822762 0.532655 -0.198348 0.222538 0.058854 1 22 1.000000
 29 62.133606 3.547580 91.525475 -0.254060 0.904492 -0.342561 0.237812 0.080934 1 22 1.000000
 29 61.675320 2.454686 90.210213 -0.399378 0.557489 -0.727807 0.218097 0.085801 1 22 1.000000
MarioHand_alb.png
 29 60.291344 2.553792 91.860580 -0.822762 0.532655 -0.198348 0.222538 0.058854 1 22 1.000000
 29 60.841194 3.196671 93.478706 -0.627895 0.725598 0.281523 0.245212 0.048173 1 22 1.000000
 29 62.133606 3.547580 91.525475 -0.254060 0.904492 -0.342561 0.237812 0.080934 1 22 1.000000
MarioHand_alb.png
 29 61.675320 2.454686 90.210213 -0.399378 0.557489 -0.727807 0.218097 0.085801 1 22 1.000000
 29 63.830418 2.536787 89.352310 -0.160589 0.496738 -0.852914 0.220188 0.114855 1 22 1.000000
 29 63.667824 0.849958 88.967789 -0.164750 0.015624 -0.986212 0.198535 0.115465 1 22 1.000000
MarioHand_alb.png
 29 61.675320 2.454686 90.210213 -0.399378 0.557489 -0.727807 0.218097 0.085801 1 22 1.000000
 29 62.133606 3.547580 91.525475 -0.254060 0.904492 -0.342561 0.237812 0.080934 1 22 1.000000
 29 64.299927 3.621373 90.699097 -0.111390 0.890954 -0.440220 0.242206 0.111681 1 22 1.000000
MarioHand_alb.png
 29 61.675320 2.454686 90.210213 -0.399378 0.557489 -0.727807 0.218097 0.085801 1 22 1.000000
 29 64.299927 3.621373 90.699097 -0.111390 0.890954 -0.440220 0.242206 0.111681 1 22 1.000000
 29 63.830418 2.536787 89.352310 -0.160589 0.496738 -0.852914 0.220188 0.114855 1 22 1.000000
MarioHand_alb.png
 29 63.753647 -0.900047 89.324440 -0.172078 -0.430671 -0.885952 0.176440 0.114183 1 22 1.000000
 29 63.667824 0.849958 88.967789 -0.164750 0.015624 -0.986212 0.198535 0.115465 1 22 1.000000
 29 67.186539 0.740722 88.924759 0.393624 -0.009774 -0.919220 0.197986 0.145922 1 22 1.000000
MarioHand_alb.png
 29 63.667824 0.849958 88.967789 -0.164750 0.015624 -0.986212 0.198535 0.115465 1 22 1.000000
 29 63.830418 2.536787 89.352310 -0.160589 0.496738 -0.852914 0.220188 0.114855 1 22 1.000000
 29 67.186539 0.740722 88.924759 0.393624 -0.009774 -0.919220 0.197986 0.145922 1 22 1.000000
MarioHand_alb.png
 29 63.753647 -0.900047 89.324440 -0.172078 -0.430671 -0.885952 0.176440 0.114183 1 22 1.000000
 29 67.104393 -1.012615 89.150467 0.340283 -0.385715 -0.857573 0.174228 0.144747 1 22 1.000000
 29 64.111656 -2.030758 90.472008 -0.141143 -0.850101 -0.507352 0.156237 0.110994 1 22 1.000000
MarioHand_alb.png
 29 63.753647 -0.900047 89.324440 -0.172078 -0.430671 -0.885952 0.176440 0.114183 1 22 1.000000
 29 67.186539 0.740722 88.924759 0.393624 -0.009774 -0.919220 0.197986 0.145922 1 22 1.000000
 29 67.104393 -1.012615 89.150467 0.340283 -0.385715 -0.857573 0.174228 0.144747 1 22 1.000000
MarioHand_alb.png
 29 64.111656 -2.030758 90.472008 -0.141143 -0.850101 -0.507352 0.156237 0.110994 1 22 1.000000
 29 67.104393 -1.012615 89.150467 0.340283 -0.385715 -0.857573 0.174228 0.144747 1 22 1.000000
 29 66.981079 -2.115655 90.098969 0.207522 -0.813541 -0.543219 0.151995 0.142123 1 22 1.000000
MarioHand_alb.png
 29 67.104393 -1.012615 89.150467 0.340283 -0.385715 -0.857573 0.174228 0.144747 1 22 1.000000
 29 70.058472 -1.242664 92.030693 0.787252 -0.414890 -0.456179 0.172808 0.181033 1 22 1.000000
 29 66.981079 -2.115655 90.098969 0.207522 -0.813541 -0.543219 0.151995 0.142123 1 22 1.000000
MarioHand_alb.png
 29 67.104393 -1.012615 89.150467 0.340283 -0.385715 -0.857573 0.174228 0.144747 1 22 1.000000
 29 70.394272 0.527454 91.930290 0.866965 -0.039184 -0.496826 0.197894 0.181872 1 22 1.000000
 29 70.058472 -1.242664 92.030693 0.787252 -0.414890 -0.456179 0.172808 0.181033 1 22 1.000000
MarioHand_alb.png
 29 67.186539 0.740722 88.924759 0.393624 -0.009774 -0.919220 0.197986 0.145922 1 22 1.000000
 29 70.394272 0.527454 91.930290 0.866965 -0.039184 -0.496826 0.197894 0.181872 1 22 1.000000
 29 67.104393 -1.012615 89.150467 0.340283 -0.385715 -0.857573 0.174228 0.144747 1 22 1.000000
MarioHand_alb.png
 29 70.394272 0.527454 91.930290 0.866965 -0.039184 -0.496826 0.197894 0.181872 1 22 1.000000
 29 71.078659 -1.447273 96.163193 0.892498 -0.449801 0.033564 0.172030 0.214084 1 22 1.000000
 29 70.058472 -1.242664 92.030693 0.787252 -0.414890 -0.456179 0.172808 0.181033 1 22 1.000000
MarioHand_alb.png
 29 63.830418 2.536787 89.352310 -0.160589 0.496738 -0.852914 0.220188 0.114855 1 22 1.000000
 29 67.228516 2.516089 89.155785 0.361656 0.399591 -0.842338 0.221851 0.145327 1 22 1.000000
 29 67.186539 0.740722 88.924759 0.393624 -0.009774 -0.919220 0.197986 0.145922 1 22 1.000000
MarioHand_alb.png
 29 67.186539 0.740722 88.924759 0.393624 -0.009774 -0.919220 0.197986 0.145922 1 22 1.000000
 29 67.228516 2.516089 89.155785 0.361656 0.399591 -0.842338 0.221851 0.145327 1 22 1.000000
 29 70.394272 0.527454 91.930290 0.866965 -0.039184 -0.496826 0.197894 0.181872 1 22 1.000000
MarioHand_alb.png
 29 63.830418 2.536787 89.352310 -0.160589 0.496738 -0.852914 0.220188 0.114855 1 22 1.000000
 29 64.299927 3.621373 90.699097 -0.111390 0.890954 -0.440220 0.242206 0.111681 1 22 1.000000
 29 67.228516 2.516089 89.155785 0.361656 0.399591 -0.842338 0.221851 0.145327 1 22 1.000000
MarioHand_alb.png
 29 70.394272 0.527454 91.930290 0.866965 -0.039184 -0.496826 0.197894 0.181872 1 22 1.000000
 29 71.417023 0.335808 96.274010 0.995324 -0.072290 0.064067 0.197452 0.214984 1 22 1.000000
 29 71.078659 -1.447273 96.163193 0.892498 -0.449801 0.033564 0.172030 0.214084 1 22 1.000000
MarioHand_alb.png
 29 71.417023 0.335808 96.274010 0.995324 -0.072290 0.064067 0.197452 0.214984 1 22 1.000000
 29 69.927818 0.228479 100.235687 0.884292 -0.091972 0.457787 0.196521 0.250904 1 22 1.000000
 29 71.078659 -1.447273 96.163193 0.892498 -0.449801 0.033564 0.172030 0.214084 1 22 1.000000
MarioHand_alb.png
 29 67.228516 2.516089 89.155785 0.361656 0.399591 -0.842338 0.221851 0.145327 1 22 1.000000
 29 70.259300 2.336980 92.108101 0.826285 0.346526 -0.444042 0.223148 0.181552 1 22 1.000000
 29 70.394272 0.527454 91.930290 0.866965 -0.039184 -0.496826 0.197894 0.181872 1 22 1.000000
MarioHand_alb.png
 29 70.394272 0.527454 91.930290 0.866965 -0.039184 -0.496826 0.197894 0.181872 1 22 1.000000
 29 70.259300 2.336980 92.108101 0.826285 0.346526 -0.444042 0.223148 0.181552 1 22 1.000000
 29 71.417023 0.335808 96.274010 0.995324 -0.072290 0.064067 0.197452 0.214984 1 22 1.000000
MarioHand_alb.png
 29 71.417023 0.335808 96.274010 0.995324 -0.072290 0.064067 0.197452 0.214984 1 22 1.000000
 29 71.330208 2.193405 96.329750 0.951111 0.304968 0.048814 0.223377 0.215000 1 22 1.000000
 29 69.927818 0.228479 100.235687 0.884292 -0.091972 0.457787 0.196521 0.250904 1 22 1.000000
MarioHand_alb.png
 29 70.259300 2.336980 92.108101 0.826285 0.346526 -0.444042 0.223148 0.181552 1 22 1.000000
 29 71.330208 2.193405 96.329750 0.951111 0.304968 0.048814 0.223377 0.215000 1 22 1.000000
 29 71.417023 0.335808 96.274010 0.995324 -0.072290 0.064067 0.197452 0.214984 1 22 1.000000
MarioHand_alb.png
 29 67.228516 2.516089 89.155785 0.361656 0.399591 -0.842338 0.221851 0.145327 1 22 1.000000
 29 67.171326 3.545307 90.203201 0.254825 0.829683 -0.496680 0.244282 0.143114 1 22 1.000000
 29 70.259300 2.336980 92.108101 0.826285 0.346526 -0.444042 0.223148 0.181552 1 22 1.000000
MarioHand_alb.png
 29 67.228516 2.516089 89.155785 0.361656 0.399591 -0.842338 0.221851 0.145327 1 22 1.000000
 29 64.299927 3.621373 90.699097 -0.111390 0.890954 -0.440220 0.242206 0.111681 1 22 1.000000
 29 67.171326 3.545307 90.203201 0.254825 0.829683 -0.496680 0.244282 0.143114 1 22 1.000000
MarioHand_alb.png
 29 70.259300 2.336980 92.108101 0.826285 0.346526 -0.444042 0.223148 0.181552 1 22 1.000000
 29 69.377426 3.333122 92.700752 0.489804 0.845832 -0.211333 0.245426 0.179919 1 22 1.000000
 29 71.330208 2.193405 96.329750 0.951111 0.304968 0.048814 0.223377 0.215000 1 22 1.000000
MarioHand_alb.png
 29 70.259300 2.336980 92.108101 0.826285 0.346526 -0.444042 0.223148 0.181552 1 22 1.000000
 29 67.171326 3.545307 90.203201 0.254825 0.829683 -0.496680 0.244282 0.143114 1 22 1.000000
 29 69.377426 3.333122 92.700752 0.489804 0.845832 -0.211333 0.245426 0.179919 1 22 1.000000
MarioHand_alb.png
 29 71.330208 2.193405 96.329750 0.951111 0.304968 0.048814 0.223377 0.215000 1 22 1.000000
 29 69.709793 2.110264 100.538780 0.866809 0.195814 0.458584 0.223255 0.251057 1 22 1.000000
 29 69.927818 0.228479 100.235687 0.884292 -0.091972 0.457787 0.196521 0.250904 1 22 1.000000
MarioHand_alb.png
 29 69.927818 0.228479 100.235687 0.884292 -0.091972 0.457787 0.196521 0.250904 1 22 1.000000
 29 69.709793 2.110264 100.538780 0.866809 0.195814 0.458584 0.223255 0.251057 1 22 1.000000
 29 67.189735 0.218869 102.806877 0.681299 -0.070524 0.728600 0.195315 0.286320 1 22 1.000000
MarioHand_alb.png
 29 69.709793 2.110264 100.538780 0.866809 0.195814 0.458584 0.223255 0.251057 1 22 1.000000
 29 67.304153 3.243572 102.826469 0.715794 0.009777 0.698243 0.234424 0.288930 1 22 1.000000
 29 67.189735 0.218869 102.806877 0.681299 -0.070524 0.728600 0.195315 0.286320 1 22 1.000000
MarioHand_alb.png
 29 71.330208 2.193405 96.329750 0.951111 0.304968 0.048814 0.223377 0.215000 1 22 1.000000
 29 70.212189 3.206418 96.612450 0.512697 0.856712 0.056458 0.245777 0.213520 1 22 1.000000
 29 69.709793 2.110264 100.538780 0.866809 0.195814 0.458584 0.223255 0.251057 1 22 1.000000
MarioHand_alb.png
 29 71.330208 2.193405 96.329750 0.951111 0.304968 0.048814 0.223377 0.215000 1 22 1.000000
 29 69.377426 3.333122 92.700752 0.489804 0.845832 -0.211333 0.245426 0.179919 1 22 1.000000
 29 70.212189 3.206418 96.612450 0.512697 0.856712 0.056458 0.245777 0.213520 1 22 1.000000
MarioHand_alb.png
 29 69.709793 2.110264 100.538780 0.866809 0.195814 0.458584 0.223255 0.251057 1 22 1.000000
 29 69.309326 3.082356 101.022499 0.461579 0.853278 0.242615 0.247395 0.250568 1 22 1.000000
 29 67.304153 3.243572 102.826469 0.715794 0.009777 0.698243 0.234424 0.288930 1 22 1.000000
MarioHand_alb.png
 29 69.709793 2.110264 100.538780 0.866809 0.195814 0.458584 0.223255 0.251057 1 22 1.000000
 29 70.212189 3.206418 96.612450 0.512697 0.856712 0.056458 0.245777 0.213520 1 22 1.000000
 29 69.309326 3.082356 101.022499 0.461579 0.853278 0.242615 0.247395 0.250568 1 22 1.000000
MarioHand_alb.png
 29 69.309326 3.082356 101.022499 0.461579 0.853278 0.242615 0.247395 0.250568 1 22 1.000000
 29 65.300919 3.077584 100.851646 -0.054932 0.994423 0.090027 0.274846 0.283162 1 22 1.000000
 29 67.304153 3.243572 102.826469 0.715794 0.009777 0.698243 0.234424 0.288930 1 22 1.000000
MarioHand_alb.png
 29 69.309326 3.082356 101.022499 0.461579 0.853278 0.242615 0.247395 0.250568 1 22 1.000000
 29 70.212189 3.206418 96.612450 0.512697 0.856712 0.056458 0.245777 0.213520 1 22 1.000000
 29 68.376663 3.121586 100.314095 -0.001526 0.999622 0.027466 0.271336 0.249348 1 22 1.000000
MarioHand_alb.png
 29 69.309326 3.082356 101.022499 0.461579 0.853278 0.242615 0.247395 0.250568 1 22 1.000000
 29 68.376663 3.121586 100.314095 -0.001526 0.999622 0.027466 0.271336 0.249348 1 22 1.000000
 29 65.300919 3.077584 100.851646 -0.054932 0.994423 0.090027 0.274846 0.283162 1 22 1.000000
MarioHand_alb.png
 29 70.212189 3.206418 96.612450 0.512697 0.856712 0.056458 0.245777 0.213520 1 22 1.000000
 29 68.606400 3.277960 96.605125 -0.028992 0.999159 0.028992 0.269459 0.211353 1 22 1.000000
 29 68.376663 3.121586 100.314095 -0.001526 0.999622 0.027466 0.271336 0.249348 1 22 1.000000
MarioHand_alb.png
 29 68.376663 3.121586 100.314095 -0.001526 0.999622 0.027466 0.271336 0.249348 1 22 1.000000
 29 66.139053 3.066021 98.404190 -0.244140 0.942895 -0.226592 0.309957 0.248524 1 22 1.000000
 29 65.300919 3.077584 100.851646 -0.054932 0.994423 0.090027 0.274846 0.283162 1 22 1.000000
MarioHand_alb.png
 29 68.376663 3.121586 100.314095 -0.001526 0.999622 0.027466 0.271336 0.249348 1 22 1.000000
 29 68.606400 3.277960 96.605125 -0.028992 0.999159 0.028992 0.269459 0.211353 1 22 1.000000
 29 66.139053 3.066021 98.404190 -0.244140 0.942895 -0.226592 0.309957 0.248524 1 22 1.000000
MarioHand_alb.png
 29 65.300919 3.077584 100.851646 -0.054932 0.994423 0.090027 0.274846 0.283162 1 22 1.000000
 29 66.139053 3.066021 98.404190 -0.244140 0.942895 -0.226592 0.309957 0.248524 1 22 1.000000
 29 63.279919 3.128185 98.876953 0.654865 0.252106 -0.712457 0.314824 0.284916 1 22 1.000000
MarioHand_alb.png
 29 66.139053 3.066021 98.404190 -0.244140 0.942895 -0.226592 0.309957 0.248524 1 22 1.000000
 29 64.311890 0.637884 97.824921 0.512605 0.099701 -0.852816 0.356176 0.271916 1 22 1.000000
 29 63.279919 3.128185 98.876953 0.654865 0.252106 -0.712457 0.314824 0.284916 1 22 1.000000
MarioHand_alb.png
 29 66.139053 3.066021 98.404190 -0.244140 0.942895 -0.226592 0.309957 0.248524 1 22 1.000000
 29 65.435951 0.508018 97.394501 -0.682941 0.176279 -0.708885 0.349599 0.240528 1 22 1.000000
 29 64.311890 0.637884 97.824921 0.512605 0.099701 -0.852816 0.356176 0.271916 1 22 1.000000
MarioHand_alb.png
 29 66.139053 3.066021 98.404190 -0.244140 0.942895 -0.226592 0.309957 0.248524 1 22 1.000000
 29 66.781693 3.069574 96.249176 -0.517267 0.855674 -0.016022 0.306676 0.207782 1 22 1.000000
 29 65.435951 0.508018 97.394501 -0.682941 0.176279 -0.708885 0.349599 0.240528 1 22 1.000000
MarioHand_alb.png
 29 68.606400 3.277960 96.605125 -0.028992 0.999159 0.028992 0.269459 0.211353 1 22 1.000000
 29 66.781693 3.069574 96.249176 -0.517267 0.855674 -0.016022 0.306676 0.207782 1 22 1.000000
 29 66.139053 3.066021 98.404190 -0.244140 0.942895 -0.226592 0.309957 0.248524 1 22 1.000000
MarioHand_alb.png
 29 65.554138 0.488667 95.665260 -0.993180 0.107553 -0.045006 0.347814 0.202472 1 22 1.000000
 29 65.435951 0.508018 97.394501 -0.682941 0.176279 -0.708885 0.349599 0.240528 1 22 1.000000
 29 66.781693 3.069574 96.249176 -0.517267 0.855674 -0.016022 0.306676 0.207782 1 22 1.000000
MarioHand_alb.png
 29 70.212189 3.206418 96.612450 0.512697 0.856712 0.056458 0.245777 0.213520 1 22 1.000000
 29 68.488022 3.445309 93.648010 -0.027466 0.998503 0.047303 0.267750 0.177462 1 22 1.000000
 29 68.606400 3.277960 96.605125 -0.028992 0.999159 0.028992 0.269459 0.211353 1 22 1.000000
MarioHand_alb.png
 29 68.606400 3.277960 96.605125 -0.028992 0.999159 0.028992 0.269459 0.211353 1 22 1.000000
 29 68.488022 3.445309 93.648010 -0.027466 0.998503 0.047303 0.267750 0.177462 1 22 1.000000
 29 66.781693 3.069574 96.249176 -0.517267 0.855674 -0.016022 0.306676 0.207782 1 22 1.000000
MarioHand_alb.png
 29 70.212189 3.206418 96.612450 0.512697 0.856712 0.056458 0.245777 0.213520 1 22 1.000000
 29 69.377426 3.333122 92.700752 0.489804 0.845832 -0.211333 0.245426 0.179919 1 22 1.000000
 29 68.488022 3.445309 93.648010 -0.027466 0.998503 0.047303 0.267750 0.177462 1 22 1.000000
MarioHand_alb.png
 29 65.554138 0.488667 95.665260 -0.993180 0.107553 -0.045006 0.347814 0.202472 1 22 1.000000
 29 66.781693 3.069574 96.249176 -0.517267 0.855674 -0.016022 0.306676 0.207782 1 22 1.000000
 29 66.426788 2.997627 94.330368 -0.616461 0.783142 0.081635 0.304097 0.173358 1 22 1.000000
MarioHand_alb.png
 29 68.488022 3.445309 93.648010 -0.027466 0.998503 0.047303 0.267750 0.177462 1 22 1.000000
 29 66.426788 2.997627 94.330368 -0.616461 0.783142 0.081635 0.304097 0.173358 1 22 1.000000
 29 66.781693 3.069574 96.249176 -0.517267 0.855674 -0.016022 0.306676 0.207782 1 22 1.000000
MarioHand_alb.png
 29 65.485458 0.540297 94.421593 -0.995282 0.091854 0.031269 0.342641 0.167529 1 22 1.000000
 29 65.554138 0.488667 95.665260 -0.993180 0.107553 -0.045006 0.347814 0.202472 1 22 1.000000
 29 66.426788 2.997627 94.330368 -0.616461 0.783142 0.081635 0.304097 0.173358 1 22 1.000000
MarioHand_alb.png
 29 65.776825 0.585018 93.608475 -0.911824 0.090014 0.400592 0.334783 0.127611 1 22 1.000000
 29 65.485458 0.540297 94.421593 -0.995282 0.091854 0.031269 0.342641 0.167529 1 22 1.000000
 29 66.426788 2.997627 94.330368 -0.616461 0.783142 0.081635 0.304097 0.173358 1 22 1.000000
MarioHand_alb.png
 29 67.064758 3.635160 91.439995 0.035858 0.998569 0.039673 0.265705 0.140002 1 22 1.000000
 29 68.488022 3.445309 93.648010 -0.027466 0.998503 0.047303 0.267750 0.177462 1 22 1.000000
 29 69.377426 3.333122 92.700752 0.489804 0.845832 -0.211333 0.245426 0.179919 1 22 1.000000
MarioHand_alb.png
 29 67.171326 3.545307 90.203201 0.254825 0.829683 -0.496680 0.244282 0.143114 1 22 1.000000
 29 67.064758 3.635160 91.439995 0.035858 0.998569 0.039673 0.265705 0.140002 1 22 1.000000
 29 69.377426 3.333122 92.700752 0.489804 0.845832 -0.211333 0.245426 0.179919 1 22 1.000000
MarioHand_alb.png
 29 68.488022 3.445309 93.648010 -0.027466 0.998503 0.047303 0.267750 0.177462 1 22 1.000000
 29 66.244606 2.985097 92.948814 -0.270079 0.910348 0.313566 0.299168 0.134844 1 22 1.000000
 29 66.426788 2.997627 94.330368 -0.616461 0.783142 0.081635 0.304097 0.173358 1 22 1.000000
MarioHand_alb.png
 29 67.064758 3.635160 91.439995 0.035858 0.998569 0.039673 0.265705 0.140002 1 22 1.000000
 29 66.244606 2.985097 92.948814 -0.270079 0.910348 0.313566 0.299168 0.134844 1 22 1.000000
 29 68.488022 3.445309 93.648010 -0.027466 0.998503 0.047303 0.267750 0.177462 1 22 1.000000
MarioHand_alb.png
 29 65.776825 0.585018 93.608475 -0.911824 0.090014 0.400592 0.334783 0.127611 1 22 1.000000
 29 66.426788 2.997627 94.330368 -0.616461 0.783142 0.081635 0.304097 0.173358 1 22 1.000000
 29 66.244606 2.985097 92.948814 -0.270079 0.910348 0.313566 0.299168 0.134844 1 22 1.000000
MarioHand_alb.png
 29 65.559845 3.817636 91.519257 0.100707 0.984854 0.141143 0.261616 0.107607 1 22 1.000000
 29 67.064758 3.635160 91.439995 0.035858 0.998569 0.039673 0.265705 0.140002 1 22 1.000000
 29 67.171326 3.545307 90.203201 0.254825 0.829683 -0.496680 0.244282 0.143114 1 22 1.000000
MarioHand_alb.png
 29 65.559845 3.817636 91.519257 0.100707 0.984854 0.141143 0.261616 0.107607 1 22 1.000000
 29 66.244606 2.985097 92.948814 -0.270079 0.910348 0.313566 0.299168 0.134844 1 22 1.000000
 29 67.064758 3.635160 91.439995 0.035858 0.998569 0.039673 0.265705 0.140002 1 22 1.000000
MarioHand_alb.png
 29 64.299927 3.621373 90.699097 -0.111390 0.890954 -0.440220 0.242206 0.111681 1 22 1.000000
 29 65.559845 3.817636 91.519257 0.100707 0.984854 0.141143 0.261616 0.107607 1 22 1.000000
 29 67.171326 3.545307 90.203201 0.254825 0.829683 -0.496680 0.244282 0.143114 1 22 1.000000
MarioHand_alb.png
 29 65.549225 2.946182 93.256851 0.410448 0.684311 0.602703 0.293416 0.101747 1 22 1.000000
 29 65.776825 0.585018 93.608475 -0.911824 0.090014 0.400592 0.334783 0.127611 1 22 1.000000
 29 66.244606 2.985097 92.948814 -0.270079 0.910348 0.313566 0.299168 0.134844 1 22 1.000000
MarioHand_alb.png
 29 65.549225 2.946182 93.256851 0.410448 0.684311 0.602703 0.293416 0.101747 1 22 1.000000
 29 66.244606 2.985097 92.948814 -0.270079 0.910348 0.313566 0.299168 0.134844 1 22 1.000000
 29 65.559845 3.817636 91.519257 0.100707 0.984854 0.141143 0.261616 0.107607 1 22 1.000000
MarioHand_alb.png
 29 65.483261 0.598605 93.957275 0.633292 -0.039163 0.772921 0.326070 0.092760 1 22 1.000000
 29 65.776825 0.585018 93.608475 -0.911824 0.090014 0.400592 0.334783 0.127611 1 22 1.000000
 29 65.549225 2.946182 93.256851 0.410448 0.684311 0.602703 0.293416 0.101747 1 22 1.000000
MarioHand_alb.png
 29 64.299927 3.621373 90.699097 -0.111390 0.890954 -0.440220 0.242206 0.111681 1 22 1.000000
 29 62.603565 3.818514 92.925201 0.027084 0.972172 0.232696 0.254444 0.075853 1 22 1.000000
 29 65.559845 3.817636 91.519257 0.100707 0.984854 0.141143 0.261616 0.107607 1 22 1.000000
MarioHand_alb.png
 29 62.603565 3.818514 92.925201 0.027084 0.972172 0.232696 0.254444 0.075853 1 22 1.000000
 29 65.549225 2.946182 93.256851 0.410448 0.684311 0.602703 0.293416 0.101747 1 22 1.000000
 29 65.559845 3.817636 91.519257 0.100707 0.984854 0.141143 0.261616 0.107607 1 22 1.000000
MarioHand_alb.png
 29 62.133606 3.547580 91.525475 -0.254060 0.904492 -0.342561 0.237812 0.080934 1 22 1.000000
 29 62.603565 3.818514 92.925201 0.027084 0.972172 0.232696 0.254444 0.075853 1 22 1.000000
 29 64.299927 3.621373 90.699097 -0.111390 0.890954 -0.440220 0.242206 0.111681 1 22 1.000000
MarioHand_alb.png
 29 62.133606 3.547580 91.525475 -0.254060 0.904492 -0.342561 0.237812 0.080934 1 22 1.000000
 29 60.841194 3.196671 93.478706 -0.627895 0.725598 0.281523 0.245212 0.048173 1 22 1.000000
 29 62.603565 3.818514 92.925201 0.027084 0.972172 0.232696 0.254444 0.075853 1 22 1.000000
MarioHand_alb.png
 29 63.286461 2.815323 95.042862 0.334180 0.582646 0.740842 0.284077 0.070710 1 22 1.000000
 29 65.483261 0.598605 93.957275 0.633292 -0.039163 0.772921 0.326070 0.092760 1 22 1.000000
 29 65.549225 2.946182 93.256851 0.410448 0.684311 0.602703 0.293416 0.101747 1 22 1.000000
MarioHand_alb.png
 29 62.603565 3.818514 92.925201 0.027084 0.972172 0.232696 0.254444 0.075853 1 22 1.000000
 29 63.286461 2.815323 95.042862 0.334180 0.582646 0.740842 0.284077 0.070710 1 22 1.000000
 29 65.549225 2.946182 93.256851 0.410448 0.684311 0.602703 0.293416 0.101747 1 22 1.000000
MarioHand_alb.png
 29 60.841194 3.196671 93.478706 -0.627895 0.725598 0.281523 0.245212 0.048173 1 22 1.000000
 29 63.286461 2.815323 95.042862 0.334180 0.582646 0.740842 0.284077 0.070710 1 22 1.000000
 29 62.603565 3.818514 92.925201 0.027084 0.972172 0.232696 0.254444 0.075853 1 22 1.000000
MarioHand_alb.png
 29 63.511284 0.599216 95.853096 0.410429 -0.042995 0.910878 0.312840 0.059632 1 22 1.000000
 29 65.483261 0.598605 93.957275 0.633292 -0.039163 0.772921 0.326070 0.092760 1 22 1.000000
 29 63.286461 2.815323 95.042862 0.334180 0.582646 0.740842 0.284077 0.070710 1 22 1.000000
MarioHand_alb.png
 29 61.555122 0.664664 95.781532 -0.281565 -0.027416 0.959151 0.295811 0.035798 1 22 1.000000
 29 63.511284 0.599216 95.853096 0.410429 -0.042995 0.910878 0.312840 0.059632 1 22 1.000000
 29 63.286461 2.815323 95.042862 0.334180 0.582646 0.740842 0.284077 0.070710 1 22 1.000000
MarioHand_alb.png
 29 60.841194 3.196671 93.478706 -0.627895 0.725598 0.281523 0.245212 0.048173 1 22 1.000000
 29 61.378292 2.407650 95.144257 -0.375757 0.473654 0.796529 0.273259 0.046983 1 22 1.000000
 29 63.286461 2.815323 95.042862 0.334180 0.582646 0.740842 0.284077 0.070710 1 22 1.000000
MarioHand_alb.png
 29 61.378292 2.407650 95.144257 -0.375757 0.473654 0.796529 0.273259 0.046983 1 22 1.000000
 29 61.555122 0.664664 95.781532 -0.281565 -0.027416 0.959151 0.295811 0.035798 1 22 1.000000
 29 63.286461 2.815323 95.042862 0.334180 0.582646 0.740842 0.284077 0.070710 1 22 1.000000
MarioHand_alb.png
 29 60.841194 3.196671 93.478706 -0.627895 0.725598 0.281523 0.245212 0.048173 1 22 1.000000
 29 59.936386 0.795452 93.663277 -0.949410 0.017618 0.313545 0.263172 0.015045 1 22 1.000000
 29 61.378292 2.407650 95.144257 -0.375757 0.473654 0.796529 0.273259 0.046983 1 22 1.000000
MarioHand_alb.png
 29 59.936386 0.795452 93.663277 -0.949410 0.017618 0.313545 0.263172 0.015045 1 22 1.000000
 29 61.555122 0.664664 95.781532 -0.281565 -0.027416 0.959151 0.295811 0.035798 1 22 1.000000
 29 61.378292 2.407650 95.144257 -0.375757 0.473654 0.796529 0.273259 0.046983 1 22 1.000000
MarioHand_alb.png
 29 63.953278 -4.487240 95.686432 -0.808666 0.090117 -0.581324 0.897078 0.508721 1 22 1.000000
 29 64.076096 -7.215114 97.019485 0.029756 -0.889348 -0.456262 0.861540 0.470741 1 22 1.000000
 29 63.176350 -4.553709 97.065598 0.140787 0.341095 -0.929426 0.905791 0.474098 1 22 1.000000
MarioHand_alb.png
 29 63.953278 -4.487240 95.686432 -0.808666 0.090117 -0.581324 0.897078 0.508721 1 22 1.000000
 29 65.189865 -7.134789 96.244858 -0.507358 -0.777154 -0.372317 0.860609 0.504814 1 22 1.000000
 29 64.076096 -7.215114 97.019485 0.029756 -0.889348 -0.456262 0.861540 0.470741 1 22 1.000000
MarioHand_alb.png
 29 64.076096 -7.215114 97.019485 0.029756 -0.889348 -0.456262 0.861540 0.470741 1 22 1.000000
 29 65.189865 -7.134789 96.244858 -0.507358 -0.777154 -0.372317 0.860609 0.504814 1 22 1.000000
 29 64.676399 -7.714336 98.778946 0.133515 -0.989917 0.047302 0.829679 0.469001 1 22 1.000000
MarioHand_alb.png
 29 65.589668 -6.943003 94.607346 -0.649326 -0.645511 -0.402109 0.858152 0.537148 1 22 1.000000
 29 65.189865 -7.134789 96.244858 -0.507358 -0.777154 -0.372317 0.860609 0.504814 1 22 1.000000
 29 63.953278 -4.487240 95.686432 -0.808666 0.090117 -0.581324 0.897078 0.508721 1 22 1.000000
MarioHand_alb.png
 29 65.589668 -6.943003 94.607346 -0.649326 -0.645511 -0.402109 0.858152 0.537148 1 22 1.000000
 29 63.953278 -4.487240 95.686432 -0.808666 0.090117 -0.581324 0.897078 0.508721 1 22 1.000000
 29 64.481033 -4.456491 94.650650 -0.871908 0.089918 -0.481342 0.895842 0.540932 1 22 1.000000
MarioHand_alb.png
 29 65.913719 -4.391074 93.312531 -0.851230 0.101637 -0.514857 0.891951 0.572778 1 22 1.000000
 29 65.589668 -6.943003 94.607346 -0.649326 -0.645511 -0.402109 0.858152 0.537148 1 22 1.000000
 29 64.481033 -4.456491 94.650650 -0.871908 0.089918 -0.481342 0.895842 0.540932 1 22 1.000000
MarioHand_alb.png
 29 66.596436 -6.707666 92.798019 -0.560771 -0.798908 -0.217442 0.856214 0.568063 1 22 1.000000
 29 65.589668 -6.943003 94.607346 -0.649326 -0.645511 -0.402109 0.858152 0.537148 1 22 1.000000
 29 65.913719 -4.391074 93.312531 -0.851230 0.101637 -0.514857 0.891951 0.572778 1 22 1.000000
MarioHand_alb.png
 29 65.189865 -7.134789 96.244858 -0.507358 -0.777154 -0.372317 0.860609 0.504814 1 22 1.000000
 29 66.631027 -7.718510 97.160866 -0.019074 -0.995259 -0.095368 0.826246 0.502129 1 22 1.000000
 29 64.676399 -7.714336 98.778946 0.133515 -0.989917 0.047302 0.829679 0.469001 1 22 1.000000
MarioHand_alb.png
 29 65.589668 -6.943003 94.607346 -0.649326 -0.645511 -0.402109 0.858152 0.537148 1 22 1.000000
 29 67.645218 -7.505631 94.983002 0.022889 -0.992350 -0.121314 0.824231 0.534081 1 22 1.000000
 29 65.189865 -7.134789 96.244858 -0.507358 -0.777154 -0.372317 0.860609 0.504814 1 22 1.000000
MarioHand_alb.png
 29 65.189865 -7.134789 96.244858 -0.507358 -0.777154 -0.372317 0.860609 0.504814 1 22 1.000000
 29 67.645218 -7.505631 94.983002 0.022889 -0.992350 -0.121314 0.824231 0.534081 1 22 1.000000
 29 66.631027 -7.718510 97.160866 -0.019074 -0.995259 -0.095368 0.826246 0.502129 1 22 1.000000
MarioHand_alb.png
 29 66.596436 -6.707666 92.798019 -0.560771 -0.798908 -0.217442 0.856214 0.568063 1 22 1.000000
 29 67.645218 -7.505631 94.983002 0.022889 -0.992350 -0.121314 0.824231 0.534081 1 22 1.000000
 29 65.589668 -6.943003 94.607346 -0.649326 -0.645511 -0.402109 0.858152 0.537148 1 22 1.000000
MarioHand_alb.png
 29 66.631027 -7.718510 97.160866 -0.019074 -0.995259 -0.095368 0.826246 0.502129 1 22 1.000000
 29 68.198524 -7.485157 97.889267 0.459276 -0.872585 0.166316 0.804120 0.501015 1 22 1.000000
 29 64.676399 -7.714336 98.778946 0.133515 -0.989917 0.047302 0.829679 0.469001 1 22 1.000000
MarioHand_alb.png
 29 66.631027 -7.718510 97.160866 -0.019074 -0.995259 -0.095368 0.826246 0.502129 1 22 1.000000
 29 67.645218 -7.505631 94.983002 0.022889 -0.992350 -0.121314 0.824231 0.534081 1 22 1.000000
 29 68.198524 -7.485157 97.889267 0.459276 -0.872585 0.166316 0.804120 0.501015 1 22 1.000000
MarioHand_alb.png
 29 68.198524 -7.485157 97.889267 0.459276 -0.872585 0.166316 0.804120 0.501015 1 22 1.000000
 29 66.278290 -7.108444 100.535080 0.387564 -0.820807 0.419606 0.797391 0.467536 1 22 1.000000
 29 64.676399 -7.714336 98.778946 0.133515 -0.989917 0.047302 0.829679 0.469001 1 22 1.000000
MarioHand_alb.png
 29 68.198524 -7.485157 97.889267 0.459276 -0.872585 0.166316 0.804120 0.501015 1 22 1.000000
 29 69.143494 -6.419947 98.380325 0.783447 -0.518547 0.342520 0.781476 0.500496 1 22 1.000000
 29 66.278290 -7.108444 100.535080 0.387564 -0.820807 0.419606 0.797391 0.467536 1 22 1.000000
MarioHand_alb.png
 29 69.143494 -6.419947 98.380325 0.783447 -0.518547 0.342520 0.781476 0.500496 1 22 1.000000
 29 66.577164 -5.208707 101.821541 0.639443 -0.395550 0.659282 0.764584 0.467765 1 22 1.000000
 29 66.278290 -7.108444 100.535080 0.387564 -0.820807 0.419606 0.797391 0.467536 1 22 1.000000
MarioHand_alb.png
 29 69.061226 -7.127887 94.853149 0.579045 -0.812399 -0.068662 0.802090 0.532219 1 22 1.000000
 29 68.198524 -7.485157 97.889267 0.459276 -0.872585 0.166316 0.804120 0.501015 1 22 1.000000
 29 67.645218 -7.505631 94.983002 0.022889 -0.992350 -0.121314 0.824231 0.534081 1 22 1.000000
MarioHand_alb.png
 29 69.061226 -7.127887 94.853149 0.579045 -0.812399 -0.068662 0.802090 0.532219 1 22 1.000000
 29 69.143494 -6.419947 98.380325 0.783447 -0.518547 0.342520 0.781476 0.500496 1 22 1.000000
 29 68.198524 -7.485157 97.889267 0.459276 -0.872585 0.166316 0.804120 0.501015 1 22 1.000000
MarioHand_alb.png
 29 67.555161 -7.259156 92.375160 0.058746 -0.988569 -0.138854 0.823102 0.564050 1 22 1.000000
 29 69.061226 -7.127887 94.853149 0.579045 -0.812399 -0.068662 0.802090 0.532219 1 22 1.000000
 29 67.645218 -7.505631 94.983002 0.022889 -0.992350 -0.121314 0.824231 0.534081 1 22 1.000000
MarioHand_alb.png
 29 66.596436 -6.707666 92.798019 -0.560771 -0.798908 -0.217442 0.856214 0.568063 1 22 1.000000
 29 67.555161 -7.259156 92.375160 0.058746 -0.988569 -0.138854 0.823102 0.564050 1 22 1.000000
 29 67.645218 -7.505631 94.983002 0.022889 -0.992350 -0.121314 0.824231 0.534081 1 22 1.000000
MarioHand_alb.png
 29 70.126526 -6.025415 94.848869 0.882696 -0.465761 -0.062559 0.779660 0.530648 1 22 1.000000
 29 69.143494 -6.419947 98.380325 0.783447 -0.518547 0.342520 0.781476 0.500496 1 22 1.000000
 29 69.061226 -7.127887 94.853149 0.579045 -0.812399 -0.068662 0.802090 0.532219 1 22 1.000000
MarioHand_alb.png
 29 67.555161 -7.259156 92.375160 0.058746 -0.988569 -0.138854 0.823102 0.564050 1 22 1.000000
 29 68.366379 -6.781034 91.600204 0.573793 -0.721057 -0.388379 0.801282 0.561624 1 22 1.000000
 29 69.061226 -7.127887 94.853149 0.579045 -0.812399 -0.068662 0.802090 0.532219 1 22 1.000000
MarioHand_alb.png
 29 68.366379 -6.781034 91.600204 0.573793 -0.721057 -0.388379 0.801282 0.561624 1 22 1.000000
 29 70.126526 -6.025415 94.848869 0.882696 -0.465761 -0.062559 0.779660 0.530648 1 22 1.000000
 29 69.061226 -7.127887 94.853149 0.579045 -0.812399 -0.068662 0.802090 0.532219 1 22 1.000000
MarioHand_alb.png
 29 69.601212 -4.955564 98.671783 0.891171 -0.189889 0.412014 0.759289 0.499962 1 22 1.000000
 29 66.577164 -5.208707 101.821541 0.639443 -0.395550 0.659282 0.764584 0.467765 1 22 1.000000
 29 69.143494 -6.419947 98.380325 0.783447 -0.518547 0.342520 0.781476 0.500496 1 22 1.000000
MarioHand_alb.png
 29 70.126526 -6.025415 94.848869 0.882696 -0.465761 -0.062559 0.779660 0.530648 1 22 1.000000
 29 69.601212 -4.955564 98.671783 0.891171 -0.189889 0.412014 0.759289 0.499962 1 22 1.000000
 29 69.143494 -6.419947 98.380325 0.783447 -0.518547 0.342520 0.781476 0.500496 1 22 1.000000
MarioHand_alb.png
 29 69.668686 -3.260266 98.786377 0.886599 0.223152 0.405150 0.735119 0.499413 1 22 1.000000
 29 66.577164 -5.208707 101.821541 0.639443 -0.395550 0.659282 0.764584 0.467765 1 22 1.000000
 29 69.601212 -4.955564 98.671783 0.891171 -0.189889 0.412014 0.759289 0.499962 1 22 1.000000
MarioHand_alb.png
 29 69.668686 -3.260266 98.786377 0.886599 0.223152 0.405150 0.735119 0.499413 1 22 1.000000
 29 66.761520 -2.576787 102.853523 0.686560 -0.148564 0.711734 0.728038 0.467384 1 22 1.000000
 29 66.577164 -5.208707 101.821541 0.639443 -0.395550 0.659282 0.764584 0.467765 1 22 1.000000
MarioHand_alb.png
 29 70.126526 -6.025415 94.848869 0.882696 -0.465761 -0.062559 0.779660 0.530648 1 22 1.000000
 29 70.640060 -4.632837 94.956413 0.992377 -0.109554 -0.056446 0.758495 0.529381 1 22 1.000000
 29 69.601212 -4.955564 98.671783 0.891171 -0.189889 0.412014 0.759289 0.499962 1 22 1.000000
MarioHand_alb.png
 29 69.668686 -3.260266 98.786377 0.886599 0.223152 0.405150 0.735119 0.499413 1 22 1.000000
 29 68.755989 -2.034814 98.484047 0.421140 0.879211 0.222777 0.710613 0.501701 1 22 1.000000
 29 66.761520 -2.576787 102.853523 0.686560 -0.148564 0.711734 0.728038 0.467384 1 22 1.000000
MarioHand_alb.png
 29 64.686569 -2.411322 99.685646 -0.389856 0.913152 0.119017 0.683604 0.474388 1 22 1.000000
 29 66.761520 -2.576787 102.853523 0.686560 -0.148564 0.711734 0.728038 0.467384 1 22 1.000000
 29 68.755989 -2.034814 98.484047 0.421140 0.879211 0.222777 0.710613 0.501701 1 22 1.000000
MarioHand_alb.png
 29 70.549721 -3.022165 95.206726 0.950413 0.310686 -0.013730 0.735439 0.528206 1 22 1.000000
 29 69.668686 -3.260266 98.786377 0.886599 0.223152 0.405150 0.735119 0.499413 1 22 1.000000
 29 69.601212 -4.955564 98.671783 0.891171 -0.189889 0.412014 0.759289 0.499962 1 22 1.000000
MarioHand_alb.png
 29 70.640060 -4.632837 94.956413 0.992377 -0.109554 -0.056446 0.758495 0.529381 1 22 1.000000
 29 70.549721 -3.022165 95.206726 0.950413 0.310686 -0.013730 0.735439 0.528206 1 22 1.000000
 29 69.601212 -4.955564 98.671783 0.891171 -0.189889 0.412014 0.759289 0.499962 1 22 1.000000
MarioHand_alb.png
 29 69.476532 -1.891567 95.389542 0.618751 0.783500 0.057221 0.712093 0.530465 1 22 1.000000
 29 68.755989 -2.034814 98.484047 0.421140 0.879211 0.222777 0.710613 0.501701 1 22 1.000000
 29 69.668686 -3.260266 98.786377 0.886599 0.223152 0.405150 0.735119 0.499413 1 22 1.000000
MarioHand_alb.png
 29 70.549721 -3.022165 95.206726 0.950413 0.310686 -0.013730 0.735439 0.528206 1 22 1.000000
 29 69.476532 -1.891567 95.389542 0.618751 0.783500 0.057221 0.712093 0.530465 1 22 1.000000
 29 69.668686 -3.260266 98.786377 0.886599 0.223152 0.405150 0.735119 0.499413 1 22 1.000000
MarioHand_alb.png
 29 64.686569 -2.411322 99.685646 -0.389856 0.913152 0.119017 0.683604 0.474388 1 22 1.000000
 29 68.755989 -2.034814 98.484047 0.421140 0.879211 0.222777 0.710613 0.501701 1 22 1.000000
 29 67.282188 -1.923980 98.223679 -0.031281 0.992028 0.122071 0.685939 0.506310 1 22 1.000000
MarioHand_alb.png
 29 70.549721 -3.022165 95.206726 0.950413 0.310686 -0.013730 0.735439 0.528206 1 22 1.000000
 29 68.592010 -1.482542 91.862968 0.631791 0.715104 -0.299109 0.713176 0.561318 1 22 1.000000
 29 69.476532 -1.891567 95.389542 0.618751 0.783500 0.057221 0.712093 0.530465 1 22 1.000000
MarioHand_alb.png
 29 64.686569 -2.411322 99.685646 -0.389856 0.913152 0.119017 0.683604 0.474388 1 22 1.000000
 29 67.282188 -1.923980 98.223679 -0.031281 0.992028 0.122071 0.685939 0.506310 1 22 1.000000
 29 65.434341 -2.152651 96.724716 -0.345616 0.925506 -0.154879 0.650813 0.510475 1 22 1.000000
MarioHand_alb.png
 29 62.848106 -2.209622 97.792397 0.402802 0.236589 -0.884181 0.647517 0.480171 1 22 1.000000
 29 64.686569 -2.411322 99.685646 -0.389856 0.913152 0.119017 0.683604 0.474388 1 22 1.000000
 29 65.434341 -2.152651 96.724716 -0.345616 0.925506 -0.154879 0.650813 0.510475 1 22 1.000000
MarioHand_alb.png
 29 63.176350 -4.553709 97.065598 0.140787 0.341095 -0.929426 0.605982 0.481102 1 22 1.000000
 29 62.848106 -2.209622 97.792397 0.402802 0.236589 -0.884181 0.647517 0.480171 1 22 1.000000
 29 65.434341 -2.152651 96.724716 -0.345616 0.925506 -0.154879 0.650813 0.510475 1 22 1.000000
MarioHand_alb.png
 29 63.953278 -4.487240 95.686432 -0.808666 0.090117 -0.581324 0.613565 0.515877 1 22 1.000000
 29 63.176350 -4.553709 97.065598 0.140787 0.341095 -0.929426 0.605982 0.481102 1 22 1.000000
 29 65.434341 -2.152651 96.724716 -0.345616 0.925506 -0.154879 0.650813 0.510475 1 22 1.000000
MarioHand_alb.png
 29 67.990883 -1.574569 95.650574 -0.062561 0.994506 0.083924 0.689326 0.534783 1 22 1.000000
 29 67.282188 -1.923980 98.223679 -0.031281 0.992028 0.122071 0.685939 0.506310 1 22 1.000000
 29 68.755989 -2.034814 98.484047 0.421140 0.879211 0.222777 0.710613 0.501701 1 22 1.000000
MarioHand_alb.png
 29 67.990883 -1.574569 95.650574 -0.062561 0.994506 0.083924 0.689326 0.534783 1 22 1.000000
 29 65.434341 -2.152651 96.724716 -0.345616 0.925506 -0.154879 0.650813 0.510475 1 22 1.000000
 29 67.282188 -1.923980 98.223679 -0.031281 0.992028 0.122071 0.685939 0.506310 1 22 1.000000
MarioHand_alb.png
 29 67.990883 -1.574569 95.650574 -0.062561 0.994506 0.083924 0.689326 0.534783 1 22 1.000000
 29 68.755989 -2.034814 98.484047 0.421140 0.879211 0.222777 0.710613 0.501701 1 22 1.000000
 29 69.476532 -1.891567 95.389542 0.618751 0.783500 0.057221 0.712093 0.530465 1 22 1.000000
MarioHand_alb.png
 29 63.953278 -4.487240 95.686432 -0.808666 0.090117 -0.581324 0.613565 0.515877 1 22 1.000000
 29 65.434341 -2.152651 96.724716 -0.345616 0.925506 -0.154879 0.650813 0.510475 1 22 1.000000
 29 65.875565 -2.059234 95.216171 -0.585180 0.780781 -0.218966 0.654704 0.540658 1 22 1.000000
MarioHand_alb.png
 29 65.875565 -2.059234 95.216171 -0.585180 0.780781 -0.218966 0.654704 0.540658 1 22 1.000000
 29 65.434341 -2.152651 96.724716 -0.345616 0.925506 -0.154879 0.650813 0.510475 1 22 1.000000
 29 67.990883 -1.574569 95.650574 -0.062561 0.994506 0.083924 0.689326 0.534783 1 22 1.000000
MarioHand_alb.png
 29 64.481033 -4.456491 94.650650 -0.871908 0.089918 -0.481342 0.615396 0.547707 1 22 1.000000
 29 63.953278 -4.487240 95.686432 -0.808666 0.090117 -0.581324 0.613565 0.515877 1 22 1.000000
 29 65.875565 -2.059234 95.216171 -0.585180 0.780781 -0.218966 0.654704 0.540658 1 22 1.000000
MarioHand_alb.png
 29 65.913719 -4.391074 93.312531 -0.851230 0.101637 -0.514857 0.620249 0.578958 1 22 1.000000
 29 64.481033 -4.456491 94.650650 -0.871908 0.089918 -0.481342 0.615396 0.547707 1 22 1.000000
 29 65.875565 -2.059234 95.216171 -0.585180 0.780781 -0.218966 0.654704 0.540658 1 22 1.000000
MarioHand_alb.png
 29 67.878357 -1.168550 92.556549 0.006104 0.995921 0.090027 0.691905 0.564828 1 22 1.000000
 29 67.990883 -1.574569 95.650574 -0.062561 0.994506 0.083924 0.689326 0.534783 1 22 1.000000
 29 69.476532 -1.891567 95.389542 0.618751 0.783500 0.057221 0.712093 0.530465 1 22 1.000000
MarioHand_alb.png
 29 68.592010 -1.482542 91.862968 0.631791 0.715104 -0.299109 0.713176 0.561318 1 22 1.000000
 29 67.878357 -1.168550 92.556549 0.006104 0.995921 0.090027 0.691905 0.564828 1 22 1.000000
 29 69.476532 -1.891567 95.389542 0.618751 0.783500 0.057221 0.712093 0.530465 1 22 1.000000
MarioHand_alb.png
 29 65.875565 -2.059234 95.216171 -0.585180 0.780781 -0.218966 0.654704 0.540658 1 22 1.000000
 29 67.990883 -1.574569 95.650574 -0.062561 0.994506 0.083924 0.689326 0.534783 1 22 1.000000
 29 66.796219 -1.940664 93.326324 -0.523367 0.851926 -0.017547 0.657938 0.571283 1 22 1.000000
MarioHand_alb.png
 29 65.913719 -4.391074 93.312531 -0.851230 0.101637 -0.514857 0.620249 0.578958 1 22 1.000000
 29 65.875565 -2.059234 95.216171 -0.585180 0.780781 -0.218966 0.654704 0.540658 1 22 1.000000
 29 66.796219 -1.940664 93.326324 -0.523367 0.851926 -0.017547 0.657938 0.571283 1 22 1.000000
MarioHand_alb.png
 29 66.796219 -1.940664 93.326324 -0.523367 0.851926 -0.017547 0.657938 0.571283 1 22 1.000000
 29 67.990883 -1.574569 95.650574 -0.062561 0.994506 0.083924 0.689326 0.534783 1 22 1.000000
 29 67.878357 -1.168550 92.556549 0.006104 0.995921 0.090027 0.691905 0.564828 1 22 1.000000
MarioHand_alb.png
 29 66.253807 -4.419763 93.779846 0.884285 -0.070480 0.461598 0.627024 0.609140 1 22 1.000000
 29 65.913719 -4.391074 93.312531 -0.851230 0.101637 -0.514857 0.620249 0.578958 1 22 1.000000
 29 66.796219 -1.940664 93.326324 -0.523367 0.851926 -0.017547 0.657938 0.571283 1 22 1.000000
MarioHand_alb.png
 29 65.838188 -1.935169 92.894005 0.379930 0.738571 0.556926 0.661585 0.600534 1 22 1.000000
 29 66.253807 -4.419763 93.779846 0.884285 -0.070480 0.461598 0.627024 0.609140 1 22 1.000000
 29 66.796219 -1.940664 93.326324 -0.523367 0.851926 -0.017547 0.657938 0.571283 1 22 1.000000
MarioHand_alb.png
 29 66.674561 -0.991535 91.510574 0.064087 0.995419 0.070953 0.694194 0.593301 1 22 1.000000
 29 66.796219 -1.940664 93.326324 -0.523367 0.851926 -0.017547 0.657938 0.571283 1 22 1.000000
 29 67.878357 -1.168550 92.556549 0.006104 0.995921 0.090027 0.691905 0.564828 1 22 1.000000
MarioHand_alb.png
 29 65.838188 -1.935169 92.894005 0.379930 0.738571 0.556926 0.661585 0.600534 1 22 1.000000
 29 66.796219 -1.940664 93.326324 -0.523367 0.851926 -0.017547 0.657938 0.571283 1 22 1.000000
 29 66.674561 -0.991535 91.510574 0.064087 0.995419 0.070953 0.694194 0.593301 1 22 1.000000
MarioHand_alb.png
 29 66.674561 -0.991535 91.510574 0.064087 0.995419 0.070953 0.694194 0.593301 1 22 1.000000
 29 67.878357 -1.168550 92.556549 0.006104 0.995921 0.090027 0.691905 0.564828 1 22 1.000000
 29 68.592010 -1.482542 91.862968 0.631791 0.715104 -0.299109 0.713176 0.561318 1 22 1.000000
MarioHand_alb.png
 29 64.468391 -1.049098 92.239799 0.084687 0.974232 0.209047 0.697932 0.621729 1 22 1.000000
 29 65.838188 -1.935169 92.894005 0.379930 0.738571 0.556926 0.661585 0.600534 1 22 1.000000
 29 66.674561 -0.991535 91.510574 0.064087 0.995419 0.070953 0.694194 0.593301 1 22 1.000000
MarioHand_alb.png
 29 66.700249 -1.197876 90.414406 0.191497 0.820490 -0.538633 0.714412 0.589548 1 22 1.000000
 29 66.674561 -0.991535 91.510574 0.064087 0.995419 0.070953 0.694194 0.593301 1 22 1.000000
 29 68.592010 -1.482542 91.862968 0.631791 0.715104 -0.299109 0.713176 0.561318 1 22 1.000000
MarioHand_alb.png
 29 64.468391 -1.049098 92.239799 0.084687 0.974232 0.209047 0.697932 0.621729 1 22 1.000000
 29 65.313095 -2.150144 94.352615 0.459328 0.601199 0.653894 0.667018 0.629404 1 22 1.000000
 29 65.838188 -1.935169 92.894005 0.379930 0.738571 0.556926 0.661585 0.600534 1 22 1.000000
MarioHand_alb.png
 29 65.313095 -2.150144 94.352615 0.459328 0.601199 0.653894 0.667018 0.629404 1 22 1.000000
 29 66.253807 -4.419763 93.779846 0.884285 -0.070480 0.461598 0.627024 0.609140 1 22 1.000000
 29 65.838188 -1.935169 92.894005 0.379930 0.738571 0.556926 0.661585 0.600534 1 22 1.000000
MarioHand_alb.png
 29 65.313095 -2.150144 94.352615 0.459328 0.601199 0.653894 0.667018 0.629404 1 22 1.000000
 29 65.642532 -4.532212 95.077232 0.592727 -0.103746 0.798694 0.635569 0.639704 1 22 1.000000
 29 66.253807 -4.419763 93.779846 0.884285 -0.070480 0.461598 0.627024 0.609140 1 22 1.000000
MarioHand_alb.png
 29 65.313095 -2.150144 94.352615 0.459328 0.601199 0.653894 0.667018 0.629404 1 22 1.000000
 29 63.583874 -4.541340 95.721283 0.156773 -0.113670 0.981071 0.648524 0.670115 1 22 1.000000
 29 65.642532 -4.532212 95.077232 0.592727 -0.103746 0.798694 0.635569 0.639704 1 22 1.000000
MarioHand_alb.png
 29 63.297256 -2.271721 95.100906 0.078593 0.624857 0.776773 0.676280 0.657664 1 22 1.000000
 29 63.583874 -4.541340 95.721283 0.156773 -0.113670 0.981071 0.648524 0.670115 1 22 1.000000
 29 65.313095 -2.150144 94.352615 0.459328 0.601199 0.653894 0.667018 0.629404 1 22 1.000000
MarioHand_alb.png
 29 61.611153 -4.474594 95.569878 -0.266280 -0.103670 0.958304 0.668009 0.692836 1 22 1.000000
 29 63.583874 -4.541340 95.721283 0.156773 -0.113670 0.981071 0.648524 0.670115 1 22 1.000000
 29 63.297256 -2.271721 95.100906 0.078593 0.624857 0.776773 0.676280 0.657664 1 22 1.000000
MarioHand_alb.png
 29 62.496613 -1.114797 93.106491 -0.070191 0.942044 0.328065 0.704662 0.651240 1 22 1.000000
 29 63.297256 -2.271721 95.100906 0.078593 0.624857 0.776773 0.676280 0.657664 1 22 1.000000
 29 65.313095 -2.150144 94.352615 0.459328 0.601199 0.653894 0.667018 0.629404 1 22 1.000000
MarioHand_alb.png
 29 62.496613 -1.114797 93.106491 -0.070191 0.942044 0.328065 0.704662 0.651240 1 22 1.000000
 29 65.313095 -2.150144 94.352615 0.459328 0.601199 0.653894 0.667018 0.629404 1 22 1.000000
 29 64.468391 -1.049098 92.239799 0.084687 0.974232 0.209047 0.697932 0.621729 1 22 1.000000
MarioHand_alb.png
 29 61.401703 -2.816025 95.116524 -0.334841 0.502572 0.797059 0.688640 0.681010 1 22 1.000000
 29 61.611153 -4.474594 95.569878 -0.266280 -0.103670 0.958304 0.668009 0.692836 1 22 1.000000
 29 63.297256 -2.271721 95.100906 0.078593 0.624857 0.776773 0.676280 0.657664 1 22 1.000000
MarioHand_alb.png
 29 61.401703 -2.816025 95.116524 -0.334841 0.502572 0.797059 0.688640 0.681010 1 22 1.000000
 29 63.297256 -2.271721 95.100906 0.078593 0.624857 0.776773 0.676280 0.657664 1 22 1.000000
 29 62.496613 -1.114797 93.106491 -0.070191 0.942044 0.328065 0.704662 0.651240 1 22 1.000000
MarioHand_alb.png
 29 59.842232 -4.222323 93.760490 -0.931251 -0.017549 0.363955 0.699931 0.711192 1 22 1.000000
 29 61.611153 -4.474594 95.569878 -0.266280 -0.103670 0.958304 0.668009 0.692836 1 22 1.000000
 29 61.401703 -2.816025 95.116524 -0.334841 0.502572 0.797059 0.688640 0.681010 1 22 1.000000
MarioHand_alb.png
 29 60.816612 -1.970579 93.659058 -0.532944 0.735195 0.418878 0.714885 0.678691 1 22 1.000000
 29 59.842232 -4.222323 93.760490 -0.931251 -0.017549 0.363955 0.699931 0.711192 1 22 1.000000
 29 61.401703 -2.816025 95.116524 -0.334841 0.502572 0.797059 0.688640 0.681010 1 22 1.000000
MarioHand_alb.png
 29 60.816612 -1.970579 93.659058 -0.532944 0.735195 0.418878 0.714885 0.678691 1 22 1.000000
 29 61.401703 -2.816025 95.116524 -0.334841 0.502572 0.797059 0.688640 0.681010 1 22 1.000000
 29 62.496613 -1.114797 93.106491 -0.070191 0.942044 0.328065 0.704662 0.651240 1 22 1.000000
MarioHand_alb.png
 29 61.924290 -1.255706 91.631973 -0.299071 0.914761 -0.271605 0.721431 0.645609 1 22 1.000000
 29 62.496613 -1.114797 93.106491 -0.070191 0.942044 0.328065 0.704662 0.651240 1 22 1.000000
 29 64.468391 -1.049098 92.239799 0.084687 0.974232 0.209047 0.697932 0.621729 1 22 1.000000
MarioHand_alb.png
 29 60.816612 -1.970579 93.659058 -0.532944 0.735195 0.418878 0.714885 0.678691 1 22 1.000000
 29 62.496613 -1.114797 93.106491 -0.070191 0.942044 0.328065 0.704662 0.651240 1 22 1.000000
 29 61.924290 -1.255706 91.631973 -0.299071 0.914761 -0.271605 0.721431 0.645609 1 22 1.000000
MarioHand_alb.png
 29 64.468391 -1.049098 92.239799 0.084687 0.974232 0.209047 0.697932 0.621729 1 22 1.000000
 29 66.674561 -0.991535 91.510574 0.064087 0.995419 0.070953 0.694194 0.593301 1 22 1.000000
 29 63.912308 -1.176520 90.794388 -0.101852 0.895821 -0.432586 0.716701 0.617273 1 22 1.000000
MarioHand_alb.png
 29 61.924290 -1.255706 91.631973 -0.299071 0.914761 -0.271605 0.721431 0.645609 1 22 1.000000
 29 64.468391 -1.049098 92.239799 0.084687 0.974232 0.209047 0.697932 0.621729 1 22 1.000000
 29 63.912308 -1.176520 90.794388 -0.101852 0.895821 -0.432586 0.716701 0.617273 1 22 1.000000
MarioHand_alb.png
 29 63.912308 -1.176520 90.794388 -0.101852 0.895821 -0.432586 0.716701 0.617273 1 22 1.000000
 29 66.674561 -0.991535 91.510574 0.064087 0.995419 0.070953 0.694194 0.593301 1 22 1.000000
 29 66.700249 -1.197876 90.414406 0.191497 0.820490 -0.538633 0.714412 0.589548 1 22 1.000000
MarioHand_alb.png
 29 60.216354 -2.498435 92.093414 -0.841616 0.526797 -0.119032 0.736843 0.668162 1 22 1.000000
 29 60.816612 -1.970579 93.659058 -0.532944 0.735195 0.418878 0.714885 0.678691 1 22 1.000000
 29 61.924290 -1.255706 91.631973 -0.299071 0.914761 -0.271605 0.721431 0.645609 1 22 1.000000
MarioHand_alb.png
 29 59.842232 -4.222323 93.760490 -0.931251 -0.017549 0.363955 0.758190 0.694240 1 22 1.000000
 29 60.816612 -1.970579 93.659058 -0.532944 0.735195 0.418878 0.714885 0.678691 1 22 1.000000
 29 60.216354 -2.498435 92.093414 -0.841616 0.526797 -0.119032 0.736843 0.668162 1 22 1.000000
MarioHand_alb.png
 29 61.469826 -2.254887 90.403824 -0.445891 0.596341 -0.667502 0.739178 0.641215 1 22 1.000000
 29 61.924290 -1.255706 91.631973 -0.299071 0.914761 -0.271605 0.721431 0.645609 1 22 1.000000
 29 63.912308 -1.176520 90.794388 -0.101852 0.895821 -0.432586 0.716701 0.617273 1 22 1.000000
MarioHand_alb.png
 29 60.216354 -2.498435 92.093414 -0.841616 0.526797 -0.119032 0.736843 0.668162 1 22 1.000000
 29 61.924290 -1.255706 91.631973 -0.299071 0.914761 -0.271605 0.721431 0.645609 1 22 1.000000
 29 61.469826 -2.254887 90.403824 -0.445891 0.596341 -0.667502 0.739178 0.641215 1 22 1.000000
MarioHand_alb.png
 29 59.842232 -4.222323 93.760490 -0.931251 -0.017549 0.363955 0.758190 0.694240 1 22 1.000000
 29 60.216354 -2.498435 92.093414 -0.841616 0.526797 -0.119032 0.736843 0.668162 1 22 1.000000
 29 59.909744 -3.933629 91.234871 -0.926322 0.070533 -0.370071 0.758022 0.663630 1 22 1.000000
MarioHand_alb.png
 29 59.909744 -3.933629 91.234871 -0.926322 0.070533 -0.370071 0.758022 0.663630 1 22 1.000000
 29 60.216354 -2.498435 92.093414 -0.841616 0.526797 -0.119032 0.736843 0.668162 1 22 1.000000
 29 61.469826 -2.254887 90.403824 -0.445891 0.596341 -0.667502 0.739178 0.641215 1 22 1.000000
MarioHand_alb.png
 29 59.842232 -4.222323 93.760490 -0.931251 -0.017549 0.363955 0.758190 0.694240 1 22 1.000000
 29 59.909744 -3.933629 91.234871 -0.926322 0.070533 -0.370071 0.758022 0.663630 1 22 1.000000
 29 60.135475 -5.611360 91.728798 -0.868583 -0.439918 -0.228113 0.780209 0.667903 1 22 1.000000
MarioHand_alb.png
 29 59.842232 -4.222323 93.760490 -0.931251 -0.017549 0.363955 0.758190 0.694240 1 22 1.000000
 29 60.135475 -5.611360 91.728798 -0.868583 -0.439918 -0.228113 0.780209 0.667903 1 22 1.000000
 29 60.702766 -6.502504 93.138199 -0.661864 -0.720326 0.207524 0.802594 0.678203 1 22 1.000000
MarioHand_alb.png
 29 59.909744 -3.933629 91.234871 -0.926322 0.070533 -0.370071 0.758022 0.663630 1 22 1.000000
 29 61.469826 -2.254887 90.403824 -0.445891 0.596341 -0.667502 0.739178 0.641215 1 22 1.000000
 29 61.255646 -3.801068 89.789200 -0.498879 0.121144 -0.858163 0.757809 0.639490 1 22 1.000000
MarioHand_alb.png
 29 60.135475 -5.611360 91.728798 -0.868583 -0.439918 -0.228113 0.780209 0.667903 1 22 1.000000
 29 59.909744 -3.933629 91.234871 -0.926322 0.070533 -0.370071 0.758022 0.663630 1 22 1.000000
 29 61.370548 -5.481905 89.998787 -0.455761 -0.412568 -0.788714 0.776684 0.641154 1 22 1.000000
MarioHand_alb.png
 29 59.909744 -3.933629 91.234871 -0.926322 0.070533 -0.370071 0.758022 0.663630 1 22 1.000000
 29 61.255646 -3.801068 89.789200 -0.498879 0.121144 -0.858163 0.757809 0.639490 1 22 1.000000
 29 61.370548 -5.481905 89.998787 -0.455761 -0.412568 -0.788714 0.776684 0.641154 1 22 1.000000
MarioHand_alb.png
 29 61.469826 -2.254887 90.403824 -0.445891 0.596341 -0.667502 0.739178 0.641215 1 22 1.000000
 29 63.912308 -1.176520 90.794388 -0.101852 0.895821 -0.432586 0.716701 0.617273 1 22 1.000000
 29 63.445480 -2.200180 89.545448 -0.148403 0.547903 -0.823273 0.737087 0.613901 1 22 1.000000
MarioHand_alb.png
 29 61.469826 -2.254887 90.403824 -0.445891 0.596341 -0.667502 0.739178 0.641215 1 22 1.000000
 29 63.445480 -2.200180 89.545448 -0.148403 0.547903 -0.823273 0.737087 0.613901 1 22 1.000000
 29 61.255646 -3.801068 89.789200 -0.498879 0.121144 -0.858163 0.757809 0.639490 1 22 1.000000
MarioHand_alb.png
 29 63.445480 -2.200180 89.545448 -0.148403 0.547903 -0.823273 0.737087 0.613901 1 22 1.000000
 29 63.912308 -1.176520 90.794388 -0.101852 0.895821 -0.432586 0.716701 0.617273 1 22 1.000000
 29 66.695236 -2.317094 89.454300 0.270067 0.455381 -0.848347 0.736538 0.586816 1 22 1.000000
MarioHand_alb.png
 29 66.695236 -2.317094 89.454300 0.270067 0.455381 -0.848347 0.736538 0.586816 1 22 1.000000
 29 63.912308 -1.176520 90.794388 -0.101852 0.895821 -0.432586 0.716701 0.617273 1 22 1.000000
 29 66.700249 -1.197876 90.414406 0.191497 0.820490 -0.538633 0.714412 0.589548 1 22 1.000000
MarioHand_alb.png
 29 61.255646 -3.801068 89.789200 -0.498879 0.121144 -0.858163 0.757809 0.639490 1 22 1.000000
 29 63.445480 -2.200180 89.545448 -0.148403 0.547903 -0.823273 0.737087 0.613901 1 22 1.000000
 29 63.245384 -3.757939 88.973892 -0.158311 0.117398 -0.980385 0.757641 0.612909 1 22 1.000000
MarioHand_alb.png
 29 66.695236 -2.317094 89.454300 0.270067 0.455381 -0.848347 0.736538 0.586816 1 22 1.000000
 29 66.700249 -1.197876 90.414406 0.191497 0.820490 -0.538633 0.714412 0.589548 1 22 1.000000
 29 69.147858 -2.565214 91.231667 0.802063 0.356387 -0.479253 0.735759 0.558495 1 22 1.000000
MarioHand_alb.png
 29 69.147858 -2.565214 91.231667 0.802063 0.356387 -0.479253 0.735759 0.558495 1 22 1.000000
 29 66.700249 -1.197876 90.414406 0.191497 0.820490 -0.538633 0.714412 0.589548 1 22 1.000000
 29 68.592010 -1.482542 91.862968 0.631791 0.715104 -0.299109 0.713176 0.561318 1 22 1.000000
MarioHand_alb.png
 29 69.147858 -2.565214 91.231667 0.802063 0.356387 -0.479253 0.735759 0.558495 1 22 1.000000
 29 68.592010 -1.482542 91.862968 0.631791 0.715104 -0.299109 0.713176 0.561318 1 22 1.000000
 29 70.549721 -3.022165 95.206726 0.950413 0.310686 -0.013730 0.735439 0.528206 1 22 1.000000
MarioHand_alb.png
 29 70.640060 -4.632837 94.956413 0.992377 -0.109554 -0.056446 0.758495 0.529381 1 22 1.000000
 29 69.147858 -2.565214 91.231667 0.802063 0.356387 -0.479253 0.735759 0.558495 1 22 1.000000
 29 70.549721 -3.022165 95.206726 0.950413 0.310686 -0.013730 0.735439 0.528206 1 22 1.000000
MarioHand_alb.png
 29 63.445480 -2.200180 89.545448 -0.148403 0.547903 -0.823273 0.737087 0.613901 1 22 1.000000
 29 66.695236 -2.317094 89.454300 0.270067 0.455381 -0.848347 0.736538 0.586816 1 22 1.000000
 29 66.662415 -3.847914 89.036057 0.301357 0.074338 -0.950609 0.757671 0.586267 1 22 1.000000
MarioHand_alb.png
 29 63.245384 -3.757939 88.973892 -0.158311 0.117398 -0.980385 0.757641 0.612909 1 22 1.000000
 29 63.445480 -2.200180 89.545448 -0.148403 0.547903 -0.823273 0.737087 0.613901 1 22 1.000000
 29 66.662415 -3.847914 89.036057 0.301357 0.074338 -0.950609 0.757671 0.586267 1 22 1.000000
MarioHand_alb.png
 29 69.246399 -4.139999 90.942902 0.823824 -0.009821 -0.566761 0.758007 0.558129 1 22 1.000000
 29 66.695236 -2.317094 89.454300 0.270067 0.455381 -0.848347 0.736538 0.586816 1 22 1.000000
 29 69.147858 -2.565214 91.231667 0.802063 0.356387 -0.479253 0.735759 0.558495 1 22 1.000000
MarioHand_alb.png
 29 69.246399 -4.139999 90.942902 0.823824 -0.009821 -0.566761 0.758007 0.558129 1 22 1.000000
 29 69.147858 -2.565214 91.231667 0.802063 0.356387 -0.479253 0.735759 0.558495 1 22 1.000000
 29 70.640060 -4.632837 94.956413 0.992377 -0.109554 -0.056446 0.758495 0.529381 1 22 1.000000
MarioHand_alb.png
 29 66.662415 -3.847914 89.036057 0.301357 0.074338 -0.950609 0.757671 0.586267 1 22 1.000000
 29 66.695236 -2.317094 89.454300 0.270067 0.455381 -0.848347 0.736538 0.586816 1 22 1.000000
 29 69.246399 -4.139999 90.942902 0.823824 -0.009821 -0.566761 0.758007 0.558129 1 22 1.000000
MarioHand_alb.png
 29 61.255646 -3.801068 89.789200 -0.498879 0.121144 -0.858163 0.757809 0.639490 1 22 1.000000
 29 63.245384 -3.757939 88.973892 -0.158311 0.117398 -0.980385 0.757641 0.612909 1 22 1.000000
 29 63.353836 -5.341773 89.172798 -0.154868 -0.351982 -0.923106 0.777417 0.614038 1 22 1.000000
MarioHand_alb.png
 29 63.245384 -3.757939 88.973892 -0.158311 0.117398 -0.980385 0.757641 0.612909 1 22 1.000000
 29 66.662415 -3.847914 89.036057 0.301357 0.074338 -0.950609 0.757671 0.586267 1 22 1.000000
 29 63.353836 -5.341773 89.172798 -0.154868 -0.351982 -0.923106 0.777417 0.614038 1 22 1.000000
MarioHand_alb.png
 29 61.370548 -5.481905 89.998787 -0.455761 -0.412568 -0.788714 0.776684 0.641154 1 22 1.000000
 29 61.255646 -3.801068 89.789200 -0.498879 0.121144 -0.858163 0.757809 0.639490 1 22 1.000000
 29 63.353836 -5.341773 89.172798 -0.154868 -0.351982 -0.923106 0.777417 0.614038 1 22 1.000000
MarioHand_alb.png
 29 66.617867 -5.365936 89.147537 0.276238 -0.319161 -0.906548 0.778195 0.587213 1 22 1.000000
 29 66.662415 -3.847914 89.036057 0.301357 0.074338 -0.950609 0.757671 0.586267 1 22 1.000000
 29 69.246399 -4.139999 90.942902 0.823824 -0.009821 -0.566761 0.758007 0.558129 1 22 1.000000
MarioHand_alb.png
 29 66.617867 -5.365936 89.147537 0.276238 -0.319161 -0.906548 0.778195 0.587213 1 22 1.000000
 29 63.353836 -5.341773 89.172798 -0.154868 -0.351982 -0.923106 0.777417 0.614038 1 22 1.000000
 29 66.662415 -3.847914 89.036057 0.301357 0.074338 -0.950609 0.757671 0.586267 1 22 1.000000
MarioHand_alb.png
 29 69.124405 -5.651484 91.245331 0.782802 -0.369752 -0.500505 0.779156 0.559640 1 22 1.000000
 29 69.246399 -4.139999 90.942902 0.823824 -0.009821 -0.566761 0.758007 0.558129 1 22 1.000000
 29 70.640060 -4.632837 94.956413 0.992377 -0.109554 -0.056446 0.758495 0.529381 1 22 1.000000
MarioHand_alb.png
 29 66.617867 -5.365936 89.147537 0.276238 -0.319161 -0.906548 0.778195 0.587213 1 22 1.000000
 29 69.246399 -4.139999 90.942902 0.823824 -0.009821 -0.566761 0.758007 0.558129 1 22 1.000000
 29 69.124405 -5.651484 91.245331 0.782802 -0.369752 -0.500505 0.779156 0.559640 1 22 1.000000
MarioHand_alb.png
 29 69.124405 -5.651484 91.245331 0.782802 -0.369752 -0.500505 0.779156 0.559640 1 22 1.000000
 29 70.640060 -4.632837 94.956413 0.992377 -0.109554 -0.056446 0.758495 0.529381 1 22 1.000000
 29 70.126526 -6.025415 94.848869 0.882696 -0.465761 -0.062559 0.779660 0.530648 1 22 1.000000
MarioHand_alb.png
 29 68.366379 -6.781034 91.600204 0.573793 -0.721057 -0.388379 0.801282 0.561624 1 22 1.000000
 29 69.124405 -5.651484 91.245331 0.782802 -0.369752 -0.500505 0.779156 0.559640 1 22 1.000000
 29 70.126526 -6.025415 94.848869 0.882696 -0.465761 -0.062559 0.779660 0.530648 1 22 1.000000
MarioHand_alb.png
 29 66.563629 -6.588778 89.859261 0.201431 -0.694708 -0.690512 0.800107 0.589487 1 22 1.000000
 29 66.617867 -5.365936 89.147537 0.276238 -0.319161 -0.906548 0.778195 0.587213 1 22 1.000000
 29 69.124405 -5.651484 91.245331 0.782802 -0.369752 -0.500505 0.779156 0.559640 1 22 1.000000
MarioHand_alb.png
 29 66.563629 -6.588778 89.859261 0.201431 -0.694708 -0.690512 0.800107 0.589487 1 22 1.000000
 29 69.124405 -5.651484 91.245331 0.782802 -0.369752 -0.500505 0.779156 0.559640 1 22 1.000000
 29 68.366379 -6.781034 91.600204 0.573793 -0.721057 -0.388379 0.801282 0.561624 1 22 1.000000
MarioHand_alb.png
 29 63.781818 -6.675674 90.201546 -0.115590 -0.763353 -0.635555 0.798596 0.617121 1 22 1.000000
 29 63.353836 -5.341773 89.172798 -0.154868 -0.351982 -0.923106 0.777417 0.614038 1 22 1.000000
 29 66.617867 -5.365936 89.147537 0.276238 -0.319161 -0.906548 0.778195 0.587213 1 22 1.000000
MarioHand_alb.png
 29 63.781818 -6.675674 90.201546 -0.115590 -0.763353 -0.635555 0.798596 0.617121 1 22 1.000000
 29 66.617867 -5.365936 89.147537 0.276238 -0.319161 -0.906548 0.778195 0.587213 1 22 1.000000
 29 66.563629 -6.588778 89.859261 0.201431 -0.694708 -0.690512 0.800107 0.589487 1 22 1.000000
MarioHand_alb.png
 29 61.370548 -5.481905 89.998787 -0.455761 -0.412568 -0.788714 0.776684 0.641154 1 22 1.000000
 29 63.353836 -5.341773 89.172798 -0.154868 -0.351982 -0.923106 0.777417 0.614038 1 22 1.000000
 29 63.781818 -6.675674 90.201546 -0.115590 -0.763353 -0.635555 0.798596 0.617121 1 22 1.000000
MarioHand_alb.png
 29 66.519501 -7.137824 90.905731 0.080109 -0.969609 -0.231173 0.821576 0.592447 1 22 1.000000
 29 66.563629 -6.588778 89.859261 0.201431 -0.694708 -0.690512 0.800107 0.589487 1 22 1.000000
 29 68.366379 -6.781034 91.600204 0.573793 -0.721057 -0.388379 0.801282 0.561624 1 22 1.000000
MarioHand_alb.png
 29 66.519501 -7.137824 90.905731 0.080109 -0.969609 -0.231173 0.821576 0.592447 1 22 1.000000
 29 63.781818 -6.675674 90.201546 -0.115590 -0.763353 -0.635555 0.798596 0.617121 1 22 1.000000
 29 66.563629 -6.588778 89.859261 0.201431 -0.694708 -0.690512 0.800107 0.589487 1 22 1.000000
MarioHand_alb.png
 29 67.555161 -7.259156 92.375160 0.058746 -0.988569 -0.138854 0.823102 0.564050 1 22 1.000000
 29 66.519501 -7.137824 90.905731 0.080109 -0.969609 -0.231173 0.821576 0.592447 1 22 1.000000
 29 68.366379 -6.781034 91.600204 0.573793 -0.721057 -0.388379 0.801282 0.561624 1 22 1.000000
MarioHand_alb.png
 29 66.596436 -6.707666 92.798019 -0.560771 -0.798908 -0.217442 0.856214 0.568063 1 22 1.000000
 29 66.519501 -7.137824 90.905731 0.080109 -0.969609 -0.231173 0.821576 0.592447 1 22 1.000000
 29 67.555161 -7.259156 92.375160 0.058746 -0.988569 -0.138854 0.823102 0.564050 1 22 1.000000
MarioHand_alb.png
 29 61.783962 -6.747609 90.994774 -0.323090 -0.807915 -0.492836 0.794705 0.645380 1 22 1.000000
 29 61.370548 -5.481905 89.998787 -0.455761 -0.412568 -0.788714 0.776684 0.641154 1 22 1.000000
 29 63.781818 -6.675674 90.201546 -0.115590 -0.763353 -0.635555 0.798596 0.617121 1 22 1.000000
MarioHand_alb.png
 29 60.135475 -5.611360 91.728798 -0.868583 -0.439918 -0.228113 0.780209 0.667903 1 22 1.000000
 29 61.370548 -5.481905 89.998787 -0.455761 -0.412568 -0.788714 0.776684 0.641154 1 22 1.000000
 29 61.783962 -6.747609 90.994774 -0.323090 -0.807915 -0.492836 0.794705 0.645380 1 22 1.000000
MarioHand_alb.png
 29 60.135475 -5.611360 91.728798 -0.868583 -0.439918 -0.228113 0.780209 0.667903 1 22 1.000000
 29 61.783962 -6.747609 90.994774 -0.323090 -0.807915 -0.492836 0.794705 0.645380 1 22 1.000000
 29 60.702766 -6.502504 93.138199 -0.661864 -0.720326 0.207524 0.802594 0.678203 1 22 1.000000
MarioHand_alb.png
 29 64.345703 -7.282113 91.616135 0.051115 -0.991016 -0.123591 0.818418 0.620798 1 22 1.000000
 29 63.781818 -6.675674 90.201546 -0.115590 -0.763353 -0.635555 0.798596 0.617121 1 22 1.000000
 29 66.519501 -7.137824 90.905731 0.080109 -0.969609 -0.231173 0.821576 0.592447 1 22 1.000000
MarioHand_alb.png
 29 64.345703 -7.282113 91.616135 0.051115 -0.991016 -0.123591 0.818418 0.620798 1 22 1.000000
 29 61.783962 -6.747609 90.994774 -0.323090 -0.807915 -0.492836 0.794705 0.645380 1 22 1.000000
 29 63.781818 -6.675674 90.201546 -0.115590 -0.763353 -0.635555 0.798596 0.617121 1 22 1.000000
MarioHand_alb.png
 29 65.634041 -6.566777 92.386963 0.396713 -0.842728 0.363907 0.853712 0.597482 1 22 1.000000
 29 66.519501 -7.137824 90.905731 0.080109 -0.969609 -0.231173 0.821576 0.592447 1 22 1.000000
 29 66.596436 -6.707666 92.798019 -0.560771 -0.798908 -0.217442 0.856214 0.568063 1 22 1.000000
MarioHand_alb.png
 29 64.345703 -7.282113 91.616135 0.051115 -0.991016 -0.123591 0.818418 0.620798 1 22 1.000000
 29 66.519501 -7.137824 90.905731 0.080109 -0.969609 -0.231173 0.821576 0.592447 1 22 1.000000
 29 65.634041 -6.566777 92.386963 0.396713 -0.842728 0.363907 0.853712 0.597482 1 22 1.000000
MarioHand_alb.png
 29 66.253807 -4.419763 93.779846 0.884285 -0.070480 0.461598 0.887480 0.603784 1 22 1.000000
 29 66.596436 -6.707666 92.798019 -0.560771 -0.798908 -0.217442 0.856214 0.568063 1 22 1.000000
 29 65.913719 -4.391074 93.312531 -0.851230 0.101637 -0.514857 0.891951 0.572778 1 22 1.000000
MarioHand_alb.png
 29 65.634041 -6.566777 92.386963 0.396713 -0.842728 0.363907 0.853712 0.597482 1 22 1.000000
 29 66.596436 -6.707666 92.798019 -0.560771 -0.798908 -0.217442 0.856214 0.568063 1 22 1.000000
 29 66.253807 -4.419763 93.779846 0.884285 -0.070480 0.461598 0.887480 0.603784 1 22 1.000000
MarioHand_alb.png
 29 62.340572 -7.327419 92.392448 -0.160608 -0.987017 -0.001526 0.812039 0.650004 1 22 1.000000
 29 61.783962 -6.747609 90.994774 -0.323090 -0.807915 -0.492836 0.794705 0.645380 1 22 1.000000
 29 64.345703 -7.282113 91.616135 0.051115 -0.991016 -0.123591 0.818418 0.620798 1 22 1.000000
MarioHand_alb.png
 29 60.702766 -6.502504 93.138199 -0.661864 -0.720326 0.207524 0.802594 0.678203 1 22 1.000000
 29 61.783962 -6.747609 90.994774 -0.323090 -0.807915 -0.492836 0.794705 0.645380 1 22 1.000000
 29 62.340572 -7.327419 92.392448 -0.160608 -0.987017 -0.001526 0.812039 0.650004 1 22 1.000000
MarioHand_alb.png
 29 64.345703 -7.282113 91.616135 0.051115 -0.991016 -0.123591 0.818418 0.620798 1 22 1.000000
 29 65.634041 -6.566777 92.386963 0.396713 -0.842728 0.363907 0.853712 0.597482 1 22 1.000000
 29 65.211769 -6.692144 93.866608 0.496756 -0.669973 0.551697 0.849088 0.626520 1 22 1.000000
MarioHand_alb.png
 29 65.634041 -6.566777 92.386963 0.396713 -0.842728 0.363907 0.853712 0.597482 1 22 1.000000
 29 66.253807 -4.419763 93.779846 0.884285 -0.070480 0.461598 0.887480 0.603784 1 22 1.000000
 29 65.211769 -6.692144 93.866608 0.496756 -0.669973 0.551697 0.849088 0.626520 1 22 1.000000
MarioHand_alb.png
 29 62.340572 -7.327419 92.392448 -0.160608 -0.987017 -0.001526 0.812039 0.650004 1 22 1.000000
 29 64.345703 -7.282113 91.616135 0.051115 -0.991016 -0.123591 0.818418 0.620798 1 22 1.000000
 29 65.211769 -6.692144 93.866608 0.496756 -0.669973 0.551697 0.849088 0.626520 1 22 1.000000
MarioHand_alb.png
 29 65.642532 -4.532212 95.077232 0.592727 -0.103746 0.798694 0.880919 0.635096 1 22 1.000000
 29 65.211769 -6.692144 93.866608 0.496756 -0.669973 0.551697 0.849088 0.626520 1 22 1.000000
 29 66.253807 -4.419763 93.779846 0.884285 -0.070480 0.461598 0.887480 0.603784 1 22 1.000000
MarioHand_alb.png
 29 63.583874 -4.541340 95.721283 0.156773 -0.113670 0.981071 0.869551 0.666270 1 22 1.000000
 29 65.211769 -6.692144 93.866608 0.496756 -0.669973 0.551697 0.849088 0.626520 1 22 1.000000
 29 65.642532 -4.532212 95.077232 0.592727 -0.103746 0.798694 0.880919 0.635096 1 22 1.000000
MarioHand_alb.png
 29 62.340572 -7.327419 92.392448 -0.160608 -0.987017 -0.001526 0.812039 0.650004 1 22 1.000000
 29 65.211769 -6.692144 93.866608 0.496756 -0.669973 0.551697 0.849088 0.626520 1 22 1.000000
 29 63.187119 -6.656057 94.597000 0.068289 -0.686319 0.724088 0.840482 0.655085 1 22 1.000000
MarioHand_alb.png
 29 63.187119 -6.656057 94.597000 0.068289 -0.686319 0.724088 0.840482 0.655085 1 22 1.000000
 29 65.211769 -6.692144 93.866608 0.496756 -0.669973 0.551697 0.849088 0.626520 1 22 1.000000
 29 63.583874 -4.541340 95.721283 0.156773 -0.113670 0.981071 0.869551 0.666270 1 22 1.000000
MarioHand_alb.png
 29 60.702766 -6.502504 93.138199 -0.661864 -0.720326 0.207524 0.802594 0.678203 1 22 1.000000
 29 62.340572 -7.327419 92.392448 -0.160608 -0.987017 -0.001526 0.812039 0.650004 1 22 1.000000
 29 63.187119 -6.656057 94.597000 0.068289 -0.686319 0.724088 0.840482 0.655085 1 22 1.000000
MarioHand_alb.png
 29 63.187119 -6.656057 94.597000 0.068289 -0.686319 0.724088 0.840482 0.655085 1 22 1.000000
 29 63.583874 -4.541340 95.721283 0.156773 -0.113670 0.981071 0.869551 0.666270 1 22 1.000000
 29 61.611153 -4.474594 95.569878 -0.266280 -0.103670 0.958304 0.851331 0.690013 1 22 1.000000
MarioHand_alb.png
 29 60.702766 -6.502504 93.138199 -0.661864 -0.720326 0.207524 0.802594 0.678203 1 22 1.000000
 29 63.187119 -6.656057 94.597000 0.068289 -0.686319 0.724088 0.840482 0.655085 1 22 1.000000
 29 61.321400 -6.011890 94.749222 -0.383440 -0.548262 0.743225 0.829709 0.678981 1 22 1.000000
MarioHand_alb.png
 29 61.321400 -6.011890 94.749222 -0.383440 -0.548262 0.743225 0.829709 0.678981 1 22 1.000000
 29 63.187119 -6.656057 94.597000 0.068289 -0.686319 0.724088 0.840482 0.655085 1 22 1.000000
 29 61.611153 -4.474594 95.569878 -0.266280 -0.103670 0.958304 0.851331 0.690013 1 22 1.000000
MarioHand_alb.png
 29 60.702766 -6.502504 93.138199 -0.661864 -0.720326 0.207524 0.802594 0.678203 1 22 1.000000
 29 61.321400 -6.011890 94.749222 -0.383440 -0.548262 0.743225 0.829709 0.678981 1 22 1.000000
 29 59.842232 -4.222323 93.760490 -0.931251 -0.017549 0.363955 0.820615 0.710201 1 22 1.000000
MarioHand_alb.png
 29 61.321400 -6.011890 94.749222 -0.383440 -0.548262 0.743225 0.829709 0.678981 1 22 1.000000
 29 61.611153 -4.474594 95.569878 -0.266280 -0.103670 0.958304 0.851331 0.690013 1 22 1.000000
 29 59.842232 -4.222323 93.760490 -0.931251 -0.017549 0.363955 0.820615 0.710201 1 22 1.000000
MarioHand_alb.png
 29 64.446213 5.961976 97.259659 -0.486836 -0.107592 -0.866842 0.666743 0.072892 1 22 1.000000
 29 63.279919 3.128185 98.876953 0.654865 0.252106 -0.712457 0.627543 0.030091 1 22 1.000000
 29 62.908741 5.953076 97.146965 0.819821 0.062660 -0.569182 0.674754 0.041138 1 22 1.000000
MarioHand_alb.png
 29 64.446213 5.961976 97.259659 -0.486836 -0.107592 -0.866842 0.666743 0.072892 1 22 1.000000
 29 65.908928 3.109214 98.356270 -0.392948 -0.750177 -0.531815 0.622583 0.062257 1 22 1.000000
 29 63.279919 3.128185 98.876953 0.654865 0.252106 -0.712457 0.627543 0.030091 1 22 1.000000
MarioHand_alb.png
 29 65.908928 3.109214 98.356270 -0.392948 -0.750177 -0.531815 0.622583 0.062257 1 22 1.000000
 29 67.810043 2.786524 99.233002 0.062561 -0.991370 0.115204 0.586419 0.057710 1 22 1.000000
 29 63.279919 3.128185 98.876953 0.654865 0.252106 -0.712457 0.627543 0.030091 1 22 1.000000
MarioHand_alb.png
 29 66.494446 3.215530 96.077873 -0.725610 -0.641871 -0.247974 0.619257 0.095415 1 22 1.000000
 29 65.908928 3.109214 98.356270 -0.392948 -0.750177 -0.531815 0.622583 0.062257 1 22 1.000000
 29 64.446213 5.961976 97.259659 -0.486836 -0.107592 -0.866842 0.666743 0.072892 1 22 1.000000
MarioHand_alb.png
 29 66.494446 3.215530 96.077873 -0.725610 -0.641871 -0.247974 0.619257 0.095415 1 22 1.000000
 29 64.446213 5.961976 97.259659 -0.486836 -0.107592 -0.866842 0.666743 0.072892 1 22 1.000000
 29 65.312149 5.938943 95.949821 -0.934143 -0.082424 -0.347251 0.661418 0.104524 1 22 1.000000
MarioHand_alb.png
 29 65.794685 5.949837 94.968513 -0.977572 -0.047028 -0.205283 0.654856 0.137652 1 22 1.000000
 29 66.494446 3.215530 96.077873 -0.725610 -0.641871 -0.247974 0.619257 0.095415 1 22 1.000000
 29 65.312149 5.938943 95.949821 -0.934143 -0.082424 -0.347251 0.661418 0.104524 1 22 1.000000
MarioHand_alb.png
 29 66.494446 3.215530 96.077873 -0.725610 -0.641871 -0.247974 0.619257 0.095415 1 22 1.000000
 29 68.347702 2.764372 97.282097 0.041198 -0.999085 0.011444 0.584222 0.089067 1 22 1.000000
 29 65.908928 3.109214 98.356270 -0.392948 -0.750177 -0.531815 0.622583 0.062257 1 22 1.000000
MarioHand_alb.png
 29 65.908928 3.109214 98.356270 -0.392948 -0.750177 -0.531815 0.622583 0.062257 1 22 1.000000
 29 68.347702 2.764372 97.282097 0.041198 -0.999085 0.011444 0.584222 0.089067 1 22 1.000000
 29 67.810043 2.786524 99.233002 0.062561 -0.991370 0.115204 0.586419 0.057710 1 22 1.000000
MarioHand_alb.png
 29 66.450378 3.348688 94.552467 -0.782752 -0.622182 -0.013732 0.616129 0.128161 1 22 1.000000
 29 66.494446 3.215530 96.077873 -0.725610 -0.641871 -0.247974 0.619257 0.095415 1 22 1.000000
 29 65.794685 5.949837 94.968513 -0.977572 -0.047028 -0.205283 0.654856 0.137652 1 22 1.000000
MarioHand_alb.png
 29 66.450378 3.348688 94.552467 -0.782752 -0.622182 -0.013732 0.616129 0.128161 1 22 1.000000
 29 68.347702 2.764372 97.282097 0.041198 -0.999085 0.011444 0.584222 0.089067 1 22 1.000000
 29 66.494446 3.215530 96.077873 -0.725610 -0.641871 -0.247974 0.619257 0.095415 1 22 1.000000
MarioHand_alb.png
 29 66.154533 5.994669 94.472366 0.103727 0.009820 0.994557 0.646815 0.170977 1 22 1.000000
 29 66.450378 3.348688 94.552467 -0.782752 -0.622182 -0.013732 0.616129 0.128161 1 22 1.000000
 29 65.794685 5.949837 94.968513 -0.977572 -0.047028 -0.205283 0.654856 0.137652 1 22 1.000000
MarioHand_alb.png
 29 69.786217 3.047335 97.781281 0.704159 -0.701847 0.107569 0.558129 0.085878 1 22 1.000000
 29 67.810043 2.786524 99.233002 0.062561 -0.991370 0.115204 0.586419 0.057710 1 22 1.000000
 29 68.347702 2.764372 97.282097 0.041198 -0.999085 0.011444 0.584222 0.089067 1 22 1.000000
MarioHand_alb.png
 29 66.223221 3.430443 93.819817 -0.107575 -0.844337 0.524903 0.611154 0.160403 1 22 1.000000
 29 66.450378 3.348688 94.552467 -0.782752 -0.622182 -0.013732 0.616129 0.128161 1 22 1.000000
 29 66.154533 5.994669 94.472366 0.103727 0.009820 0.994557 0.646815 0.170977 1 22 1.000000
MarioHand_alb.png
 29 67.705032 2.728982 94.031059 -0.022888 -0.999738 0.000000 0.581292 0.121340 1 22 1.000000
 29 68.347702 2.764372 97.282097 0.041198 -0.999085 0.011444 0.584222 0.089067 1 22 1.000000
 29 66.450378 3.348688 94.552467 -0.782752 -0.622182 -0.013732 0.616129 0.128161 1 22 1.000000
MarioHand_alb.png
 29 66.223221 3.430443 93.819817 -0.107575 -0.844337 0.524903 0.611154 0.160403 1 22 1.000000
 29 67.705032 2.728982 94.031059 -0.022888 -0.999738 0.000000 0.581292 0.121340 1 22 1.000000
 29 66.450378 3.348688 94.552467 -0.782752 -0.622182 -0.013732 0.616129 0.128161 1 22 1.000000
MarioHand_alb.png
 29 67.705032 2.728982 94.031059 -0.022888 -0.999738 0.000000 0.581292 0.121340 1 22 1.000000
 29 69.786217 3.047335 97.781281 0.704159 -0.701847 0.107569 0.558129 0.085878 1 22 1.000000
 29 68.347702 2.764372 97.282097 0.041198 -0.999085 0.011444 0.584222 0.089067 1 22 1.000000
MarioHand_alb.png
 29 65.139664 3.631773 94.558891 0.444024 -0.670542 0.594320 0.605158 0.188998 1 22 1.000000
 29 66.223221 3.430443 93.819817 -0.107575 -0.844337 0.524903 0.611154 0.160403 1 22 1.000000
 29 66.154533 5.994669 94.472366 0.103727 0.009820 0.994557 0.646815 0.170977 1 22 1.000000
MarioHand_alb.png
 29 65.139664 3.631773 94.558891 0.444024 -0.670542 0.594320 0.605158 0.188998 1 22 1.000000
 29 66.154533 5.994669 94.472366 0.103727 0.009820 0.994557 0.646815 0.170977 1 22 1.000000
 29 65.386963 6.116858 95.235748 0.713924 0.033275 0.699432 0.637446 0.201129 1 22 1.000000
MarioHand_alb.png
 29 66.249229 2.680295 92.293427 0.029755 -0.999329 -0.021362 0.578073 0.152712 1 22 1.000000
 29 67.705032 2.728982 94.031059 -0.022888 -0.999738 0.000000 0.581292 0.121340 1 22 1.000000
 29 66.223221 3.430443 93.819817 -0.107575 -0.844337 0.524903 0.611154 0.160403 1 22 1.000000
MarioHand_alb.png
 29 63.500652 3.973652 96.340256 0.322724 -0.623824 0.711824 0.595956 0.215961 1 22 1.000000
 29 65.139664 3.631773 94.558891 0.444024 -0.670542 0.594320 0.605158 0.188998 1 22 1.000000
 29 65.386963 6.116858 95.235748 0.713924 0.033275 0.699432 0.637446 0.201129 1 22 1.000000
MarioHand_alb.png
 29 63.500652 3.973652 96.340256 0.322724 -0.623824 0.711824 0.595956 0.215961 1 22 1.000000
 29 65.386963 6.116858 95.235748 0.713924 0.033275 0.699432 0.637446 0.201129 1 22 1.000000
 29 63.968445 6.276422 97.018494 0.510460 0.050836 0.858397 0.623575 0.229175 1 22 1.000000
MarioHand_alb.png
 29 63.500652 3.973652 96.340256 0.322724 -0.623824 0.711824 0.595956 0.215961 1 22 1.000000
 29 63.968445 6.276422 97.018494 0.510460 0.050836 0.858397 0.623575 0.229175 1 22 1.000000
 29 61.963268 6.290490 97.205757 -0.113661 0.060549 0.991673 0.604318 0.251789 1 22 1.000000
MarioHand_alb.png
 29 64.280838 2.699259 92.846695 0.003815 -0.993940 0.109863 0.573419 0.180728 1 22 1.000000
 29 66.223221 3.430443 93.819817 -0.107575 -0.844337 0.524903 0.611154 0.160403 1 22 1.000000
 29 65.139664 3.631773 94.558891 0.444024 -0.670542 0.594320 0.605158 0.188998 1 22 1.000000
MarioHand_alb.png
 29 64.280838 2.699259 92.846695 0.003815 -0.993940 0.109863 0.573419 0.180728 1 22 1.000000
 29 66.249229 2.680295 92.293427 0.029755 -0.999329 -0.021362 0.578073 0.152712 1 22 1.000000
 29 66.223221 3.430443 93.819817 -0.107575 -0.844337 0.524903 0.611154 0.160403 1 22 1.000000
MarioHand_alb.png
 29 62.355110 2.950609 94.391190 -0.064850 -0.958915 0.276183 0.567193 0.208698 1 22 1.000000
 29 65.139664 3.631773 94.558891 0.444024 -0.670542 0.594320 0.605158 0.188998 1 22 1.000000
 29 63.500652 3.973652 96.340256 0.322724 -0.623824 0.711824 0.595956 0.215961 1 22 1.000000
MarioHand_alb.png
 29 62.355110 2.950609 94.391190 -0.064850 -0.958915 0.276183 0.567193 0.208698 1 22 1.000000
 29 64.280838 2.699259 92.846695 0.003815 -0.993940 0.109863 0.573419 0.180728 1 22 1.000000
 29 65.139664 3.631773 94.558891 0.444024 -0.670542 0.594320 0.605158 0.188998 1 22 1.000000
MarioHand_alb.png
 29 61.616531 4.576125 96.703476 -0.231131 -0.528340 0.816967 0.583658 0.239170 1 22 1.000000
 29 63.500652 3.973652 96.340256 0.322724 -0.623824 0.711824 0.595956 0.215961 1 22 1.000000
 29 61.963268 6.290490 97.205757 -0.113661 0.060549 0.991673 0.604318 0.251789 1 22 1.000000
MarioHand_alb.png
 29 61.616531 4.576125 96.703476 -0.231131 -0.528340 0.816967 0.583658 0.239170 1 22 1.000000
 29 61.963268 6.290490 97.205757 -0.113661 0.060549 0.991673 0.604318 0.251789 1 22 1.000000
 29 60.028576 6.193229 95.574799 -0.868662 0.031283 0.494416 0.572961 0.269306 1 22 1.000000
MarioHand_alb.png
 29 60.783047 3.812774 95.286507 -0.496674 -0.737405 0.457764 0.557076 0.236805 1 22 1.000000
 29 61.616531 4.576125 96.703476 -0.231131 -0.528340 0.816967 0.583658 0.239170 1 22 1.000000
 29 60.028576 6.193229 95.574799 -0.868662 0.031283 0.494416 0.572961 0.269306 1 22 1.000000
MarioHand_alb.png
 29 60.783047 3.812774 95.286507 -0.496674 -0.737405 0.457764 0.557076 0.236805 1 22 1.000000
 29 63.500652 3.973652 96.340256 0.322724 -0.623824 0.711824 0.595956 0.215961 1 22 1.000000
 29 61.616531 4.576125 96.703476 -0.231131 -0.528340 0.816967 0.583658 0.239170 1 22 1.000000
MarioHand_alb.png
 29 60.783047 3.812774 95.286507 -0.496674 -0.737405 0.457764 0.557076 0.236805 1 22 1.000000
 29 62.355110 2.950609 94.391190 -0.064850 -0.958915 0.276183 0.567193 0.208698 1 22 1.000000
 29 63.500652 3.973652 96.340256 0.322724 -0.623824 0.711824 0.595956 0.215961 1 22 1.000000
MarioHand_alb.png
 29 61.557671 3.297287 92.968452 -0.407027 -0.860928 -0.305175 0.549142 0.203143 1 22 1.000000
 29 64.280838 2.699259 92.846695 0.003815 -0.993940 0.109863 0.573419 0.180728 1 22 1.000000
 29 62.355110 2.950609 94.391190 -0.064850 -0.958915 0.276183 0.567193 0.208698 1 22 1.000000
MarioHand_alb.png
 29 60.783047 3.812774 95.286507 -0.496674 -0.737405 0.457764 0.557076 0.236805 1 22 1.000000
 29 61.557671 3.297287 92.968452 -0.407027 -0.860928 -0.305175 0.549142 0.203143 1 22 1.000000
 29 62.355110 2.950609 94.391190 -0.064850 -0.958915 0.276183 0.567193 0.208698 1 22 1.000000
MarioHand_alb.png
 29 64.280838 2.699259 92.846695 0.003815 -0.993940 0.109863 0.573419 0.180728 1 22 1.000000
 29 63.797523 3.000509 91.461723 -0.193781 -0.817443 -0.542435 0.552834 0.175814 1 22 1.000000
 29 66.249229 2.680295 92.293427 0.029755 -0.999329 -0.021362 0.578073 0.152712 1 22 1.000000
MarioHand_alb.png
 29 61.557671 3.297287 92.968452 -0.407027 -0.860928 -0.305175 0.549142 0.203143 1 22 1.000000
 29 63.797523 3.000509 91.461723 -0.193781 -0.817443 -0.542435 0.552834 0.175814 1 22 1.000000
 29 64.280838 2.699259 92.846695 0.003815 -0.993940 0.109863 0.573419 0.180728 1 22 1.000000
MarioHand_alb.png
 29 59.953682 4.437557 93.790054 -0.876560 -0.481097 -0.013732 0.534966 0.226062 1 22 1.000000
 29 61.557671 3.297287 92.968452 -0.407027 -0.860928 -0.305175 0.549142 0.203143 1 22 1.000000
 29 60.783047 3.812774 95.286507 -0.496674 -0.737405 0.457764 0.557076 0.236805 1 22 1.000000
MarioHand_alb.png
 29 60.028576 6.193229 95.574799 -0.868662 0.031283 0.494416 0.513207 0.252415 1 22 1.000000
 29 59.953682 4.437557 93.790054 -0.876560 -0.481097 -0.013732 0.534966 0.226062 1 22 1.000000
 29 60.783047 3.812774 95.286507 -0.496674 -0.737405 0.457764 0.557076 0.236805 1 22 1.000000
MarioHand_alb.png
 29 61.557671 3.297287 92.968452 -0.407027 -0.860928 -0.305175 0.549142 0.203143 1 22 1.000000
 29 60.964966 4.325993 91.907738 -0.538581 -0.463915 -0.703359 0.531472 0.199420 1 22 1.000000
 29 63.797523 3.000509 91.461723 -0.193781 -0.817443 -0.542435 0.552834 0.175814 1 22 1.000000
MarioHand_alb.png
 29 59.953682 4.437557 93.790054 -0.876560 -0.481097 -0.013732 0.534966 0.226062 1 22 1.000000
 29 60.964966 4.325993 91.907738 -0.538581 -0.463915 -0.703359 0.531472 0.199420 1 22 1.000000
 29 61.557671 3.297287 92.968452 -0.407027 -0.860928 -0.305175 0.549142 0.203143 1 22 1.000000
MarioHand_alb.png
 29 66.249229 2.680295 92.293427 0.029755 -0.999329 -0.021362 0.578073 0.152712 1 22 1.000000
 29 63.797523 3.000509 91.461723 -0.193781 -0.817443 -0.542435 0.552834 0.175814 1 22 1.000000
 29 66.938911 2.946568 91.391388 0.279248 -0.757154 -0.590540 0.555459 0.148333 1 22 1.000000
MarioHand_alb.png
 29 66.249229 2.680295 92.293427 0.029755 -0.999329 -0.021362 0.578073 0.152712 1 22 1.000000
 29 66.938911 2.946568 91.391388 0.279248 -0.757154 -0.590540 0.555459 0.148333 1 22 1.000000
 29 67.705032 2.728982 94.031059 -0.022888 -0.999738 0.000000 0.581292 0.121340 1 22 1.000000
MarioHand_alb.png
 29 60.028576 6.193229 95.574799 -0.868662 0.031283 0.494416 0.513207 0.252415 1 22 1.000000
 29 59.607903 6.043352 93.082176 -0.975191 -0.005914 -0.221287 0.512703 0.222461 1 22 1.000000
 29 59.953682 4.437557 93.790054 -0.876560 -0.481097 -0.013732 0.534966 0.226062 1 22 1.000000
MarioHand_alb.png
 29 59.953682 4.437557 93.790054 -0.876560 -0.481097 -0.013732 0.534966 0.226062 1 22 1.000000
 29 59.607903 6.043352 93.082176 -0.975191 -0.005914 -0.221287 0.512703 0.222461 1 22 1.000000
 29 60.964966 4.325993 91.907738 -0.538581 -0.463915 -0.703359 0.531472 0.199420 1 22 1.000000
MarioHand_alb.png
 29 60.028576 6.193229 95.574799 -0.868662 0.031283 0.494416 0.513207 0.252415 1 22 1.000000
 29 59.976421 7.681759 93.627480 -0.875813 0.475956 -0.080105 0.490959 0.227451 1 22 1.000000
 29 59.607903 6.043352 93.082176 -0.975191 -0.005914 -0.221287 0.512703 0.222461 1 22 1.000000
MarioHand_alb.png
 29 60.028576 6.193229 95.574799 -0.868662 0.031283 0.494416 0.513207 0.252415 1 22 1.000000
 29 60.788136 8.540214 95.000275 -0.602331 0.725639 0.332636 0.468421 0.238315 1 22 1.000000
 29 59.976421 7.681759 93.627480 -0.875813 0.475956 -0.080105 0.490959 0.227451 1 22 1.000000
MarioHand_alb.png
 29 59.607903 6.043352 93.082176 -0.975191 -0.005914 -0.221287 0.512703 0.222461 1 22 1.000000
 29 60.790756 5.943001 91.455276 -0.535426 -0.054820 -0.842801 0.512383 0.198337 1 22 1.000000
 29 60.964966 4.325993 91.907738 -0.538581 -0.463915 -0.703359 0.531472 0.199420 1 22 1.000000
MarioHand_alb.png
 29 59.607903 6.043352 93.082176 -0.975191 -0.005914 -0.221287 0.512703 0.222461 1 22 1.000000
 29 59.976421 7.681759 93.627480 -0.875813 0.475956 -0.080105 0.490959 0.227451 1 22 1.000000
 29 60.962860 7.467457 91.657051 -0.510444 0.416500 -0.752313 0.494850 0.200015 1 22 1.000000
MarioHand_alb.png
 29 59.607903 6.043352 93.082176 -0.975191 -0.005914 -0.221287 0.512703 0.222461 1 22 1.000000
 29 60.962860 7.467457 91.657051 -0.510444 0.416500 -0.752313 0.494850 0.200015 1 22 1.000000
 29 60.790756 5.943001 91.455276 -0.535426 -0.054820 -0.842801 0.512383 0.198337 1 22 1.000000
MarioHand_alb.png
 29 60.790756 5.943001 91.455276 -0.535426 -0.054820 -0.842801 0.512383 0.198337 1 22 1.000000
 29 63.525360 5.861334 90.207993 -0.166289 -0.050821 -0.984767 0.511620 0.172824 1 22 1.000000
 29 60.964966 4.325993 91.907738 -0.538581 -0.463915 -0.703359 0.531472 0.199420 1 22 1.000000
MarioHand_alb.png
 29 60.962860 7.467457 91.657051 -0.510444 0.416500 -0.752313 0.494850 0.200015 1 22 1.000000
 29 63.525360 5.861334 90.207993 -0.166289 -0.050821 -0.984767 0.511620 0.172824 1 22 1.000000
 29 60.790756 5.943001 91.455276 -0.535426 -0.054820 -0.842801 0.512383 0.198337 1 22 1.000000
MarioHand_alb.png
 29 60.964966 4.325993 91.907738 -0.538581 -0.463915 -0.703359 0.531472 0.199420 1 22 1.000000
 29 63.608780 4.107206 90.529037 -0.183928 -0.393901 -0.900562 0.533028 0.172992 1 22 1.000000
 29 63.797523 3.000509 91.461723 -0.193781 -0.817443 -0.542435 0.552834 0.175814 1 22 1.000000
MarioHand_alb.png
 29 63.525360 5.861334 90.207993 -0.166289 -0.050821 -0.984767 0.511620 0.172824 1 22 1.000000
 29 63.608780 4.107206 90.529037 -0.183928 -0.393901 -0.900562 0.533028 0.172992 1 22 1.000000
 29 60.964966 4.325993 91.907738 -0.538581 -0.463915 -0.703359 0.531472 0.199420 1 22 1.000000
MarioHand_alb.png
 29 63.608780 4.107206 90.529037 -0.183928 -0.393901 -0.900562 0.533028 0.172992 1 22 1.000000
 29 66.938911 2.946568 91.391388 0.279248 -0.757154 -0.590540 0.555459 0.148333 1 22 1.000000
 29 63.797523 3.000509 91.461723 -0.193781 -0.817443 -0.542435 0.552834 0.175814 1 22 1.000000
MarioHand_alb.png
 29 60.962860 7.467457 91.657051 -0.510444 0.416500 -0.752313 0.494850 0.200015 1 22 1.000000
 29 63.624260 7.496113 90.373917 -0.178131 0.336714 -0.924604 0.491722 0.174395 1 22 1.000000
 29 63.525360 5.861334 90.207993 -0.166289 -0.050821 -0.984767 0.511620 0.172824 1 22 1.000000
MarioHand_alb.png
 29 63.608780 4.107206 90.529037 -0.183928 -0.393901 -0.900562 0.533028 0.172992 1 22 1.000000
 29 67.259888 4.090935 90.686852 0.412111 -0.309274 -0.857038 0.533791 0.146242 1 22 1.000000
 29 66.938911 2.946568 91.391388 0.279248 -0.757154 -0.590540 0.555459 0.148333 1 22 1.000000
MarioHand_alb.png
 29 59.976421 7.681759 93.627480 -0.875813 0.475956 -0.080105 0.490959 0.227451 1 22 1.000000
 29 61.612373 8.837303 92.719475 -0.379932 0.812314 -0.442491 0.474830 0.205295 1 22 1.000000
 29 60.962860 7.467457 91.657051 -0.510444 0.416500 -0.752313 0.494850 0.200015 1 22 1.000000
MarioHand_alb.png
 29 60.962860 7.467457 91.657051 -0.510444 0.416500 -0.752313 0.494850 0.200015 1 22 1.000000
 29 61.612373 8.837303 92.719475 -0.379932 0.812314 -0.442491 0.474830 0.205295 1 22 1.000000
 29 63.624260 7.496113 90.373917 -0.178131 0.336714 -0.924604 0.491722 0.174395 1 22 1.000000
MarioHand_alb.png
 29 59.976421 7.681759 93.627480 -0.875813 0.475956 -0.080105 0.490959 0.227451 1 22 1.000000
 29 60.788136 8.540214 95.000275 -0.602331 0.725639 0.332636 0.468421 0.238315 1 22 1.000000
 29 61.612373 8.837303 92.719475 -0.379932 0.812314 -0.442491 0.474830 0.205295 1 22 1.000000
MarioHand_alb.png
 29 63.525360 5.861334 90.207993 -0.166289 -0.050821 -0.984767 0.511620 0.172824 1 22 1.000000
 29 67.297768 5.880850 90.489517 0.432592 -0.031376 -0.901043 0.510689 0.146273 1 22 1.000000
 29 63.608780 4.107206 90.529037 -0.183928 -0.393901 -0.900562 0.533028 0.172992 1 22 1.000000
MarioHand_alb.png
 29 63.624260 7.496113 90.373917 -0.178131 0.336714 -0.924604 0.491722 0.174395 1 22 1.000000
 29 67.297768 5.880850 90.489517 0.432592 -0.031376 -0.901043 0.510689 0.146273 1 22 1.000000
 29 63.525360 5.861334 90.207993 -0.166289 -0.050821 -0.984767 0.511620 0.172824 1 22 1.000000
MarioHand_alb.png
 29 63.608780 4.107206 90.529037 -0.183928 -0.393901 -0.900562 0.533028 0.172992 1 22 1.000000
 29 67.297768 5.880850 90.489517 0.432592 -0.031376 -0.901043 0.510689 0.146273 1 22 1.000000
 29 67.259888 4.090935 90.686852 0.412111 -0.309274 -0.857038 0.533791 0.146242 1 22 1.000000
MarioHand_alb.png
 29 66.938911 2.946568 91.391388 0.279248 -0.757154 -0.590540 0.555459 0.148333 1 22 1.000000
 29 67.259888 4.090935 90.686852 0.412111 -0.309274 -0.857038 0.533791 0.146242 1 22 1.000000
 29 69.191727 3.013841 93.768753 0.634746 -0.722553 -0.273887 0.556832 0.117525 1 22 1.000000
MarioHand_alb.png
 29 67.705032 2.728982 94.031059 -0.022888 -0.999738 0.000000 0.581292 0.121340 1 22 1.000000
 29 66.938911 2.946568 91.391388 0.279248 -0.757154 -0.590540 0.555459 0.148333 1 22 1.000000
 29 69.191727 3.013841 93.768753 0.634746 -0.722553 -0.273887 0.556832 0.117525 1 22 1.000000
MarioHand_alb.png
 29 67.705032 2.728982 94.031059 -0.022888 -0.999738 0.000000 0.581292 0.121340 1 22 1.000000
 29 69.191727 3.013841 93.768753 0.634746 -0.722553 -0.273887 0.556832 0.117525 1 22 1.000000
 29 69.786217 3.047335 97.781281 0.704159 -0.701847 0.107569 0.558129 0.085878 1 22 1.000000
MarioHand_alb.png
 29 67.259888 4.090935 90.686852 0.412111 -0.309274 -0.857038 0.533791 0.146242 1 22 1.000000
 29 69.954651 4.244147 93.489296 0.877204 -0.276033 -0.392835 0.533974 0.116075 1 22 1.000000
 29 69.191727 3.013841 93.768753 0.634746 -0.722553 -0.273887 0.556832 0.117525 1 22 1.000000
MarioHand_alb.png
 29 67.259888 4.090935 90.686852 0.412111 -0.309274 -0.857038 0.533791 0.146242 1 22 1.000000
 29 67.297768 5.880850 90.489517 0.432592 -0.031376 -0.901043 0.510689 0.146273 1 22 1.000000
 29 69.954651 4.244147 93.489296 0.877204 -0.276033 -0.392835 0.533974 0.116075 1 22 1.000000
MarioHand_alb.png
 29 69.191727 3.013841 93.768753 0.634746 -0.722553 -0.273887 0.556832 0.117525 1 22 1.000000
 29 69.954651 4.244147 93.489296 0.877204 -0.276033 -0.392835 0.533974 0.116075 1 22 1.000000
 29 70.603996 4.447015 97.616180 0.961543 -0.262707 0.080129 0.534157 0.084382 1 22 1.000000
MarioHand_alb.png
 29 69.191727 3.013841 93.768753 0.634746 -0.722553 -0.273887 0.556832 0.117525 1 22 1.000000
 29 70.603996 4.447015 97.616180 0.961543 -0.262707 0.080129 0.534157 0.084382 1 22 1.000000
 29 69.786217 3.047335 97.781281 0.704159 -0.701847 0.107569 0.558129 0.085878 1 22 1.000000
MarioHand_alb.png
 29 67.297768 5.880850 90.489517 0.432592 -0.031376 -0.901043 0.510689 0.146273 1 22 1.000000
 29 70.040787 6.054154 93.372963 0.905103 0.009826 -0.425078 0.509789 0.116060 1 22 1.000000
 29 69.954651 4.244147 93.489296 0.877204 -0.276033 -0.392835 0.533974 0.116075 1 22 1.000000
MarioHand_alb.png
 29 70.040787 6.054154 93.372963 0.905103 0.009826 -0.425078 0.509789 0.116060 1 22 1.000000
 29 70.603996 4.447015 97.616180 0.961543 -0.262707 0.080129 0.534157 0.084382 1 22 1.000000
 29 69.954651 4.244147 93.489296 0.877204 -0.276033 -0.392835 0.533974 0.116075 1 22 1.000000
MarioHand_alb.png
 29 69.843582 7.704379 93.319977 0.860434 0.301018 -0.411147 0.487282 0.117800 1 22 1.000000
 29 70.040787 6.054154 93.372963 0.905103 0.009826 -0.425078 0.509789 0.116060 1 22 1.000000
 29 67.297768 5.880850 90.489517 0.432592 -0.031376 -0.901043 0.510689 0.146273 1 22 1.000000
MarioHand_alb.png
 29 70.040787 6.054154 93.372963 0.905103 0.009826 -0.425078 0.509789 0.116060 1 22 1.000000
 29 70.714287 6.295071 97.575523 0.994569 0.054820 0.088474 0.508614 0.084611 1 22 1.000000
 29 70.603996 4.447015 97.616180 0.961543 -0.262707 0.080129 0.534157 0.084382 1 22 1.000000
MarioHand_alb.png
 29 67.221779 7.535566 90.555130 0.406662 0.262270 -0.875123 0.489128 0.147799 1 22 1.000000
 29 69.843582 7.704379 93.319977 0.860434 0.301018 -0.411147 0.487282 0.117800 1 22 1.000000
 29 67.297768 5.880850 90.489517 0.432592 -0.031376 -0.901043 0.510689 0.146273 1 22 1.000000
MarioHand_alb.png
 29 63.624260 7.496113 90.373917 -0.178131 0.336714 -0.924604 0.491722 0.174395 1 22 1.000000
 29 67.221779 7.535566 90.555130 0.406662 0.262270 -0.875123 0.489128 0.147799 1 22 1.000000
 29 67.297768 5.880850 90.489517 0.432592 -0.031376 -0.901043 0.510689 0.146273 1 22 1.000000
MarioHand_alb.png
 29 69.843582 7.704379 93.319977 0.860434 0.301018 -0.411147 0.487282 0.117800 1 22 1.000000
 29 70.413887 8.098683 97.393280 0.926926 0.371533 0.052640 0.483330 0.086351 1 22 1.000000
 29 70.040787 6.054154 93.372963 0.905103 0.009826 -0.425078 0.509789 0.116060 1 22 1.000000
MarioHand_alb.png
 29 70.040787 6.054154 93.372963 0.905103 0.009826 -0.425078 0.509789 0.116060 1 22 1.000000
 29 70.413887 8.098683 97.393280 0.926926 0.371533 0.052640 0.483330 0.086351 1 22 1.000000
 29 70.714287 6.295071 97.575523 0.994569 0.054820 0.088474 0.508614 0.084611 1 22 1.000000
MarioHand_alb.png
 29 67.221779 7.535566 90.555130 0.406662 0.262270 -0.875123 0.489128 0.147799 1 22 1.000000
 29 68.972275 9.071967 93.469681 0.626417 0.701286 -0.340295 0.462074 0.121004 1 22 1.000000
 29 69.843582 7.704379 93.319977 0.860434 0.301018 -0.411147 0.487282 0.117800 1 22 1.000000
MarioHand_alb.png
 29 69.843582 7.704379 93.319977 0.860434 0.301018 -0.411147 0.487282 0.117800 1 22 1.000000
 29 68.972275 9.071967 93.469681 0.626417 0.701286 -0.340295 0.462074 0.121004 1 22 1.000000
 29 70.413887 8.098683 97.393280 0.926926 0.371533 0.052640 0.483330 0.086351 1 22 1.000000
MarioHand_alb.png
 29 63.624260 7.496113 90.373917 -0.178131 0.336714 -0.924604 0.491722 0.174395 1 22 1.000000
 29 64.016441 8.884026 91.346001 -0.166329 0.746765 -0.643954 0.469306 0.178531 1 22 1.000000
 29 67.221779 7.535566 90.555130 0.406662 0.262270 -0.875123 0.489128 0.147799 1 22 1.000000
MarioHand_alb.png
 29 63.624260 7.496113 90.373917 -0.178131 0.336714 -0.924604 0.491722 0.174395 1 22 1.000000
 29 61.612373 8.837303 92.719475 -0.379932 0.812314 -0.442491 0.474830 0.205295 1 22 1.000000
 29 64.016441 8.884026 91.346001 -0.166329 0.746765 -0.643954 0.469306 0.178531 1 22 1.000000
MarioHand_alb.png
 29 67.221779 7.535566 90.555130 0.406662 0.262270 -0.875123 0.489128 0.147799 1 22 1.000000
 29 66.867645 8.895477 91.180321 0.287619 0.669267 -0.685097 0.465248 0.151324 1 22 1.000000
 29 68.972275 9.071967 93.469681 0.626417 0.701286 -0.340295 0.462074 0.121004 1 22 1.000000
MarioHand_alb.png
 29 67.221779 7.535566 90.555130 0.406662 0.262270 -0.875123 0.489128 0.147799 1 22 1.000000
 29 64.016441 8.884026 91.346001 -0.166329 0.746765 -0.643954 0.469306 0.178531 1 22 1.000000
 29 66.867645 8.895477 91.180321 0.287619 0.669267 -0.685097 0.465248 0.151324 1 22 1.000000
MarioHand_alb.png
 29 66.867645 8.895477 91.180321 0.287619 0.669267 -0.685097 0.465248 0.151324 1 22 1.000000
 29 67.500633 9.385446 93.727219 -0.101475 0.992621 -0.066378 0.438270 0.125307 1 22 1.000000
 29 68.972275 9.071967 93.469681 0.626417 0.701286 -0.340295 0.462074 0.121004 1 22 1.000000
MarioHand_alb.png
 29 66.867645 8.895477 91.180321 0.287619 0.669267 -0.685097 0.465248 0.151324 1 22 1.000000
 29 64.016441 8.884026 91.346001 -0.166329 0.746765 -0.643954 0.469306 0.178531 1 22 1.000000
 29 66.288208 9.246515 92.059639 0.038910 0.993435 -0.107574 0.443198 0.156115 1 22 1.000000
MarioHand_alb.png
 29 66.867645 8.895477 91.180321 0.287619 0.669267 -0.685097 0.465248 0.151324 1 22 1.000000
 29 66.288208 9.246515 92.059639 0.038910 0.993435 -0.107574 0.443198 0.156115 1 22 1.000000
 29 67.500633 9.385446 93.727219 -0.101475 0.992621 -0.066378 0.438270 0.125307 1 22 1.000000
MarioHand_alb.png
 29 64.016441 8.884026 91.346001 -0.166329 0.746765 -0.643954 0.469306 0.178531 1 22 1.000000
 29 61.612373 8.837303 92.719475 -0.379932 0.812314 -0.442491 0.474830 0.205295 1 22 1.000000
 29 64.558243 9.306092 92.624611 0.058747 0.997936 0.025940 0.449439 0.183719 1 22 1.000000
MarioHand_alb.png
 29 66.288208 9.246515 92.059639 0.038910 0.993435 -0.107574 0.443198 0.156115 1 22 1.000000
 29 64.016441 8.884026 91.346001 -0.166329 0.746765 -0.643954 0.469306 0.178531 1 22 1.000000
 29 64.558243 9.306092 92.624611 0.058747 0.997936 0.025940 0.449439 0.183719 1 22 1.000000
MarioHand_alb.png
 29 64.558243 9.306092 92.624611 0.058747 0.997936 0.025940 0.449439 0.183719 1 22 1.000000
 29 61.612373 8.837303 92.719475 -0.379932 0.812314 -0.442491 0.474830 0.205295 1 22 1.000000
 29 62.383038 9.311581 94.043030 -0.029373 0.991707 0.125120 0.457633 0.211017 1 22 1.000000
MarioHand_alb.png
 29 61.612373 8.837303 92.719475 -0.379932 0.812314 -0.442491 0.474830 0.205295 1 22 1.000000
 29 60.788136 8.540214 95.000275 -0.602331 0.725639 0.332636 0.468421 0.238315 1 22 1.000000
 29 62.383038 9.311581 94.043030 -0.029373 0.991707 0.125120 0.457633 0.211017 1 22 1.000000
MarioHand_alb.png
 29 66.288208 9.246515 92.059639 0.038910 0.993435 -0.107574 0.443198 0.156115 1 22 1.000000
 29 64.558243 9.306092 92.624611 0.058747 0.997936 0.025940 0.449439 0.183719 1 22 1.000000
 29 66.217361 8.475593 93.619415 -0.083925 0.849360 0.521099 0.410300 0.164309 1 22 1.000000
MarioHand_alb.png
 29 66.288208 9.246515 92.059639 0.038910 0.993435 -0.107574 0.443198 0.156115 1 22 1.000000
 29 66.217361 8.475593 93.619415 -0.083925 0.849360 0.521099 0.410300 0.164309 1 22 1.000000
 29 67.500633 9.385446 93.727219 -0.101475 0.992621 -0.066378 0.438270 0.125307 1 22 1.000000
MarioHand_alb.png
 29 64.558243 9.306092 92.624611 0.058747 0.997936 0.025940 0.449439 0.183719 1 22 1.000000
 29 62.383038 9.311581 94.043030 -0.029373 0.991707 0.125120 0.457633 0.211017 1 22 1.000000
 29 65.157867 8.516524 94.314301 0.483666 0.700419 0.524862 0.418448 0.192035 1 22 1.000000
MarioHand_alb.png
 29 64.558243 9.306092 92.624611 0.058747 0.997936 0.025940 0.449439 0.183719 1 22 1.000000
 29 65.157867 8.516524 94.314301 0.483666 0.700419 0.524862 0.418448 0.192035 1 22 1.000000
 29 66.217361 8.475593 93.619415 -0.083925 0.849360 0.521099 0.410300 0.164309 1 22 1.000000
MarioHand_alb.png
 29 62.383038 9.311581 94.043030 -0.029373 0.991707 0.125120 0.457633 0.211017 1 22 1.000000
 29 60.788136 8.540214 95.000275 -0.602331 0.725639 0.332636 0.468421 0.238315 1 22 1.000000
 29 63.505501 8.491656 96.066704 0.386058 0.654525 0.650043 0.429206 0.218128 1 22 1.000000
MarioHand_alb.png
 29 62.383038 9.311581 94.043030 -0.029373 0.991707 0.125120 0.457633 0.211017 1 22 1.000000
 29 63.505501 8.491656 96.066704 0.386058 0.654525 0.650043 0.429206 0.218128 1 22 1.000000
 29 65.157867 8.516524 94.314301 0.483666 0.700419 0.524862 0.418448 0.192035 1 22 1.000000
MarioHand_alb.png
 29 60.788136 8.540214 95.000275 -0.602331 0.725639 0.332636 0.468421 0.238315 1 22 1.000000
 29 61.620121 7.932470 96.500267 -0.244462 0.516384 0.820723 0.442176 0.241367 1 22 1.000000
 29 63.505501 8.491656 96.066704 0.386058 0.654525 0.650043 0.429206 0.218128 1 22 1.000000
MarioHand_alb.png
 29 60.788136 8.540214 95.000275 -0.602331 0.725639 0.332636 0.468421 0.238315 1 22 1.000000
 29 60.028576 6.193229 95.574799 -0.868662 0.031283 0.494416 0.453056 0.271351 1 22 1.000000
 29 61.620121 7.932470 96.500267 -0.244462 0.516384 0.820723 0.442176 0.241367 1 22 1.000000
MarioHand_alb.png
 29 60.028576 6.193229 95.574799 -0.868662 0.031283 0.494416 0.453056 0.271351 1 22 1.000000
 29 61.963268 6.290490 97.205757 -0.113661 0.060549 0.991673 0.421439 0.254170 1 22 1.000000
 29 61.620121 7.932470 96.500267 -0.244462 0.516384 0.820723 0.442176 0.241367 1 22 1.000000
MarioHand_alb.png
 29 63.505501 8.491656 96.066704 0.386058 0.654525 0.650043 0.429206 0.218128 1 22 1.000000
 29 61.620121 7.932470 96.500267 -0.244462 0.516384 0.820723 0.442176 0.241367 1 22 1.000000
 29 61.963268 6.290490 97.205757 -0.113661 0.060549 0.991673 0.421439 0.254170 1 22 1.000000
MarioHand_alb.png
 29 63.505501 8.491656 96.066704 0.386058 0.654525 0.650043 0.429206 0.218128 1 22 1.000000
 29 61.963268 6.290490 97.205757 -0.113661 0.060549 0.991673 0.421439 0.254170 1 22 1.000000
 29 63.968445 6.276422 97.018494 0.510460 0.050836 0.858397 0.401404 0.231785 1 22 1.000000
MarioHand_alb.png
 29 63.505501 8.491656 96.066704 0.386058 0.654525 0.650043 0.429206 0.218128 1 22 1.000000
 29 63.968445 6.276422 97.018494 0.510460 0.050836 0.858397 0.401404 0.231785 1 22 1.000000
 29 65.386963 6.116858 95.235748 0.713924 0.033275 0.699432 0.386343 0.204105 1 22 1.000000
MarioHand_alb.png
 29 65.157867 8.516524 94.314301 0.483666 0.700419 0.524862 0.418448 0.192035 1 22 1.000000
 29 63.505501 8.491656 96.066704 0.386058 0.654525 0.650043 0.429206 0.218128 1 22 1.000000
 29 65.386963 6.116858 95.235748 0.713924 0.033275 0.699432 0.386343 0.204105 1 22 1.000000
MarioHand_alb.png
 29 65.157867 8.516524 94.314301 0.483666 0.700419 0.524862 0.418448 0.192035 1 22 1.000000
 29 65.386963 6.116858 95.235748 0.713924 0.033275 0.699432 0.386343 0.204105 1 22 1.000000
 29 66.154533 5.994669 94.472366 0.103727 0.009820 0.994557 0.375494 0.174319 1 22 1.000000
MarioHand_alb.png
 29 65.157867 8.516524 94.314301 0.483666 0.700419 0.524862 0.418448 0.192035 1 22 1.000000
 29 66.154533 5.994669 94.472366 0.103727 0.009820 0.994557 0.375494 0.174319 1 22 1.000000
 29 66.217361 8.475593 93.619415 -0.083925 0.849360 0.521099 0.410300 0.164309 1 22 1.000000
MarioHand_alb.png
 29 66.154533 5.994669 94.472366 0.103727 0.009820 0.994557 0.375494 0.174319 1 22 1.000000
 29 66.333511 8.491354 94.363731 -0.847707 0.524380 -0.080116 0.402975 0.132525 1 22 1.000000
 29 66.217361 8.475593 93.619415 -0.083925 0.849360 0.521099 0.410300 0.164309 1 22 1.000000
MarioHand_alb.png
 29 66.217361 8.475593 93.619415 -0.083925 0.849360 0.521099 0.410300 0.164309 1 22 1.000000
 29 66.333511 8.491354 94.363731 -0.847707 0.524380 -0.080116 0.402975 0.132525 1 22 1.000000
 29 67.500633 9.385446 93.727219 -0.101475 0.992621 -0.066378 0.438270 0.125307 1 22 1.000000
MarioHand_alb.png
 29 66.154533 5.994669 94.472366 0.103727 0.009820 0.994557 0.375494 0.174319 1 22 1.000000
 29 65.794685 5.949837 94.968513 -0.977572 -0.047028 -0.205283 0.365957 0.141146 1 22 1.000000
 29 66.333511 8.491354 94.363731 -0.847707 0.524380 -0.080116 0.402975 0.132525 1 22 1.000000
MarioHand_alb.png
 29 66.333511 8.491354 94.363731 -0.847707 0.524380 -0.080116 0.402975 0.132525 1 22 1.000000
 29 65.794685 5.949837 94.968513 -0.977572 -0.047028 -0.205283 0.365957 0.141146 1 22 1.000000
 29 66.195335 8.584832 95.787354 -0.744542 0.599124 -0.294460 0.396826 0.100038 1 22 1.000000
MarioHand_alb.png
 29 65.794685 5.949837 94.968513 -0.977572 -0.047028 -0.205283 0.365957 0.141146 1 22 1.000000
 29 65.312149 5.938943 95.949821 -0.934143 -0.082424 -0.347251 0.358267 0.107881 1 22 1.000000
 29 66.195335 8.584832 95.787354 -0.744542 0.599124 -0.294460 0.396826 0.100038 1 22 1.000000
MarioHand_alb.png
 29 67.500633 9.385446 93.727219 -0.101475 0.992621 -0.066378 0.438270 0.125307 1 22 1.000000
 29 66.333511 8.491354 94.363731 -0.847707 0.524380 -0.080116 0.402975 0.132525 1 22 1.000000
 29 68.102386 9.691520 96.838318 -0.125888 0.984122 -0.125125 0.434684 0.093614 1 22 1.000000
MarioHand_alb.png
 29 66.333511 8.491354 94.363731 -0.847707 0.524380 -0.080116 0.402975 0.132525 1 22 1.000000
 29 66.195335 8.584832 95.787354 -0.744542 0.599124 -0.294460 0.396826 0.100038 1 22 1.000000
 29 68.102386 9.691520 96.838318 -0.125888 0.984122 -0.125125 0.434684 0.093614 1 22 1.000000
MarioHand_alb.png
 29 66.195335 8.584832 95.787354 -0.744542 0.599124 -0.294460 0.396826 0.100038 1 22 1.000000
 29 65.312149 5.938943 95.949821 -0.934143 -0.082424 -0.347251 0.358267 0.107881 1 22 1.000000
 29 65.517517 8.798012 97.896889 -0.415017 0.661338 -0.624814 0.390997 0.066712 1 22 1.000000
MarioHand_alb.png
 29 68.102386 9.691520 96.838318 -0.125888 0.984122 -0.125125 0.434684 0.093614 1 22 1.000000
 29 66.195335 8.584832 95.787354 -0.744542 0.599124 -0.294460 0.396826 0.100038 1 22 1.000000
 29 65.517517 8.798012 97.896889 -0.415017 0.661338 -0.624814 0.390997 0.066712 1 22 1.000000
MarioHand_alb.png
 29 65.312149 5.938943 95.949821 -0.934143 -0.082424 -0.347251 0.358267 0.107881 1 22 1.000000
 29 64.446213 5.961976 97.259659 -0.486836 -0.107592 -0.866842 0.351675 0.076249 1 22 1.000000
 29 65.517517 8.798012 97.896889 -0.415017 0.661338 -0.624814 0.390997 0.066712 1 22 1.000000
MarioHand_alb.png
 29 67.500633 9.385446 93.727219 -0.101475 0.992621 -0.066378 0.438270 0.125307 1 22 1.000000
 29 68.102386 9.691520 96.838318 -0.125888 0.984122 -0.125125 0.434684 0.093614 1 22 1.000000
 29 69.417404 9.347785 97.359253 0.668347 0.743021 0.035096 0.458793 0.089326 1 22 1.000000
MarioHand_alb.png
 29 68.972275 9.071967 93.469681 0.626417 0.701286 -0.340295 0.462074 0.121004 1 22 1.000000
 29 67.500633 9.385446 93.727219 -0.101475 0.992621 -0.066378 0.438270 0.125307 1 22 1.000000
 29 69.417404 9.347785 97.359253 0.668347 0.743021 0.035096 0.458793 0.089326 1 22 1.000000
MarioHand_alb.png
 29 70.413887 8.098683 97.393280 0.926926 0.371533 0.052640 0.483330 0.086351 1 22 1.000000
 29 68.972275 9.071967 93.469681 0.626417 0.701286 -0.340295 0.462074 0.121004 1 22 1.000000
 29 69.417404 9.347785 97.359253 0.668347 0.743021 0.035096 0.458793 0.089326 1 22 1.000000
MarioHand_alb.png
 29 64.446213 5.961976 97.259659 -0.486836 -0.107592 -0.866842 0.351675 0.076249 1 22 1.000000
 29 62.908741 5.953076 97.146965 0.819821 0.062660 -0.569182 0.343725 0.044251 1 22 1.000000
 29 62.833691 8.969271 98.408142 0.847239 0.207423 -0.489041 0.386694 0.028458 1 22 1.000000
MarioHand_alb.png
 29 65.517517 8.798012 97.896889 -0.415017 0.661338 -0.624814 0.390997 0.066712 1 22 1.000000
 29 64.446213 5.961976 97.259659 -0.486836 -0.107592 -0.866842 0.351675 0.076249 1 22 1.000000
 29 62.833691 8.969271 98.408142 0.847239 0.207423 -0.489041 0.386694 0.028458 1 22 1.000000
MarioHand_alb.png
 29 68.102386 9.691520 96.838318 -0.125888 0.984122 -0.125125 0.434684 0.093614 1 22 1.000000
 29 65.517517 8.798012 97.896889 -0.415017 0.661338 -0.624814 0.390997 0.066712 1 22 1.000000
 29 67.471397 9.820831 98.863815 -0.107574 0.993343 -0.041199 0.430381 0.060716 1 22 1.000000
MarioHand_alb.png
 29 67.471397 9.820831 98.863815 -0.107574 0.993343 -0.041199 0.430381 0.060716 1 22 1.000000
 29 65.517517 8.798012 97.896889 -0.415017 0.661338 -0.624814 0.390997 0.066712 1 22 1.000000
 29 62.833691 8.969271 98.408142 0.847239 0.207423 -0.489041 0.386694 0.028458 1 22 1.000000
MarioHand_alb.png
 29 68.102386 9.691520 96.838318 -0.125888 0.984122 -0.125125 0.434684 0.093614 1 22 1.000000
 29 67.471397 9.820831 98.863815 -0.107574 0.993343 -0.041199 0.430381 0.060716 1 22 1.000000
 29 69.417404 9.347785 97.359253 0.668347 0.743021 0.035096 0.458793 0.089326 1 22 1.000000
MarioHand_alb.png
 29 64.839371 9.316024 100.200706 -0.673946 0.333061 0.659444 0.424949 0.025208 1 22 1.000000
 29 67.471397 9.820831 98.863815 -0.107574 0.993343 -0.041199 0.430381 0.060716 1 22 1.000000
 29 62.833691 8.969271 98.408142 0.847239 0.207423 -0.489041 0.386694 0.028458 1 22 1.000000
MarioHand_alb.png
 29 68.194672 9.519582 99.421059 0.444031 0.865268 0.232696 0.455360 0.057572 1 22 1.000000
 29 67.471397 9.820831 98.863815 -0.107574 0.993343 -0.041199 0.430381 0.060716 1 22 1.000000
 29 64.839371 9.316024 100.200706 -0.673946 0.333061 0.659444 0.424949 0.025208 1 22 1.000000
MarioHand_alb.png
 29 69.417404 9.347785 97.359253 0.668347 0.743021 0.035096 0.458793 0.089326 1 22 1.000000
 29 67.471397 9.820831 98.863815 -0.107574 0.993343 -0.041199 0.430381 0.060716 1 22 1.000000
 29 68.194672 9.519582 99.421059 0.444031 0.865268 0.232696 0.455360 0.057572 1 22 1.000000
MarioHand_alb.png
 29 66.725609 9.406266 102.185570 0.608804 0.242702 0.755284 0.463905 0.019776 1 22 1.000000
 29 68.194672 9.519582 99.421059 0.444031 0.865268 0.232696 0.455360 0.057572 1 22 1.000000
 29 64.839371 9.316024 100.200706 -0.673946 0.333061 0.659444 0.424949 0.025208 1 22 1.000000
MarioHand_alb.png
 29 69.222244 8.296495 100.105385 0.789789 0.389458 0.473873 0.481025 0.055833 1 22 1.000000
 29 69.417404 9.347785 97.359253 0.668347 0.743021 0.035096 0.458793 0.089326 1 22 1.000000
 29 68.194672 9.519582 99.421059 0.444031 0.865268 0.232696 0.455360 0.057572 1 22 1.000000
MarioHand_alb.png
 29 69.222244 8.296495 100.105385 0.789789 0.389458 0.473873 0.481025 0.055833 1 22 1.000000
 29 68.194672 9.519582 99.421059 0.444031 0.865268 0.232696 0.455360 0.057572 1 22 1.000000
 29 66.725609 9.406266 102.185570 0.608804 0.242702 0.755284 0.463905 0.019776 1 22 1.000000
MarioHand_alb.png
 29 70.413887 8.098683 97.393280 0.926926 0.371533 0.052640 0.483330 0.086351 1 22 1.000000
 29 69.417404 9.347785 97.359253 0.668347 0.743021 0.035096 0.458793 0.089326 1 22 1.000000
 29 69.222244 8.296495 100.105385 0.789789 0.389458 0.473873 0.481025 0.055833 1 22 1.000000
MarioHand_alb.png
 29 67.005157 6.402846 102.936790 0.688317 0.138980 0.711973 0.506096 0.022171 1 22 1.000000
 29 69.222244 8.296495 100.105385 0.789789 0.389458 0.473873 0.481025 0.055833 1 22 1.000000
 29 66.725609 9.406266 102.185570 0.608804 0.242702 0.755284 0.463905 0.019776 1 22 1.000000
MarioHand_alb.png
 29 70.413887 8.098683 97.393280 0.926926 0.371533 0.052640 0.483330 0.086351 1 22 1.000000
 29 69.222244 8.296495 100.105385 0.789789 0.389458 0.473873 0.481025 0.055833 1 22 1.000000
 29 69.475945 6.450298 100.357994 0.855072 0.091915 0.510297 0.507057 0.054124 1 22 1.000000
MarioHand_alb.png
 29 69.475945 6.450298 100.357994 0.855072 0.091915 0.510297 0.507057 0.054124 1 22 1.000000
 29 69.222244 8.296495 100.105385 0.789789 0.389458 0.473873 0.481025 0.055833 1 22 1.000000
 29 67.005157 6.402846 102.936790 0.688317 0.138980 0.711973 0.506096 0.022171 1 22 1.000000
MarioHand_alb.png
 29 70.714287 6.295071 97.575523 0.994569 0.054820 0.088474 0.508614 0.084611 1 22 1.000000
 29 70.413887 8.098683 97.393280 0.926926 0.371533 0.052640 0.483330 0.086351 1 22 1.000000
 29 69.475945 6.450298 100.357994 0.855072 0.091915 0.510297 0.507057 0.054124 1 22 1.000000
MarioHand_alb.png
 29 70.603996 4.447015 97.616180 0.961543 -0.262707 0.080129 0.534157 0.084382 1 22 1.000000
 29 70.714287 6.295071 97.575523 0.994569 0.054820 0.088474 0.508614 0.084611 1 22 1.000000
 29 69.475945 6.450298 100.357994 0.855072 0.091915 0.510297 0.507057 0.054124 1 22 1.000000
MarioHand_alb.png
 29 69.475945 6.450298 100.357994 0.855072 0.091915 0.510297 0.507057 0.054124 1 22 1.000000
 29 67.005157 6.402846 102.936790 0.688317 0.138980 0.711973 0.506096 0.022171 1 22 1.000000
 29 69.448013 4.514481 100.443314 0.842058 -0.199550 0.501116 0.534234 0.052644 1 22 1.000000
MarioHand_alb.png
 29 70.603996 4.447015 97.616180 0.961543 -0.262707 0.080129 0.534157 0.084382 1 22 1.000000
 29 69.475945 6.450298 100.357994 0.855072 0.091915 0.510297 0.507057 0.054124 1 22 1.000000
 29 69.448013 4.514481 100.443314 0.842058 -0.199550 0.501116 0.534234 0.052644 1 22 1.000000
MarioHand_alb.png
 29 69.448013 4.514481 100.443314 0.842058 -0.199550 0.501116 0.534234 0.052644 1 22 1.000000
 29 67.005157 6.402846 102.936790 0.688317 0.138980 0.711973 0.506096 0.022171 1 22 1.000000
 29 67.304153 3.243572 102.826469 0.715794 0.009777 0.698243 0.547555 0.020462 1 22 1.000000
MarioHand_alb.png
 29 70.603996 4.447015 97.616180 0.961543 -0.262707 0.080129 0.534157 0.084382 1 22 1.000000
 29 69.448013 4.514481 100.443314 0.842058 -0.199550 0.501116 0.534234 0.052644 1 22 1.000000
 29 69.786217 3.047335 97.781281 0.704159 -0.701847 0.107569 0.558129 0.085878 1 22 1.000000
MarioHand_alb.png
 29 68.592712 3.157193 99.900803 0.515744 -0.807019 0.287627 0.559823 0.054444 1 22 1.000000
 29 69.448013 4.514481 100.443314 0.842058 -0.199550 0.501116 0.534234 0.052644 1 22 1.000000
 29 67.304153 3.243572 102.826469 0.715794 0.009777 0.698243 0.547555 0.020462 1 22 1.000000
MarioHand_alb.png
 29 69.786217 3.047335 97.781281 0.704159 -0.701847 0.107569 0.558129 0.085878 1 22 1.000000
 29 69.448013 4.514481 100.443314 0.842058 -0.199550 0.501116 0.534234 0.052644 1 22 1.000000
 29 68.592712 3.157193 99.900803 0.515744 -0.807019 0.287627 0.559823 0.054444 1 22 1.000000
MarioHand_alb.png
 29 68.592712 3.157193 99.900803 0.515744 -0.807019 0.287627 0.559823 0.054444 1 22 1.000000
 29 67.304153 3.243572 102.826469 0.715794 0.009777 0.698243 0.547555 0.020462 1 22 1.000000
 29 65.300919 3.077584 100.851646 -0.054932 0.994423 0.090027 0.587182 0.028794 1 22 1.000000
MarioHand_alb.png
 29 69.786217 3.047335 97.781281 0.704159 -0.701847 0.107569 0.558129 0.085878 1 22 1.000000
 29 68.592712 3.157193 99.900803 0.515744 -0.807019 0.287627 0.559823 0.054444 1 22 1.000000
 29 67.810043 2.786524 99.233002 0.062561 -0.991370 0.115204 0.586419 0.057710 1 22 1.000000
MarioHand_alb.png
 29 67.810043 2.786524 99.233002 0.062561 -0.991370 0.115204 0.586419 0.057710 1 22 1.000000
 29 68.592712 3.157193 99.900803 0.515744 -0.807019 0.287627 0.559823 0.054444 1 22 1.000000
 29 65.300919 3.077584 100.851646 -0.054932 0.994423 0.090027 0.587182 0.028794 1 22 1.000000
MarioHand_alb.png
 29 50.563145 -6.706992 92.293129 -0.783126 -0.597262 -0.173180 0.196765 0.591791 1 22 1.000000
 29 49.153862 -4.494936 93.128540 -0.252534 -0.892451 -0.373841 0.218082 0.565331 1 22 1.000000
 29 49.153866 -2.599457 90.411804 -0.308965 -0.635096 -0.707951 0.255116 0.583200 1 22 1.000000
MarioHand_alb.png
 29 50.563145 -6.706992 92.293129 -0.783126 -0.597262 -0.173180 0.196765 0.591791 1 22 1.000000
 29 49.153866 -2.599457 90.411804 -0.308965 -0.635096 -0.707951 0.255116 0.583200 1 22 1.000000
 29 50.679043 -5.082780 89.322647 -0.748522 -0.446938 -0.489858 0.231800 0.612299 1 22 1.000000
MarioHand_alb.png
 29 50.679043 -5.082780 89.322647 -0.748522 -0.446938 -0.489858 0.231800 0.612299 1 22 1.000000
 29 49.153866 -2.599457 90.411804 -0.308965 -0.635096 -0.707951 0.255116 0.583200 1 22 1.000000
 29 49.153866 0.286232 88.627319 -0.031275 -0.266123 -0.963432 0.296605 0.591165 1 22 1.000000
MarioHand_alb.png
 29 52.711670 -7.290785 88.709961 -0.553559 -0.506920 -0.660761 0.213489 0.643076 1 22 1.000000
 29 50.563145 -6.706992 92.293129 -0.783126 -0.597262 -0.173180 0.196765 0.591791 1 22 1.000000
 29 50.679043 -5.082780 89.322647 -0.748522 -0.446938 -0.489858 0.231800 0.612299 1 22 1.000000
MarioHand_alb.png
 29 52.571678 -8.920264 91.286728 -0.669088 -0.713624 -0.207516 0.180346 0.625772 1 22 1.000000
 29 50.563145 -6.706992 92.293129 -0.783126 -0.597262 -0.173180 0.196765 0.591791 1 22 1.000000
 29 52.711670 -7.290785 88.709961 -0.553559 -0.506920 -0.660761 0.213489 0.643076 1 22 1.000000
MarioHand_alb.png
 29 50.679043 -5.082780 89.322647 -0.748522 -0.446938 -0.489858 0.231800 0.612299 1 22 1.000000
 29 49.153866 0.286232 88.627319 -0.031275 -0.266123 -0.963432 0.296605 0.591165 1 22 1.000000
 29 50.948059 -2.743579 87.949982 -0.531736 -0.205361 -0.821635 0.263813 0.619120 1 22 1.000000
MarioHand_alb.png
 29 55.030975 -8.968865 88.427490 -0.416979 -0.508920 -0.753080 0.194919 0.672801 1 22 1.000000
 29 52.571678 -8.920264 91.286728 -0.669088 -0.713624 -0.207516 0.180346 0.625772 1 22 1.000000
 29 52.711670 -7.290785 88.709961 -0.553559 -0.506920 -0.660761 0.213489 0.643076 1 22 1.000000
MarioHand_alb.png
 29 55.138794 -10.757281 90.547424 -0.499319 -0.841576 -0.205984 0.162478 0.659998 1 22 1.000000
 29 52.571678 -8.920264 91.286728 -0.669088 -0.713624 -0.207516 0.180346 0.625772 1 22 1.000000
 29 55.030975 -8.968865 88.427490 -0.416979 -0.508920 -0.753080 0.194919 0.672801 1 22 1.000000
MarioHand_alb.png
 29 52.711670 -7.290785 88.709961 -0.553559 -0.506920 -0.660761 0.213489 0.643076 1 22 1.000000
 29 50.679043 -5.082780 89.322647 -0.748522 -0.446938 -0.489858 0.231800 0.612299 1 22 1.000000
 29 53.661129 -4.254546 86.951332 -0.264040 -0.201559 -0.943216 0.249622 0.654063 1 22 1.000000
MarioHand_alb.png
 29 50.679043 -5.082780 89.322647 -0.748522 -0.446938 -0.489858 0.231800 0.612299 1 22 1.000000
 29 50.948059 -2.743579 87.949982 -0.531736 -0.205361 -0.821635 0.263813 0.619120 1 22 1.000000
 29 53.661129 -4.254546 86.951332 -0.264040 -0.201559 -0.943216 0.249622 0.654063 1 22 1.000000
MarioHand_alb.png
 29 49.153866 0.286232 88.627319 -0.031275 -0.266123 -0.963432 0.296605 0.591165 1 22 1.000000
 29 51.694759 0.282261 87.503174 -0.235056 0.048932 -0.970749 0.300679 0.625284 1 22 1.000000
 29 50.948059 -2.743579 87.949982 -0.531736 -0.205361 -0.821635 0.263813 0.619120 1 22 1.000000
MarioHand_alb.png
 29 53.661129 -4.254546 86.951332 -0.264040 -0.201559 -0.943216 0.249622 0.654063 1 22 1.000000
 29 50.948059 -2.743579 87.949982 -0.531736 -0.205361 -0.821635 0.263813 0.619120 1 22 1.000000
 29 51.694759 0.282261 87.503174 -0.235056 0.048932 -0.970749 0.300679 0.625284 1 22 1.000000
MarioHand_alb.png
 29 49.153866 0.286232 88.627319 -0.031275 -0.266123 -0.963432 0.296605 0.591165 1 22 1.000000
 29 49.160374 3.667027 87.968140 0.133154 0.052818 -0.989687 0.339940 0.590387 1 22 1.000000
 29 51.694759 0.282261 87.503174 -0.235056 0.048932 -0.970749 0.300679 0.625284 1 22 1.000000
MarioHand_alb.png
 29 52.711670 -7.290785 88.709961 -0.553559 -0.506920 -0.660761 0.213489 0.643076 1 22 1.000000
 29 53.661129 -4.254546 86.951332 -0.264040 -0.201559 -0.943216 0.249622 0.654063 1 22 1.000000
 29 56.234154 -5.414822 86.881828 -0.035094 -0.150674 -0.987961 0.238514 0.687938 1 22 1.000000
MarioHand_alb.png
 29 55.030975 -8.968865 88.427490 -0.416979 -0.508920 -0.753080 0.194919 0.672801 1 22 1.000000
 29 52.711670 -7.290785 88.709961 -0.553559 -0.506920 -0.660761 0.213489 0.643076 1 22 1.000000
 29 56.234154 -5.414822 86.881828 -0.035094 -0.150674 -0.987961 0.238514 0.687938 1 22 1.000000
MarioHand_alb.png
 29 53.661129 -4.254546 86.951332 -0.264040 -0.201559 -0.943216 0.249622 0.654063 1 22 1.000000
 29 51.694759 0.282261 87.503174 -0.235056 0.048932 -0.970749 0.300679 0.625284 1 22 1.000000
 29 54.695721 -0.282015 87.010811 0.175826 0.222938 -0.958845 0.296239 0.662318 1 22 1.000000
MarioHand_alb.png
 29 56.234154 -5.414822 86.881828 -0.035094 -0.150674 -0.987961 0.238514 0.687938 1 22 1.000000
 29 53.661129 -4.254546 86.951332 -0.264040 -0.201559 -0.943216 0.249622 0.654063 1 22 1.000000
 29 54.695721 -0.282015 87.010811 0.175826 0.222938 -0.958845 0.296239 0.662318 1 22 1.000000
MarioHand_alb.png
 29 51.694759 0.282261 87.503174 -0.235056 0.048932 -0.970749 0.300679 0.625284 1 22 1.000000
 29 49.160374 3.667027 87.968140 0.133154 0.052818 -0.989687 0.339940 0.590387 1 22 1.000000
 29 51.814220 3.031269 88.125656 0.017927 0.121339 -0.992449 0.335088 0.623926 1 22 1.000000
MarioHand_alb.png
 29 51.694759 0.282261 87.503174 -0.235056 0.048932 -0.970749 0.300679 0.625284 1 22 1.000000
 29 51.814220 3.031269 88.125656 0.017927 0.121339 -0.992449 0.335088 0.623926 1 22 1.000000
 29 54.695721 -0.282015 87.010811 0.175826 0.222938 -0.958845 0.296239 0.662318 1 22 1.000000
MarioHand_alb.png
 29 49.160374 3.667027 87.968140 0.133154 0.052818 -0.989687 0.339940 0.590387 1 22 1.000000
 29 51.900436 6.159244 88.088776 -0.011444 0.107671 -0.994121 0.372946 0.621180 1 22 1.000000
 29 51.814220 3.031269 88.125656 0.017927 0.121339 -0.992449 0.335088 0.623926 1 22 1.000000
MarioHand_alb.png
 29 49.160374 3.667027 87.968140 0.133154 0.052818 -0.989687 0.339940 0.590387 1 22 1.000000
 29 49.153870 7.047823 88.627319 0.090013 0.279859 -0.955812 0.384298 0.586343 1 22 1.000000
 29 51.900436 6.159244 88.088776 -0.011444 0.107671 -0.994121 0.372946 0.621180 1 22 1.000000
MarioHand_alb.png
 29 54.695721 -0.282015 87.010811 0.175826 0.222938 -0.958845 0.296239 0.662318 1 22 1.000000
 29 51.814220 3.031269 88.125656 0.017927 0.121339 -0.992449 0.335088 0.623926 1 22 1.000000
 29 54.854000 2.981237 88.249260 0.219288 0.144730 -0.964866 0.337591 0.661814 1 22 1.000000
MarioHand_alb.png
 29 49.153870 7.047823 88.627319 0.090013 0.279859 -0.955812 0.384298 0.586343 1 22 1.000000
 29 51.852093 9.446747 88.975388 -0.158667 0.409064 -0.898605 0.414084 0.619074 1 22 1.000000
 29 51.900436 6.159244 88.088776 -0.011444 0.107671 -0.994121 0.372946 0.621180 1 22 1.000000
MarioHand_alb.png
 29 49.153870 7.047823 88.627319 0.090013 0.279859 -0.955812 0.384298 0.586343 1 22 1.000000
 29 49.153870 9.933512 90.411804 -0.052646 0.667900 -0.742387 0.430045 0.584100 1 22 1.000000
 29 51.852093 9.446747 88.975388 -0.158667 0.409064 -0.898605 0.414084 0.619074 1 22 1.000000
MarioHand_alb.png
 29 51.814220 3.031269 88.125656 0.017927 0.121339 -0.992449 0.335088 0.623926 1 22 1.000000
 29 51.900436 6.159244 88.088776 -0.011444 0.107671 -0.994121 0.372946 0.621180 1 22 1.000000
 29 54.983723 5.590391 88.253212 0.178082 0.043090 -0.983072 0.368551 0.658930 1 22 1.000000
MarioHand_alb.png
 29 51.814220 3.031269 88.125656 0.017927 0.121339 -0.992449 0.335088 0.623926 1 22 1.000000
 29 54.983723 5.590391 88.253212 0.178082 0.043090 -0.983072 0.368551 0.658930 1 22 1.000000
 29 54.854000 2.981237 88.249260 0.219288 0.144730 -0.964866 0.337591 0.661814 1 22 1.000000
MarioHand_alb.png
 29 51.900436 6.159244 88.088776 -0.011444 0.107671 -0.994121 0.372946 0.621180 1 22 1.000000
 29 51.852093 9.446747 88.975388 -0.158667 0.409064 -0.898605 0.414084 0.619074 1 22 1.000000
 29 54.713394 8.560638 88.652092 0.138839 0.219128 -0.965767 0.403021 0.652689 1 22 1.000000
MarioHand_alb.png
 29 51.900436 6.159244 88.088776 -0.011444 0.107671 -0.994121 0.372946 0.621180 1 22 1.000000
 29 54.713394 8.560638 88.652092 0.138839 0.219128 -0.965767 0.403021 0.652689 1 22 1.000000
 29 54.983723 5.590391 88.253212 0.178082 0.043090 -0.983072 0.368551 0.658930 1 22 1.000000
MarioHand_alb.png
 29 49.153870 9.933512 90.411804 -0.052646 0.667900 -0.742387 0.430045 0.584100 1 22 1.000000
 29 51.631001 11.700502 90.535156 -0.320838 0.719024 -0.616497 0.446860 0.617304 1 22 1.000000
 29 51.852093 9.446747 88.975388 -0.158667 0.409064 -0.898605 0.414084 0.619074 1 22 1.000000
MarioHand_alb.png
 29 49.153870 9.933512 90.411804 -0.052646 0.667900 -0.742387 0.430045 0.584100 1 22 1.000000
 29 49.153870 11.828990 93.128517 -0.125119 0.922085 -0.366202 0.474983 0.584146 1 22 1.000000
 29 51.631001 11.700502 90.535156 -0.320838 0.719024 -0.616497 0.446860 0.617304 1 22 1.000000
MarioHand_alb.png
 29 51.852093 9.446747 88.975388 -0.158667 0.409064 -0.898605 0.414084 0.619074 1 22 1.000000
 29 54.501698 11.326427 89.745964 0.021747 0.562665 -0.826399 0.436606 0.650004 1 22 1.000000
 29 54.713394 8.560638 88.652092 0.138839 0.219128 -0.965767 0.403021 0.652689 1 22 1.000000
MarioHand_alb.png
 29 51.852093 9.446747 88.975388 -0.158667 0.409064 -0.898605 0.414084 0.619074 1 22 1.000000
 29 51.631001 11.700502 90.535156 -0.320838 0.719024 -0.616497 0.446860 0.617304 1 22 1.000000
 29 54.501698 11.326427 89.745964 0.021747 0.562665 -0.826399 0.436606 0.650004 1 22 1.000000
MarioHand_alb.png
 29 51.631001 11.700502 90.535156 -0.320838 0.719024 -0.616497 0.446860 0.617304 1 22 1.000000
 29 49.153870 11.828990 93.128517 -0.125119 0.922085 -0.366202 0.474983 0.584146 1 22 1.000000
 29 51.088848 13.077468 94.004448 -0.383746 0.902051 -0.197595 0.491844 0.609995 1 22 1.000000
MarioHand_alb.png
 29 49.153870 11.828990 93.128517 -0.125119 0.922085 -0.366202 0.474983 0.584146 1 22 1.000000
 29 49.153870 12.531140 96.311356 -0.187690 0.982226 0.002289 0.516793 0.582803 1 22 1.000000
 29 51.088848 13.077468 94.004448 -0.383746 0.902051 -0.197595 0.491844 0.609995 1 22 1.000000
MarioHand_alb.png
 29 51.088848 13.077468 94.004448 -0.383746 0.902051 -0.197595 0.491844 0.609995 1 22 1.000000
 29 49.153870 12.531140 96.311356 -0.187690 0.982226 0.002289 0.516793 0.582803 1 22 1.000000
 29 50.977901 13.337015 97.218842 -0.395582 0.912376 0.105285 0.531395 0.606363 1 22 1.000000
MarioHand_alb.png
 29 51.631001 11.700502 90.535156 -0.320838 0.719024 -0.616497 0.446860 0.617304 1 22 1.000000
 29 51.088848 13.077468 94.004448 -0.383746 0.902051 -0.197595 0.491844 0.609995 1 22 1.000000
 29 54.173820 13.334320 91.657867 -0.105280 0.823355 -0.557676 0.467948 0.647822 1 22 1.000000
MarioHand_alb.png
 29 51.631001 11.700502 90.535156 -0.320838 0.719024 -0.616497 0.446860 0.617304 1 22 1.000000
 29 54.173820 13.334320 91.657867 -0.105280 0.823355 -0.557676 0.467948 0.647822 1 22 1.000000
 29 54.501698 11.326427 89.745964 0.021747 0.562665 -0.826399 0.436606 0.650004 1 22 1.000000
MarioHand_alb.png
 29 51.088848 13.077468 94.004448 -0.383746 0.902051 -0.197595 0.491844 0.609995 1 22 1.000000
 29 50.977901 13.337015 97.218842 -0.395582 0.912376 0.105285 0.531395 0.606363 1 22 1.000000
 29 53.753830 14.228868 94.445206 -0.237278 0.953882 -0.183872 0.501747 0.644175 1 22 1.000000
MarioHand_alb.png
 29 51.088848 13.077468 94.004448 -0.383746 0.902051 -0.197595 0.491844 0.609995 1 22 1.000000
 29 53.753830 14.228868 94.445206 -0.237278 0.953882 -0.183872 0.501747 0.644175 1 22 1.000000
 29 54.173820 13.334320 91.657867 -0.105280 0.823355 -0.557676 0.467948 0.647822 1 22 1.000000
MarioHand_alb.png
 29 53.753830 14.228868 94.445206 -0.237278 0.953882 -0.183872 0.501747 0.644175 1 22 1.000000
 29 50.977901 13.337015 97.218842 -0.395582 0.912376 0.105285 0.531395 0.606363 1 22 1.000000
 29 53.507767 14.288552 97.757835 -0.293339 0.944482 0.148005 0.541833 0.640787 1 22 1.000000
MarioHand_alb.png
 29 54.501698 11.326427 89.745964 0.021747 0.562665 -0.826399 0.436606 0.650004 1 22 1.000000
 29 54.173820 13.334320 91.657867 -0.105280 0.823355 -0.557676 0.467948 0.647822 1 22 1.000000
 29 57.686188 13.700947 92.047310 0.166316 0.790286 -0.589734 0.471641 0.686824 1 22 1.000000
MarioHand_alb.png
 29 57.686188 13.700947 92.047310 0.166316 0.790286 -0.589734 0.471641 0.686824 1 22 1.000000
 29 54.173820 13.334320 91.657867 -0.105280 0.823355 -0.557676 0.467948 0.647822 1 22 1.000000
 29 53.753830 14.228868 94.445206 -0.237278 0.953882 -0.183872 0.501747 0.644175 1 22 1.000000
MarioHand_alb.png
 29 57.151623 14.967724 94.850128 -0.023269 0.972636 -0.231167 0.506401 0.685313 1 22 1.000000
 29 53.753830 14.228868 94.445206 -0.237278 0.953882 -0.183872 0.501747 0.644175 1 22 1.000000
 29 53.507767 14.288552 97.757835 -0.293339 0.944482 0.148005 0.541833 0.640787 1 22 1.000000
MarioHand_alb.png
 29 57.686188 13.700947 92.047310 0.166316 0.790286 -0.589734 0.471641 0.686824 1 22 1.000000
 29 53.753830 14.228868 94.445206 -0.237278 0.953882 -0.183872 0.501747 0.644175 1 22 1.000000
 29 57.151623 14.967724 94.850128 -0.023269 0.972636 -0.231167 0.506401 0.685313 1 22 1.000000
MarioHand_alb.png
 29 57.151623 14.967724 94.850128 -0.023269 0.972636 -0.231167 0.506401 0.685313 1 22 1.000000
 29 53.507767 14.288552 97.757835 -0.293339 0.944482 0.148005 0.541833 0.640787 1 22 1.000000
 29 56.770218 15.020341 98.209000 -0.158315 0.977358 0.140385 0.546899 0.685481 1 22 1.000000
MarioHand_alb.png
 29 58.180031 11.365086 90.208382 0.319286 0.501435 -0.804127 0.439185 0.690486 1 22 1.000000
 29 54.501698 11.326427 89.745964 0.021747 0.562665 -0.826399 0.436606 0.650004 1 22 1.000000
 29 57.686188 13.700947 92.047310 0.166316 0.790286 -0.589734 0.471641 0.686824 1 22 1.000000
MarioHand_alb.png
 29 54.713394 8.560638 88.652092 0.138839 0.219128 -0.965767 0.403021 0.652689 1 22 1.000000
 29 54.501698 11.326427 89.745964 0.021747 0.562665 -0.826399 0.436606 0.650004 1 22 1.000000
 29 58.180031 11.365086 90.208382 0.319286 0.501435 -0.804127 0.439185 0.690486 1 22 1.000000
MarioHand_alb.png
 29 57.151623 14.967724 94.850128 -0.023269 0.972636 -0.231167 0.506401 0.685313 1 22 1.000000
 29 56.770218 15.020341 98.209000 -0.158315 0.977358 0.140385 0.546899 0.685481 1 22 1.000000
 29 60.118984 14.841290 95.896835 0.203701 0.948886 -0.241084 0.506844 0.724590 1 22 1.000000
MarioHand_alb.png
 29 60.118984 14.841290 95.896835 0.203701 0.948886 -0.241084 0.506844 0.724590 1 22 1.000000
 29 56.770218 15.020341 98.209000 -0.158315 0.977358 0.140385 0.546899 0.685481 1 22 1.000000
 29 59.683899 15.299544 99.548050 -0.060655 0.974016 0.218207 0.548486 0.726848 1 22 1.000000
MarioHand_alb.png
 29 60.118984 14.841290 95.896835 0.203701 0.948886 -0.241084 0.506844 0.724590 1 22 1.000000
 29 59.683899 15.299544 99.548050 -0.060655 0.974016 0.218207 0.548486 0.726848 1 22 1.000000
 29 62.169304 14.995401 100.255173 0.162508 0.965127 0.205233 0.545815 0.766827 1 22 1.000000
MarioHand_alb.png
 29 57.686188 13.700947 92.047310 0.166316 0.790286 -0.589734 0.471641 0.686824 1 22 1.000000
 29 57.151623 14.967724 94.850128 -0.023269 0.972636 -0.231167 0.506401 0.685313 1 22 1.000000
 29 60.436714 13.300686 93.449593 0.498900 0.671017 -0.548485 0.473533 0.724361 1 22 1.000000
MarioHand_alb.png
 29 57.151623 14.967724 94.850128 -0.023269 0.972636 -0.231167 0.506401 0.685313 1 22 1.000000
 29 60.118984 14.841290 95.896835 0.203701 0.948886 -0.241084 0.506844 0.724590 1 22 1.000000
 29 60.436714 13.300686 93.449593 0.498900 0.671017 -0.548485 0.473533 0.724361 1 22 1.000000
MarioHand_alb.png
 29 61.689075 14.145269 97.195671 0.718313 0.620275 -0.315096 0.506813 0.758251 1 22 1.000000
 29 60.118984 14.841290 95.896835 0.203701 0.948886 -0.241084 0.506844 0.724590 1 22 1.000000
 29 62.169304 14.995401 100.255173 0.162508 0.965127 0.205233 0.545815 0.766827 1 22 1.000000
MarioHand_alb.png
 29 60.436714 13.300686 93.449593 0.498900 0.671017 -0.548485 0.473533 0.724361 1 22 1.000000
 29 60.118984 14.841290 95.896835 0.203701 0.948886 -0.241084 0.506844 0.724590 1 22 1.000000
 29 61.689075 14.145269 97.195671 0.718313 0.620275 -0.315096 0.506813 0.758251 1 22 1.000000
MarioHand_alb.png
 29 62.556286 13.297711 98.308815 0.434517 0.782722 -0.445580 0.507713 0.783444 1 22 1.000000
 29 62.169304 14.995401 100.255173 0.162508 0.965127 0.205233 0.545815 0.766827 1 22 1.000000
 29 64.139618 14.594780 99.891563 0.173951 0.982765 0.062561 0.543160 0.788983 1 22 1.000000
MarioHand_alb.png
 29 62.556286 13.297711 98.308815 0.434517 0.782722 -0.445580 0.507713 0.783444 1 22 1.000000
 29 61.689075 14.145269 97.195671 0.718313 0.620275 -0.315096 0.506813 0.758251 1 22 1.000000
 29 62.169304 14.995401 100.255173 0.162508 0.965127 0.205233 0.545815 0.766827 1 22 1.000000
MarioHand_alb.png
 29 62.315376 12.522882 95.236908 0.868600 0.389191 -0.306699 0.478218 0.758221 1 22 1.000000
 29 61.689075 14.145269 97.195671 0.718313 0.620275 -0.315096 0.506813 0.758251 1 22 1.000000
 29 62.556286 13.297711 98.308815 0.434517 0.782722 -0.445580 0.507713 0.783444 1 22 1.000000
MarioHand_alb.png
 29 62.315376 12.522882 95.236908 0.868600 0.389191 -0.306699 0.478218 0.758221 1 22 1.000000
 29 60.436714 13.300686 93.449593 0.498900 0.671017 -0.548485 0.473533 0.724361 1 22 1.000000
 29 61.689075 14.145269 97.195671 0.718313 0.620275 -0.315096 0.506813 0.758251 1 22 1.000000
MarioHand_alb.png
 29 63.049026 11.249261 98.126198 0.970455 0.195693 -0.141143 0.479530 0.793866 1 22 1.000000
 29 62.315376 12.522882 95.236908 0.868600 0.389191 -0.306699 0.478218 0.758221 1 22 1.000000
 29 62.556286 13.297711 98.308815 0.434517 0.782722 -0.445580 0.507713 0.783444 1 22 1.000000
MarioHand_alb.png
 29 57.686188 13.700947 92.047310 0.166316 0.790286 -0.589734 0.471641 0.686824 1 22 1.000000
 29 60.436714 13.300686 93.449593 0.498900 0.671017 -0.548485 0.473533 0.724361 1 22 1.000000
 29 60.721138 10.909435 91.935402 0.626265 0.402858 -0.667456 0.442512 0.727443 1 22 1.000000
MarioHand_alb.png
 29 62.315376 12.522882 95.236908 0.868600 0.389191 -0.306699 0.478218 0.758221 1 22 1.000000
 29 60.721138 10.909435 91.935402 0.626265 0.402858 -0.667456 0.442512 0.727443 1 22 1.000000
 29 60.436714 13.300686 93.449593 0.498900 0.671017 -0.548485 0.473533 0.724361 1 22 1.000000
MarioHand_alb.png
 29 58.180031 11.365086 90.208382 0.319286 0.501435 -0.804127 0.439185 0.690486 1 22 1.000000
 29 57.686188 13.700947 92.047310 0.166316 0.790286 -0.589734 0.471641 0.686824 1 22 1.000000
 29 60.721138 10.909435 91.935402 0.626265 0.402858 -0.667456 0.442512 0.727443 1 22 1.000000
MarioHand_alb.png
 29 63.109390 10.069162 94.132133 0.910052 0.236762 -0.340220 0.447501 0.765850 1 22 1.000000
 29 62.315376 12.522882 95.236908 0.868600 0.389191 -0.306699 0.478218 0.758221 1 22 1.000000
 29 63.049026 11.249261 98.126198 0.970455 0.195693 -0.141143 0.479530 0.793866 1 22 1.000000
MarioHand_alb.png
 29 63.109390 10.069162 94.132133 0.910052 0.236762 -0.340220 0.447501 0.765850 1 22 1.000000
 29 60.721138 10.909435 91.935402 0.626265 0.402858 -0.667456 0.442512 0.727443 1 22 1.000000
 29 62.315376 12.522882 95.236908 0.868600 0.389191 -0.306699 0.478218 0.758221 1 22 1.000000
MarioHand_alb.png
 29 63.109390 10.069162 94.132133 0.910052 0.236762 -0.340220 0.447501 0.765850 1 22 1.000000
 29 63.049026 11.249261 98.126198 0.970455 0.195693 -0.141143 0.479530 0.793866 1 22 1.000000
 29 62.833691 8.969271 98.408142 0.847239 0.207423 -0.489041 0.461097 0.826154 1 22 1.000000
MarioHand_alb.png
 29 62.908741 5.953076 97.146965 0.819821 0.062660 -0.569182 0.417395 0.826032 1 22 1.000000
 29 63.109390 10.069162 94.132133 0.910052 0.236762 -0.340220 0.447501 0.765850 1 22 1.000000
 29 62.833691 8.969271 98.408142 0.847239 0.207423 -0.489041 0.461097 0.826154 1 22 1.000000
MarioHand_alb.png
 29 58.369591 8.406942 89.416451 0.371949 0.174244 -0.911753 0.405966 0.694896 1 22 1.000000
 29 58.180031 11.365086 90.208382 0.319286 0.501435 -0.804127 0.439185 0.690486 1 22 1.000000
 29 60.721138 10.909435 91.935402 0.626265 0.402858 -0.667456 0.442512 0.727443 1 22 1.000000
MarioHand_alb.png
 29 58.369591 8.406942 89.416451 0.371949 0.174244 -0.911753 0.405966 0.694896 1 22 1.000000
 29 54.713394 8.560638 88.652092 0.138839 0.219128 -0.965767 0.403021 0.652689 1 22 1.000000
 29 58.180031 11.365086 90.208382 0.319286 0.501435 -0.804127 0.439185 0.690486 1 22 1.000000
MarioHand_alb.png
 29 54.983723 5.590391 88.253212 0.178082 0.043090 -0.983072 0.368551 0.658930 1 22 1.000000
 29 54.713394 8.560638 88.652092 0.138839 0.219128 -0.965767 0.403021 0.652689 1 22 1.000000
 29 58.369591 8.406942 89.416451 0.371949 0.174244 -0.911753 0.405966 0.694896 1 22 1.000000
MarioHand_alb.png
 29 61.484585 7.946098 90.776543 0.671018 0.152591 -0.725569 0.409125 0.733120 1 22 1.000000
 29 60.721138 10.909435 91.935402 0.626265 0.402858 -0.667456 0.442512 0.727443 1 22 1.000000
 29 63.109390 10.069162 94.132133 0.910052 0.236762 -0.340220 0.447501 0.765850 1 22 1.000000
MarioHand_alb.png
 29 58.369591 8.406942 89.416451 0.371949 0.174244 -0.911753 0.405966 0.694896 1 22 1.000000
 29 60.721138 10.909435 91.935402 0.626265 0.402858 -0.667456 0.442512 0.727443 1 22 1.000000
 29 61.484585 7.946098 90.776543 0.671018 0.152591 -0.725569 0.409125 0.733120 1 22 1.000000
MarioHand_alb.png
 29 58.236961 5.217323 89.111160 0.385563 -0.031368 -0.922148 0.369833 0.699092 1 22 1.000000
 29 54.983723 5.590391 88.253212 0.178082 0.043090 -0.983072 0.368551 0.658930 1 22 1.000000
 29 58.369591 8.406942 89.416451 0.371949 0.174244 -0.911753 0.405966 0.694896 1 22 1.000000
MarioHand_alb.png
 29 58.236961 5.217323 89.111160 0.385563 -0.031368 -0.922148 0.369833 0.699092 1 22 1.000000
 29 58.369591 8.406942 89.416451 0.371949 0.174244 -0.911753 0.405966 0.694896 1 22 1.000000
 29 61.484585 7.946098 90.776543 0.671018 0.152591 -0.725569 0.409125 0.733120 1 22 1.000000
MarioHand_alb.png
 29 54.854000 2.981237 88.249260 0.219288 0.144730 -0.964866 0.337591 0.661814 1 22 1.000000
 29 54.983723 5.590391 88.253212 0.178082 0.043090 -0.983072 0.368551 0.658930 1 22 1.000000
 29 58.236961 5.217323 89.111160 0.385563 -0.031368 -0.922148 0.369833 0.699092 1 22 1.000000
MarioHand_alb.png
 29 61.484585 7.946098 90.776543 0.671018 0.152591 -0.725569 0.409125 0.733120 1 22 1.000000
 29 63.109390 10.069162 94.132133 0.910052 0.236762 -0.340220 0.447501 0.765850 1 22 1.000000
 29 63.151443 7.207694 93.958435 0.921168 0.113382 -0.372282 0.414359 0.776150 1 22 1.000000
MarioHand_alb.png
 29 63.151443 7.207694 93.958435 0.921168 0.113382 -0.372282 0.414359 0.776150 1 22 1.000000
 29 63.109390 10.069162 94.132133 0.910052 0.236762 -0.340220 0.447501 0.765850 1 22 1.000000
 29 62.908741 5.953076 97.146965 0.819821 0.062660 -0.569182 0.417395 0.826032 1 22 1.000000
MarioHand_alb.png
 29 58.236961 5.217323 89.111160 0.385563 -0.031368 -0.922148 0.369833 0.699092 1 22 1.000000
 29 61.484585 7.946098 90.776543 0.671018 0.152591 -0.725569 0.409125 0.733120 1 22 1.000000
 29 61.267212 4.680322 90.833290 0.664853 -0.117293 -0.737708 0.373129 0.740444 1 22 1.000000
MarioHand_alb.png
 29 61.484585 7.946098 90.776543 0.671018 0.152591 -0.725569 0.409125 0.733120 1 22 1.000000
 29 63.151443 7.207694 93.958435 0.921168 0.113382 -0.372282 0.414359 0.776150 1 22 1.000000
 29 61.267212 4.680322 90.833290 0.664853 -0.117293 -0.737708 0.373129 0.740444 1 22 1.000000
MarioHand_alb.png
 29 57.924141 2.149680 89.250603 0.508710 0.113354 -0.853443 0.333333 0.703883 1 22 1.000000
 29 54.854000 2.981237 88.249260 0.219288 0.144730 -0.964866 0.337591 0.661814 1 22 1.000000
 29 58.236961 5.217323 89.111160 0.385563 -0.031368 -0.922148 0.369833 0.699092 1 22 1.000000
MarioHand_alb.png
 29 57.924141 2.149680 89.250603 0.508710 0.113354 -0.853443 0.333333 0.703883 1 22 1.000000
 29 58.236961 5.217323 89.111160 0.385563 -0.031368 -0.922148 0.369833 0.699092 1 22 1.000000
 29 61.267212 4.680322 90.833290 0.664853 -0.117293 -0.737708 0.373129 0.740444 1 22 1.000000
MarioHand_alb.png
 29 57.924141 2.149680 89.250603 0.508710 0.113354 -0.853443 0.333333 0.703883 1 22 1.000000
 29 54.695721 -0.282015 87.010811 0.175826 0.222938 -0.958845 0.296239 0.662318 1 22 1.000000
 29 54.854000 2.981237 88.249260 0.219288 0.144730 -0.964866 0.337591 0.661814 1 22 1.000000
MarioHand_alb.png
 29 63.151443 7.207694 93.958435 0.921168 0.113382 -0.372282 0.414359 0.776150 1 22 1.000000
 29 62.908741 5.953076 97.146965 0.819821 0.062660 -0.569182 0.417395 0.826032 1 22 1.000000
 29 63.719524 4.148190 93.940361 0.898687 -0.072475 -0.432560 0.378836 0.787900 1 22 1.000000
MarioHand_alb.png
 29 63.151443 7.207694 93.958435 0.921168 0.113382 -0.372282 0.414359 0.776150 1 22 1.000000
 29 63.719524 4.148190 93.940361 0.898687 -0.072475 -0.432560 0.378836 0.787900 1 22 1.000000
 29 61.267212 4.680322 90.833290 0.664853 -0.117293 -0.737708 0.373129 0.740444 1 22 1.000000
MarioHand_alb.png
 29 63.279919 3.128185 98.876953 0.654865 0.252106 -0.712457 0.386069 0.858091 1 22 1.000000
 29 63.719524 4.148190 93.940361 0.898687 -0.072475 -0.432560 0.378836 0.787900 1 22 1.000000
 29 62.908741 5.953076 97.146965 0.819821 0.062660 -0.569182 0.417395 0.826032 1 22 1.000000
MarioHand_alb.png
 29 64.311890 0.637884 97.824921 0.512605 0.099701 -0.852816 0.347478 0.848371 1 22 1.000000
 29 63.719524 4.148190 93.940361 0.898687 -0.072475 -0.432560 0.378836 0.787900 1 22 1.000000
 29 63.279919 3.128185 98.876953 0.654865 0.252106 -0.712457 0.386069 0.858091 1 22 1.000000
MarioHand_alb.png
 29 60.510269 1.664890 91.595314 0.727777 -0.064558 -0.682768 0.336233 0.748180 1 22 1.000000
 29 61.267212 4.680322 90.833290 0.664853 -0.117293 -0.737708 0.373129 0.740444 1 22 1.000000
 29 63.719524 4.148190 93.940361 0.898687 -0.072475 -0.432560 0.378836 0.787900 1 22 1.000000
MarioHand_alb.png
 29 57.924141 2.149680 89.250603 0.508710 0.113354 -0.853443 0.333333 0.703883 1 22 1.000000
 29 61.267212 4.680322 90.833290 0.664853 -0.117293 -0.737708 0.373129 0.740444 1 22 1.000000
 29 60.510269 1.664890 91.595314 0.727777 -0.064558 -0.682768 0.336233 0.748180 1 22 1.000000
MarioHand_alb.png
 29 63.039150 1.145862 94.459747 0.831237 -0.211219 -0.514230 0.341253 0.795438 1 22 1.000000
 29 63.719524 4.148190 93.940361 0.898687 -0.072475 -0.432560 0.378836 0.787900 1 22 1.000000
 29 64.311890 0.637884 97.824921 0.512605 0.099701 -0.852816 0.347478 0.848371 1 22 1.000000
MarioHand_alb.png
 29 60.510269 1.664890 91.595314 0.727777 -0.064558 -0.682768 0.336233 0.748180 1 22 1.000000
 29 63.719524 4.148190 93.940361 0.898687 -0.072475 -0.432560 0.378836 0.787900 1 22 1.000000
 29 63.039150 1.145862 94.459747 0.831237 -0.211219 -0.514230 0.341253 0.795438 1 22 1.000000
MarioHand_alb.png
 29 57.977592 -1.360754 87.893951 0.499327 0.248376 -0.830050 0.287846 0.704051 1 22 1.000000
 29 54.695721 -0.282015 87.010811 0.175826 0.222938 -0.958845 0.296239 0.662318 1 22 1.000000
 29 57.924141 2.149680 89.250603 0.508710 0.113354 -0.853443 0.333333 0.703883 1 22 1.000000
MarioHand_alb.png
 29 56.234154 -5.414822 86.881828 -0.035094 -0.150674 -0.987961 0.238514 0.687938 1 22 1.000000
 29 54.695721 -0.282015 87.010811 0.175826 0.222938 -0.958845 0.296239 0.662318 1 22 1.000000
 29 57.977592 -1.360754 87.893951 0.499327 0.248376 -0.830050 0.287846 0.704051 1 22 1.000000
MarioHand_alb.png
 29 60.994736 -1.314394 91.073036 0.833166 0.125223 -0.538659 0.299733 0.756054 1 22 1.000000
 29 57.924141 2.149680 89.250603 0.508710 0.113354 -0.853443 0.333333 0.703883 1 22 1.000000
 29 60.510269 1.664890 91.595314 0.727777 -0.064558 -0.682768 0.336233 0.748180 1 22 1.000000
MarioHand_alb.png
 29 57.977592 -1.360754 87.893951 0.499327 0.248376 -0.830050 0.287846 0.704051 1 22 1.000000
 29 57.924141 2.149680 89.250603 0.508710 0.113354 -0.853443 0.333333 0.703883 1 22 1.000000
 29 60.994736 -1.314394 91.073036 0.833166 0.125223 -0.538659 0.299733 0.756054 1 22 1.000000
MarioHand_alb.png
 29 60.994736 -1.314394 91.073036 0.833166 0.125223 -0.538659 0.299733 0.756054 1 22 1.000000
 29 60.510269 1.664890 91.595314 0.727777 -0.064558 -0.682768 0.336233 0.748180 1 22 1.000000
 29 63.039150 1.145862 94.459747 0.831237 -0.211219 -0.514230 0.341253 0.795438 1 22 1.000000
MarioHand_alb.png
 29 56.234154 -5.414822 86.881828 -0.035094 -0.150674 -0.987961 0.238514 0.687938 1 22 1.000000
 29 57.977592 -1.360754 87.893951 0.499327 0.248376 -0.830050 0.287846 0.704051 1 22 1.000000
 29 59.796246 -4.724872 88.136215 0.510259 0.228625 -0.829076 0.247639 0.731731 1 22 1.000000
MarioHand_alb.png
 29 59.796246 -4.724872 88.136215 0.510259 0.228625 -0.829076 0.247639 0.731731 1 22 1.000000
 29 57.977592 -1.360754 87.893951 0.499327 0.248376 -0.830050 0.287846 0.704051 1 22 1.000000
 29 60.994736 -1.314394 91.073036 0.833166 0.125223 -0.538659 0.299733 0.756054 1 22 1.000000
MarioHand_alb.png
 29 63.039150 1.145862 94.459747 0.831237 -0.211219 -0.514230 0.341253 0.795438 1 22 1.000000
 29 64.311890 0.637884 97.824921 0.512605 0.099701 -0.852816 0.347478 0.848371 1 22 1.000000
 29 62.198071 -1.664347 94.786385 0.927269 -0.074344 -0.366941 0.306157 0.804303 1 22 1.000000
MarioHand_alb.png
 29 60.994736 -1.314394 91.073036 0.833166 0.125223 -0.538659 0.299733 0.756054 1 22 1.000000
 29 63.039150 1.145862 94.459747 0.831237 -0.211219 -0.514230 0.341253 0.795438 1 22 1.000000
 29 62.198071 -1.664347 94.786385 0.927269 -0.074344 -0.366941 0.306157 0.804303 1 22 1.000000
MarioHand_alb.png
 29 64.311890 0.637884 97.824921 0.512605 0.099701 -0.852816 0.347478 0.848371 1 22 1.000000
 29 62.848106 -2.209622 97.792397 0.402802 0.236589 -0.884181 0.313024 0.864622 1 22 1.000000
 29 62.198071 -1.664347 94.786385 0.927269 -0.074344 -0.366941 0.306157 0.804303 1 22 1.000000
MarioHand_alb.png
 29 63.176350 -4.553709 97.065598 0.140787 0.341095 -0.929426 0.279179 0.850584 1 22 1.000000
 29 62.198071 -1.664347 94.786385 0.927269 -0.074344 -0.366941 0.306157 0.804303 1 22 1.000000
 29 62.848106 -2.209622 97.792397 0.402802 0.236589 -0.884181 0.313024 0.864622 1 22 1.000000
MarioHand_alb.png
 29 61.394390 -4.031870 91.390862 0.943987 0.109655 -0.311230 0.267933 0.771298 1 22 1.000000
 29 60.994736 -1.314394 91.073036 0.833166 0.125223 -0.538659 0.299733 0.756054 1 22 1.000000
 29 62.198071 -1.664347 94.786385 0.927269 -0.074344 -0.366941 0.306157 0.804303 1 22 1.000000
MarioHand_alb.png
 29 59.796246 -4.724872 88.136215 0.510259 0.228625 -0.829076 0.247639 0.731731 1 22 1.000000
 29 60.994736 -1.314394 91.073036 0.833166 0.125223 -0.538659 0.299733 0.756054 1 22 1.000000
 29 61.394390 -4.031870 91.390862 0.943987 0.109655 -0.311230 0.267933 0.771298 1 22 1.000000
MarioHand_alb.png
 29 61.905155 -4.375028 94.479080 0.939156 0.187774 -0.287621 0.269032 0.813626 1 22 1.000000
 29 62.198071 -1.664347 94.786385 0.927269 -0.074344 -0.366941 0.306157 0.804303 1 22 1.000000
 29 63.176350 -4.553709 97.065598 0.140787 0.341095 -0.929426 0.279179 0.850584 1 22 1.000000
MarioHand_alb.png
 29 61.394390 -4.031870 91.390862 0.943987 0.109655 -0.311230 0.267933 0.771298 1 22 1.000000
 29 62.198071 -1.664347 94.786385 0.927269 -0.074344 -0.366941 0.306157 0.804303 1 22 1.000000
 29 61.905155 -4.375028 94.479080 0.939156 0.187774 -0.287621 0.269032 0.813626 1 22 1.000000
MarioHand_alb.png
 29 63.917274 -7.066138 95.425652 0.979748 -0.179983 -0.087750 0.241749 0.843839 1 22 1.000000
 29 63.176350 -4.553709 97.065598 0.140787 0.341095 -0.929426 0.279179 0.850584 1 22 1.000000
 29 64.076096 -7.215114 97.019485 0.029756 -0.889348 -0.456262 0.249042 0.875486 1 22 1.000000
MarioHand_alb.png
 29 61.905155 -4.375028 94.479080 0.939156 0.187774 -0.287621 0.269032 0.813626 1 22 1.000000
 29 63.176350 -4.553709 97.065598 0.140787 0.341095 -0.929426 0.279179 0.850584 1 22 1.000000
 29 63.917274 -7.066138 95.425652 0.979748 -0.179983 -0.087750 0.241749 0.843839 1 22 1.000000
MarioHand_alb.png
 29 61.905155 -4.375028 94.479080 0.939156 0.187774 -0.287621 0.269032 0.813626 1 22 1.000000
 29 63.917274 -7.066138 95.425652 0.979748 -0.179983 -0.087750 0.241749 0.843839 1 22 1.000000
 29 63.421745 -7.009660 93.355843 0.966915 0.156575 0.201393 0.233616 0.825773 1 22 1.000000
MarioHand_alb.png
 29 61.924900 -5.446894 91.196251 0.759532 0.610849 -0.223549 0.241413 0.788861 1 22 1.000000
 29 61.905155 -4.375028 94.479080 0.939156 0.187774 -0.287621 0.269032 0.813626 1 22 1.000000
 29 63.421745 -7.009660 93.355843 0.966915 0.156575 0.201393 0.233616 0.825773 1 22 1.000000
MarioHand_alb.png
 29 61.394390 -4.031870 91.390862 0.943987 0.109655 -0.311230 0.267933 0.771298 1 22 1.000000
 29 61.905155 -4.375028 94.479080 0.939156 0.187774 -0.287621 0.269032 0.813626 1 22 1.000000
 29 61.924900 -5.446894 91.196251 0.759532 0.610849 -0.223549 0.241413 0.788861 1 22 1.000000
MarioHand_alb.png
 29 60.318939 -5.664365 88.474030 0.417380 0.487580 -0.766851 0.217624 0.761868 1 22 1.000000
 29 61.394390 -4.031870 91.390862 0.943987 0.109655 -0.311230 0.267933 0.771298 1 22 1.000000
 29 61.924900 -5.446894 91.196251 0.759532 0.610849 -0.223549 0.241413 0.788861 1 22 1.000000
MarioHand_alb.png
 29 60.318939 -5.664365 88.474030 0.417380 0.487580 -0.766851 0.217624 0.761868 1 22 1.000000
 29 59.796246 -4.724872 88.136215 0.510259 0.228625 -0.829076 0.247639 0.731731 1 22 1.000000
 29 61.394390 -4.031870 91.390862 0.943987 0.109655 -0.311230 0.267933 0.771298 1 22 1.000000
MarioHand_alb.png
 29 57.832821 -7.412333 87.338104 -0.085851 -0.062576 -0.994341 0.214008 0.715053 1 22 1.000000
 29 59.796246 -4.724872 88.136215 0.510259 0.228625 -0.829076 0.247639 0.731731 1 22 1.000000
 29 60.318939 -5.664365 88.474030 0.417380 0.487580 -0.766851 0.217624 0.761868 1 22 1.000000
MarioHand_alb.png
 29 57.832821 -7.412333 87.338104 -0.085851 -0.062576 -0.994341 0.214008 0.715053 1 22 1.000000
 29 56.234154 -5.414822 86.881828 -0.035094 -0.150674 -0.987961 0.238514 0.687938 1 22 1.000000
 29 59.796246 -4.724872 88.136215 0.510259 0.228625 -0.829076 0.247639 0.731731 1 22 1.000000
MarioHand_alb.png
 29 59.664425 -8.570662 86.624863 -0.141138 0.291812 -0.946005 0.186007 0.742763 1 22 1.000000
 29 57.832821 -7.412333 87.338104 -0.085851 -0.062576 -0.994341 0.214008 0.715053 1 22 1.000000
 29 60.318939 -5.664365 88.474030 0.417380 0.487580 -0.766851 0.217624 0.761868 1 22 1.000000
MarioHand_alb.png
 29 55.030975 -8.968865 88.427490 -0.416979 -0.508920 -0.753080 0.194919 0.672801 1 22 1.000000
 29 56.234154 -5.414822 86.881828 -0.035094 -0.150674 -0.987961 0.238514 0.687938 1 22 1.000000
 29 57.832821 -7.412333 87.338104 -0.085851 -0.062576 -0.994341 0.214008 0.715053 1 22 1.000000
MarioHand_alb.png
 29 57.517960 -10.443540 87.864540 -0.422732 -0.534615 -0.731768 0.173526 0.702617 1 22 1.000000
 29 57.832821 -7.412333 87.338104 -0.085851 -0.062576 -0.994341 0.214008 0.715053 1 22 1.000000
 29 59.664425 -8.570662 86.624863 -0.141138 0.291812 -0.946005 0.186007 0.742763 1 22 1.000000
MarioHand_alb.png
 29 57.517960 -10.443540 87.864540 -0.422732 -0.534615 -0.731768 0.173526 0.702617 1 22 1.000000
 29 55.030975 -8.968865 88.427490 -0.416979 -0.508920 -0.753080 0.194919 0.672801 1 22 1.000000
 29 57.832821 -7.412333 87.338104 -0.085851 -0.062576 -0.994341 0.214008 0.715053 1 22 1.000000
MarioHand_alb.png
 29 59.906532 -10.019733 86.384483 -0.391050 -0.305115 -0.868323 0.163043 0.732021 1 22 1.000000
 29 57.517960 -10.443540 87.864540 -0.422732 -0.534615 -0.731768 0.173526 0.702617 1 22 1.000000
 29 59.664425 -8.570662 86.624863 -0.141138 0.291812 -0.946005 0.186007 0.742763 1 22 1.000000
MarioHand_alb.png
 29 57.517960 -10.443540 87.864540 -0.422732 -0.534615 -0.731768 0.173526 0.702617 1 22 1.000000
 29 55.138794 -10.757281 90.547424 -0.499319 -0.841576 -0.205984 0.162478 0.659998 1 22 1.000000
 29 55.030975 -8.968865 88.427490 -0.416979 -0.508920 -0.753080 0.194919 0.672801 1 22 1.000000
MarioHand_alb.png
 29 59.906532 -10.019733 86.384483 -0.391050 -0.305115 -0.868323 0.163043 0.732021 1 22 1.000000
 29 60.775162 -11.537031 87.138809 -0.188061 -0.780187 -0.596608 0.140261 0.721492 1 22 1.000000
 29 57.517960 -10.443540 87.864540 -0.422732 -0.534615 -0.731768 0.173526 0.702617 1 22 1.000000
MarioHand_alb.png
 29 57.517960 -10.443540 87.864540 -0.422732 -0.534615 -0.731768 0.173526 0.702617 1 22 1.000000
 29 58.426064 -12.001369 89.220352 -0.377262 -0.897380 -0.228875 0.146059 0.691539 1 22 1.000000
 29 55.138794 -10.757281 90.547424 -0.499319 -0.841576 -0.205984 0.162478 0.659998 1 22 1.000000
MarioHand_alb.png
 29 60.775162 -11.537031 87.138809 -0.188061 -0.780187 -0.596608 0.140261 0.721492 1 22 1.000000
 29 58.426064 -12.001369 89.220352 -0.377262 -0.897380 -0.228875 0.146059 0.691539 1 22 1.000000
 29 57.517960 -10.443540 87.864540 -0.422732 -0.534615 -0.731768 0.173526 0.702617 1 22 1.000000
MarioHand_alb.png
 29 60.129509 4.117122 106.252625 0.332592 0.436337 0.836058 0.174807 0.908247 1 22 1.000000
 29 59.451851 3.503901 106.843796 0.282371 0.003911 0.959297 0.165896 0.899763 1 22 1.000000
 29 60.459366 3.504579 106.273285 0.493009 0.003911 0.870016 0.179355 0.899763 1 22 1.000000
MarioHand_alb.png
 29 59.451851 3.503901 106.843796 0.282371 0.003911 0.959297 0.165896 0.899763 1 22 1.000000
 29 60.132545 2.890305 106.256470 0.334845 -0.430355 0.838256 0.174807 0.891279 1 22 1.000000
 29 60.459366 3.504579 106.273285 0.493009 0.003911 0.870016 0.179355 0.899763 1 22 1.000000
MarioHand_alb.png
 29 59.451851 3.503901 106.843796 0.282371 0.003911 0.959297 0.165896 0.899763 1 22 1.000000
 29 59.236603 2.438885 106.206696 0.201414 -0.575395 0.792687 0.162371 0.885069 1 22 1.000000
 29 60.132545 2.890305 106.256470 0.334845 -0.430355 0.838256 0.174807 0.891279 1 22 1.000000
MarioHand_alb.png
 29 59.451851 3.503901 106.843796 0.282371 0.003911 0.959297 0.165896 0.899763 1 22 1.000000
 29 57.974762 2.759641 106.761726 -0.045008 -0.582384 0.811667 0.145403 0.889525 1 22 1.000000
 29 59.236603 2.438885 106.206696 0.201414 -0.575395 0.792687 0.162371 0.885069 1 22 1.000000
MarioHand_alb.png
 29 59.451851 3.503901 106.843796 0.282371 0.003911 0.959297 0.165896 0.899763 1 22 1.000000
 29 60.129509 4.117122 106.252625 0.332592 0.436337 0.836058 0.174807 0.908247 1 22 1.000000
 29 59.231392 4.563795 106.200027 0.199475 0.581453 0.788747 0.162371 0.914458 1 22 1.000000
MarioHand_alb.png
 29 59.451851 3.503901 106.843796 0.282371 0.003911 0.959297 0.165896 0.899763 1 22 1.000000
 29 59.231392 4.563795 106.200027 0.199475 0.581453 0.788747 0.162371 0.914458 1 22 1.000000
 29 57.971111 4.240333 106.757057 -0.046924 0.587308 0.808002 0.145403 0.910002 1 22 1.000000
MarioHand_alb.png
 29 59.451851 3.503901 106.843796 0.282371 0.003911 0.959297 0.165896 0.899763 1 22 1.000000
 29 57.952522 3.501061 107.116570 -0.056441 0.003909 0.998398 0.145403 0.899763 1 22 1.000000
 29 57.974762 2.759641 106.761726 -0.045008 -0.582384 0.811667 0.145403 0.889525 1 22 1.000000
MarioHand_alb.png
 29 59.451851 3.503901 106.843796 0.282371 0.003911 0.959297 0.165896 0.899763 1 22 1.000000
 29 57.971111 4.240333 106.757057 -0.046924 0.587308 0.808002 0.145403 0.910002 1 22 1.000000
 29 57.952522 3.501061 107.116570 -0.056441 0.003909 0.998398 0.145403 0.899763 1 22 1.000000
MarioHand_alb.png
 29 57.952522 3.501061 107.116570 -0.056441 0.003909 0.998398 0.145403 0.899763 1 22 1.000000
 29 56.494011 3.496081 106.674995 -0.387647 0.001955 0.921806 0.124910 0.899763 1 22 1.000000
 29 57.974762 2.759641 106.761726 -0.045008 -0.582384 0.811667 0.145403 0.889525 1 22 1.000000
MarioHand_alb.png
 29 57.952522 3.501061 107.116570 -0.056441 0.003909 0.998398 0.145403 0.899763 1 22 1.000000
 29 57.971111 4.240333 106.757057 -0.046924 0.587308 0.808002 0.145403 0.910002 1 22 1.000000
 29 56.494011 3.496081 106.674995 -0.387647 0.001955 0.921806 0.124910 0.899763 1 22 1.000000
MarioHand_alb.png
 29 57.974762 2.759641 106.761726 -0.045008 -0.582384 0.811667 0.145403 0.889525 1 22 1.000000
 29 56.494011 3.496081 106.674995 -0.387647 0.001955 0.921806 0.124910 0.899763 1 22 1.000000
 29 56.785889 2.432409 106.066856 -0.287657 -0.575814 0.765305 0.128420 0.885069 1 22 1.000000
MarioHand_alb.png
 29 56.494011 3.496081 106.674995 -0.387647 0.001955 0.921806 0.124910 0.899763 1 22 1.000000
 29 55.887787 2.879087 106.014252 -0.426534 -0.432590 0.794314 0.115984 0.891279 1 22 1.000000
 29 56.785889 2.432409 106.066856 -0.287657 -0.575814 0.765305 0.128420 0.885069 1 22 1.000000
MarioHand_alb.png
 29 57.971111 4.240333 106.757057 -0.046924 0.587308 0.808002 0.145403 0.910002 1 22 1.000000
 29 56.780670 4.557322 106.060158 -0.291425 0.579131 0.761367 0.128420 0.914458 1 22 1.000000
 29 56.494011 3.496081 106.674995 -0.387647 0.001955 0.921806 0.124910 0.899763 1 22 1.000000
MarioHand_alb.png
 29 56.494011 3.496081 106.674995 -0.387647 0.001955 0.921806 0.124910 0.899763 1 22 1.000000
 29 56.780670 4.557322 106.060158 -0.291425 0.579131 0.761367 0.128420 0.914458 1 22 1.000000
 29 55.884766 4.105906 106.010376 -0.428319 0.434040 0.792561 0.115984 0.908247 1 22 1.000000
MarioHand_alb.png
 29 56.494011 3.496081 106.674995 -0.387647 0.001955 0.921806 0.124910 0.899763 1 22 1.000000
 29 55.557934 3.491624 105.993553 -0.589078 0.001955 0.808074 0.111437 0.899763 1 22 1.000000
 29 55.887787 2.879087 106.014252 -0.426534 -0.432590 0.794314 0.115984 0.891279 1 22 1.000000
MarioHand_alb.png
 29 56.494011 3.496081 106.674995 -0.387647 0.001955 0.921806 0.124910 0.899763 1 22 1.000000
 29 55.884766 4.105906 106.010376 -0.428319 0.434040 0.792561 0.115984 0.908247 1 22 1.000000
 29 55.557934 3.491624 105.993553 -0.589078 0.001955 0.808074 0.111437 0.899763 1 22 1.000000
MarioHand_alb.png
 29 55.780319 -2.489127 104.991745 -0.477228 -0.630009 0.612652 0.035859 0.852110 1 22 1.000000
 29 56.681488 -2.932806 104.995346 -0.334183 -0.761448 0.555445 0.048280 0.845899 1 22 1.000000
 29 56.319389 -2.071729 105.840263 -0.458222 -0.246852 0.853872 0.044770 0.860594 1 22 1.000000
MarioHand_alb.png
 29 56.681488 -2.932806 104.995346 -0.334183 -0.761448 0.555445 0.048280 0.845899 1 22 1.000000
 29 57.805107 -2.803220 105.846199 -0.094222 -0.778714 0.620263 0.065263 0.850355 1 22 1.000000
 29 56.319389 -2.071729 105.840263 -0.458222 -0.246852 0.853872 0.044770 0.860594 1 22 1.000000
MarioHand_alb.png
 29 56.319389 -2.071729 105.840263 -0.458222 -0.246852 0.853872 0.044770 0.860594 1 22 1.000000
 29 56.629044 -0.884137 105.557068 -0.361732 0.354244 0.862358 0.048280 0.875303 1 22 1.000000
 29 55.750053 -1.306323 105.316032 -0.499116 0.205640 0.841781 0.035859 0.869078 1 22 1.000000
MarioHand_alb.png
 29 56.319389 -2.071729 105.840263 -0.458222 -0.246852 0.853872 0.044770 0.860594 1 22 1.000000
 29 57.768555 -1.375658 106.237625 -0.123217 0.348218 0.929280 0.065263 0.870832 1 22 1.000000
 29 56.629044 -0.884137 105.557068 -0.361732 0.354244 0.862358 0.048280 0.875303 1 22 1.000000
MarioHand_alb.png
 29 56.319389 -2.071729 105.840263 -0.458222 -0.246852 0.853872 0.044770 0.860594 1 22 1.000000
 29 55.439415 -1.893792 105.109116 -0.649620 -0.217168 0.728582 0.031296 0.860594 1 22 1.000000
 29 55.780319 -2.489127 104.991745 -0.477228 -0.630009 0.612652 0.035859 0.852110 1 22 1.000000
MarioHand_alb.png
 29 56.319389 -2.071729 105.840263 -0.458222 -0.246852 0.853872 0.044770 0.860594 1 22 1.000000
 29 55.750053 -1.306323 105.316032 -0.499116 0.205640 0.841781 0.035859 0.869078 1 22 1.000000
 29 55.439415 -1.893792 105.109116 -0.649620 -0.217168 0.728582 0.031296 0.860594 1 22 1.000000
MarioHand_alb.png
 29 56.319389 -2.071729 105.840263 -0.458222 -0.246852 0.853872 0.044770 0.860594 1 22 1.000000
 29 57.738747 -2.184326 106.383492 -0.135045 -0.265989 0.954470 0.065263 0.860594 1 22 1.000000
 29 57.768555 -1.375658 106.237625 -0.123217 0.348218 0.929280 0.065263 0.870832 1 22 1.000000
MarioHand_alb.png
 29 56.319389 -2.071729 105.840263 -0.458222 -0.246852 0.853872 0.044770 0.860594 1 22 1.000000
 29 57.805107 -2.803220 105.846199 -0.094222 -0.778714 0.620263 0.065263 0.850355 1 22 1.000000
 29 57.738747 -2.184326 106.383492 -0.135045 -0.265989 0.954470 0.065263 0.860594 1 22 1.000000
MarioHand_alb.png
 29 57.768555 -1.375658 106.237625 -0.123217 0.348218 0.929280 0.065263 0.870832 1 22 1.000000
 29 57.738747 -2.184326 106.383492 -0.135045 -0.265989 0.954470 0.065263 0.860594 1 22 1.000000
 29 59.254257 -2.107163 106.243568 0.205198 -0.254209 0.945131 0.085756 0.860594 1 22 1.000000
MarioHand_alb.png
 29 57.805107 -2.803220 105.846199 -0.094222 -0.778714 0.620263 0.065263 0.850355 1 22 1.000000
 29 59.254257 -2.107163 106.243568 0.205198 -0.254209 0.945131 0.085756 0.860594 1 22 1.000000
 29 57.738747 -2.184326 106.383492 -0.135045 -0.265989 0.954470 0.065263 0.860594 1 22 1.000000
MarioHand_alb.png
 29 57.768555 -1.375658 106.237625 -0.123217 0.348218 0.929280 0.065263 0.870832 1 22 1.000000
 29 59.254257 -2.107163 106.243568 0.205198 -0.254209 0.945131 0.085756 0.860594 1 22 1.000000
 29 59.060703 -0.913498 105.891212 0.125096 0.348120 0.929066 0.082246 0.875303 1 22 1.000000
MarioHand_alb.png
 29 59.254257 -2.107163 106.243568 0.205198 -0.254209 0.945131 0.085756 0.860594 1 22 1.000000
 29 59.961830 -1.357189 105.894829 0.256363 0.197923 0.946100 0.094667 0.869078 1 22 1.000000
 29 59.060703 -0.913498 105.891212 0.125096 0.348120 0.929066 0.082246 0.875303 1 22 1.000000
MarioHand_alb.png
 29 57.805107 -2.803220 105.846199 -0.094222 -0.778714 0.620263 0.065263 0.850355 1 22 1.000000
 29 59.113152 -2.962170 105.329514 0.152595 -0.766909 0.623350 0.082246 0.845899 1 22 1.000000
 29 59.254257 -2.107163 106.243568 0.205198 -0.254209 0.945131 0.085756 0.860594 1 22 1.000000
MarioHand_alb.png
 29 59.113152 -2.962170 105.329514 0.152595 -0.766909 0.623350 0.082246 0.845899 1 22 1.000000
 29 59.992123 -2.539985 105.570526 0.278138 -0.640571 0.715757 0.094667 0.852110 1 22 1.000000
 29 59.254257 -2.107163 106.243568 0.205198 -0.254209 0.945131 0.085756 0.860594 1 22 1.000000
MarioHand_alb.png
 29 59.254257 -2.107163 106.243568 0.205198 -0.254209 0.945131 0.085756 0.860594 1 22 1.000000
 29 59.992123 -2.539985 105.570526 0.278138 -0.640571 0.715757 0.094667 0.852110 1 22 1.000000
 29 60.302753 -1.952513 105.777443 0.423077 -0.229016 0.876674 0.099229 0.860594 1 22 1.000000
MarioHand_alb.png
 29 59.254257 -2.107163 106.243568 0.205198 -0.254209 0.945131 0.085756 0.860594 1 22 1.000000
 29 60.302753 -1.952513 105.777443 0.423077 -0.229016 0.876674 0.099229 0.860594 1 22 1.000000
 29 59.961830 -1.357189 105.894829 0.256363 0.197923 0.946100 0.094667 0.869078 1 22 1.000000
end
