version 1
nodes
  0 "nw4f_root"  -1
  1 "AllRoot"   0
  2 "JointRoot"   1
  3 "Hip"   2
  4 "LegL1"   3
  5 "LegL2"   4
  6 "FootL"   5
  7 "ToeL"   6
  8 "LegR1"   3
  9 "LegR2"   8
 10 "FootR"   9
 11 "ToeR"  10
 12 "Spine1"   2
 13 "Spine2"  12
 14 "Bag"  13
 15 "Head"  13
 16 "JoeUnder"  15
 17 "ShoulderL"  13
 18 "ArmL1"  17
 19 "ArmL1Sub"  18
 20 "ArmL2"  18
 21 "ArmL2Sub"  20
 22 "HandL"  20
 23 "ShoulderR"  13
 24 "ArmR1"  23
 25 "ArmR1Sub"  24
 26 "ArmR2"  24
 27 "ArmR2Sub"  26
 28 "HandR"  26
 29 "LuigiUnused_RHand4"  -1
end
skeleton
time 0
  0 0.000000 0.000000 0.000000 1.570796 -0.000000 0.000000
  1 0.000000 0.000000 0.000000 0.000000 -0.000000 0.000000
  2 0.000000 68.028503 -3.990591 0.000000 -0.000000 0.000000
  3 0.000000 -2.000000 0.000001 -1.570796 -3.141592 1.570796
  4 4.029991 2.576941 -10.147688 0.000000 -0.000000 0.000000
  5 26.211063 0.000204 -0.000088 0.000000 -0.000000 0.000000
  6 22.942825 0.000005 0.000004 0.000000 0.000000 1.134464
  7 12.169998 0.000008 0.000000 -0.000000 0.000000 0.436332
  8 4.029991 2.576937 10.147690 0.000000 -0.000000 0.000000
  9 26.211067 0.000200 0.000096 0.000000 -0.000000 0.000000
 10 22.942818 0.000005 0.000004 0.000000 0.000000 1.134464
 11 12.170002 0.000010 0.000000 -0.000000 0.000000 0.436332
 12 0.000000 4.277161 -0.000000 1.570796 -0.000000 1.570796
 13 13.929802 0.000000 0.000000 0.000000 -0.000000 0.000000
 14 22.639145 -16.116180 0.000000 -1.570796 -1.570451 0.000000
 15 20.107773 0.000587 -0.000000 0.000000 0.000000 1.570796
 16 0.073432 -15.880157 -0.000000 -3.141592 0.000000 0.575263
 17 10.084557 0.778702 3.123569 -1.570796 -1.570451 0.000000
 18 12.086020 0.000000 0.000000 0.000000 0.000000 0.000000
 19 5.370699 0.000000 0.000001 -0.000000 0.000000 0.000000
 20 12.261209 0.000000 0.000001 -0.000000 0.000000 0.000000
 21 8.518942 0.000023 -0.000006 -0.000000 0.000001 -0.000000
 22 19.602606 0.000038 0.000000 -0.000000 0.000001 -0.000000
 23 10.084557 0.778702 -3.123570 1.570796 1.570451 0.000000
 24 12.086014 0.000000 0.000000 -0.000000 0.000000 0.000000
 25 5.370700 0.000000 0.000000 0.000000 0.000000 -0.000000
 26 12.261210 0.000000 -0.000001 0.000000 0.000001 -0.000000
 27 8.518951 0.000000 0.000006 0.000000 -0.000000 0.000000
 28 19.602608 0.000000 0.000000 0.000000 -0.000000 0.000000
 29 0.000000 0.000000 0.000000 0.000000 -0.000000 0.000000
end
triangles
MarioHand_alb.png
 29 -65.770256 -2.784645 101.334213 -0.951256 -0.287589 -0.111374 0.683604 0.474388 1 28 1.000000
 29 -68.513824 -3.398307 102.815620 -0.352478 0.845407 0.401306 0.710613 0.501701 1 28 1.000000
 29 -66.057899 -2.858261 104.745003 -0.241901 -0.305190 0.921055 0.728038 0.467384 1 28 1.000000
MarioHand_alb.png
 29 -68.073837 3.271406 102.481865 -0.080872 -0.989032 0.123596 0.586419 0.057710 1 28 1.000000
 29 -65.468246 3.113581 99.460587 -0.662131 0.207440 -0.720105 0.627543 0.030091 1 28 1.000000
 29 -65.805412 3.198269 102.429611 -0.244902 0.969497 -0.009918 0.587182 0.028794 1 28 1.000000
MarioHand_alb.png
 29 -60.227821 8.297356 105.613174 -0.428403 -0.640029 -0.637836 0.120699 0.833371 1 28 1.000000
 29 -60.578266 8.872711 105.413605 -0.496904 -0.299267 -0.814571 0.129351 0.836851 1 28 1.000000
 29 -58.166859 8.409190 104.197296 -0.064490 -0.342770 -0.937203 0.126024 0.804623 1 28 1.000000
MarioHand_alb.png
 29 -55.672295 8.833572 105.234238 0.386132 -0.311061 -0.868414 0.123690 0.774762 1 28 1.000000
 29 -56.016647 8.263660 105.457184 0.333428 -0.645970 -0.686694 0.116213 0.779187 1 28 1.000000
 29 -58.166859 8.409190 104.197296 -0.064490 -0.342770 -0.937203 0.126024 0.804623 1 28 1.000000
MarioHand_alb.png
 29 -57.061802 9.871286 104.907364 0.152612 0.320867 -0.934748 0.140795 0.788968 1 28 1.000000
 29 -56.022770 9.408928 105.034676 0.314995 0.058728 -0.947274 0.131807 0.777768 1 28 1.000000
 29 -58.166859 8.409190 104.197296 -0.064490 -0.342770 -0.937203 0.126024 0.804623 1 28 1.000000
MarioHand_alb.png
 29 -60.233948 9.442625 105.190659 -0.425970 0.076270 -0.901517 0.137346 0.832349 1 28 1.000000
 29 -59.193569 9.887636 105.002899 -0.260574 0.336400 -0.904951 0.145052 0.819120 1 28 1.000000
 29 -58.166859 8.409190 104.197296 -0.064490 -0.342770 -0.937203 0.126024 0.804623 1 28 1.000000
MarioHand_alb.png
 29 -56.016647 8.263660 105.457184 0.419204 -0.170123 0.891810 0.014343 0.904021 1 28 1.000000
 29 -56.621315 9.061602 105.869102 0.402337 0.310810 0.861116 0.023239 0.912490 1 28 1.000000
 29 -57.057007 7.818655 105.644966 0.305177 -0.317003 0.897984 0.026749 0.897826 1 28 1.000000
MarioHand_alb.png
 29 -57.061802 9.871286 104.907364 0.291460 0.819825 0.492887 0.026749 0.927169 1 28 1.000000
 29 -56.621315 9.061602 105.869102 0.402337 0.310810 0.861116 0.023239 0.912490 1 28 1.000000
 29 -56.022770 9.408928 105.034676 0.418065 0.704340 0.573695 0.014343 0.920958 1 28 1.000000
MarioHand_alb.png
 29 -60.233948 9.442625 105.190659 -0.328064 0.710488 0.622559 0.073045 0.920958 1 28 1.000000
 29 -59.581905 9.085222 105.977341 -0.284232 0.320953 0.903439 0.064149 0.912490 1 28 1.000000
 29 -59.193569 9.887636 105.002899 -0.205608 0.822052 0.530996 0.060639 0.927169 1 28 1.000000
MarioHand_alb.png
 29 -59.188782 7.835011 105.740501 -0.196431 -0.299319 0.933715 0.060639 0.897826 1 28 1.000000
 29 -59.581905 9.085222 105.977341 -0.284232 0.320953 0.903439 0.064149 0.912490 1 28 1.000000
 29 -60.227821 8.297356 105.613174 -0.314703 -0.152488 0.936862 0.073045 0.904021 1 28 1.000000
MarioHand_alb.png
 29 -57.061802 9.871286 104.907364 0.291460 0.819825 0.492887 0.026749 0.927169 1 28 1.000000
 29 -58.131588 10.004712 104.900871 0.033951 0.954815 0.295256 0.043687 0.929427 1 28 1.000000
 29 -58.105389 9.768345 105.667915 0.046921 0.825606 0.562293 0.043687 0.922713 1 28 1.000000
MarioHand_alb.png
 29 -58.131588 10.004712 104.900871 0.033951 0.954815 0.295256 0.043687 0.929427 1 28 1.000000
 29 -59.193569 9.887636 105.002899 -0.205608 0.822052 0.530996 0.060639 0.927169 1 28 1.000000
 29 -58.105389 9.768345 105.667915 0.046921 0.825606 0.562293 0.043687 0.922713 1 28 1.000000
MarioHand_alb.png
 29 -59.188782 7.835011 105.740501 -0.196431 -0.299319 0.933715 0.060639 0.897826 1 28 1.000000
 29 -58.119022 7.701586 105.746979 0.053020 -0.540113 0.839921 0.043687 0.895552 1 28 1.000000
 29 -58.097828 8.378485 106.178513 0.061429 -0.275953 0.959206 0.043687 0.902281 1 28 1.000000
MarioHand_alb.png
 29 -58.119022 7.701586 105.746979 0.053020 -0.540113 0.839921 0.043687 0.895552 1 28 1.000000
 29 -57.057007 7.818655 105.644966 0.305177 -0.317003 0.897984 0.026749 0.897826 1 28 1.000000
 29 -58.097828 8.378485 106.178513 0.061429 -0.275953 0.959206 0.043687 0.902281 1 28 1.000000
MarioHand_alb.png
 29 -60.129501 4.117122 106.252617 -0.430657 0.354367 -0.830035 0.087785 0.768002 1 28 1.000000
 29 -58.069664 3.492923 104.919426 -0.056821 -0.003909 -0.998377 0.079652 0.742016 1 28 1.000000
 29 -60.459358 3.504579 106.273270 -0.493012 -0.001908 -0.870021 0.080049 0.771603 1 28 1.000000
MarioHand_alb.png
 29 -60.132538 2.890306 106.256462 -0.432488 -0.356045 -0.828364 0.072221 0.768200 1 28 1.000000
 29 -60.459358 3.504579 106.273270 -0.493012 -0.001908 -0.870021 0.080049 0.771603 1 28 1.000000
 29 -58.069664 3.492923 104.919426 -0.056821 -0.003909 -0.998377 0.079652 0.742016 1 28 1.000000
MarioHand_alb.png
 29 -59.236588 2.438886 106.206688 -0.258270 -0.620021 -0.740858 0.064927 0.758129 1 28 1.000000
 29 -60.132538 2.890306 106.256462 -0.432488 -0.356045 -0.828364 0.072221 0.768200 1 28 1.000000
 29 -58.069664 3.492923 104.919426 -0.056821 -0.003909 -0.998377 0.079652 0.742016 1 28 1.000000
MarioHand_alb.png
 29 -55.887779 2.879088 106.014236 0.334457 -0.359770 -0.871037 0.070726 0.712642 1 28 1.000000
 29 -56.785885 2.432410 106.066841 0.168204 -0.622469 -0.764356 0.063508 0.724529 1 28 1.000000
 29 -58.069664 3.492923 104.919426 -0.056821 -0.003909 -0.998377 0.079652 0.742016 1 28 1.000000
MarioHand_alb.png
 29 -56.780659 4.557323 106.060143 0.172064 0.616436 -0.768375 0.095338 0.724102 1 28 1.000000
 29 -55.884754 4.105906 106.010361 0.336922 0.354474 -0.872257 0.087816 0.712413 1 28 1.000000
 29 -58.069664 3.492923 104.919426 -0.056821 -0.003909 -0.998377 0.079652 0.742016 1 28 1.000000
MarioHand_alb.png
 29 -60.129501 4.117122 106.252617 -0.430657 0.354367 -0.830035 0.087785 0.768002 1 28 1.000000
 29 -59.231377 4.563796 106.200012 -0.254439 0.616165 -0.745387 0.094804 0.757733 1 28 1.000000
 29 -58.069664 3.492923 104.919426 -0.056821 -0.003909 -0.998377 0.079652 0.742016 1 28 1.000000
MarioHand_alb.png
 29 -56.780659 4.557323 106.060143 0.291425 0.579131 0.761367 0.128420 0.914458 1 28 1.000000
 29 -58.005638 4.724921 106.129555 0.037004 0.792429 0.608841 0.145403 0.916732 1 28 1.000000
 29 -57.971096 4.240335 106.757042 0.046924 0.587308 0.808002 0.145403 0.910002 1 28 1.000000
MarioHand_alb.png
 29 -58.005638 4.724921 106.129555 0.037004 0.792429 0.608841 0.145403 0.916732 1 28 1.000000
 29 -59.231377 4.563796 106.200012 -0.199886 0.581156 0.788862 0.162371 0.914458 1 28 1.000000
 29 -57.971096 4.240335 106.757042 0.046924 0.587308 0.808002 0.145403 0.910002 1 28 1.000000
MarioHand_alb.png
 29 -59.236588 2.438886 106.206688 -0.201789 -0.575302 0.792659 0.162371 0.885069 1 28 1.000000
 29 -58.011665 2.271287 106.137276 0.033188 -0.788477 0.614168 0.145403 0.882795 1 28 1.000000
 29 -57.974754 2.759641 106.761719 0.045021 -0.583107 0.811147 0.145403 0.889525 1 28 1.000000
MarioHand_alb.png
 29 -58.011665 2.271287 106.137276 0.033188 -0.788477 0.614168 0.145403 0.882795 1 28 1.000000
 29 -56.785885 2.432410 106.066841 0.288023 -0.575687 0.765263 0.128420 0.885069 1 28 1.000000
 29 -57.974754 2.759641 106.761719 0.045021 -0.583107 0.811147 0.145403 0.889525 1 28 1.000000
MarioHand_alb.png
 29 -59.992104 -2.539984 105.570511 -0.504794 -0.121286 -0.854677 0.023590 0.822782 1 28 1.000000
 29 -60.302750 -1.952513 105.777428 -0.557571 0.234522 -0.796313 0.031662 0.825483 1 28 1.000000
 29 -58.024063 -1.630620 104.278259 -0.133170 0.260557 -0.956230 0.028763 0.796063 1 28 1.000000
MarioHand_alb.png
 29 -59.113140 -2.962170 105.329498 -0.330646 -0.402749 -0.853502 0.015473 0.813352 1 28 1.000000
 29 -59.992104 -2.539984 105.570511 -0.504794 -0.121286 -0.854677 0.023590 0.822782 1 28 1.000000
 29 -58.024063 -1.630620 104.278259 -0.133170 0.260557 -0.956230 0.028763 0.796063 1 28 1.000000
MarioHand_alb.png
 29 -55.750038 -1.306322 105.316025 0.272399 0.573029 -0.772940 0.034363 0.765911 1 28 1.000000
 29 -55.439407 -1.893791 105.109100 0.318954 0.244628 -0.915656 0.025452 0.762387 1 28 1.000000
 29 -58.024063 -1.630620 104.278259 -0.133170 0.260557 -0.956230 0.028763 0.796063 1 28 1.000000
MarioHand_alb.png
 29 -56.629028 -0.884136 105.557053 0.121306 0.794452 -0.595088 0.042863 0.776913 1 28 1.000000
 29 -55.750038 -1.306322 105.316025 0.272399 0.573029 -0.772940 0.034363 0.765911 1 28 1.000000
 29 -58.024063 -1.630620 104.278259 -0.133170 0.260557 -0.956230 0.028763 0.796063 1 28 1.000000
MarioHand_alb.png
 29 -59.961815 -1.357189 105.894814 -0.481769 0.561372 -0.672874 0.039063 0.821256 1 28 1.000000
 29 -59.060692 -0.913498 105.891205 -0.294876 0.788210 -0.540160 0.045182 0.810422 1 28 1.000000
 29 -58.024063 -1.630620 104.278259 -0.133170 0.260557 -0.956230 0.028763 0.796063 1 28 1.000000
MarioHand_alb.png
 29 -56.629028 -0.884136 105.557053 0.361181 0.353935 0.862716 0.048280 0.875303 1 28 1.000000
 29 -57.840782 -0.740352 105.767586 0.101860 0.598949 0.794283 0.065263 0.877577 1 28 1.000000
 29 -57.768551 -1.375658 106.237610 0.123214 0.348281 0.929257 0.065263 0.870832 1 28 1.000000
MarioHand_alb.png
 29 -57.840782 -0.740352 105.767586 0.101860 0.598949 0.794283 0.065263 0.877577 1 28 1.000000
 29 -59.060692 -0.913498 105.891205 -0.124728 0.347979 0.929168 0.082246 0.875303 1 28 1.000000
 29 -57.768551 -1.375658 106.237610 0.123214 0.348281 0.929257 0.065263 0.870832 1 28 1.000000
MarioHand_alb.png
 29 -59.113140 -2.962170 105.329498 -0.152595 -0.766909 0.623350 0.082246 0.845899 1 28 1.000000
 29 -57.901367 -3.105953 105.118973 0.062562 -0.924452 0.376132 0.065263 0.843626 1 28 1.000000
 29 -57.805096 -2.803219 105.846191 0.094610 -0.779242 0.619541 0.065263 0.850355 1 28 1.000000
MarioHand_alb.png
 29 -57.901367 -3.105953 105.118973 0.062562 -0.924452 0.376132 0.065263 0.843626 1 28 1.000000
 29 -56.681477 -2.932805 104.995331 0.334558 -0.761291 0.555435 0.048280 0.845899 1 28 1.000000
 29 -57.805096 -2.803219 105.846191 0.094610 -0.779242 0.619541 0.065263 0.850355 1 28 1.000000
MarioHand_alb.png
 29 -60.233948 9.442625 105.190659 -0.425970 0.076270 -0.901517 0.137346 0.832349 1 28 1.000000
 29 -58.166859 8.409190 104.197296 -0.064490 -0.342770 -0.937203 0.126024 0.804623 1 28 1.000000
 29 -60.578266 8.872711 105.413605 -0.496904 -0.299267 -0.814571 0.129351 0.836851 1 28 1.000000
MarioHand_alb.png
 29 -58.166859 8.409190 104.197296 -0.064490 -0.342770 -0.937203 0.126024 0.804623 1 28 1.000000
 29 -56.016647 8.263660 105.457184 0.333428 -0.645970 -0.686694 0.116213 0.779187 1 28 1.000000
 29 -57.057007 7.818655 105.644966 0.172422 -0.848854 -0.499718 0.109575 0.791959 1 28 1.000000
MarioHand_alb.png
 29 -59.188782 7.835011 105.740501 -0.254444 -0.845634 -0.469214 0.111543 0.821118 1 28 1.000000
 29 -60.227821 8.297356 105.613174 -0.428403 -0.640029 -0.637836 0.120699 0.833371 1 28 1.000000
 29 -58.166859 8.409190 104.197296 -0.064490 -0.342770 -0.937203 0.126024 0.804623 1 28 1.000000
MarioHand_alb.png
 29 -58.166859 8.409190 104.197296 -0.064490 -0.342770 -0.937203 0.126024 0.804623 1 28 1.000000
 29 -56.022770 9.408928 105.034676 0.314995 0.058728 -0.947274 0.131807 0.777768 1 28 1.000000
 29 -55.672295 8.833572 105.234238 0.386132 -0.311061 -0.868414 0.123690 0.774762 1 28 1.000000
MarioHand_alb.png
 29 -59.961815 -1.357189 105.894814 -0.481769 0.561372 -0.672874 0.039063 0.821256 1 28 1.000000
 29 -58.024063 -1.630620 104.278259 -0.133170 0.260557 -0.956230 0.028763 0.796063 1 28 1.000000
 29 -60.302750 -1.952513 105.777428 -0.557571 0.234522 -0.796313 0.031662 0.825483 1 28 1.000000
MarioHand_alb.png
 29 -58.024063 -1.630620 104.278259 -0.133170 0.260557 -0.956230 0.028763 0.796063 1 28 1.000000
 29 -55.780312 -2.489126 104.991730 0.260257 -0.115532 -0.958602 0.017380 0.767575 1 28 1.000000
 29 -56.681477 -2.932805 104.995331 0.098016 -0.401168 -0.910745 0.011200 0.780026 1 28 1.000000
MarioHand_alb.png
 29 -58.024063 -1.630620 104.278259 -0.133170 0.260557 -0.956230 0.028763 0.796063 1 28 1.000000
 29 -57.901367 -3.105953 105.118973 -0.111781 -0.499366 -0.859150 0.009796 0.797604 1 28 1.000000
 29 -59.113140 -2.962170 105.329498 -0.330646 -0.402749 -0.853502 0.015473 0.813352 1 28 1.000000
MarioHand_alb.png
 29 -57.901367 -3.105953 105.118973 -0.111781 -0.499366 -0.859150 0.009796 0.797604 1 28 1.000000
 29 -58.024063 -1.630620 104.278259 -0.133170 0.260557 -0.956230 0.028763 0.796063 1 28 1.000000
 29 -56.681477 -2.932805 104.995331 0.098016 -0.401168 -0.910745 0.011200 0.780026 1 28 1.000000
MarioHand_alb.png
 29 -58.024063 -1.630620 104.278259 -0.133170 0.260557 -0.956230 0.028763 0.796063 1 28 1.000000
 29 -55.439407 -1.893791 105.109100 0.318954 0.244628 -0.915656 0.025452 0.762387 1 28 1.000000
 29 -55.780312 -2.489126 104.991730 0.260257 -0.115532 -0.958602 0.017380 0.767575 1 28 1.000000
MarioHand_alb.png
 29 -58.069664 3.492923 104.919426 -0.056821 -0.003909 -0.998377 0.079652 0.742016 1 28 1.000000
 29 -55.557922 3.491625 105.993538 0.392995 -0.003911 -0.919532 0.079210 0.708141 1 28 1.000000
 29 -55.887779 2.879088 106.014236 0.334457 -0.359770 -0.871037 0.070726 0.712642 1 28 1.000000
MarioHand_alb.png
 29 -59.236588 2.438886 106.206688 -0.258270 -0.620021 -0.740858 0.064927 0.758129 1 28 1.000000
 29 -58.069664 3.492923 104.919426 -0.056821 -0.003909 -0.998377 0.079652 0.742016 1 28 1.000000
 29 -58.011665 2.271287 106.137276 -0.043106 -0.706426 -0.706473 0.060624 0.741924 1 28 1.000000
MarioHand_alb.png
 29 -58.069664 3.492923 104.919426 -0.056821 -0.003909 -0.998377 0.079652 0.742016 1 28 1.000000
 29 -56.785885 2.432410 106.066841 0.168204 -0.622469 -0.764356 0.063508 0.724529 1 28 1.000000
 29 -58.011665 2.271287 106.137276 -0.043106 -0.706426 -0.706473 0.060624 0.741924 1 28 1.000000
MarioHand_alb.png
 29 -55.884754 4.105906 106.010361 0.336922 0.354474 -0.872257 0.087816 0.712413 1 28 1.000000
 29 -55.557922 3.491625 105.993538 0.392995 -0.003911 -0.919532 0.079210 0.708141 1 28 1.000000
 29 -58.069664 3.492923 104.919426 -0.056821 -0.003909 -0.998377 0.079652 0.742016 1 28 1.000000
MarioHand_alb.png
 29 -58.069664 3.492923 104.919426 -0.056821 -0.003909 -0.998377 0.079652 0.742016 1 28 1.000000
 29 -58.005638 4.724921 106.129555 -0.039292 0.700479 -0.712591 0.098680 0.741421 1 28 1.000000
 29 -56.780659 4.557323 106.060143 0.172064 0.616436 -0.768375 0.095338 0.724102 1 28 1.000000
MarioHand_alb.png
 29 -58.069664 3.492923 104.919426 -0.056821 -0.003909 -0.998377 0.079652 0.742016 1 28 1.000000
 29 -59.231377 4.563796 106.200012 -0.254439 0.616165 -0.745387 0.094804 0.757733 1 28 1.000000
 29 -58.005638 4.724921 106.129555 -0.039292 0.700479 -0.712591 0.098680 0.741421 1 28 1.000000
MarioHand_alb.png
 29 -59.188782 7.835011 105.740501 -0.254444 -0.845634 -0.469214 0.111543 0.821118 1 28 1.000000
 29 -58.166859 8.409190 104.197296 -0.064490 -0.342770 -0.937203 0.126024 0.804623 1 28 1.000000
 29 -58.119022 7.701586 105.746979 -0.041579 -0.908160 -0.416554 0.107530 0.806531 1 28 1.000000
MarioHand_alb.png
 29 -58.166859 8.409190 104.197296 -0.064490 -0.342770 -0.937203 0.126024 0.804623 1 28 1.000000
 29 -57.057007 7.818655 105.644966 0.172422 -0.848854 -0.499718 0.109575 0.791959 1 28 1.000000
 29 -58.119022 7.701586 105.746979 -0.041579 -0.908160 -0.416554 0.107530 0.806531 1 28 1.000000
MarioHand_alb.png
 29 -57.061802 9.871286 104.907364 0.152612 0.320867 -0.934748 0.140795 0.788968 1 28 1.000000
 29 -58.166859 8.409190 104.197296 -0.064490 -0.342770 -0.937203 0.126024 0.804623 1 28 1.000000
 29 -58.131588 10.004712 104.900871 -0.059886 0.406613 -0.911636 0.145708 0.803189 1 28 1.000000
MarioHand_alb.png
 29 -58.166859 8.409190 104.197296 -0.064490 -0.342770 -0.937203 0.126024 0.804623 1 28 1.000000
 29 -59.193569 9.887636 105.002899 -0.260574 0.336400 -0.904951 0.145052 0.819120 1 28 1.000000
 29 -58.131588 10.004712 104.900871 -0.059886 0.406613 -0.911636 0.145708 0.803189 1 28 1.000000
MarioHand_alb.png
 29 -56.629028 -0.884136 105.557053 0.121306 0.794452 -0.595088 0.042863 0.776913 1 28 1.000000
 29 -58.024063 -1.630620 104.278259 -0.133170 0.260557 -0.956230 0.028763 0.796063 1 28 1.000000
 29 -57.840782 -0.740352 105.767586 -0.080109 0.859355 -0.505066 0.047654 0.793866 1 28 1.000000
MarioHand_alb.png
 29 -58.024063 -1.630620 104.278259 -0.133170 0.260557 -0.956230 0.028763 0.796063 1 28 1.000000
 29 -59.060692 -0.913498 105.891205 -0.294876 0.788210 -0.540160 0.045182 0.810422 1 28 1.000000
 29 -57.840782 -0.740352 105.767586 -0.080109 0.859355 -0.505066 0.047654 0.793866 1 28 1.000000
MarioHand_alb.png
 29 -45.047016 -4.799055 96.311356 0.993320 0.115391 0.000000 0.295109 0.956008 1 28 1.000000
 29 -45.044750 -4.150399 93.362755 0.992556 0.111577 0.048827 0.295109 0.956008 1 28 1.000000
 29 -48.421810 3.410856 96.311340 0.999992 -0.003911 0.000000 0.295109 0.995850 1 28 1.000000
MarioHand_alb.png
 29 -45.044750 -4.150399 93.362755 0.992556 0.111577 0.048827 0.295109 0.956008 1 28 1.000000
 29 -45.038620 -2.394424 90.845978 0.992515 0.084156 0.088495 0.295109 0.956008 1 28 1.000000
 29 -48.421810 3.410856 96.311340 0.999992 -0.003911 0.000000 0.295109 0.995850 1 28 1.000000
MarioHand_alb.png
 29 -48.421810 3.410856 96.311340 0.999992 -0.003911 0.000000 0.295109 0.995850 1 28 1.000000
 29 -45.038620 -2.394424 90.845978 0.992515 0.084156 0.088495 0.295109 0.956008 1 28 1.000000
 29 -45.029293 0.278883 89.192810 0.991780 0.045009 0.119777 0.295109 0.956008 1 28 1.000000
MarioHand_alb.png
 29 -48.421810 3.410856 96.311340 0.999992 -0.003911 0.000000 0.295109 0.995850 1 28 1.000000
 29 -45.029293 0.278883 89.192810 0.991780 0.045009 0.119777 0.295109 0.956008 1 28 1.000000
 29 -45.018364 3.410862 88.582138 0.992422 -0.003909 0.122813 0.295109 0.956008 1 28 1.000000
MarioHand_alb.png
 29 -45.044746 -4.150396 99.259933 0.992545 0.111671 -0.048826 0.295109 0.956008 1 28 1.000000
 29 -45.047016 -4.799055 96.311356 0.993320 0.115391 0.000000 0.295109 0.956008 1 28 1.000000
 29 -48.421810 3.410856 96.311340 0.999992 -0.003911 0.000000 0.295109 0.995850 1 28 1.000000
MarioHand_alb.png
 29 -45.038624 -2.394425 101.776711 0.992519 0.084109 -0.088495 0.295109 0.956008 1 28 1.000000
 29 -45.044746 -4.150396 99.259933 0.992545 0.111671 -0.048826 0.295109 0.956008 1 28 1.000000
 29 -48.421810 3.410856 96.311340 0.999992 -0.003911 0.000000 0.295109 0.995850 1 28 1.000000
MarioHand_alb.png
 29 -45.038624 -2.394425 101.776711 0.992519 0.084109 -0.088495 0.295109 0.956008 1 28 1.000000
 29 -48.421810 3.410856 96.311340 0.999992 -0.003911 0.000000 0.295109 0.995850 1 28 1.000000
 29 -45.029293 0.278883 103.429855 0.991782 0.044958 -0.119777 0.295109 0.956008 1 28 1.000000
MarioHand_alb.png
 29 -48.421810 3.410856 96.311340 0.999992 -0.003911 0.000000 0.295109 0.995850 1 28 1.000000
 29 -45.018364 3.410864 104.040550 0.992323 -0.003911 -0.123611 0.295109 0.956008 1 28 1.000000
 29 -45.029293 0.278883 103.429855 0.991782 0.044958 -0.119777 0.295109 0.956008 1 28 1.000000
MarioHand_alb.png
 29 -45.018364 3.410864 104.040550 0.992323 -0.003911 -0.123611 0.295109 0.956008 1 28 1.000000
 29 -48.421810 3.410856 96.311340 0.999992 -0.003911 0.000000 0.295109 0.995850 1 28 1.000000
 29 -45.007427 6.542839 103.429855 0.992211 -0.050927 -0.113679 0.295109 0.956008 1 28 1.000000
MarioHand_alb.png
 29 -48.421810 3.410856 96.311340 0.999992 -0.003911 0.000000 0.295109 0.995850 1 28 1.000000
 29 -44.998104 9.216146 101.776711 0.993510 -0.082220 -0.078596 0.295109 0.956008 1 28 1.000000
 29 -45.007427 6.542839 103.429855 0.992211 -0.050927 -0.113679 0.295109 0.956008 1 28 1.000000
MarioHand_alb.png
 29 -48.421810 3.410856 96.311340 0.999992 -0.003911 0.000000 0.295109 0.995850 1 28 1.000000
 29 -44.991974 10.972118 99.259933 0.993768 -0.103573 -0.041200 0.295109 0.956008 1 28 1.000000
 29 -44.998104 9.216146 101.776711 0.993510 -0.082220 -0.078596 0.295109 0.956008 1 28 1.000000
MarioHand_alb.png
 29 -48.421810 3.410856 96.311340 0.999992 -0.003911 0.000000 0.295109 0.995850 1 28 1.000000
 29 -44.989704 11.620771 96.311340 0.994601 -0.103771 0.000000 0.295109 0.956008 1 28 1.000000
 29 -44.991974 10.972118 99.259933 0.993768 -0.103573 -0.041200 0.295109 0.956008 1 28 1.000000
MarioHand_alb.png
 29 -44.989704 11.620771 96.311340 0.994601 -0.103771 0.000000 0.295109 0.956008 1 28 1.000000
 29 -48.421810 3.410856 96.311340 0.999992 -0.003911 0.000000 0.295109 0.995850 1 28 1.000000
 29 -44.991974 10.972118 93.362747 0.993780 -0.103765 0.040438 0.295109 0.956008 1 28 1.000000
MarioHand_alb.png
 29 -48.421810 3.410856 96.311340 0.999992 -0.003911 0.000000 0.295109 0.995850 1 28 1.000000
 29 -44.998104 9.216146 90.845978 0.993518 -0.082125 0.078596 0.295109 0.956008 1 28 1.000000
 29 -44.991974 10.972118 93.362747 0.993780 -0.103765 0.040438 0.295109 0.956008 1 28 1.000000
MarioHand_alb.png
 29 -48.421810 3.410856 96.311340 0.999992 -0.003911 0.000000 0.295109 0.995850 1 28 1.000000
 29 -45.007427 6.542840 89.192810 0.992216 -0.050832 0.113680 0.295109 0.956008 1 28 1.000000
 29 -44.998104 9.216146 90.845978 0.993518 -0.082125 0.078596 0.295109 0.956008 1 28 1.000000
MarioHand_alb.png
 29 -48.421810 3.410856 96.311340 0.999992 -0.003911 0.000000 0.295109 0.995850 1 28 1.000000
 29 -45.018364 3.410862 88.582138 0.992422 -0.003909 0.122813 0.295109 0.956008 1 28 1.000000
 29 -45.007427 6.542840 89.192810 0.992216 -0.050832 0.113680 0.295109 0.956008 1 28 1.000000
MarioHand_alb.png
 29 -67.116234 -5.335710 97.008392 0.008394 0.184190 -0.982855 0.897078 0.508721 1 28 1.000000
 29 -64.954086 -4.702854 96.703133 -0.637788 0.121206 -0.760615 0.905791 0.474098 1 28 1.000000
 29 -65.061836 -7.899657 97.629257 -0.226597 -0.780311 -0.582897 0.861540 0.470741 1 28 1.000000
MarioHand_alb.png
 29 -67.116234 -5.335710 97.008392 0.008394 0.184190 -0.982855 0.897078 0.508721 1 28 1.000000
 29 -65.061836 -7.899657 97.629257 -0.226597 -0.780311 -0.582897 0.861540 0.470741 1 28 1.000000
 29 -66.916847 -7.866356 97.734451 0.162524 -0.666118 -0.727923 0.860609 0.504814 1 28 1.000000
MarioHand_alb.png
 29 -68.960190 -5.683675 96.407768 0.003815 0.172342 -0.985030 0.895842 0.540932 1 28 1.000000
 29 -67.116234 -5.335710 97.008392 0.008394 0.184190 -0.982855 0.897078 0.508721 1 28 1.000000
 29 -66.916847 -7.866356 97.734451 0.162524 -0.666118 -0.727923 0.860609 0.504814 1 28 1.000000
MarioHand_alb.png
 29 -66.916847 -7.866356 97.734451 0.162524 -0.666118 -0.727923 0.860609 0.504814 1 28 1.000000
 29 -65.061836 -7.899657 97.629257 -0.226597 -0.780311 -0.582897 0.861540 0.470741 1 28 1.000000
 29 -64.883316 -8.246508 99.971992 0.102235 -0.993741 0.045014 0.829679 0.469001 1 28 1.000000
MarioHand_alb.png
 29 -68.960190 -5.683675 96.407768 0.003815 0.172342 -0.985030 0.895842 0.540932 1 28 1.000000
 29 -66.916847 -7.866356 97.734451 0.162524 -0.666118 -0.727923 0.860609 0.504814 1 28 1.000000
 29 -68.760597 -8.302788 97.384491 0.168590 -0.653765 -0.737678 0.858152 0.537148 1 28 1.000000
MarioHand_alb.png
 29 -70.499359 -6.109869 96.915756 -0.117534 0.141002 -0.983008 0.891951 0.572778 1 28 1.000000
 29 -68.960190 -5.683675 96.407768 0.003815 0.172342 -0.985030 0.895842 0.540932 1 28 1.000000
 29 -68.760597 -8.302788 97.384491 0.168590 -0.653765 -0.737678 0.858152 0.537148 1 28 1.000000
MarioHand_alb.png
 29 -66.916847 -7.866356 97.734451 0.162524 -0.666118 -0.727923 0.860609 0.504814 1 28 1.000000
 29 -64.883316 -8.246508 99.971992 0.102235 -0.993741 0.045014 0.829679 0.469001 1 28 1.000000
 29 -66.993118 -8.729273 100.017128 0.191498 -0.970843 -0.144196 0.826246 0.502129 1 28 1.000000
MarioHand_alb.png
 29 -66.916847 -7.866356 97.734451 0.162524 -0.666118 -0.727923 0.860609 0.504814 1 28 1.000000
 29 -66.993118 -8.729273 100.017128 0.191498 -0.970843 -0.144196 0.826246 0.502129 1 28 1.000000
 29 -68.760597 -8.302788 97.384491 0.168590 -0.653765 -0.737678 0.858152 0.537148 1 28 1.000000
MarioHand_alb.png
 29 -70.499359 -6.109869 96.915756 -0.117534 0.141002 -0.983008 0.891951 0.572778 1 28 1.000000
 29 -68.760597 -8.302788 97.384491 0.168590 -0.653765 -0.737678 0.858152 0.537148 1 28 1.000000
 29 -70.569565 -8.633032 97.610687 0.176999 -0.735651 -0.653827 0.856214 0.568063 1 28 1.000000
MarioHand_alb.png
 29 -70.830978 -6.154536 97.018929 0.865002 0.262018 -0.427924 0.887480 0.603784 1 28 1.000000
 29 -70.499359 -6.109869 96.915756 -0.117534 0.141002 -0.983008 0.891951 0.572778 1 28 1.000000
 29 -70.569565 -8.633032 97.610687 0.176999 -0.735651 -0.653827 0.856214 0.568063 1 28 1.000000
MarioHand_alb.png
 29 -66.993118 -8.729273 100.017128 0.191498 -0.970843 -0.144196 0.826246 0.502129 1 28 1.000000
 29 -69.127136 -9.179468 99.659157 0.202942 -0.968172 -0.146485 0.824231 0.534081 1 28 1.000000
 29 -68.760597 -8.302788 97.384491 0.168590 -0.653765 -0.737678 0.858152 0.537148 1 28 1.000000
MarioHand_alb.png
 29 -70.569565 -8.633032 97.610687 0.176999 -0.735651 -0.653827 0.856214 0.568063 1 28 1.000000
 29 -68.760597 -8.302788 97.384491 0.168590 -0.653765 -0.737678 0.858152 0.537148 1 28 1.000000
 29 -69.127136 -9.179468 99.659157 0.202942 -0.968172 -0.146485 0.824231 0.534081 1 28 1.000000
MarioHand_alb.png
 29 -64.883316 -8.246508 99.971992 0.102235 -0.993741 0.045014 0.829679 0.469001 1 28 1.000000
 29 -67.328461 -8.650417 101.679291 0.157170 -0.917462 0.365459 0.804120 0.501015 1 28 1.000000
 29 -66.993118 -8.729273 100.017128 0.191498 -0.970843 -0.144196 0.826246 0.502129 1 28 1.000000
MarioHand_alb.png
 29 -66.993118 -8.729273 100.017128 0.191498 -0.970843 -0.144196 0.826246 0.502129 1 28 1.000000
 29 -67.328461 -8.650417 101.679291 0.157170 -0.917462 0.365459 0.804120 0.501015 1 28 1.000000
 29 -69.127136 -9.179468 99.659157 0.202942 -0.968172 -0.146485 0.824231 0.534081 1 28 1.000000
MarioHand_alb.png
 29 -64.883316 -8.246508 99.971992 0.102235 -0.993741 0.045014 0.829679 0.469001 1 28 1.000000
 29 -65.132011 -7.639612 102.380394 0.119776 -0.868282 0.481394 0.797391 0.467536 1 28 1.000000
 29 -67.328461 -8.650417 101.679291 0.157170 -0.917462 0.365459 0.804120 0.501015 1 28 1.000000
MarioHand_alb.png
 29 -70.569565 -8.633032 97.610687 0.176999 -0.735651 -0.653827 0.856214 0.568063 1 28 1.000000
 29 -69.127136 -9.179468 99.659157 0.202942 -0.968172 -0.146485 0.824231 0.534081 1 28 1.000000
 29 -71.331894 -9.610531 99.292870 0.186153 -0.976445 -0.109098 0.823102 0.564050 1 28 1.000000
MarioHand_alb.png
 29 -67.759041 -7.748385 102.976059 0.029754 -0.647616 0.761385 0.781476 0.500496 1 28 1.000000
 29 -67.328461 -8.650417 101.679291 0.157170 -0.917462 0.365459 0.804120 0.501015 1 28 1.000000
 29 -65.132011 -7.639612 102.380394 0.119776 -0.868282 0.481394 0.797391 0.467536 1 28 1.000000
MarioHand_alb.png
 29 -65.573303 -5.793910 103.777519 -0.054946 -0.440805 0.895919 0.764584 0.467765 1 28 1.000000
 29 -67.759041 -7.748385 102.976059 0.029754 -0.647616 0.761385 0.781476 0.500496 1 28 1.000000
 29 -65.132011 -7.639612 102.380394 0.119776 -0.868282 0.481394 0.797391 0.467536 1 28 1.000000
MarioHand_alb.png
 29 -69.590149 -9.080894 101.174797 0.086209 -0.922553 0.376116 0.802090 0.532219 1 28 1.000000
 29 -69.127136 -9.179468 99.659157 0.202942 -0.968172 -0.146485 0.824231 0.534081 1 28 1.000000
 29 -67.328461 -8.650417 101.679291 0.157170 -0.917462 0.365459 0.804120 0.501015 1 28 1.000000
MarioHand_alb.png
 29 -71.331894 -9.610531 99.292870 0.186153 -0.976445 -0.109098 0.823102 0.564050 1 28 1.000000
 29 -69.127136 -9.179468 99.659157 0.202942 -0.968172 -0.146485 0.824231 0.534081 1 28 1.000000
 29 -69.590149 -9.080894 101.174797 0.086209 -0.922553 0.376116 0.802090 0.532219 1 28 1.000000
MarioHand_alb.png
 29 -69.590149 -9.080894 101.174797 0.086209 -0.922553 0.376116 0.802090 0.532219 1 28 1.000000
 29 -67.328461 -8.650417 101.679291 0.157170 -0.917462 0.365459 0.804120 0.501015 1 28 1.000000
 29 -70.091125 -8.202835 102.408997 -0.068668 -0.662174 0.746197 0.779660 0.530648 1 28 1.000000
MarioHand_alb.png
 29 -67.759041 -7.748385 102.976059 0.029754 -0.647616 0.761385 0.781476 0.500496 1 28 1.000000
 29 -70.091125 -8.202835 102.408997 -0.068668 -0.662174 0.746197 0.779660 0.530648 1 28 1.000000
 29 -67.328461 -8.650417 101.679291 0.157170 -0.917462 0.365459 0.804120 0.501015 1 28 1.000000
MarioHand_alb.png
 29 -71.331894 -9.610531 99.292870 0.186153 -0.976445 -0.109098 0.823102 0.564050 1 28 1.000000
 29 -69.590149 -9.080894 101.174797 0.086209 -0.922553 0.376116 0.802090 0.532219 1 28 1.000000
 29 -72.134720 -9.532558 100.577278 -0.038910 -0.916778 0.397496 0.801282 0.561624 1 28 1.000000
MarioHand_alb.png
 29 -72.134720 -9.532558 100.577278 -0.038910 -0.916778 0.397496 0.801282 0.561624 1 28 1.000000
 29 -69.590149 -9.080894 101.174797 0.086209 -0.922553 0.376116 0.802090 0.532219 1 28 1.000000
 29 -70.091125 -8.202835 102.408997 -0.068668 -0.662174 0.746197 0.779660 0.530648 1 28 1.000000
MarioHand_alb.png
 29 -71.572029 -8.661192 96.961128 0.624106 -0.720240 -0.302897 0.853712 0.597482 1 28 1.000000
 29 -70.569565 -8.633032 97.610687 0.176999 -0.735651 -0.653827 0.856214 0.568063 1 28 1.000000
 29 -71.331894 -9.610531 99.292870 0.186153 -0.976445 -0.109098 0.823102 0.564050 1 28 1.000000
MarioHand_alb.png
 29 -70.830978 -6.154536 97.018929 0.865002 0.262018 -0.427924 0.887480 0.603784 1 28 1.000000
 29 -70.569565 -8.633032 97.610687 0.176999 -0.735651 -0.653827 0.856214 0.568063 1 28 1.000000
 29 -71.572029 -8.661192 96.961128 0.624106 -0.720240 -0.302897 0.853712 0.597482 1 28 1.000000
MarioHand_alb.png
 29 -72.814743 -9.837839 98.362267 0.173948 -0.981795 -0.076293 0.821576 0.592447 1 28 1.000000
 29 -71.331894 -9.610531 99.292870 0.186153 -0.976445 -0.109098 0.823102 0.564050 1 28 1.000000
 29 -72.134720 -9.532558 100.577278 -0.038910 -0.916778 0.397496 0.801282 0.561624 1 28 1.000000
MarioHand_alb.png
 29 -71.572029 -8.661192 96.961128 0.624106 -0.720240 -0.302897 0.853712 0.597482 1 28 1.000000
 29 -71.331894 -9.610531 99.292870 0.186153 -0.976445 -0.109098 0.823102 0.564050 1 28 1.000000
 29 -72.814743 -9.837839 98.362267 0.173948 -0.981795 -0.076293 0.821576 0.592447 1 28 1.000000
MarioHand_alb.png
 29 -71.395897 -8.430887 95.842377 0.851375 -0.467836 -0.237256 0.849088 0.626520 1 28 1.000000
 29 -70.830978 -6.154536 97.018929 0.865002 0.262018 -0.427924 0.887480 0.603784 1 28 1.000000
 29 -71.572029 -8.661192 96.961128 0.624106 -0.720240 -0.302897 0.853712 0.597482 1 28 1.000000
MarioHand_alb.png
 29 -70.871529 -5.972992 95.859161 0.954293 0.220838 -0.201386 0.880919 0.635096 1 28 1.000000
 29 -70.830978 -6.154536 97.018929 0.865002 0.262018 -0.427924 0.887480 0.603784 1 28 1.000000
 29 -71.395897 -8.430887 95.842377 0.851375 -0.467836 -0.237256 0.849088 0.626520 1 28 1.000000
MarioHand_alb.png
 29 -71.670975 -5.840735 93.976364 0.832281 0.236868 -0.501200 0.869551 0.666270 1 28 1.000000
 29 -70.871529 -5.972992 95.859161 0.954293 0.220838 -0.201386 0.880919 0.635096 1 28 1.000000
 29 -71.395897 -8.430887 95.842377 0.851375 -0.467836 -0.237256 0.849088 0.626520 1 28 1.000000
MarioHand_alb.png
 29 -73.394516 -9.787111 96.415901 0.229637 -0.967565 -0.105282 0.818418 0.620798 1 28 1.000000
 29 -71.572029 -8.661192 96.961128 0.624106 -0.720240 -0.302897 0.853712 0.597482 1 28 1.000000
 29 -72.814743 -9.837839 98.362267 0.173948 -0.981795 -0.076293 0.821576 0.592447 1 28 1.000000
MarioHand_alb.png
 29 -71.395897 -8.430887 95.842377 0.851375 -0.467836 -0.237256 0.849088 0.626520 1 28 1.000000
 29 -71.572029 -8.661192 96.961128 0.624106 -0.720240 -0.302897 0.853712 0.597482 1 28 1.000000
 29 -73.394516 -9.787111 96.415901 0.229637 -0.967565 -0.105282 0.818418 0.620798 1 28 1.000000
MarioHand_alb.png
 29 -71.670975 -5.840735 93.976364 0.832281 0.236868 -0.501200 0.869551 0.666270 1 28 1.000000
 29 -71.395897 -8.430887 95.842377 0.851375 -0.467836 -0.237256 0.849088 0.626520 1 28 1.000000
 29 -72.124649 -8.225363 93.942436 0.756270 -0.391395 -0.524276 0.840482 0.655085 1 28 1.000000
MarioHand_alb.png
 29 -73.016731 -5.905775 92.636826 0.531941 0.221229 -0.817372 0.851331 0.690013 1 28 1.000000
 29 -71.670975 -5.840735 93.976364 0.832281 0.236868 -0.501200 0.869551 0.666270 1 28 1.000000
 29 -72.124649 -8.225363 93.942436 0.756270 -0.391395 -0.524276 0.840482 0.655085 1 28 1.000000
MarioHand_alb.png
 29 -74.054527 -9.641552 94.487823 0.176238 -0.931257 -0.318907 0.812039 0.650004 1 28 1.000000
 29 -71.395897 -8.430887 95.842377 0.851375 -0.467836 -0.237256 0.849088 0.626520 1 28 1.000000
 29 -73.394516 -9.787111 96.415901 0.229637 -0.967565 -0.105282 0.818418 0.620798 1 28 1.000000
MarioHand_alb.png
 29 -74.054527 -9.641552 94.487823 0.176238 -0.931257 -0.318907 0.812039 0.650004 1 28 1.000000
 29 -72.124649 -8.225363 93.942436 0.756270 -0.391395 -0.524276 0.840482 0.655085 1 28 1.000000
 29 -71.395897 -8.430887 95.842377 0.851375 -0.467836 -0.237256 0.849088 0.626520 1 28 1.000000
MarioHand_alb.png
 29 -73.349777 -7.640481 92.613167 0.430207 -0.265829 -0.862703 0.829709 0.678981 1 28 1.000000
 29 -73.016731 -5.905775 92.636826 0.531941 0.221229 -0.817372 0.851331 0.690013 1 28 1.000000
 29 -72.124649 -8.225363 93.942436 0.756270 -0.391395 -0.524276 0.840482 0.655085 1 28 1.000000
MarioHand_alb.png
 29 -75.493790 -6.355392 92.452873 -0.321249 0.076402 -0.943908 0.820615 0.710201 1 28 1.000000
 29 -73.016731 -5.905775 92.636826 0.531941 0.221229 -0.817372 0.851331 0.690013 1 28 1.000000
 29 -73.349777 -7.640481 92.613167 0.430207 -0.265829 -0.862703 0.829709 0.678981 1 28 1.000000
MarioHand_alb.png
 29 -74.760078 -8.675394 93.011703 -0.069422 -0.610689 -0.788822 0.802594 0.678203 1 28 1.000000
 29 -75.493790 -6.355392 92.452873 -0.321249 0.076402 -0.943908 0.820615 0.710201 1 28 1.000000
 29 -73.349777 -7.640481 92.613167 0.430207 -0.265829 -0.862703 0.829709 0.678981 1 28 1.000000
MarioHand_alb.png
 29 -74.760078 -8.675394 93.011703 -0.069422 -0.610689 -0.788822 0.802594 0.678203 1 28 1.000000
 29 -73.349777 -7.640481 92.613167 0.430207 -0.265829 -0.862703 0.829709 0.678981 1 28 1.000000
 29 -72.124649 -8.225363 93.942436 0.756270 -0.391395 -0.524276 0.840482 0.655085 1 28 1.000000
MarioHand_alb.png
 29 -74.760078 -8.675394 93.011703 -0.069422 -0.610689 -0.788822 0.802594 0.678203 1 28 1.000000
 29 -72.124649 -8.225363 93.942436 0.756270 -0.391395 -0.524276 0.840482 0.655085 1 28 1.000000
 29 -74.054527 -9.641552 94.487823 0.176238 -0.931257 -0.318907 0.812039 0.650004 1 28 1.000000
MarioHand_alb.png
 29 -74.054527 -9.641552 94.487823 0.176238 -0.931257 -0.318907 0.812039 0.650004 1 28 1.000000
 29 -73.394516 -9.787111 96.415901 0.229637 -0.967565 -0.105282 0.818418 0.620798 1 28 1.000000
 29 -75.579056 -9.596325 95.010551 -0.328817 -0.937528 -0.113674 0.794705 0.645380 1 28 1.000000
MarioHand_alb.png
 29 -74.760078 -8.675394 93.011703 -0.069422 -0.610689 -0.788822 0.802594 0.678203 1 28 1.000000
 29 -74.054527 -9.641552 94.487823 0.176238 -0.931257 -0.318907 0.812039 0.650004 1 28 1.000000
 29 -75.579056 -9.596325 95.010551 -0.328817 -0.937528 -0.113674 0.794705 0.645380 1 28 1.000000
MarioHand_alb.png
 29 -74.943459 -9.722946 96.948303 -0.298321 -0.951709 0.072482 0.798596 0.617121 1 28 1.000000
 29 -73.394516 -9.787111 96.415901 0.229637 -0.967565 -0.105282 0.818418 0.620798 1 28 1.000000
 29 -72.814743 -9.837839 98.362267 0.173948 -0.981795 -0.076293 0.821576 0.592447 1 28 1.000000
MarioHand_alb.png
 29 -75.579056 -9.596325 95.010551 -0.328817 -0.937528 -0.113674 0.794705 0.645380 1 28 1.000000
 29 -73.394516 -9.787111 96.415901 0.229637 -0.967565 -0.105282 0.818418 0.620798 1 28 1.000000
 29 -74.943459 -9.722946 96.948303 -0.298321 -0.951709 0.072482 0.798596 0.617121 1 28 1.000000
MarioHand_alb.png
 29 -74.760078 -8.675394 93.011703 -0.069422 -0.610689 -0.788822 0.802594 0.678203 1 28 1.000000
 29 -75.579056 -9.596325 95.010551 -0.328817 -0.937528 -0.113674 0.794705 0.645380 1 28 1.000000
 29 -76.389114 -8.342327 93.592819 -0.583585 -0.504629 -0.636222 0.780209 0.667903 1 28 1.000000
MarioHand_alb.png
 29 -75.493790 -6.355392 92.452873 -0.321249 0.076402 -0.943908 0.758190 0.694240 1 28 1.000000
 29 -74.760078 -8.675394 93.011703 -0.069422 -0.610689 -0.788822 0.802594 0.678203 1 28 1.000000
 29 -76.389114 -8.342327 93.592819 -0.583585 -0.504629 -0.636222 0.780209 0.667903 1 28 1.000000
MarioHand_alb.png
 29 -76.389114 -8.342327 93.592819 -0.583585 -0.504629 -0.636222 0.780209 0.667903 1 28 1.000000
 29 -75.579056 -9.596325 95.010551 -0.328817 -0.937528 -0.113674 0.794705 0.645380 1 28 1.000000
 29 -76.920601 -8.764448 95.533195 -0.737855 -0.674046 0.035100 0.776684 0.641154 1 28 1.000000
MarioHand_alb.png
 29 -75.579056 -9.596325 95.010551 -0.328817 -0.937528 -0.113674 0.794705 0.645380 1 28 1.000000
 29 -74.943459 -9.722946 96.948303 -0.298321 -0.951709 0.072482 0.798596 0.617121 1 28 1.000000
 29 -76.920601 -8.764448 95.533195 -0.737855 -0.674046 0.035100 0.776684 0.641154 1 28 1.000000
MarioHand_alb.png
 29 -75.493790 -6.355392 92.452873 -0.321249 0.076402 -0.943908 0.758190 0.694240 1 28 1.000000
 29 -76.389114 -8.342327 93.592819 -0.583585 -0.504629 -0.636222 0.780209 0.667903 1 28 1.000000
 29 -77.368698 -6.944867 94.036880 -0.860603 -0.090028 -0.501256 0.758022 0.663630 1 28 1.000000
MarioHand_alb.png
 29 -76.389114 -8.342327 93.592819 -0.583585 -0.504629 -0.636222 0.780209 0.667903 1 28 1.000000
 29 -76.920601 -8.764448 95.533195 -0.737855 -0.674046 0.035100 0.776684 0.641154 1 28 1.000000
 29 -77.368698 -6.944867 94.036880 -0.860603 -0.090028 -0.501256 0.758022 0.663630 1 28 1.000000
MarioHand_alb.png
 29 -75.493790 -6.355392 92.452873 -0.321249 0.076402 -0.943908 0.758190 0.694240 1 28 1.000000
 29 -77.368698 -6.944867 94.036880 -0.860603 -0.090028 -0.501256 0.758022 0.663630 1 28 1.000000
 29 -76.968430 -5.292409 94.031204 -0.759991 0.415477 -0.499793 0.736843 0.668162 1 28 1.000000
MarioHand_alb.png
 29 -75.493790 -6.355392 92.452873 -0.321249 0.076402 -0.943908 0.758190 0.694240 1 28 1.000000
 29 -76.968430 -5.292409 94.031204 -0.759991 0.415477 -0.499793 0.736843 0.668162 1 28 1.000000
 29 -75.613098 -4.238752 93.652916 -0.251755 0.800466 -0.543943 0.714885 0.678691 1 28 1.000000
MarioHand_alb.png
 29 -77.368698 -6.944867 94.036880 -0.860603 -0.090028 -0.501256 0.758022 0.663630 1 28 1.000000
 29 -76.920601 -8.764448 95.533195 -0.737855 -0.674046 0.035100 0.776684 0.641154 1 28 1.000000
 29 -77.626297 -7.262640 95.892220 -0.969092 -0.197920 0.147271 0.757809 0.639490 1 28 1.000000
MarioHand_alb.png
 29 -77.368698 -6.944867 94.036880 -0.860603 -0.090028 -0.501256 0.758022 0.663630 1 28 1.000000
 29 -77.491974 -5.592907 95.983078 -0.934538 0.316599 0.162495 0.739178 0.641215 1 28 1.000000
 29 -76.968430 -5.292409 94.031204 -0.759991 0.415477 -0.499793 0.736843 0.668162 1 28 1.000000
MarioHand_alb.png
 29 -77.368698 -6.944867 94.036880 -0.860603 -0.090028 -0.501256 0.758022 0.663630 1 28 1.000000
 29 -77.626297 -7.262640 95.892220 -0.969092 -0.197920 0.147271 0.757809 0.639490 1 28 1.000000
 29 -77.491974 -5.592907 95.983078 -0.934538 0.316599 0.162495 0.739178 0.641215 1 28 1.000000
MarioHand_alb.png
 29 -76.968430 -5.292409 94.031204 -0.759991 0.415477 -0.499793 0.736843 0.668162 1 28 1.000000
 29 -76.606949 -4.217745 95.785805 -0.647681 0.755628 0.097648 0.721431 0.645609 1 28 1.000000
 29 -75.613098 -4.238752 93.652916 -0.251755 0.800466 -0.543943 0.714885 0.678691 1 28 1.000000
MarioHand_alb.png
 29 -76.968430 -5.292409 94.031204 -0.759991 0.415477 -0.499793 0.736843 0.668162 1 28 1.000000
 29 -77.491974 -5.592907 95.983078 -0.934538 0.316599 0.162495 0.739178 0.641215 1 28 1.000000
 29 -76.606949 -4.217745 95.785805 -0.647681 0.755628 0.097648 0.721431 0.645609 1 28 1.000000
MarioHand_alb.png
 29 -76.920601 -8.764448 95.533195 -0.737855 -0.674046 0.035100 0.776684 0.641154 1 28 1.000000
 29 -76.337357 -8.838800 97.492477 -0.693492 -0.677566 0.244896 0.777417 0.614038 1 28 1.000000
 29 -77.626297 -7.262640 95.892220 -0.969092 -0.197920 0.147271 0.757809 0.639490 1 28 1.000000
MarioHand_alb.png
 29 -76.920601 -8.764448 95.533195 -0.737855 -0.674046 0.035100 0.776684 0.641154 1 28 1.000000
 29 -74.943459 -9.722946 96.948303 -0.298321 -0.951709 0.072482 0.798596 0.617121 1 28 1.000000
 29 -76.337357 -8.838800 97.492477 -0.693492 -0.677566 0.244896 0.777417 0.614038 1 28 1.000000
MarioHand_alb.png
 29 -77.491974 -5.592907 95.983078 -0.934538 0.316599 0.162495 0.739178 0.641215 1 28 1.000000
 29 -77.626297 -7.262640 95.892220 -0.969092 -0.197920 0.147271 0.757809 0.639490 1 28 1.000000
 29 -76.912415 -5.758814 97.939491 -0.892071 0.269853 0.362475 0.737087 0.613901 1 28 1.000000
MarioHand_alb.png
 29 -74.943459 -9.722946 96.948303 -0.298321 -0.951709 0.072482 0.798596 0.617121 1 28 1.000000
 29 -74.076538 -9.762289 99.198280 -0.257116 -0.934431 0.246435 0.800107 0.589487 1 28 1.000000
 29 -76.337357 -8.838800 97.492477 -0.693492 -0.677566 0.244896 0.777417 0.614038 1 28 1.000000
MarioHand_alb.png
 29 -74.943459 -9.722946 96.948303 -0.298321 -0.951709 0.072482 0.798596 0.617121 1 28 1.000000
 29 -72.814743 -9.837839 98.362267 0.173948 -0.981795 -0.076293 0.821576 0.592447 1 28 1.000000
 29 -74.076538 -9.762289 99.198280 -0.257116 -0.934431 0.246435 0.800107 0.589487 1 28 1.000000
MarioHand_alb.png
 29 -72.814743 -9.837839 98.362267 0.173948 -0.981795 -0.076293 0.821576 0.592447 1 28 1.000000
 29 -72.134720 -9.532558 100.577278 -0.038910 -0.916778 0.397496 0.801282 0.561624 1 28 1.000000
 29 -74.076538 -9.762289 99.198280 -0.257116 -0.934431 0.246435 0.800107 0.589487 1 28 1.000000
MarioHand_alb.png
 29 -77.626297 -7.262640 95.892220 -0.969092 -0.197920 0.147271 0.757809 0.639490 1 28 1.000000
 29 -76.337357 -8.838800 97.492477 -0.693492 -0.677566 0.244896 0.777417 0.614038 1 28 1.000000
 29 -77.003464 -7.424158 97.831490 -0.907596 -0.224706 0.354649 0.757641 0.612909 1 28 1.000000
MarioHand_alb.png
 29 -76.912415 -5.758814 97.939491 -0.892071 0.269853 0.362475 0.737087 0.613901 1 28 1.000000
 29 -77.626297 -7.262640 95.892220 -0.969092 -0.197920 0.147271 0.757809 0.639490 1 28 1.000000
 29 -77.003464 -7.424158 97.831490 -0.907596 -0.224706 0.354649 0.757641 0.612909 1 28 1.000000
MarioHand_alb.png
 29 -76.337357 -8.838800 97.492477 -0.693492 -0.677566 0.244896 0.777417 0.614038 1 28 1.000000
 29 -74.076538 -9.762289 99.198280 -0.257116 -0.934431 0.246435 0.800107 0.589487 1 28 1.000000
 29 -75.174400 -8.916248 99.957527 -0.565373 -0.676769 0.471526 0.778195 0.587213 1 28 1.000000
MarioHand_alb.png
 29 -76.337357 -8.838800 97.492477 -0.693492 -0.677566 0.244896 0.777417 0.614038 1 28 1.000000
 29 -75.174400 -8.916248 99.957527 -0.565373 -0.676769 0.471526 0.778195 0.587213 1 28 1.000000
 29 -77.003464 -7.424158 97.831490 -0.907596 -0.224706 0.354649 0.757641 0.612909 1 28 1.000000
MarioHand_alb.png
 29 -74.076538 -9.762289 99.198280 -0.257116 -0.934431 0.246435 0.800107 0.589487 1 28 1.000000
 29 -72.134720 -9.532558 100.577278 -0.038910 -0.916778 0.397496 0.801282 0.561624 1 28 1.000000
 29 -72.855797 -8.696356 101.659798 -0.244913 -0.663974 0.706510 0.779156 0.559640 1 28 1.000000
MarioHand_alb.png
 29 -74.076538 -9.762289 99.198280 -0.257116 -0.934431 0.246435 0.800107 0.589487 1 28 1.000000
 29 -72.855797 -8.696356 101.659798 -0.244913 -0.663974 0.706510 0.779156 0.559640 1 28 1.000000
 29 -75.174400 -8.916248 99.957527 -0.565373 -0.676769 0.471526 0.778195 0.587213 1 28 1.000000
MarioHand_alb.png
 29 -72.134720 -9.532558 100.577278 -0.038910 -0.916778 0.397496 0.801282 0.561624 1 28 1.000000
 29 -70.091125 -8.202835 102.408997 -0.068668 -0.662174 0.746197 0.779660 0.530648 1 28 1.000000
 29 -72.855797 -8.696356 101.659798 -0.244913 -0.663974 0.706510 0.779156 0.559640 1 28 1.000000
MarioHand_alb.png
 29 -77.003464 -7.424158 97.831490 -0.907596 -0.224706 0.354649 0.757641 0.612909 1 28 1.000000
 29 -75.174400 -8.916248 99.957527 -0.565373 -0.676769 0.471526 0.778195 0.587213 1 28 1.000000
 29 -75.752365 -7.548055 100.368080 -0.759656 -0.267806 0.592623 0.757671 0.586267 1 28 1.000000
MarioHand_alb.png
 29 -70.482155 -6.930376 103.104744 -0.205164 -0.291539 0.934298 0.758495 0.529381 1 28 1.000000
 29 -72.855797 -8.696356 101.659798 -0.244913 -0.663974 0.706510 0.779156 0.559640 1 28 1.000000
 29 -70.091125 -8.202835 102.408997 -0.068668 -0.662174 0.746197 0.779660 0.530648 1 28 1.000000
MarioHand_alb.png
 29 -67.759041 -7.748385 102.976059 0.029754 -0.647616 0.761385 0.781476 0.500496 1 28 1.000000
 29 -70.482155 -6.930376 103.104744 -0.205164 -0.291539 0.934298 0.758495 0.529381 1 28 1.000000
 29 -70.091125 -8.202835 102.408997 -0.068668 -0.662174 0.746197 0.779660 0.530648 1 28 1.000000
MarioHand_alb.png
 29 -73.584023 -7.402826 102.198624 -0.422717 -0.283751 0.860695 0.758007 0.558129 1 28 1.000000
 29 -75.174400 -8.916248 99.957527 -0.565373 -0.676769 0.471526 0.778195 0.587213 1 28 1.000000
 29 -72.855797 -8.696356 101.659798 -0.244913 -0.663974 0.706510 0.779156 0.559640 1 28 1.000000
MarioHand_alb.png
 29 -75.752365 -7.548055 100.368080 -0.759656 -0.267806 0.592623 0.757671 0.586267 1 28 1.000000
 29 -75.174400 -8.916248 99.957527 -0.565373 -0.676769 0.471526 0.778195 0.587213 1 28 1.000000
 29 -73.584023 -7.402826 102.198624 -0.422717 -0.283751 0.860695 0.758007 0.558129 1 28 1.000000
MarioHand_alb.png
 29 -73.584023 -7.402826 102.198624 -0.422717 -0.283751 0.860695 0.758007 0.558129 1 28 1.000000
 29 -72.855797 -8.696356 101.659798 -0.244913 -0.663974 0.706510 0.779156 0.559640 1 28 1.000000
 29 -70.482155 -6.930376 103.104744 -0.205164 -0.291539 0.934298 0.758495 0.529381 1 28 1.000000
MarioHand_alb.png
 29 -77.003464 -7.424158 97.831490 -0.907596 -0.224706 0.354649 0.757641 0.612909 1 28 1.000000
 29 -75.752365 -7.548055 100.368080 -0.759656 -0.267806 0.592623 0.757671 0.586267 1 28 1.000000
 29 -75.793381 -5.949809 100.420189 -0.785119 0.209251 0.582926 0.736538 0.586816 1 28 1.000000
MarioHand_alb.png
 29 -75.752365 -7.548055 100.368080 -0.759656 -0.267806 0.592623 0.757671 0.586267 1 28 1.000000
 29 -73.584023 -7.402826 102.198624 -0.422717 -0.283751 0.860695 0.758007 0.558129 1 28 1.000000
 29 -75.793381 -5.949809 100.420189 -0.785119 0.209251 0.582926 0.736538 0.586816 1 28 1.000000
MarioHand_alb.png
 29 -76.912415 -5.758814 97.939491 -0.892071 0.269853 0.362475 0.737087 0.613901 1 28 1.000000
 29 -77.003464 -7.424158 97.831490 -0.907596 -0.224706 0.354649 0.757641 0.612909 1 28 1.000000
 29 -75.793381 -5.949809 100.420189 -0.785119 0.209251 0.582926 0.736538 0.586816 1 28 1.000000
MarioHand_alb.png
 29 -75.793381 -5.949809 100.420189 -0.785119 0.209251 0.582926 0.736538 0.586816 1 28 1.000000
 29 -73.584023 -7.402826 102.198624 -0.422717 -0.283751 0.860695 0.758007 0.558129 1 28 1.000000
 29 -73.763168 -5.799870 102.216660 -0.477576 0.207700 0.853687 0.735759 0.558495 1 28 1.000000
MarioHand_alb.png
 29 -73.584023 -7.402826 102.198624 -0.422717 -0.283751 0.860695 0.758007 0.558129 1 28 1.000000
 29 -70.482155 -6.930376 103.104744 -0.205164 -0.291539 0.934298 0.758495 0.529381 1 28 1.000000
 29 -73.763168 -5.799870 102.216660 -0.477576 0.207700 0.853687 0.735759 0.558495 1 28 1.000000
MarioHand_alb.png
 29 -75.157967 -4.511851 100.007797 -0.598900 0.671474 0.436396 0.714412 0.589548 1 28 1.000000
 29 -76.912415 -5.758814 97.939491 -0.892071 0.269853 0.362475 0.737087 0.613901 1 28 1.000000
 29 -75.793381 -5.949809 100.420189 -0.785119 0.209251 0.582926 0.736538 0.586816 1 28 1.000000
MarioHand_alb.png
 29 -75.157967 -4.511851 100.007797 -0.598900 0.671474 0.436396 0.714412 0.589548 1 28 1.000000
 29 -75.793381 -5.949809 100.420189 -0.785119 0.209251 0.582926 0.736538 0.586816 1 28 1.000000
 29 -73.763168 -5.799870 102.216660 -0.477576 0.207700 0.853687 0.735759 0.558495 1 28 1.000000
MarioHand_alb.png
 29 -68.156609 -6.384229 103.672783 -0.103758 -0.297447 0.949084 0.759289 0.499962 1 28 1.000000
 29 -70.482155 -6.930376 103.104744 -0.205164 -0.291539 0.934298 0.758495 0.529381 1 28 1.000000
 29 -67.759041 -7.748385 102.976059 0.029754 -0.647616 0.761385 0.781476 0.500496 1 28 1.000000
MarioHand_alb.png
 29 -65.573303 -5.793910 103.777519 -0.054946 -0.440805 0.895919 0.764584 0.467765 1 28 1.000000
 29 -68.156609 -6.384229 103.672783 -0.103758 -0.297447 0.949084 0.759289 0.499962 1 28 1.000000
 29 -67.759041 -7.748385 102.976059 0.029754 -0.647616 0.761385 0.781476 0.500496 1 28 1.000000
MarioHand_alb.png
 29 -70.703346 -5.315002 103.205276 -0.318877 0.230861 0.919250 0.735439 0.528206 1 28 1.000000
 29 -73.763168 -5.799870 102.216660 -0.477576 0.207700 0.853687 0.735759 0.558495 1 28 1.000000
 29 -70.482155 -6.930376 103.104744 -0.205164 -0.291539 0.934298 0.758495 0.529381 1 28 1.000000
MarioHand_alb.png
 29 -70.703346 -5.315002 103.205276 -0.318877 0.230861 0.919250 0.735439 0.528206 1 28 1.000000
 29 -70.482155 -6.930376 103.104744 -0.205164 -0.291539 0.934298 0.758495 0.529381 1 28 1.000000
 29 -68.156609 -6.384229 103.672783 -0.103758 -0.297447 0.949084 0.759289 0.499962 1 28 1.000000
MarioHand_alb.png
 29 -68.520920 -4.738876 103.874153 -0.306607 0.136905 0.941939 0.735119 0.499413 1 28 1.000000
 29 -68.156609 -6.384229 103.672783 -0.103758 -0.297447 0.949084 0.759289 0.499962 1 28 1.000000
 29 -65.573303 -5.793910 103.777519 -0.054946 -0.440805 0.895919 0.764584 0.467765 1 28 1.000000
MarioHand_alb.png
 29 -68.520920 -4.738876 103.874153 -0.306607 0.136905 0.941939 0.735119 0.499413 1 28 1.000000
 29 -70.703346 -5.315002 103.205276 -0.318877 0.230861 0.919250 0.735439 0.528206 1 28 1.000000
 29 -68.156609 -6.384229 103.672783 -0.103758 -0.297447 0.949084 0.759289 0.499962 1 28 1.000000
MarioHand_alb.png
 29 -66.057899 -2.858261 104.745003 -0.241901 -0.305190 0.921055 0.728038 0.467384 1 28 1.000000
 29 -68.520920 -4.738876 103.874153 -0.306607 0.136905 0.941939 0.735119 0.499413 1 28 1.000000
 29 -65.573303 -5.793910 103.777519 -0.054946 -0.440805 0.895919 0.764584 0.467765 1 28 1.000000
MarioHand_alb.png
 29 -68.513824 -3.398307 102.815620 -0.352478 0.845407 0.401306 0.710613 0.501701 1 28 1.000000
 29 -68.520920 -4.738876 103.874153 -0.306607 0.136905 0.941939 0.735119 0.499413 1 28 1.000000
 29 -66.057899 -2.858261 104.745003 -0.241901 -0.305190 0.921055 0.728038 0.467384 1 28 1.000000
MarioHand_alb.png
 29 -73.398285 -4.459040 101.492027 -0.405852 0.653883 0.638530 0.713176 0.561318 1 28 1.000000
 29 -73.763168 -5.799870 102.216660 -0.477576 0.207700 0.853687 0.735759 0.558495 1 28 1.000000
 29 -70.703346 -5.315002 103.205276 -0.318877 0.230861 0.919250 0.735439 0.528206 1 28 1.000000
MarioHand_alb.png
 29 -75.157967 -4.511851 100.007797 -0.598900 0.671474 0.436396 0.714412 0.589548 1 28 1.000000
 29 -73.763168 -5.799870 102.216660 -0.477576 0.207700 0.853687 0.735759 0.558495 1 28 1.000000
 29 -73.398285 -4.459040 101.492027 -0.405852 0.653883 0.638530 0.713176 0.561318 1 28 1.000000
MarioHand_alb.png
 29 -70.625824 -4.005104 102.194626 -0.324981 0.737525 0.591984 0.712093 0.530465 1 28 1.000000
 29 -70.703346 -5.315002 103.205276 -0.318877 0.230861 0.919250 0.735439 0.528206 1 28 1.000000
 29 -68.520920 -4.738876 103.874153 -0.306607 0.136905 0.941939 0.735119 0.499413 1 28 1.000000
MarioHand_alb.png
 29 -73.398285 -4.459040 101.492027 -0.405852 0.653883 0.638530 0.713176 0.561318 1 28 1.000000
 29 -70.703346 -5.315002 103.205276 -0.318877 0.230861 0.919250 0.735439 0.528206 1 28 1.000000
 29 -70.625824 -4.005104 102.194626 -0.324981 0.737525 0.591984 0.712093 0.530465 1 28 1.000000
MarioHand_alb.png
 29 -70.625824 -4.005104 102.194626 -0.324981 0.737525 0.591984 0.712093 0.530465 1 28 1.000000
 29 -68.520920 -4.738876 103.874153 -0.306607 0.136905 0.941939 0.735119 0.499413 1 28 1.000000
 29 -68.513824 -3.398307 102.815620 -0.352478 0.845407 0.401306 0.710613 0.501701 1 28 1.000000
MarioHand_alb.png
 29 -75.157967 -4.511851 100.007797 -0.598900 0.671474 0.436396 0.714412 0.589548 1 28 1.000000
 29 -73.398285 -4.459040 101.492027 -0.405852 0.653883 0.638530 0.713176 0.561318 1 28 1.000000
 29 -74.106033 -3.868246 99.298996 -0.174712 0.975315 0.135039 0.694194 0.593301 1 28 1.000000
MarioHand_alb.png
 29 -73.398285 -4.459040 101.492027 -0.405852 0.653883 0.638530 0.713176 0.561318 1 28 1.000000
 29 -70.625824 -4.005104 102.194626 -0.324981 0.737525 0.591984 0.712093 0.530465 1 28 1.000000
 29 -72.713348 -3.791809 100.444168 -0.187683 0.978303 0.087738 0.691905 0.564828 1 28 1.000000
MarioHand_alb.png
 29 -74.106033 -3.868246 99.298996 -0.174712 0.975315 0.135039 0.694194 0.593301 1 28 1.000000
 29 -73.398285 -4.459040 101.492027 -0.405852 0.653883 0.638530 0.713176 0.561318 1 28 1.000000
 29 -72.713348 -3.791809 100.444168 -0.187683 0.978303 0.087738 0.691905 0.564828 1 28 1.000000
MarioHand_alb.png
 29 -70.625824 -4.005104 102.194626 -0.324981 0.737525 0.591984 0.712093 0.530465 1 28 1.000000
 29 -68.513824 -3.398307 102.815620 -0.352478 0.845407 0.401306 0.710613 0.501701 1 28 1.000000
 29 -70.289215 -3.408151 100.703270 -0.230410 0.972806 0.023651 0.689326 0.534783 1 28 1.000000
MarioHand_alb.png
 29 -72.713348 -3.791809 100.444168 -0.187683 0.978303 0.087738 0.691905 0.564828 1 28 1.000000
 29 -70.625824 -4.005104 102.194626 -0.324981 0.737525 0.591984 0.712093 0.530465 1 28 1.000000
 29 -70.289215 -3.408151 100.703270 -0.230410 0.972806 0.023651 0.689326 0.534783 1 28 1.000000
MarioHand_alb.png
 29 -70.289215 -3.408151 100.703270 -0.230410 0.972806 0.023651 0.689326 0.534783 1 28 1.000000
 29 -68.513824 -3.398307 102.815620 -0.352478 0.845407 0.401306 0.710613 0.501701 1 28 1.000000
 29 -68.226593 -2.955043 101.040535 -0.193788 0.979047 0.062561 0.685939 0.506310 1 28 1.000000
MarioHand_alb.png
 29 -68.513824 -3.398307 102.815620 -0.352478 0.845407 0.401306 0.710613 0.501701 1 28 1.000000
 29 -65.770256 -2.784645 101.334213 -0.951256 -0.287589 -0.111374 0.683604 0.474388 1 28 1.000000
 29 -68.226593 -2.955043 101.040535 -0.193788 0.979047 0.062561 0.685939 0.506310 1 28 1.000000
MarioHand_alb.png
 29 -71.522705 -3.994164 98.402382 -0.133515 0.898893 -0.417331 0.657938 0.571283 1 28 1.000000
 29 -72.713348 -3.791809 100.444168 -0.187683 0.978303 0.087738 0.691905 0.564828 1 28 1.000000
 29 -70.289215 -3.408151 100.703270 -0.230410 0.972806 0.023651 0.689326 0.534783 1 28 1.000000
MarioHand_alb.png
 29 -74.106033 -3.868246 99.298996 -0.174712 0.975315 0.135039 0.694194 0.593301 1 28 1.000000
 29 -72.713348 -3.791809 100.444168 -0.187683 0.978303 0.087738 0.691905 0.564828 1 28 1.000000
 29 -71.522705 -3.994164 98.402382 -0.133515 0.898893 -0.417331 0.657938 0.571283 1 28 1.000000
MarioHand_alb.png
 29 -68.226593 -2.955043 101.040535 -0.193788 0.979047 0.062561 0.685939 0.506310 1 28 1.000000
 29 -65.770256 -2.784645 101.334213 -0.951256 -0.287589 -0.111374 0.683604 0.474388 1 28 1.000000
 29 -67.816521 -3.028633 98.520027 -0.141144 0.874589 -0.463866 0.650813 0.510475 1 28 1.000000
MarioHand_alb.png
 29 -67.816521 -3.028633 98.520027 -0.141144 0.874589 -0.463866 0.650813 0.510475 1 28 1.000000
 29 -65.770256 -2.784645 101.334213 -0.951256 -0.287589 -0.111374 0.683604 0.474388 1 28 1.000000
 29 -65.679398 -2.566155 98.622269 -0.584491 0.064596 -0.808825 0.647517 0.480171 1 28 1.000000
MarioHand_alb.png
 29 -70.289215 -3.408151 100.703270 -0.230410 0.972806 0.023651 0.689326 0.534783 1 28 1.000000
 29 -68.226593 -2.955043 101.040535 -0.193788 0.979047 0.062561 0.685939 0.506310 1 28 1.000000
 29 -69.714157 -3.546032 98.266121 -0.176237 0.830305 -0.528710 0.654704 0.540658 1 28 1.000000
MarioHand_alb.png
 29 -69.714157 -3.546032 98.266121 -0.176237 0.830305 -0.528710 0.654704 0.540658 1 28 1.000000
 29 -68.226593 -2.955043 101.040535 -0.193788 0.979047 0.062561 0.685939 0.506310 1 28 1.000000
 29 -67.816521 -3.028633 98.520027 -0.141144 0.874589 -0.463866 0.650813 0.510475 1 28 1.000000
MarioHand_alb.png
 29 -71.522705 -3.994164 98.402382 -0.133515 0.898893 -0.417331 0.657938 0.571283 1 28 1.000000
 29 -70.289215 -3.408151 100.703270 -0.230410 0.972806 0.023651 0.689326 0.534783 1 28 1.000000
 29 -69.714157 -3.546032 98.266121 -0.176237 0.830305 -0.528710 0.654704 0.540658 1 28 1.000000
MarioHand_alb.png
 29 -67.116234 -5.335710 97.008392 0.008394 0.184190 -0.982855 0.613565 0.515877 1 28 1.000000
 29 -67.816521 -3.028633 98.520027 -0.141144 0.874589 -0.463866 0.650813 0.510475 1 28 1.000000
 29 -65.679398 -2.566155 98.622269 -0.584491 0.064596 -0.808825 0.647517 0.480171 1 28 1.000000
MarioHand_alb.png
 29 -67.116234 -5.335710 97.008392 0.008394 0.184190 -0.982855 0.613565 0.515877 1 28 1.000000
 29 -65.679398 -2.566155 98.622269 -0.584491 0.064596 -0.808825 0.647517 0.480171 1 28 1.000000
 29 -64.954086 -4.702854 96.703133 -0.637788 0.121206 -0.760615 0.605982 0.481102 1 28 1.000000
MarioHand_alb.png
 29 -69.714157 -3.546032 98.266121 -0.176237 0.830305 -0.528710 0.654704 0.540658 1 28 1.000000
 29 -67.816521 -3.028633 98.520027 -0.141144 0.874589 -0.463866 0.650813 0.510475 1 28 1.000000
 29 -67.116234 -5.335710 97.008392 0.008394 0.184190 -0.982855 0.613565 0.515877 1 28 1.000000
MarioHand_alb.png
 29 -68.960190 -5.683675 96.407768 0.003815 0.172342 -0.985030 0.615396 0.547707 1 28 1.000000
 29 -69.714157 -3.546032 98.266121 -0.176237 0.830305 -0.528710 0.654704 0.540658 1 28 1.000000
 29 -67.116234 -5.335710 97.008392 0.008394 0.184190 -0.982855 0.613565 0.515877 1 28 1.000000
MarioHand_alb.png
 29 -70.499359 -6.109869 96.915756 -0.117534 0.141002 -0.983008 0.620249 0.578958 1 28 1.000000
 29 -69.714157 -3.546032 98.266121 -0.176237 0.830305 -0.528710 0.654704 0.540658 1 28 1.000000
 29 -68.960190 -5.683675 96.407768 0.003815 0.172342 -0.985030 0.615396 0.547707 1 28 1.000000
MarioHand_alb.png
 29 -71.522705 -3.994164 98.402382 -0.133515 0.898893 -0.417331 0.657938 0.571283 1 28 1.000000
 29 -69.714157 -3.546032 98.266121 -0.176237 0.830305 -0.528710 0.654704 0.540658 1 28 1.000000
 29 -70.499359 -6.109869 96.915756 -0.117534 0.141002 -0.983008 0.620249 0.578958 1 28 1.000000
MarioHand_alb.png
 29 -70.830978 -6.154536 97.018929 0.865002 0.262018 -0.427924 0.627024 0.609140 1 28 1.000000
 29 -71.522705 -3.994164 98.402382 -0.133515 0.898893 -0.417331 0.657938 0.571283 1 28 1.000000
 29 -70.499359 -6.109869 96.915756 -0.117534 0.141002 -0.983008 0.620249 0.578958 1 28 1.000000
MarioHand_alb.png
 29 -72.466728 -4.144784 97.704086 0.289913 0.953565 -0.081633 0.661585 0.600534 1 28 1.000000
 29 -71.522705 -3.994164 98.402382 -0.133515 0.898893 -0.417331 0.657938 0.571283 1 28 1.000000
 29 -70.830978 -6.154536 97.018929 0.865002 0.262018 -0.427924 0.627024 0.609140 1 28 1.000000
MarioHand_alb.png
 29 -72.466728 -4.144784 97.704086 0.289913 0.953565 -0.081633 0.661585 0.600534 1 28 1.000000
 29 -74.106033 -3.868246 99.298996 -0.174712 0.975315 0.135039 0.694194 0.593301 1 28 1.000000
 29 -71.522705 -3.994164 98.402382 -0.133515 0.898893 -0.417331 0.657938 0.571283 1 28 1.000000
MarioHand_alb.png
 29 -72.284836 -3.997175 96.496788 0.526428 0.849294 -0.039673 0.667018 0.629404 1 28 1.000000
 29 -72.466728 -4.144784 97.704086 0.289913 0.953565 -0.081633 0.661585 0.600534 1 28 1.000000
 29 -70.830978 -6.154536 97.018929 0.865002 0.262018 -0.427924 0.627024 0.609140 1 28 1.000000
MarioHand_alb.png
 29 -72.284836 -3.997175 96.496788 0.526428 0.849294 -0.039673 0.667018 0.629404 1 28 1.000000
 29 -70.830978 -6.154536 97.018929 0.865002 0.262018 -0.427924 0.627024 0.609140 1 28 1.000000
 29 -70.871529 -5.972992 95.859161 0.954293 0.220838 -0.201386 0.635569 0.639704 1 28 1.000000
MarioHand_alb.png
 29 -72.284836 -3.997175 96.496788 0.526428 0.849294 -0.039673 0.667018 0.629404 1 28 1.000000
 29 -70.871529 -5.972992 95.859161 0.954293 0.220838 -0.201386 0.635569 0.639704 1 28 1.000000
 29 -71.670975 -5.840735 93.976364 0.832281 0.236868 -0.501200 0.648524 0.670115 1 28 1.000000
MarioHand_alb.png
 29 -74.655914 -3.718126 97.327347 -0.078583 0.991251 0.106049 0.697932 0.621729 1 28 1.000000
 29 -74.106033 -3.868246 99.298996 -0.174712 0.975315 0.135039 0.694194 0.593301 1 28 1.000000
 29 -72.466728 -4.144784 97.704086 0.289913 0.953565 -0.081633 0.661585 0.600534 1 28 1.000000
MarioHand_alb.png
 29 -74.655914 -3.718126 97.327347 -0.078583 0.991251 0.106049 0.697932 0.621729 1 28 1.000000
 29 -72.466728 -4.144784 97.704086 0.289913 0.953565 -0.081633 0.661585 0.600534 1 28 1.000000
 29 -72.284836 -3.997175 96.496788 0.526428 0.849294 -0.039673 0.667018 0.629404 1 28 1.000000
MarioHand_alb.png
 29 -72.949898 -3.933208 94.562775 0.426473 0.854161 -0.297539 0.676280 0.657664 1 28 1.000000
 29 -72.284836 -3.997175 96.496788 0.526428 0.849294 -0.039673 0.667018 0.629404 1 28 1.000000
 29 -71.670975 -5.840735 93.976364 0.832281 0.236868 -0.501200 0.648524 0.670115 1 28 1.000000
MarioHand_alb.png
 29 -73.016731 -5.905775 92.636826 0.531941 0.221229 -0.817372 0.668009 0.692836 1 28 1.000000
 29 -72.949898 -3.933208 94.562775 0.426473 0.854161 -0.297539 0.676280 0.657664 1 28 1.000000
 29 -71.670975 -5.840735 93.976364 0.832281 0.236868 -0.501200 0.648524 0.670115 1 28 1.000000
MarioHand_alb.png
 29 -75.223907 -3.559548 95.366806 -0.079345 0.993623 -0.080108 0.704662 0.651240 1 28 1.000000
 29 -74.655914 -3.718126 97.327347 -0.078583 0.991251 0.106049 0.697932 0.621729 1 28 1.000000
 29 -72.284836 -3.997175 96.496788 0.526428 0.849294 -0.039673 0.667018 0.629404 1 28 1.000000
MarioHand_alb.png
 29 -75.223907 -3.559548 95.366806 -0.079345 0.993623 -0.080108 0.704662 0.651240 1 28 1.000000
 29 -72.284836 -3.997175 96.496788 0.526428 0.849294 -0.039673 0.667018 0.629404 1 28 1.000000
 29 -72.949898 -3.933208 94.562775 0.426473 0.854161 -0.297539 0.676280 0.657664 1 28 1.000000
MarioHand_alb.png
 29 -73.951324 -4.511809 93.065353 0.205987 0.723243 -0.659158 0.688640 0.681010 1 28 1.000000
 29 -72.949898 -3.933208 94.562775 0.426473 0.854161 -0.297539 0.676280 0.657664 1 28 1.000000
 29 -73.016731 -5.905775 92.636826 0.531941 0.221229 -0.817372 0.668009 0.692836 1 28 1.000000
MarioHand_alb.png
 29 -73.951324 -4.511809 93.065353 0.205987 0.723243 -0.659158 0.688640 0.681010 1 28 1.000000
 29 -75.223907 -3.559548 95.366806 -0.079345 0.993623 -0.080108 0.704662 0.651240 1 28 1.000000
 29 -72.949898 -3.933208 94.562775 0.426473 0.854161 -0.297539 0.676280 0.657664 1 28 1.000000
MarioHand_alb.png
 29 -75.493790 -6.355392 92.452873 -0.321249 0.076402 -0.943908 0.699931 0.711192 1 28 1.000000
 29 -73.951324 -4.511809 93.065353 0.205987 0.723243 -0.659158 0.688640 0.681010 1 28 1.000000
 29 -73.016731 -5.905775 92.636826 0.531941 0.221229 -0.817372 0.668009 0.692836 1 28 1.000000
MarioHand_alb.png
 29 -75.613098 -4.238752 93.652916 -0.251755 0.800466 -0.543943 0.714885 0.678691 1 28 1.000000
 29 -73.951324 -4.511809 93.065353 0.205987 0.723243 -0.659158 0.688640 0.681010 1 28 1.000000
 29 -75.493790 -6.355392 92.452873 -0.321249 0.076402 -0.943908 0.699931 0.711192 1 28 1.000000
MarioHand_alb.png
 29 -75.613098 -4.238752 93.652916 -0.251755 0.800466 -0.543943 0.714885 0.678691 1 28 1.000000
 29 -75.223907 -3.559548 95.366806 -0.079345 0.993623 -0.080108 0.704662 0.651240 1 28 1.000000
 29 -73.951324 -4.511809 93.065353 0.205987 0.723243 -0.659158 0.688640 0.681010 1 28 1.000000
MarioHand_alb.png
 29 -75.613098 -4.238752 93.652916 -0.251755 0.800466 -0.543943 0.714885 0.678691 1 28 1.000000
 29 -76.606949 -4.217745 95.785805 -0.647681 0.755628 0.097648 0.721431 0.645609 1 28 1.000000
 29 -75.223907 -3.559548 95.366806 -0.079345 0.993623 -0.080108 0.704662 0.651240 1 28 1.000000
MarioHand_alb.png
 29 -76.606949 -4.217745 95.785805 -0.647681 0.755628 0.097648 0.721431 0.645609 1 28 1.000000
 29 -74.655914 -3.718126 97.327347 -0.078583 0.991251 0.106049 0.697932 0.621729 1 28 1.000000
 29 -75.223907 -3.559548 95.366806 -0.079345 0.993623 -0.080108 0.704662 0.651240 1 28 1.000000
MarioHand_alb.png
 29 -76.606949 -4.217745 95.785805 -0.647681 0.755628 0.097648 0.721431 0.645609 1 28 1.000000
 29 -76.011703 -4.353095 97.743736 -0.630241 0.726475 0.273918 0.716701 0.617273 1 28 1.000000
 29 -74.655914 -3.718126 97.327347 -0.078583 0.991251 0.106049 0.697932 0.621729 1 28 1.000000
MarioHand_alb.png
 29 -76.011703 -4.353095 97.743736 -0.630241 0.726475 0.273918 0.716701 0.617273 1 28 1.000000
 29 -74.106033 -3.868246 99.298996 -0.174712 0.975315 0.135039 0.694194 0.593301 1 28 1.000000
 29 -74.655914 -3.718126 97.327347 -0.078583 0.991251 0.106049 0.697932 0.621729 1 28 1.000000
MarioHand_alb.png
 29 -77.491974 -5.592907 95.983078 -0.934538 0.316599 0.162495 0.739178 0.641215 1 28 1.000000
 29 -76.011703 -4.353095 97.743736 -0.630241 0.726475 0.273918 0.716701 0.617273 1 28 1.000000
 29 -76.606949 -4.217745 95.785805 -0.647681 0.755628 0.097648 0.721431 0.645609 1 28 1.000000
MarioHand_alb.png
 29 -76.011703 -4.353095 97.743736 -0.630241 0.726475 0.273918 0.716701 0.617273 1 28 1.000000
 29 -75.157967 -4.511851 100.007797 -0.598900 0.671474 0.436396 0.714412 0.589548 1 28 1.000000
 29 -74.106033 -3.868246 99.298996 -0.174712 0.975315 0.135039 0.694194 0.593301 1 28 1.000000
MarioHand_alb.png
 29 -77.491974 -5.592907 95.983078 -0.934538 0.316599 0.162495 0.739178 0.641215 1 28 1.000000
 29 -76.912415 -5.758814 97.939491 -0.892071 0.269853 0.362475 0.737087 0.613901 1 28 1.000000
 29 -76.011703 -4.353095 97.743736 -0.630241 0.726475 0.273918 0.716701 0.617273 1 28 1.000000
MarioHand_alb.png
 29 -76.011703 -4.353095 97.743736 -0.630241 0.726475 0.273918 0.716701 0.617273 1 28 1.000000
 29 -76.912415 -5.758814 97.939491 -0.892071 0.269853 0.362475 0.737087 0.613901 1 28 1.000000
 29 -75.157967 -4.511851 100.007797 -0.598900 0.671474 0.436396 0.714412 0.589548 1 28 1.000000
MarioHand_alb.png
 29 -67.445297 6.128111 97.847900 -0.208987 -0.144822 -0.967136 0.666743 0.072892 1 28 1.000000
 29 -65.522064 5.959197 97.280937 -0.733737 -0.070456 -0.675770 0.674754 0.041138 1 28 1.000000
 29 -65.468246 3.113581 99.460587 -0.662131 0.207440 -0.720105 0.627543 0.030091 1 28 1.000000
MarioHand_alb.png
 29 -67.445297 6.128111 97.847900 -0.208987 -0.144822 -0.967136 0.666743 0.072892 1 28 1.000000
 29 -65.468246 3.113581 99.460587 -0.662131 0.207440 -0.720105 0.627543 0.030091 1 28 1.000000
 29 -67.705307 3.370851 99.784111 -0.209800 -0.745647 -0.632451 0.622583 0.062257 1 28 1.000000
MarioHand_alb.png
 29 -69.244041 6.366258 98.196541 -0.121324 -0.154517 -0.980513 0.661418 0.104524 1 28 1.000000
 29 -67.445297 6.128111 97.847900 -0.208987 -0.144822 -0.967136 0.666743 0.072892 1 28 1.000000
 29 -67.705307 3.370851 99.784111 -0.209800 -0.745647 -0.632451 0.622583 0.062257 1 28 1.000000
MarioHand_alb.png
 29 -67.705307 3.370851 99.784111 -0.209800 -0.745647 -0.632451 0.622583 0.062257 1 28 1.000000
 29 -65.468246 3.113581 99.460587 -0.662131 0.207440 -0.720105 0.627543 0.030091 1 28 1.000000
 29 -68.073837 3.271406 102.481865 -0.080872 -0.989032 0.123596 0.586419 0.057710 1 28 1.000000
MarioHand_alb.png
 29 -69.244041 6.366258 98.196541 -0.121324 -0.154517 -0.980513 0.661418 0.104524 1 28 1.000000
 29 -67.705307 3.370851 99.784111 -0.209800 -0.745647 -0.632451 0.622583 0.062257 1 28 1.000000
 29 -69.836357 3.830164 99.985764 -0.162509 -0.712263 -0.682841 0.619257 0.095415 1 28 1.000000
MarioHand_alb.png
 29 -70.781349 6.551507 98.278450 0.127391 -0.156283 -0.979463 0.654856 0.137652 1 28 1.000000
 29 -69.244041 6.366258 98.196541 -0.121324 -0.154517 -0.980513 0.661418 0.104524 1 28 1.000000
 29 -69.836357 3.830164 99.985764 -0.162509 -0.712263 -0.682841 0.619257 0.095415 1 28 1.000000
MarioHand_alb.png
 29 -70.288223 3.488761 102.138618 -0.132753 -0.988924 0.066376 0.584222 0.089067 1 28 1.000000
 29 -67.705307 3.370851 99.784111 -0.209800 -0.745647 -0.632451 0.622583 0.062257 1 28 1.000000
 29 -68.073837 3.271406 102.481865 -0.080872 -0.989032 0.123596 0.586419 0.057710 1 28 1.000000
MarioHand_alb.png
 29 -69.836357 3.830164 99.985764 -0.162509 -0.712263 -0.682841 0.619257 0.095415 1 28 1.000000
 29 -67.705307 3.370851 99.784111 -0.209800 -0.745647 -0.632451 0.622583 0.062257 1 28 1.000000
 29 -70.288223 3.488761 102.138618 -0.132753 -0.988924 0.066376 0.584222 0.089067 1 28 1.000000
MarioHand_alb.png
 29 -70.781349 6.551507 98.278450 0.127391 -0.156283 -0.979463 0.654856 0.137652 1 28 1.000000
 29 -69.836357 3.830164 99.985764 -0.162509 -0.712263 -0.682841 0.619257 0.095415 1 28 1.000000
 29 -71.600662 4.155491 99.730247 0.039672 -0.807175 -0.588978 0.616129 0.128161 1 28 1.000000
MarioHand_alb.png
 29 -71.600662 4.155491 99.730247 0.039672 -0.807175 -0.588978 0.616129 0.128161 1 28 1.000000
 29 -69.836357 3.830164 99.985764 -0.162509 -0.712263 -0.682841 0.619257 0.095415 1 28 1.000000
 29 -70.288223 3.488761 102.138618 -0.132753 -0.988924 0.066376 0.584222 0.089067 1 28 1.000000
MarioHand_alb.png
 29 -71.900116 6.673669 97.946808 0.612611 -0.150769 -0.775872 0.646815 0.170977 1 28 1.000000
 29 -70.781349 6.551507 98.278450 0.127391 -0.156283 -0.979463 0.654856 0.137652 1 28 1.000000
 29 -71.600662 4.155491 99.730247 0.039672 -0.807175 -0.588978 0.616129 0.128161 1 28 1.000000
MarioHand_alb.png
 29 -70.288223 3.488761 102.138618 -0.132753 -0.988924 0.066376 0.584222 0.089067 1 28 1.000000
 29 -68.073837 3.271406 102.481865 -0.080872 -0.989032 0.123596 0.586419 0.057710 1 28 1.000000
 29 -68.200203 3.783785 104.213776 -0.183869 -0.849129 0.495149 0.559823 0.054444 1 28 1.000000
MarioHand_alb.png
 29 -68.073837 3.271406 102.481865 -0.080872 -0.989032 0.123596 0.586419 0.057710 1 28 1.000000
 29 -65.805412 3.198269 102.429611 -0.244902 0.969497 -0.009918 0.587182 0.028794 1 28 1.000000
 29 -68.200203 3.783785 104.213776 -0.183869 -0.849129 0.495149 0.559823 0.054444 1 28 1.000000
MarioHand_alb.png
 29 -68.200203 3.783785 104.213776 -0.183869 -0.849129 0.495149 0.559823 0.054444 1 28 1.000000
 29 -65.805412 3.198269 102.429611 -0.244902 0.969497 -0.009918 0.587182 0.028794 1 28 1.000000
 29 -65.804321 3.520475 105.515312 -0.222774 0.064563 0.972730 0.547555 0.020462 1 28 1.000000
MarioHand_alb.png
 29 -68.200203 3.783785 104.213776 -0.183869 -0.849129 0.495149 0.559823 0.054444 1 28 1.000000
 29 -65.804321 3.520475 105.515312 -0.222774 0.064563 0.972730 0.547555 0.020462 1 28 1.000000
 29 -68.179985 5.212443 105.318108 -0.138847 -0.197590 0.970402 0.534234 0.052644 1 28 1.000000
MarioHand_alb.png
 29 -68.179985 5.212443 105.318108 -0.138847 -0.197590 0.970402 0.534234 0.052644 1 28 1.000000
 29 -65.804321 3.520475 105.515312 -0.222774 0.064563 0.972730 0.547555 0.020462 1 28 1.000000
 29 -65.559769 6.753953 105.188217 -0.119006 0.199488 0.972647 0.506096 0.022171 1 28 1.000000
MarioHand_alb.png
 29 -70.288223 3.488761 102.138618 -0.132753 -0.988924 0.066376 0.584222 0.089067 1 28 1.000000
 29 -68.200203 3.783785 104.213776 -0.183869 -0.849129 0.495149 0.559823 0.054444 1 28 1.000000
 29 -70.541107 3.928436 104.005424 -0.181582 -0.771032 0.610359 0.558129 0.085878 1 28 1.000000
MarioHand_alb.png
 29 -70.541107 3.928436 104.005424 -0.181582 -0.771032 0.610359 0.558129 0.085878 1 28 1.000000
 29 -68.200203 3.783785 104.213776 -0.183869 -0.849129 0.495149 0.559823 0.054444 1 28 1.000000
 29 -68.179985 5.212443 105.318108 -0.138847 -0.197590 0.970402 0.534234 0.052644 1 28 1.000000
MarioHand_alb.png
 29 -71.600662 4.155491 99.730247 0.039672 -0.807175 -0.588978 0.616129 0.128161 1 28 1.000000
 29 -70.288223 3.488761 102.138618 -0.132753 -0.988924 0.066376 0.584222 0.089067 1 28 1.000000
 29 -72.639130 3.822871 101.721039 -0.109864 -0.993380 0.033570 0.581292 0.121340 1 28 1.000000
MarioHand_alb.png
 29 -72.639130 3.822871 101.721039 -0.109864 -0.993380 0.033570 0.581292 0.121340 1 28 1.000000
 29 -70.288223 3.488761 102.138618 -0.132753 -0.988924 0.066376 0.584222 0.089067 1 28 1.000000
 29 -70.541107 3.928436 104.005424 -0.181582 -0.771032 0.610359 0.558129 0.085878 1 28 1.000000
MarioHand_alb.png
 29 -71.900116 6.673669 97.946808 0.612611 -0.150769 -0.775872 0.646815 0.170977 1 28 1.000000
 29 -71.600662 4.155491 99.730247 0.039672 -0.807175 -0.588978 0.616129 0.128161 1 28 1.000000
 29 -72.911194 4.308807 99.037132 0.292207 -0.873282 -0.389863 0.611154 0.160403 1 28 1.000000
MarioHand_alb.png
 29 -72.911194 4.308807 99.037132 0.292207 -0.873282 -0.389863 0.611154 0.160403 1 28 1.000000
 29 -71.600662 4.155491 99.730247 0.039672 -0.807175 -0.588978 0.616129 0.128161 1 28 1.000000
 29 -72.639130 3.822871 101.721039 -0.109864 -0.993380 0.033570 0.581292 0.121340 1 28 1.000000
MarioHand_alb.png
 29 -73.679749 4.394864 97.687927 0.512677 -0.824041 -0.241080 0.605158 0.188998 1 28 1.000000
 29 -71.900116 6.673669 97.946808 0.612611 -0.150769 -0.775872 0.646815 0.170977 1 28 1.000000
 29 -72.911194 4.308807 99.037132 0.292207 -0.873282 -0.389863 0.611154 0.160403 1 28 1.000000
MarioHand_alb.png
 29 -72.663651 6.701235 96.843056 0.903828 -0.113264 -0.412634 0.637446 0.201129 1 28 1.000000
 29 -71.900116 6.673669 97.946808 0.612611 -0.150769 -0.775872 0.646815 0.170977 1 28 1.000000
 29 -73.679749 4.394864 97.687927 0.512677 -0.824041 -0.241080 0.605158 0.188998 1 28 1.000000
MarioHand_alb.png
 29 -72.911194 4.308807 99.037132 0.292207 -0.873282 -0.389863 0.611154 0.160403 1 28 1.000000
 29 -72.639130 3.822871 101.721039 -0.109864 -0.993380 0.033570 0.581292 0.121340 1 28 1.000000
 29 -74.525291 3.918052 100.725937 -0.082397 -0.994487 0.064850 0.578073 0.152712 1 28 1.000000
MarioHand_alb.png
 29 -74.122978 4.497904 95.920822 0.506564 -0.764327 -0.398995 0.595956 0.215961 1 28 1.000000
 29 -72.663651 6.701235 96.843056 0.903828 -0.113264 -0.412634 0.637446 0.201129 1 28 1.000000
 29 -73.679749 4.394864 97.687927 0.512677 -0.824041 -0.241080 0.605158 0.188998 1 28 1.000000
MarioHand_alb.png
 29 -74.122978 4.497904 95.920822 0.506564 -0.764327 -0.398995 0.595956 0.215961 1 28 1.000000
 29 -73.134705 6.642211 95.282974 0.824191 -0.109797 -0.555566 0.623575 0.229175 1 28 1.000000
 29 -72.663651 6.701235 96.843056 0.903828 -0.113264 -0.412634 0.637446 0.201129 1 28 1.000000
MarioHand_alb.png
 29 -74.122978 4.497904 95.920822 0.506564 -0.764327 -0.398995 0.595956 0.215961 1 28 1.000000
 29 -74.678131 6.645737 94.123001 0.415092 -0.113502 -0.902672 0.604318 0.251789 1 28 1.000000
 29 -73.134705 6.642211 95.282974 0.824191 -0.109797 -0.555566 0.623575 0.229175 1 28 1.000000
MarioHand_alb.png
 29 -73.679749 4.394864 97.687927 0.512677 -0.824041 -0.241080 0.605158 0.188998 1 28 1.000000
 29 -72.911194 4.308807 99.037132 0.292207 -0.873282 -0.389863 0.611154 0.160403 1 28 1.000000
 29 -75.581779 3.821963 99.049873 -0.047302 -0.998636 0.022125 0.573419 0.180728 1 28 1.000000
MarioHand_alb.png
 29 -75.581779 3.821963 99.049873 -0.047302 -0.998636 0.022125 0.573419 0.180728 1 28 1.000000
 29 -72.911194 4.308807 99.037132 0.292207 -0.873282 -0.389863 0.611154 0.160403 1 28 1.000000
 29 -74.525291 3.918052 100.725937 -0.082397 -0.994487 0.064850 0.578073 0.152712 1 28 1.000000
MarioHand_alb.png
 29 -75.411179 5.048865 94.596466 0.167848 -0.652128 -0.739294 0.583658 0.239170 1 28 1.000000
 29 -74.678131 6.645737 94.123001 0.415092 -0.113502 -0.902672 0.604318 0.251789 1 28 1.000000
 29 -74.122978 4.497904 95.920822 0.506564 -0.764327 -0.398995 0.595956 0.215961 1 28 1.000000
MarioHand_alb.png
 29 -77.161232 6.854753 94.482079 -0.463995 -0.048842 -0.884490 0.572961 0.269306 1 28 1.000000
 29 -74.678131 6.645737 94.123001 0.415092 -0.113502 -0.902672 0.604318 0.251789 1 28 1.000000
 29 -75.411179 5.048865 94.596466 0.167848 -0.652128 -0.739294 0.583658 0.239170 1 28 1.000000
MarioHand_alb.png
 29 -76.942398 4.552670 95.429749 -0.258641 -0.787081 -0.560007 0.557076 0.236805 1 28 1.000000
 29 -77.161232 6.854753 94.482079 -0.463995 -0.048842 -0.884490 0.572961 0.269306 1 28 1.000000
 29 -75.411179 5.048865 94.596466 0.167848 -0.652128 -0.739294 0.583658 0.239170 1 28 1.000000
MarioHand_alb.png
 29 -76.942398 4.552670 95.429749 -0.258641 -0.787081 -0.560007 0.557076 0.236805 1 28 1.000000
 29 -75.411179 5.048865 94.596466 0.167848 -0.652128 -0.739294 0.583658 0.239170 1 28 1.000000
 29 -74.122978 4.497904 95.920822 0.506564 -0.764327 -0.398995 0.595956 0.215961 1 28 1.000000
MarioHand_alb.png
 29 -74.122978 4.497904 95.920822 0.506564 -0.764327 -0.398995 0.595956 0.215961 1 28 1.000000
 29 -73.679749 4.394864 97.687927 0.512677 -0.824041 -0.241080 0.605158 0.188998 1 28 1.000000
 29 -76.225677 3.841916 97.063675 -0.033569 -0.987123 -0.156402 0.567193 0.208698 1 28 1.000000
MarioHand_alb.png
 29 -76.942398 4.552670 95.429749 -0.258641 -0.787081 -0.560007 0.557076 0.236805 1 28 1.000000
 29 -74.122978 4.497904 95.920822 0.506564 -0.764327 -0.398995 0.595956 0.215961 1 28 1.000000
 29 -76.225677 3.841916 97.063675 -0.033569 -0.987123 -0.156402 0.567193 0.208698 1 28 1.000000
MarioHand_alb.png
 29 -76.225677 3.841916 97.063675 -0.033569 -0.987123 -0.156402 0.567193 0.208698 1 28 1.000000
 29 -73.679749 4.394864 97.687927 0.512677 -0.824041 -0.241080 0.605158 0.188998 1 28 1.000000
 29 -75.581779 3.821963 99.049873 -0.047302 -0.998636 0.022125 0.573419 0.180728 1 28 1.000000
MarioHand_alb.png
 29 -76.942398 4.552670 95.429749 -0.258641 -0.787081 -0.560007 0.557076 0.236805 1 28 1.000000
 29 -76.225677 3.841916 97.063675 -0.033569 -0.987123 -0.156402 0.567193 0.208698 1 28 1.000000
 29 -77.616508 4.439266 97.762970 -0.582860 -0.807822 0.087734 0.549142 0.203143 1 28 1.000000
MarioHand_alb.png
 29 -76.225677 3.841916 97.063675 -0.033569 -0.987123 -0.156402 0.567193 0.208698 1 28 1.000000
 29 -75.581779 3.821963 99.049873 -0.047302 -0.998636 0.022125 0.573419 0.180728 1 28 1.000000
 29 -77.616508 4.439266 97.762970 -0.582860 -0.807822 0.087734 0.549142 0.203143 1 28 1.000000
MarioHand_alb.png
 29 -76.942398 4.552670 95.429749 -0.258641 -0.787081 -0.560007 0.557076 0.236805 1 28 1.000000
 29 -77.616508 4.439266 97.762970 -0.582860 -0.807822 0.087734 0.549142 0.203143 1 28 1.000000
 29 -78.370903 5.437007 96.133270 -0.789063 -0.452815 -0.415136 0.534966 0.226062 1 28 1.000000
MarioHand_alb.png
 29 -77.161232 6.854753 94.482079 -0.463995 -0.048842 -0.884490 0.513207 0.252415 1 28 1.000000
 29 -76.942398 4.552670 95.429749 -0.258641 -0.787081 -0.560007 0.557076 0.236805 1 28 1.000000
 29 -78.370903 5.437007 96.133270 -0.789063 -0.452815 -0.415136 0.534966 0.226062 1 28 1.000000
MarioHand_alb.png
 29 -77.616508 4.439266 97.762970 -0.582860 -0.807822 0.087734 0.549142 0.203143 1 28 1.000000
 29 -75.581779 3.821963 99.049873 -0.047302 -0.998636 0.022125 0.573419 0.180728 1 28 1.000000
 29 -76.910583 4.383266 99.923927 -0.538630 -0.794117 0.281522 0.552834 0.175814 1 28 1.000000
MarioHand_alb.png
 29 -75.581779 3.821963 99.049873 -0.047302 -0.998636 0.022125 0.573419 0.180728 1 28 1.000000
 29 -74.525291 3.918052 100.725937 -0.082397 -0.994487 0.064850 0.578073 0.152712 1 28 1.000000
 29 -76.910583 4.383266 99.923927 -0.538630 -0.794117 0.281522 0.552834 0.175814 1 28 1.000000
MarioHand_alb.png
 29 -78.370903 5.437007 96.133270 -0.789063 -0.452815 -0.415136 0.534966 0.226062 1 28 1.000000
 29 -77.616508 4.439266 97.762970 -0.582860 -0.807822 0.087734 0.549142 0.203143 1 28 1.000000
 29 -78.572899 5.642982 98.176498 -0.899645 -0.371800 0.228917 0.531472 0.199420 1 28 1.000000
MarioHand_alb.png
 29 -77.616508 4.439266 97.762970 -0.582860 -0.807822 0.087734 0.549142 0.203143 1 28 1.000000
 29 -76.910583 4.383266 99.923927 -0.538630 -0.794117 0.281522 0.552834 0.175814 1 28 1.000000
 29 -78.572899 5.642982 98.176498 -0.899645 -0.371800 0.228917 0.531472 0.199420 1 28 1.000000
MarioHand_alb.png
 29 -77.161232 6.854753 94.482079 -0.463995 -0.048842 -0.884490 0.513207 0.252415 1 28 1.000000
 29 -78.370903 5.437007 96.133270 -0.789063 -0.452815 -0.415136 0.534966 0.226062 1 28 1.000000
 29 -78.873947 7.144893 96.304436 -0.930076 0.037291 -0.365469 0.512703 0.222461 1 28 1.000000
MarioHand_alb.png
 29 -78.370903 5.437007 96.133270 -0.789063 -0.452815 -0.415136 0.534966 0.226062 1 28 1.000000
 29 -78.572899 5.642982 98.176498 -0.899645 -0.371800 0.228917 0.531472 0.199420 1 28 1.000000
 29 -78.873947 7.144893 96.304436 -0.930076 0.037291 -0.365469 0.512703 0.222461 1 28 1.000000
MarioHand_alb.png
 29 -76.910583 4.383266 99.923927 -0.538630 -0.794117 0.281522 0.552834 0.175814 1 28 1.000000
 29 -74.525291 3.918052 100.725937 -0.082397 -0.994487 0.064850 0.578073 0.152712 1 28 1.000000
 29 -75.484406 4.430707 102.047829 -0.424945 -0.779606 0.460039 0.555459 0.148333 1 28 1.000000
MarioHand_alb.png
 29 -74.525291 3.918052 100.725937 -0.082397 -0.994487 0.064850 0.578073 0.152712 1 28 1.000000
 29 -72.639130 3.822871 101.721039 -0.109864 -0.993380 0.033570 0.581292 0.121340 1 28 1.000000
 29 -75.484406 4.430707 102.047829 -0.424945 -0.779606 0.460039 0.555459 0.148333 1 28 1.000000
MarioHand_alb.png
 29 -78.572899 5.642982 98.176498 -0.899645 -0.371800 0.228917 0.531472 0.199420 1 28 1.000000
 29 -76.910583 4.383266 99.923927 -0.538630 -0.794117 0.281522 0.552834 0.175814 1 28 1.000000
 29 -77.767769 5.665797 100.500275 -0.824098 -0.317240 0.469278 0.533028 0.172992 1 28 1.000000
MarioHand_alb.png
 29 -76.910583 4.383266 99.923927 -0.538630 -0.794117 0.281522 0.552834 0.175814 1 28 1.000000
 29 -75.484406 4.430707 102.047829 -0.424945 -0.779606 0.460039 0.555459 0.148333 1 28 1.000000
 29 -77.767769 5.665797 100.500275 -0.824098 -0.317240 0.469278 0.533028 0.172992 1 28 1.000000
MarioHand_alb.png
 29 -75.484406 4.430707 102.047829 -0.424945 -0.779606 0.460039 0.555459 0.148333 1 28 1.000000
 29 -72.639130 3.822871 101.721039 -0.109864 -0.993380 0.033570 0.581292 0.121340 1 28 1.000000
 29 -73.181404 4.318124 103.383636 -0.292977 -0.748943 0.594348 0.556832 0.117525 1 28 1.000000
MarioHand_alb.png
 29 -72.639130 3.822871 101.721039 -0.109864 -0.993380 0.033570 0.581292 0.121340 1 28 1.000000
 29 -70.541107 3.928436 104.005424 -0.181582 -0.771032 0.610359 0.558129 0.085878 1 28 1.000000
 29 -73.181404 4.318124 103.383636 -0.292977 -0.748943 0.594348 0.556832 0.117525 1 28 1.000000
MarioHand_alb.png
 29 -77.767769 5.665797 100.500275 -0.824098 -0.317240 0.469278 0.533028 0.172992 1 28 1.000000
 29 -75.484406 4.430707 102.047829 -0.424945 -0.779606 0.460039 0.555459 0.148333 1 28 1.000000
 29 -76.047195 5.734559 102.816833 -0.631748 -0.260272 0.730173 0.533791 0.146242 1 28 1.000000
MarioHand_alb.png
 29 -75.484406 4.430707 102.047829 -0.424945 -0.779606 0.460039 0.555459 0.148333 1 28 1.000000
 29 -73.181404 4.318124 103.383636 -0.292977 -0.748943 0.594348 0.556832 0.117525 1 28 1.000000
 29 -76.047195 5.734559 102.816833 -0.631748 -0.260272 0.730173 0.533791 0.146242 1 28 1.000000
MarioHand_alb.png
 29 -73.181404 4.318124 103.383636 -0.292977 -0.748943 0.594348 0.556832 0.117525 1 28 1.000000
 29 -70.541107 3.928436 104.005424 -0.181582 -0.771032 0.610359 0.558129 0.085878 1 28 1.000000
 29 -70.596855 5.462893 104.953247 -0.197583 -0.254322 0.946721 0.534157 0.084382 1 28 1.000000
MarioHand_alb.png
 29 -70.541107 3.928436 104.005424 -0.181582 -0.771032 0.610359 0.558129 0.085878 1 28 1.000000
 29 -68.179985 5.212443 105.318108 -0.138847 -0.197590 0.970402 0.534234 0.052644 1 28 1.000000
 29 -70.596855 5.462893 104.953247 -0.197583 -0.254322 0.946721 0.534157 0.084382 1 28 1.000000
MarioHand_alb.png
 29 -76.047195 5.734559 102.816833 -0.631748 -0.260272 0.730173 0.533791 0.146242 1 28 1.000000
 29 -73.181404 4.318124 103.383636 -0.292977 -0.748943 0.594348 0.556832 0.117525 1 28 1.000000
 29 -73.459030 5.676540 104.301178 -0.367669 -0.242380 0.897815 0.533974 0.116075 1 28 1.000000
MarioHand_alb.png
 29 -73.181404 4.318124 103.383636 -0.292977 -0.748943 0.594348 0.556832 0.117525 1 28 1.000000
 29 -70.596855 5.462893 104.953247 -0.197583 -0.254322 0.946721 0.534157 0.084382 1 28 1.000000
 29 -73.459030 5.676540 104.301178 -0.367669 -0.242380 0.897815 0.533974 0.116075 1 28 1.000000
MarioHand_alb.png
 29 -68.179985 5.212443 105.318108 -0.138847 -0.197590 0.970402 0.534234 0.052644 1 28 1.000000
 29 -68.062157 7.142211 105.195099 -0.060266 0.162585 0.984852 0.507057 0.054124 1 28 1.000000
 29 -70.596855 5.462893 104.953247 -0.197583 -0.254322 0.946721 0.534157 0.084382 1 28 1.000000
MarioHand_alb.png
 29 -68.179985 5.212443 105.318108 -0.138847 -0.197590 0.970402 0.534234 0.052644 1 28 1.000000
 29 -65.559769 6.753953 105.188217 -0.119006 0.199488 0.972647 0.506096 0.022171 1 28 1.000000
 29 -68.062157 7.142211 105.195099 -0.060266 0.162585 0.984852 0.507057 0.054124 1 28 1.000000
MarioHand_alb.png
 29 -70.596855 5.462893 104.953247 -0.197583 -0.254322 0.946721 0.534157 0.084382 1 28 1.000000
 29 -70.460686 7.311657 104.944221 -0.164050 0.158613 0.973617 0.508614 0.084611 1 28 1.000000
 29 -73.459030 5.676540 104.301178 -0.367669 -0.242380 0.897815 0.533974 0.116075 1 28 1.000000
MarioHand_alb.png
 29 -68.062157 7.142211 105.195099 -0.060266 0.162585 0.984852 0.507057 0.054124 1 28 1.000000
 29 -70.460686 7.311657 104.944221 -0.164050 0.158613 0.973617 0.508614 0.084611 1 28 1.000000
 29 -70.596855 5.462893 104.953247 -0.197583 -0.254322 0.946721 0.534157 0.084382 1 28 1.000000
MarioHand_alb.png
 29 -76.047195 5.734559 102.816833 -0.631748 -0.260272 0.730173 0.533791 0.146242 1 28 1.000000
 29 -73.459030 5.676540 104.301178 -0.367669 -0.242380 0.897815 0.533974 0.116075 1 28 1.000000
 29 -76.018082 7.538435 102.765144 -0.639627 0.148935 0.754119 0.510689 0.146273 1 28 1.000000
MarioHand_alb.png
 29 -77.767769 5.665797 100.500275 -0.824098 -0.317240 0.469278 0.533028 0.172992 1 28 1.000000
 29 -76.047195 5.734559 102.816833 -0.631748 -0.260272 0.730173 0.533791 0.146242 1 28 1.000000
 29 -76.018082 7.538435 102.765144 -0.639627 0.148935 0.754119 0.510689 0.146273 1 28 1.000000
MarioHand_alb.png
 29 -70.460686 7.311657 104.944221 -0.164050 0.158613 0.973617 0.508614 0.084611 1 28 1.000000
 29 -73.354004 7.490582 104.251419 -0.347927 0.158704 0.923991 0.509789 0.116060 1 28 1.000000
 29 -73.459030 5.676540 104.301178 -0.367669 -0.242380 0.897815 0.533974 0.116075 1 28 1.000000
MarioHand_alb.png
 29 -73.459030 5.676540 104.301178 -0.367669 -0.242380 0.897815 0.533974 0.116075 1 28 1.000000
 29 -73.354004 7.490582 104.251419 -0.347927 0.158704 0.923991 0.509789 0.116060 1 28 1.000000
 29 -76.018082 7.538435 102.765144 -0.639627 0.148935 0.754119 0.510689 0.146273 1 28 1.000000
MarioHand_alb.png
 29 -70.460686 7.311657 104.944221 -0.164050 0.158613 0.973617 0.508614 0.084611 1 28 1.000000
 29 -73.154999 9.099041 103.831200 -0.283786 0.534006 0.796432 0.487282 0.117800 1 28 1.000000
 29 -73.354004 7.490582 104.251419 -0.347927 0.158704 0.923991 0.509789 0.116060 1 28 1.000000
MarioHand_alb.png
 29 -73.154999 9.099041 103.831200 -0.283786 0.534006 0.796432 0.487282 0.117800 1 28 1.000000
 29 -76.018082 7.538435 102.765144 -0.639627 0.148935 0.754119 0.510689 0.146273 1 28 1.000000
 29 -73.354004 7.490582 104.251419 -0.347927 0.158704 0.923991 0.509789 0.116060 1 28 1.000000
MarioHand_alb.png
 29 -68.062157 7.142211 105.195099 -0.060266 0.162585 0.984852 0.507057 0.054124 1 28 1.000000
 29 -70.280090 9.073265 104.413811 -0.113700 0.556002 0.823368 0.483330 0.086351 1 28 1.000000
 29 -70.460686 7.311657 104.944221 -0.164050 0.158613 0.973617 0.508614 0.084611 1 28 1.000000
MarioHand_alb.png
 29 -70.460686 7.311657 104.944221 -0.164050 0.158613 0.973617 0.508614 0.084611 1 28 1.000000
 29 -70.280090 9.073265 104.413811 -0.113700 0.556002 0.823368 0.483330 0.086351 1 28 1.000000
 29 -73.154999 9.099041 103.831200 -0.283786 0.534006 0.796432 0.487282 0.117800 1 28 1.000000
MarioHand_alb.png
 29 -68.062157 7.142211 105.195099 -0.060266 0.162585 0.984852 0.507057 0.054124 1 28 1.000000
 29 -65.559769 6.753953 105.188217 -0.119006 0.199488 0.972647 0.506096 0.022171 1 28 1.000000
 29 -67.902435 8.955806 104.700775 -0.022885 0.524157 0.851314 0.481025 0.055833 1 28 1.000000
MarioHand_alb.png
 29 -68.062157 7.142211 105.195099 -0.060266 0.162585 0.984852 0.507057 0.054124 1 28 1.000000
 29 -67.902435 8.955806 104.700775 -0.022885 0.524157 0.851314 0.481025 0.055833 1 28 1.000000
 29 -70.280090 9.073265 104.413811 -0.113700 0.556002 0.823368 0.483330 0.086351 1 28 1.000000
MarioHand_alb.png
 29 -65.559769 6.753953 105.188217 -0.119006 0.199488 0.972647 0.506096 0.022171 1 28 1.000000
 29 -65.501038 9.739096 104.111099 -0.111370 0.318662 0.941303 0.463905 0.019776 1 28 1.000000
 29 -67.902435 8.955806 104.700775 -0.022885 0.524157 0.851314 0.481025 0.055833 1 28 1.000000
MarioHand_alb.png
 29 -67.902435 8.955806 104.700775 -0.022885 0.524157 0.851314 0.481025 0.055833 1 28 1.000000
 29 -65.501038 9.739096 104.111099 -0.111370 0.318662 0.941303 0.463905 0.019776 1 28 1.000000
 29 -67.644562 10.074652 103.223267 0.037385 0.946270 0.321209 0.455360 0.057572 1 28 1.000000
MarioHand_alb.png
 29 -65.501038 9.739096 104.111099 -0.111370 0.318662 0.941303 0.463905 0.019776 1 28 1.000000
 29 -65.258354 9.581030 101.310097 0.991119 -0.050929 0.122841 0.424949 0.025208 1 28 1.000000
 29 -67.644562 10.074652 103.223267 0.037385 0.946270 0.321209 0.455360 0.057572 1 28 1.000000
MarioHand_alb.png
 29 -70.280090 9.073265 104.413811 -0.113700 0.556002 0.823368 0.483330 0.086351 1 28 1.000000
 29 -67.902435 8.955806 104.700775 -0.022885 0.524157 0.851314 0.481025 0.055833 1 28 1.000000
 29 -70.028107 10.156773 103.021767 -0.030517 0.899975 0.434872 0.458793 0.089326 1 28 1.000000
MarioHand_alb.png
 29 -67.902435 8.955806 104.700775 -0.022885 0.524157 0.851314 0.481025 0.055833 1 28 1.000000
 29 -67.644562 10.074652 103.223267 0.037385 0.946270 0.321209 0.455360 0.057572 1 28 1.000000
 29 -70.028107 10.156773 103.021767 -0.030517 0.899975 0.434872 0.458793 0.089326 1 28 1.000000
MarioHand_alb.png
 29 -67.644562 10.074652 103.223267 0.037385 0.946270 0.321209 0.455360 0.057572 1 28 1.000000
 29 -65.258354 9.581030 101.310097 0.991119 -0.050929 0.122841 0.424949 0.025208 1 28 1.000000
 29 -67.460464 10.230259 101.537170 0.091554 0.978389 -0.185397 0.430381 0.060716 1 28 1.000000
MarioHand_alb.png
 29 -65.258354 9.581030 101.310097 0.991119 -0.050929 0.122841 0.424949 0.025208 1 28 1.000000
 29 -64.845116 9.140252 98.587601 -0.703479 0.295755 -0.646255 0.386694 0.028458 1 28 1.000000
 29 -67.460464 10.230259 101.537170 0.091554 0.978389 -0.185397 0.430381 0.060716 1 28 1.000000
MarioHand_alb.png
 29 -69.807945 10.357269 101.240456 0.048828 0.973993 -0.221254 0.434684 0.093614 1 28 1.000000
 29 -70.028107 10.156773 103.021767 -0.030517 0.899975 0.434872 0.458793 0.089326 1 28 1.000000
 29 -67.644562 10.074652 103.223267 0.037385 0.946270 0.321209 0.455360 0.057572 1 28 1.000000
MarioHand_alb.png
 29 -69.807945 10.357269 101.240456 0.048828 0.973993 -0.221254 0.434684 0.093614 1 28 1.000000
 29 -67.644562 10.074652 103.223267 0.037385 0.946270 0.321209 0.455360 0.057572 1 28 1.000000
 29 -67.460464 10.230259 101.537170 0.091554 0.978389 -0.185397 0.430381 0.060716 1 28 1.000000
MarioHand_alb.png
 29 -70.280090 9.073265 104.413811 -0.113700 0.556002 0.823368 0.483330 0.086351 1 28 1.000000
 29 -70.028107 10.156773 103.021767 -0.030517 0.899975 0.434872 0.458793 0.089326 1 28 1.000000
 29 -72.649551 10.307141 102.526131 -0.138852 0.887851 0.438680 0.462074 0.121004 1 28 1.000000
MarioHand_alb.png
 29 -70.280090 9.073265 104.413811 -0.113700 0.556002 0.823368 0.483330 0.086351 1 28 1.000000
 29 -72.649551 10.307141 102.526131 -0.138852 0.887851 0.438680 0.462074 0.121004 1 28 1.000000
 29 -73.154999 9.099041 103.831200 -0.283786 0.534006 0.796432 0.487282 0.117800 1 28 1.000000
MarioHand_alb.png
 29 -72.066177 10.408145 100.836937 0.090023 0.976142 -0.197593 0.438270 0.125307 1 28 1.000000
 29 -70.028107 10.156773 103.021767 -0.030517 0.899975 0.434872 0.458793 0.089326 1 28 1.000000
 29 -69.807945 10.357269 101.240456 0.048828 0.973993 -0.221254 0.434684 0.093614 1 28 1.000000
MarioHand_alb.png
 29 -72.066177 10.408145 100.836937 0.090023 0.976142 -0.197593 0.438270 0.125307 1 28 1.000000
 29 -72.649551 10.307141 102.526131 -0.138852 0.887851 0.438680 0.462074 0.121004 1 28 1.000000
 29 -70.028107 10.156773 103.021767 -0.030517 0.899975 0.434872 0.458793 0.089326 1 28 1.000000
MarioHand_alb.png
 29 -69.333725 9.126349 99.105751 -0.002289 0.631797 -0.775131 0.396826 0.100038 1 28 1.000000
 29 -69.807945 10.357269 101.240456 0.048828 0.973993 -0.221254 0.434684 0.093614 1 28 1.000000
 29 -67.460464 10.230259 101.537170 0.091554 0.978389 -0.185397 0.430381 0.060716 1 28 1.000000
MarioHand_alb.png
 29 -67.272736 8.993969 98.816643 -0.099956 0.611183 -0.785152 0.390997 0.066712 1 28 1.000000
 29 -67.460464 10.230259 101.537170 0.091554 0.978389 -0.185397 0.430381 0.060716 1 28 1.000000
 29 -64.845116 9.140252 98.587601 -0.703479 0.295755 -0.646255 0.386694 0.028458 1 28 1.000000
MarioHand_alb.png
 29 -69.333725 9.126349 99.105751 -0.002289 0.631797 -0.775131 0.396826 0.100038 1 28 1.000000
 29 -67.460464 10.230259 101.537170 0.091554 0.978389 -0.185397 0.430381 0.060716 1 28 1.000000
 29 -67.272736 8.993969 98.816643 -0.099956 0.611183 -0.785152 0.390997 0.066712 1 28 1.000000
MarioHand_alb.png
 29 -67.272736 8.993969 98.816643 -0.099956 0.611183 -0.785152 0.390997 0.066712 1 28 1.000000
 29 -64.845116 9.140252 98.587601 -0.703479 0.295755 -0.646255 0.386694 0.028458 1 28 1.000000
 29 -65.522064 5.959197 97.280937 -0.733737 -0.070456 -0.675770 0.343725 0.044251 1 28 1.000000
MarioHand_alb.png
 29 -67.272736 8.993969 98.816643 -0.099956 0.611183 -0.785152 0.390997 0.066712 1 28 1.000000
 29 -65.522064 5.959197 97.280937 -0.733737 -0.070456 -0.675770 0.343725 0.044251 1 28 1.000000
 29 -67.445297 6.128111 97.847900 -0.208987 -0.144822 -0.967136 0.351675 0.076249 1 28 1.000000
MarioHand_alb.png
 29 -69.244041 6.366258 98.196541 -0.121324 -0.154517 -0.980513 0.358267 0.107881 1 28 1.000000
 29 -67.272736 8.993969 98.816643 -0.099956 0.611183 -0.785152 0.390997 0.066712 1 28 1.000000
 29 -67.445297 6.128111 97.847900 -0.208987 -0.144822 -0.967136 0.351675 0.076249 1 28 1.000000
MarioHand_alb.png
 29 -69.333725 9.126349 99.105751 -0.002289 0.631797 -0.775131 0.396826 0.100038 1 28 1.000000
 29 -67.272736 8.993969 98.816643 -0.099956 0.611183 -0.785152 0.390997 0.066712 1 28 1.000000
 29 -69.244041 6.366258 98.196541 -0.121324 -0.154517 -0.980513 0.358267 0.107881 1 28 1.000000
MarioHand_alb.png
 29 -70.781349 6.551507 98.278450 0.127391 -0.156283 -0.979463 0.365957 0.141146 1 28 1.000000
 29 -69.333725 9.126349 99.105751 -0.002289 0.631797 -0.775131 0.396826 0.100038 1 28 1.000000
 29 -69.244041 6.366258 98.196541 -0.121324 -0.154517 -0.980513 0.358267 0.107881 1 28 1.000000
MarioHand_alb.png
 29 -71.115219 9.237755 99.051277 0.183857 0.604498 -0.775100 0.402975 0.132525 1 28 1.000000
 29 -69.807945 10.357269 101.240456 0.048828 0.973993 -0.221254 0.434684 0.093614 1 28 1.000000
 29 -69.333725 9.126349 99.105751 -0.002289 0.631797 -0.775131 0.396826 0.100038 1 28 1.000000
MarioHand_alb.png
 29 -71.115219 9.237755 99.051277 0.183857 0.604498 -0.775100 0.402975 0.132525 1 28 1.000000
 29 -69.333725 9.126349 99.105751 -0.002289 0.631797 -0.775131 0.396826 0.100038 1 28 1.000000
 29 -70.781349 6.551507 98.278450 0.127391 -0.156283 -0.979463 0.365957 0.141146 1 28 1.000000
MarioHand_alb.png
 29 -71.115219 9.237755 99.051277 0.183857 0.604498 -0.775100 0.402975 0.132525 1 28 1.000000
 29 -72.066177 10.408145 100.836937 0.090023 0.976142 -0.197593 0.438270 0.125307 1 28 1.000000
 29 -69.807945 10.357269 101.240456 0.048828 0.973993 -0.221254 0.434684 0.093614 1 28 1.000000
MarioHand_alb.png
 29 -71.900116 6.673669 97.946808 0.612611 -0.150769 -0.775872 0.375494 0.174319 1 28 1.000000
 29 -71.115219 9.237755 99.051277 0.183857 0.604498 -0.775100 0.402975 0.132525 1 28 1.000000
 29 -70.781349 6.551507 98.278450 0.127391 -0.156283 -0.979463 0.365957 0.141146 1 28 1.000000
MarioHand_alb.png
 29 -72.450127 9.305487 98.465538 0.463897 0.685164 -0.561560 0.410300 0.164309 1 28 1.000000
 29 -72.066177 10.408145 100.836937 0.090023 0.976142 -0.197593 0.438270 0.125307 1 28 1.000000
 29 -71.115219 9.237755 99.051277 0.183857 0.604498 -0.775100 0.402975 0.132525 1 28 1.000000
MarioHand_alb.png
 29 -72.450127 9.305487 98.465538 0.463897 0.685164 -0.561560 0.410300 0.164309 1 28 1.000000
 29 -71.115219 9.237755 99.051277 0.183857 0.604498 -0.775100 0.402975 0.132525 1 28 1.000000
 29 -71.900116 6.673669 97.946808 0.612611 -0.150769 -0.775872 0.375494 0.174319 1 28 1.000000
MarioHand_alb.png
 29 -73.896454 10.418177 99.988930 0.103763 0.984316 -0.142674 0.443198 0.156115 1 28 1.000000
 29 -72.066177 10.408145 100.836937 0.090023 0.976142 -0.197593 0.438270 0.125307 1 28 1.000000
 29 -72.450127 9.305487 98.465538 0.463897 0.685164 -0.561560 0.410300 0.164309 1 28 1.000000
MarioHand_alb.png
 29 -73.896454 10.418177 99.988930 0.103763 0.984316 -0.142674 0.443198 0.156115 1 28 1.000000
 29 -72.649551 10.307141 102.526131 -0.138852 0.887851 0.438680 0.462074 0.121004 1 28 1.000000
 29 -72.066177 10.408145 100.836937 0.090023 0.976142 -0.197593 0.438270 0.125307 1 28 1.000000
MarioHand_alb.png
 29 -73.284531 9.245624 97.201920 0.653831 0.661270 -0.367732 0.418448 0.192035 1 28 1.000000
 29 -72.450127 9.305487 98.465538 0.463897 0.685164 -0.561560 0.410300 0.164309 1 28 1.000000
 29 -71.900116 6.673669 97.946808 0.612611 -0.150769 -0.775872 0.375494 0.174319 1 28 1.000000
MarioHand_alb.png
 29 -73.284531 9.245624 97.201920 0.653831 0.661270 -0.367732 0.418448 0.192035 1 28 1.000000
 29 -71.900116 6.673669 97.946808 0.612611 -0.150769 -0.775872 0.375494 0.174319 1 28 1.000000
 29 -72.663651 6.701235 96.843056 0.903828 -0.113264 -0.412634 0.386343 0.204105 1 28 1.000000
MarioHand_alb.png
 29 -73.896454 10.418177 99.988930 0.103763 0.984316 -0.142674 0.443198 0.156115 1 28 1.000000
 29 -72.450127 9.305487 98.465538 0.463897 0.685164 -0.561560 0.410300 0.164309 1 28 1.000000
 29 -74.984344 10.372761 98.403160 0.140379 0.978269 -0.152586 0.449439 0.183719 1 28 1.000000
MarioHand_alb.png
 29 -74.984344 10.372761 98.403160 0.140379 0.978269 -0.152586 0.449439 0.183719 1 28 1.000000
 29 -72.450127 9.305487 98.465538 0.463897 0.685164 -0.561560 0.410300 0.164309 1 28 1.000000
 29 -73.284531 9.245624 97.201920 0.653831 0.661270 -0.367732 0.418448 0.192035 1 28 1.000000
MarioHand_alb.png
 29 -74.920547 10.312695 101.300545 -0.305185 0.893716 0.328837 0.465248 0.151324 1 28 1.000000
 29 -72.649551 10.307141 102.526131 -0.138852 0.887851 0.438680 0.462074 0.121004 1 28 1.000000
 29 -73.896454 10.418177 99.988930 0.103763 0.984316 -0.142674 0.443198 0.156115 1 28 1.000000
MarioHand_alb.png
 29 -73.284531 9.245624 97.201920 0.653831 0.661270 -0.367732 0.418448 0.192035 1 28 1.000000
 29 -72.663651 6.701235 96.843056 0.903828 -0.113264 -0.412634 0.386343 0.204105 1 28 1.000000
 29 -73.803696 8.993830 95.506187 0.659318 0.560306 -0.501356 0.429206 0.218128 1 28 1.000000
MarioHand_alb.png
 29 -73.803696 8.993830 95.506187 0.659318 0.560306 -0.501356 0.429206 0.218128 1 28 1.000000
 29 -72.663651 6.701235 96.843056 0.903828 -0.113264 -0.412634 0.386343 0.204105 1 28 1.000000
 29 -73.134705 6.642211 95.282974 0.824191 -0.109797 -0.555566 0.401404 0.231785 1 28 1.000000
MarioHand_alb.png
 29 -73.803696 8.993830 95.506187 0.659318 0.560306 -0.501356 0.429206 0.218128 1 28 1.000000
 29 -73.134705 6.642211 95.282974 0.824191 -0.109797 -0.555566 0.401404 0.231785 1 28 1.000000
 29 -74.678131 6.645737 94.123001 0.415092 -0.113502 -0.902672 0.421439 0.254170 1 28 1.000000
MarioHand_alb.png
 29 -75.738770 10.165144 96.460640 0.123593 0.949737 -0.287620 0.457633 0.211017 1 28 1.000000
 29 -74.984344 10.372761 98.403160 0.140379 0.978269 -0.152586 0.449439 0.183719 1 28 1.000000
 29 -73.284531 9.245624 97.201920 0.653831 0.661270 -0.367732 0.418448 0.192035 1 28 1.000000
MarioHand_alb.png
 29 -75.738770 10.165144 96.460640 0.123593 0.949737 -0.287620 0.457633 0.211017 1 28 1.000000
 29 -73.284531 9.245624 97.201920 0.653831 0.661270 -0.367732 0.418448 0.192035 1 28 1.000000
 29 -73.803696 8.993830 95.506187 0.659318 0.560306 -0.501356 0.429206 0.218128 1 28 1.000000
MarioHand_alb.png
 29 -75.173996 8.388808 94.288437 0.261634 0.358125 -0.896267 0.442176 0.241367 1 28 1.000000
 29 -73.803696 8.993830 95.506187 0.659318 0.560306 -0.501356 0.429206 0.218128 1 28 1.000000
 29 -74.678131 6.645737 94.123001 0.415092 -0.113502 -0.902672 0.421439 0.254170 1 28 1.000000
MarioHand_alb.png
 29 -75.173996 8.388808 94.288437 0.261634 0.358125 -0.896267 0.442176 0.241367 1 28 1.000000
 29 -74.678131 6.645737 94.123001 0.415092 -0.113502 -0.902672 0.421439 0.254170 1 28 1.000000
 29 -77.161232 6.854753 94.482079 -0.463995 -0.048842 -0.884490 0.453056 0.271351 1 28 1.000000
MarioHand_alb.png
 29 -76.608307 9.257010 94.995911 -0.263996 0.644062 -0.717977 0.468421 0.238315 1 28 1.000000
 29 -75.173996 8.388808 94.288437 0.261634 0.358125 -0.896267 0.442176 0.241367 1 28 1.000000
 29 -77.161232 6.854753 94.482079 -0.463995 -0.048842 -0.884490 0.453056 0.271351 1 28 1.000000
MarioHand_alb.png
 29 -76.608307 9.257010 94.995911 -0.263996 0.644062 -0.717977 0.468421 0.238315 1 28 1.000000
 29 -73.803696 8.993830 95.506187 0.659318 0.560306 -0.501356 0.429206 0.218128 1 28 1.000000
 29 -75.173996 8.388808 94.288437 0.261634 0.358125 -0.896267 0.442176 0.241367 1 28 1.000000
MarioHand_alb.png
 29 -75.738770 10.165144 96.460640 0.123593 0.949737 -0.287620 0.457633 0.211017 1 28 1.000000
 29 -73.803696 8.993830 95.506187 0.659318 0.560306 -0.501356 0.429206 0.218128 1 28 1.000000
 29 -76.608307 9.257010 94.995911 -0.263996 0.644062 -0.717977 0.468421 0.238315 1 28 1.000000
MarioHand_alb.png
 29 -77.138077 9.936650 97.209221 -0.474515 0.879607 -0.033567 0.474830 0.205295 1 28 1.000000
 29 -74.984344 10.372761 98.403160 0.140379 0.978269 -0.152586 0.449439 0.183719 1 28 1.000000
 29 -75.738770 10.165144 96.460640 0.123593 0.949737 -0.287620 0.457633 0.211017 1 28 1.000000
MarioHand_alb.png
 29 -77.138077 9.936650 97.209221 -0.474515 0.879607 -0.033567 0.474830 0.205295 1 28 1.000000
 29 -75.738770 10.165144 96.460640 0.123593 0.949737 -0.287620 0.457633 0.211017 1 28 1.000000
 29 -76.608307 9.257010 94.995911 -0.263996 0.644062 -0.717977 0.468421 0.238315 1 28 1.000000
MarioHand_alb.png
 29 -76.318542 10.203912 99.306931 -0.420370 0.893096 0.160214 0.469306 0.178531 1 28 1.000000
 29 -73.896454 10.418177 99.988930 0.103763 0.984316 -0.142674 0.443198 0.156115 1 28 1.000000
 29 -74.984344 10.372761 98.403160 0.140379 0.978269 -0.152586 0.449439 0.183719 1 28 1.000000
MarioHand_alb.png
 29 -76.318542 10.203912 99.306931 -0.420370 0.893096 0.160214 0.469306 0.178531 1 28 1.000000
 29 -74.984344 10.372761 98.403160 0.140379 0.978269 -0.152586 0.449439 0.183719 1 28 1.000000
 29 -77.138077 9.936650 97.209221 -0.474515 0.879607 -0.033567 0.474830 0.205295 1 28 1.000000
MarioHand_alb.png
 29 -76.318542 10.203912 99.306931 -0.420370 0.893096 0.160214 0.469306 0.178531 1 28 1.000000
 29 -74.920547 10.312695 101.300545 -0.305185 0.893716 0.328837 0.465248 0.151324 1 28 1.000000
 29 -73.896454 10.418177 99.988930 0.103763 0.984316 -0.142674 0.443198 0.156115 1 28 1.000000
MarioHand_alb.png
 29 -78.107468 8.659260 95.817886 -0.727886 0.475911 -0.493650 0.490959 0.227451 1 28 1.000000
 29 -77.138077 9.936650 97.209221 -0.474515 0.879607 -0.033567 0.474830 0.205295 1 28 1.000000
 29 -76.608307 9.257010 94.995911 -0.263996 0.644062 -0.717977 0.468421 0.238315 1 28 1.000000
MarioHand_alb.png
 29 -77.161232 6.854753 94.482079 -0.463995 -0.048842 -0.884490 0.513207 0.252415 1 28 1.000000
 29 -78.107468 8.659260 95.817886 -0.727886 0.475911 -0.493650 0.490959 0.227451 1 28 1.000000
 29 -76.608307 9.257010 94.995911 -0.263996 0.644062 -0.717977 0.468421 0.238315 1 28 1.000000
MarioHand_alb.png
 29 -77.161232 6.854753 94.482079 -0.463995 -0.048842 -0.884490 0.513207 0.252415 1 28 1.000000
 29 -78.873947 7.144893 96.304436 -0.930076 0.037291 -0.365469 0.512703 0.222461 1 28 1.000000
 29 -78.107468 8.659260 95.817886 -0.727886 0.475911 -0.493650 0.490959 0.227451 1 28 1.000000
MarioHand_alb.png
 29 -78.107468 8.659260 95.817886 -0.727886 0.475911 -0.493650 0.490959 0.227451 1 28 1.000000
 29 -78.388191 8.779662 97.934258 -0.816411 0.554130 0.162519 0.494850 0.200015 1 28 1.000000
 29 -77.138077 9.936650 97.209221 -0.474515 0.879607 -0.033567 0.474830 0.205295 1 28 1.000000
MarioHand_alb.png
 29 -78.873947 7.144893 96.304436 -0.930076 0.037291 -0.365469 0.512703 0.222461 1 28 1.000000
 29 -78.388191 8.779662 97.934258 -0.816411 0.554130 0.162519 0.494850 0.200015 1 28 1.000000
 29 -78.107468 8.659260 95.817886 -0.727886 0.475911 -0.493650 0.490959 0.227451 1 28 1.000000
MarioHand_alb.png
 29 -78.388191 8.779662 97.934258 -0.816411 0.554130 0.162519 0.494850 0.200015 1 28 1.000000
 29 -76.318542 10.203912 99.306931 -0.420370 0.893096 0.160214 0.469306 0.178531 1 28 1.000000
 29 -77.138077 9.936650 97.209221 -0.474515 0.879607 -0.033567 0.474830 0.205295 1 28 1.000000
MarioHand_alb.png
 29 -78.873947 7.144893 96.304436 -0.930076 0.037291 -0.365469 0.512703 0.222461 1 28 1.000000
 29 -78.795395 7.315635 98.225998 -0.957724 0.090144 0.273199 0.512383 0.198337 1 28 1.000000
 29 -78.388191 8.779662 97.934258 -0.816411 0.554130 0.162519 0.494850 0.200015 1 28 1.000000
MarioHand_alb.png
 29 -78.873947 7.144893 96.304436 -0.930076 0.037291 -0.365469 0.512703 0.222461 1 28 1.000000
 29 -78.572899 5.642982 98.176498 -0.899645 -0.371800 0.228917 0.531472 0.199420 1 28 1.000000
 29 -78.795395 7.315635 98.225998 -0.957724 0.090144 0.273199 0.512383 0.198337 1 28 1.000000
MarioHand_alb.png
 29 -78.572899 5.642982 98.176498 -0.899645 -0.371800 0.228917 0.531472 0.199420 1 28 1.000000
 29 -77.767769 5.665797 100.500275 -0.824098 -0.317240 0.469278 0.533028 0.172992 1 28 1.000000
 29 -78.795395 7.315635 98.225998 -0.957724 0.090144 0.273199 0.512383 0.198337 1 28 1.000000
MarioHand_alb.png
 29 -78.388191 8.779662 97.934258 -0.816411 0.554130 0.162519 0.494850 0.200015 1 28 1.000000
 29 -77.483696 9.028512 100.152000 -0.735515 0.551923 0.392936 0.491722 0.174395 1 28 1.000000
 29 -76.318542 10.203912 99.306931 -0.420370 0.893096 0.160214 0.469306 0.178531 1 28 1.000000
MarioHand_alb.png
 29 -78.388191 8.779662 97.934258 -0.816411 0.554130 0.162519 0.494850 0.200015 1 28 1.000000
 29 -78.795395 7.315635 98.225998 -0.957724 0.090144 0.273199 0.512383 0.198337 1 28 1.000000
 29 -77.483696 9.028512 100.152000 -0.735515 0.551923 0.392936 0.491722 0.174395 1 28 1.000000
MarioHand_alb.png
 29 -77.483696 9.028512 100.152000 -0.735515 0.551923 0.392936 0.491722 0.174395 1 28 1.000000
 29 -74.920547 10.312695 101.300545 -0.305185 0.893716 0.328837 0.465248 0.151324 1 28 1.000000
 29 -76.318542 10.203912 99.306931 -0.420370 0.893096 0.160214 0.469306 0.178531 1 28 1.000000
MarioHand_alb.png
 29 -78.795395 7.315635 98.225998 -0.957724 0.090144 0.273199 0.512383 0.198337 1 28 1.000000
 29 -77.767769 5.665797 100.500275 -0.824098 -0.317240 0.469278 0.533028 0.172992 1 28 1.000000
 29 -77.866135 7.453289 100.482208 -0.856763 0.121305 0.501241 0.511620 0.172824 1 28 1.000000
MarioHand_alb.png
 29 -78.795395 7.315635 98.225998 -0.957724 0.090144 0.273199 0.512383 0.198337 1 28 1.000000
 29 -77.866135 7.453289 100.482208 -0.856763 0.121305 0.501241 0.511620 0.172824 1 28 1.000000
 29 -77.483696 9.028512 100.152000 -0.735515 0.551923 0.392936 0.491722 0.174395 1 28 1.000000
MarioHand_alb.png
 29 -77.767769 5.665797 100.500275 -0.824098 -0.317240 0.469278 0.533028 0.172992 1 28 1.000000
 29 -76.018082 7.538435 102.765144 -0.639627 0.148935 0.754119 0.510689 0.146273 1 28 1.000000
 29 -77.866135 7.453289 100.482208 -0.856763 0.121305 0.501241 0.511620 0.172824 1 28 1.000000
MarioHand_alb.png
 29 -77.483696 9.028512 100.152000 -0.735515 0.551923 0.392936 0.491722 0.174395 1 28 1.000000
 29 -75.731361 9.142776 102.395020 -0.550210 0.536951 0.639495 0.489128 0.147799 1 28 1.000000
 29 -74.920547 10.312695 101.300545 -0.305185 0.893716 0.328837 0.465248 0.151324 1 28 1.000000
MarioHand_alb.png
 29 -77.483696 9.028512 100.152000 -0.735515 0.551923 0.392936 0.491722 0.174395 1 28 1.000000
 29 -77.866135 7.453289 100.482208 -0.856763 0.121305 0.501241 0.511620 0.172824 1 28 1.000000
 29 -75.731361 9.142776 102.395020 -0.550210 0.536951 0.639495 0.489128 0.147799 1 28 1.000000
MarioHand_alb.png
 29 -77.866135 7.453289 100.482208 -0.856763 0.121305 0.501241 0.511620 0.172824 1 28 1.000000
 29 -76.018082 7.538435 102.765144 -0.639627 0.148935 0.754119 0.510689 0.146273 1 28 1.000000
 29 -75.731361 9.142776 102.395020 -0.550210 0.536951 0.639495 0.489128 0.147799 1 28 1.000000
MarioHand_alb.png
 29 -74.920547 10.312695 101.300545 -0.305185 0.893716 0.328837 0.465248 0.151324 1 28 1.000000
 29 -75.731361 9.142776 102.395020 -0.550210 0.536951 0.639495 0.489128 0.147799 1 28 1.000000
 29 -72.649551 10.307141 102.526131 -0.138852 0.887851 0.438680 0.462074 0.121004 1 28 1.000000
MarioHand_alb.png
 29 -75.731361 9.142776 102.395020 -0.550210 0.536951 0.639495 0.489128 0.147799 1 28 1.000000
 29 -76.018082 7.538435 102.765144 -0.639627 0.148935 0.754119 0.510689 0.146273 1 28 1.000000
 29 -73.154999 9.099041 103.831200 -0.283786 0.534006 0.796432 0.487282 0.117800 1 28 1.000000
MarioHand_alb.png
 29 -75.731361 9.142776 102.395020 -0.550210 0.536951 0.639495 0.489128 0.147799 1 28 1.000000
 29 -73.154999 9.099041 103.831200 -0.283786 0.534006 0.796432 0.487282 0.117800 1 28 1.000000
 29 -72.649551 10.307141 102.526131 -0.138852 0.887851 0.438680 0.462074 0.121004 1 28 1.000000
MarioHand_alb.png
 29 -60.761482 -10.935352 87.187187 0.158662 0.146648 -0.976381 0.689021 0.120623 1 28 1.000000
 29 -59.607658 -10.156181 87.315407 -0.015253 0.007817 -0.999853 0.678325 0.134173 1 28 1.000000
 29 -58.668900 -11.881344 87.845337 0.439683 -0.334338 -0.833605 0.699260 0.148775 1 28 1.000000
MarioHand_alb.png
 29 -60.093494 -12.942617 87.548050 0.423483 -0.403453 -0.811103 0.709712 0.134325 1 28 1.000000
 29 -60.761482 -10.935352 87.187187 0.158662 0.146648 -0.976381 0.689021 0.120623 1 28 1.000000
 29 -58.668900 -11.881344 87.845337 0.439683 -0.334338 -0.833605 0.699260 0.148775 1 28 1.000000
MarioHand_alb.png
 29 -61.651932 -11.606441 86.681290 0.267790 0.137137 -0.953668 0.699947 0.105364 1 28 1.000000
 29 -60.761482 -10.935352 87.187187 0.158662 0.146648 -0.976381 0.689021 0.120623 1 28 1.000000
 29 -60.093494 -12.942617 87.548050 0.423483 -0.403453 -0.811103 0.709712 0.134325 1 28 1.000000
MarioHand_alb.png
 29 -60.093494 -12.942617 87.548050 0.423483 -0.403453 -0.811103 0.709712 0.134325 1 28 1.000000
 29 -58.668900 -11.881344 87.845337 0.439683 -0.334338 -0.833605 0.699260 0.148775 1 28 1.000000
 29 -58.369003 -13.274326 89.271469 0.608843 -0.689145 -0.392925 0.721340 0.163119 1 28 1.000000
MarioHand_alb.png
 29 -61.622391 -13.336018 87.122025 0.324983 -0.434646 -0.839922 0.718654 0.117357 1 28 1.000000
 29 -61.651932 -11.606441 86.681290 0.267790 0.137137 -0.953668 0.699947 0.105364 1 28 1.000000
 29 -60.093494 -12.942617 87.548050 0.423483 -0.403453 -0.811103 0.709712 0.134325 1 28 1.000000
MarioHand_alb.png
 29 -63.077583 -11.832233 86.317406 0.201377 0.168386 -0.964932 0.710704 0.088212 1 28 1.000000
 29 -61.651932 -11.606441 86.681290 0.267790 0.137137 -0.953668 0.699947 0.105364 1 28 1.000000
 29 -61.622391 -13.336018 87.122025 0.324983 -0.434646 -0.839922 0.718654 0.117357 1 28 1.000000
MarioHand_alb.png
 29 -60.093494 -12.942617 87.548050 0.423483 -0.403453 -0.811103 0.709712 0.134325 1 28 1.000000
 29 -58.369003 -13.274326 89.271469 0.608843 -0.689145 -0.392925 0.721340 0.163119 1 28 1.000000
 29 -60.002663 -14.244558 88.770569 0.484489 -0.756395 -0.439474 0.729671 0.146929 1 28 1.000000
MarioHand_alb.png
 29 -61.622391 -13.336018 87.122025 0.324983 -0.434646 -0.839922 0.718654 0.117357 1 28 1.000000
 29 -60.093494 -12.942617 87.548050 0.423483 -0.403453 -0.811103 0.709712 0.134325 1 28 1.000000
 29 -60.002663 -14.244558 88.770569 0.484489 -0.756395 -0.439474 0.729671 0.146929 1 28 1.000000
MarioHand_alb.png
 29 -60.002663 -14.244558 88.770569 0.484489 -0.756395 -0.439474 0.729671 0.146929 1 28 1.000000
 29 -58.369003 -13.274326 89.271469 0.608843 -0.689145 -0.392925 0.721340 0.163119 1 28 1.000000
 29 -58.709011 -13.860849 91.214172 0.563434 -0.823789 0.062561 0.745403 0.176287 1 28 1.000000
MarioHand_alb.png
 29 -63.152313 -13.460878 86.743958 0.236870 -0.453906 -0.858989 0.728145 0.100252 1 28 1.000000
 29 -63.077583 -11.832233 86.317406 0.201377 0.168386 -0.964932 0.710704 0.088212 1 28 1.000000
 29 -61.622391 -13.336018 87.122025 0.324983 -0.434646 -0.839922 0.718654 0.117357 1 28 1.000000
MarioHand_alb.png
 29 -64.697983 -11.905590 85.972931 0.122083 0.211165 -0.969796 0.723568 0.069093 1 28 1.000000
 29 -63.077583 -11.832233 86.317406 0.201377 0.168386 -0.964932 0.710704 0.088212 1 28 1.000000
 29 -63.152313 -13.460878 86.743958 0.236870 -0.453906 -0.858989 0.728145 0.100252 1 28 1.000000
MarioHand_alb.png
 29 -61.622391 -13.336018 87.122025 0.324983 -0.434646 -0.839922 0.718654 0.117357 1 28 1.000000
 29 -60.002663 -14.244558 88.770569 0.484489 -0.756395 -0.439474 0.729671 0.146929 1 28 1.000000
 29 -61.703201 -14.765398 88.247414 0.285332 -0.804404 -0.521075 0.737987 0.130220 1 28 1.000000
MarioHand_alb.png
 29 -64.697983 -11.905590 85.972931 0.122083 0.211165 -0.969796 0.723568 0.069093 1 28 1.000000
 29 -63.152313 -13.460878 86.743958 0.236870 -0.453906 -0.858989 0.728145 0.100252 1 28 1.000000
 29 -64.710464 -13.497704 86.338470 0.152588 -0.445940 -0.881961 0.738872 0.081651 1 28 1.000000
MarioHand_alb.png
 29 -63.152313 -13.460878 86.743958 0.236870 -0.453906 -0.858989 0.728145 0.100252 1 28 1.000000
 29 -61.622391 -13.336018 87.122025 0.324983 -0.434646 -0.839922 0.718654 0.117357 1 28 1.000000
 29 -63.390862 -14.854515 87.848434 0.172427 -0.810348 -0.560005 0.746456 0.112993 1 28 1.000000
MarioHand_alb.png
 29 -63.390862 -14.854515 87.848434 0.172427 -0.810348 -0.560005 0.746456 0.112993 1 28 1.000000
 29 -61.622391 -13.336018 87.122025 0.324983 -0.434646 -0.839922 0.718654 0.117357 1 28 1.000000
 29 -61.703201 -14.765398 88.247414 0.285332 -0.804404 -0.521075 0.737987 0.130220 1 28 1.000000
MarioHand_alb.png
 29 -63.152313 -13.460878 86.743958 0.236870 -0.453906 -0.858989 0.728145 0.100252 1 28 1.000000
 29 -64.938873 -14.882717 87.429230 0.085453 -0.806371 -0.585203 0.755428 0.094514 1 28 1.000000
 29 -64.710464 -13.497704 86.338470 0.152588 -0.445940 -0.881961 0.738872 0.081651 1 28 1.000000
MarioHand_alb.png
 29 -63.152313 -13.460878 86.743958 0.236870 -0.453906 -0.858989 0.728145 0.100252 1 28 1.000000
 29 -63.390862 -14.854515 87.848434 0.172427 -0.810348 -0.560005 0.746456 0.112993 1 28 1.000000
 29 -64.938873 -14.882717 87.429230 0.085453 -0.806371 -0.585203 0.755428 0.094514 1 28 1.000000
MarioHand_alb.png
 29 -64.697983 -11.905590 85.972931 0.122083 0.211165 -0.969796 0.723568 0.069093 1 28 1.000000
 29 -64.710464 -13.497704 86.338470 0.152588 -0.445940 -0.881961 0.738872 0.081651 1 28 1.000000
 29 -66.596413 -13.389765 86.112839 -0.043481 -0.420511 -0.906245 0.754055 0.061204 1 28 1.000000
MarioHand_alb.png
 29 -66.609558 -12.021391 85.822403 -0.115928 0.226517 -0.967084 0.744121 0.048646 1 28 1.000000
 29 -64.697983 -11.905590 85.972931 0.122083 0.211165 -0.969796 0.723568 0.069093 1 28 1.000000
 29 -66.596413 -13.389765 86.112839 -0.043481 -0.420511 -0.906245 0.754055 0.061204 1 28 1.000000
MarioHand_alb.png
 29 -66.609558 -12.021391 85.822403 -0.115928 0.226517 -0.967084 0.744121 0.048646 1 28 1.000000
 29 -66.596413 -13.389765 86.112839 -0.043481 -0.420511 -0.906245 0.754055 0.061204 1 28 1.000000
 29 -68.288727 -12.363174 86.580376 -0.583114 0.123645 -0.802926 0.771634 0.040482 1 28 1.000000
MarioHand_alb.png
 29 -66.596413 -13.389765 86.112839 -0.043481 -0.420511 -0.906245 0.754055 0.061204 1 28 1.000000
 29 -64.710464 -13.497704 86.338470 0.152588 -0.445940 -0.881961 0.738872 0.081651 1 28 1.000000
 29 -66.794037 -14.656765 87.083237 -0.096140 -0.779035 -0.619566 0.767269 0.073930 1 28 1.000000
MarioHand_alb.png
 29 -64.710464 -13.497704 86.338470 0.152588 -0.445940 -0.881961 0.738872 0.081651 1 28 1.000000
 29 -64.938873 -14.882717 87.429230 0.085453 -0.806371 -0.585203 0.755428 0.094514 1 28 1.000000
 29 -66.794037 -14.656765 87.083237 -0.096140 -0.779035 -0.619566 0.767269 0.073930 1 28 1.000000
MarioHand_alb.png
 29 -66.596413 -13.389765 86.112839 -0.043481 -0.420511 -0.906245 0.754055 0.061204 1 28 1.000000
 29 -68.309860 -13.645041 87.013741 -0.613455 -0.442828 -0.653894 0.778744 0.054658 1 28 1.000000
 29 -68.288727 -12.363174 86.580376 -0.583114 0.123645 -0.802926 0.771634 0.040482 1 28 1.000000
MarioHand_alb.png
 29 -66.596413 -13.389765 86.112839 -0.043481 -0.420511 -0.906245 0.754055 0.061204 1 28 1.000000
 29 -66.794037 -14.656765 87.083237 -0.096140 -0.779035 -0.619566 0.767269 0.073930 1 28 1.000000
 29 -68.309860 -13.645041 87.013741 -0.613455 -0.442828 -0.653894 0.778744 0.054658 1 28 1.000000
MarioHand_alb.png
 29 -68.288727 -12.363174 86.580376 -0.583114 0.123645 -0.802926 0.771634 0.040482 1 28 1.000000
 29 -68.309860 -13.645041 87.013741 -0.613455 -0.442828 -0.653894 0.778744 0.054658 1 28 1.000000
 29 -69.326813 -12.640602 88.272461 -0.961677 -0.054762 -0.268659 0.802533 0.046403 1 28 1.000000
MarioHand_alb.png
 29 -68.309860 -13.645041 87.013741 -0.613455 -0.442828 -0.653894 0.778744 0.054658 1 28 1.000000
 29 -66.794037 -14.656765 87.083237 -0.096140 -0.779035 -0.619566 0.767269 0.073930 1 28 1.000000
 29 -68.607941 -14.412294 88.275871 -0.693428 -0.674834 -0.252502 0.792569 0.065644 1 28 1.000000
MarioHand_alb.png
 29 -68.309860 -13.645041 87.013741 -0.613455 -0.442828 -0.653894 0.778744 0.054658 1 28 1.000000
 29 -68.607941 -14.412294 88.275871 -0.693428 -0.674834 -0.252502 0.792569 0.065644 1 28 1.000000
 29 -69.326813 -12.640602 88.272461 -0.961677 -0.054762 -0.268659 0.802533 0.046403 1 28 1.000000
MarioHand_alb.png
 29 -66.794037 -14.656765 87.083237 -0.096140 -0.779035 -0.619566 0.767269 0.073930 1 28 1.000000
 29 -64.938873 -14.882717 87.429230 0.085453 -0.806371 -0.585203 0.755428 0.094514 1 28 1.000000
 29 -67.172394 -15.275620 88.580231 -0.212089 -0.966893 -0.141901 0.782650 0.083970 1 28 1.000000
MarioHand_alb.png
 29 -66.794037 -14.656765 87.083237 -0.096140 -0.779035 -0.619566 0.767269 0.073930 1 28 1.000000
 29 -67.172394 -15.275620 88.580231 -0.212089 -0.966893 -0.141901 0.782650 0.083970 1 28 1.000000
 29 -68.607941 -14.412294 88.275871 -0.693428 -0.674834 -0.252502 0.792569 0.065644 1 28 1.000000
MarioHand_alb.png
 29 -69.326813 -12.640602 88.272461 -0.961677 -0.054762 -0.268659 0.802533 0.046403 1 28 1.000000
 29 -68.607941 -14.412294 88.275871 -0.693428 -0.674834 -0.252502 0.792569 0.065644 1 28 1.000000
 29 -69.036362 -13.907452 89.672913 -0.829172 -0.539877 0.144934 0.811292 0.068940 1 28 1.000000
MarioHand_alb.png
 29 -69.326813 -12.640602 88.272461 -0.961677 -0.054762 -0.268659 0.802533 0.046403 1 28 1.000000
 29 -69.036362 -13.907452 89.672913 -0.829172 -0.539877 0.144934 0.811292 0.068940 1 28 1.000000
 29 -69.289764 -12.828089 90.255226 -0.933479 -0.074453 0.350817 0.828031 0.066392 1 28 1.000000
MarioHand_alb.png
 29 -68.607941 -14.412294 88.275871 -0.693428 -0.674834 -0.252502 0.792569 0.065644 1 28 1.000000
 29 -67.642822 -14.926739 90.202515 -0.341805 -0.878927 0.332650 0.799893 0.089937 1 28 1.000000
 29 -69.036362 -13.907452 89.672913 -0.829172 -0.539877 0.144934 0.811292 0.068940 1 28 1.000000
MarioHand_alb.png
 29 -68.607941 -14.412294 88.275871 -0.693428 -0.674834 -0.252502 0.792569 0.065644 1 28 1.000000
 29 -67.172394 -15.275620 88.580231 -0.212089 -0.966893 -0.141901 0.782650 0.083970 1 28 1.000000
 29 -67.642822 -14.926739 90.202515 -0.341805 -0.878927 0.332650 0.799893 0.089937 1 28 1.000000
MarioHand_alb.png
 29 -69.036362 -13.907452 89.672913 -0.829172 -0.539877 0.144934 0.811292 0.068940 1 28 1.000000
 29 -68.064484 -13.904593 91.373085 -0.462447 -0.581589 0.669251 0.816175 0.092271 1 28 1.000000
 29 -69.289764 -12.828089 90.255226 -0.933479 -0.074453 0.350817 0.828031 0.066392 1 28 1.000000
MarioHand_alb.png
 29 -69.036362 -13.907452 89.672913 -0.829172 -0.539877 0.144934 0.811292 0.068940 1 28 1.000000
 29 -67.642822 -14.926739 90.202515 -0.341805 -0.878927 0.332650 0.799893 0.089937 1 28 1.000000
 29 -68.064484 -13.904593 91.373085 -0.462447 -0.581589 0.669251 0.816175 0.092271 1 28 1.000000
MarioHand_alb.png
 29 -64.938873 -14.882717 87.429230 0.085453 -0.806371 -0.585203 0.755428 0.094514 1 28 1.000000
 29 -65.345596 -15.514017 89.032120 -0.041962 -0.994108 -0.099945 0.773022 0.105165 1 28 1.000000
 29 -67.172394 -15.275620 88.580231 -0.212089 -0.966893 -0.141901 0.782650 0.083970 1 28 1.000000
MarioHand_alb.png
 29 -64.938873 -14.882717 87.429230 0.085453 -0.806371 -0.585203 0.755428 0.094514 1 28 1.000000
 29 -63.390862 -14.854515 87.848434 0.172427 -0.810348 -0.560005 0.746456 0.112993 1 28 1.000000
 29 -65.345596 -15.514017 89.032120 -0.041962 -0.994108 -0.099945 0.773022 0.105165 1 28 1.000000
MarioHand_alb.png
 29 -67.172394 -15.275620 88.580231 -0.212089 -0.966893 -0.141901 0.782650 0.083970 1 28 1.000000
 29 -65.850754 -15.168619 90.757179 -0.179285 -0.905867 0.383747 0.791897 0.112734 1 28 1.000000
 29 -67.642822 -14.926739 90.202515 -0.341805 -0.878927 0.332650 0.799893 0.089937 1 28 1.000000
MarioHand_alb.png
 29 -67.172394 -15.275620 88.580231 -0.212089 -0.966893 -0.141901 0.782650 0.083970 1 28 1.000000
 29 -65.345596 -15.514017 89.032120 -0.041962 -0.994108 -0.099945 0.773022 0.105165 1 28 1.000000
 29 -65.850754 -15.168619 90.757179 -0.179285 -0.905867 0.383747 0.791897 0.112734 1 28 1.000000
MarioHand_alb.png
 29 -67.642822 -14.926739 90.202515 -0.341805 -0.878927 0.332650 0.799893 0.089937 1 28 1.000000
 29 -66.307892 -13.971251 92.182678 -0.299023 -0.594996 0.746033 0.811978 0.117830 1 28 1.000000
 29 -68.064484 -13.904593 91.373085 -0.462447 -0.581589 0.669251 0.816175 0.092271 1 28 1.000000
MarioHand_alb.png
 29 -67.642822 -14.926739 90.202515 -0.341805 -0.878927 0.332650 0.799893 0.089937 1 28 1.000000
 29 -65.850754 -15.168619 90.757179 -0.179285 -0.905867 0.383747 0.791897 0.112734 1 28 1.000000
 29 -66.307892 -13.971251 92.182678 -0.299023 -0.594996 0.746033 0.811978 0.117830 1 28 1.000000
MarioHand_alb.png
 29 -63.390862 -14.854515 87.848434 0.172427 -0.810348 -0.560005 0.746456 0.112993 1 28 1.000000
 29 -63.781105 -15.490391 89.444603 0.042725 -0.995360 -0.086213 0.765164 0.123995 1 28 1.000000
 29 -65.345596 -15.514017 89.032120 -0.041962 -0.994108 -0.099945 0.773022 0.105165 1 28 1.000000
MarioHand_alb.png
 29 -63.390862 -14.854515 87.848434 0.172427 -0.810348 -0.560005 0.746456 0.112993 1 28 1.000000
 29 -61.703201 -14.765398 88.247414 0.285332 -0.804404 -0.521075 0.737987 0.130220 1 28 1.000000
 29 -63.781105 -15.490391 89.444603 0.042725 -0.995360 -0.086213 0.765164 0.123995 1 28 1.000000
MarioHand_alb.png
 29 -65.345596 -15.514017 89.032120 -0.041962 -0.994108 -0.099945 0.773022 0.105165 1 28 1.000000
 29 -64.305893 -15.177834 91.228554 -0.105283 -0.910548 0.399772 0.785992 0.132738 1 28 1.000000
 29 -65.850754 -15.168619 90.757179 -0.179285 -0.905867 0.383747 0.791897 0.112734 1 28 1.000000
MarioHand_alb.png
 29 -65.345596 -15.514017 89.032120 -0.041962 -0.994108 -0.099945 0.773022 0.105165 1 28 1.000000
 29 -63.781105 -15.490391 89.444603 0.042725 -0.995360 -0.086213 0.765164 0.123995 1 28 1.000000
 29 -64.305893 -15.177834 91.228554 -0.105283 -0.910548 0.399772 0.785992 0.132738 1 28 1.000000
MarioHand_alb.png
 29 -63.781105 -15.490391 89.444603 0.042725 -0.995360 -0.086213 0.765164 0.123995 1 28 1.000000
 29 -61.703201 -14.765398 88.247414 0.285332 -0.804404 -0.521075 0.737987 0.130220 1 28 1.000000
 29 -62.057652 -15.431032 89.928017 0.179299 -0.981947 -0.060275 0.758114 0.142000 1 28 1.000000
MarioHand_alb.png
 29 -61.703201 -14.765398 88.247414 0.285332 -0.804404 -0.521075 0.737987 0.130220 1 28 1.000000
 29 -60.002663 -14.244558 88.770569 0.484489 -0.756395 -0.439474 0.729671 0.146929 1 28 1.000000
 29 -62.057652 -15.431032 89.928017 0.179299 -0.981947 -0.060275 0.758114 0.142000 1 28 1.000000
MarioHand_alb.png
 29 -63.781105 -15.490391 89.444603 0.042725 -0.995360 -0.086213 0.765164 0.123995 1 28 1.000000
 29 -62.057652 -15.431032 89.928017 0.179299 -0.981947 -0.060275 0.758114 0.142000 1 28 1.000000
 29 -62.646370 -15.146641 91.748825 0.003815 -0.910134 0.414296 0.780621 0.151446 1 28 1.000000
MarioHand_alb.png
 29 -63.781105 -15.490391 89.444603 0.042725 -0.995360 -0.086213 0.765164 0.123995 1 28 1.000000
 29 -62.646370 -15.146641 91.748825 0.003815 -0.910134 0.414296 0.780621 0.151446 1 28 1.000000
 29 -64.305893 -15.177834 91.228554 -0.105283 -0.910548 0.399772 0.785992 0.132738 1 28 1.000000
MarioHand_alb.png
 29 -60.002663 -14.244558 88.770569 0.484489 -0.756395 -0.439474 0.729671 0.146929 1 28 1.000000
 29 -60.289650 -14.920532 90.585251 0.410856 -0.911646 0.009919 0.751705 0.159503 1 28 1.000000
 29 -62.057652 -15.431032 89.928017 0.179299 -0.981947 -0.060275 0.758114 0.142000 1 28 1.000000
MarioHand_alb.png
 29 -62.057652 -15.431032 89.928017 0.179299 -0.981947 -0.060275 0.758114 0.142000 1 28 1.000000
 29 -60.289650 -14.920532 90.585251 0.410856 -0.911646 0.009919 0.751705 0.159503 1 28 1.000000
 29 -62.646370 -15.146641 91.748825 0.003815 -0.910134 0.414296 0.780621 0.151446 1 28 1.000000
MarioHand_alb.png
 29 -60.002663 -14.244558 88.770569 0.484489 -0.756395 -0.439474 0.729671 0.146929 1 28 1.000000
 29 -58.709011 -13.860849 91.214172 0.563434 -0.823789 0.062561 0.745403 0.176287 1 28 1.000000
 29 -60.289650 -14.920532 90.585251 0.410856 -0.911646 0.009919 0.751705 0.159503 1 28 1.000000
MarioHand_alb.png
 29 -58.709011 -13.860849 91.214172 0.563434 -0.823789 0.062561 0.745403 0.176287 1 28 1.000000
 29 -60.933113 -14.648569 92.431511 0.209043 -0.844183 0.493616 0.775662 0.169375 1 28 1.000000
 29 -60.289650 -14.920532 90.585251 0.410856 -0.911646 0.009919 0.751705 0.159503 1 28 1.000000
MarioHand_alb.png
 29 -62.646370 -15.146641 91.748825 0.003815 -0.910134 0.414296 0.780621 0.151446 1 28 1.000000
 29 -60.289650 -14.920532 90.585251 0.410856 -0.911646 0.009919 0.751705 0.159503 1 28 1.000000
 29 -60.933113 -14.648569 92.431511 0.209043 -0.844183 0.493616 0.775662 0.169375 1 28 1.000000
MarioHand_alb.png
 29 -58.709011 -13.860849 91.214172 0.563434 -0.823789 0.062561 0.745403 0.176287 1 28 1.000000
 29 -59.346313 -13.654354 92.971252 0.333021 -0.791355 0.512693 0.770260 0.186221 1 28 1.000000
 29 -60.933113 -14.648569 92.431511 0.209043 -0.844183 0.493616 0.775662 0.169375 1 28 1.000000
MarioHand_alb.png
 29 -64.305893 -15.177834 91.228554 -0.105283 -0.910548 0.399772 0.785992 0.132738 1 28 1.000000
 29 -62.646370 -15.146641 91.748825 0.003815 -0.910134 0.414296 0.780621 0.151446 1 28 1.000000
 29 -63.306099 -13.883005 93.108589 -0.177760 -0.604328 0.776652 0.805219 0.157504 1 28 1.000000
MarioHand_alb.png
 29 -62.646370 -15.146641 91.748825 0.003815 -0.910134 0.414296 0.780621 0.151446 1 28 1.000000
 29 -60.933113 -14.648569 92.431511 0.209043 -0.844183 0.493616 0.775662 0.169375 1 28 1.000000
 29 -63.306099 -13.883005 93.108589 -0.177760 -0.604328 0.776652 0.805219 0.157504 1 28 1.000000
MarioHand_alb.png
 29 -60.933113 -14.648569 92.431511 0.209043 -0.844183 0.493616 0.775662 0.169375 1 28 1.000000
 29 -59.346313 -13.654354 92.971252 0.333021 -0.791355 0.512693 0.770260 0.186221 1 28 1.000000
 29 -61.766182 -13.441648 93.701340 -0.047305 -0.571193 0.819451 0.801846 0.176150 1 28 1.000000
MarioHand_alb.png
 29 -63.306099 -13.883005 93.108589 -0.177760 -0.604328 0.776652 0.805219 0.157504 1 28 1.000000
 29 -60.933113 -14.648569 92.431511 0.209043 -0.844183 0.493616 0.775662 0.169375 1 28 1.000000
 29 -61.766182 -13.441648 93.701340 -0.047305 -0.571193 0.819451 0.801846 0.176150 1 28 1.000000
MarioHand_alb.png
 29 -59.346313 -13.654354 92.971252 0.333021 -0.791355 0.512693 0.770260 0.186221 1 28 1.000000
 29 -60.355034 -12.281630 94.361450 -0.063328 -0.530375 0.845395 0.798184 0.193179 1 28 1.000000
 29 -61.766182 -13.441648 93.701340 -0.047305 -0.571193 0.819451 0.801846 0.176150 1 28 1.000000
MarioHand_alb.png
 29 -64.305893 -15.177834 91.228554 -0.105283 -0.910548 0.399772 0.785992 0.132738 1 28 1.000000
 29 -63.306099 -13.883005 93.108589 -0.177760 -0.604328 0.776652 0.805219 0.157504 1 28 1.000000
 29 -64.808792 -13.936213 92.650162 -0.227365 -0.599313 0.767548 0.808530 0.138399 1 28 1.000000
MarioHand_alb.png
 29 -65.850754 -15.168619 90.757179 -0.179285 -0.905867 0.383747 0.791897 0.112734 1 28 1.000000
 29 -64.305893 -15.177834 91.228554 -0.105283 -0.910548 0.399772 0.785992 0.132738 1 28 1.000000
 29 -64.808792 -13.936213 92.650162 -0.227365 -0.599313 0.767548 0.808530 0.138399 1 28 1.000000
MarioHand_alb.png
 29 -65.850754 -15.168619 90.757179 -0.179285 -0.905867 0.383747 0.791897 0.112734 1 28 1.000000
 29 -64.808792 -13.936213 92.650162 -0.227365 -0.599313 0.767548 0.808530 0.138399 1 28 1.000000
 29 -66.307892 -13.971251 92.182678 -0.299023 -0.594996 0.746033 0.811978 0.117830 1 28 1.000000
MarioHand_alb.png
 29 -63.306099 -13.883005 93.108589 -0.177760 -0.604328 0.776652 0.805219 0.157504 1 28 1.000000
 29 -61.766182 -13.441648 93.701340 -0.047305 -0.571193 0.819451 0.801846 0.176150 1 28 1.000000
 29 -63.703484 -12.134420 93.725853 -0.380003 -0.172261 0.908803 0.829404 0.160021 1 28 1.000000
MarioHand_alb.png
 29 -64.808792 -13.936213 92.650162 -0.227365 -0.599313 0.767548 0.808530 0.138399 1 28 1.000000
 29 -63.306099 -13.883005 93.108589 -0.177760 -0.604328 0.776652 0.805219 0.157504 1 28 1.000000
 29 -63.703484 -12.134420 93.725853 -0.380003 -0.172261 0.908803 0.829404 0.160021 1 28 1.000000
MarioHand_alb.png
 29 -61.766182 -13.441648 93.701340 -0.047305 -0.571193 0.819451 0.801846 0.176150 1 28 1.000000
 29 -60.355034 -12.281630 94.361450 -0.063328 -0.530375 0.845395 0.798184 0.193179 1 28 1.000000
 29 -62.525841 -11.281172 94.447083 -0.379886 -0.177929 0.907760 0.828428 0.179232 1 28 1.000000
MarioHand_alb.png
 29 -63.703484 -12.134420 93.725853 -0.380003 -0.172261 0.908803 0.829404 0.160021 1 28 1.000000
 29 -61.766182 -13.441648 93.701340 -0.047305 -0.571193 0.819451 0.801846 0.176150 1 28 1.000000
 29 -62.525841 -11.281172 94.447083 -0.379886 -0.177929 0.907760 0.828428 0.179232 1 28 1.000000
MarioHand_alb.png
 29 -60.355034 -12.281630 94.361450 -0.063328 -0.530375 0.845395 0.798184 0.193179 1 28 1.000000
 29 -61.294170 -10.395634 95.038971 -0.480710 -0.639707 0.599743 0.825513 0.197269 1 28 1.000000
 29 -62.525841 -11.281172 94.447083 -0.379886 -0.177929 0.907760 0.828428 0.179232 1 28 1.000000
MarioHand_alb.png
 29 -62.525841 -11.281172 94.447083 -0.379886 -0.177929 0.907760 0.828428 0.179232 1 28 1.000000
 29 -61.294170 -10.395634 95.038971 -0.480710 -0.639707 0.599743 0.825513 0.197269 1 28 1.000000
 29 -63.423058 -8.390337 93.801949 -0.968839 -0.140939 0.203685 0.869474 0.183352 1 28 1.000000
MarioHand_alb.png
 29 -64.808792 -13.936213 92.650162 -0.227365 -0.599313 0.767548 0.808530 0.138399 1 28 1.000000
 29 -63.703484 -12.134420 93.725853 -0.380003 -0.172261 0.908803 0.829404 0.160021 1 28 1.000000
 29 -65.080635 -12.259138 93.256172 -0.339573 -0.029379 0.940121 0.830106 0.140688 1 28 1.000000
MarioHand_alb.png
 29 -66.307892 -13.971251 92.182678 -0.299023 -0.594996 0.746033 0.811978 0.117830 1 28 1.000000
 29 -64.808792 -13.936213 92.650162 -0.227365 -0.599313 0.767548 0.808530 0.138399 1 28 1.000000
 29 -65.080635 -12.259138 93.256172 -0.339573 -0.029379 0.940121 0.830106 0.140688 1 28 1.000000
MarioHand_alb.png
 29 -63.703484 -12.134420 93.725853 -0.380003 -0.172261 0.908803 0.829404 0.160021 1 28 1.000000
 29 -62.525841 -11.281172 94.447083 -0.379886 -0.177929 0.907760 0.828428 0.179232 1 28 1.000000
 29 -64.089859 -9.242550 93.329063 -0.765879 0.299315 0.569069 0.866117 0.169467 1 28 1.000000
MarioHand_alb.png
 29 -64.089859 -9.242550 93.329063 -0.765879 0.299315 0.569069 0.866117 0.169467 1 28 1.000000
 29 -62.525841 -11.281172 94.447083 -0.379886 -0.177929 0.907760 0.828428 0.179232 1 28 1.000000
 29 -63.423058 -8.390337 93.801949 -0.968839 -0.140939 0.203685 0.869474 0.183352 1 28 1.000000
MarioHand_alb.png
 29 -63.703484 -12.134420 93.725853 -0.380003 -0.172261 0.908803 0.829404 0.160021 1 28 1.000000
 29 -64.089859 -9.242550 93.329063 -0.765879 0.299315 0.569069 0.866117 0.169467 1 28 1.000000
 29 -64.658829 -9.734402 92.790924 -0.576044 0.469514 0.669126 0.864363 0.154147 1 28 1.000000
MarioHand_alb.png
 29 -65.080635 -12.259138 93.256172 -0.339573 -0.029379 0.940121 0.830106 0.140688 1 28 1.000000
 29 -63.703484 -12.134420 93.725853 -0.380003 -0.172261 0.908803 0.829404 0.160021 1 28 1.000000
 29 -64.658829 -9.734402 92.790924 -0.576044 0.469514 0.669126 0.864363 0.154147 1 28 1.000000
MarioHand_alb.png
 29 -64.089859 -9.242550 93.329063 -0.765879 0.299315 0.569069 0.866117 0.169467 1 28 1.000000
 29 -63.423058 -8.390337 93.801949 -0.968839 -0.140939 0.203685 0.869474 0.183352 1 28 1.000000
 29 -63.291500 -7.886957 90.647423 -0.778284 0.594205 -0.202964 0.907774 0.162814 1 28 1.000000
MarioHand_alb.png
 29 -64.658829 -9.734402 92.790924 -0.576044 0.469514 0.669126 0.864363 0.154147 1 28 1.000000
 29 -64.089859 -9.242550 93.329063 -0.765879 0.299315 0.569069 0.866117 0.169467 1 28 1.000000
 29 -63.291500 -7.886957 90.647423 -0.778284 0.594205 -0.202964 0.907774 0.162814 1 28 1.000000
MarioHand_alb.png
 29 -63.291500 -7.886957 90.647423 -0.778284 0.594205 -0.202964 0.907774 0.162814 1 28 1.000000
 29 -63.423058 -8.390337 93.801949 -0.968839 -0.140939 0.203685 0.869474 0.183352 1 28 1.000000
 29 -62.766342 -6.804210 91.059135 -0.874262 0.349972 -0.336431 0.916075 0.178088 1 28 1.000000
MarioHand_alb.png
 29 -63.291500 -7.886957 90.647423 -0.778284 0.594205 -0.202964 0.907774 0.162814 1 28 1.000000
 29 -62.766342 -6.804210 91.059135 -0.874262 0.349972 -0.336431 0.916075 0.178088 1 28 1.000000
 29 -61.546856 -7.628983 88.260536 -0.526114 0.250658 -0.812635 0.949355 0.156390 1 28 1.000000
MarioHand_alb.png
 29 -63.291500 -7.886957 90.647423 -0.778284 0.594205 -0.202964 0.907774 0.162814 1 28 1.000000
 29 -61.546856 -7.628983 88.260536 -0.526114 0.250658 -0.812635 0.949355 0.156390 1 28 1.000000
 29 -61.983391 -8.612263 88.179825 -0.338723 0.512852 -0.788828 0.939925 0.141283 1 28 1.000000
MarioHand_alb.png
 29 -61.546856 -7.628983 88.260536 -0.526114 0.250658 -0.812635 0.949355 0.156390 1 28 1.000000
 29 -59.607658 -10.156181 87.315407 -0.015253 0.007817 -0.999853 0.978897 0.133257 1 28 1.000000
 29 -61.983391 -8.612263 88.179825 -0.338723 0.512852 -0.788828 0.939925 0.141283 1 28 1.000000
MarioHand_alb.png
 29 -61.983391 -8.612263 88.179825 -0.338723 0.512852 -0.788828 0.939925 0.141283 1 28 1.000000
 29 -59.607658 -10.156181 87.315407 -0.015253 0.007817 -0.999853 0.978897 0.133257 1 28 1.000000
 29 -60.761482 -10.935352 87.187187 0.158662 0.146648 -0.976381 0.968811 0.119097 1 28 1.000000
MarioHand_alb.png
 29 -64.658829 -9.734402 92.790924 -0.576044 0.469514 0.669126 0.864363 0.154147 1 28 1.000000
 29 -63.291500 -7.886957 90.647423 -0.778284 0.594205 -0.202964 0.907774 0.162814 1 28 1.000000
 29 -63.770729 -8.548859 90.202065 -0.422285 0.897786 -0.125122 0.900816 0.144747 1 28 1.000000
MarioHand_alb.png
 29 -63.291500 -7.886957 90.647423 -0.778284 0.594205 -0.202964 0.907774 0.162814 1 28 1.000000
 29 -61.983391 -8.612263 88.179825 -0.338723 0.512852 -0.788828 0.939925 0.141283 1 28 1.000000
 29 -63.770729 -8.548859 90.202065 -0.422285 0.897786 -0.125122 0.900816 0.144747 1 28 1.000000
MarioHand_alb.png
 29 -61.983391 -8.612263 88.179825 -0.338723 0.512852 -0.788828 0.939925 0.141283 1 28 1.000000
 29 -60.761482 -10.935352 87.187187 0.158662 0.146648 -0.976381 0.968811 0.119097 1 28 1.000000
 29 -62.780029 -9.243788 87.670586 0.000000 0.669986 -0.742373 0.930632 0.124849 1 28 1.000000
MarioHand_alb.png
 29 -63.770729 -8.548859 90.202065 -0.422285 0.897786 -0.125122 0.900816 0.144747 1 28 1.000000
 29 -61.983391 -8.612263 88.179825 -0.338723 0.512852 -0.788828 0.939925 0.141283 1 28 1.000000
 29 -62.780029 -9.243788 87.670586 0.000000 0.669986 -0.742373 0.930632 0.124849 1 28 1.000000
MarioHand_alb.png
 29 -62.780029 -9.243788 87.670586 0.000000 0.669986 -0.742373 0.930632 0.124849 1 28 1.000000
 29 -60.761482 -10.935352 87.187187 0.158662 0.146648 -0.976381 0.968811 0.119097 1 28 1.000000
 29 -61.651932 -11.606441 86.681290 0.267790 0.137137 -0.953668 0.958816 0.102769 1 28 1.000000
MarioHand_alb.png
 29 -62.780029 -9.243788 87.670586 0.000000 0.669986 -0.742373 0.930632 0.124849 1 28 1.000000
 29 -61.651932 -11.606441 86.681290 0.267790 0.137137 -0.953668 0.958816 0.102769 1 28 1.000000
 29 -63.077583 -11.832233 86.317406 0.201377 0.168386 -0.964932 0.947860 0.085130 1 28 1.000000
MarioHand_alb.png
 29 -63.785873 -9.415031 87.449142 0.062560 0.739853 -0.669854 0.921279 0.108019 1 28 1.000000
 29 -62.780029 -9.243788 87.670586 0.000000 0.669986 -0.742373 0.930632 0.124849 1 28 1.000000
 29 -63.077583 -11.832233 86.317406 0.201377 0.168386 -0.964932 0.947860 0.085130 1 28 1.000000
MarioHand_alb.png
 29 -63.770729 -8.548859 90.202065 -0.422285 0.897786 -0.125122 0.900816 0.144747 1 28 1.000000
 29 -62.780029 -9.243788 87.670586 0.000000 0.669986 -0.742373 0.930632 0.124849 1 28 1.000000
 29 -63.785873 -9.415031 87.449142 0.062560 0.739853 -0.669854 0.921279 0.108019 1 28 1.000000
MarioHand_alb.png
 29 -63.785873 -9.415031 87.449142 0.062560 0.739853 -0.669854 0.921279 0.108019 1 28 1.000000
 29 -63.077583 -11.832233 86.317406 0.201377 0.168386 -0.964932 0.947860 0.085130 1 28 1.000000
 29 -64.697983 -11.905590 85.972931 0.122083 0.211165 -0.969796 0.933593 0.066575 1 28 1.000000
MarioHand_alb.png
 29 -64.658829 -9.734402 92.790924 -0.576044 0.469514 0.669126 0.864363 0.154147 1 28 1.000000
 29 -63.770729 -8.548859 90.202065 -0.422285 0.897786 -0.125122 0.900816 0.144747 1 28 1.000000
 29 -65.453720 -9.743999 92.408966 -0.321967 0.638689 0.698866 0.862409 0.136461 1 28 1.000000
MarioHand_alb.png
 29 -65.080635 -12.259138 93.256172 -0.339573 -0.029379 0.940121 0.830106 0.140688 1 28 1.000000
 29 -64.658829 -9.734402 92.790924 -0.576044 0.469514 0.669126 0.864363 0.154147 1 28 1.000000
 29 -65.453720 -9.743999 92.408966 -0.321967 0.638689 0.698866 0.862409 0.136461 1 28 1.000000
MarioHand_alb.png
 29 -64.704666 -8.677435 89.918304 -0.131983 0.991210 0.009155 0.893858 0.126696 1 28 1.000000
 29 -63.770729 -8.548859 90.202065 -0.422285 0.897786 -0.125122 0.900816 0.144747 1 28 1.000000
 29 -63.785873 -9.415031 87.449142 0.062560 0.739853 -0.669854 0.921279 0.108019 1 28 1.000000
MarioHand_alb.png
 29 -65.453720 -9.743999 92.408966 -0.321967 0.638689 0.698866 0.862409 0.136461 1 28 1.000000
 29 -63.770729 -8.548859 90.202065 -0.422285 0.897786 -0.125122 0.900816 0.144747 1 28 1.000000
 29 -64.704666 -8.677435 89.918304 -0.131983 0.991210 0.009155 0.893858 0.126696 1 28 1.000000
MarioHand_alb.png
 29 -65.233444 -9.599243 87.123566 -0.024414 0.751590 -0.659179 0.910567 0.090059 1 28 1.000000
 29 -63.785873 -9.415031 87.449142 0.062560 0.739853 -0.669854 0.921279 0.108019 1 28 1.000000
 29 -64.697983 -11.905590 85.972931 0.122083 0.211165 -0.969796 0.933593 0.066575 1 28 1.000000
MarioHand_alb.png
 29 -65.233444 -9.599243 87.123566 -0.024414 0.751590 -0.659179 0.910567 0.090059 1 28 1.000000
 29 -64.704666 -8.677435 89.918304 -0.131983 0.991210 0.009155 0.893858 0.126696 1 28 1.000000
 29 -63.785873 -9.415031 87.449142 0.062560 0.739853 -0.669854 0.921279 0.108019 1 28 1.000000
MarioHand_alb.png
 29 -65.233444 -9.599243 87.123566 -0.024414 0.751590 -0.659179 0.910567 0.090059 1 28 1.000000
 29 -64.697983 -11.905590 85.972931 0.122083 0.211165 -0.969796 0.933593 0.066575 1 28 1.000000
 29 -66.609558 -12.021391 85.822403 -0.115928 0.226517 -0.967084 0.910689 0.048432 1 28 1.000000
MarioHand_alb.png
 29 -66.009727 -8.800829 89.570900 -0.232692 0.972348 -0.019836 0.885847 0.108125 1 28 1.000000
 29 -65.453720 -9.743999 92.408966 -0.321967 0.638689 0.698866 0.862409 0.136461 1 28 1.000000
 29 -64.704666 -8.677435 89.918304 -0.131983 0.991210 0.009155 0.893858 0.126696 1 28 1.000000
MarioHand_alb.png
 29 -66.009727 -8.800829 89.570900 -0.232692 0.972348 -0.019836 0.885847 0.108125 1 28 1.000000
 29 -64.704666 -8.677435 89.918304 -0.131983 0.991210 0.009155 0.893858 0.126696 1 28 1.000000
 29 -65.233444 -9.599243 87.123566 -0.024414 0.751590 -0.659179 0.910567 0.090059 1 28 1.000000
MarioHand_alb.png
 29 -66.581787 -12.370831 92.722076 -0.424356 0.023469 0.905191 0.830228 0.119783 1 28 1.000000
 29 -65.080635 -12.259138 93.256172 -0.339573 -0.029379 0.940121 0.830106 0.140688 1 28 1.000000
 29 -65.453720 -9.743999 92.408966 -0.321967 0.638689 0.698866 0.862409 0.136461 1 28 1.000000
MarioHand_alb.png
 29 -66.307892 -13.971251 92.182678 -0.299023 -0.594996 0.746033 0.811978 0.117830 1 28 1.000000
 29 -65.080635 -12.259138 93.256172 -0.339573 -0.029379 0.940121 0.830106 0.140688 1 28 1.000000
 29 -66.581787 -12.370831 92.722076 -0.424356 0.023469 0.905191 0.830228 0.119783 1 28 1.000000
MarioHand_alb.png
 29 -66.746620 -9.861809 91.859955 -0.422649 0.637788 0.643891 0.858610 0.116259 1 28 1.000000
 29 -65.453720 -9.743999 92.408966 -0.321967 0.638689 0.698866 0.862409 0.136461 1 28 1.000000
 29 -66.009727 -8.800829 89.570900 -0.232692 0.972348 -0.019836 0.885847 0.108125 1 28 1.000000
MarioHand_alb.png
 29 -66.581787 -12.370831 92.722076 -0.424356 0.023469 0.905191 0.830228 0.119783 1 28 1.000000
 29 -65.453720 -9.743999 92.408966 -0.321967 0.638689 0.698866 0.862409 0.136461 1 28 1.000000
 29 -66.746620 -9.861809 91.859955 -0.422649 0.637788 0.643891 0.858610 0.116259 1 28 1.000000
MarioHand_alb.png
 29 -67.761909 -9.401335 89.047424 -0.493624 0.865082 -0.089264 0.875486 0.086549 1 28 1.000000
 29 -66.009727 -8.800829 89.570900 -0.232692 0.972348 -0.019836 0.885847 0.108125 1 28 1.000000
 29 -65.233444 -9.599243 87.123566 -0.024414 0.751590 -0.659179 0.910567 0.090059 1 28 1.000000
MarioHand_alb.png
 29 -66.746620 -9.861809 91.859955 -0.422649 0.637788 0.643891 0.858610 0.116259 1 28 1.000000
 29 -66.009727 -8.800829 89.570900 -0.232692 0.972348 -0.019836 0.885847 0.108125 1 28 1.000000
 29 -67.761909 -9.401335 89.047424 -0.493624 0.865082 -0.089264 0.875486 0.086549 1 28 1.000000
MarioHand_alb.png
 29 -66.307892 -13.971251 92.182678 -0.299023 -0.594996 0.746033 0.811978 0.117830 1 28 1.000000
 29 -66.581787 -12.370831 92.722076 -0.424356 0.023469 0.905191 0.830228 0.119783 1 28 1.000000
 29 -68.293480 -12.649334 91.757393 -0.600446 0.011826 0.799578 0.829511 0.093034 1 28 1.000000
MarioHand_alb.png
 29 -68.064484 -13.904593 91.373085 -0.462447 -0.581589 0.669251 0.816175 0.092271 1 28 1.000000
 29 -66.307892 -13.971251 92.182678 -0.299023 -0.594996 0.746033 0.811978 0.117830 1 28 1.000000
 29 -68.293480 -12.649334 91.757393 -0.600446 0.011826 0.799578 0.829511 0.093034 1 28 1.000000
MarioHand_alb.png
 29 -68.064484 -13.904593 91.373085 -0.462447 -0.581589 0.669251 0.816175 0.092271 1 28 1.000000
 29 -68.293480 -12.649334 91.757393 -0.600446 0.011826 0.799578 0.829511 0.093034 1 28 1.000000
 29 -69.289764 -12.828089 90.255226 -0.933479 -0.074453 0.350817 0.828031 0.066392 1 28 1.000000
MarioHand_alb.png
 29 -66.581787 -12.370831 92.722076 -0.424356 0.023469 0.905191 0.830228 0.119783 1 28 1.000000
 29 -66.746620 -9.861809 91.859955 -0.422649 0.637788 0.643891 0.858610 0.116259 1 28 1.000000
 29 -68.259445 -10.398027 91.057190 -0.630103 0.578516 0.517966 0.852766 0.093965 1 28 1.000000
MarioHand_alb.png
 29 -68.293480 -12.649334 91.757393 -0.600446 0.011826 0.799578 0.829511 0.093034 1 28 1.000000
 29 -66.581787 -12.370831 92.722076 -0.424356 0.023469 0.905191 0.830228 0.119783 1 28 1.000000
 29 -68.259445 -10.398027 91.057190 -0.630103 0.578516 0.517966 0.852766 0.093965 1 28 1.000000
MarioHand_alb.png
 29 -68.293480 -12.649334 91.757393 -0.600446 0.011826 0.799578 0.829511 0.093034 1 28 1.000000
 29 -68.259445 -10.398027 91.057190 -0.630103 0.578516 0.517966 0.852766 0.093965 1 28 1.000000
 29 -69.289764 -12.828089 90.255226 -0.933479 -0.074453 0.350817 0.828031 0.066392 1 28 1.000000
MarioHand_alb.png
 29 -68.259445 -10.398027 91.057190 -0.630103 0.578516 0.517966 0.852766 0.093965 1 28 1.000000
 29 -66.746620 -9.861809 91.859955 -0.422649 0.637788 0.643891 0.858610 0.116259 1 28 1.000000
 29 -67.761909 -9.401335 89.047424 -0.493624 0.865082 -0.089264 0.875486 0.086549 1 28 1.000000
MarioHand_alb.png
 29 -69.289764 -12.828089 90.255226 -0.933479 -0.074453 0.350817 0.828031 0.066392 1 28 1.000000
 29 -68.259445 -10.398027 91.057190 -0.630103 0.578516 0.517966 0.852766 0.093965 1 28 1.000000
 29 -69.214928 -11.480932 89.876770 -0.897309 0.410694 0.161760 0.846128 0.070695 1 28 1.000000
MarioHand_alb.png
 29 -69.289764 -12.828089 90.255226 -0.933479 -0.074453 0.350817 0.828031 0.066392 1 28 1.000000
 29 -69.214928 -11.480932 89.876770 -0.897309 0.410694 0.161760 0.846128 0.070695 1 28 1.000000
 29 -69.326813 -12.640602 88.272461 -0.961677 -0.054762 -0.268659 0.853178 0.046799 1 28 1.000000
MarioHand_alb.png
 29 -68.259445 -10.398027 91.057190 -0.630103 0.578516 0.517966 0.852766 0.093965 1 28 1.000000
 29 -68.900757 -10.766861 88.589508 -0.794866 0.582895 -0.168585 0.864485 0.066621 1 28 1.000000
 29 -69.214928 -11.480932 89.876770 -0.897309 0.410694 0.161760 0.846128 0.070695 1 28 1.000000
MarioHand_alb.png
 29 -69.214928 -11.480932 89.876770 -0.897309 0.410694 0.161760 0.846128 0.070695 1 28 1.000000
 29 -68.900757 -10.766861 88.589508 -0.794866 0.582895 -0.168585 0.864485 0.066621 1 28 1.000000
 29 -69.326813 -12.640602 88.272461 -0.961677 -0.054762 -0.268659 0.853178 0.046799 1 28 1.000000
MarioHand_alb.png
 29 -68.259445 -10.398027 91.057190 -0.630103 0.578516 0.517966 0.852766 0.093965 1 28 1.000000
 29 -67.761909 -9.401335 89.047424 -0.493624 0.865082 -0.089264 0.875486 0.086549 1 28 1.000000
 29 -68.900757 -10.766861 88.589508 -0.794866 0.582895 -0.168585 0.864485 0.066621 1 28 1.000000
MarioHand_alb.png
 29 -69.326813 -12.640602 88.272461 -0.961677 -0.054762 -0.268659 0.853178 0.046799 1 28 1.000000
 29 -68.900757 -10.766861 88.589508 -0.794866 0.582895 -0.168585 0.864485 0.066621 1 28 1.000000
 29 -68.487701 -11.193396 87.206360 -0.641660 0.469419 -0.606563 0.878462 0.054826 1 28 1.000000
MarioHand_alb.png
 29 -69.326813 -12.640602 88.272461 -0.961677 -0.054762 -0.268659 0.853178 0.046799 1 28 1.000000
 29 -68.487701 -11.193396 87.206360 -0.641660 0.469419 -0.606563 0.878462 0.054826 1 28 1.000000
 29 -68.288727 -12.363174 86.580376 -0.583114 0.123645 -0.802926 0.883482 0.040330 1 28 1.000000
MarioHand_alb.png
 29 -68.487701 -11.193396 87.206360 -0.641660 0.469419 -0.606563 0.878462 0.054826 1 28 1.000000
 29 -66.609558 -12.021391 85.822403 -0.115928 0.226517 -0.967084 0.910689 0.048432 1 28 1.000000
 29 -68.288727 -12.363174 86.580376 -0.583114 0.123645 -0.802926 0.883482 0.040330 1 28 1.000000
MarioHand_alb.png
 29 -67.761909 -9.401335 89.047424 -0.493624 0.865082 -0.089264 0.875486 0.086549 1 28 1.000000
 29 -67.111801 -10.132839 86.884102 -0.280748 0.688137 -0.669065 0.895399 0.069520 1 28 1.000000
 29 -68.900757 -10.766861 88.589508 -0.794866 0.582895 -0.168585 0.864485 0.066621 1 28 1.000000
MarioHand_alb.png
 29 -68.900757 -10.766861 88.589508 -0.794866 0.582895 -0.168585 0.864485 0.066621 1 28 1.000000
 29 -67.111801 -10.132839 86.884102 -0.280748 0.688137 -0.669065 0.895399 0.069520 1 28 1.000000
 29 -68.487701 -11.193396 87.206360 -0.641660 0.469419 -0.606563 0.878462 0.054826 1 28 1.000000
MarioHand_alb.png
 29 -68.487701 -11.193396 87.206360 -0.641660 0.469419 -0.606563 0.878462 0.054826 1 28 1.000000
 29 -67.111801 -10.132839 86.884102 -0.280748 0.688137 -0.669065 0.895399 0.069520 1 28 1.000000
 29 -66.609558 -12.021391 85.822403 -0.115928 0.226517 -0.967084 0.910689 0.048432 1 28 1.000000
MarioHand_alb.png
 29 -67.761909 -9.401335 89.047424 -0.493624 0.865082 -0.089264 0.875486 0.086549 1 28 1.000000
 29 -65.233444 -9.599243 87.123566 -0.024414 0.751590 -0.659179 0.910567 0.090059 1 28 1.000000
 29 -67.111801 -10.132839 86.884102 -0.280748 0.688137 -0.669065 0.895399 0.069520 1 28 1.000000
MarioHand_alb.png
 29 -67.111801 -10.132839 86.884102 -0.280748 0.688137 -0.669065 0.895399 0.069520 1 28 1.000000
 29 -65.233444 -9.599243 87.123566 -0.024414 0.751590 -0.659179 0.910567 0.090059 1 28 1.000000
 29 -66.609558 -12.021391 85.822403 -0.115928 0.226517 -0.967084 0.910689 0.048432 1 28 1.000000
MarioHand_alb.png
 29 -50.977898 13.337017 97.218819 0.395585 0.912286 0.106049 0.552071 0.536172 1 28 1.000000
 29 -49.153866 11.830957 99.494164 0.203702 0.898063 0.389857 0.509422 0.551141 1 28 1.000000
 29 -49.153866 12.531143 96.311340 0.188058 0.982155 0.002289 0.551141 0.566003 1 28 1.000000
MarioHand_alb.png
 29 -51.074524 12.312138 100.614456 0.391760 0.812035 0.432577 0.506844 0.520638 1 28 1.000000
 29 -49.153866 11.830957 99.494164 0.203702 0.898063 0.389857 0.509422 0.551141 1 28 1.000000
 29 -50.977898 13.337017 97.218819 0.395585 0.912286 0.106049 0.552071 0.536172 1 28 1.000000
MarioHand_alb.png
 29 -53.507767 14.288551 97.757820 0.293358 0.944355 0.148777 0.561028 0.498756 1 28 1.000000
 29 -51.074524 12.312138 100.614456 0.391760 0.812035 0.432577 0.506844 0.520638 1 28 1.000000
 29 -50.977898 13.337017 97.218819 0.395585 0.912286 0.106049 0.552071 0.536172 1 28 1.000000
MarioHand_alb.png
 29 -51.074524 12.312138 100.614456 0.391760 0.812035 0.432577 0.506844 0.520638 1 28 1.000000
 29 -49.153866 9.935482 102.210884 0.205602 0.660960 0.721706 0.463920 0.542000 1 28 1.000000
 29 -49.153866 11.830957 99.494164 0.203702 0.898063 0.389857 0.509422 0.551141 1 28 1.000000
MarioHand_alb.png
 29 -53.633217 13.012157 101.324112 0.279993 0.831015 0.480642 0.512337 0.483894 1 28 1.000000
 29 -51.074524 12.312138 100.614456 0.391760 0.812035 0.432577 0.506844 0.520638 1 28 1.000000
 29 -53.507767 14.288551 97.757820 0.293358 0.944355 0.148777 0.561028 0.498756 1 28 1.000000
MarioHand_alb.png
 29 -56.770214 15.020344 98.208984 0.145346 0.978130 0.148780 0.570321 0.451881 1 28 1.000000
 29 -53.633217 13.012157 101.324112 0.279993 0.831015 0.480642 0.512337 0.483894 1 28 1.000000
 29 -53.507767 14.288551 97.757820 0.293358 0.944355 0.148777 0.561028 0.498756 1 28 1.000000
MarioHand_alb.png
 29 -51.206528 10.250944 103.457199 0.369275 0.561065 0.740839 0.460960 0.509667 1 28 1.000000
 29 -49.153866 9.935482 102.210884 0.205602 0.660960 0.721706 0.463920 0.542000 1 28 1.000000
 29 -51.074524 12.312138 100.614456 0.391760 0.812035 0.432577 0.506844 0.520638 1 28 1.000000
MarioHand_alb.png
 29 -53.633217 13.012157 101.324112 0.279993 0.831015 0.480642 0.512337 0.483894 1 28 1.000000
 29 -51.206528 10.250944 103.457199 0.369275 0.561065 0.740839 0.460960 0.509667 1 28 1.000000
 29 -51.074524 12.312138 100.614456 0.391760 0.812035 0.432577 0.506844 0.520638 1 28 1.000000
MarioHand_alb.png
 29 -51.206528 10.250944 103.457199 0.369275 0.561065 0.740839 0.460960 0.509667 1 28 1.000000
 29 -49.153862 7.049801 103.995384 0.123233 0.326779 0.937032 0.415885 0.536736 1 28 1.000000
 29 -49.153866 9.935482 102.210884 0.205602 0.660960 0.721706 0.463920 0.542000 1 28 1.000000
MarioHand_alb.png
 29 -56.659882 13.640995 101.699394 0.173577 0.836126 0.520350 0.520577 0.442542 1 28 1.000000
 29 -53.633217 13.012157 101.324112 0.279993 0.831015 0.480642 0.512337 0.483894 1 28 1.000000
 29 -56.770214 15.020344 98.208984 0.145346 0.978130 0.148780 0.570321 0.451881 1 28 1.000000
MarioHand_alb.png
 29 -59.599792 15.145889 99.041039 0.025940 0.983035 0.181577 0.570550 0.408133 1 28 1.000000
 29 -56.659882 13.640995 101.699394 0.173577 0.836126 0.520350 0.520577 0.442542 1 28 1.000000
 29 -56.770214 15.020344 98.208984 0.145346 0.978130 0.148780 0.570321 0.451881 1 28 1.000000
MarioHand_alb.png
 29 -53.869507 10.703906 104.202820 0.228865 0.552042 0.801792 0.464836 0.472633 1 28 1.000000
 29 -51.206528 10.250944 103.457199 0.369275 0.561065 0.740839 0.460960 0.509667 1 28 1.000000
 29 -53.633217 13.012157 101.324112 0.279993 0.831015 0.480642 0.512337 0.483894 1 28 1.000000
MarioHand_alb.png
 29 -56.659882 13.640995 101.699394 0.173577 0.836126 0.520350 0.520577 0.442542 1 28 1.000000
 29 -53.869507 10.703906 104.202820 0.228865 0.552042 0.801792 0.464836 0.472633 1 28 1.000000
 29 -53.633217 13.012157 101.324112 0.279993 0.831015 0.480642 0.512337 0.483894 1 28 1.000000
MarioHand_alb.png
 29 -51.428905 7.090028 104.809418 0.291348 0.240439 0.925908 0.414908 0.503975 1 28 1.000000
 29 -49.153862 7.049801 103.995384 0.123233 0.326779 0.937032 0.415885 0.536736 1 28 1.000000
 29 -51.206528 10.250944 103.457199 0.369275 0.561065 0.740839 0.460960 0.509667 1 28 1.000000
MarioHand_alb.png
 29 -53.869507 10.703906 104.202820 0.228865 0.552042 0.801792 0.464836 0.472633 1 28 1.000000
 29 -51.428905 7.090028 104.809418 0.291348 0.240439 0.925908 0.414908 0.503975 1 28 1.000000
 29 -51.206528 10.250944 103.457199 0.369275 0.561065 0.740839 0.460960 0.509667 1 28 1.000000
MarioHand_alb.png
 29 -51.428905 7.090028 104.809418 0.291348 0.240439 0.925908 0.414908 0.503975 1 28 1.000000
 29 -49.160114 3.669015 104.654564 0.038902 0.003909 0.999235 0.367300 0.533974 1 28 1.000000
 29 -49.153862 7.049801 103.995384 0.123233 0.326779 0.937032 0.415885 0.536736 1 28 1.000000
MarioHand_alb.png
 29 -59.649704 13.875656 102.075684 0.082780 0.820166 0.566105 0.524025 0.401785 1 28 1.000000
 29 -56.659882 13.640995 101.699394 0.173577 0.836126 0.520350 0.520577 0.442542 1 28 1.000000
 29 -59.599792 15.145889 99.041039 0.025940 0.983035 0.181577 0.570550 0.408133 1 28 1.000000
MarioHand_alb.png
 29 -62.072460 14.855076 99.806763 -0.135042 0.980291 0.144197 0.563638 0.365408 1 28 1.000000
 29 -59.649704 13.875656 102.075684 0.082780 0.820166 0.566105 0.524025 0.401785 1 28 1.000000
 29 -59.599792 15.145889 99.041039 0.025940 0.983035 0.181577 0.570550 0.408133 1 28 1.000000
MarioHand_alb.png
 29 -56.790436 11.092915 104.456429 0.111778 0.536858 0.836235 0.471458 0.433967 1 28 1.000000
 29 -53.869507 10.703906 104.202820 0.228865 0.552042 0.801792 0.464836 0.472633 1 28 1.000000
 29 -56.659882 13.640995 101.699394 0.173577 0.836126 0.520350 0.520577 0.442542 1 28 1.000000
MarioHand_alb.png
 29 -59.649704 13.875656 102.075684 0.082780 0.820166 0.566105 0.524025 0.401785 1 28 1.000000
 29 -56.790436 11.092915 104.456429 0.111778 0.536858 0.836235 0.471458 0.433967 1 28 1.000000
 29 -56.659882 13.640995 101.699394 0.173577 0.836126 0.520350 0.520577 0.442542 1 28 1.000000
MarioHand_alb.png
 29 -62.380383 13.802828 102.480797 0.026703 0.803770 0.594340 0.523690 0.364019 1 28 1.000000
 29 -59.649704 13.875656 102.075684 0.082780 0.820166 0.566105 0.524025 0.401785 1 28 1.000000
 29 -62.072460 14.855076 99.806763 -0.135042 0.980291 0.144197 0.563638 0.365408 1 28 1.000000
MarioHand_alb.png
 29 -62.380383 13.802828 102.480797 0.026703 0.803770 0.594340 0.523690 0.364019 1 28 1.000000
 29 -62.072460 14.855076 99.806763 -0.135042 0.980291 0.144197 0.563638 0.365408 1 28 1.000000
 29 -63.798489 14.697458 100.263054 0.006485 0.999662 0.025178 0.558145 0.341192 1 28 1.000000
MarioHand_alb.png
 29 -64.200157 13.886860 102.391685 0.074006 0.829798 0.553135 0.522744 0.337209 1 28 1.000000
 29 -62.380383 13.802828 102.480797 0.026703 0.803770 0.594340 0.523690 0.364019 1 28 1.000000
 29 -63.798489 14.697458 100.263054 0.006485 0.999662 0.025178 0.558145 0.341192 1 28 1.000000
MarioHand_alb.png
 29 -62.380383 13.802828 102.480797 0.026703 0.803770 0.594340 0.523690 0.364019 1 28 1.000000
 29 -60.008331 11.418449 104.441986 0.031278 0.504549 0.862816 0.479072 0.391501 1 28 1.000000
 29 -59.649704 13.875656 102.075684 0.082780 0.820166 0.566105 0.524025 0.401785 1 28 1.000000
MarioHand_alb.png
 29 -60.008331 11.418449 104.441986 0.031278 0.504549 0.862816 0.479072 0.391501 1 28 1.000000
 29 -56.790436 11.092915 104.456429 0.111778 0.536858 0.836235 0.471458 0.433967 1 28 1.000000
 29 -59.649704 13.875656 102.075684 0.082780 0.820166 0.566105 0.524025 0.401785 1 28 1.000000
MarioHand_alb.png
 29 -62.928860 11.543922 104.306404 -0.046915 0.457521 0.887960 0.483955 0.355123 1 28 1.000000
 29 -62.380383 13.802828 102.480797 0.026703 0.803770 0.594340 0.523690 0.364019 1 28 1.000000
 29 -64.200157 13.886860 102.391685 0.074006 0.829798 0.553135 0.522744 0.337209 1 28 1.000000
MarioHand_alb.png
 29 -62.928860 11.543922 104.306404 -0.046915 0.457521 0.887960 0.483955 0.355123 1 28 1.000000
 29 -60.008331 11.418449 104.441986 0.031278 0.504549 0.862816 0.479072 0.391501 1 28 1.000000
 29 -62.380383 13.802828 102.480797 0.026703 0.803770 0.594340 0.523690 0.364019 1 28 1.000000
MarioHand_alb.png
 29 -65.128311 11.996613 103.907738 -0.057998 0.368116 0.927969 0.487724 0.329793 1 28 1.000000
 29 -62.928860 11.543922 104.306404 -0.046915 0.457521 0.887960 0.483955 0.355123 1 28 1.000000
 29 -64.200157 13.886860 102.391685 0.074006 0.829798 0.553135 0.522744 0.337209 1 28 1.000000
MarioHand_alb.png
 29 -65.128311 11.996613 103.907738 -0.057998 0.368116 0.927969 0.487724 0.329793 1 28 1.000000
 29 -65.501038 9.739096 104.111099 -0.111370 0.318662 0.941303 0.457099 0.318410 1 28 1.000000
 29 -62.928860 11.543922 104.306404 -0.046915 0.457521 0.887960 0.483955 0.355123 1 28 1.000000
MarioHand_alb.png
 29 -60.008331 11.418449 104.441986 0.031278 0.504549 0.862816 0.479072 0.391501 1 28 1.000000
 29 -57.260311 7.564305 105.729691 0.070564 0.221324 0.972644 0.422675 0.424262 1 28 1.000000
 29 -56.790436 11.092915 104.456429 0.111778 0.536858 0.836235 0.471458 0.433967 1 28 1.000000
MarioHand_alb.png
 29 -65.501038 9.739096 104.111099 -0.111370 0.318662 0.941303 0.457099 0.318410 1 28 1.000000
 29 -63.272881 7.998653 105.457855 -0.115545 0.254257 0.960210 0.432380 0.345754 1 28 1.000000
 29 -62.928860 11.543922 104.306404 -0.046915 0.457521 0.887960 0.483955 0.355123 1 28 1.000000
MarioHand_alb.png
 29 -65.501038 9.739096 104.111099 -0.111370 0.318662 0.941303 0.457099 0.318410 1 28 1.000000
 29 -65.559769 6.753953 105.188217 -0.119006 0.199488 0.972647 0.414572 0.310140 1 28 1.000000
 29 -63.272881 7.998653 105.457855 -0.115545 0.254257 0.960210 0.432380 0.345754 1 28 1.000000
MarioHand_alb.png
 29 -62.928860 11.543922 104.306404 -0.046915 0.457521 0.887960 0.483955 0.355123 1 28 1.000000
 29 -60.365417 7.708312 105.732109 -0.013735 0.237123 0.971383 0.427146 0.382696 1 28 1.000000
 29 -60.008331 11.418449 104.441986 0.031278 0.504549 0.862816 0.479072 0.391501 1 28 1.000000
MarioHand_alb.png
 29 -62.928860 11.543922 104.306404 -0.046915 0.457521 0.887960 0.483955 0.355123 1 28 1.000000
 29 -63.272881 7.998653 105.457855 -0.115545 0.254257 0.960210 0.432380 0.345754 1 28 1.000000
 29 -60.365417 7.708312 105.732109 -0.013735 0.237123 0.971383 0.427146 0.382696 1 28 1.000000
MarioHand_alb.png
 29 -60.365417 7.708312 105.732109 -0.013735 0.237123 0.971383 0.427146 0.382696 1 28 1.000000
 29 -57.260311 7.564305 105.729691 0.070564 0.221324 0.972644 0.422675 0.424262 1 28 1.000000
 29 -60.008331 11.418449 104.441986 0.031278 0.504549 0.862816 0.479072 0.391501 1 28 1.000000
MarioHand_alb.png
 29 -65.559769 6.753953 105.188217 -0.119006 0.199488 0.972647 0.414572 0.310140 1 28 1.000000
 29 -63.304970 4.161114 106.085854 -0.113710 0.076316 0.990579 0.380224 0.340810 1 28 1.000000
 29 -63.272881 7.998653 105.457855 -0.115545 0.254257 0.960210 0.432380 0.345754 1 28 1.000000
MarioHand_alb.png
 29 -63.272881 7.998653 105.457855 -0.115545 0.254257 0.960210 0.432380 0.345754 1 28 1.000000
 29 -63.304970 4.161114 106.085854 -0.113710 0.076316 0.990579 0.380224 0.340810 1 28 1.000000
 29 -60.365417 7.708312 105.732109 -0.013735 0.237123 0.971383 0.427146 0.382696 1 28 1.000000
MarioHand_alb.png
 29 -65.559769 6.753953 105.188217 -0.119006 0.199488 0.972647 0.414572 0.310140 1 28 1.000000
 29 -65.804321 3.520475 105.515312 -0.222774 0.064563 0.972730 0.370718 0.305089 1 28 1.000000
 29 -63.304970 4.161114 106.085854 -0.113710 0.076316 0.990579 0.380224 0.340810 1 28 1.000000
MarioHand_alb.png
 29 -65.804321 3.520475 105.515312 -0.222774 0.064563 0.972730 0.370718 0.305089 1 28 1.000000
 29 -65.698723 0.337867 105.534767 -0.109083 -0.103707 0.988608 0.328939 0.303883 1 28 1.000000
 29 -63.304970 4.161114 106.085854 -0.113710 0.076316 0.990579 0.380224 0.340810 1 28 1.000000
MarioHand_alb.png
 29 -57.260311 7.564305 105.729691 0.070564 0.221324 0.972644 0.422675 0.424262 1 28 1.000000
 29 -54.061314 7.393640 105.414909 0.173517 0.215275 0.961015 0.418769 0.467338 1 28 1.000000
 29 -56.790436 11.092915 104.456429 0.111778 0.536858 0.836235 0.471458 0.433967 1 28 1.000000
MarioHand_alb.png
 29 -56.790436 11.092915 104.456429 0.111778 0.536858 0.836235 0.471458 0.433967 1 28 1.000000
 29 -54.061314 7.393640 105.414909 0.173517 0.215275 0.961015 0.418769 0.467338 1 28 1.000000
 29 -53.869507 10.703906 104.202820 0.228865 0.552042 0.801792 0.464836 0.472633 1 28 1.000000
MarioHand_alb.png
 29 -54.061314 7.393640 105.414909 0.173517 0.215275 0.961015 0.418769 0.467338 1 28 1.000000
 29 -51.428905 7.090028 104.809418 0.291348 0.240439 0.925908 0.414908 0.503975 1 28 1.000000
 29 -53.869507 10.703906 104.202820 0.228865 0.552042 0.801792 0.464836 0.472633 1 28 1.000000
MarioHand_alb.png
 29 -57.260311 7.564305 105.729691 0.070564 0.221324 0.972644 0.422675 0.424262 1 28 1.000000
 29 -57.411514 3.917519 106.140862 0.083898 0.027410 0.996097 0.374609 0.419944 1 28 1.000000
 29 -54.061314 7.393640 105.414909 0.173517 0.215275 0.961015 0.418769 0.467338 1 28 1.000000
MarioHand_alb.png
 29 -60.365417 7.708312 105.732109 -0.013735 0.237123 0.971383 0.427146 0.382696 1 28 1.000000
 29 -57.411514 3.917519 106.140862 0.083898 0.027410 0.996097 0.374609 0.419944 1 28 1.000000
 29 -57.260311 7.564305 105.729691 0.070564 0.221324 0.972644 0.422675 0.424262 1 28 1.000000
MarioHand_alb.png
 29 -54.061314 7.393640 105.414909 0.173517 0.215275 0.961015 0.418769 0.467338 1 28 1.000000
 29 -54.173656 3.696595 105.728447 0.160563 0.001955 0.987024 0.369955 0.464149 1 28 1.000000
 29 -51.428905 7.090028 104.809418 0.291348 0.240439 0.925908 0.414908 0.503975 1 28 1.000000
MarioHand_alb.png
 29 -57.411514 3.917519 106.140862 0.083898 0.027410 0.996097 0.374609 0.419944 1 28 1.000000
 29 -54.173656 3.696595 105.728447 0.160563 0.001955 0.987024 0.369955 0.464149 1 28 1.000000
 29 -54.061314 7.393640 105.414909 0.173517 0.215275 0.961015 0.418769 0.467338 1 28 1.000000
MarioHand_alb.png
 29 -60.365417 7.708312 105.732109 -0.013735 0.237123 0.971383 0.427146 0.382696 1 28 1.000000
 29 -63.304970 4.161114 106.085854 -0.113710 0.076316 0.990579 0.380224 0.340810 1 28 1.000000
 29 -60.673004 4.065640 106.277748 -0.009921 0.058764 0.998223 0.378058 0.376608 1 28 1.000000
MarioHand_alb.png
 29 -60.365417 7.708312 105.732109 -0.013735 0.237123 0.971383 0.427146 0.382696 1 28 1.000000
 29 -60.673004 4.065640 106.277748 -0.009921 0.058764 0.998223 0.378058 0.376608 1 28 1.000000
 29 -57.411514 3.917519 106.140862 0.083898 0.027410 0.996097 0.374609 0.419944 1 28 1.000000
MarioHand_alb.png
 29 -63.304970 4.161114 106.085854 -0.113710 0.076316 0.990579 0.380224 0.340810 1 28 1.000000
 29 -63.213474 0.424310 106.056320 -0.091906 -0.099760 0.990758 0.330449 0.340002 1 28 1.000000
 29 -60.673004 4.065640 106.277748 -0.009921 0.058764 0.998223 0.378058 0.376608 1 28 1.000000
MarioHand_alb.png
 29 -63.304970 4.161114 106.085854 -0.113710 0.076316 0.990579 0.380224 0.340810 1 28 1.000000
 29 -65.698723 0.337867 105.534767 -0.109083 -0.103707 0.988608 0.328939 0.303883 1 28 1.000000
 29 -63.213474 0.424310 106.056320 -0.091906 -0.099760 0.990758 0.330449 0.340002 1 28 1.000000
MarioHand_alb.png
 29 -57.411514 3.917519 106.140862 0.083898 0.027410 0.996097 0.374609 0.419944 1 28 1.000000
 29 -60.673004 4.065640 106.277748 -0.009921 0.058764 0.998223 0.378058 0.376608 1 28 1.000000
 29 -60.603302 0.542609 106.168808 0.017934 -0.111572 0.993595 0.331640 0.375402 1 28 1.000000
MarioHand_alb.png
 29 -60.673004 4.065640 106.277748 -0.009921 0.058764 0.998223 0.378058 0.376608 1 28 1.000000
 29 -63.213474 0.424310 106.056320 -0.091906 -0.099760 0.990758 0.330449 0.340002 1 28 1.000000
 29 -60.603302 0.542609 106.168808 0.017934 -0.111572 0.993595 0.331640 0.375402 1 28 1.000000
MarioHand_alb.png
 29 -57.411514 3.917519 106.140862 0.083898 0.027410 0.996097 0.374609 0.419944 1 28 1.000000
 29 -60.603302 0.542609 106.168808 0.017934 -0.111572 0.993595 0.331640 0.375402 1 28 1.000000
 29 -57.442066 0.657048 105.916054 0.109867 -0.133149 0.984988 0.331746 0.418189 1 28 1.000000
MarioHand_alb.png
 29 -57.411514 3.917519 106.140862 0.083898 0.027410 0.996097 0.374609 0.419944 1 28 1.000000
 29 -57.442066 0.657048 105.916054 0.109867 -0.133149 0.984988 0.331746 0.418189 1 28 1.000000
 29 -54.173656 3.696595 105.728447 0.160563 0.001955 0.987024 0.369955 0.464149 1 28 1.000000
MarioHand_alb.png
 29 -63.213474 0.424310 106.056320 -0.091906 -0.099760 0.990758 0.330449 0.340002 1 28 1.000000
 29 -60.412903 -2.383394 105.545776 0.041196 -0.285748 0.957419 0.291997 0.377310 1 28 1.000000
 29 -60.603302 0.542609 106.168808 0.017934 -0.111572 0.993595 0.331640 0.375402 1 28 1.000000
MarioHand_alb.png
 29 -60.603302 0.542609 106.168808 0.017934 -0.111572 0.993595 0.331640 0.375402 1 28 1.000000
 29 -60.412903 -2.383394 105.545776 0.041196 -0.285748 0.957419 0.291997 0.377310 1 28 1.000000
 29 -57.442066 0.657048 105.916054 0.109867 -0.133149 0.984988 0.331746 0.418189 1 28 1.000000
MarioHand_alb.png
 29 -65.698723 0.337867 105.534767 -0.109083 -0.103707 0.988608 0.328939 0.303883 1 28 1.000000
 29 -63.242165 -2.584132 105.479332 -0.076298 -0.285784 0.955252 0.290410 0.340825 1 28 1.000000
 29 -63.213474 0.424310 106.056320 -0.091906 -0.099760 0.990758 0.330449 0.340002 1 28 1.000000
MarioHand_alb.png
 29 -63.213474 0.424310 106.056320 -0.091906 -0.099760 0.990758 0.330449 0.340002 1 28 1.000000
 29 -63.242165 -2.584132 105.479332 -0.076298 -0.285784 0.955252 0.290410 0.340825 1 28 1.000000
 29 -60.412903 -2.383394 105.545776 0.041196 -0.285748 0.957419 0.291997 0.377310 1 28 1.000000
MarioHand_alb.png
 29 -65.698723 0.337867 105.534767 -0.109083 -0.103707 0.988608 0.328939 0.303883 1 28 1.000000
 29 -66.057899 -2.858261 104.745003 -0.241901 -0.305190 0.921055 0.286763 0.302037 1 28 1.000000
 29 -63.242165 -2.584132 105.479332 -0.076298 -0.285784 0.955252 0.290410 0.340825 1 28 1.000000
MarioHand_alb.png
 29 -66.057899 -2.858261 104.745003 -0.241901 -0.305190 0.921055 0.286763 0.302037 1 28 1.000000
 29 -65.573303 -5.793910 103.777519 -0.054946 -0.440805 0.895919 0.247776 0.308751 1 28 1.000000
 29 -63.242165 -2.584132 105.479332 -0.076298 -0.285784 0.955252 0.290410 0.340825 1 28 1.000000
MarioHand_alb.png
 29 -57.442066 0.657048 105.916054 0.109867 -0.133149 0.984988 0.331746 0.418189 1 28 1.000000
 29 -60.412903 -2.383394 105.545776 0.041196 -0.285748 0.957419 0.291997 0.377310 1 28 1.000000
 29 -57.304001 -2.193831 105.318283 0.140382 -0.289538 0.946816 0.293553 0.419318 1 28 1.000000
MarioHand_alb.png
 29 -63.242165 -2.584132 105.479332 -0.076298 -0.285784 0.955252 0.290410 0.340825 1 28 1.000000
 29 -65.573303 -5.793910 103.777519 -0.054946 -0.440805 0.895919 0.247776 0.308751 1 28 1.000000
 29 -63.109539 -5.354326 104.358963 -0.025565 -0.499097 0.866169 0.250080 0.342580 1 28 1.000000
MarioHand_alb.png
 29 -63.242165 -2.584132 105.479332 -0.076298 -0.285784 0.955252 0.290410 0.340825 1 28 1.000000
 29 -60.286213 -5.224834 104.416489 0.063323 -0.513071 0.856008 0.251514 0.379675 1 28 1.000000
 29 -60.412903 -2.383394 105.545776 0.041196 -0.285748 0.957419 0.291997 0.377310 1 28 1.000000
MarioHand_alb.png
 29 -63.242165 -2.584132 105.479332 -0.076298 -0.285784 0.955252 0.290410 0.340825 1 28 1.000000
 29 -63.109539 -5.354326 104.358963 -0.025565 -0.499097 0.866169 0.250080 0.342580 1 28 1.000000
 29 -60.286213 -5.224834 104.416489 0.063323 -0.513071 0.856008 0.251514 0.379675 1 28 1.000000
MarioHand_alb.png
 29 -60.412903 -2.383394 105.545776 0.041196 -0.285748 0.957419 0.291997 0.377310 1 28 1.000000
 29 -60.286213 -5.224834 104.416489 0.063323 -0.513071 0.856008 0.251514 0.379675 1 28 1.000000
 29 -57.304001 -2.193831 105.318283 0.140382 -0.289538 0.946816 0.293553 0.419318 1 28 1.000000
MarioHand_alb.png
 29 -65.573303 -5.793910 103.777519 -0.054946 -0.440805 0.895919 0.247776 0.308751 1 28 1.000000
 29 -62.863102 -7.406098 102.716248 0.013734 -0.824203 0.566127 0.214893 0.346059 1 28 1.000000
 29 -63.109539 -5.354326 104.358963 -0.025565 -0.499097 0.866169 0.250080 0.342580 1 28 1.000000
MarioHand_alb.png
 29 -63.109539 -5.354326 104.358963 -0.025565 -0.499097 0.866169 0.250080 0.342580 1 28 1.000000
 29 -62.863102 -7.406098 102.716248 0.013734 -0.824203 0.566127 0.214893 0.346059 1 28 1.000000
 29 -60.286213 -5.224834 104.416489 0.063323 -0.513071 0.856008 0.251514 0.379675 1 28 1.000000
MarioHand_alb.png
 29 -65.573303 -5.793910 103.777519 -0.054946 -0.440805 0.895919 0.247776 0.308751 1 28 1.000000
 29 -65.132011 -7.639612 102.380394 0.119776 -0.868282 0.481394 0.214389 0.313329 1 28 1.000000
 29 -62.863102 -7.406098 102.716248 0.013734 -0.824203 0.566127 0.214893 0.346059 1 28 1.000000
MarioHand_alb.png
 29 -62.863102 -7.406098 102.716248 0.013734 -0.824203 0.566127 0.214893 0.346059 1 28 1.000000
 29 -65.132011 -7.639612 102.380394 0.119776 -0.868282 0.481394 0.214389 0.313329 1 28 1.000000
 29 -64.883316 -8.246508 99.971992 0.102235 -0.993741 0.045014 0.182452 0.315709 1 28 1.000000
MarioHand_alb.png
 29 -62.863102 -7.406098 102.716248 0.013734 -0.824203 0.566127 0.214893 0.346059 1 28 1.000000
 29 -64.883316 -8.246508 99.971992 0.102235 -0.993741 0.045014 0.182452 0.315709 1 28 1.000000
 29 -62.282257 -8.145994 99.770645 -0.111004 -0.963561 0.243370 0.176455 0.352682 1 28 1.000000
MarioHand_alb.png
 29 -64.883316 -8.246508 99.971992 0.102235 -0.993741 0.045014 0.182452 0.315709 1 28 1.000000
 29 -65.061836 -7.899657 97.629257 -0.226597 -0.780311 -0.582897 0.151095 0.315785 1 28 1.000000
 29 -62.282257 -8.145994 99.770645 -0.111004 -0.963561 0.243370 0.176455 0.352682 1 28 1.000000
MarioHand_alb.png
 29 -60.286213 -5.224834 104.416489 0.063323 -0.513071 0.856008 0.251514 0.379675 1 28 1.000000
 29 -62.863102 -7.406098 102.716248 0.013734 -0.824203 0.566127 0.214893 0.346059 1 28 1.000000
 29 -60.031132 -7.636576 102.376747 0.034716 -0.770627 0.636340 0.209598 0.385321 1 28 1.000000
MarioHand_alb.png
 29 -62.863102 -7.406098 102.716248 0.013734 -0.824203 0.566127 0.214893 0.346059 1 28 1.000000
 29 -62.282257 -8.145994 99.770645 -0.111004 -0.963561 0.243370 0.176455 0.352682 1 28 1.000000
 29 -60.031132 -7.636576 102.376747 0.034716 -0.770627 0.636340 0.209598 0.385321 1 28 1.000000
MarioHand_alb.png
 29 -62.282257 -8.145994 99.770645 -0.111004 -0.963561 0.243370 0.176455 0.352682 1 28 1.000000
 29 -65.061836 -7.899657 97.629257 -0.226597 -0.780311 -0.582897 0.151095 0.315785 1 28 1.000000
 29 -62.194965 -8.840481 97.151031 -0.444051 -0.863591 0.238811 0.141619 0.364279 1 28 1.000000
MarioHand_alb.png
 29 -65.061836 -7.899657 97.629257 -0.226597 -0.780311 -0.582897 0.151095 0.315785 1 28 1.000000
 29 -63.862976 -7.845395 95.706276 -0.833139 -0.526243 -0.170137 0.121752 0.337270 1 28 1.000000
 29 -62.194965 -8.840481 97.151031 -0.444051 -0.863591 0.238811 0.141619 0.364279 1 28 1.000000
MarioHand_alb.png
 29 -62.282257 -8.145994 99.770645 -0.111004 -0.963561 0.243370 0.176455 0.352682 1 28 1.000000
 29 -62.194965 -8.840481 97.151031 -0.444051 -0.863591 0.238811 0.141619 0.364279 1 28 1.000000
 29 -59.102707 -9.234436 98.809471 -0.091932 -0.892047 0.442495 0.159213 0.405127 1 28 1.000000
MarioHand_alb.png
 29 -60.031132 -7.636576 102.376747 0.034716 -0.770627 0.636340 0.209598 0.385321 1 28 1.000000
 29 -62.282257 -8.145994 99.770645 -0.111004 -0.963561 0.243370 0.176455 0.352682 1 28 1.000000
 29 -59.102707 -9.234436 98.809471 -0.091932 -0.892047 0.442495 0.159213 0.405127 1 28 1.000000
MarioHand_alb.png
 29 -62.194965 -8.840481 97.151031 -0.444051 -0.863591 0.238811 0.141619 0.364279 1 28 1.000000
 29 -63.862976 -7.845395 95.706276 -0.833139 -0.526243 -0.170137 0.121752 0.337270 1 28 1.000000
 29 -61.294170 -10.395634 95.038971 -0.480710 -0.639707 0.599743 0.112230 0.383856 1 28 1.000000
MarioHand_alb.png
 29 -61.294170 -10.395634 95.038971 -0.480710 -0.639707 0.599743 0.112230 0.383856 1 28 1.000000
 29 -63.862976 -7.845395 95.706276 -0.833139 -0.526243 -0.170137 0.121752 0.337270 1 28 1.000000
 29 -63.423058 -8.390337 93.801949 -0.968839 -0.140939 0.203685 0.100038 0.344030 1 28 1.000000
MarioHand_alb.png
 29 -59.102707 -9.234436 98.809471 -0.091932 -0.892047 0.442495 0.159213 0.405127 1 28 1.000000
 29 -62.194965 -8.840481 97.151031 -0.444051 -0.863591 0.238811 0.141619 0.364279 1 28 1.000000
 29 -61.294170 -10.395634 95.038971 -0.480710 -0.639707 0.599743 0.112230 0.383856 1 28 1.000000
MarioHand_alb.png
 29 -60.286213 -5.224834 104.416489 0.063323 -0.513071 0.856008 0.251514 0.379675 1 28 1.000000
 29 -60.031132 -7.636576 102.376747 0.034716 -0.770627 0.636340 0.209598 0.385321 1 28 1.000000
 29 -56.996002 -5.040452 104.183258 0.183849 -0.527804 0.829230 0.253574 0.423453 1 28 1.000000
MarioHand_alb.png
 29 -57.304001 -2.193831 105.318283 0.140382 -0.289538 0.946816 0.293553 0.419318 1 28 1.000000
 29 -60.286213 -5.224834 104.416489 0.063323 -0.513071 0.856008 0.251514 0.379675 1 28 1.000000
 29 -56.996002 -5.040452 104.183258 0.183849 -0.527804 0.829230 0.253574 0.423453 1 28 1.000000
MarioHand_alb.png
 29 -59.102707 -9.234436 98.809471 -0.091932 -0.892047 0.442495 0.159213 0.405127 1 28 1.000000
 29 -61.294170 -10.395634 95.038971 -0.480710 -0.639707 0.599743 0.112230 0.383856 1 28 1.000000
 29 -58.325478 -11.918154 94.983505 0.168982 -0.845481 0.506564 0.103441 0.430396 1 28 1.000000
MarioHand_alb.png
 29 -61.294170 -10.395634 95.038971 -0.480710 -0.639707 0.599743 0.112230 0.383856 1 28 1.000000
 29 -60.355034 -12.281630 94.361450 -0.063328 -0.530375 0.845395 0.092897 0.401892 1 28 1.000000
 29 -58.325478 -11.918154 94.983505 0.168982 -0.845481 0.506564 0.103441 0.430396 1 28 1.000000
MarioHand_alb.png
 29 -58.325478 -11.918154 94.983505 0.168982 -0.845481 0.506564 0.103441 0.430396 1 28 1.000000
 29 -60.355034 -12.281630 94.361450 -0.063328 -0.530375 0.845395 0.092897 0.401892 1 28 1.000000
 29 -59.346313 -13.654354 92.971252 0.333021 -0.791355 0.512693 0.070771 0.417075 1 28 1.000000
MarioHand_alb.png
 29 -60.031132 -7.636576 102.376747 0.034716 -0.770627 0.636340 0.209598 0.385321 1 28 1.000000
 29 -59.102707 -9.234436 98.809471 -0.091932 -0.892047 0.442495 0.159213 0.405127 1 28 1.000000
 29 -56.052860 -8.766308 99.372940 0.217050 -0.864194 0.453936 0.174701 0.444327 1 28 1.000000
MarioHand_alb.png
 29 -58.325478 -11.918154 94.983505 0.168982 -0.845481 0.506564 0.103441 0.430396 1 28 1.000000
 29 -59.346313 -13.654354 92.971252 0.333021 -0.791355 0.512693 0.070771 0.417075 1 28 1.000000
 29 -57.317005 -12.363590 92.975960 0.574074 -0.790449 0.213609 0.076204 0.446952 1 28 1.000000
MarioHand_alb.png
 29 -59.346313 -13.654354 92.971252 0.333021 -0.791355 0.512693 0.070771 0.417075 1 28 1.000000
 29 -58.709011 -13.860849 91.214172 0.563434 -0.823789 0.062561 0.047776 0.428840 1 28 1.000000
 29 -57.317005 -12.363590 92.975960 0.574074 -0.790449 0.213609 0.076204 0.446952 1 28 1.000000
MarioHand_alb.png
 29 -59.102707 -9.234436 98.809471 -0.091932 -0.892047 0.442495 0.159213 0.405127 1 28 1.000000
 29 -58.325478 -11.918154 94.983505 0.168982 -0.845481 0.506564 0.103441 0.430396 1 28 1.000000
 29 -55.905209 -10.122440 96.542610 0.360484 -0.854575 0.373835 0.134386 0.459648 1 28 1.000000
MarioHand_alb.png
 29 -59.102707 -9.234436 98.809471 -0.091932 -0.892047 0.442495 0.159213 0.405127 1 28 1.000000
 29 -55.905209 -10.122440 96.542610 0.360484 -0.854575 0.373835 0.134386 0.459648 1 28 1.000000
 29 -56.052860 -8.766308 99.372940 0.217050 -0.864194 0.453936 0.174701 0.444327 1 28 1.000000
MarioHand_alb.png
 29 -57.317005 -12.363590 92.975960 0.574074 -0.790449 0.213609 0.076204 0.446952 1 28 1.000000
 29 -58.709011 -13.860849 91.214172 0.563434 -0.823789 0.062561 0.047776 0.428840 1 28 1.000000
 29 -56.569290 -11.986380 90.516411 0.675555 -0.718659 -0.164788 0.046311 0.466056 1 28 1.000000
MarioHand_alb.png
 29 -58.709011 -13.860849 91.214172 0.563434 -0.823789 0.062561 0.047776 0.428840 1 28 1.000000
 29 -58.369003 -13.274326 89.271469 0.608843 -0.689145 -0.392925 0.023697 0.441871 1 28 1.000000
 29 -56.569290 -11.986380 90.516411 0.675555 -0.718659 -0.164788 0.046311 0.466056 1 28 1.000000
MarioHand_alb.png
 29 -58.325478 -11.918154 94.983505 0.168982 -0.845481 0.506564 0.103441 0.430396 1 28 1.000000
 29 -57.317005 -12.363590 92.975960 0.574074 -0.790449 0.213609 0.076204 0.446952 1 28 1.000000
 29 -55.230690 -10.546225 93.878319 0.547030 -0.823787 0.148774 0.100938 0.476234 1 28 1.000000
MarioHand_alb.png
 29 -57.317005 -12.363590 92.975960 0.574074 -0.790449 0.213609 0.076204 0.446952 1 28 1.000000
 29 -56.569290 -11.986380 90.516411 0.675555 -0.718659 -0.164788 0.046311 0.466056 1 28 1.000000
 29 -55.230690 -10.546225 93.878319 0.547030 -0.823787 0.148774 0.100938 0.476234 1 28 1.000000
MarioHand_alb.png
 29 -58.325478 -11.918154 94.983505 0.168982 -0.845481 0.506564 0.103441 0.430396 1 28 1.000000
 29 -55.230690 -10.546225 93.878319 0.547030 -0.823787 0.148774 0.100938 0.476234 1 28 1.000000
 29 -55.905209 -10.122440 96.542610 0.360484 -0.854575 0.373835 0.134386 0.459648 1 28 1.000000
MarioHand_alb.png
 29 -55.230690 -10.546225 93.878319 0.547030 -0.823787 0.148774 0.100938 0.476234 1 28 1.000000
 29 -56.569290 -11.986380 90.516411 0.675555 -0.718659 -0.164788 0.046311 0.466056 1 28 1.000000
 29 -54.780861 -10.398161 90.697594 0.632097 -0.741484 -0.225068 0.063996 0.499779 1 28 1.000000
MarioHand_alb.png
 29 -55.230690 -10.546225 93.878319 0.547030 -0.823787 0.148774 0.100938 0.476234 1 28 1.000000
 29 -54.780861 -10.398161 90.697594 0.632097 -0.741484 -0.225068 0.063996 0.499779 1 28 1.000000
 29 -52.491535 -8.571440 91.233482 0.661860 -0.712596 -0.232700 0.087922 0.533257 1 28 1.000000
MarioHand_alb.png
 29 -55.230690 -10.546225 93.878319 0.547030 -0.823787 0.148774 0.100938 0.476234 1 28 1.000000
 29 -52.491535 -8.571440 91.233482 0.661860 -0.712596 -0.232700 0.087922 0.533257 1 28 1.000000
 29 -52.796345 -8.946207 94.686539 0.590519 -0.803762 0.072480 0.127489 0.507881 1 28 1.000000
MarioHand_alb.png
 29 -55.905209 -10.122440 96.542610 0.360484 -0.854575 0.373835 0.134386 0.459648 1 28 1.000000
 29 -55.230690 -10.546225 93.878319 0.547030 -0.823787 0.148774 0.100938 0.476234 1 28 1.000000
 29 -52.796345 -8.946207 94.686539 0.590519 -0.803762 0.072480 0.127489 0.507881 1 28 1.000000
MarioHand_alb.png
 29 -52.796345 -8.946207 94.686539 0.590519 -0.803762 0.072480 0.127489 0.507881 1 28 1.000000
 29 -52.491535 -8.571440 91.233482 0.661860 -0.712596 -0.232700 0.087922 0.533257 1 28 1.000000
 29 -50.563141 -6.706990 92.293106 0.762175 -0.620936 -0.183105 0.119387 0.559411 1 28 1.000000
MarioHand_alb.png
 29 -55.905209 -10.122440 96.542610 0.360484 -0.854575 0.373835 0.134386 0.459648 1 28 1.000000
 29 -52.796345 -8.946207 94.686539 0.590519 -0.803762 0.072480 0.127489 0.507881 1 28 1.000000
 29 -53.139904 -8.531208 97.505775 0.483340 -0.816757 0.315105 0.162081 0.491920 1 28 1.000000
MarioHand_alb.png
 29 -56.052860 -8.766308 99.372940 0.217050 -0.864194 0.453936 0.174701 0.444327 1 28 1.000000
 29 -55.905209 -10.122440 96.542610 0.360484 -0.854575 0.373835 0.134386 0.459648 1 28 1.000000
 29 -53.139904 -8.531208 97.505775 0.483340 -0.816757 0.315105 0.162081 0.491920 1 28 1.000000
MarioHand_alb.png
 29 -52.796345 -8.946207 94.686539 0.590519 -0.803762 0.072480 0.127489 0.507881 1 28 1.000000
 29 -50.563141 -6.706990 92.293106 0.762175 -0.620936 -0.183105 0.119387 0.559411 1 28 1.000000
 29 -50.661945 -7.043683 95.723633 0.702667 -0.708198 0.068664 0.158923 0.534676 1 28 1.000000
MarioHand_alb.png
 29 -53.139904 -8.531208 97.505775 0.483340 -0.816757 0.315105 0.162081 0.491920 1 28 1.000000
 29 -52.796345 -8.946207 94.686539 0.590519 -0.803762 0.072480 0.127489 0.507881 1 28 1.000000
 29 -50.661945 -7.043683 95.723633 0.702667 -0.708198 0.068664 0.158923 0.534676 1 28 1.000000
MarioHand_alb.png
 29 -50.661945 -7.043683 95.723633 0.702667 -0.708198 0.068664 0.158923 0.534676 1 28 1.000000
 29 -50.563141 -6.706990 92.293106 0.762175 -0.620936 -0.183105 0.119387 0.559411 1 28 1.000000
 29 -49.153854 -4.494934 93.128525 0.252534 -0.892451 -0.373841 0.146151 0.585962 1 28 1.000000
MarioHand_alb.png
 29 -50.661945 -7.043683 95.723633 0.702667 -0.708198 0.068664 0.158923 0.534676 1 28 1.000000
 29 -49.153854 -4.494934 93.128525 0.252534 -0.892451 -0.373841 0.146151 0.585962 1 28 1.000000
 29 -49.153854 -5.193115 96.311340 0.091929 -0.995671 0.013732 0.181735 0.558999 1 28 1.000000
MarioHand_alb.png
 29 -49.153854 -4.492932 99.494164 0.033569 -0.895387 0.444022 0.224308 0.543908 1 28 1.000000
 29 -50.661945 -7.043683 95.723633 0.702667 -0.708198 0.068664 0.158923 0.534676 1 28 1.000000
 29 -49.153854 -5.193115 96.311340 0.091929 -0.995671 0.013732 0.181735 0.558999 1 28 1.000000
MarioHand_alb.png
 29 -53.139904 -8.531208 97.505775 0.483340 -0.816757 0.315105 0.162081 0.491920 1 28 1.000000
 29 -50.661945 -7.043683 95.723633 0.702667 -0.708198 0.068664 0.158923 0.534676 1 28 1.000000
 29 -51.084854 -5.996004 99.788765 0.551635 -0.729504 0.404379 0.211322 0.512932 1 28 1.000000
MarioHand_alb.png
 29 -49.153854 -4.492932 99.494164 0.033569 -0.895387 0.444022 0.224308 0.543908 1 28 1.000000
 29 -51.084854 -5.996004 99.788765 0.551635 -0.729504 0.404379 0.211322 0.512932 1 28 1.000000
 29 -50.661945 -7.043683 95.723633 0.702667 -0.708198 0.068664 0.158923 0.534676 1 28 1.000000
MarioHand_alb.png
 29 -56.052860 -8.766308 99.372940 0.217050 -0.864194 0.453936 0.174701 0.444327 1 28 1.000000
 29 -53.139904 -8.531208 97.505775 0.483340 -0.816757 0.315105 0.162081 0.491920 1 28 1.000000
 29 -53.649502 -6.697954 101.024261 0.375777 -0.724086 0.578353 0.213260 0.473793 1 28 1.000000
MarioHand_alb.png
 29 -53.649502 -6.697954 101.024261 0.375777 -0.724086 0.578353 0.213260 0.473793 1 28 1.000000
 29 -53.139904 -8.531208 97.505775 0.483340 -0.816757 0.315105 0.162081 0.491920 1 28 1.000000
 29 -51.084854 -5.996004 99.788765 0.551635 -0.729504 0.404379 0.211322 0.512932 1 28 1.000000
MarioHand_alb.png
 29 -51.576790 -4.334664 102.283005 0.450191 -0.624831 0.637898 0.250446 0.500832 1 28 1.000000
 29 -51.084854 -5.996004 99.788765 0.551635 -0.729504 0.404379 0.211322 0.512932 1 28 1.000000
 29 -49.153854 -4.492932 99.494164 0.033569 -0.895387 0.444022 0.224308 0.543908 1 28 1.000000
MarioHand_alb.png
 29 -51.576790 -4.334664 102.283005 0.450191 -0.624831 0.637898 0.250446 0.500832 1 28 1.000000
 29 -53.649502 -6.697954 101.024261 0.375777 -0.724086 0.578353 0.213260 0.473793 1 28 1.000000
 29 -51.084854 -5.996004 99.788765 0.551635 -0.729504 0.404379 0.211322 0.512932 1 28 1.000000
MarioHand_alb.png
 29 -49.153854 -2.597457 102.210884 -0.050729 -0.666508 0.743770 0.270665 0.536034 1 28 1.000000
 29 -51.576790 -4.334664 102.283005 0.450191 -0.624831 0.637898 0.250446 0.500832 1 28 1.000000
 29 -49.153854 -4.492932 99.494164 0.033569 -0.895387 0.444022 0.224308 0.543908 1 28 1.000000
MarioHand_alb.png
 29 -56.542076 -7.441599 101.930923 0.218946 -0.725686 0.652259 0.211231 0.432349 1 28 1.000000
 29 -56.052860 -8.766308 99.372940 0.217050 -0.864194 0.453936 0.174701 0.444327 1 28 1.000000
 29 -53.649502 -6.697954 101.024261 0.375777 -0.724086 0.578353 0.213260 0.473793 1 28 1.000000
MarioHand_alb.png
 29 -60.031132 -7.636576 102.376747 0.034716 -0.770627 0.636340 0.209598 0.385321 1 28 1.000000
 29 -56.052860 -8.766308 99.372940 0.217050 -0.864194 0.453936 0.174701 0.444327 1 28 1.000000
 29 -56.542076 -7.441599 101.930923 0.218946 -0.725686 0.652259 0.211231 0.432349 1 28 1.000000
MarioHand_alb.png
 29 -56.996002 -5.040452 104.183258 0.183849 -0.527804 0.829230 0.253574 0.423453 1 28 1.000000
 29 -60.031132 -7.636576 102.376747 0.034716 -0.770627 0.636340 0.209598 0.385321 1 28 1.000000
 29 -56.542076 -7.441599 101.930923 0.218946 -0.725686 0.652259 0.211231 0.432349 1 28 1.000000
MarioHand_alb.png
 29 -54.218422 -4.587862 103.566345 0.307512 -0.538624 0.784424 0.255756 0.461769 1 28 1.000000
 29 -56.542076 -7.441599 101.930923 0.218946 -0.725686 0.652259 0.211231 0.432349 1 28 1.000000
 29 -53.649502 -6.697954 101.024261 0.375777 -0.724086 0.578353 0.213260 0.473793 1 28 1.000000
MarioHand_alb.png
 29 -56.996002 -5.040452 104.183258 0.183849 -0.527804 0.829230 0.253574 0.423453 1 28 1.000000
 29 -56.542076 -7.441599 101.930923 0.218946 -0.725686 0.652259 0.211231 0.432349 1 28 1.000000
 29 -54.218422 -4.587862 103.566345 0.307512 -0.538624 0.784424 0.255756 0.461769 1 28 1.000000
MarioHand_alb.png
 29 -54.218422 -4.587862 103.566345 0.307512 -0.538624 0.784424 0.255756 0.461769 1 28 1.000000
 29 -53.649502 -6.697954 101.024261 0.375777 -0.724086 0.578353 0.213260 0.473793 1 28 1.000000
 29 -51.576790 -4.334664 102.283005 0.450191 -0.624831 0.637898 0.250446 0.500832 1 28 1.000000
MarioHand_alb.png
 29 -51.531200 -1.940189 103.899513 0.346758 -0.424912 0.836187 0.289647 0.499779 1 28 1.000000
 29 -51.576790 -4.334664 102.283005 0.450191 -0.624831 0.637898 0.250446 0.500832 1 28 1.000000
 29 -49.153854 -2.597457 102.210884 -0.050729 -0.666508 0.743770 0.270665 0.536034 1 28 1.000000
MarioHand_alb.png
 29 -51.531200 -1.940189 103.899513 0.346758 -0.424912 0.836187 0.289647 0.499779 1 28 1.000000
 29 -54.218422 -4.587862 103.566345 0.307512 -0.538624 0.784424 0.255756 0.461769 1 28 1.000000
 29 -51.576790 -4.334664 102.283005 0.450191 -0.624831 0.637898 0.250446 0.500832 1 28 1.000000
MarioHand_alb.png
 29 -49.153858 0.288227 103.995384 -0.048843 -0.305579 0.950913 0.318761 0.533455 1 28 1.000000
 29 -51.531200 -1.940189 103.899513 0.346758 -0.424912 0.836187 0.289647 0.499779 1 28 1.000000
 29 -49.153854 -2.597457 102.210884 -0.050729 -0.666508 0.743770 0.270665 0.536034 1 28 1.000000
MarioHand_alb.png
 29 -54.258957 -1.967411 104.733223 0.219297 -0.307289 0.926003 0.293660 0.461326 1 28 1.000000
 29 -56.996002 -5.040452 104.183258 0.183849 -0.527804 0.829230 0.253574 0.423453 1 28 1.000000
 29 -54.218422 -4.587862 103.566345 0.307512 -0.538624 0.784424 0.255756 0.461769 1 28 1.000000
MarioHand_alb.png
 29 -54.258957 -1.967411 104.733223 0.219297 -0.307289 0.926003 0.293660 0.461326 1 28 1.000000
 29 -54.218422 -4.587862 103.566345 0.307512 -0.538624 0.784424 0.255756 0.461769 1 28 1.000000
 29 -51.531200 -1.940189 103.899513 0.346758 -0.424912 0.836187 0.289647 0.499779 1 28 1.000000
MarioHand_alb.png
 29 -57.304001 -2.193831 105.318283 0.140382 -0.289538 0.946816 0.293553 0.419318 1 28 1.000000
 29 -56.996002 -5.040452 104.183258 0.183849 -0.527804 0.829230 0.253574 0.423453 1 28 1.000000
 29 -54.258957 -1.967411 104.733223 0.219297 -0.307289 0.926003 0.293660 0.461326 1 28 1.000000
MarioHand_alb.png
 29 -51.566517 0.607702 104.789063 0.240633 -0.193703 0.951091 0.326329 0.499443 1 28 1.000000
 29 -51.531200 -1.940189 103.899513 0.346758 -0.424912 0.836187 0.289647 0.499779 1 28 1.000000
 29 -49.153858 0.288227 103.995384 -0.048843 -0.305579 0.950913 0.318761 0.533455 1 28 1.000000
MarioHand_alb.png
 29 -51.566517 0.607702 104.789063 0.240633 -0.193703 0.951091 0.326329 0.499443 1 28 1.000000
 29 -54.258957 -1.967411 104.733223 0.219297 -0.307289 0.926003 0.293660 0.461326 1 28 1.000000
 29 -51.531200 -1.940189 103.899513 0.346758 -0.424912 0.836187 0.289647 0.499779 1 28 1.000000
MarioHand_alb.png
 29 -49.160114 3.669015 104.654564 0.038902 0.003909 0.999235 0.367300 0.533974 1 28 1.000000
 29 -51.566517 0.607702 104.789063 0.240633 -0.193703 0.951091 0.326329 0.499443 1 28 1.000000
 29 -49.153858 0.288227 103.995384 -0.048843 -0.305579 0.950913 0.318761 0.533455 1 28 1.000000
MarioHand_alb.png
 29 -54.250469 0.664014 105.425781 0.172062 -0.154739 0.972857 0.329656 0.462028 1 28 1.000000
 29 -57.304001 -2.193831 105.318283 0.140382 -0.289538 0.946816 0.293553 0.419318 1 28 1.000000
 29 -54.258957 -1.967411 104.733223 0.219297 -0.307289 0.926003 0.293660 0.461326 1 28 1.000000
MarioHand_alb.png
 29 -54.250469 0.664014 105.425781 0.172062 -0.154739 0.972857 0.329656 0.462028 1 28 1.000000
 29 -54.258957 -1.967411 104.733223 0.219297 -0.307289 0.926003 0.293660 0.461326 1 28 1.000000
 29 -51.566517 0.607702 104.789063 0.240633 -0.193703 0.951091 0.326329 0.499443 1 28 1.000000
MarioHand_alb.png
 29 -57.442066 0.657048 105.916054 0.109867 -0.133149 0.984988 0.331746 0.418189 1 28 1.000000
 29 -57.304001 -2.193831 105.318283 0.140382 -0.289538 0.946816 0.293553 0.419318 1 28 1.000000
 29 -54.250469 0.664014 105.425781 0.172062 -0.154739 0.972857 0.329656 0.462028 1 28 1.000000
MarioHand_alb.png
 29 -54.173656 3.696595 105.728447 0.160563 0.001955 0.987024 0.369955 0.464149 1 28 1.000000
 29 -57.442066 0.657048 105.916054 0.109867 -0.133149 0.984988 0.331746 0.418189 1 28 1.000000
 29 -54.250469 0.664014 105.425781 0.172062 -0.154739 0.972857 0.329656 0.462028 1 28 1.000000
MarioHand_alb.png
 29 -51.494301 3.598827 105.257210 0.240728 -0.009824 0.970543 0.367361 0.501091 1 28 1.000000
 29 -51.566517 0.607702 104.789063 0.240633 -0.193703 0.951091 0.326329 0.499443 1 28 1.000000
 29 -49.160114 3.669015 104.654564 0.038902 0.003909 0.999235 0.367300 0.533974 1 28 1.000000
MarioHand_alb.png
 29 -51.494301 3.598827 105.257210 0.240728 -0.009824 0.970543 0.367361 0.501091 1 28 1.000000
 29 -54.250469 0.664014 105.425781 0.172062 -0.154739 0.972857 0.329656 0.462028 1 28 1.000000
 29 -51.566517 0.607702 104.789063 0.240633 -0.193703 0.951091 0.326329 0.499443 1 28 1.000000
MarioHand_alb.png
 29 -54.173656 3.696595 105.728447 0.160563 0.001955 0.987024 0.369955 0.464149 1 28 1.000000
 29 -54.250469 0.664014 105.425781 0.172062 -0.154739 0.972857 0.329656 0.462028 1 28 1.000000
 29 -51.494301 3.598827 105.257210 0.240728 -0.009824 0.970543 0.367361 0.501091 1 28 1.000000
MarioHand_alb.png
 29 -51.428905 7.090028 104.809418 0.291348 0.240439 0.925908 0.414908 0.503975 1 28 1.000000
 29 -51.494301 3.598827 105.257210 0.240728 -0.009824 0.970543 0.367361 0.501091 1 28 1.000000
 29 -49.160114 3.669015 104.654564 0.038902 0.003909 0.999235 0.367300 0.533974 1 28 1.000000
MarioHand_alb.png
 29 -54.173656 3.696595 105.728447 0.160563 0.001955 0.987024 0.369955 0.464149 1 28 1.000000
 29 -51.494301 3.598827 105.257210 0.240728 -0.009824 0.970543 0.367361 0.501091 1 28 1.000000
 29 -51.428905 7.090028 104.809418 0.291348 0.240439 0.925908 0.414908 0.503975 1 28 1.000000
MarioHand_alb.png
 29 -49.153858 0.286234 88.627304 0.031275 -0.266162 -0.963421 0.252018 0.893233 1 28 1.000000
 29 -49.160366 3.667030 87.968124 -0.133154 0.052723 -0.989692 0.206943 0.893233 1 28 1.000000
 29 -48.257683 3.474375 87.442879 -0.324907 -0.003909 -0.945738 0.206943 0.908217 1 28 1.000000
MarioHand_alb.png
 29 -48.257683 -0.119251 88.143555 -0.366183 -0.342781 -0.865108 0.252018 0.908217 1 28 1.000000
 29 -49.153858 0.286234 88.627304 0.031275 -0.266162 -0.963421 0.252018 0.893233 1 28 1.000000
 29 -48.257683 3.474375 87.442879 -0.324907 -0.003909 -0.945738 0.206943 0.908217 1 28 1.000000
MarioHand_alb.png
 29 -49.153858 -2.599454 90.411789 0.308965 -0.635096 -0.707951 0.293767 0.893233 1 28 1.000000
 29 -49.153858 0.286234 88.627304 0.031275 -0.266162 -0.963421 0.252018 0.893233 1 28 1.000000
 29 -48.257683 -0.119251 88.143555 -0.366183 -0.342781 -0.865108 0.252018 0.908217 1 28 1.000000
MarioHand_alb.png
 29 -47.136055 3.405868 87.253006 0.068264 -0.005911 -0.997650 0.206943 0.924254 1 28 1.000000
 29 -48.257683 -0.119251 88.143555 -0.366183 -0.342781 -0.865108 0.252018 0.908217 1 28 1.000000
 29 -48.257683 3.474375 87.442879 -0.324907 -0.003909 -0.945738 0.206943 0.908217 1 28 1.000000
MarioHand_alb.png
 29 -48.257679 -3.186599 90.040390 -0.403191 -0.630010 -0.663720 0.293767 0.908217 1 28 1.000000
 29 -49.153858 -2.599454 90.411789 0.308965 -0.635096 -0.707951 0.293767 0.893233 1 28 1.000000
 29 -48.257683 -0.119251 88.143555 -0.366183 -0.342781 -0.865108 0.252018 0.908217 1 28 1.000000
MarioHand_alb.png
 29 -49.153854 -4.494934 93.128525 0.252534 -0.892451 -0.373841 0.337987 0.893233 1 28 1.000000
 29 -49.153858 -2.599454 90.411789 0.308965 -0.635096 -0.707951 0.293767 0.893233 1 28 1.000000
 29 -48.257679 -3.186599 90.040390 -0.403191 -0.630010 -0.663720 0.293767 0.908217 1 28 1.000000
MarioHand_alb.png
 29 -47.148872 -0.264698 87.968689 0.068266 -0.367519 -0.927507 0.252018 0.924254 1 28 1.000000
 29 -48.257683 -0.119251 88.143555 -0.366183 -0.342781 -0.865108 0.252018 0.908217 1 28 1.000000
 29 -47.136055 3.405868 87.253006 0.068264 -0.005911 -0.997650 0.206943 0.924254 1 28 1.000000
MarioHand_alb.png
 29 -48.257679 -3.186599 90.040390 -0.403191 -0.630010 -0.663720 0.293767 0.908217 1 28 1.000000
 29 -48.257683 -0.119251 88.143555 -0.366183 -0.342781 -0.865108 0.252018 0.908217 1 28 1.000000
 29 -47.148872 -0.264698 87.968689 0.068266 -0.367519 -0.927507 0.252018 0.924254 1 28 1.000000
MarioHand_alb.png
 29 -49.153854 -4.494934 93.128525 0.252534 -0.892451 -0.373841 0.337987 0.893233 1 28 1.000000
 29 -48.257679 -3.186599 90.040390 -0.403191 -0.630010 -0.663720 0.293767 0.908217 1 28 1.000000
 29 -48.257675 -5.201403 92.928146 -0.430318 -0.827065 -0.361650 0.337987 0.908217 1 28 1.000000
MarioHand_alb.png
 29 -49.153854 -5.193115 96.311340 0.091929 -0.995671 0.013732 0.389715 0.893233 1 28 1.000000
 29 -49.153854 -4.494934 93.128525 0.252534 -0.892451 -0.373841 0.337987 0.893233 1 28 1.000000
 29 -48.257675 -5.201403 92.928146 -0.430318 -0.827065 -0.361650 0.337987 0.908217 1 28 1.000000
MarioHand_alb.png
 29 -48.257679 -3.186599 90.040390 -0.403191 -0.630010 -0.663720 0.293767 0.908217 1 28 1.000000
 29 -47.148872 -0.264698 87.968689 0.068266 -0.367519 -0.927507 0.252018 0.924254 1 28 1.000000
 29 -47.159790 -3.397720 89.906143 0.068285 -0.688764 -0.721762 0.293767 0.924254 1 28 1.000000
MarioHand_alb.png
 29 -48.257675 -5.201403 92.928146 -0.430318 -0.827065 -0.361650 0.337987 0.908217 1 28 1.000000
 29 -48.257679 -3.186599 90.040390 -0.403191 -0.630010 -0.663720 0.293767 0.908217 1 28 1.000000
 29 -47.159790 -3.397720 89.906143 0.068285 -0.688764 -0.721762 0.293767 0.924254 1 28 1.000000
MarioHand_alb.png
 29 -45.830849 -0.058113 88.302689 0.508391 -0.310487 -0.803204 0.252018 0.940383 1 28 1.000000
 29 -47.148872 -0.264698 87.968689 0.068266 -0.367519 -0.927507 0.252018 0.924254 1 28 1.000000
 29 -47.136055 3.405868 87.253006 0.068264 -0.005911 -0.997650 0.206943 0.924254 1 28 1.000000
MarioHand_alb.png
 29 -45.830849 -0.058113 88.302689 0.508391 -0.310487 -0.803204 0.252018 0.940383 1 28 1.000000
 29 -47.136055 3.405868 87.253006 0.068264 -0.005911 -0.997650 0.206943 0.924254 1 28 1.000000
 29 -45.830849 3.465497 87.615662 0.505148 0.003911 -0.863024 0.206943 0.940383 1 28 1.000000
MarioHand_alb.png
 29 -45.018364 3.410862 88.582138 0.992422 -0.003909 0.122813 0.206943 0.956008 1 28 1.000000
 29 -45.830849 -0.058113 88.302689 0.508391 -0.310487 -0.803204 0.252018 0.940383 1 28 1.000000
 29 -45.830849 3.465497 87.615662 0.505148 0.003911 -0.863024 0.206943 0.940383 1 28 1.000000
MarioHand_alb.png
 29 -45.029293 0.278883 89.192810 0.991780 0.045009 0.119777 0.252018 0.956008 1 28 1.000000
 29 -45.830849 -0.058113 88.302689 0.508391 -0.310487 -0.803204 0.252018 0.940383 1 28 1.000000
 29 -45.018364 3.410862 88.582138 0.992422 -0.003909 0.122813 0.206943 0.956008 1 28 1.000000
MarioHand_alb.png
 29 -45.038620 -2.394424 90.845978 0.992515 0.084156 0.088495 0.293767 0.956008 1 28 1.000000
 29 -45.830849 -0.058113 88.302689 0.508391 -0.310487 -0.803204 0.252018 0.940383 1 28 1.000000
 29 -45.029293 0.278883 89.192810 0.991780 0.045009 0.119777 0.252018 0.956008 1 28 1.000000
MarioHand_alb.png
 29 -45.830849 -0.058113 88.302689 0.508391 -0.310487 -0.803204 0.252018 0.940383 1 28 1.000000
 29 -45.830845 -3.065699 90.162575 0.515423 -0.586360 -0.624917 0.293767 0.940383 1 28 1.000000
 29 -47.148872 -0.264698 87.968689 0.068266 -0.367519 -0.927507 0.252018 0.924254 1 28 1.000000
MarioHand_alb.png
 29 -45.038620 -2.394424 90.845978 0.992515 0.084156 0.088495 0.293767 0.956008 1 28 1.000000
 29 -45.830845 -3.065699 90.162575 0.515423 -0.586360 -0.624917 0.293767 0.940383 1 28 1.000000
 29 -45.830849 -0.058113 88.302689 0.508391 -0.310487 -0.803204 0.252018 0.940383 1 28 1.000000
MarioHand_alb.png
 29 -47.159790 -3.397720 89.906143 0.068285 -0.688764 -0.721762 0.293767 0.924254 1 28 1.000000
 29 -47.148872 -0.264698 87.968689 0.068266 -0.367519 -0.927507 0.252018 0.924254 1 28 1.000000
 29 -45.830845 -3.065699 90.162575 0.515423 -0.586360 -0.624917 0.293767 0.940383 1 28 1.000000
MarioHand_alb.png
 29 -45.044750 -4.150399 93.362755 0.992556 0.111577 0.048827 0.337987 0.956008 1 28 1.000000
 29 -45.830845 -3.065699 90.162575 0.515423 -0.586360 -0.624917 0.293767 0.940383 1 28 1.000000
 29 -45.038620 -2.394424 90.845978 0.992515 0.084156 0.088495 0.293767 0.956008 1 28 1.000000
MarioHand_alb.png
 29 -45.044750 -4.150399 93.362755 0.992556 0.111577 0.048827 0.337987 0.956008 1 28 1.000000
 29 -45.830853 -5.041245 92.994057 0.524500 -0.778453 -0.344835 0.337987 0.940383 1 28 1.000000
 29 -45.830845 -3.065699 90.162575 0.515423 -0.586360 -0.624917 0.293767 0.940383 1 28 1.000000
MarioHand_alb.png
 29 -47.159790 -3.397720 89.906143 0.068285 -0.688764 -0.721762 0.293767 0.924254 1 28 1.000000
 29 -45.830845 -3.065699 90.162575 0.515423 -0.586360 -0.624917 0.293767 0.940383 1 28 1.000000
 29 -45.830853 -5.041245 92.994057 0.524500 -0.778453 -0.344835 0.337987 0.940383 1 28 1.000000
MarioHand_alb.png
 29 -45.047016 -4.799055 96.311356 0.993320 0.115391 0.000000 0.389715 0.956008 1 28 1.000000
 29 -45.830853 -5.041245 92.994057 0.524500 -0.778453 -0.344835 0.337987 0.940383 1 28 1.000000
 29 -45.044750 -4.150399 93.362755 0.992556 0.111577 0.048827 0.337987 0.956008 1 28 1.000000
MarioHand_alb.png
 29 -47.159790 -3.397720 89.906143 0.068285 -0.688764 -0.721762 0.293767 0.924254 1 28 1.000000
 29 -45.830853 -5.041245 92.994057 0.524500 -0.778453 -0.344835 0.337987 0.940383 1 28 1.000000
 29 -47.166988 -5.455658 92.855705 0.068663 -0.915036 -0.397485 0.337987 0.924254 1 28 1.000000
MarioHand_alb.png
 29 -48.257675 -5.201403 92.928146 -0.430318 -0.827065 -0.361650 0.337987 0.908217 1 28 1.000000
 29 -47.159790 -3.397720 89.906143 0.068285 -0.688764 -0.721762 0.293767 0.924254 1 28 1.000000
 29 -47.166988 -5.455658 92.855705 0.068663 -0.915036 -0.397485 0.337987 0.924254 1 28 1.000000
MarioHand_alb.png
 29 -45.047016 -4.799055 96.311356 0.993320 0.115391 0.000000 0.389715 0.956008 1 28 1.000000
 29 -45.830853 -5.771011 96.311356 0.526798 -0.849991 0.000000 0.389914 0.940383 1 28 1.000000
 29 -45.830853 -5.041245 92.994057 0.524500 -0.778453 -0.344835 0.337987 0.940383 1 28 1.000000
MarioHand_alb.png
 29 -47.166988 -5.455658 92.855705 0.068663 -0.915036 -0.397485 0.337987 0.924254 1 28 1.000000
 29 -45.830853 -5.041245 92.994057 0.524500 -0.778453 -0.344835 0.337987 0.940383 1 28 1.000000
 29 -45.830853 -5.771011 96.311356 0.526798 -0.849991 0.000000 0.389914 0.940383 1 28 1.000000
MarioHand_alb.png
 29 -48.257675 -5.201403 92.928146 -0.430318 -0.827065 -0.361650 0.337987 0.908217 1 28 1.000000
 29 -47.166988 -5.455658 92.855705 0.068663 -0.915036 -0.397485 0.337987 0.924254 1 28 1.000000
 29 -48.257675 -5.945667 96.311340 -0.440219 -0.897890 0.000000 0.389914 0.908217 1 28 1.000000
MarioHand_alb.png
 29 -49.153854 -5.193115 96.311340 0.091929 -0.995671 0.013732 0.389715 0.893233 1 28 1.000000
 29 -48.257675 -5.201403 92.928146 -0.430318 -0.827065 -0.361650 0.337987 0.908217 1 28 1.000000
 29 -48.257675 -5.945667 96.311340 -0.440219 -0.897890 0.000000 0.389914 0.908217 1 28 1.000000
MarioHand_alb.png
 29 -47.166988 -5.455658 92.855705 0.068663 -0.915036 -0.397485 0.337987 0.924254 1 28 1.000000
 29 -45.830853 -5.771011 96.311356 0.526798 -0.849991 0.000000 0.389914 0.940383 1 28 1.000000
 29 -47.169640 -6.215858 96.311340 0.068665 -0.997640 0.000000 0.389960 0.924254 1 28 1.000000
MarioHand_alb.png
 29 -48.257675 -5.945667 96.311340 -0.440219 -0.897890 0.000000 0.389914 0.908217 1 28 1.000000
 29 -47.166988 -5.455658 92.855705 0.068663 -0.915036 -0.397485 0.337987 0.924254 1 28 1.000000
 29 -47.169640 -6.215858 96.311340 0.068665 -0.997640 0.000000 0.389960 0.924254 1 28 1.000000
MarioHand_alb.png
 29 -45.830853 -5.041250 99.628639 0.524124 -0.778366 0.345601 0.441459 0.940383 1 28 1.000000
 29 -45.830853 -5.771011 96.311356 0.526798 -0.849991 0.000000 0.389914 0.940383 1 28 1.000000
 29 -45.047016 -4.799055 96.311356 0.993320 0.115391 0.000000 0.389715 0.956008 1 28 1.000000
MarioHand_alb.png
 29 -45.830853 -5.041250 99.628639 0.524124 -0.778366 0.345601 0.441459 0.940383 1 28 1.000000
 29 -45.047016 -4.799055 96.311356 0.993320 0.115391 0.000000 0.389715 0.956008 1 28 1.000000
 29 -45.044746 -4.150396 99.259933 0.992545 0.111671 -0.048826 0.441459 0.956008 1 28 1.000000
MarioHand_alb.png
 29 -47.166988 -5.455660 99.766983 0.068661 -0.914712 0.398231 0.441459 0.924254 1 28 1.000000
 29 -47.169640 -6.215858 96.311340 0.068665 -0.997640 0.000000 0.389960 0.924254 1 28 1.000000
 29 -45.830853 -5.771011 96.311356 0.526798 -0.849991 0.000000 0.389914 0.940383 1 28 1.000000
MarioHand_alb.png
 29 -48.257675 -5.945667 96.311340 -0.440219 -0.897890 0.000000 0.389914 0.908217 1 28 1.000000
 29 -47.169640 -6.215858 96.311340 0.068665 -0.997640 0.000000 0.389960 0.924254 1 28 1.000000
 29 -47.166988 -5.455660 99.766983 0.068661 -0.914712 0.398231 0.441459 0.924254 1 28 1.000000
MarioHand_alb.png
 29 -45.830853 -5.041250 99.628639 0.524124 -0.778366 0.345601 0.441459 0.940383 1 28 1.000000
 29 -47.166988 -5.455660 99.766983 0.068661 -0.914712 0.398231 0.441459 0.924254 1 28 1.000000
 29 -45.830853 -5.771011 96.311356 0.526798 -0.849991 0.000000 0.389914 0.940383 1 28 1.000000
MarioHand_alb.png
 29 -49.153854 -5.193115 96.311340 0.091929 -0.995671 0.013732 0.389715 0.893233 1 28 1.000000
 29 -48.257675 -5.945667 96.311340 -0.440219 -0.897890 0.000000 0.389914 0.908217 1 28 1.000000
 29 -48.257675 -5.201403 99.694550 -0.431058 -0.826353 0.362394 0.441459 0.908217 1 28 1.000000
MarioHand_alb.png
 29 -48.257675 -5.201403 99.694550 -0.431058 -0.826353 0.362394 0.441459 0.908217 1 28 1.000000
 29 -48.257675 -5.945667 96.311340 -0.440219 -0.897890 0.000000 0.389914 0.908217 1 28 1.000000
 29 -47.166988 -5.455660 99.766983 0.068661 -0.914712 0.398231 0.441459 0.924254 1 28 1.000000
MarioHand_alb.png
 29 -49.153854 -4.492932 99.494164 0.033569 -0.895387 0.444022 0.441459 0.893233 1 28 1.000000
 29 -49.153854 -5.193115 96.311340 0.091929 -0.995671 0.013732 0.389715 0.893233 1 28 1.000000
 29 -48.257675 -5.201403 99.694550 -0.431058 -0.826353 0.362394 0.441459 0.908217 1 28 1.000000
MarioHand_alb.png
 29 -47.159798 -3.397718 102.716560 0.068656 -0.688041 0.722417 0.488807 0.924254 1 28 1.000000
 29 -47.166988 -5.455660 99.766983 0.068661 -0.914712 0.398231 0.441459 0.924254 1 28 1.000000
 29 -45.830853 -5.041250 99.628639 0.524124 -0.778366 0.345601 0.441459 0.940383 1 28 1.000000
MarioHand_alb.png
 29 -47.159798 -3.397718 102.716560 0.068656 -0.688041 0.722417 0.488807 0.924254 1 28 1.000000
 29 -48.257675 -5.201403 99.694550 -0.431058 -0.826353 0.362394 0.441459 0.908217 1 28 1.000000
 29 -47.166988 -5.455660 99.766983 0.068661 -0.914712 0.398231 0.441459 0.924254 1 28 1.000000
MarioHand_alb.png
 29 -49.153854 -4.492932 99.494164 0.033569 -0.895387 0.444022 0.441459 0.893233 1 28 1.000000
 29 -48.257675 -5.201403 99.694550 -0.431058 -0.826353 0.362394 0.441459 0.908217 1 28 1.000000
 29 -48.257675 -3.186600 102.582306 -0.403191 -0.630010 0.663720 0.488807 0.908217 1 28 1.000000
MarioHand_alb.png
 29 -47.159798 -3.397718 102.716560 0.068656 -0.688041 0.722417 0.488807 0.924254 1 28 1.000000
 29 -48.257675 -3.186600 102.582306 -0.403191 -0.630010 0.663720 0.488807 0.908217 1 28 1.000000
 29 -48.257675 -5.201403 99.694550 -0.431058 -0.826353 0.362394 0.441459 0.908217 1 28 1.000000
MarioHand_alb.png
 29 -49.153854 -2.597457 102.210884 -0.050729 -0.666508 0.743770 0.488807 0.893233 1 28 1.000000
 29 -49.153854 -4.492932 99.494164 0.033569 -0.895387 0.444022 0.441459 0.893233 1 28 1.000000
 29 -48.257675 -3.186600 102.582306 -0.403191 -0.630010 0.663720 0.488807 0.908217 1 28 1.000000
MarioHand_alb.png
 29 -45.830853 -3.065699 102.460114 0.516969 -0.585786 0.624178 0.488807 0.940383 1 28 1.000000
 29 -47.159798 -3.397718 102.716560 0.068656 -0.688041 0.722417 0.488807 0.924254 1 28 1.000000
 29 -45.830853 -5.041250 99.628639 0.524124 -0.778366 0.345601 0.441459 0.940383 1 28 1.000000
MarioHand_alb.png
 29 -45.830853 -3.065699 102.460114 0.516969 -0.585786 0.624178 0.488807 0.940383 1 28 1.000000
 29 -45.830853 -5.041250 99.628639 0.524124 -0.778366 0.345601 0.441459 0.940383 1 28 1.000000
 29 -45.044746 -4.150396 99.259933 0.992545 0.111671 -0.048826 0.441459 0.956008 1 28 1.000000
MarioHand_alb.png
 29 -45.830853 -3.065699 102.460114 0.516969 -0.585786 0.624178 0.488807 0.940383 1 28 1.000000
 29 -45.044746 -4.150396 99.259933 0.992545 0.111671 -0.048826 0.441459 0.956008 1 28 1.000000
 29 -45.038624 -2.394425 101.776711 0.992519 0.084109 -0.088495 0.488807 0.956008 1 28 1.000000
MarioHand_alb.png
 29 -47.148872 -0.264696 104.653992 0.068685 -0.368112 0.927241 0.530831 0.924254 1 28 1.000000
 29 -48.257675 -3.186600 102.582306 -0.403191 -0.630010 0.663720 0.488807 0.908217 1 28 1.000000
 29 -47.159798 -3.397718 102.716560 0.068656 -0.688041 0.722417 0.488807 0.924254 1 28 1.000000
MarioHand_alb.png
 29 -47.148872 -0.264696 104.653992 0.068685 -0.368112 0.927241 0.530831 0.924254 1 28 1.000000
 29 -47.159798 -3.397718 102.716560 0.068656 -0.688041 0.722417 0.488807 0.924254 1 28 1.000000
 29 -45.830853 -3.065699 102.460114 0.516969 -0.585786 0.624178 0.488807 0.940383 1 28 1.000000
MarioHand_alb.png
 29 -49.153854 -2.597457 102.210884 -0.050729 -0.666508 0.743770 0.488807 0.893233 1 28 1.000000
 29 -48.257675 -3.186600 102.582306 -0.403191 -0.630010 0.663720 0.488807 0.908217 1 28 1.000000
 29 -48.257679 -0.119248 104.479126 -0.366213 -0.342567 0.865179 0.530831 0.908217 1 28 1.000000
MarioHand_alb.png
 29 -47.148872 -0.264696 104.653992 0.068685 -0.368112 0.927241 0.530831 0.924254 1 28 1.000000
 29 -48.257679 -0.119248 104.479126 -0.366213 -0.342567 0.865179 0.530831 0.908217 1 28 1.000000
 29 -48.257675 -3.186600 102.582306 -0.403191 -0.630010 0.663720 0.488807 0.908217 1 28 1.000000
MarioHand_alb.png
 29 -49.153858 0.288227 103.995384 -0.048843 -0.305579 0.950913 0.530831 0.893233 1 28 1.000000
 29 -49.153854 -2.597457 102.210884 -0.050729 -0.666508 0.743770 0.488807 0.893233 1 28 1.000000
 29 -48.257679 -0.119248 104.479126 -0.366213 -0.342567 0.865179 0.530831 0.908217 1 28 1.000000
MarioHand_alb.png
 29 -45.830845 -0.058111 104.319984 0.508084 -0.310685 0.803322 0.530831 0.940383 1 28 1.000000
 29 -45.830853 -3.065699 102.460114 0.516969 -0.585786 0.624178 0.488807 0.940383 1 28 1.000000
 29 -45.038624 -2.394425 101.776711 0.992519 0.084109 -0.088495 0.488807 0.956008 1 28 1.000000
MarioHand_alb.png
 29 -45.830845 -0.058111 104.319984 0.508084 -0.310685 0.803322 0.530831 0.940383 1 28 1.000000
 29 -47.148872 -0.264696 104.653992 0.068685 -0.368112 0.927241 0.530831 0.924254 1 28 1.000000
 29 -45.830853 -3.065699 102.460114 0.516969 -0.585786 0.624178 0.488807 0.940383 1 28 1.000000
MarioHand_alb.png
 29 -45.830845 -0.058111 104.319984 0.508084 -0.310685 0.803322 0.530831 0.940383 1 28 1.000000
 29 -45.038624 -2.394425 101.776711 0.992519 0.084109 -0.088495 0.488807 0.956008 1 28 1.000000
 29 -45.029293 0.278883 103.429855 0.991782 0.044958 -0.119777 0.530831 0.956008 1 28 1.000000
MarioHand_alb.png
 29 -45.018364 3.410864 104.040550 0.992323 -0.003911 -0.123611 0.573602 0.956008 1 28 1.000000
 29 -45.830845 -0.058111 104.319984 0.508084 -0.310685 0.803322 0.530831 0.940383 1 28 1.000000
 29 -45.029293 0.278883 103.429855 0.991782 0.044958 -0.119777 0.530831 0.956008 1 28 1.000000
MarioHand_alb.png
 29 -47.136059 3.405868 105.369682 0.068264 -0.005816 0.997650 0.573602 0.924254 1 28 1.000000
 29 -48.257679 -0.119248 104.479126 -0.366213 -0.342567 0.865179 0.530831 0.908217 1 28 1.000000
 29 -47.148872 -0.264696 104.653992 0.068685 -0.368112 0.927241 0.530831 0.924254 1 28 1.000000
MarioHand_alb.png
 29 -45.830845 -0.058111 104.319984 0.508084 -0.310685 0.803322 0.530831 0.940383 1 28 1.000000
 29 -47.136059 3.405868 105.369682 0.068264 -0.005816 0.997650 0.573602 0.924254 1 28 1.000000
 29 -47.148872 -0.264696 104.653992 0.068685 -0.368112 0.927241 0.530831 0.924254 1 28 1.000000
MarioHand_alb.png
 29 -49.153858 0.288227 103.995384 -0.048843 -0.305579 0.950913 0.530831 0.893233 1 28 1.000000
 29 -48.257679 -0.119248 104.479126 -0.366213 -0.342567 0.865179 0.530831 0.908217 1 28 1.000000
 29 -48.257683 3.474377 105.179810 -0.325141 -0.003912 0.945657 0.573602 0.908217 1 28 1.000000
MarioHand_alb.png
 29 -47.136059 3.405868 105.369682 0.068264 -0.005816 0.997650 0.573602 0.924254 1 28 1.000000
 29 -48.257683 3.474377 105.179810 -0.325141 -0.003912 0.945657 0.573602 0.908217 1 28 1.000000
 29 -48.257679 -0.119248 104.479126 -0.366213 -0.342567 0.865179 0.530831 0.908217 1 28 1.000000
MarioHand_alb.png
 29 -49.160114 3.669015 104.654564 0.038902 0.003909 0.999235 0.573602 0.893233 1 28 1.000000
 29 -49.153858 0.288227 103.995384 -0.048843 -0.305579 0.950913 0.530831 0.893233 1 28 1.000000
 29 -48.257683 3.474377 105.179810 -0.325141 -0.003912 0.945657 0.573602 0.908217 1 28 1.000000
MarioHand_alb.png
 29 -45.018364 3.410864 104.040550 0.992323 -0.003911 -0.123611 0.573602 0.956008 1 28 1.000000
 29 -45.830849 3.465497 105.007034 0.505148 0.003911 0.863024 0.573602 0.940383 1 28 1.000000
 29 -45.830845 -0.058111 104.319984 0.508084 -0.310685 0.803322 0.530831 0.940383 1 28 1.000000
MarioHand_alb.png
 29 -45.830849 3.465497 105.007034 0.505148 0.003911 0.863024 0.573602 0.940383 1 28 1.000000
 29 -47.136059 3.405868 105.369682 0.068264 -0.005816 0.997650 0.573602 0.924254 1 28 1.000000
 29 -45.830845 -0.058111 104.319984 0.508084 -0.310685 0.803322 0.530831 0.940383 1 28 1.000000
MarioHand_alb.png
 29 -45.018364 3.410864 104.040550 0.992323 -0.003911 -0.123611 0.573602 0.956008 1 28 1.000000
 29 -45.007427 6.542839 103.429855 0.992211 -0.050927 -0.113679 0.622583 0.956008 1 28 1.000000
 29 -45.830849 3.465497 105.007034 0.505148 0.003911 0.863024 0.573602 0.940383 1 28 1.000000
MarioHand_alb.png
 29 -47.123249 7.076433 104.653992 0.070587 0.358180 0.930981 0.622583 0.924254 1 28 1.000000
 29 -48.257683 3.474377 105.179810 -0.325141 -0.003912 0.945657 0.573602 0.908217 1 28 1.000000
 29 -47.136059 3.405868 105.369682 0.068264 -0.005816 0.997650 0.573602 0.924254 1 28 1.000000
MarioHand_alb.png
 29 -45.830849 3.465497 105.007034 0.505148 0.003911 0.863024 0.573602 0.940383 1 28 1.000000
 29 -47.123249 7.076433 104.653992 0.070587 0.358180 0.930981 0.622583 0.924254 1 28 1.000000
 29 -47.136059 3.405868 105.369682 0.068264 -0.005816 0.997650 0.573602 0.924254 1 28 1.000000
MarioHand_alb.png
 29 -48.257687 7.068000 104.479126 -0.285736 0.344581 0.894214 0.622583 0.908217 1 28 1.000000
 29 -49.160114 3.669015 104.654564 0.038902 0.003909 0.999235 0.573602 0.893233 1 28 1.000000
 29 -48.257683 3.474377 105.179810 -0.325141 -0.003912 0.945657 0.573602 0.908217 1 28 1.000000
MarioHand_alb.png
 29 -47.123249 7.076433 104.653992 0.070587 0.358180 0.930981 0.622583 0.924254 1 28 1.000000
 29 -48.257687 7.068000 104.479126 -0.285736 0.344581 0.894214 0.622583 0.908217 1 28 1.000000
 29 -48.257683 3.474377 105.179810 -0.325141 -0.003912 0.945657 0.573602 0.908217 1 28 1.000000
MarioHand_alb.png
 29 -48.257687 7.068000 104.479126 -0.285736 0.344581 0.894214 0.622583 0.908217 1 28 1.000000
 29 -49.153862 7.049801 103.995384 0.123233 0.326779 0.937032 0.622583 0.893233 1 28 1.000000
 29 -49.160114 3.669015 104.654564 0.038902 0.003909 0.999235 0.573602 0.893233 1 28 1.000000
MarioHand_alb.png
 29 -45.007427 6.542839 103.429855 0.992211 -0.050927 -0.113679 0.622583 0.956008 1 28 1.000000
 29 -45.830853 6.989103 104.319984 0.506600 0.316816 0.801863 0.622583 0.940383 1 28 1.000000
 29 -45.830849 3.465497 105.007034 0.505148 0.003911 0.863024 0.573602 0.940383 1 28 1.000000
MarioHand_alb.png
 29 -45.830849 3.465497 105.007034 0.505148 0.003911 0.863024 0.573602 0.940383 1 28 1.000000
 29 -45.830853 6.989103 104.319984 0.506600 0.316816 0.801863 0.622583 0.940383 1 28 1.000000
 29 -47.123249 7.076433 104.653992 0.070587 0.358180 0.930981 0.622583 0.924254 1 28 1.000000
MarioHand_alb.png
 29 -45.007427 6.542839 103.429855 0.992211 -0.050927 -0.113679 0.622583 0.956008 1 28 1.000000
 29 -44.998104 9.216146 101.776711 0.993510 -0.082220 -0.078596 0.669917 0.956008 1 28 1.000000
 29 -45.830853 6.989103 104.319984 0.506600 0.316816 0.801863 0.622583 0.940383 1 28 1.000000
MarioHand_alb.png
 29 -47.123249 7.076433 104.653992 0.070587 0.358180 0.930981 0.622583 0.924254 1 28 1.000000
 29 -47.112320 10.209455 102.716560 0.072478 0.681101 0.728593 0.669917 0.924254 1 28 1.000000
 29 -48.257687 7.068000 104.479126 -0.285736 0.344581 0.894214 0.622583 0.908217 1 28 1.000000
MarioHand_alb.png
 29 -45.830853 6.989103 104.319984 0.506600 0.316816 0.801863 0.622583 0.940383 1 28 1.000000
 29 -47.112320 10.209455 102.716560 0.072478 0.681101 0.728593 0.669917 0.924254 1 28 1.000000
 29 -47.123249 7.076433 104.653992 0.070587 0.358180 0.930981 0.622583 0.924254 1 28 1.000000
MarioHand_alb.png
 29 -48.257687 7.068000 104.479126 -0.285736 0.344581 0.894214 0.622583 0.908217 1 28 1.000000
 29 -48.257687 10.135351 102.582298 -0.256351 0.659664 0.706490 0.669917 0.908217 1 28 1.000000
 29 -49.153862 7.049801 103.995384 0.123233 0.326779 0.937032 0.622583 0.893233 1 28 1.000000
MarioHand_alb.png
 29 -47.112320 10.209455 102.716560 0.072478 0.681101 0.728593 0.669917 0.924254 1 28 1.000000
 29 -48.257687 10.135351 102.582298 -0.256351 0.659664 0.706490 0.669917 0.908217 1 28 1.000000
 29 -48.257687 7.068000 104.479126 -0.285736 0.344581 0.894214 0.622583 0.908217 1 28 1.000000
MarioHand_alb.png
 29 -48.257687 10.135351 102.582298 -0.256351 0.659664 0.706490 0.669917 0.908217 1 28 1.000000
 29 -49.153866 9.935482 102.210884 0.205602 0.660960 0.721706 0.669917 0.893233 1 28 1.000000
 29 -49.153862 7.049801 103.995384 0.123233 0.326779 0.937032 0.622583 0.893233 1 28 1.000000
MarioHand_alb.png
 29 -45.830853 6.989103 104.319984 0.506600 0.316816 0.801863 0.622583 0.940383 1 28 1.000000
 29 -44.998104 9.216146 101.776711 0.993510 -0.082220 -0.078596 0.669917 0.956008 1 28 1.000000
 29 -45.830853 9.996696 102.460114 0.513122 0.591616 0.621850 0.669917 0.940383 1 28 1.000000
MarioHand_alb.png
 29 -45.830853 6.989103 104.319984 0.506600 0.316816 0.801863 0.622583 0.940383 1 28 1.000000
 29 -45.830853 9.996696 102.460114 0.513122 0.591616 0.621850 0.669917 0.940383 1 28 1.000000
 29 -47.112320 10.209455 102.716560 0.072478 0.681101 0.728593 0.669917 0.924254 1 28 1.000000
MarioHand_alb.png
 29 -44.998104 9.216146 101.776711 0.993510 -0.082220 -0.078596 0.669917 0.956008 1 28 1.000000
 29 -44.991974 10.972118 99.259933 0.993768 -0.103573 -0.041200 0.710567 0.956008 1 28 1.000000
 29 -45.830853 9.996696 102.460114 0.513122 0.591616 0.621850 0.669917 0.940383 1 28 1.000000
MarioHand_alb.png
 29 -47.112320 10.209455 102.716560 0.072478 0.681101 0.728593 0.669917 0.924254 1 28 1.000000
 29 -47.105129 12.267395 99.766983 0.076294 0.912090 0.402830 0.710567 0.924254 1 28 1.000000
 29 -48.257687 10.135351 102.582298 -0.256351 0.659664 0.706490 0.669917 0.908217 1 28 1.000000
MarioHand_alb.png
 29 -47.112320 10.209455 102.716560 0.072478 0.681101 0.728593 0.669917 0.924254 1 28 1.000000
 29 -45.830853 9.996696 102.460114 0.513122 0.591616 0.621850 0.669917 0.940383 1 28 1.000000
 29 -47.105129 12.267395 99.766983 0.076294 0.912090 0.402830 0.710567 0.924254 1 28 1.000000
MarioHand_alb.png
 29 -48.257687 10.135351 102.582298 -0.256351 0.659664 0.706490 0.669917 0.908217 1 28 1.000000
 29 -48.257687 12.150152 99.694550 -0.234981 0.888712 0.393669 0.710567 0.908217 1 28 1.000000
 29 -49.153866 9.935482 102.210884 0.205602 0.660960 0.721706 0.669917 0.893233 1 28 1.000000
MarioHand_alb.png
 29 -47.105129 12.267395 99.766983 0.076294 0.912090 0.402830 0.710567 0.924254 1 28 1.000000
 29 -48.257687 12.150152 99.694550 -0.234981 0.888712 0.393669 0.710567 0.908217 1 28 1.000000
 29 -48.257687 10.135351 102.582298 -0.256351 0.659664 0.706490 0.669917 0.908217 1 28 1.000000
MarioHand_alb.png
 29 -48.257687 12.150152 99.694550 -0.234981 0.888712 0.393669 0.710567 0.908217 1 28 1.000000
 29 -49.153866 11.830957 99.494164 0.203702 0.898063 0.389857 0.710567 0.893233 1 28 1.000000
 29 -49.153866 9.935482 102.210884 0.205602 0.660960 0.721706 0.669917 0.893233 1 28 1.000000
MarioHand_alb.png
 29 -45.830853 9.996696 102.460114 0.513122 0.591616 0.621850 0.669917 0.940383 1 28 1.000000
 29 -44.991974 10.972118 99.259933 0.993768 -0.103573 -0.041200 0.710567 0.956008 1 28 1.000000
 29 -45.830853 11.972242 99.628632 0.518803 0.783259 0.342563 0.710567 0.940383 1 28 1.000000
MarioHand_alb.png
 29 -45.830853 9.996696 102.460114 0.513122 0.591616 0.621850 0.669917 0.940383 1 28 1.000000
 29 -45.830853 11.972242 99.628632 0.518803 0.783259 0.342563 0.710567 0.940383 1 28 1.000000
 29 -47.105129 12.267395 99.766983 0.076294 0.912090 0.402830 0.710567 0.924254 1 28 1.000000
MarioHand_alb.png
 29 -44.991974 10.972118 99.259933 0.993768 -0.103573 -0.041200 0.710567 0.956008 1 28 1.000000
 29 -44.989704 11.620771 96.311340 0.994601 -0.103771 0.000000 0.755230 0.956008 1 28 1.000000
 29 -45.830853 11.972242 99.628632 0.518803 0.783259 0.342563 0.710567 0.940383 1 28 1.000000
MarioHand_alb.png
 29 -48.257687 12.150152 99.694550 -0.234981 0.888712 0.393669 0.710567 0.908217 1 28 1.000000
 29 -48.257690 12.894417 96.311340 -0.229273 0.973362 0.000000 0.755230 0.908217 1 28 1.000000
 29 -49.153866 11.830957 99.494164 0.203702 0.898063 0.389857 0.710567 0.893233 1 28 1.000000
MarioHand_alb.png
 29 -49.153866 11.830957 99.494164 0.203702 0.898063 0.389857 0.710567 0.893233 1 28 1.000000
 29 -48.257690 12.894417 96.311340 -0.229273 0.973362 0.000000 0.755230 0.908217 1 28 1.000000
 29 -49.153866 12.531143 96.311340 0.188058 0.982155 0.002289 0.755230 0.893233 1 28 1.000000
MarioHand_alb.png
 29 -49.153866 12.531143 96.311340 0.188058 0.982155 0.002289 0.755230 0.893233 1 28 1.000000
 29 -48.257690 12.894417 96.311340 -0.229273 0.973362 0.000000 0.755230 0.908217 1 28 1.000000
 29 -49.153866 11.828993 93.128502 0.125506 0.922027 -0.366217 0.799878 0.893233 1 28 1.000000
MarioHand_alb.png
 29 -47.105129 12.267395 99.766983 0.076294 0.912090 0.402830 0.710567 0.924254 1 28 1.000000
 29 -47.102478 13.027594 96.311340 0.076295 0.997085 0.000000 0.755230 0.924254 1 28 1.000000
 29 -48.257687 12.150152 99.694550 -0.234981 0.888712 0.393669 0.710567 0.908217 1 28 1.000000
MarioHand_alb.png
 29 -48.257687 12.150152 99.694550 -0.234981 0.888712 0.393669 0.710567 0.908217 1 28 1.000000
 29 -47.102478 13.027594 96.311340 0.076295 0.997085 0.000000 0.755230 0.924254 1 28 1.000000
 29 -48.257690 12.894417 96.311340 -0.229273 0.973362 0.000000 0.755230 0.908217 1 28 1.000000
MarioHand_alb.png
 29 -47.105129 12.267395 99.766983 0.076294 0.912090 0.402830 0.710567 0.924254 1 28 1.000000
 29 -45.830853 11.972242 99.628632 0.518803 0.783259 0.342563 0.710567 0.940383 1 28 1.000000
 29 -47.102478 13.027594 96.311340 0.076295 0.997085 0.000000 0.755230 0.924254 1 28 1.000000
MarioHand_alb.png
 29 -48.257690 12.894417 96.311340 -0.229273 0.973362 0.000000 0.755230 0.908217 1 28 1.000000
 29 -48.257687 12.150152 92.928139 -0.234981 0.888712 -0.393669 0.799878 0.908217 1 28 1.000000
 29 -49.153866 11.828993 93.128502 0.125506 0.922027 -0.366217 0.799878 0.893233 1 28 1.000000
MarioHand_alb.png
 29 -47.102478 13.027594 96.311340 0.076295 0.997085 0.000000 0.755230 0.924254 1 28 1.000000
 29 -48.257687 12.150152 92.928139 -0.234981 0.888712 -0.393669 0.799878 0.908217 1 28 1.000000
 29 -48.257690 12.894417 96.311340 -0.229273 0.973362 0.000000 0.755230 0.908217 1 28 1.000000
MarioHand_alb.png
 29 -48.257687 12.150152 92.928139 -0.234981 0.888712 -0.393669 0.799878 0.908217 1 28 1.000000
 29 -49.153866 9.933514 90.411789 0.053027 0.667887 -0.742372 0.844251 0.893233 1 28 1.000000
 29 -49.153866 11.828993 93.128502 0.125506 0.922027 -0.366217 0.799878 0.893233 1 28 1.000000
MarioHand_alb.png
 29 -45.830853 11.972242 99.628632 0.518803 0.783259 0.342563 0.710567 0.940383 1 28 1.000000
 29 -45.830853 12.702000 96.311340 0.522245 0.852796 0.000000 0.755230 0.940383 1 28 1.000000
 29 -47.102478 13.027594 96.311340 0.076295 0.997085 0.000000 0.755230 0.924254 1 28 1.000000
MarioHand_alb.png
 29 -45.830853 11.972242 99.628632 0.518803 0.783259 0.342563 0.710567 0.940383 1 28 1.000000
 29 -44.989704 11.620771 96.311340 0.994601 -0.103771 0.000000 0.755230 0.956008 1 28 1.000000
 29 -45.830853 12.702000 96.311340 0.522245 0.852796 0.000000 0.755230 0.940383 1 28 1.000000
MarioHand_alb.png
 29 -48.257687 12.150152 92.928139 -0.234981 0.888712 -0.393669 0.799878 0.908217 1 28 1.000000
 29 -48.257687 10.135349 90.040390 -0.256351 0.659664 -0.706490 0.844251 0.908217 1 28 1.000000
 29 -49.153866 9.933514 90.411789 0.053027 0.667887 -0.742372 0.844251 0.893233 1 28 1.000000
MarioHand_alb.png
 29 -48.257687 10.135349 90.040390 -0.256351 0.659664 -0.706490 0.844251 0.908217 1 28 1.000000
 29 -49.153862 7.047825 88.627304 -0.090388 0.279937 -0.955754 0.886946 0.893233 1 28 1.000000
 29 -49.153866 9.933514 90.411789 0.053027 0.667887 -0.742372 0.844251 0.893233 1 28 1.000000
MarioHand_alb.png
 29 -44.989704 11.620771 96.311340 0.994601 -0.103771 0.000000 0.755230 0.956008 1 28 1.000000
 29 -45.830853 11.972240 92.994057 0.518784 0.782943 -0.343313 0.799878 0.940383 1 28 1.000000
 29 -45.830853 12.702000 96.311340 0.522245 0.852796 0.000000 0.755230 0.940383 1 28 1.000000
MarioHand_alb.png
 29 -45.830853 12.702000 96.311340 0.522245 0.852796 0.000000 0.755230 0.940383 1 28 1.000000
 29 -45.830853 11.972240 92.994057 0.518784 0.782943 -0.343313 0.799878 0.940383 1 28 1.000000
 29 -47.102478 13.027594 96.311340 0.076295 0.997085 0.000000 0.755230 0.924254 1 28 1.000000
MarioHand_alb.png
 29 -44.989704 11.620771 96.311340 0.994601 -0.103771 0.000000 0.755230 0.956008 1 28 1.000000
 29 -44.991974 10.972118 93.362747 0.993779 -0.103765 0.040438 0.799878 0.956008 1 28 1.000000
 29 -45.830853 11.972240 92.994057 0.518784 0.782943 -0.343313 0.799878 0.940383 1 28 1.000000
MarioHand_alb.png
 29 -47.105129 12.267393 92.855705 0.076290 0.911761 -0.403574 0.799878 0.924254 1 28 1.000000
 29 -48.257687 12.150152 92.928139 -0.234981 0.888712 -0.393669 0.799878 0.908217 1 28 1.000000
 29 -47.102478 13.027594 96.311340 0.076295 0.997085 0.000000 0.755230 0.924254 1 28 1.000000
MarioHand_alb.png
 29 -45.830853 11.972240 92.994057 0.518784 0.782943 -0.343313 0.799878 0.940383 1 28 1.000000
 29 -47.105129 12.267393 92.855705 0.076290 0.911761 -0.403574 0.799878 0.924254 1 28 1.000000
 29 -47.102478 13.027594 96.311340 0.076295 0.997085 0.000000 0.755230 0.924254 1 28 1.000000
MarioHand_alb.png
 29 -47.105129 12.267393 92.855705 0.076290 0.911761 -0.403574 0.799878 0.924254 1 28 1.000000
 29 -48.257687 10.135349 90.040390 -0.256351 0.659664 -0.706490 0.844251 0.908217 1 28 1.000000
 29 -48.257687 12.150152 92.928139 -0.234981 0.888712 -0.393669 0.799878 0.908217 1 28 1.000000
MarioHand_alb.png
 29 -44.991974 10.972118 93.362747 0.993779 -0.103765 0.040438 0.799878 0.956008 1 28 1.000000
 29 -45.830853 9.996693 90.162582 0.512274 0.590851 -0.623274 0.844251 0.940383 1 28 1.000000
 29 -45.830853 11.972240 92.994057 0.518784 0.782943 -0.343313 0.799878 0.940383 1 28 1.000000
MarioHand_alb.png
 29 -45.830853 11.972240 92.994057 0.518784 0.782943 -0.343313 0.799878 0.940383 1 28 1.000000
 29 -45.830853 9.996693 90.162582 0.512274 0.590851 -0.623274 0.844251 0.940383 1 28 1.000000
 29 -47.105129 12.267393 92.855705 0.076290 0.911761 -0.403574 0.799878 0.924254 1 28 1.000000
MarioHand_alb.png
 29 -44.991974 10.972118 93.362747 0.993779 -0.103765 0.040438 0.799878 0.956008 1 28 1.000000
 29 -44.998104 9.216146 90.845978 0.993518 -0.082125 0.078596 0.844251 0.956008 1 28 1.000000
 29 -45.830853 9.996693 90.162582 0.512274 0.590851 -0.623274 0.844251 0.940383 1 28 1.000000
MarioHand_alb.png
 29 -47.105129 12.267393 92.855705 0.076290 0.911761 -0.403574 0.799878 0.924254 1 28 1.000000
 29 -47.112320 10.209454 89.906136 0.072473 0.681152 -0.728546 0.844251 0.924254 1 28 1.000000
 29 -48.257687 10.135349 90.040390 -0.256351 0.659664 -0.706490 0.844251 0.908217 1 28 1.000000
MarioHand_alb.png
 29 -45.830853 9.996693 90.162582 0.512274 0.590851 -0.623274 0.844251 0.940383 1 28 1.000000
 29 -47.112320 10.209454 89.906136 0.072473 0.681152 -0.728546 0.844251 0.924254 1 28 1.000000
 29 -47.105129 12.267393 92.855705 0.076290 0.911761 -0.403574 0.799878 0.924254 1 28 1.000000
MarioHand_alb.png
 29 -44.998104 9.216146 90.845978 0.993518 -0.082125 0.078596 0.844251 0.956008 1 28 1.000000
 29 -45.830853 6.989103 88.302704 0.506332 0.316791 -0.802042 0.886946 0.940383 1 28 1.000000
 29 -45.830853 9.996693 90.162582 0.512274 0.590851 -0.623274 0.844251 0.940383 1 28 1.000000
MarioHand_alb.png
 29 -45.830853 9.996693 90.162582 0.512274 0.590851 -0.623274 0.844251 0.940383 1 28 1.000000
 29 -45.830853 6.989103 88.302704 0.506332 0.316791 -0.802042 0.886946 0.940383 1 28 1.000000
 29 -47.112320 10.209454 89.906136 0.072473 0.681152 -0.728546 0.844251 0.924254 1 28 1.000000
MarioHand_alb.png
 29 -44.998104 9.216146 90.845978 0.993518 -0.082125 0.078596 0.844251 0.956008 1 28 1.000000
 29 -45.007427 6.542840 89.192810 0.992216 -0.050832 0.113680 0.886946 0.956008 1 28 1.000000
 29 -45.830853 6.989103 88.302704 0.506332 0.316791 -0.802042 0.886946 0.940383 1 28 1.000000
MarioHand_alb.png
 29 -47.112320 10.209454 89.906136 0.072473 0.681152 -0.728546 0.844251 0.924254 1 28 1.000000
 29 -48.257687 7.067998 88.143562 -0.285736 0.344581 -0.894214 0.886946 0.908217 1 28 1.000000
 29 -48.257687 10.135349 90.040390 -0.256351 0.659664 -0.706490 0.844251 0.908217 1 28 1.000000
MarioHand_alb.png
 29 -48.257687 10.135349 90.040390 -0.256351 0.659664 -0.706490 0.844251 0.908217 1 28 1.000000
 29 -48.257687 7.067998 88.143562 -0.285736 0.344581 -0.894214 0.886946 0.908217 1 28 1.000000
 29 -49.153862 7.047825 88.627304 -0.090388 0.279937 -0.955754 0.886946 0.893233 1 28 1.000000
MarioHand_alb.png
 29 -48.257687 7.067998 88.143562 -0.285736 0.344581 -0.894214 0.886946 0.908217 1 28 1.000000
 29 -49.160366 3.667030 87.968124 -0.133154 0.052723 -0.989692 0.930816 0.893233 1 28 1.000000
 29 -49.153862 7.047825 88.627304 -0.090388 0.279937 -0.955754 0.886946 0.893233 1 28 1.000000
MarioHand_alb.png
 29 -48.257687 7.067998 88.143562 -0.285736 0.344581 -0.894214 0.886946 0.908217 1 28 1.000000
 29 -48.257683 3.474375 87.442879 -0.324907 -0.003909 -0.945738 0.930816 0.908217 1 28 1.000000
 29 -49.160366 3.667030 87.968124 -0.133154 0.052723 -0.989692 0.930816 0.893233 1 28 1.000000
MarioHand_alb.png
 29 -47.112320 10.209454 89.906136 0.072473 0.681152 -0.728546 0.844251 0.924254 1 28 1.000000
 29 -47.123245 7.076428 87.968697 0.070591 0.358013 -0.931044 0.886946 0.924254 1 28 1.000000
 29 -48.257687 7.067998 88.143562 -0.285736 0.344581 -0.894214 0.886946 0.908217 1 28 1.000000
MarioHand_alb.png
 29 -47.123245 7.076428 87.968697 0.070591 0.358013 -0.931044 0.886946 0.924254 1 28 1.000000
 29 -48.257683 3.474375 87.442879 -0.324907 -0.003909 -0.945738 0.930816 0.908217 1 28 1.000000
 29 -48.257687 7.067998 88.143562 -0.285736 0.344581 -0.894214 0.886946 0.908217 1 28 1.000000
MarioHand_alb.png
 29 -45.830853 6.989103 88.302704 0.506332 0.316791 -0.802042 0.886946 0.940383 1 28 1.000000
 29 -47.123245 7.076428 87.968697 0.070591 0.358013 -0.931044 0.886946 0.924254 1 28 1.000000
 29 -47.112320 10.209454 89.906136 0.072473 0.681152 -0.728546 0.844251 0.924254 1 28 1.000000
MarioHand_alb.png
 29 -47.123245 7.076428 87.968697 0.070591 0.358013 -0.931044 0.886946 0.924254 1 28 1.000000
 29 -47.136055 3.405868 87.253006 0.068264 -0.005911 -0.997650 0.930816 0.924254 1 28 1.000000
 29 -48.257683 3.474375 87.442879 -0.324907 -0.003909 -0.945738 0.930816 0.908217 1 28 1.000000
MarioHand_alb.png
 29 -45.830849 3.465497 87.615662 0.505148 0.003911 -0.863024 0.930816 0.940383 1 28 1.000000
 29 -47.136055 3.405868 87.253006 0.068264 -0.005911 -0.997650 0.930816 0.924254 1 28 1.000000
 29 -47.123245 7.076428 87.968697 0.070591 0.358013 -0.931044 0.886946 0.924254 1 28 1.000000
MarioHand_alb.png
 29 -45.830853 6.989103 88.302704 0.506332 0.316791 -0.802042 0.886946 0.940383 1 28 1.000000
 29 -45.830849 3.465497 87.615662 0.505148 0.003911 -0.863024 0.930816 0.940383 1 28 1.000000
 29 -47.123245 7.076428 87.968697 0.070591 0.358013 -0.931044 0.886946 0.924254 1 28 1.000000
MarioHand_alb.png
 29 -45.007427 6.542840 89.192810 0.992216 -0.050832 0.113680 0.886946 0.956008 1 28 1.000000
 29 -45.830849 3.465497 87.615662 0.505148 0.003911 -0.863024 0.930816 0.940383 1 28 1.000000
 29 -45.830853 6.989103 88.302704 0.506332 0.316791 -0.802042 0.886946 0.940383 1 28 1.000000
MarioHand_alb.png
 29 -45.007427 6.542840 89.192810 0.992216 -0.050832 0.113680 0.886946 0.956008 1 28 1.000000
 29 -45.018364 3.410862 88.582138 0.992422 -0.003909 0.122813 0.930816 0.956008 1 28 1.000000
 29 -45.830849 3.465497 87.615662 0.505148 0.003911 -0.863024 0.930816 0.940383 1 28 1.000000
MarioHand_alb.png
 29 -60.233948 9.442625 105.190659 -0.328064 0.710488 0.622559 0.073045 0.920958 1 28 1.000000
 29 -60.578266 8.872711 105.413605 -0.495415 0.293187 0.817683 0.077577 0.912490 1 28 1.000000
 29 -59.581905 9.085222 105.977341 -0.284232 0.320953 0.903439 0.064149 0.912490 1 28 1.000000
MarioHand_alb.png
 29 -60.578266 8.872711 105.413605 -0.495415 0.293187 0.817683 0.077577 0.912490 1 28 1.000000
 29 -60.227821 8.297356 105.613174 -0.314703 -0.152488 0.936862 0.073045 0.904021 1 28 1.000000
 29 -59.581905 9.085222 105.977341 -0.284232 0.320953 0.903439 0.064149 0.912490 1 28 1.000000
MarioHand_alb.png
 29 -59.581905 9.085222 105.977341 -0.284232 0.320953 0.903439 0.064149 0.912490 1 28 1.000000
 29 -59.188782 7.835011 105.740501 -0.196431 -0.299319 0.933715 0.060639 0.897826 1 28 1.000000
 29 -58.097828 8.378485 106.178513 0.061429 -0.275953 0.959206 0.043687 0.902281 1 28 1.000000
MarioHand_alb.png
 29 -59.581905 9.085222 105.977341 -0.284232 0.320953 0.903439 0.064149 0.912490 1 28 1.000000
 29 -58.105389 9.768345 105.667915 0.046921 0.825606 0.562293 0.043687 0.922713 1 28 1.000000
 29 -59.193569 9.887636 105.002899 -0.205608 0.822052 0.530996 0.060639 0.927169 1 28 1.000000
MarioHand_alb.png
 29 -59.581905 9.085222 105.977341 -0.284232 0.320953 0.903439 0.064149 0.912490 1 28 1.000000
 29 -58.097828 8.378485 106.178513 0.061429 -0.275953 0.959206 0.043687 0.902281 1 28 1.000000
 29 -58.088371 9.196758 106.258759 0.062579 0.341135 0.937929 0.043687 0.912490 1 28 1.000000
MarioHand_alb.png
 29 -59.581905 9.085222 105.977341 -0.284232 0.320953 0.903439 0.064149 0.912490 1 28 1.000000
 29 -58.088371 9.196758 106.258759 0.062579 0.341135 0.937929 0.043687 0.912490 1 28 1.000000
 29 -58.105389 9.768345 105.667915 0.046921 0.825606 0.562293 0.043687 0.922713 1 28 1.000000
MarioHand_alb.png
 29 -58.097828 8.378485 106.178513 0.061429 -0.275953 0.959206 0.043687 0.902281 1 28 1.000000
 29 -56.621315 9.061602 105.869102 0.402337 0.310810 0.861116 0.023239 0.912490 1 28 1.000000
 29 -58.088371 9.196758 106.258759 0.062579 0.341135 0.937929 0.043687 0.912490 1 28 1.000000
MarioHand_alb.png
 29 -58.105389 9.768345 105.667915 0.046921 0.825606 0.562293 0.043687 0.922713 1 28 1.000000
 29 -58.088371 9.196758 106.258759 0.062579 0.341135 0.937929 0.043687 0.912490 1 28 1.000000
 29 -56.621315 9.061602 105.869102 0.402337 0.310810 0.861116 0.023239 0.912490 1 28 1.000000
MarioHand_alb.png
 29 -58.097828 8.378485 106.178513 0.061429 -0.275953 0.959206 0.043687 0.902281 1 28 1.000000
 29 -57.057007 7.818655 105.644966 0.305177 -0.317003 0.897984 0.026749 0.897826 1 28 1.000000
 29 -56.621315 9.061602 105.869102 0.402337 0.310810 0.861116 0.023239 0.912490 1 28 1.000000
MarioHand_alb.png
 29 -58.105389 9.768345 105.667915 0.046921 0.825606 0.562293 0.043687 0.922713 1 28 1.000000
 29 -56.621315 9.061602 105.869102 0.402337 0.310810 0.861116 0.023239 0.912490 1 28 1.000000
 29 -57.061802 9.871286 104.907364 0.291460 0.819825 0.492887 0.026749 0.927169 1 28 1.000000
MarioHand_alb.png
 29 -56.621315 9.061602 105.869102 0.402337 0.310810 0.861116 0.023239 0.912490 1 28 1.000000
 29 -56.016647 8.263660 105.457184 0.419204 -0.170123 0.891810 0.014343 0.904021 1 28 1.000000
 29 -55.672295 8.833572 105.234238 0.600412 0.279703 0.749180 0.009812 0.912490 1 28 1.000000
MarioHand_alb.png
 29 -56.621315 9.061602 105.869102 0.402337 0.310810 0.861116 0.023239 0.912490 1 28 1.000000
 29 -55.672295 8.833572 105.234238 0.600412 0.279703 0.749180 0.009812 0.912490 1 28 1.000000
 29 -56.022770 9.408928 105.034676 0.418065 0.704340 0.573695 0.014343 0.920958 1 28 1.000000
MarioHand_alb.png
 29 -50.563141 -6.706990 92.293106 0.762175 -0.620936 -0.183105 0.196765 0.591791 1 28 1.000000
 29 -49.153858 -2.599454 90.411789 0.308965 -0.635096 -0.707951 0.255116 0.583200 1 28 1.000000
 29 -49.153854 -4.494934 93.128525 0.252534 -0.892451 -0.373841 0.218082 0.565331 1 28 1.000000
MarioHand_alb.png
 29 -50.563141 -6.706990 92.293106 0.762175 -0.620936 -0.183105 0.196765 0.591791 1 28 1.000000
 29 -50.679031 -5.082778 89.322639 0.739190 -0.463138 -0.488979 0.231800 0.612299 1 28 1.000000
 29 -49.153858 -2.599454 90.411789 0.308965 -0.635096 -0.707951 0.255116 0.583200 1 28 1.000000
MarioHand_alb.png
 29 -50.679031 -5.082778 89.322639 0.739190 -0.463138 -0.488979 0.231800 0.612299 1 28 1.000000
 29 -49.153858 0.286234 88.627304 0.031275 -0.266162 -0.963421 0.296605 0.591165 1 28 1.000000
 29 -49.153858 -2.599454 90.411789 0.308965 -0.635096 -0.707951 0.255116 0.583200 1 28 1.000000
MarioHand_alb.png
 29 -52.782764 -6.977260 88.562836 0.538327 -0.509236 -0.671478 0.213489 0.643076 1 28 1.000000
 29 -50.679031 -5.082778 89.322639 0.739190 -0.463138 -0.488979 0.231800 0.612299 1 28 1.000000
 29 -50.563141 -6.706990 92.293106 0.762175 -0.620936 -0.183105 0.196765 0.591791 1 28 1.000000
MarioHand_alb.png
 29 -52.491535 -8.571440 91.233482 0.661860 -0.712596 -0.232700 0.180346 0.625772 1 28 1.000000
 29 -52.782764 -6.977260 88.562836 0.538327 -0.509236 -0.671478 0.213489 0.643076 1 28 1.000000
 29 -50.563141 -6.706990 92.293106 0.762175 -0.620936 -0.183105 0.196765 0.591791 1 28 1.000000
MarioHand_alb.png
 29 -50.679031 -5.082778 89.322639 0.739190 -0.463138 -0.488979 0.231800 0.612299 1 28 1.000000
 29 -50.948048 -2.743577 87.949966 0.532020 -0.205228 -0.821484 0.263813 0.619120 1 28 1.000000
 29 -49.153858 0.286234 88.627304 0.031275 -0.266162 -0.963421 0.296605 0.591165 1 28 1.000000
MarioHand_alb.png
 29 -55.073093 -8.684517 88.309601 0.407003 -0.483292 -0.775098 0.194919 0.672801 1 28 1.000000
 29 -52.782764 -6.977260 88.562836 0.538327 -0.509236 -0.671478 0.213489 0.643076 1 28 1.000000
 29 -52.491535 -8.571440 91.233482 0.661860 -0.712596 -0.232700 0.180346 0.625772 1 28 1.000000
MarioHand_alb.png
 29 -54.780861 -10.398161 90.697594 0.632097 -0.741484 -0.225068 0.162478 0.659998 1 28 1.000000
 29 -55.073093 -8.684517 88.309601 0.407003 -0.483292 -0.775098 0.194919 0.672801 1 28 1.000000
 29 -52.491535 -8.571440 91.233482 0.661860 -0.712596 -0.232700 0.180346 0.625772 1 28 1.000000
MarioHand_alb.png
 29 -52.782764 -6.977260 88.562836 0.538327 -0.509236 -0.671478 0.213489 0.643076 1 28 1.000000
 29 -53.661118 -4.254545 86.951317 0.280063 -0.197742 -0.939395 0.249622 0.654063 1 28 1.000000
 29 -50.679031 -5.082778 89.322639 0.739190 -0.463138 -0.488979 0.231800 0.612299 1 28 1.000000
MarioHand_alb.png
 29 -50.679031 -5.082778 89.322639 0.739190 -0.463138 -0.488979 0.231800 0.612299 1 28 1.000000
 29 -53.661118 -4.254545 86.951317 0.280063 -0.197742 -0.939395 0.249622 0.654063 1 28 1.000000
 29 -50.948048 -2.743577 87.949966 0.532020 -0.205228 -0.821484 0.263813 0.619120 1 28 1.000000
MarioHand_alb.png
 29 -49.153858 0.286234 88.627304 0.031275 -0.266162 -0.963421 0.296605 0.591165 1 28 1.000000
 29 -50.948048 -2.743577 87.949966 0.532020 -0.205228 -0.821484 0.263813 0.619120 1 28 1.000000
 29 -51.694752 0.282263 87.503159 0.235055 0.048968 -0.970748 0.300679 0.625284 1 28 1.000000
MarioHand_alb.png
 29 -53.661118 -4.254545 86.951317 0.280063 -0.197742 -0.939395 0.249622 0.654063 1 28 1.000000
 29 -51.694752 0.282263 87.503159 0.235055 0.048968 -0.970748 0.300679 0.625284 1 28 1.000000
 29 -50.948048 -2.743577 87.949966 0.532020 -0.205228 -0.821484 0.263813 0.619120 1 28 1.000000
MarioHand_alb.png
 29 -49.153858 0.286234 88.627304 0.031275 -0.266162 -0.963421 0.296605 0.591165 1 28 1.000000
 29 -51.694752 0.282263 87.503159 0.235055 0.048968 -0.970748 0.300679 0.625284 1 28 1.000000
 29 -49.160366 3.667030 87.968124 -0.133154 0.052723 -0.989692 0.339940 0.590387 1 28 1.000000
MarioHand_alb.png
 29 -52.782764 -6.977260 88.562836 0.538327 -0.509236 -0.671478 0.213489 0.643076 1 28 1.000000
 29 -56.481377 -5.327899 86.683228 0.035101 -0.138877 -0.989688 0.238514 0.687938 1 28 1.000000
 29 -53.661118 -4.254545 86.951317 0.280063 -0.197742 -0.939395 0.249622 0.654063 1 28 1.000000
MarioHand_alb.png
 29 -55.073093 -8.684517 88.309601 0.407003 -0.483292 -0.775098 0.194919 0.672801 1 28 1.000000
 29 -56.481377 -5.327899 86.683228 0.035101 -0.138877 -0.989688 0.238514 0.687938 1 28 1.000000
 29 -52.782764 -6.977260 88.562836 0.538327 -0.509236 -0.671478 0.213489 0.643076 1 28 1.000000
MarioHand_alb.png
 29 -53.661118 -4.254545 86.951317 0.280063 -0.197742 -0.939395 0.249622 0.654063 1 28 1.000000
 29 -54.695713 -0.282013 87.010796 -0.170135 0.232978 -0.957484 0.296239 0.662318 1 28 1.000000
 29 -51.694752 0.282263 87.503159 0.235055 0.048968 -0.970748 0.300679 0.625284 1 28 1.000000
MarioHand_alb.png
 29 -56.481377 -5.327899 86.683228 0.035101 -0.138877 -0.989688 0.238514 0.687938 1 28 1.000000
 29 -54.695713 -0.282013 87.010796 -0.170135 0.232978 -0.957484 0.296239 0.662318 1 28 1.000000
 29 -53.661118 -4.254545 86.951317 0.280063 -0.197742 -0.939395 0.249622 0.654063 1 28 1.000000
MarioHand_alb.png
 29 -51.694752 0.282263 87.503159 0.235055 0.048968 -0.970748 0.300679 0.625284 1 28 1.000000
 29 -51.814213 3.031271 88.125641 -0.017927 0.121339 -0.992449 0.335088 0.623926 1 28 1.000000
 29 -49.160366 3.667030 87.968124 -0.133154 0.052723 -0.989692 0.339940 0.590387 1 28 1.000000
MarioHand_alb.png
 29 -51.694752 0.282263 87.503159 0.235055 0.048968 -0.970748 0.300679 0.625284 1 28 1.000000
 29 -54.695713 -0.282013 87.010796 -0.170135 0.232978 -0.957484 0.296239 0.662318 1 28 1.000000
 29 -51.814213 3.031271 88.125641 -0.017927 0.121339 -0.992449 0.335088 0.623926 1 28 1.000000
MarioHand_alb.png
 29 -49.160366 3.667030 87.968124 -0.133154 0.052723 -0.989692 0.339940 0.590387 1 28 1.000000
 29 -51.814213 3.031271 88.125641 -0.017927 0.121339 -0.992449 0.335088 0.623926 1 28 1.000000
 29 -51.900433 6.159245 88.088760 0.011826 0.107671 -0.994116 0.372946 0.621180 1 28 1.000000
MarioHand_alb.png
 29 -49.160366 3.667030 87.968124 -0.133154 0.052723 -0.989692 0.339940 0.590387 1 28 1.000000
 29 -51.900433 6.159245 88.088760 0.011826 0.107671 -0.994116 0.372946 0.621180 1 28 1.000000
 29 -49.153862 7.047825 88.627304 -0.090388 0.279937 -0.955754 0.384298 0.586343 1 28 1.000000
MarioHand_alb.png
 29 -54.695713 -0.282013 87.010796 -0.170135 0.232978 -0.957484 0.296239 0.662318 1 28 1.000000
 29 -54.854000 2.981239 88.249245 -0.218923 0.144789 -0.964940 0.337591 0.661814 1 28 1.000000
 29 -51.814213 3.031271 88.125641 -0.017927 0.121339 -0.992449 0.335088 0.623926 1 28 1.000000
MarioHand_alb.png
 29 -51.900433 6.159245 88.088760 0.011826 0.107671 -0.994116 0.372946 0.621180 1 28 1.000000
 29 -51.852085 9.446751 88.975372 0.158673 0.408984 -0.898640 0.414084 0.619074 1 28 1.000000
 29 -49.153862 7.047825 88.627304 -0.090388 0.279937 -0.955754 0.384298 0.586343 1 28 1.000000
MarioHand_alb.png
 29 -49.153862 7.047825 88.627304 -0.090388 0.279937 -0.955754 0.384298 0.586343 1 28 1.000000
 29 -51.852085 9.446751 88.975372 0.158673 0.408984 -0.898640 0.414084 0.619074 1 28 1.000000
 29 -49.153866 9.933514 90.411789 0.053027 0.667887 -0.742372 0.430045 0.584100 1 28 1.000000
MarioHand_alb.png
 29 -51.814213 3.031271 88.125641 -0.017927 0.121339 -0.992449 0.335088 0.623926 1 28 1.000000
 29 -54.983719 5.590392 88.253197 -0.178082 0.043090 -0.983072 0.368551 0.658930 1 28 1.000000
 29 -51.900433 6.159245 88.088760 0.011826 0.107671 -0.994116 0.372946 0.621180 1 28 1.000000
MarioHand_alb.png
 29 -51.814213 3.031271 88.125641 -0.017927 0.121339 -0.992449 0.335088 0.623926 1 28 1.000000
 29 -54.854000 2.981239 88.249245 -0.218923 0.144789 -0.964940 0.337591 0.661814 1 28 1.000000
 29 -54.983719 5.590392 88.253197 -0.178082 0.043090 -0.983072 0.368551 0.658930 1 28 1.000000
MarioHand_alb.png
 29 -51.900433 6.159245 88.088760 0.011826 0.107671 -0.994116 0.372946 0.621180 1 28 1.000000
 29 -54.713379 8.560640 88.652077 -0.138844 0.218947 -0.965808 0.403021 0.652689 1 28 1.000000
 29 -51.852085 9.446751 88.975372 0.158673 0.408984 -0.898640 0.414084 0.619074 1 28 1.000000
MarioHand_alb.png
 29 -51.900433 6.159245 88.088760 0.011826 0.107671 -0.994116 0.372946 0.621180 1 28 1.000000
 29 -54.983719 5.590392 88.253197 -0.178082 0.043090 -0.983072 0.368551 0.658930 1 28 1.000000
 29 -54.713379 8.560640 88.652077 -0.138844 0.218947 -0.965808 0.403021 0.652689 1 28 1.000000
MarioHand_alb.png
 29 -51.852085 9.446751 88.975372 0.158673 0.408984 -0.898640 0.414084 0.619074 1 28 1.000000
 29 -51.630997 11.700504 90.535156 0.320841 0.718363 -0.617265 0.446860 0.617304 1 28 1.000000
 29 -49.153866 9.933514 90.411789 0.053027 0.667887 -0.742372 0.430045 0.584100 1 28 1.000000
MarioHand_alb.png
 29 -49.153866 9.933514 90.411789 0.053027 0.667887 -0.742372 0.430045 0.584100 1 28 1.000000
 29 -51.630997 11.700504 90.535156 0.320841 0.718363 -0.617265 0.446860 0.617304 1 28 1.000000
 29 -49.153866 11.828993 93.128502 0.125506 0.922027 -0.366217 0.474983 0.584146 1 28 1.000000
MarioHand_alb.png
 29 -54.713379 8.560640 88.652077 -0.138844 0.218947 -0.965808 0.403021 0.652689 1 28 1.000000
 29 -54.501694 11.326429 89.745956 -0.021361 0.561858 -0.826958 0.436606 0.650004 1 28 1.000000
 29 -51.852085 9.446751 88.975372 0.158673 0.408984 -0.898640 0.414084 0.619074 1 28 1.000000
MarioHand_alb.png
 29 -51.852085 9.446751 88.975372 0.158673 0.408984 -0.898640 0.414084 0.619074 1 28 1.000000
 29 -54.501694 11.326429 89.745956 -0.021361 0.561858 -0.826958 0.436606 0.650004 1 28 1.000000
 29 -51.630997 11.700504 90.535156 0.320841 0.718363 -0.617265 0.446860 0.617304 1 28 1.000000
MarioHand_alb.png
 29 -51.630997 11.700504 90.535156 0.320841 0.718363 -0.617265 0.446860 0.617304 1 28 1.000000
 29 -51.088844 13.077469 94.004433 0.383388 0.902200 -0.197607 0.491844 0.609995 1 28 1.000000
 29 -49.153866 11.828993 93.128502 0.125506 0.922027 -0.366217 0.474983 0.584146 1 28 1.000000
MarioHand_alb.png
 29 -49.153866 11.828993 93.128502 0.125506 0.922027 -0.366217 0.474983 0.584146 1 28 1.000000
 29 -51.088844 13.077469 94.004433 0.383388 0.902200 -0.197607 0.491844 0.609995 1 28 1.000000
 29 -49.153866 12.531143 96.311340 0.188058 0.982155 0.002289 0.516793 0.582803 1 28 1.000000
MarioHand_alb.png
 29 -51.088844 13.077469 94.004433 0.383388 0.902200 -0.197607 0.491844 0.609995 1 28 1.000000
 29 -50.977898 13.337017 97.218819 0.395585 0.912286 0.106049 0.531395 0.606363 1 28 1.000000
 29 -49.153866 12.531143 96.311340 0.188058 0.982155 0.002289 0.516793 0.582803 1 28 1.000000
MarioHand_alb.png
 29 -51.630997 11.700504 90.535156 0.320841 0.718363 -0.617265 0.446860 0.617304 1 28 1.000000
 29 -54.173820 13.334322 91.657852 0.105665 0.823291 -0.557698 0.467948 0.647822 1 28 1.000000
 29 -51.088844 13.077469 94.004433 0.383388 0.902200 -0.197607 0.491844 0.609995 1 28 1.000000
MarioHand_alb.png
 29 -54.501694 11.326429 89.745956 -0.021361 0.561858 -0.826958 0.436606 0.650004 1 28 1.000000
 29 -54.173820 13.334322 91.657852 0.105665 0.823291 -0.557698 0.467948 0.647822 1 28 1.000000
 29 -51.630997 11.700504 90.535156 0.320841 0.718363 -0.617265 0.446860 0.617304 1 28 1.000000
MarioHand_alb.png
 29 -51.088844 13.077469 94.004433 0.383388 0.902200 -0.197607 0.491844 0.609995 1 28 1.000000
 29 -53.753822 14.228873 94.445190 0.236897 0.953977 -0.183872 0.501747 0.644175 1 28 1.000000
 29 -50.977898 13.337017 97.218819 0.395585 0.912286 0.106049 0.531395 0.606363 1 28 1.000000
MarioHand_alb.png
 29 -54.173820 13.334322 91.657852 0.105665 0.823291 -0.557698 0.467948 0.647822 1 28 1.000000
 29 -53.753822 14.228873 94.445190 0.236897 0.953977 -0.183872 0.501747 0.644175 1 28 1.000000
 29 -51.088844 13.077469 94.004433 0.383388 0.902200 -0.197607 0.491844 0.609995 1 28 1.000000
MarioHand_alb.png
 29 -53.753822 14.228873 94.445190 0.236897 0.953977 -0.183872 0.501747 0.644175 1 28 1.000000
 29 -53.507767 14.288551 97.757820 0.293358 0.944355 0.148777 0.541833 0.640787 1 28 1.000000
 29 -50.977898 13.337017 97.218819 0.395585 0.912286 0.106049 0.531395 0.606363 1 28 1.000000
MarioHand_alb.png
 29 -54.501694 11.326429 89.745956 -0.021361 0.561858 -0.826958 0.436606 0.650004 1 28 1.000000
 29 -57.686180 13.700947 92.047295 -0.127788 0.796293 -0.591260 0.471641 0.686824 1 28 1.000000
 29 -54.173820 13.334322 91.657852 0.105665 0.823291 -0.557698 0.467948 0.647822 1 28 1.000000
MarioHand_alb.png
 29 -57.686180 13.700947 92.047295 -0.127788 0.796293 -0.591260 0.471641 0.686824 1 28 1.000000
 29 -53.753822 14.228873 94.445190 0.236897 0.953977 -0.183872 0.501747 0.644175 1 28 1.000000
 29 -54.173820 13.334322 91.657852 0.105665 0.823291 -0.557698 0.467948 0.647822 1 28 1.000000
MarioHand_alb.png
 29 -57.151623 14.967725 94.850113 0.030136 0.973878 -0.225064 0.506401 0.685313 1 28 1.000000
 29 -53.507767 14.288551 97.757820 0.293358 0.944355 0.148777 0.541833 0.640787 1 28 1.000000
 29 -53.753822 14.228873 94.445190 0.236897 0.953977 -0.183872 0.501747 0.644175 1 28 1.000000
MarioHand_alb.png
 29 -57.686180 13.700947 92.047295 -0.127788 0.796293 -0.591260 0.471641 0.686824 1 28 1.000000
 29 -57.151623 14.967725 94.850113 0.030136 0.973878 -0.225064 0.506401 0.685313 1 28 1.000000
 29 -53.753822 14.228873 94.445190 0.236897 0.953977 -0.183872 0.501747 0.644175 1 28 1.000000
MarioHand_alb.png
 29 -57.151623 14.967725 94.850113 0.030136 0.973878 -0.225064 0.506401 0.685313 1 28 1.000000
 29 -56.770214 15.020344 98.208984 0.145346 0.978130 0.148780 0.546899 0.685481 1 28 1.000000
 29 -53.507767 14.288551 97.757820 0.293358 0.944355 0.148777 0.541833 0.640787 1 28 1.000000
MarioHand_alb.png
 29 -58.180019 11.365088 90.208374 -0.268133 0.489162 -0.829955 0.439185 0.690486 1 28 1.000000
 29 -57.686180 13.700947 92.047295 -0.127788 0.796293 -0.591260 0.471641 0.686824 1 28 1.000000
 29 -54.501694 11.326429 89.745956 -0.021361 0.561858 -0.826958 0.436606 0.650004 1 28 1.000000
MarioHand_alb.png
 29 -54.713379 8.560640 88.652077 -0.138844 0.218947 -0.965808 0.403021 0.652689 1 28 1.000000
 29 -58.180019 11.365088 90.208374 -0.268133 0.489162 -0.829955 0.439185 0.690486 1 28 1.000000
 29 -54.501694 11.326429 89.745956 -0.021361 0.561858 -0.826958 0.436606 0.650004 1 28 1.000000
MarioHand_alb.png
 29 -60.787838 13.250279 93.069908 -0.437151 0.683001 -0.585157 0.473533 0.724361 1 28 1.000000
 29 -57.151623 14.967725 94.850113 0.030136 0.973878 -0.225064 0.506401 0.685313 1 28 1.000000
 29 -57.686180 13.700947 92.047295 -0.127788 0.796293 -0.591260 0.471641 0.686824 1 28 1.000000
MarioHand_alb.png
 29 -58.180019 11.365088 90.208374 -0.268133 0.489162 -0.829955 0.439185 0.690486 1 28 1.000000
 29 -60.787838 13.250279 93.069908 -0.437151 0.683001 -0.585157 0.473533 0.724361 1 28 1.000000
 29 -57.686180 13.700947 92.047295 -0.127788 0.796293 -0.591260 0.471641 0.686824 1 28 1.000000
MarioHand_alb.png
 29 -60.292503 14.778111 95.571228 -0.184632 0.950816 -0.248719 0.506844 0.724590 1 28 1.000000
 29 -56.770214 15.020344 98.208984 0.145346 0.978130 0.148780 0.546899 0.685481 1 28 1.000000
 29 -57.151623 14.967725 94.850113 0.030136 0.973878 -0.225064 0.506401 0.685313 1 28 1.000000
MarioHand_alb.png
 29 -60.787838 13.250279 93.069908 -0.437151 0.683001 -0.585157 0.473533 0.724361 1 28 1.000000
 29 -60.292503 14.778111 95.571228 -0.184632 0.950816 -0.248719 0.506844 0.724590 1 28 1.000000
 29 -57.151623 14.967725 94.850113 0.030136 0.973878 -0.225064 0.506401 0.685313 1 28 1.000000
MarioHand_alb.png
 29 -60.292503 14.778111 95.571228 -0.184632 0.950816 -0.248719 0.506844 0.724590 1 28 1.000000
 29 -59.599792 15.145889 99.041039 0.025940 0.983035 0.181577 0.548486 0.726848 1 28 1.000000
 29 -56.770214 15.020344 98.208984 0.145346 0.978130 0.148780 0.546899 0.685481 1 28 1.000000
MarioHand_alb.png
 29 -60.292503 14.778111 95.571228 -0.184632 0.950816 -0.248719 0.506844 0.724590 1 28 1.000000
 29 -62.072460 14.855076 99.806763 -0.135042 0.980291 0.144197 0.545815 0.766827 1 28 1.000000
 29 -59.599792 15.145889 99.041039 0.025940 0.983035 0.181577 0.548486 0.726848 1 28 1.000000
MarioHand_alb.png
 29 -60.787838 13.250279 93.069908 -0.437151 0.683001 -0.585157 0.473533 0.724361 1 28 1.000000
 29 -62.438004 14.094624 96.592751 -0.593589 0.744656 -0.305187 0.506813 0.758251 1 28 1.000000
 29 -60.292503 14.778111 95.571228 -0.184632 0.950816 -0.248719 0.506844 0.724590 1 28 1.000000
MarioHand_alb.png
 29 -60.292503 14.778111 95.571228 -0.184632 0.950816 -0.248719 0.506844 0.724590 1 28 1.000000
 29 -62.438004 14.094624 96.592751 -0.593589 0.744656 -0.305187 0.506813 0.758251 1 28 1.000000
 29 -62.072460 14.855076 99.806763 -0.135042 0.980291 0.144197 0.545815 0.766827 1 28 1.000000
MarioHand_alb.png
 29 -63.541740 13.389936 97.763229 -0.426510 0.747728 -0.508913 0.507713 0.783444 1 28 1.000000
 29 -63.798489 14.697458 100.263054 0.006485 0.999662 0.025178 0.543160 0.788983 1 28 1.000000
 29 -62.072460 14.855076 99.806763 -0.135042 0.980291 0.144197 0.545815 0.766827 1 28 1.000000
MarioHand_alb.png
 29 -62.438004 14.094624 96.592751 -0.593589 0.744656 -0.305187 0.506813 0.758251 1 28 1.000000
 29 -63.541740 13.389936 97.763229 -0.426510 0.747728 -0.508913 0.507713 0.783444 1 28 1.000000
 29 -62.072460 14.855076 99.806763 -0.135042 0.980291 0.144197 0.545815 0.766827 1 28 1.000000
MarioHand_alb.png
 29 -62.950958 12.513420 94.845222 -0.798133 0.428539 -0.423484 0.478218 0.758221 1 28 1.000000
 29 -63.541740 13.389936 97.763229 -0.426510 0.747728 -0.508913 0.507713 0.783444 1 28 1.000000
 29 -62.438004 14.094624 96.592751 -0.593589 0.744656 -0.305187 0.506813 0.758251 1 28 1.000000
MarioHand_alb.png
 29 -60.787838 13.250279 93.069908 -0.437151 0.683001 -0.585157 0.473533 0.724361 1 28 1.000000
 29 -62.950958 12.513420 94.845222 -0.798133 0.428539 -0.423484 0.478218 0.758221 1 28 1.000000
 29 -62.438004 14.094624 96.592751 -0.593589 0.744656 -0.305187 0.506813 0.758251 1 28 1.000000
MarioHand_alb.png
 29 -62.950958 12.513420 94.845222 -0.798133 0.428539 -0.423484 0.478218 0.758221 1 28 1.000000
 29 -64.079376 11.326065 97.255569 -0.842200 0.264332 -0.469923 0.479530 0.793866 1 28 1.000000
 29 -63.541740 13.389936 97.763229 -0.426510 0.747728 -0.508913 0.507713 0.783444 1 28 1.000000
MarioHand_alb.png
 29 -61.206963 10.871336 91.523994 -0.573790 0.367870 -0.731735 0.442512 0.727443 1 28 1.000000
 29 -62.950958 12.513420 94.845222 -0.798133 0.428539 -0.423484 0.478218 0.758221 1 28 1.000000
 29 -60.787838 13.250279 93.069908 -0.437151 0.683001 -0.585157 0.473533 0.724361 1 28 1.000000
MarioHand_alb.png
 29 -61.206963 10.871336 91.523994 -0.573790 0.367870 -0.731735 0.442512 0.727443 1 28 1.000000
 29 -60.787838 13.250279 93.069908 -0.437151 0.683001 -0.585157 0.473533 0.724361 1 28 1.000000
 29 -58.180019 11.365088 90.208374 -0.268133 0.489162 -0.829955 0.439185 0.690486 1 28 1.000000
MarioHand_alb.png
 29 -63.528069 10.077230 93.925354 -0.839739 0.262395 -0.475382 0.447501 0.765850 1 28 1.000000
 29 -64.079376 11.326065 97.255569 -0.842200 0.264332 -0.469923 0.479530 0.793866 1 28 1.000000
 29 -62.950958 12.513420 94.845222 -0.798133 0.428539 -0.423484 0.478218 0.758221 1 28 1.000000
MarioHand_alb.png
 29 -61.206963 10.871336 91.523994 -0.573790 0.367870 -0.731735 0.442512 0.727443 1 28 1.000000
 29 -63.528069 10.077230 93.925354 -0.839739 0.262395 -0.475382 0.447501 0.765850 1 28 1.000000
 29 -62.950958 12.513420 94.845222 -0.798133 0.428539 -0.423484 0.478218 0.758221 1 28 1.000000
MarioHand_alb.png
 29 -63.528069 10.077230 93.925354 -0.839739 0.262395 -0.475382 0.447501 0.765850 1 28 1.000000
 29 -64.845116 9.140252 98.587601 -0.703479 0.295755 -0.646255 0.461097 0.826154 1 28 1.000000
 29 -64.079376 11.326065 97.255569 -0.842200 0.264332 -0.469923 0.479530 0.793866 1 28 1.000000
MarioHand_alb.png
 29 -63.528069 10.077230 93.925354 -0.839739 0.262395 -0.475382 0.447501 0.765850 1 28 1.000000
 29 -65.522064 5.959197 97.280937 -0.733737 -0.070456 -0.675770 0.417395 0.826032 1 28 1.000000
 29 -64.845116 9.140252 98.587601 -0.703479 0.295755 -0.646255 0.461097 0.826154 1 28 1.000000
MarioHand_alb.png
 29 -58.369591 8.406944 89.416443 -0.348203 0.150646 -0.925235 0.405966 0.694896 1 28 1.000000
 29 -61.206963 10.871336 91.523994 -0.573790 0.367870 -0.731735 0.442512 0.727443 1 28 1.000000
 29 -58.180019 11.365088 90.208374 -0.268133 0.489162 -0.829955 0.439185 0.690486 1 28 1.000000
MarioHand_alb.png
 29 -58.369591 8.406944 89.416443 -0.348203 0.150646 -0.925235 0.405966 0.694896 1 28 1.000000
 29 -58.180019 11.365088 90.208374 -0.268133 0.489162 -0.829955 0.439185 0.690486 1 28 1.000000
 29 -54.713379 8.560640 88.652077 -0.138844 0.218947 -0.965808 0.403021 0.652689 1 28 1.000000
MarioHand_alb.png
 29 -54.983719 5.590392 88.253197 -0.178082 0.043090 -0.983072 0.368551 0.658930 1 28 1.000000
 29 -58.369591 8.406944 89.416443 -0.348203 0.150646 -0.925235 0.405966 0.694896 1 28 1.000000
 29 -54.713379 8.560640 88.652077 -0.138844 0.218947 -0.965808 0.403021 0.652689 1 28 1.000000
MarioHand_alb.png
 29 -61.484577 7.946098 90.776535 -0.628720 0.092038 -0.772166 0.409125 0.733120 1 28 1.000000
 29 -63.528069 10.077230 93.925354 -0.839739 0.262395 -0.475382 0.447501 0.765850 1 28 1.000000
 29 -61.206963 10.871336 91.523994 -0.573790 0.367870 -0.731735 0.442512 0.727443 1 28 1.000000
MarioHand_alb.png
 29 -61.484577 7.946098 90.776535 -0.628720 0.092038 -0.772166 0.409125 0.733120 1 28 1.000000
 29 -61.206963 10.871336 91.523994 -0.573790 0.367870 -0.731735 0.442512 0.727443 1 28 1.000000
 29 -58.369591 8.406944 89.416443 -0.348203 0.150646 -0.925235 0.405966 0.694896 1 28 1.000000
MarioHand_alb.png
 29 -58.236954 5.217325 89.111153 -0.385564 -0.031272 -0.922151 0.369833 0.699092 1 28 1.000000
 29 -58.369591 8.406944 89.416443 -0.348203 0.150646 -0.925235 0.405966 0.694896 1 28 1.000000
 29 -54.983719 5.590392 88.253197 -0.178082 0.043090 -0.983072 0.368551 0.658930 1 28 1.000000
MarioHand_alb.png
 29 -58.236954 5.217325 89.111153 -0.385564 -0.031272 -0.922151 0.369833 0.699092 1 28 1.000000
 29 -61.484577 7.946098 90.776535 -0.628720 0.092038 -0.772166 0.409125 0.733120 1 28 1.000000
 29 -58.369591 8.406944 89.416443 -0.348203 0.150646 -0.925235 0.405966 0.694896 1 28 1.000000
MarioHand_alb.png
 29 -54.854000 2.981239 88.249245 -0.218923 0.144789 -0.964940 0.337591 0.661814 1 28 1.000000
 29 -58.236954 5.217325 89.111153 -0.385564 -0.031272 -0.922151 0.369833 0.699092 1 28 1.000000
 29 -54.983719 5.590392 88.253197 -0.178082 0.043090 -0.983072 0.368551 0.658930 1 28 1.000000
MarioHand_alb.png
 29 -61.484577 7.946098 90.776535 -0.628720 0.092038 -0.772166 0.409125 0.733120 1 28 1.000000
 29 -63.751831 7.168353 93.722076 -0.825619 0.035196 -0.563130 0.414359 0.776150 1 28 1.000000
 29 -63.528069 10.077230 93.925354 -0.839739 0.262395 -0.475382 0.447501 0.765850 1 28 1.000000
MarioHand_alb.png
 29 -63.751831 7.168353 93.722076 -0.825619 0.035196 -0.563130 0.414359 0.776150 1 28 1.000000
 29 -65.522064 5.959197 97.280937 -0.733737 -0.070456 -0.675770 0.417395 0.826032 1 28 1.000000
 29 -63.528069 10.077230 93.925354 -0.839739 0.262395 -0.475382 0.447501 0.765850 1 28 1.000000
MarioHand_alb.png
 29 -58.236954 5.217325 89.111153 -0.385564 -0.031272 -0.922151 0.369833 0.699092 1 28 1.000000
 29 -61.267216 4.680323 90.833275 -0.643580 -0.144872 -0.751543 0.373129 0.740444 1 28 1.000000
 29 -61.484577 7.946098 90.776535 -0.628720 0.092038 -0.772166 0.409125 0.733120 1 28 1.000000
MarioHand_alb.png
 29 -61.484577 7.946098 90.776535 -0.628720 0.092038 -0.772166 0.409125 0.733120 1 28 1.000000
 29 -61.267216 4.680323 90.833275 -0.643580 -0.144872 -0.751543 0.373129 0.740444 1 28 1.000000
 29 -63.751831 7.168353 93.722076 -0.825619 0.035196 -0.563130 0.414359 0.776150 1 28 1.000000
MarioHand_alb.png
 29 -57.924133 2.149680 89.250587 -0.508710 0.113354 -0.853443 0.333333 0.703883 1 28 1.000000
 29 -58.236954 5.217325 89.111153 -0.385564 -0.031272 -0.922151 0.369833 0.699092 1 28 1.000000
 29 -54.854000 2.981239 88.249245 -0.218923 0.144789 -0.964940 0.337591 0.661814 1 28 1.000000
MarioHand_alb.png
 29 -57.924133 2.149680 89.250587 -0.508710 0.113354 -0.853443 0.333333 0.703883 1 28 1.000000
 29 -61.267216 4.680323 90.833275 -0.643580 -0.144872 -0.751543 0.373129 0.740444 1 28 1.000000
 29 -58.236954 5.217325 89.111153 -0.385564 -0.031272 -0.922151 0.369833 0.699092 1 28 1.000000
MarioHand_alb.png
 29 -57.924133 2.149680 89.250587 -0.508710 0.113354 -0.853443 0.333333 0.703883 1 28 1.000000
 29 -54.854000 2.981239 88.249245 -0.218923 0.144789 -0.964940 0.337591 0.661814 1 28 1.000000
 29 -54.695713 -0.282013 87.010796 -0.170135 0.232978 -0.957484 0.296239 0.662318 1 28 1.000000
MarioHand_alb.png
 29 -63.751831 7.168353 93.722076 -0.825619 0.035196 -0.563130 0.414359 0.776150 1 28 1.000000
 29 -63.719513 4.148190 93.940346 -0.802296 -0.150693 -0.577592 0.378836 0.787900 1 28 1.000000
 29 -65.522064 5.959197 97.280937 -0.733737 -0.070456 -0.675770 0.417395 0.826032 1 28 1.000000
MarioHand_alb.png
 29 -61.267216 4.680323 90.833275 -0.643580 -0.144872 -0.751543 0.373129 0.740444 1 28 1.000000
 29 -63.719513 4.148190 93.940346 -0.802296 -0.150693 -0.577592 0.378836 0.787900 1 28 1.000000
 29 -63.751831 7.168353 93.722076 -0.825619 0.035196 -0.563130 0.414359 0.776150 1 28 1.000000
MarioHand_alb.png
 29 -65.468246 3.113581 99.460587 -0.662131 0.207440 -0.720105 0.386069 0.858091 1 28 1.000000
 29 -65.522064 5.959197 97.280937 -0.733737 -0.070456 -0.675770 0.417395 0.826032 1 28 1.000000
 29 -63.719513 4.148190 93.940346 -0.802296 -0.150693 -0.577592 0.378836 0.787900 1 28 1.000000
MarioHand_alb.png
 29 -66.022614 0.501099 97.677032 -0.655095 0.087845 -0.750423 0.347478 0.848371 1 28 1.000000
 29 -65.468246 3.113581 99.460587 -0.662131 0.207440 -0.720105 0.386069 0.858091 1 28 1.000000
 29 -63.719513 4.148190 93.940346 -0.802296 -0.150693 -0.577592 0.378836 0.787900 1 28 1.000000
MarioHand_alb.png
 29 -60.510262 1.664890 91.595299 -0.712611 -0.023461 -0.701167 0.336233 0.748180 1 28 1.000000
 29 -63.719513 4.148190 93.940346 -0.802296 -0.150693 -0.577592 0.378836 0.787900 1 28 1.000000
 29 -61.267216 4.680323 90.833275 -0.643580 -0.144872 -0.751543 0.373129 0.740444 1 28 1.000000
MarioHand_alb.png
 29 -57.924133 2.149680 89.250587 -0.508710 0.113354 -0.853443 0.333333 0.703883 1 28 1.000000
 29 -60.510262 1.664890 91.595299 -0.712611 -0.023461 -0.701167 0.336233 0.748180 1 28 1.000000
 29 -61.267216 4.680323 90.833275 -0.643580 -0.144872 -0.751543 0.373129 0.740444 1 28 1.000000
MarioHand_alb.png
 29 -63.039143 1.145862 94.459740 -0.752884 -0.093824 -0.651431 0.341253 0.795438 1 28 1.000000
 29 -66.022614 0.501099 97.677032 -0.655095 0.087845 -0.750423 0.347478 0.848371 1 28 1.000000
 29 -63.719513 4.148190 93.940346 -0.802296 -0.150693 -0.577592 0.378836 0.787900 1 28 1.000000
MarioHand_alb.png
 29 -63.039143 1.145862 94.459740 -0.752884 -0.093824 -0.651431 0.341253 0.795438 1 28 1.000000
 29 -63.719513 4.148190 93.940346 -0.802296 -0.150693 -0.577592 0.378836 0.787900 1 28 1.000000
 29 -60.510262 1.664890 91.595299 -0.712611 -0.023461 -0.701167 0.336233 0.748180 1 28 1.000000
MarioHand_alb.png
 29 -63.039143 1.145862 94.459740 -0.752884 -0.093824 -0.651431 0.341253 0.795438 1 28 1.000000
 29 -63.193764 -1.614635 94.424995 -0.819829 0.099784 -0.563847 0.306157 0.804303 1 28 1.000000
 29 -66.022614 0.501099 97.677032 -0.655095 0.087845 -0.750423 0.347478 0.848371 1 28 1.000000
MarioHand_alb.png
 29 -63.193764 -1.614635 94.424995 -0.819829 0.099784 -0.563847 0.306157 0.804303 1 28 1.000000
 29 -65.679398 -2.566155 98.622269 -0.584491 0.064596 -0.808825 0.313024 0.864622 1 28 1.000000
 29 -66.022614 0.501099 97.677032 -0.655095 0.087845 -0.750423 0.347478 0.848371 1 28 1.000000
MarioHand_alb.png
 29 -60.994728 -1.314394 91.073021 -0.767117 0.213332 -0.604996 0.299733 0.756054 1 28 1.000000
 29 -63.039143 1.145862 94.459740 -0.752884 -0.093824 -0.651431 0.341253 0.795438 1 28 1.000000
 29 -60.510262 1.664890 91.595299 -0.712611 -0.023461 -0.701167 0.336233 0.748180 1 28 1.000000
MarioHand_alb.png
 29 -60.994728 -1.314394 91.073021 -0.767117 0.213332 -0.604996 0.299733 0.756054 1 28 1.000000
 29 -60.510262 1.664890 91.595299 -0.712611 -0.023461 -0.701167 0.336233 0.748180 1 28 1.000000
 29 -57.924133 2.149680 89.250587 -0.508710 0.113354 -0.853443 0.333333 0.703883 1 28 1.000000
MarioHand_alb.png
 29 -60.994728 -1.314394 91.073021 -0.767117 0.213332 -0.604996 0.299733 0.756054 1 28 1.000000
 29 -63.193764 -1.614635 94.424995 -0.819829 0.099784 -0.563847 0.306157 0.804303 1 28 1.000000
 29 -63.039143 1.145862 94.459740 -0.752884 -0.093824 -0.651431 0.341253 0.795438 1 28 1.000000
MarioHand_alb.png
 29 -64.954086 -4.702854 96.703133 -0.637788 0.121206 -0.760615 0.279179 0.850584 1 28 1.000000
 29 -65.679398 -2.566155 98.622269 -0.584491 0.064596 -0.808825 0.313024 0.864622 1 28 1.000000
 29 -63.193764 -1.614635 94.424995 -0.819829 0.099784 -0.563847 0.306157 0.804303 1 28 1.000000
MarioHand_alb.png
 29 -57.977600 -1.360753 87.893921 -0.497470 0.277967 -0.821741 0.287846 0.704051 1 28 1.000000
 29 -60.994728 -1.314394 91.073021 -0.767117 0.213332 -0.604996 0.299733 0.756054 1 28 1.000000
 29 -57.924133 2.149680 89.250587 -0.508710 0.113354 -0.853443 0.333333 0.703883 1 28 1.000000
MarioHand_alb.png
 29 -57.977600 -1.360753 87.893921 -0.497470 0.277967 -0.821741 0.287846 0.704051 1 28 1.000000
 29 -57.924133 2.149680 89.250587 -0.508710 0.113354 -0.853443 0.333333 0.703883 1 28 1.000000
 29 -54.695713 -0.282013 87.010796 -0.170135 0.232978 -0.957484 0.296239 0.662318 1 28 1.000000
MarioHand_alb.png
 29 -56.481377 -5.327899 86.683228 0.035101 -0.138877 -0.989688 0.238514 0.687938 1 28 1.000000
 29 -57.977600 -1.360753 87.893921 -0.497470 0.277967 -0.821741 0.287846 0.704051 1 28 1.000000
 29 -54.695713 -0.282013 87.010796 -0.170135 0.232978 -0.957484 0.296239 0.662318 1 28 1.000000
MarioHand_alb.png
 29 -63.862976 -7.845395 95.706276 -0.833139 -0.526243 -0.170137 0.241749 0.843839 1 28 1.000000
 29 -65.061836 -7.899657 97.629257 -0.226597 -0.780311 -0.582897 0.249042 0.875486 1 28 1.000000
 29 -64.954086 -4.702854 96.703133 -0.637788 0.121206 -0.760615 0.279179 0.850584 1 28 1.000000
MarioHand_alb.png
 29 -56.481377 -5.327899 86.683228 0.035101 -0.138877 -0.989688 0.238514 0.687938 1 28 1.000000
 29 -60.080120 -4.827199 87.971222 -0.563298 0.238839 -0.790981 0.247639 0.731731 1 28 1.000000
 29 -57.977600 -1.360753 87.893921 -0.497470 0.277967 -0.821741 0.287846 0.704051 1 28 1.000000
MarioHand_alb.png
 29 -60.080120 -4.827199 87.971222 -0.563298 0.238839 -0.790981 0.247639 0.731731 1 28 1.000000
 29 -60.994728 -1.314394 91.073021 -0.767117 0.213332 -0.604996 0.299733 0.756054 1 28 1.000000
 29 -57.977600 -1.360753 87.893921 -0.497470 0.277967 -0.821741 0.287846 0.704051 1 28 1.000000
MarioHand_alb.png
 29 -63.468845 -4.844750 93.913933 -0.881729 0.107402 -0.459369 0.269032 0.813626 1 28 1.000000
 29 -63.862976 -7.845395 95.706276 -0.833139 -0.526243 -0.170137 0.241749 0.843839 1 28 1.000000
 29 -64.954086 -4.702854 96.703133 -0.637788 0.121206 -0.760615 0.279179 0.850584 1 28 1.000000
MarioHand_alb.png
 29 -63.468845 -4.844750 93.913933 -0.881729 0.107402 -0.459369 0.269032 0.813626 1 28 1.000000
 29 -64.954086 -4.702854 96.703133 -0.637788 0.121206 -0.760615 0.279179 0.850584 1 28 1.000000
 29 -63.193764 -1.614635 94.424995 -0.819829 0.099784 -0.563847 0.306157 0.804303 1 28 1.000000
MarioHand_alb.png
 29 -63.423058 -8.390337 93.801949 -0.968839 -0.140939 0.203685 0.233616 0.825773 1 28 1.000000
 29 -63.862976 -7.845395 95.706276 -0.833139 -0.526243 -0.170137 0.241749 0.843839 1 28 1.000000
 29 -63.468845 -4.844750 93.913933 -0.881729 0.107402 -0.459369 0.269032 0.813626 1 28 1.000000
MarioHand_alb.png
 29 -62.766342 -6.804210 91.059135 -0.874262 0.349972 -0.336431 0.241413 0.788861 1 28 1.000000
 29 -63.423058 -8.390337 93.801949 -0.968839 -0.140939 0.203685 0.233616 0.825773 1 28 1.000000
 29 -63.468845 -4.844750 93.913933 -0.881729 0.107402 -0.459369 0.269032 0.813626 1 28 1.000000
MarioHand_alb.png
 29 -61.646076 -4.169942 91.259308 -0.837690 0.227160 -0.496663 0.267933 0.771298 1 28 1.000000
 29 -63.193764 -1.614635 94.424995 -0.819829 0.099784 -0.563847 0.306157 0.804303 1 28 1.000000
 29 -60.994728 -1.314394 91.073021 -0.767117 0.213332 -0.604996 0.299733 0.756054 1 28 1.000000
MarioHand_alb.png
 29 -61.646076 -4.169942 91.259308 -0.837690 0.227160 -0.496663 0.267933 0.771298 1 28 1.000000
 29 -63.468845 -4.844750 93.913933 -0.881729 0.107402 -0.459369 0.269032 0.813626 1 28 1.000000
 29 -63.193764 -1.614635 94.424995 -0.819829 0.099784 -0.563847 0.306157 0.804303 1 28 1.000000
MarioHand_alb.png
 29 -61.646076 -4.169942 91.259308 -0.837690 0.227160 -0.496663 0.267933 0.771298 1 28 1.000000
 29 -62.766342 -6.804210 91.059135 -0.874262 0.349972 -0.336431 0.241413 0.788861 1 28 1.000000
 29 -63.468845 -4.844750 93.913933 -0.881729 0.107402 -0.459369 0.269032 0.813626 1 28 1.000000
MarioHand_alb.png
 29 -60.080120 -4.827199 87.971222 -0.563298 0.238839 -0.790981 0.247639 0.731731 1 28 1.000000
 29 -61.646076 -4.169942 91.259308 -0.837690 0.227160 -0.496663 0.267933 0.771298 1 28 1.000000
 29 -60.994728 -1.314394 91.073021 -0.767117 0.213332 -0.604996 0.299733 0.756054 1 28 1.000000
MarioHand_alb.png
 29 -61.546856 -7.628983 88.260536 -0.526114 0.250658 -0.812635 0.217624 0.761868 1 28 1.000000
 29 -62.766342 -6.804210 91.059135 -0.874262 0.349972 -0.336431 0.241413 0.788861 1 28 1.000000
 29 -61.646076 -4.169942 91.259308 -0.837690 0.227160 -0.496663 0.267933 0.771298 1 28 1.000000
MarioHand_alb.png
 29 -61.546856 -7.628983 88.260536 -0.526114 0.250658 -0.812635 0.217624 0.761868 1 28 1.000000
 29 -61.646076 -4.169942 91.259308 -0.837690 0.227160 -0.496663 0.267933 0.771298 1 28 1.000000
 29 -60.080120 -4.827199 87.971222 -0.563298 0.238839 -0.790981 0.247639 0.731731 1 28 1.000000
MarioHand_alb.png
 29 -58.290997 -7.541601 87.136856 -0.058758 -0.111507 -0.992025 0.214008 0.715053 1 28 1.000000
 29 -61.546856 -7.628983 88.260536 -0.526114 0.250658 -0.812635 0.217624 0.761868 1 28 1.000000
 29 -60.080120 -4.827199 87.971222 -0.563298 0.238839 -0.790981 0.247639 0.731731 1 28 1.000000
MarioHand_alb.png
 29 -58.290997 -7.541601 87.136856 -0.058758 -0.111507 -0.992025 0.214008 0.715053 1 28 1.000000
 29 -60.080120 -4.827199 87.971222 -0.563298 0.238839 -0.790981 0.247639 0.731731 1 28 1.000000
 29 -56.481377 -5.327899 86.683228 0.035101 -0.138877 -0.989688 0.238514 0.687938 1 28 1.000000
MarioHand_alb.png
 29 -59.607658 -10.156181 87.315407 -0.015253 0.007817 -0.999853 0.186007 0.742763 1 28 1.000000
 29 -61.546856 -7.628983 88.260536 -0.526114 0.250658 -0.812635 0.217624 0.761868 1 28 1.000000
 29 -58.290997 -7.541601 87.136856 -0.058758 -0.111507 -0.992025 0.214008 0.715053 1 28 1.000000
MarioHand_alb.png
 29 -55.073093 -8.684517 88.309601 0.407003 -0.483292 -0.775098 0.194919 0.672801 1 28 1.000000
 29 -58.290997 -7.541601 87.136856 -0.058758 -0.111507 -0.992025 0.214008 0.715053 1 28 1.000000
 29 -56.481377 -5.327899 86.683228 0.035101 -0.138877 -0.989688 0.238514 0.687938 1 28 1.000000
MarioHand_alb.png
 29 -56.751434 -10.616808 88.503914 0.473851 -0.463836 -0.748547 0.173526 0.702617 1 28 1.000000
 29 -59.607658 -10.156181 87.315407 -0.015253 0.007817 -0.999853 0.186007 0.742763 1 28 1.000000
 29 -58.290997 -7.541601 87.136856 -0.058758 -0.111507 -0.992025 0.214008 0.715053 1 28 1.000000
MarioHand_alb.png
 29 -56.751434 -10.616808 88.503914 0.473851 -0.463836 -0.748547 0.173526 0.702617 1 28 1.000000
 29 -58.290997 -7.541601 87.136856 -0.058758 -0.111507 -0.992025 0.214008 0.715053 1 28 1.000000
 29 -55.073093 -8.684517 88.309601 0.407003 -0.483292 -0.775098 0.194919 0.672801 1 28 1.000000
MarioHand_alb.png
 29 -58.668900 -11.881344 87.845337 0.439683 -0.334338 -0.833605 0.163043 0.732021 1 28 1.000000
 29 -59.607658 -10.156181 87.315407 -0.015253 0.007817 -0.999853 0.186007 0.742763 1 28 1.000000
 29 -56.751434 -10.616808 88.503914 0.473851 -0.463836 -0.748547 0.173526 0.702617 1 28 1.000000
MarioHand_alb.png
 29 -56.751434 -10.616808 88.503914 0.473851 -0.463836 -0.748547 0.173526 0.702617 1 28 1.000000
 29 -55.073093 -8.684517 88.309601 0.407003 -0.483292 -0.775098 0.194919 0.672801 1 28 1.000000
 29 -54.780861 -10.398161 90.697594 0.632097 -0.741484 -0.225068 0.162478 0.659998 1 28 1.000000
MarioHand_alb.png
 29 -58.668900 -11.881344 87.845337 0.439683 -0.334338 -0.833605 0.163043 0.732021 1 28 1.000000
 29 -56.751434 -10.616808 88.503914 0.473851 -0.463836 -0.748547 0.173526 0.702617 1 28 1.000000
 29 -58.369003 -13.274326 89.271469 0.608843 -0.689145 -0.392925 0.140261 0.721492 1 28 1.000000
MarioHand_alb.png
 29 -56.751434 -10.616808 88.503914 0.473851 -0.463836 -0.748547 0.173526 0.702617 1 28 1.000000
 29 -54.780861 -10.398161 90.697594 0.632097 -0.741484 -0.225068 0.162478 0.659998 1 28 1.000000
 29 -56.569290 -11.986380 90.516411 0.675555 -0.718659 -0.164788 0.146059 0.691539 1 28 1.000000
MarioHand_alb.png
 29 -56.751434 -10.616808 88.503914 0.473851 -0.463836 -0.748547 0.173526 0.702617 1 28 1.000000
 29 -56.569290 -11.986380 90.516411 0.675555 -0.718659 -0.164788 0.146059 0.691539 1 28 1.000000
 29 -58.369003 -13.274326 89.271469 0.608843 -0.689145 -0.392925 0.140261 0.721492 1 28 1.000000
MarioHand_alb.png
 29 -60.129501 4.117122 106.252617 -0.332735 0.437001 0.835654 0.174807 0.908247 1 28 1.000000
 29 -60.459358 3.504579 106.273270 -0.492682 0.003909 0.870201 0.179355 0.899763 1 28 1.000000
 29 -59.451843 3.503901 106.843781 -0.281813 0.003909 0.959461 0.165896 0.899763 1 28 1.000000
MarioHand_alb.png
 29 -60.459358 3.504579 106.273270 -0.492682 0.003909 0.870201 0.179355 0.899763 1 28 1.000000
 29 -60.132538 2.890306 106.256462 -0.334983 -0.431057 0.837840 0.174807 0.891279 1 28 1.000000
 29 -59.451843 3.503901 106.843781 -0.281813 0.003909 0.959461 0.165896 0.899763 1 28 1.000000
MarioHand_alb.png
 29 -59.451843 3.503901 106.843781 -0.281813 0.003909 0.959461 0.165896 0.899763 1 28 1.000000
 29 -60.132538 2.890306 106.256462 -0.334983 -0.431057 0.837840 0.174807 0.891279 1 28 1.000000
 29 -59.236588 2.438886 106.206688 -0.201789 -0.575302 0.792659 0.162371 0.885069 1 28 1.000000
MarioHand_alb.png
 29 -59.451843 3.503901 106.843781 -0.281813 0.003909 0.959461 0.165896 0.899763 1 28 1.000000
 29 -59.236588 2.438886 106.206688 -0.201789 -0.575302 0.792659 0.162371 0.885069 1 28 1.000000
 29 -57.974754 2.759641 106.761719 0.045021 -0.583107 0.811147 0.145403 0.889525 1 28 1.000000
MarioHand_alb.png
 29 -59.451843 3.503901 106.843781 -0.281813 0.003909 0.959461 0.165896 0.899763 1 28 1.000000
 29 -59.231377 4.563796 106.200012 -0.199886 0.581156 0.788862 0.162371 0.914458 1 28 1.000000
 29 -60.129501 4.117122 106.252617 -0.332735 0.437001 0.835654 0.174807 0.908247 1 28 1.000000
MarioHand_alb.png
 29 -59.451843 3.503901 106.843781 -0.281813 0.003909 0.959461 0.165896 0.899763 1 28 1.000000
 29 -57.971096 4.240335 106.757042 0.046924 0.587308 0.808002 0.145403 0.910002 1 28 1.000000
 29 -59.231377 4.563796 106.200012 -0.199886 0.581156 0.788862 0.162371 0.914458 1 28 1.000000
MarioHand_alb.png
 29 -59.451843 3.503901 106.843781 -0.281813 0.003909 0.959461 0.165896 0.899763 1 28 1.000000
 29 -57.974754 2.759641 106.761719 0.045021 -0.583107 0.811147 0.145403 0.889525 1 28 1.000000
 29 -57.952511 3.501062 107.116562 0.056821 0.003909 0.998377 0.145403 0.899763 1 28 1.000000
MarioHand_alb.png
 29 -59.451843 3.503901 106.843781 -0.281813 0.003909 0.959461 0.165896 0.899763 1 28 1.000000
 29 -57.952511 3.501062 107.116562 0.056821 0.003909 0.998377 0.145403 0.899763 1 28 1.000000
 29 -57.971096 4.240335 106.757042 0.046924 0.587308 0.808002 0.145403 0.910002 1 28 1.000000
MarioHand_alb.png
 29 -57.974754 2.759641 106.761719 0.045021 -0.583107 0.811147 0.145403 0.889525 1 28 1.000000
 29 -56.494003 3.496082 106.674980 0.387647 0.001955 0.921806 0.124910 0.899763 1 28 1.000000
 29 -57.952511 3.501062 107.116562 0.056821 0.003909 0.998377 0.145403 0.899763 1 28 1.000000
MarioHand_alb.png
 29 -57.952511 3.501062 107.116562 0.056821 0.003909 0.998377 0.145403 0.899763 1 28 1.000000
 29 -56.494003 3.496082 106.674980 0.387647 0.001955 0.921806 0.124910 0.899763 1 28 1.000000
 29 -57.971096 4.240335 106.757042 0.046924 0.587308 0.808002 0.145403 0.910002 1 28 1.000000
MarioHand_alb.png
 29 -57.974754 2.759641 106.761719 0.045021 -0.583107 0.811147 0.145403 0.889525 1 28 1.000000
 29 -56.785885 2.432410 106.066841 0.288023 -0.575687 0.765263 0.128420 0.885069 1 28 1.000000
 29 -56.494003 3.496082 106.674980 0.387647 0.001955 0.921806 0.124910 0.899763 1 28 1.000000
MarioHand_alb.png
 29 -56.494003 3.496082 106.674980 0.387647 0.001955 0.921806 0.124910 0.899763 1 28 1.000000
 29 -56.785885 2.432410 106.066841 0.288023 -0.575687 0.765263 0.128420 0.885069 1 28 1.000000
 29 -55.887779 2.879088 106.014236 0.426534 -0.432590 0.794314 0.115984 0.891279 1 28 1.000000
MarioHand_alb.png
 29 -57.971096 4.240335 106.757042 0.046924 0.587308 0.808002 0.145403 0.910002 1 28 1.000000
 29 -56.494003 3.496082 106.674980 0.387647 0.001955 0.921806 0.124910 0.899763 1 28 1.000000
 29 -56.780659 4.557323 106.060143 0.291425 0.579131 0.761367 0.128420 0.914458 1 28 1.000000
MarioHand_alb.png
 29 -56.494003 3.496082 106.674980 0.387647 0.001955 0.921806 0.124910 0.899763 1 28 1.000000
 29 -55.884754 4.105906 106.010361 0.428319 0.434040 0.792561 0.115984 0.908247 1 28 1.000000
 29 -56.780659 4.557323 106.060143 0.291425 0.579131 0.761367 0.128420 0.914458 1 28 1.000000
MarioHand_alb.png
 29 -56.494003 3.496082 106.674980 0.387647 0.001955 0.921806 0.124910 0.899763 1 28 1.000000
 29 -55.887779 2.879088 106.014236 0.426534 -0.432590 0.794314 0.115984 0.891279 1 28 1.000000
 29 -55.557922 3.491625 105.993538 0.589078 0.002003 0.808074 0.111437 0.899763 1 28 1.000000
MarioHand_alb.png
 29 -56.494003 3.496082 106.674980 0.387647 0.001955 0.921806 0.124910 0.899763 1 28 1.000000
 29 -55.557922 3.491625 105.993538 0.589078 0.002003 0.808074 0.111437 0.899763 1 28 1.000000
 29 -55.884754 4.105906 106.010361 0.428319 0.434040 0.792561 0.115984 0.908247 1 28 1.000000
MarioHand_alb.png
 29 -55.780312 -2.489126 104.991730 0.477572 -0.629794 0.612605 0.035859 0.852110 1 28 1.000000
 29 -56.319386 -2.071728 105.840248 0.458222 -0.246852 0.853872 0.044770 0.860594 1 28 1.000000
 29 -56.681477 -2.932805 104.995331 0.334558 -0.761291 0.555435 0.048280 0.845899 1 28 1.000000
MarioHand_alb.png
 29 -56.319386 -2.071728 105.840248 0.458222 -0.246852 0.853872 0.044770 0.860594 1 28 1.000000
 29 -57.805096 -2.803219 105.846191 0.094610 -0.779242 0.619541 0.065263 0.850355 1 28 1.000000
 29 -56.681477 -2.932805 104.995331 0.334558 -0.761291 0.555435 0.048280 0.845899 1 28 1.000000
MarioHand_alb.png
 29 -56.319386 -2.071728 105.840248 0.458222 -0.246852 0.853872 0.044770 0.860594 1 28 1.000000
 29 -55.750038 -1.306322 105.316025 0.499394 0.205680 0.841606 0.035859 0.869078 1 28 1.000000
 29 -56.629028 -0.884136 105.557053 0.361181 0.353935 0.862716 0.048280 0.875303 1 28 1.000000
MarioHand_alb.png
 29 -56.319386 -2.071728 105.840248 0.458222 -0.246852 0.853872 0.044770 0.860594 1 28 1.000000
 29 -56.629028 -0.884136 105.557053 0.361181 0.353935 0.862716 0.048280 0.875303 1 28 1.000000
 29 -57.768551 -1.375658 106.237610 0.123214 0.348281 0.929257 0.065263 0.870832 1 28 1.000000
MarioHand_alb.png
 29 -56.319386 -2.071728 105.840248 0.458222 -0.246852 0.853872 0.044770 0.860594 1 28 1.000000
 29 -55.439407 -1.893791 105.109100 0.649620 -0.217168 0.728582 0.031296 0.860594 1 28 1.000000
 29 -55.750038 -1.306322 105.316025 0.499394 0.205680 0.841606 0.035859 0.869078 1 28 1.000000
MarioHand_alb.png
 29 -56.319386 -2.071728 105.840248 0.458222 -0.246852 0.853872 0.044770 0.860594 1 28 1.000000
 29 -55.780312 -2.489126 104.991730 0.477572 -0.629794 0.612605 0.035859 0.852110 1 28 1.000000
 29 -55.439407 -1.893791 105.109100 0.649620 -0.217168 0.728582 0.031296 0.860594 1 28 1.000000
MarioHand_alb.png
 29 -56.319386 -2.071728 105.840248 0.458222 -0.246852 0.853872 0.044770 0.860594 1 28 1.000000
 29 -57.768551 -1.375658 106.237610 0.123214 0.348281 0.929257 0.065263 0.870832 1 28 1.000000
 29 -57.738739 -2.184325 106.383476 0.135045 -0.265989 0.954470 0.065263 0.860594 1 28 1.000000
MarioHand_alb.png
 29 -56.319386 -2.071728 105.840248 0.458222 -0.246852 0.853872 0.044770 0.860594 1 28 1.000000
 29 -57.738739 -2.184325 106.383476 0.135045 -0.265989 0.954470 0.065263 0.860594 1 28 1.000000
 29 -57.805096 -2.803219 105.846191 0.094610 -0.779242 0.619541 0.065263 0.850355 1 28 1.000000
MarioHand_alb.png
 29 -57.768551 -1.375658 106.237610 0.123214 0.348281 0.929257 0.065263 0.870832 1 28 1.000000
 29 -59.254246 -2.107162 106.243553 -0.205566 -0.254144 0.945068 0.085756 0.860594 1 28 1.000000
 29 -57.738739 -2.184325 106.383476 0.135045 -0.265989 0.954470 0.065263 0.860594 1 28 1.000000
MarioHand_alb.png
 29 -57.738739 -2.184325 106.383476 0.135045 -0.265989 0.954470 0.065263 0.860594 1 28 1.000000
 29 -59.254246 -2.107162 106.243553 -0.205566 -0.254144 0.945068 0.085756 0.860594 1 28 1.000000
 29 -57.805096 -2.803219 105.846191 0.094610 -0.779242 0.619541 0.065263 0.850355 1 28 1.000000
MarioHand_alb.png
 29 -57.768551 -1.375658 106.237610 0.123214 0.348281 0.929257 0.065263 0.870832 1 28 1.000000
 29 -59.060692 -0.913498 105.891205 -0.124728 0.347979 0.929168 0.082246 0.875303 1 28 1.000000
 29 -59.254246 -2.107162 106.243553 -0.205566 -0.254144 0.945068 0.085756 0.860594 1 28 1.000000
MarioHand_alb.png
 29 -59.060692 -0.913498 105.891205 -0.124728 0.347979 0.929168 0.082246 0.875303 1 28 1.000000
 29 -59.961815 -1.357189 105.894814 -0.257084 0.197724 0.945946 0.094667 0.869078 1 28 1.000000
 29 -59.254246 -2.107162 106.243553 -0.205566 -0.254144 0.945068 0.085756 0.860594 1 28 1.000000
MarioHand_alb.png
 29 -57.805096 -2.803219 105.846191 0.094610 -0.779242 0.619541 0.065263 0.850355 1 28 1.000000
 29 -59.254246 -2.107162 106.243553 -0.205566 -0.254144 0.945068 0.085756 0.860594 1 28 1.000000
 29 -59.113140 -2.962170 105.329498 -0.152595 -0.766909 0.623350 0.082246 0.845899 1 28 1.000000
MarioHand_alb.png
 29 -59.254246 -2.107162 106.243553 -0.205566 -0.254144 0.945068 0.085756 0.860594 1 28 1.000000
 29 -59.992104 -2.539984 105.570511 -0.278126 -0.639757 0.716489 0.094667 0.852110 1 28 1.000000
 29 -59.113140 -2.962170 105.329498 -0.152595 -0.766909 0.623350 0.082246 0.845899 1 28 1.000000
MarioHand_alb.png
 29 -59.254246 -2.107162 106.243553 -0.205566 -0.254144 0.945068 0.085756 0.860594 1 28 1.000000
 29 -60.302750 -1.952513 105.777428 -0.422748 -0.229211 0.876782 0.099229 0.860594 1 28 1.000000
 29 -59.992104 -2.539984 105.570511 -0.278126 -0.639757 0.716489 0.094667 0.852110 1 28 1.000000
MarioHand_alb.png
 29 -59.254246 -2.107162 106.243553 -0.205566 -0.254144 0.945068 0.085756 0.860594 1 28 1.000000
 29 -59.961815 -1.357189 105.894814 -0.257084 0.197724 0.945946 0.094667 0.869078 1 28 1.000000
 29 -60.302750 -1.952513 105.777428 -0.422748 -0.229211 0.876782 0.099229 0.860594 1 28 1.000000
MarioHand_alb.png
 29 -68.071617 -2.383779 99.066002 -0.099946 -0.788744 -0.606543 0.079576 0.244602 1 28 1.000000
 29 -66.022614 0.501099 97.677032 -0.655095 0.087845 -0.750423 0.031403 0.268055 1 28 1.000000
 29 -65.679398 -2.566155 98.622269 -0.584491 0.064596 -0.808825 0.072404 0.280751 1 28 1.000000
MarioHand_alb.png
 29 -68.093338 0.388946 98.264961 -0.092345 0.127249 -0.987563 0.040955 0.237339 1 28 1.000000
 29 -66.022614 0.501099 97.677032 -0.655095 0.087845 -0.750423 0.031403 0.268055 1 28 1.000000
 29 -68.071617 -2.383779 99.066002 -0.099946 -0.788744 -0.606543 0.079576 0.244602 1 28 1.000000
MarioHand_alb.png
 29 -68.071617 -2.383779 99.066002 -0.099946 -0.788744 -0.606543 0.079576 0.244602 1 28 1.000000
 29 -65.679398 -2.566155 98.622269 -0.584491 0.064596 -0.808825 0.072404 0.280751 1 28 1.000000
 29 -65.770256 -2.784645 101.334213 -0.951256 -0.287589 -0.111374 0.108888 0.283192 1 28 1.000000
MarioHand_alb.png
 29 -70.595619 -2.246935 99.098724 -0.070187 -0.774532 -0.628628 0.083787 0.206149 1 28 1.000000
 29 -68.093338 0.388946 98.264961 -0.092345 0.127249 -0.987563 0.040955 0.237339 1 28 1.000000
 29 -68.071617 -2.383779 99.066002 -0.099946 -0.788744 -0.606543 0.079576 0.244602 1 28 1.000000
MarioHand_alb.png
 29 -70.524826 0.299456 98.080368 -0.076299 0.094002 -0.992644 0.047181 0.199695 1 28 1.000000
 29 -68.093338 0.388946 98.264961 -0.092345 0.127249 -0.987563 0.040955 0.237339 1 28 1.000000
 29 -70.595619 -2.246935 99.098724 -0.070187 -0.774532 -0.628628 0.083787 0.206149 1 28 1.000000
MarioHand_alb.png
 29 -72.300903 0.310845 98.591866 -0.172451 0.076330 -0.982056 0.053422 0.164736 1 28 1.000000
 29 -70.524826 0.299456 98.080368 -0.076299 0.094002 -0.992644 0.047181 0.199695 1 28 1.000000
 29 -70.595619 -2.246935 99.098724 -0.070187 -0.774532 -0.628628 0.083787 0.206149 1 28 1.000000
MarioHand_alb.png
 29 -68.071617 -2.383779 99.066002 -0.099946 -0.788744 -0.606543 0.079576 0.244602 1 28 1.000000
 29 -65.770256 -2.784645 101.334213 -0.951256 -0.287589 -0.111374 0.108888 0.283192 1 28 1.000000
 29 -68.248726 -2.539517 101.816277 -0.051117 -0.997934 -0.038910 0.117159 0.246723 1 28 1.000000
MarioHand_alb.png
 29 -70.595619 -2.246935 99.098724 -0.070187 -0.774532 -0.628628 0.083787 0.206149 1 28 1.000000
 29 -68.071617 -2.383779 99.066002 -0.099946 -0.788744 -0.606543 0.079576 0.244602 1 28 1.000000
 29 -68.248726 -2.539517 101.816277 -0.051117 -0.997934 -0.038910 0.117159 0.246723 1 28 1.000000
MarioHand_alb.png
 29 -68.248726 -2.539517 101.816277 -0.051117 -0.997934 -0.038910 0.117159 0.246723 1 28 1.000000
 29 -65.770256 -2.784645 101.334213 -0.951256 -0.287589 -0.111374 0.108888 0.283192 1 28 1.000000
 29 -68.360741 -2.505652 103.792252 -0.093841 -0.963823 0.249479 0.144915 0.248829 1 28 1.000000
MarioHand_alb.png
 29 -68.360741 -2.505652 103.792252 -0.093841 -0.963823 0.249479 0.144915 0.248829 1 28 1.000000
 29 -65.770256 -2.784645 101.334213 -0.951256 -0.287589 -0.111374 0.108888 0.283192 1 28 1.000000
 29 -66.057899 -2.858261 104.745003 -0.241901 -0.305190 0.921055 0.155764 0.284443 1 28 1.000000
MarioHand_alb.png
 29 -70.595619 -2.246935 99.098724 -0.070187 -0.774532 -0.628628 0.083787 0.206149 1 28 1.000000
 29 -68.248726 -2.539517 101.816277 -0.051117 -0.997934 -0.038910 0.117159 0.246723 1 28 1.000000
 29 -70.704994 -2.575725 101.824020 -0.017548 -0.998832 -0.045013 0.121355 0.209827 1 28 1.000000
MarioHand_alb.png
 29 -70.704994 -2.575725 101.824020 -0.017548 -0.998832 -0.045013 0.121355 0.209827 1 28 1.000000
 29 -68.248726 -2.539517 101.816277 -0.051117 -0.997934 -0.038910 0.117159 0.246723 1 28 1.000000
 29 -68.360741 -2.505652 103.792252 -0.093841 -0.963823 0.249479 0.144915 0.248829 1 28 1.000000
MarioHand_alb.png
 29 -72.300903 0.310845 98.591866 -0.172451 0.076330 -0.982056 0.053422 0.164736 1 28 1.000000
 29 -70.595619 -2.246935 99.098724 -0.070187 -0.774532 -0.628628 0.083787 0.206149 1 28 1.000000
 29 -72.524445 -2.115835 99.516335 -0.103761 -0.796925 -0.595101 0.088670 0.171633 1 28 1.000000
MarioHand_alb.png
 29 -72.524445 -2.115835 99.516335 -0.103761 -0.796925 -0.595101 0.088670 0.171633 1 28 1.000000
 29 -70.595619 -2.246935 99.098724 -0.070187 -0.774532 -0.628628 0.083787 0.206149 1 28 1.000000
 29 -70.704994 -2.575725 101.824020 -0.017548 -0.998832 -0.045013 0.121355 0.209827 1 28 1.000000
MarioHand_alb.png
 29 -73.645615 0.333735 98.826088 0.324138 0.058565 -0.944195 0.062165 0.125048 1 28 1.000000
 29 -72.300903 0.310845 98.591866 -0.172451 0.076330 -0.982056 0.053422 0.164736 1 28 1.000000
 29 -72.524445 -2.115835 99.516335 -0.103761 -0.796925 -0.595101 0.088670 0.171633 1 28 1.000000
MarioHand_alb.png
 29 -68.360741 -2.505652 103.792252 -0.093841 -0.963823 0.249479 0.144915 0.248829 1 28 1.000000
 29 -66.057899 -2.858261 104.745003 -0.241901 -0.305190 0.921055 0.155764 0.284443 1 28 1.000000
 29 -68.348778 -1.518511 105.316277 -0.042718 -0.476739 0.878006 0.170428 0.249943 1 28 1.000000
MarioHand_alb.png
 29 -68.348778 -1.518511 105.316277 -0.042718 -0.476739 0.878006 0.170428 0.249943 1 28 1.000000
 29 -66.057899 -2.858261 104.745003 -0.241901 -0.305190 0.921055 0.155764 0.284443 1 28 1.000000
 29 -65.698723 0.337867 105.534767 -0.109083 -0.103707 0.988608 0.195315 0.286320 1 28 1.000000
MarioHand_alb.png
 29 -70.704994 -2.575725 101.824020 -0.017548 -0.998832 -0.045013 0.121355 0.209827 1 28 1.000000
 29 -68.360741 -2.505652 103.792252 -0.093841 -0.963823 0.249479 0.144915 0.248829 1 28 1.000000
 29 -70.949738 -2.428027 103.687134 -0.021362 -0.942000 0.334933 0.147143 0.212131 1 28 1.000000
MarioHand_alb.png
 29 -70.949738 -2.428027 103.687134 -0.021362 -0.942000 0.334933 0.147143 0.212131 1 28 1.000000
 29 -68.360741 -2.505652 103.792252 -0.093841 -0.963823 0.249479 0.144915 0.248829 1 28 1.000000
 29 -68.348778 -1.518511 105.316277 -0.042718 -0.476739 0.878006 0.170428 0.249943 1 28 1.000000
MarioHand_alb.png
 29 -72.524445 -2.115835 99.516335 -0.103761 -0.796925 -0.595101 0.088670 0.171633 1 28 1.000000
 29 -70.704994 -2.575725 101.824020 -0.017548 -0.998832 -0.045013 0.121355 0.209827 1 28 1.000000
 29 -73.190521 -2.607885 101.933815 -0.006104 -0.998472 -0.054932 0.124804 0.175952 1 28 1.000000
MarioHand_alb.png
 29 -73.190521 -2.607885 101.933815 -0.006104 -0.998472 -0.054932 0.124804 0.175952 1 28 1.000000
 29 -70.704994 -2.575725 101.824020 -0.017548 -0.998832 -0.045013 0.121355 0.209827 1 28 1.000000
 29 -70.949738 -2.428027 103.687134 -0.021362 -0.942000 0.334933 0.147143 0.212131 1 28 1.000000
MarioHand_alb.png
 29 -73.645615 0.333735 98.826088 0.324138 0.058565 -0.944195 0.062165 0.125048 1 28 1.000000
 29 -72.524445 -2.115835 99.516335 -0.103761 -0.796925 -0.595101 0.088670 0.171633 1 28 1.000000
 29 -74.160675 -2.013634 99.535088 0.221249 -0.821910 -0.524893 0.095506 0.133227 1 28 1.000000
MarioHand_alb.png
 29 -74.160675 -2.013634 99.535088 0.221249 -0.821910 -0.524893 0.095506 0.133227 1 28 1.000000
 29 -72.524445 -2.115835 99.516335 -0.103761 -0.796925 -0.595101 0.088670 0.171633 1 28 1.000000
 29 -73.190521 -2.607885 101.933815 -0.006104 -0.998472 -0.054932 0.124804 0.175952 1 28 1.000000
MarioHand_alb.png
 29 -75.138031 -1.952093 98.477089 0.634697 -0.702162 -0.322689 0.103441 0.100328 1 28 1.000000
 29 -73.645615 0.333735 98.826088 0.324138 0.058565 -0.944195 0.062165 0.125048 1 28 1.000000
 29 -74.160675 -2.013634 99.535088 0.221249 -0.821910 -0.524893 0.095506 0.133227 1 28 1.000000
MarioHand_alb.png
 29 -74.458153 0.351511 97.898155 0.926676 0.021487 -0.375247 0.071824 0.090394 1 28 1.000000
 29 -73.645615 0.333735 98.826088 0.324138 0.058565 -0.944195 0.062165 0.125048 1 28 1.000000
 29 -75.138031 -1.952093 98.477089 0.634697 -0.702162 -0.322689 0.103441 0.100328 1 28 1.000000
MarioHand_alb.png
 29 -74.160675 -2.013634 99.535088 0.221249 -0.821910 -0.524893 0.095506 0.133227 1 28 1.000000
 29 -73.190521 -2.607885 101.933815 -0.006104 -0.998472 -0.054932 0.124804 0.175952 1 28 1.000000
 29 -75.251770 -2.650179 101.399017 0.015259 -0.999320 -0.033569 0.129335 0.138506 1 28 1.000000
MarioHand_alb.png
 29 -75.537399 -1.812597 96.498474 0.702743 -0.585857 -0.403638 0.114229 0.069535 1 28 1.000000
 29 -74.458153 0.351511 97.898155 0.926676 0.021487 -0.375247 0.071824 0.090394 1 28 1.000000
 29 -75.138031 -1.952093 98.477089 0.634697 -0.702162 -0.322689 0.103441 0.100328 1 28 1.000000
MarioHand_alb.png
 29 -75.537399 -1.812597 96.498474 0.702743 -0.585857 -0.403638 0.114229 0.069535 1 28 1.000000
 29 -74.704605 0.363510 96.063499 0.886338 0.005870 -0.463001 0.085740 0.057664 1 28 1.000000
 29 -74.458153 0.351511 97.898155 0.926676 0.021487 -0.375247 0.071824 0.090394 1 28 1.000000
MarioHand_alb.png
 29 -75.537399 -1.812597 96.498474 0.702743 -0.585857 -0.403638 0.114229 0.069535 1 28 1.000000
 29 -76.123558 0.366581 94.841095 0.440181 0.001955 -0.897907 0.103166 0.034180 1 28 1.000000
 29 -74.704605 0.363510 96.063499 0.886338 0.005870 -0.463001 0.085740 0.057664 1 28 1.000000
MarioHand_alb.png
 29 -75.138031 -1.952093 98.477089 0.634697 -0.702162 -0.322689 0.103441 0.100328 1 28 1.000000
 29 -74.160675 -2.013634 99.535088 0.221249 -0.821910 -0.524893 0.095506 0.133227 1 28 1.000000
 29 -76.585114 -2.768147 99.615837 0.035095 -0.998685 -0.037384 0.135424 0.106584 1 28 1.000000
MarioHand_alb.png
 29 -76.585114 -2.768147 99.615837 0.035095 -0.998685 -0.037384 0.135424 0.106584 1 28 1.000000
 29 -74.160675 -2.013634 99.535088 0.221249 -0.821910 -0.524893 0.095506 0.133227 1 28 1.000000
 29 -75.251770 -2.650179 101.399017 0.015259 -0.999320 -0.033569 0.129335 0.138506 1 28 1.000000
MarioHand_alb.png
 29 -76.778549 -1.344949 95.183197 0.236492 -0.479159 -0.845268 0.125582 0.045960 1 28 1.000000
 29 -76.123558 0.366581 94.841095 0.440181 0.001955 -0.897907 0.103166 0.034180 1 28 1.000000
 29 -75.537399 -1.812597 96.498474 0.702743 -0.585857 -0.403638 0.114229 0.069535 1 28 1.000000
MarioHand_alb.png
 29 -78.741302 0.368037 95.285797 -0.466940 0.001955 -0.884287 0.136248 0.014069 1 28 1.000000
 29 -76.123558 0.366581 94.841095 0.440181 0.001955 -0.897907 0.103166 0.034180 1 28 1.000000
 29 -76.778549 -1.344949 95.183197 0.236492 -0.479159 -0.845268 0.125582 0.045960 1 28 1.000000
MarioHand_alb.png
 29 -78.357063 -2.053887 96.014328 -0.301378 -0.700394 -0.647009 0.153567 0.047578 1 28 1.000000
 29 -78.741302 0.368037 95.285797 -0.466940 0.001955 -0.884287 0.136248 0.014069 1 28 1.000000
 29 -76.778549 -1.344949 95.183197 0.236492 -0.479159 -0.845268 0.125582 0.045960 1 28 1.000000
MarioHand_alb.png
 29 -78.357063 -2.053887 96.014328 -0.301378 -0.700394 -0.647009 0.153567 0.047578 1 28 1.000000
 29 -76.778549 -1.344949 95.183197 0.236492 -0.479159 -0.845268 0.125582 0.045960 1 28 1.000000
 29 -75.537399 -1.812597 96.498474 0.702743 -0.585857 -0.403638 0.114229 0.069535 1 28 1.000000
MarioHand_alb.png
 29 -75.537399 -1.812597 96.498474 0.702743 -0.585857 -0.403638 0.114229 0.069535 1 28 1.000000
 29 -75.138031 -1.952093 98.477089 0.634697 -0.702162 -0.322689 0.103441 0.100328 1 28 1.000000
 29 -77.544388 -2.713973 97.555214 -0.017548 -0.987172 -0.158691 0.143786 0.075166 1 28 1.000000
MarioHand_alb.png
 29 -78.357063 -2.053887 96.014328 -0.301378 -0.700394 -0.647009 0.153567 0.047578 1 28 1.000000
 29 -75.537399 -1.812597 96.498474 0.702743 -0.585857 -0.403638 0.114229 0.069535 1 28 1.000000
 29 -77.544388 -2.713973 97.555214 -0.017548 -0.987172 -0.158691 0.143786 0.075166 1 28 1.000000
MarioHand_alb.png
 29 -77.544388 -2.713973 97.555214 -0.017548 -0.987172 -0.158691 0.143786 0.075166 1 28 1.000000
 29 -75.138031 -1.952093 98.477089 0.634697 -0.702162 -0.322689 0.103441 0.100328 1 28 1.000000
 29 -76.585114 -2.768147 99.615837 0.035095 -0.998685 -0.037384 0.135424 0.106584 1 28 1.000000
MarioHand_alb.png
 29 -78.357063 -2.053887 96.014328 -0.301378 -0.700394 -0.647009 0.153567 0.047578 1 28 1.000000
 29 -77.544388 -2.713973 97.555214 -0.017548 -0.987172 -0.158691 0.143786 0.075166 1 28 1.000000
 29 -78.978317 -2.303804 98.312164 -0.475311 -0.876163 0.080109 0.162249 0.080827 1 28 1.000000
MarioHand_alb.png
 29 -77.544388 -2.713973 97.555214 -0.017548 -0.987172 -0.158691 0.143786 0.075166 1 28 1.000000
 29 -76.585114 -2.768147 99.615837 0.035095 -0.998685 -0.037384 0.135424 0.106584 1 28 1.000000
 29 -77.923103 -2.447947 100.240891 -0.402829 -0.889629 0.215147 0.156237 0.110994 1 28 1.000000
MarioHand_alb.png
 29 -77.544388 -2.713973 97.555214 -0.017548 -0.987172 -0.158691 0.143786 0.075166 1 28 1.000000
 29 -77.923103 -2.447947 100.240891 -0.402829 -0.889629 0.215147 0.156237 0.110994 1 28 1.000000
 29 -78.978317 -2.303804 98.312164 -0.475311 -0.876163 0.080109 0.162249 0.080827 1 28 1.000000
MarioHand_alb.png
 29 -76.585114 -2.768147 99.615837 0.035095 -0.998685 -0.037384 0.135424 0.106584 1 28 1.000000
 29 -76.535347 -2.459381 102.443344 -0.299080 -0.879238 0.370798 0.151995 0.142123 1 28 1.000000
 29 -77.923103 -2.447947 100.240891 -0.402829 -0.889629 0.215147 0.156237 0.110994 1 28 1.000000
MarioHand_alb.png
 29 -76.585114 -2.768147 99.615837 0.035095 -0.998685 -0.037384 0.135424 0.106584 1 28 1.000000
 29 -75.251770 -2.650179 101.399017 0.015259 -0.999320 -0.033569 0.129335 0.138506 1 28 1.000000
 29 -76.535347 -2.459381 102.443344 -0.299080 -0.879238 0.370798 0.151995 0.142123 1 28 1.000000
MarioHand_alb.png
 29 -78.978317 -2.303804 98.312164 -0.475311 -0.876163 0.080109 0.162249 0.080827 1 28 1.000000
 29 -77.923103 -2.447947 100.240891 -0.402829 -0.889629 0.215147 0.156237 0.110994 1 28 1.000000
 29 -79.029488 -1.372736 100.826897 -0.752987 -0.496544 0.431804 0.176440 0.114183 1 28 1.000000
MarioHand_alb.png
 29 -77.923103 -2.447947 100.240891 -0.402829 -0.889629 0.215147 0.156237 0.110994 1 28 1.000000
 29 -76.535347 -2.459381 102.443344 -0.299080 -0.879238 0.370798 0.151995 0.142123 1 28 1.000000
 29 -79.029488 -1.372736 100.826897 -0.752987 -0.496544 0.431804 0.176440 0.114183 1 28 1.000000
MarioHand_alb.png
 29 -78.357063 -2.053887 96.014328 -0.301378 -0.700394 -0.647009 0.153567 0.047578 1 28 1.000000
 29 -78.978317 -2.303804 98.312164 -0.475311 -0.876163 0.080109 0.162249 0.080827 1 28 1.000000
 29 -79.880836 -1.344250 96.819366 -0.754666 -0.479428 -0.447916 0.176287 0.058839 1 28 1.000000
MarioHand_alb.png
 29 -78.741302 0.368037 95.285797 -0.466940 0.001955 -0.884287 0.199527 0.031968 1 28 1.000000
 29 -78.357063 -2.053887 96.014328 -0.301378 -0.700394 -0.647009 0.153567 0.047578 1 28 1.000000
 29 -79.880836 -1.344250 96.819366 -0.754666 -0.479428 -0.447916 0.176287 0.058839 1 28 1.000000
MarioHand_alb.png
 29 -79.880836 -1.344250 96.819366 -0.754666 -0.479428 -0.447916 0.176287 0.058839 1 28 1.000000
 29 -78.978317 -2.303804 98.312164 -0.475311 -0.876163 0.080109 0.162249 0.080827 1 28 1.000000
 29 -79.988403 -1.253545 98.863960 -0.824038 -0.501266 0.263997 0.179797 0.085298 1 28 1.000000
MarioHand_alb.png
 29 -78.978317 -2.303804 98.312164 -0.475311 -0.876163 0.080109 0.162249 0.080827 1 28 1.000000
 29 -79.029488 -1.372736 100.826897 -0.752987 -0.496544 0.431804 0.176440 0.114183 1 28 1.000000
 29 -79.988403 -1.253545 98.863960 -0.824038 -0.501266 0.263997 0.179797 0.085298 1 28 1.000000
MarioHand_alb.png
 29 -78.741302 0.368037 95.285797 -0.466940 0.001955 -0.884287 0.199527 0.031968 1 28 1.000000
 29 -79.880836 -1.344250 96.819366 -0.754666 -0.479428 -0.447916 0.176287 0.058839 1 28 1.000000
 29 -80.586678 0.366578 97.194969 -0.936698 0.003909 -0.350117 0.199374 0.063401 1 28 1.000000
MarioHand_alb.png
 29 -79.880836 -1.344250 96.819366 -0.754666 -0.479428 -0.447916 0.176287 0.058839 1 28 1.000000
 29 -79.988403 -1.253545 98.863960 -0.824038 -0.501266 0.263997 0.179797 0.085298 1 28 1.000000
 29 -80.586678 0.366578 97.194969 -0.936698 0.003909 -0.350117 0.199374 0.063401 1 28 1.000000
MarioHand_alb.png
 29 -78.741302 0.368037 95.285797 -0.466940 0.001955 -0.884287 0.199527 0.031968 1 28 1.000000
 29 -80.586678 0.366578 97.194969 -0.936698 0.003909 -0.350117 0.199374 0.063401 1 28 1.000000
 29 -79.837982 2.067163 96.803421 -0.751537 0.487164 -0.444818 0.222538 0.058854 1 28 1.000000
MarioHand_alb.png
 29 -78.741302 0.368037 95.285797 -0.466940 0.001955 -0.884287 0.199527 0.031968 1 28 1.000000
 29 -79.837982 2.067163 96.803421 -0.751537 0.487164 -0.444818 0.222538 0.058854 1 28 1.000000
 29 -78.353165 2.787044 96.021729 -0.299082 0.700687 -0.647756 0.245212 0.048173 1 28 1.000000
MarioHand_alb.png
 29 -80.586678 0.366578 97.194969 -0.936698 0.003909 -0.350117 0.199374 0.063401 1 28 1.000000
 29 -79.988403 -1.253545 98.863960 -0.824038 -0.501266 0.263997 0.179797 0.085298 1 28 1.000000
 29 -80.379227 0.363506 99.056320 -0.939892 -0.017618 0.341016 0.199115 0.086870 1 28 1.000000
MarioHand_alb.png
 29 -80.586678 0.366578 97.194969 -0.936698 0.003909 -0.350117 0.199374 0.063401 1 28 1.000000
 29 -80.021111 1.948123 98.870560 -0.820780 0.517183 0.242573 0.218097 0.085801 1 28 1.000000
 29 -79.837982 2.067163 96.803421 -0.751537 0.487164 -0.444818 0.222538 0.058854 1 28 1.000000
MarioHand_alb.png
 29 -80.586678 0.366578 97.194969 -0.936698 0.003909 -0.350117 0.199374 0.063401 1 28 1.000000
 29 -80.379227 0.363506 99.056320 -0.939892 -0.017618 0.341016 0.199115 0.086870 1 28 1.000000
 29 -80.021111 1.948123 98.870560 -0.820780 0.517183 0.242573 0.218097 0.085801 1 28 1.000000
MarioHand_alb.png
 29 -79.988403 -1.253545 98.863960 -0.824038 -0.501266 0.263997 0.179797 0.085298 1 28 1.000000
 29 -79.422287 0.359150 101.035133 -0.862992 -0.029317 0.504366 0.198535 0.115465 1 28 1.000000
 29 -80.379227 0.363506 99.056320 -0.939892 -0.017618 0.341016 0.199115 0.086870 1 28 1.000000
MarioHand_alb.png
 29 -80.379227 0.363506 99.056320 -0.939892 -0.017618 0.341016 0.199115 0.086870 1 28 1.000000
 29 -79.422287 0.359150 101.035133 -0.862992 -0.029317 0.504366 0.198535 0.115465 1 28 1.000000
 29 -80.021111 1.948123 98.870560 -0.820780 0.517183 0.242573 0.218097 0.085801 1 28 1.000000
MarioHand_alb.png
 29 -79.988403 -1.253545 98.863960 -0.824038 -0.501266 0.263997 0.179797 0.085298 1 28 1.000000
 29 -79.029488 -1.372736 100.826897 -0.752987 -0.496544 0.431804 0.176440 0.114183 1 28 1.000000
 29 -79.422287 0.359150 101.035133 -0.862992 -0.029317 0.504366 0.198535 0.115465 1 28 1.000000
MarioHand_alb.png
 29 -79.837982 2.067163 96.803421 -0.751537 0.487164 -0.444818 0.222538 0.058854 1 28 1.000000
 29 -80.021111 1.948123 98.870560 -0.820780 0.517183 0.242573 0.218097 0.085801 1 28 1.000000
 29 -78.833481 3.103281 98.246452 -0.489804 0.869125 0.068664 0.237812 0.080934 1 28 1.000000
MarioHand_alb.png
 29 -79.837982 2.067163 96.803421 -0.751537 0.487164 -0.444818 0.222538 0.058854 1 28 1.000000
 29 -78.833481 3.103281 98.246452 -0.489804 0.869125 0.068664 0.237812 0.080934 1 28 1.000000
 29 -78.353165 2.787044 96.021729 -0.299082 0.700687 -0.647756 0.245212 0.048173 1 28 1.000000
MarioHand_alb.png
 29 -80.021111 1.948123 98.870560 -0.820780 0.517183 0.242573 0.218097 0.085801 1 28 1.000000
 29 -79.422287 0.359150 101.035133 -0.862992 -0.029317 0.504366 0.198535 0.115465 1 28 1.000000
 29 -79.120316 2.063447 100.880638 -0.767480 0.487304 0.416545 0.220188 0.114855 1 28 1.000000
MarioHand_alb.png
 29 -80.021111 1.948123 98.870560 -0.820780 0.517183 0.242573 0.218097 0.085801 1 28 1.000000
 29 -77.902405 3.211837 100.241493 -0.434871 0.875893 0.209043 0.242206 0.111681 1 28 1.000000
 29 -78.833481 3.103281 98.246452 -0.489804 0.869125 0.068664 0.237812 0.080934 1 28 1.000000
MarioHand_alb.png
 29 -80.021111 1.948123 98.870560 -0.820780 0.517183 0.242573 0.218097 0.085801 1 28 1.000000
 29 -79.120316 2.063447 100.880638 -0.767480 0.487304 0.416545 0.220188 0.114855 1 28 1.000000
 29 -77.902405 3.211837 100.241493 -0.434871 0.875893 0.209043 0.242206 0.111681 1 28 1.000000
MarioHand_alb.png
 29 -79.029488 -1.372736 100.826897 -0.752987 -0.496544 0.431804 0.176440 0.114183 1 28 1.000000
 29 -77.673515 0.355631 103.510567 -0.634171 -0.037173 0.772299 0.197986 0.145922 1 28 1.000000
 29 -79.422287 0.359150 101.035133 -0.862992 -0.029317 0.504366 0.198535 0.115465 1 28 1.000000
MarioHand_alb.png
 29 -79.422287 0.359150 101.035133 -0.862992 -0.029317 0.504366 0.198535 0.115465 1 28 1.000000
 29 -77.673515 0.355631 103.510567 -0.634171 -0.037173 0.772299 0.197986 0.145922 1 28 1.000000
 29 -79.120316 2.063447 100.880638 -0.767480 0.487304 0.416545 0.220188 0.114855 1 28 1.000000
MarioHand_alb.png
 29 -79.029488 -1.372736 100.826897 -0.752987 -0.496544 0.431804 0.176440 0.114183 1 28 1.000000
 29 -77.415596 -1.389638 103.266006 -0.563909 -0.464316 0.682948 0.174228 0.144747 1 28 1.000000
 29 -77.673515 0.355631 103.510567 -0.634171 -0.037173 0.772299 0.197986 0.145922 1 28 1.000000
MarioHand_alb.png
 29 -79.029488 -1.372736 100.826897 -0.752987 -0.496544 0.431804 0.176440 0.114183 1 28 1.000000
 29 -76.535347 -2.459381 102.443344 -0.299080 -0.879238 0.370798 0.151995 0.142123 1 28 1.000000
 29 -77.415596 -1.389638 103.266006 -0.563909 -0.464316 0.682948 0.174228 0.144747 1 28 1.000000
MarioHand_alb.png
 29 -79.120316 2.063447 100.880638 -0.767480 0.487304 0.416545 0.220188 0.114855 1 28 1.000000
 29 -77.673515 0.355631 103.510567 -0.634171 -0.037173 0.772299 0.197986 0.145922 1 28 1.000000
 29 -77.525833 2.138899 103.376717 -0.579234 0.432995 0.690655 0.221851 0.145327 1 28 1.000000
MarioHand_alb.png
 29 -77.415596 -1.389638 103.266006 -0.563909 -0.464316 0.682948 0.174228 0.144747 1 28 1.000000
 29 -74.319107 0.353656 105.166382 -0.293722 -0.037192 0.955167 0.197894 0.181872 1 28 1.000000
 29 -77.673515 0.355631 103.510567 -0.634171 -0.037173 0.772299 0.197986 0.145922 1 28 1.000000
MarioHand_alb.png
 29 -77.673515 0.355631 103.510567 -0.634171 -0.037173 0.772299 0.197986 0.145922 1 28 1.000000
 29 -74.319107 0.353656 105.166382 -0.293722 -0.037192 0.955167 0.197894 0.181872 1 28 1.000000
 29 -77.525833 2.138899 103.376717 -0.579234 0.432995 0.690655 0.221851 0.145327 1 28 1.000000
MarioHand_alb.png
 29 -76.535347 -2.459381 102.443344 -0.299080 -0.879238 0.370798 0.151995 0.142123 1 28 1.000000
 29 -74.196304 -1.420826 104.813034 -0.248722 -0.479538 0.841535 0.172808 0.181033 1 28 1.000000
 29 -77.415596 -1.389638 103.266006 -0.563909 -0.464316 0.682948 0.174228 0.144747 1 28 1.000000
MarioHand_alb.png
 29 -77.415596 -1.389638 103.266006 -0.563909 -0.464316 0.682948 0.174228 0.144747 1 28 1.000000
 29 -74.196304 -1.420826 104.813034 -0.248722 -0.479538 0.841535 0.172808 0.181033 1 28 1.000000
 29 -74.319107 0.353656 105.166382 -0.293722 -0.037192 0.955167 0.197894 0.181872 1 28 1.000000
MarioHand_alb.png
 29 -79.120316 2.063447 100.880638 -0.767480 0.487304 0.416545 0.220188 0.114855 1 28 1.000000
 29 -77.525833 2.138899 103.376717 -0.579234 0.432995 0.690655 0.221851 0.145327 1 28 1.000000
 29 -76.627258 3.204653 102.541252 -0.309755 0.875214 0.371553 0.244282 0.143114 1 28 1.000000
MarioHand_alb.png
 29 -79.120316 2.063447 100.880638 -0.767480 0.487304 0.416545 0.220188 0.114855 1 28 1.000000
 29 -76.627258 3.204653 102.541252 -0.309755 0.875214 0.371553 0.244282 0.143114 1 28 1.000000
 29 -77.902405 3.211837 100.241493 -0.434871 0.875893 0.209043 0.242206 0.111681 1 28 1.000000
MarioHand_alb.png
 29 -77.525833 2.138899 103.376717 -0.579234 0.432995 0.690655 0.221851 0.145327 1 28 1.000000
 29 -74.319107 0.353656 105.166382 -0.293722 -0.037192 0.955167 0.197894 0.181872 1 28 1.000000
 29 -74.239807 2.163646 104.928741 -0.263900 0.422260 0.867210 0.223148 0.181552 1 28 1.000000
MarioHand_alb.png
 29 -77.525833 2.138899 103.376717 -0.579234 0.432995 0.690655 0.221851 0.145327 1 28 1.000000
 29 -74.239807 2.163646 104.928741 -0.263900 0.422260 0.867210 0.223148 0.181552 1 28 1.000000
 29 -76.627258 3.204653 102.541252 -0.309755 0.875214 0.371553 0.244282 0.143114 1 28 1.000000
MarioHand_alb.png
 29 -74.196304 -1.420826 104.813034 -0.248722 -0.479538 0.841535 0.172808 0.181033 1 28 1.000000
 29 -71.185478 0.346799 105.500641 -0.082393 -0.045005 0.995583 0.197452 0.214984 1 28 1.000000
 29 -74.319107 0.353656 105.166382 -0.293722 -0.037192 0.955167 0.197894 0.181872 1 28 1.000000
MarioHand_alb.png
 29 -74.319107 0.353656 105.166382 -0.293722 -0.037192 0.955167 0.197894 0.181872 1 28 1.000000
 29 -71.185478 0.346799 105.500641 -0.082393 -0.045005 0.995583 0.197452 0.214984 1 28 1.000000
 29 -74.239807 2.163646 104.928741 -0.263900 0.422260 0.867210 0.223148 0.181552 1 28 1.000000
MarioHand_alb.png
 29 -76.535347 -2.459381 102.443344 -0.299080 -0.879238 0.370798 0.151995 0.142123 1 28 1.000000
 29 -73.767517 -2.484391 103.576202 -0.099943 -0.907763 0.407403 0.149004 0.178759 1 28 1.000000
 29 -74.196304 -1.420826 104.813034 -0.248722 -0.479538 0.841535 0.172808 0.181033 1 28 1.000000
MarioHand_alb.png
 29 -75.251770 -2.650179 101.399017 0.015259 -0.999320 -0.033569 0.129335 0.138506 1 28 1.000000
 29 -73.767517 -2.484391 103.576202 -0.099943 -0.907763 0.407403 0.149004 0.178759 1 28 1.000000
 29 -76.535347 -2.459381 102.443344 -0.299080 -0.879238 0.370798 0.151995 0.142123 1 28 1.000000
MarioHand_alb.png
 29 -75.251770 -2.650179 101.399017 0.015259 -0.999320 -0.033569 0.129335 0.138506 1 28 1.000000
 29 -73.190521 -2.607885 101.933815 -0.006104 -0.998472 -0.054932 0.124804 0.175952 1 28 1.000000
 29 -73.767517 -2.484391 103.576202 -0.099943 -0.907763 0.407403 0.149004 0.178759 1 28 1.000000
MarioHand_alb.png
 29 -73.190521 -2.607885 101.933815 -0.006104 -0.998472 -0.054932 0.124804 0.175952 1 28 1.000000
 29 -70.949738 -2.428027 103.687134 -0.021362 -0.942000 0.334933 0.147143 0.212131 1 28 1.000000
 29 -73.767517 -2.484391 103.576202 -0.099943 -0.907763 0.407403 0.149004 0.178759 1 28 1.000000
MarioHand_alb.png
 29 -73.767517 -2.484391 103.576202 -0.099943 -0.907763 0.407403 0.149004 0.178759 1 28 1.000000
 29 -71.146965 -1.445041 105.191078 -0.066369 -0.516604 0.853648 0.172030 0.214084 1 28 1.000000
 29 -74.196304 -1.420826 104.813034 -0.248722 -0.479538 0.841535 0.172808 0.181033 1 28 1.000000
MarioHand_alb.png
 29 -73.767517 -2.484391 103.576202 -0.099943 -0.907763 0.407403 0.149004 0.178759 1 28 1.000000
 29 -70.949738 -2.428027 103.687134 -0.021362 -0.942000 0.334933 0.147143 0.212131 1 28 1.000000
 29 -71.146965 -1.445041 105.191078 -0.066369 -0.516604 0.853648 0.172030 0.214084 1 28 1.000000
MarioHand_alb.png
 29 -74.196304 -1.420826 104.813034 -0.248722 -0.479538 0.841535 0.172808 0.181033 1 28 1.000000
 29 -71.146965 -1.445041 105.191078 -0.066369 -0.516604 0.853648 0.172030 0.214084 1 28 1.000000
 29 -71.185478 0.346799 105.500641 -0.082393 -0.045005 0.995583 0.197452 0.214984 1 28 1.000000
MarioHand_alb.png
 29 -70.949738 -2.428027 103.687134 -0.021362 -0.942000 0.334933 0.147143 0.212131 1 28 1.000000
 29 -68.348778 -1.518511 105.316277 -0.042718 -0.476739 0.878006 0.170428 0.249943 1 28 1.000000
 29 -71.146965 -1.445041 105.191078 -0.066369 -0.516604 0.853648 0.172030 0.214084 1 28 1.000000
MarioHand_alb.png
 29 -71.146965 -1.445041 105.191078 -0.066369 -0.516604 0.853648 0.172030 0.214084 1 28 1.000000
 29 -68.348778 -1.518511 105.316277 -0.042718 -0.476739 0.878006 0.170428 0.249943 1 28 1.000000
 29 -68.393204 0.326222 105.553764 -0.025178 -0.058659 0.997961 0.196521 0.250904 1 28 1.000000
MarioHand_alb.png
 29 -71.146965 -1.445041 105.191078 -0.066369 -0.516604 0.853648 0.172030 0.214084 1 28 1.000000
 29 -68.393204 0.326222 105.553764 -0.025178 -0.058659 0.997961 0.196521 0.250904 1 28 1.000000
 29 -71.185478 0.346799 105.500641 -0.082393 -0.045005 0.995583 0.197452 0.214984 1 28 1.000000
MarioHand_alb.png
 29 -68.348778 -1.518511 105.316277 -0.042718 -0.476739 0.878006 0.170428 0.249943 1 28 1.000000
 29 -65.698723 0.337867 105.534767 -0.109083 -0.103707 0.988608 0.195315 0.286320 1 28 1.000000
 29 -68.393204 0.326222 105.553764 -0.025178 -0.058659 0.997961 0.196521 0.250904 1 28 1.000000
MarioHand_alb.png
 29 -71.185478 0.346799 105.500641 -0.082393 -0.045005 0.995583 0.197452 0.214984 1 28 1.000000
 29 -68.393204 0.326222 105.553764 -0.025178 -0.058659 0.997961 0.196521 0.250904 1 28 1.000000
 29 -71.164864 2.203166 105.345261 -0.080113 0.440408 0.894216 0.223377 0.215000 1 28 1.000000
MarioHand_alb.png
 29 -74.239807 2.163646 104.928741 -0.263900 0.422260 0.867210 0.223148 0.181552 1 28 1.000000
 29 -71.185478 0.346799 105.500641 -0.082393 -0.045005 0.995583 0.197452 0.214984 1 28 1.000000
 29 -71.164864 2.203166 105.345261 -0.080113 0.440408 0.894216 0.223377 0.215000 1 28 1.000000
MarioHand_alb.png
 29 -68.393204 0.326222 105.553764 -0.025178 -0.058659 0.997961 0.196521 0.250904 1 28 1.000000
 29 -65.698723 0.337867 105.534767 -0.109083 -0.103707 0.988608 0.195315 0.286320 1 28 1.000000
 29 -68.371292 2.210529 105.561623 -0.074011 0.363690 0.928575 0.223255 0.251057 1 28 1.000000
MarioHand_alb.png
 29 -68.393204 0.326222 105.553764 -0.025178 -0.058659 0.997961 0.196521 0.250904 1 28 1.000000
 29 -68.371292 2.210529 105.561623 -0.074011 0.363690 0.928575 0.223255 0.251057 1 28 1.000000
 29 -71.164864 2.203166 105.345261 -0.080113 0.440408 0.894216 0.223377 0.215000 1 28 1.000000
MarioHand_alb.png
 29 -65.698723 0.337867 105.534767 -0.109083 -0.103707 0.988608 0.195315 0.286320 1 28 1.000000
 29 -65.804321 3.520475 105.515312 -0.222774 0.064563 0.972730 0.234424 0.288930 1 28 1.000000
 29 -68.371292 2.210529 105.561623 -0.074011 0.363690 0.928575 0.223255 0.251057 1 28 1.000000
MarioHand_alb.png
 29 -68.371292 2.210529 105.561623 -0.074011 0.363690 0.928575 0.223255 0.251057 1 28 1.000000
 29 -65.804321 3.520475 105.515312 -0.222774 0.064563 0.972730 0.234424 0.288930 1 28 1.000000
 29 -68.386444 3.127221 104.203987 -0.072479 0.966835 0.244903 0.247395 0.250568 1 28 1.000000
MarioHand_alb.png
 29 -68.371292 2.210529 105.561623 -0.074011 0.363690 0.928575 0.223255 0.251057 1 28 1.000000
 29 -68.386444 3.127221 104.203987 -0.072479 0.966835 0.244903 0.247395 0.250568 1 28 1.000000
 29 -71.164864 2.203166 105.345261 -0.080113 0.440408 0.894216 0.223377 0.215000 1 28 1.000000
MarioHand_alb.png
 29 -65.804321 3.520475 105.515312 -0.222774 0.064563 0.972730 0.234424 0.288930 1 28 1.000000
 29 -65.805412 3.198269 102.429611 -0.244902 0.969497 -0.009918 0.274846 0.283162 1 28 1.000000
 29 -68.386444 3.127221 104.203987 -0.072479 0.966835 0.244903 0.247395 0.250568 1 28 1.000000
MarioHand_alb.png
 29 -74.239807 2.163646 104.928741 -0.263900 0.422260 0.867210 0.223148 0.181552 1 28 1.000000
 29 -71.164864 2.203166 105.345261 -0.080113 0.440408 0.894216 0.223377 0.215000 1 28 1.000000
 29 -73.827553 3.154091 103.781548 -0.113679 0.906141 0.407413 0.245426 0.179919 1 28 1.000000
MarioHand_alb.png
 29 -76.627258 3.204653 102.541252 -0.309755 0.875214 0.371553 0.244282 0.143114 1 28 1.000000
 29 -74.239807 2.163646 104.928741 -0.263900 0.422260 0.867210 0.223148 0.181552 1 28 1.000000
 29 -73.827553 3.154091 103.781548 -0.113679 0.906141 0.407413 0.245426 0.179919 1 28 1.000000
MarioHand_alb.png
 29 -71.164864 2.203166 105.345261 -0.080113 0.440408 0.894216 0.223377 0.215000 1 28 1.000000
 29 -68.386444 3.127221 104.203987 -0.072479 0.966835 0.244903 0.247395 0.250568 1 28 1.000000
 29 -70.998856 3.186799 104.052795 -0.022888 0.940874 0.337983 0.245777 0.213520 1 28 1.000000
MarioHand_alb.png
 29 -71.164864 2.203166 105.345261 -0.080113 0.440408 0.894216 0.223377 0.215000 1 28 1.000000
 29 -70.998856 3.186799 104.052795 -0.022888 0.940874 0.337983 0.245777 0.213520 1 28 1.000000
 29 -73.827553 3.154091 103.781548 -0.113679 0.906141 0.407413 0.245426 0.179919 1 28 1.000000
MarioHand_alb.png
 29 -65.805412 3.198269 102.429611 -0.244902 0.969497 -0.009918 0.274846 0.283162 1 28 1.000000
 29 -68.212593 3.137866 102.512070 -0.007629 0.999184 -0.039673 0.271336 0.249348 1 28 1.000000
 29 -68.386444 3.127221 104.203987 -0.072479 0.966835 0.244903 0.247395 0.250568 1 28 1.000000
MarioHand_alb.png
 29 -70.998856 3.186799 104.052795 -0.022888 0.940874 0.337983 0.245777 0.213520 1 28 1.000000
 29 -68.386444 3.127221 104.203987 -0.072479 0.966835 0.244903 0.247395 0.250568 1 28 1.000000
 29 -70.760887 3.218164 102.327461 0.002289 0.998488 -0.054931 0.269459 0.211353 1 28 1.000000
MarioHand_alb.png
 29 -70.760887 3.218164 102.327461 0.002289 0.998488 -0.054931 0.269459 0.211353 1 28 1.000000
 29 -68.386444 3.127221 104.203987 -0.072479 0.966835 0.244903 0.247395 0.250568 1 28 1.000000
 29 -68.212593 3.137866 102.512070 -0.007629 0.999184 -0.039673 0.271336 0.249348 1 28 1.000000
MarioHand_alb.png
 29 -70.998856 3.186799 104.052795 -0.022888 0.940874 0.337983 0.245777 0.213520 1 28 1.000000
 29 -73.274780 3.274759 102.284599 0.003815 0.997986 -0.063323 0.267750 0.177462 1 28 1.000000
 29 -73.827553 3.154091 103.781548 -0.113679 0.906141 0.407413 0.245426 0.179919 1 28 1.000000
MarioHand_alb.png
 29 -70.998856 3.186799 104.052795 -0.022888 0.940874 0.337983 0.245777 0.213520 1 28 1.000000
 29 -70.760887 3.218164 102.327461 0.002289 0.998488 -0.054931 0.269459 0.211353 1 28 1.000000
 29 -73.274780 3.274759 102.284599 0.003815 0.997986 -0.063323 0.267750 0.177462 1 28 1.000000
MarioHand_alb.png
 29 -76.627258 3.204653 102.541252 -0.309755 0.875214 0.371553 0.244282 0.143114 1 28 1.000000
 29 -73.827553 3.154091 103.781548 -0.113679 0.906141 0.407413 0.245426 0.179919 1 28 1.000000
 29 -75.454575 3.337780 101.517670 0.045013 0.997902 -0.046539 0.265705 0.140002 1 28 1.000000
MarioHand_alb.png
 29 -75.454575 3.337780 101.517670 0.045013 0.997902 -0.046539 0.265705 0.140002 1 28 1.000000
 29 -73.827553 3.154091 103.781548 -0.113679 0.906141 0.407413 0.245426 0.179919 1 28 1.000000
 29 -73.274780 3.274759 102.284599 0.003815 0.997986 -0.063323 0.267750 0.177462 1 28 1.000000
MarioHand_alb.png
 29 -76.627258 3.204653 102.541252 -0.309755 0.875214 0.371553 0.244282 0.143114 1 28 1.000000
 29 -75.454575 3.337780 101.517670 0.045013 0.997902 -0.046539 0.265705 0.140002 1 28 1.000000
 29 -76.874321 3.477177 99.976913 0.086212 0.995425 -0.041199 0.261616 0.107607 1 28 1.000000
MarioHand_alb.png
 29 -77.902405 3.211837 100.241493 -0.434871 0.875893 0.209043 0.242206 0.111681 1 28 1.000000
 29 -76.627258 3.204653 102.541252 -0.309755 0.875214 0.371553 0.244282 0.143114 1 28 1.000000
 29 -76.874321 3.477177 99.976913 0.086212 0.995425 -0.041199 0.261616 0.107607 1 28 1.000000
MarioHand_alb.png
 29 -77.902405 3.211837 100.241493 -0.434871 0.875893 0.209043 0.242206 0.111681 1 28 1.000000
 29 -76.874321 3.477177 99.976913 0.086212 0.995425 -0.041199 0.261616 0.107607 1 28 1.000000
 29 -78.833481 3.103281 98.246452 -0.489804 0.869125 0.068664 0.237812 0.080934 1 28 1.000000
MarioHand_alb.png
 29 -75.454575 3.337780 101.517670 0.045013 0.997902 -0.046539 0.265705 0.140002 1 28 1.000000
 29 -73.274780 3.274759 102.284599 0.003815 0.997986 -0.063323 0.267750 0.177462 1 28 1.000000
 29 -74.279854 2.720376 99.713112 0.236509 0.844852 -0.479884 0.299168 0.134844 1 28 1.000000
MarioHand_alb.png
 29 -75.454575 3.337780 101.517670 0.045013 0.997902 -0.046539 0.265705 0.140002 1 28 1.000000
 29 -74.279854 2.720376 99.713112 0.236509 0.844852 -0.479884 0.299168 0.134844 1 28 1.000000
 29 -76.874321 3.477177 99.976913 0.086212 0.995425 -0.041199 0.261616 0.107607 1 28 1.000000
MarioHand_alb.png
 29 -78.833481 3.103281 98.246452 -0.489804 0.869125 0.068664 0.237812 0.080934 1 28 1.000000
 29 -76.874321 3.477177 99.976913 0.086212 0.995425 -0.041199 0.261616 0.107607 1 28 1.000000
 29 -77.539429 3.440985 97.564613 0.115205 0.981194 -0.154878 0.254444 0.075853 1 28 1.000000
MarioHand_alb.png
 29 -78.833481 3.103281 98.246452 -0.489804 0.869125 0.068664 0.237812 0.080934 1 28 1.000000
 29 -77.539429 3.440985 97.564613 0.115205 0.981194 -0.154878 0.254444 0.075853 1 28 1.000000
 29 -78.353165 2.787044 96.021729 -0.299082 0.700687 -0.647756 0.245212 0.048173 1 28 1.000000
MarioHand_alb.png
 29 -76.874321 3.477177 99.976913 0.086212 0.995425 -0.041199 0.261616 0.107607 1 28 1.000000
 29 -75.202217 2.671932 98.539886 0.575283 0.777495 -0.254070 0.293416 0.101747 1 28 1.000000
 29 -77.539429 3.440985 97.564613 0.115205 0.981194 -0.154878 0.254444 0.075853 1 28 1.000000
MarioHand_alb.png
 29 -74.279854 2.720376 99.713112 0.236509 0.844852 -0.479884 0.299168 0.134844 1 28 1.000000
 29 -75.202217 2.671932 98.539886 0.575283 0.777495 -0.254070 0.293416 0.101747 1 28 1.000000
 29 -76.874321 3.477177 99.976913 0.086212 0.995425 -0.041199 0.261616 0.107607 1 28 1.000000
MarioHand_alb.png
 29 -77.539429 3.440985 97.564613 0.115205 0.981194 -0.154878 0.254444 0.075853 1 28 1.000000
 29 -75.533890 2.539616 96.505119 0.667565 0.655835 -0.352474 0.284077 0.070710 1 28 1.000000
 29 -78.353165 2.787044 96.021729 -0.299082 0.700687 -0.647756 0.245212 0.048173 1 28 1.000000
MarioHand_alb.png
 29 -75.202217 2.671932 98.539886 0.575283 0.777495 -0.254070 0.293416 0.101747 1 28 1.000000
 29 -75.533890 2.539616 96.505119 0.667565 0.655835 -0.352474 0.284077 0.070710 1 28 1.000000
 29 -77.539429 3.440985 97.564613 0.115205 0.981194 -0.154878 0.254444 0.075853 1 28 1.000000
MarioHand_alb.png
 29 -74.279854 2.720376 99.713112 0.236509 0.844852 -0.479884 0.299168 0.134844 1 28 1.000000
 29 -73.274780 3.274759 102.284599 0.003815 0.997986 -0.063323 0.267750 0.177462 1 28 1.000000
 29 -72.606148 2.790527 99.857353 -0.058746 0.824854 -0.562285 0.304097 0.173358 1 28 1.000000
MarioHand_alb.png
 29 -72.606148 2.790527 99.857353 -0.058746 0.824854 -0.562285 0.304097 0.173358 1 28 1.000000
 29 -73.274780 3.274759 102.284599 0.003815 0.997986 -0.063323 0.267750 0.177462 1 28 1.000000
 29 -70.760887 3.218164 102.327461 0.002289 0.998488 -0.054931 0.269459 0.211353 1 28 1.000000
MarioHand_alb.png
 29 -74.279854 2.720376 99.713112 0.236509 0.844852 -0.479884 0.299168 0.134844 1 28 1.000000
 29 -73.645615 0.333735 98.826088 0.324138 0.058565 -0.944195 0.334783 0.127611 1 28 1.000000
 29 -75.202217 2.671932 98.539886 0.575283 0.777495 -0.254070 0.293416 0.101747 1 28 1.000000
MarioHand_alb.png
 29 -74.279854 2.720376 99.713112 0.236509 0.844852 -0.479884 0.299168 0.134844 1 28 1.000000
 29 -72.606148 2.790527 99.857353 -0.058746 0.824854 -0.562285 0.304097 0.173358 1 28 1.000000
 29 -73.645615 0.333735 98.826088 0.324138 0.058565 -0.944195 0.334783 0.127611 1 28 1.000000
MarioHand_alb.png
 29 -73.645615 0.333735 98.826088 0.324138 0.058565 -0.944195 0.334783 0.127611 1 28 1.000000
 29 -74.458153 0.351511 97.898155 0.926676 0.021487 -0.375247 0.326070 0.092760 1 28 1.000000
 29 -75.202217 2.671932 98.539886 0.575283 0.777495 -0.254070 0.293416 0.101747 1 28 1.000000
MarioHand_alb.png
 29 -75.202217 2.671932 98.539886 0.575283 0.777495 -0.254070 0.293416 0.101747 1 28 1.000000
 29 -74.458153 0.351511 97.898155 0.926676 0.021487 -0.375247 0.326070 0.092760 1 28 1.000000
 29 -75.533890 2.539616 96.505119 0.667565 0.655835 -0.352474 0.284077 0.070710 1 28 1.000000
MarioHand_alb.png
 29 -73.645615 0.333735 98.826088 0.324138 0.058565 -0.944195 0.334783 0.127611 1 28 1.000000
 29 -72.606148 2.790527 99.857353 -0.058746 0.824854 -0.562285 0.304097 0.173358 1 28 1.000000
 29 -72.300903 0.310845 98.591866 -0.172451 0.076330 -0.982056 0.342641 0.167529 1 28 1.000000
MarioHand_alb.png
 29 -74.458153 0.351511 97.898155 0.926676 0.021487 -0.375247 0.326070 0.092760 1 28 1.000000
 29 -74.704605 0.363510 96.063499 0.886338 0.005870 -0.463001 0.312840 0.059632 1 28 1.000000
 29 -75.533890 2.539616 96.505119 0.667565 0.655835 -0.352474 0.284077 0.070710 1 28 1.000000
MarioHand_alb.png
 29 -75.533890 2.539616 96.505119 0.667565 0.655835 -0.352474 0.284077 0.070710 1 28 1.000000
 29 -74.704605 0.363510 96.063499 0.886338 0.005870 -0.463001 0.312840 0.059632 1 28 1.000000
 29 -76.123558 0.366581 94.841095 0.440181 0.001955 -0.897907 0.295811 0.035798 1 28 1.000000
MarioHand_alb.png
 29 -72.300903 0.310845 98.591866 -0.172451 0.076330 -0.982056 0.342641 0.167529 1 28 1.000000
 29 -72.606148 2.790527 99.857353 -0.058746 0.824854 -0.562285 0.304097 0.173358 1 28 1.000000
 29 -70.620163 2.930759 99.613548 -0.041197 0.823321 -0.566078 0.306676 0.207782 1 28 1.000000
MarioHand_alb.png
 29 -72.606148 2.790527 99.857353 -0.058746 0.824854 -0.562285 0.304097 0.173358 1 28 1.000000
 29 -70.760887 3.218164 102.327461 0.002289 0.998488 -0.054931 0.269459 0.211353 1 28 1.000000
 29 -70.620163 2.930759 99.613548 -0.041197 0.823321 -0.566078 0.306676 0.207782 1 28 1.000000
MarioHand_alb.png
 29 -72.300903 0.310845 98.591866 -0.172451 0.076330 -0.982056 0.342641 0.167529 1 28 1.000000
 29 -70.620163 2.930759 99.613548 -0.041197 0.823321 -0.566078 0.306676 0.207782 1 28 1.000000
 29 -70.524826 0.299456 98.080368 -0.076299 0.094002 -0.992644 0.347814 0.202472 1 28 1.000000
MarioHand_alb.png
 29 -70.620163 2.930759 99.613548 -0.041197 0.823321 -0.566078 0.306676 0.207782 1 28 1.000000
 29 -70.760887 3.218164 102.327461 0.002289 0.998488 -0.054931 0.269459 0.211353 1 28 1.000000
 29 -68.212593 3.137866 102.512070 -0.007629 0.999184 -0.039673 0.271336 0.249348 1 28 1.000000
MarioHand_alb.png
 29 -70.524826 0.299456 98.080368 -0.076299 0.094002 -0.992644 0.347814 0.202472 1 28 1.000000
 29 -70.620163 2.930759 99.613548 -0.041197 0.823321 -0.566078 0.306676 0.207782 1 28 1.000000
 29 -68.093338 0.388946 98.264961 -0.092345 0.127249 -0.987563 0.349599 0.240528 1 28 1.000000
MarioHand_alb.png
 29 -70.620163 2.930759 99.613548 -0.041197 0.823321 -0.566078 0.306676 0.207782 1 28 1.000000
 29 -68.212593 3.137866 102.512070 -0.007629 0.999184 -0.039673 0.271336 0.249348 1 28 1.000000
 29 -67.923470 2.989542 99.681274 -0.051117 0.857046 -0.512697 0.309957 0.248524 1 28 1.000000
MarioHand_alb.png
 29 -70.620163 2.930759 99.613548 -0.041197 0.823321 -0.566078 0.306676 0.207782 1 28 1.000000
 29 -67.923470 2.989542 99.681274 -0.051117 0.857046 -0.512697 0.309957 0.248524 1 28 1.000000
 29 -68.093338 0.388946 98.264961 -0.092345 0.127249 -0.987563 0.349599 0.240528 1 28 1.000000
MarioHand_alb.png
 29 -65.805412 3.198269 102.429611 -0.244902 0.969497 -0.009918 0.274846 0.283162 1 28 1.000000
 29 -67.923470 2.989542 99.681274 -0.051117 0.857046 -0.512697 0.309957 0.248524 1 28 1.000000
 29 -68.212593 3.137866 102.512070 -0.007629 0.999184 -0.039673 0.271336 0.249348 1 28 1.000000
MarioHand_alb.png
 29 -68.093338 0.388946 98.264961 -0.092345 0.127249 -0.987563 0.349599 0.240528 1 28 1.000000
 29 -67.923470 2.989542 99.681274 -0.051117 0.857046 -0.512697 0.309957 0.248524 1 28 1.000000
 29 -66.022614 0.501099 97.677032 -0.655095 0.087845 -0.750423 0.356176 0.271916 1 28 1.000000
MarioHand_alb.png
 29 -65.805412 3.198269 102.429611 -0.244902 0.969497 -0.009918 0.274846 0.283162 1 28 1.000000
 29 -65.468246 3.113581 99.460587 -0.662131 0.207440 -0.720105 0.314824 0.284916 1 28 1.000000
 29 -67.923470 2.989542 99.681274 -0.051117 0.857046 -0.512697 0.309957 0.248524 1 28 1.000000
MarioHand_alb.png
 29 -67.923470 2.989542 99.681274 -0.051117 0.857046 -0.512697 0.309957 0.248524 1 28 1.000000
 29 -65.468246 3.113581 99.460587 -0.662131 0.207440 -0.720105 0.314824 0.284916 1 28 1.000000
 29 -66.022614 0.501099 97.677032 -0.655095 0.087845 -0.750423 0.356176 0.271916 1 28 1.000000
MarioHand_alb.png
 29 -75.533890 2.539616 96.505119 0.667565 0.655835 -0.352474 0.284077 0.070710 1 28 1.000000
 29 -76.123558 0.366581 94.841095 0.440181 0.001955 -0.897907 0.295811 0.035798 1 28 1.000000
 29 -76.775787 2.078106 95.188431 0.238009 0.481144 -0.843713 0.273259 0.046983 1 28 1.000000
MarioHand_alb.png
 29 -75.533890 2.539616 96.505119 0.667565 0.655835 -0.352474 0.284077 0.070710 1 28 1.000000
 29 -76.775787 2.078106 95.188431 0.238009 0.481144 -0.843713 0.273259 0.046983 1 28 1.000000
 29 -78.353165 2.787044 96.021729 -0.299082 0.700687 -0.647756 0.245212 0.048173 1 28 1.000000
MarioHand_alb.png
 29 -76.123558 0.366581 94.841095 0.440181 0.001955 -0.897907 0.295811 0.035798 1 28 1.000000
 29 -78.741302 0.368037 95.285797 -0.466940 0.001955 -0.884287 0.263172 0.015045 1 28 1.000000
 29 -76.775787 2.078106 95.188431 0.238009 0.481144 -0.843713 0.273259 0.046983 1 28 1.000000
MarioHand_alb.png
 29 -78.353165 2.787044 96.021729 -0.299082 0.700687 -0.647756 0.245212 0.048173 1 28 1.000000
 29 -76.775787 2.078106 95.188431 0.238009 0.481144 -0.843713 0.273259 0.046983 1 28 1.000000
 29 -78.741302 0.368037 95.285797 -0.466940 0.001955 -0.884287 0.263172 0.015045 1 28 1.000000
MarioHand_alb.png
 29 -65.964607 14.668140 101.580338 0.131224 0.899588 0.416559 0.698543 0.269673 1 28 1.000000
 29 -63.798489 14.697458 100.263054 0.006485 0.999662 0.025178 0.669795 0.249866 1 28 1.000000
 29 -65.358505 15.000261 99.857018 0.260929 0.957215 -0.125124 0.676936 0.274189 1 28 1.000000
MarioHand_alb.png
 29 -67.138779 15.435053 99.459976 0.260173 0.955525 -0.138861 0.682094 0.301030 1 28 1.000000
 29 -65.964607 14.668140 101.580338 0.131224 0.899588 0.416559 0.698543 0.269673 1 28 1.000000
 29 -65.358505 15.000261 99.857018 0.260929 0.957215 -0.125124 0.676936 0.274189 1 28 1.000000
MarioHand_alb.png
 29 -65.964607 14.668140 101.580338 0.131224 0.899588 0.416559 0.698543 0.269673 1 28 1.000000
 29 -64.200157 13.886860 102.391685 0.074006 0.829798 0.553135 0.703426 0.242115 1 28 1.000000
 29 -63.798489 14.697458 100.263054 0.006485 0.999662 0.025178 0.669795 0.249866 1 28 1.000000
MarioHand_alb.png
 29 -67.781769 15.162283 101.009697 0.070187 0.892888 0.444775 0.704234 0.296056 1 28 1.000000
 29 -65.964607 14.668140 101.580338 0.131224 0.899588 0.416559 0.698543 0.269673 1 28 1.000000
 29 -67.138779 15.435053 99.459976 0.260173 0.955525 -0.138861 0.682094 0.301030 1 28 1.000000
MarioHand_alb.png
 29 -69.101517 15.926258 99.035210 0.236514 0.971426 -0.019837 0.688640 0.329915 1 28 1.000000
 29 -67.781769 15.162283 101.009697 0.070187 0.892888 0.444775 0.704234 0.296056 1 28 1.000000
 29 -67.138779 15.435053 99.459976 0.260173 0.955525 -0.138861 0.682094 0.301030 1 28 1.000000
MarioHand_alb.png
 29 -65.964607 14.668140 101.580338 0.131224 0.899588 0.416559 0.698543 0.269673 1 28 1.000000
 29 -66.573151 13.704327 102.974640 -0.021364 0.640620 0.767561 0.722560 0.264103 1 28 1.000000
 29 -64.200157 13.886860 102.391685 0.074006 0.829798 0.553135 0.703426 0.242115 1 28 1.000000
MarioHand_alb.png
 29 -65.128311 11.996613 103.907738 -0.057998 0.368116 0.927969 0.738369 0.236393 1 28 1.000000
 29 -64.200157 13.886860 102.391685 0.074006 0.829798 0.553135 0.703426 0.242115 1 28 1.000000
 29 -66.573151 13.704327 102.974640 -0.021364 0.640620 0.767561 0.722560 0.264103 1 28 1.000000
MarioHand_alb.png
 29 -67.781769 15.162283 101.009697 0.070187 0.892888 0.444775 0.704234 0.296056 1 28 1.000000
 29 -68.491623 14.271263 102.297478 -0.144979 0.639908 0.754651 0.726696 0.290105 1 28 1.000000
 29 -65.964607 14.668140 101.580338 0.131224 0.899588 0.416559 0.698543 0.269673 1 28 1.000000
MarioHand_alb.png
 29 -65.964607 14.668140 101.580338 0.131224 0.899588 0.416559 0.698543 0.269673 1 28 1.000000
 29 -68.491623 14.271263 102.297478 -0.144979 0.639908 0.754651 0.726696 0.290105 1 28 1.000000
 29 -66.573151 13.704327 102.974640 -0.021364 0.640620 0.767561 0.722560 0.264103 1 28 1.000000
MarioHand_alb.png
 29 -70.122482 15.700338 100.233589 -0.076295 0.890078 0.449378 0.710582 0.324132 1 28 1.000000
 29 -67.781769 15.162283 101.009697 0.070187 0.892888 0.444775 0.704234 0.296056 1 28 1.000000
 29 -69.101517 15.926258 99.035210 0.236514 0.971426 -0.019837 0.688640 0.329915 1 28 1.000000
MarioHand_alb.png
 29 -70.122482 15.700338 100.233589 -0.076295 0.890078 0.449378 0.710582 0.324132 1 28 1.000000
 29 -68.491623 14.271263 102.297478 -0.144979 0.639908 0.754651 0.726696 0.290105 1 28 1.000000
 29 -67.781769 15.162283 101.009697 0.070187 0.892888 0.444775 0.704234 0.296056 1 28 1.000000
MarioHand_alb.png
 29 -70.314545 16.231297 97.892326 0.240331 0.970672 -0.006104 0.697047 0.358618 1 28 1.000000
 29 -70.122482 15.700338 100.233589 -0.076295 0.890078 0.449378 0.710582 0.324132 1 28 1.000000
 29 -69.101517 15.926258 99.035210 0.236514 0.971426 -0.019837 0.688640 0.329915 1 28 1.000000
MarioHand_alb.png
 29 -67.091354 12.358698 103.605453 -0.230432 0.254277 0.939279 0.743694 0.259678 1 28 1.000000
 29 -65.128311 11.996613 103.907738 -0.057998 0.368116 0.927969 0.738369 0.236393 1 28 1.000000
 29 -66.573151 13.704327 102.974640 -0.021364 0.640620 0.767561 0.722560 0.264103 1 28 1.000000
MarioHand_alb.png
 29 -71.743393 16.075827 98.727722 -0.262470 0.914638 0.307486 0.718334 0.351095 1 28 1.000000
 29 -70.122482 15.700338 100.233589 -0.076295 0.890078 0.449378 0.710582 0.324132 1 28 1.000000
 29 -70.314545 16.231297 97.892326 0.240331 0.970672 -0.006104 0.697047 0.358618 1 28 1.000000
MarioHand_alb.png
 29 -67.091354 12.358698 103.605453 -0.230432 0.254277 0.939279 0.743694 0.259678 1 28 1.000000
 29 -67.614227 10.568508 103.637886 -0.378400 -0.230778 0.896412 0.769512 0.255802 1 28 1.000000
 29 -65.128311 11.996613 103.907738 -0.057998 0.368116 0.927969 0.738369 0.236393 1 28 1.000000
MarioHand_alb.png
 29 -65.128311 11.996613 103.907738 -0.057998 0.368116 0.927969 0.738369 0.236393 1 28 1.000000
 29 -67.614227 10.568508 103.637886 -0.378400 -0.230778 0.896412 0.769512 0.255802 1 28 1.000000
 29 -65.501038 9.739096 104.111099 -0.111370 0.318662 0.941303 0.771618 0.235294 1 28 1.000000
MarioHand_alb.png
 29 -69.025894 12.795824 102.899246 -0.340280 0.244719 0.907922 0.748653 0.283925 1 28 1.000000
 29 -67.091354 12.358698 103.605453 -0.230432 0.254277 0.939279 0.743694 0.259678 1 28 1.000000
 29 -66.573151 13.704327 102.974640 -0.021364 0.640620 0.767561 0.722560 0.264103 1 28 1.000000
MarioHand_alb.png
 29 -69.025894 12.795824 102.899246 -0.340280 0.244719 0.907922 0.748653 0.283925 1 28 1.000000
 29 -67.614227 10.568508 103.637886 -0.378400 -0.230778 0.896412 0.769512 0.255802 1 28 1.000000
 29 -67.091354 12.358698 103.605453 -0.230432 0.254277 0.939279 0.743694 0.259678 1 28 1.000000
MarioHand_alb.png
 29 -69.025894 12.795824 102.899246 -0.340280 0.244719 0.907922 0.748653 0.283925 1 28 1.000000
 29 -66.573151 13.704327 102.974640 -0.021364 0.640620 0.767561 0.722560 0.264103 1 28 1.000000
 29 -68.491623 14.271263 102.297478 -0.144979 0.639908 0.754651 0.726696 0.290105 1 28 1.000000
MarioHand_alb.png
 29 -71.077629 14.771955 101.196503 -0.350209 0.614964 0.706522 0.732525 0.317418 1 28 1.000000
 29 -68.491623 14.271263 102.297478 -0.144979 0.639908 0.754651 0.726696 0.290105 1 28 1.000000
 29 -70.122482 15.700338 100.233589 -0.076295 0.890078 0.449378 0.710582 0.324132 1 28 1.000000
MarioHand_alb.png
 29 -71.077629 14.771955 101.196503 -0.350209 0.614964 0.706522 0.732525 0.317418 1 28 1.000000
 29 -69.025894 12.795824 102.899246 -0.340280 0.244719 0.907922 0.748653 0.283925 1 28 1.000000
 29 -68.491623 14.271263 102.297478 -0.144979 0.639908 0.754651 0.726696 0.290105 1 28 1.000000
MarioHand_alb.png
 29 -71.743393 16.075827 98.727722 -0.262470 0.914638 0.307486 0.718334 0.351095 1 28 1.000000
 29 -71.077629 14.771955 101.196503 -0.350209 0.614964 0.706522 0.732525 0.317418 1 28 1.000000
 29 -70.122482 15.700338 100.233589 -0.076295 0.890078 0.449378 0.710582 0.324132 1 28 1.000000
MarioHand_alb.png
 29 -69.390167 11.051065 102.825653 -0.448691 -0.234838 0.862280 0.772381 0.279042 1 28 1.000000
 29 -67.614227 10.568508 103.637886 -0.378400 -0.230778 0.896412 0.769512 0.255802 1 28 1.000000
 29 -69.025894 12.795824 102.899246 -0.340280 0.244719 0.907922 0.748653 0.283925 1 28 1.000000
MarioHand_alb.png
 29 -71.695053 13.305586 101.618172 -0.536988 0.232835 0.810822 0.753567 0.311208 1 28 1.000000
 29 -69.025894 12.795824 102.899246 -0.340280 0.244719 0.907922 0.748653 0.283925 1 28 1.000000
 29 -71.077629 14.771955 101.196503 -0.350209 0.614964 0.706522 0.732525 0.317418 1 28 1.000000
MarioHand_alb.png
 29 -71.695053 13.305586 101.618172 -0.536988 0.232835 0.810822 0.753567 0.311208 1 28 1.000000
 29 -69.390167 11.051065 102.825653 -0.448691 -0.234838 0.862280 0.772381 0.279042 1 28 1.000000
 29 -69.025894 12.795824 102.899246 -0.340280 0.244719 0.907922 0.748653 0.283925 1 28 1.000000
MarioHand_alb.png
 29 -72.980103 15.122808 99.342216 -0.599781 0.628492 0.495239 0.739742 0.343679 1 28 1.000000
 29 -71.077629 14.771955 101.196503 -0.350209 0.614964 0.706522 0.732525 0.317418 1 28 1.000000
 29 -71.743393 16.075827 98.727722 -0.262470 0.914638 0.307486 0.718334 0.351095 1 28 1.000000
MarioHand_alb.png
 29 -72.980103 15.122808 99.342216 -0.599781 0.628492 0.495239 0.739742 0.343679 1 28 1.000000
 29 -71.695053 13.305586 101.618172 -0.536988 0.232835 0.810822 0.753567 0.311208 1 28 1.000000
 29 -71.077629 14.771955 101.196503 -0.350209 0.614964 0.706522 0.732525 0.317418 1 28 1.000000
MarioHand_alb.png
 29 -69.390167 11.051065 102.825653 -0.448691 -0.234838 0.862280 0.772381 0.279042 1 28 1.000000
 29 -67.626366 9.163351 102.480644 -0.289912 -0.823580 0.487511 0.794736 0.255497 1 28 1.000000
 29 -67.614227 10.568508 103.637886 -0.378400 -0.230778 0.896412 0.769512 0.255802 1 28 1.000000
MarioHand_alb.png
 29 -67.614227 10.568508 103.637886 -0.378400 -0.230778 0.896412 0.769512 0.255802 1 28 1.000000
 29 -67.626366 9.163351 102.480644 -0.289912 -0.823580 0.487511 0.794736 0.255497 1 28 1.000000
 29 -65.501038 9.739096 104.111099 -0.111370 0.318662 0.941303 0.771618 0.235294 1 28 1.000000
MarioHand_alb.png
 29 -73.641754 13.641806 99.590546 -0.795035 0.234810 0.559271 0.759518 0.337530 1 28 1.000000
 29 -71.695053 13.305586 101.618172 -0.536988 0.232835 0.810822 0.753567 0.311208 1 28 1.000000
 29 -72.980103 15.122808 99.342216 -0.599781 0.628492 0.495239 0.739742 0.343679 1 28 1.000000
MarioHand_alb.png
 29 -65.501038 9.739096 104.111099 -0.111370 0.318662 0.941303 0.771618 0.235294 1 28 1.000000
 29 -67.626366 9.163351 102.480644 -0.289912 -0.823580 0.487511 0.794736 0.255497 1 28 1.000000
 29 -67.323456 8.693121 100.686058 -0.011444 -0.999885 -0.009918 0.822416 0.255192 1 28 1.000000
MarioHand_alb.png
 29 -65.501038 9.739096 104.111099 -0.111370 0.318662 0.941303 0.771618 0.235294 1 28 1.000000
 29 -67.323456 8.693121 100.686058 -0.011444 -0.999885 -0.009918 0.822416 0.255192 1 28 1.000000
 29 -65.258354 9.581030 101.310097 0.991119 -0.050929 0.122841 0.813535 0.228641 1 28 1.000000
MarioHand_alb.png
 29 -67.323456 8.693121 100.686058 -0.011444 -0.999885 -0.009918 0.822416 0.255192 1 28 1.000000
 29 -64.845116 9.140252 98.587601 -0.703479 0.295755 -0.646255 0.856977 0.232593 1 28 1.000000
 29 -65.258354 9.581030 101.310097 0.991119 -0.050929 0.122841 0.813535 0.228641 1 28 1.000000
MarioHand_alb.png
 29 -69.390167 11.051065 102.825653 -0.448691 -0.234838 0.862280 0.772381 0.279042 1 28 1.000000
 29 -69.364273 9.628184 101.729385 -0.407374 -0.750571 0.520279 0.796918 0.276814 1 28 1.000000
 29 -67.626366 9.163351 102.480644 -0.289912 -0.823580 0.487511 0.794736 0.255497 1 28 1.000000
MarioHand_alb.png
 29 -67.626366 9.163351 102.480644 -0.289912 -0.823580 0.487511 0.794736 0.255497 1 28 1.000000
 29 -69.364273 9.628184 101.729385 -0.407374 -0.750571 0.520279 0.796918 0.276814 1 28 1.000000
 29 -67.323456 8.693121 100.686058 -0.011444 -0.999885 -0.009918 0.822416 0.255192 1 28 1.000000
MarioHand_alb.png
 29 -67.323456 8.693121 100.686058 -0.011444 -0.999885 -0.009918 0.822416 0.255192 1 28 1.000000
 29 -66.227776 9.465282 98.483086 -0.009918 -0.786124 -0.617989 0.858351 0.254963 1 28 1.000000
 29 -64.845116 9.140252 98.587601 -0.703479 0.295755 -0.646255 0.856977 0.232593 1 28 1.000000
MarioHand_alb.png
 29 -66.227776 9.465282 98.483086 -0.009918 -0.786124 -0.617989 0.858351 0.254963 1 28 1.000000
 29 -64.079376 11.326065 97.255569 -0.842200 0.264332 -0.469923 0.899718 0.235935 1 28 1.000000
 29 -64.845116 9.140252 98.587601 -0.703479 0.295755 -0.646255 0.856977 0.232593 1 28 1.000000
MarioHand_alb.png
 29 -67.323456 8.693121 100.686058 -0.011444 -0.999885 -0.009918 0.822416 0.255192 1 28 1.000000
 29 -69.364273 9.628184 101.729385 -0.407374 -0.750571 0.520279 0.796918 0.276814 1 28 1.000000
 29 -68.747452 8.986060 100.143333 -0.205985 -0.970226 -0.127405 0.822080 0.276143 1 28 1.000000
MarioHand_alb.png
 29 -66.227776 9.465282 98.483086 -0.009918 -0.786124 -0.617989 0.858351 0.254963 1 28 1.000000
 29 -65.243469 11.524595 97.070038 0.211379 -0.183717 -0.959983 0.895689 0.256504 1 28 1.000000
 29 -64.079376 11.326065 97.255569 -0.842200 0.264332 -0.469923 0.899718 0.235935 1 28 1.000000
MarioHand_alb.png
 29 -67.323456 8.693121 100.686058 -0.011444 -0.999885 -0.009918 0.822416 0.255192 1 28 1.000000
 29 -67.561104 9.784206 97.952347 -0.049588 -0.744297 -0.666005 0.857832 0.276448 1 28 1.000000
 29 -66.227776 9.465282 98.483086 -0.009918 -0.786124 -0.617989 0.858351 0.254963 1 28 1.000000
MarioHand_alb.png
 29 -67.561104 9.784206 97.952347 -0.049588 -0.744297 -0.666005 0.857832 0.276448 1 28 1.000000
 29 -65.243469 11.524595 97.070038 0.211379 -0.183717 -0.959983 0.895689 0.256504 1 28 1.000000
 29 -66.227776 9.465282 98.483086 -0.009918 -0.786124 -0.617989 0.858351 0.254963 1 28 1.000000
MarioHand_alb.png
 29 -67.323456 8.693121 100.686058 -0.011444 -0.999885 -0.009918 0.822416 0.255192 1 28 1.000000
 29 -68.747452 8.986060 100.143333 -0.205985 -0.970226 -0.127405 0.822080 0.276143 1 28 1.000000
 29 -67.561104 9.784206 97.952347 -0.049588 -0.744297 -0.666005 0.857832 0.276448 1 28 1.000000
MarioHand_alb.png
 29 -65.243469 11.524595 97.070038 0.211379 -0.183717 -0.959983 0.895689 0.256504 1 28 1.000000
 29 -64.930832 13.634153 97.678375 0.302156 0.640747 -0.705794 0.926528 0.261326 1 28 1.000000
 29 -64.079376 11.326065 97.255569 -0.842200 0.264332 -0.469923 0.899718 0.235935 1 28 1.000000
MarioHand_alb.png
 29 -64.079376 11.326065 97.255569 -0.842200 0.264332 -0.469923 0.899718 0.235935 1 28 1.000000
 29 -64.930832 13.634153 97.678375 0.302156 0.640747 -0.705794 0.926528 0.261326 1 28 1.000000
 29 -63.541740 13.389936 97.763229 -0.426510 0.747728 -0.508913 0.929747 0.237446 1 28 1.000000
MarioHand_alb.png
 29 -64.930832 13.634153 97.678375 0.302156 0.640747 -0.705794 0.926528 0.261326 1 28 1.000000
 29 -63.798489 14.697458 100.263054 0.006485 0.999662 0.025178 0.966781 0.245304 1 28 1.000000
 29 -63.541740 13.389936 97.763229 -0.426510 0.747728 -0.508913 0.929747 0.237446 1 28 1.000000
MarioHand_alb.png
 29 -64.930832 13.634153 97.678375 0.302156 0.640747 -0.705794 0.926528 0.261326 1 28 1.000000
 29 -65.358505 15.000261 99.857018 0.260929 0.957215 -0.125124 0.962692 0.270115 1 28 1.000000
 29 -63.798489 14.697458 100.263054 0.006485 0.999662 0.025178 0.966781 0.245304 1 28 1.000000
MarioHand_alb.png
 29 -66.648224 11.965876 96.542473 0.108342 -0.164421 -0.980422 0.894499 0.281544 1 28 1.000000
 29 -64.930832 13.634153 97.678375 0.302156 0.640747 -0.705794 0.926528 0.261326 1 28 1.000000
 29 -65.243469 11.524595 97.070038 0.211379 -0.183717 -0.959983 0.895689 0.256504 1 28 1.000000
MarioHand_alb.png
 29 -67.561104 9.784206 97.952347 -0.049588 -0.744297 -0.666005 0.857832 0.276448 1 28 1.000000
 29 -66.648224 11.965876 96.542473 0.108342 -0.164421 -0.980422 0.894499 0.281544 1 28 1.000000
 29 -65.243469 11.524595 97.070038 0.211379 -0.183717 -0.959983 0.895689 0.256504 1 28 1.000000
MarioHand_alb.png
 29 -64.930832 13.634153 97.678375 0.302156 0.640747 -0.705794 0.926528 0.261326 1 28 1.000000
 29 -66.494919 14.131760 97.248947 0.259405 0.625910 -0.735490 0.924163 0.288533 1 28 1.000000
 29 -65.358505 15.000261 99.857018 0.260929 0.957215 -0.125124 0.962692 0.270115 1 28 1.000000
MarioHand_alb.png
 29 -66.648224 11.965876 96.542473 0.108342 -0.164421 -0.980422 0.894499 0.281544 1 28 1.000000
 29 -66.494919 14.131760 97.248947 0.259405 0.625910 -0.735490 0.924163 0.288533 1 28 1.000000
 29 -64.930832 13.634153 97.678375 0.302156 0.640747 -0.705794 0.926528 0.261326 1 28 1.000000
MarioHand_alb.png
 29 -66.494919 14.131760 97.248947 0.259405 0.625910 -0.735490 0.924163 0.288533 1 28 1.000000
 29 -67.138779 15.435053 99.459976 0.260173 0.955525 -0.138861 0.958877 0.297200 1 28 1.000000
 29 -65.358505 15.000261 99.857018 0.260929 0.957215 -0.125124 0.962692 0.270115 1 28 1.000000
MarioHand_alb.png
 29 -67.561104 9.784206 97.952347 -0.049588 -0.744297 -0.666005 0.857832 0.276448 1 28 1.000000
 29 -67.945465 12.300285 96.809425 0.054931 -0.154493 -0.986466 0.891188 0.309285 1 28 1.000000
 29 -66.648224 11.965876 96.542473 0.108342 -0.164421 -0.980422 0.894499 0.281544 1 28 1.000000
MarioHand_alb.png
 29 -66.648224 11.965876 96.542473 0.108342 -0.164421 -0.980422 0.894499 0.281544 1 28 1.000000
 29 -67.945465 12.300285 96.809425 0.054931 -0.154493 -0.986466 0.891188 0.309285 1 28 1.000000
 29 -66.494919 14.131760 97.248947 0.259405 0.625910 -0.735490 0.924163 0.288533 1 28 1.000000
MarioHand_alb.png
 29 -66.494919 14.131760 97.248947 0.259405 0.625910 -0.735490 0.924163 0.288533 1 28 1.000000
 29 -67.968285 14.577673 97.347511 0.316639 0.708910 -0.630227 0.921157 0.317021 1 28 1.000000
 29 -67.138779 15.435053 99.459976 0.260173 0.955525 -0.138861 0.958877 0.297200 1 28 1.000000
MarioHand_alb.png
 29 -67.945465 12.300285 96.809425 0.054931 -0.154493 -0.986466 0.891188 0.309285 1 28 1.000000
 29 -67.968285 14.577673 97.347511 0.316639 0.708910 -0.630227 0.921157 0.317021 1 28 1.000000
 29 -66.494919 14.131760 97.248947 0.259405 0.625910 -0.735490 0.924163 0.288533 1 28 1.000000
MarioHand_alb.png
 29 -67.968285 14.577673 97.347511 0.316639 0.708910 -0.630227 0.921157 0.317021 1 28 1.000000
 29 -69.101517 15.926258 99.035210 0.236514 0.971426 -0.019837 0.954803 0.327001 1 28 1.000000
 29 -67.138779 15.435053 99.459976 0.260173 0.955525 -0.138861 0.958877 0.297200 1 28 1.000000
MarioHand_alb.png
 29 -67.561104 9.784206 97.952347 -0.049588 -0.744297 -0.666005 0.857832 0.276448 1 28 1.000000
 29 -69.144203 10.198343 97.800468 -0.012970 -0.813556 -0.581343 0.857145 0.303471 1 28 1.000000
 29 -67.945465 12.300285 96.809425 0.054931 -0.154493 -0.986466 0.891188 0.309285 1 28 1.000000
MarioHand_alb.png
 29 -68.747452 8.986060 100.143333 -0.205985 -0.970226 -0.127405 0.822080 0.276143 1 28 1.000000
 29 -69.144203 10.198343 97.800468 -0.012970 -0.813556 -0.581343 0.857145 0.303471 1 28 1.000000
 29 -67.561104 9.784206 97.952347 -0.049588 -0.744297 -0.666005 0.857832 0.276448 1 28 1.000000
MarioHand_alb.png
 29 -67.968285 14.577673 97.347511 0.316639 0.708910 -0.630227 0.921157 0.317021 1 28 1.000000
 29 -68.581390 14.804041 96.929649 0.698083 0.652307 -0.295255 0.916793 0.344335 1 28 1.000000
 29 -69.101517 15.926258 99.035210 0.236514 0.971426 -0.019837 0.954803 0.327001 1 28 1.000000
MarioHand_alb.png
 29 -68.581390 14.804041 96.929649 0.698083 0.652307 -0.295255 0.916793 0.344335 1 28 1.000000
 29 -70.314545 16.231297 97.892326 0.240331 0.970672 -0.006104 0.948531 0.356588 1 28 1.000000
 29 -69.101517 15.926258 99.035210 0.236514 0.971426 -0.019837 0.954803 0.327001 1 28 1.000000
MarioHand_alb.png
 29 -68.581390 14.804041 96.929649 0.698083 0.652307 -0.295255 0.916793 0.344335 1 28 1.000000
 29 -70.736069 16.271061 96.518280 0.276163 0.954365 -0.113669 0.941192 0.377310 1 28 1.000000
 29 -70.314545 16.231297 97.892326 0.240331 0.970672 -0.006104 0.948531 0.356588 1 28 1.000000
MarioHand_alb.png
 29 -67.945465 12.300285 96.809425 0.054931 -0.154493 -0.986466 0.891188 0.309285 1 28 1.000000
 29 -68.320572 12.382463 96.628220 0.866791 -0.262097 -0.424239 0.886854 0.335775 1 28 1.000000
 29 -67.968285 14.577673 97.347511 0.316639 0.708910 -0.630227 0.921157 0.317021 1 28 1.000000
MarioHand_alb.png
 29 -68.320572 12.382463 96.628220 0.866791 -0.262097 -0.424239 0.886854 0.335775 1 28 1.000000
 29 -68.581390 14.804041 96.929649 0.698083 0.652307 -0.295255 0.916793 0.344335 1 28 1.000000
 29 -67.968285 14.577673 97.347511 0.316639 0.708910 -0.630227 0.921157 0.317021 1 28 1.000000
MarioHand_alb.png
 29 -69.144203 10.198343 97.800468 -0.012970 -0.813556 -0.581343 0.857145 0.303471 1 28 1.000000
 29 -68.320572 12.382463 96.628220 0.866791 -0.262097 -0.424239 0.886854 0.335775 1 28 1.000000
 29 -67.945465 12.300285 96.809425 0.054931 -0.154493 -0.986466 0.891188 0.309285 1 28 1.000000
MarioHand_alb.png
 29 -68.581390 14.804041 96.929649 0.698083 0.652307 -0.295255 0.916793 0.344335 1 28 1.000000
 29 -68.826172 14.845703 95.831276 0.799395 0.557689 -0.223495 0.911772 0.363714 1 28 1.000000
 29 -70.736069 16.271061 96.518280 0.276163 0.954365 -0.113669 0.941192 0.377310 1 28 1.000000
MarioHand_alb.png
 29 -68.320572 12.382463 96.628220 0.866791 -0.262097 -0.424239 0.886854 0.335775 1 28 1.000000
 29 -68.826172 14.845703 95.831276 0.799395 0.557689 -0.223495 0.911772 0.363714 1 28 1.000000
 29 -68.581390 14.804041 96.929649 0.698083 0.652307 -0.295255 0.916793 0.344335 1 28 1.000000
MarioHand_alb.png
 29 -70.736069 16.271061 96.518280 0.276163 0.954365 -0.113669 0.941192 0.377310 1 28 1.000000
 29 -68.826172 14.845703 95.831276 0.799395 0.557689 -0.223495 0.911772 0.363714 1 28 1.000000
 29 -71.066307 16.075766 95.111328 0.226597 0.909441 -0.348670 0.929763 0.396536 1 28 1.000000
MarioHand_alb.png
 29 -68.747452 8.986060 100.143333 -0.205985 -0.970226 -0.127405 0.822080 0.276143 1 28 1.000000
 29 -70.728363 9.452324 99.558296 -0.230410 -0.972662 -0.028992 0.822248 0.301381 1 28 1.000000
 29 -69.144203 10.198343 97.800468 -0.012970 -0.813556 -0.581343 0.857145 0.303471 1 28 1.000000
MarioHand_alb.png
 29 -69.364273 9.628184 101.729385 -0.407374 -0.750571 0.520279 0.796918 0.276814 1 28 1.000000
 29 -70.728363 9.452324 99.558296 -0.230410 -0.972662 -0.028992 0.822248 0.301381 1 28 1.000000
 29 -68.747452 8.986060 100.143333 -0.205985 -0.970226 -0.127405 0.822080 0.276143 1 28 1.000000
MarioHand_alb.png
 29 -69.206512 14.753081 94.609741 0.709722 0.528762 -0.465517 0.904067 0.382452 1 28 1.000000
 29 -71.066307 16.075766 95.111328 0.226597 0.909441 -0.348670 0.929763 0.396536 1 28 1.000000
 29 -68.826172 14.845703 95.831276 0.799395 0.557689 -0.223495 0.911772 0.363714 1 28 1.000000
MarioHand_alb.png
 29 -69.206512 14.753081 94.609741 0.709722 0.528762 -0.465517 0.904067 0.382452 1 28 1.000000
 29 -71.531082 15.363608 93.906998 0.057984 0.687320 -0.724037 0.913741 0.412390 1 28 1.000000
 29 -71.066307 16.075766 95.111328 0.226597 0.909441 -0.348670 0.929763 0.396536 1 28 1.000000
MarioHand_alb.png
 29 -71.574020 10.136454 100.769691 -0.508096 -0.703686 0.496653 0.798795 0.302281 1 28 1.000000
 29 -70.728363 9.452324 99.558296 -0.230410 -0.972662 -0.028992 0.822248 0.301381 1 28 1.000000
 29 -69.364273 9.628184 101.729385 -0.407374 -0.750571 0.520279 0.796918 0.276814 1 28 1.000000
MarioHand_alb.png
 29 -71.574020 10.136454 100.769691 -0.508096 -0.703686 0.496653 0.798795 0.302281 1 28 1.000000
 29 -69.364273 9.628184 101.729385 -0.407374 -0.750571 0.520279 0.796918 0.276814 1 28 1.000000
 29 -69.390167 11.051065 102.825653 -0.448691 -0.234838 0.862280 0.772381 0.279042 1 28 1.000000
MarioHand_alb.png
 29 -69.206512 14.753081 94.609741 0.709722 0.528762 -0.465517 0.904067 0.382452 1 28 1.000000
 29 -70.126984 14.364312 93.527908 0.415071 0.404579 -0.814881 0.893721 0.399542 1 28 1.000000
 29 -71.531082 15.363608 93.906998 0.057984 0.687320 -0.724037 0.913741 0.412390 1 28 1.000000
MarioHand_alb.png
 29 -70.126984 14.364312 93.527908 0.415071 0.404579 -0.814881 0.893721 0.399542 1 28 1.000000
 29 -72.175896 13.122329 93.320213 -0.209880 0.011543 -0.977659 0.882872 0.427802 1 28 1.000000
 29 -71.531082 15.363608 93.906998 0.057984 0.687320 -0.724037 0.913741 0.412390 1 28 1.000000
MarioHand_alb.png
 29 -69.823776 12.629580 93.415588 0.508086 -0.135223 -0.850625 0.867964 0.396200 1 28 1.000000
 29 -72.175896 13.122329 93.320213 -0.209880 0.011543 -0.977659 0.882872 0.427802 1 28 1.000000
 29 -70.126984 14.364312 93.527908 0.415071 0.404579 -0.814881 0.893721 0.399542 1 28 1.000000
MarioHand_alb.png
 29 -68.803375 12.451080 94.460579 0.843510 -0.197340 -0.499547 0.876387 0.375738 1 28 1.000000
 29 -70.126984 14.364312 93.527908 0.415071 0.404579 -0.814881 0.893721 0.399542 1 28 1.000000
 29 -69.206512 14.753081 94.609741 0.709722 0.528762 -0.465517 0.904067 0.382452 1 28 1.000000
MarioHand_alb.png
 29 -68.803375 12.451080 94.460579 0.843510 -0.197340 -0.499547 0.876387 0.375738 1 28 1.000000
 29 -69.823776 12.629580 93.415588 0.508086 -0.135223 -0.850625 0.867964 0.396200 1 28 1.000000
 29 -70.126984 14.364312 93.527908 0.415071 0.404579 -0.814881 0.893721 0.399542 1 28 1.000000
MarioHand_alb.png
 29 -68.447159 12.400198 95.615608 0.947541 -0.226967 -0.225060 0.882628 0.355383 1 28 1.000000
 29 -69.206512 14.753081 94.609741 0.709722 0.528762 -0.465517 0.904067 0.382452 1 28 1.000000
 29 -68.826172 14.845703 95.831276 0.799395 0.557689 -0.223495 0.911772 0.363714 1 28 1.000000
MarioHand_alb.png
 29 -68.447159 12.400198 95.615608 0.947541 -0.226967 -0.225060 0.882628 0.355383 1 28 1.000000
 29 -68.803375 12.451080 94.460579 0.843510 -0.197340 -0.499547 0.876387 0.375738 1 28 1.000000
 29 -69.206512 14.753081 94.609741 0.709722 0.528762 -0.465517 0.904067 0.382452 1 28 1.000000
MarioHand_alb.png
 29 -68.320572 12.382463 96.628220 0.866791 -0.262097 -0.424239 0.886854 0.335775 1 28 1.000000
 29 -68.447159 12.400198 95.615608 0.947541 -0.226967 -0.225060 0.882628 0.355383 1 28 1.000000
 29 -68.826172 14.845703 95.831276 0.799395 0.557689 -0.223495 0.911772 0.363714 1 28 1.000000
MarioHand_alb.png
 29 -68.803375 12.451080 94.460579 0.843510 -0.197340 -0.499547 0.876387 0.375738 1 28 1.000000
 29 -70.799149 11.175600 93.635727 0.204499 -0.588601 -0.782131 0.846891 0.385855 1 28 1.000000
 29 -69.823776 12.629580 93.415588 0.508086 -0.135223 -0.850625 0.867964 0.396200 1 28 1.000000
MarioHand_alb.png
 29 -70.799149 11.175600 93.635727 0.204499 -0.588601 -0.782131 0.846891 0.385855 1 28 1.000000
 29 -72.175896 13.122329 93.320213 -0.209880 0.011543 -0.977659 0.824582 0.410803 1 28 1.000000
 29 -69.823776 12.629580 93.415588 0.508086 -0.135223 -0.850625 0.867964 0.396200 1 28 1.000000
MarioHand_alb.png
 29 -68.447159 12.400198 95.615608 0.947541 -0.226967 -0.225060 0.882628 0.355383 1 28 1.000000
 29 -70.089211 10.521110 94.749886 0.438662 -0.795886 -0.417301 0.851270 0.366690 1 28 1.000000
 29 -68.803375 12.451080 94.460579 0.843510 -0.197340 -0.499547 0.876387 0.375738 1 28 1.000000
MarioHand_alb.png
 29 -70.089211 10.521110 94.749886 0.438662 -0.795886 -0.417301 0.851270 0.366690 1 28 1.000000
 29 -70.799149 11.175600 93.635727 0.204499 -0.588601 -0.782131 0.846891 0.385855 1 28 1.000000
 29 -68.803375 12.451080 94.460579 0.843510 -0.197340 -0.499547 0.876387 0.375738 1 28 1.000000
MarioHand_alb.png
 29 -68.320572 12.382463 96.628220 0.866791 -0.262097 -0.424239 0.886854 0.335775 1 28 1.000000
 29 -69.855087 10.342648 96.008545 0.503528 -0.848559 -0.162502 0.853803 0.347829 1 28 1.000000
 29 -68.447159 12.400198 95.615608 0.947541 -0.226967 -0.225060 0.882628 0.355383 1 28 1.000000
MarioHand_alb.png
 29 -69.855087 10.342648 96.008545 0.503528 -0.848559 -0.162502 0.853803 0.347829 1 28 1.000000
 29 -70.089211 10.521110 94.749886 0.438662 -0.795886 -0.417301 0.851270 0.366690 1 28 1.000000
 29 -68.447159 12.400198 95.615608 0.947541 -0.226967 -0.225060 0.882628 0.355383 1 28 1.000000
MarioHand_alb.png
 29 -70.089211 10.521110 94.749886 0.438662 -0.795886 -0.417301 0.851270 0.366690 1 28 1.000000
 29 -72.315887 10.094141 95.311035 -0.149534 -0.944121 -0.293727 0.824948 0.363149 1 28 1.000000
 29 -70.799149 11.175600 93.635727 0.204499 -0.588601 -0.782131 0.846891 0.385855 1 28 1.000000
MarioHand_alb.png
 29 -69.855087 10.342648 96.008545 0.503528 -0.848559 -0.162502 0.853803 0.347829 1 28 1.000000
 29 -72.315887 10.094141 95.311035 -0.149534 -0.944121 -0.293727 0.824948 0.363149 1 28 1.000000
 29 -70.089211 10.521110 94.749886 0.438662 -0.795886 -0.417301 0.851270 0.366690 1 28 1.000000
MarioHand_alb.png
 29 -70.799149 11.175600 93.635727 0.204499 -0.588601 -0.782131 0.846891 0.385855 1 28 1.000000
 29 -72.481659 10.854090 94.059486 -0.220499 -0.702411 -0.676756 0.824964 0.381796 1 28 1.000000
 29 -72.175896 13.122329 93.320213 -0.209880 0.011543 -0.977659 0.824582 0.410803 1 28 1.000000
MarioHand_alb.png
 29 -72.315887 10.094141 95.311035 -0.149534 -0.944121 -0.293727 0.824948 0.363149 1 28 1.000000
 29 -72.481659 10.854090 94.059486 -0.220499 -0.702411 -0.676756 0.824964 0.381796 1 28 1.000000
 29 -70.799149 11.175600 93.635727 0.204499 -0.588601 -0.782131 0.846891 0.385855 1 28 1.000000
MarioHand_alb.png
 29 -72.481659 10.854090 94.059486 -0.220499 -0.702411 -0.676756 0.824964 0.381796 1 28 1.000000
 29 -73.440697 11.337135 94.314400 -0.615031 -0.524131 -0.589087 0.810773 0.383841 1 28 1.000000
 29 -72.175896 13.122329 93.320213 -0.209880 0.011543 -0.977659 0.824582 0.410803 1 28 1.000000
MarioHand_alb.png
 29 -72.315887 10.094141 95.311035 -0.149534 -0.944121 -0.293727 0.824948 0.363149 1 28 1.000000
 29 -73.440697 11.337135 94.314400 -0.615031 -0.524131 -0.589087 0.810773 0.383841 1 28 1.000000
 29 -72.481659 10.854090 94.059486 -0.220499 -0.702411 -0.676756 0.824964 0.381796 1 28 1.000000
MarioHand_alb.png
 29 -73.440697 11.337135 94.314400 -0.615031 -0.524131 -0.589087 0.810773 0.383841 1 28 1.000000
 29 -74.120499 12.283325 94.507217 -0.817700 -0.215104 -0.533946 0.796201 0.389044 1 28 1.000000
 29 -72.175896 13.122329 93.320213 -0.209880 0.011543 -0.977659 0.824582 0.410803 1 28 1.000000
MarioHand_alb.png
 29 -74.188965 13.588123 94.550926 -0.837091 0.148513 -0.526520 0.780499 0.398138 1 28 1.000000
 29 -72.175896 13.122329 93.320213 -0.209880 0.011543 -0.977659 0.824582 0.410803 1 28 1.000000
 29 -74.120499 12.283325 94.507217 -0.817700 -0.215104 -0.533946 0.796201 0.389044 1 28 1.000000
MarioHand_alb.png
 29 -72.315887 10.094141 95.311035 -0.149534 -0.944121 -0.293727 0.824948 0.363149 1 28 1.000000
 29 -73.681915 10.812319 95.675835 -0.692739 -0.700273 -0.172422 0.806439 0.365194 1 28 1.000000
 29 -73.440697 11.337135 94.314400 -0.615031 -0.524131 -0.589087 0.810773 0.383841 1 28 1.000000
MarioHand_alb.png
 29 -73.681915 10.812319 95.675835 -0.692739 -0.700273 -0.172422 0.806439 0.365194 1 28 1.000000
 29 -74.120499 12.283325 94.507217 -0.817700 -0.215104 -0.533946 0.796201 0.389044 1 28 1.000000
 29 -73.440697 11.337135 94.314400 -0.615031 -0.524131 -0.589087 0.810773 0.383841 1 28 1.000000
MarioHand_alb.png
 29 -69.855087 10.342648 96.008545 0.503528 -0.848559 -0.162502 0.853803 0.347829 1 28 1.000000
 29 -72.184608 9.855463 96.762367 -0.141145 -0.986680 -0.080872 0.824018 0.344640 1 28 1.000000
 29 -72.315887 10.094141 95.311035 -0.149534 -0.944121 -0.293727 0.824948 0.363149 1 28 1.000000
MarioHand_alb.png
 29 -72.184608 9.855463 96.762367 -0.141145 -0.986680 -0.080872 0.824018 0.344640 1 28 1.000000
 29 -73.681915 10.812319 95.675835 -0.692739 -0.700273 -0.172422 0.806439 0.365194 1 28 1.000000
 29 -72.315887 10.094141 95.311035 -0.149534 -0.944121 -0.293727 0.824948 0.363149 1 28 1.000000
MarioHand_alb.png
 29 -69.742157 10.307515 97.187157 0.360099 -0.897005 -0.256342 0.855268 0.329213 1 28 1.000000
 29 -69.855087 10.342648 96.008545 0.503528 -0.848559 -0.162502 0.853803 0.347829 1 28 1.000000
 29 -68.320572 12.382463 96.628220 0.866791 -0.262097 -0.424239 0.886854 0.335775 1 28 1.000000
MarioHand_alb.png
 29 -69.742157 10.307515 97.187157 0.360099 -0.897005 -0.256342 0.855268 0.329213 1 28 1.000000
 29 -72.184608 9.855463 96.762367 -0.141145 -0.986680 -0.080872 0.824018 0.344640 1 28 1.000000
 29 -69.855087 10.342648 96.008545 0.503528 -0.848559 -0.162502 0.853803 0.347829 1 28 1.000000
MarioHand_alb.png
 29 -69.144203 10.198343 97.800468 -0.012970 -0.813556 -0.581343 0.857145 0.303471 1 28 1.000000
 29 -69.742157 10.307515 97.187157 0.360099 -0.897005 -0.256342 0.855268 0.329213 1 28 1.000000
 29 -68.320572 12.382463 96.628220 0.866791 -0.262097 -0.424239 0.886854 0.335775 1 28 1.000000
MarioHand_alb.png
 29 -70.728363 9.452324 99.558296 -0.230410 -0.972662 -0.028992 0.822248 0.301381 1 28 1.000000
 29 -69.742157 10.307515 97.187157 0.360099 -0.897005 -0.256342 0.855268 0.329213 1 28 1.000000
 29 -69.144203 10.198343 97.800468 -0.012970 -0.813556 -0.581343 0.857145 0.303471 1 28 1.000000
MarioHand_alb.png
 29 -71.890648 9.743401 98.204765 -0.201409 -0.979389 -0.015258 0.823240 0.326421 1 28 1.000000
 29 -69.742157 10.307515 97.187157 0.360099 -0.897005 -0.256342 0.855268 0.329213 1 28 1.000000
 29 -70.728363 9.452324 99.558296 -0.230410 -0.972662 -0.028992 0.822248 0.301381 1 28 1.000000
MarioHand_alb.png
 29 -71.890648 9.743401 98.204765 -0.201409 -0.979389 -0.015258 0.823240 0.326421 1 28 1.000000
 29 -72.184608 9.855463 96.762367 -0.141145 -0.986680 -0.080872 0.824018 0.344640 1 28 1.000000
 29 -69.742157 10.307515 97.187157 0.360099 -0.897005 -0.256342 0.855268 0.329213 1 28 1.000000
MarioHand_alb.png
 29 -71.890648 9.743401 98.204765 -0.201409 -0.979389 -0.015258 0.823240 0.326421 1 28 1.000000
 29 -70.728363 9.452324 99.558296 -0.230410 -0.972662 -0.028992 0.822248 0.301381 1 28 1.000000
 29 -71.574020 10.136454 100.769691 -0.508096 -0.703686 0.496653 0.798795 0.302281 1 28 1.000000
MarioHand_alb.png
 29 -73.600082 10.649748 97.268288 -0.706505 -0.705265 0.058748 0.803143 0.346334 1 28 1.000000
 29 -73.681915 10.812319 95.675835 -0.692739 -0.700273 -0.172422 0.806439 0.365194 1 28 1.000000
 29 -72.184608 9.855463 96.762367 -0.141145 -0.986680 -0.080872 0.824018 0.344640 1 28 1.000000
MarioHand_alb.png
 29 -73.600082 10.649748 97.268288 -0.706505 -0.705265 0.058748 0.803143 0.346334 1 28 1.000000
 29 -72.184608 9.855463 96.762367 -0.141145 -0.986680 -0.080872 0.824018 0.344640 1 28 1.000000
 29 -71.890648 9.743401 98.204765 -0.201409 -0.979389 -0.015258 0.823240 0.326421 1 28 1.000000
MarioHand_alb.png
 29 -74.512871 12.078342 95.895729 -0.956493 -0.275735 -0.095344 0.789242 0.370443 1 28 1.000000
 29 -74.120499 12.283325 94.507217 -0.817700 -0.215104 -0.533946 0.796201 0.389044 1 28 1.000000
 29 -73.681915 10.812319 95.675835 -0.692739 -0.700273 -0.172422 0.806439 0.365194 1 28 1.000000
MarioHand_alb.png
 29 -73.600082 10.649748 97.268288 -0.706505 -0.705265 0.058748 0.803143 0.346334 1 28 1.000000
 29 -74.512871 12.078342 95.895729 -0.956493 -0.275735 -0.095344 0.789242 0.370443 1 28 1.000000
 29 -73.681915 10.812319 95.675835 -0.692739 -0.700273 -0.172422 0.806439 0.365194 1 28 1.000000
MarioHand_alb.png
 29 -74.512871 12.078342 95.895729 -0.956493 -0.275735 -0.095344 0.789242 0.370443 1 28 1.000000
 29 -74.188965 13.588123 94.550926 -0.837091 0.148513 -0.526520 0.780499 0.398138 1 28 1.000000
 29 -74.120499 12.283325 94.507217 -0.817700 -0.215104 -0.533946 0.796201 0.389044 1 28 1.000000
MarioHand_alb.png
 29 -73.161560 10.505995 99.043922 -0.666828 -0.679512 0.305947 0.800641 0.327733 1 28 1.000000
 29 -73.600082 10.649748 97.268288 -0.706505 -0.705265 0.058748 0.803143 0.346334 1 28 1.000000
 29 -71.890648 9.743401 98.204765 -0.201409 -0.979389 -0.015258 0.823240 0.326421 1 28 1.000000
MarioHand_alb.png
 29 -73.161560 10.505995 99.043922 -0.666828 -0.679512 0.305947 0.800641 0.327733 1 28 1.000000
 29 -71.890648 9.743401 98.204765 -0.201409 -0.979389 -0.015258 0.823240 0.326421 1 28 1.000000
 29 -71.574020 10.136454 100.769691 -0.508096 -0.703686 0.496653 0.798795 0.302281 1 28 1.000000
MarioHand_alb.png
 29 -74.420631 12.020235 97.582924 -0.952311 -0.240558 0.187715 0.784070 0.350683 1 28 1.000000
 29 -74.512871 12.078342 95.895729 -0.956493 -0.275735 -0.095344 0.789242 0.370443 1 28 1.000000
 29 -73.600082 10.649748 97.268288 -0.706505 -0.705265 0.058748 0.803143 0.346334 1 28 1.000000
MarioHand_alb.png
 29 -74.420631 12.020235 97.582924 -0.952311 -0.240558 0.187715 0.784070 0.350683 1 28 1.000000
 29 -73.600082 10.649748 97.268288 -0.706505 -0.705265 0.058748 0.803143 0.346334 1 28 1.000000
 29 -73.161560 10.505995 99.043922 -0.666828 -0.679512 0.305947 0.800641 0.327733 1 28 1.000000
MarioHand_alb.png
 29 -73.161560 10.505995 99.043922 -0.666828 -0.679512 0.305947 0.800641 0.327733 1 28 1.000000
 29 -71.574020 10.136454 100.769691 -0.508096 -0.703686 0.496653 0.798795 0.302281 1 28 1.000000
 29 -71.954826 11.560099 101.564766 -0.605064 -0.211448 0.767585 0.776028 0.305470 1 28 1.000000
MarioHand_alb.png
 29 -71.954826 11.560099 101.564766 -0.605064 -0.211448 0.767585 0.776028 0.305470 1 28 1.000000
 29 -71.574020 10.136454 100.769691 -0.508096 -0.703686 0.496653 0.798795 0.302281 1 28 1.000000
 29 -69.390167 11.051065 102.825653 -0.448691 -0.234838 0.862280 0.772381 0.279042 1 28 1.000000
MarioHand_alb.png
 29 -71.954826 11.560099 101.564766 -0.605064 -0.211448 0.767585 0.776028 0.305470 1 28 1.000000
 29 -69.390167 11.051065 102.825653 -0.448691 -0.234838 0.862280 0.772381 0.279042 1 28 1.000000
 29 -71.695053 13.305586 101.618172 -0.536988 0.232835 0.810822 0.753567 0.311208 1 28 1.000000
MarioHand_alb.png
 29 -73.161560 10.505995 99.043922 -0.666828 -0.679512 0.305947 0.800641 0.327733 1 28 1.000000
 29 -71.954826 11.560099 101.564766 -0.605064 -0.211448 0.767585 0.776028 0.305470 1 28 1.000000
 29 -73.781364 11.905617 99.517273 -0.838660 -0.199745 0.506706 0.780301 0.331640 1 28 1.000000
MarioHand_alb.png
 29 -73.781364 11.905617 99.517273 -0.838660 -0.199745 0.506706 0.780301 0.331640 1 28 1.000000
 29 -71.954826 11.560099 101.564766 -0.605064 -0.211448 0.767585 0.776028 0.305470 1 28 1.000000
 29 -71.695053 13.305586 101.618172 -0.536988 0.232835 0.810822 0.753567 0.311208 1 28 1.000000
MarioHand_alb.png
 29 -74.420631 12.020235 97.582924 -0.952311 -0.240558 0.187715 0.784070 0.350683 1 28 1.000000
 29 -73.161560 10.505995 99.043922 -0.666828 -0.679512 0.305947 0.800641 0.327733 1 28 1.000000
 29 -73.781364 11.905617 99.517273 -0.838660 -0.199745 0.506706 0.780301 0.331640 1 28 1.000000
MarioHand_alb.png
 29 -73.781364 11.905617 99.517273 -0.838660 -0.199745 0.506706 0.780301 0.331640 1 28 1.000000
 29 -71.695053 13.305586 101.618172 -0.536988 0.232835 0.810822 0.753567 0.311208 1 28 1.000000
 29 -73.641754 13.641806 99.590546 -0.795035 0.234810 0.559271 0.759518 0.337530 1 28 1.000000
MarioHand_alb.png
 29 -74.400986 13.737675 97.646866 -0.946321 0.213495 0.242686 0.764981 0.356756 1 28 1.000000
 29 -73.781364 11.905617 99.517273 -0.838660 -0.199745 0.506706 0.780301 0.331640 1 28 1.000000
 29 -73.641754 13.641806 99.590546 -0.795035 0.234810 0.559271 0.759518 0.337530 1 28 1.000000
MarioHand_alb.png
 29 -74.420631 12.020235 97.582924 -0.952311 -0.240558 0.187715 0.784070 0.350683 1 28 1.000000
 29 -73.781364 11.905617 99.517273 -0.838660 -0.199745 0.506706 0.780301 0.331640 1 28 1.000000
 29 -74.400986 13.737675 97.646866 -0.946321 0.213495 0.242686 0.764981 0.356756 1 28 1.000000
MarioHand_alb.png
 29 -74.400986 13.737675 97.646866 -0.946321 0.213495 0.242686 0.764981 0.356756 1 28 1.000000
 29 -73.641754 13.641806 99.590546 -0.795035 0.234810 0.559271 0.759518 0.337530 1 28 1.000000
 29 -72.980103 15.122808 99.342216 -0.599781 0.628492 0.495239 0.739742 0.343679 1 28 1.000000
MarioHand_alb.png
 29 -74.586647 13.719524 95.964081 -0.979430 0.189746 -0.068652 0.771618 0.376806 1 28 1.000000
 29 -74.512871 12.078342 95.895729 -0.956493 -0.275735 -0.095344 0.789242 0.370443 1 28 1.000000
 29 -74.420631 12.020235 97.582924 -0.952311 -0.240558 0.187715 0.784070 0.350683 1 28 1.000000
MarioHand_alb.png
 29 -74.586647 13.719524 95.964081 -0.979430 0.189746 -0.068652 0.771618 0.376806 1 28 1.000000
 29 -74.420631 12.020235 97.582924 -0.952311 -0.240558 0.187715 0.784070 0.350683 1 28 1.000000
 29 -74.400986 13.737675 97.646866 -0.946321 0.213495 0.242686 0.764981 0.356756 1 28 1.000000
MarioHand_alb.png
 29 -74.586647 13.719524 95.964081 -0.979430 0.189746 -0.068652 0.771618 0.376806 1 28 1.000000
 29 -74.188965 13.588123 94.550926 -0.837091 0.148513 -0.526520 0.780499 0.398138 1 28 1.000000
 29 -74.512871 12.078342 95.895729 -0.956493 -0.275735 -0.095344 0.789242 0.370443 1 28 1.000000
MarioHand_alb.png
 29 -74.400986 13.737675 97.646866 -0.946321 0.213495 0.242686 0.764981 0.356756 1 28 1.000000
 29 -72.980103 15.122808 99.342216 -0.599781 0.628492 0.495239 0.739742 0.343679 1 28 1.000000
 29 -73.732147 15.227270 97.480240 -0.733122 0.650064 0.199873 0.746166 0.362524 1 28 1.000000
MarioHand_alb.png
 29 -74.586647 13.719524 95.964081 -0.979430 0.189746 -0.068652 0.771618 0.376806 1 28 1.000000
 29 -74.400986 13.737675 97.646866 -0.946321 0.213495 0.242686 0.764981 0.356756 1 28 1.000000
 29 -73.732147 15.227270 97.480240 -0.733122 0.650064 0.199873 0.746166 0.362524 1 28 1.000000
MarioHand_alb.png
 29 -73.732147 15.227270 97.480240 -0.733122 0.650064 0.199873 0.746166 0.362524 1 28 1.000000
 29 -72.980103 15.122808 99.342216 -0.599781 0.628492 0.495239 0.739742 0.343679 1 28 1.000000
 29 -71.743393 16.075827 98.727722 -0.262470 0.914638 0.307486 0.718334 0.351095 1 28 1.000000
MarioHand_alb.png
 29 -74.586647 13.719524 95.964081 -0.979430 0.189746 -0.068652 0.771618 0.376806 1 28 1.000000
 29 -73.967125 15.107969 95.844139 -0.771277 0.628236 -0.102227 0.754299 0.380926 1 28 1.000000
 29 -74.188965 13.588123 94.550926 -0.837091 0.148513 -0.526520 0.780499 0.398138 1 28 1.000000
MarioHand_alb.png
 29 -74.586647 13.719524 95.964081 -0.979430 0.189746 -0.068652 0.771618 0.376806 1 28 1.000000
 29 -73.732147 15.227270 97.480240 -0.733122 0.650064 0.199873 0.746166 0.362524 1 28 1.000000
 29 -73.967125 15.107969 95.844139 -0.771277 0.628236 -0.102227 0.754299 0.380926 1 28 1.000000
MarioHand_alb.png
 29 -73.732147 15.227270 97.480240 -0.733122 0.650064 0.199873 0.746166 0.362524 1 28 1.000000
 29 -71.743393 16.075827 98.727722 -0.262470 0.914638 0.307486 0.718334 0.351095 1 28 1.000000
 29 -72.337280 16.160990 97.047806 -0.332653 0.940546 0.068667 0.725582 0.370108 1 28 1.000000
MarioHand_alb.png
 29 -73.732147 15.227270 97.480240 -0.733122 0.650064 0.199873 0.746166 0.362524 1 28 1.000000
 29 -72.337280 16.160990 97.047806 -0.332653 0.940546 0.068667 0.725582 0.370108 1 28 1.000000
 29 -73.967125 15.107969 95.844139 -0.771277 0.628236 -0.102227 0.754299 0.380926 1 28 1.000000
MarioHand_alb.png
 29 -71.743393 16.075827 98.727722 -0.262470 0.914638 0.307486 0.718334 0.351095 1 28 1.000000
 29 -70.314545 16.231297 97.892326 0.240331 0.970672 -0.006104 0.697047 0.358618 1 28 1.000000
 29 -72.337280 16.160990 97.047806 -0.332653 0.940546 0.068667 0.725582 0.370108 1 28 1.000000
MarioHand_alb.png
 29 -70.314545 16.231297 97.892326 0.240331 0.970672 -0.006104 0.697047 0.358618 1 28 1.000000
 29 -70.736069 16.271061 96.518280 0.276163 0.954365 -0.113669 0.705592 0.379049 1 28 1.000000
 29 -72.337280 16.160990 97.047806 -0.332653 0.940546 0.068667 0.725582 0.370108 1 28 1.000000
MarioHand_alb.png
 29 -74.188965 13.588123 94.550926 -0.837091 0.148513 -0.526520 0.780499 0.398138 1 28 1.000000
 29 -73.967125 15.107969 95.844139 -0.771277 0.628236 -0.102227 0.754299 0.380926 1 28 1.000000
 29 -73.620987 14.677653 94.427589 -0.677490 0.475979 -0.560760 0.761532 0.399847 1 28 1.000000
MarioHand_alb.png
 29 -74.188965 13.588123 94.550926 -0.837091 0.148513 -0.526520 0.780499 0.398138 1 28 1.000000
 29 -73.620987 14.677653 94.427589 -0.677490 0.475979 -0.560760 0.761532 0.399847 1 28 1.000000
 29 -72.175896 13.122329 93.320213 -0.209880 0.011543 -0.977659 0.764721 0.429969 1 28 1.000000
MarioHand_alb.png
 29 -72.337280 16.160990 97.047806 -0.332653 0.940546 0.068667 0.725582 0.370108 1 28 1.000000
 29 -72.647369 15.982636 95.513885 -0.363155 0.909698 -0.201413 0.735424 0.387945 1 28 1.000000
 29 -73.967125 15.107969 95.844139 -0.771277 0.628236 -0.102227 0.754299 0.380926 1 28 1.000000
MarioHand_alb.png
 29 -70.736069 16.271061 96.518280 0.276163 0.954365 -0.113669 0.705592 0.379049 1 28 1.000000
 29 -72.647369 15.982636 95.513885 -0.363155 0.909698 -0.201413 0.735424 0.387945 1 28 1.000000
 29 -72.337280 16.160990 97.047806 -0.332653 0.940546 0.068667 0.725582 0.370108 1 28 1.000000
MarioHand_alb.png
 29 -73.620987 14.677653 94.427589 -0.677490 0.475979 -0.560760 0.761532 0.399847 1 28 1.000000
 29 -73.967125 15.107969 95.844139 -0.771277 0.628236 -0.102227 0.754299 0.380926 1 28 1.000000
 29 -72.647369 15.982636 95.513885 -0.363155 0.909698 -0.201413 0.735424 0.387945 1 28 1.000000
MarioHand_alb.png
 29 -70.736069 16.271061 96.518280 0.276163 0.954365 -0.113669 0.705592 0.379049 1 28 1.000000
 29 -71.066307 16.075766 95.111328 0.226597 0.909441 -0.348670 0.717464 0.398520 1 28 1.000000
 29 -72.647369 15.982636 95.513885 -0.363155 0.909698 -0.201413 0.735424 0.387945 1 28 1.000000
MarioHand_alb.png
 29 -73.620987 14.677653 94.427589 -0.677490 0.475979 -0.560760 0.761532 0.399847 1 28 1.000000
 29 -72.735931 15.308309 94.213959 -0.381432 0.684766 -0.620971 0.746731 0.404288 1 28 1.000000
 29 -72.175896 13.122329 93.320213 -0.209880 0.011543 -0.977659 0.764721 0.429969 1 28 1.000000
MarioHand_alb.png
 29 -73.620987 14.677653 94.427589 -0.677490 0.475979 -0.560760 0.761532 0.399847 1 28 1.000000
 29 -72.647369 15.982636 95.513885 -0.363155 0.909698 -0.201413 0.735424 0.387945 1 28 1.000000
 29 -72.735931 15.308309 94.213959 -0.381432 0.684766 -0.620971 0.746731 0.404288 1 28 1.000000
MarioHand_alb.png
 29 -71.066307 16.075766 95.111328 0.226597 0.909441 -0.348670 0.717464 0.398520 1 28 1.000000
 29 -72.735931 15.308309 94.213959 -0.381432 0.684766 -0.620971 0.746731 0.404288 1 28 1.000000
 29 -72.647369 15.982636 95.513885 -0.363155 0.909698 -0.201413 0.735424 0.387945 1 28 1.000000
MarioHand_alb.png
 29 -72.175896 13.122329 93.320213 -0.209880 0.011543 -0.977659 0.764721 0.429969 1 28 1.000000
 29 -72.735931 15.308309 94.213959 -0.381432 0.684766 -0.620971 0.746731 0.404288 1 28 1.000000
 29 -71.531082 15.363608 93.906998 0.057984 0.687320 -0.724037 0.733684 0.414237 1 28 1.000000
MarioHand_alb.png
 29 -71.066307 16.075766 95.111328 0.226597 0.909441 -0.348670 0.717464 0.398520 1 28 1.000000
 29 -71.531082 15.363608 93.906998 0.057984 0.687320 -0.724037 0.733684 0.414237 1 28 1.000000
 29 -72.735931 15.308309 94.213959 -0.381432 0.684766 -0.620971 0.746731 0.404288 1 28 1.000000
end
