# This file uses centimeters as units for non-parametric coordinates.

mtllib JARDIN01.mtl
g default
v -4.097898 2.934061 2.324526
v -3.354041 3.376344 1.859411
v -3.648231 3.535932 2.421271
v -3.703476 3.439980 3.068727
v -2.494239 3.839450 2.001258
v -2.772206 4.054703 2.648592
v -2.896035 3.921250 3.362069
v -2.021222 4.017072 2.411565
v -1.985105 4.091508 2.878348
v -2.270163 4.067267 3.256351
v -3.302389 3.753454 3.212817
v -3.220714 3.884122 2.526563
v -2.926491 3.681861 1.922722
v -4.319741 0.612782 2.808570
v -3.565346 0.804363 2.209026
v -3.720290 1.075224 2.783770
v -3.700573 1.041681 3.439470
v -2.603738 1.025366 2.191268
v -2.715946 1.351030 2.842418
v -2.761459 1.304529 3.575873
v -2.044772 1.095246 2.517338
v -1.920902 1.188356 2.965353
v -2.142366 1.267853 3.376893
v -3.215053 1.243583 3.497812
v -3.206389 1.300676 2.796844
v -3.068773 0.986007 2.185171
v -3.372079 2.616858 5.668970
v -3.681944 2.763257 4.321997
v -2.981662 3.122297 4.808467
v -2.134359 3.009032 5.172777
v -3.122254 2.847043 3.045801
v -2.289741 3.265124 3.512830
v -1.381700 3.141773 4.008135
v -2.375472 2.782420 2.511030
v -1.713150 2.840640 2.598735
v -1.294892 2.964343 3.108157
v -1.748853 3.170689 4.551964
v -2.634010 3.314354 4.120831
v -3.399483 2.901890 3.642547
v -0.148738 1.157290 1.418626
v -0.033162 1.871140 2.363956
v -0.473941 1.963628 1.712160
v -1.147796 1.797187 1.323051
v -0.636189 2.596531 3.098355
v -1.175969 2.753427 2.405261
v -1.885365 2.523629 1.915722
v -1.330338 2.882966 3.338849
v -1.851711 2.950152 3.107631
v -2.106113 2.837116 2.605328
v -1.509404 2.246763 1.602134
v -0.806591 2.462588 2.032784
v -0.322169 2.321903 2.716689
v -1.612272 -0.060982 3.211627
v -2.483334 -0.017470 2.979171
v -1.308580 2.639500 3.119977
v -2.169188 2.339410 2.906314
v -1.926756 5.108309 2.660232
v -2.694162 4.677369 2.585786
v -2.543046 6.260724 2.550063
v -3.328365 5.863213 2.468897
v -2.234417 3.496022 2.778790
v -1.457306 3.905240 2.979471
v -0.218629 4.368313 0.193408
v -0.230881 5.118821 1.363182
v -0.896191 5.000801 0.731208
v -1.588506 4.474829 0.403297
v -1.027731 5.492436 2.446876
v -1.837765 5.387550 1.799707
v -2.558800 4.781735 1.354533
v -1.814011 5.389152 2.914780
v -2.435272 5.179872 2.773396
v -2.764298 4.947148 2.237360
v -2.116908 4.721721 0.872329
v -1.410698 5.312420 1.249635
v -0.667373 5.403650 1.900771
v -0.166765 1.398631 3.926097
v -0.883452 1.622085 4.097469
v -0.584303 1.757461 3.703882
v -0.401133 1.646518 3.235722
v -1.571565 1.792269 3.788039
v -1.277410 1.959975 3.320408
v -1.024234 1.829142 2.818573
v -1.872276 1.802325 3.376083
v -1.821151 1.815870 3.008321
v -1.532759 1.824678 2.774230
v -0.723801 1.793536 3.020768
v -0.940041 1.928461 3.509554
v -1.240007 1.764060 3.939991
v -0.159113 3.145009 5.758772
v -1.351318 3.760489 5.395981
v -0.516951 3.811170 4.999470
v 0.108040 3.432613 4.425403
v -2.132781 4.132125 4.300467
v -1.235923 4.219005 3.776939
v -0.480274 3.778702 3.211064
v -2.275573 4.098712 3.391439
v -1.896264 4.001036 2.847071
v -1.250299 3.878417 2.714984
v -0.179238 3.704686 3.790104
v -0.864648 4.139549 4.365541
v -1.739833 4.048817 4.824508
v -3.263866 6.079566 2.618949
v -3.233618 5.420885 2.281093
v -3.023359 5.428713 2.878697
v -2.719159 5.938142 3.100838
v -2.625220 6.439743 2.725375
v -2.835478 6.431914 2.127770
v -3.139677 5.922487 1.905630
v -2.865269 5.907010 2.983514
v -3.863636 6.448874 3.322231
v -3.171715 5.903819 2.095721
v -4.243297 6.445125 2.221425
v -4.001575 5.891138 3.316502
v -4.275610 5.877051 2.223122
v -3.473943 6.865383 3.171710
v -3.747977 6.851296 2.078329
v -3.191694 5.548182 2.602512
v -4.384432 5.753754 2.909927
v -2.848842 6.258743 2.472577
v -3.714473 7.142241 2.656024
v 3.417413 -0.064500 5.239632
v 2.793870 -0.014766 6.060001
v 3.452179 3.022078 4.878729
v 2.853044 2.679083 5.696193
v 2.697931 5.843859 5.333107
v 2.286436 5.351306 6.112375
v 2.314186 7.161037 5.937077
v 1.887817 6.706693 6.732375
v 2.689899 4.001059 5.709875
v 3.239100 4.468784 4.975083
v 5.253013 2.996198 8.166235
v 3.694192 3.163529 7.909843
v 4.512306 3.573902 7.380225
v 5.264984 3.444443 6.642156
v 2.587281 3.259294 6.764567
v 3.442173 3.737149 6.086680
v 4.359720 3.596162 5.341183
v 2.345572 3.185431 5.742938
v 2.725522 3.251976 5.080547
v 3.445615 3.393364 4.859128
v 4.775625 3.629212 5.965274
v 3.935865 3.793418 6.714398
v 3.098140 3.321982 7.316507
v 0.829894 4.998064 2.457046
v 2.061645 5.855874 2.977246
v 1.104822 5.720980 3.406787
v 0.457844 5.119808 3.996736
v 2.862142 6.282905 4.289850
v 1.826495 6.163024 4.865853
v 1.043053 5.470594 5.435324
v 3.016010 6.164854 5.324255
v 2.597099 5.925653 5.919946
v 1.887555 5.659657 6.035460
v 0.724727 5.401999 4.758918
v 1.429968 6.077152 4.175694
v 2.440884 6.181425 3.671960
v 4.799790 1.603799 4.020787
v 4.670246 1.859201 4.853012
v 4.383737 2.013931 4.365985
v 3.968074 1.887127 3.969273
v 4.044633 2.053716 5.446531
v 3.677655 2.245399 4.932679
v 3.256737 2.095861 4.447330
v 3.478584 2.065210 5.585905
v 3.111836 2.080692 5.372368
v 2.989334 2.090758 4.965879
v 3.600838 2.055164 4.217293
v 4.023973 2.209379 4.657921
v 4.349098 2.021474 5.161791
v 2.155898 1.327953 2.914421
v 3.205723 2.143863 3.202116
v 2.325300 2.249574 3.385614
v 1.621608 2.059337 3.929504
v 3.720879 2.972965 4.158284
v 2.753853 3.152293 4.428571
v 1.928543 2.889641 4.966497
v 3.674206 3.300353 4.996647
v 3.203607 3.377145 5.447749
v 2.562095 3.247947 5.498974
v 1.759942 2.573190 4.432930
v 2.520122 2.819872 3.876429
v 3.453425 2.659073 3.660700
v 6.741204 3.599860 4.807390
v 5.840574 4.303338 5.910859
v 5.783057 4.361265 4.856559
v 5.446980 3.928584 3.946687
v 4.343181 4.728107 6.262232
v 4.178437 4.827408 5.086768
v 3.907681 4.324155 4.042274
v 3.319943 4.689917 6.019060
v 2.908740 4.578276 5.381880
v 3.049161 4.438126 4.641480
v 4.650566 4.239557 3.975008
v 4.961891 4.736593 4.949368
v 5.067759 4.632888 6.073916
v 1.401452 3.358753 7.483571
v 1.232137 3.864270 6.495238
v 1.698750 4.046675 7.049987
v 2.359494 3.937004 7.389163
v 1.754976 4.393588 5.647486
v 2.319013 4.639616 6.222144
v 3.019836 4.487083 6.662478
v 2.393997 4.596604 5.325180
v 2.903293 4.681683 5.489393
v 3.179431 4.653976 5.954761
v 2.685793 4.295297 7.027487
v 1.995480 4.444646 6.643535
v 1.484487 4.213468 6.070548
v 1.817143 0.705594 7.928068
v 1.510236 0.924566 6.870300
v 2.050853 1.234153 7.283380
v 2.752822 1.195814 7.546858
v 1.908435 1.177167 5.845676
v 2.548384 1.549392 6.246695
v 3.304295 1.496243 6.612872
v 2.495642 1.257038 5.395950
v 3.023143 1.363460 5.459225
v 3.362323 1.454323 5.871883
v 3.025053 1.426583 7.058708
v 2.287520 1.491839 6.745588
v 1.700336 1.132180 6.334818
v 2.074469 6.953979 6.729230
v 1.730294 6.201125 6.550739
v 2.453449 6.210072 6.587522
v 2.820276 6.792336 6.362151
v 2.463950 7.365651 6.099996
v 1.740795 7.356703 6.063213
v 1.373968 6.774442 6.288585
v 2.088381 6.346621 6.645781
v 1.896279 6.581585 8.040431
v 2.099642 7.158774 6.226863
v 1.918282 8.168588 7.221837
v 2.632846 6.756752 6.465791
v 2.558130 7.376088 7.668463
v 1.561102 6.753104 6.404894
v 1.229372 7.371802 7.592625
v 2.492258 6.738610 7.811852
v 1.217154 6.722510 7.627532
v 2.567931 7.852147 7.191084
v 1.292827 7.836046 7.006764
v -0.857895 -0.004284 -1.042776
v 0.370481 0.057886 -1.115877
v -0.644978 3.558395 -0.639945
v 0.565224 3.377040 -0.719872
v -0.290929 6.817933 -1.462508
v 0.911924 6.669785 -1.657841
v -0.326081 8.359550 -2.312664
v 0.878735 8.311433 -2.558766
v 0.716781 5.048549 -0.880216
v -0.499031 5.186467 -0.844630
v 4.192097 6.043540 0.541040
v 2.628816 7.068046 0.867130
v 3.276692 6.906939 -0.204944
v 3.511245 6.188942 -1.224016
v 0.950637 7.578062 0.121893
v 1.576405 7.434885 -1.147596
v 1.958905 6.607896 -2.239286
v 0.096601 7.437070 -0.789511
v 0.103251 7.151385 -1.659243
v 0.721649 6.833699 -2.254855
v 2.731194 6.525971 -1.791253
v 2.434846 7.332325 -0.739195
v 1.784259 7.456861 0.442508
v -3.210947 4.373625 2.249525
v -3.076217 5.213809 0.553726
v -2.303294 5.282992 1.550142
v -1.354923 4.766230 2.215415
v -1.844291 5.721123 -0.808909
v -0.883720 5.839720 0.233648
v 0.091975 5.238671 1.075530
v -0.674055 5.675511 -1.265395
v 0.162801 5.542174 -0.919001
v 0.528008 5.374790 -0.096383
v -0.591954 5.137633 1.646411
v -1.559837 5.731257 0.900980
v -2.427984 5.607399 -0.131577
v 2.578936 1.660221 0.992882
v 1.352332 2.634687 1.423707
v 2.092364 2.760941 0.645205
v 2.413918 2.533735 -0.367168
v 0.196614 3.624907 0.834652
v 0.962729 3.839083 -0.087941
v 1.407786 3.525390 -1.177100
v -0.327240 4.015915 -0.020479
v -0.171570 4.107630 -0.783325
v 0.423695 3.953326 -1.269564
v 1.935956 3.147444 -0.767616
v 1.567491 3.442063 0.295528
v 0.797423 3.250017 1.141620
v -0.240141 -0.002824 -0.433631
v -0.185183 0.056574 -1.663090
v -0.029041 3.683563 -0.055538
v 0.003918 3.273915 -1.265557
v 0.402994 7.053697 -1.014349
v 0.277613 6.465426 -2.059347
v 0.369479 8.626841 -1.868318
v 0.247816 8.084204 -2.939166
v 0.154856 4.852788 -1.389858
v 0.114762 5.411406 -0.294968
v -4.031732 3.652655 -2.060705
v -2.326478 3.852502 -2.868151
v -2.770112 4.342622 -1.792041
v -3.007829 4.188006 -0.555664
v -0.461052 3.966877 -2.495477
v -0.840056 4.537593 -1.248750
v -1.234653 4.369208 0.106956
v 0.470576 3.878661 -1.656312
v 0.547517 3.958137 -0.747544
v -0.009276 4.127001 -0.040747
v -2.067233 4.408680 -0.223386
v -1.751499 4.604796 -1.529796
v -1.337863 4.041747 -2.690430
v -0.769626 1.989672 1.702851
v -1.207915 2.294706 0.797436
v -0.595565 2.479505 1.081087
v 0.082266 2.328059 1.188270
v -0.996772 2.527021 -0.210625
v -0.287158 2.755954 0.044693
v 0.456065 2.577356 0.235361
v -0.535525 2.540749 -0.732162
v -0.030211 2.559239 -0.771650
v 0.366329 2.571262 -0.455652
v 0.274416 2.528751 0.695123
v -0.440595 2.712934 0.549886
v -1.102319 2.488514 0.275932
v 0.215048 4.085664 -4.007468
v 1.052947 4.689417 -3.151813
v 0.217685 4.907269 -3.379592
v -0.661760 4.776286 -3.263726
v 1.115506 5.321597 -1.963891
v 0.171026 5.615435 -2.145021
v -0.816522 5.433260 -2.101273
v 0.706894 5.564065 -1.213096
v 0.095092 5.665677 -1.028299
v -0.492354 5.632586 -1.297724
v -0.736471 5.204205 -2.686768
v 0.202442 5.382577 -2.778750
v 1.093686 5.106474 -2.563215
v -0.495282 0.916920 -4.161565
v 0.524941 1.178446 -3.331210
v -0.286738 1.548193 -3.369559
v -1.155233 1.502405 -3.151329
v 0.830105 1.480133 -2.054268
v -0.070938 1.924693 -2.013270
v -1.062199 1.861215 -1.859252
v 0.558972 1.575526 -1.213533
v -0.002121 1.702629 -0.917226
v -0.615668 1.811149 -1.092044
v -1.090897 1.778018 -2.486893
v -0.153739 1.855955 -2.680533
v 0.702107 1.426405 -2.676098
v 0.066629 8.379545 -2.809242
v 0.525957 7.480390 -2.867811
v -0.209298 7.491076 -2.412532
v -0.416438 8.186489 -1.941908
v 0.111677 8.871216 -1.926563
v 0.846933 8.860530 -2.381842
v 1.054073 8.165118 -2.852466
v 0.109671 7.654160 -2.717827
v -0.649361 7.934784 -4.218150
v 0.383279 8.624137 -2.298727
v -0.114710 9.830187 -3.399199
v -0.302777 8.143991 -2.171065
v -1.046647 8.883681 -3.403064
v 0.791238 8.139634 -2.839538
v 0.309953 8.878563 -4.231512
v -1.079387 8.122324 -3.588659
v 0.298232 8.103095 -4.274100
v -0.731879 9.452251 -2.927537
v 0.645740 9.433022 -3.612978
v 4.633870 0.478198 -0.469877
v 5.566021 0.537596 0.333669
v 4.206201 4.164585 -0.537822
v 5.136680 3.754936 0.236416
v 4.692466 7.534719 0.394659
v 5.591193 6.946448 0.942411
v 5.384263 9.107862 0.896460
v 6.301004 8.565226 1.463119
v 5.141011 5.333810 0.431900
v 4.305416 5.892427 -0.276742
v 8.257373 4.133677 -2.443138
v 7.837271 4.333524 -0.603743
v 7.266003 4.823644 -1.617881
v 6.441443 4.669028 -2.569322
v 6.390742 4.447898 0.631674
v 5.645429 5.018615 -0.437195
v 4.824120 4.850230 -1.585715
v 5.155140 4.359683 0.844789
v 4.393425 4.439158 0.343224
v 4.182354 4.608023 -0.531436
v 5.598619 4.889702 -2.035676
v 6.429963 5.085818 -0.979616
v 7.086204 4.522769 0.063224
v 7.160768 4.566686 2.098061
v 5.970174 5.170439 2.227322
v 6.665737 5.388290 1.711823
v 7.118578 5.257308 0.949076
v 4.997987 5.802619 1.541812
v 5.724437 6.096457 0.911637
v 6.300807 5.914282 0.108542
v 4.660700 6.045087 0.756387
v 4.893851 6.146699 0.161330
v 5.468877 6.113608 -0.133674
v 6.711395 5.685227 0.533547
v 6.203008 5.863599 1.328254
v 5.482445 5.587496 1.895318
v 3.282431 2.470694 -2.207266
v 4.264988 2.775728 -1.991730
v 3.663381 2.960527 -1.685954
v 3.159949 2.809081 -1.219585
v 4.926565 3.008043 -1.202374
v 4.287070 3.236976 -0.802643
v 3.677593 3.058378 -0.336519
v 5.051144 3.021771 -0.517371
v 4.769663 3.040261 -0.095861
v 4.276103 3.052283 0.020321
v 3.428640 3.009773 -0.763603
v 3.984970 3.193956 -1.235654
v 4.609492 2.969535 -1.586226
v 4.362675 4.854647 -4.463805
v 5.611952 5.694831 -3.309165
v 4.350930 5.764014 -3.318017
v 3.241622 5.247252 -2.984201
v 5.920859 6.202145 -1.498366
v 4.507528 6.320742 -1.388295
v 3.242538 5.719693 -1.142232
v 5.555845 6.156533 -0.296453
v 4.766087 6.023196 0.146942
v 3.893791 5.855812 -0.074818
v 3.216902 5.618655 -2.032742
v 4.401267 6.212279 -2.332316
v 5.749580 6.088421 -2.375942
v 1.126834 6.524561 2.410298
v 1.837395 7.549068 0.980165
v 2.279178 7.387961 2.152305
v 2.934931 6.669964 2.966868
v 3.460890 8.059084 0.122302
v 4.071479 7.915906 1.399160
v 4.692799 7.088918 2.374893
v 4.705272 7.918092 0.014837
v 5.384615 7.632407 0.557949
v 5.470214 7.314721 1.412257
v 3.863102 7.006993 2.704692
v 3.219645 7.813347 1.821169
v 2.693390 7.937883 0.579098
v 5.494602 0.476737 -0.578598
v 4.792356 0.538908 0.431900
v 5.046369 4.039417 -0.660412
v 4.360728 3.858061 0.340025
v 5.473797 7.298955 0.126521
v 4.883390 7.150807 1.192556
v 6.163610 8.840572 0.624678
v 5.611885 8.792455 1.723652
v 4.393000 5.529571 0.558287
v 5.116954 5.667489 -0.419137
v 1.769424 2.141243 0.863195
v 2.189465 3.115709 -0.367143
v 2.343558 3.241962 0.695856
v 2.940240 3.014757 1.574644
v 3.367112 4.105928 -0.911033
v 3.618304 4.320105 0.261576
v 4.198947 4.006412 1.284903
v 4.363072 4.496937 -0.793835
v 4.866261 4.588652 -0.199724
v 4.880219 4.434347 0.568765
v 3.550518 3.628465 1.446706
v 2.942950 3.923085 0.499656
v 2.754319 3.731039 -0.628747
v 7.721164 1.397942 1.635168
v 6.437695 1.659467 1.923350
v 6.969812 2.029215 1.309230
v 7.335442 1.983427 0.491781
v 5.245513 1.961155 1.373431
v 5.770546 2.405715 0.640015
v 6.262560 2.342237 -0.234195
v 4.752526 2.056548 0.640416
v 4.866688 2.183650 0.016245
v 5.383512 2.292171 -0.357780
v 6.773523 2.259040 0.131418
v 6.346106 2.336977 0.987616
v 5.813323 1.907427 1.657417
v 7.632200 8.603346 0.821850
v 7.318848 8.584117 2.328327
v 6.897758 9.933273 0.686059
v 6.584406 9.914044 2.192536
v 6.037926 8.625013 0.555418
v 7.466107 9.364703 0.732797
v 5.886635 8.620656 1.828539
v 7.278132 9.359585 2.311200
v 6.212506 8.135181 1.217674
v 7.860920 8.415806 1.549083
v 5.713954 9.105159 1.173490
v 6.886714 10.311209 1.462745
v 6.310962 8.860567 1.240386
v 6.072915 7.961411 1.637560
v 6.169865 7.972097 0.778211
v 5.928142 8.667511 0.324378
v 5.589471 9.352238 0.729894
v 5.492522 9.341552 1.589243
v 5.734244 8.646140 2.043075
vt 0.540089 0.391119
vt 0.540089 0.554426
vt 0.370534 0.568027
vt 0.709643 0.568027
vt 0.540089 0.686633
vt 0.359062 0.692845
vt 0.721116 0.692845
vt 0.348890 0.803516
vt 0.540089 0.803855
vt 0.540089 0.975584
vt 0.421416 0.938751
vt 0.731288 0.803516
vt 0.658761 0.938751
vt 0.540089 0.391119
vt 0.540089 0.554426
vt 0.370534 0.568027
vt 0.709643 0.568027
vt 0.540089 0.686633
vt 0.359062 0.692845
vt 0.721116 0.692845
vt 0.348890 0.803516
vt 0.540089 0.803855
vt 0.540089 0.975584
vt 0.421416 0.938751
vt 0.731288 0.803516
vt 0.658761 0.938751
vt 0.201044 0.070520
vt 0.201044 0.231206
vt 0.034210 0.244589
vt 0.367878 0.244589
vt 0.201044 0.361293
vt 0.022922 0.367405
vt 0.379167 0.367405
vt 0.012913 0.476299
vt 0.201044 0.476634
vt 0.201044 0.645607
vt 0.084276 0.609364
vt 0.389176 0.476299
vt 0.317813 0.609364
vt 0.200768 0.070520
vt 0.200768 0.231206
vt 0.033934 0.244589
vt 0.367602 0.244589
vt 0.200768 0.361293
vt 0.022646 0.367405
vt 0.378890 0.367405
vt 0.012637 0.476299
vt 0.200768 0.476634
vt 0.200768 0.645607
vt 0.084000 0.609364
vt 0.388899 0.476299
vt 0.317536 0.609364
vt 0.756857 0.013013
vt 0.949195 0.020526
vt 0.949195 0.392312
vt 0.756857 0.411506
vt 0.756857 0.590201
vt 0.949195 0.575044
vt 0.949195 0.776725
vt 0.756857 0.787427
vt 0.949195 0.986987
vt 0.756857 0.985376
vt 0.540089 0.391119
vt 0.540089 0.554426
vt 0.370534 0.568027
vt 0.709643 0.568027
vt 0.540089 0.686633
vt 0.359062 0.692845
vt 0.721116 0.692845
vt 0.348890 0.803516
vt 0.540089 0.803855
vt 0.540089 0.975584
vt 0.421416 0.938751
vt 0.731288 0.803516
vt 0.658761 0.938751
vt 0.540089 0.391119
vt 0.540089 0.554426
vt 0.370534 0.568027
vt 0.709643 0.568027
vt 0.540089 0.686633
vt 0.359062 0.692845
vt 0.721116 0.692845
vt 0.348890 0.803516
vt 0.540089 0.803855
vt 0.540089 0.975584
vt 0.421416 0.938751
vt 0.731288 0.803516
vt 0.658761 0.938751
vt 0.540089 0.391119
vt 0.540089 0.554426
vt 0.370534 0.568027
vt 0.709643 0.568027
vt 0.540089 0.686633
vt 0.359062 0.692845
vt 0.721116 0.692845
vt 0.348890 0.803516
vt 0.540089 0.803855
vt 0.540089 0.975584
vt 0.421416 0.938751
vt 0.731288 0.803516
vt 0.658761 0.938751
vt 0.456334 0.187709
vt 0.355056 0.189010
vt 0.404569 0.100650
vt 0.303291 0.101951
vt 0.352803 0.013591
vt 0.454081 0.012290
vt 0.505847 0.099349
vt 0.511658 0.134062
vt 0.722730 0.106383
vt 0.722730 0.372633
vt 0.511658 0.344953
vt 0.042568 0.681908
vt 0.300781 0.681908
vt 0.300781 0.907289
vt 0.042568 0.907289
vt 0.511658 0.134062
vt 0.722730 0.054230
vt 0.722730 0.424786
vt 0.511658 0.344953
vt 0.756857 0.013013
vt 0.949195 0.020526
vt 0.949195 0.392312
vt 0.756857 0.411506
vt 0.756857 0.590201
vt 0.949195 0.575044
vt 0.949195 0.776725
vt 0.756857 0.787427
vt 0.949195 0.986987
vt 0.756857 0.985376
vt 0.201044 0.070520
vt 0.201044 0.231206
vt 0.034210 0.244589
vt 0.367878 0.244589
vt 0.201044 0.361293
vt 0.022922 0.367405
vt 0.379167 0.367405
vt 0.012913 0.476299
vt 0.201044 0.476634
vt 0.201044 0.645607
vt 0.084276 0.609364
vt 0.389176 0.476299
vt 0.317813 0.609364
vt 0.540089 0.391119
vt 0.540089 0.554426
vt 0.370534 0.568027
vt 0.709643 0.568027
vt 0.540089 0.686633
vt 0.359062 0.692845
vt 0.721116 0.692845
vt 0.348890 0.803516
vt 0.540089 0.803855
vt 0.540089 0.975584
vt 0.421416 0.938751
vt 0.731288 0.803516
vt 0.658761 0.938751
vt 0.540089 0.391119
vt 0.540089 0.554426
vt 0.370534 0.568027
vt 0.709643 0.568027
vt 0.540089 0.686633
vt 0.359062 0.692845
vt 0.721116 0.692845
vt 0.348890 0.803516
vt 0.540089 0.803855
vt 0.540089 0.975584
vt 0.421416 0.938751
vt 0.731288 0.803516
vt 0.658761 0.938751
vt 0.200768 0.070520
vt 0.200768 0.231206
vt 0.033934 0.244589
vt 0.367602 0.244589
vt 0.200768 0.361293
vt 0.022646 0.367405
vt 0.378890 0.367405
vt 0.012637 0.476299
vt 0.200768 0.476634
vt 0.200768 0.645607
vt 0.084000 0.609364
vt 0.388899 0.476299
vt 0.317536 0.609364
vt 0.540089 0.391119
vt 0.540089 0.554426
vt 0.370534 0.568027
vt 0.709643 0.568027
vt 0.540089 0.686633
vt 0.359062 0.692845
vt 0.721116 0.692845
vt 0.348890 0.803516
vt 0.540089 0.803855
vt 0.540089 0.975584
vt 0.421416 0.938751
vt 0.731288 0.803516
vt 0.658761 0.938751
vt 0.540089 0.391119
vt 0.540089 0.554426
vt 0.370534 0.568027
vt 0.709643 0.568027
vt 0.540089 0.686633
vt 0.359062 0.692845
vt 0.721116 0.692845
vt 0.348890 0.803516
vt 0.540089 0.803855
vt 0.540089 0.975584
vt 0.421416 0.938751
vt 0.731288 0.803516
vt 0.658761 0.938751
vt 0.540089 0.391119
vt 0.540089 0.554426
vt 0.370534 0.568027
vt 0.709643 0.568027
vt 0.540089 0.686633
vt 0.359062 0.692845
vt 0.721116 0.692845
vt 0.348890 0.803516
vt 0.540089 0.803855
vt 0.540089 0.975584
vt 0.421416 0.938751
vt 0.731288 0.803516
vt 0.658761 0.938751
vt 0.456334 0.187709
vt 0.355056 0.189010
vt 0.404569 0.100650
vt 0.303291 0.101951
vt 0.352803 0.013591
vt 0.454081 0.012290
vt 0.505847 0.099349
vt 0.511658 0.134062
vt 0.722730 0.054230
vt 0.722730 0.424786
vt 0.511658 0.344953
vt 0.511658 0.134062
vt 0.722730 0.106383
vt 0.722730 0.372633
vt 0.511658 0.344953
vt 0.042568 0.681908
vt 0.300781 0.681908
vt 0.300781 0.907289
vt 0.042568 0.907289
vt 0.756857 0.013013
vt 0.949195 0.020526
vt 0.949195 0.392312
vt 0.756857 0.411506
vt 0.756857 0.590201
vt 0.949195 0.575044
vt 0.949195 0.776725
vt 0.756857 0.787427
vt 0.949195 0.986987
vt 0.756857 0.985376
vt 0.540089 0.391119
vt 0.540089 0.554426
vt 0.370534 0.568027
vt 0.709643 0.568027
vt 0.540089 0.686633
vt 0.359062 0.692845
vt 0.721116 0.692845
vt 0.348890 0.803516
vt 0.540089 0.803855
vt 0.540089 0.975584
vt 0.421416 0.938751
vt 0.731288 0.803516
vt 0.658761 0.938751
vt 0.540089 0.391119
vt 0.540089 0.554426
vt 0.370534 0.568027
vt 0.709643 0.568027
vt 0.540089 0.686633
vt 0.359062 0.692845
vt 0.721116 0.692845
vt 0.348890 0.803516
vt 0.540089 0.803855
vt 0.540089 0.975584
vt 0.421416 0.938751
vt 0.731288 0.803516
vt 0.658761 0.938751
vt 0.200768 0.070520
vt 0.200768 0.231206
vt 0.033934 0.244589
vt 0.367602 0.244589
vt 0.200768 0.361293
vt 0.022646 0.367405
vt 0.378890 0.367405
vt 0.012637 0.476299
vt 0.200768 0.476634
vt 0.200768 0.645607
vt 0.084000 0.609364
vt 0.388899 0.476299
vt 0.317536 0.609364
vt 0.756857 0.013013
vt 0.949195 0.020526
vt 0.949195 0.392312
vt 0.756857 0.411506
vt 0.756857 0.590201
vt 0.949195 0.575044
vt 0.949195 0.776725
vt 0.756857 0.787427
vt 0.949195 0.986987
vt 0.756857 0.985376
vt 0.201044 0.070520
vt 0.201044 0.231206
vt 0.034210 0.244589
vt 0.367878 0.244589
vt 0.201044 0.361293
vt 0.022922 0.367405
vt 0.379167 0.367405
vt 0.012913 0.476299
vt 0.201044 0.476634
vt 0.201044 0.645607
vt 0.084276 0.609364
vt 0.389176 0.476299
vt 0.317813 0.609364
vt 0.540089 0.391119
vt 0.540089 0.554426
vt 0.370534 0.568027
vt 0.709643 0.568027
vt 0.540089 0.686633
vt 0.359062 0.692845
vt 0.721116 0.692845
vt 0.348890 0.803516
vt 0.540089 0.803855
vt 0.540089 0.975584
vt 0.421416 0.938751
vt 0.731288 0.803516
vt 0.658761 0.938751
vt 0.540089 0.391119
vt 0.540089 0.554426
vt 0.370534 0.568027
vt 0.709643 0.568027
vt 0.540089 0.686633
vt 0.359062 0.692845
vt 0.721116 0.692845
vt 0.348890 0.803516
vt 0.540089 0.803855
vt 0.540089 0.975584
vt 0.421416 0.938751
vt 0.731288 0.803516
vt 0.658761 0.938751
vt 0.540089 0.391119
vt 0.540089 0.554426
vt 0.370534 0.568027
vt 0.709643 0.568027
vt 0.540089 0.686633
vt 0.359062 0.692845
vt 0.721116 0.692845
vt 0.348890 0.803516
vt 0.540089 0.803855
vt 0.540089 0.975584
vt 0.421416 0.938751
vt 0.731288 0.803516
vt 0.658761 0.938751
vt 0.456334 0.187709
vt 0.355056 0.189010
vt 0.404569 0.100650
vt 0.303291 0.101951
vt 0.352803 0.013591
vt 0.454081 0.012290
vt 0.505847 0.099349
vt 0.511658 0.134062
vt 0.722730 0.054230
vt 0.722730 0.424786
vt 0.511658 0.344953
vt 0.511658 0.134062
vt 0.722730 0.106383
vt 0.722730 0.372633
vt 0.511658 0.344953
vt 0.042568 0.681908
vt 0.300781 0.681908
vt 0.300781 0.907289
vt 0.042568 0.907289
vt 0.756857 0.013013
vt 0.949195 0.020526
vt 0.949195 0.392312
vt 0.756857 0.411506
vt 0.756857 0.590201
vt 0.949195 0.575044
vt 0.949195 0.776725
vt 0.756857 0.787427
vt 0.949195 0.986987
vt 0.756857 0.985376
vt 0.201044 0.070520
vt 0.201044 0.231206
vt 0.034210 0.244589
vt 0.367878 0.244589
vt 0.201044 0.361293
vt 0.022922 0.367405
vt 0.379167 0.367405
vt 0.012913 0.476299
vt 0.201044 0.476634
vt 0.201044 0.645607
vt 0.084276 0.609364
vt 0.389176 0.476299
vt 0.317813 0.609364
vt 0.540089 0.391119
vt 0.540089 0.554426
vt 0.370534 0.568027
vt 0.709643 0.568027
vt 0.540089 0.686633
vt 0.359062 0.692845
vt 0.721116 0.692845
vt 0.348890 0.803516
vt 0.540089 0.803855
vt 0.540089 0.975584
vt 0.421416 0.938751
vt 0.731288 0.803516
vt 0.658761 0.938751
vt 0.540089 0.391119
vt 0.540089 0.554426
vt 0.370534 0.568027
vt 0.709643 0.568027
vt 0.540089 0.686633
vt 0.359062 0.692845
vt 0.721116 0.692845
vt 0.348890 0.803516
vt 0.540089 0.803855
vt 0.540089 0.975584
vt 0.421416 0.938751
vt 0.731288 0.803516
vt 0.658761 0.938751
vt 0.540089 0.391119
vt 0.540089 0.554426
vt 0.370534 0.568027
vt 0.709643 0.568027
vt 0.540089 0.686633
vt 0.359062 0.692845
vt 0.721116 0.692845
vt 0.348890 0.803516
vt 0.540089 0.803855
vt 0.540089 0.975584
vt 0.421416 0.938751
vt 0.731288 0.803516
vt 0.658761 0.938751
vt 0.540089 0.391119
vt 0.540089 0.554426
vt 0.370534 0.568027
vt 0.709643 0.568027
vt 0.540089 0.686633
vt 0.359062 0.692845
vt 0.721116 0.692845
vt 0.348890 0.803516
vt 0.540089 0.803855
vt 0.540089 0.975584
vt 0.421416 0.938751
vt 0.731288 0.803516
vt 0.658761 0.938751
vt 0.756857 0.013013
vt 0.949195 0.020526
vt 0.949195 0.392312
vt 0.756857 0.411506
vt 0.756857 0.590201
vt 0.949195 0.575044
vt 0.949195 0.776725
vt 0.756857 0.787427
vt 0.949195 0.986987
vt 0.756857 0.985376
vt 0.200768 0.070520
vt 0.200768 0.231206
vt 0.033934 0.244589
vt 0.367602 0.244589
vt 0.200768 0.361293
vt 0.022646 0.367405
vt 0.378890 0.367405
vt 0.012637 0.476299
vt 0.200768 0.476634
vt 0.200768 0.645607
vt 0.084000 0.609364
vt 0.388899 0.476299
vt 0.317536 0.609364
vt 0.540089 0.391119
vt 0.540089 0.554426
vt 0.370534 0.568027
vt 0.709643 0.568027
vt 0.540089 0.686633
vt 0.359062 0.692845
vt 0.721116 0.692845
vt 0.348890 0.803516
vt 0.540089 0.803855
vt 0.540089 0.975584
vt 0.421416 0.938751
vt 0.731288 0.803516
vt 0.658761 0.938751
vt 0.042568 0.681908
vt 0.300781 0.681908
vt 0.300781 0.907289
vt 0.042568 0.907289
vt 0.511658 0.134062
vt 0.722730 0.106383
vt 0.722730 0.372633
vt 0.511658 0.344953
vt 0.511658 0.134062
vt 0.722730 0.054230
vt 0.722730 0.424786
vt 0.511658 0.344953
vt 0.456334 0.187709
vt 0.355056 0.189010
vt 0.404569 0.100650
vt 0.303291 0.101951
vt 0.352803 0.013591
vt 0.454081 0.012290
vt 0.505847 0.099349
vn -0.756100 0.605008 -0.249556
vn -0.654770 0.720493 -0.228399
vn -0.524276 0.702091 -0.481873
vn -0.682113 0.729240 0.054134
vn -0.465029 0.865920 -0.184204
vn -0.356086 0.824151 -0.440429
vn -0.517236 0.850961 0.091280
vn -0.138489 0.931911 -0.335205
vn -0.203294 0.972095 -0.117059
vn -0.085857 0.992702 -0.084678
vn -0.033125 0.965513 -0.258241
vn -0.271350 0.956860 0.103865
vn -0.135691 0.986499 0.091694
vn -0.602218 0.769173 -0.213792
vn -0.472450 0.853997 -0.217901
vn -0.390792 0.783865 -0.482532
vn -0.453823 0.888839 0.063324
vn -0.247109 0.945142 -0.213643
vn -0.192479 0.858234 -0.475800
vn -0.259405 0.963492 0.066273
vn 0.058855 0.909768 -0.410924
vn 0.040205 0.980619 -0.191755
vn 0.162457 0.970734 -0.176874
vn 0.179651 0.918636 -0.351900
vn 0.004519 0.999328 0.036385
vn 0.139803 0.990171 0.004063
vn -0.335108 0.870896 0.359503
vn -0.276189 0.933118 0.230240
vn -0.492968 0.868254 0.055840
vn -0.008914 0.945529 0.325416
vn -0.170764 0.985158 0.017445
vn -0.398230 0.908102 -0.129474
vn 0.080873 0.986555 0.142016
vn -0.232502 0.912810 -0.335739
vn -0.031798 0.970974 -0.237063
vn 0.029171 0.939989 -0.339957
vn -0.129616 0.897569 -0.421389
vn 0.163547 0.980060 -0.112848
vn 0.186943 0.950784 -0.247108
vn 0.582998 0.475066 -0.659110
vn 0.522408 0.605284 -0.600601
vn 0.689346 0.623143 -0.369453
vn 0.282824 0.594528 -0.752693
vn 0.402496 0.779262 -0.480363
vn 0.580799 0.770509 -0.262658
vn 0.179592 0.741202 -0.646813
vn 0.392629 0.909194 -0.138595
vn 0.228410 0.926093 -0.300302
vn 0.147385 0.965281 -0.215663
vn 0.277674 0.956742 -0.086839
vn 0.061321 0.887793 -0.456140
vn 0.012167 0.941352 -0.337205
vn 0.257707 -0.062846 -0.964177
vn 0.257707 -0.062846 -0.964177
vn 0.256875 -0.077310 -0.963347
vn 0.256416 -0.084914 -0.962830
vn 0.255507 -0.099262 -0.961698
vn 0.255507 -0.099262 -0.961698
vn 0.211041 -0.078061 -0.974355
vn 0.205767 -0.075550 -0.975680
vn 0.117394 -0.033597 -0.992517
vn 0.117394 -0.033597 -0.992517
vn 0.135926 0.722241 -0.678154
vn 0.037799 0.805407 -0.591516
vn 0.225934 0.890812 -0.394217
vn -0.198146 0.688391 -0.697751
vn -0.117286 0.896233 -0.427797
vn 0.089690 0.964222 -0.249464
vn -0.329708 0.763757 -0.554949
vn -0.107230 0.991418 -0.074776
vn -0.293059 0.934942 -0.199998
vn -0.361414 0.927308 -0.097364
vn -0.216075 0.976372 0.003200
vn -0.454906 0.828352 -0.326945
vn -0.494566 0.847067 -0.194632
vn 0.518345 0.796280 0.311861
vn 0.402570 0.880108 0.251689
vn 0.220682 0.854369 0.470483
vn 0.496465 0.867908 -0.016049
vn 0.202500 0.968414 0.145490
vn 0.045406 0.925827 0.375211
vn 0.323325 0.940287 -0.106405
vn -0.157529 0.964944 0.209922
vn -0.051166 0.998662 0.007556
vn -0.158474 0.985974 -0.052348
vn -0.245257 0.963461 0.107669
vn 0.071150 0.979539 -0.188260
vn -0.066380 0.975322 -0.210570
vn 0.469272 0.761565 0.446992
vn 0.410647 0.848822 0.332972
vn 0.149558 0.883666 0.443583
vn 0.609026 0.780403 0.141627
vn 0.299426 0.943962 0.138853
vn 0.051972 0.960876 0.272061
vn 0.511312 0.859041 -0.024651
vn -0.045079 0.998569 0.028763
vn 0.144131 0.984170 -0.103127
vn 0.074218 0.976014 -0.204667
vn -0.076944 0.991807 -0.101977
vn 0.334239 0.917100 -0.217284
vn 0.222850 0.927398 -0.300450
vn -0.921416 -0.210010 0.326938
vn -0.921416 -0.210010 0.326938
vn -0.921416 -0.210010 0.326938
vn -0.652565 0.060304 0.755329
vn -0.652565 0.060304 0.755329
vn -0.652565 0.060304 0.755329
vn -0.444502 0.588657 0.675204
vn -0.444502 0.588657 0.675204
vn -0.444502 0.588657 0.675204
vn -0.505289 0.846699 0.166686
vn -0.505289 0.846699 0.166686
vn -0.505288 0.846699 0.166686
vn -0.774139 0.576386 -0.261703
vn -0.774139 0.576386 -0.261703
vn -0.774139 0.576386 -0.261703
vn -0.982203 0.048032 -0.181578
vn -0.982203 0.048032 -0.181578
vn -0.982203 0.048032 -0.181578
vn -0.431290 -0.889333 0.151908
vn -0.431291 -0.889333 0.151908
vn -0.431291 -0.889333 0.151908
vn -0.431291 -0.889333 0.151908
vn 0.847304 -0.489507 -0.206054
vn 0.847304 -0.489507 -0.206054
vn 0.847304 -0.489507 -0.206054
vn 0.847304 -0.489507 -0.206054
vn -0.257656 -0.052110 -0.964831
vn -0.257656 -0.052110 -0.964831
vn -0.257656 -0.052110 -0.964831
vn -0.257656 -0.052110 -0.964831
vn -0.794325 -0.062846 -0.604233
vn -0.794325 -0.062846 -0.604233
vn -0.793873 -0.077310 -0.603149
vn -0.793568 -0.084914 -0.602528
vn -0.792865 -0.099262 -0.601258
vn -0.792865 -0.099262 -0.601258
vn -0.821446 -0.078061 -0.564918
vn -0.824673 -0.075550 -0.560541
vn -0.873779 -0.033597 -0.485162
vn -0.873779 -0.033597 -0.485162
vn 0.205492 0.870896 0.446445
vn 0.108246 0.933118 0.342891
vn -0.135359 0.868253 0.477299
vn 0.297706 0.945529 0.131705
vn -0.048644 0.985158 0.164616
vn -0.270877 0.908102 0.319337
vn 0.162080 0.986555 -0.020948
vn -0.398847 0.912810 0.087746
vn -0.231403 0.970974 -0.060517
vn -0.303475 0.939988 -0.155965
vn -0.439061 0.897569 -0.039943
vn -0.042364 0.980060 -0.194133
vn -0.157711 0.950784 -0.266716
vn -0.575886 0.722241 -0.383044
vn -0.532954 0.805407 -0.259384
vn -0.279029 0.890813 -0.358603
vn -0.720760 0.688391 -0.081383
vn -0.440311 0.896233 -0.053782
vn -0.196787 0.964222 -0.177627
vn -0.638546 0.763757 0.094520
vn -0.109868 0.991418 0.070845
vn -0.296228 0.934942 0.195274
vn -0.227200 0.927308 0.297456
vn -0.079013 0.976372 0.201135
vn -0.475086 0.828353 0.296859
vn -0.367711 0.847067 0.383752
vn 0.485197 0.796280 -0.361277
vn 0.385601 0.880108 -0.276987
vn 0.519032 0.854369 -0.025690
vn 0.173502 0.867908 -0.465439
vn 0.211438 0.968414 -0.132165
vn 0.364386 0.925827 0.100338
vn 0.024214 0.940287 -0.339521
vn 0.134464 0.964944 0.225394
vn -0.012420 0.998662 0.050208
vn -0.108557 0.985974 0.126766
vn 0.006573 0.963461 0.267769
vn -0.147193 0.979539 -0.137254
vn -0.220011 0.975323 -0.018469
vn -0.388654 0.475066 -0.789468
vn -0.357506 0.605284 -0.711211
vn -0.080306 0.623143 -0.777974
vn -0.589123 0.594528 -0.547239
vn -0.291750 0.779261 -0.554647
vn -0.022676 0.770509 -0.637026
vn -0.530323 0.741202 -0.411556
vn 0.020723 0.909194 -0.415856
vn -0.191196 0.926093 -0.325264
vn -0.143624 0.965281 -0.218185
vn 0.024999 0.956743 -0.289860
vn -0.398775 0.887793 -0.229789
vn -0.307380 0.941352 -0.139187
vn 0.591609 0.761565 -0.264607
vn 0.463872 0.848822 -0.253622
vn 0.467160 0.883667 0.029912
vn 0.362094 0.780403 -0.509764
vn 0.242069 0.943962 -0.224363
vn 0.271438 0.960876 0.055129
vn 0.171175 0.859041 -0.482439
vn 0.009510 0.998569 0.052621
vn -0.040736 0.984170 -0.172480
vn -0.161208 0.976014 -0.146316
vn -0.123545 0.991807 0.032503
vn -0.074234 0.917100 -0.391685
vn -0.193442 0.927399 -0.320175
vn -0.517750 0.605009 0.604896
vn -0.459733 0.720493 0.519168
vn -0.644750 0.702092 0.302266
vn -0.208696 0.729240 0.651655
vn -0.346858 0.865919 0.360379
vn -0.542595 0.824151 0.162374
vn -0.111776 0.850961 0.513197
vn -0.362685 0.931911 0.000964
vn -0.185434 0.972095 0.143686
vn -0.110920 0.992703 0.047313
vn -0.251501 0.965513 -0.067324
vn -0.006846 0.956860 0.290469
vn 0.033360 0.986499 0.160333
vn -0.426281 0.769173 0.476086
vn -0.380850 0.853997 0.354461
vn -0.594718 0.783865 0.178511
vn -0.113583 0.888839 0.443919
vn -0.291420 0.945142 0.147583
vn -0.513253 0.858234 -0.002422
vn -0.037096 0.963492 0.265154
vn -0.357874 0.909768 -0.210352
vn -0.162166 0.980619 -0.109948
vn -0.102017 0.970734 -0.217414
vn -0.257435 0.918636 -0.299725
vn 0.035379 0.999328 0.009623
vn 0.056799 0.990171 -0.127809
vn -0.047075 -0.210010 0.976565
vn -0.047075 -0.210010 0.976565
vn -0.047075 -0.210010 0.976565
vn 0.451286 0.060304 0.890339
vn 0.451286 0.060304 0.890339
vn 0.451286 0.060304 0.890339
vn 0.456089 0.588658 0.667432
vn 0.456089 0.588657 0.667432
vn 0.456089 0.588657 0.667432
vn -0.037472 0.846699 0.530751
vn -0.037472 0.846699 0.530751
vn -0.037472 0.846699 0.530751
vn -0.535834 0.576386 0.616978
vn -0.535834 0.576386 0.616978
vn -0.535834 0.576386 0.616978
vn -0.540634 0.048031 0.839886
vn -0.540634 0.048031 0.839886
vn -0.540634 0.048031 0.839886
vn -0.990450 -0.052110 -0.127648
vn -0.990450 -0.052110 -0.127648
vn -0.990450 -0.052110 -0.127648
vn -0.990450 -0.052110 -0.127648
vn -0.023074 -0.889333 0.456678
vn -0.023074 -0.889333 0.456678
vn -0.023074 -0.889333 0.456678
vn -0.023074 -0.889333 0.456678
vn 0.130805 -0.489506 -0.862133
vn 0.130805 -0.489506 -0.862133
vn 0.130805 -0.489506 -0.862133
vn 0.130805 -0.489506 -0.862133
vn 0.056423 -0.118418 0.991360
vn 0.056423 -0.118418 0.991359
vn 0.077757 0.055473 0.995428
vn 0.079782 0.072969 0.994138
vn 0.098762 0.247704 0.963789
vn 0.098762 0.247704 0.963789
vn 0.134040 0.330619 0.934197
vn 0.133589 0.329561 0.934636
vn 0.195992 0.475858 0.857407
vn 0.195992 0.475858 0.857407
vn 0.691525 0.722241 -0.012658
vn 0.585861 0.805407 -0.089924
vn 0.433495 0.890813 0.136143
vn 0.639029 0.688391 -0.343161
vn 0.392695 0.896233 -0.206294
vn 0.262894 0.964222 0.034109
vn 0.471338 0.763757 -0.441040
vn 0.050043 0.991418 -0.120771
vn 0.132502 0.934942 -0.329129
vn 0.017598 0.927308 -0.373885
vn -0.049461 0.976372 -0.210362
vn 0.221790 0.828353 -0.514433
vn 0.084050 0.847068 -0.524797
vn -0.335964 0.761565 0.554208
vn -0.237168 0.848822 0.472496
vn -0.401193 0.883667 0.241200
vn -0.007734 0.780403 0.625229
vn -0.071414 0.943962 0.322236
vn -0.254587 0.960876 0.109103
vn 0.133723 0.859041 0.494132
vn -0.037760 0.998569 -0.037862
vn 0.131635 0.984170 0.118664
vn 0.215821 0.976014 0.028603
vn 0.083106 0.991807 -0.097021
vn 0.283903 0.917100 0.279870
vn 0.341248 0.927399 0.153238
vn 0.768795 0.475065 0.428098
vn 0.698653 0.605284 0.381464
vn 0.508681 0.623143 0.594085
vn 0.795832 0.594528 0.114838
vn 0.555499 0.779262 0.290124
vn 0.381093 0.770509 0.510964
vn 0.670278 0.741202 0.036712
vn 0.219566 0.909194 0.353775
vn 0.342296 0.926093 0.158700
vn 0.242251 0.965281 0.097710
vn 0.144362 0.956743 0.252593
vn 0.458679 0.887793 -0.037920
vn 0.331970 0.941353 -0.060426
vn 0.997010 -0.062846 0.044955
vn 0.997010 -0.062846 0.044955
vn 0.996022 -0.077310 0.044321
vn 0.995417 -0.084914 0.043983
vn 0.994117 -0.099262 0.043339
vn 0.994117 -0.099262 0.043339
vn 0.996945 -0.078061 -0.002807
vn 0.997108 -0.075550 -0.008243
vn 0.994602 -0.033597 -0.098171
vn 0.994602 -0.033597 -0.098171
vn -0.423000 0.870896 -0.250221
vn -0.284110 0.933118 -0.220392
vn -0.160252 0.868254 -0.469527
vn -0.319758 0.945529 0.061075
vn -0.053658 0.985158 -0.163050
vn 0.041067 0.908102 -0.416730
vn -0.121370 0.986555 0.109445
vn 0.278071 0.912810 -0.299089
vn 0.224729 0.970974 -0.081893
vn 0.338304 0.939988 -0.044407
vn 0.383793 0.897569 -0.216963
vn 0.145294 0.980060 0.135544
vn 0.281448 0.950784 0.129605
vn -0.193453 0.796280 0.573161
vn -0.159507 0.880108 0.447177
vn -0.412215 0.854369 0.316438
vn 0.122137 0.867908 0.481475
vn -0.098682 0.968414 0.228988
vn -0.356746 0.925827 0.124810
vn 0.173263 0.940287 0.292986
vn -0.238820 0.964944 -0.108849
vn -0.018353 0.998662 -0.048356
vn 0.017147 0.985975 -0.166013
vn -0.157757 0.963461 -0.216463
vn 0.199138 0.979539 0.029124
vn 0.191437 0.975322 -0.109990
vn 0.081614 0.605009 -0.792024
vn 0.082678 0.720492 -0.688517
vn 0.358239 0.702091 -0.615413
vn -0.199145 0.729240 -0.654638
vn 0.080199 0.865919 -0.493712
vn 0.353824 0.824151 -0.442248
vn -0.200071 0.850961 -0.485630
vn 0.297710 0.931911 -0.207148
vn 0.070741 0.972095 -0.223667
vn 0.064297 0.992703 -0.102019
vn 0.245130 0.965513 -0.087731
vn -0.159637 0.956860 -0.242765
vn -0.118659 0.986499 -0.112871
vn 0.079680 0.769173 -0.634054
vn 0.111521 0.853996 -0.508186
vn 0.387507 0.783865 -0.485175
vn -0.159169 0.888839 -0.429687
vn 0.155683 0.945142 -0.287174
vn 0.423457 0.858234 -0.290031
vn -0.120357 0.963492 -0.239159
vn 0.413985 0.909768 -0.030632
vn 0.195916 0.980619 -0.001850
vn 0.207596 0.970734 0.120749
vn 0.382238 0.918636 0.100011
vn -0.034569 0.999328 0.012216
vn 0.026010 0.990171 0.137422
vn -0.516920 -0.210009 -0.829874
vn -0.516920 -0.210009 -0.829874
vn -0.516920 -0.210009 -0.829873
vn -0.877693 0.060304 -0.475414
vn -0.877693 0.060304 -0.475414
vn -0.877693 0.060304 -0.475414
vn -0.754815 0.588658 -0.289371
vn -0.754815 0.588658 -0.289371
vn -0.754815 0.588658 -0.289371
vn -0.271163 0.846698 -0.457792
vn -0.271163 0.846698 -0.457792
vn -0.271163 0.846698 -0.457792
vn 0.089609 0.576385 -0.812250
vn 0.089609 0.576385 -0.812250
vn 0.089609 0.576385 -0.812250
vn -0.033269 0.048032 -0.998292
vn -0.033269 0.048032 -0.998292
vn -0.033269 0.048032 -0.998292
vn 0.887135 -0.052110 -0.458559
vn 0.887135 -0.052110 -0.458559
vn 0.887135 -0.052110 -0.458559
vn 0.887135 -0.052110 -0.458559
vn -0.240860 -0.889332 -0.388683
vn -0.240860 -0.889332 -0.388683
vn -0.240860 -0.889332 -0.388683
vn -0.240860 -0.889332 -0.388683
vn 0.382956 -0.489507 0.783408
vn 0.382956 -0.489507 0.783408
vn 0.382956 -0.489507 0.783408
vn 0.382956 -0.489507 0.783408
vn -0.651927 -0.062846 0.755673
vn -0.651927 -0.062846 0.755673
vn -0.650817 -0.077310 0.755288
vn -0.650178 -0.084914 0.755022
vn -0.648868 -0.099262 0.754399
vn -0.648868 -0.099262 0.754399
vn -0.614354 -0.078061 0.785160
vn -0.610183 -0.075550 0.788650
vn -0.537966 -0.033597 0.842297
vn -0.537966 -0.033597 0.842297
vn 0.458234 0.870896 -0.177655
vn 0.348897 0.933118 -0.086959
vn 0.468073 0.868254 0.164449
vn 0.149759 0.945529 -0.289046
vn 0.161313 0.985158 0.058673
vn 0.302079 0.908102 0.289998
vn -0.010943 0.986555 -0.163062
vn 0.063058 0.912810 0.403487
vn -0.074630 0.970974 0.227245
vn -0.174328 0.939988 0.293312
vn -0.066862 0.897569 0.435774
vn -0.196370 0.980060 0.030349
vn -0.275908 0.950784 0.141015
vn 0.571919 0.605009 0.553961
vn 0.489921 0.720492 0.490784
vn 0.262054 0.702091 0.662115
vn 0.637591 0.729240 0.248368
vn 0.338372 0.865919 0.368358
vn 0.128707 0.824151 0.551552
vn 0.505354 0.850961 0.143117
vn -0.021337 0.931911 0.362058
vn 0.132013 0.972095 0.193917
vn 0.040404 0.992703 0.113619
vn -0.082659 0.965513 0.246886
vn 0.289499 0.956860 0.024691
vn 0.162081 0.986499 -0.023440
vn -0.330763 0.796280 -0.506492
vn -0.252755 0.880108 -0.401901
vn 0.006270 0.854369 -0.519630
vn -0.453890 0.867908 -0.201790
vn -0.118915 0.968414 -0.219164
vn 0.122551 0.925827 -0.357528
vn -0.337390 0.940287 -0.045042
vn 0.233235 0.964944 -0.120352
vn 0.049349 0.998662 0.015484
vn 0.119852 0.985975 0.116145
vn 0.267667 0.963461 0.009902
vn -0.146044 0.979539 0.138476
vn -0.031961 0.975323 0.218459
vn -0.227733 0.761565 -0.606758
vn -0.224622 0.848822 -0.478587
vn 0.058577 0.883667 -0.464437
vn -0.486537 0.780403 -0.392750
vn -0.209055 0.943962 -0.255405
vn 0.071713 0.960876 -0.267535
vn -0.471002 0.859042 -0.200513
vn 0.053106 0.998569 -0.006257
vn -0.174659 0.984170 0.030055
vn -0.155951 0.976014 0.151907
vn 0.024845 0.991807 0.125309
vn -0.395508 0.917100 0.050012
vn -0.331463 0.927399 0.173391
vn -0.417726 0.722241 0.551246
vn -0.291661 0.805407 0.515998
vn -0.375079 0.890813 0.256453
vn -0.125543 0.688391 0.714393
vn -0.080752 0.896233 0.436172
vn -0.189390 0.964222 0.185494
vn 0.055081 0.763757 0.643150
vn 0.063956 0.991418 0.114016
vn 0.176692 0.934942 0.307673
vn 0.282925 0.927308 0.245058
vn 0.195896 0.976372 0.091231
vn 0.267088 0.828352 0.492439
vn 0.360418 0.847067 0.390609
vn -0.813929 -0.118418 -0.568768
vn -0.813929 -0.118418 -0.568768
vn -0.830320 0.055473 -0.554519
vn -0.830559 0.072969 -0.552129
vn -0.818448 0.247704 -0.518445
vn -0.818448 0.247704 -0.518445
vn -0.817012 0.330619 -0.472422
vn -0.817078 0.329561 -0.473047
vn -0.794982 0.475858 -0.376248
vn -0.794982 0.475858 -0.376248
vn -0.811870 0.475066 0.339381
vn -0.731845 0.605284 0.313103
vn -0.781440 0.623143 0.032322
vn -0.582425 0.594528 0.554363
vn -0.571535 0.779261 0.257097
vn -0.637215 0.770509 -0.016533
vn -0.443382 0.741202 0.504016
vn -0.413795 0.909194 -0.046252
vn -0.336403 0.926093 0.170836
vn -0.226603 0.965281 0.129938
vn -0.287775 0.956742 -0.042773
vn -0.253871 0.887793 0.383892
vn -0.157823 0.941353 0.298241
vn 0.448977 0.769173 0.454745
vn 0.330375 0.853997 0.401923
vn 0.141609 0.783865 0.604569
vn 0.436096 0.888839 0.140661
vn 0.129386 0.945142 0.299942
vn -0.033974 0.858234 0.512133
vn 0.262372 0.963492 0.053328
vn -0.231958 0.909768 0.344264
vn -0.119711 0.980619 0.155100
vn -0.223275 0.970734 0.088457
vn -0.314986 0.918636 0.238520
vn 0.011780 0.999328 -0.034720
vn -0.124075 0.990171 -0.064549
vn -0.852460 -0.489507 -0.183563
vn -0.852460 -0.489507 -0.183563
vn -0.852460 -0.489507 -0.183563
vn -0.852460 -0.489507 -0.183563
vn 0.454396 -0.889333 0.051107
vn 0.454396 -0.889333 0.051107
vn 0.454396 -0.889333 0.051107
vn 0.454396 -0.889333 0.051107
vn -0.188301 -0.052110 0.980728
vn -0.188301 -0.052110 0.980728
vn -0.188301 -0.052110 0.980728
vn -0.188301 -0.052110 0.980728
vn 0.971824 -0.210009 0.107028
vn 0.971824 -0.210009 0.107028
vn 0.971824 -0.210009 0.107028
vn 0.916401 0.060305 -0.395693
vn 0.916401 0.060305 -0.395693
vn 0.916401 0.060305 -0.395693
vn 0.694210 0.588658 -0.414190
vn 0.694210 0.588658 -0.414191
vn 0.694210 0.588658 -0.414190
vn 0.527443 0.846699 0.070033
vn 0.527443 0.846699 0.070033
vn 0.527443 0.846699 0.070033
vn 0.582867 0.576386 0.572752
vn 0.582867 0.576386 0.572752
vn 0.582867 0.576386 0.572752
vn 0.805058 0.048032 0.591249
vn 0.805058 0.048032 0.591249
vn 0.805058 0.048032 0.591249
s 1
g polySurface346
usemtl HOJA_02:aiStandardSurface1SG
f 1/1/1 3/2/2 2/3/3
f 1/1/1 4/4/4 3/2/2
f 2/3/3 3/2/2 12/5/5 13/6/6
f 3/2/2 4/4/4 11/7/7 12/5/5
f 5/8/8 6/9/9 9/10/10 8/11/11
f 6/9/9 7/12/12 10/13/13 9/10/10
f 12/5/5 11/7/7 7/12/12 6/9/9
f 13/6/6 12/5/5 6/9/9 5/8/8
s 2
f 14/14/14 16/15/15 15/16/16
f 14/14/14 17/17/17 16/15/15
f 15/16/16 16/15/15 25/18/18 26/19/19
f 16/15/15 17/17/17 24/20/20 25/18/18
f 18/21/21 19/22/22 22/23/23 21/24/24
f 19/22/22 20/25/25 23/26/26 22/23/23
f 25/18/18 24/20/20 20/25/25 19/22/22
f 26/19/19 25/18/18 19/22/22 18/21/21
s 3
f 27/27/27 29/28/28 28/29/29
f 27/27/27 30/30/30 29/28/28
f 28/29/29 29/28/28 38/31/31 39/32/32
f 29/28/28 30/30/30 37/33/33 38/31/31
f 31/34/34 32/35/35 35/36/36 34/37/37
f 32/35/35 33/38/38 36/39/39 35/36/36
f 38/31/31 37/33/33 33/38/38 32/35/35
f 39/32/32 38/31/31 32/35/35 31/34/34
s 4
f 40/40/40 42/41/41 41/42/42
f 40/40/40 43/43/43 42/41/41
f 41/42/42 42/41/41 51/44/44 52/45/45
f 42/41/41 43/43/43 50/46/46 51/44/44
f 44/47/47 45/48/48 48/49/49 47/50/50
f 45/48/48 46/51/51 49/52/52 48/49/49
f 51/44/44 50/46/46 46/51/51 45/48/48
f 52/45/45 51/44/44 45/48/48 44/47/47
s 5
f 53/53/53 54/54/54 56/55/55 55/56/56
f 62/57/57 55/56/56 56/55/55 61/58/58 58/59/59 57/60/60
f 57/60/60 58/59/59 60/61/61 59/62/62
s 6
f 63/63/63 65/64/64 64/65/65
f 63/63/63 66/66/66 65/64/64
f 64/65/65 65/64/64 74/67/67 75/68/68
f 65/64/64 66/66/66 73/69/69 74/67/67
f 67/70/70 68/71/71 71/72/72 70/73/73
f 68/71/71 69/74/74 72/75/75 71/72/72
f 74/67/67 73/69/69 69/74/74 68/71/71
f 75/68/68 74/67/67 68/71/71 67/70/70
s 7
f 76/76/76 78/77/77 77/78/78
f 76/76/76 79/79/79 78/77/77
f 77/78/78 78/77/77 87/80/80 88/81/81
f 78/77/77 79/79/79 86/82/82 87/80/80
f 80/83/83 81/84/84 84/85/85 83/86/86
f 81/84/84 82/87/87 85/88/88 84/85/85
f 87/80/80 86/82/82 82/87/87 81/84/84
f 88/81/81 87/80/80 81/84/84 80/83/83
s 8
f 89/89/89 91/90/90 90/91/91
f 89/89/89 92/92/92 91/90/90
f 90/91/91 91/90/90 100/93/93 101/94/94
f 91/90/90 92/92/92 99/95/95 100/93/93
f 93/96/96 94/97/97 97/98/98 96/99/99
f 94/97/97 95/100/100 98/101/101 97/98/98
f 100/93/93 99/95/95 95/100/100 94/97/97
f 101/94/94 100/93/93 94/97/97 93/96/96
s off
f 103/102/102 104/103/103 102/104/104
f 104/103/105 105/105/106 102/104/107
f 105/105/108 106/106/109 102/104/110
f 106/106/111 107/107/112 102/104/113
f 107/107/114 108/108/115 102/104/116
f 108/108/117 103/102/118 102/104/119
f 109/109/120 110/110/121 112/111/122 111/112/123
f 113/113/124 114/114/125 116/115/126 115/116/127
f 117/117/128 118/118/129 120/119/130 119/120/131
s 9
f 121/121/132 122/122/133 124/123/134 123/124/135
f 130/125/136 123/124/135 124/123/134 129/126/137 126/127/138 125/128/139
f 125/128/139 126/127/138 128/129/140 127/130/141
s 10
f 131/131/142 133/132/143 132/133/144
f 131/131/142 134/134/145 133/132/143
f 132/133/144 133/132/143 142/135/146 143/136/147
f 133/132/143 134/134/145 141/137/148 142/135/146
f 135/138/149 136/139/150 139/140/151 138/141/152
f 136/139/150 137/142/153 140/143/154 139/140/151
f 142/135/146 141/137/148 137/142/153 136/139/150
f 143/136/147 142/135/146 136/139/150 135/138/149
s 11
f 144/144/155 146/145/156 145/146/157
f 144/144/155 147/147/158 146/145/156
f 145/146/157 146/145/156 155/148/159 156/149/160
f 146/145/156 147/147/158 154/150/161 155/148/159
f 148/151/162 149/152/163 152/153/164 151/154/165
f 149/152/163 150/155/166 153/156/167 152/153/164
f 155/148/159 154/150/161 150/155/166 149/152/163
f 156/149/160 155/148/159 149/152/163 148/151/162
s 12
f 157/157/168 159/158/169 158/159/170
f 157/157/168 160/160/171 159/158/169
f 158/159/170 159/158/169 168/161/172 169/162/173
f 159/158/169 160/160/171 167/163/174 168/161/172
f 161/164/175 162/165/176 165/166/177 164/167/178
f 162/165/176 163/168/179 166/169/180 165/166/177
f 168/161/172 167/163/174 163/168/179 162/165/176
f 169/162/173 168/161/172 162/165/176 161/164/175
s 13
f 170/170/181 172/171/182 171/172/183
f 170/170/181 173/173/184 172/171/182
f 171/172/183 172/171/182 181/174/185 182/175/186
f 172/171/182 173/173/184 180/176/187 181/174/185
f 174/177/188 175/178/189 178/179/190 177/180/191
f 175/178/189 176/181/192 179/182/193 178/179/190
f 181/174/185 180/176/187 176/181/192 175/178/189
f 182/175/186 181/174/185 175/178/189 174/177/188
s 14
f 183/183/194 185/184/195 184/185/196
f 183/183/194 186/186/197 185/184/195
f 184/185/196 185/184/195 194/187/198 195/188/199
f 185/184/195 186/186/197 193/189/200 194/187/198
f 187/190/201 188/191/202 191/192/203 190/193/204
f 188/191/202 189/194/205 192/195/206 191/192/203
f 194/187/198 193/189/200 189/194/205 188/191/202
f 195/188/199 194/187/198 188/191/202 187/190/201
s 15
f 196/196/207 198/197/208 197/198/209
f 196/196/207 199/199/210 198/197/208
f 197/198/209 198/197/208 207/200/211 208/201/212
f 198/197/208 199/199/210 206/202/213 207/200/211
f 200/203/214 201/204/215 204/205/216 203/206/217
f 201/204/215 202/207/218 205/208/219 204/205/216
f 207/200/211 206/202/213 202/207/218 201/204/215
f 208/201/212 207/200/211 201/204/215 200/203/214
s 16
f 209/209/220 211/210/221 210/211/222
f 209/209/220 212/212/223 211/210/221
f 210/211/222 211/210/221 220/213/224 221/214/225
f 211/210/221 212/212/223 219/215/226 220/213/224
f 213/216/227 214/217/228 217/218/229 216/219/230
f 214/217/228 215/220/231 218/221/232 217/218/229
f 220/213/224 219/215/226 215/220/231 214/217/228
f 221/214/225 220/213/224 214/217/228 213/216/227
s off
f 223/222/233 224/223/234 222/224/235
f 224/223/236 225/225/237 222/224/238
f 225/225/239 226/226/240 222/224/241
f 226/226/242 227/227/243 222/224/244
f 227/227/245 228/228/246 222/224/247
f 228/228/248 223/222/249 222/224/250
f 229/229/251 230/230/252 232/231/253 231/232/254
f 233/233/255 234/234/256 236/235/257 235/236/258
f 237/237/259 238/238/260 240/239/261 239/240/262
s 17
f 241/241/263 242/242/264 244/243/265 243/244/266
f 250/245/267 243/244/266 244/243/265 249/246/268 246/247/269 245/248/270
f 245/248/270 246/247/269 248/249/271 247/250/272
s 18
f 251/251/273 253/252/274 252/253/275
f 251/251/273 254/254/276 253/252/274
f 252/253/275 253/252/274 262/255/277 263/256/278
f 253/252/274 254/254/276 261/257/279 262/255/277
f 255/258/280 256/259/281 259/260/282 258/261/283
f 256/259/281 257/262/284 260/263/285 259/260/282
f 262/255/277 261/257/279 257/262/284 256/259/281
f 263/256/278 262/255/277 256/259/281 255/258/280
s 19
f 264/264/286 266/265/287 265/266/288
f 264/264/286 267/267/289 266/265/287
f 265/266/288 266/265/287 275/268/290 276/269/291
f 266/265/287 267/267/289 274/270/292 275/268/290
f 268/271/293 269/272/294 272/273/295 271/274/296
f 269/272/294 270/275/297 273/276/298 272/273/295
f 275/268/290 274/270/292 270/275/297 269/272/294
f 276/269/291 275/268/290 269/272/294 268/271/293
s 20
f 277/277/299 279/278/300 278/279/301
f 277/277/299 280/280/302 279/278/300
f 278/279/301 279/278/300 288/281/303 289/282/304
f 279/278/300 280/280/302 287/283/305 288/281/303
f 281/284/306 282/285/307 285/286/308 284/287/309
f 282/285/307 283/288/310 286/289/311 285/286/308
f 288/281/303 287/283/305 283/288/310 282/285/307
f 289/282/304 288/281/303 282/285/307 281/284/306
s 21
f 290/290/312 291/291/313 293/292/314 292/293/315
f 299/294/316 292/293/315 293/292/314 298/295/317 295/296/318 294/297/319
f 294/297/319 295/296/318 297/298/320 296/299/321
s 22
f 300/300/322 302/301/323 301/302/324
f 300/300/322 303/303/325 302/301/323
f 301/302/324 302/301/323 311/304/326 312/305/327
f 302/301/323 303/303/325 310/306/328 311/304/326
f 304/307/329 305/308/330 308/309/331 307/310/332
f 305/308/330 306/311/333 309/312/334 308/309/331
f 311/304/326 310/306/328 306/311/333 305/308/330
f 312/305/327 311/304/326 305/308/330 304/307/329
s 23
f 313/313/335 315/314/336 314/315/337
f 313/313/335 316/316/338 315/314/336
f 314/315/337 315/314/336 324/317/339 325/318/340
f 315/314/336 316/316/338 323/319/341 324/317/339
f 317/320/342 318/321/343 321/322/344 320/323/345
f 318/321/343 319/324/346 322/325/347 321/322/344
f 324/317/339 323/319/341 319/324/346 318/321/343
f 325/318/340 324/317/339 318/321/343 317/320/342
s 24
f 326/326/348 328/327/349 327/328/350
f 326/326/348 329/329/351 328/327/349
f 327/328/350 328/327/349 337/330/352 338/331/353
f 328/327/349 329/329/351 336/332/354 337/330/352
f 330/333/355 331/334/356 334/335/357 333/336/358
f 331/334/356 332/337/359 335/338/360 334/335/357
f 337/330/352 336/332/354 332/337/359 331/334/356
f 338/331/353 337/330/352 331/334/356 330/333/355
s 25
f 339/339/361 341/340/362 340/341/363
f 339/339/361 342/342/364 341/340/362
f 340/341/363 341/340/362 350/343/365 351/344/366
f 341/340/362 342/342/364 349/345/367 350/343/365
f 343/346/368 344/347/369 347/348/370 346/349/371
f 344/347/369 345/350/372 348/351/373 347/348/370
f 350/343/365 349/345/367 345/350/372 344/347/369
f 351/344/366 350/343/365 344/347/369 343/346/368
s off
f 353/352/374 354/353/375 352/354/376
f 354/353/377 355/355/378 352/354/379
f 355/355/380 356/356/381 352/354/382
f 356/356/383 357/357/384 352/354/385
f 357/357/386 358/358/387 352/354/388
f 358/358/389 353/352/390 352/354/391
f 359/359/392 360/360/393 362/361/394 361/362/395
f 363/363/396 364/364/397 366/365/398 365/366/399
f 367/367/400 368/368/401 370/369/402 369/370/403
s 26
f 371/371/404 372/372/405 374/373/406 373/374/407
f 380/375/408 373/374/407 374/373/406 379/376/409 376/377/410 375/378/411
f 375/378/411 376/377/410 378/379/412 377/380/413
s 27
f 381/381/414 383/382/415 382/383/416
f 381/381/414 384/384/417 383/382/415
f 382/383/416 383/382/415 392/385/418 393/386/419
f 383/382/415 384/384/417 391/387/420 392/385/418
f 385/388/421 386/389/422 389/390/423 388/391/424
f 386/389/422 387/392/425 390/393/426 389/390/423
f 392/385/418 391/387/420 387/392/425 386/389/422
f 393/386/419 392/385/418 386/389/422 385/388/421
s 28
f 394/394/427 396/395/428 395/396/429
f 394/394/427 397/397/430 396/395/428
f 395/396/429 396/395/428 405/398/431 406/399/432
f 396/395/428 397/397/430 404/400/433 405/398/431
f 398/401/434 399/402/435 402/403/436 401/404/437
f 399/402/435 400/405/438 403/406/439 402/403/436
f 405/398/431 404/400/433 400/405/438 399/402/435
f 406/399/432 405/398/431 399/402/435 398/401/434
s 29
f 407/407/440 409/408/441 408/409/442
f 407/407/440 410/410/443 409/408/441
f 408/409/442 409/408/441 418/411/444 419/412/445
f 409/408/441 410/410/443 417/413/446 418/411/444
f 411/414/447 412/415/448 415/416/449 414/417/450
f 412/415/448 413/418/451 416/419/452 415/416/449
f 418/411/444 417/413/446 413/418/451 412/415/448
f 419/412/445 418/411/444 412/415/448 411/414/447
s 30
f 420/420/453 422/421/454 421/422/455
f 420/420/453 423/423/456 422/421/454
f 421/422/455 422/421/454 431/424/457 432/425/458
f 422/421/454 423/423/456 430/426/459 431/424/457
f 424/427/460 425/428/461 428/429/462 427/430/463
f 425/428/461 426/431/464 429/432/465 428/429/462
f 431/424/457 430/426/459 426/431/464 425/428/461
f 432/425/458 431/424/457 425/428/461 424/427/460
s 31
f 433/433/466 435/434/467 434/435/468
f 433/433/466 436/436/469 435/434/467
f 434/435/468 435/434/467 444/437/470 445/438/471
f 435/434/467 436/436/469 443/439/472 444/437/470
f 437/440/473 438/441/474 441/442/475 440/443/476
f 438/441/474 439/444/477 442/445/478 441/442/475
f 444/437/470 443/439/472 439/444/477 438/441/474
f 445/438/471 444/437/470 438/441/474 437/440/473
s 32
f 446/446/479 447/447/480 449/448/481 448/449/482
f 455/450/483 448/449/482 449/448/481 454/451/484 451/452/485 450/453/486
f 450/453/486 451/452/485 453/454/487 452/455/488
s 33
f 456/456/489 458/457/490 457/458/491
f 456/456/489 459/459/492 458/457/490
f 457/458/491 458/457/490 467/460/493 468/461/494
f 458/457/490 459/459/492 466/462/495 467/460/493
f 460/463/496 461/464/497 464/465/498 463/466/499
f 461/464/497 462/467/500 465/468/501 464/465/498
f 467/460/493 466/462/495 462/467/500 461/464/497
f 468/461/494 467/460/493 461/464/497 460/463/496
s 34
f 469/469/502 471/470/503 470/471/504
f 469/469/502 472/472/505 471/470/503
f 470/471/504 471/470/503 480/473/506 481/474/507
f 471/470/503 472/472/505 479/475/508 480/473/506
f 473/476/509 474/477/510 477/478/511 476/479/512
f 474/477/510 475/480/513 478/481/514 477/478/511
f 480/473/506 479/475/508 475/480/513 474/477/510
f 481/474/507 480/473/506 474/477/510 473/476/509
s off
f 482/482/515 483/483/516 485/484/517 484/485/518
f 486/486/519 487/487/520 489/488/521 488/489/522
f 490/490/523 491/491/524 493/492/525 492/493/526
f 495/494/527 496/495/528 494/496/529
f 496/495/530 497/497/531 494/496/532
f 497/497/533 498/498/534 494/496/535
f 498/498/536 499/499/537 494/496/538
f 499/499/539 500/500/540 494/496/541
f 500/500/542 495/494/543 494/496/544
g default
v -2.801331 5.863199 2.532965
v -2.996082 5.109141 3.773927
v -3.597995 5.222964 2.892267
v -3.746234 4.963662 1.863786
v -3.468056 3.910257 4.192222
v -4.128822 3.928308 3.199674
v -4.222251 3.695288 2.006638
v -3.727809 3.082041 3.884671
v -4.019581 2.807250 3.245101
v -4.141587 2.918455 2.509417
v -4.142613 4.361652 1.989905
v -4.016269 4.602228 3.103205
v -3.343670 4.518065 4.029968
v -2.688997 6.005021 2.755969
v -3.522086 4.655454 2.518186
v -3.541005 5.572108 1.971397
v -3.097765 6.190995 1.216338
v -4.096383 3.674191 1.377106
v -4.161276 4.651772 0.679993
v -3.635675 5.415620 -0.084802
v -4.138475 3.408266 0.349345
v -4.035932 3.774315 -0.324655
v -3.851506 4.488559 -0.558375
v -3.481997 5.817013 0.539378
v -3.994804 5.134151 1.306712
v -3.928561 4.173985 1.927083
v -2.775557 5.857085 2.576190
v -3.628363 5.662383 1.247131
v -3.313572 6.566529 1.734165
v -2.524528 7.273780 1.893284
v -3.863930 6.241307 -0.211538
v -3.497747 7.293958 0.235585
v -2.605706 8.050924 0.512456
v -3.530952 6.870785 -0.952566
v -3.114310 7.510353 -0.968176
v -2.752672 7.995448 -0.502282
v -2.631495 7.721527 1.182330
v -3.524771 7.015511 0.977811
v -3.842970 6.019393 0.503812
v -2.845318 5.819163 2.447227
v -2.156022 7.182801 2.656047
v -2.615751 6.519126 3.352598
v -2.549088 5.630128 3.947383
v -1.234480 7.900254 3.592608
v -1.686912 7.190326 4.444700
v -1.629640 6.122678 5.032223
v -0.633917 7.820205 4.384992
v -0.582399 7.353648 4.988028
v -0.813605 6.680505 5.255928
v -2.187912 5.972897 4.579731
v -2.237247 6.950716 3.985712
v -1.749116 7.620005 3.194427
v 0.418111 8.024073 -2.301449
v 0.341460 9.885555 -1.321262
v -0.721846 8.979582 -1.730334
v -1.495377 7.766025 -1.467340
v -0.637525 10.864938 0.181613
v -1.906083 9.895826 -0.172198
v -2.672679 8.438396 0.076148
v -1.518232 10.755665 1.214314
v -2.307197 10.118775 1.459530
v -2.732076 9.199878 1.229677
v -2.232779 8.233932 -0.800669
v -1.455198 9.568738 -1.040334
v -0.257264 10.482375 -0.621125
v 0.316670 8.084185 -2.217701
v -1.394949 7.054832 -2.114104
v -0.395603 7.210210 -3.174740
v 0.932309 6.856241 -3.673454
v -2.090834 5.418253 -2.620958
v -0.960865 5.442895 -3.792521
v 0.602496 5.124804 -4.266327
v -1.756805 4.287669 -3.057321
v -0.989456 3.912557 -3.633567
v -0.044261 4.064360 -4.011598
v 0.648118 6.034446 -4.165040
v -0.799292 6.362852 -3.670687
v -1.838086 6.247963 -2.502605
v 0.052216 8.277783 -2.002644
v 0.125392 6.435512 -3.183031
v 0.848902 7.686822 -3.368317
v 1.985393 8.531654 -2.998358
v 1.478715 5.096004 -4.282783
v 2.389200 6.430484 -4.573371
v 3.562782 7.473202 -4.096447
v 2.836738 4.732994 -4.639758
v 3.765419 5.232682 -4.700333
v 4.131032 6.207686 -4.522849
v 2.775530 8.021137 -3.708830
v 1.602309 7.088973 -4.167950
v 0.794541 5.778265 -3.898026
v 0.266581 8.075839 -2.170682
v 1.789017 7.810055 -3.696805
v 1.231787 9.044291 -3.134517
v 1.250603 10.009748 -2.035884
v 3.664945 8.600334 -4.437887
v 3.175975 10.037292 -3.818757
v 3.067939 11.070617 -2.548326
v 4.750451 9.459625 -4.210835
v 4.893228 10.332691 -3.659882
v 4.377900 10.994886 -3.041321
v 2.167227 10.620961 -2.386619
v 2.178434 9.657189 -3.637519
v 2.717284 8.297404 -4.200537
v 2.074361 6.656345 6.212144
v 2.594090 8.214947 5.573747
v 3.131358 7.456384 6.361964
v 3.789265 6.440284 6.549379
v 3.984129 9.034975 5.005312
v 4.689050 8.223547 5.853258
v 5.335204 7.003255 6.047457
v 5.082513 8.943481 4.713800
v 5.742577 8.410220 4.920810
v 5.925631 7.640836 5.281484
v 4.614602 6.832059 6.441629
v 3.965020 7.949679 6.236221
v 3.339883 8.714659 5.376890
v 2.184106 6.706677 6.202805
v 3.412003 5.844810 6.946870
v 2.218622 5.974906 7.201098
v 1.066699 5.678531 6.911888
v 3.649698 4.474518 7.627379
v 2.313532 4.495150 7.895760
v 1.011354 4.228815 7.477232
v 3.211822 3.527890 7.768711
v 2.408942 3.213812 7.799932
v 1.578033 3.340915 7.609946
v 1.028193 4.990450 7.385757
v 2.260320 5.265421 7.734899
v 3.532049 5.169226 7.425479
v 2.468648 6.868775 6.180709
v 1.855938 5.326258 6.958611
v 1.269493 6.373969 6.741518
v 0.663200 7.081339 5.945368
v 0.400190 4.204701 7.071142
v -0.365162 5.322049 6.837483
v -0.946037 6.195107 5.950012
v -0.704943 3.900756 6.669992
v -1.373249 4.319140 6.269287
v -1.540442 5.135502 5.972906
v -0.219314 6.653888 6.058155
v 0.369794 5.873395 6.933195
v 1.054576 4.775951 7.132150
v 2.240993 6.699689 6.194292
v 0.465683 6.477150 6.519840
v 1.117235 7.510564 6.398131
v 1.627656 8.318933 5.632698
v -1.179040 7.138844 6.136443
v -0.547411 8.341995 5.943079
v 0.132198 9.207188 5.119783
v -1.818306 7.858321 5.462981
v -1.654149 8.589330 5.015603
v -1.004639 9.143780 4.835186
v 0.829423 8.830695 5.437529
v 0.225792 8.023738 6.293504
v -0.413452 6.885203 6.424470
v 5.694551 8.505095 1.202546
v 4.971702 10.366577 0.536115
v 5.950762 9.460604 -0.046467
v 6.222485 8.247046 -0.816975
v 4.396159 11.345960 -1.162648
v 5.458731 10.376848 -1.940697
v 5.737677 8.919418 -2.696697
v 4.129310 11.236687 -2.493403
v 4.424549 10.599797 -3.265045
v 4.867940 9.680900 -3.456772
v 6.154644 8.714954 -1.808746
v 5.862083 10.049760 -1.049483
v 4.791798 10.963397 -0.367377
v 5.685505 8.556861 1.002597
v 5.943221 8.291077 3.142795
v 5.845980 9.525312 2.357162
v 4.971010 10.490770 1.692499
v 5.365413 9.081356 5.075266
v 5.181289 10.518314 4.308121
v 4.249768 11.551639 3.437526
v 4.515658 9.940647 5.787863
v 3.994406 10.813713 5.559324
v 3.827031 11.475908 4.771816
v 4.679740 11.101983 2.629717
v 5.655797 10.138211 3.412142
v 5.764978 8.778426 4.183782
v 5.686031 8.758805 0.730220
v 6.568353 6.916533 1.517734
v 6.266500 8.167844 2.200876
v 5.272914 9.012676 2.865157
v 6.595602 5.577026 3.261349
v 6.260864 6.911506 4.156544
v 5.160284 7.954224 4.783820
v 6.036253 5.214016 4.549288
v 5.509511 5.713704 5.316530
v 5.143928 6.688708 5.494073
v 5.342561 8.502159 3.925457
v 6.428927 7.569994 3.287454
v 6.716379 6.259286 2.485756
v 5.691477 8.565207 1.071036
v 6.668618 7.535854 -0.338065
v 6.884046 7.691232 1.103196
v 6.454701 7.337263 2.455131
v 7.497286 5.899275 -0.571445
v 7.719100 5.923917 1.041065
v 7.124568 5.605825 2.562618
v 7.633610 4.768691 -0.039088
v 7.611872 4.393579 0.920293
v 7.324382 4.545382 1.896843
v 7.016759 6.515468 2.535829
v 7.523435 6.843874 1.092686
v 7.247969 6.728985 -0.446024
vt 0.500000 0.007536
vt 0.500000 0.282737
vt 0.214270 0.305657
vt 0.785730 0.305657
vt 0.500000 0.505531
vt 0.194937 0.515999
vt 0.805063 0.515999
vt 0.177795 0.702498
vt 0.500000 0.703071
vt 0.500000 0.992464
vt 0.300016 0.930393
vt 0.822205 0.702498
vt 0.699984 0.930393
vt 0.500000 0.007536
vt 0.500000 0.282737
vt 0.214270 0.305657
vt 0.785730 0.305657
vt 0.500000 0.505531
vt 0.194937 0.515999
vt 0.805063 0.515999
vt 0.177795 0.702498
vt 0.500000 0.703071
vt 0.500000 0.992464
vt 0.300016 0.930393
vt 0.822205 0.702498
vt 0.699984 0.930393
vt 0.500000 0.007536
vt 0.500000 0.282737
vt 0.214270 0.305657
vt 0.785730 0.305657
vt 0.500000 0.505531
vt 0.194937 0.515999
vt 0.805063 0.515999
vt 0.177795 0.702498
vt 0.500000 0.703071
vt 0.500000 0.992464
vt 0.300016 0.930393
vt 0.822205 0.702498
vt 0.699984 0.930393
vt 0.500000 0.007536
vt 0.500000 0.282737
vt 0.214270 0.305657
vt 0.785730 0.305657
vt 0.500000 0.505531
vt 0.194937 0.515999
vt 0.805063 0.515999
vt 0.177795 0.702498
vt 0.500000 0.703071
vt 0.500000 0.992464
vt 0.300016 0.930393
vt 0.822205 0.702498
vt 0.699984 0.930393
vt 0.500000 0.007536
vt 0.500000 0.282737
vt 0.214270 0.305657
vt 0.785730 0.305657
vt 0.500000 0.505531
vt 0.194937 0.515999
vt 0.805063 0.515999
vt 0.177795 0.702498
vt 0.500000 0.703071
vt 0.500000 0.992464
vt 0.300016 0.930393
vt 0.822205 0.702498
vt 0.699984 0.930393
vt 0.500000 0.007536
vt 0.500000 0.282737
vt 0.214270 0.305657
vt 0.785730 0.305657
vt 0.500000 0.505531
vt 0.194937 0.515999
vt 0.805063 0.515999
vt 0.177795 0.702498
vt 0.500000 0.703071
vt 0.500000 0.992464
vt 0.300016 0.930393
vt 0.822205 0.702498
vt 0.699984 0.930393
vt 0.500000 0.007536
vt 0.500000 0.282737
vt 0.214270 0.305657
vt 0.785730 0.305657
vt 0.500000 0.505531
vt 0.194937 0.515999
vt 0.805063 0.515999
vt 0.177795 0.702498
vt 0.500000 0.703071
vt 0.500000 0.992464
vt 0.300016 0.930393
vt 0.822205 0.702498
vt 0.699984 0.930393
vt 0.500000 0.007536
vt 0.500000 0.282737
vt 0.214270 0.305657
vt 0.785730 0.305657
vt 0.500000 0.505531
vt 0.194937 0.515999
vt 0.805063 0.515999
vt 0.177795 0.702498
vt 0.500000 0.703071
vt 0.500000 0.992464
vt 0.300016 0.930393
vt 0.822205 0.702498
vt 0.699984 0.930393
vt 0.500000 0.007536
vt 0.500000 0.282737
vt 0.214270 0.305657
vt 0.785730 0.305657
vt 0.500000 0.505531
vt 0.194937 0.515999
vt 0.805063 0.515999
vt 0.177795 0.702498
vt 0.500000 0.703071
vt 0.500000 0.992464
vt 0.300016 0.930393
vt 0.822205 0.702498
vt 0.699984 0.930393
vt 0.500000 0.007536
vt 0.500000 0.282737
vt 0.214270 0.305657
vt 0.785730 0.305657
vt 0.500000 0.505531
vt 0.194937 0.515999
vt 0.805063 0.515999
vt 0.177795 0.702498
vt 0.500000 0.703071
vt 0.500000 0.992464
vt 0.300016 0.930393
vt 0.822205 0.702498
vt 0.699984 0.930393
vt 0.500000 0.007536
vt 0.500000 0.282737
vt 0.214270 0.305657
vt 0.785730 0.305657
vt 0.500000 0.505531
vt 0.194937 0.515999
vt 0.805063 0.515999
vt 0.177795 0.702498
vt 0.500000 0.703071
vt 0.500000 0.992464
vt 0.300016 0.930393
vt 0.822205 0.702498
vt 0.699984 0.930393
vt 0.500000 0.007536
vt 0.500000 0.282737
vt 0.214270 0.305657
vt 0.785730 0.305657
vt 0.500000 0.505531
vt 0.194937 0.515999
vt 0.805063 0.515999
vt 0.177795 0.702498
vt 0.500000 0.703071
vt 0.500000 0.992464
vt 0.300016 0.930393
vt 0.822205 0.702498
vt 0.699984 0.930393
vt 0.500000 0.007536
vt 0.500000 0.282737
vt 0.214270 0.305657
vt 0.785730 0.305657
vt 0.500000 0.505531
vt 0.194937 0.515999
vt 0.805063 0.515999
vt 0.177795 0.702498
vt 0.500000 0.703071
vt 0.500000 0.992464
vt 0.300016 0.930393
vt 0.822205 0.702498
vt 0.699984 0.930393
vt 0.500000 0.007536
vt 0.500000 0.282737
vt 0.214270 0.305657
vt 0.785730 0.305657
vt 0.500000 0.505531
vt 0.194937 0.515999
vt 0.805063 0.515999
vt 0.177795 0.702498
vt 0.500000 0.703071
vt 0.500000 0.992464
vt 0.300016 0.930393
vt 0.822205 0.702498
vt 0.699984 0.930393
vt 0.500000 0.007536
vt 0.500000 0.282737
vt 0.214270 0.305657
vt 0.785730 0.305657
vt 0.500000 0.505531
vt 0.194937 0.515999
vt 0.805063 0.515999
vt 0.177795 0.702498
vt 0.500000 0.703071
vt 0.500000 0.992464
vt 0.300016 0.930393
vt 0.822205 0.702498
vt 0.699984 0.930393
vt 0.500000 0.007536
vt 0.500000 0.282737
vt 0.214270 0.305657
vt 0.785730 0.305657
vt 0.500000 0.505531
vt 0.194937 0.515999
vt 0.805063 0.515999
vt 0.177795 0.702498
vt 0.500000 0.703071
vt 0.500000 0.992464
vt 0.300016 0.930393
vt 0.822205 0.702498
vt 0.699984 0.930393
vn -0.571953 0.803728 0.163986
vn -0.693711 0.685898 0.219790
vn -0.586810 0.647724 0.485910
vn -0.793732 0.606894 -0.040855
vn -0.858664 0.421239 0.291982
vn -0.722017 0.427624 0.543902
vn -0.938108 0.345491 0.024266
vn -0.831417 0.136006 0.538747
vn -0.943871 0.084342 0.319365
vn -0.951559 -0.036143 0.305334
vn -0.863594 -0.001118 0.504187
vn -0.995118 0.040603 0.089952
vn -0.991185 -0.065996 0.114882
vn -0.694980 0.567429 0.441619
vn -0.793498 0.505239 0.339257
vn -0.839711 0.259320 0.477115
vn -0.723659 0.678654 0.125487
vn -0.908882 0.383873 0.163015
vn -0.934792 0.152231 0.320921
vn -0.819828 0.572046 -0.025401
vn -0.995200 0.035794 0.091082
vn -0.975895 0.209952 -0.059579
vn -0.979446 0.130309 -0.153965
vn -0.999313 -0.008747 -0.036013
vn -0.902943 0.382578 -0.195774
vn -0.926642 0.264952 -0.266713
vn -0.720312 0.230316 0.654297
vn -0.780868 0.328409 0.531406
vn -0.913413 0.103897 0.393551
vn -0.601643 0.566936 0.562680
vn -0.830748 0.451120 0.326112
vn -0.953444 0.212527 0.213955
vn -0.640247 0.661346 0.390775
vn -0.932039 0.361952 -0.017157
vn -0.828442 0.557558 0.053031
vn -0.803944 0.589428 -0.079047
vn -0.886094 0.443911 -0.133341
vn -0.681821 0.718811 0.135760
vn -0.696936 0.716787 -0.022295
vn -0.961988 0.270907 0.034479
vn -0.915883 0.368570 0.159108
vn -0.810179 0.586088 0.010561
vn -0.921613 0.164891 0.351340
vn -0.781989 0.502819 0.368330
vn -0.694033 0.696999 0.180305
vn -0.788178 0.282035 0.547021
vn -0.518433 0.760206 0.391554
vn -0.558576 0.591386 0.581598
vn -0.459284 0.596550 0.658168
vn -0.425070 0.757567 0.495386
vn -0.569778 0.390394 0.723150
vn -0.469060 0.426810 0.773186
vn -0.239964 0.270907 -0.932216
vn -0.351807 0.368570 -0.860458
vn -0.184049 0.586088 -0.789067
vn -0.540797 0.164891 -0.824833
vn -0.527450 0.502819 -0.684814
vn -0.324938 0.696999 -0.639224
vn -0.703312 0.282035 -0.652540
vn -0.493618 0.760206 -0.422409
vn -0.687848 0.591386 -0.420865
vn -0.741346 0.596551 -0.307463
vn -0.575013 0.757568 -0.308952
vn -0.828510 0.390394 -0.401452
vn -0.855784 0.426810 -0.292348
vn -0.282821 0.803728 -0.523482
vn -0.363436 0.685898 -0.630443
vn -0.600441 0.647724 -0.468961
vn -0.130302 0.606894 -0.784029
vn -0.469320 0.421240 -0.776077
vn -0.686077 0.427624 -0.588587
vn -0.224869 0.345492 -0.911081
vn -0.704502 0.136007 -0.696549
vn -0.514338 0.084343 -0.853430
vn -0.502283 -0.036143 -0.863948
vn -0.677646 -0.001118 -0.735388
vn -0.301252 0.040604 -0.952680
vn -0.324759 -0.065996 -0.943492
vn -0.580377 0.567429 -0.584113
vn -0.501521 0.505238 -0.702289
vn -0.646082 0.259320 -0.717866
vn -0.277748 0.678654 -0.679916
vn -0.354122 0.383873 -0.852783
vn -0.513912 0.152231 -0.844228
vn -0.150992 0.572046 -0.806204
vn -0.302373 0.035793 -0.952518
vn -0.151077 0.209951 -0.965969
vn -0.059648 0.130308 -0.989678
vn -0.179116 -0.008748 -0.983789
vn -0.002406 0.382578 -0.923920
vn 0.061801 0.264952 -0.962279
vn -0.793540 0.230315 -0.563249
vn -0.686492 0.328409 -0.648749
vn -0.580266 0.103897 -0.807772
vn -0.678606 0.566937 -0.466987
vn -0.496670 0.451120 -0.741492
vn -0.413433 0.212527 -0.885384
vn -0.518978 0.661346 -0.541557
vn -0.183108 0.361952 -0.914036
vn -0.229448 0.557558 -0.797799
vn -0.095188 0.589428 -0.802193
vn -0.059774 0.443912 -0.894075
vn -0.278810 0.718811 -0.636848
vn -0.127674 0.716787 -0.685504
vn -0.333062 0.270907 0.903149
vn -0.200258 0.368570 0.907773
vn -0.297598 0.586088 0.753615
vn -0.024571 0.164891 0.986006
vn 0.044119 0.502819 0.863265
vn -0.096479 0.696999 0.710552
vn 0.207104 0.282035 0.936784
vn 0.165596 0.760205 0.628225
vn 0.326202 0.591386 0.737465
vn 0.434718 0.596550 0.674647
vn 0.297085 0.757567 0.581234
vn 0.452922 0.390394 0.801532
vn 0.537428 0.426810 0.727327
vn -0.065263 0.803728 0.591407
vn -0.059824 0.685898 0.725234
vn 0.226957 0.647723 0.727286
vn -0.338930 0.606894 0.718892
vn -0.055610 0.421240 0.905243
vn 0.229318 0.427624 0.874386
vn -0.333451 0.345492 0.877180
vn 0.183043 0.136007 0.973652
vn -0.062601 0.084343 0.994468
vn -0.078499 -0.036143 0.996259
vn 0.138860 -0.001118 0.990311
vn -0.294304 0.040604 0.954849
vn -0.269745 -0.065996 0.960667
vn 0.144939 0.567429 0.810566
vn 0.012854 0.505238 0.862884
vn 0.122872 0.259320 0.957943
vn -0.158439 0.678654 0.717165
vn -0.193988 0.383874 0.902779
vn -0.057716 0.152231 0.986658
vn -0.334532 0.572047 0.748900
vn -0.293290 0.035793 0.955353
vn -0.425363 0.209951 0.880333
vn -0.514040 0.130308 0.847810
vn -0.412443 -0.008748 0.910941
vn -0.523700 0.382579 0.761165
vn -0.598327 0.264952 0.756178
vn 0.332107 0.230316 0.914691
vn 0.195429 0.328410 0.924097
vn 0.017594 0.103897 0.994432
vn 0.292360 0.566936 0.770135
vn -0.013441 0.451120 0.892362
vn -0.163762 0.212527 0.963335
vn 0.118661 0.661346 0.740636
vn -0.369474 0.361952 0.855850
vn -0.265230 0.557558 0.786627
vn -0.378141 0.589428 0.713851
vn -0.459542 0.443912 0.769262
vn -0.133061 0.718811 0.682353
vn -0.285034 0.716787 0.636374
vn 0.880964 0.270907 0.387959
vn 0.893744 0.368571 0.255691
vn 0.733893 0.586088 0.343368
vn 0.982630 0.164891 0.085146
vn 0.864344 0.502819 0.009040
vn 0.703276 0.696999 0.139983
vn 0.947745 0.282035 -0.149116
vn 0.637217 0.760205 -0.126658
vn 0.756126 0.591386 -0.280244
vn 0.700098 0.596551 -0.392417
vn 0.598399 0.757567 -0.260788
vn 0.827863 0.390394 -0.402785
vn 0.758993 0.426810 -0.491694
vn 0.933379 0.230315 -0.275241
vn 0.934364 0.328409 -0.138244
vn 0.993633 0.103897 0.043579
vn 0.786654 0.566937 -0.244457
vn 0.889848 0.451120 0.068280
vn 0.951444 0.212527 0.222680
vn 0.746530 0.661346 -0.072900
vn 0.831515 0.361952 0.421395
vn 0.768832 0.557558 0.313093
vn 0.689252 0.589428 0.421315
vn 0.739553 0.443911 0.505969
vn 0.672881 0.718811 0.174762
vn 0.617646 0.716787 0.323621
vn 0.817944 0.567429 -0.094829
vn 0.862042 0.505238 0.040223
vn 0.963686 0.259320 -0.063743
vn 0.706067 0.678654 0.202233
vn 0.889144 0.383874 0.249125
vn 0.981243 0.152231 0.118268
vn 0.726916 0.572046 0.379943
vn 0.935514 0.035793 0.351472
vn 0.852516 0.209951 0.478683
vn 0.814602 0.130308 0.565193
vn 0.883860 -0.008748 0.467670
vn 0.727527 0.382578 0.569507
vn 0.717962 0.264952 0.643686
vn 0.586276 0.803728 0.101500
vn 0.720184 0.685898 0.104300
vn 0.739864 0.647723 -0.181813
vn 0.696695 0.606894 0.382488
vn 0.900111 0.421240 0.111161
vn 0.886831 0.427625 -0.175125
vn 0.855020 0.345492 0.386751
vn 0.983064 0.136007 -0.122834
vn 0.988738 0.084343 0.123624
vn 0.989548 -0.036143 0.139602
vn 0.996975 -0.001118 -0.077710
vn 0.934948 0.040604 0.352453
vn 0.942266 -0.065996 0.328299
s 1
g polySurface347
usemtl HOJA_02:lambert2SG
f 501/501/545 503/502/546 502/503/547
f 501/501/545 504/504/548 503/502/546
f 502/503/547 503/502/546 512/505/549 513/506/550
f 503/502/546 504/504/548 511/507/551 512/505/549
f 505/508/552 506/509/553 509/510/554 508/511/555
f 506/509/553 507/512/556 510/513/557 509/510/554
f 512/505/549 511/507/551 507/512/556 506/509/553
f 513/506/550 512/505/549 506/509/553 505/508/552
s 2
f 514/514/558 516/515/559 515/516/560
f 514/514/558 517/517/561 516/515/559
f 515/516/560 516/515/559 525/518/562 526/519/563
f 516/515/559 517/517/561 524/520/564 525/518/562
f 518/521/565 519/522/566 522/523/567 521/524/568
f 519/522/566 520/525/569 523/526/570 522/523/567
f 525/518/562 524/520/564 520/525/569 519/522/566
f 526/519/563 525/518/562 519/522/566 518/521/565
s 3
f 527/527/571 529/528/572 528/529/573
f 527/527/571 530/530/574 529/528/572
f 528/529/573 529/528/572 538/531/575 539/532/576
f 529/528/572 530/530/574 537/533/577 538/531/575
f 531/534/578 532/535/579 535/536/580 534/537/581
f 532/535/579 533/538/582 536/539/583 535/536/580
f 538/531/575 537/533/577 533/538/582 532/535/579
f 539/532/576 538/531/575 532/535/579 531/534/578
s 4
f 540/540/584 542/541/585 541/542/586
f 540/540/584 543/543/587 542/541/585
f 541/542/586 542/541/585 551/544/588 552/545/589
f 542/541/585 543/543/587 550/546/590 551/544/588
f 544/547/591 545/548/592 548/549/593 547/550/594
f 545/548/592 546/551/595 549/552/596 548/549/593
f 551/544/588 550/546/590 546/551/595 545/548/592
f 552/545/589 551/544/588 545/548/592 544/547/591
s 5
f 553/553/597 555/554/598 554/555/599
f 553/553/597 556/556/600 555/554/598
f 554/555/599 555/554/598 564/557/601 565/558/602
f 555/554/598 556/556/600 563/559/603 564/557/601
f 557/560/604 558/561/605 561/562/606 560/563/607
f 558/561/605 559/564/608 562/565/609 561/562/606
f 564/557/601 563/559/603 559/564/608 558/561/605
f 565/558/602 564/557/601 558/561/605 557/560/604
s 6
f 566/566/610 568/567/611 567/568/612
f 566/566/610 569/569/613 568/567/611
f 567/568/612 568/567/611 577/570/614 578/571/615
f 568/567/611 569/569/613 576/572/616 577/570/614
f 570/573/617 571/574/618 574/575/619 573/576/620
f 571/574/618 572/577/621 575/578/622 574/575/619
f 577/570/614 576/572/616 572/577/621 571/574/618
f 578/571/615 577/570/614 571/574/618 570/573/617
s 7
f 579/579/623 581/580/624 580/581/625
f 579/579/623 582/582/626 581/580/624
f 580/581/625 581/580/624 590/583/627 591/584/628
f 581/580/624 582/582/626 589/585/629 590/583/627
f 583/586/630 584/587/631 587/588/632 586/589/633
f 584/587/631 585/590/634 588/591/635 587/588/632
f 590/583/627 589/585/629 585/590/634 584/587/631
f 591/584/628 590/583/627 584/587/631 583/586/630
s 8
f 592/592/636 594/593/637 593/594/638
f 592/592/636 595/595/639 594/593/637
f 593/594/638 594/593/637 603/596/640 604/597/641
f 594/593/637 595/595/639 602/598/642 603/596/640
f 596/599/643 597/600/644 600/601/645 599/602/646
f 597/600/644 598/603/647 601/604/648 600/601/645
f 603/596/640 602/598/642 598/603/647 597/600/644
f 604/597/641 603/596/640 597/600/644 596/599/643
s 9
f 605/605/649 607/606/650 606/607/651
f 605/605/649 608/608/652 607/606/650
f 606/607/651 607/606/650 616/609/653 617/610/654
f 607/606/650 608/608/652 615/611/655 616/609/653
f 609/612/656 610/613/657 613/614/658 612/615/659
f 610/613/657 611/616/660 614/617/661 613/614/658
f 616/609/653 615/611/655 611/616/660 610/613/657
f 617/610/654 616/609/653 610/613/657 609/612/656
s 10
f 618/618/662 620/619/663 619/620/664
f 618/618/662 621/621/665 620/619/663
f 619/620/664 620/619/663 629/622/666 630/623/667
f 620/619/663 621/621/665 628/624/668 629/622/666
f 622/625/669 623/626/670 626/627/671 625/628/672
f 623/626/670 624/629/673 627/630/674 626/627/671
f 629/622/666 628/624/668 624/629/673 623/626/670
f 630/623/667 629/622/666 623/626/670 622/625/669
s 11
f 631/631/675 633/632/676 632/633/677
f 631/631/675 634/634/678 633/632/676
f 632/633/677 633/632/676 642/635/679 643/636/680
f 633/632/676 634/634/678 641/637/681 642/635/679
f 635/638/682 636/639/683 639/640/684 638/641/685
f 636/639/683 637/642/686 640/643/687 639/640/684
f 642/635/679 641/637/681 637/642/686 636/639/683
f 643/636/680 642/635/679 636/639/683 635/638/682
s 12
f 644/644/688 646/645/689 645/646/690
f 644/644/688 647/647/691 646/645/689
f 645/646/690 646/645/689 655/648/692 656/649/693
f 646/645/689 647/647/691 654/650/694 655/648/692
f 648/651/695 649/652/696 652/653/697 651/654/698
f 649/652/696 650/655/699 653/656/700 652/653/697
f 655/648/692 654/650/694 650/655/699 649/652/696
f 656/649/693 655/648/692 649/652/696 648/651/695
s 13
f 657/657/701 659/658/702 658/659/703
f 657/657/701 660/660/704 659/658/702
f 658/659/703 659/658/702 668/661/705 669/662/706
f 659/658/702 660/660/704 667/663/707 668/661/705
f 661/664/708 662/665/709 665/666/710 664/667/711
f 662/665/709 663/668/712 666/669/713 665/666/710
f 668/661/705 667/663/707 663/668/712 662/665/709
f 669/662/706 668/661/705 662/665/709 661/664/708
s 14
f 670/670/714 672/671/715 671/672/716
f 670/670/714 673/673/717 672/671/715
f 671/672/716 672/671/715 681/674/718 682/675/719
f 672/671/715 673/673/717 680/676/720 681/674/718
f 674/677/721 675/678/722 678/679/723 677/680/724
f 675/678/722 676/681/725 679/682/726 678/679/723
f 681/674/718 680/676/720 676/681/725 675/678/722
f 682/675/719 681/674/718 675/678/722 674/677/721
s 15
f 683/683/727 685/684/728 684/685/729
f 683/683/727 686/686/730 685/684/728
f 684/685/729 685/684/728 694/687/731 695/688/732
f 685/684/728 686/686/730 693/689/733 694/687/731
f 687/690/734 688/691/735 691/692/736 690/693/737
f 688/691/735 689/694/738 692/695/739 691/692/736
f 694/687/731 693/689/733 689/694/738 688/691/735
f 695/688/732 694/687/731 688/691/735 687/690/734
s 16
f 696/696/740 698/697/741 697/698/742
f 696/696/740 699/699/743 698/697/741
f 697/698/742 698/697/741 707/700/744 708/701/745
f 698/697/741 699/699/743 706/702/746 707/700/744
f 700/703/747 701/704/748 704/705/749 703/706/750
f 701/704/748 702/707/751 705/708/752 704/705/749
f 707/700/744 706/702/746 702/707/751 701/704/748
f 708/701/745 707/700/744 701/704/748 700/703/747
g default
v 2.054576 6.726037 6.376036
v 1.251050 7.806892 6.030935
v 2.155687 7.787325 6.234496
v 3.017589 7.617565 5.930420
v 1.227683 8.917140 5.161044
v 2.251538 8.998419 5.388199
v 3.212997 8.765347 5.165062
v 1.652893 9.435190 4.516253
v 2.289910 9.585238 4.414707
v 2.884320 9.348364 4.532803
v 3.130015 8.288274 5.620667
v 2.214116 8.514977 5.924402
v 1.245127 8.479603 5.707423
v 2.242612 6.648766 6.229234
v 4.002153 7.437776 6.464005
v 3.254307 6.565253 7.213145
v 2.802820 5.307186 7.518785
v 5.679020 7.026933 7.112602
v 4.940877 6.010029 8.010378
v 4.326782 4.622561 8.298605
v 6.363994 6.150510 7.558686
v 6.190354 5.276848 7.948782
v 5.524682 4.658305 8.295046
v 3.589275 5.008102 8.037114
v 4.123964 6.351017 7.770247
v 4.869376 7.286361 6.917639
v 5.727277 8.496041 1.003234
v 6.136346 9.438379 -1.077022
v 6.974457 8.396300 -0.130529
v 7.305648 6.893754 0.430119
v 7.032650 8.947698 -3.028337
v 8.048659 7.733180 -2.082496
v 8.347154 6.076087 -1.329287
v 7.614711 7.900960 -3.812116
v 8.066982 6.857521 -3.576481
v 8.430872 6.118778 -2.757528
v 7.981283 6.536551 -0.469329
v 7.702420 8.140431 -1.126312
v 6.740789 9.257540 -2.077501
v 5.888470 8.588328 1.238165
v 5.418082 9.879225 2.170682
v 5.727168 9.855856 1.107240
v 5.427978 9.653106 0.057466
v 4.379395 11.205226 2.134662
v 4.725362 11.302300 0.930836
v 4.529967 11.023936 -0.231675
v 3.641983 11.823948 1.580435
v 3.567710 12.003156 0.813611
v 3.752136 11.720249 0.113704
v 5.066987 10.454154 -0.099299
v 5.361804 10.724911 1.014819
v 5.031998 10.682663 2.153988
v 0.241248 8.015019 -2.203901
v -1.646456 8.957357 -1.238824
v -1.421008 7.915278 -2.482791
v -1.185263 6.412733 -3.089781
v -3.734166 8.466676 -0.736371
v -3.619251 7.252158 -2.119731
v -3.211966 5.595065 -2.820117
v -4.710054 7.419939 -0.709040
v -4.804594 6.376499 -1.210175
v -4.386087 5.637756 -2.002610
v -2.309917 6.055529 -3.064448
v -2.653727 7.659410 -2.439000
v -2.806474 8.776518 -1.095064
v 0.326174 8.107306 -2.475863
v 1.349880 9.398203 -2.682936
v 0.323046 9.374834 -2.268138
v -0.316858 9.172084 -1.383795
v 1.963949 10.724204 -1.844434
v 0.803990 10.821279 -1.371798
v 0.011303 10.542914 -0.499296
v 1.984476 11.342926 -0.922196
v 1.427822 11.522134 -0.389588
v 0.763760 11.239227 -0.101658
v -0.216793 9.973132 -1.003168
v 0.476378 10.243889 -1.923869
v 1.575534 10.201641 -2.369218
v -2.984556 5.880136 2.485610
v -2.971909 6.825789 1.720606
v -2.836417 6.808671 2.520479
v -2.304179 6.660145 3.117260
v -2.275485 7.797158 1.412949
v -2.119523 7.868270 2.317162
v -1.619758 7.664353 3.021400
v -1.612386 8.250406 1.543134
v -1.318742 8.381685 2.025095
v -1.217040 8.174440 2.545471
v -2.016116 7.246956 3.105454
v -2.566002 7.445301 2.464849
v -2.711991 7.414352 1.608429
v -2.803305 5.812531 2.589098
v -2.409314 6.502846 4.091379
v -3.263974 5.739465 3.734655
v -3.661253 4.638768 3.470626
v -2.377757 6.143394 5.664094
v -3.349518 5.253693 5.364562
v -3.786674 4.039781 4.963121
v -2.511500 5.376602 6.366650
v -2.884920 4.612225 6.355572
v -3.386176 4.071054 5.931643
v -3.819795 4.377096 4.279311
v -3.426287 5.552027 4.623563
v -2.488676 6.370371 4.943971
vt 0.500000 0.007536
vt 0.500000 0.282737
vt 0.214270 0.305657
vt 0.785730 0.305657
vt 0.500000 0.505531
vt 0.194937 0.515999
vt 0.805063 0.515999
vt 0.177795 0.702498
vt 0.500000 0.703071
vt 0.500000 0.992464
vt 0.300016 0.930393
vt 0.822205 0.702498
vt 0.699984 0.930393
vt 0.500000 0.007536
vt 0.500000 0.282737
vt 0.214270 0.305657
vt 0.785730 0.305657
vt 0.500000 0.505531
vt 0.194937 0.515999
vt 0.805063 0.515999
vt 0.177795 0.702498
vt 0.500000 0.703071
vt 0.500000 0.992464
vt 0.300016 0.930393
vt 0.822205 0.702498
vt 0.699984 0.930393
vt 0.500000 0.007536
vt 0.500000 0.282737
vt 0.214270 0.305657
vt 0.785730 0.305657
vt 0.500000 0.505531
vt 0.194937 0.515999
vt 0.805063 0.515999
vt 0.177795 0.702498
vt 0.500000 0.703071
vt 0.500000 0.992464
vt 0.300016 0.930393
vt 0.822205 0.702498
vt 0.699984 0.930393
vt 0.500000 0.007536
vt 0.500000 0.282737
vt 0.214270 0.305657
vt 0.785730 0.305657
vt 0.500000 0.505531
vt 0.194937 0.515999
vt 0.805063 0.515999
vt 0.177795 0.702498
vt 0.500000 0.703071
vt 0.500000 0.992464
vt 0.300016 0.930393
vt 0.822205 0.702498
vt 0.699984 0.930393
vt 0.500000 0.007536
vt 0.500000 0.282737
vt 0.214270 0.305657
vt 0.785730 0.305657
vt 0.500000 0.505531
vt 0.194937 0.515999
vt 0.805063 0.515999
vt 0.177795 0.702498
vt 0.500000 0.703071
vt 0.500000 0.992464
vt 0.300016 0.930393
vt 0.822205 0.702498
vt 0.699984 0.930393
vt 0.500000 0.007536
vt 0.500000 0.282737
vt 0.214270 0.305657
vt 0.785730 0.305657
vt 0.500000 0.505531
vt 0.194937 0.515999
vt 0.805063 0.515999
vt 0.177795 0.702498
vt 0.500000 0.703071
vt 0.500000 0.992464
vt 0.300016 0.930393
vt 0.822205 0.702498
vt 0.699984 0.930393
vt 0.500000 0.007536
vt 0.500000 0.282737
vt 0.214270 0.305657
vt 0.785730 0.305657
vt 0.500000 0.505531
vt 0.194937 0.515999
vt 0.805063 0.515999
vt 0.177795 0.702498
vt 0.500000 0.703071
vt 0.500000 0.992464
vt 0.300016 0.930393
vt 0.822205 0.702498
vt 0.699984 0.930393
vt 0.500000 0.007536
vt 0.500000 0.282737
vt 0.214270 0.305657
vt 0.785730 0.305657
vt 0.500000 0.505531
vt 0.194937 0.515999
vt 0.805063 0.515999
vt 0.177795 0.702498
vt 0.500000 0.703071
vt 0.500000 0.992464
vt 0.300016 0.930393
vt 0.822205 0.702498
vt 0.699984 0.930393
vn 0.070660 0.125248 0.989606
vn 0.081339 0.286796 0.954532
vn -0.207385 0.344430 0.915620
vn 0.367179 0.274980 0.888575
vn 0.083555 0.564665 0.821080
vn -0.198151 0.604799 0.771333
vn 0.365712 0.509072 0.779167
vn -0.171391 0.794586 0.582458
vn 0.068706 0.788040 0.611778
vn 0.054995 0.838509 0.542105
vn -0.156221 0.836000 0.526021
vn 0.315604 0.728591 0.607906
vn 0.277492 0.799696 0.532433
vn -0.533419 0.597053 0.599159
vn -0.417395 0.580300 0.699309
vn -0.263495 0.752390 0.603722
vn -0.482276 0.359379 0.798910
vn -0.212687 0.525603 0.823715
vn -0.084974 0.702087 0.707003
vn -0.305101 0.309513 0.900619
vn 0.125623 0.573311 0.809650
vn 0.047069 0.420145 0.906235
vn 0.161252 0.362225 0.918036
vn 0.223872 0.472652 0.852339
vn -0.052242 0.259582 0.964307
vn 0.095336 0.244396 0.964978
vn 0.565229 0.597053 0.569248
vn 0.672323 0.580300 0.459601
vn 0.586379 0.752390 0.300115
vn 0.767747 0.359379 0.530483
vn 0.809080 0.525603 0.262929
vn 0.700442 0.702087 0.128281
vn 0.880157 0.309514 0.359896
vn 0.815842 0.573311 -0.075607
vn 0.907415 0.420145 0.008737
vn 0.926214 0.362225 -0.104504
vn 0.864490 0.472653 -0.171045
vn 0.959271 0.259582 0.111431
vn 0.969013 0.244396 -0.035827
vn 0.992078 0.125248 -0.009683
vn 0.957727 0.286796 -0.022498
vn 0.901137 0.344430 0.263287
vn 0.909469 0.274980 -0.311853
vn 0.824664 0.564665 -0.032915
vn 0.757691 0.604799 0.245199
vn 0.800177 0.509072 -0.317116
vn 0.570819 0.794586 0.206878
vn 0.614845 0.788040 -0.030962
vn 0.544461 0.838509 -0.021561
vn 0.515421 0.836001 0.188267
vn 0.626159 0.728591 -0.277631
vn 0.548487 0.799696 -0.244232
vn 0.097763 0.597053 -0.796223
vn -0.054632 0.580300 -0.812568
vn -0.126808 0.752390 -0.646397
vn -0.057947 0.359379 -0.931391
vn -0.293759 0.525603 -0.798403
vn -0.332381 0.702086 -0.629760
vn -0.261518 0.309514 -0.914226
vn -0.563971 0.573311 -0.594350
vn -0.554324 0.420145 -0.718472
vn -0.654938 0.362225 -0.663211
vn -0.669055 0.472653 -0.573555
vn -0.505695 0.259582 -0.822733
vn -0.627440 0.244396 -0.739317
vn -0.621160 0.125248 -0.773611
vn -0.609986 0.286796 -0.738692
vn -0.350411 0.344430 -0.870965
vn -0.807522 0.274980 -0.521818
vn -0.535878 0.564665 -0.627685
vn -0.275910 0.604799 -0.747055
vn -0.744067 0.509072 -0.432679
vn -0.190453 0.794586 -0.576507
vn -0.404581 0.788040 -0.464011
vn -0.353664 0.838509 -0.414516
vn -0.170817 0.836001 -0.521464
vn -0.605418 0.728591 -0.320350
vn -0.531135 0.799696 -0.279969
vn -0.888815 0.125248 0.440818
vn -0.852312 0.286796 0.437392
vn -0.925846 0.344430 0.155491
vn -0.682843 0.274980 0.676840
vn -0.727996 0.564665 0.388813
vn -0.788843 0.604799 0.109294
vn -0.582170 0.509072 0.633975
vn -0.603937 0.794586 0.062398
vn -0.539975 0.788040 0.295668
vn -0.480713 0.838509 0.256549
vn -0.545963 0.836001 0.055023
vn -0.442723 0.728591 0.522638
vn -0.387352 0.799696 0.458742
vn -0.756736 0.597053 -0.266229
vn -0.805381 0.580300 -0.120884
vn -0.658553 0.752390 -0.014754
vn -0.922150 0.359379 -0.143127
vn -0.842823 0.525603 0.115718
vn -0.686385 0.702087 0.189605
vn -0.949039 0.309514 0.059389
vn -0.701461 0.573311 0.423400
vn -0.820627 0.420145 0.387361
vn -0.788227 0.362225 0.497485
vn -0.703684 0.472652 0.530499
vn -0.912035 0.259582 0.317506
vn -0.856666 0.244396 0.454306
s 1
g polySurface348
usemtl HOJA_02:HOJA02
f 709/709/753 711/710/754 710/711/755
f 709/709/753 712/712/756 711/710/754
f 710/711/755 711/710/754 720/713/757 721/714/758
f 711/710/754 712/712/756 719/715/759 720/713/757
f 713/716/760 714/717/761 717/718/762 716/719/763
f 714/717/761 715/720/764 718/721/765 717/718/762
f 720/713/757 719/715/759 715/720/764 714/717/761
f 721/714/758 720/713/757 714/717/761 713/716/760
s 2
f 722/722/766 724/723/767 723/724/768
f 722/722/766 725/725/769 724/723/767
f 723/724/768 724/723/767 733/726/770 734/727/771
f 724/723/767 725/725/769 732/728/772 733/726/770
f 726/729/773 727/730/774 730/731/775 729/732/776
f 727/730/774 728/733/777 731/734/778 730/731/775
f 733/726/770 732/728/772 728/733/777 727/730/774
f 734/727/771 733/726/770 727/730/774 726/729/773
s 3
f 735/735/779 737/736/780 736/737/781
f 735/735/779 738/738/782 737/736/780
f 736/737/781 737/736/780 746/739/783 747/740/784
f 737/736/780 738/738/782 745/741/785 746/739/783
f 739/742/786 740/743/787 743/744/788 742/745/789
f 740/743/787 741/746/790 744/747/791 743/744/788
f 746/739/783 745/741/785 741/746/790 740/743/787
f 747/740/784 746/739/783 740/743/787 739/742/786
s 4
f 748/748/792 750/749/793 749/750/794
f 748/748/792 751/751/795 750/749/793
f 749/750/794 750/749/793 759/752/796 760/753/797
f 750/749/793 751/751/795 758/754/798 759/752/796
f 752/755/799 753/756/800 756/757/801 755/758/802
f 753/756/800 754/759/803 757/760/804 756/757/801
f 759/752/796 758/754/798 754/759/803 753/756/800
f 760/753/797 759/752/796 753/756/800 752/755/799
s 5
f 761/761/805 763/762/806 762/763/807
f 761/761/805 764/764/808 763/762/806
f 762/763/807 763/762/806 772/765/809 773/766/810
f 763/762/806 764/764/808 771/767/811 772/765/809
f 765/768/812 766/769/813 769/770/814 768/771/815
f 766/769/813 767/772/816 770/773/817 769/770/814
f 772/765/809 771/767/811 767/772/816 766/769/813
f 773/766/810 772/765/809 766/769/813 765/768/812
s 6
f 774/774/818 776/775/819 775/776/820
f 774/774/818 777/777/821 776/775/819
f 775/776/820 776/775/819 785/778/822 786/779/823
f 776/775/819 777/777/821 784/780/824 785/778/822
f 778/781/825 779/782/826 782/783/827 781/784/828
f 779/782/826 780/785/829 783/786/830 782/783/827
f 785/778/822 784/780/824 780/785/829 779/782/826
f 786/779/823 785/778/822 779/782/826 778/781/825
s 7
f 787/787/831 789/788/832 788/789/833
f 787/787/831 790/790/834 789/788/832
f 788/789/833 789/788/832 798/791/835 799/792/836
f 789/788/832 790/790/834 797/793/837 798/791/835
f 791/794/838 792/795/839 795/796/840 794/797/841
f 792/795/839 793/798/842 796/799/843 795/796/840
f 798/791/835 797/793/837 793/798/842 792/795/839
f 799/792/836 798/791/835 792/795/839 791/794/838
s 8
f 800/800/844 802/801/845 801/802/846
f 800/800/844 803/803/847 802/801/845
f 801/802/846 802/801/845 811/804/848 812/805/849
f 802/801/845 803/803/847 810/806/850 811/804/848
f 804/807/851 805/808/852 808/809/853 807/810/854
f 805/808/852 806/811/855 809/812/856 808/809/853
f 811/804/848 810/806/850 806/811/855 805/808/852
f 812/805/849 811/804/848 805/808/852 804/807/851
g default
v -0.863579 -0.733326 -2.505916
v -2.275337 -1.013187 -3.015990
v -0.966553 0.821356 -3.073916
v -2.378311 0.541496 -3.583989
v -0.874580 1.601574 -3.776156
v -2.279759 1.291723 -4.293695
v -0.090349 1.430210 -5.967339
v -1.476732 1.034676 -6.506212
v 0.497448 0.913841 -7.498512
v -0.892226 0.533311 -8.033649
v -0.579467 1.702156 -4.735971
v -1.968209 1.317372 -5.272169
v -4.165447 -0.083400 -3.174629
v -1.465524 0.034845 -2.983967
v -4.327824 2.349071 -2.411338
v -1.636819 2.670502 -2.176991
v -4.437377 3.495237 -1.417291
v -1.768930 4.130943 -1.102178
v -4.683921 4.608181 1.768096
v -2.050922 4.446762 2.049807
v -4.794756 3.454619 4.094999
v -2.187753 3.067575 4.391121
v -4.560064 4.347099 -0.019899
v -1.888706 4.724800 0.261703
v -1.878293 -0.061682 -3.570737
v -3.213866 -0.097579 -1.920043
v -2.018377 2.171798 -3.629890
v -3.329828 2.205643 -1.957942
v -2.540457 3.435606 -4.022321
v -3.819712 3.562531 -2.322007
v -4.898018 3.741150 -5.926003
v -6.169020 3.891918 -4.218420
v -6.968155 2.957592 -7.623222
v -7.978584 3.861674 -5.686054
v -3.479844 3.976574 -4.770644
v -4.769201 4.074294 -3.079232
v -1.430065 0.482407 -1.499758
v -2.409773 0.225324 -3.366276
v -0.205709 2.226326 -2.382600
v -1.186634 1.960938 -4.247338
v 0.927023 3.005799 -3.084616
v -0.059459 2.605422 -4.941209
v 3.392491 1.872778 -4.237584
v 2.425546 1.135953 -6.122808
v 5.060870 0.317850 -4.885699
v 4.090993 -0.039156 -6.766627
v 2.096051 2.765336 -3.672726
v 1.103299 2.065410 -5.520127
v -0.133118 -0.060954 -3.123599
v -1.620384 -0.056943 -4.107899
v 0.226688 1.662230 -3.659817
v -1.260580 1.759757 -4.644121
v 0.673517 2.542602 -4.330804
v -0.813750 2.649423 -5.315107
v 1.952734 2.271624 -6.260001
v 0.465468 2.305453 -7.244305
v 2.935603 1.243712 -7.745001
v 1.448337 1.300409 -8.729302
v 1.241743 2.606988 -5.186809
v -0.245524 2.624378 -6.171112
v -1.336057 -0.406988 -0.868103
v -2.013397 -0.458209 -2.880173
v -1.358062 1.830899 -0.922275
v -2.066287 1.838553 -2.925606
v -0.894737 3.255662 -1.116889
v -1.586768 3.232445 -3.124799
v 1.452337 4.708117 -1.944183
v 0.941959 4.338622 -4.003506
v 3.914182 4.343812 -2.760002
v 3.297045 4.177821 -4.789116
v -0.019228 4.297130 -1.439234
v -0.625174 4.109807 -3.471507
v -2.202237 0.077166 -1.052249
v -1.234424 0.070215 -2.315114
v -1.469845 1.541312 -0.499032
v -0.502111 1.533177 -1.761951
v -0.757519 2.147646 0.043231
v 0.212057 2.222372 -1.218432
v 0.917359 1.186016 1.330428
v 1.887157 1.480941 0.068917
v 1.872409 0.313531 2.087563
v 2.827404 0.410412 0.815953
v 0.020536 1.890195 0.640147
v 1.000025 2.230554 -0.614750
v -3.586714 0.526605 -1.828767
v -1.612145 0.413544 -2.602143
v -2.997956 2.385831 -0.597365
v -1.024277 2.264299 -1.371773
v -2.492237 3.264247 0.565770
v -0.522810 3.103085 -0.213520
v -1.618598 1.939131 3.087602
v 0.365841 1.917613 2.325530
v -1.077907 0.046134 4.816651
v 0.903854 0.001584 4.051619
v -2.041130 3.050948 1.772986
v -0.078557 2.835000 0.986378
v -1.988049 0.069944 -1.688447
v -1.212524 -0.058851 -3.163611
v -2.143125 0.979785 -1.851058
v -1.367600 0.850989 -3.326223
v -1.829538 1.846690 -1.731819
v -1.054015 1.717893 -3.206983
v -0.286075 2.533771 -0.920564
v 0.485259 2.419004 -2.399423
v 0.941432 2.428081 -0.226024
v 1.693340 2.378340 -1.721995
v -1.160984 2.332872 -1.396657
v -0.385459 2.204076 -2.871822
v -1.875642 1.129982 -1.214318
v -3.629527 1.219587 -2.408344
v -0.916862 2.680101 -2.514098
v -2.657189 2.833550 -3.723510
v -0.122676 3.303740 -3.637859
v -1.870113 3.423715 -4.839201
v 1.408713 2.512814 -5.946991
v -0.418455 2.257286 -7.057838
v 2.199055 0.389730 -7.261074
v 0.418743 0.354879 -8.425107
v 0.664531 3.351076 -4.792475
v -1.120691 3.293095 -5.950932
v -0.862087 0.163946 -1.450941
v -0.891963 0.191544 -3.122040
v -0.556997 1.544769 -1.398942
v -0.586872 1.551484 -3.070041
v 0.066223 2.221769 -1.372884
v 0.036346 2.207450 -3.043985
v 1.940250 2.002569 -1.353411
v 1.910373 2.013381 -3.024512
v 3.216858 1.425046 -1.350345
v 3.186982 1.187761 -3.021447
v 0.938950 2.340140 -1.362568
v 0.909076 2.353275 -3.033668
v -0.898599 0.928525 -2.795047
v -2.808052 0.729499 -1.887187
v -1.677202 2.607683 -4.054314
v -3.598996 2.475808 -3.157327
v -2.291678 3.263042 -5.198232
v -4.183402 2.967523 -4.274751
v -3.254836 1.600202 -7.594067
v -5.064235 0.856642 -6.598056
v -3.829222 -0.316810 -9.230205
v -5.622658 -1.147235 -8.220128
v -2.827085 3.019202 -6.377553
v -4.669961 2.457841 -5.411035
v -2.786681 -0.060954 -3.552731
v -3.422196 -0.056943 -1.886316
v -3.388568 1.745271 -3.786665
v -4.024081 1.767617 -2.120248
v -4.140980 2.513377 -4.076067
v -4.776493 2.658742 -2.409652
v -6.303091 2.053190 -4.902794
v -6.938602 2.412148 -3.236379
v -7.732889 0.854143 -5.331157
v -8.368403 1.150090 -3.664745
v -5.100466 2.595046 -4.443504
v -5.735977 2.868969 -2.777088
v -6.483741 2.754531 -3.062662
v -5.848230 2.436962 -4.729079
v -2.536867 -0.073408 -1.273791
v -1.055556 0.185539 -0.571466
v -3.006326 1.406826 -0.787951
v -1.525367 1.662328 -0.082965
v -3.309735 2.050695 -0.248889
v -1.820490 2.213398 0.492447
v -4.200680 3.279147 1.179184
v -2.748285 3.118402 2.075490
v -4.968891 3.233271 2.565385
v -3.598947 3.273174 3.516800
v -3.842175 2.848956 0.444725
v -2.334148 2.837978 1.247598
v -2.825467 0.535661 -3.644529
v -1.752409 0.287122 -1.828878
v -4.032424 2.236443 -2.695604
v -2.958110 2.000037 -0.881828
v -5.141704 2.968567 -1.936020
v -4.061647 2.721908 -0.130819
v -7.532081 1.935877 -0.669421
v -6.472216 1.787447 1.165923
v -9.141176 0.268272 0.051483
v -8.078282 0.086680 1.882302
v -6.277783 2.760187 -1.292742
v -5.191244 2.473579 0.502786
v -2.232638 0.108628 -2.529155
v -2.564133 0.130275 -0.973141
v -3.251390 1.484321 -2.765330
v -3.582692 1.504798 -1.209258
v -4.179862 1.906196 -2.971172
v -4.515729 2.102732 -1.416461
v -6.181871 0.546289 -3.385886
v -6.518281 0.941554 -1.831336
v -7.293617 -0.376087 -3.626117
v -7.593366 -0.154677 -2.060646
v -5.125370 1.438367 -3.169749
v -5.485795 1.892991 -1.622355
v -1.522128 0.215838 -2.921676
v -3.158478 -0.001816 -3.093662
v -1.676177 1.726004 -3.528846
v -3.312528 1.459688 -3.700830
v -1.716364 2.378690 -4.268328
v -3.352758 1.953039 -4.440338
v -1.597418 2.071133 -6.414831
v -3.233852 1.280298 -6.586865
v -1.426584 1.069585 -8.063225
v -3.062935 0.155901 -8.235210
v -1.690450 2.491755 -5.219373
v -3.326919 1.933010 -5.391424
v -1.924066 0.969407 -2.064690
v -3.980564 1.468675 -2.241867
v -1.370286 3.041920 -2.704663
v -3.412434 3.605817 -2.868067
v -1.020779 4.172797 -3.600573
v -3.102154 4.560001 -3.801639
v -0.782708 5.240317 -6.534347
v -3.058317 4.815470 -6.921909
v -0.894041 4.935344 -8.950962
v -3.133981 4.608328 -9.304275
v -0.806298 4.851144 -4.840874
v -2.978129 4.854467 -5.128796
vt 0.008932 0.002755
vt 0.244292 0.002755
vt 0.244292 0.252403
vt 0.008932 0.252403
vt 0.244292 0.411917
vt 0.008932 0.411917
vt 0.244292 0.574062
vt 0.008932 0.574062
vt 0.008932 0.748646
vt 0.244292 0.748646
vt 0.244292 0.997245
vt 0.008932 0.997245
vt 0.506883 0.002755
vt 0.742243 0.002755
vt 0.742243 0.252403
vt 0.506883 0.252403
vt 0.742243 0.411917
vt 0.506883 0.411917
vt 0.742243 0.574062
vt 0.506883 0.574062
vt 0.506883 0.748646
vt 0.742243 0.748646
vt 0.742243 0.997245
vt 0.506883 0.997245
vt 0.506883 0.002755
vt 0.742243 0.002755
vt 0.742243 0.252403
vt 0.506883 0.252403
vt 0.742243 0.411917
vt 0.506883 0.411917
vt 0.742243 0.574062
vt 0.506883 0.574062
vt 0.506883 0.748646
vt 0.742243 0.748646
vt 0.742243 0.997245
vt 0.506883 0.997245
vt 0.506883 0.002755
vt 0.742243 0.002755
vt 0.742243 0.252403
vt 0.506883 0.252403
vt 0.742243 0.411917
vt 0.506883 0.411917
vt 0.742243 0.574062
vt 0.506883 0.574062
vt 0.506883 0.748646
vt 0.742243 0.748646
vt 0.742243 0.997245
vt 0.506883 0.997245
vt 0.755973 0.002755
vt 0.991333 0.002755
vt 0.991333 0.252403
vt 0.755973 0.252403
vt 0.991333 0.411917
vt 0.755973 0.411917
vt 0.991333 0.574062
vt 0.755973 0.574062
vt 0.755973 0.748646
vt 0.991333 0.748646
vt 0.991333 0.997245
vt 0.755973 0.997245
vt 0.506883 0.002755
vt 0.742243 0.002755
vt 0.742243 0.252403
vt 0.506883 0.252403
vt 0.742243 0.411917
vt 0.506883 0.411917
vt 0.742243 0.574062
vt 0.506883 0.574062
vt 0.506883 0.748646
vt 0.742243 0.748646
vt 0.742243 0.997245
vt 0.506883 0.997245
vt 0.506883 0.002755
vt 0.742243 0.002755
vt 0.742243 0.252403
vt 0.506883 0.252403
vt 0.742243 0.411917
vt 0.506883 0.411917
vt 0.742243 0.574062
vt 0.506883 0.574062
vt 0.506883 0.748646
vt 0.742243 0.748646
vt 0.742243 0.997245
vt 0.506883 0.997245
vt 0.506883 0.002755
vt 0.742243 0.002755
vt 0.742243 0.252403
vt 0.506883 0.252403
vt 0.742243 0.411917
vt 0.506883 0.411917
vt 0.742243 0.574062
vt 0.506883 0.574062
vt 0.506883 0.748646
vt 0.742243 0.748646
vt 0.742243 0.997245
vt 0.506883 0.997245
vt 0.008932 0.002755
vt 0.244292 0.002755
vt 0.244292 0.252403
vt 0.008932 0.252403
vt 0.244292 0.411917
vt 0.008932 0.411917
vt 0.244292 0.574062
vt 0.008932 0.574062
vt 0.008932 0.748646
vt 0.244292 0.748646
vt 0.244292 0.997245
vt 0.008932 0.997245
vt 0.506883 0.002755
vt 0.742243 0.002755
vt 0.742243 0.252403
vt 0.506883 0.252403
vt 0.742243 0.411917
vt 0.506883 0.411917
vt 0.742243 0.574062
vt 0.506883 0.574062
vt 0.506883 0.748646
vt 0.742243 0.748646
vt 0.742243 0.997245
vt 0.506883 0.997245
vt 0.008932 0.002755
vt 0.244292 0.002755
vt 0.244292 0.252403
vt 0.008932 0.252403
vt 0.244292 0.411917
vt 0.008932 0.411917
vt 0.244292 0.574062
vt 0.008932 0.574062
vt 0.008932 0.748646
vt 0.244292 0.748646
vt 0.244292 0.997245
vt 0.008932 0.997245
vt 0.506883 0.002755
vt 0.742243 0.002755
vt 0.742243 0.252403
vt 0.506883 0.252403
vt 0.742243 0.411917
vt 0.506883 0.411917
vt 0.742243 0.574062
vt 0.506883 0.574062
vt 0.506883 0.748646
vt 0.742243 0.748646
vt 0.742243 0.997245
vt 0.506883 0.997245
vt 0.755973 0.002755
vt 0.991333 0.002755
vt 0.991333 0.252403
vt 0.755973 0.252403
vt 0.991333 0.411917
vt 0.755973 0.411917
vt 0.991333 0.574062
vt 0.755973 0.574062
vt 0.755973 0.748646
vt 0.991333 0.748646
vt 0.991333 0.997245
vt 0.755973 0.997245
vt 0.991333 0.682614
vt 0.755973 0.682614
vt 0.256240 0.004805
vt 0.491601 0.004805
vt 0.491601 0.252403
vt 0.256240 0.252403
vt 0.491601 0.413967
vt 0.256240 0.413967
vt 0.491601 0.576112
vt 0.256240 0.576112
vt 0.256240 0.750650
vt 0.491601 0.750650
vt 0.491601 0.999295
vt 0.256240 0.999295
vt 0.506883 0.002755
vt 0.742243 0.002755
vt 0.742243 0.252403
vt 0.506883 0.252403
vt 0.742243 0.411917
vt 0.506883 0.411917
vt 0.742243 0.574062
vt 0.506883 0.574062
vt 0.506883 0.748646
vt 0.742243 0.748646
vt 0.742243 0.997245
vt 0.506883 0.997245
vt 0.506883 0.002755
vt 0.742243 0.002755
vt 0.742243 0.252403
vt 0.506883 0.252403
vt 0.742243 0.411917
vt 0.506883 0.411917
vt 0.742243 0.574062
vt 0.506883 0.574062
vt 0.506883 0.748646
vt 0.742243 0.748646
vt 0.742243 0.997245
vt 0.506883 0.997245
vt 0.256240 0.004805
vt 0.491601 0.004805
vt 0.491601 0.252403
vt 0.256240 0.252403
vt 0.491601 0.413967
vt 0.256240 0.413967
vt 0.491601 0.576112
vt 0.256240 0.576112
vt 0.256240 0.750650
vt 0.491601 0.750650
vt 0.491601 0.999295
vt 0.256240 0.999295
vt 0.506883 0.002755
vt 0.742243 0.002755
vt 0.742243 0.252403
vt 0.506883 0.252403
vt 0.742243 0.411917
vt 0.506883 0.411917
vt 0.742243 0.574062
vt 0.506883 0.574062
vt 0.506883 0.748646
vt 0.742243 0.748646
vt 0.742243 0.997245
vt 0.506883 0.997245
vn -0.375932 0.295922 0.878126
vn -0.384242 0.443106 0.809948
vn -0.384260 0.443917 0.809495
vn -0.375932 0.295922 0.878126
vn -0.332867 0.873009 0.356446
vn -0.331339 0.876569 0.349057
vn -0.195610 0.967377 -0.160990
vn -0.193392 0.966560 -0.168406
vn -0.139250 0.937428 -0.319120
vn -0.121742 0.926877 -0.355074
vn -0.121742 0.926877 -0.355074
vn -0.137759 0.936587 -0.322221
vn 0.050779 0.298619 -0.953021
vn 0.021668 0.422129 -0.906277
vn 0.017948 0.437240 -0.899166
vn 0.050779 0.298619 -0.953021
vn -0.067950 0.746722 -0.661656
vn -0.076517 0.773147 -0.629595
vn -0.079285 0.968164 -0.237431
vn -0.076796 0.972142 -0.221454
vn 0.005461 0.958386 0.285422
vn 0.039114 0.877422 0.478122
vn 0.039114 0.877422 0.478122
vn 0.008067 0.953669 0.300748
vn 0.780835 0.057378 0.622097
vn 0.773274 0.205057 0.599999
vn 0.772492 0.211901 0.598628
vn 0.780835 0.057378 0.622097
vn 0.584693 0.702746 0.405318
vn 0.578042 0.711575 0.399411
vn 0.115577 0.993140 0.017744
vn 0.120579 0.992467 0.021657
vn -0.011415 0.978070 -0.207962
vn 0.016789 0.963201 -0.268257
vn 0.016789 0.963201 -0.268257
vn -0.013720 0.979085 -0.202986
vn -0.710873 0.643694 0.283403
vn -0.631405 0.745219 0.214420
vn -0.631553 0.745059 0.214542
vn -0.710873 0.643694 0.283403
vn -0.200291 0.971641 -0.125684
vn -0.200818 0.971582 -0.125300
vn 0.248854 0.868978 -0.427726
vn 0.260110 0.861870 -0.435341
vn 0.399894 0.785794 -0.471818
vn 0.451859 0.767211 -0.455205
vn 0.451859 0.767211 -0.455204
vn 0.408735 0.782848 -0.469131
vn -0.510315 0.342701 0.788755
vn -0.468018 0.475146 0.745114
vn -0.464596 0.484276 0.741369
vn -0.510315 0.342701 0.788755
vn -0.213578 0.893368 0.395321
vn -0.207952 0.898433 0.386749
vn 0.092086 0.991009 -0.097068
vn 0.091921 0.991053 -0.096770
vn 0.237524 0.915606 -0.324420
vn 0.291900 0.868268 -0.401129
vn 0.291900 0.868268 -0.401129
vn 0.236888 0.916087 -0.323524
vn -0.945242 -0.008445 0.326260
vn -0.937053 0.129492 0.324290
vn -0.936327 0.135160 0.324075
vn -0.945242 -0.008445 0.326260
vn -0.808815 0.530202 0.254369
vn -0.807731 0.532171 0.253703
vn -0.451026 0.891347 0.045566
vn -0.450797 0.891469 0.045440
vn -0.060161 0.991470 -0.115621
vn 0.059224 0.987558 -0.145679
vn 0.059224 0.987558 -0.145679
vn -0.047473 0.991769 -0.118910
vn -0.670929 0.531261 -0.517316
vn -0.605043 0.651748 -0.457327
vn -0.605103 0.651655 -0.457380
vn -0.670929 0.531261 -0.517316
vn -0.259207 0.960186 -0.104183
vn -0.254736 0.961882 -0.099458
vn 0.205537 0.912338 0.354109
vn 0.193548 0.919156 0.343063
vn 0.388234 0.800817 0.456033
vn 0.437440 0.777058 0.452579
vn 0.437440 0.777058 0.452579
vn 0.379955 0.804528 0.456475
vn -0.264047 0.590026 -0.762987
vn -0.223496 0.693785 -0.684625
vn -0.223708 0.693300 -0.685047
vn -0.264047 0.590026 -0.762987
vn -0.014554 0.969587 -0.244314
vn -0.016845 0.968250 -0.249416
vn 0.216174 0.902633 0.372187
vn 0.216215 0.902560 0.372339
vn 0.266740 0.736386 0.621760
vn 0.270809 0.687703 0.673593
vn 0.270809 0.687703 0.673593
vn 0.266467 0.739054 0.618704
vn -0.870133 -0.226530 -0.437668
vn -0.880461 0.069726 -0.468964
vn -0.880964 0.064476 -0.468770
vn -0.870133 -0.226530 -0.437668
vn -0.665985 0.626562 -0.404826
vn -0.672510 0.617803 -0.407492
vn -0.292118 0.927865 -0.231805
vn -0.297557 0.925445 -0.234543
vn -0.018977 0.996886 -0.076537
vn 0.070626 0.997322 -0.018989
vn 0.070626 0.997322 -0.018989
vn -0.023005 0.996601 -0.079107
vn -0.361696 0.715104 0.598165
vn -0.295923 0.804182 0.515481
vn -0.293073 0.807545 0.511839
vn -0.361696 0.715104 0.598165
vn -0.083783 0.978385 0.189057
vn -0.082678 0.978866 0.187046
vn 0.158295 0.939809 -0.302823
vn 0.158406 0.939710 -0.303071
vn 0.334120 0.706199 -0.624216
vn 0.384879 0.614390 -0.688762
vn 0.384879 0.614390 -0.688762
vn 0.339775 0.696919 -0.631551
vn -0.976071 0.216558 0.019673
vn -0.907523 0.419661 0.016942
vn -0.912644 0.408397 0.017122
vn -0.976071 0.216558 0.019673
vn -0.463446 0.886095 0.007283
vn -0.478596 0.878003 0.007523
vn 0.113880 0.993493 0.001670
vn 0.105303 0.994439 0.001694
vn 0.416391 0.908323 -0.039601
vn 0.480637 0.874292 -0.067836
vn 0.480637 0.874292 -0.067836
vn 0.413989 0.909465 -0.038562
vn 0.277317 0.649710 0.707794
vn 0.213562 0.763019 0.610076
vn 0.210740 0.767369 0.605585
vn 0.277317 0.649710 0.707794
vn -0.107363 0.985305 0.132843
vn -0.104179 0.985007 0.137504
vn -0.456115 0.777996 -0.432066
vn -0.464001 0.764953 -0.446709
vn -0.553247 0.613815 -0.563160
vn -0.571190 0.615908 -0.542585
vn -0.571190 0.615908 -0.542585
vn -0.556885 0.614273 -0.559060
vn 0.881208 0.335125 0.333412
vn 0.824489 0.480200 0.299377
vn 0.823571 0.482092 0.298861
vn 0.881208 0.335125 0.333412
vn 0.469748 0.877288 0.098498
vn 0.458526 0.883882 0.092227
vn 0.053161 0.990490 -0.126899
vn 0.053661 0.990499 -0.126615
vn -0.535550 0.765871 -0.355849
vn -0.545571 0.758200 -0.357050
vn -0.545572 0.758200 -0.357050
vn -0.533518 0.767403 -0.355600
vn -0.285252 0.916408 -0.280763
vn -0.267710 0.923580 -0.274466
vn 0.339063 0.389819 -0.856199
vn 0.303836 0.511601 -0.803709
vn 0.301155 0.519768 -0.799467
vn 0.339063 0.389819 -0.856199
vn 0.241162 0.753964 -0.611048
vn 0.240914 0.753624 -0.611564
vn 0.247265 0.855858 -0.454276
vn 0.248002 0.851715 -0.461602
vn 0.120223 0.984770 -0.125597
vn 0.049419 0.998726 -0.010169
vn 0.049419 0.998726 -0.010169
vn 0.115765 0.986208 -0.118290
vn 0.683070 0.658369 -0.316174
vn 0.604466 0.753818 -0.257642
vn 0.604005 0.754301 -0.257309
vn 0.683070 0.658369 -0.316174
vn 0.220334 0.975404 0.006343
vn 0.221912 0.975052 0.005314
vn -0.240487 0.933222 0.266951
vn -0.239740 0.933508 0.266622
vn -0.495007 0.786438 0.369435
vn -0.573576 0.716727 0.396627
vn -0.573576 0.716727 0.396627
vn -0.492378 0.788531 0.368487
vn 0.780279 0.605148 0.157989
vn 0.676701 0.727215 0.115036
vn 0.676898 0.727020 0.115114
vn 0.780279 0.605148 0.157989
vn 0.113841 0.986704 -0.115997
vn 0.109167 0.987012 -0.117853
vn -0.473022 0.825051 -0.309099
vn -0.450663 0.839463 -0.303653
vn -0.605146 0.737702 -0.299322
vn -0.620553 0.735515 -0.271904
vn -0.620553 0.735515 -0.271904
vn -0.601596 0.738093 -0.305451
vn -0.150082 0.360616 0.920560
vn -0.183740 0.526993 0.829770
vn -0.184035 0.528521 0.828732
vn -0.150082 0.360616 0.920560
vn -0.271537 0.903643 0.331204
vn -0.272200 0.905549 0.325406
vn -0.310417 0.925514 -0.216945
vn -0.311287 0.917806 -0.246440
vn -0.330797 0.813570 -0.478202
vn -0.345881 0.771802 -0.533562
vn -0.345881 0.771802 -0.533562
vn -0.335363 0.801827 -0.494576
vn -0.004545 0.289139 0.957276
vn 0.028346 0.431594 0.901623
vn 0.029698 0.437284 0.898833
vn -0.004545 0.289139 0.957276
vn 0.064745 0.812319 0.579609
vn 0.064756 0.812237 0.579723
vn -0.041258 0.974967 0.218489
vn -0.048252 0.977229 0.206631
vn -0.130048 0.991497 -0.004573
vn -0.147565 0.984059 -0.099262
vn -0.147565 0.984059 -0.099262
vn -0.134645 0.990475 -0.028805
s 1
g polySurface166
usemtl PASTO_PLANTA02:aiStandardSurface1SG2
f 813/813/857 815/816/858 816/815/859 814/814/860
f 815/816/858 817/818/861 818/817/862 816/815/859
f 817/818/861 823/820/863 824/819/864 818/817/862
f 819/821/865 821/824/866 822/823/867 820/822/868
f 823/820/863 819/821/865 820/822/868 824/819/864
s 2
f 825/825/869 827/828/870 828/827/871 826/826/872
f 827/828/870 829/830/873 830/829/874 828/827/871
f 829/830/873 835/832/875 836/831/876 830/829/874
f 831/833/877 833/836/878 834/835/879 832/834/880
f 835/832/875 831/833/877 832/834/880 836/831/876
s 3
f 837/837/881 839/840/882 840/839/883 838/838/884
f 839/840/882 841/842/885 842/841/886 840/839/883
f 841/842/885 847/844/887 848/843/888 842/841/886
f 843/845/889 845/848/890 846/847/891 844/846/892
f 847/844/887 843/845/889 844/846/892 848/843/888
s 4
f 849/849/893 851/852/894 852/851/895 850/850/896
f 851/852/894 853/854/897 854/853/898 852/851/895
f 853/854/897 859/856/899 860/855/900 854/853/898
f 855/857/901 857/860/902 858/859/903 856/858/904
f 859/856/899 855/857/901 856/858/904 860/855/900
s 5
f 861/861/905 863/864/906 864/863/907 862/862/908
f 863/864/906 865/866/909 866/865/910 864/863/907
f 865/866/909 871/868/911 872/867/912 866/865/910
f 867/869/913 869/872/914 870/871/915 868/870/916
f 871/868/911 867/869/913 868/870/916 872/867/912
s 6
f 873/873/917 875/876/918 876/875/919 874/874/920
f 875/876/918 877/878/921 878/877/922 876/875/919
f 877/878/921 883/880/923 884/879/924 878/877/922
f 879/881/925 881/884/926 882/883/927 880/882/928
f 883/880/923 879/881/925 880/882/928 884/879/924
s 7
f 885/885/929 887/888/930 888/887/931 886/886/932
f 887/888/930 889/890/933 890/889/934 888/887/931
f 889/890/933 895/892/935 896/891/936 890/889/934
f 891/893/937 893/896/938 894/895/939 892/894/940
f 895/892/935 891/893/937 892/894/940 896/891/936
s 8
f 897/897/941 899/900/942 900/899/943 898/898/944
f 899/900/942 901/902/945 902/901/946 900/899/943
f 901/902/945 907/904/947 908/903/948 902/901/946
f 903/905/949 905/908/950 906/907/951 904/906/952
f 907/904/947 903/905/949 904/906/952 908/903/948
s 9
f 909/909/953 911/912/954 912/911/955 910/910/956
f 911/912/954 913/914/957 914/913/958 912/911/955
f 913/914/957 919/916/959 920/915/960 914/913/958
f 915/917/961 917/920/962 918/919/963 916/918/964
f 919/916/959 915/917/961 916/918/964 920/915/960
s 10
f 921/921/965 923/924/966 924/923/967 922/922/968
f 923/924/966 925/926/969 926/925/970 924/923/967
f 925/926/969 931/928/971 932/927/972 926/925/970
f 927/929/973 929/932/974 930/931/975 928/930/976
f 931/928/971 927/929/973 928/930/976 932/927/972
s 11
f 933/933/977 935/936/978 936/935/979 934/934/980
f 935/936/978 937/938/981 938/937/982 936/935/979
f 937/938/981 943/940/983 944/939/984 938/937/982
f 939/941/985 941/944/986 942/943/987 940/942/988
f 943/940/983 939/941/985 940/942/988 944/939/984
s 12
f 945/945/989 947/948/990 948/947/991 946/946/992
f 947/948/990 949/950/993 950/949/994 948/947/991
f 949/950/993 955/952/995 956/951/996 950/949/994
f 951/953/997 953/956/998 954/955/999 952/954/1000
f 955/952/995 951/953/997 952/954/1000 956/951/996
s 13
f 957/957/1001 959/960/1002 960/959/1003 958/958/1004
f 959/960/1002 961/962/1005 962/961/1006 960/959/1003
f 961/962/1005 967/964/1007 968/963/1008 962/961/1006
f 963/965/1009 965/968/1010 966/967/1011 964/966/1012
f 967/964/1007 970/970/1013 969/969/1014 968/963/1008
f 970/970/1013 963/965/1009 964/966/1012 969/969/1014
s 15
f 971/971/1015 973/974/1016 974/973/1017 972/972/1018
f 973/974/1016 975/976/1019 976/975/1020 974/973/1017
f 975/976/1019 981/978/1021 982/977/1022 976/975/1020
f 977/979/1023 979/982/1024 980/981/1025 978/980/1026
f 981/978/1021 977/979/1023 978/980/1026 982/977/1022
s 16
f 983/983/1027 985/986/1028 986/985/1029 984/984/1030
f 985/986/1028 987/988/1031 988/987/1032 986/985/1029
f 987/988/1031 993/990/1033 994/989/1034 988/987/1032
f 989/991/1035 991/994/1036 992/993/1037 990/992/1038
f 993/990/1033 989/991/1035 990/992/1038 994/989/1034
s 17
f 995/995/1039 997/998/1040 998/997/1041 996/996/1042
f 997/998/1040 999/1000/1043 1000/999/1044 998/997/1041
f 999/1000/1043 1005/1002/1045 1006/1001/1046 1000/999/1044
f 1001/1003/1047 1003/1006/1048 1004/1005/1049 1002/1004/1050
f 1005/1002/1045 1001/1003/1047 1002/1004/1050 1006/1001/1046
s 18
f 1007/1007/1051 1009/1010/1052 1010/1009/1053 1008/1008/1054
f 1009/1010/1052 1011/1012/1055 1012/1011/1056 1010/1009/1053
f 1011/1012/1055 1017/1014/1057 1018/1013/1058 1012/1011/1056
f 1013/1015/1059 1015/1018/1060 1016/1017/1061 1014/1016/1062
f 1017/1014/1057 1013/1015/1059 1014/1016/1062 1018/1013/1058
s 19
f 1019/1019/1063 1021/1022/1064 1022/1021/1065 1020/1020/1066
f 1021/1022/1064 1023/1024/1067 1024/1023/1068 1022/1021/1065
f 1023/1024/1067 1029/1026/1069 1030/1025/1070 1024/1023/1068
f 1025/1027/1071 1027/1030/1072 1028/1029/1073 1026/1028/1074
f 1029/1026/1069 1025/1027/1071 1026/1028/1074 1030/1025/1070
g default
v 7.288730 0.183639 -0.287937
v 7.885755 -0.010831 -1.898802
v 8.349282 1.719233 -0.080255
v 8.946306 1.524763 -1.691121
v 9.328756 2.032002 0.192482
v 9.923213 1.830411 -1.419263
v 11.169484 1.573686 0.855213
v 11.734667 1.290889 -0.766562
v 12.468679 0.448428 1.395028
v 13.042293 0.189016 -0.223858
v 10.280452 2.048379 0.508560
v 10.862395 1.812076 -1.107472
v 4.987695 -0.018238 -1.191127
v 5.494772 -0.064403 -0.560433
v 4.648884 0.725669 -0.864271
v 5.155961 0.679504 -0.233578
v 4.303983 1.097755 -0.559736
v 4.811059 1.051590 0.070958
v 3.439810 1.266607 0.147418
v 3.949198 1.212415 0.776713
v 2.821859 1.081738 0.633121
v 3.341266 0.992765 1.256358
v 3.906031 1.275224 -0.226793
v 4.413107 1.229059 0.403900
v 6.051786 0.134733 -0.148041
v 7.032206 0.380475 -1.313103
v 6.752275 1.393513 0.706942
v 7.732695 1.639255 -0.458119
v 7.433295 1.959554 1.400029
v 8.413715 2.205296 0.234968
v 9.076092 1.739167 2.785274
v 10.056512 1.984909 1.620213
v 10.236906 1.090697 3.651680
v 11.217326 1.336440 2.486619
v 8.198102 2.074938 2.083822
v 9.178523 2.320680 0.918760
v 5.777589 -0.722418 -0.021417
v 7.610540 -0.498799 -1.890993
v 6.195704 1.658165 0.715134
v 8.045835 1.981618 -1.129457
v 6.820575 2.668758 1.393710
v 8.698843 3.289182 -0.410173
v 8.992071 3.340984 3.539640
v 10.829898 3.525281 1.670696
v 10.699164 1.950150 5.124751
v 12.529868 2.086966 3.246805
v 7.747099 3.316271 2.327408
v 9.607967 3.750321 0.493823
v 7.088433 0.479495 -1.807779
v 5.097010 0.230279 -2.266213
v 7.212506 2.170050 -3.265776
v 5.221625 1.912783 -3.722190
v 7.411689 2.926379 -4.542182
v 5.423289 2.632314 -4.989365
v 8.121012 1.933120 -7.083500
v 6.123893 1.768421 -7.563136
v 8.698151 0.331271 -8.719774
v 6.702340 0.147162 -9.194541
v 7.717563 2.746925 -5.773335
v 5.731961 2.411341 -6.210103
v 7.248061 0.170779 -1.433261
v 7.832244 0.195827 -2.944504
v 7.502960 1.509349 -1.275027
v 8.087142 1.534397 -2.786270
v 8.052961 2.177459 -1.023764
v 8.637142 2.202508 -2.535006
v 9.728349 2.203265 -0.321080
v 10.312532 2.228314 -1.832323
v 10.873371 1.680975 0.148439
v 11.457553 1.706023 -1.362804
v 8.832727 2.355978 -0.695405
v 9.416909 2.381026 -2.206649
v 5.184388 -0.047240 -2.479482
v 5.341991 -0.043351 -0.757770
v 4.560657 1.723096 -2.426384
v 4.718258 1.726984 -0.704673
v 3.782227 2.699551 -2.357366
v 3.939830 2.717179 -0.635655
v 1.547444 3.380075 -2.154776
v 1.705046 3.383963 -0.433065
v -0.171680 3.253211 -1.997466
v -0.014079 3.257101 -0.275756
v 2.790253 3.275807 -2.267947
v 2.947854 3.288415 -0.546237
v 6.741637 -0.251357 -3.091680
v 5.216752 -0.677946 -0.996561
v 6.600945 1.950524 -2.816604
v 5.075965 1.524453 -0.721447
v 5.789296 2.973628 -3.328462
v 4.200097 2.898937 -1.239049
v 3.959543 2.694033 -4.971325
v 2.316885 2.910170 -2.933743
v 2.708968 0.869048 -5.952476
v 1.066311 1.085184 -3.914895
v 4.927251 3.343679 -4.035165
v 3.311020 3.357102 -1.955033
v 5.463064 0.221083 -3.202448
v 4.739701 0.010089 -1.780893
v 4.860014 1.685037 -3.273642
v 4.136651 1.474043 -1.852086
v 4.176693 2.356663 -3.493804
v 3.453294 2.180138 -2.072219
v 2.274948 2.814949 -4.346140
v 1.551512 2.674506 -2.924525
v 0.842092 2.769439 -5.072639
v 0.118729 2.558445 -3.651083
v 3.324801 2.704482 -3.847199
v 2.601333 2.595214 -2.425558
v 5.846921 0.089922 -0.720626
v 7.883094 -0.012212 -0.109931
v 5.702753 1.781412 -0.117202
v 7.738929 1.679278 0.493494
v 5.386854 2.493385 0.831363
v 7.423028 2.391251 1.442059
v 4.726550 2.369757 2.538460
v 6.762724 2.267624 3.149154
v 4.262122 1.456793 3.441382
v 6.298296 1.354659 4.052076
v 5.072145 2.529286 1.719022
v 7.104476 2.478801 2.370450
v 5.690118 -0.192730 -2.288568
v 5.166837 -0.088826 -0.644023
v 4.352232 1.022636 -2.791104
v 3.850484 1.094812 -1.138680
v 3.326536 1.365632 -3.142920
v 2.838877 1.417051 -1.485340
v 1.217778 0.755129 -3.782895
v 0.796295 0.709038 -2.101096
v -0.386951 0.139989 -4.247677
v -0.747725 0.004445 -2.543663
v 2.341688 1.208007 -3.452168
v 1.895877 1.197765 -1.779273
v 7.792795 0.086654 -1.077943
v 7.475366 0.079916 -2.587305
v 8.662211 1.505997 -1.267124
v 8.344695 1.498111 -2.776462
v 9.510900 2.146791 -1.448470
v 9.195473 2.166217 -2.958369
v 11.515368 1.506152 -1.867164
v 11.200187 1.528813 -3.377129
v 12.675379 0.682887 -2.091292
v 12.343423 0.486266 -3.596751
v 10.441297 2.032842 -1.643630
v 10.137105 2.199123 -3.156548
v 6.174888 -0.084861 -3.217841
v 4.916176 -0.174264 -2.444084
v 5.628860 1.236220 -3.953453
v 4.370149 1.146818 -3.179696
v 5.141555 1.774643 -4.671824
v 3.882843 1.685241 -3.898068
v 4.056415 1.049205 -6.411376
v 2.797702 0.959803 -5.637619
v 3.325085 0.324577 -7.643167
v 2.066373 0.235175 -6.869409
v 4.624106 1.631400 -5.480774
v 3.365394 1.541998 -4.707017
v 7.814017 0.379685 -3.450362
v 6.158241 0.384255 -2.227071
v 7.199306 2.287403 -4.282399
v 5.543530 2.366418 -3.059108
v 6.553224 3.268608 -5.156900
v 4.897448 3.348917 -3.933609
v 4.894142 3.859819 -7.402536
v 3.238366 3.699033 -6.179246
v 3.682386 3.438973 -9.042701
v 2.026609 3.438973 -7.819409
v 5.794477 3.764722 -6.183894
v 4.138701 3.720432 -4.960604
v 7.641942 0.108399 -1.223392
v 6.070887 -0.017631 -3.324030
v 8.227960 2.195642 -1.716006
v 6.656904 2.069612 -3.816646
v 9.237702 3.067862 -2.424834
v 7.666647 2.941832 -4.525474
v 11.145931 1.913494 -3.633096
v 9.574877 1.787465 -5.733734
v 12.269468 -0.157097 -4.187606
v 10.698415 -0.283127 -6.288245
v 10.201545 2.891410 -3.074134
v 8.664207 2.841914 -5.212348
v 7.021959 0.255784 -1.175965
v 5.613678 -0.011958 -2.147687
v 7.155732 2.094224 -1.278814
v 5.747458 1.826482 -2.250532
v 7.444244 3.083597 -1.653049
v 6.036119 2.756822 -2.627325
v 8.434146 3.904716 -3.076557
v 7.027986 3.428914 -4.056206
v 9.293289 3.127925 -4.387225
v 7.889697 2.878919 -5.350505
v 7.860255 3.622216 -2.238520
v 6.452634 3.178070 -3.217738
v 4.759013 -0.437754 -1.811772
v 6.686415 -0.348097 0.025031
v 4.250947 1.917005 -1.333612
v 6.178119 2.007569 0.503387
v 3.667468 2.772839 -0.707692
v 5.594641 2.863404 1.129308
v 1.826000 2.252264 1.382001
v 3.753172 2.342828 3.219000
v 0.493980 0.244537 2.921574
v 2.421151 0.335101 4.758574
v 2.862760 2.891154 0.194474
v 4.789932 2.981719 2.031474
v 6.986724 0.251522 -2.431136
v 5.920830 0.177695 -1.068197
v 6.506927 1.885565 -3.143900
v 5.441038 1.811736 -1.780967
v 5.968401 2.623033 -3.750761
v 4.912829 2.493991 -2.369485
v 4.570392 2.622115 -4.988011
v 3.542116 2.353489 -3.561871
v 3.601173 1.249527 -5.603864
v 2.518861 1.284009 -4.281641
v 5.339629 2.854715 -4.348190
v 4.304731 2.615868 -2.930632
v 6.713428 -0.047240 -3.787179
v 5.050206 -0.043351 -3.315142
v 6.546350 1.629052 -4.390458
v 4.883129 1.726984 -3.918422
v 6.335131 2.562755 -5.142856
v 4.671909 2.690425 -4.670819
v 5.724369 3.363550 -7.302085
v 4.061148 3.383963 -6.830048
v 5.253096 3.253213 -8.962818
v 3.589874 3.257102 -8.490782
v 6.064524 3.150109 -6.101387
v 4.401303 3.196029 -5.629350
v 5.736773 -0.064750 -1.194764
v 7.397373 -0.429035 -0.880369
v 5.779203 1.264081 0.120728
v 7.440721 0.906838 0.438537
v 5.673050 1.680292 1.161439
v 7.352209 1.458515 1.544909
v 5.192514 1.492356 3.480641
v 6.880627 1.339343 3.897441
v 4.786789 1.059934 5.125740
v 6.419429 0.480937 5.336067
v 5.470084 1.679985 2.230978
v 7.162948 1.563461 2.665465
v 4.769706 -0.011167 -1.236044
v 6.424183 0.019589 -0.735144
v 4.431228 1.521356 -0.212449
v 6.085706 1.557002 0.288450
v 4.123380 2.160143 0.758626
v 5.777858 2.257005 1.259525
v 3.424808 2.151909 3.051159
v 5.079286 2.334209 3.552061
v 2.948462 1.712858 4.651494
v 4.602940 1.743613 5.152394
v 3.792185 2.322937 1.832696
v 5.446662 2.477818 2.333596
v 5.528013 0.117154 -1.895636
v 6.204824 0.138138 -0.509828
v 4.609261 1.450750 -1.467123
v 5.286253 1.470600 -0.081386
v 3.777547 2.010974 -1.069407
v 4.450241 2.057830 0.318020
v 2.001576 1.189101 -0.189600
v 2.673761 1.239156 1.198028
v 1.009420 0.262872 0.291387
v 1.716116 0.096105 1.665444
v 2.937167 1.812133 -0.655965
v 3.586749 2.004194 0.740551
v 5.832348 0.183961 -1.313169
v 6.820681 0.065945 -0.049103
v 4.936569 1.193542 -0.496891
v 5.924355 1.076484 0.767549
v 4.247035 1.395054 0.098456
v 5.248352 1.254356 1.353636
v 2.607922 0.877661 1.364151
v 3.632291 0.696686 2.603556
v 1.749733 -0.389061 1.992850
v 2.711899 -0.461357 3.274823
v 3.484748 1.283171 0.708026
v 4.516599 1.089122 1.942310
v 7.408591 0.170779 -2.727304
v 6.160800 0.197532 -3.760814
v 7.639527 1.509349 -2.918823
v 6.391736 1.515857 -3.952333
v 8.052320 2.165632 -3.360678
v 6.804529 2.151751 -4.394188
v 9.250291 1.953140 -4.726532
v 8.002500 1.967814 -5.760042
v 10.058862 1.393289 -5.663409
v 8.811071 1.163265 -6.696918
v 8.611129 2.280381 -3.995963
v 7.363338 2.293114 -5.029473
v 5.766617 0.183961 -0.356022
v 7.133391 0.065946 -1.196611
v 6.477466 1.193542 0.625519
v 7.844553 1.076484 -0.214485
v 6.991867 1.395054 1.377374
v 8.351267 1.254355 0.522889
v 8.066082 0.877661 3.147894
v 9.412387 0.696686 2.268734
v 8.594743 -0.389061 4.071078
v 9.976382 -0.461357 3.258497
v 7.512256 1.283171 2.203119
v 8.854310 1.089122 1.315950
v 7.436981 -0.034582 -1.355700
v 5.489205 0.156241 -1.408321
v 7.644048 2.081639 -1.346115
v 5.694527 2.272463 -1.405236
v 7.786108 3.395849 -1.808295
v 5.840553 3.619993 -1.852651
v 8.005498 5.018769 -3.902903
v 6.058859 5.226670 -3.951288
v 8.110570 5.534775 -5.773124
v 6.162795 5.725598 -5.825747
v 7.903457 4.338591 -2.656172
v 5.962706 4.634802 -2.682648
v 5.794568 0.326255 -0.472972
v 6.468672 0.468317 -2.412929
v 6.554891 2.385628 -0.072448
v 7.234155 2.519423 -1.996734
v 7.472853 3.502197 0.342779
v 8.151793 3.598206 -1.598871
v 10.135576 3.355182 1.257268
v 10.800568 3.584031 -0.679501
v 12.174866 2.347879 1.892125
v 12.841952 2.556797 -0.045377
v 8.660965 3.717133 0.771369
v 9.344382 3.770509 -1.171847
v 5.413150 0.454909 -0.220951
v 7.039078 0.420197 0.374310
v 5.370104 2.134203 -0.994945
v 6.994743 2.099490 -0.404458
v 4.720711 4.510710 0.090471
v 6.340671 4.297720 0.793146
v 4.322891 4.801134 1.677038
v 5.902429 4.623898 2.323331
v 5.014089 3.994349 -0.781753
v 6.634915 3.808641 -0.100110
v 2.316363 2.727860 0.782278
v 4.243535 2.818424 2.619277
v 10.734023 2.444709 -3.389250
v 9.177681 2.352072 -5.506283
v 7.844352 3.887715 -2.191499
v 5.901041 4.145518 -2.227504
v 8.720378 2.759728 -2.066739
v 7.149322 2.633699 -4.167379
v 9.670111 3.187353 -2.716131
v 8.114183 3.095658 -4.833627
v 6.774700 3.485669 -3.687090
v 8.181504 3.947536 -2.707631
v 3.306633 2.872121 -0.297922
v 5.233805 2.962686 1.539078
v 6.198030 4.486167 1.302276
v 4.592418 4.686466 0.619614
v 8.786961 3.612999 -3.614797
v 7.381856 3.220544 -4.587723
v 3.800660 3.195313 -1.560720
v 5.402003 3.230417 -3.645963
v 5.130509 3.488496 -1.127352
v 6.754084 3.357213 -0.473595
v 5.217945 2.890264 -1.293744
v 6.843051 2.820333 -0.677137
vt 0.256240 0.004805
vt 0.491601 0.004805
vt 0.491601 0.252403
vt 0.256240 0.252403
vt 0.491601 0.413967
vt 0.256240 0.413967
vt 0.491601 0.576112
vt 0.256240 0.576112
vt 0.256240 0.750650
vt 0.491601 0.750650
vt 0.491601 0.999295
vt 0.256240 0.999295
vt 0.256240 0.004805
vt 0.491601 0.004805
vt 0.491601 0.252403
vt 0.256240 0.252403
vt 0.491601 0.413967
vt 0.256240 0.413967
vt 0.491601 0.576112
vt 0.256240 0.576112
vt 0.256240 0.750650
vt 0.491601 0.750650
vt 0.491601 0.999295
vt 0.256240 0.999295
vt 0.506883 0.002755
vt 0.742243 0.002755
vt 0.742243 0.252403
vt 0.506883 0.252403
vt 0.742243 0.411917
vt 0.506883 0.411917
vt 0.742243 0.574062
vt 0.506883 0.574062
vt 0.506883 0.748646
vt 0.742243 0.748646
vt 0.742243 0.997245
vt 0.506883 0.997245
vt 0.506883 0.002755
vt 0.506883 0.252403
vt 0.742243 0.252403
vt 0.742243 0.002755
vt 0.506883 0.411917
vt 0.742243 0.411917
vt 0.506883 0.574062
vt 0.742243 0.574062
vt 0.506883 0.748646
vt 0.506883 0.997245
vt 0.742243 0.997245
vt 0.742243 0.748646
vt 0.506883 0.002755
vt 0.506883 0.252403
vt 0.742243 0.252403
vt 0.742243 0.002755
vt 0.506883 0.411917
vt 0.742243 0.411917
vt 0.506883 0.574062
vt 0.742243 0.574062
vt 0.506883 0.748646
vt 0.506883 0.997245
vt 0.742243 0.997245
vt 0.742243 0.748646
vt 0.008932 0.002755
vt 0.008932 0.252403
vt 0.244292 0.252403
vt 0.244292 0.002755
vt 0.008932 0.411917
vt 0.244292 0.411917
vt 0.008932 0.574062
vt 0.244292 0.574062
vt 0.008932 0.748646
vt 0.008932 0.997245
vt 0.244292 0.997245
vt 0.244292 0.748646
vt 0.755973 0.002755
vt 0.755973 0.252403
vt 0.991333 0.252403
vt 0.991333 0.002755
vt 0.755973 0.411917
vt 0.991333 0.411917
vt 0.755973 0.574062
vt 0.991333 0.574062
vt 0.755973 0.748646
vt 0.755973 0.997245
vt 0.991333 0.997245
vt 0.991333 0.748646
vt 0.008932 0.002755
vt 0.008932 0.252403
vt 0.244292 0.252403
vt 0.244292 0.002755
vt 0.008932 0.411917
vt 0.244292 0.411917
vt 0.008932 0.484764
vt 0.244292 0.484764
vt 0.008932 0.748646
vt 0.008932 0.997245
vt 0.244292 0.997245
vt 0.244292 0.748646
vt 0.008932 0.574062
vt 0.244292 0.574062
vt 0.256240 0.004805
vt 0.256240 0.252403
vt 0.491601 0.252403
vt 0.491601 0.004805
vt 0.256240 0.413967
vt 0.491601 0.413967
vt 0.256240 0.576112
vt 0.491601 0.576112
vt 0.256240 0.750650
vt 0.256240 0.999295
vt 0.491601 0.999295
vt 0.491601 0.750650
vt 0.008932 0.002755
vt 0.008932 0.252403
vt 0.244292 0.252403
vt 0.244292 0.002755
vt 0.008932 0.411917
vt 0.244292 0.411917
vt 0.008932 0.574062
vt 0.244292 0.574062
vt 0.008932 0.748646
vt 0.008932 0.997245
vt 0.244292 0.997245
vt 0.244292 0.748646
vt 0.008932 0.002755
vt 0.008932 0.252403
vt 0.244292 0.252403
vt 0.244292 0.002755
vt 0.008932 0.411917
vt 0.244292 0.411917
vt 0.008932 0.574062
vt 0.244292 0.574062
vt 0.008932 0.748646
vt 0.008932 0.997245
vt 0.244292 0.997245
vt 0.244292 0.748646
vt 0.506883 0.002755
vt 0.506883 0.252403
vt 0.742243 0.252403
vt 0.742243 0.002755
vt 0.506883 0.411917
vt 0.742243 0.411917
vt 0.506883 0.574062
vt 0.742243 0.574062
vt 0.506883 0.748646
vt 0.506883 0.997245
vt 0.742243 0.997245
vt 0.742243 0.748646
vt 0.008932 0.002755
vt 0.008932 0.252403
vt 0.244292 0.252403
vt 0.244292 0.002755
vt 0.008932 0.411917
vt 0.244292 0.411917
vt 0.008932 0.574062
vt 0.244292 0.574062
vt 0.008932 0.748646
vt 0.008932 0.997245
vt 0.244292 0.997245
vt 0.244292 0.748646
vt 0.506883 0.002755
vt 0.506883 0.252403
vt 0.742243 0.252403
vt 0.742243 0.002755
vt 0.506883 0.411917
vt 0.742243 0.411917
vt 0.506883 0.574062
vt 0.742243 0.574062
vt 0.506883 0.748646
vt 0.506883 0.997245
vt 0.742243 0.997245
vt 0.742243 0.748646
vt 0.008932 0.002755
vt 0.008932 0.252403
vt 0.244292 0.252403
vt 0.244292 0.002755
vt 0.008932 0.332037
vt 0.008932 0.411917
vt 0.244292 0.411917
vt 0.244292 0.332037
vt 0.008932 0.484660
vt 0.008932 0.574062
vt 0.244292 0.574062
vt 0.244292 0.484660
vt 0.008932 0.748646
vt 0.008932 0.997245
vt 0.244292 0.997245
vt 0.244292 0.748646
vt 0.008932 0.672472
vt 0.244292 0.672472
vt 0.755973 0.002755
vt 0.755973 0.252403
vt 0.991333 0.252403
vt 0.991333 0.002755
vt 0.755973 0.411917
vt 0.991333 0.411917
vt 0.755973 0.574062
vt 0.991333 0.574062
vt 0.755973 0.850736
vt 0.755973 0.997245
vt 0.991333 0.997245
vt 0.991333 0.850736
vt 0.755973 0.671789
vt 0.991333 0.671789
vt 0.256240 0.004805
vt 0.256240 0.252403
vt 0.491601 0.252403
vt 0.491601 0.004805
vt 0.256240 0.413967
vt 0.491601 0.413967
vt 0.256240 0.487911
vt 0.256240 0.576112
vt 0.491601 0.576112
vt 0.491601 0.487911
vt 0.256240 0.750650
vt 0.256240 0.999295
vt 0.491601 0.999295
vt 0.491601 0.750650
vt 0.256240 0.650154
vt 0.491601 0.650154
vt 0.755973 0.002755
vt 0.755973 0.252403
vt 0.991333 0.252403
vt 0.991333 0.002755
vt 0.755973 0.411917
vt 0.991333 0.411917
vt 0.755973 0.574062
vt 0.991333 0.574062
vt 0.755973 0.748646
vt 0.755973 0.997245
vt 0.991333 0.997245
vt 0.991333 0.748646
vt 0.755973 0.002755
vt 0.755973 0.252403
vt 0.991333 0.252403
vt 0.991333 0.002755
vt 0.755973 0.411917
vt 0.991333 0.411917
vt 0.755973 0.574062
vt 0.991333 0.574062
vt 0.755973 0.748646
vt 0.755973 0.997245
vt 0.991333 0.997245
vt 0.991333 0.748646
vt 0.755973 0.002755
vt 0.755973 0.252403
vt 0.991333 0.252403
vt 0.991333 0.002755
vt 0.755973 0.411917
vt 0.991333 0.411917
vt 0.755973 0.574062
vt 0.991333 0.574062
vt 0.755973 0.748646
vt 0.755973 0.997245
vt 0.991333 0.997245
vt 0.991333 0.748646
vt 0.256240 0.004805
vt 0.256240 0.252403
vt 0.491601 0.252403
vt 0.491601 0.004805
vt 0.256240 0.413967
vt 0.491601 0.413967
vt 0.256240 0.576112
vt 0.491601 0.576112
vt 0.256240 0.750650
vt 0.256240 0.999295
vt 0.491601 0.999295
vt 0.491601 0.750650
vt 0.506883 0.002755
vt 0.506883 0.252403
vt 0.742243 0.252403
vt 0.742243 0.002755
vt 0.506883 0.411917
vt 0.742243 0.411917
vt 0.506883 0.574062
vt 0.742243 0.574062
vt 0.506883 0.748646
vt 0.506883 0.997245
vt 0.742243 0.997245
vt 0.742243 0.748646
vt 0.256240 0.004805
vt 0.256240 0.252403
vt 0.491601 0.252403
vt 0.491601 0.004805
vt 0.256240 0.413967
vt 0.491601 0.413967
vt 0.256240 0.576112
vt 0.491601 0.576112
vt 0.256240 0.750650
vt 0.256240 0.999295
vt 0.491601 0.999295
vt 0.491601 0.750650
vt 0.008932 0.002755
vt 0.008932 0.252403
vt 0.244292 0.252403
vt 0.244292 0.002755
vt 0.008932 0.411917
vt 0.244292 0.411917
vt 0.008932 0.574062
vt 0.244292 0.574062
vt 0.008932 0.748646
vt 0.008932 0.997245
vt 0.244292 0.997245
vt 0.244292 0.748646
vt 0.256240 0.004805
vt 0.256240 0.252403
vt 0.491601 0.252403
vt 0.491601 0.004805
vt 0.256240 0.413967
vt 0.491601 0.413967
vt 0.256240 0.576112
vt 0.491601 0.576112
vt 0.256240 0.750650
vt 0.256240 0.999295
vt 0.491601 0.999295
vt 0.491601 0.750650
vt 0.008932 0.002755
vt 0.008932 0.252403
vt 0.244292 0.252403
vt 0.244292 0.002755
vt 0.008932 0.411917
vt 0.244292 0.411917
vt 0.008932 0.487646
vt 0.008932 0.574062
vt 0.244292 0.574062
vt 0.244292 0.487646
vt 0.008932 0.748646
vt 0.008932 0.997245
vt 0.244292 0.997245
vt 0.244292 0.748646
vt 0.506883 0.002755
vt 0.506883 0.252403
vt 0.742243 0.252403
vt 0.742243 0.002755
vt 0.506883 0.411917
vt 0.742243 0.411917
vt 0.506883 0.574062
vt 0.742243 0.574062
vt 0.506883 0.748646
vt 0.506883 0.997245
vt 0.742243 0.997245
vt 0.742243 0.748646
vt 0.755973 0.002755
vt 0.755973 0.252403
vt 0.991333 0.252403
vt 0.991333 0.002755
vt 0.755973 0.486231
vt 0.755973 0.574062
vt 0.991333 0.574062
vt 0.991333 0.486231
vt 0.755973 0.748646
vt 0.755973 0.836888
vt 0.991333 0.836888
vt 0.991333 0.748646
vt 0.755973 0.748646
vt 0.991333 0.748646
vt 0.755973 0.997245
vt 0.991333 0.997245
vt 0.991333 0.363600
vt 0.755973 0.363600
vn 0.749505 -0.564427 0.345924
vn 0.749505 -0.564427 0.345924
vn 0.592964 -0.743086 0.310190
vn 0.599718 -0.736915 0.311921
vn 0.102702 -0.980931 0.165004
vn 0.109652 -0.979820 0.167121
vn -0.283045 -0.958218 0.041282
vn -0.273635 -0.960804 0.044498
vn -0.572289 -0.817287 -0.067283
vn -0.576433 -0.814224 -0.069029
vn -0.625083 -0.775361 -0.089931
vn -0.625083 -0.775361 -0.089931
vn -0.678630 -0.531712 0.506698
vn -0.678630 -0.531712 0.506698
vn -0.622311 -0.637915 0.453644
vn -0.622311 -0.637915 0.453644
vn -0.413243 -0.870119 0.268557
vn -0.413243 -0.870119 0.268557
vn -0.151003 -0.987474 0.045749
vn -0.151062 -0.987463 0.045798
vn 0.071896 -0.984977 -0.157006
vn 0.071966 -0.984961 -0.157077
vn 0.140481 -0.964043 -0.225578
vn 0.140481 -0.964043 -0.225578
vn 0.648918 -0.640285 0.411023
vn 0.648918 -0.640285 0.411023
vn 0.588120 -0.733770 0.340142
vn 0.588099 -0.733797 0.340119
vn 0.348539 -0.932297 0.096656
vn 0.347419 -0.932824 0.095602
vn 0.026784 -0.982433 -0.184682
vn 0.023448 -0.982004 -0.187398
vn -0.179819 -0.920998 -0.345584
vn -0.178752 -0.921502 -0.344792
vn -0.221681 -0.899588 -0.376296
vn -0.221681 -0.899588 -0.376296
vn -0.695834 0.320275 -0.642836
vn -0.679194 0.435078 -0.591102
vn -0.677352 0.444143 -0.586457
vn -0.695834 0.320275 -0.642836
vn -0.537595 0.772634 -0.337681
vn -0.517851 0.797846 -0.308661
vn -0.213763 0.976882 -0.002528
vn -0.204002 0.978958 0.004858
vn 0.195339 0.932756 0.302999
vn 0.335339 0.852320 0.401370
vn 0.335339 0.852320 0.401370
vn 0.194385 0.933179 0.302309
vn -0.248173 0.643694 0.723925
vn -0.241805 0.739706 0.627985
vn -0.241847 0.739269 0.628484
vn -0.248173 0.643694 0.723925
vn -0.182660 0.968485 0.169329
vn -0.183268 0.967725 0.172978
vn -0.051471 0.934272 -0.352825
vn -0.051168 0.933995 -0.353602
vn 0.060865 0.792332 -0.607047
vn 0.099313 0.725761 -0.680741
vn 0.099313 0.725761 -0.680741
vn 0.059878 0.793907 -0.605083
vn -0.912127 0.214952 -0.349027
vn -0.852025 0.412351 -0.322522
vn -0.855293 0.404414 -0.323917
vn -0.912127 0.214952 -0.349027
vn -0.471114 0.865973 -0.167759
vn -0.480135 0.860298 -0.171340
vn -0.016247 0.999815 0.010291
vn -0.022228 0.999721 0.007978
vn 0.268898 0.955691 0.119785
vn 0.357336 0.921292 0.153401
vn 0.357336 0.921292 0.153401
vn 0.265246 0.956884 0.118393
vn 0.938804 0.333364 -0.086689
vn 0.886538 0.455115 -0.083188
vn 0.886539 0.455114 -0.083188
vn 0.938804 0.333364 -0.086689
vn 0.656117 0.751783 -0.065821
vn 0.655200 0.752589 -0.065749
vn 0.285941 0.957697 -0.032460
vn 0.285593 0.957802 -0.032426
vn -0.009336 0.999953 -0.002466
vn -0.073189 0.997308 0.004447
vn -0.073189 0.997308 0.004447
vn -0.009313 0.999954 -0.002469
vn 0.810394 -0.021348 0.585496
vn 0.760398 0.272880 0.589348
vn 0.766610 0.251268 0.590909
vn 0.810394 -0.021348 0.585496
vn 0.533910 0.708476 0.461522
vn 0.533856 0.708550 0.461471
vn 0.264348 0.939845 0.216357
vn 0.268234 0.937980 0.219648
vn -0.462864 0.771407 -0.436678
vn -0.552492 0.655436 -0.514933
vn -0.552492 0.655436 -0.514934
vn -0.448336 0.786949 -0.423917
vn -0.145462 0.977482 -0.152869
vn -0.130417 0.981646 -0.139147
vn 0.810280 0.356404 0.465213
vn 0.740868 0.500459 0.447945
vn 0.738760 0.504114 0.447328
vn 0.810280 0.356404 0.465213
vn 0.458529 0.825343 0.329485
vn 0.452521 0.829896 0.326339
vn 0.167941 0.969920 0.176216
vn 0.162188 0.971445 0.173173
vn -0.037837 0.995339 0.088705
vn -0.093953 0.992755 0.074902
vn -0.093953 0.992755 0.074902
vn -0.038893 0.995321 0.088449
vn 0.285566 0.343509 -0.894681
vn 0.262986 0.564463 -0.782444
vn 0.264797 0.552220 -0.790528
vn 0.285566 0.343509 -0.894681
vn 0.140157 0.933389 -0.330366
vn 0.144968 0.926903 -0.346173
vn 0.011899 0.996549 0.082148
vn 0.014972 0.997268 0.072330
vn -0.116863 0.850080 0.513523
vn -0.160991 0.734205 0.659564
vn -0.160991 0.734205 0.659564
vn -0.108576 0.867405 0.485612
vn 0.629709 0.761185 0.155124
vn 0.510474 0.851780 0.117842
vn 0.514826 0.848969 0.119187
vn 0.629709 0.761185 0.155124
vn 0.068902 0.997620 -0.002750
vn 0.077395 0.997000 -0.000695
vn -0.284122 0.956100 -0.071752
vn -0.280298 0.957255 -0.071381
vn -0.373790 0.925903 -0.054639
vn -0.377074 0.925425 -0.037474
vn -0.377074 0.925425 -0.037474
vn -0.373664 0.925915 -0.055285
vn -0.829581 0.531262 0.171918
vn -0.746333 0.646923 0.156454
vn -0.746415 0.646824 0.156470
vn -0.829581 0.531262 0.171918
vn -0.306409 0.946998 0.096479
vn -0.303856 0.947851 0.096180
vn 0.306150 0.951976 -0.003696
vn 0.300471 0.953788 -0.002434
vn 0.549016 0.827734 -0.115923
vn 0.599462 0.781322 -0.173724
vn 0.599462 0.781322 -0.173724
vn 0.547938 0.828613 -0.114731
vn 0.401917 0.566640 0.719292
vn 0.343305 0.689179 0.638102
vn 0.342993 0.689742 0.637661
vn 0.401917 0.566640 0.719292
vn 0.063146 0.974500 0.215320
vn 0.059144 0.976126 0.208997
vn -0.221400 0.942249 -0.251293
vn -0.224096 0.940372 -0.255895
vn -0.286531 0.886352 -0.363703
vn -0.282317 0.890681 -0.356348
vn -0.282317 0.890681 -0.356348
vn -0.286415 0.886473 -0.363500
vn 0.532271 0.469570 0.704408
vn 0.496017 0.584289 0.642319
vn 0.494077 0.589449 0.639091
vn 0.532271 0.469571 0.704408
vn 0.322200 0.856431 0.403378
vn 0.319413 0.859038 0.400036
vn 0.080162 0.985905 0.146852
vn 0.080695 0.985788 0.147341
vn -0.085286 0.995458 -0.042305
vn -0.128736 0.985618 -0.109476
vn -0.128736 0.985618 -0.109476
vn -0.085637 0.995405 -0.042845
vn -0.761848 0.343508 0.549172
vn -0.723138 0.462398 0.513088
vn -0.726200 0.454453 0.515855
vn -0.761848 0.343508 0.549172
vn -0.481813 0.819153 0.311199
vn -0.307808 0.934805 0.177182
vn -0.313074 0.932314 0.181042
vn -0.488050 0.813525 0.316202
vn 0.081820 0.991726 -0.098923
vn 0.401404 0.858044 -0.320368
vn 0.396615 0.861516 -0.316997
vn 0.071065 0.993269 -0.091464
vn 0.658918 0.540430 -0.523223
vn 0.674317 0.509134 -0.534863
vn 0.674317 0.509134 -0.534863
vn 0.657428 0.543327 -0.522096
vn 0.544026 0.720547 -0.429939
vn 0.540265 0.725301 -0.426675
vn -0.576960 0.087413 0.812081
vn -0.584614 0.240959 0.774703
vn -0.584090 0.203706 0.785712
vn -0.576960 0.087413 0.812081
vn -0.534696 0.654595 0.534421
vn -0.544894 0.616476 0.568372
vn -0.459105 0.834837 0.303758
vn -0.459539 0.832164 0.310367
vn 0.053297 0.904551 -0.423022
vn 0.088347 0.900212 -0.426395
vn 0.088347 0.900212 -0.426395
vn 0.058431 0.903987 -0.423549
vn -0.342914 0.937929 0.051952
vn -0.350876 0.934122 0.065589
vn 0.654633 0.283547 -0.700754
vn 0.611551 0.431978 -0.662873
vn 0.609300 0.438257 -0.660821
vn 0.654633 0.283547 -0.700754
vn 0.371593 0.822608 -0.430388
vn 0.363991 0.829923 -0.422774
vn 0.043153 0.994608 -0.094305
vn -0.091665 0.994674 0.047127
vn -0.093361 0.994430 0.048918
vn 0.040730 0.994946 -0.091780
vn -0.475341 0.748889 0.461753
vn -0.502533 0.710803 0.492158
vn -0.502533 0.710803 0.492158
vn -0.476852 0.746886 0.463437
vn -0.280955 0.926843 0.249053
vn -0.284689 0.924609 0.253080
vn 0.691618 0.449633 0.565239
vn 0.621236 0.584541 0.521899
vn 0.640015 0.552677 0.533787
vn 0.691618 0.449633 0.565239
vn 0.305768 0.892952 0.330368
vn 0.345536 0.869076 0.353995
vn -0.126568 0.989772 0.065823
vn -0.105540 0.991282 0.078873
vn -0.486295 0.834128 -0.260283
vn -0.593410 0.700746 -0.396006
vn -0.593410 0.700746 -0.396006
vn -0.495839 0.824802 -0.271743
vn 0.266280 0.341376 0.901420
vn 0.263787 0.461644 0.846936
vn 0.263418 0.470267 0.842294
vn 0.266280 0.341376 0.901420
vn 0.218490 0.760962 0.610901
vn 0.216286 0.767976 0.602854
vn 0.116575 0.948029 0.296060
vn 0.116022 0.948562 0.294564
vn 0.019204 0.999545 0.023258
vn -0.011968 0.997624 -0.067848
vn -0.011968 0.997624 -0.067848
vn 0.019191 0.999546 0.023220
vn 0.276648 0.671094 -0.687822
vn 0.265203 0.770409 -0.579773
vn 0.265117 0.770952 -0.579090
vn 0.276648 0.671094 -0.687822
vn 0.177995 0.959215 -0.219601
vn 0.173455 0.962821 -0.207096
vn 0.069892 0.994652 0.076043
vn 0.067387 0.994264 0.083049
vn 0.084291 0.947264 0.309170
vn 0.121238 0.903041 0.412090
vn 0.121238 0.903041 0.412090
vn 0.085287 0.946260 0.311958
vn 0.226599 0.574469 -0.786536
vn 0.191224 0.688741 -0.699335
vn 0.191144 0.688970 -0.699132
vn 0.226599 0.574469 -0.786536
vn 0.058511 0.925917 -0.373167
vn 0.057345 0.927102 -0.370396
vn -0.077805 0.996225 -0.038508
vn -0.077811 0.996225 -0.038493
vn -0.136263 0.971898 0.191953
vn -0.141564 0.953877 0.264723
vn -0.141564 0.953877 0.264723
vn -0.136101 0.972331 0.189864
vn 0.711782 0.605148 -0.356597
vn 0.624953 0.712687 -0.318607
vn 0.625038 0.712596 -0.318644
vn 0.711782 0.605148 -0.356597
vn 0.188334 0.971164 -0.146186
vn 0.185867 0.971779 -0.145254
vn -0.378979 0.919940 0.100430
vn -0.373966 0.922265 0.097863
vn -0.574968 0.773878 0.265565
vn -0.605403 0.722990 0.332826
vn -0.605403 0.722990 0.332826
vn -0.574297 0.774854 0.264167
vn 0.540857 0.764072 -0.351664
vn 0.433517 0.864104 -0.255709
vn 0.429163 0.867391 -0.251897
vn 0.540857 0.764072 -0.351664
vn 0.082197 0.995157 0.053905
vn 0.079187 0.995247 0.056674
vn -0.128951 0.960924 0.244941
vn -0.128367 0.961135 0.244419
vn -0.410365 0.804853 0.428734
vn -0.548679 0.670319 0.499624
vn -0.548679 0.670319 0.499624
vn -0.414335 0.801661 0.430890
vn -0.621030 0.216558 0.753275
vn -0.578439 0.419661 0.699494
vn -0.581640 0.408396 0.703497
vn -0.621030 0.216558 0.753275
vn -0.296432 0.886095 0.356320
vn -0.306121 0.878003 0.367969
vn 0.075257 0.993624 -0.083955
vn 0.069692 0.994556 -0.077475
vn 0.242186 0.908334 -0.340992
vn 0.263330 0.873735 -0.408956
vn 0.263330 0.873735 -0.408956
vn 0.241347 0.909545 -0.338349
vn -0.288897 0.764072 -0.576830
vn -0.205563 0.864104 -0.459422
vn -0.202262 0.867391 -0.454668
vn -0.288897 0.764072 -0.576830
vn 0.062770 0.995157 -0.075645
vn 0.065184 0.995247 -0.072343
vn 0.228963 0.960924 0.155564
vn 0.228510 0.961135 0.154926
vn 0.380092 0.804853 0.455787
vn 0.435051 0.670318 0.601169
vn 0.435051 0.670318 0.601169
vn 0.381790 0.801661 0.459974
vn -0.028679 -0.000198 0.999589
vn -0.013728 0.130370 0.991370
vn -0.013723 0.130407 0.991365
vn -0.028679 -0.000198 0.999589
vn 0.024072 0.409529 0.911980
vn 0.024417 0.411520 0.911073
vn 0.072166 0.643390 0.762130
vn 0.100941 0.831207 0.546722
vn 0.101116 0.833036 0.543899
vn 0.072544 0.644624 0.761050
vn 0.097992 0.932686 0.347123
vn 0.091392 0.959839 0.265250
vn 0.091392 0.959839 0.265250
vn 0.098001 0.932643 0.347235
vn -0.880183 0.382547 -0.280956
vn -0.823895 0.505612 -0.256036
vn -0.824007 0.505404 -0.256084
vn -0.880183 0.382547 -0.280956
vn -0.477982 0.869214 -0.126492
vn -0.481908 0.866842 -0.127863
vn 0.009014 0.998156 0.060035
vn 0.009811 0.998126 0.060402
vn 0.286871 0.939086 0.189267
vn 0.375783 0.897552 0.230622
vn 0.375783 0.897552 0.230622
vn 0.284568 0.940003 0.188187
vn 0.307755 -0.392671 -0.866658
vn 0.314925 -0.352975 -0.881040
vn 0.312341 -0.367729 -0.875910
vn 0.307755 -0.392671 -0.866658
vn 0.360038 0.491367 -0.793051
vn 0.310853 0.794468 -0.521720
vn 0.311205 0.793398 -0.523135
vn 0.360410 0.481639 -0.798830
vn 0.265451 0.894522 -0.359675
vn 0.183398 0.971174 -0.152273
vn 0.177824 0.974052 -0.140007
vn 0.263837 0.896971 -0.354729
vn -0.060898 0.937247 -0.343308
vn -0.052864 0.934492 -0.352037
vn 0.149764 0.985564 -0.078961
vn 0.149764 0.985564 -0.078961
vn 0.356230 -0.044439 -0.933341
vn 0.361960 0.040584 -0.931310
s 1
g PASTO_PLANTA02:polySurface178
usemtl PASTO_PLANTA02:aiStandardSurface1SG
f 1031/1031/1075 1032/1032/1076 1034/1033/1077 1033/1034/1078
f 1033/1034/1078 1034/1033/1077 1036/1035/1079 1035/1036/1080
f 1035/1036/1080 1036/1035/1079 1042/1037/1081 1041/1038/1082
f 1037/1039/1083 1038/1040/1084 1040/1041/1085 1039/1042/1086
f 1041/1038/1082 1042/1037/1081 1038/1040/1084 1037/1039/1083
s 2
f 1043/1043/1087 1044/1044/1088 1046/1045/1089 1045/1046/1090
f 1045/1046/1090 1046/1045/1089 1048/1047/1091 1047/1048/1092
f 1047/1048/1092 1048/1047/1091 1054/1049/1093 1053/1050/1094
f 1049/1051/1095 1050/1052/1096 1052/1053/1097 1051/1054/1098
f 1053/1050/1094 1054/1049/1093 1050/1052/1096 1049/1051/1095
s 3
f 1055/1055/1099 1056/1056/1100 1058/1057/1101 1057/1058/1102
f 1057/1058/1102 1058/1057/1101 1060/1059/1103 1059/1060/1104
f 1059/1060/1104 1060/1059/1103 1066/1061/1105 1065/1062/1106
f 1061/1063/1107 1062/1064/1108 1064/1065/1109 1063/1066/1110
f 1065/1062/1106 1066/1061/1105 1062/1064/1108 1061/1063/1107
s 4
f 1067/1067/1111 1069/1068/1112 1070/1069/1113 1068/1070/1114
f 1069/1068/1112 1071/1071/1115 1072/1072/1116 1070/1069/1113
f 1071/1071/1115 1077/1073/1117 1078/1074/1118 1072/1072/1116
f 1073/1075/1119 1075/1076/1120 1076/1077/1121 1074/1078/1122
f 1077/1073/1117 1073/1075/1119 1074/1078/1122 1078/1074/1118
s 5
f 1079/1079/1123 1081/1080/1124 1082/1081/1125 1080/1082/1126
f 1081/1080/1124 1083/1083/1127 1084/1084/1128 1082/1081/1125
f 1083/1083/1127 1089/1085/1129 1090/1086/1130 1084/1084/1128
f 1085/1087/1131 1087/1088/1132 1088/1089/1133 1086/1090/1134
f 1089/1085/1129 1085/1087/1131 1086/1090/1134 1090/1086/1130
s 6
f 1091/1091/1135 1093/1092/1136 1094/1093/1137 1092/1094/1138
f 1093/1092/1136 1095/1095/1139 1096/1096/1140 1094/1093/1137
f 1095/1095/1139 1101/1097/1141 1102/1098/1142 1096/1096/1140
f 1097/1099/1143 1099/1100/1144 1100/1101/1145 1098/1102/1146
f 1101/1097/1141 1097/1099/1143 1098/1102/1146 1102/1098/1142
s 7
f 1103/1103/1147 1105/1104/1148 1106/1105/1149 1104/1106/1150
f 1105/1104/1148 1107/1107/1151 1108/1108/1152 1106/1105/1149
f 1107/1107/1151 1113/1109/1153 1114/1110/1154 1108/1108/1152
f 1109/1111/1155 1111/1112/1156 1112/1113/1157 1110/1114/1158
f 1113/1109/1153 1109/1111/1155 1110/1114/1158 1114/1110/1154
s 8
f 1115/1115/1159 1117/1116/1160 1118/1117/1161 1116/1118/1162
f 1117/1116/1160 1119/1119/1163 1120/1120/1164 1118/1117/1161
f 1119/1119/1163 1384/1121/1165 1383/1122/1166 1120/1120/1164
f 1121/1123/1167 1123/1124/1168 1124/1125/1169 1122/1126/1170
f 1125/1127/1171 1121/1123/1167 1122/1126/1170 1126/1128/1172
s 10
f 1127/1129/1173 1129/1130/1174 1130/1131/1175 1128/1132/1176
f 1129/1130/1174 1131/1133/1177 1132/1134/1178 1130/1131/1175
f 1131/1133/1177 1137/1135/1179 1138/1136/1180 1132/1134/1178
f 1133/1137/1181 1135/1138/1182 1136/1139/1183 1134/1140/1184
f 1137/1135/1179 1133/1137/1181 1134/1140/1184 1138/1136/1180
s 11
f 1139/1141/1185 1141/1142/1186 1142/1143/1187 1140/1144/1188
f 1141/1142/1186 1143/1145/1189 1144/1146/1190 1142/1143/1187
f 1143/1145/1189 1149/1147/1191 1150/1148/1192 1144/1146/1190
f 1145/1149/1193 1147/1150/1194 1148/1151/1195 1146/1152/1196
f 1149/1147/1191 1145/1149/1193 1146/1152/1196 1150/1148/1192
s 12
f 1151/1153/1197 1153/1154/1198 1154/1155/1199 1152/1156/1200
f 1153/1154/1198 1155/1157/1201 1156/1158/1202 1154/1155/1199
f 1155/1157/1201 1161/1159/1203 1162/1160/1204 1156/1158/1202
f 1157/1161/1205 1159/1162/1206 1160/1163/1207 1158/1164/1208
f 1161/1159/1203 1157/1161/1205 1158/1164/1208 1162/1160/1204
s 13
f 1163/1165/1209 1165/1166/1210 1166/1167/1211 1164/1168/1212
f 1165/1166/1210 1167/1169/1213 1168/1170/1214 1166/1167/1211
f 1167/1169/1213 1173/1171/1215 1174/1172/1216 1168/1170/1214
f 1169/1173/1217 1171/1174/1218 1172/1175/1219 1170/1176/1220
f 1173/1171/1215 1169/1173/1217 1170/1176/1220 1174/1172/1216
s 14
f 1175/1177/1221 1177/1178/1222 1178/1179/1223 1176/1180/1224
f 1177/1178/1222 1179/1181/1225 1180/1182/1226 1178/1179/1223
f 1179/1181/1225 1185/1183/1227 1186/1184/1228 1180/1182/1226
f 1181/1185/1229 1183/1186/1230 1184/1187/1231 1182/1188/1232
f 1185/1183/1227 1181/1185/1229 1182/1188/1232 1186/1184/1228
s 15
f 1187/1189/1233 1189/1190/1234 1190/1191/1235 1188/1192/1236
f 1189/1190/1234 1191/1193/1237 1192/1194/1238 1190/1191/1235
f 1191/1193/1237 1197/1195/1239 1198/1196/1240 1192/1194/1238
f 1193/1197/1241 1195/1198/1242 1196/1199/1243 1194/1200/1244
f 1197/1195/1239 1193/1197/1241 1194/1200/1244 1198/1196/1240
s 16
f 1199/1201/1245 1201/1202/1246 1202/1203/1247 1200/1204/1248
f 1371/1205/1249 1203/1206/1250 1204/1207/1251 1372/1208/1252
f 1373/1209/1253 1209/1210/1254 1210/1211/1255 1374/1212/1256
f 1205/1213/1257 1207/1214/1258 1208/1215/1259 1206/1216/1260
f 1367/1217/1261 1205/1213/1257 1206/1216/1260 1368/1218/1262
s 20
f 1211/1219/1263 1213/1220/1264 1214/1221/1265 1212/1222/1266
f 1213/1220/1264 1215/1223/1267 1216/1224/1268 1214/1221/1265
f 1215/1223/1267 1221/1225/1269 1222/1226/1270 1216/1224/1268
f 1381/1227/1271 1219/1228/1272 1220/1229/1273 1382/1230/1274
f 1221/1225/1269 1376/1231/1275 1375/1232/1276 1222/1226/1270
s 22
f 1223/1233/1277 1225/1234/1278 1226/1235/1279 1224/1236/1280
f 1225/1234/1278 1227/1237/1281 1228/1238/1282 1226/1235/1279
f 1377/1239/1283 1233/1240/1284 1234/1241/1285 1378/1242/1286
f 1229/1243/1287 1231/1244/1288 1232/1245/1289 1230/1246/1290
f 1365/1247/1291 1229/1243/1287 1230/1246/1290 1366/1248/1292
s 25
f 1235/1249/1293 1237/1250/1294 1238/1251/1295 1236/1252/1296
f 1237/1250/1294 1239/1253/1297 1240/1254/1298 1238/1251/1295
f 1239/1253/1297 1245/1255/1299 1246/1256/1300 1240/1254/1298
f 1241/1257/1301 1243/1258/1302 1244/1259/1303 1242/1260/1304
f 1245/1255/1299 1241/1257/1301 1242/1260/1304 1246/1256/1300
s 26
f 1247/1261/1305 1249/1262/1306 1250/1263/1307 1248/1264/1308
f 1249/1262/1306 1251/1265/1309 1252/1266/1310 1250/1263/1307
f 1251/1265/1309 1257/1267/1311 1258/1268/1312 1252/1266/1310
f 1253/1269/1313 1255/1270/1314 1256/1271/1315 1254/1272/1316
f 1257/1267/1311 1253/1269/1313 1254/1272/1316 1258/1268/1312
s 27
f 1259/1273/1317 1261/1274/1318 1262/1275/1319 1260/1276/1320
f 1261/1274/1318 1263/1277/1321 1264/1278/1322 1262/1275/1319
f 1263/1277/1321 1269/1279/1323 1270/1280/1324 1264/1278/1322
f 1265/1281/1325 1267/1282/1326 1268/1283/1327 1266/1284/1328
f 1269/1279/1323 1265/1281/1325 1266/1284/1328 1270/1280/1324
s 28
f 1271/1285/1329 1273/1286/1330 1274/1287/1331 1272/1288/1332
f 1273/1286/1330 1275/1289/1333 1276/1290/1334 1274/1287/1331
f 1275/1289/1333 1281/1291/1335 1282/1292/1336 1276/1290/1334
f 1277/1293/1337 1279/1294/1338 1280/1295/1339 1278/1296/1340
f 1281/1291/1335 1277/1293/1337 1278/1296/1340 1282/1292/1336
s 29
f 1283/1297/1341 1285/1298/1342 1286/1299/1343 1284/1300/1344
f 1285/1298/1342 1287/1301/1345 1288/1302/1346 1286/1299/1343
f 1287/1301/1345 1293/1303/1347 1294/1304/1348 1288/1302/1346
f 1289/1305/1349 1291/1306/1350 1292/1307/1351 1290/1308/1352
f 1293/1303/1347 1289/1305/1349 1290/1308/1352 1294/1304/1348
s 30
f 1295/1309/1353 1297/1310/1354 1298/1311/1355 1296/1312/1356
f 1297/1310/1354 1299/1313/1357 1300/1314/1358 1298/1311/1355
f 1299/1313/1357 1305/1315/1359 1306/1316/1360 1300/1314/1358
f 1301/1317/1361 1303/1318/1362 1304/1319/1363 1302/1320/1364
f 1305/1315/1359 1301/1317/1361 1302/1320/1364 1306/1316/1360
s 31
f 1307/1321/1365 1309/1322/1366 1310/1323/1367 1308/1324/1368
f 1309/1322/1366 1311/1325/1369 1312/1326/1370 1310/1323/1367
f 1311/1325/1369 1317/1327/1371 1318/1328/1372 1312/1326/1370
f 1313/1329/1373 1315/1330/1374 1316/1331/1375 1314/1332/1376
f 1317/1327/1371 1313/1329/1373 1314/1332/1376 1318/1328/1372
s 32
f 1319/1333/1377 1321/1334/1378 1322/1335/1379 1320/1336/1380
f 1321/1334/1378 1323/1337/1381 1324/1338/1382 1322/1335/1379
f 1323/1337/1381 1329/1339/1383 1330/1340/1384 1324/1338/1382
f 1325/1341/1385 1327/1342/1386 1328/1343/1387 1326/1344/1388
f 1329/1339/1383 1325/1341/1385 1326/1344/1388 1330/1340/1384
s 33
f 1331/1345/1389 1333/1346/1390 1334/1347/1391 1332/1348/1392
f 1333/1346/1390 1335/1349/1393 1336/1350/1394 1334/1347/1391
f 1369/1351/1395 1341/1352/1396 1342/1353/1397 1370/1354/1398
f 1337/1355/1399 1339/1356/1400 1340/1357/1401 1338/1358/1402
f 1341/1352/1396 1337/1355/1399 1338/1358/1402 1342/1353/1397
s 35
f 1343/1359/1403 1345/1360/1404 1346/1361/1405 1344/1362/1406
f 1345/1360/1404 1347/1363/1407 1348/1364/1408 1346/1361/1405
f 1347/1363/1407 1353/1365/1409 1354/1366/1410 1348/1364/1408
f 1349/1367/1411 1351/1368/1412 1352/1369/1413 1350/1370/1414
f 1353/1365/1409 1349/1367/1411 1350/1370/1414 1354/1366/1410
s 36
f 1355/1371/1415 1357/1372/1416 1358/1373/1417 1356/1374/1418
f 1385/1375/1419 1363/1376/1420 1364/1377/1421 1386/1378/1422
f 1359/1379/1423 1380/1380/1424 1379/1381/1425 1360/1382/1426
f 1363/1376/1420 1359/1379/1423 1360/1382/1426 1364/1377/1421
s 22
f 1233/1240/1284 1365/1247/1291 1366/1248/1292 1234/1241/1285
s 16
f 1209/1210/1254 1367/1217/1261 1368/1218/1262 1210/1211/1255
s 33
f 1335/1349/1393 1369/1351/1395 1370/1354/1398 1336/1350/1394
s 16
f 1201/1202/1246 1371/1205/1249 1372/1208/1252 1202/1203/1247
f 1203/1206/1250 1373/1209/1253 1374/1212/1256 1204/1207/1251
s 20
f 1376/1231/1275 1217/1383/1427 1218/1384/1428 1375/1232/1276
s 22
f 1227/1237/1281 1377/1239/1283 1378/1242/1286 1228/1238/1282
s 36
f 1380/1380/1424 1361/1385/1429 1362/1386/1430 1379/1381/1425
s 20
f 1217/1383/1427 1381/1227/1271 1382/1230/1274 1218/1384/1428
s 8
f 1384/1121/1165 1125/1127/1171 1126/1128/1172 1383/1122/1166
s 36
f 1388/1387/1431 1387/1388/1432 1385/1375/1419 1386/1378/1422
f 1357/1372/1416 1387/1388/1432 1388/1387/1431 1358/1373/1417
g default
v 2.529087 -0.816233 5.813861
v 0.750267 -0.708545 5.626818
v 2.759242 0.443386 4.350661
v 0.976928 0.518191 4.187124
v 2.901731 0.798871 3.235892
v 1.117132 0.852162 3.087735
v 3.110089 0.166138 0.961445
v 1.314754 0.118370 0.885529
v 3.246082 -0.471399 -0.764719
v 1.440901 -0.611878 -0.774363
v 3.009558 0.635506 2.171495
v 1.218169 0.624891 2.069020
v 3.409227 -0.387352 5.392155
v 1.814887 -0.606029 4.955355
v 3.355304 1.129906 4.765122
v 1.760965 0.911230 4.328322
v 3.435798 1.825987 4.025435
v 1.841422 1.643034 3.588604
v 3.903034 2.300959 1.916685
v 2.308619 2.155402 1.479823
v 4.340653 2.253792 0.310218
v 2.746313 2.035116 -0.126582
v 3.616258 2.186470 3.086760
v 2.021810 2.073224 2.649870
v 0.970332 -0.523289 6.301120
v 0.776507 -0.629141 8.495762
v 0.327648 1.229790 6.281047
v 0.133823 1.123938 8.475692
v -0.701311 1.967687 6.158876
v -0.895137 1.861834 8.353520
v -2.572300 1.839557 5.845835
v -2.766123 1.733705 8.040478
v -3.586007 0.893351 5.563347
v -3.779832 0.787499 7.757989
v -1.668198 2.004895 6.025170
v -1.904174 1.952572 8.224434
v 1.678409 -0.351387 7.398583
v 2.370089 -0.628878 5.765749
v 1.810800 1.553992 7.512851
v 2.502477 1.276501 5.880024
v 2.251046 2.579389 7.727400
v 2.945349 2.240716 6.094190
v 3.893017 3.350579 8.437954
v 4.613433 2.945241 6.798400
v 5.203271 2.705949 9.107009
v 5.887363 2.549168 7.480702
v 2.932390 3.137620 8.027170
v 3.631815 2.677302 6.393437
v 4.109211 2.856312 6.594210
v 3.409420 3.332752 8.227258
v 4.308281 3.157372 8.679554
v 5.000192 2.837000 7.050313
v 1.740209 -0.526676 8.201544
v 3.205890 -0.533660 7.563498
v 2.114167 0.944347 9.044475
v 3.579807 0.936174 8.406344
v 2.475834 1.608473 9.868006
v 3.942480 1.628606 9.231877
v 3.320274 0.944507 11.815062
v 4.787039 0.967994 11.179171
v 3.790512 0.091267 12.945652
v 5.249193 -0.112514 12.293676
v 2.868622 1.490375 10.771583
v 4.340682 1.662711 10.146227
v 1.856282 -0.504140 8.017984
v 3.659828 -0.634758 5.983696
v 2.478943 1.659103 8.509751
v 4.282491 1.528484 6.475462
v 3.409744 2.563081 9.386385
v 5.213289 2.590771 7.352098
v 5.035508 1.366682 11.070536
v 6.839054 1.236063 9.036249
v 5.833477 -0.779302 12.094970
v 7.637021 -0.909921 10.060685
v 4.270511 2.380205 10.228883
v 6.119253 2.328906 8.220959
v 4.668829 1.911088 10.702827
v 6.495273 1.820659 8.681896
v 3.822748 2.593914 9.790625
v 5.647980 2.501354 7.768986
v 4.152815 -0.222975 7.726655
v 2.564619 -0.218239 6.301907
v 4.868759 1.762084 6.928578
v 3.280565 1.836097 5.503829
v 5.621245 2.771137 6.089771
v 4.033048 2.854370 4.665021
v 7.553551 3.383874 3.935790
v 5.965357 3.217233 2.511039
v 8.964868 2.947705 2.362569
v 7.376672 2.947705 0.937817
v 6.504944 3.285315 5.104693
v 4.916749 3.239411 3.679942
v 3.573802 -0.704437 6.111485
v 2.524999 -0.797094 4.995715
v 4.206239 0.664747 5.403302
v 3.157438 0.572089 4.287533
v 4.833467 1.222775 4.758334
v 3.784665 1.130118 3.642566
v 6.372162 0.470922 3.292840
v 5.323359 0.378265 2.177072
v 7.469481 -0.280090 2.292738
v 6.420678 -0.372748 1.176969
v 5.546328 1.074316 4.063816
v 4.497525 0.981659 2.948047
v 2.945119 -0.355805 7.100172
v 1.338605 -0.432321 6.303413
v 3.568226 1.337735 6.463998
v 1.961717 1.261219 5.667244
v 4.071544 2.102056 5.790372
v 2.448576 1.968315 5.007928
v 5.034900 2.101104 4.112403
v 3.372105 1.822697 3.367055
v 5.457222 0.678538 2.999712
v 3.888603 0.714276 2.177769
v 4.546402 2.342173 5.027113
v 2.890932 2.094630 4.273247
v 1.935141 -0.539135 5.259481
v 0.678121 -0.290509 7.236318
v 1.302750 1.447518 4.651076
v 0.045469 1.696907 6.627651
v 0.612040 1.904886 4.169103
v -0.645241 2.154274 6.145678
v -1.488985 1.366884 3.022208
v -2.746266 1.616272 4.998784
v -2.942988 -0.598465 2.376690
v -4.200269 -0.349076 4.353266
v -0.315641 2.036405 3.627976
v -1.572922 2.285794 5.604552
v -0.839905 1.855666 3.315641
v -2.097186 2.105054 5.292216
v 0.159122 2.031124 3.904911
v -1.098160 2.280512 5.881486
v 1.244251 0.050309 5.880532
v 2.995228 0.487052 7.918054
v 0.348407 2.437157 6.138769
v 2.037973 3.066934 8.187690
v -0.536720 3.366839 6.700140
v 1.051913 4.313872 8.767796
v -3.014039 3.706175 8.756329
v -1.290670 4.229697 10.798976
v -4.590038 2.229284 10.427260
v -2.839059 2.666026 12.464782
v -1.671095 3.869381 7.567265
v -0.027186 4.642668 9.624659
v 2.617053 -0.665445 5.260562
v 0.902379 -0.661415 5.780810
v 2.432640 1.169351 4.638543
v 0.717965 1.173381 5.158790
v 2.199695 2.181360 3.862827
v 0.485020 2.199630 4.383074
v 1.526421 2.886662 1.636763
v -0.188254 2.890692 2.157010
v 1.007012 2.755179 -0.075346
v -0.707662 2.759211 0.444900
v 1.901356 2.778597 2.874617
v 0.186682 2.791665 3.394863
v 1.986894 -0.439488 7.574253
v 3.643149 -0.413528 7.851008
v 1.879613 0.947821 7.866102
v 3.535868 0.973781 8.142858
v 1.739653 1.640258 8.476968
v 3.395907 1.666218 8.753723
v 1.376958 1.667004 10.324637
v 3.033213 1.692964 10.601393
v 1.139962 1.125696 11.585159
v 2.796216 1.151656 11.861913
v 1.569513 1.825277 9.337192
v 3.225768 1.851237 9.613947
v 2.333653 -0.119531 7.333851
v 2.382287 -0.377822 5.216494
v 3.839580 1.632579 7.154706
v 3.886277 1.365944 5.038323
v 5.176899 2.628980 7.089801
v 5.214744 2.111674 4.977867
v 7.904934 1.387022 7.278037
v 7.973898 1.216326 5.150463
v 9.686632 -0.273152 7.521481
v 9.750925 -0.463965 5.396254
v 6.490606 2.230458 7.142664
v 6.518465 1.882655 5.035749
v 3.820125 -0.897164 6.188991
v 1.458411 -1.378202 4.924446
v 3.206375 1.279080 6.633491
v 0.844533 0.798572 5.368985
v 3.411426 2.566921 5.990977
v 0.993001 2.451710 4.747549
v 4.727453 2.979927 3.828376
v 2.309501 3.175719 2.594141
v 5.712949 1.606604 1.975206
v 3.295000 1.802395 0.740969
v 3.893529 3.249721 5.106027
v 1.466560 3.229887 3.855712
v 3.622970 2.947482 5.600075
v 1.200507 2.877342 4.353392
v 0.583429 -0.425826 6.295900
v 1.722684 -0.548138 7.507375
v -0.264153 0.620515 7.222849
v 0.874571 0.499194 8.434762
v -0.919699 0.829365 7.902327
v 0.232118 0.683543 9.103407
v -2.492115 0.293132 9.363211
v -1.317993 0.105568 10.545837
v -3.318587 -1.019712 10.093014
v -2.204653 -1.094641 11.325438
v -1.648993 0.713408 8.603344
v -0.467632 0.512293 9.779978
v 0.803567 -0.211969 5.955003
v 2.900229 0.009711 6.282328
v 0.395537 1.598755 7.342298
v 2.493316 1.812010 7.668183
v 0.108105 2.433799 8.617903
v 2.210983 2.608539 8.937208
v -0.223208 1.505783 11.368602
v 1.861742 1.815922 11.711041
v -0.343744 -0.089281 13.220931
v 1.743899 0.200542 13.559900
v -0.081494 2.296996 9.925017
v 2.027137 2.428281 10.236899
v 1.325213 -0.466871 6.016521
v 1.167730 -0.489469 7.804329
v 1.231259 1.414908 5.683149
v 1.073776 1.392309 7.470949
v 0.782613 2.437319 5.471771
v 0.620593 2.354423 7.269271
v -0.981091 3.004388 5.208079
v -1.154414 2.768994 7.028105
v -2.633073 2.415881 5.229176
v -2.781118 2.511357 6.991675
v 0.061959 3.077781 5.318647
v -0.109064 2.874966 7.135179
v 0.428415 2.891850 5.358537
v 0.261136 2.738903 7.167155
v 3.334027 -0.439488 7.466420
v 4.122007 -0.411761 5.983566
v 3.576755 0.947821 7.660762
v 4.364736 0.954566 6.177907
v 4.111646 1.628000 7.987316
v 4.899625 1.613614 6.504461
v 5.748756 1.407771 8.917530
v 6.536736 1.422979 7.434676
v 6.868944 0.827535 9.542241
v 7.656924 0.589136 8.059387
v 4.873434 1.746927 8.421611
v 5.661415 1.760123 6.938756
v 1.732494 -0.157984 7.946155
v 1.394491 -0.052405 5.948199
v 1.928131 2.035524 8.028973
v 1.590131 2.141104 6.031016
v 2.526343 3.357473 7.998486
v 2.182992 3.498252 6.002436
v 4.816916 4.858913 7.694306
v 4.476173 4.982532 5.697325
v 6.771674 5.232765 7.387551
v 6.433674 5.338343 5.389594
v 3.481396 4.261391 7.886864
v 3.126469 4.478301 5.894937
v 1.568754 -0.425826 6.162338
v 0.492450 -0.548139 7.430070
v 0.552734 0.620514 5.423868
v -0.524063 0.499194 6.691123
v -0.195870 0.829365 4.848522
v -1.260436 0.683543 6.127574
v -1.823621 0.293132 3.449559
v -2.867351 0.105568 4.748710
v -2.641371 -1.019713 2.709996
v -3.741325 -1.094641 3.954913
v -0.974134 0.713408 4.202302
v -2.011100 0.512293 5.507976
v 1.268106 -0.628059 5.099823
v 1.105862 -0.596183 6.884042
v 0.158264 0.960265 4.970433
v -0.003982 0.997209 6.754654
v -0.891861 1.622311 4.861145
v -1.054107 1.722700 6.645365
v -3.365115 1.613777 4.631762
v -3.527362 1.802715 6.415983
v -5.089238 1.158740 4.483110
v -5.251485 1.190615 6.267331
v -2.051418 1.791033 4.749709
v -2.213664 1.951553 6.533929
v 1.428566 -0.683592 6.090098
v 1.456916 -1.061142 7.841508
v 0.102131 0.693622 6.408436
v 0.127208 0.323372 8.161491
v -0.976475 1.124988 6.518453
v -1.014356 0.895136 8.303154
v -3.431173 0.930209 6.515973
v -3.501014 0.771624 8.316737
v -5.185958 0.482042 6.448373
v -5.057822 -0.118036 8.149623
v -2.104599 1.124670 6.536232
v -2.191399 1.003903 8.345520
v 4.264409 -0.665445 6.539004
v 3.437227 -0.661415 4.949496
v 4.841816 1.071882 6.243173
v 4.014636 1.173381 4.653663
v 5.561352 2.039582 5.871330
v 4.734171 2.171901 4.281821
v 7.625312 2.869536 4.799546
v 6.798133 2.890692 3.210037
v 9.212456 2.755181 3.973660
v 8.385275 2.759211 2.384151
v 6.477700 2.648323 5.396073
v 5.650521 2.695915 3.806564
v 2.096314 -0.495066 5.731536
v 0.831249 -0.473317 6.708527
v 1.469094 0.887089 4.888607
v 0.204139 0.907661 5.865766
v 0.891350 1.467711 4.127584
v -0.376220 1.516272 5.100734
v -0.373339 0.615912 2.508954
v -1.641218 0.667790 3.481629
v -1.069183 -0.344042 1.602495
v -2.316066 -0.516881 2.607362
v 0.295828 1.261629 3.361054
v -0.985805 1.460684 4.312646
vt 0.008932 0.002755
vt 0.244292 0.002755
vt 0.244292 0.252403
vt 0.008932 0.252403
vt 0.244292 0.411917
vt 0.008932 0.411917
vt 0.244292 0.574062
vt 0.008932 0.574062
vt 0.008932 0.748646
vt 0.244292 0.748646
vt 0.244292 0.997245
vt 0.008932 0.997245
vt 0.256240 0.004805
vt 0.491601 0.004805
vt 0.491601 0.252403
vt 0.256240 0.252403
vt 0.491601 0.413967
vt 0.256240 0.413967
vt 0.491601 0.576112
vt 0.256240 0.576112
vt 0.256240 0.750650
vt 0.491601 0.750650
vt 0.491601 0.999295
vt 0.256240 0.999295
vt 0.008932 0.002755
vt 0.244292 0.002755
vt 0.244292 0.252403
vt 0.008932 0.252403
vt 0.244292 0.411917
vt 0.008932 0.411917
vt 0.244292 0.574062
vt 0.008932 0.574062
vt 0.008932 0.748646
vt 0.244292 0.748646
vt 0.244292 0.997245
vt 0.008932 0.997245
vt 0.755973 0.002755
vt 0.991333 0.002755
vt 0.991333 0.252403
vt 0.755973 0.252403
vt 0.991333 0.411917
vt 0.755973 0.411917
vt 0.991333 0.574062
vt 0.755973 0.574062
vt 0.755973 0.876332
vt 0.991333 0.876332
vt 0.991333 0.997245
vt 0.755973 0.997245
vt 0.991333 0.659853
vt 0.755973 0.659853
vt 0.991333 0.748646
vt 0.755973 0.748646
vt 0.506883 0.002755
vt 0.742243 0.002755
vt 0.742243 0.252403
vt 0.506883 0.252403
vt 0.742243 0.411917
vt 0.506883 0.411917
vt 0.742243 0.574062
vt 0.506883 0.574062
vt 0.506883 0.748646
vt 0.742243 0.748646
vt 0.742243 0.997245
vt 0.506883 0.997245
vt 0.008932 0.002755
vt 0.244292 0.002755
vt 0.244292 0.252403
vt 0.008932 0.252403
vt 0.244292 0.411917
vt 0.008932 0.411917
vt 0.008932 0.489716
vt 0.244292 0.489716
vt 0.244292 0.574062
vt 0.008932 0.574062
vt 0.008932 0.748646
vt 0.244292 0.748646
vt 0.244292 0.997245
vt 0.008932 0.997245
vt 0.008932 0.660189
vt 0.244292 0.660189
vt 0.506883 0.002755
vt 0.742243 0.002755
vt 0.742243 0.252403
vt 0.506883 0.252403
vt 0.742243 0.411917
vt 0.506883 0.411917
vt 0.742243 0.574062
vt 0.506883 0.574062
vt 0.506883 0.748646
vt 0.742243 0.748646
vt 0.742243 0.997245
vt 0.506883 0.997245
vt 0.008932 0.002755
vt 0.244292 0.002755
vt 0.244292 0.252403
vt 0.008932 0.252403
vt 0.244292 0.411917
vt 0.008932 0.411917
vt 0.244292 0.574062
vt 0.008932 0.574062
vt 0.008932 0.748646
vt 0.244292 0.748646
vt 0.244292 0.997245
vt 0.008932 0.997245
vt 0.755973 0.002755
vt 0.991333 0.002755
vt 0.991333 0.252403
vt 0.755973 0.252403
vt 0.991333 0.411917
vt 0.755973 0.411917
vt 0.991333 0.574062
vt 0.755973 0.574062
vt 0.755973 0.748646
vt 0.991333 0.748646
vt 0.991333 0.997245
vt 0.755973 0.997245
vt 0.256240 0.004805
vt 0.491601 0.004805
vt 0.491601 0.252403
vt 0.256240 0.252403
vt 0.491601 0.413967
vt 0.256240 0.413967
vt 0.256240 0.493130
vt 0.491601 0.493130
vt 0.491601 0.576112
vt 0.256240 0.576112
vt 0.256240 0.750650
vt 0.491601 0.750650
vt 0.491601 0.999295
vt 0.256240 0.999295
vt 0.256240 0.651392
vt 0.491601 0.651392
vt 0.506883 0.002755
vt 0.742243 0.002755
vt 0.742243 0.252403
vt 0.506883 0.252403
vt 0.742243 0.411917
vt 0.506883 0.411917
vt 0.742243 0.574062
vt 0.506883 0.574062
vt 0.506883 0.748646
vt 0.742243 0.748646
vt 0.742243 0.997245
vt 0.506883 0.997245
vt 0.755973 0.002755
vt 0.991333 0.002755
vt 0.991333 0.252403
vt 0.755973 0.252403
vt 0.991333 0.411917
vt 0.755973 0.411917
vt 0.991333 0.574062
vt 0.755973 0.574062
vt 0.755973 0.748646
vt 0.991333 0.748646
vt 0.991333 0.997245
vt 0.755973 0.997245
vt 0.008932 0.002755
vt 0.244292 0.002755
vt 0.244292 0.252403
vt 0.008932 0.252403
vt 0.244292 0.411917
vt 0.008932 0.411917
vt 0.244292 0.574062
vt 0.008932 0.574062
vt 0.008932 0.748646
vt 0.244292 0.748646
vt 0.244292 0.997245
vt 0.008932 0.997245
vt 0.506883 0.002755
vt 0.742243 0.002755
vt 0.742243 0.252403
vt 0.506883 0.252403
vt 0.742243 0.411917
vt 0.506883 0.411917
vt 0.742243 0.574062
vt 0.506883 0.574062
vt 0.506883 0.748646
vt 0.742243 0.748646
vt 0.742243 0.997245
vt 0.506883 0.997245
vt 0.008932 0.002755
vt 0.244292 0.002755
vt 0.244292 0.252403
vt 0.008932 0.252403
vt 0.244292 0.411917
vt 0.008932 0.411917
vt 0.008932 0.488541
vt 0.244292 0.488541
vt 0.244292 0.574062
vt 0.008932 0.574062
vt 0.008932 0.748646
vt 0.244292 0.748646
vt 0.244292 0.997245
vt 0.008932 0.997245
vt 0.256240 0.004805
vt 0.491601 0.004805
vt 0.491601 0.252403
vt 0.256240 0.252403
vt 0.491601 0.413967
vt 0.256240 0.413967
vt 0.491601 0.576112
vt 0.256240 0.576112
vt 0.256240 0.750650
vt 0.491601 0.750650
vt 0.491601 0.999295
vt 0.256240 0.999295
vt 0.506883 0.002755
vt 0.742243 0.002755
vt 0.742243 0.252403
vt 0.506883 0.252403
vt 0.742243 0.411917
vt 0.506883 0.411917
vt 0.742243 0.574062
vt 0.506883 0.574062
vt 0.506883 0.748646
vt 0.742243 0.748646
vt 0.742243 0.997245
vt 0.506883 0.997245
vt 0.755973 0.002755
vt 0.991333 0.002755
vt 0.991333 0.252403
vt 0.755973 0.252403
vt 0.991333 0.411917
vt 0.755973 0.411917
vt 0.755973 0.506634
vt 0.991333 0.506634
vt 0.991333 0.574062
vt 0.755973 0.574062
vt 0.755973 0.748646
vt 0.991333 0.748646
vt 0.991333 0.997245
vt 0.755973 0.997245
vt 0.008932 0.002755
vt 0.244292 0.002755
vt 0.244292 0.252403
vt 0.008932 0.252403
vt 0.244292 0.411917
vt 0.008932 0.411917
vt 0.244292 0.574062
vt 0.008932 0.574062
vt 0.008932 0.748646
vt 0.244292 0.748646
vt 0.244292 0.997245
vt 0.008932 0.997245
vt 0.008932 0.002755
vt 0.244292 0.002755
vt 0.244292 0.252403
vt 0.008932 0.252403
vt 0.244292 0.411917
vt 0.008932 0.411917
vt 0.244292 0.574062
vt 0.008932 0.574062
vt 0.008932 0.748646
vt 0.244292 0.748646
vt 0.244292 0.997245
vt 0.008932 0.997245
vt 0.256240 0.004805
vt 0.491601 0.004805
vt 0.491601 0.252403
vt 0.256240 0.252403
vt 0.491601 0.413967
vt 0.256240 0.413967
vt 0.491601 0.576112
vt 0.256240 0.576112
vt 0.256240 0.750650
vt 0.491601 0.750650
vt 0.491601 0.999295
vt 0.256240 0.999295
vt 0.256240 0.004805
vt 0.491601 0.004805
vt 0.491601 0.252403
vt 0.256240 0.252403
vt 0.491601 0.413967
vt 0.256240 0.413967
vt 0.491601 0.576112
vt 0.256240 0.576112
vt 0.256240 0.750650
vt 0.491601 0.750650
vt 0.491601 0.999295
vt 0.256240 0.999295
vt 0.755973 0.002755
vt 0.991333 0.002755
vt 0.991333 0.252403
vt 0.755973 0.252403
vt 0.991333 0.411917
vt 0.755973 0.411917
vt 0.991333 0.574062
vt 0.755973 0.574062
vt 0.755973 0.748646
vt 0.991333 0.748646
vt 0.991333 0.997245
vt 0.755973 0.997245
vt 0.755973 0.002755
vt 0.991333 0.002755
vt 0.991333 0.252403
vt 0.755973 0.252403
vt 0.991333 0.411917
vt 0.755973 0.411917
vt 0.991333 0.574062
vt 0.755973 0.574062
vt 0.755973 0.748646
vt 0.991333 0.748646
vt 0.991333 0.997245
vt 0.755973 0.997245
vt 0.506883 0.002755
vt 0.742243 0.002755
vt 0.742243 0.252403
vt 0.506883 0.252403
vt 0.742243 0.411917
vt 0.506883 0.411917
vt 0.742243 0.574062
vt 0.506883 0.574062
vt 0.506883 0.748646
vt 0.742243 0.748646
vt 0.742243 0.997245
vt 0.506883 0.997245
vn -0.024792 0.761185 0.648061
vn -0.012351 0.851780 0.523754
vn -0.012789 0.848969 0.528288
vn -0.024792 0.761185 0.648061
vn 0.016604 0.997620 0.066928
vn 0.016307 0.997000 0.075661
vn 0.012911 0.956100 -0.292757
vn 0.013319 0.957255 -0.288937
vn -0.021954 0.925903 -0.377124
vn -0.039429 0.925425 -0.376875
vn -0.039429 0.925425 -0.376875
vn -0.021297 0.925915 -0.377131
vn -0.292037 0.356404 0.887520
vn -0.289139 0.500459 0.816051
vn -0.288960 0.504114 0.813862
vn -0.292037 0.356404 0.887520
vn -0.230123 0.825343 0.515609
vn -0.228255 0.829896 0.509090
vn -0.138680 0.969920 0.200060
vn -0.136861 0.971445 0.193812
vn -0.094518 0.995339 -0.019148
vn -0.092329 0.992755 -0.076896
vn -0.092329 0.992755 -0.076896
vn -0.094480 0.995321 -0.020234
vn 0.933912 0.343509 0.099049
vn 0.819428 0.564463 0.099595
vn 0.827711 0.552220 0.099736
vn 0.933912 0.343509 0.099049
vn 0.351860 0.933389 0.070570
vn 0.368313 0.926903 0.072090
vn -0.078054 0.996549 0.028240
vn -0.067817 0.997268 0.029267
vn -0.526543 0.850080 -0.010776
vn -0.678485 0.734205 -0.024510
vn -0.678485 0.734205 -0.024510
vn -0.497533 0.867405 -0.008296
vn -0.911845 0.087413 -0.401119
vn -0.876782 0.240960 -0.416163
vn -0.887458 0.203707 -0.413427
vn -0.911846 0.087413 -0.401119
vn -0.631370 0.654595 -0.415785
vn -0.666681 0.616476 -0.418919
vn -0.338392 0.864258 -0.372222
vn -0.353198 0.857452 -0.374201
vn 0.374423 0.927257 0.001075
vn 0.373940 0.927188 0.022157
vn 0.373940 0.927188 0.022157
vn 0.374446 0.927249 -0.000159
vn -0.101200 0.946587 -0.306156
vn -0.108093 0.944851 -0.309150
vn 0.186126 0.969532 -0.159264
vn 0.177729 0.970302 -0.164094
vn -0.335870 0.531261 -0.777787
vn -0.303916 0.646923 -0.699375
vn -0.303948 0.646824 -0.699453
vn -0.335870 0.531261 -0.777787
vn -0.156356 0.946998 -0.280620
vn -0.155548 0.947851 -0.278180
vn 0.065432 0.951976 0.299099
vn 0.063049 0.953788 0.293791
vn 0.224381 0.827734 0.514305
vn 0.291178 0.781322 0.552043
vn 0.291178 0.781322 0.552043
vn 0.222997 0.828613 0.513491
vn -0.691679 0.343509 -0.635281
vn -0.611290 0.555168 -0.564015
vn -0.617035 0.543456 -0.569143
vn -0.691679 0.343509 -0.635281
vn -0.326063 0.893465 -0.308873
vn -0.333452 0.888424 -0.315458
vn 0.147131 0.983230 0.107761
vn 0.376691 0.871974 0.312674
vn 0.367730 0.878757 0.304239
vn 0.143737 0.984032 0.104984
vn 0.642588 0.546351 0.537198
vn 0.659993 0.509134 0.552442
vn 0.659993 0.509134 0.552442
vn 0.641436 0.548690 0.536190
vn 0.529728 0.721284 0.446249
vn 0.526604 0.724928 0.444035
vn -0.583350 0.468860 0.663229
vn -0.529635 0.584531 0.614663
vn -0.527122 0.589226 0.612335
vn -0.583350 0.468860 0.663229
vn -0.329873 0.857063 0.395760
vn -0.327166 0.859649 0.392385
vn -0.127644 0.985905 0.108161
vn -0.128015 0.985788 0.108782
vn 0.024214 0.995458 -0.092070
vn 0.081230 0.985618 -0.148188
vn 0.081230 0.985618 -0.148188
vn 0.024673 0.995405 -0.092523
vn -0.623333 0.566640 0.538865
vn -0.555649 0.689178 0.465068
vn -0.555279 0.689742 0.464673
vn -0.623333 0.566640 0.538865
vn -0.198136 0.974500 0.105318
vn -0.192752 0.976126 0.100122
vn 0.201417 0.942249 -0.267576
vn 0.205381 0.940372 -0.271146
vn 0.298363 0.886352 -0.354062
vn 0.292010 0.890681 -0.348449
vn 0.292010 0.890681 -0.348449
vn 0.298187 0.886473 -0.353907
vn -0.413961 0.449632 0.791496
vn -0.385724 0.584540 0.713814
vn -0.393576 0.552677 0.734606
vn -0.413961 0.449632 0.791496
vn -0.261830 0.892952 0.366172
vn -0.276941 0.869076 0.409891
vn -0.090022 0.989772 -0.110672
vn -0.098557 0.991282 -0.087443
vn 0.156740 0.834128 -0.528832
vn 0.268042 0.700745 -0.661143
vn 0.268042 0.700745 -0.661143
vn 0.166038 0.824802 -0.540493
vn 0.797260 0.393876 0.457426
vn 0.726848 0.564560 0.391105
vn 0.724427 0.569115 0.388990
vn 0.797260 0.393876 0.457426
vn 0.385366 0.913581 0.129859
vn 0.380893 0.915894 0.126723
vn 0.158147 0.987125 -0.023952
vn -0.070877 0.983044 -0.169117
vn -0.073815 0.982516 -0.170919
vn 0.152069 0.987975 -0.027925
vn -0.581003 0.675017 -0.454739
vn -0.625159 0.618757 -0.475727
vn -0.625159 0.618757 -0.475727
vn -0.583822 0.671653 -0.456107
vn -0.334103 0.885030 -0.324186
vn -0.338363 0.882528 -0.326580
vn 0.680454 0.323748 -0.657397
vn 0.605176 0.457499 -0.651504
vn 0.595080 0.472981 -0.649745
vn 0.680454 0.323748 -0.657397
vn 0.256584 0.809271 -0.528436
vn 0.221113 0.830586 -0.511113
vn -0.138565 0.962255 -0.234234
vn -0.146663 0.963153 -0.225448
vn -0.436185 0.890830 0.127142
vn -0.522265 0.814371 0.253058
vn -0.522265 0.814371 0.253058
vn -0.435655 0.891193 0.126409
vn 0.274448 0.333364 0.901968
vn 0.260467 0.455116 0.851485
vn 0.260467 0.455114 0.851486
vn 0.274449 0.333364 0.901968
vn 0.196935 0.751783 0.629316
vn 0.196680 0.752589 0.628432
vn 0.089523 0.957697 0.273498
vn 0.089420 0.957802 0.273165
vn 0.000530 0.999953 -0.009642
vn -0.019132 0.997308 -0.070784
vn -0.019132 0.997308 -0.070784
vn 0.000537 0.999954 -0.009620
vn 0.157681 0.214952 -0.963812
vn 0.143857 0.412351 -0.899595
vn 0.144563 0.404415 -0.903078
vn 0.157681 0.214952 -0.963812
vn 0.069187 0.865973 -0.495282
vn 0.070873 0.860298 -0.504841
vn -0.013359 0.999815 -0.013835
vn -0.012301 0.999721 -0.020160
vn -0.063027 0.955691 0.287545
vn -0.078096 0.921292 0.380949
vn -0.078096 0.921292 0.380949
vn -0.062401 0.956884 0.283687
vn -0.759123 0.643694 -0.096902
vn -0.677517 0.724703 -0.125600
vn -0.678437 0.723894 -0.125304
vn -0.759123 0.643694 -0.096902
vn -0.197281 0.961322 -0.192197
vn -0.209272 0.958888 -0.191675
vn 0.365541 0.919951 -0.141669
vn 0.367094 0.919430 -0.141031
vn 0.606834 0.792332 -0.062951
vn 0.686773 0.725761 -0.040174
vn 0.686773 0.725761 -0.040174
vn 0.604712 0.793907 -0.063521
vn -0.404815 -0.291194 0.866793
vn -0.458189 0.001636 0.888853
vn -0.455555 -0.020723 0.889966
vn -0.404815 -0.291194 0.866793
vn -0.435726 0.499181 0.748974
vn -0.435636 0.499460 0.748839
vn -0.284732 0.811274 0.510649
vn -0.015440 0.997226 0.072812
vn -0.026900 0.995436 0.091565
vn -0.286386 0.808942 0.513416
vn 0.228004 0.915005 -0.332837
vn 0.301857 0.835701 -0.458787
vn 0.301857 0.835701 -0.458787
vn 0.216398 0.924712 -0.313176
vn 0.506623 0.764072 -0.399409
vn 0.408457 0.864104 -0.294087
vn 0.404468 0.867391 -0.289894
vn 0.506623 0.764072 -0.399409
vn 0.086760 0.995157 0.046204
vn 0.084014 0.995247 0.049236
vn -0.106133 0.960924 0.255656
vn -0.105600 0.961135 0.255083
vn -0.369660 0.804853 0.464287
vn -0.500952 0.670318 0.547467
vn -0.500952 0.670318 0.547467
vn -0.373418 0.801661 0.466796
vn 0.058444 0.616091 -0.785504
vn 0.037563 0.716596 -0.696476
vn 0.037667 0.716136 -0.696944
vn 0.058444 0.616091 -0.785504
vn -0.040736 0.966838 -0.252120
vn -0.040207 0.965909 -0.255742
vn -0.128756 0.951358 0.279894
vn -0.128944 0.951092 0.280710
vn -0.191909 0.811651 0.551719
vn -0.210483 0.745158 0.632801
vn -0.210484 0.745158 0.632801
vn -0.191408 0.813222 0.549576
vn 0.993945 0.065284 0.088379
vn 0.970773 0.221756 0.091788
vn 0.978739 0.183738 0.091162
vn 0.993945 0.065284 0.088379
vn 0.845796 0.523891 0.100833
vn 0.860848 0.499176 0.098809
vn 0.591098 0.797504 0.120792
vn 0.033480 0.992563 0.117041
vn 0.039480 0.992310 0.117316
vn 0.617111 0.777739 0.119564
vn -0.187346 0.980771 0.054675
vn -0.249925 0.968143 0.015392
vn -0.249925 0.968143 0.015392
vn -0.193022 0.979860 0.051152
vn -0.863149 0.216558 -0.456155
vn -0.801876 0.419661 -0.425299
vn -0.806442 0.408397 -0.427626
vn -0.863149 0.216558 -0.456155
vn -0.408831 0.886095 -0.218386
vn -0.422197 0.878003 -0.225523
vn 0.097421 0.993624 0.056757
vn 0.089950 0.994555 0.052614
vn 0.382867 0.908334 0.168352
vn 0.453700 0.873735 0.175338
vn 0.453700 0.873735 0.175338
vn 0.380109 0.909545 0.168064
vn -0.982024 0.081152 0.170421
vn -0.961186 0.212640 0.175803
vn -0.961192 0.212610 0.175802
vn -0.982024 0.081152 0.170421
vn -0.809476 0.557723 0.183560
vn -0.807836 0.560081 0.183602
vn -0.525189 0.834912 0.164617
vn -0.520766 0.837790 0.164044
vn -0.250390 0.961950 0.109353
vn -0.169736 0.981803 0.085166
vn -0.169736 0.981803 0.085166
vn -0.250500 0.961917 0.109386
vn 0.453621 0.764072 0.458718
vn 0.337970 0.864104 0.372962
vn 0.333357 0.867391 0.369467
vn 0.453621 0.764072 0.458718
vn -0.036200 0.995157 0.091388
vn -0.039519 0.995247 0.088999
vn -0.265932 0.960924 -0.076842
vn -0.265303 0.961135 -0.076376
vn -0.502757 0.804853 -0.315353
vn -0.600113 0.670318 -0.436506
vn -0.600113 0.670318 -0.436506
vn -0.505671 0.801661 -0.318806
vn 0.816088 0.574469 0.063131
vn 0.723541 0.688740 0.046091
vn 0.723326 0.688970 0.046053
vn 0.816088 0.574469 0.063131
vn 0.377296 0.925917 -0.018036
vn 0.374346 0.927102 -0.018618
vn 0.022006 0.996225 -0.083978
vn 0.021990 0.996225 -0.083981
vn -0.215512 0.971898 -0.094702
vn -0.287853 0.953877 -0.085201
vn -0.287853 0.953877 -0.085201
vn -0.213432 0.972331 -0.094965
vn 0.729512 0.671094 0.132080
vn 0.621377 0.770410 0.142685
vn 0.620691 0.770953 0.142739
vn 0.729512 0.671094 0.132080
vn 0.251016 0.959215 0.129992
vn 0.237852 0.962821 0.128070
vn -0.060366 0.994652 0.083806
vn -0.067734 0.994264 0.082767
vn -0.285784 0.947264 0.144977
vn -0.379126 0.903041 0.201942
vn -0.379126 0.903041 0.201942
vn -0.288314 0.946260 0.146515
vn -0.829094 0.341375 0.442793
vn -0.776236 0.461644 0.429351
vn -0.771764 0.470267 0.428053
vn -0.829094 0.341375 0.442793
vn -0.554207 0.760962 0.337331
vn -0.546771 0.767976 0.333548
vn -0.266427 0.948029 0.173949
vn -0.265074 0.948562 0.173105
vn -0.018902 0.999545 0.023504
vn 0.064035 0.997624 -0.025420
vn 0.064035 0.997624 -0.025420
vn -0.018867 0.999546 0.023483
vn 0.492962 0.605149 0.625127
vn 0.438224 0.712687 0.547756
vn 0.438277 0.712596 0.547831
vn 0.492962 0.605149 0.625127
vn 0.181200 0.971164 0.154941
vn 0.179789 0.971779 0.152713
vn -0.174877 0.919940 -0.350898
vn -0.171351 0.922265 -0.346506
vn -0.376182 0.773878 -0.509509
vn -0.448202 0.722990 -0.525738
vn -0.448202 0.722990 -0.525738
vn -0.374678 0.774854 -0.509135
s 1
g PASTO_PLANTA02:polySurface176
usemtl PASTO_PLANTA02:aiStandardSurface1SG1
f 1389/1389/1433 1391/1392/1434 1392/1391/1435 1390/1390/1436
f 1391/1392/1434 1393/1394/1437 1394/1393/1438 1392/1391/1435
f 1393/1394/1437 1399/1396/1439 1400/1395/1440 1394/1393/1438
f 1395/1397/1441 1397/1400/1442 1398/1399/1443 1396/1398/1444
f 1399/1396/1439 1395/1397/1441 1396/1398/1444 1400/1395/1440
s 2
f 1401/1401/1445 1403/1404/1446 1404/1403/1447 1402/1402/1448
f 1403/1404/1446 1405/1406/1449 1406/1405/1450 1404/1403/1447
f 1405/1406/1449 1411/1408/1451 1412/1407/1452 1406/1405/1450
f 1407/1409/1453 1409/1412/1454 1410/1411/1455 1408/1410/1456
f 1411/1408/1451 1407/1409/1453 1408/1410/1456 1412/1407/1452
s 3
f 1413/1413/1457 1415/1416/1458 1416/1415/1459 1414/1414/1460
f 1415/1416/1458 1417/1418/1461 1418/1417/1462 1416/1415/1459
f 1417/1418/1461 1423/1420/1463 1424/1419/1464 1418/1417/1462
f 1419/1421/1465 1421/1424/1466 1422/1423/1467 1420/1422/1468
f 1423/1420/1463 1419/1421/1465 1420/1422/1468 1424/1419/1464
s 4
f 1425/1425/1469 1427/1428/1470 1428/1427/1471 1426/1426/1472
f 1427/1428/1470 1429/1430/1473 1430/1429/1474 1428/1427/1471
f 1429/1430/1473 1435/1432/1475 1436/1431/1476 1430/1429/1474
f 1439/1433/1477 1433/1436/1478 1434/1435/1479 1440/1434/1480
f 1435/1432/1475 1438/1438/1481 1437/1437/1482 1436/1431/1476
f 1438/1438/1481 1431/1440/1483 1432/1439/1484 1437/1437/1482
f 1431/1440/1483 1439/1433/1477 1440/1434/1480 1432/1439/1484
s 6
f 1441/1441/1485 1443/1444/1486 1444/1443/1487 1442/1442/1488
f 1443/1444/1486 1445/1446/1489 1446/1445/1490 1444/1443/1487
f 1445/1446/1489 1451/1448/1491 1452/1447/1492 1446/1445/1490
f 1447/1449/1493 1449/1452/1494 1450/1451/1495 1448/1450/1496
f 1451/1448/1491 1447/1449/1493 1448/1450/1496 1452/1447/1492
s 7
f 1453/1453/1497 1455/1456/1498 1456/1455/1499 1454/1454/1500
f 1455/1456/1498 1457/1458/1501 1458/1457/1502 1456/1455/1499
f 1467/1459/1503 1463/1462/1504 1464/1461/1505 1468/1460/1506
f 1459/1463/1507 1461/1466/1508 1462/1465/1509 1460/1464/1510
f 1465/1467/1511 1459/1463/1507 1460/1464/1510 1466/1468/1512
f 1463/1462/1504 1465/1467/1511 1466/1468/1512 1464/1461/1505
f 1457/1458/1501 1467/1459/1503 1468/1460/1506 1458/1457/1502
s 10
f 1469/1469/1513 1471/1472/1514 1472/1471/1515 1470/1470/1516
f 1471/1472/1514 1473/1474/1517 1474/1473/1518 1472/1471/1515
f 1473/1474/1517 1479/1476/1519 1480/1475/1520 1474/1473/1518
f 1475/1477/1521 1477/1480/1522 1478/1479/1523 1476/1478/1524
f 1479/1476/1519 1475/1477/1521 1476/1478/1524 1480/1475/1520
s 11
f 1481/1481/1525 1483/1484/1526 1484/1483/1527 1482/1482/1528
f 1483/1484/1526 1485/1486/1529 1486/1485/1530 1484/1483/1527
f 1485/1486/1529 1491/1488/1531 1492/1487/1532 1486/1485/1530
f 1487/1489/1533 1489/1492/1534 1490/1491/1535 1488/1490/1536
f 1491/1488/1531 1487/1489/1533 1488/1490/1536 1492/1487/1532
s 12
f 1493/1493/1537 1495/1496/1538 1496/1495/1539 1494/1494/1540
f 1495/1496/1538 1497/1498/1541 1498/1497/1542 1496/1495/1539
f 1497/1498/1541 1503/1500/1543 1504/1499/1544 1498/1497/1542
f 1499/1501/1545 1501/1504/1546 1502/1503/1547 1500/1502/1548
f 1503/1500/1543 1499/1501/1545 1500/1502/1548 1504/1499/1544
s 13
f 1505/1505/1549 1507/1508/1550 1508/1507/1551 1506/1506/1552
f 1507/1508/1550 1509/1510/1553 1510/1509/1554 1508/1507/1551
f 1519/1511/1555 1515/1514/1556 1516/1513/1557 1520/1512/1558
f 1511/1515/1559 1513/1518/1560 1514/1517/1561 1512/1516/1562
f 1517/1519/1563 1511/1515/1559 1512/1516/1562 1518/1520/1564
f 1515/1514/1556 1517/1519/1563 1518/1520/1564 1516/1513/1557
f 1509/1510/1553 1519/1511/1555 1520/1512/1558 1510/1509/1554
s 16
f 1521/1521/1565 1523/1524/1566 1524/1523/1567 1522/1522/1568
f 1523/1524/1566 1525/1526/1569 1526/1525/1570 1524/1523/1567
f 1525/1526/1569 1531/1528/1571 1532/1527/1572 1526/1525/1570
f 1527/1529/1573 1529/1532/1574 1530/1531/1575 1528/1530/1576
f 1531/1528/1571 1527/1529/1573 1528/1530/1576 1532/1527/1572
s 17
f 1533/1533/1577 1535/1536/1578 1536/1535/1579 1534/1534/1580
f 1535/1536/1578 1537/1538/1581 1538/1537/1582 1536/1535/1579
f 1537/1538/1581 1543/1540/1583 1544/1539/1584 1538/1537/1582
f 1539/1541/1585 1541/1544/1586 1542/1543/1587 1540/1542/1588
f 1543/1540/1583 1539/1541/1585 1540/1542/1588 1544/1539/1584
s 18
f 1545/1545/1589 1547/1548/1590 1548/1547/1591 1546/1546/1592
f 1547/1548/1590 1549/1550/1593 1550/1549/1594 1548/1547/1591
f 1549/1550/1593 1555/1552/1595 1556/1551/1596 1550/1549/1594
f 1551/1553/1597 1553/1556/1598 1554/1555/1599 1552/1554/1600
f 1555/1552/1595 1551/1553/1597 1552/1554/1600 1556/1551/1596
s 19
f 1557/1557/1601 1559/1560/1602 1560/1559/1603 1558/1558/1604
f 1559/1560/1602 1561/1562/1605 1562/1561/1606 1560/1559/1603
f 1561/1562/1605 1567/1564/1607 1568/1563/1608 1562/1561/1606
f 1563/1565/1609 1565/1568/1610 1566/1567/1611 1564/1566/1612
f 1567/1564/1607 1563/1565/1609 1564/1566/1612 1568/1563/1608
s 20
f 1569/1569/1613 1571/1572/1614 1572/1571/1615 1570/1570/1616
f 1571/1572/1614 1573/1574/1617 1574/1573/1618 1572/1571/1615
f 1581/1575/1619 1579/1578/1620 1580/1577/1621 1582/1576/1622
f 1575/1579/1623 1577/1582/1624 1578/1581/1625 1576/1580/1626
f 1579/1578/1620 1575/1579/1623 1576/1580/1626 1580/1577/1621
f 1573/1574/1617 1581/1575/1619 1582/1576/1622 1574/1573/1618
s 22
f 1583/1583/1627 1585/1586/1628 1586/1585/1629 1584/1584/1630
f 1585/1586/1628 1587/1588/1631 1588/1587/1632 1586/1585/1629
f 1587/1588/1631 1593/1590/1633 1594/1589/1634 1588/1587/1632
f 1589/1591/1635 1591/1594/1636 1592/1593/1637 1590/1592/1638
f 1593/1590/1633 1589/1591/1635 1590/1592/1638 1594/1589/1634
s 23
f 1595/1595/1639 1597/1598/1640 1598/1597/1641 1596/1596/1642
f 1597/1598/1640 1599/1600/1643 1600/1599/1644 1598/1597/1641
f 1599/1600/1643 1605/1602/1645 1606/1601/1646 1600/1599/1644
f 1601/1603/1647 1603/1606/1648 1604/1605/1649 1602/1604/1650
f 1605/1602/1645 1601/1603/1647 1602/1604/1650 1606/1601/1646
s 24
f 1607/1607/1651 1609/1610/1652 1610/1609/1653 1608/1608/1654
f 1609/1610/1652 1611/1612/1655 1612/1611/1656 1610/1609/1653
f 1619/1613/1657 1617/1616/1658 1618/1615/1659 1620/1614/1660
f 1613/1617/1661 1615/1620/1662 1616/1619/1663 1614/1618/1664
f 1617/1616/1658 1613/1617/1661 1614/1618/1664 1618/1615/1659
f 1611/1612/1655 1619/1613/1657 1620/1614/1660 1612/1611/1656
s 26
f 1621/1621/1665 1623/1624/1666 1624/1623/1667 1622/1622/1668
f 1623/1624/1666 1625/1626/1669 1626/1625/1670 1624/1623/1667
f 1625/1626/1669 1631/1628/1671 1632/1627/1672 1626/1625/1670
f 1627/1629/1673 1629/1632/1674 1630/1631/1675 1628/1630/1676
f 1631/1628/1671 1627/1629/1673 1628/1630/1676 1632/1627/1672
s 27
f 1633/1633/1677 1635/1636/1678 1636/1635/1679 1634/1634/1680
f 1635/1636/1678 1637/1638/1681 1638/1637/1682 1636/1635/1679
f 1637/1638/1681 1643/1640/1683 1644/1639/1684 1638/1637/1682
f 1639/1641/1685 1641/1644/1686 1642/1643/1687 1640/1642/1688
f 1643/1640/1683 1639/1641/1685 1640/1642/1688 1644/1639/1684
s 28
f 1645/1645/1689 1647/1648/1690 1648/1647/1691 1646/1646/1692
f 1647/1648/1690 1649/1650/1693 1650/1649/1694 1648/1647/1691
f 1649/1650/1693 1655/1652/1695 1656/1651/1696 1650/1649/1694
f 1651/1653/1697 1653/1656/1698 1654/1655/1699 1652/1654/1700
f 1655/1652/1695 1651/1653/1697 1652/1654/1700 1656/1651/1696
s 29
f 1657/1657/1701 1659/1660/1702 1660/1659/1703 1658/1658/1704
f 1659/1660/1702 1661/1662/1705 1662/1661/1706 1660/1659/1703
f 1661/1662/1705 1667/1664/1707 1668/1663/1708 1662/1661/1706
f 1663/1665/1709 1665/1668/1710 1666/1667/1711 1664/1666/1712
f 1667/1664/1707 1663/1665/1709 1664/1666/1712 1668/1663/1708
s 30
f 1669/1669/1713 1671/1672/1714 1672/1671/1715 1670/1670/1716
f 1671/1672/1714 1673/1674/1717 1674/1673/1718 1672/1671/1715
f 1673/1674/1717 1679/1676/1719 1680/1675/1720 1674/1673/1718
f 1675/1677/1721 1677/1680/1722 1678/1679/1723 1676/1678/1724
f 1679/1676/1719 1675/1677/1721 1676/1678/1724 1680/1675/1720
s 31
f 1681/1681/1725 1683/1684/1726 1684/1683/1727 1682/1682/1728
f 1683/1684/1726 1685/1686/1729 1686/1685/1730 1684/1683/1727
f 1685/1686/1729 1691/1688/1731 1692/1687/1732 1686/1685/1730
f 1687/1689/1733 1689/1692/1734 1690/1691/1735 1688/1690/1736
f 1691/1688/1731 1687/1689/1733 1688/1690/1736 1692/1687/1732
s 32
f 1693/1693/1737 1695/1696/1738 1696/1695/1739 1694/1694/1740
f 1695/1696/1738 1697/1698/1741 1698/1697/1742 1696/1695/1739
f 1697/1698/1741 1703/1700/1743 1704/1699/1744 1698/1697/1742
f 1699/1701/1745 1701/1704/1746 1702/1703/1747 1700/1702/1748
f 1703/1700/1743 1699/1701/1745 1700/1702/1748 1704/1699/1744
g default
v 3.552581 -0.065722 5.953354
v 2.671951 -0.013668 5.418502
v 3.597879 2.917275 5.574551
v 2.726512 2.765428 5.053058
v 2.962237 5.646456 5.972266
v 2.040951 5.522413 5.533737
v 2.581435 6.937238 6.574392
v 1.634613 6.896949 6.169885
v 2.545770 4.164968 5.091264
v 3.399877 4.280445 5.645960
vt 0.756857 0.013013
vt 0.949195 0.020526
vt 0.949195 0.392312
vt 0.756857 0.411506
vt 0.756857 0.590201
vt 0.949195 0.575044
vt 0.949195 0.776725
vt 0.756857 0.787427
vt 0.949195 0.986987
vt 0.756857 0.985376
vn 0.517649 -0.118418 -0.847358
vn 0.517649 -0.118418 -0.847358
vn 0.502420 0.055472 -0.862843
vn 0.500020 0.072969 -0.862934
vn 0.467144 0.247704 -0.848775
vn 0.467144 0.247703 -0.848775
vn 0.421296 0.330619 -0.844512
vn 0.421916 0.329561 -0.844616
vn 0.326658 0.475859 -0.816611
vn 0.326658 0.475859 -0.816611
s 1
g polySurface315 polySurface302
usemtl HOJA_02:aiStandardSurface1SG
f 1705/1705/1749 1706/1706/1750 1708/1707/1751 1707/1708/1752
f 1714/1709/1753 1707/1708/1752 1708/1707/1751 1713/1710/1754 1710/1711/1755 1709/1712/1756
f 1709/1712/1756 1710/1711/1755 1712/1713/1757 1711/1714/1758
