mtllib model.mtl
usemtl Textured
v -6.667 -3.333 28.135
v -3.333 -3.333 28.312
v 6.667 -3.333 28.284
v 10 -3.333 27.999
v 13.333 -3.333 27.557
v -13.333 0 27.672
v 6.667 0 27.946
v 10 0 27.631
v -10 -10 25.26
v 16.667 -10 25.923
v 20 -10 25.139
v -23.333 -6.667 25.208
v -20 -6.667 25.659
v 20 -6.667 25.774
v -33.333 -3.333 24.606
v -30 -3.333 25.36
v -26.667 -3.333 25.865
v -23.333 -3.333 26.303
v 20 -3.333 25.907
v -33.333 0 25.057
v -30 0 25.759
v -26.667 0 26.222
v 20 0 25.616
v -33.333 3.333 24.849
v -30 3.333 25.519
v -26.667 3.333 25.873
v 16.667 3.333 25.722
v 20 3.333 24.79
v -23.333 6.667 24.902
v -13.333 6.667 25.202
v 3.333 6.667 25.457
v 6.667 6.667 25.335
v 10 6.667 25.04
v 0 -20 20
v -6.667 -16.667 21.863
v 20 -16.667 22.059
v 23.333 -16.667 21.798
v 26.667 -13.333 21.658
v -33.333 -10 21.68
v -40 -6.667 22.021
v -43.333 -3.333 21.456
v -40 -3.333 22.653
v 26.667 3.333 21.915
v -36.667 10 21.543
v -33.333 10 22.222
v 16.667 10 21.96
v -26.667 13.333 20
v 26.667 -20 18.56
v 30 -16.667 18.295
v -46.667 -13.333 18.142
v -43.333 -13.333 18.917
v -46.667 -10 18.862
v 30 6.667 18.421
v -46.667 10 18.365
v 6.667 -25.64 13.333
v 10 -25.14 13.333
v 13.333 -25.776 13.333
v -50 -20 15.309
v -46.667 -20 15.976
v 35.021 -16.667 13.333
v 35.003 6.667 13.333
v -40 18.704 13.333
v -36.667 18.384 13.333
v -33.333 18.858 13.333
v 3.333 18.592 13.333
v 6.667 18.383 13.333
v -50 -26.667 12.301
v 3.333 -28.399 10
v 20 -27.929 10
v 26.667 -28.627 10
v -50 18.108 10
v -46.667 18.712 10
v 13.333 19.312 10
v 16.667 18.897 10
v 20 18.308 10
v 23.333 18.688 10
v -50 -31.889 6.667
v -46.667 -32.368 6.667
v -43.333 -32.239 6.667
v -13.333 -31.251 6.667
v -3.333 -31.978 6.667
v 0 -31.529 6.667
v 6.667 -28.819 6.667
v 10 -27.926 6.667
v 13.333 -28.891 6.667
v 16.667 -29.191 6.667
v 30 -28.898 6.667
v -58.49 -23.333 6.667
v -23.333 -24.841 6.667
v -58.985 -20 6.667
v 37.734 -20 6.667
v -59.273 -16.667 6.667
v 38.458 -16.667 6.667
v 38.856 -13.333 6.667
v 38.854 -3.333 6.667
v 38.687 0 6.667
v -58.281 10 6.667
v 37.618 10 6.667
v 20 19.296 6.667
v 26.667 19.15 6.667
v 30 18.013 6.667
v -43.333 21.106 6.667
v -40 21.8 6.667
v -36.667 21.274 6.667
v -33.333 21.675 6.667
v -30 21.923 6.667
v -26.667 21.637 6.667
v -10 21.696 6.667
v -6.667 21.574 6.667
v -3.333 21.455 6.667
v 0 21.3 6.667
v 3.333 21.032 6.667
v -53.333 -31.782 3.333
v -50 -32.97 3.333
v -46.667 -33.333 3.333
v -40 -32.591 3.333
v -13.333 -32.299 3.333
v -3.333 -32.831 3.333
v 0 -32.387 3.333
v 23.333 -31.586 3.333
v -58.534 -26.667 3.333
v -20 -28.373 3.333
v 10 -28.828 3.333
v 13.333 -29.606 3.333
v 16.667 -29.865 3.333
v -59.547 -23.333 3.333
v 38.546 -20 3.333
v 39.16 -16.667 3.333
v 39.486 -13.333 3.333
v 39.44 -3.333 3.333
v 39.294 0 3.333
v -59.204 10 3.333
v 38.431 10 3.333
v 30 18.841 3.333
v -46.667 20.963 3.333
v -43.333 21.864 3.333
v -40 22.45 3.333
v -36.667 21.972 3.333
v -33.333 22.302 3.333
v -30 22.505 3.333
v -26.667 22.247 3.333
v -3.333 22.075 3.333
v 0 21.932 3.333
v 3.333 21.697 3.333
v 6.667 21.438 3.333
v -53.333 -32.201 0
v -13.333 -32.62 0
v -10 -33.333 0
v -6.667 -33.21 0
v -3.333 -33.093 0
v 0 -32.65 0
v 23.333 -31.838 0
v 26.667 -31.19 0
v -58.951 -26.667 0
v 10 -29.104 0
v 13.333 -29.825 0
v 33.333 -28.258 0
v -59.818 -23.333 0
v -26.667 -25.099 0
v 38.147 -23.333 0
v 38.795 -20 0
v -60.532 -16.667 0
v 39.375 -16.667 0
v 39.679 -13.333 0
v 39.62 -3.333 0
v -60.873 0 0
v 39.48 0 0
v -60.572 3.333 0
v 38.679 10 0
v 30 19.095 0
v -46.667 21.236 0
v -43.333 22.09 0
v -40 22.645 0
v -36.667 22.181 0
v -33.333 22.491 0
v -30 22.681 0
v -26.667 22.431 0
v -3.333 22.265 0
v 0 22.125 0
v 3.333 21.901 0
v 6.667 21.653 0
v 23.333 20.7 0
v -46.667 -33.333 -3.333
v -53.333 -31.782 -3.333
v -50 -32.97 -3.333
v -40 -32.591 -3.333
v -13.333 -32.299 -3.333
v -3.333 -32.831 -3.333
v 0 -32.387 -3.333
v 23.333 -31.586 -3.333
v -58.534 -26.667 -3.333
v -20 -28.373 -3.333
v 10 -28.828 -3.333
v 13.333 -29.606 -3.333
v -59.547 -23.333 -3.333
v 38.546 -20 -3.333
v 39.16 -16.667 -3.333
v 39.486 -13.333 -3.333
v 39.44 -3.333 -3.333
v 39.294 0 -3.333
v -59.204 10 -3.333
v 38.431 10 -3.333
v 30 18.841 -3.333
v -46.667 20.963 -3.333
v -43.333 21.864 -3.333
v -40 22.45 -3.333
v -36.667 21.972 -3.333
v -33.333 22.302 -3.333
v -30 22.505 -3.333
v -26.667 22.247 -3.333
v -3.333 22.075 -3.333
v 0 21.932 -3.333
v 3.333 21.697 -3.333
v 6.667 21.438 -3.333
v -50 -31.889 -6.667
v -46.667 -32.368 -6.667
v -43.333 -32.239 -6.667
v -13.333 -31.251 -6.667
v -3.333 -31.978 -6.667
v 0 -31.529 -6.667
v 6.667 -28.819 -6.667
v 10 -27.926 -6.667
v 13.333 -28.891 -6.667
v 16.667 -29.191 -6.667
v 30 -28.898 -6.667
v -58.49 -23.333 -6.667
v -23.333 -24.841 -6.667
v -58.985 -20 -6.667
v 37.734 -20 -6.667
v -59.273 -16.667 -6.667
v 38.458 -16.667 -6.667
v 38.856 -13.333 -6.667
v 38.854 -3.333 -6.667
v 38.687 0 -6.667
v -58.281 10 -6.667
v 20 19.296 -6.667
v 26.667 19.15 -6.667
v 30 18.013 -6.667
v -43.333 21.106 -6.667
v -40 21.8 -6.667
v -36.667 21.274 -6.667
v -33.333 21.675 -6.667
v -30 21.923 -6.667
v -26.667 21.637 -6.667
v -10 21.696 -6.667
v -6.667 21.574 -6.667
v -3.333 21.455 -6.667
v 0 21.3 -6.667
v 3.333 21.032 -6.667
v 3.333 -28.399 -10
v 20 -27.929 -10
v 26.667 -28.627 -10
v -50 18.108 -10
v -46.667 18.712 -10
v 13.333 19.312 -10
v 16.667 18.897 -10
v 20 18.308 -10
v 23.333 18.688 -10
v -50 -26.667 -12.301
v 6.667 -25.64 -13.333
v 10 -25.14 -13.333
v 13.333 -25.776 -13.333
v 35.021 -16.667 -13.333
v 35.003 6.667 -13.333
v -40 18.704 -13.333
v -36.667 18.384 -13.333
v -33.333 18.858 -13.333
v 3.333 18.592 -13.333
v 6.667 18.383 -13.333
v -50 -20 -15.309
v -46.667 -20 -15.976
v 0 -20 -20
v 26.667 -20 -18.56
v 30 -16.667 -18.295
v -46.667 -13.333 -18.142
v -43.333 -13.333 -18.917
v -46.667 -10 -18.862
v 30 6.667 -18.421
v -46.667 10 -18.365
v -26.667 13.333 -20
v -6.667 -16.667 -21.863
v 20 -16.667 -22.059
v 23.333 -16.667 -21.798
v 26.667 -13.333 -21.658
v -33.333 -10 -21.68
v -40 -6.667 -22.021
v -43.333 -3.333 -21.456
v -40 -3.333 -22.653
v 26.667 3.333 -21.915
v -36.667 10 -21.543
v -33.333 10 -22.222
v 16.667 10 -21.96
v -10 -10 -25.26
v 16.667 -10 -25.923
v 20 -10 -25.139
v -23.333 -6.667 -25.208
v -20 -6.667 -25.659
v 20 -6.667 -25.774
v -33.333 -3.333 -24.606
v -30 -3.333 -25.36
v -26.667 -3.333 -25.865
v -23.333 -3.333 -26.303
v 20 -3.333 -25.907
v -33.333 0 -25.056
v -30 0 -25.759
v -26.667 0 -26.222
v 20 0 -25.616
v -33.333 3.333 -24.849
v -30 3.333 -25.519
v -26.667 3.333 -25.873
v 16.667 3.333 -25.722
v 20 3.333 -24.79
v -23.333 6.667 -24.902
v -13.333 6.667 -25.202
v 3.333 6.667 -25.457
v 6.667 6.667 -25.335
v 10 6.667 -25.04
v -6.667 -3.333 -28.135
v -3.333 -3.333 -28.312
v 6.667 -3.333 -28.284
v 10 -3.333 -27.999
v 13.333 -3.333 -27.557
v -13.333 0 -27.672
v 6.667 0 -27.946
v 10 0 -27.631
v -16.667 16.711 -16.72
v -16.667 16.711 16.72
v -60 -16.748 -3.333
v 16.749 -23.333 -16.667
v 16.749 -23.333 16.667
v 26.721 -30 6.689
v 26.721 -30 -6.689
v -33.259 -6.645 23.333
v -33.259 -6.645 -23.333
v -53.366 -30.025 6.734
v -53.366 -30.025 -6.734
v 33.365 13.364 10.066
v 33.365 13.364 -10.066
v 33.308 9.905 13.301
v 33.308 9.905 -13.301
v -10.101 -23.355 16.667
v -10.101 -23.355 -16.667
v -23.214 -20 13.306
v -23.214 -20 -13.306
v -30 13.433 20.09
v 3.333 -20.115 20.096
v 3.333 -20.115 -20.096
v 33.373 -20.146 13.373
v 33.373 -20.146 -13.372
v -23.198 -26.586 0
v -46.667 -29.887 9.877
v -46.667 -29.887 -9.877
v -19.944 -3.203 -26.667
v -19.944 -3.203 26.667
v -56.714 -26.724 -6.791
v -56.714 -26.724 6.791
v 29.935 -19.846 -16.625
v 29.935 -19.846 16.625
v 33.393 -26.71 -6.83
v 33.393 -26.71 6.83
v -3.333 -19.857 -19.884
v -3.333 -19.857 19.885
v -20 16.796 -16.822
v -20 16.796 16.822
v -46.879 20 -6.69
v -46.879 20 6.69
v -33.333 16.523 -16.481
v 29.929 9.823 16.613
v 29.929 9.823 -16.613
v -39.823 -23.407 13.387
v -39.823 -23.407 -13.387
v -33.333 16.523 16.481
v -3.333 20.109 10.21
v -3.333 20.109 -10.21
v -33.333 13.142 19.854
v 23.333 -19.789 19.874
v 23.333 -19.789 -19.874
v 30 -30 0.085
v 13.333 13.15 19.816
v 13.333 13.15 -19.816
v -23.333 13.524 20.177
v -23.333 13.524 -20.177
v -6.667 -30.159 10.218
v -6.667 -30.159 -10.218
v -36.937 -16.627 16.639
v -36.937 -16.627 -16.639
v 30.195 13.42 -13.417
v 30.195 13.42 13.417
v -13.333 9.76 -23.19
v -13.333 9.76 23.191
v 26.779 -16.917 -20.069
v 26.779 -16.917 20.069
v -10.28 -6.705 -26.688
v -10.28 -6.705 26.688
v -10 13.545 -20.203
v -10 13.545 20.203
v -43.333 -33.333 -3.035
v -43.333 -33.333 3.035
v -43.333 -29.792 -9.778
v -43.333 -29.792 9.778
v 20.026 -30 3.009
v 16.337 -20 -20
v 16.337 -20 20
v -20.119 -26.754 6.927
v -20.119 -26.754 -6.927
v -53.592 -26.79 10.111
v -53.592 -26.79 -10.111
v 29.726 16.599 9.875
v 29.726 16.599 -9.875
v -56.429 -29.758 0
v -46.339 -3.333 19.869
v -46.339 -3.333 -19.869
v 13.333 -16.365 23.149
v 13.333 -16.365 -23.149
v 23.662 10.108 20.083
v 23.662 10.108 -20.083
v -53.434 10.339 13.434
v -53.434 10.339 -13.434
v 26.667 -26.449 -13.036
v 36.744 -23.451 7.012
v 36.744 -23.451 -7.012
v 6.667 16.471 16.345
v 6.667 16.471 -16.345
v 20 -19.7 19.763
v 20 -19.7 -19.763
v -30 -13.027 19.759
v -30 -13.027 -19.759
v -20 13.619 20.267
v -20 13.619 -20.267
v 36.867 6.667 -10.34
v -16.225 -19.933 -16.596
v -16.225 -19.933 16.596
v -23.333 9.599 -23.118
v -23.333 9.599 23.118
v 20.455 -23.276 -16.603
v 20.455 -23.276 16.603
v 33.743 16.943 0
v 10 -16.251 -23.057
v 10 -16.251 23.057
v 30.422 -26.799 10.182
v 30.422 -26.799 -10.182
v 10 9.571 23.052
v 10 9.571 -23.052
v -22.882 -26.392 3.333
v -22.882 -26.392 -3.333
v -6.667 -19.58 19.671
v -6.667 -19.58 -19.671
v -57.018 -16.667 10.423
v -57.018 -16.667 -10.423
v -40 16.295 16.259
v -40 16.295 -16.259
v 7.219 -20.025 20.023
v 7.219 -20.025 -20.023
v -50 -29.628 9.587
v -50 -29.628 -9.587
v 36.977 13.8 0
v 26.07 19.905 3.333
v -6.667 -23.826 -17.059
v -6.667 -23.826 17.059
v -42.75 -9.746 -19.947
v -42.75 -9.746 19.947
v 16.02 0 -26.558
v 16.02 0 26.558
v -33.333 -12.783 -19.628
v -33.333 -12.783 19.628
v -36.667 16.244 -16.137
v -36.667 16.244 16.137
v -33.865 -23.144 9.734
v -33.865 -23.144 -9.734
v -56.158 -29.488 3.333
v -56.158 -29.488 -3.333
v -34.039 6.851 23.433
v -34.039 6.851 -23.433
v 20 10.565 20.482
v 20 10.565 -20.482
v 16.667 12.792 19.466
v 16.667 12.792 -19.466
v -36.667 12.719 19.552
v -36.667 12.719 -19.552
v -29.559 16.68 -16.682
v -29.559 16.68 16.682
v 36.087 -26.13 0
v 20 13.876 -17.283
v 20 13.876 17.283
v 30.728 -23.636 13.618
v 30.728 -23.636 -13.618
v 25.828 -26.558 13.185
v -57.196 3.333 10.705
v -57.196 3.333 -10.705
v 17.532 20.096 3.714
v 17.532 20.096 -3.714
v -54.044 -13.333 13.98
v -54.044 -13.333 -13.98
v -17.31 -26.959 -10.317
v -17.31 -26.959 10.317
v -17.394 -23.666 -13.61
v -17.394 -23.666 13.61
v 7.62 -26.82 -10.228
v 7.62 -26.82 10.228
v 32.651 6.667 -15.933
v 32.651 6.667 15.933
v -40 -30.61 -7.464
v -40 -30.61 7.464
v 32.622 -16.667 -15.951
v 32.622 -16.667 15.951
v -35.87 -30.622 0
v -20 -14.115 -20.654
v -20 -14.115 20.654
v -50.803 3.333 -17.313
v -50.803 3.333 17.313
v 34.194 -27.297 -3.333
v 34.194 -27.297 3.333
v -54.032 13.333 -10.823
v -54.032 13.333 10.823
v 37.27 -24.254 -3.333
v 37.27 -24.254 3.333
v -20 -20.862 -14.047
v -20 -20.862 14.047
v -40 -27.513 -10.747
v -40 -27.513 10.747
v -54.168 -10 -14.118
v -54.168 -10 14.118
v -20 -17.549 -17.52
v -20 -17.549 17.52
v 13.333 2.078 -26.613
v 13.333 2.078 26.613
v -41.262 20.074 -10.087
v -41.262 20.074 10.087
v 8.684 3.238 -26.654
v 8.684 3.238 26.654
v -34.616 -19.968 -13.237
v -34.616 -19.968 13.237
v -41.297 -33.269 0
v -25.332 16.651 -16.642
v -25.332 16.651 16.643
v 33.717 -23.694 10.768
v 33.717 -23.694 -10.768
v 36.592 -18.715 9.84
v 36.592 -18.715 -9.84
v 12.001 -20.055 20.05
v 12.001 -20.055 -20.05
v 33.284 -12.006 16.611
v 33.284 -12.006 -16.611
v -37.946 0 23.588
v -37.946 0 -23.588
v 21.314 -13.41 23.419
v 21.314 -13.41 -23.419
v -59.897 0 5.348
v -59.897 0 -5.348
v -44.581 -6.667 20.274
v -44.581 -6.667 -20.274
v -1.974 -30.057 10.069
v -1.974 -30.057 -10.069
v -59.862 8.676 0
v -43.333 -18.724 16.579
v -43.333 -18.724 -16.579
v -54.342 17.618 3.333
v -54.342 17.618 -3.333
v 6.667 20.281 7.978
v 6.667 20.281 -7.978
v 1.314 -26.848 13.483
v 1.314 -26.848 -13.483
v -50.099 -11.375 16.755
v -50.099 -11.375 -16.755
v 36.556 8.678 9.785
v 24.653 13.479 16.824
v 24.653 13.479 -16.824
v -11.36 -26.81 13.461
v -11.36 -26.81 -13.461
v 13.333 -8.014 26.917
v 13.333 -8.014 -26.917
v -24.716 -13.461 20.112
v -24.716 -13.461 -20.112
v 24.695 -23.471 16.804
v 24.695 -23.471 -16.804
v -13.333 -22.081 16.445
v -13.333 -22.081 -16.445
v 8.584 13.291 19.957
v 8.584 13.291 -19.957
v -31.915 13.263 -19.949
v -16.667 -5.298 26.483
v -16.667 -5.298 -26.483
v 36.445 -13.333 12.077
v 36.445 -13.333 -12.077
v 36.449 0 12.04
v 36.449 0 -12.04
v 18.056 6.867 23.482
v 18.056 6.867 -23.482
v -40 -11.986 19.805
v -40 -11.986 -19.805
v 36.499 13.082 5.283
v 36.499 13.082 -5.282
v 22.03 20.027 3.977
v 22.03 20.027 -3.977
v -3.333 -7.992 27.019
v -3.333 -7.992 -27.019
v 25.352 -10 23.078
v 25.352 -10 -23.078
v -33.449 -26.458 -5.312
v -33.449 -26.458 5.312
v 15.214 19.895 -6.717
v 15.214 19.895 6.717
v -30 19.762 -12.002
v -30 19.762 12.002
v 11.949 -26.843 -10.216
v 11.949 -26.843 10.216
v 24.616 0 -23.656
v 24.616 0 23.656
v -36.905 -29.789 -5.324
v -36.905 -29.789 5.324
v 37.016 -3.333 -11.303
v 37.016 -3.333 11.303
v -21.875 -9.893 -23.27
v -21.875 -9.893 23.27
v -52.083 19.689 0
v -8.109 -13.534 -23.47
v -8.109 -13.534 23.47
v -6.667 -8.64 -26.4
v -6.667 -8.64 26.4
v -24.785 -16.827 -16.825
v -24.785 -16.827 16.825
v 21.404 -26.536 -13.063
v 21.404 -26.536 13.063
v 21.221 16.662 -13.317
v 21.221 16.662 13.317
v -51.96 -23.468 -12.947
v -51.96 -23.468 12.947
v -36.667 -11.261 -20.363
v -36.667 -11.261 20.363
v -44.72 13.571 -16.891
v -44.72 13.571 16.891
v -50.292 20.109 -4.784
v -50.292 20.109 4.784
v -11.496 3.372 -26.694
v -11.496 3.372 26.694
v -3.333 -14.595 -23.652
v -3.333 -14.595 23.652
v 36.982 10 -8.033
v -48.138 -33.625 0
v -13.333 -4.757 -27.041
v -13.333 -4.757 27.041
v 20.013 -30.138 -1.505
v -53.056 16.376 -8.648
v -53.056 16.376 8.648
v -44.76 16.888 13.59
v -44.76 16.888 -13.589
v -48.523 -16.748 -16.403
v -48.523 -16.748 16.403
v 16.603 -29.941 -1.816
v 16.667 -27.085 -11.309
v 16.667 -27.085 11.31
v -53.524 -18.159 -13.51
v -53.524 -18.159 13.51
v -50.413 14.603 -13.293
v -50.413 14.603 13.293
v 33.102 16.465 -5.193
v 33.102 16.465 5.193
v 10 19.765 8.517
v 10 19.765 -8.517
v 16.507 -5.139 26.64
v 16.507 -5.139 -26.64
v -43.333 -24.631 13.773
v -43.333 -24.631 -13.773
v -16.667 1.493 27.004
v -16.667 1.493 -27.004
v -34.865 20.09 10.153
v -34.865 20.09 -10.153
v 26.667 17.029 11.313
v 26.667 17.029 -11.313
v -56.88 8.143 10.268
v -56.88 8.143 -10.268
v -40 -18.631 16.338
v -40 -18.631 -16.338
v -15.136 -16.508 19.864
v -15.136 -16.508 -19.864
v -21.368 -23.65 10.274
v -21.368 -23.65 -10.274
v 26.787 8.61 19.47
v 26.787 8.61 -19.469
v -10 19.627 11.904
v -11.817 -29.847 9.735
v -11.817 -29.847 -9.735
v 4.889 -23.441 16.782
v 4.889 -23.441 -16.782
v 11.553 -23.244 16.533
v 11.553 -23.244 -16.533
v -36.729 -5.136 23.055
v -36.729 -5.136 -23.055
v 1.774 19.961 9.854
v 1.774 19.961 -9.854
v -44.73 6.667 20.493
v -44.73 6.667 -20.493
v -30 -8.638 22.951
v -30 -8.638 -22.951
v -26.569 -23.913 4.765
v -26.569 -23.913 -4.765
v -11.754 16.667 16.686
v -11.754 16.667 -16.686
v 28.159 -30.401 3.333
v 28.159 -30.401 -3.333
v -59.717 3.333 5.13
v -59.717 3.333 -5.13
v -26.667 -7.987 23.787
v -26.667 -7.987 -23.787
v -59.918 -20.043 -1.755
v 3.915 -30.1 -4.735
v 3.915 -30.1 4.735
v 16.667 -14.689 23.808
v 16.667 -14.689 -23.808
v -16.667 -11.984 22.905
v -16.667 -11.984 -22.905
v -57.032 0 -11.273
v -57.032 0 11.273
v 36.206 3.333 -11.903
v 36.206 3.333 11.903
v 10 -8.175 -27.129
v 10 -8.175 27.129
v 0 -8.13 -27.181
v 0 -8.13 27.181
v -46.667 -24.698 -13.883
v -46.667 -24.698 13.883
v -26.667 19.563 -11.85
v -26.667 19.563 11.85
v -50.307 8.207 -16.92
v -50.307 8.207 16.92
v -52.009 -6.667 -16.245
v -52.009 -6.667 16.245
v 29.792 -11.737 -19.861
v 29.792 -11.737 19.861
v 4.852 -30.488 0
v 33.219 1.715 -16.527
v 33.219 1.715 16.527
v -59.911 -18.374 3.333
v -6.667 19.538 11.834
v -59.657 6.703 -5.078
v -59.657 6.703 5.078
v -57.116 14.677 0
v 23.38 5.12 -22.862
v 23.38 5.12 22.862
v -17.966 -30.393 0
v 16.667 16.152 -15.271
v 16.667 16.152 15.271
v -36.822 -24.671 -10.654
v -36.822 -24.671 10.654
v -13.333 -11.382 -23.878
v -13.333 -11.382 23.878
v -56.908 13.687 -4.905
v -56.908 13.687 4.905
v 29.82 1.702 -19.863
v 29.82 1.702 19.863
v 21.473 -29.651 -7.3
v 21.473 -29.651 7.3
v -32.01 -27.032 0
v 18.284 20.33 0
v -16.977 -30.246 -4.92
v -16.977 -30.246 4.92
v 13.333 8.048 -23.892
v 13.333 8.048 23.892
v 0 -14.719 -23.898
v 0 -14.719 23.898
v -56.496 -21.693 -9.789
v -56.496 -21.693 9.789
v -10 -18.672 -19.495
v -10 -18.672 19.495
v 26.369 19.953 -1.695
v -39.258 5.313 22.787
v -39.258 5.313 -22.787
v -22.409 1.985 26.476
v -22.409 1.985 -26.476
v 1.667 -3.333 28.405
v 1.667 -3.333 -28.405
v 5 -9.931 26.667
v 5 -9.931 -26.667
v -18.333 6.667 25.113
v -18.333 6.667 -25.113
v 33.496 -5 16.852
v 33.496 -5 -16.852
v -8.333 -32.057 6.667
v -8.333 -32.057 -6.667
v 5 -16.356 23.129
v 5 -16.356 -23.129
v -8.333 9.787 23.202
v -8.333 9.787 -23.202
v -5 13.512 20.175
v -5 13.512 -20.175
v -60.681 -11.667 0
v -10 -1.667 27.869
v -10 -1.667 -27.869
v 39.129 5 3.333
v 39.129 5 -3.333
v 1.667 13.507 20.175
v 1.667 13.507 -20.175
v -15 13.553 20.208
v -15 13.553 -20.208
v -57.062 -5 11.288
v -57.062 -5 -11.288
v -59.947 -5 5.399
v -59.947 -5 -5.399
v -1.667 9.835 23.228
v -1.667 9.835 -23.228
v 5 -13.333 25.21
v 5 -13.333 -25.21
v 1.667 3.598 26.813
v 1.667 3.598 -26.813
v -8.333 6.667 25.273
v -8.333 6.667 -25.273
v 39.335 5 0
v -15 19.69 11.951
v -15 19.69 -11.951
v -31.667 -16.455 16.445
v -31.667 -16.455 -16.445
v -5 16.614 16.586
v -5 16.614 -16.586
v -15 22.557 0
v -59.755 -11.667 5.15
v -59.755 -11.667 -5.15
v -15 22.377 3.333
v -15 22.377 -3.333
v 38.459 5 6.667
v 38.459 5 -6.667
v -15 21.786 6.667
v -15 21.786 -6.667
v -18.333 9.727 23.178
v -18.333 9.727 -23.178
v 30.188 -5 20.165
v 30.188 -5 -20.165
v 1.667 0 28.11
v 1.667 0 -28.11
v -1.667 6.667 25.376
v -1.667 6.667 -25.376
v -60.975 -5 0
v 11.667 -13.333 25.102
v 11.667 -13.333 -25.102
v -1.667 -23.945 17.198
v -1.667 -23.945 -17.198
v 1.667 16.567 16.507
v 1.667 16.567 -16.507
v -43.333 1.667 -21.718
v -43.333 1.667 21.718
v -5 -27.281 -13.959
v -5 -27.281 13.959
v -21.667 22.616 0
v -46.518 1.667 -19.934
v -46.518 1.667 19.934
v 37.116 -8.333 -11.365
v 37.116 -8.333 11.365
v -21.667 22.44 -3.333
v -21.667 22.44 3.333
v -30.058 -24.049 -4.81
v -30.058 -24.049 4.81
v 5 -6.667 -27.963
v 5 -6.667 27.963
v -8.333 -32.975 -3.333
v -8.333 -32.975 3.333
v -51.266 -1.667 17.035
v -51.266 -1.667 -17.035
v 11.667 21.248 0
v -28.333 7.991 -23.743
v -28.333 7.991 23.743
v -21.667 21.862 -6.667
v -21.667 21.862 6.667
v 24.722 -5 -23.834
v 24.722 -5 23.834
v -57.182 -11.667 -10.648
v -57.182 -11.667 10.648
v -21.667 19.752 -11.992
v -21.667 19.752 11.993
v 11.667 17.144 -14.691
v 11.667 17.144 14.691
v 11.667 21.008 -3.333
v 11.667 21.008 3.333
v -54.25 5 -14.253
v -54.25 5 14.253
v -28.333 -20.5 -11.288
v -28.333 -20.5 11.288
v -1.667 18.781 -13.333
v -1.667 18.781 13.333
v -5 3.506 -26.764
v -5 3.506 26.764
v 39.012 -8.333 -6.667
v 39.012 -8.333 6.667
v 39.598 -8.333 -3.333
v 39.598 -8.333 3.333
v 39.778 -8.333 0
v -8.333 22.427 0
v -5 0 -28.036
v -5 0 28.036
v -8.333 22.242 -3.333
v -8.333 22.242 3.333
v -41.499 10.556 -20.131
v -41.499 10.556 20.131
v 5 9.836 -23.227
v 5 9.836 23.227
v -8.333 19.583 -11.869
vt 0.55 0.5
vt 0.533 0.483
vt 0.55 0.483
vt 0.533 0.5
vt 0.533 0.483
vt 0.55 0.5
vt 0.6 0.467
vt 0.583 0.45
vt 0.6 0.45
vt 0.35 0.5
vt 0.333 0.483
vt 0.35 0.483
vt 0.333 0.5
vt 0.333 0.483
vt 0.35 0.5
vt 0.367 0.5
vt 0.35 0.483
vt 0.367 0.483
vt 0.35 0.5
vt 0.35 0.483
vt 0.367 0.5
vt 0.35 0.517
vt 0.333 0.5
vt 0.35 0.5
vt 0.333 0.517
vt 0.333 0.5
vt 0.35 0.517
vt 0.367 0.517
vt 0.35 0.5
vt 0.367 0.5
vt 0.35 0.517
vt 0.35 0.5
vt 0.367 0.517
vt 0.6 0.596
vt 0.583 0.594
vt 0.6 0.592
vt 0.25 0.341
vt 0.267 0.333
vt 0.267 0.338
vt 0.25 0.335
vt 0.267 0.333
vt 0.25 0.341
vt 0.483 0.34
vt 0.5 0.338
vt 0.5 0.342
vt 0.483 0.336
vt 0.5 0.338
vt 0.483 0.34
vt 0.533 0.356
vt 0.55 0.356
vt 0.55 0.36
vt 0.55 0.36
vt 0.567 0.352
vt 0.567 0.356
vt 0.55 0.356
vt 0.567 0.352
vt 0.55 0.36
vt 0.567 0.356
vt 0.583 0.351
vt 0.583 0.354
vt 0.567 0.352
vt 0.583 0.351
vt 0.567 0.356
vt 0.208 0.383
vt 0.202 0.383
vt 0.207 0.367
vt 0.205 0.4
vt 0.202 0.383
vt 0.208 0.383
vt 0.693 0.4
vt 0.692 0.417
vt 0.689 0.4
vt 0.696 0.417
vt 0.692 0.417
vt 0.693 0.4
vt 0.696 0.417
vt 0.694 0.433
vt 0.692 0.417
vt 0.697 0.433
vt 0.694 0.433
vt 0.696 0.417
vt 0.697 0.483
vt 0.693 0.5
vt 0.694 0.483
vt 0.696 0.5
vt 0.693 0.5
vt 0.697 0.483
vt 0.65 0.594
vt 0.633 0.596
vt 0.65 0.59
vt 0.3 0.612
vt 0.283 0.606
vt 0.3 0.609
vt 0.3 0.612
vt 0.283 0.609
vt 0.283 0.606
vt 0.317 0.61
vt 0.3 0.609
vt 0.317 0.606
vt 0.317 0.61
vt 0.3 0.612
vt 0.3 0.609
vt 0.333 0.612
vt 0.317 0.606
vt 0.333 0.608
vt 0.333 0.612
vt 0.317 0.61
vt 0.317 0.606
vt 0.35 0.613
vt 0.333 0.608
vt 0.35 0.61
vt 0.35 0.613
vt 0.333 0.612
vt 0.333 0.608
vt 0.367 0.611
vt 0.35 0.61
vt 0.367 0.608
vt 0.367 0.611
vt 0.35 0.613
vt 0.35 0.61
vt 0.483 0.61
vt 0.467 0.608
vt 0.483 0.607
vt 0.5 0.61
vt 0.483 0.607
vt 0.5 0.607
vt 0.5 0.61
vt 0.483 0.61
vt 0.483 0.607
vt 0.517 0.608
vt 0.5 0.607
vt 0.517 0.605
vt 0.517 0.608
vt 0.5 0.61
vt 0.5 0.607
vt 0.533 0.607
vt 0.517 0.608
vt 0.517 0.605
vt 0.433 0.337
vt 0.45 0.333
vt 0.433 0.339
vt 0.483 0.336
vt 0.5 0.337
vt 0.5 0.338
vt 0.483 0.335
vt 0.5 0.337
vt 0.483 0.336
vt 0.617 0.341
vt 0.633 0.344
vt 0.617 0.342
vt 0.55 0.356
vt 0.567 0.351
vt 0.567 0.352
vt 0.55 0.354
vt 0.567 0.351
vt 0.55 0.356
vt 0.583 0.351
vt 0.567 0.352
vt 0.567 0.351
vt 0.202 0.383
vt 0.205 0.367
vt 0.207 0.367
vt 0.202 0.383
vt 0.201 0.383
vt 0.205 0.367
vt 0.694 0.4
vt 0.693 0.4
vt 0.691 0.383
vt 0.694 0.4
vt 0.696 0.417
vt 0.693 0.4
vt 0.697 0.417
vt 0.696 0.417
vt 0.694 0.4
vt 0.697 0.417
vt 0.697 0.433
vt 0.696 0.417
vt 0.698 0.433
vt 0.697 0.433
vt 0.697 0.417
vt 0.698 0.483
vt 0.696 0.5
vt 0.697 0.483
vt 0.697 0.5
vt 0.696 0.5
vt 0.698 0.483
vt 0.283 0.61
vt 0.267 0.605
vt 0.283 0.609
vt 0.283 0.61
vt 0.267 0.606
vt 0.267 0.605
vt 0.3 0.613
vt 0.283 0.609
vt 0.3 0.612
vt 0.3 0.613
vt 0.283 0.61
vt 0.283 0.609
vt 0.317 0.611
vt 0.3 0.612
vt 0.317 0.61
vt 0.317 0.611
vt 0.3 0.613
vt 0.3 0.612
vt 0.333 0.612
vt 0.317 0.61
vt 0.333 0.612
vt 0.333 0.612
vt 0.317 0.611
vt 0.317 0.61
vt 0.35 0.613
vt 0.333 0.612
vt 0.35 0.613
vt 0.35 0.613
vt 0.333 0.612
vt 0.333 0.612
vt 0.367 0.612
vt 0.35 0.613
vt 0.367 0.611
vt 0.367 0.612
vt 0.35 0.613
vt 0.35 0.613
vt 0.5 0.611
vt 0.483 0.61
vt 0.5 0.61
vt 0.5 0.611
vt 0.483 0.611
vt 0.483 0.61
vt 0.517 0.61
vt 0.5 0.61
vt 0.517 0.608
vt 0.517 0.61
vt 0.5 0.611
vt 0.5 0.61
vt 0.533 0.608
vt 0.517 0.608
vt 0.533 0.607
vt 0.533 0.608
vt 0.517 0.61
vt 0.517 0.608
vt 0.233 0.341
vt 0.25 0.335
vt 0.233 0.339
vt 0.467 0.334
vt 0.483 0.336
vt 0.483 0.335
vt 0.483 0.335
vt 0.5 0.338
vt 0.5 0.337
vt 0.483 0.336
vt 0.5 0.338
vt 0.483 0.335
vt 0.55 0.354
vt 0.567 0.352
vt 0.567 0.351
vt 0.55 0.356
vt 0.567 0.352
vt 0.55 0.354
vt 0.201 0.383
vt 0.207 0.367
vt 0.205 0.367
vt 0.201 0.383
vt 0.202 0.383
vt 0.207 0.367
vt 0.693 0.4
vt 0.697 0.417
vt 0.694 0.4
vt 0.696 0.417
vt 0.697 0.417
vt 0.693 0.4
vt 0.696 0.417
vt 0.698 0.433
vt 0.697 0.417
vt 0.697 0.433
vt 0.698 0.433
vt 0.696 0.417
vt 0.697 0.483
vt 0.697 0.5
vt 0.698 0.483
vt 0.696 0.5
vt 0.697 0.5
vt 0.697 0.483
vt 0.283 0.609
vt 0.267 0.606
vt 0.283 0.61
vt 0.283 0.609
vt 0.267 0.605
vt 0.267 0.606
vt 0.3 0.612
vt 0.283 0.61
vt 0.3 0.613
vt 0.3 0.612
vt 0.283 0.609
vt 0.283 0.61
vt 0.317 0.61
vt 0.3 0.613
vt 0.317 0.611
vt 0.317 0.61
vt 0.3 0.612
vt 0.3 0.613
vt 0.333 0.612
vt 0.317 0.611
vt 0.333 0.612
vt 0.333 0.612
vt 0.317 0.61
vt 0.317 0.611
vt 0.35 0.613
vt 0.333 0.612
vt 0.35 0.613
vt 0.35 0.613
vt 0.333 0.612
vt 0.333 0.612
vt 0.367 0.611
vt 0.35 0.613
vt 0.367 0.612
vt 0.367 0.611
vt 0.35 0.613
vt 0.35 0.613
vt 0.5 0.61
vt 0.483 0.611
vt 0.5 0.611
vt 0.5 0.61
vt 0.483 0.61
vt 0.483 0.611
vt 0.517 0.608
vt 0.5 0.611
vt 0.517 0.61
vt 0.517 0.608
vt 0.5 0.61
vt 0.5 0.611
vt 0.533 0.607
vt 0.517 0.61
vt 0.533 0.608
vt 0.533 0.607
vt 0.517 0.608
vt 0.517 0.61
vt 0.233 0.341
vt 0.25 0.341
vt 0.25 0.335
vt 0.25 0.335
vt 0.267 0.338
vt 0.267 0.333
vt 0.25 0.341
vt 0.267 0.338
vt 0.25 0.335
vt 0.267 0.338
vt 0.283 0.339
vt 0.267 0.333
vt 0.483 0.336
vt 0.5 0.342
vt 0.5 0.338
vt 0.483 0.34
vt 0.5 0.342
vt 0.483 0.336
vt 0.55 0.356
vt 0.567 0.356
vt 0.567 0.352
vt 0.55 0.36
vt 0.567 0.356
vt 0.55 0.356
vt 0.567 0.356
vt 0.583 0.354
vt 0.567 0.352
vt 0.689 0.4
vt 0.696 0.417
vt 0.693 0.4
vt 0.692 0.417
vt 0.696 0.417
vt 0.689 0.4
vt 0.692 0.417
vt 0.697 0.433
vt 0.696 0.417
vt 0.694 0.433
vt 0.697 0.433
vt 0.692 0.417
vt 0.694 0.483
vt 0.696 0.5
vt 0.697 0.483
vt 0.693 0.5
vt 0.696 0.5
vt 0.694 0.483
vt 0.283 0.606
vt 0.267 0.605
vt 0.283 0.609
vt 0.3 0.609
vt 0.283 0.609
vt 0.3 0.612
vt 0.3 0.609
vt 0.283 0.606
vt 0.283 0.609
vt 0.317 0.606
vt 0.3 0.612
vt 0.317 0.61
vt 0.317 0.606
vt 0.3 0.609
vt 0.3 0.612
vt 0.333 0.608
vt 0.317 0.61
vt 0.333 0.612
vt 0.333 0.608
vt 0.317 0.606
vt 0.317 0.61
vt 0.35 0.61
vt 0.333 0.612
vt 0.35 0.613
vt 0.35 0.61
vt 0.333 0.608
vt 0.333 0.612
vt 0.367 0.608
vt 0.35 0.613
vt 0.367 0.611
vt 0.367 0.608
vt 0.35 0.61
vt 0.35 0.613
vt 0.5 0.607
vt 0.483 0.61
vt 0.5 0.61
vt 0.5 0.607
vt 0.483 0.607
vt 0.483 0.61
vt 0.517 0.605
vt 0.5 0.61
vt 0.517 0.608
vt 0.517 0.605
vt 0.5 0.607
vt 0.5 0.61
vt 0.617 0.593
vt 0.6 0.592
vt 0.6 0.596
vt 0.583 0.45
vt 0.6 0.467
vt 0.6 0.45
vt 0.333 0.483
vt 0.35 0.5
vt 0.35 0.483
vt 0.333 0.483
vt 0.333 0.5
vt 0.35 0.5
vt 0.35 0.483
vt 0.367 0.5
vt 0.367 0.483
vt 0.35 0.483
vt 0.35 0.5
vt 0.367 0.5
vt 0.333 0.5
vt 0.35 0.517
vt 0.35 0.5
vt 0.333 0.5
vt 0.333 0.517
vt 0.35 0.517
vt 0.35 0.5
vt 0.367 0.517
vt 0.367 0.5
vt 0.35 0.5
vt 0.35 0.517
vt 0.367 0.517
vt 0.533 0.483
vt 0.55 0.5
vt 0.55 0.483
vt 0.533 0.483
vt 0.533 0.5
vt 0.55 0.5
vt 0.65 0.356
vt 0.633 0.357
vt 0.634 0.35
vt 0.633 0.357
vt 0.65 0.356
vt 0.634 0.35
vt 0.233 0.35
vt 0.25 0.335
vt 0.25 0.341
vt 0.233 0.341
vt 0.25 0.335
vt 0.233 0.35
vt 0.233 0.35
vt 0.25 0.341
vt 0.233 0.341
vt 0.283 0.339
vt 0.267 0.351
vt 0.267 0.338
vt 0.267 0.351
vt 0.267 0.338
vt 0.25 0.341
vt 0.383 0.467
vt 0.4 0.484
vt 0.4 0.467
vt 0.383 0.467
vt 0.383 0.483
vt 0.4 0.484
vt 0.4 0.484
vt 0.383 0.467
vt 0.4 0.467
vt 0.383 0.483
vt 0.383 0.467
vt 0.4 0.484
vt 0.202 0.383
vt 0.216 0.366
vt 0.207 0.367
vt 0.202 0.383
vt 0.208 0.383
vt 0.216 0.366
vt 0.208 0.383
vt 0.207 0.367
vt 0.216 0.366
vt 0.283 0.606
vt 0.266 0.6
vt 0.267 0.605
vt 0.283 0.609
vt 0.266 0.6
vt 0.283 0.606
vt 0.283 0.609
vt 0.267 0.605
vt 0.266 0.6
vt 0.317 0.592
vt 0.333 0.583
vt 0.333 0.594
vt 0.5 0.607
vt 0.483 0.607
vt 0.483 0.601
vt 0.483 0.601
vt 0.467 0.608
vt 0.483 0.607
vt 0.333 0.583
vt 0.333 0.566
vt 0.35 0.567
vt 0.333 0.55
vt 0.35 0.567
vt 0.333 0.566
vt 0.617 0.401
vt 0.617 0.417
vt 0.6 0.417
vt 0.667 0.567
vt 0.667 0.55
vt 0.651 0.567
vt 0.651 0.567
vt 0.667 0.55
vt 0.65 0.549
vt 0.65 0.549
vt 0.667 0.55
vt 0.651 0.567
vt 0.667 0.567
vt 0.651 0.567
vt 0.667 0.55
vt 0.617 0.417
vt 0.633 0.433
vt 0.634 0.415
vt 0.634 0.415
vt 0.617 0.401
vt 0.617 0.417
vt 0.633 0.4
vt 0.617 0.401
vt 0.634 0.415
vt 0.634 0.415
vt 0.65 0.417
vt 0.65 0.401
vt 0.633 0.4
vt 0.634 0.415
vt 0.65 0.401
vt 0.65 0.401
vt 0.65 0.417
vt 0.634 0.415
vt 0.633 0.433
vt 0.617 0.417
vt 0.634 0.415
vt 0.634 0.415
vt 0.617 0.401
vt 0.633 0.4
vt 0.634 0.415
vt 0.617 0.417
vt 0.617 0.401
vt 0.633 0.4
vt 0.65 0.401
vt 0.634 0.415
vt 0.267 0.333
vt 0.283 0.339
vt 0.283 0.333
vt 0.283 0.333
vt 0.3 0.337
vt 0.283 0.339
vt 0.267 0.333
vt 0.283 0.333
vt 0.267 0.338
vt 0.267 0.338
vt 0.283 0.333
vt 0.283 0.339
vt 0.283 0.351
vt 0.267 0.338
vt 0.267 0.351
vt 0.283 0.351
vt 0.283 0.339
vt 0.267 0.338
vt 0.283 0.339
vt 0.283 0.351
vt 0.267 0.351
vt 0.583 0.351
vt 0.6 0.35
vt 0.583 0.354
vt 0.232 0.366
vt 0.216 0.366
vt 0.233 0.35
vt 0.216 0.366
vt 0.232 0.366
vt 0.233 0.35
vt 0.649 0.583
vt 0.651 0.567
vt 0.667 0.567
vt 0.649 0.583
vt 0.667 0.567
vt 0.651 0.567
vt 0.218 0.351
vt 0.233 0.339
vt 0.233 0.341
vt 0.207 0.367
vt 0.218 0.351
vt 0.205 0.367
vt 0.689 0.4
vt 0.693 0.4
vt 0.684 0.383
vt 0.517 0.593
vt 0.533 0.582
vt 0.533 0.592
vt 0.617 0.401
vt 0.6 0.417
vt 0.6 0.401
vt 0.582 0.4
vt 0.584 0.383
vt 0.6 0.401
vt 0.582 0.4
vt 0.6 0.401
vt 0.584 0.383
vt 0.6 0.417
vt 0.6 0.401
vt 0.582 0.4
vt 0.617 0.417
vt 0.617 0.401
vt 0.6 0.401
vt 0.617 0.417
vt 0.6 0.401
vt 0.6 0.417
vt 0.4 0.568
vt 0.4 0.584
vt 0.383 0.568
vt 0.4 0.568
vt 0.417 0.584
vt 0.4 0.584
vt 0.675 0.533
vt 0.667 0.55
vt 0.684 0.533
vt 0.383 0.548
vt 0.383 0.568
vt 0.4 0.568
vt 0.383 0.568
vt 0.383 0.548
vt 0.4 0.568
vt 0.6 0.401
vt 0.602 0.384
vt 0.584 0.383
vt 0.6 0.401
vt 0.584 0.383
vt 0.602 0.384
vt 0.669 0.585
vt 0.65 0.595
vt 0.65 0.594
vt 0.65 0.356
vt 0.652 0.366
vt 0.633 0.357
vt 0.65 0.356
vt 0.667 0.366
vt 0.652 0.366
vt 0.652 0.366
vt 0.633 0.357
vt 0.633 0.368
vt 0.633 0.357
vt 0.652 0.366
vt 0.65 0.356
vt 0.65 0.356
vt 0.652 0.366
vt 0.667 0.366
vt 0.533 0.533
vt 0.55 0.548
vt 0.55 0.533
vt 0.386 0.368
vt 0.4 0.358
vt 0.399 0.366
vt 0.399 0.366
vt 0.383 0.376
vt 0.386 0.368
vt 0.384 0.367
vt 0.4 0.358
vt 0.386 0.368
vt 0.399 0.366
vt 0.4 0.358
vt 0.386 0.368
vt 0.399 0.366
vt 0.386 0.368
vt 0.383 0.376
vt 0.367 0.375
vt 0.386 0.368
vt 0.384 0.367
vt 0.483 0.401
vt 0.467 0.417
vt 0.467 0.402
vt 0.215 0.417
vt 0.204 0.417
vt 0.205 0.4
vt 0.3 0.581
vt 0.3 0.594
vt 0.317 0.592
vt 0.25 0.352
vt 0.25 0.367
vt 0.232 0.366
vt 0.232 0.366
vt 0.233 0.35
vt 0.25 0.352
vt 0.267 0.351
vt 0.25 0.367
vt 0.25 0.352
vt 0.267 0.338
vt 0.267 0.351
vt 0.25 0.352
vt 0.25 0.341
vt 0.25 0.352
vt 0.233 0.35
vt 0.267 0.338
vt 0.25 0.352
vt 0.25 0.341
vt 0.233 0.35
vt 0.232 0.366
vt 0.25 0.352
vt 0.267 0.351
vt 0.25 0.341
vt 0.25 0.352
vt 0.25 0.352
vt 0.25 0.341
vt 0.233 0.35
vt 0.25 0.367
vt 0.25 0.352
vt 0.232 0.366
vt 0.692 0.55
vt 0.685 0.569
vt 0.693 0.55
vt 0.63 0.6
vt 0.65 0.594
vt 0.65 0.595
vt 0.65 0.594
vt 0.63 0.6
vt 0.633 0.596
vt 0.449 0.383
vt 0.467 0.402
vt 0.467 0.381
vt 0.467 0.381
vt 0.467 0.402
vt 0.483 0.401
vt 0.467 0.402
vt 0.449 0.383
vt 0.467 0.381
vt 0.467 0.402
vt 0.467 0.381
vt 0.483 0.401
vt 0.267 0.433
vt 0.286 0.451
vt 0.283 0.433
vt 0.267 0.433
vt 0.267 0.45
vt 0.286 0.451
vt 0.286 0.451
vt 0.267 0.433
vt 0.283 0.433
vt 0.267 0.45
vt 0.267 0.433
vt 0.286 0.451
vt 0.58 0.5
vt 0.583 0.517
vt 0.6 0.517
vt 0.58 0.5
vt 0.6 0.517
vt 0.6 0.5
vt 0.58 0.5
vt 0.6 0.5
vt 0.6 0.483
vt 0.583 0.517
vt 0.58 0.5
vt 0.6 0.517
vt 0.6 0.517
vt 0.58 0.5
vt 0.6 0.5
vt 0.6 0.483
vt 0.6 0.5
vt 0.58 0.5
vt 0.35 0.435
vt 0.333 0.45
vt 0.333 0.436
vt 0.3 0.581
vt 0.317 0.592
vt 0.317 0.581
vt 0.317 0.581
vt 0.333 0.594
vt 0.333 0.583
vt 0.317 0.581
vt 0.317 0.592
vt 0.333 0.594
vt 0.3 0.594
vt 0.3 0.581
vt 0.317 0.581
vt 0.317 0.592
vt 0.317 0.581
vt 0.333 0.583
vt 0.3 0.594
vt 0.317 0.581
vt 0.317 0.592
vt 0.317 0.581
vt 0.333 0.566
vt 0.333 0.583
vt 0.218 0.351
vt 0.233 0.341
vt 0.219 0.353
vt 0.233 0.35
vt 0.216 0.366
vt 0.219 0.353
vt 0.219 0.353
vt 0.233 0.341
vt 0.233 0.35
vt 0.205 0.367
vt 0.218 0.351
vt 0.219 0.353
vt 0.207 0.367
vt 0.219 0.353
vt 0.216 0.366
vt 0.205 0.367
vt 0.219 0.353
vt 0.207 0.367
vt 0.219 0.353
vt 0.233 0.339
vt 0.218 0.351
vt 0.233 0.35
vt 0.233 0.341
vt 0.219 0.353
vt 0.219 0.353
vt 0.233 0.341
vt 0.233 0.339
vt 0.207 0.367
vt 0.219 0.353
vt 0.218 0.351
vt 0.233 0.35
vt 0.219 0.353
vt 0.216 0.366
vt 0.216 0.366
vt 0.219 0.353
vt 0.207 0.367
vt 0.583 0.564
vt 0.583 0.55
vt 0.6 0.553
vt 0.567 0.566
vt 0.583 0.55
vt 0.583 0.564
vt 0.583 0.55
vt 0.583 0.564
vt 0.6 0.553
vt 0.317 0.581
vt 0.317 0.564
vt 0.333 0.566
vt 0.3 0.581
vt 0.317 0.564
vt 0.317 0.581
vt 0.317 0.564
vt 0.333 0.55
vt 0.333 0.566
vt 0.317 0.564
vt 0.317 0.55
vt 0.333 0.55
vt 0.317 0.564
vt 0.317 0.581
vt 0.333 0.583
vt 0.333 0.594
vt 0.352 0.583
vt 0.333 0.583
vt 0.333 0.594
vt 0.333 0.583
vt 0.352 0.583
vt 0.352 0.583
vt 0.333 0.583
vt 0.35 0.567
vt 0.352 0.583
vt 0.35 0.567
vt 0.367 0.567
vt 0.6 0.569
vt 0.6 0.553
vt 0.583 0.564
vt 0.6 0.569
vt 0.618 0.551
vt 0.6 0.553
vt 0.6 0.553
vt 0.6 0.569
vt 0.583 0.564
vt 0.65 0.401
vt 0.654 0.382
vt 0.667 0.399
vt 0.65 0.401
vt 0.667 0.399
vt 0.654 0.382
vt 0.652 0.366
vt 0.633 0.368
vt 0.654 0.382
vt 0.654 0.382
vt 0.629 0.367
vt 0.652 0.366
vt 0.652 0.366
vt 0.629 0.367
vt 0.633 0.357
vt 0.533 0.356
vt 0.538 0.366
vt 0.55 0.36
vt 0.517 0.358
vt 0.533 0.356
vt 0.538 0.366
vt 0.533 0.356
vt 0.55 0.36
vt 0.538 0.366
vt 0.65 0.549
vt 0.667 0.55
vt 0.663 0.533
vt 0.663 0.533
vt 0.667 0.55
vt 0.675 0.533
vt 0.65 0.533
vt 0.65 0.549
vt 0.663 0.533
vt 0.65 0.549
vt 0.65 0.533
vt 0.663 0.533
vt 0.667 0.55
vt 0.65 0.549
vt 0.663 0.533
vt 0.667 0.55
vt 0.663 0.533
vt 0.675 0.533
vt 0.283 0.333
vt 0.3 0.347
vt 0.3 0.337
vt 0.283 0.339
vt 0.3 0.347
vt 0.283 0.333
vt 0.3 0.347
vt 0.283 0.339
vt 0.283 0.351
vt 0.3 0.347
vt 0.283 0.351
vt 0.283 0.339
vt 0.283 0.339
vt 0.3 0.337
vt 0.3 0.347
vt 0.663 0.417
vt 0.667 0.399
vt 0.65 0.401
vt 0.663 0.417
vt 0.675 0.417
vt 0.667 0.399
vt 0.65 0.417
vt 0.663 0.417
vt 0.65 0.401
vt 0.663 0.417
vt 0.65 0.417
vt 0.65 0.401
vt 0.65 0.401
vt 0.667 0.399
vt 0.663 0.417
vt 0.667 0.399
vt 0.675 0.417
vt 0.663 0.417
vt 0.667 0.366
vt 0.684 0.383
vt 0.671 0.364
vt 0.68 0.369
vt 0.667 0.359
vt 0.671 0.364
vt 0.671 0.364
vt 0.667 0.359
vt 0.68 0.369
vt 0.65 0.356
vt 0.671 0.364
vt 0.667 0.366
vt 0.684 0.383
vt 0.693 0.4
vt 0.686 0.379
vt 0.693 0.4
vt 0.694 0.4
vt 0.686 0.379
vt 0.686 0.379
vt 0.694 0.4
vt 0.691 0.383
vt 0.671 0.364
vt 0.684 0.383
vt 0.686 0.379
vt 0.671 0.364
vt 0.686 0.379
vt 0.68 0.369
vt 0.691 0.383
vt 0.68 0.369
vt 0.686 0.379
vt 0.686 0.379
vt 0.68 0.369
vt 0.691 0.383
vt 0.686 0.379
vt 0.689 0.4
vt 0.684 0.383
vt 0.691 0.383
vt 0.693 0.4
vt 0.686 0.379
vt 0.693 0.4
vt 0.689 0.4
vt 0.686 0.379
vt 0.671 0.364
vt 0.686 0.379
vt 0.667 0.366
vt 0.671 0.364
vt 0.68 0.369
vt 0.686 0.379
vt 0.667 0.366
vt 0.686 0.379
vt 0.684 0.383
vt 0.419 0.4
vt 0.413 0.382
vt 0.4 0.396
vt 0.419 0.4
vt 0.4 0.396
vt 0.413 0.382
vt 0.3 0.347
vt 0.283 0.351
vt 0.3 0.362
vt 0.3 0.362
vt 0.283 0.351
vt 0.3 0.347
vt 0.384 0.4
vt 0.4 0.412
vt 0.4 0.396
vt 0.4 0.396
vt 0.4 0.412
vt 0.419 0.4
vt 0.4 0.396
vt 0.4 0.412
vt 0.384 0.4
vt 0.4 0.412
vt 0.4 0.396
vt 0.419 0.4
vt 0.567 0.51
vt 0.583 0.517
vt 0.58 0.5
vt 0.55 0.483
vt 0.567 0.51
vt 0.567 0.483
vt 0.55 0.483
vt 0.55 0.5
vt 0.567 0.51
vt 0.567 0.51
vt 0.55 0.483
vt 0.567 0.483
vt 0.55 0.5
vt 0.55 0.483
vt 0.567 0.51
vt 0.58 0.5
vt 0.583 0.517
vt 0.567 0.51
vt 0.3 0.609
vt 0.294 0.6
vt 0.283 0.606
vt 0.3 0.609
vt 0.317 0.606
vt 0.294 0.6
vt 0.266 0.6
vt 0.294 0.6
vt 0.267 0.594
vt 0.266 0.6
vt 0.283 0.606
vt 0.294 0.6
vt 0.3 0.609
vt 0.283 0.606
vt 0.294 0.6
vt 0.3 0.609
vt 0.294 0.6
vt 0.317 0.606
vt 0.266 0.6
vt 0.294 0.6
vt 0.283 0.606
vt 0.267 0.594
vt 0.294 0.6
vt 0.266 0.6
vt 0.533 0.5
vt 0.543 0.516
vt 0.55 0.5
vt 0.533 0.533
vt 0.543 0.516
vt 0.517 0.533
vt 0.55 0.5
vt 0.543 0.516
vt 0.567 0.51
vt 0.533 0.533
vt 0.55 0.533
vt 0.543 0.516
vt 0.533 0.5
vt 0.55 0.5
vt 0.543 0.516
vt 0.543 0.516
vt 0.55 0.5
vt 0.567 0.51
vt 0.543 0.516
vt 0.55 0.533
vt 0.533 0.533
vt 0.294 0.334
vt 0.321 0.347
vt 0.3 0.337
vt 0.294 0.334
vt 0.3 0.337
vt 0.283 0.333
vt 0.283 0.333
vt 0.3 0.337
vt 0.294 0.334
vt 0.294 0.334
vt 0.283 0.333
vt 0.267 0.333
vt 0.352 0.583
vt 0.373 0.583
vt 0.367 0.567
vt 0.383 0.568
vt 0.367 0.567
vt 0.373 0.583
vt 0.373 0.583
vt 0.4 0.568
vt 0.383 0.568
vt 0.4 0.584
vt 0.4 0.568
vt 0.373 0.583
vt 0.373 0.583
vt 0.352 0.583
vt 0.367 0.567
vt 0.373 0.583
vt 0.367 0.567
vt 0.383 0.568
vt 0.383 0.568
vt 0.4 0.584
vt 0.373 0.583
vt 0.667 0.366
vt 0.684 0.383
vt 0.669 0.382
vt 0.667 0.366
vt 0.669 0.382
vt 0.652 0.366
vt 0.652 0.366
vt 0.669 0.382
vt 0.654 0.382
vt 0.669 0.382
vt 0.667 0.399
vt 0.654 0.382
vt 0.654 0.382
vt 0.667 0.399
vt 0.669 0.382
vt 0.667 0.366
vt 0.669 0.382
vt 0.684 0.383
vt 0.652 0.366
vt 0.669 0.382
vt 0.667 0.366
vt 0.652 0.366
vt 0.654 0.382
vt 0.669 0.382
vt 0.683 0.406
vt 0.667 0.399
vt 0.669 0.382
vt 0.684 0.383
vt 0.683 0.406
vt 0.669 0.382
vt 0.684 0.383
vt 0.689 0.4
vt 0.683 0.406
vt 0.675 0.417
vt 0.667 0.399
vt 0.683 0.406
vt 0.692 0.417
vt 0.683 0.406
vt 0.689 0.4
vt 0.683 0.406
vt 0.669 0.382
vt 0.667 0.399
vt 0.684 0.383
vt 0.669 0.382
vt 0.683 0.406
vt 0.683 0.406
vt 0.667 0.399
vt 0.675 0.417
vt 0.683 0.406
vt 0.689 0.4
vt 0.684 0.383
vt 0.683 0.406
vt 0.694 0.433
vt 0.692 0.417
vt 0.692 0.417
vt 0.689 0.4
vt 0.683 0.406
vt 0.567 0.418
vt 0.55 0.419
vt 0.56 0.4
vt 0.55 0.419
vt 0.536 0.4
vt 0.56 0.4
vt 0.567 0.418
vt 0.56 0.4
vt 0.55 0.419
vt 0.55 0.419
vt 0.56 0.4
vt 0.536 0.4
vt 0.65 0.417
vt 0.663 0.417
vt 0.666 0.44
vt 0.666 0.44
vt 0.675 0.417
vt 0.663 0.417
vt 0.333 0.517
vt 0.31 0.5
vt 0.333 0.5
vt 0.31 0.5
vt 0.283 0.483
vt 0.3 0.483
vt 0.283 0.483
vt 0.31 0.5
vt 0.3 0.483
vt 0.31 0.5
vt 0.333 0.517
vt 0.333 0.5
vt 0.607 0.433
vt 0.617 0.417
vt 0.633 0.433
vt 0.6 0.417
vt 0.617 0.417
vt 0.607 0.433
vt 0.617 0.417
vt 0.607 0.433
vt 0.633 0.433
vt 0.607 0.433
vt 0.617 0.417
vt 0.6 0.417
vt 0.197 0.517
vt 0.201 0.5
vt 0.196 0.5
vt 0.277 0.467
vt 0.283 0.483
vt 0.268 0.483
vt 0.277 0.467
vt 0.267 0.45
vt 0.286 0.451
vt 0.283 0.483
vt 0.277 0.467
vt 0.3 0.483
vt 0.3 0.483
vt 0.277 0.467
vt 0.3 0.467
vt 0.268 0.483
vt 0.283 0.483
vt 0.277 0.467
vt 0.277 0.467
vt 0.283 0.483
vt 0.3 0.483
vt 0.277 0.467
vt 0.3 0.483
vt 0.3 0.467
vt 0.286 0.451
vt 0.267 0.45
vt 0.277 0.467
vt 0.467 0.349
vt 0.483 0.34
vt 0.49 0.35
vt 0.483 0.34
vt 0.5 0.342
vt 0.49 0.35
vt 0.483 0.34
vt 0.49 0.35
vt 0.5 0.342
vt 0.533 0.601
vt 0.517 0.593
vt 0.533 0.592
vt 0.533 0.607
vt 0.517 0.605
vt 0.533 0.601
vt 0.533 0.601
vt 0.517 0.605
vt 0.517 0.608
vt 0.533 0.601
vt 0.517 0.608
vt 0.533 0.607
vt 0.538 0.366
vt 0.507 0.366
vt 0.517 0.358
vt 0.533 0.372
vt 0.507 0.366
vt 0.538 0.366
vt 0.49 0.35
vt 0.517 0.358
vt 0.507 0.366
vt 0.538 0.366
vt 0.517 0.358
vt 0.507 0.366
vt 0.538 0.366
vt 0.507 0.366
vt 0.533 0.372
vt 0.49 0.35
vt 0.507 0.366
vt 0.517 0.358
vt 0.267 0.45
vt 0.25 0.443
vt 0.267 0.433
vt 0.229 0.45
vt 0.23 0.433
vt 0.25 0.443
vt 0.267 0.45
vt 0.267 0.433
vt 0.25 0.443
vt 0.25 0.443
vt 0.23 0.433
vt 0.229 0.45
vt 0.667 0.55
vt 0.683 0.543
vt 0.667 0.567
vt 0.683 0.543
vt 0.667 0.55
vt 0.675 0.533
vt 0.6 0.553
vt 0.623 0.567
vt 0.6 0.569
vt 0.618 0.551
vt 0.623 0.567
vt 0.6 0.553
vt 0.65 0.549
vt 0.651 0.567
vt 0.623 0.567
vt 0.623 0.567
vt 0.618 0.551
vt 0.6 0.569
vt 0.623 0.567
vt 0.651 0.567
vt 0.65 0.549
vt 0.413 0.382
vt 0.413 0.365
vt 0.443 0.366
vt 0.449 0.383
vt 0.443 0.366
vt 0.467 0.381
vt 0.413 0.365
vt 0.413 0.382
vt 0.443 0.366
vt 0.4 0.412
vt 0.376 0.433
vt 0.4 0.429
vt 0.654 0.382
vt 0.623 0.383
vt 0.629 0.367
vt 0.623 0.383
vt 0.654 0.382
vt 0.65 0.401
vt 0.65 0.401
vt 0.633 0.4
vt 0.623 0.383
vt 0.617 0.401
vt 0.623 0.383
vt 0.633 0.4
vt 0.617 0.401
vt 0.6 0.401
vt 0.623 0.383
vt 0.623 0.383
vt 0.6 0.401
vt 0.602 0.384
vt 0.65 0.401
vt 0.654 0.382
vt 0.623 0.383
vt 0.654 0.382
vt 0.633 0.368
vt 0.623 0.383
vt 0.633 0.4
vt 0.65 0.401
vt 0.623 0.383
vt 0.617 0.401
vt 0.633 0.4
vt 0.623 0.383
vt 0.617 0.401
vt 0.623 0.383
vt 0.6 0.401
vt 0.6 0.401
vt 0.623 0.383
vt 0.602 0.384
vt 0.449 0.383
vt 0.433 0.39
vt 0.443 0.366
vt 0.443 0.366
vt 0.433 0.39
vt 0.413 0.382
vt 0.419 0.4
vt 0.413 0.382
vt 0.433 0.39
vt 0.433 0.39
vt 0.449 0.383
vt 0.443 0.366
vt 0.433 0.39
vt 0.443 0.366
vt 0.413 0.382
vt 0.433 0.39
vt 0.413 0.382
vt 0.419 0.4
vt 0.55 0.548
vt 0.543 0.566
vt 0.567 0.566
vt 0.317 0.564
vt 0.333 0.583
vt 0.34 0.566
vt 0.317 0.55
vt 0.317 0.564
vt 0.34 0.566
vt 0.317 0.55
vt 0.34 0.566
vt 0.333 0.55
vt 0.352 0.583
vt 0.34 0.566
vt 0.333 0.583
vt 0.34 0.566
vt 0.352 0.583
vt 0.367 0.567
vt 0.4 0.484
vt 0.4 0.467
vt 0.417 0.474
vt 0.417 0.474
vt 0.4 0.467
vt 0.4 0.484
vt 0.663 0.417
vt 0.682 0.433
vt 0.666 0.44
vt 0.683 0.406
vt 0.682 0.433
vt 0.675 0.417
vt 0.663 0.417
vt 0.675 0.417
vt 0.682 0.433
vt 0.692 0.417
vt 0.682 0.433
vt 0.683 0.406
vt 0.694 0.433
vt 0.682 0.433
vt 0.692 0.417
vt 0.666 0.44
vt 0.682 0.433
vt 0.675 0.417
vt 0.682 0.433
vt 0.694 0.433
vt 0.683 0.406
vt 0.683 0.406
vt 0.675 0.417
vt 0.682 0.433
vt 0.693 0.5
vt 0.682 0.5
vt 0.694 0.483
vt 0.6 0.553
vt 0.59 0.534
vt 0.618 0.551
vt 0.59 0.534
vt 0.6 0.553
vt 0.583 0.55
vt 0.59 0.534
vt 0.567 0.51
vt 0.583 0.517
vt 0.583 0.517
vt 0.6 0.517
vt 0.59 0.534
vt 0.59 0.534
vt 0.6 0.553
vt 0.618 0.551
vt 0.583 0.55
vt 0.6 0.553
vt 0.59 0.534
vt 0.567 0.51
vt 0.59 0.534
vt 0.583 0.517
vt 0.583 0.517
vt 0.59 0.534
vt 0.6 0.517
vt 0.283 0.433
vt 0.283 0.406
vt 0.3 0.44
vt 0.286 0.451
vt 0.283 0.433
vt 0.3 0.44
vt 0.283 0.406
vt 0.283 0.433
vt 0.3 0.44
vt 0.3 0.44
vt 0.283 0.433
vt 0.286 0.451
vt 0.693 0.55
vt 0.682 0.565
vt 0.692 0.55
vt 0.692 0.55
vt 0.682 0.565
vt 0.688 0.55
vt 0.685 0.569
vt 0.669 0.585
vt 0.682 0.565
vt 0.685 0.569
vt 0.682 0.565
vt 0.693 0.55
vt 0.682 0.565
vt 0.667 0.567
vt 0.683 0.543
vt 0.682 0.565
vt 0.683 0.543
vt 0.688 0.55
vt 0.682 0.565
vt 0.685 0.569
vt 0.692 0.55
vt 0.61 0.6
vt 0.633 0.596
vt 0.63 0.6
vt 0.633 0.596
vt 0.61 0.6
vt 0.617 0.593
vt 0.617 0.593
vt 0.6 0.596
vt 0.61 0.6
vt 0.6 0.45
vt 0.607 0.433
vt 0.627 0.45
vt 0.607 0.433
vt 0.633 0.433
vt 0.627 0.45
vt 0.627 0.45
vt 0.633 0.433
vt 0.607 0.433
vt 0.6 0.45
vt 0.627 0.45
vt 0.607 0.433
vt 0.61 0.6
vt 0.6 0.596
vt 0.576 0.599
vt 0.61 0.6
vt 0.576 0.599
vt 0.588 0.6
vt 0.6 0.592
vt 0.583 0.594
vt 0.576 0.599
vt 0.6 0.592
vt 0.576 0.599
vt 0.6 0.596
vt 0.576 0.599
vt 0.583 0.594
vt 0.567 0.597
vt 0.576 0.599
vt 0.6 0.596
vt 0.61 0.6
vt 0.576 0.599
vt 0.61 0.6
vt 0.588 0.6
vt 0.6 0.596
vt 0.576 0.599
vt 0.583 0.594
vt 0.567 0.597
vt 0.583 0.594
vt 0.576 0.599
vt 0.35 0.599
vt 0.352 0.583
vt 0.333 0.594
vt 0.35 0.599
vt 0.333 0.608
vt 0.35 0.61
vt 0.35 0.599
vt 0.333 0.594
vt 0.352 0.583
vt 0.367 0.608
vt 0.35 0.61
vt 0.35 0.599
vt 0.567 0.356
vt 0.55 0.36
vt 0.56 0.366
vt 0.55 0.36
vt 0.538 0.366
vt 0.56 0.366
vt 0.533 0.372
vt 0.56 0.366
vt 0.538 0.366
vt 0.56 0.366
vt 0.55 0.374
vt 0.567 0.371
vt 0.533 0.372
vt 0.55 0.374
vt 0.56 0.366
vt 0.567 0.356
vt 0.56 0.366
vt 0.55 0.36
vt 0.567 0.356
vt 0.583 0.354
vt 0.56 0.366
vt 0.56 0.366
vt 0.533 0.372
vt 0.538 0.366
vt 0.55 0.36
vt 0.56 0.366
vt 0.538 0.366
vt 0.567 0.371
vt 0.55 0.374
vt 0.56 0.366
vt 0.56 0.366
vt 0.55 0.374
vt 0.533 0.372
vt 0.6 0.483
vt 0.6 0.5
vt 0.623 0.5
vt 0.6 0.5
vt 0.6 0.483
vt 0.623 0.5
vt 0.3 0.347
vt 0.3 0.362
vt 0.315 0.351
vt 0.315 0.351
vt 0.333 0.368
vt 0.321 0.347
vt 0.3 0.337
vt 0.3 0.347
vt 0.315 0.351
vt 0.3 0.337
vt 0.321 0.347
vt 0.315 0.351
vt 0.3 0.337
vt 0.315 0.351
vt 0.3 0.347
vt 0.3 0.347
vt 0.315 0.351
vt 0.3 0.362
vt 0.682 0.5
vt 0.693 0.5
vt 0.685 0.483
vt 0.685 0.483
vt 0.693 0.5
vt 0.694 0.483
vt 0.694 0.483
vt 0.682 0.5
vt 0.685 0.483
vt 0.4 0.429
vt 0.376 0.433
vt 0.391 0.451
vt 0.4 0.467
vt 0.391 0.451
vt 0.383 0.467
vt 0.391 0.451
vt 0.376 0.433
vt 0.4 0.429
vt 0.4 0.467
vt 0.383 0.467
vt 0.391 0.451
vt 0.267 0.605
vt 0.24 0.598
vt 0.267 0.606
vt 0.467 0.457
vt 0.459 0.432
vt 0.45 0.45
vt 0.459 0.432
vt 0.467 0.457
vt 0.483 0.46
vt 0.45 0.45
vt 0.449 0.466
vt 0.467 0.457
vt 0.467 0.457
vt 0.483 0.483
vt 0.483 0.46
vt 0.467 0.457
vt 0.467 0.483
vt 0.483 0.483
vt 0.449 0.466
vt 0.467 0.483
vt 0.467 0.457
vt 0.467 0.457
vt 0.45 0.45
vt 0.459 0.432
vt 0.467 0.457
vt 0.459 0.432
vt 0.483 0.46
vt 0.483 0.483
vt 0.467 0.457
vt 0.483 0.46
vt 0.449 0.466
vt 0.45 0.45
vt 0.467 0.457
vt 0.467 0.483
vt 0.467 0.457
vt 0.483 0.483
vt 0.467 0.483
vt 0.449 0.466
vt 0.467 0.457
vt 0.376 0.416
vt 0.376 0.433
vt 0.4 0.412
vt 0.384 0.4
vt 0.376 0.416
vt 0.4 0.412
vt 0.376 0.433
vt 0.376 0.416
vt 0.4 0.429
vt 0.4 0.412
vt 0.376 0.416
vt 0.384 0.4
vt 0.4 0.429
vt 0.376 0.416
vt 0.4 0.412
vt 0.376 0.416
vt 0.376 0.433
vt 0.35 0.435
vt 0.607 0.367
vt 0.623 0.383
vt 0.633 0.368
vt 0.602 0.384
vt 0.623 0.383
vt 0.607 0.367
vt 0.633 0.357
vt 0.607 0.367
vt 0.633 0.368
vt 0.607 0.367
vt 0.584 0.383
vt 0.602 0.384
vt 0.623 0.383
vt 0.602 0.384
vt 0.607 0.367
vt 0.607 0.367
vt 0.629 0.367
vt 0.623 0.383
vt 0.607 0.367
vt 0.633 0.357
vt 0.629 0.367
vt 0.607 0.367
vt 0.602 0.384
vt 0.584 0.383
vt 0.617 0.593
vt 0.606 0.583
vt 0.6 0.592
vt 0.623 0.567
vt 0.6 0.569
vt 0.606 0.583
vt 0.617 0.593
vt 0.6 0.592
vt 0.606 0.583
vt 0.606 0.583
vt 0.6 0.569
vt 0.623 0.567
vt 0.25 0.367
vt 0.232 0.366
vt 0.24 0.383
vt 0.24 0.383
vt 0.25 0.4
vt 0.267 0.4
vt 0.24 0.383
vt 0.232 0.366
vt 0.25 0.367
vt 0.25 0.4
vt 0.24 0.383
vt 0.267 0.4
vt 0.333 0.45
vt 0.333 0.436
vt 0.317 0.444
vt 0.333 0.436
vt 0.315 0.417
vt 0.317 0.444
vt 0.317 0.444
vt 0.334 0.467
vt 0.333 0.45
vt 0.333 0.436
vt 0.333 0.45
vt 0.317 0.444
vt 0.334 0.467
vt 0.317 0.444
vt 0.333 0.45
vt 0.267 0.594
vt 0.25 0.591
vt 0.249 0.601
vt 0.267 0.594
vt 0.249 0.601
vt 0.266 0.6
vt 0.267 0.605
vt 0.249 0.601
vt 0.24 0.598
vt 0.228 0.588
vt 0.24 0.598
vt 0.249 0.601
vt 0.267 0.605
vt 0.266 0.6
vt 0.249 0.601
vt 0.267 0.606
vt 0.24 0.598
vt 0.249 0.601
vt 0.228 0.588
vt 0.249 0.601
vt 0.24 0.598
vt 0.267 0.606
vt 0.249 0.601
vt 0.267 0.605
vt 0.267 0.605
vt 0.249 0.601
vt 0.266 0.6
vt 0.249 0.601
vt 0.25 0.591
vt 0.267 0.594
vt 0.249 0.601
vt 0.267 0.594
vt 0.266 0.6
vt 0.467 0.417
vt 0.459 0.432
vt 0.483 0.427
vt 0.483 0.427
vt 0.483 0.401
vt 0.467 0.402
vt 0.483 0.427
vt 0.467 0.402
vt 0.467 0.417
vt 0.459 0.432
vt 0.483 0.46
vt 0.483 0.427
vt 0.459 0.432
vt 0.467 0.417
vt 0.483 0.427
vt 0.5 0.4
vt 0.483 0.427
vt 0.483 0.401
vt 0.483 0.401
vt 0.483 0.427
vt 0.467 0.417
vt 0.483 0.46
vt 0.459 0.432
vt 0.483 0.427
vt 0.692 0.55
vt 0.685 0.55
vt 0.682 0.565
vt 0.685 0.55
vt 0.667 0.567
vt 0.682 0.565
vt 0.667 0.567
vt 0.685 0.55
vt 0.667 0.55
vt 0.667 0.55
vt 0.685 0.55
vt 0.684 0.533
vt 0.233 0.341
vt 0.259 0.332
vt 0.25 0.335
vt 0.233 0.339
vt 0.259 0.332
vt 0.233 0.341
vt 0.267 0.333
vt 0.25 0.335
vt 0.259 0.332
vt 0.233 0.339
vt 0.25 0.335
vt 0.259 0.332
vt 0.259 0.332
vt 0.25 0.335
vt 0.267 0.333
vt 0.283 0.333
vt 0.294 0.334
vt 0.259 0.332
vt 0.294 0.334
vt 0.267 0.333
vt 0.259 0.332
vt 0.283 0.333
vt 0.259 0.332
vt 0.267 0.333
vt 0.417 0.474
vt 0.433 0.5
vt 0.433 0.476
vt 0.45 0.45
vt 0.433 0.476
vt 0.449 0.466
vt 0.433 0.476
vt 0.45 0.45
vt 0.449 0.466
vt 0.433 0.5
vt 0.417 0.474
vt 0.433 0.476
vt 0.6 0.349
vt 0.617 0.342
vt 0.6 0.35
vt 0.617 0.341
vt 0.6 0.349
vt 0.617 0.342
vt 0.617 0.341
vt 0.617 0.342
vt 0.6 0.349
vt 0.249 0.601
vt 0.25 0.591
vt 0.235 0.582
vt 0.249 0.601
vt 0.235 0.582
vt 0.228 0.588
vt 0.249 0.601
vt 0.235 0.582
vt 0.25 0.591
vt 0.228 0.588
vt 0.235 0.582
vt 0.249 0.601
vt 0.276 0.568
vt 0.3 0.581
vt 0.276 0.584
vt 0.294 0.6
vt 0.276 0.584
vt 0.3 0.594
vt 0.294 0.6
vt 0.267 0.594
vt 0.276 0.584
vt 0.276 0.584
vt 0.3 0.581
vt 0.3 0.594
vt 0.25 0.591
vt 0.276 0.584
vt 0.267 0.594
vt 0.276 0.584
vt 0.3 0.581
vt 0.276 0.568
vt 0.3 0.594
vt 0.276 0.584
vt 0.294 0.6
vt 0.294 0.6
vt 0.276 0.584
vt 0.267 0.594
vt 0.276 0.584
vt 0.3 0.594
vt 0.3 0.581
vt 0.267 0.4
vt 0.25 0.4
vt 0.257 0.416
vt 0.25 0.443
vt 0.267 0.433
vt 0.257 0.416
vt 0.257 0.416
vt 0.283 0.433
vt 0.283 0.406
vt 0.267 0.4
vt 0.257 0.416
vt 0.283 0.406
vt 0.257 0.416
vt 0.267 0.433
vt 0.283 0.433
vt 0.257 0.416
vt 0.25 0.4
vt 0.267 0.4
vt 0.257 0.416
vt 0.267 0.433
vt 0.25 0.443
vt 0.283 0.433
vt 0.257 0.416
vt 0.283 0.406
vt 0.257 0.416
vt 0.267 0.4
vt 0.283 0.406
vt 0.267 0.433
vt 0.257 0.416
vt 0.283 0.433
vt 0.567 0.352
vt 0.583 0.354
vt 0.583 0.35
vt 0.567 0.351
vt 0.567 0.352
vt 0.583 0.35
vt 0.6 0.349
vt 0.6 0.35
vt 0.583 0.35
vt 0.583 0.351
vt 0.567 0.351
vt 0.583 0.35
vt 0.583 0.351
vt 0.583 0.35
vt 0.6 0.35
vt 0.583 0.365
vt 0.584 0.383
vt 0.607 0.367
vt 0.56 0.366
vt 0.567 0.371
vt 0.583 0.365
vt 0.567 0.371
vt 0.584 0.383
vt 0.583 0.365
vt 0.607 0.367
vt 0.6 0.36
vt 0.583 0.365
vt 0.56 0.366
vt 0.583 0.365
vt 0.567 0.356
vt 0.583 0.365
vt 0.6 0.36
vt 0.583 0.354
vt 0.567 0.356
vt 0.583 0.365
vt 0.583 0.354
vt 0.583 0.365
vt 0.607 0.367
vt 0.584 0.383
vt 0.6 0.36
vt 0.607 0.367
vt 0.583 0.365
vt 0.567 0.371
vt 0.56 0.366
vt 0.583 0.365
vt 0.56 0.366
vt 0.583 0.354
vt 0.583 0.365
vt 0.257 0.416
vt 0.25 0.4
vt 0.232 0.409
vt 0.232 0.409
vt 0.25 0.443
vt 0.257 0.416
vt 0.232 0.409
vt 0.23 0.433
vt 0.25 0.443
vt 0.232 0.409
vt 0.215 0.417
vt 0.23 0.433
vt 0.232 0.409
vt 0.25 0.4
vt 0.24 0.383
vt 0.257 0.416
vt 0.232 0.409
vt 0.25 0.4
vt 0.25 0.443
vt 0.232 0.409
vt 0.257 0.416
vt 0.23 0.433
vt 0.232 0.409
vt 0.25 0.443
vt 0.24 0.383
vt 0.25 0.4
vt 0.232 0.409
vt 0.248 0.573
vt 0.276 0.584
vt 0.276 0.568
vt 0.248 0.573
vt 0.23 0.567
vt 0.235 0.582
vt 0.23 0.567
vt 0.248 0.573
vt 0.233 0.552
vt 0.248 0.573
vt 0.267 0.594
vt 0.276 0.584
vt 0.25 0.591
vt 0.248 0.573
vt 0.235 0.582
vt 0.248 0.573
vt 0.25 0.591
vt 0.267 0.594
vt 0.248 0.573
vt 0.23 0.567
vt 0.233 0.552
vt 0.25 0.591
vt 0.248 0.573
vt 0.276 0.584
vt 0.248 0.573
vt 0.276 0.568
vt 0.276 0.584
vt 0.25 0.591
vt 0.235 0.582
vt 0.248 0.573
vt 0.235 0.582
vt 0.23 0.567
vt 0.248 0.573
vt 0.666 0.582
vt 0.682 0.565
vt 0.667 0.567
vt 0.666 0.582
vt 0.667 0.567
vt 0.649 0.583
vt 0.649 0.583
vt 0.65 0.59
vt 0.666 0.582
vt 0.682 0.565
vt 0.666 0.582
vt 0.685 0.569
vt 0.685 0.569
vt 0.666 0.582
vt 0.669 0.585
vt 0.666 0.582
vt 0.65 0.595
vt 0.669 0.585
vt 0.65 0.594
vt 0.666 0.582
vt 0.65 0.59
vt 0.666 0.582
vt 0.65 0.594
vt 0.65 0.595
vt 0.682 0.565
vt 0.669 0.585
vt 0.666 0.582
vt 0.669 0.585
vt 0.65 0.594
vt 0.666 0.582
vt 0.65 0.594
vt 0.65 0.59
vt 0.666 0.582
vt 0.667 0.567
vt 0.682 0.565
vt 0.666 0.582
vt 0.649 0.583
vt 0.667 0.567
vt 0.666 0.582
vt 0.65 0.59
vt 0.649 0.583
vt 0.666 0.582
vt 0.567 0.597
vt 0.576 0.599
vt 0.55 0.599
vt 0.55 0.599
vt 0.533 0.601
vt 0.533 0.592
vt 0.576 0.599
vt 0.567 0.597
vt 0.55 0.599
vt 0.55 0.599
vt 0.533 0.601
vt 0.533 0.607
vt 0.567 0.483
vt 0.567 0.46
vt 0.583 0.474
vt 0.567 0.51
vt 0.583 0.474
vt 0.58 0.5
vt 0.567 0.483
vt 0.583 0.474
vt 0.567 0.51
vt 0.6 0.483
vt 0.58 0.5
vt 0.583 0.474
vt 0.567 0.46
vt 0.583 0.45
vt 0.583 0.474
vt 0.583 0.474
vt 0.583 0.45
vt 0.6 0.467
vt 0.583 0.474
vt 0.6 0.467
vt 0.6 0.483
vt 0.567 0.483
vt 0.583 0.474
vt 0.567 0.46
vt 0.567 0.51
vt 0.58 0.5
vt 0.583 0.474
vt 0.567 0.483
vt 0.567 0.51
vt 0.583 0.474
vt 0.58 0.5
vt 0.6 0.483
vt 0.583 0.474
vt 0.583 0.474
vt 0.583 0.45
vt 0.567 0.46
vt 0.583 0.45
vt 0.583 0.474
vt 0.6 0.467
vt 0.6 0.483
vt 0.6 0.467
vt 0.583 0.474
vt 0.3 0.362
vt 0.283 0.377
vt 0.283 0.351
vt 0.301 0.383
vt 0.283 0.377
vt 0.3 0.362
vt 0.3 0.362
vt 0.283 0.351
vt 0.283 0.377
vt 0.3 0.362
vt 0.283 0.377
vt 0.301 0.383
vt 0.283 0.377
vt 0.283 0.351
vt 0.267 0.351
vt 0.417 0.507
vt 0.417 0.474
vt 0.433 0.5
vt 0.433 0.533
vt 0.417 0.507
vt 0.443 0.517
vt 0.417 0.507
vt 0.433 0.5
vt 0.443 0.517
vt 0.417 0.507
vt 0.433 0.533
vt 0.443 0.517
vt 0.417 0.507
vt 0.443 0.517
vt 0.433 0.5
vt 0.417 0.474
vt 0.417 0.507
vt 0.433 0.5
vt 0.294 0.6
vt 0.3 0.594
vt 0.326 0.6
vt 0.317 0.606
vt 0.294 0.6
vt 0.326 0.6
vt 0.3 0.594
vt 0.317 0.592
vt 0.326 0.6
vt 0.326 0.6
vt 0.317 0.592
vt 0.333 0.594
vt 0.35 0.61
vt 0.326 0.6
vt 0.35 0.599
vt 0.333 0.594
vt 0.35 0.599
vt 0.326 0.6
vt 0.333 0.608
vt 0.317 0.606
vt 0.326 0.6
vt 0.35 0.61
vt 0.333 0.608
vt 0.326 0.6
vt 0.294 0.6
vt 0.317 0.606
vt 0.326 0.6
vt 0.326 0.6
vt 0.3 0.594
vt 0.294 0.6
vt 0.326 0.6
vt 0.317 0.592
vt 0.3 0.594
vt 0.333 0.594
vt 0.317 0.592
vt 0.326 0.6
vt 0.35 0.599
vt 0.326 0.6
vt 0.333 0.608
vt 0.326 0.6
vt 0.35 0.599
vt 0.333 0.594
vt 0.333 0.608
vt 0.326 0.6
vt 0.317 0.606
vt 0.617 0.593
vt 0.606 0.583
vt 0.633 0.585
vt 0.65 0.59
vt 0.633 0.585
vt 0.649 0.583
vt 0.633 0.596
vt 0.633 0.585
vt 0.65 0.59
vt 0.633 0.596
vt 0.617 0.593
vt 0.633 0.585
vt 0.633 0.585
vt 0.606 0.583
vt 0.623 0.567
vt 0.633 0.585
vt 0.623 0.567
vt 0.651 0.567
vt 0.633 0.585
vt 0.651 0.567
vt 0.649 0.583
vt 0.606 0.583
vt 0.633 0.585
vt 0.623 0.567
vt 0.623 0.567
vt 0.633 0.585
vt 0.651 0.567
vt 0.649 0.583
vt 0.651 0.567
vt 0.633 0.585
vt 0.617 0.593
vt 0.633 0.585
vt 0.606 0.583
vt 0.633 0.585
vt 0.61 0.6
vt 0.633 0.596
vt 0.633 0.585
vt 0.617 0.593
vt 0.61 0.6
vt 0.633 0.585
vt 0.65 0.59
vt 0.649 0.583
vt 0.633 0.596
vt 0.65 0.59
vt 0.633 0.585
vt 0.216 0.541
vt 0.233 0.552
vt 0.23 0.567
vt 0.216 0.541
vt 0.23 0.567
vt 0.233 0.552
vt 0.3 0.407
vt 0.283 0.377
vt 0.301 0.383
vt 0.283 0.406
vt 0.283 0.377
vt 0.3 0.407
vt 0.3 0.407
vt 0.301 0.383
vt 0.327 0.4
vt 0.3 0.407
vt 0.327 0.4
vt 0.315 0.417
vt 0.317 0.444
vt 0.3 0.407
vt 0.315 0.417
vt 0.3 0.44
vt 0.3 0.407
vt 0.317 0.444
vt 0.3 0.44
vt 0.283 0.406
vt 0.3 0.407
vt 0.3 0.407
vt 0.317 0.444
vt 0.315 0.417
vt 0.3 0.44
vt 0.317 0.444
vt 0.3 0.407
vt 0.283 0.406
vt 0.3 0.44
vt 0.3 0.407
vt 0.283 0.377
vt 0.3 0.407
vt 0.301 0.383
vt 0.283 0.377
vt 0.283 0.406
vt 0.3 0.407
vt 0.3 0.407
vt 0.327 0.4
vt 0.301 0.383
vt 0.315 0.417
vt 0.327 0.4
vt 0.3 0.407
vt 0.424 0.417
vt 0.419 0.4
vt 0.433 0.39
vt 0.419 0.4
vt 0.424 0.417
vt 0.4 0.412
vt 0.4 0.429
vt 0.4 0.412
vt 0.424 0.417
vt 0.424 0.417
vt 0.433 0.39
vt 0.419 0.4
vt 0.4 0.412
vt 0.4 0.429
vt 0.424 0.417
vt 0.424 0.417
vt 0.419 0.4
vt 0.4 0.412
vt 0.393 0.382
vt 0.399 0.366
vt 0.413 0.365
vt 0.413 0.382
vt 0.393 0.382
vt 0.413 0.365
vt 0.4 0.396
vt 0.393 0.382
vt 0.413 0.382
vt 0.4 0.396
vt 0.384 0.4
vt 0.393 0.382
vt 0.393 0.382
vt 0.383 0.376
vt 0.399 0.366
vt 0.393 0.382
vt 0.4 0.396
vt 0.413 0.382
vt 0.399 0.366
vt 0.393 0.382
vt 0.413 0.365
vt 0.393 0.382
vt 0.413 0.382
vt 0.413 0.365
vt 0.384 0.4
vt 0.4 0.396
vt 0.393 0.382
vt 0.383 0.376
vt 0.393 0.382
vt 0.399 0.366
vt 0.623 0.567
vt 0.634 0.543
vt 0.65 0.549
vt 0.634 0.543
vt 0.623 0.567
vt 0.618 0.551
vt 0.65 0.533
vt 0.65 0.549
vt 0.634 0.543
vt 0.634 0.543
vt 0.623 0.567
vt 0.65 0.549
vt 0.618 0.551
vt 0.623 0.567
vt 0.634 0.543
vt 0.634 0.543
vt 0.65 0.549
vt 0.65 0.533
vt 0.467 0.608
vt 0.45 0.608
vt 0.45 0.598
vt 0.441 0.351
vt 0.443 0.366
vt 0.413 0.365
vt 0.441 0.351
vt 0.443 0.366
vt 0.467 0.349
vt 0.443 0.366
vt 0.441 0.351
vt 0.413 0.365
vt 0.524 0.383
vt 0.536 0.4
vt 0.517 0.399
vt 0.55 0.374
vt 0.524 0.383
vt 0.533 0.372
vt 0.507 0.366
vt 0.533 0.372
vt 0.524 0.383
vt 0.5 0.4
vt 0.524 0.383
vt 0.517 0.399
vt 0.517 0.399
vt 0.536 0.4
vt 0.524 0.383
vt 0.507 0.366
vt 0.524 0.383
vt 0.533 0.372
vt 0.517 0.399
vt 0.524 0.383
vt 0.5 0.4
vt 0.56 0.4
vt 0.558 0.384
vt 0.582 0.4
vt 0.558 0.384
vt 0.584 0.383
vt 0.582 0.4
vt 0.567 0.371
vt 0.558 0.384
vt 0.55 0.374
vt 0.55 0.374
vt 0.558 0.384
vt 0.524 0.383
vt 0.524 0.383
vt 0.558 0.384
vt 0.536 0.4
vt 0.558 0.384
vt 0.56 0.4
vt 0.536 0.4
vt 0.582 0.4
vt 0.558 0.384
vt 0.56 0.4
vt 0.582 0.4
vt 0.584 0.383
vt 0.558 0.384
vt 0.567 0.371
vt 0.55 0.374
vt 0.558 0.384
vt 0.558 0.384
vt 0.584 0.383
vt 0.567 0.371
vt 0.558 0.384
vt 0.533 0.372
vt 0.524 0.383
vt 0.524 0.383
vt 0.536 0.4
vt 0.558 0.384
vt 0.558 0.384
vt 0.536 0.4
vt 0.56 0.4
vt 0.558 0.384
vt 0.55 0.374
vt 0.533 0.372
vt 0.316 0.474
vt 0.317 0.444
vt 0.334 0.467
vt 0.316 0.474
vt 0.3 0.44
vt 0.317 0.444
vt 0.3 0.467
vt 0.3 0.44
vt 0.316 0.474
vt 0.3 0.483
vt 0.3 0.467
vt 0.316 0.474
vt 0.316 0.474
vt 0.31 0.5
vt 0.3 0.483
vt 0.31 0.5
vt 0.316 0.474
vt 0.333 0.5
vt 0.334 0.467
vt 0.333 0.483
vt 0.316 0.474
vt 0.333 0.5
vt 0.316 0.474
vt 0.333 0.483
vt 0.317 0.444
vt 0.316 0.474
vt 0.334 0.467
vt 0.3 0.44
vt 0.316 0.474
vt 0.317 0.444
vt 0.3 0.44
vt 0.3 0.467
vt 0.316 0.474
vt 0.316 0.474
vt 0.3 0.467
vt 0.3 0.483
vt 0.316 0.474
vt 0.31 0.5
vt 0.333 0.5
vt 0.316 0.474
vt 0.3 0.483
vt 0.31 0.5
vt 0.333 0.483
vt 0.334 0.467
vt 0.316 0.474
vt 0.316 0.474
vt 0.333 0.5
vt 0.333 0.483
vt 0.517 0.605
vt 0.509 0.6
vt 0.533 0.601
vt 0.533 0.601
vt 0.509 0.6
vt 0.517 0.593
vt 0.5 0.607
vt 0.483 0.601
vt 0.509 0.6
vt 0.5 0.607
vt 0.509 0.6
vt 0.517 0.605
vt 0.533 0.592
vt 0.509 0.6
vt 0.533 0.601
vt 0.509 0.6
vt 0.517 0.605
vt 0.533 0.601
vt 0.533 0.592
vt 0.517 0.593
vt 0.509 0.6
vt 0.509 0.6
vt 0.483 0.601
vt 0.483 0.607
vt 0.5 0.607
vt 0.517 0.605
vt 0.509 0.6
vt 0.509 0.6
vt 0.483 0.607
vt 0.5 0.607
vt 0.35 0.483
vt 0.333 0.483
vt 0.35 0.457
vt 0.35 0.483
vt 0.35 0.457
vt 0.367 0.483
vt 0.35 0.457
vt 0.333 0.483
vt 0.334 0.467
vt 0.376 0.433
vt 0.35 0.457
vt 0.35 0.435
vt 0.35 0.435
vt 0.35 0.457
vt 0.333 0.45
vt 0.334 0.467
vt 0.333 0.45
vt 0.35 0.457
vt 0.35 0.457
vt 0.333 0.436
vt 0.333 0.45
vt 0.35 0.457
vt 0.35 0.435
vt 0.333 0.436
vt 0.35 0.457
vt 0.333 0.45
vt 0.334 0.467
vt 0.35 0.483
vt 0.35 0.457
vt 0.333 0.483
vt 0.35 0.457
vt 0.35 0.483
vt 0.367 0.483
vt 0.333 0.483
vt 0.35 0.457
vt 0.334 0.467
vt 0.386 0.368
vt 0.383 0.376
vt 0.367 0.38
vt 0.367 0.38
vt 0.384 0.367
vt 0.386 0.368
vt 0.367 0.375
vt 0.384 0.367
vt 0.367 0.38
vt 0.367 0.38
vt 0.386 0.368
vt 0.367 0.375
vt 0.386 0.368
vt 0.367 0.38
vt 0.383 0.376
vt 0.633 0.344
vt 0.65 0.35
vt 0.641 0.348
vt 0.617 0.342
vt 0.633 0.344
vt 0.641 0.348
vt 0.667 0.359
vt 0.671 0.364
vt 0.641 0.348
vt 0.641 0.348
vt 0.671 0.364
vt 0.65 0.356
vt 0.634 0.35
vt 0.641 0.348
vt 0.65 0.356
vt 0.667 0.359
vt 0.641 0.348
vt 0.65 0.35
vt 0.641 0.348
vt 0.667 0.366
vt 0.671 0.364
vt 0.641 0.348
vt 0.671 0.364
vt 0.667 0.359
vt 0.634 0.35
vt 0.65 0.356
vt 0.641 0.348
vt 0.65 0.356
vt 0.667 0.366
vt 0.641 0.348
vt 0.641 0.348
vt 0.667 0.359
vt 0.65 0.35
vt 0.633 0.344
vt 0.641 0.348
vt 0.65 0.35
vt 0.617 0.342
vt 0.634 0.35
vt 0.641 0.348
vt 0.617 0.342
vt 0.641 0.348
vt 0.617 0.341
vt 0.617 0.341
vt 0.641 0.348
vt 0.633 0.344
vt 0.216 0.541
vt 0.201 0.517
vt 0.214 0.517
vt 0.214 0.517
vt 0.201 0.517
vt 0.201 0.5
vt 0.201 0.517
vt 0.196 0.5
vt 0.201 0.5
vt 0.201 0.517
vt 0.197 0.517
vt 0.196 0.5
vt 0.201 0.543
vt 0.201 0.517
vt 0.197 0.517
vt 0.197 0.517
vt 0.201 0.517
vt 0.201 0.5
vt 0.367 0.483
vt 0.35 0.457
vt 0.367 0.46
vt 0.391 0.451
vt 0.383 0.467
vt 0.367 0.46
vt 0.367 0.483
vt 0.367 0.46
vt 0.383 0.483
vt 0.383 0.483
vt 0.367 0.46
vt 0.383 0.467
vt 0.376 0.433
vt 0.367 0.46
vt 0.35 0.457
vt 0.391 0.451
vt 0.367 0.46
vt 0.376 0.433
vt 0.367 0.46
vt 0.35 0.435
vt 0.35 0.457
vt 0.383 0.467
vt 0.391 0.451
vt 0.367 0.46
vt 0.391 0.451
vt 0.376 0.433
vt 0.367 0.46
vt 0.367 0.46
vt 0.376 0.433
vt 0.35 0.435
vt 0.35 0.457
vt 0.367 0.483
vt 0.367 0.46
vt 0.367 0.46
vt 0.367 0.483
vt 0.383 0.483
vt 0.367 0.46
vt 0.383 0.483
vt 0.383 0.467
vt 0.204 0.417
vt 0.2 0.4
vt 0.2 0.416
vt 0.204 0.417
vt 0.205 0.4
vt 0.2 0.4
vt 0.2 0.4
vt 0.205 0.4
vt 0.208 0.383
vt 0.2 0.4
vt 0.208 0.383
vt 0.202 0.383
vt 0.2 0.4
vt 0.202 0.383
vt 0.201 0.383
vt 0.197 0.417
vt 0.2 0.416
vt 0.2 0.4
vt 0.5 0.338
vt 0.52 0.349
vt 0.5 0.337
vt 0.5 0.338
vt 0.5 0.342
vt 0.52 0.349
vt 0.49 0.35
vt 0.517 0.358
vt 0.52 0.349
vt 0.49 0.35
vt 0.52 0.349
vt 0.5 0.342
vt 0.5 0.338
vt 0.52 0.349
vt 0.5 0.342
vt 0.52 0.349
vt 0.55 0.354
vt 0.55 0.356
vt 0.52 0.349
vt 0.55 0.356
vt 0.533 0.356
vt 0.52 0.349
vt 0.517 0.358
vt 0.49 0.35
vt 0.52 0.349
vt 0.49 0.35
vt 0.5 0.342
vt 0.52 0.349
vt 0.533 0.356
vt 0.517 0.358
vt 0.607 0.433
vt 0.583 0.427
vt 0.6 0.417
vt 0.567 0.418
vt 0.56 0.4
vt 0.583 0.427
vt 0.583 0.427
vt 0.56 0.4
vt 0.582 0.4
vt 0.6 0.401
vt 0.583 0.427
vt 0.582 0.4
vt 0.6 0.401
vt 0.6 0.417
vt 0.583 0.427
vt 0.6 0.45
vt 0.583 0.427
vt 0.607 0.433
vt 0.583 0.45
vt 0.583 0.427
vt 0.6 0.45
vt 0.583 0.427
vt 0.6 0.45
vt 0.607 0.433
vt 0.583 0.427
vt 0.583 0.45
vt 0.6 0.45
vt 0.6 0.417
vt 0.583 0.427
vt 0.607 0.433
vt 0.567 0.418
vt 0.583 0.427
vt 0.56 0.4
vt 0.56 0.4
vt 0.583 0.427
vt 0.582 0.4
vt 0.6 0.417
vt 0.582 0.4
vt 0.583 0.427
vt 0.424 0.417
vt 0.417 0.44
vt 0.4 0.429
vt 0.417 0.474
vt 0.417 0.44
vt 0.433 0.476
vt 0.391 0.451
vt 0.4 0.429
vt 0.417 0.44
vt 0.417 0.44
vt 0.417 0.474
vt 0.433 0.476
vt 0.417 0.44
vt 0.424 0.417
vt 0.4 0.429
vt 0.4 0.429
vt 0.391 0.451
vt 0.417 0.44
vt 0.201 0.517
vt 0.214 0.517
vt 0.215 0.5
vt 0.201 0.517
vt 0.215 0.5
vt 0.201 0.5
vt 0.214 0.517
vt 0.201 0.5
vt 0.215 0.5
vt 0.663 0.533
vt 0.675 0.533
vt 0.681 0.517
vt 0.684 0.533
vt 0.681 0.517
vt 0.675 0.533
vt 0.693 0.5
vt 0.681 0.517
vt 0.682 0.5
vt 0.683 0.543
vt 0.675 0.533
vt 0.681 0.517
vt 0.55 0.459
vt 0.567 0.483
vt 0.567 0.46
vt 0.55 0.459
vt 0.55 0.483
vt 0.567 0.483
vt 0.567 0.483
vt 0.55 0.459
vt 0.567 0.46
vt 0.55 0.483
vt 0.55 0.459
vt 0.567 0.483
vt 0.483 0.427
vt 0.483 0.46
vt 0.5 0.459
vt 0.483 0.46
vt 0.483 0.427
vt 0.5 0.459
vt 0.283 0.377
vt 0.267 0.351
vt 0.267 0.377
vt 0.25 0.367
vt 0.24 0.383
vt 0.267 0.377
vt 0.267 0.377
vt 0.267 0.351
vt 0.25 0.352
vt 0.267 0.377
vt 0.25 0.352
vt 0.25 0.367
vt 0.267 0.377
vt 0.283 0.406
vt 0.283 0.377
vt 0.24 0.383
vt 0.267 0.4
vt 0.267 0.377
vt 0.267 0.377
vt 0.267 0.4
vt 0.283 0.406
vt 0.283 0.406
vt 0.267 0.377
vt 0.283 0.377
vt 0.267 0.4
vt 0.24 0.383
vt 0.267 0.377
vt 0.267 0.4
vt 0.267 0.377
vt 0.283 0.406
vt 0.283 0.351
vt 0.283 0.377
vt 0.267 0.377
vt 0.24 0.383
vt 0.25 0.367
vt 0.267 0.377
vt 0.267 0.351
vt 0.267 0.377
vt 0.25 0.367
vt 0.283 0.351
vt 0.267 0.377
vt 0.267 0.351
vt 0.367 0.598
vt 0.35 0.599
vt 0.35 0.61
vt 0.367 0.598
vt 0.35 0.61
vt 0.367 0.608
vt 0.35 0.599
vt 0.367 0.598
vt 0.352 0.583
vt 0.367 0.598
vt 0.373 0.583
vt 0.352 0.583
vt 0.35 0.599
vt 0.352 0.583
vt 0.367 0.598
vt 0.367 0.598
vt 0.352 0.583
vt 0.373 0.583
vt 0.367 0.608
vt 0.35 0.599
vt 0.367 0.598
vt 0.248 0.541
vt 0.233 0.552
vt 0.248 0.573
vt 0.248 0.541
vt 0.248 0.573
vt 0.276 0.568
vt 0.276 0.568
vt 0.267 0.55
vt 0.248 0.541
vt 0.276 0.533
vt 0.248 0.541
vt 0.267 0.55
vt 0.246 0.517
vt 0.248 0.541
vt 0.276 0.533
vt 0.248 0.541
vt 0.248 0.573
vt 0.233 0.552
vt 0.276 0.568
vt 0.248 0.573
vt 0.248 0.541
vt 0.276 0.568
vt 0.248 0.541
vt 0.267 0.55
vt 0.276 0.533
vt 0.267 0.55
vt 0.248 0.541
vt 0.248 0.541
vt 0.246 0.517
vt 0.276 0.533
vt 0.25 0.443
vt 0.229 0.45
vt 0.24 0.467
vt 0.24 0.467
vt 0.268 0.483
vt 0.277 0.467
vt 0.25 0.443
vt 0.24 0.467
vt 0.229 0.45
vt 0.268 0.483
vt 0.24 0.467
vt 0.277 0.467
vt 0.627 0.45
vt 0.649 0.441
vt 0.633 0.433
vt 0.649 0.441
vt 0.666 0.44
vt 0.663 0.417
vt 0.649 0.441
vt 0.663 0.417
vt 0.65 0.417
vt 0.633 0.433
vt 0.649 0.441
vt 0.634 0.415
vt 0.65 0.417
vt 0.634 0.415
vt 0.649 0.441
vt 0.627 0.45
vt 0.633 0.433
vt 0.649 0.441
vt 0.65 0.417
vt 0.666 0.44
vt 0.649 0.441
vt 0.65 0.417
vt 0.649 0.441
vt 0.634 0.415
vt 0.634 0.415
vt 0.649 0.441
vt 0.633 0.433
vt 0.5 0.338
vt 0.524 0.348
vt 0.52 0.349
vt 0.5 0.337
vt 0.52 0.349
vt 0.524 0.348
vt 0.5 0.337
vt 0.524 0.348
vt 0.5 0.338
vt 0.524 0.348
vt 0.55 0.354
vt 0.52 0.349
vt 0.52 0.349
vt 0.55 0.356
vt 0.524 0.348
vt 0.524 0.348
vt 0.55 0.356
vt 0.55 0.354
vt 0.663 0.533
vt 0.681 0.517
vt 0.666 0.509
vt 0.65 0.533
vt 0.663 0.533
vt 0.666 0.509
vt 0.682 0.5
vt 0.666 0.509
vt 0.681 0.517
vt 0.666 0.509
vt 0.681 0.517
vt 0.675 0.533
vt 0.666 0.509
vt 0.675 0.533
vt 0.663 0.533
vt 0.682 0.5
vt 0.681 0.517
vt 0.666 0.509
vt 0.682 0.5
vt 0.666 0.509
vt 0.685 0.483
vt 0.197 0.417
vt 0.2 0.4
vt 0.2 0.408
vt 0.201 0.383
vt 0.2 0.408
vt 0.2 0.4
vt 0.201 0.383
vt 0.202 0.383
vt 0.2 0.408
vt 0.2 0.408
vt 0.205 0.4
vt 0.204 0.417
vt 0.205 0.4
vt 0.2 0.408
vt 0.202 0.383
vt 0.467 0.608
vt 0.45 0.598
vt 0.467 0.598
vt 0.483 0.607
vt 0.467 0.608
vt 0.467 0.598
vt 0.483 0.607
vt 0.467 0.598
vt 0.483 0.601
vt 0.201 0.543
vt 0.202 0.534
vt 0.201 0.517
vt 0.202 0.534
vt 0.201 0.543
vt 0.204 0.55
vt 0.202 0.534
vt 0.214 0.517
vt 0.201 0.517
vt 0.202 0.534
vt 0.209 0.55
vt 0.216 0.541
vt 0.202 0.534
vt 0.216 0.541
vt 0.214 0.517
vt 0.204 0.55
vt 0.209 0.55
vt 0.202 0.534
vt 0.216 0.541
vt 0.202 0.534
vt 0.201 0.517
vt 0.202 0.534
vt 0.216 0.541
vt 0.209 0.55
vt 0.202 0.534
vt 0.209 0.55
vt 0.204 0.55
vt 0.202 0.534
vt 0.197 0.517
vt 0.201 0.517
vt 0.202 0.534
vt 0.201 0.543
vt 0.197 0.517
vt 0.202 0.534
vt 0.204 0.55
vt 0.201 0.543
vt 0.24 0.598
vt 0.214 0.573
vt 0.228 0.588
vt 0.228 0.588
vt 0.214 0.573
vt 0.24 0.598
vt 0.214 0.573
vt 0.204 0.55
vt 0.201 0.543
vt 0.6 0.5
vt 0.617 0.526
vt 0.623 0.5
vt 0.633 0.517
vt 0.623 0.5
vt 0.617 0.526
vt 0.6 0.517
vt 0.59 0.534
vt 0.617 0.526
vt 0.6 0.5
vt 0.6 0.517
vt 0.617 0.526
vt 0.617 0.526
vt 0.634 0.543
vt 0.633 0.517
vt 0.617 0.526
vt 0.618 0.551
vt 0.634 0.543
vt 0.59 0.534
vt 0.618 0.551
vt 0.617 0.526
vt 0.617 0.526
vt 0.6 0.5
vt 0.623 0.5
vt 0.633 0.517
vt 0.617 0.526
vt 0.623 0.5
vt 0.59 0.534
vt 0.6 0.517
vt 0.617 0.526
vt 0.6 0.517
vt 0.6 0.5
vt 0.617 0.526
vt 0.633 0.517
vt 0.634 0.543
vt 0.617 0.526
vt 0.617 0.526
vt 0.634 0.543
vt 0.618 0.551
vt 0.618 0.551
vt 0.59 0.534
vt 0.617 0.526
vt 0.384 0.367
vt 0.41 0.348
vt 0.4 0.358
vt 0.386 0.368
vt 0.41 0.348
vt 0.384 0.367
vt 0.386 0.368
vt 0.4 0.358
vt 0.41 0.348
vt 0.41 0.348
vt 0.433 0.339
vt 0.433 0.337
vt 0.583 0.581
vt 0.6 0.592
vt 0.606 0.583
vt 0.583 0.581
vt 0.567 0.597
vt 0.583 0.594
vt 0.583 0.594
vt 0.6 0.592
vt 0.583 0.581
vt 0.606 0.583
vt 0.6 0.569
vt 0.583 0.581
vt 0.583 0.564
vt 0.583 0.581
vt 0.6 0.569
vt 0.567 0.566
vt 0.583 0.581
vt 0.583 0.564
vt 0.583 0.581
vt 0.6 0.569
vt 0.606 0.583
vt 0.583 0.581
vt 0.583 0.564
vt 0.6 0.569
vt 0.6 0.592
vt 0.583 0.581
vt 0.606 0.583
vt 0.583 0.594
vt 0.583 0.581
vt 0.6 0.592
vt 0.316 0.377
vt 0.327 0.4
vt 0.331 0.384
vt 0.301 0.383
vt 0.327 0.4
vt 0.316 0.377
vt 0.3 0.362
vt 0.316 0.377
vt 0.315 0.351
vt 0.316 0.377
vt 0.333 0.368
vt 0.315 0.351
vt 0.316 0.377
vt 0.331 0.384
vt 0.333 0.368
vt 0.3 0.362
vt 0.301 0.383
vt 0.316 0.377
vt 0.315 0.351
vt 0.316 0.377
vt 0.3 0.362
vt 0.333 0.368
vt 0.316 0.377
vt 0.315 0.351
vt 0.333 0.368
vt 0.331 0.384
vt 0.316 0.377
vt 0.3 0.362
vt 0.316 0.377
vt 0.301 0.383
vt 0.316 0.377
vt 0.331 0.384
vt 0.327 0.4
vt 0.316 0.377
vt 0.327 0.4
vt 0.301 0.383
vt 0.417 0.44
vt 0.433 0.476
vt 0.433 0.443
vt 0.45 0.45
vt 0.433 0.443
vt 0.433 0.476
vt 0.433 0.443
vt 0.424 0.417
vt 0.417 0.44
vt 0.424 0.417
vt 0.433 0.443
vt 0.459 0.432
vt 0.45 0.45
vt 0.459 0.432
vt 0.433 0.443
vt 0.433 0.443
vt 0.417 0.44
vt 0.424 0.417
vt 0.433 0.443
vt 0.424 0.417
vt 0.459 0.432
vt 0.433 0.476
vt 0.417 0.44
vt 0.433 0.443
vt 0.433 0.476
vt 0.433 0.443
vt 0.45 0.45
vt 0.459 0.432
vt 0.45 0.45
vt 0.433 0.443
vt 0.215 0.568
vt 0.216 0.541
vt 0.209 0.55
vt 0.215 0.568
vt 0.23 0.567
vt 0.216 0.541
vt 0.215 0.568
vt 0.235 0.582
vt 0.23 0.567
vt 0.228 0.588
vt 0.235 0.582
vt 0.215 0.568
vt 0.214 0.573
vt 0.215 0.568
vt 0.204 0.55
vt 0.215 0.568
vt 0.214 0.573
vt 0.228 0.588
vt 0.204 0.55
vt 0.215 0.568
vt 0.209 0.55
vt 0.215 0.568
vt 0.214 0.573
vt 0.201 0.543
vt 0.215 0.568
vt 0.228 0.588
vt 0.214 0.573
vt 0.215 0.568
vt 0.201 0.543
vt 0.204 0.55
vt 0.204 0.55
vt 0.209 0.55
vt 0.215 0.568
vt 0.215 0.568
vt 0.209 0.55
vt 0.216 0.541
vt 0.216 0.541
vt 0.23 0.567
vt 0.215 0.568
vt 0.215 0.568
vt 0.23 0.567
vt 0.235 0.582
vt 0.215 0.568
vt 0.235 0.582
vt 0.228 0.588
vt 0.65 0.533
vt 0.666 0.509
vt 0.649 0.509
vt 0.634 0.543
vt 0.649 0.509
vt 0.633 0.517
vt 0.65 0.533
vt 0.649 0.509
vt 0.634 0.543
vt 0.623 0.5
vt 0.633 0.517
vt 0.649 0.509
vt 0.649 0.509
vt 0.666 0.509
vt 0.663 0.533
vt 0.633 0.517
vt 0.649 0.509
vt 0.634 0.543
vt 0.65 0.533
vt 0.634 0.543
vt 0.649 0.509
vt 0.649 0.509
vt 0.663 0.533
vt 0.65 0.533
vt 0.623 0.5
vt 0.649 0.509
vt 0.633 0.517
vt 0.583 0.354
vt 0.607 0.352
vt 0.583 0.35
vt 0.583 0.35
vt 0.607 0.352
vt 0.6 0.349
vt 0.583 0.354
vt 0.6 0.36
vt 0.607 0.352
vt 0.607 0.352
vt 0.617 0.342
vt 0.6 0.349
vt 0.607 0.352
vt 0.6 0.36
vt 0.607 0.367
vt 0.607 0.352
vt 0.607 0.367
vt 0.633 0.357
vt 0.607 0.352
vt 0.634 0.35
vt 0.617 0.342
vt 0.634 0.35
vt 0.607 0.352
vt 0.633 0.357
vt 0.583 0.354
vt 0.6 0.35
vt 0.607 0.352
vt 0.617 0.342
vt 0.641 0.348
vt 0.607 0.352
vt 0.607 0.352
vt 0.641 0.348
vt 0.634 0.35
vt 0.607 0.352
vt 0.607 0.367
vt 0.6 0.36
vt 0.607 0.352
vt 0.633 0.357
vt 0.607 0.367
vt 0.633 0.357
vt 0.607 0.352
vt 0.634 0.35
vt 0.6 0.35
vt 0.617 0.342
vt 0.607 0.352
vt 0.321 0.347
vt 0.34 0.365
vt 0.315 0.351
vt 0.315 0.351
vt 0.34 0.365
vt 0.333 0.368
vt 0.321 0.347
vt 0.333 0.368
vt 0.34 0.365
vt 0.34 0.365
vt 0.367 0.38
vt 0.367 0.375
vt 0.61 0.6
vt 0.588 0.6
vt 0.591 0.602
vt 0.61 0.6
vt 0.591 0.602
vt 0.617 0.604
vt 0.617 0.604
vt 0.591 0.602
vt 0.61 0.6
vt 0.61 0.6
vt 0.591 0.602
vt 0.588 0.6
vt 0.415 0.349
vt 0.441 0.351
vt 0.433 0.344
vt 0.415 0.349
vt 0.413 0.365
vt 0.441 0.351
vt 0.415 0.349
vt 0.399 0.366
vt 0.413 0.365
vt 0.4 0.358
vt 0.399 0.366
vt 0.415 0.349
vt 0.415 0.349
vt 0.433 0.339
vt 0.41 0.348
vt 0.415 0.349
vt 0.41 0.348
vt 0.4 0.358
vt 0.433 0.339
vt 0.415 0.349
vt 0.433 0.344
vt 0.41 0.348
vt 0.433 0.337
vt 0.415 0.349
vt 0.415 0.349
vt 0.4 0.358
vt 0.41 0.348
vt 0.433 0.339
vt 0.433 0.344
vt 0.415 0.349
vt 0.415 0.349
vt 0.433 0.337
vt 0.433 0.339
vt 0.415 0.349
vt 0.433 0.344
vt 0.441 0.351
vt 0.441 0.351
vt 0.413 0.365
vt 0.415 0.349
vt 0.415 0.349
vt 0.413 0.365
vt 0.399 0.366
vt 0.415 0.349
vt 0.399 0.366
vt 0.4 0.358
vt 0.583 0.55
vt 0.59 0.534
vt 0.567 0.54
vt 0.567 0.54
vt 0.567 0.566
vt 0.583 0.564
vt 0.567 0.54
vt 0.583 0.564
vt 0.583 0.55
vt 0.55 0.548
vt 0.567 0.566
vt 0.567 0.54
vt 0.55 0.533
vt 0.55 0.548
vt 0.567 0.54
vt 0.567 0.51
vt 0.567 0.54
vt 0.59 0.534
vt 0.567 0.54
vt 0.567 0.51
vt 0.59 0.534
vt 0.55 0.548
vt 0.55 0.533
vt 0.567 0.54
vt 0.59 0.534
vt 0.583 0.55
vt 0.567 0.54
vt 0.543 0.566
vt 0.55 0.548
vt 0.567 0.54
vt 0.543 0.566
vt 0.567 0.54
vt 0.567 0.566
vt 0.567 0.566
vt 0.567 0.54
vt 0.583 0.55
vt 0.483 0.427
vt 0.5 0.459
vt 0.5 0.426
vt 0.5 0.426
vt 0.483 0.401
vt 0.483 0.427
vt 0.5 0.426
vt 0.517 0.399
vt 0.5 0.4
vt 0.5 0.426
vt 0.5 0.4
vt 0.483 0.401
vt 0.5 0.4
vt 0.5 0.426
vt 0.483 0.427
vt 0.517 0.399
vt 0.5 0.426
vt 0.5 0.4
vt 0.5 0.459
vt 0.483 0.427
vt 0.5 0.426
vt 0.232 0.409
vt 0.218 0.392
vt 0.215 0.417
vt 0.232 0.409
vt 0.24 0.383
vt 0.218 0.392
vt 0.204 0.417
vt 0.215 0.417
vt 0.218 0.392
vt 0.205 0.4
vt 0.218 0.392
vt 0.208 0.383
vt 0.204 0.417
vt 0.218 0.392
vt 0.205 0.4
vt 0.218 0.392
vt 0.24 0.383
vt 0.232 0.366
vt 0.208 0.383
vt 0.218 0.392
vt 0.216 0.366
vt 0.232 0.366
vt 0.216 0.366
vt 0.218 0.392
vt 0.215 0.417
vt 0.218 0.392
vt 0.232 0.409
vt 0.232 0.409
vt 0.218 0.392
vt 0.24 0.383
vt 0.215 0.417
vt 0.205 0.4
vt 0.218 0.392
vt 0.205 0.4
vt 0.208 0.383
vt 0.218 0.392
vt 0.232 0.366
vt 0.24 0.383
vt 0.218 0.392
vt 0.216 0.366
vt 0.218 0.392
vt 0.208 0.383
vt 0.232 0.366
vt 0.218 0.392
vt 0.216 0.366
vt 0.424 0.417
vt 0.459 0.432
vt 0.45 0.407
vt 0.467 0.417
vt 0.45 0.407
vt 0.459 0.432
vt 0.467 0.417
vt 0.467 0.402
vt 0.45 0.407
vt 0.433 0.39
vt 0.424 0.417
vt 0.45 0.407
vt 0.45 0.407
vt 0.449 0.383
vt 0.433 0.39
vt 0.449 0.383
vt 0.45 0.407
vt 0.467 0.402
vt 0.45 0.407
vt 0.433 0.39
vt 0.449 0.383
vt 0.45 0.407
vt 0.449 0.383
vt 0.467 0.402
vt 0.424 0.417
vt 0.433 0.39
vt 0.45 0.407
vt 0.459 0.432
vt 0.424 0.417
vt 0.45 0.407
vt 0.459 0.432
vt 0.45 0.407
vt 0.467 0.417
vt 0.467 0.402
vt 0.467 0.417
vt 0.45 0.407
vt 0.632 0.6
vt 0.633 0.596
vt 0.61 0.6
vt 0.65 0.595
vt 0.65 0.594
vt 0.632 0.6
vt 0.65 0.59
vt 0.632 0.6
vt 0.65 0.594
vt 0.65 0.59
vt 0.633 0.596
vt 0.632 0.6
vt 0.617 0.604
vt 0.632 0.6
vt 0.61 0.6
vt 0.61 0.6
vt 0.63 0.6
vt 0.632 0.6
vt 0.617 0.604
vt 0.61 0.6
vt 0.632 0.6
vt 0.63 0.6
vt 0.65 0.595
vt 0.632 0.6
vt 0.333 0.55
vt 0.317 0.55
vt 0.304 0.527
vt 0.333 0.55
vt 0.304 0.527
vt 0.33 0.534
vt 0.333 0.517
vt 0.33 0.534
vt 0.304 0.527
vt 0.304 0.527
vt 0.31 0.5
vt 0.333 0.517
vt 0.333 0.517
vt 0.304 0.527
vt 0.33 0.534
vt 0.304 0.527
vt 0.317 0.55
vt 0.333 0.55
vt 0.304 0.527
vt 0.333 0.55
vt 0.33 0.534
vt 0.31 0.5
vt 0.304 0.527
vt 0.333 0.517
vt 0.388 0.51
vt 0.383 0.483
vt 0.4 0.484
vt 0.367 0.5
vt 0.367 0.483
vt 0.388 0.51
vt 0.388 0.51
vt 0.367 0.483
vt 0.383 0.483
vt 0.383 0.533
vt 0.367 0.517
vt 0.388 0.51
vt 0.367 0.517
vt 0.367 0.5
vt 0.388 0.51
vt 0.367 0.517
vt 0.383 0.533
vt 0.388 0.51
vt 0.367 0.5
vt 0.367 0.517
vt 0.388 0.51
vt 0.4 0.484
vt 0.383 0.483
vt 0.388 0.51
vt 0.367 0.483
vt 0.367 0.5
vt 0.388 0.51
vt 0.367 0.483
vt 0.388 0.51
vt 0.383 0.483
vt 0.508 0.483
vt 0.483 0.46
vt 0.5 0.459
vt 0.483 0.483
vt 0.483 0.46
vt 0.508 0.483
vt 0.533 0.5
vt 0.508 0.483
vt 0.533 0.483
vt 0.508 0.483
vt 0.533 0.5
vt 0.533 0.483
vt 0.483 0.46
vt 0.508 0.483
vt 0.5 0.459
vt 0.483 0.46
vt 0.483 0.483
vt 0.508 0.483
vt 0.5 0.459
vt 0.5 0.426
vt 0.525 0.45
vt 0.5 0.426
vt 0.5 0.459
vt 0.525 0.45
vt 0.383 0.533
vt 0.388 0.51
vt 0.408 0.533
vt 0.383 0.548
vt 0.383 0.533
vt 0.408 0.533
vt 0.408 0.533
vt 0.388 0.51
vt 0.417 0.507
vt 0.408 0.533
vt 0.417 0.507
vt 0.433 0.533
vt 0.388 0.51
vt 0.408 0.533
vt 0.417 0.507
vt 0.417 0.507
vt 0.408 0.533
vt 0.433 0.533
vt 0.408 0.533
vt 0.433 0.549
vt 0.433 0.533
vt 0.388 0.51
vt 0.383 0.533
vt 0.408 0.533
vt 0.666 0.509
vt 0.649 0.509
vt 0.667 0.475
vt 0.685 0.483
vt 0.666 0.509
vt 0.667 0.475
vt 0.666 0.509
vt 0.682 0.5
vt 0.667 0.475
vt 0.667 0.475
vt 0.682 0.5
vt 0.685 0.483
vt 0.666 0.44
vt 0.649 0.441
vt 0.667 0.475
vt 0.441 0.351
vt 0.458 0.34
vt 0.467 0.349
vt 0.458 0.34
vt 0.483 0.34
vt 0.467 0.349
vt 0.458 0.34
vt 0.483 0.336
vt 0.483 0.34
vt 0.458 0.34
vt 0.441 0.351
vt 0.433 0.344
vt 0.458 0.34
vt 0.49 0.35
vt 0.483 0.34
vt 0.467 0.349
vt 0.49 0.35
vt 0.458 0.34
vt 0.441 0.351
vt 0.467 0.349
vt 0.458 0.34
vt 0.458 0.34
vt 0.433 0.344
vt 0.441 0.351
vt 0.433 0.344
vt 0.458 0.34
vt 0.433 0.339
vt 0.525 0.418
vt 0.517 0.399
vt 0.536 0.4
vt 0.525 0.418
vt 0.536 0.4
vt 0.55 0.419
vt 0.525 0.418
vt 0.5 0.426
vt 0.517 0.399
vt 0.517 0.399
vt 0.525 0.418
vt 0.536 0.4
vt 0.525 0.418
vt 0.55 0.419
vt 0.536 0.4
vt 0.525 0.418
vt 0.517 0.399
vt 0.5 0.426
vt 0.45 0.568
vt 0.433 0.549
vt 0.458 0.549
vt 0.433 0.549
vt 0.45 0.568
vt 0.458 0.549
vt 0.433 0.533
vt 0.433 0.549
vt 0.458 0.549
vt 0.45 0.568
vt 0.458 0.549
vt 0.475 0.568
vt 0.458 0.549
vt 0.45 0.568
vt 0.475 0.568
vt 0.475 0.568
vt 0.45 0.568
vt 0.441 0.583
vt 0.197 0.442
vt 0.2 0.416
vt 0.197 0.417
vt 0.433 0.5
vt 0.433 0.476
vt 0.45 0.492
vt 0.45 0.492
vt 0.443 0.517
vt 0.433 0.5
vt 0.45 0.492
vt 0.433 0.476
vt 0.449 0.466
vt 0.45 0.492
vt 0.449 0.466
vt 0.467 0.483
vt 0.45 0.492
vt 0.449 0.466
vt 0.433 0.476
vt 0.449 0.466
vt 0.45 0.492
vt 0.467 0.483
vt 0.433 0.476
vt 0.433 0.5
vt 0.45 0.492
vt 0.45 0.492
vt 0.433 0.5
vt 0.443 0.517
vt 0.692 0.55
vt 0.688 0.55
vt 0.696 0.525
vt 0.697 0.5
vt 0.696 0.525
vt 0.696 0.5
vt 0.692 0.55
vt 0.693 0.55
vt 0.696 0.525
vt 0.693 0.5
vt 0.696 0.525
vt 0.696 0.5
vt 0.533 0.582
vt 0.508 0.568
vt 0.543 0.566
vt 0.425 0.568
vt 0.45 0.568
vt 0.441 0.583
vt 0.425 0.568
vt 0.433 0.549
vt 0.45 0.568
vt 0.425 0.568
vt 0.441 0.583
vt 0.417 0.584
vt 0.425 0.568
vt 0.417 0.584
vt 0.4 0.568
vt 0.441 0.583
vt 0.45 0.568
vt 0.425 0.568
vt 0.441 0.583
vt 0.425 0.568
vt 0.417 0.584
vt 0.433 0.549
vt 0.425 0.568
vt 0.45 0.568
vt 0.4 0.584
vt 0.425 0.568
vt 0.4 0.568
vt 0.417 0.584
vt 0.425 0.568
vt 0.4 0.584
vt 0.229 0.45
vt 0.24 0.467
vt 0.215 0.475
vt 0.201 0.5
vt 0.215 0.5
vt 0.215 0.475
vt 0.215 0.475
vt 0.24 0.467
vt 0.229 0.45
vt 0.215 0.5
vt 0.2 0.475
vt 0.215 0.475
vt 0.215 0.5
vt 0.201 0.5
vt 0.2 0.475
vt 0.201 0.5
vt 0.215 0.475
vt 0.2 0.475
vt 0.196 0.5
vt 0.201 0.5
vt 0.2 0.475
vt 0.475 0.568
vt 0.492 0.549
vt 0.508 0.568
vt 0.475 0.568
vt 0.458 0.549
vt 0.492 0.549
vt 0.492 0.549
vt 0.475 0.568
vt 0.508 0.568
vt 0.458 0.549
vt 0.475 0.568
vt 0.492 0.549
vt 0.525 0.418
vt 0.525 0.433
vt 0.5 0.426
vt 0.525 0.45
vt 0.5 0.426
vt 0.525 0.433
vt 0.55 0.419
vt 0.525 0.433
vt 0.525 0.418
vt 0.525 0.45
vt 0.525 0.433
vt 0.55 0.459
vt 0.525 0.433
vt 0.525 0.45
vt 0.55 0.459
vt 0.525 0.433
vt 0.525 0.418
vt 0.5 0.426
vt 0.5 0.426
vt 0.525 0.45
vt 0.525 0.433
vt 0.543 0.516
vt 0.533 0.533
vt 0.508 0.518
vt 0.508 0.518
vt 0.533 0.533
vt 0.517 0.533
vt 0.517 0.533
vt 0.543 0.516
vt 0.508 0.518
vt 0.433 0.549
vt 0.458 0.533
vt 0.458 0.549
vt 0.458 0.533
vt 0.433 0.533
vt 0.443 0.517
vt 0.433 0.549
vt 0.433 0.533
vt 0.458 0.533
vt 0.458 0.533
vt 0.458 0.549
vt 0.492 0.549
vt 0.433 0.533
vt 0.458 0.549
vt 0.458 0.533
vt 0.443 0.517
vt 0.433 0.533
vt 0.458 0.533
vt 0.696 0.525
vt 0.693 0.55
vt 0.697 0.525
vt 0.697 0.525
vt 0.692 0.55
vt 0.696 0.525
vt 0.693 0.55
vt 0.692 0.55
vt 0.697 0.525
vt 0.696 0.525
vt 0.697 0.525
vt 0.696 0.5
vt 0.697 0.525
vt 0.696 0.525
vt 0.697 0.5
vt 0.696 0.5
vt 0.697 0.525
vt 0.697 0.5
vt 0.425 0.598
vt 0.4 0.584
vt 0.417 0.584
vt 0.425 0.598
vt 0.417 0.584
vt 0.441 0.583
vt 0.425 0.598
vt 0.441 0.583
vt 0.45 0.598
vt 0.45 0.608
vt 0.425 0.598
vt 0.45 0.598
vt 0.441 0.583
vt 0.417 0.584
vt 0.425 0.598
vt 0.376 0.416
vt 0.35 0.435
vt 0.342 0.418
vt 0.342 0.418
vt 0.35 0.435
vt 0.333 0.436
vt 0.342 0.418
vt 0.333 0.436
vt 0.317 0.444
vt 0.342 0.418
vt 0.317 0.444
vt 0.315 0.417
vt 0.315 0.417
vt 0.327 0.4
vt 0.342 0.418
vt 0.376 0.433
vt 0.376 0.416
vt 0.342 0.418
vt 0.376 0.433
vt 0.342 0.418
vt 0.35 0.435
vt 0.315 0.417
vt 0.342 0.418
vt 0.327 0.4
vt 0.333 0.436
vt 0.342 0.418
vt 0.315 0.417
vt 0.35 0.435
vt 0.342 0.418
vt 0.333 0.436
vt 0.475 0.583
vt 0.45 0.568
vt 0.475 0.568
vt 0.45 0.598
vt 0.475 0.583
vt 0.467 0.598
vt 0.475 0.583
vt 0.441 0.583
vt 0.45 0.568
vt 0.45 0.598
vt 0.441 0.583
vt 0.475 0.583
vt 0.508 0.568
vt 0.475 0.568
vt 0.475 0.583
vt 0.475 0.568
vt 0.441 0.583
vt 0.475 0.583
vt 0.201 0.442
vt 0.197 0.442
vt 0.197 0.417
vt 0.204 0.417
vt 0.201 0.442
vt 0.2 0.408
vt 0.201 0.442
vt 0.197 0.417
vt 0.2 0.408
vt 0.2 0.475
vt 0.197 0.442
vt 0.201 0.442
vt 0.215 0.475
vt 0.2 0.475
vt 0.201 0.442
vt 0.197 0.442
vt 0.201 0.442
vt 0.2 0.416
vt 0.204 0.417
vt 0.2 0.416
vt 0.201 0.442
vt 0.201 0.442
vt 0.215 0.417
vt 0.204 0.417
vt 0.696 0.525
vt 0.688 0.55
vt 0.692 0.525
vt 0.692 0.525
vt 0.688 0.55
vt 0.683 0.543
vt 0.696 0.525
vt 0.692 0.525
vt 0.696 0.5
vt 0.692 0.525
vt 0.681 0.517
vt 0.693 0.5
vt 0.692 0.525
vt 0.683 0.543
vt 0.681 0.517
vt 0.696 0.5
vt 0.692 0.525
vt 0.693 0.5
vt 0.692 0.525
vt 0.692 0.55
vt 0.696 0.525
vt 0.684 0.533
vt 0.692 0.525
vt 0.681 0.517
vt 0.685 0.55
vt 0.692 0.55
vt 0.692 0.525
vt 0.692 0.525
vt 0.684 0.533
vt 0.685 0.55
vt 0.692 0.525
vt 0.696 0.525
vt 0.693 0.5
vt 0.681 0.517
vt 0.692 0.525
vt 0.682 0.5
vt 0.682 0.5
vt 0.692 0.525
vt 0.693 0.5
vt 0.45 0.608
vt 0.425 0.609
vt 0.425 0.598
vt 0.45 0.608
vt 0.425 0.609
vt 0.425 0.612
vt 0.425 0.568
vt 0.408 0.549
vt 0.433 0.549
vt 0.408 0.549
vt 0.408 0.533
vt 0.433 0.533
vt 0.408 0.549
vt 0.433 0.533
vt 0.433 0.549
vt 0.4 0.568
vt 0.408 0.549
vt 0.425 0.568
vt 0.383 0.548
vt 0.408 0.533
vt 0.408 0.549
vt 0.4 0.568
vt 0.383 0.548
vt 0.408 0.549
vt 0.408 0.549
vt 0.425 0.568
vt 0.433 0.549
vt 0.408 0.533
vt 0.408 0.549
vt 0.433 0.549
vt 0.408 0.549
vt 0.4 0.568
vt 0.425 0.568
vt 0.383 0.533
vt 0.408 0.549
vt 0.408 0.533
vt 0.383 0.548
vt 0.4 0.568
vt 0.408 0.549
vt 0.383 0.533
vt 0.383 0.548
vt 0.408 0.549
vt 0.667 0.475
vt 0.649 0.509
vt 0.651 0.475
vt 0.667 0.475
vt 0.651 0.475
vt 0.666 0.44
vt 0.666 0.44
vt 0.651 0.475
vt 0.649 0.441
vt 0.651 0.475
vt 0.627 0.45
vt 0.649 0.441
vt 0.667 0.475
vt 0.651 0.475
vt 0.666 0.509
vt 0.666 0.509
vt 0.651 0.475
vt 0.649 0.509
vt 0.667 0.475
vt 0.649 0.441
vt 0.651 0.475
vt 0.627 0.45
vt 0.651 0.475
vt 0.649 0.441
vt 0.508 0.5
vt 0.483 0.483
vt 0.508 0.483
vt 0.508 0.518
vt 0.508 0.5
vt 0.543 0.516
vt 0.508 0.5
vt 0.508 0.483
vt 0.533 0.5
vt 0.543 0.516
vt 0.508 0.5
vt 0.533 0.5
vt 0.508 0.5
vt 0.508 0.518
vt 0.543 0.516
vt 0.508 0.483
vt 0.508 0.5
vt 0.533 0.5
vt 0.508 0.5
vt 0.543 0.516
vt 0.533 0.5
vt 0.483 0.483
vt 0.508 0.5
vt 0.508 0.483
vt 0.458 0.549
vt 0.458 0.533
vt 0.492 0.533
vt 0.458 0.549
vt 0.492 0.533
vt 0.492 0.549
vt 0.508 0.518
vt 0.517 0.533
vt 0.492 0.533
vt 0.492 0.549
vt 0.492 0.533
vt 0.517 0.533
vt 0.517 0.533
vt 0.508 0.518
vt 0.492 0.533
vt 0.458 0.533
vt 0.492 0.549
vt 0.492 0.533
vt 0.195 0.475
vt 0.201 0.442
vt 0.197 0.442
vt 0.195 0.475
vt 0.2 0.475
vt 0.201 0.442
vt 0.2 0.475
vt 0.195 0.475
vt 0.197 0.442
vt 0.196 0.5
vt 0.2 0.475
vt 0.195 0.475
vt 0.201 0.5
vt 0.195 0.475
vt 0.2 0.475
vt 0.201 0.5
vt 0.196 0.5
vt 0.195 0.475
vt 0.55 0.419
vt 0.558 0.433
vt 0.525 0.433
vt 0.55 0.459
vt 0.525 0.433
vt 0.558 0.433
vt 0.55 0.459
vt 0.558 0.433
vt 0.567 0.46
vt 0.567 0.418
vt 0.558 0.433
vt 0.55 0.419
vt 0.583 0.45
vt 0.558 0.433
vt 0.583 0.427
vt 0.583 0.427
vt 0.558 0.433
vt 0.567 0.418
vt 0.567 0.46
vt 0.558 0.433
vt 0.583 0.45
vt 0.558 0.433
vt 0.583 0.45
vt 0.583 0.427
vt 0.583 0.427
vt 0.567 0.418
vt 0.558 0.433
vt 0.558 0.433
vt 0.567 0.46
vt 0.583 0.45
vt 0.558 0.433
vt 0.567 0.418
vt 0.55 0.419
vt 0.525 0.433
vt 0.55 0.459
vt 0.558 0.433
vt 0.558 0.433
vt 0.525 0.418
vt 0.525 0.433
vt 0.558 0.433
vt 0.55 0.419
vt 0.525 0.418
vt 0.558 0.433
vt 0.55 0.459
vt 0.567 0.46
vt 0.5 0.4
vt 0.492 0.38
vt 0.524 0.383
vt 0.507 0.366
vt 0.524 0.383
vt 0.492 0.38
vt 0.483 0.401
vt 0.492 0.38
vt 0.5 0.4
vt 0.483 0.401
vt 0.467 0.381
vt 0.492 0.38
vt 0.524 0.383
vt 0.492 0.38
vt 0.5 0.4
vt 0.492 0.38
vt 0.524 0.383
vt 0.507 0.366
vt 0.492 0.38
vt 0.483 0.401
vt 0.5 0.4
vt 0.467 0.381
vt 0.483 0.401
vt 0.492 0.38
vt 0.533 0.582
vt 0.508 0.583
vt 0.508 0.568
vt 0.517 0.593
vt 0.508 0.583
vt 0.533 0.582
vt 0.508 0.583
vt 0.475 0.583
vt 0.475 0.568
vt 0.508 0.583
vt 0.475 0.568
vt 0.508 0.568
vt 0.543 0.566
vt 0.508 0.568
vt 0.508 0.583
vt 0.543 0.566
vt 0.508 0.583
vt 0.533 0.582
vt 0.508 0.583
vt 0.533 0.592
vt 0.533 0.582
vt 0.508 0.583
vt 0.517 0.593
vt 0.533 0.592
vt 0.508 0.568
vt 0.475 0.583
vt 0.508 0.583
vt 0.283 0.508
vt 0.304 0.527
vt 0.31 0.5
vt 0.283 0.483
vt 0.283 0.508
vt 0.31 0.5
vt 0.283 0.508
vt 0.276 0.533
vt 0.304 0.527
vt 0.276 0.533
vt 0.283 0.508
vt 0.304 0.527
vt 0.304 0.527
vt 0.283 0.508
vt 0.31 0.5
vt 0.283 0.508
vt 0.283 0.483
vt 0.31 0.5
vt 0.268 0.483
vt 0.283 0.483
vt 0.283 0.508
vt 0.475 0.364
vt 0.467 0.381
vt 0.492 0.38
vt 0.475 0.364
vt 0.492 0.38
vt 0.507 0.366
vt 0.475 0.364
vt 0.507 0.366
vt 0.49 0.35
vt 0.467 0.349
vt 0.443 0.366
vt 0.475 0.364
vt 0.443 0.366
vt 0.449 0.383
vt 0.475 0.364
vt 0.467 0.349
vt 0.475 0.364
vt 0.49 0.35
vt 0.475 0.364
vt 0.449 0.383
vt 0.467 0.381
vt 0.492 0.38
vt 0.475 0.364
vt 0.507 0.366
vt 0.49 0.35
vt 0.507 0.366
vt 0.475 0.364
vt 0.475 0.364
vt 0.467 0.349
vt 0.49 0.35
vt 0.467 0.381
vt 0.475 0.364
vt 0.492 0.38
vt 0.475 0.364
vt 0.441 0.351
vt 0.467 0.349
vt 0.443 0.366
vt 0.441 0.351
vt 0.475 0.364
vt 0.467 0.381
vt 0.443 0.366
vt 0.475 0.364
vt 0.392 0.613
vt 0.367 0.612
vt 0.367 0.611
vt 0.425 0.612
vt 0.392 0.613
vt 0.425 0.613
vt 0.276 0.533
vt 0.283 0.508
vt 0.267 0.508
vt 0.246 0.517
vt 0.276 0.533
vt 0.267 0.508
vt 0.267 0.508
vt 0.283 0.508
vt 0.283 0.483
vt 0.267 0.508
vt 0.283 0.483
vt 0.268 0.483
vt 0.267 0.508
vt 0.283 0.508
vt 0.276 0.533
vt 0.276 0.533
vt 0.246 0.517
vt 0.267 0.508
vt 0.268 0.483
vt 0.283 0.508
vt 0.267 0.508
vt 0.686 0.458
vt 0.682 0.433
vt 0.666 0.44
vt 0.667 0.475
vt 0.685 0.483
vt 0.686 0.458
vt 0.667 0.475
vt 0.686 0.458
vt 0.666 0.44
vt 0.685 0.483
vt 0.694 0.483
vt 0.686 0.458
vt 0.686 0.458
vt 0.667 0.475
vt 0.666 0.44
vt 0.686 0.458
vt 0.666 0.44
vt 0.682 0.433
vt 0.694 0.433
vt 0.686 0.458
vt 0.682 0.433
vt 0.685 0.483
vt 0.667 0.475
vt 0.686 0.458
vt 0.392 0.612
vt 0.367 0.612
vt 0.392 0.613
vt 0.392 0.612
vt 0.367 0.611
vt 0.367 0.612
vt 0.425 0.612
vt 0.392 0.612
vt 0.392 0.613
vt 0.425 0.609
vt 0.392 0.612
vt 0.425 0.612
vt 0.392 0.613
vt 0.367 0.611
vt 0.392 0.612
vt 0.392 0.612
vt 0.367 0.611
vt 0.367 0.608
vt 0.425 0.613
vt 0.392 0.613
vt 0.392 0.612
vt 0.425 0.613
vt 0.392 0.612
vt 0.425 0.612
vt 0.331 0.384
vt 0.35 0.38
vt 0.333 0.368
vt 0.333 0.368
vt 0.35 0.38
vt 0.34 0.365
vt 0.35 0.38
vt 0.367 0.38
vt 0.34 0.365
vt 0.34 0.365
vt 0.367 0.375
vt 0.35 0.38
vt 0.333 0.368
vt 0.34 0.365
vt 0.35 0.38
vt 0.35 0.38
vt 0.367 0.375
vt 0.367 0.38
vt 0.35 0.38
vt 0.331 0.384
vt 0.333 0.368
vt 0.55 0.459
vt 0.525 0.45
vt 0.525 0.467
vt 0.525 0.467
vt 0.55 0.483
vt 0.55 0.459
vt 0.525 0.467
vt 0.533 0.483
vt 0.55 0.483
vt 0.525 0.467
vt 0.525 0.45
vt 0.5 0.459
vt 0.525 0.467
vt 0.508 0.483
vt 0.533 0.483
vt 0.5 0.459
vt 0.508 0.483
vt 0.525 0.467
vt 0.525 0.45
vt 0.525 0.467
vt 0.5 0.459
vt 0.508 0.483
vt 0.525 0.467
vt 0.533 0.483
vt 0.508 0.483
vt 0.5 0.459
vt 0.525 0.467
vt 0.55 0.459
vt 0.525 0.467
vt 0.525 0.45
vt 0.55 0.483
vt 0.525 0.467
vt 0.55 0.459
vt 0.533 0.483
vt 0.525 0.467
vt 0.55 0.483
vt 0.458 0.34
vt 0.483 0.34
vt 0.458 0.335
vt 0.458 0.335
vt 0.483 0.34
vt 0.483 0.336
vt 0.458 0.335
vt 0.483 0.336
vt 0.467 0.334
vt 0.45 0.333
vt 0.458 0.335
vt 0.467 0.334
vt 0.433 0.339
vt 0.458 0.34
vt 0.458 0.335
vt 0.433 0.339
vt 0.458 0.335
vt 0.433 0.337
vt 0.433 0.337
vt 0.458 0.335
vt 0.45 0.333
vt 0.458 0.335
vt 0.483 0.336
vt 0.458 0.34
vt 0.467 0.334
vt 0.483 0.335
vt 0.458 0.335
vt 0.458 0.335
vt 0.483 0.335
vt 0.483 0.336
vt 0.433 0.344
vt 0.458 0.335
vt 0.458 0.34
vt 0.45 0.333
vt 0.467 0.334
vt 0.458 0.335
vt 0.433 0.339
vt 0.45 0.333
vt 0.458 0.335
vt 0.433 0.339
vt 0.458 0.335
vt 0.433 0.344
vt 0.267 0.508
vt 0.244 0.492
vt 0.268 0.483
vt 0.215 0.475
vt 0.24 0.467
vt 0.244 0.492
vt 0.244 0.492
vt 0.24 0.467
vt 0.268 0.483
vt 0.246 0.517
vt 0.244 0.492
vt 0.267 0.508
vt 0.215 0.475
vt 0.244 0.492
vt 0.215 0.5
vt 0.244 0.492
vt 0.267 0.508
vt 0.268 0.483
vt 0.215 0.475
vt 0.244 0.492
vt 0.24 0.467
vt 0.215 0.5
vt 0.244 0.492
vt 0.215 0.475
vt 0.24 0.467
vt 0.244 0.492
vt 0.268 0.483
vt 0.244 0.492
vt 0.246 0.517
vt 0.267 0.508
vt 0.558 0.606
vt 0.533 0.608
vt 0.533 0.607
vt 0.588 0.6
vt 0.558 0.606
vt 0.591 0.602
vt 0.333 0.517
vt 0.358 0.54
vt 0.35 0.517
vt 0.333 0.517
vt 0.33 0.534
vt 0.358 0.54
vt 0.333 0.55
vt 0.358 0.54
vt 0.33 0.534
vt 0.358 0.54
vt 0.333 0.55
vt 0.34 0.566
vt 0.35 0.517
vt 0.358 0.54
vt 0.367 0.517
vt 0.367 0.517
vt 0.358 0.54
vt 0.383 0.533
vt 0.358 0.54
vt 0.383 0.548
vt 0.383 0.533
vt 0.383 0.548
vt 0.358 0.54
vt 0.383 0.568
vt 0.383 0.568
vt 0.358 0.54
vt 0.367 0.567
vt 0.358 0.54
vt 0.34 0.566
vt 0.367 0.567
vt 0.358 0.54
vt 0.333 0.517
vt 0.35 0.517
vt 0.33 0.534
vt 0.333 0.517
vt 0.358 0.54
vt 0.33 0.534
vt 0.358 0.54
vt 0.333 0.55
vt 0.358 0.54
vt 0.35 0.567
vt 0.333 0.55
vt 0.383 0.548
vt 0.383 0.568
vt 0.358 0.54
vt 0.358 0.54
vt 0.383 0.568
vt 0.367 0.567
vt 0.35 0.567
vt 0.358 0.54
vt 0.367 0.567
vt 0.358 0.54
vt 0.383 0.533
vt 0.383 0.548
vt 0.358 0.54
vt 0.35 0.517
vt 0.367 0.517
vt 0.358 0.54
vt 0.367 0.517
vt 0.383 0.533
vt 0.392 0.609
vt 0.367 0.611
vt 0.392 0.612
vt 0.392 0.609
vt 0.367 0.608
vt 0.367 0.611
vt 0.425 0.609
vt 0.392 0.609
vt 0.392 0.612
vt 0.425 0.598
vt 0.392 0.609
vt 0.425 0.609
vt 0.392 0.612
vt 0.367 0.608
vt 0.392 0.609
vt 0.392 0.609
vt 0.367 0.608
vt 0.367 0.598
vt 0.425 0.612
vt 0.392 0.612
vt 0.392 0.609
vt 0.425 0.612
vt 0.392 0.609
vt 0.425 0.609
vt 0.627 0.45
vt 0.624 0.475
vt 0.651 0.475
vt 0.6 0.45
vt 0.6 0.467
vt 0.624 0.475
vt 0.6 0.45
vt 0.624 0.475
vt 0.627 0.45
vt 0.624 0.475
vt 0.649 0.509
vt 0.651 0.475
vt 0.624 0.475
vt 0.623 0.5
vt 0.649 0.509
vt 0.6 0.467
vt 0.6 0.483
vt 0.624 0.475
vt 0.6 0.483
vt 0.623 0.5
vt 0.624 0.475
vt 0.624 0.475
vt 0.627 0.45
vt 0.651 0.475
vt 0.6 0.467
vt 0.6 0.45
vt 0.624 0.475
vt 0.624 0.475
vt 0.6 0.45
vt 0.627 0.45
vt 0.649 0.509
vt 0.624 0.475
vt 0.651 0.475
vt 0.623 0.5
vt 0.624 0.475
vt 0.649 0.509
vt 0.6 0.483
vt 0.6 0.467
vt 0.624 0.475
vt 0.623 0.5
vt 0.6 0.483
vt 0.624 0.475
vt 0.2 0.475
vt 0.214 0.442
vt 0.201 0.442
vt 0.2 0.475
vt 0.215 0.475
vt 0.214 0.442
vt 0.229 0.45
vt 0.214 0.442
vt 0.215 0.475
vt 0.201 0.442
vt 0.214 0.442
vt 0.215 0.417
vt 0.23 0.433
vt 0.214 0.442
vt 0.229 0.45
vt 0.23 0.433
vt 0.215 0.417
vt 0.214 0.442
vt 0.215 0.475
vt 0.201 0.442
vt 0.214 0.442
vt 0.229 0.45
vt 0.215 0.475
vt 0.214 0.442
vt 0.229 0.45
vt 0.214 0.442
vt 0.23 0.433
vt 0.214 0.442
vt 0.201 0.442
vt 0.204 0.417
vt 0.232 0.409
vt 0.214 0.442
vt 0.215 0.417
vt 0.23 0.433
vt 0.214 0.442
vt 0.232 0.409
vt 0.214 0.442
vt 0.204 0.417
vt 0.215 0.417
vt 0.425 0.598
vt 0.392 0.599
vt 0.392 0.609
vt 0.417 0.584
vt 0.392 0.599
vt 0.425 0.598
vt 0.417 0.584
vt 0.4 0.584
vt 0.392 0.599
vt 0.392 0.599
vt 0.367 0.608
vt 0.392 0.609
vt 0.392 0.599
vt 0.373 0.583
vt 0.367 0.598
vt 0.392 0.599
vt 0.367 0.598
vt 0.367 0.608
vt 0.4 0.584
vt 0.373 0.583
vt 0.392 0.599
vt 0.392 0.609
vt 0.367 0.598
vt 0.392 0.599
vt 0.392 0.599
vt 0.367 0.598
vt 0.373 0.583
vt 0.425 0.609
vt 0.392 0.609
vt 0.392 0.599
vt 0.425 0.609
vt 0.392 0.599
vt 0.425 0.598
vt 0.425 0.598
vt 0.392 0.599
vt 0.4 0.584
vt 0.392 0.599
vt 0.373 0.583
vt 0.4 0.584
vt 0.567 0.566
vt 0.558 0.586
vt 0.583 0.581
vt 0.583 0.581
vt 0.558 0.586
vt 0.567 0.597
vt 0.558 0.586
vt 0.55 0.599
vt 0.567 0.597
vt 0.543 0.566
vt 0.558 0.586
vt 0.567 0.566
vt 0.533 0.582
vt 0.533 0.592
vt 0.558 0.586
vt 0.558 0.586
vt 0.533 0.592
vt 0.533 0.601
vt 0.558 0.586
vt 0.533 0.601
vt 0.55 0.599
vt 0.533 0.582
vt 0.558 0.586
vt 0.543 0.566
vt 0.567 0.597
vt 0.55 0.599
vt 0.558 0.586
vt 0.55 0.599
vt 0.533 0.592
vt 0.558 0.586
vt 0.533 0.592
vt 0.533 0.582
vt 0.558 0.586
vt 0.533 0.582
vt 0.543 0.566
vt 0.558 0.586
vt 0.558 0.586
vt 0.543 0.566
vt 0.567 0.566
vt 0.583 0.594
vt 0.558 0.586
vt 0.583 0.581
vt 0.558 0.586
vt 0.583 0.564
vt 0.583 0.581
vt 0.583 0.594
vt 0.567 0.597
vt 0.558 0.586
vt 0.558 0.586
vt 0.567 0.566
vt 0.583 0.564
vt 0.558 0.605
vt 0.533 0.608
vt 0.558 0.606
vt 0.55 0.599
vt 0.533 0.607
vt 0.558 0.605
vt 0.576 0.599
vt 0.55 0.599
vt 0.558 0.605
vt 0.558 0.605
vt 0.533 0.607
vt 0.533 0.608
vt 0.588 0.6
vt 0.558 0.605
vt 0.558 0.606
vt 0.558 0.605
vt 0.588 0.6
vt 0.576 0.599
vt 0.558 0.606
vt 0.533 0.607
vt 0.558 0.605
vt 0.558 0.605
vt 0.533 0.601
vt 0.55 0.599
vt 0.558 0.605
vt 0.533 0.607
vt 0.533 0.601
vt 0.591 0.602
vt 0.558 0.606
vt 0.558 0.605
vt 0.591 0.602
vt 0.558 0.605
vt 0.588 0.6
vt 0.558 0.605
vt 0.55 0.599
vt 0.576 0.599
vt 0.558 0.605
vt 0.576 0.599
vt 0.588 0.6
vt 0.229 0.525
vt 0.233 0.552
vt 0.248 0.541
vt 0.229 0.525
vt 0.214 0.517
vt 0.216 0.541
vt 0.216 0.541
vt 0.233 0.552
vt 0.229 0.525
vt 0.229 0.525
vt 0.244 0.492
vt 0.215 0.5
vt 0.246 0.517
vt 0.244 0.492
vt 0.229 0.525
vt 0.246 0.517
vt 0.229 0.525
vt 0.248 0.541
vt 0.229 0.525
vt 0.215 0.5
vt 0.214 0.517
vt 0.248 0.541
vt 0.229 0.525
vt 0.246 0.517
vt 0.248 0.541
vt 0.233 0.552
vt 0.229 0.525
vt 0.229 0.525
vt 0.233 0.552
vt 0.216 0.541
vt 0.215 0.5
vt 0.244 0.492
vt 0.229 0.525
vt 0.246 0.517
vt 0.229 0.525
vt 0.244 0.492
vt 0.229 0.525
vt 0.214 0.517
vt 0.215 0.5
vt 0.229 0.525
vt 0.216 0.541
vt 0.214 0.517
vt 0.331 0.384
vt 0.358 0.398
vt 0.35 0.38
vt 0.376 0.416
vt 0.358 0.398
vt 0.342 0.418
vt 0.342 0.418
vt 0.358 0.398
vt 0.327 0.4
vt 0.358 0.398
vt 0.331 0.384
vt 0.327 0.4
vt 0.35 0.38
vt 0.358 0.398
vt 0.367 0.38
vt 0.384 0.4
vt 0.393 0.382
vt 0.358 0.398
vt 0.384 0.4
vt 0.358 0.398
vt 0.376 0.416
vt 0.35 0.38
vt 0.358 0.398
vt 0.331 0.384
vt 0.35 0.38
vt 0.367 0.38
vt 0.358 0.398
vt 0.358 0.398
vt 0.342 0.418
vt 0.327 0.4
vt 0.358 0.398
vt 0.327 0.4
vt 0.331 0.384
vt 0.358 0.398
vt 0.376 0.416
vt 0.342 0.418
vt 0.384 0.4
vt 0.376 0.416
vt 0.358 0.398
vt 0.393 0.382
vt 0.384 0.4
vt 0.358 0.398
vt 0.508 0.583
vt 0.492 0.594
vt 0.517 0.593
vt 0.475 0.583
vt 0.492 0.594
vt 0.508 0.583
vt 0.509 0.6
vt 0.492 0.594
vt 0.483 0.601
vt 0.509 0.6
vt 0.517 0.593
vt 0.492 0.594
vt 0.492 0.594
vt 0.475 0.583
vt 0.508 0.583
vt 0.467 0.598
vt 0.475 0.583
vt 0.492 0.594
vt 0.492 0.594
vt 0.483 0.601
vt 0.467 0.598
vt 0.492 0.594
vt 0.509 0.6
vt 0.483 0.601
vt 0.492 0.594
vt 0.508 0.583
vt 0.517 0.593
vt 0.492 0.594
vt 0.517 0.593
vt 0.509 0.6
vt 0.492 0.533
vt 0.508 0.518
vt 0.475 0.518
vt 0.492 0.533
vt 0.475 0.518
vt 0.458 0.533
vt 0.458 0.533
vt 0.475 0.518
vt 0.443 0.517
vt 0.45 0.492
vt 0.443 0.517
vt 0.475 0.518
vt 0.508 0.518
vt 0.492 0.533
vt 0.475 0.518
vt 0.475 0.518
vt 0.492 0.533
vt 0.458 0.533
vt 0.475 0.518
vt 0.458 0.533
vt 0.443 0.517
vt 0.443 0.517
vt 0.45 0.492
vt 0.475 0.518
vt 0.686 0.458
vt 0.694 0.483
vt 0.695 0.458
vt 0.694 0.483
vt 0.697 0.483
vt 0.695 0.458
vt 0.686 0.458
vt 0.695 0.458
vt 0.682 0.433
vt 0.682 0.433
vt 0.695 0.458
vt 0.694 0.433
vt 0.695 0.458
vt 0.685 0.483
vt 0.686 0.458
vt 0.694 0.483
vt 0.685 0.483
vt 0.695 0.458
vt 0.695 0.458
vt 0.686 0.458
vt 0.694 0.433
vt 0.697 0.433
vt 0.695 0.458
vt 0.694 0.433
vt 0.695 0.458
vt 0.697 0.483
vt 0.698 0.458
vt 0.697 0.483
vt 0.698 0.483
vt 0.698 0.458
vt 0.695 0.458
vt 0.698 0.458
vt 0.694 0.433
vt 0.694 0.433
vt 0.698 0.458
vt 0.697 0.433
vt 0.698 0.458
vt 0.694 0.483
vt 0.695 0.458
vt 0.697 0.483
vt 0.694 0.483
vt 0.698 0.458
vt 0.698 0.458
vt 0.695 0.458
vt 0.697 0.433
vt 0.698 0.433
vt 0.698 0.458
vt 0.697 0.433
vt 0.699 0.458
vt 0.697 0.483
vt 0.698 0.458
vt 0.698 0.458
vt 0.698 0.483
vt 0.699 0.458
vt 0.698 0.483
vt 0.697 0.483
vt 0.699 0.458
vt 0.699 0.458
vt 0.698 0.458
vt 0.698 0.433
vt 0.698 0.458
vt 0.699 0.458
vt 0.697 0.433
vt 0.697 0.433
vt 0.699 0.458
vt 0.698 0.433
vt 0.458 0.612
vt 0.425 0.613
vt 0.425 0.612
vt 0.483 0.61
vt 0.458 0.612
vt 0.483 0.611
vt 0.475 0.5
vt 0.475 0.518
vt 0.508 0.518
vt 0.483 0.483
vt 0.475 0.5
vt 0.508 0.5
vt 0.475 0.5
vt 0.508 0.518
vt 0.508 0.5
vt 0.467 0.483
vt 0.475 0.5
vt 0.483 0.483
vt 0.45 0.492
vt 0.475 0.518
vt 0.475 0.5
vt 0.45 0.492
vt 0.475 0.5
vt 0.467 0.483
vt 0.475 0.518
vt 0.45 0.492
vt 0.475 0.5
vt 0.475 0.5
vt 0.45 0.492
vt 0.467 0.483
vt 0.475 0.518
vt 0.475 0.5
vt 0.508 0.518
vt 0.475 0.5
vt 0.483 0.483
vt 0.508 0.5
vt 0.508 0.518
vt 0.475 0.5
vt 0.508 0.5
vt 0.475 0.5
vt 0.467 0.483
vt 0.483 0.483
vt 0.458 0.611
vt 0.425 0.613
vt 0.458 0.612
vt 0.45 0.608
vt 0.425 0.612
vt 0.458 0.611
vt 0.458 0.611
vt 0.425 0.612
vt 0.425 0.613
vt 0.467 0.608
vt 0.45 0.608
vt 0.458 0.611
vt 0.483 0.61
vt 0.458 0.611
vt 0.458 0.612
vt 0.483 0.607
vt 0.467 0.608
vt 0.458 0.611
vt 0.483 0.607
vt 0.458 0.611
vt 0.483 0.61
vt 0.458 0.612
vt 0.425 0.612
vt 0.458 0.611
vt 0.458 0.611
vt 0.425 0.609
vt 0.45 0.608
vt 0.458 0.611
vt 0.425 0.612
vt 0.425 0.609
vt 0.483 0.611
vt 0.458 0.612
vt 0.458 0.611
vt 0.483 0.611
vt 0.458 0.611
vt 0.483 0.61
vt 0.483 0.61
vt 0.458 0.611
vt 0.467 0.608
vt 0.458 0.611
vt 0.45 0.608
vt 0.467 0.608
vt 0.276 0.533
vt 0.267 0.55
vt 0.293 0.553
vt 0.293 0.553
vt 0.267 0.55
vt 0.276 0.568
vt 0.304 0.527
vt 0.293 0.553
vt 0.317 0.55
vt 0.304 0.527
vt 0.276 0.533
vt 0.293 0.553
vt 0.293 0.553
vt 0.317 0.564
vt 0.317 0.55
vt 0.293 0.553
vt 0.317 0.581
vt 0.317 0.564
vt 0.293 0.553
vt 0.3 0.581
vt 0.317 0.581
vt 0.276 0.568
vt 0.3 0.581
vt 0.293 0.553
vt 0.293 0.553
vt 0.304 0.527
vt 0.317 0.55
vt 0.304 0.527
vt 0.293 0.553
vt 0.276 0.533
vt 0.3 0.581
vt 0.293 0.553
vt 0.317 0.564
vt 0.293 0.553
vt 0.317 0.55
vt 0.317 0.564
vt 0.276 0.568
vt 0.293 0.553
vt 0.3 0.581
vt 0.293 0.553
vt 0.267 0.55
vt 0.276 0.533
vt 0.293 0.553
vt 0.276 0.568
vt 0.267 0.55
vt 0.525 0.549
vt 0.543 0.566
vt 0.55 0.548
vt 0.533 0.533
vt 0.525 0.549
vt 0.55 0.548
vt 0.517 0.533
vt 0.525 0.549
vt 0.533 0.533
vt 0.492 0.533
vt 0.525 0.549
vt 0.517 0.533
vt 0.492 0.533
vt 0.492 0.549
vt 0.525 0.549
vt 0.492 0.549
vt 0.508 0.568
vt 0.525 0.549
vt 0.525 0.549
vt 0.508 0.568
vt 0.543 0.566
vt 0.525 0.549
vt 0.55 0.548
vt 0.543 0.566
vt 0.525 0.549
vt 0.55 0.533
vt 0.55 0.548
vt 0.525 0.549
vt 0.533 0.533
vt 0.55 0.533
vt 0.492 0.549
vt 0.517 0.533
vt 0.525 0.549
vt 0.508 0.568
vt 0.492 0.549
vt 0.525 0.549
vt 0.508 0.568
vt 0.525 0.549
vt 0.543 0.566
vt 0.525 0.549
vt 0.517 0.533
vt 0.533 0.533
vt 0.458 0.598
vt 0.425 0.609
vt 0.45 0.608
vt 0.458 0.598
vt 0.425 0.598
vt 0.425 0.609
vt 0.425 0.598
vt 0.458 0.598
vt 0.441 0.583
vt 0.483 0.601
vt 0.492 0.594
vt 0.458 0.598
vt 0.475 0.583
vt 0.458 0.598
vt 0.492 0.594
vt 0.441 0.583
vt 0.458 0.598
vt 0.475 0.583
vt 0.483 0.601
vt 0.458 0.598
vt 0.467 0.608
vt 0.458 0.598
vt 0.45 0.608
vt 0.467 0.608
vt 0.4 0.484
vt 0.417 0.507
vt 0.417 0.474
vt 0.417 0.507
vt 0.4 0.484
vt 0.388 0.51
vt 0.4 0.484
vt 0.417 0.507
vt 0.388 0.51
vt 0.417 0.507
vt 0.4 0.484
vt 0.417 0.474
vt 0.517 0.358
vt 0.533 0.356
vt 0.52 0.349
vt 0.533 0.356
vt 0.517 0.358
vt 0.538 0.366
vt 0.533 0.356
vt 0.55 0.356
vt 0.52 0.349
vt 0.55 0.356
vt 0.533 0.356
vt 0.55 0.36
vt 0.358 0.398
vt 0.383 0.376
vt 0.367 0.38
vt 0.358 0.398
vt 0.393 0.382
vt 0.383 0.376
vt 0.383 0.376
vt 0.358 0.398
vt 0.367 0.38
vt 0.358 0.398
vt 0.383 0.376
vt 0.393 0.382
vt 0.567 0.371
vt 0.584 0.383
vt 0.558 0.384
vt 0.584 0.383
vt 0.567 0.371
vt 0.583 0.365
vt 0.6 0.596
vt 0.617 0.593
vt 0.61 0.6
vt 0.617 0.593
vt 0.6 0.596
vt 0.6 0.592
vt 0.286 0.451
vt 0.3 0.467
vt 0.3 0.44
vt 0.3 0.467
vt 0.286 0.451
vt 0.277 0.467
vt 0.286 0.451
vt 0.3 0.467
vt 0.277 0.467
vt 0.3 0.467
vt 0.286 0.451
vt 0.3 0.44
vt 0.24 0.467
vt 0.267 0.45
vt 0.25 0.443
vt 0.24 0.467
vt 0.277 0.467
vt 0.267 0.45
vt 0.24 0.467
vt 0.267 0.45
vt 0.277 0.467
vt 0.24 0.467
vt 0.25 0.443
vt 0.267 0.45
vt 0.3 0.337
vt 0.321 0.347
vt 0.294 0.334
vt 0.321 0.347
vt 0.3 0.337
vt 0.315 0.351
vt 0.4 0.467
vt 0.417 0.44
vt 0.391 0.451
vt 0.417 0.44
vt 0.4 0.467
vt 0.417 0.474
vt 0.4 0.467
vt 0.417 0.44
vt 0.417 0.474
vt 0.417 0.44
vt 0.4 0.467
vt 0.391 0.451
vt 0.6 0.36
vt 0.583 0.354
vt 0.607 0.352
vt 0.583 0.354
vt 0.6 0.36
vt 0.583 0.365
vt 0.55 0.533
vt 0.567 0.51
vt 0.543 0.516
vt 0.567 0.51
vt 0.55 0.533
vt 0.567 0.54
vt 0.55 0.533
vt 0.567 0.51
vt 0.567 0.54
vt 0.567 0.51
vt 0.55 0.533
vt 0.543 0.516
vn -0.087 -0.147 0.985
vn -0.047 -0.105 0.993
vn 0.063 0.013 0.998
vn 0.129 -0.017 0.991
vn 0.181 -0.023 0.983
vn -0.099 0.044 0.994
vn 0.054 0.194 0.979
vn 0.118 0.193 0.974
vn -0.146 -0.446 0.883
vn 0.172 -0.271 0.947
vn 0.293 -0.261 0.92
vn -0.148 -0.402 0.903
vn -0.109 -0.424 0.899
vn 0.291 -0.114 0.95
vn -0.222 -0.251 0.942
vn -0.171 -0.233 0.957
vn -0.117 -0.244 0.963
vn -0.146 -0.211 0.967
vn 0.308 0.027 0.951
vn -0.263 -0.039 0.964
vn -0.169 -0.02 0.985
vn -0.109 -0.025 0.994
vn 0.325 0.171 0.93
vn -0.223 0.215 0.951
vn -0.159 0.202 0.966
vn -0.1 0.228 0.968
vn 0.181 0.348 0.92
vn 0.277 0.312 0.909
vn -0.057 0.411 0.91
vn -0.024 0.459 0.888
vn 0.007 0.502 0.865
vn 0.052 0.465 0.884
vn 0.085 0.487 0.869
vn -0.03 -0.61 0.792
vn -0.156 -0.562 0.812
vn 0.071 -0.52 0.851
vn 0.244 -0.416 0.876
vn 0.433 -0.273 0.859
vn -0.117 -0.529 0.84
vn -0.257 -0.284 0.924
vn -0.389 -0.099 0.916
vn -0.289 -0.153 0.945
vn 0.511 0.251 0.822
vn -0.186 0.473 0.861
vn -0.143 0.497 0.856
vn 0.185 0.592 0.784
vn -0.013 0.665 0.746
vn 0.377 -0.497 0.782
vn 0.58 -0.291 0.761
vn -0.323 -0.236 0.917
vn -0.171 -0.326 0.93
vn -0.387 -0.165 0.907
vn 0.566 0.318 0.76
vn -0.42 0.428 0.8
vn 0.131 -0.857 0.498
vn -0.008 -0.856 0.516
vn -0.094 -0.858 0.505
vn -0.356 -0.267 0.896
vn -0.146 -0.346 0.927
vn 0.77 -0.232 0.595
vn 0.785 0.224 0.577
vn -0.061 0.835 0.546
vn -0.043 0.835 0.548
vn -0.081 0.855 0.512
vn 0.047 0.894 0.446
vn 0.08 0.903 0.421
vn -0.25 -0.548 0.798
vn 0.266 -0.868 0.419
vn -0.107 -0.888 0.448
vn 0.154 -0.867 0.474
vn -0.368 0.783 0.502
vn -0.189 0.883 0.429
vn 0.055 0.944 0.326
vn 0.134 0.925 0.356
vn 0.039 0.921 0.387
vn 0.043 0.928 0.37
vn -0.248 -0.875 0.417
vn -0.046 -0.89 0.454
vn 0.143 -0.866 0.478
vn -0.256 -0.89 0.378
vn 0.074 -0.93 0.36
vn 0.309 -0.868 0.388
vn 0.249 -0.909 0.334
vn -0.046 -0.948 0.315
vn -0.156 -0.941 0.302
vn -0.094 -0.939 0.33
vn 0.41 -0.857 0.313
vn -0.852 -0.263 0.452
vn -0.434 -0.815 0.384
vn -0.906 -0.109 0.409
vn 0.928 -0.231 0.293
vn -0.924 -0.041 0.381
vn 0.936 -0.16 0.314
vn 0.953 -0.074 0.295
vn 0.961 0.044 0.275
vn 0.957 0.052 0.286
vn -0.86 0.35 0.371
vn 0.913 0.275 0.302
vn 0.051 0.96 0.276
vn 0.215 0.938 0.271
vn 0.402 0.856 0.326
vn -0.224 0.931 0.287
vn 0.008 0.955 0.297
vn -0.007 0.954 0.299
vn -0.086 0.961 0.261
vn 0.003 0.96 0.279
vn 0.019 0.961 0.276
vn 0.024 0.956 0.292
vn 0.034 0.961 0.275
vn 0.036 0.962 0.272
vn 0.061 0.96 0.273
vn 0.085 0.96 0.267
vn -0.468 -0.862 0.194
vn -0.268 -0.934 0.235
vn -0.046 -0.984 0.174
vn 0.373 -0.895 0.245
vn -0.265 -0.946 0.188
vn 0.078 -0.983 0.166
vn 0.284 -0.943 0.174
vn -0.129 -0.975 0.182
vn -0.851 -0.454 0.264
vn -0.577 -0.791 0.203
vn 0.012 -0.985 0.17
vn -0.176 -0.971 0.16
vn -0.055 -0.992 0.117
vn -0.965 -0.185 0.185
vn 0.962 -0.22 0.164
vn 0.981 -0.14 0.133
vn 0.991 -0.06 0.121
vn 0.993 0.038 0.115
vn 0.992 0.04 0.12
vn -0.919 0.367 0.143
vn 0.954 0.269 0.132
vn 0.403 0.903 0.15
vn -0.217 0.965 0.149
vn -0.219 0.965 0.146
vn -0.021 0.991 0.131
vn 0.025 0.991 0.131
vn -0.082 0.989 0.123
vn 0.006 0.993 0.115
vn 0.021 0.993 0.116
vn 0.038 0.992 0.12
vn 0.056 0.991 0.122
vn 0.074 0.989 0.127
vn 0.088 0.985 0.146
vn -0.464 -0.886 -0.026
vn -0.317 -0.948 -0.016
vn -0.096 -0.995 0.012
vn 0.035 -0.999 -0.015
vn 0.083 -0.997 0.002
vn 0.286 -0.958 -0.012
vn -0.062 -0.998 -0.031
vn 0.259 -0.966 0.011
vn -0.887 -0.46 0.032
vn 0.015 -1 0.011
vn -0.138 -0.99 0.016
vn 0.513 -0.858 0.002
vn -0.987 -0.162 -0.018
vn -0.106 -0.992 0.063
vn 0.925 -0.38 0.009
vn 0.98 -0.199 -0.023
vn -0.997 -0.08 0.022
vn 0.991 -0.134 -0.003
vn 0.998 -0.057 -0.002
vn 0.999 0.037 0
vn -0.999 0.05 -0.004
vn 0.999 0.036 0.001
vn -0.996 0.088 -0.015
vn 0.957 0.29 0.012
vn 0.392 0.92 -0.019
vn -0.251 0.968 -0.008
vn -0.21 0.978 0.004
vn -0.014 1 0.001
vn 0.022 1 0
vn -0.076 0.997 0.002
vn 0.009 1 0
vn 0.019 1 0
vn 0.037 0.999 0
vn 0.055 0.998 -0.001
vn 0.072 0.997 -0.001
vn 0.079 0.997 -0.002
vn 0.091 0.996 0.017
vn -0.028 -0.977 -0.213
vn -0.47 -0.843 -0.262
vn -0.213 -0.957 -0.197
vn 0.379 -0.893 -0.241
vn -0.283 -0.94 -0.192
vn 0.08 -0.983 -0.164
vn 0.266 -0.953 -0.142
vn -0.095 -0.973 -0.209
vn -0.863 -0.459 -0.21
vn -0.573 -0.786 -0.234
vn 0.041 -0.982 -0.185
vn -0.142 -0.981 -0.13
vn -0.947 -0.21 -0.242
vn 0.964 -0.225 -0.145
vn 0.98 -0.142 -0.138
vn 0.99 -0.062 -0.124
vn 0.993 0.037 -0.114
vn 0.992 0.038 -0.118
vn -0.919 0.363 -0.154
vn 0.941 0.291 -0.176
vn 0.394 0.907 -0.147
vn -0.239 0.96 -0.149
vn -0.218 0.966 -0.139
vn -0.012 0.992 -0.129
vn 0.018 0.991 -0.13
vn -0.08 0.99 -0.119
vn 0.01 0.993 -0.115
vn 0.018 0.993 -0.116
vn 0.038 0.992 -0.12
vn 0.058 0.991 -0.123
vn 0.084 0.987 -0.135
vn 0.085 0.984 -0.155
vn -0.257 -0.842 -0.474
vn -0.042 -0.888 -0.459
vn 0.143 -0.895 -0.422
vn -0.287 -0.868 -0.406
vn 0.062 -0.938 -0.342
vn 0.273 -0.892 -0.36
vn 0.249 -0.909 -0.334
vn -0.009 -0.942 -0.336
vn -0.179 -0.929 -0.325
vn -0.089 -0.948 -0.305
vn 0.406 -0.858 -0.313
vn -0.889 -0.209 -0.407
vn -0.434 -0.815 -0.384
vn -0.911 -0.107 -0.397
vn 0.932 -0.209 -0.296
vn -0.923 -0.066 -0.38
vn 0.946 -0.145 -0.291
vn 0.95 -0.075 -0.304
vn 0.961 0.037 -0.274
vn 0.958 0.048 -0.283
vn -0.86 0.35 -0.371
vn 0.021 0.958 -0.286
vn 0.165 0.946 -0.28
vn 0.369 0.881 -0.297
vn -0.24 0.923 -0.299
vn -0.055 0.952 -0.3
vn 0.033 0.953 -0.3
vn -0.092 0.954 -0.285
vn 0.006 0.961 -0.277
vn 0.018 0.961 -0.275
vn 0.025 0.967 -0.254
vn 0.032 0.956 -0.29
vn 0.04 0.962 -0.271
vn 0.057 0.965 -0.255
vn 0.088 0.963 -0.256
vn 0.266 -0.868 -0.419
vn -0.107 -0.888 -0.448
vn 0.161 -0.864 -0.477
vn -0.377 0.772 -0.511
vn -0.211 0.845 -0.491
vn 0.069 0.933 -0.354
vn 0.14 0.928 -0.346
vn 0.053 0.932 -0.359
vn 0.065 0.935 -0.349
vn -0.268 -0.533 -0.802
vn 0.118 -0.865 -0.487
vn -0.018 -0.871 -0.491
vn -0.094 -0.858 -0.505
vn 0.772 -0.236 -0.59
vn 0.78 0.214 -0.589
vn -0.081 0.842 -0.533
vn -0.01 0.83 -0.557
vn -0.089 0.845 -0.528
vn 0.045 0.89 -0.453
vn 0.07 0.894 -0.442
vn -0.356 -0.267 -0.896
vn -0.146 -0.346 -0.927
vn -0.02 -0.616 -0.787
vn 0.377 -0.497 -0.782
vn 0.559 -0.314 -0.767
vn -0.323 -0.236 -0.917
vn -0.171 -0.326 -0.93
vn -0.387 -0.165 -0.907
vn 0.594 0.287 -0.752
vn -0.42 0.428 -0.8
vn -0.035 0.662 -0.749
vn -0.164 -0.558 -0.813
vn 0.102 -0.531 -0.841
vn 0.197 -0.452 -0.87
vn 0.433 -0.273 -0.859
vn -0.127 -0.515 -0.848
vn -0.257 -0.284 -0.924
vn -0.406 -0.087 -0.91
vn -0.289 -0.153 -0.945
vn 0.511 0.251 -0.822
vn -0.175 0.502 -0.847
vn -0.144 0.466 -0.873
vn 0.183 0.587 -0.789
vn -0.146 -0.446 -0.883
vn 0.172 -0.271 -0.947
vn 0.293 -0.261 -0.92
vn -0.148 -0.402 -0.903
vn -0.109 -0.424 -0.899
vn 0.291 -0.114 -0.95
vn -0.222 -0.251 -0.942
vn -0.171 -0.233 -0.957
vn -0.117 -0.244 -0.963
vn -0.146 -0.211 -0.967
vn 0.308 0.027 -0.951
vn -0.263 -0.039 -0.964
vn -0.169 -0.02 -0.985
vn -0.109 -0.025 -0.994
vn 0.325 0.171 -0.93
vn -0.223 0.215 -0.951
vn -0.159 0.202 -0.966
vn -0.1 0.228 -0.968
vn 0.181 0.348 -0.92
vn 0.277 0.312 -0.909
vn -0.052 0.432 -0.9
vn -0.024 0.463 -0.886
vn 0.015 0.466 -0.885
vn 0.056 0.498 -0.865
vn 0.09 0.468 -0.879
vn -0.087 -0.147 -0.985
vn -0.047 -0.105 -0.993
vn 0.063 0.013 -0.998
vn 0.129 -0.017 -0.991
vn 0.181 -0.023 -0.983
vn -0.099 0.044 -0.994
vn 0.054 0.194 -0.979
vn 0.118 0.193 -0.974
vn 0.022 0.812 -0.583
vn 0.024 0.785 0.619
vn -0.981 -0.06 -0.183
vn 0 -0.75 -0.661
vn 0 -0.75 0.661
vn 0.137 -0.95 0.279
vn 0.166 -0.928 -0.334
vn -0.186 -0.395 0.9
vn -0.186 -0.395 -0.9
vn -0.494 -0.735 0.465
vn -0.517 -0.702 -0.489
vn 0.654 0.585 0.48
vn 0.65 0.591 -0.478
vn 0.671 0.447 0.592
vn 0.69 0.436 -0.577
vn -0.213 -0.552 0.807
vn -0.196 -0.582 -0.789
vn -0.25 -0.723 0.644
vn -0.25 -0.723 -0.644
vn -0.04 0.648 0.76
vn -0.021 -0.652 0.758
vn -0.021 -0.652 -0.758
vn 0.68 -0.372 0.632
vn 0.68 -0.372 -0.632
vn -0.512 -0.857 0.062
vn -0.022 -0.716 0.698
vn -0.037 -0.706 -0.707
vn -0.09 -0.161 -0.983
vn -0.09 -0.161 0.983
vn -0.736 -0.475 -0.483
vn -0.7 -0.501 0.51
vn 0.519 -0.446 -0.729
vn 0.519 -0.446 0.729
vn 0.557 -0.763 -0.326
vn 0.59 -0.726 0.354
vn -0.07 -0.566 -0.821
vn -0.069 -0.568 0.82
vn 0.002 0.789 -0.615
vn -0.006 0.795 0.606
vn -0.217 0.917 -0.336
vn -0.224 0.922 0.316
vn -0.106 0.741 -0.663
vn 0.541 0.487 0.686
vn 0.541 0.487 -0.686
vn 0.351 -0.519 0.779
vn 0.351 -0.519 -0.779
vn -0.103 0.755 0.648
vn 0.037 0.931 0.364
vn 0.038 0.931 -0.364
vn -0.13 0.658 0.742
vn 0.157 -0.55 0.82
vn 0.176 -0.539 -0.824
vn 0.4 -0.916 0.003
vn 0.094 0.706 0.702
vn 0.093 0.714 -0.693
vn -0.062 0.666 0.743
vn -0.065 0.652 -0.755
vn -0.024 -0.841 0.54
vn -0.049 -0.82 -0.57
vn 0.173 -0.604 0.778
vn 0.123 -0.614 -0.78
vn 0.497 0.623 -0.604
vn 0.497 0.623 0.604
vn -0.006 0.581 -0.814
vn -0.005 0.584 0.812
vn 0.443 -0.382 -0.811
vn 0.443 -0.382 0.811
vn -0.121 -0.313 -0.942
vn -0.121 -0.313 0.942
vn 0.003 0.676 -0.737
vn 0.005 0.69 0.724
vn 0.14 -0.969 -0.204
vn 0.091 -0.977 0.191
vn 0.137 -0.717 -0.684
vn 0.138 -0.686 0.714
vn -0.188 -0.977 0.104
vn 0.048 -0.656 -0.753
vn 0.042 -0.666 0.744
vn -0.543 -0.747 0.383
vn -0.543 -0.747 -0.383
vn -0.54 -0.507 0.672
vn -0.54 -0.507 -0.672
vn 0.484 0.742 0.464
vn 0.484 0.742 -0.464
vn -0.701 -0.713 0
vn -0.485 -0.074 0.871
vn -0.485 -0.08 -0.871
vn 0.05 -0.597 0.801
vn 0.05 -0.597 -0.801
vn 0.274 0.545 0.793
vn 0.25 0.572 -0.781
vn -0.663 0.329 0.673
vn -0.663 0.329 -0.673
vn 0.227 -0.751 -0.62
vn 0.805 -0.447 0.391
vn 0.813 -0.462 -0.354
vn 0.056 0.805 0.59
vn 0.059 0.807 -0.588
vn 0.019 -0.639 0.769
vn 0.02 -0.631 -0.775
vn -0.084 -0.635 0.768
vn -0.089 -0.619 -0.78
vn -0.005 0.672 0.741
vn -0.018 0.67 -0.742
vn 0.862 0.209 -0.461
vn -0.327 -0.586 -0.741
vn -0.327 -0.586 0.741
vn -0.048 0.566 -0.823
vn -0.046 0.561 0.827
vn -0.021 -0.702 -0.712
vn -0.021 -0.702 0.712
vn 0.611 0.791 0.039
vn -0.009 -0.607 -0.794
vn -0.005 -0.6 0.8
vn 0.442 -0.735 0.515
vn 0.448 -0.735 -0.508
vn 0.071 0.612 0.788
vn 0.062 0.605 -0.794
vn -0.517 -0.823 0.236
vn -0.503 -0.835 -0.221
vn -0.15 -0.547 0.823
vn -0.134 -0.553 -0.822
vn -0.785 -0.1 0.612
vn -0.798 -0.082 -0.596
vn -0.148 0.685 0.713
vn -0.108 0.701 -0.705
vn 0.019 -0.674 0.738
vn 0.019 -0.674 -0.738
vn -0.264 -0.72 0.642
vn -0.239 -0.695 -0.678
vn 0.814 0.58 -0.038
vn 0.168 0.981 0.098
vn -0.103 -0.6 -0.794
vn -0.104 -0.604 0.791
vn -0.245 -0.268 -0.932
vn -0.245 -0.268 0.932
vn 0.188 0.128 -0.974
vn 0.188 0.128 0.974
vn -0.057 -0.61 -0.791
vn -0.101 -0.637 0.764
vn -0.087 0.726 -0.683
vn -0.044 0.744 0.666
vn 0.41 -0.711 0.571
vn 0.41 -0.711 -0.571
vn -0.691 -0.678 0.249
vn -0.665 -0.704 -0.249
vn -0.171 0.364 0.916
vn -0.171 0.364 -0.916
vn 0.197 0.63 0.752
vn 0.21 0.622 -0.754
vn 0.164 0.726 0.667
vn 0.158 0.696 -0.701
vn -0.126 0.624 0.771
vn -0.158 0.648 -0.745
vn -0.008 0.783 -0.622
vn 0 0.788 0.616
vn 0.711 -0.703 0
vn 0.164 0.732 -0.661
vn 0.164 0.744 0.647
vn 0.479 -0.571 0.666
vn 0.485 -0.566 -0.667
vn 0.203 -0.758 0.62
vn -0.863 0.076 0.499
vn -0.862 0.065 -0.502
vn 0.078 0.992 0.102
vn 0.09 0.991 -0.095
vn -0.651 -0.099 0.753
vn -0.655 -0.09 -0.75
vn -0.446 -0.714 -0.539
vn -0.446 -0.714 0.539
vn -0.404 -0.584 -0.704
vn -0.404 -0.584 0.704
vn 0.169 -0.898 -0.405
vn 0.169 -0.898 0.405
vn 0.706 0.25 -0.663
vn 0.679 0.282 0.677
vn 0.354 -0.793 -0.496
vn 0.379 -0.756 0.533
vn 0.665 -0.28 -0.693
vn 0.69 -0.257 0.677
vn 0.588 -0.808 -0.038
vn -0.178 -0.612 -0.77
vn -0.183 -0.624 0.759
vn -0.565 0.07 -0.822
vn -0.565 0.07 0.822
vn 0.598 -0.779 -0.189
vn 0.573 -0.801 0.173
vn -0.71 0.468 -0.526
vn -0.71 0.468 0.526
vn 0.868 -0.472 -0.157
vn 0.835 -0.515 0.192
vn -0.377 -0.635 -0.674
vn -0.377 -0.635 0.674
vn 0.393 -0.599 -0.698
vn 0.393 -0.599 0.698
vn -0.667 -0.062 -0.743
vn -0.667 -0.062 0.743
vn -0.232 -0.686 -0.689
vn -0.242 -0.686 0.686
vn 0.15 0.277 -0.949
vn 0.15 0.277 0.949
vn -0.136 0.894 -0.427
vn -0.136 0.894 0.427
vn 0.063 0.361 -0.93
vn 0.068 0.358 0.931
vn 0.274 -0.633 -0.723
vn 0.274 -0.633 0.723
vn 0.202 -0.979 0.004
vn -0.032 0.784 -0.62
vn -0.031 0.791 0.611
vn 0.647 -0.521 0.557
vn 0.647 -0.521 -0.557
vn 0.834 -0.252 0.491
vn 0.844 -0.233 -0.484
vn 0.029 -0.67 0.742
vn 0.029 -0.67 -0.742
vn 0.736 -0.113 0.668
vn 0.755 -0.106 -0.647
vn -0.301 -0.033 0.953
vn -0.301 -0.033 -0.953
vn 0.235 -0.351 0.907
vn 0.235 -0.351 -0.907
vn -0.951 0.036 0.307
vn -0.95 0.044 -0.308
vn -0.385 -0.183 0.905
vn -0.385 -0.183 -0.905
vn 0.198 -0.83 0.522
vn 0.175 -0.839 -0.516
vn -0.965 0.261 -0.008
vn -0.027 -0.389 0.921
vn -0.027 -0.389 -0.921
vn -0.685 0.706 0.18
vn -0.685 0.706 -0.18
vn 0.086 0.95 0.3
vn 0.099 0.95 -0.295
vn 0.178 -0.8 0.573
vn 0.178 -0.8 -0.573
vn -0.503 -0.145 0.852
vn -0.503 -0.145 -0.852
vn 0.823 0.32 0.469
vn 0.281 0.682 0.675
vn 0.298 0.681 -0.669
vn -0.231 -0.672 0.704
vn -0.222 -0.686 -0.693
vn 0.128 -0.22 0.967
vn 0.128 -0.22 -0.967
vn -0.132 -0.619 0.774
vn -0.141 -0.637 -0.758
vn 0.158 -0.661 0.733
vn 0.164 -0.66 -0.733
vn -0.29 -0.557 0.778
vn -0.29 -0.557 -0.778
vn 0.065 0.707 0.704
vn 0.053 0.725 -0.686
vn -0.078 0.639 -0.765
vn -0.099 -0.255 0.962
vn -0.099 -0.255 -0.962
vn 0.849 -0.114 0.515
vn 0.874 -0.095 -0.477
vn 0.887 0.06 0.458
vn 0.876 0.061 -0.478
vn 0.198 0.487 0.85
vn 0.198 0.487 -0.85
vn -0.092 -0.392 0.915
vn -0.092 -0.392 -0.915
vn 0.79 0.556 0.259
vn 0.782 0.554 -0.287
vn 0.062 0.983 0.175
vn 0.066 0.978 -0.197
vn -0.077 -0.363 0.928
vn -0.077 -0.363 -0.928
vn 0.451 -0.159 0.878
vn 0.451 -0.159 -0.878
vn 0.6 -0.691 -0.403
vn 0.585 -0.685 0.435
vn 0.099 0.97 -0.224
vn 0.089 0.972 0.218
vn -0.017 0.898 -0.44
vn 0.009 0.899 0.438
vn -0.086 -0.911 -0.404
vn -0.084 -0.909 0.408
vn 0.457 0.118 -0.882
vn 0.457 0.118 0.882
vn 0.576 -0.693 -0.434
vn 0.59 -0.697 0.409
vn 0.896 0.038 -0.442
vn 0.884 0.037 0.466
vn -0.148 -0.561 -0.814
vn -0.148 -0.561 0.814
vn -0.484 0.875 -0.009
vn -0.148 -0.515 -0.844
vn -0.148 -0.515 0.844
vn -0.096 -0.382 -0.919
vn -0.096 -0.382 0.919
vn -0.147 -0.748 -0.647
vn -0.145 -0.726 0.672
vn -0.052 -0.822 -0.567
vn -0.062 -0.823 0.564
vn 0.1 0.832 -0.546
vn 0.1 0.832 0.546
vn -0.423 -0.359 -0.832
vn -0.423 -0.359 0.832
vn -0.062 -0.494 -0.867
vn -0.058 -0.521 0.851
vn -0.356 0.577 -0.735
vn -0.356 0.577 0.735
vn -0.353 0.899 -0.261
vn -0.339 0.909 0.24
vn -0.019 0.329 -0.944
vn -0.019 0.329 0.944
vn -0.094 -0.518 -0.85
vn -0.09 -0.517 0.851
vn 0.843 0.356 -0.404
vn -0.122 -0.992 0.005
vn -0.13 -0.319 -0.939
vn -0.13 -0.319 0.939
vn -0.33 -0.943 -0.039
vn -0.641 0.644 -0.417
vn -0.641 0.644 0.417
vn -0.262 0.757 0.598
vn -0.285 0.754 -0.592
vn -0.303 -0.235 -0.924
vn -0.303 -0.235 0.924
vn -0.056 -0.997 -0.058
vn -0.083 -0.882 -0.463
vn -0.082 -0.882 0.465
vn -0.575 -0.174 -0.799
vn -0.598 -0.16 0.785
vn -0.449 0.588 -0.673
vn -0.486 0.555 0.675
vn 0.603 0.761 -0.239
vn 0.597 0.751 0.281
vn 0.064 0.951 0.303
vn 0.055 0.956 -0.288
vn 0.202 -0.033 0.979
vn 0.202 -0.033 -0.979
vn 0.147 -0.521 0.841
vn 0.132 -0.535 -0.835
vn -0.076 0.173 0.982
vn -0.076 0.173 -0.982
vn -0.051 0.916 0.397
vn -0.049 0.916 -0.399
vn 0.282 0.811 0.512
vn 0.259 0.843 -0.472
vn -0.821 0.237 0.52
vn -0.805 0.267 -0.53
vn 0.188 -0.501 0.845
vn 0.188 -0.501 -0.845
vn -0.204 -0.592 0.779
vn -0.204 -0.592 -0.779
vn -0.425 -0.702 0.571
vn -0.425 -0.702 -0.571
vn 0.463 0.424 0.778
vn 0.463 0.424 -0.778
vn 0.024 0.894 0.448
vn -0.231 -0.794 0.562
vn -0.251 -0.797 -0.549
vn 0.074 -0.747 0.661
vn 0.067 -0.73 -0.68
vn -0.017 -0.772 0.635
vn 0.002 -0.783 -0.622
vn -0.217 -0.272 0.937
vn -0.217 -0.272 -0.937
vn 0.059 0.934 0.353
vn 0.057 0.934 -0.352
vn -0.426 0.197 0.883
vn -0.426 0.197 -0.883
vn -0.128 -0.473 0.872
vn -0.124 -0.475 -0.871
vn -0.293 -0.91 0.293
vn -0.166 -0.915 -0.368
vn 0.012 0.8 0.599
vn 0.012 0.795 -0.607
vn 0.307 -0.933 0.189
vn 0.359 -0.921 -0.152
vn -0.951 0.062 0.302
vn -0.96 0.057 -0.276
vn -0.153 -0.475 0.867
vn -0.145 -0.492 -0.858
vn -0.987 -0.092 -0.132
vn 0.359 -0.896 -0.262
vn 0.335 -0.904 0.265
vn 0.131 -0.514 0.848
vn 0.137 -0.503 -0.854
vn -0.128 -0.522 0.843
vn -0.128 -0.522 -0.843
vn -0.829 0.027 -0.559
vn -0.826 0.017 0.564
vn 0.846 0.066 -0.529
vn 0.881 0.083 0.466
vn 0.071 -0.281 -0.957
vn 0.071 -0.281 0.957
vn -0.066 -0.362 -0.93
vn -0.066 -0.362 0.93
vn -0.071 -0.502 -0.862
vn -0.057 -0.492 0.869
vn 0.024 0.891 -0.453
vn 0.004 0.892 0.452
vn -0.545 0.31 -0.779
vn -0.545 0.31 0.779
vn -0.565 -0.077 -0.821
vn -0.565 -0.077 0.821
vn 0.615 -0.162 -0.772
vn 0.591 -0.175 0.788
vn 0.339 -0.941 0.001
vn 0.749 0.112 -0.653
vn 0.779 0.087 0.621
vn -0.987 -0.075 0.144
vn 0.018 0.907 0.421
vn -0.948 0.129 -0.29
vn -0.957 0.135 0.258
vn -0.825 0.565 -0.004
vn 0.355 0.346 -0.869
vn 0.355 0.346 0.869
vn -0.529 -0.848 -0.027
vn 0.129 0.838 -0.53
vn 0.128 0.837 0.533
vn 0.504 -0.59 -0.631
vn 0.504 -0.59 0.631
vn -0.164 -0.503 -0.849
vn -0.164 -0.503 0.849
vn -0.798 0.512 -0.317
vn -0.815 0.512 0.271
vn 0.599 0.143 -0.788
vn 0.621 0.137 0.772
vn -0.134 -0.93 -0.342
vn -0.102 -0.93 0.352
vn 0.521 -0.853 -0.012
vn 0.043 0.999 0.011
vn -0.493 -0.806 -0.329
vn -0.488 -0.82 0.299
vn 0.122 0.545 -0.83
vn 0.117 0.545 0.83
vn -0.075 -0.53 -0.845
vn -0.078 -0.522 0.849
vn -0.729 -0.223 -0.647
vn -0.711 -0.245 0.659
vn -0.208 -0.54 -0.815
vn -0.208 -0.54 0.815
vn 0.205 0.977 -0.063
vn -0.267 0.255 0.929
vn -0.267 0.255 -0.929
vn -0.074 0.116 0.99
vn -0.074 0.116 -0.99
vn -0.015 -0.079 0.997
vn -0.015 -0.079 -0.997
vn -0.028 -0.394 0.919
vn -0.028 -0.394 -0.919
vn -0.032 0.43 0.902
vn -0.029 0.435 -0.9
vn 0.773 0.021 0.634
vn 0.779 0.001 -0.627
vn -0.057 -0.926 0.373
vn -0.066 -0.916 -0.396
vn -0.012 -0.603 0.797
vn -0.007 -0.6 -0.8
vn -0.005 0.592 0.806
vn -0.005 0.59 -0.808
vn 0.004 0.7 0.715
vn 0.004 0.696 -0.718
vn -0.999 -0.033 0.005
vn -0.071 0.042 0.997
vn -0.071 0.042 -0.997
vn 0.987 0.089 0.135
vn 0.988 0.086 -0.128
vn 0.021 0.709 0.705
vn 0.017 0.708 -0.706
vn 0.007 0.682 0.731
vn 0.012 0.691 -0.723
vn -0.804 -0.017 0.595
vn -0.803 -0.009 -0.596
vn -0.949 -0.015 0.314
vn -0.95 -0.01 -0.312
vn -0.005 0.602 0.798
vn -0.005 0.599 -0.801
vn -0.014 -0.48 0.877
vn -0.022 -0.459 -0.888
vn 0.009 0.373 0.928
vn 0.005 0.372 -0.928
vn -0.013 0.482 0.876
vn -0.013 0.485 -0.875
vn 0.997 0.082 0.003
vn 0.017 0.886 0.463
vn 0.014 0.892 -0.452
vn -0.021 -0.697 0.716
vn -0.013 -0.706 -0.708
vn 0.01 0.808 0.589
vn 0.006 0.802 -0.598
vn 0.014 1 0
vn -0.957 -0.021 0.29
vn -0.952 -0.02 -0.305
vn 0.015 0.993 0.114
vn 0.014 0.993 -0.114
vn 0.95 0.091 0.298
vn 0.944 0.1 -0.316
vn 0.015 0.962 0.272
vn 0.014 0.962 -0.273
vn -0.01 0.571 0.821
vn -0.013 0.567 -0.823
vn 0.632 -0.018 0.775
vn 0.636 0 -0.772
vn 0.01 0.216 0.976
vn 0.01 0.216 -0.976
vn -0.012 0.487 0.873
vn -0.011 0.492 -0.87
vn -1 -0.012 0
vn 0.05 -0.446 0.894
vn 0.047 -0.462 -0.886
vn 0.029 -0.654 0.756
vn 0.029 -0.654 -0.756
vn 0.021 0.799 0.601
vn 0.032 0.806 -0.592
vn -0.399 0.035 -0.916
vn -0.41 0.025 0.912
vn -0.027 -0.736 -0.676
vn -0.017 -0.749 0.662
vn -0.014 1 0
vn -0.495 0.009 -0.869
vn -0.501 0.02 0.865
vn 0.883 -0.011 -0.47
vn 0.879 -0.02 0.476
vn -0.014 0.993 -0.113
vn -0.016 0.993 0.114
vn 0.314 -0.837 -0.449
vn 0.314 -0.863 0.396
vn 0.023 -0.231 -0.973
vn 0.023 -0.231 0.973
vn -0.052 -0.982 -0.18
vn -0.041 -0.983 0.18
vn -0.621 -0.014 0.784
vn -0.621 -0.014 -0.784
vn 0.112 0.994 -0.004
vn -0.09 0.479 -0.873
vn -0.086 0.475 0.875
vn -0.015 0.962 -0.273
vn -0.017 0.962 0.272
vn 0.472 -0.03 -0.881
vn 0.472 -0.03 0.881
vn -0.83 -0.047 -0.555
vn -0.806 -0.049 0.589
vn -0.017 0.887 -0.461
vn -0.017 0.893 0.449
vn 0.075 0.866 -0.494
vn 0.084 0.851 0.519
vn 0.101 0.984 -0.149
vn 0.109 0.98 0.167
vn -0.713 0.103 -0.694
vn -0.713 0.103 0.694
vn -0.064 -0.823 -0.564
vn -0.064 -0.823 0.564
vn 0.024 0.887 -0.461
vn 0.021 0.888 0.46
vn -0.036 0.358 -0.933
vn -0.036 0.358 0.933
vn 0.96 -0.006 -0.281
vn 0.961 0 0.276
vn 0.993 0.003 -0.116
vn 0.993 0.005 0.114
vn 1 0.005 -0.001
vn 0.026 1 0
vn -0.047 0.203 -0.978
vn -0.047 0.203 0.978
vn 0.028 0.992 -0.126
vn 0.028 0.992 0.125
vn -0.224 0.503 -0.835
vn -0.252 0.477 0.842
vn 0.026 0.606 -0.795
vn 0.038 0.606 0.794
vn 0.017 0.902 -0.432
f 8/1/8 3/2/3 4/3/4
f 7/4/7 3/5/3 8/6/8
f 14/7/14 10/8/10 11/9/11
f 21/10/21 15/11/15 16/12/16
f 20/13/20 15/14/15 21/15/21
f 22/16/22 16/17/16 17/18/17
f 21/19/21 16/20/16 22/21/22
f 25/22/25 20/23/20 21/24/21
f 24/25/24 20/26/20 25/27/25
f 26/28/26 21/29/21 22/30/22
f 25/31/25 21/32/21 26/33/26
f 99/34/99 74/35/74 75/36/75
f 77/37/77 115/38/115 78/39/78
f 114/40/114 115/41/115 77/42/77
f 81/43/81 119/44/119 82/45/82
f 118/46/118 119/47/119 81/48/81
f 83/49/83 123/50/123 84/51/84
f 84/52/84 124/53/124 85/54/85
f 123/55/123 124/56/124 84/57/84
f 85/58/85 125/59/125 86/60/86
f 124/61/124 125/62/125 85/63/85
f 88/64/88 126/65/126 121/66/121
f 90/67/90 126/68/126 88/69/88
f 127/70/127 93/71/93 91/72/91
f 128/73/128 93/74/93 127/75/127
f 128/76/128 94/77/94 93/78/93
f 129/79/129 94/80/94 128/81/128
f 130/82/130 96/83/96 95/84/95
f 131/85/131 96/86/96 130/87/130
f 134/88/134 100/89/100 101/90/101
f 137/91/137 102/92/102 103/93/103
f 137/94/137 136/95/136 102/96/102
f 138/97/138 103/98/103 104/99/104
f 138/100/138 137/101/137 103/102/103
f 139/103/139 104/104/104 105/105/105
f 139/106/139 138/107/138 104/108/104
f 140/109/140 105/110/105 106/111/106
f 140/112/140 139/113/139 105/114/105
f 141/115/141 106/116/106 107/117/107
f 141/118/141 140/119/140 106/120/106
f 142/121/142 109/122/109 110/123/110
f 143/124/143 110/125/110 111/126/111
f 143/127/143 142/128/142 110/129/110
f 144/130/144 111/131/111 112/132/112
f 144/133/144 143/134/143 111/135/111
f 145/136/145 144/137/144 112/138/112
f 147/139/147 148/140/148 117/141/117
f 118/142/118 151/143/151 119/144/119
f 150/145/150 151/146/151 118/147/118
f 152/148/152 153/149/153 120/150/120
f 123/151/123 156/152/156 124/153/124
f 155/154/155 156/155/156 123/156/123
f 125/157/125 124/158/124 156/159/156
f 126/160/126 154/161/154 121/162/121
f 126/163/126 158/164/158 154/165/154
f 161/166/161 127/167/127 160/168/160
f 161/169/161 128/170/128 127/171/127
f 163/172/163 128/173/128 161/174/161
f 163/175/163 129/176/129 128/177/128
f 164/178/164 129/179/129 163/180/163
f 165/181/165 131/182/131 130/183/130
f 167/184/167 131/185/131 165/186/165
f 172/187/172 135/188/135 136/189/136
f 172/190/172 171/191/171 135/192/135
f 173/193/173 136/194/136 137/195/137
f 173/196/173 172/197/172 136/198/136
f 174/199/174 137/200/137 138/201/138
f 174/202/174 173/203/173 137/204/137
f 175/205/175 138/206/138 139/207/139
f 175/208/175 174/209/174 138/210/138
f 176/211/176 139/212/139 140/213/140
f 176/214/176 175/215/175 139/216/139
f 177/217/177 140/218/140 141/219/141
f 177/220/177 176/221/176 140/222/140
f 179/223/179 142/224/142 143/225/143
f 179/226/179 178/227/178 142/228/142
f 180/229/180 143/230/143 144/231/144
f 180/232/180 179/233/179 143/234/143
f 181/235/181 144/236/144 145/237/145
f 181/238/181 180/239/180 144/240/144
f 184/241/184 185/242/185 146/243/146
f 149/244/149 188/245/188 150/246/150
f 150/247/150 189/248/189 151/249/151
f 188/250/188 189/251/189 150/252/150
f 155/253/155 194/254/194 156/255/156
f 193/256/193 194/257/194 155/258/155
f 158/259/158 191/260/191 154/261/154
f 158/262/158 195/263/195 191/264/191
f 196/265/196 163/266/163 161/267/161
f 197/268/197 163/269/163 196/270/196
f 197/271/197 164/272/164 163/273/163
f 198/274/198 164/275/164 197/276/197
f 199/277/199 167/278/167 165/279/165
f 200/280/200 167/281/167 199/282/199
f 205/283/205 171/284/171 172/285/172
f 205/286/205 204/287/204 171/288/171
f 206/289/206 172/290/172 173/291/173
f 206/292/206 205/293/205 172/294/172
f 207/295/207 173/296/173 174/297/174
f 207/298/207 206/299/206 173/300/173
f 208/301/208 174/302/174 175/303/175
f 208/304/208 207/305/207 174/306/174
f 209/307/209 175/308/175 176/309/176
f 209/310/209 208/311/208 175/312/175
f 210/313/210 176/314/176 177/315/177
f 210/316/210 209/317/209 176/318/176
f 212/319/212 178/320/178 179/321/179
f 212/322/212 211/323/211 178/324/178
f 213/325/213 179/326/179 180/327/180
f 213/328/213 212/329/212 179/330/179
f 214/331/214 180/332/180 181/333/181
f 214/334/214 213/335/213 180/336/180
f 184/337/184 215/338/215 185/339/185
f 185/340/185 216/341/216 183/342/183
f 215/343/215 216/344/216 185/345/185
f 216/346/216 217/347/217 183/348/183
f 188/349/188 220/350/220 189/351/189
f 219/352/219 220/353/220 188/354/188
f 193/355/193 223/356/223 194/357/194
f 222/358/222 223/359/223 193/360/193
f 223/361/223 224/362/224 194/363/194
f 229/364/229 197/365/197 196/366/196
f 231/367/231 197/368/197 229/369/229
f 231/370/231 198/371/198 197/372/197
f 232/373/232 198/374/198 231/375/231
f 233/376/233 200/377/200 199/378/199
f 234/379/234 200/380/200 233/381/233
f 239/382/239 204/383/204 205/384/205
f 240/385/240 205/386/205 206/387/206
f 240/388/240 239/389/239 205/390/205
f 241/391/241 206/392/206 207/393/207
f 241/394/241 240/395/240 206/396/206
f 242/397/242 207/398/207 208/399/208
f 242/400/242 241/401/241 207/402/207
f 243/403/243 208/404/208 209/405/209
f 243/406/243 242/407/242 208/408/208
f 244/409/244 209/410/209 210/411/210
f 244/412/244 243/413/243 209/414/209
f 248/415/248 211/416/211 212/417/212
f 248/418/248 247/419/247 211/420/211
f 249/421/249 212/422/212 213/423/213
f 249/424/249 248/425/248 212/426/212
f 258/427/258 257/428/257 236/429/236
f 294/430/294 298/431/298 295/432/295
f 299/433/299 305/434/305 300/435/300
f 299/436/299 304/437/304 305/438/305
f 300/439/300 306/440/306 301/441/301
f 300/442/300 305/443/305 306/444/306
f 304/445/304 309/446/309 305/447/305
f 304/448/304 308/449/308 309/450/309
f 305/451/305 310/452/310 306/453/306
f 305/454/305 309/455/309 310/456/310
f 320/457/320 325/458/325 321/459/321
f 320/460/320 324/461/324 325/462/325
f 87/463/87 70/464/70 331/465/331
f 252/466/252 225/467/225 332/468/332
f 335/469/335 114/470/114 77/471/77
f 113/472/113 114/473/114 335/474/335
f 336/475/336 215/476/215 184/477/184
f 79/478/79 351/479/351 78/480/78
f 352/481/352 216/482/216 215/483/215
f 296/484/296 353/485/353 297/486/297
f 296/487/296 302/488/302 353/489/353
f 354/490/354 12/491/12 13/492/13
f 18/493/18 12/494/12 354/495/354
f 195/496/195 355/497/355 191/498/191
f 195/499/195 226/500/226 355/501/355
f 88/502/88 121/503/121 356/504/356
f 239/505/239 365/506/365 204/507/204
f 136/508/136 366/509/366 102/510/102
f 136/511/136 135/512/135 366/513/366
f 63/514/63 372/515/372 64/516/64
f 111/517/111 110/518/110 373/519/373
f 374/520/374 246/521/246 247/522/247
f 372/523/372 375/524/375 345/525/345
f 45/526/45 345/527/345 375/528/375
f 376/529/376 37/530/37 36/531/36
f 338/532/338 340/533/340 387/534/387
f 387/535/387 340/536/340 369/537/369
f 368/538/368 339/539/339 388/540/388
f 337/541/337 388/542/388 339/543/339
f 283/544/283 284/545/284 391/546/391
f 391/547/391 377/548/377 283/549/283
f 273/550/273 377/551/377 391/552/391
f 391/553/391 274/554/274 357/555/357
f 273/556/273 391/557/391 357/558/357
f 358/559/358 49/560/49 392/561/392
f 38/562/38 37/563/37 392/564/392
f 392/565/392 376/566/376 48/567/48
f 392/568/392 37/569/37 376/570/376
f 48/571/48 358/572/358 392/573/392
f 183/574/183 217/575/217 397/576/397
f 398/577/398 116/578/116 79/579/79
f 115/580/115 398/581/398 78/582/78
f 78/583/78 398/584/398 79/585/79
f 399/586/399 216/587/216 352/588/352
f 399/589/399 217/590/217 216/591/216
f 79/592/79 400/593/400 351/594/351
f 125/595/125 401/596/401 86/597/86
f 406/598/406 356/599/356 335/600/335
f 355/601/355 407/602/407 336/603/336
f 408/604/408 388/605/388 337/606/337
f 409/607/409 338/608/338 387/609/387
f 410/610/410 146/611/146 113/612/113
f 191/613/191 410/614/410 154/615/154
f 229/616/229 196/617/196 421/618/421
f 65/619/65 422/620/422 66/621/66
f 376/622/376 36/623/36 424/624/424
f 403/625/403 330/626/330 424/627/424
f 402/628/402 425/629/425 329/630/329
f 282/631/282 425/632/425 402/633/402
f 283/634/283 377/635/377 425/636/425
f 283/637/283 425/638/425 282/639/282
f 428/640/428 364/641/364 381/642/381
f 428/643/428 327/644/327 364/645/364
f 264/646/264 340/647/340 430/648/430
f 433/649/433 382/650/382 429/651/429
f 381/652/381 434/653/434 428/654/428
f 425/655/425 435/656/435 329/657/329
f 424/658/424 330/659/330 436/660/436
f 437/661/437 170/662/170 134/663/134
f 87/664/87 440/665/440 70/666/70
f 87/667/87 360/668/360 440/669/440
f 441/670/441 252/671/252 419/672/419
f 252/673/252 441/674/441 225/675/225
f 225/676/225 441/677/441 359/678/359
f 316/679/316 443/680/443 317/681/317
f 444/682/444 122/683/122 404/684/404
f 404/685/404 89/686/89 444/687/444
f 350/688/350 122/689/122 444/690/444
f 405/691/405 192/692/192 445/693/445
f 405/694/405 445/695/445 227/696/227
f 159/697/159 445/698/445 350/699/350
f 362/700/362 35/701/35 446/702/446
f 448/703/448 92/704/92 90/705/90
f 451/706/451 265/707/265 266/708/266
f 454/709/454 67/710/67 406/711/406
f 406/712/406 335/713/335 454/714/454
f 351/715/351 67/716/67 454/717/454
f 78/718/78 351/719/351 454/720/454
f 77/721/77 454/722/454 335/723/335
f 78/724/78 454/725/454 77/726/77
f 336/727/336 407/728/407 455/729/455
f 352/730/352 215/731/215 455/732/455
f 455/733/455 215/734/215 336/735/336
f 259/736/259 455/737/455 407/738/407
f 202/739/202 456/740/456 169/741/169
f 457/742/457 134/743/134 170/744/170
f 134/745/134 457/746/457 100/747/100
f 342/748/342 447/749/447 458/750/458
f 458/751/458 447/752/447 361/753/361
f 446/754/446 341/755/341 459/756/459
f 446/757/446 459/758/459 362/759/362
f 275/760/275 460/761/460 276/762/276
f 275/763/275 277/764/277 460/765/460
f 461/766/461 50/767/50 51/768/51
f 52/769/52 50/770/50 461/771/461
f 462/772/462 311/773/311 312/774/312
f 462/775/462 312/776/312 307/777/307
f 462/778/462 307/779/307 303/780/303
f 27/781/27 463/782/463 28/783/28
f 28/784/28 463/785/463 23/786/23
f 19/787/19 23/788/23 463/789/463
f 426/790/426 39/791/39 465/792/465
f 451/793/451 266/794/266 466/795/466
f 466/796/466 267/797/267 367/798/367
f 466/799/466 266/800/266 267/801/267
f 62/802/62 450/803/450 467/804/467
f 63/805/63 467/806/467 372/807/372
f 62/808/62 467/809/467 63/810/63
f 467/811/467 375/812/375 372/813/372
f 410/814/410 113/815/113 470/816/470
f 335/817/335 356/818/356 470/819/470
f 470/820/470 113/821/113 335/822/335
f 154/823/154 410/824/410 470/825/470
f 121/826/121 470/827/470 356/828/356
f 154/829/154 470/830/470 121/831/121
f 471/832/471 146/833/146 410/834/410
f 336/835/336 184/836/184 471/837/471
f 471/838/471 184/839/184 146/840/146
f 191/841/191 471/842/471 410/843/410
f 336/844/336 471/845/471 355/846/355
f 355/847/355 471/848/471 191/849/191
f 476/850/476 46/851/46 474/852/474
f 379/853/379 46/854/46 476/855/476
f 292/856/292 477/857/477 475/858/475
f 467/859/467 478/860/478 375/861/375
f 450/862/450 478/863/478 467/864/467
f 478/865/478 45/866/45 375/867/375
f 478/868/478 44/869/44 45/870/45
f 479/871/479 466/872/466 367/873/367
f 267/874/267 480/875/480 367/876/367
f 64/877/64 372/878/372 481/879/481
f 481/880/481 372/881/372 345/882/345
f 481/883/481 345/884/345 47/885/47
f 483/886/483 475/887/475 477/888/477
f 483/889/483 416/890/416 475/891/475
f 474/892/474 484/893/484 476/894/476
f 358/895/358 485/896/485 348/897/348
f 357/898/357 349/899/349 486/900/486
f 441/901/441 419/902/419 486/903/486
f 485/904/485 487/905/487 440/906/440
f 440/907/440 487/908/487 70/909/70
f 221/910/221 498/911/498 222/912/222
f 68/913/68 83/914/83 499/915/499
f 83/916/83 84/917/84 499/918/499
f 369/919/369 340/920/340 500/921/500
f 500/922/500 340/923/340 264/924/264
f 278/925/278 369/926/369 500/927/500
f 368/928/368 53/929/53 501/930/501
f 339/931/339 368/932/368 501/933/501
f 339/934/339 501/935/501 61/936/61
f 397/937/397 502/938/502 186/939/186
f 217/940/217 502/941/502 397/942/397
f 502/943/502 217/944/217 399/945/399
f 503/946/503 400/947/400 79/948/79
f 79/949/79 116/950/116 503/951/503
f 504/952/504 349/953/349 357/954/357
f 504/955/504 263/956/263 349/957/349
f 274/958/274 504/959/504 357/960/357
f 505/961/505 49/962/49 358/963/358
f 358/964/358 348/965/348 505/966/505
f 348/967/348 60/968/60 505/969/505
f 359/970/359 421/971/421 511/972/511
f 482/973/482 157/974/157 511/975/511
f 512/976/512 157/977/157 482/978/482
f 87/979/87 512/980/512 360/981/360
f 421/982/421 196/983/196 515/984/515
f 196/985/196 161/986/161 515/987/515
f 515/988/515 161/989/161 160/990/160
f 511/991/511 421/992/421 515/993/515
f 511/994/511 515/995/515 482/996/482
f 160/997/160 482/998/482 515/999/515
f 516/1000/516 482/1001/482 160/1002/160
f 516/1003/516 91/1004/91 420/1005/420
f 160/1006/160 127/1007/127 516/1008/516
f 127/1009/127 91/1010/91 516/1011/516
f 512/1012/512 516/1013/516 360/1014/360
f 512/1015/512 482/1016/482 516/1017/516
f 360/1018/360 516/1019/516 420/1020/420
f 431/1021/431 496/1022/496 517/1023/517
f 432/1024/432 518/1025/518 497/1026/497
f 502/1027/502 399/1028/399 519/1029/519
f 520/1030/520 400/1031/400 503/1032/503
f 344/1033/344 523/1034/523 517/1035/517
f 517/1036/517 523/1037/523 431/1038/431
f 518/1039/518 524/1040/524 343/1041/343
f 524/1042/524 518/1043/518 432/1044/432
f 525/1045/525 311/1046/311 462/1047/462
f 321/1048/321 525/1049/525 322/1050/322
f 321/1051/321 325/1052/325 525/1053/525
f 526/1054/526 4/1055/4 5/1056/5
f 8/1057/8 4/1058/4 526/1059/526
f 463/1060/463 27/1061/27 526/1062/526
f 240/1063/240 527/1064/527 239/1065/239
f 240/1066/240 241/1067/241 527/1068/527
f 365/1069/365 527/1070/527 254/1071/254
f 365/1072/365 239/1073/239 527/1074/527
f 103/1075/103 102/1076/102 528/1077/528
f 103/1078/103 528/1079/528 104/1080/104
f 366/1081/366 528/1082/528 102/1083/102
f 72/1084/72 528/1085/528 366/1086/366
f 324/1087/324 529/1088/529 325/1089/325
f 316/1090/316 529/1091/529 315/1092/315
f 325/1093/325 529/1094/529 525/1095/525
f 316/1096/316 317/1097/317 529/1098/529
f 7/1099/7 8/1100/8 530/1101/530
f 530/1102/530 8/1103/8 526/1104/526
f 530/1105/530 33/1106/33 32/1107/32
f 533/1108/533 506/1109/506 116/1110/116
f 533/1111/533 116/1112/116 398/1113/398
f 397/1114/397 186/1115/186 533/1116/533
f 533/1117/533 398/1118/398 115/1119/115
f 480/1120/480 534/1121/534 280/1122/280
f 382/1123/382 280/1124/280 534/1125/534
f 534/1126/534 429/1127/429 382/1128/382
f 363/1129/363 429/1130/429 534/1131/534
f 535/1132/535 481/1133/481 47/1134/47
f 535/1135/535 47/1136/47 381/1137/381
f 381/1138/381 364/1139/364 535/1140/535
f 360/1141/360 420/1142/420 536/1143/536
f 360/1144/360 536/1145/536 440/1146/440
f 440/1147/440 536/1148/536 485/1149/485
f 536/1150/536 348/1151/348 485/1152/485
f 486/1153/486 349/1154/349 537/1155/537
f 359/1156/359 537/1157/537 421/1158/421
f 441/1159/441 537/1160/537 359/1161/359
f 441/1162/441 486/1163/486 537/1164/537
f 538/1165/538 348/1166/348 536/1167/536
f 420/1168/420 538/1169/538 536/1170/536
f 420/1171/420 91/1172/91 538/1173/538
f 60/1174/60 348/1175/348 538/1176/538
f 93/1177/93 538/1178/538 91/1179/91
f 539/1180/539 537/1181/537 349/1182/349
f 421/1183/421 537/1184/537 539/1185/539
f 539/1186/539 349/1187/349 263/1188/263
f 539/1189/539 229/1190/229 421/1191/421
f 539/1192/539 232/1193/232 231/1194/231
f 231/1195/231 229/1196/229 539/1197/539
f 413/1198/413 439/1199/439 540/1200/540
f 439/1201/439 452/1202/452 540/1203/540
f 414/1204/414 541/1205/541 438/1206/438
f 438/1207/438 541/1208/541 453/1209/453
f 49/1210/49 505/1211/505 542/1212/542
f 543/1213/543 263/1214/263 504/1215/504
f 24/1216/24 544/1217/544 20/1218/20
f 544/1219/544 41/1220/41 42/1221/42
f 287/1222/287 545/1223/545 288/1224/288
f 545/1225/545 308/1226/308 304/1227/304
f 546/1228/546 37/1229/37 38/1230/38
f 36/1231/36 37/1232/37 546/1233/546
f 283/1234/283 547/1235/547 284/1236/284
f 547/1237/547 283/1238/283 282/1239/282
f 168/1240/168 549/1241/549 166/1242/166
f 550/1243/550 41/1244/41 411/1245/411
f 550/1246/550 52/1247/52 461/1248/461
f 41/1249/41 550/1250/550 42/1251/42
f 42/1252/42 550/1253/550 40/1254/40
f 412/1255/412 287/1256/287 551/1257/551
f 551/1258/551 287/1259/287 288/1260/288
f 551/1261/551 288/1262/288 286/1263/286
f 460/1264/460 277/1265/277 551/1266/551
f 383/1267/383 81/1268/81 552/1269/552
f 81/1270/81 82/1271/82 552/1272/552
f 219/1273/219 553/1274/553 220/1275/220
f 559/1276/559 65/1277/65 66/1278/66
f 145/1279/145 112/1280/112 559/1281/559
f 560/1282/560 249/1283/249 213/1284/213
f 560/1285/560 213/1286/213 214/1287/214
f 499/1288/499 561/1289/561 68/1290/68
f 55/1291/55 561/1292/561 499/1293/499
f 552/1294/552 68/1295/68 561/1296/561
f 498/1297/498 250/1298/250 562/1299/562
f 498/1300/498 562/1301/562 260/1302/260
f 553/1303/553 562/1304/562 250/1305/250
f 52/1306/52 563/1307/563 50/1308/50
f 522/1309/522 492/1310/492 563/1311/563
f 277/1312/277 275/1313/275 564/1314/564
f 564/1315/564 493/1316/493 521/1317/521
f 339/1318/339 565/1319/565 337/1320/337
f 565/1321/565 339/1322/339 61/1323/61
f 474/1324/474 566/1325/566 484/1326/484
f 415/1327/415 566/1328/566 474/1329/474
f 368/1330/368 388/1331/388 566/1332/566
f 567/1333/567 416/1334/416 483/1335/483
f 567/1336/567 387/1337/387 369/1338/369
f 497/1339/497 495/1340/495 568/1341/568
f 341/1342/341 568/1343/568 459/1344/459
f 494/1345/494 496/1346/496 569/1347/569
f 523/1348/523 573/1349/573 507/1350/507
f 485/1351/485 574/1352/574 487/1353/487
f 574/1354/574 485/1355/485 358/1356/358
f 358/1357/358 48/1358/48 574/1359/574
f 376/1360/376 574/1361/574 48/1362/48
f 376/1363/376 424/1364/424 574/1365/574
f 574/1366/574 424/1367/424 436/1368/436
f 357/1369/357 486/1370/486 575/1371/575
f 486/1372/486 419/1373/419 575/1374/575
f 273/1375/273 357/1376/357 575/1377/575
f 377/1378/377 273/1379/273 575/1380/575
f 377/1381/377 575/1382/575 425/1383/425
f 425/1384/425 575/1385/575 435/1386/435
f 341/1387/341 576/1388/576 568/1389/568
f 568/1390/568 576/1391/576 497/1392/497
f 432/1393/432 497/1394/497 576/1395/576
f 577/1396/577 342/1397/342 569/1398/569
f 577/1399/577 569/1400/569 496/1401/496
f 577/1402/577 496/1403/496 431/1404/431
f 443/1405/443 579/1406/579 380/1407/380
f 479/1408/479 367/1409/367 580/1410/580
f 290/1411/290 479/1412/479 580/1413/580
f 290/1414/290 580/1415/580 291/1416/291
f 480/1417/480 580/1418/580 367/1419/367
f 580/1420/580 480/1421/480 280/1422/280
f 354/1423/354 13/1424/13 581/1425/581
f 582/1426/582 297/1427/297 353/1428/353
f 505/1429/505 583/1430/583 542/1431/542
f 538/1432/538 583/1433/583 60/1434/60
f 505/1435/505 60/1436/60 583/1437/583
f 93/1438/93 583/1439/583 538/1440/538
f 94/1441/94 583/1442/583 93/1443/93
f 543/1444/543 584/1445/584 263/1446/263
f 584/1447/584 232/1448/232 539/1449/539
f 539/1450/539 263/1451/263 584/1452/584
f 96/1453/96 585/1454/585 95/1455/95
f 474/1456/474 587/1457/587 415/1458/415
f 587/1459/587 474/1460/474 46/1461/46
f 587/1462/587 526/1463/526 27/1464/27
f 27/1465/27 28/1466/28 587/1467/587
f 588/1468/588 475/1469/475 416/1470/416
f 292/1471/292 475/1472/475 588/1473/588
f 525/1474/525 588/1475/588 311/1476/311
f 311/1477/311 588/1478/588 312/1479/312
f 51/1480/51 555/1481/555 589/1482/589
f 461/1483/461 51/1484/51 589/1485/589
f 556/1486/556 276/1487/276 590/1488/590
f 590/1489/590 276/1490/276 460/1491/460
f 169/1492/169 591/1493/591 133/1494/133
f 133/1495/133 591/1496/591 98/1497/98
f 456/1498/456 437/1499/437 591/1500/591
f 456/1501/456 591/1502/591 169/1503/169
f 591/1504/591 337/1505/337 565/1506/565
f 591/1507/591 565/1508/565 98/1509/98
f 592/1510/592 456/1511/456 202/1512/202
f 593/1513/593 100/1514/100 457/1515/457
f 100/1516/100 593/1517/593 76/1518/76
f 258/1519/258 236/1520/236 594/1521/594
f 11/1522/11 546/1523/546 597/1524/597
f 546/1525/546 38/1526/38 597/1527/597
f 598/1528/598 284/1529/284 547/1530/547
f 295/1531/295 598/1532/598 547/1533/547
f 594/1534/594 236/1535/236 601/1536/601
f 594/1537/594 601/1538/601 491/1539/491
f 257/1540/257 256/1541/256 601/1542/601
f 257/1543/257 601/1544/601 236/1545/236
f 601/1546/601 256/1547/256 255/1548/255
f 602/1549/602 99/1550/99 593/1551/593
f 602/1552/602 593/1553/593 490/1554/490
f 99/1555/99 602/1556/602 74/1557/74
f 73/1558/73 74/1559/74 602/1560/602
f 603/1561/603 480/1562/480 267/1563/267
f 603/1564/603 242/1565/242 243/1566/243
f 604/1567/604 64/1568/64 481/1569/481
f 107/1570/107 106/1571/106 604/1572/604
f 223/1573/223 222/1574/222 605/1575/605
f 222/1576/222 498/1577/498 605/1578/605
f 260/1579/260 605/1580/605 498/1581/498
f 605/1582/605 261/1583/261 262/1584/262
f 260/1585/260 261/1586/261 605/1587/605
f 85/1588/85 606/1589/606 84/1590/84
f 85/1591/85 86/1592/86 606/1593/606
f 606/1594/606 55/1595/55 499/1596/499
f 84/1597/84 606/1598/606 499/1599/499
f 57/1600/57 56/1601/56 606/1602/606
f 606/1603/606 56/1604/56 55/1605/55
f 303/1606/303 307/1607/307 607/1608/607
f 23/1609/23 19/1610/19 608/1611/608
f 502/1612/502 519/1613/519 609/1614/609
f 609/1615/609 599/1616/599 506/1617/506
f 186/1618/186 502/1619/502 609/1620/609
f 116/1621/116 506/1622/506 610/1623/610
f 116/1624/116 610/1625/610 503/1626/503
f 503/1627/503 610/1628/610 520/1629/520
f 586/1630/586 234/1631/234 611/1632/611
f 611/1633/611 234/1634/234 233/1635/233
f 95/1636/95 585/1637/585 612/1638/612
f 507/1639/507 573/1640/573 613/1641/613
f 297/1642/297 613/1643/613 296/1644/296
f 614/1645/614 572/1646/572 508/1647/508
f 13/1648/13 12/1649/12 614/1650/614
f 204/1651/204 615/1652/615 171/1653/171
f 618/1654/618 616/1655/616 293/1656/293
f 616/1657/616 618/1658/618 596/1659/596
f 293/1660/293 393/1661/393 618/1662/618
f 618/1663/618 319/1664/319 596/1665/596
f 618/1666/618 318/1667/318 319/1668/319
f 393/1669/393 318/1670/318 618/1671/618
f 619/1672/619 9/1673/9 617/1674/617
f 619/1675/619 617/1676/617 595/1677/595
f 2/1678/2 619/1679/619 595/1680/595
f 394/1681/394 9/1682/9 619/1683/619
f 1/1684/1 619/1685/619 2/1686/2
f 1/1687/1 394/1688/394 619/1689/619
f 620/1690/620 573/1691/573 523/1692/523
f 344/1693/344 620/1694/620 523/1695/523
f 572/1696/572 621/1697/621 508/1698/508
f 524/1699/524 621/1700/621 343/1701/343
f 508/1702/508 621/1703/621 524/1704/524
f 621/1705/621 572/1706/572 426/1707/426
f 622/1708/622 575/1709/575 419/1710/419
f 435/1711/435 575/1712/575 622/1713/622
f 252/1714/252 622/1715/622 419/1716/419
f 622/1717/622 329/1718/329 435/1719/435
f 574/1720/574 436/1721/436 623/1722/623
f 623/1723/623 487/1724/487 574/1725/574
f 623/1726/623 70/1727/70 487/1728/487
f 623/1729/623 436/1730/436 330/1731/330
f 258/1732/258 624/1733/624 257/1734/257
f 567/1735/567 483/1736/483 624/1737/624
f 76/1738/76 75/1739/75 625/1740/625
f 625/1741/625 484/1742/484 566/1743/566
f 259/1744/259 407/1745/407 626/1746/626
f 626/1747/626 270/1748/270 271/1749/271
f 627/1750/627 406/1751/406 67/1752/67
f 58/1753/58 627/1754/627 59/1755/59
f 285/1756/285 464/1757/464 628/1758/628
f 464/1759/464 386/1760/386 628/1761/628
f 628/1762/628 334/1763/334 285/1764/285
f 465/1765/465 39/1766/39 629/1767/629
f 333/1768/333 629/1769/629 39/1770/39
f 254/1771/254 253/1772/253 632/1773/632
f 254/1774/254 632/1775/632 365/1776/365
f 204/1777/204 632/1778/632 615/1779/615
f 558/1780/558 615/1781/615 632/1782/632
f 204/1783/204 365/1784/365 632/1785/632
f 171/1786/171 615/1787/615 633/1788/633
f 557/1789/557 633/1790/633 615/1791/615
f 171/1792/171 633/1793/633 135/1794/135
f 135/1795/135 633/1796/633 366/1797/366
f 633/1798/633 71/1799/71 72/1800/72
f 633/1801/633 72/1802/72 366/1803/366
f 281/1804/281 616/1805/616 636/1806/636
f 636/1807/636 361/1808/361 447/1809/447
f 636/1810/636 447/1811/447 281/1812/281
f 616/1813/616 596/1814/596 636/1815/636
f 617/1816/617 35/1817/35 637/1818/637
f 34/1819/34 637/1820/637 362/1821/362
f 362/1822/362 637/1823/637 35/1824/35
f 595/1825/595 617/1826/617 637/1827/637
f 202/1828/202 638/1829/638 592/1830/592
f 638/1831/638 338/1832/338 592/1833/592
f 338/1834/338 638/1835/638 340/1836/340
f 340/1837/340 638/1838/638 430/1839/430
f 113/1840/113 639/1841/639 114/1842/114
f 146/1843/146 639/1844/639 113/1845/113
f 115/1846/115 114/1847/114 639/1848/639
f 146/1849/146 185/1850/185 639/1851/639
f 639/1852/639 185/1853/185 183/1854/183
f 397/1855/397 533/1856/533 639/1857/639
f 533/1858/533 115/1859/115 639/1860/639
f 397/1861/397 639/1862/639 183/1863/183
f 582/1864/582 323/1865/323 640/1866/640
f 293/1867/293 640/1868/640 393/1869/393
f 641/1870/641 9/1871/9 394/1872/394
f 6/1873/6 581/1874/581 641/1875/641
f 642/1876/642 120/1877/120 401/1878/401
f 152/1879/152 642/1880/642 190/1881/190
f 152/1882/152 120/1883/120 642/1884/642
f 632/1885/632 253/1886/253 643/1887/643
f 632/1888/632 643/1889/643 558/1890/558
f 633/1891/633 644/1892/644 71/1893/71
f 557/1894/557 644/1895/644 633/1896/633
f 631/1897/631 450/1898/450 645/1899/645
f 528/1900/528 645/1901/645 62/1902/62
f 528/1903/528 72/1904/72 645/1905/645
f 645/1906/645 450/1907/450 62/1908/62
f 71/1909/71 645/1910/645 72/1911/72
f 646/1912/646 451/1913/451 630/1914/630
f 265/1915/265 646/1916/646 527/1917/527
f 527/1918/527 646/1919/646 254/1920/254
f 646/1921/646 265/1922/265 451/1923/451
f 271/1924/271 270/1925/270 647/1926/647
f 564/1927/564 275/1928/275 647/1929/647
f 647/1930/647 276/1931/276 556/1932/556
f 271/1933/271 647/1934/647 556/1935/556
f 647/1936/647 275/1937/275 276/1938/276
f 648/1939/648 58/1940/58 59/1941/59
f 648/1942/648 50/1943/50 563/1944/563
f 51/1945/51 648/1946/648 555/1947/555
f 648/1948/648 59/1949/59 555/1950/555
f 50/1951/50 648/1952/648 51/1953/51
f 194/1954/194 224/1955/224 649/1956/649
f 156/1957/156 194/1958/194 649/1959/649
f 642/1960/642 401/1961/401 649/1962/649
f 125/1963/125 156/1964/156 649/1965/649
f 125/1966/125 649/1967/649 401/1968/401
f 650/1969/650 329/1970/329 622/1971/622
f 605/1972/605 262/1973/262 650/1974/650
f 262/1975/262 329/1976/329 650/1977/650
f 622/1978/622 251/1979/251 650/1980/650
f 605/1981/605 650/1982/650 223/1983/223
f 650/1984/650 251/1985/251 224/1986/224
f 223/1987/223 650/1988/650 224/1989/224
f 651/1990/651 623/1991/623 330/1992/330
f 69/1993/69 623/1994/623 651/1995/651
f 57/1996/57 606/1997/606 651/1998/651
f 606/1999/606 86/2000/86 651/2001/651
f 647/2002/647 270/2003/270 652/2004/652
f 652/2005/652 564/2006/564 647/2007/647
f 652/2008/652 493/2009/493 564/2010/564
f 652/2011/652 449/2012/449 493/2013/493
f 652/2014/652 270/2015/270 626/2016/626
f 648/2017/648 653/2018/653 58/2019/58
f 563/2020/563 653/2021/653 648/2022/648
f 492/2023/492 653/2024/653 563/2025/563
f 627/2026/627 58/2027/58 653/2028/653
f 654/2029/654 646/2030/646 630/2031/630
f 654/2032/654 513/2033/513 643/2034/643
f 513/2035/513 654/2036/654 418/2037/418
f 654/2038/654 254/2039/254 646/2040/646
f 253/2041/253 654/2042/654 643/2043/643
f 654/2044/654 253/2045/253 254/2046/254
f 655/2047/655 514/2048/514 417/2049/417
f 71/2050/71 655/2051/655 645/2052/645
f 655/2053/655 631/2054/631 645/2055/645
f 71/2056/71 644/2057/644 655/2058/655
f 644/2059/644 514/2060/514 655/2061/655
f 656/2062/656 592/2063/592 338/2064/338
f 656/2065/656 338/2066/338 409/2067/409
f 409/2068/409 238/2069/238 656/2070/656
f 592/2071/592 656/2072/656 456/2073/456
f 456/2074/456 656/2075/656 437/2076/437
f 656/2077/656 170/2078/170 437/2079/437
f 203/2080/203 656/2081/656 238/2082/238
f 656/2083/656 203/2084/203 170/2085/170
f 591/2086/591 437/2087/437 657/2088/657
f 437/2089/437 134/2090/134 657/2091/657
f 134/2092/134 101/2093/101 657/2094/657
f 337/2095/337 591/2096/591 657/2097/657
f 408/2098/408 337/2099/337 657/2100/657
f 101/2101/101 408/2102/408 657/2103/657
f 73/2104/73 602/2105/602 658/2106/658
f 658/2107/658 559/2108/559 66/2109/66
f 601/2110/601 255/2111/255 659/2112/659
f 659/2113/659 560/2114/560 214/2115/214
f 5/2116/5 570/2117/570 660/2118/660
f 526/2119/526 660/2120/660 463/2121/463
f 5/2122/5 660/2123/660 526/2124/526
f 19/2125/19 463/2126/463 660/2127/660
f 570/2128/570 10/2129/10 660/2130/660
f 660/2131/660 10/2132/10 14/2133/14
f 660/2134/660 14/2135/14 19/2136/19
f 322/2137/322 661/2138/661 571/2139/571
f 525/2140/525 462/2141/462 661/2142/661
f 322/2143/322 525/2144/525 661/2145/661
f 462/2146/462 303/2147/303 661/2148/661
f 661/2149/661 294/2150/294 571/2151/571
f 294/2152/294 661/2153/661 298/2154/298
f 303/2155/303 298/2156/298 661/2157/661
f 520/2158/520 662/2159/662 400/2160/400
f 370/2161/370 662/2162/662 520/2163/520
f 519/2164/519 399/2165/399 663/2166/663
f 519/2167/519 663/2168/663 371/2169/371
f 663/2170/663 399/2171/399 352/2172/352
f 664/2173/664 581/2174/581 6/2175/6
f 30/2176/30 664/2177/664 635/2178/635
f 664/2179/664 6/2180/6 635/2181/635
f 665/2182/665 314/2183/314 634/2184/634
f 665/2185/665 634/2186/634 323/2187/323
f 582/2188/582 665/2189/665 323/2190/323
f 528/2191/528 62/2192/62 666/2193/666
f 104/2194/104 528/2195/528 666/2196/666
f 62/2197/62 63/2198/63 666/2199/666
f 666/2200/666 63/2201/63 64/2202/64
f 106/2203/106 666/2204/666 604/2205/604
f 64/2206/64 604/2207/604 666/2208/666
f 105/2209/105 104/2210/104 666/2211/666
f 106/2212/106 105/2213/105 666/2214/666
f 527/2215/527 241/2216/241 667/2217/667
f 667/2218/667 265/2219/265 527/2220/527
f 667/2221/667 266/2222/266 265/2223/265
f 267/2224/267 266/2225/266 667/2226/667
f 603/2227/603 667/2228/667 242/2229/242
f 667/2230/667 603/2231/603 267/2232/267
f 242/2233/242 667/2234/667 241/2235/241
f 76/2236/76 625/2237/625 668/2238/668
f 101/2239/101 668/2240/668 408/2241/408
f 100/2242/100 668/2243/668 101/2244/101
f 100/2245/100 76/2246/76 668/2247/668
f 668/2248/668 625/2249/625 566/2250/566
f 668/2251/668 566/2252/566 388/2253/388
f 668/2254/668 388/2255/388 408/2256/408
f 624/2257/624 669/2258/669 567/2259/567
f 567/2260/567 669/2261/669 387/2262/387
f 409/2263/409 387/2264/387 669/2265/669
f 258/2266/258 669/2267/669 624/2268/624
f 669/2269/669 594/2270/594 237/2271/237
f 669/2272/669 258/2273/258 594/2274/594
f 669/2275/669 238/2276/238 409/2277/409
f 237/2278/237 238/2279/238 669/2280/669
f 670/2281/670 417/2282/417 514/2283/514
f 671/2284/671 513/2285/513 418/2286/418
f 672/2287/672 662/2288/662 370/2289/370
f 555/2290/555 662/2291/662 672/2292/672
f 672/2293/672 370/2294/370 532/2295/532
f 672/2296/672 532/2297/532 385/2298/385
f 629/2299/629 672/2300/672 385/2301/385
f 589/2302/589 672/2303/672 629/2304/629
f 589/2305/589 555/2306/555 672/2307/672
f 673/2308/673 628/2309/628 386/2310/386
f 590/2311/590 628/2312/628 673/2313/673
f 556/2314/556 590/2315/590 673/2316/673
f 663/2317/663 673/2318/673 371/2319/371
f 663/2320/663 556/2321/556 673/2322/673
f 673/2323/673 531/2324/531 371/2325/371
f 386/2326/386 531/2327/531 673/2328/673
f 674/2329/674 432/2330/432 576/2331/576
f 432/2332/432 674/2333/674 524/2334/524
f 508/2335/508 524/2336/524 674/2337/674
f 675/2338/675 577/2339/577 431/2340/431
f 523/2341/523 507/2342/507 675/2343/675
f 675/2344/675 431/2345/431 523/2346/523
f 676/2347/676 404/2348/404 495/2349/495
f 497/2350/497 676/2351/676 495/2352/495
f 518/2353/518 676/2354/676 497/2355/497
f 518/2356/518 343/2357/343 676/2358/676
f 676/2359/676 89/2360/89 404/2361/404
f 677/2362/677 517/2363/517 496/2364/496
f 405/2365/405 677/2366/677 494/2367/494
f 677/2368/677 496/2369/496 494/2370/494
f 344/2371/344 517/2372/517 677/2373/677
f 227/2374/227 677/2375/677 405/2376/405
f 566/2377/566 678/2378/678 368/2379/368
f 678/2380/678 566/2381/566 415/2382/415
f 53/2383/53 368/2384/368 678/2385/678
f 679/2386/679 567/2387/567 369/2388/369
f 416/2389/416 567/2390/567 679/2391/679
f 679/2392/679 369/2393/369 278/2394/278
f 109/2395/109 108/2396/108 680/2397/680
f 681/2398/681 568/2399/568 495/2400/495
f 682/2401/682 569/2402/569 384/2403/384
f 569/2404/569 682/2405/682 494/2406/494
f 683/2407/683 452/2408/452 346/2409/346
f 56/2410/56 683/2411/683 55/2412/55
f 561/2413/561 55/2414/55 683/2415/683
f 34/2416/34 683/2417/683 346/2418/346
f 347/2419/347 453/2420/453 684/2421/684
f 562/2422/562 684/2423/684 260/2424/260
f 347/2425/347 684/2426/684 272/2427/272
f 540/2428/540 685/2429/685 403/2430/403
f 685/2431/685 330/2432/330 403/2433/403
f 57/2434/57 685/2435/685 56/2436/56
f 56/2437/56 685/2438/685 683/2439/683
f 683/2440/683 685/2441/685 452/2442/452
f 685/2443/685 540/2444/540 452/2445/452
f 402/2446/402 686/2447/686 541/2448/541
f 402/2449/402 329/2450/329 686/2451/686
f 262/2452/262 261/2453/261 686/2454/686
f 686/2455/686 329/2456/329 262/2457/262
f 686/2458/686 260/2459/260 684/2460/684
f 684/2461/684 453/2462/453 686/2463/686
f 686/2464/686 453/2465/453 541/2466/541
f 686/2467/686 261/2468/261 260/2469/260
f 687/2470/687 629/2471/629 333/2472/333
f 687/2473/687 589/2474/589 629/2475/629
f 40/2476/40 589/2477/589 687/2478/687
f 42/2479/42 40/2480/40 687/2481/687
f 687/2482/687 544/2483/544 42/2484/42
f 544/2485/544 687/2486/687 20/2487/20
f 333/2488/333 15/2489/15 687/2490/687
f 20/2491/20 687/2492/687 15/2493/15
f 628/2494/628 688/2495/688 334/2496/334
f 590/2497/590 688/2498/688 628/2499/628
f 590/2500/590 286/2501/286 688/2502/688
f 688/2503/688 286/2504/286 288/2505/288
f 688/2506/688 545/2507/545 304/2508/304
f 688/2509/688 288/2510/288 545/2511/545
f 299/2512/299 334/2513/334 688/2514/688
f 688/2515/688 304/2516/304 299/2517/299
f 112/2518/112 689/2519/689 559/2520/559
f 559/2521/559 689/2522/689 65/2523/65
f 111/2524/111 373/2525/373 689/2526/689
f 111/2527/111 689/2528/689 112/2529/112
f 269/2530/269 690/2531/690 560/2532/560
f 690/2533/690 249/2534/249 560/2535/560
f 269/2536/269 268/2537/268 690/2538/690
f 690/2539/690 374/2540/374 247/2541/247
f 248/2542/248 249/2543/249 690/2544/690
f 690/2545/690 247/2546/247 248/2547/248
f 16/2548/16 15/2549/15 693/2550/693
f 16/2551/16 693/2552/693 17/2553/17
f 693/2554/693 15/2555/15 333/2556/333
f 572/2557/572 693/2558/693 426/2559/426
f 426/2560/426 693/2561/693 39/2562/39
f 333/2563/333 39/2564/39 693/2565/693
f 694/2566/694 464/2567/464 285/2568/285
f 694/2569/694 427/2570/427 464/2571/464
f 694/2572/694 285/2573/285 334/2574/334
f 300/2575/300 694/2576/694 299/2577/299
f 694/2578/694 300/2579/300 301/2580/301
f 299/2581/299 694/2582/694 334/2583/334
f 444/2584/444 89/2585/89 695/2586/695
f 695/2587/695 350/2588/350 444/2589/444
f 159/2590/159 350/2591/350 695/2592/695
f 696/2593/696 445/2594/445 159/2595/159
f 445/2596/445 696/2597/696 227/2598/227
f 153/2599/153 378/2600/378 699/2601/699
f 120/2602/120 153/2603/153 699/2604/699
f 157/2605/157 512/2606/512 699/2607/699
f 699/2608/699 512/2609/512 87/2610/87
f 331/2611/331 699/2612/699 87/2613/87
f 157/2614/157 699/2615/699 378/2616/378
f 700/2617/700 359/2618/359 511/2619/511
f 700/2620/700 511/2621/511 157/2622/157
f 332/2623/332 225/2624/225 700/2625/700
f 225/2626/225 359/2627/359 700/2628/700
f 700/2629/700 157/2630/157 378/2631/378
f 153/2632/153 700/2633/700 378/2634/378
f 190/2635/190 332/2636/332 700/2637/700
f 190/2638/190 700/2639/700 152/2640/152
f 152/2641/152 700/2642/700 153/2643/153
f 670/2644/670 701/2645/701 488/2646/488
f 488/2647/488 701/2648/701 548/2649/548
f 701/2650/701 166/2651/166 548/2652/548
f 701/2653/701 168/2654/168 166/2655/166
f 554/2656/554 702/2657/702 168/2658/168
f 168/2659/168 702/2660/702 549/2661/549
f 17/2662/17 693/2663/693 703/2664/703
f 614/2665/614 12/2666/12 703/2667/703
f 17/2668/17 703/2669/703 18/2670/18
f 18/2671/18 703/2672/703 12/2673/12
f 572/2674/572 703/2675/703 693/2676/693
f 614/2677/614 703/2678/703 572/2679/572
f 704/2680/704 427/2681/427 694/2682/694
f 296/2683/296 613/2684/613 704/2685/704
f 613/2686/613 573/2687/573 704/2688/704
f 704/2689/704 573/2690/573 427/2691/427
f 694/2692/694 301/2693/301 704/2694/704
f 704/2695/704 301/2696/301 302/2697/302
f 704/2698/704 302/2699/302 296/2700/296
f 230/2701/230 705/2702/705 328/2703/328
f 230/2704/230 228/2705/228 705/2706/705
f 705/2707/705 228/2708/228 226/2709/226
f 705/2710/705 226/2711/226 195/2712/195
f 705/2713/705 195/2714/195 158/2715/158
f 162/2716/162 328/2717/328 705/2718/705
f 189/2719/189 706/2720/706 151/2721/151
f 189/2722/189 220/2723/220 706/2724/706
f 553/2725/553 250/2726/250 706/2727/706
f 553/2728/553 706/2729/706 220/2730/220
f 119/2731/119 707/2732/707 82/2733/82
f 707/2734/707 155/2735/155 123/2736/123
f 707/2737/707 123/2738/123 83/2739/83
f 707/2740/707 68/2741/68 552/2742/552
f 707/2743/707 552/2744/552 82/2745/82
f 707/2746/707 83/2747/83 68/2748/68
f 546/2749/546 708/2750/708 36/2751/36
f 413/2752/413 540/2753/540 708/2754/708
f 708/2755/708 540/2756/540 403/2757/403
f 424/2758/424 708/2759/708 403/2760/403
f 424/2761/424 36/2762/36 708/2763/708
f 11/2764/11 708/2765/708 546/2766/546
f 10/2767/10 708/2768/708 11/2769/11
f 709/2770/709 295/2771/295 547/2772/547
f 709/2773/709 294/2774/294 295/2775/295
f 282/2776/282 709/2777/709 547/2778/547
f 414/2779/414 709/2780/709 541/2781/541
f 541/2782/541 709/2783/709 402/2784/402
f 282/2785/282 402/2786/402 709/2787/709
f 674/2788/674 710/2789/710 508/2790/508
f 581/2791/581 710/2792/710 641/2793/641
f 614/2794/614 508/2795/508 710/2796/710
f 711/2797/711 582/2798/582 640/2799/640
f 711/2800/711 675/2801/675 507/2802/507
f 507/2803/507 613/2804/613 711/2805/711
f 702/2806/702 489/2807/489 712/2808/712
f 702/2809/702 712/2810/712 549/2811/549
f 488/2812/488 548/2813/548 713/2814/713
f 500/2815/500 264/2816/264 714/2817/714
f 430/2818/430 714/2819/714 264/2820/264
f 96/2821/96 715/2822/715 585/2823/585
f 565/2824/565 61/2825/61 715/2826/715
f 716/2827/716 322/2828/322 571/2829/571
f 716/2830/716 321/2831/321 322/2832/322
f 5/2833/5 717/2834/717 570/2835/570
f 4/2836/4 717/2837/717 5/2838/5
f 636/2839/636 596/2840/596 718/2841/718
f 595/2842/595 637/2843/637 719/2844/719
f 663/2845/663 352/2846/352 720/2847/720
f 259/2848/259 626/2849/626 720/2850/720
f 720/2851/720 352/2852/352 455/2853/455
f 720/2854/720 455/2855/455 259/2856/259
f 720/2857/720 556/2858/556 663/2859/663
f 626/2860/626 271/2861/271 720/2862/720
f 720/2863/720 271/2864/271 556/2865/556
f 555/2866/555 721/2867/721 662/2868/662
f 59/2869/59 627/2870/627 721/2871/721
f 59/2872/59 721/2873/721 555/2874/555
f 400/2875/400 662/2876/662 721/2877/721
f 627/2878/627 67/2879/67 721/2880/721
f 351/2881/351 721/2882/721 67/2883/67
f 400/2884/400 721/2885/721 351/2886/351
f 722/2887/722 603/2888/603 243/2889/243
f 722/2890/722 243/2891/243 244/2892/244
f 603/2893/603 722/2894/722 480/2895/480
f 722/2896/722 534/2897/534 480/2898/480
f 604/2899/604 481/2900/481 723/2901/723
f 723/2902/723 481/2903/481 535/2904/535
f 107/2905/107 604/2906/604 723/2907/723
f 724/2908/724 418/2909/418 654/2910/654
f 724/2911/724 654/2912/654 630/2913/630
f 630/2914/630 279/2915/279 724/2916/724
f 692/2917/692 724/2918/724 279/2919/279
f 509/2920/509 724/2921/724 692/2922/692
f 725/2923/725 655/2924/655 417/2925/417
f 631/2926/631 655/2927/655 725/2928/725
f 631/2929/631 725/2930/725 54/2931/54
f 691/2932/691 54/2933/54 725/2934/725
f 725/2935/725 510/2936/510 691/2937/691
f 564/2938/564 521/2939/521 726/2940/726
f 726/2941/726 412/2942/412 551/2943/551
f 563/2944/563 727/2945/727 522/2946/522
f 411/2947/411 727/2948/727 550/2949/550
f 598/2950/598 728/2951/728 284/2952/284
f 728/2953/728 543/2954/543 504/2955/504
f 728/2956/728 504/2957/504 274/2958/274
f 284/2959/284 728/2960/728 391/2961/391
f 274/2962/274 391/2963/391 728/2964/728
f 597/2965/597 38/2966/38 729/2967/729
f 49/2968/49 542/2969/542 729/2970/729
f 49/2971/49 729/2972/729 392/2973/392
f 392/2974/392 729/2975/729 38/2976/38
f 119/2977/119 730/2978/730 707/2979/707
f 151/2980/151 706/2981/706 730/2982/730
f 151/2983/151 730/2984/730 119/2985/119
f 730/2986/730 155/2987/155 707/2988/707
f 706/2989/706 193/2990/193 730/2991/730
f 730/2992/730 193/2993/193 155/2994/155
f 500/2995/500 714/2996/714 731/2997/731
f 278/2998/278 500/2999/500 731/3000/731
f 586/3001/586 731/3002/731 714/3003/714
f 732/3004/732 715/3005/715 61/3006/61
f 732/3007/732 61/3008/61 501/3009/501
f 585/3010/585 715/3011/715 732/3012/732
f 585/3013/585 732/3014/732 612/3015/612
f 162/3016/162 705/3017/705 733/3018/733
f 158/3019/158 733/3020/733 705/3021/705
f 158/3022/158 126/3023/126 733/3024/733
f 733/3025/733 90/3026/90 92/3027/92
f 90/3028/90 733/3029/733 126/3030/126
f 109/3031/109 680/3032/680 734/3033/734
f 110/3034/110 109/3035/109 734/3036/734
f 110/3037/110 734/3038/734 373/3039/373
f 554/3040/554 735/3041/735 702/3042/702
f 735/3043/735 554/3044/554 201/3045/201
f 735/3046/735 489/3047/489 702/3048/702
f 735/3049/735 235/3050/235 671/3051/671
f 735/3052/735 671/3053/671 489/3054/489
f 201/3055/201 235/3056/235 735/3057/735
f 670/3058/670 736/3059/736 701/3060/701
f 736/3061/736 670/3062/670 97/3063/97
f 736/3064/736 97/3065/97 132/3066/132
f 736/3067/736 168/3068/168 701/3069/701
f 736/3070/736 554/3071/554 168/3072/168
f 736/3073/736 132/3074/132 554/3075/554
f 615/3076/615 737/3077/737 557/3078/557
f 558/3079/558 737/3080/737 615/3081/615
f 737/3082/737 201/3083/201 554/3084/554
f 307/3085/307 738/3086/738 607/3087/607
f 289/3088/289 607/3089/607 738/3090/738
f 312/3091/312 588/3092/588 738/3093/738
f 307/3094/307 312/3095/312 738/3096/738
f 738/3097/738 679/3098/679 289/3099/289
f 738/3100/738 416/3101/416 679/3102/679
f 588/3103/588 416/3104/416 738/3105/738
f 739/3106/739 23/3107/23 608/3108/608
f 43/3109/43 739/3110/739 608/3111/608
f 587/3112/587 28/3113/28 739/3114/739
f 28/3115/28 23/3116/23 739/3117/739
f 43/3118/43 678/3119/678 739/3120/739
f 739/3121/739 678/3122/678 415/3123/415
f 415/3124/415 587/3125/587 739/3126/739
f 350/3127/350 740/3128/740 122/3129/122
f 445/3130/445 740/3131/740 350/3132/350
f 445/3133/445 192/3134/192 740/3135/740
f 740/3136/740 187/3137/187 147/3138/147
f 741/3139/741 257/3140/257 624/3141/624
f 741/3142/741 255/3143/255 256/3144/256
f 256/3145/256 257/3146/257 741/3147/741
f 624/3148/624 483/3149/483 741/3150/741
f 477/3151/477 741/3152/741 483/3153/483
f 380/3154/380 741/3155/741 477/3156/477
f 742/3157/742 484/3158/484 625/3159/625
f 742/3160/742 476/3161/476 484/3162/484
f 75/3163/75 742/3164/742 625/3165/625
f 74/3166/74 742/3167/742 75/3168/75
f 743/3169/743 531/3170/531 469/3171/469
f 371/3172/371 531/3173/531 743/3174/743
f 519/3175/519 743/3176/743 609/3177/609
f 743/3178/743 599/3179/599 609/3180/609
f 743/3181/743 469/3182/469 599/3183/599
f 519/3184/519 371/3185/371 743/3186/743
f 610/3187/610 744/3188/744 520/3189/520
f 600/3190/600 744/3191/744 610/3192/610
f 600/3193/600 468/3194/468 744/3195/744
f 520/3196/520 744/3197/744 370/3198/370
f 744/3199/744 468/3200/468 532/3201/532
f 744/3202/744 532/3203/532 370/3204/370
f 711/3205/711 640/3206/640 745/3207/745
f 293/3208/293 745/3209/745 640/3210/640
f 745/3211/745 675/3212/675 711/3213/711
f 675/3214/675 745/3215/745 616/3216/616
f 293/3217/293 616/3218/616 745/3219/745
f 746/3220/746 710/3221/710 674/3222/674
f 746/3223/746 674/3224/674 617/3225/617
f 641/3226/641 710/3227/710 746/3228/746
f 641/3229/641 746/3230/746 9/3231/9
f 617/3232/617 9/3233/9 746/3234/746
f 747/3235/747 671/3236/671 235/3237/235
f 747/3238/747 513/3239/513 671/3240/671
f 747/3241/747 643/3242/643 513/3243/513
f 558/3244/558 643/3245/643 747/3246/747
f 737/3247/737 747/3248/747 201/3249/201
f 747/3250/747 737/3251/737 558/3252/558
f 201/3253/201 747/3254/747 235/3255/235
f 748/3256/748 737/3257/737 554/3258/554
f 748/3259/748 557/3260/557 737/3261/737
f 748/3262/748 554/3263/554 132/3264/132
f 132/3265/132 97/3266/97 748/3267/748
f 748/3268/748 97/3269/97 670/3270/670
f 670/3271/670 514/3272/514 748/3273/748
f 748/3274/748 514/3275/514 644/3276/644
f 748/3277/748 644/3278/644 557/3279/557
f 278/3280/278 731/3281/731 749/3282/749
f 679/3283/679 749/3284/749 289/3285/289
f 278/3286/278 749/3287/749 679/3288/679
f 607/3289/607 289/3290/289 749/3291/749
f 750/3292/750 732/3293/732 501/3294/501
f 43/3295/43 750/3296/750 678/3297/678
f 53/3298/53 678/3299/678 750/3300/750
f 750/3301/750 501/3302/501 53/3303/53
f 608/3304/608 750/3305/750 43/3306/43
f 224/3307/224 751/3308/751 649/3309/649
f 649/3310/649 751/3311/751 642/3312/642
f 224/3313/224 251/3314/251 751/3315/751
f 751/3316/751 190/3317/190 642/3318/642
f 751/3319/751 251/3320/251 622/3321/622
f 751/3322/751 622/3323/622 252/3324/252
f 751/3325/751 332/3326/332 190/3327/190
f 332/3328/332 751/3329/751 252/3330/252
f 86/3331/86 401/3332/401 752/3333/752
f 120/3334/120 699/3335/699 752/3336/752
f 752/3337/752 699/3338/699 331/3339/331
f 752/3340/752 623/3341/623 69/3342/69
f 752/3343/752 70/3344/70 623/3345/623
f 70/3346/70 752/3347/752 331/3348/331
f 401/3349/401 120/3350/120 752/3351/752
f 506/3352/506 753/3353/753 610/3354/610
f 610/3355/610 753/3356/753 600/3357/600
f 506/3358/506 599/3359/599 753/3360/753
f 753/3361/753 696/3362/696 159/3363/159
f 594/3364/594 491/3365/491 754/3366/754
f 594/3367/594 754/3368/754 182/3369/182
f 182/3370/182 754/3371/754 593/3372/593
f 593/3373/593 754/3374/754 490/3375/490
f 755/3376/755 682/3377/682 218/3378/218
f 755/3379/755 494/3380/494 682/3381/682
f 755/3382/755 405/3383/405 494/3384/494
f 192/3385/192 405/3386/405 755/3387/755
f 755/3388/755 187/3389/187 740/3390/740
f 755/3391/755 740/3392/740 192/3393/192
f 187/3394/187 755/3395/755 218/3396/218
f 740/3397/740 147/3398/147 756/3399/756
f 756/3400/756 122/3401/122 740/3402/740
f 117/3403/117 80/3404/80 756/3405/756
f 756/3406/756 147/3407/147 117/3408/117
f 756/3409/756 80/3410/80 681/3411/681
f 681/3412/681 495/3413/495 756/3414/756
f 756/3415/756 495/3416/495 404/3417/404
f 756/3418/756 404/3419/404 122/3420/122
f 292/3421/292 588/3422/588 757/3423/757
f 757/3424/757 380/3425/380 477/3426/477
f 757/3427/757 477/3428/477 292/3429/292
f 443/3430/443 380/3431/380 757/3432/757
f 317/3433/317 443/3434/443 757/3435/757
f 525/3436/525 757/3437/757 588/3438/588
f 758/3439/758 526/3440/526 587/3441/587
f 442/3442/442 33/3443/33 758/3444/758
f 587/3445/587 46/3446/46 758/3447/758
f 578/3448/578 442/3449/442 758/3450/758
f 578/3451/578 758/3452/758 379/3453/379
f 379/3454/379 758/3455/758 46/3456/46
f 636/3457/636 718/3458/718 759/3459/759
f 759/3460/759 361/3461/361 636/3462/636
f 759/3463/759 347/3464/347 272/3465/272
f 759/3466/759 272/3467/272 361/3468/361
f 34/3469/34 760/3470/760 637/3471/637
f 346/3472/346 760/3473/760 34/3474/34
f 719/3475/719 637/3476/637 760/3477/760
f 652/3478/652 761/3479/761 449/3480/449
f 652/3481/652 626/3482/626 761/3483/761
f 230/3484/230 449/3485/449 761/3486/761
f 228/3487/228 761/3488/761 226/3489/226
f 230/3490/230 761/3491/761 228/3492/228
f 761/3493/761 626/3494/626 407/3495/407
f 226/3496/226 761/3497/761 355/3498/355
f 407/3499/407 355/3500/355 761/3501/761
f 448/3502/448 762/3503/762 653/3504/653
f 653/3505/653 762/3506/762 627/3507/627
f 448/3508/448 90/3509/90 762/3510/762
f 90/3511/90 88/3512/88 762/3513/762
f 406/3514/406 627/3515/627 762/3516/762
f 356/3517/356 762/3518/762 88/3519/88
f 406/3520/406 762/3521/762 356/3522/356
f 675/3523/675 616/3524/616 763/3525/763
f 281/3526/281 763/3527/763 616/3528/616
f 281/3529/281 447/3530/447 763/3531/763
f 577/3532/577 675/3533/675 763/3534/763
f 763/3535/763 342/3536/342 577/3537/577
f 342/3538/342 763/3539/763 447/3540/447
f 764/3541/764 576/3542/576 341/3543/341
f 764/3544/764 341/3545/341 446/3546/446
f 674/3547/674 576/3548/576 764/3549/764
f 617/3550/617 674/3551/674 764/3552/764
f 617/3553/617 764/3554/764 35/3555/35
f 446/3556/446 35/3557/35 764/3558/764
f 765/3559/765 237/3560/237 594/3561/594
f 170/3562/170 203/3563/203 765/3564/765
f 238/3565/238 765/3566/765 203/3567/203
f 238/3568/238 237/3569/237 765/3570/765
f 182/3571/182 765/3572/765 594/3573/594
f 593/3574/593 457/3575/457 765/3576/765
f 182/3577/182 593/3578/593 765/3579/765
f 457/3580/457 170/3581/170 765/3582/765
f 45/3583/45 44/3584/44 766/3585/766
f 45/3586/45 766/3587/766 472/3588/472
f 24/3589/24 472/3590/472 766/3591/766
f 766/3592/766 544/3593/544 24/3594/24
f 308/3595/308 767/3596/767 473/3597/473
f 767/3598/767 290/3599/290 291/3600/291
f 767/3601/767 291/3602/291 473/3603/473
f 545/3604/545 767/3605/767 308/3606/308
f 768/3607/768 18/3608/18 354/3609/354
f 22/3610/22 17/3611/17 768/3612/768
f 768/3613/768 17/3614/17 18/3615/18
f 29/3616/29 26/3617/26 768/3618/768
f 26/3619/26 22/3620/22 768/3621/768
f 310/3622/310 313/3623/313 769/3624/769
f 306/3625/306 310/3626/310 769/3627/769
f 353/3628/353 302/3629/302 769/3630/769
f 301/3631/301 306/3632/306 769/3633/769
f 301/3634/301 769/3635/769 302/3636/302
f 770/3637/770 595/3638/595 719/3639/719
f 2/3640/2 595/3641/595 770/3642/770
f 7/3643/7 770/3644/770 3/3645/3
f 771/3646/771 324/3647/324 320/3648/320
f 596/3649/596 771/3650/771 718/3651/718
f 596/3652/596 319/3653/319 771/3654/771
f 719/3655/719 760/3656/760 772/3657/772
f 759/3658/759 718/3659/718 773/3660/773
f 29/3661/29 768/3662/768 774/3663/774
f 434/3664/434 29/3665/29 774/3666/774
f 774/3667/774 768/3668/768 664/3669/664
f 774/3670/774 664/3671/664 30/3672/30
f 769/3673/769 775/3674/775 665/3675/665
f 665/3676/665 775/3677/775 314/3678/314
f 775/3679/775 389/3680/389 314/3681/314
f 769/3682/769 313/3683/313 775/3684/775
f 732/3685/732 750/3686/750 776/3687/776
f 612/3688/612 732/3689/732 776/3690/776
f 731/3691/731 586/3692/586 777/3693/777
f 777/3694/777 586/3695/586 611/3696/611
f 543/3697/543 728/3698/728 777/3699/777
f 681/3700/681 778/3701/778 383/3702/383
f 778/3703/778 81/3704/81 383/3705/383
f 778/3706/778 118/3707/118 81/3708/81
f 778/3709/778 681/3710/681 80/3711/80
f 779/3712/779 553/3713/553 219/3714/219
f 384/3715/384 553/3716/553 779/3717/779
f 682/3718/682 384/3719/384 779/3720/779
f 779/3721/779 218/3722/218 682/3723/682
f 218/3724/218 779/3725/779 187/3726/187
f 780/3727/780 346/3728/346 452/3729/452
f 780/3730/780 452/3731/452 439/3732/439
f 780/3733/780 760/3734/760 346/3735/346
f 347/3736/347 781/3737/781 453/3738/453
f 781/3739/781 438/3740/438 453/3741/453
f 781/3742/781 347/3743/347 759/3744/759
f 396/3745/396 390/3746/390 782/3747/782
f 389/3748/389 395/3749/395 783/3750/783
f 314/3751/314 389/3752/389 783/3753/783
f 396/3754/396 782/3755/782 784/3756/784
f 783/3757/783 395/3758/395 785/3759/785
f 785/3760/785 395/3761/395 698/3762/698
f 786/3763/786 328/3764/328 162/3765/162
f 6/3766/6 641/3767/641 787/3768/787
f 787/3769/787 635/3770/635 6/3771/6
f 787/3772/787 641/3773/641 394/3774/394
f 787/3775/787 394/3776/394 1/3777/1
f 788/3778/788 393/3779/393 640/3780/640
f 393/3781/393 788/3782/788 318/3783/318
f 640/3784/640 323/3785/323 788/3786/788
f 788/3787/788 323/3788/323 634/3789/634
f 133/3790/133 98/3791/98 789/3792/789
f 167/3793/167 789/3794/789 131/3795/131
f 202/3796/202 169/3797/169 790/3798/790
f 234/3799/234 790/3800/790 200/3801/200
f 422/3802/422 791/3803/791 578/3804/578
f 793/3805/793 396/3806/396 697/3807/697
f 793/3808/793 390/3809/390 396/3810/396
f 793/3811/793 697/3812/697 327/3813/327
f 793/3814/793 327/3815/327 428/3816/428
f 698/3817/698 395/3818/395 794/3819/794
f 698/3820/698 794/3821/794 326/3822/326
f 389/3823/389 794/3824/794 395/3825/395
f 363/3826/363 794/3827/794 429/3828/429
f 326/3829/326 794/3830/794 363/3831/363
f 522/3832/522 727/3833/727 795/3834/795
f 549/3835/549 712/3836/712 796/3837/796
f 796/3838/796 726/3839/726 521/3840/521
f 713/3841/713 797/3842/797 795/3843/795
f 713/3844/713 548/3845/548 797/3846/797
f 549/3847/549 796/3848/796 798/3849/798
f 166/3850/166 549/3851/549 798/3852/798
f 784/3853/784 799/3854/799 791/3855/791
f 784/3856/784 782/3857/782 799/3858/799
f 800/3859/800 785/3860/785 792/3861/792
f 783/3862/783 785/3863/785 800/3864/800
f 780/3865/780 801/3866/801 760/3867/760
f 772/3868/772 760/3869/760 801/3870/801
f 439/3871/439 801/3872/801 780/3873/780
f 772/3874/772 801/3875/801 717/3876/717
f 802/3877/802 773/3878/773 716/3879/716
f 802/3880/802 781/3881/781 759/3882/759
f 759/3883/759 773/3884/773 802/3885/802
f 530/3886/530 32/3887/32 803/3888/803
f 803/3889/803 32/3890/32 31/3891/31
f 315/3892/315 529/3893/529 804/3894/804
f 390/3895/390 805/3896/805 782/3897/782
f 805/3898/805 30/3899/30 635/3900/635
f 390/3901/390 30/3902/30 805/3903/805
f 806/3904/806 783/3905/783 800/3906/800
f 314/3907/314 783/3908/783 806/3909/806
f 634/3910/634 314/3911/314 806/3912/806
f 790/3913/790 169/3914/169 807/3915/807
f 807/3916/807 133/3917/133 789/3918/789
f 169/3919/169 133/3920/133 807/3921/807
f 790/3922/790 807/3923/807 200/3924/200
f 807/3925/807 789/3926/789 167/3927/167
f 200/3928/200 807/3929/807 167/3930/167
f 808/3931/808 364/3932/364 327/3933/327
f 808/3934/808 327/3935/327 697/3936/697
f 808/3937/808 697/3938/697 680/3939/680
f 108/3940/108 808/3941/808 680/3942/680
f 698/3943/698 326/3944/326 809/3945/809
f 621/3946/621 426/3947/426 810/3948/810
f 810/3949/810 426/3950/426 465/3951/465
f 810/3952/810 465/3953/465 629/3954/629
f 810/3955/810 629/3956/629 385/3957/385
f 385/3958/385 532/3959/532 810/3960/810
f 573/3961/573 620/3962/620 811/3963/811
f 573/3964/573 811/3965/811 427/3966/427
f 386/3967/386 811/3968/811 531/3969/531
f 464/3970/464 811/3971/811 386/3972/386
f 427/3973/427 811/3974/811 464/3975/464
f 812/3976/812 396/3977/396 784/3978/784
f 680/3979/680 812/3980/812 734/3981/734
f 812/3982/812 697/3983/697 396/3984/396
f 680/3985/680 697/3986/697 812/3987/812
f 792/3988/792 785/3989/785 813/3990/813
f 785/3991/785 698/3992/698 813/3993/813
f 815/3994/815 786/3995/786 162/3996/162
f 92/3997/92 815/3998/815 733/3999/733
f 815/4000/815 162/4001/162 733/4002/733
f 797/4003/797 786/4004/786 815/4005/815
f 795/4006/795 797/4007/797 815/4008/815
f 786/4009/786 816/4010/816 328/4011/328
f 230/4012/230 328/4013/328 816/4014/816
f 816/4015/816 449/4016/449 230/4017/230
f 789/4018/789 98/4019/98 819/4020/819
f 819/4021/819 98/4022/98 565/4023/565
f 789/4024/789 819/4025/819 131/4026/131
f 819/4027/819 715/4028/715 96/4029/96
f 819/4030/819 565/4031/565 715/4032/715
f 131/4033/131 819/4034/819 96/4035/96
f 820/4036/820 202/4037/202 790/4038/790
f 430/4039/430 820/4040/820 714/4041/714
f 638/4042/638 202/4043/202 820/4044/820
f 820/4045/820 430/4046/430 638/4047/638
f 820/4048/820 790/4049/790 234/4050/234
f 714/4051/714 820/4052/820 586/4053/586
f 586/4054/586 820/4055/820 234/4056/234
f 108/4057/108 821/4058/821 808/4059/808
f 245/4060/245 822/4061/822 818/4062/818
f 793/4063/793 823/4064/823 390/4065/390
f 823/4066/823 774/4067/774 30/4068/30
f 823/4069/823 30/4070/30 390/4071/390
f 428/4072/428 823/4073/823 793/4074/793
f 434/4075/434 774/4076/774 823/4077/823
f 428/4078/428 434/4079/434 823/4080/823
f 824/4081/824 794/4082/794 389/4083/389
f 775/4084/775 824/4085/824 389/4086/389
f 824/4087/824 429/4088/429 794/4089/794
f 313/4090/313 824/4091/824 775/4092/775
f 433/4093/433 429/4094/429 824/4095/824
f 313/4096/313 433/4097/433 824/4098/824
f 776/4099/776 750/4100/750 825/4101/825
f 776/4102/776 825/4103/825 542/4104/542
f 542/4105/542 825/4106/825 729/4107/729
f 825/4108/825 597/4109/597 729/4110/729
f 777/4111/777 826/4112/826 731/4113/731
f 731/4114/731 826/4115/826 749/4116/749
f 777/4117/777 728/4118/728 826/4119/826
f 598/4120/598 826/4121/826 728/4122/728
f 827/4123/827 2/4124/2 770/4125/770
f 803/4126/803 827/4127/827 530/4128/530
f 827/4129/827 770/4130/770 7/4131/7
f 530/4132/530 827/4133/827 7/4134/7
f 828/4135/828 804/4136/804 529/4137/529
f 771/4138/771 828/4139/828 324/4140/324
f 828/4141/828 529/4142/529 324/4143/324
f 319/4144/319 828/4145/828 771/4146/771
f 782/4147/782 805/4148/805 829/4149/829
f 782/4150/782 829/4151/829 799/4152/799
f 803/4153/803 31/4154/31 829/4155/829
f 799/4156/799 829/4157/829 31/4158/31
f 315/4159/315 804/4160/804 830/4161/830
f 806/4162/806 800/4163/800 830/4164/830
f 831/4165/831 816/4166/816 786/4167/786
f 831/4168/831 798/4169/798 816/4170/816
f 797/4171/797 831/4172/831 786/4173/786
f 166/4174/166 798/4175/798 831/4176/831
f 548/4177/548 831/4178/831 797/4179/797
f 548/4180/548 166/4181/166 831/4182/831
f 439/4183/439 832/4184/832 801/4185/801
f 717/4186/717 801/4187/801 832/4188/832
f 717/4189/717 832/4190/832 570/4191/570
f 413/4192/413 832/4193/832 439/4194/439
f 10/4195/10 832/4196/832 708/4197/708
f 708/4198/708 832/4199/832 413/4200/413
f 570/4201/570 832/4202/832 10/4203/10
f 833/4204/833 294/4205/294 709/4206/709
f 709/4207/709 414/4208/414 833/4209/833
f 833/4210/833 571/4211/571 294/4212/294
f 833/4213/833 414/4214/414 438/4215/438
f 802/4216/802 716/4217/716 833/4218/833
f 833/4219/833 781/4220/781 802/4221/802
f 833/4222/833 438/4223/438 781/4224/781
f 833/4225/833 716/4226/716 571/4227/571
f 34/4228/34 834/4229/834 683/4230/683
f 561/4231/561 683/4232/683 834/4233/834
f 362/4234/362 834/4235/834 34/4236/34
f 362/4237/362 459/4238/459 834/4239/834
f 684/4240/684 835/4241/835 272/4242/272
f 835/4243/835 684/4244/684 562/4245/562
f 835/4246/835 361/4247/361 272/4248/272
f 458/4249/458 361/4250/361 835/4251/835
f 422/4252/422 836/4253/836 791/4254/791
f 65/4255/65 836/4256/836 422/4257/422
f 836/4258/836 812/4259/812 784/4260/784
f 836/4261/836 784/4262/784 791/4263/791
f 579/4264/579 792/4265/792 837/4266/837
f 579/4267/579 837/4268/837 423/4269/423
f 837/4270/837 269/4271/269 423/4272/423
f 837/4273/837 268/4274/268 269/4275/269
f 792/4276/792 813/4277/813 837/4278/837
f 838/4279/838 767/4280/767 545/4281/545
f 287/4282/287 838/4283/838 545/4284/545
f 838/4285/838 692/4286/692 767/4287/767
f 691/4288/691 839/4289/839 766/4290/766
f 766/4291/766 839/4292/839 544/4293/544
f 839/4294/839 41/4295/41 544/4296/544
f 411/4297/411 41/4298/41 839/4299/839
f 840/4300/840 458/4301/458 835/4302/835
f 840/4303/840 835/4304/835 562/4305/562
f 840/4306/840 562/4307/562 553/4308/553
f 384/4309/384 569/4310/569 840/4311/840
f 569/4312/569 342/4313/342 840/4314/840
f 384/4315/384 840/4316/840 553/4317/553
f 840/4318/840 342/4319/342 458/4320/458
f 834/4321/834 841/4322/841 561/4323/561
f 552/4324/552 561/4325/561 841/4326/841
f 841/4327/841 383/4328/383 552/4329/552
f 459/4330/459 841/4331/841 834/4332/834
f 841/4333/841 681/4334/681 383/4335/383
f 568/4336/568 681/4337/681 841/4338/841
f 459/4339/459 568/4340/568 841/4341/841
f 842/4342/842 177/4343/177 141/4344/141
f 818/4345/818 842/4346/842 814/4347/814
f 692/4348/692 838/4349/838 843/4350/843
f 509/4351/509 692/4352/692 843/4353/843
f 843/4354/843 838/4355/838 287/4356/287
f 843/4357/843 287/4358/287 412/4359/412
f 844/4360/844 839/4361/839 691/4362/691
f 691/4363/691 510/4364/510 844/4365/844
f 411/4366/411 839/4367/839 844/4368/844
f 845/4369/845 584/4370/584 543/4371/543
f 777/4372/777 611/4373/611 845/4374/845
f 777/4375/777 845/4376/845 543/4377/543
f 611/4378/611 233/4379/233 845/4380/845
f 846/4381/846 776/4382/776 542/4383/542
f 846/4384/846 542/4385/542 583/4386/583
f 94/4387/94 846/4388/846 583/4389/583
f 612/4390/612 776/4391/776 846/4392/846
f 847/4393/847 177/4394/177 842/4395/842
f 847/4396/847 210/4397/210 177/4398/177
f 818/4399/818 847/4400/847 842/4401/842
f 822/4402/822 847/4403/847 818/4404/818
f 842/4405/842 141/4406/141 848/4407/848
f 848/4408/848 141/4409/141 107/4410/107
f 814/4411/814 842/4412/842 848/4413/848
f 814/4414/814 848/4415/848 817/4416/817
f 469/4417/469 849/4418/849 599/4419/599
f 599/4420/599 849/4421/849 753/4422/753
f 849/4423/849 696/4424/696 753/4425/753
f 753/4426/753 159/4427/159 850/4428/850
f 600/4429/600 753/4430/753 850/4431/850
f 850/4432/850 159/4433/159 695/4434/695
f 850/4435/850 468/4436/468 600/4437/600
f 716/4438/716 773/4439/773 851/4440/851
f 851/4441/851 321/4442/321 716/4443/716
f 851/4444/851 320/4445/320 321/4446/321
f 851/4447/851 773/4448/773 718/4449/718
f 851/4450/851 771/4451/771 320/4452/320
f 718/4453/718 771/4454/771 851/4455/851
f 772/4456/772 852/4457/852 719/4458/719
f 770/4459/770 852/4460/852 3/4461/3
f 770/4462/770 719/4463/719 852/4464/852
f 717/4465/717 852/4466/852 772/4467/772
f 4/4468/4 852/4469/852 717/4470/717
f 3/4471/3 852/4472/852 4/4473/4
f 779/4474/779 219/4475/219 853/4476/853
f 853/4477/853 219/4478/219 188/4479/188
f 853/4480/853 188/4481/188 149/4482/149
f 148/4483/148 853/4484/853 149/4485/149
f 187/4486/187 779/4487/779 853/4488/853
f 187/4489/187 853/4490/853 147/4491/147
f 147/4492/147 853/4493/853 148/4494/148
f 854/4495/854 118/4496/118 778/4497/778
f 149/4498/149 150/4499/150 854/4500/854
f 854/4501/854 150/4502/150 118/4503/118
f 80/4504/80 854/4505/854 778/4506/778
f 148/4507/148 149/4508/149 854/4509/854
f 117/4510/117 148/4511/148 854/4512/854
f 117/4513/117 854/4514/854 80/4515/80
f 844/4516/844 855/4517/855 411/4518/411
f 795/4519/795 727/4520/727 855/4521/855
f 855/4522/855 727/4523/727 411/4524/411
f 510/4525/510 855/4526/855 844/4527/844
f 795/4528/795 855/4529/855 713/4530/713
f 856/4531/856 843/4532/843 412/4533/412
f 796/4534/796 856/4535/856 726/4536/726
f 712/4537/712 856/4538/856 796/4539/796
f 726/4540/726 856/4541/856 412/4542/412
f 856/4543/856 509/4544/509 843/4545/843
f 857/4546/857 181/4547/181 145/4548/145
f 491/4549/491 857/4550/857 754/4551/754
f 308/4552/308 858/4553/858 309/4554/309
f 308/4555/308 473/4556/473 858/4557/858
f 291/4558/291 858/4559/858 473/4560/473
f 858/4561/858 291/4562/291 580/4563/580
f 309/4564/309 858/4565/858 310/4566/310
f 310/4567/310 858/4568/858 313/4569/313
f 858/4570/858 433/4571/433 313/4572/313
f 433/4573/433 858/4574/858 382/4575/382
f 382/4576/382 858/4577/858 280/4578/280
f 858/4579/858 580/4580/580 280/4581/280
f 859/4582/859 24/4583/24 25/4584/25
f 472/4585/472 24/4586/24 859/4587/859
f 472/4588/472 859/4589/859 45/4590/45
f 859/4591/859 345/4592/345 45/4593/45
f 434/4594/434 381/4595/381 859/4596/859
f 859/4597/859 381/4598/381 47/4599/47
f 345/4600/345 859/4601/859 47/4602/47
f 859/4603/859 29/4604/29 434/4605/434
f 859/4606/859 25/4607/25 26/4608/26
f 859/4609/859 26/4610/26 29/4611/29
f 860/4612/860 210/4613/210 847/4614/847
f 860/4615/860 244/4616/244 210/4617/210
f 822/4618/822 860/4619/860 847/4620/847
f 809/4621/809 860/4622/860 822/4623/822
f 848/4624/848 107/4625/107 861/4626/861
f 861/4627/861 107/4628/107 723/4629/723
f 817/4630/817 848/4631/848 861/4632/861
f 817/4633/817 861/4634/861 821/4635/821
f 598/4636/598 862/4637/862 826/4638/826
f 295/4639/295 298/4640/298 862/4641/862
f 295/4642/295 862/4643/862 598/4644/598
f 862/4645/862 749/4646/749 826/4647/826
f 862/4648/862 607/4649/607 749/4650/749
f 298/4651/298 303/4652/303 862/4653/862
f 303/4654/303 607/4655/607 862/4656/862
f 863/4657/863 597/4658/597 825/4659/825
f 14/4660/14 11/4661/11 863/4662/863
f 863/4663/863 11/4664/11 597/4665/597
f 750/4666/750 863/4667/863 825/4668/825
f 608/4669/608 863/4670/863 750/4671/750
f 19/4672/19 14/4673/14 863/4674/863
f 608/4675/608 19/4676/19 863/4677/863
f 798/4678/798 864/4679/864 816/4680/816
f 798/4681/798 796/4682/796 864/4683/864
f 521/4684/521 864/4685/864 796/4686/796
f 816/4687/816 864/4688/864 449/4689/449
f 493/4690/493 864/4691/864 521/4692/521
f 493/4693/493 449/4694/449 864/4695/864
f 795/4696/795 815/4697/815 865/4698/865
f 522/4699/522 795/4700/795 865/4701/865
f 522/4702/522 865/4703/865 492/4704/492
f 865/4705/865 815/4706/815 92/4707/92
f 653/4708/653 865/4709/865 448/4710/448
f 492/4711/492 865/4712/865 653/4713/653
f 865/4714/865 92/4715/92 448/4716/448
f 809/4717/809 866/4718/866 860/4719/860
f 326/4720/326 866/4721/866 809/4722/809
f 326/4723/326 363/4724/363 866/4725/866
f 866/4726/866 244/4727/244 860/4728/860
f 866/4729/866 534/4730/534 722/4731/722
f 866/4732/866 722/4733/722 244/4734/244
f 363/4735/363 534/4736/534 866/4737/866
f 861/4738/861 723/4739/723 867/4740/867
f 867/4741/867 723/4742/723 535/4743/535
f 821/4744/821 861/4745/861 867/4746/867
f 821/4747/821 867/4748/867 808/4749/808
f 808/4750/808 867/4751/867 364/4752/364
f 867/4753/867 535/4754/535 364/4755/364
f 380/4756/380 868/4757/868 741/4758/741
f 741/4759/741 868/4760/868 255/4761/255
f 868/4762/868 659/4763/659 255/4764/255
f 579/4765/579 868/4766/868 380/4767/380
f 423/4768/423 269/4769/269 868/4770/868
f 868/4771/868 269/4772/269 560/4773/560
f 868/4774/868 560/4775/560 659/4776/659
f 423/4777/423 868/4778/868 579/4779/579
f 73/4780/73 658/4781/658 869/4782/869
f 658/4783/658 66/4784/66 869/4785/869
f 66/4786/66 422/4787/422 869/4788/869
f 422/4789/422 578/4790/578 869/4791/869
f 869/4792/869 578/4793/578 379/4794/379
f 74/4795/74 869/4796/869 742/4797/742
f 869/4798/869 476/4799/476 742/4800/742
f 74/4801/74 73/4802/73 869/4803/869
f 869/4804/869 379/4805/379 476/4806/476
f 870/4807/870 181/4808/181 857/4809/857
f 659/4810/659 214/4811/214 870/4812/870
f 601/4813/601 659/4814/659 870/4815/870
f 870/4816/870 214/4817/214 181/4818/181
f 491/4819/491 870/4820/870 857/4821/857
f 870/4822/870 491/4823/491 601/4824/601
f 857/4825/857 145/4826/145 871/4827/871
f 871/4828/871 559/4829/559 658/4830/658
f 871/4831/871 145/4832/145 559/4833/559
f 754/4834/754 857/4835/857 871/4836/871
f 754/4837/754 871/4838/871 490/4839/490
f 871/4840/871 658/4841/658 602/4842/602
f 871/4843/871 602/4844/602 490/4845/490
f 872/4846/872 418/4847/418 724/4848/724
f 872/4849/872 489/4850/489 671/4851/671
f 671/4852/671 418/4853/418 872/4854/872
f 872/4855/872 856/4856/856 712/4857/712
f 509/4858/509 856/4859/856 872/4860/872
f 509/4861/509 872/4862/872 724/4863/724
f 872/4864/872 712/4865/712 489/4866/489
f 725/4867/725 873/4868/873 510/4869/510
f 725/4870/725 417/4871/417 873/4872/873
f 873/4873/873 417/4874/417 670/4875/670
f 713/4876/713 855/4877/855 873/4878/873
f 510/4879/510 873/4880/873 855/4881/855
f 873/4882/873 488/4883/488 713/4884/713
f 873/4885/873 670/4886/670 488/4887/488
f 469/4888/469 874/4889/874 849/4890/849
f 620/4891/620 874/4892/874 811/4893/811
f 811/4894/811 874/4895/874 531/4896/531
f 874/4897/874 469/4898/469 531/4899/531
f 849/4900/849 874/4901/874 696/4902/696
f 344/4903/344 677/4904/677 874/4905/874
f 344/4906/344 874/4907/874 620/4908/620
f 850/4909/850 875/4910/875 468/4911/468
f 850/4912/850 695/4913/695 875/4914/875
f 875/4915/875 810/4916/810 532/4917/532
f 875/4918/875 532/4919/532 468/4920/468
f 875/4921/875 621/4922/621 810/4923/810
f 343/4924/343 621/4925/621 875/4926/875
f 676/4927/676 343/4928/343 875/4929/875
f 837/4930/837 876/4931/876 268/4932/268
f 813/4933/813 876/4934/876 837/4935/837
f 690/4936/690 876/4937/876 374/4938/374
f 690/4939/690 268/4940/268 876/4941/876
f 877/4942/877 812/4943/812 836/4944/836
f 734/4945/734 812/4946/812 877/4947/877
f 877/4948/877 373/4949/373 734/4950/734
f 877/4951/877 689/4952/689 373/4953/373
f 877/4954/877 836/4955/836 65/4956/65
f 877/4957/877 65/4958/65 689/4959/689
f 830/4960/830 804/4961/804 878/4962/878
f 830/4963/830 878/4964/878 806/4965/806
f 806/4966/806 878/4967/878 634/4968/634
f 788/4969/788 634/4970/634 878/4971/878
f 803/4972/803 829/4973/829 879/4974/879
f 879/4975/879 829/4976/829 805/4977/805
f 879/4978/879 805/4979/805 635/4980/635
f 635/4981/635 787/4982/787 879/4983/879
f 845/4984/845 233/4985/233 880/4986/880
f 233/4987/233 199/4988/199 880/4989/880
f 845/4990/845 880/4991/880 584/4992/584
f 584/4993/584 880/4994/880 232/4995/232
f 881/4996/881 612/4997/612 846/4998/846
f 95/4999/95 612/5000/612 881/5001/881
f 881/5002/881 846/5003/846 94/5004/94
f 129/5005/129 881/5006/881 94/5007/94
f 880/5008/880 199/5009/199 882/5010/882
f 199/5011/199 165/5012/165 882/5013/882
f 880/5014/880 882/5015/882 232/5016/232
f 232/5017/232 882/5018/882 198/5019/198
f 883/5020/883 95/5021/95 881/5022/881
f 130/5023/130 95/5024/95 883/5025/883
f 883/5026/883 881/5027/881 129/5028/129
f 164/5029/164 883/5030/883 129/5031/129
f 884/5032/884 130/5033/130 883/5034/883
f 882/5035/882 165/5036/165 884/5037/884
f 165/5038/165 130/5039/130 884/5040/884
f 884/5041/884 883/5042/883 164/5043/164
f 882/5044/882 884/5045/884 198/5046/198
f 198/5047/198 884/5048/884 164/5049/164
f 885/5050/885 814/5051/814 817/5052/817
f 211/5053/211 885/5054/885 178/5055/178
f 886/5056/886 878/5057/878 804/5058/804
f 319/5059/319 886/5060/886 828/5061/828
f 886/5062/886 804/5063/804 828/5064/828
f 318/5065/318 886/5066/886 319/5067/319
f 788/5068/788 878/5069/878 886/5070/886
f 788/5071/788 886/5072/886 318/5073/318
f 879/5074/879 787/5075/787 887/5076/887
f 887/5077/887 787/5078/787 1/5079/1
f 879/5080/879 887/5081/887 803/5082/803
f 887/5083/887 2/5084/2 827/5085/827
f 803/5086/803 887/5087/887 827/5088/827
f 887/5089/887 1/5090/1 2/5091/2
f 888/5092/888 814/5093/814 885/5094/885
f 245/5095/245 818/5096/818 888/5097/888
f 888/5098/888 818/5099/818 814/5100/814
f 246/5101/246 245/5102/245 888/5103/888
f 211/5104/211 888/5105/888 885/5106/885
f 247/5107/247 246/5108/246 888/5109/888
f 247/5110/247 888/5111/888 211/5112/211
f 885/5113/885 817/5114/817 889/5115/889
f 889/5116/889 821/5117/821 108/5118/108
f 889/5119/889 817/5120/817 821/5121/821
f 178/5122/178 885/5123/885 889/5124/889
f 178/5125/178 889/5126/889 142/5127/142
f 142/5128/142 889/5129/889 109/5130/109
f 889/5131/889 108/5132/108 109/5133/109
f 692/5134/692 279/5135/279 890/5136/890
f 890/5137/890 279/5138/279 630/5139/630
f 767/5140/767 890/5141/890 290/5142/290
f 767/5143/767 692/5144/692 890/5145/890
f 890/5146/890 479/5147/479 290/5148/290
f 890/5149/890 466/5150/466 479/5151/479
f 890/5152/890 451/5153/451 466/5154/466
f 630/5155/630 451/5156/451 890/5157/890
f 891/5158/891 766/5159/766 44/5160/44
f 766/5161/766 891/5162/891 691/5163/691
f 450/5164/450 891/5165/891 478/5166/478
f 891/5167/891 44/5168/44 478/5169/478
f 631/5170/631 891/5171/891 450/5172/450
f 891/5173/891 54/5174/54 691/5175/691
f 891/5176/891 631/5177/631 54/5178/54
f 892/5179/892 579/5180/579 443/5181/443
f 316/5182/316 892/5183/892 443/5184/443
f 315/5185/315 892/5186/892 316/5187/316
f 830/5188/830 892/5189/892 315/5190/315
f 830/5191/830 800/5192/800 892/5193/892
f 800/5194/800 792/5195/792 892/5196/892
f 892/5197/892 792/5198/792 579/5199/579
f 893/5200/893 442/5201/442 578/5202/578
f 893/5203/893 33/5204/33 442/5205/442
f 893/5206/893 32/5207/32 33/5208/33
f 799/5209/799 31/5210/31 893/5211/893
f 791/5212/791 799/5213/799 893/5214/893
f 791/5215/791 893/5216/893 578/5217/578
f 893/5218/893 31/5219/31 32/5220/32
f 894/5221/894 822/5222/822 245/5223/245
f 894/5224/894 809/5225/809 822/5226/822
f 809/5227/809 894/5228/894 698/5229/698
f 374/5230/374 876/5231/876 894/5232/894
f 813/5233/813 894/5234/894 876/5235/876
f 698/5236/698 894/5237/894 813/5238/813
f 374/5239/374 894/5240/894 246/5241/246
f 894/5242/894 245/5243/245 246/5244/246
f 353/5245/353 665/5246/665 582/5247/582
f 665/5248/665 353/5249/353 769/5250/769
f 354/5251/354 664/5252/664 768/5253/768
f 664/5254/664 354/5255/354 581/5256/581
f 250/5257/250 221/5258/221 706/5259/706
f 221/5260/221 250/5261/250 498/5262/498
f 221/5263/221 193/5264/193 706/5265/706
f 193/5266/193 221/5267/221 222/5268/222
f 874/5269/874 227/5270/227 696/5271/696
f 874/5272/874 677/5273/677 227/5274/227
f 89/5275/89 875/5276/875 695/5277/695
f 875/5278/875 89/5279/89 676/5280/676
f 57/5281/57 330/5282/330 685/5283/685
f 330/5284/330 57/5285/57 651/5286/651
f 99/5287/99 76/5288/76 593/5289/593
f 76/5290/76 99/5291/99 75/5292/75
f 460/5293/460 286/5294/286 590/5295/590
f 286/5296/286 460/5297/460 551/5298/551
f 461/5299/461 40/5300/40 550/5301/550
f 40/5302/40 461/5303/461 589/5304/589
f 726/5305/726 277/5306/277 564/5307/564
f 726/5308/726 551/5309/551 277/5310/277
f 727/5311/727 52/5312/52 550/5313/550
f 727/5314/727 563/5315/563 52/5316/52
f 186/5317/186 506/5318/506 533/5319/533
f 506/5320/506 186/5321/186 609/5322/609
f 297/5323/297 711/5324/711 613/5325/613
f 711/5326/711 297/5327/297 582/5328/582
f 13/5329/13 710/5330/710 581/5331/581
f 710/5332/710 13/5333/13 614/5334/614
f 69/5335/69 86/5336/86 752/5337/752
f 86/5338/86 69/5339/69 651/5340/651
f 317/5341/317 525/5342/525 529/5343/529
f 525/5344/525 317/5345/317 757/5346/757
f 33/5347/33 526/5348/526 758/5349/758
f 526/5350/526 33/5351/33 530/5352/530
